 ID,Date,Parameter/Paramètre,Value/Valeur,Qualifier/Qualificatif,Symbol/Symbole,Approval/Approbation,Grade/Classification,Qualifiers/Qualificatifs
05EA005,2026-07-28T00:00:00Z,46,1.208,,,Provisional/Provisoire,,
05EA005,2026-07-28T00:05:00Z,46,1.208,,,Provisional/Provisoire,,
05EA005,2026-07-28T00:10:00Z,46,1.208,,,Provisional/Provisoire,,
05EA005,2026-07-28T00:15:00Z,46,1.208,,,Provisional/Provisoire,,
05EA005,2026-07-28T00:20:00Z,46,1.208,,,Provisional/Provisoire,,
05EA005,2026-07-28T00:25:00Z,46,1.208,,,Provisional/Provisoire,,
05EA005,2026-07-28T00:30:00Z,46,1.208,,,Provisional/Provisoire,,
05EA005,2026-07-28T00:35:00Z,46,1.208,,,Provisional/Provisoire,,
05EA005,2026-07-28T00:40:00Z,46,1.208,,,Provisional/Provisoire,,
05EA005,2026-07-28T00:45:00Z,46,1.208,,,Provisional/Provisoire,,
05EA005,2026-07-28T00:50:00Z,46,1.208,,,Provisional/Provisoire,,
05EA005,2026-07-28T00:55:00Z,46,1.208,,,Provisional/Provisoire,,
05EA005,2026-07-28T01:00:00Z,46,1.208,,,Provisional/Provisoire,,
05EA005,2026-07-28T01:05:00Z,46,1.208,,,Provisional/Provisoire,,
05EA005,2026-07-28T01:10:00Z,46,1.208,,,Provisional/Provisoire,,
05EA005,2026-07-28T01:15:00Z,46,1.208,,,Provisional/Provisoire,,
05EA005,2026-07-28T01:20:00Z,46,1.208,,,Provisional/Provisoire,,
05EA005,2026-07-28T01:25:00Z,46,1.208,,,Provisional/Provisoire,,
05EA005,2026-07-28T01:30:00Z,46,1.208,,,Provisional/Provisoire,,
05EA005,2026-07-28T01:35:00Z,46,1.208,,,Provisional/Provisoire,,
05EA005,2026-07-28T01:40:00Z,46,1.208,,,Provisional/Provisoire,,
05EA005,2026-07-28T01:45:00Z,46,1.208,,,Provisional/Provisoire,,
05EA005,2026-07-28T01:50:00Z,46,1.208,,,Provisional/Provisoire,,
05EA005,2026-07-28T01:55:00Z,46,1.209,,,Provisional/Provisoire,,
05EA005,2026-07-28T02:00:00Z,46,1.209,,,Provisional/Provisoire,,
05EA005,2026-07-28T02:05:00Z,46,1.209,,,Provisional/Provisoire,,
05EA005,2026-07-28T02:10:00Z,46,1.210,,,Provisional/Provisoire,,
05EA005,2026-07-28T02:15:00Z,46,1.210,,,Provisional/Provisoire,,
05EA005,2026-07-28T02:20:00Z,46,1.210,,,Provisional/Provisoire,,
05EA005,2026-07-28T02:25:00Z,46,1.210,,,Provisional/Provisoire,,
05EA005,2026-07-28T02:30:00Z,46,1.211,,,Provisional/Provisoire,,
05EA005,2026-07-28T02:35:00Z,46,1.211,,,Provisional/Provisoire,,
05EA005,2026-07-28T02:40:00Z,46,1.211,,,Provisional/Provisoire,,
05EA005,2026-07-28T02:45:00Z,46,1.212,,,Provisional/Provisoire,,
05EA005,2026-07-28T02:50:00Z,46,1.212,,,Provisional/Provisoire,,
05EA005,2026-07-28T02:55:00Z,46,1.212,,,Provisional/Provisoire,,
05EA005,2026-07-28T03:00:00Z,46,1.213,,,Provisional/Provisoire,,
05EA005,2026-07-28T03:05:00Z,46,1.213,,,Provisional/Provisoire,,
05EA005,2026-07-28T03:10:00Z,46,1.213,,,Provisional/Provisoire,,
05EA005,2026-07-28T03:15:00Z,46,1.214,,,Provisional/Provisoire,,
05EA005,2026-07-28T03:20:00Z,46,1.214,,,Provisional/Provisoire,,
05EA005,2026-07-28T03:25:00Z,46,1.214,,,Provisional/Provisoire,,
05EA005,2026-07-28T03:30:00Z,46,1.215,,,Provisional/Provisoire,,
05EA005,2026-07-28T03:35:00Z,46,1.215,,,Provisional/Provisoire,,
05EA005,2026-07-28T03:40:00Z,46,1.215,,,Provisional/Provisoire,,
05EA005,2026-07-28T03:45:00Z,46,1.215,,,Provisional/Provisoire,,
05EA005,2026-07-28T03:50:00Z,46,1.216,,,Provisional/Provisoire,,
05EA005,2026-07-28T03:55:00Z,46,1.216,,,Provisional/Provisoire,,
05EA005,2026-07-28T04:00:00Z,46,1.216,,,Provisional/Provisoire,,
05EA005,2026-07-28T04:05:00Z,46,1.217,,,Provisional/Provisoire,,
05EA005,2026-07-28T04:10:00Z,46,1.217,,,Provisional/Provisoire,,
05EA005,2026-07-28T04:15:00Z,46,1.217,,,Provisional/Provisoire,,
05EA005,2026-07-28T04:20:00Z,46,1.217,,,Provisional/Provisoire,,
05EA005,2026-07-28T04:25:00Z,46,1.217,,,Provisional/Provisoire,,
05EA005,2026-07-28T04:30:00Z,46,1.218,,,Provisional/Provisoire,,
05EA005,2026-07-28T04:35:00Z,46,1.218,,,Provisional/Provisoire,,
05EA005,2026-07-28T04:40:00Z,46,1.218,,,Provisional/Provisoire,,
05EA005,2026-07-28T04:45:00Z,46,1.218,,,Provisional/Provisoire,,
05EA005,2026-07-28T04:50:00Z,46,1.219,,,Provisional/Provisoire,,
05EA005,2026-07-28T04:55:00Z,46,1.219,,,Provisional/Provisoire,,
05EA005,2026-07-28T05:00:00Z,46,1.219,,,Provisional/Provisoire,,
05EA005,2026-07-28T05:05:00Z,46,1.219,,,Provisional/Provisoire,,
05EA005,2026-07-28T05:10:00Z,46,1.219,,,Provisional/Provisoire,,
05EA005,2026-07-28T05:15:00Z,46,1.220,,,Provisional/Provisoire,,
05EA005,2026-07-28T05:20:00Z,46,1.220,,,Provisional/Provisoire,,
05EA005,2026-07-28T05:25:00Z,46,1.220,,,Provisional/Provisoire,,
05EA005,2026-07-28T05:30:00Z,46,1.220,,,Provisional/Provisoire,,
05EA005,2026-07-28T05:35:00Z,46,1.220,,,Provisional/Provisoire,,
05EA005,2026-07-28T05:40:00Z,46,1.220,,,Provisional/Provisoire,,
05EA005,2026-07-28T05:45:00Z,46,1.220,,,Provisional/Provisoire,,
05EA005,2026-07-28T05:50:00Z,46,1.220,,,Provisional/Provisoire,,
05EA005,2026-07-28T05:55:00Z,46,1.220,,,Provisional/Provisoire,,
05EA005,2026-07-28T06:00:00Z,46,1.220,,,Provisional/Provisoire,,
05EA005,2026-07-28T06:05:00Z,46,1.221,,,Provisional/Provisoire,,
05EA005,2026-07-28T06:10:00Z,46,1.221,,,Provisional/Provisoire,,
05EA005,2026-07-28T06:15:00Z,46,1.221,,,Provisional/Provisoire,,
05EA005,2026-07-28T06:20:00Z,46,1.221,,,Provisional/Provisoire,,
05EA005,2026-07-28T06:25:00Z,46,1.221,,,Provisional/Provisoire,,
05EA005,2026-07-28T06:30:00Z,46,1.222,,,Provisional/Provisoire,,
05EA005,2026-07-28T06:35:00Z,46,1.222,,,Provisional/Provisoire,,
05EA005,2026-07-28T06:40:00Z,46,1.222,,,Provisional/Provisoire,,
05EA005,2026-07-28T06:45:00Z,46,1.222,,,Provisional/Provisoire,,
05EA005,2026-07-28T06:50:00Z,46,1.222,,,Provisional/Provisoire,,
05EA005,2026-07-28T06:55:00Z,46,1.222,,,Provisional/Provisoire,,
05EA005,2026-07-28T07:00:00Z,46,1.222,,,Provisional/Provisoire,,
05EA005,2026-07-28T07:05:00Z,46,1.222,,,Provisional/Provisoire,,
05EA005,2026-07-28T07:10:00Z,46,1.222,,,Provisional/Provisoire,,
05EA005,2026-07-28T07:15:00Z,46,1.222,,,Provisional/Provisoire,,
05EA005,2026-07-28T07:20:00Z,46,1.222,,,Provisional/Provisoire,,
05EA005,2026-07-28T07:25:00Z,46,1.222,,,Provisional/Provisoire,,
05EA005,2026-07-28T07:30:00Z,46,1.222,,,Provisional/Provisoire,,
05EA005,2026-07-28T07:35:00Z,46,1.222,,,Provisional/Provisoire,,
05EA005,2026-07-28T07:40:00Z,46,1.222,,,Provisional/Provisoire,,
05EA005,2026-07-28T07:45:00Z,46,1.222,,,Provisional/Provisoire,,
05EA005,2026-07-28T07:50:00Z,46,1.222,,,Provisional/Provisoire,,
05EA005,2026-07-28T07:55:00Z,46,1.222,,,Provisional/Provisoire,,
05EA005,2026-07-28T08:00:00Z,46,1.222,,,Provisional/Provisoire,,
05EA005,2026-07-28T08:05:00Z,46,1.222,,,Provisional/Provisoire,,
05EA005,2026-07-28T08:10:00Z,46,1.222,,,Provisional/Provisoire,,
05EA005,2026-07-28T08:15:00Z,46,1.222,,,Provisional/Provisoire,,
05EA005,2026-07-28T08:20:00Z,46,1.222,,,Provisional/Provisoire,,
05EA005,2026-07-28T08:25:00Z,46,1.222,,,Provisional/Provisoire,,
05EA005,2026-07-28T08:30:00Z,46,1.222,,,Provisional/Provisoire,,
05EA005,2026-07-28T08:35:00Z,46,1.222,,,Provisional/Provisoire,,
05EA005,2026-07-28T08:40:00Z,46,1.222,,,Provisional/Provisoire,,
05EA005,2026-07-28T08:45:00Z,46,1.222,,,Provisional/Provisoire,,
05EA005,2026-07-28T08:50:00Z,46,1.222,,,Provisional/Provisoire,,
05EA005,2026-07-28T08:55:00Z,46,1.221,,,Provisional/Provisoire,,
05EA005,2026-07-28T09:00:00Z,46,1.221,,,Provisional/Provisoire,,
05EA005,2026-07-28T09:05:00Z,46,1.221,,,Provisional/Provisoire,,
05EA005,2026-07-28T09:10:00Z,46,1.221,,,Provisional/Provisoire,,
05EA005,2026-07-28T09:15:00Z,46,1.221,,,Provisional/Provisoire,,
05EA005,2026-07-28T09:20:00Z,46,1.221,,,Provisional/Provisoire,,
05EA005,2026-07-28T09:25:00Z,46,1.221,,,Provisional/Provisoire,,
05EA005,2026-07-28T09:30:00Z,46,1.221,,,Provisional/Provisoire,,
05EA005,2026-07-28T09:35:00Z,46,1.221,,,Provisional/Provisoire,,
05EA005,2026-07-28T09:40:00Z,46,1.221,,,Provisional/Provisoire,,
05EA005,2026-07-28T09:45:00Z,46,1.221,,,Provisional/Provisoire,,
05EA005,2026-07-28T09:50:00Z,46,1.221,,,Provisional/Provisoire,,
05EA005,2026-07-28T09:55:00Z,46,1.221,,,Provisional/Provisoire,,
05EA005,2026-07-28T10:00:00Z,46,1.220,,,Provisional/Provisoire,,
05EA005,2026-07-28T10:05:00Z,46,1.220,,,Provisional/Provisoire,,
05EA005,2026-07-28T10:10:00Z,46,1.220,,,Provisional/Provisoire,,
05EA005,2026-07-28T10:15:00Z,46,1.220,,,Provisional/Provisoire,,
05EA005,2026-07-28T10:20:00Z,46,1.220,,,Provisional/Provisoire,,
05EA005,2026-07-28T10:25:00Z,46,1.220,,,Provisional/Provisoire,,
05EA005,2026-07-28T10:30:00Z,46,1.220,,,Provisional/Provisoire,,
05EA005,2026-07-28T10:35:00Z,46,1.220,,,Provisional/Provisoire,,
05EA005,2026-07-28T10:40:00Z,46,1.220,,,Provisional/Provisoire,,
05EA005,2026-07-28T10:45:00Z,46,1.220,,,Provisional/Provisoire,,
05EA005,2026-07-28T10:50:00Z,46,1.220,,,Provisional/Provisoire,,
05EA005,2026-07-28T10:55:00Z,46,1.220,,,Provisional/Provisoire,,
05EA005,2026-07-28T11:00:00Z,46,1.220,,,Provisional/Provisoire,,
05EA005,2026-07-28T11:05:00Z,46,1.220,,,Provisional/Provisoire,,
05EA005,2026-07-28T11:10:00Z,46,1.220,,,Provisional/Provisoire,,
05EA005,2026-07-28T11:15:00Z,46,1.220,,,Provisional/Provisoire,,
05EA005,2026-07-28T11:20:00Z,46,1.220,,,Provisional/Provisoire,,
05EA005,2026-07-28T11:25:00Z,46,1.220,,,Provisional/Provisoire,,
05EA005,2026-07-28T11:30:00Z,46,1.220,,,Provisional/Provisoire,,
05EA005,2026-07-28T11:35:00Z,46,1.220,,,Provisional/Provisoire,,
05EA005,2026-07-28T11:40:00Z,46,1.220,,,Provisional/Provisoire,,
05EA005,2026-07-28T11:45:00Z,46,1.220,,,Provisional/Provisoire,,
05EA005,2026-07-28T11:50:00Z,46,1.220,,,Provisional/Provisoire,,
05EA005,2026-07-28T11:55:00Z,46,1.220,,,Provisional/Provisoire,,
05EA005,2026-07-28T12:00:00Z,46,1.220,,,Provisional/Provisoire,,
05EA005,2026-07-28T12:05:00Z,46,1.220,,,Provisional/Provisoire,,
05EA005,2026-07-28T12:10:00Z,46,1.220,,,Provisional/Provisoire,,
05EA005,2026-07-28T12:15:00Z,46,1.220,,,Provisional/Provisoire,,
05EA005,2026-07-28T12:20:00Z,46,1.219,,,Provisional/Provisoire,,
05EA005,2026-07-28T12:25:00Z,46,1.219,,,Provisional/Provisoire,,
05EA005,2026-07-28T12:30:00Z,46,1.219,,,Provisional/Provisoire,,
05EA005,2026-07-28T12:35:00Z,46,1.219,,,Provisional/Provisoire,,
05EA005,2026-07-28T12:40:00Z,46,1.219,,,Provisional/Provisoire,,
05EA005,2026-07-28T12:45:00Z,46,1.219,,,Provisional/Provisoire,,
05EA005,2026-07-28T12:50:00Z,46,1.219,,,Provisional/Provisoire,,
05EA005,2026-07-28T12:55:00Z,46,1.219,,,Provisional/Provisoire,,
05EA005,2026-07-28T13:00:00Z,46,1.219,,,Provisional/Provisoire,,
05EA005,2026-07-28T13:05:00Z,46,1.219,,,Provisional/Provisoire,,
05EA005,2026-07-28T13:10:00Z,46,1.219,,,Provisional/Provisoire,,
05EA005,2026-07-28T13:15:00Z,46,1.218,,,Provisional/Provisoire,,
05EA005,2026-07-28T13:20:00Z,46,1.218,,,Provisional/Provisoire,,
05EA005,2026-07-28T13:25:00Z,46,1.218,,,Provisional/Provisoire,,
05EA005,2026-07-28T13:30:00Z,46,1.218,,,Provisional/Provisoire,,
05EA005,2026-07-28T13:35:00Z,46,1.218,,,Provisional/Provisoire,,
05EA005,2026-07-28T13:40:00Z,46,1.218,,,Provisional/Provisoire,,
05EA005,2026-07-28T13:45:00Z,46,1.218,,,Provisional/Provisoire,,
05EA005,2026-07-28T13:50:00Z,46,1.218,,,Provisional/Provisoire,,
05EA005,2026-07-28T13:55:00Z,46,1.218,,,Provisional/Provisoire,,
05EA005,2026-07-28T14:00:00Z,46,1.218,,,Provisional/Provisoire,,
05EA005,2026-07-28T14:05:00Z,46,1.218,,,Provisional/Provisoire,,
05EA005,2026-07-28T14:10:00Z,46,1.218,,,Provisional/Provisoire,,
05EA005,2026-07-28T14:15:00Z,46,1.218,,,Provisional/Provisoire,,
05EA005,2026-07-28T14:20:00Z,46,1.218,,,Provisional/Provisoire,,
05EA005,2026-07-28T14:25:00Z,46,1.218,,,Provisional/Provisoire,,
05EA005,2026-07-28T14:30:00Z,46,1.218,,,Provisional/Provisoire,,
05EA005,2026-07-28T14:35:00Z,46,1.218,,,Provisional/Provisoire,,
05EA005,2026-07-28T14:40:00Z,46,1.218,,,Provisional/Provisoire,,
05EA005,2026-07-28T14:45:00Z,46,1.217,,,Provisional/Provisoire,,
05EA005,2026-07-28T14:50:00Z,46,1.217,,,Provisional/Provisoire,,
05EA005,2026-07-28T14:55:00Z,46,1.217,,,Provisional/Provisoire,,
05EA005,2026-07-28T15:00:00Z,46,1.217,,,Provisional/Provisoire,,
05EA005,2026-07-28T15:05:00Z,46,1.217,,,Provisional/Provisoire,,
05EA005,2026-07-28T15:10:00Z,46,1.217,,,Provisional/Provisoire,,
05EA005,2026-07-28T15:15:00Z,46,1.217,,,Provisional/Provisoire,,
05EA005,2026-07-28T15:20:00Z,46,1.217,,,Provisional/Provisoire,,
05EA005,2026-07-28T15:25:00Z,46,1.217,,,Provisional/Provisoire,,
05EA005,2026-07-28T15:30:00Z,46,1.216,,,Provisional/Provisoire,,
05EA005,2026-07-28T15:35:00Z,46,1.216,,,Provisional/Provisoire,,
05EA005,2026-07-28T15:40:00Z,46,1.216,,,Provisional/Provisoire,,
05EA005,2026-07-28T15:45:00Z,46,1.216,,,Provisional/Provisoire,,
05EA005,2026-07-28T15:50:00Z,46,1.216,,,Provisional/Provisoire,,
05EA005,2026-07-28T15:55:00Z,46,1.216,,,Provisional/Provisoire,,
05EA005,2026-07-28T16:00:00Z,46,1.216,,,Provisional/Provisoire,,
05EA005,2026-07-28T16:05:00Z,46,1.216,,,Provisional/Provisoire,,
05EA005,2026-07-28T16:10:00Z,46,1.215,,,Provisional/Provisoire,,
05EA005,2026-07-28T16:15:00Z,46,1.215,,,Provisional/Provisoire,,
05EA005,2026-07-28T16:20:00Z,46,1.215,,,Provisional/Provisoire,,
05EA005,2026-07-28T16:25:00Z,46,1.215,,,Provisional/Provisoire,,
05EA005,2026-07-28T16:30:00Z,46,1.215,,,Provisional/Provisoire,,
05EA005,2026-07-28T16:35:00Z,46,1.215,,,Provisional/Provisoire,,
05EA005,2026-07-28T16:40:00Z,46,1.214,,,Provisional/Provisoire,,
05EA005,2026-07-28T16:45:00Z,46,1.214,,,Provisional/Provisoire,,
05EA005,2026-07-28T16:50:00Z,46,1.214,,,Provisional/Provisoire,,
05EA005,2026-07-28T16:55:00Z,46,1.214,,,Provisional/Provisoire,,
05EA005,2026-07-28T17:00:00Z,46,1.214,,,Provisional/Provisoire,,
05EA005,2026-07-28T17:05:00Z,46,1.214,,,Provisional/Provisoire,,
05EA005,2026-07-28T17:10:00Z,46,1.213,,,Provisional/Provisoire,,
05EA005,2026-07-28T17:15:00Z,46,1.213,,,Provisional/Provisoire,,
05EA005,2026-07-28T17:20:00Z,46,1.213,,,Provisional/Provisoire,,
05EA005,2026-07-28T17:25:00Z,46,1.213,,,Provisional/Provisoire,,
05EA005,2026-07-28T17:30:00Z,46,1.213,,,Provisional/Provisoire,,
05EA005,2026-07-28T17:35:00Z,46,1.212,,,Provisional/Provisoire,,
05EA005,2026-07-28T17:40:00Z,46,1.212,,,Provisional/Provisoire,,
05EA005,2026-07-28T17:45:00Z,46,1.212,,,Provisional/Provisoire,,
05EA005,2026-07-28T17:50:00Z,46,1.212,,,Provisional/Provisoire,,
05EA005,2026-07-28T17:55:00Z,46,1.212,,,Provisional/Provisoire,,
05EA005,2026-07-28T18:00:00Z,46,1.211,,,Provisional/Provisoire,,
05EA005,2026-07-28T18:05:00Z,46,1.211,,,Provisional/Provisoire,,
05EA005,2026-07-28T18:10:00Z,46,1.211,,,Provisional/Provisoire,,
05EA005,2026-07-28T18:15:00Z,46,1.211,,,Provisional/Provisoire,,
05EA005,2026-07-28T18:20:00Z,46,1.211,,,Provisional/Provisoire,,
05EA005,2026-07-28T18:25:00Z,46,1.211,,,Provisional/Provisoire,,
05EA005,2026-07-28T18:30:00Z,46,1.210,,,Provisional/Provisoire,,
05EA005,2026-07-28T18:35:00Z,46,1.210,,,Provisional/Provisoire,,
05EA005,2026-07-28T18:40:00Z,46,1.210,,,Provisional/Provisoire,,
05EA005,2026-07-28T18:45:00Z,46,1.210,,,Provisional/Provisoire,,
05EA005,2026-07-28T18:50:00Z,46,1.209,,,Provisional/Provisoire,,
05EA005,2026-07-28T18:55:00Z,46,1.209,,,Provisional/Provisoire,,
05EA005,2026-07-28T19:00:00Z,46,1.209,,,Provisional/Provisoire,,
05EA005,2026-07-28T19:05:00Z,46,1.209,,,Provisional/Provisoire,,
05EA005,2026-07-28T19:10:00Z,46,1.209,,,Provisional/Provisoire,,
05EA005,2026-07-28T19:15:00Z,46,1.208,,,Provisional/Provisoire,,
05EA005,2026-07-28T19:20:00Z,46,1.208,,,Provisional/Provisoire,,
05EA005,2026-07-28T19:25:00Z,46,1.208,,,Provisional/Provisoire,,
05EA005,2026-07-28T19:30:00Z,46,1.208,,,Provisional/Provisoire,,
05EA005,2026-07-28T19:35:00Z,46,1.208,,,Provisional/Provisoire,,
05EA005,2026-07-28T19:40:00Z,46,1.207,,,Provisional/Provisoire,,
05EA005,2026-07-28T19:45:00Z,46,1.207,,,Provisional/Provisoire,,
05EA005,2026-07-28T19:50:00Z,46,1.207,,,Provisional/Provisoire,,
05EA005,2026-07-28T19:55:00Z,46,1.207,,,Provisional/Provisoire,,
05EA005,2026-07-28T20:00:00Z,46,1.207,,,Provisional/Provisoire,,
05EA005,2026-07-28T20:05:00Z,46,1.207,,,Provisional/Provisoire,,
05EA005,2026-07-28T20:10:00Z,46,1.206,,,Provisional/Provisoire,,
05EA005,2026-07-28T20:15:00Z,46,1.206,,,Provisional/Provisoire,,
05EA005,2026-07-28T20:20:00Z,46,1.206,,,Provisional/Provisoire,,
05EA005,2026-07-28T20:25:00Z,46,1.206,,,Provisional/Provisoire,,
05EA005,2026-07-28T20:30:00Z,46,1.206,,,Provisional/Provisoire,,
05EA005,2026-07-28T20:35:00Z,46,1.206,,,Provisional/Provisoire,,
05EA005,2026-07-28T20:40:00Z,46,1.205,,,Provisional/Provisoire,,
05EA005,2026-07-28T20:45:00Z,46,1.205,,,Provisional/Provisoire,,
05EA005,2026-07-28T20:50:00Z,46,1.205,,,Provisional/Provisoire,,
05EA005,2026-07-28T20:55:00Z,46,1.205,,,Provisional/Provisoire,,
05EA005,2026-07-28T21:00:00Z,46,1.205,,,Provisional/Provisoire,,
05EA005,2026-07-28T21:05:00Z,46,1.205,,,Provisional/Provisoire,,
05EA005,2026-07-28T21:10:00Z,46,1.205,,,Provisional/Provisoire,,
05EA005,2026-07-28T21:15:00Z,46,1.205,,,Provisional/Provisoire,,
05EA005,2026-07-28T21:20:00Z,46,1.205,,,Provisional/Provisoire,,
05EA005,2026-07-28T21:25:00Z,46,1.205,,,Provisional/Provisoire,,
05EA005,2026-07-28T21:30:00Z,46,1.205,,,Provisional/Provisoire,,
05EA005,2026-07-28T21:35:00Z,46,1.205,,,Provisional/Provisoire,,
05EA005,2026-07-28T21:40:00Z,46,1.204,,,Provisional/Provisoire,,
05EA005,2026-07-28T21:45:00Z,46,1.204,,,Provisional/Provisoire,,
05EA005,2026-07-28T21:50:00Z,46,1.204,,,Provisional/Provisoire,,
05EA005,2026-07-28T21:55:00Z,46,1.204,,,Provisional/Provisoire,,
05EA005,2026-07-28T22:00:00Z,46,1.204,,,Provisional/Provisoire,,
05EA005,2026-07-28T22:05:00Z,46,1.204,,,Provisional/Provisoire,,
05EA005,2026-07-28T22:10:00Z,46,1.204,,,Provisional/Provisoire,,
05EA005,2026-07-28T22:15:00Z,46,1.203,,,Provisional/Provisoire,,
05EA005,2026-07-28T22:20:00Z,46,1.203,,,Provisional/Provisoire,,
05EA005,2026-07-28T22:25:00Z,46,1.203,,,Provisional/Provisoire,,
05EA005,2026-07-28T22:30:00Z,46,1.203,,,Provisional/Provisoire,,
05EA005,2026-07-28T22:35:00Z,46,1.203,,,Provisional/Provisoire,,
05EA005,2026-07-28T22:40:00Z,46,1.203,,,Provisional/Provisoire,,
05EA005,2026-07-28T22:45:00Z,46,1.203,,,Provisional/Provisoire,,
05EA005,2026-07-28T22:50:00Z,46,1.202,,,Provisional/Provisoire,,
05EA005,2026-07-28T22:55:00Z,46,1.202,,,Provisional/Provisoire,,
05EA005,2026-07-28T23:00:00Z,46,1.202,,,Provisional/Provisoire,,
05EA005,2026-07-28T23:05:00Z,46,1.202,,,Provisional/Provisoire,,
05EA005,2026-07-28T23:10:00Z,46,1.202,,,Provisional/Provisoire,,
05EA005,2026-07-28T23:15:00Z,46,1.201,,,Provisional/Provisoire,,
05EA005,2026-07-28T23:20:00Z,46,1.201,,,Provisional/Provisoire,,
05EA005,2026-07-28T23:25:00Z,46,1.201,,,Provisional/Provisoire,,
05EA005,2026-07-28T23:30:00Z,46,1.201,,,Provisional/Provisoire,,
05EA005,2026-07-28T23:35:00Z,46,1.201,,,Provisional/Provisoire,,
05EA005,2026-07-28T23:40:00Z,46,1.201,,,Provisional/Provisoire,,
05EA005,2026-07-28T23:45:00Z,46,1.200,,,Provisional/Provisoire,,
05EA005,2026-07-28T23:50:00Z,46,1.200,,,Provisional/Provisoire,,
05EA005,2026-07-28T23:55:00Z,46,1.200,,,Provisional/Provisoire,,
05EA005,2026-07-29T00:00:00Z,46,1.200,,,Provisional/Provisoire,,
05EA005,2026-07-29T00:05:00Z,46,1.199,,,Provisional/Provisoire,,
05EA005,2026-07-29T00:10:00Z,46,1.199,,,Provisional/Provisoire,,
05EA005,2026-07-29T00:15:00Z,46,1.199,,,Provisional/Provisoire,,
05EA005,2026-07-29T00:20:00Z,46,1.199,,,Provisional/Provisoire,,
05EA005,2026-07-29T00:25:00Z,46,1.199,,,Provisional/Provisoire,,
05EA005,2026-07-29T00:30:00Z,46,1.198,,,Provisional/Provisoire,,
05EA005,2026-07-29T00:35:00Z,46,1.198,,,Provisional/Provisoire,,
05EA005,2026-07-29T00:40:00Z,46,1.198,,,Provisional/Provisoire,,
05EA005,2026-07-29T00:45:00Z,46,1.198,,,Provisional/Provisoire,,
05EA005,2026-07-29T00:50:00Z,46,1.198,,,Provisional/Provisoire,,
05EA005,2026-07-29T00:55:00Z,46,1.197,,,Provisional/Provisoire,,
05EA005,2026-07-29T01:00:00Z,46,1.197,,,Provisional/Provisoire,,
05EA005,2026-07-29T01:05:00Z,46,1.197,,,Provisional/Provisoire,,
05EA005,2026-07-29T01:10:00Z,46,1.197,,,Provisional/Provisoire,,
05EA005,2026-07-29T01:15:00Z,46,1.197,,,Provisional/Provisoire,,
05EA005,2026-07-29T01:20:00Z,46,1.197,,,Provisional/Provisoire,,
05EA005,2026-07-29T01:25:00Z,46,1.197,,,Provisional/Provisoire,,
05EA005,2026-07-29T01:30:00Z,46,1.196,,,Provisional/Provisoire,,
05EA005,2026-07-29T01:35:00Z,46,1.196,,,Provisional/Provisoire,,
05EA005,2026-07-29T01:40:00Z,46,1.196,,,Provisional/Provisoire,,
05EA005,2026-07-29T01:45:00Z,46,1.197,,,Provisional/Provisoire,,
05EA005,2026-07-29T01:50:00Z,46,1.200,,,Provisional/Provisoire,,
05EA005,2026-07-29T01:55:00Z,46,1.203,,,Provisional/Provisoire,,
05EA005,2026-07-29T02:00:00Z,46,1.205,,,Provisional/Provisoire,,
05EA005,2026-07-29T02:05:00Z,46,1.205,,,Provisional/Provisoire,,
05EA005,2026-07-29T02:10:00Z,46,1.205,,,Provisional/Provisoire,,
05EA005,2026-07-29T02:15:00Z,46,1.206,,,Provisional/Provisoire,,
05EA005,2026-07-29T02:20:00Z,46,1.206,,,Provisional/Provisoire,,
05EA005,2026-07-29T02:25:00Z,46,1.206,,,Provisional/Provisoire,,
05EA005,2026-07-29T02:30:00Z,46,1.207,,,Provisional/Provisoire,,
05EA005,2026-07-29T02:35:00Z,46,1.207,,,Provisional/Provisoire,,
05EA005,2026-07-29T02:40:00Z,46,1.207,,,Provisional/Provisoire,,
05EA005,2026-07-29T02:45:00Z,46,1.208,,,Provisional/Provisoire,,
05EA005,2026-07-29T02:50:00Z,46,1.208,,,Provisional/Provisoire,,
05EA005,2026-07-29T02:55:00Z,46,1.208,,,Provisional/Provisoire,,
05EA005,2026-07-29T03:00:00Z,46,1.208,,,Provisional/Provisoire,,
05EA005,2026-07-29T03:05:00Z,46,1.208,,,Provisional/Provisoire,,
05EA005,2026-07-29T03:10:00Z,46,1.209,,,Provisional/Provisoire,,
05EA005,2026-07-29T03:15:00Z,46,1.209,,,Provisional/Provisoire,,
05EA005,2026-07-29T03:20:00Z,46,1.209,,,Provisional/Provisoire,,
05EA005,2026-07-29T03:25:00Z,46,1.209,,,Provisional/Provisoire,,
05EA005,2026-07-29T03:30:00Z,46,1.209,,,Provisional/Provisoire,,
05EA005,2026-07-29T03:35:00Z,46,1.209,,,Provisional/Provisoire,,
05EA005,2026-07-29T03:40:00Z,46,1.209,,,Provisional/Provisoire,,
05EA005,2026-07-29T03:45:00Z,46,1.209,,,Provisional/Provisoire,,
05EA005,2026-07-29T03:50:00Z,46,1.209,,,Provisional/Provisoire,,
05EA005,2026-07-29T03:55:00Z,46,1.209,,,Provisional/Provisoire,,
05EA005,2026-07-29T04:00:00Z,46,1.209,,,Provisional/Provisoire,,
05EA005,2026-07-29T04:05:00Z,46,1.208,,,Provisional/Provisoire,,
05EA005,2026-07-29T04:10:00Z,46,1.208,,,Provisional/Provisoire,,
05EA005,2026-07-29T04:15:00Z,46,1.208,,,Provisional/Provisoire,,
05EA005,2026-07-29T04:20:00Z,46,1.208,,,Provisional/Provisoire,,
05EA005,2026-07-29T04:25:00Z,46,1.207,,,Provisional/Provisoire,,
05EA005,2026-07-29T04:30:00Z,46,1.207,,,Provisional/Provisoire,,
05EA005,2026-07-29T04:35:00Z,46,1.207,,,Provisional/Provisoire,,
05EA005,2026-07-29T04:40:00Z,46,1.207,,,Provisional/Provisoire,,
05EA005,2026-07-29T04:45:00Z,46,1.206,,,Provisional/Provisoire,,
05EA005,2026-07-29T04:50:00Z,46,1.206,,,Provisional/Provisoire,,
05EA005,2026-07-29T04:55:00Z,46,1.206,,,Provisional/Provisoire,,
05EA005,2026-07-29T05:00:00Z,46,1.206,,,Provisional/Provisoire,,
05EA005,2026-07-29T05:05:00Z,46,1.205,,,Provisional/Provisoire,,
05EA005,2026-07-29T05:10:00Z,46,1.205,,,Provisional/Provisoire,,
05EA005,2026-07-29T05:15:00Z,46,1.205,,,Provisional/Provisoire,,
05EA005,2026-07-29T05:20:00Z,46,1.205,,,Provisional/Provisoire,,
05EA005,2026-07-29T05:25:00Z,46,1.205,,,Provisional/Provisoire,,
05EA005,2026-07-29T05:30:00Z,46,1.205,,,Provisional/Provisoire,,
05EA005,2026-07-29T05:35:00Z,46,1.205,,,Provisional/Provisoire,,
05EA005,2026-07-29T05:40:00Z,46,1.205,,,Provisional/Provisoire,,
05EA005,2026-07-29T05:45:00Z,46,1.205,,,Provisional/Provisoire,,
05EA005,2026-07-29T05:50:00Z,46,1.205,,,Provisional/Provisoire,,
05EA005,2026-07-29T05:55:00Z,46,1.205,,,Provisional/Provisoire,,
05EA005,2026-07-29T06:00:00Z,46,1.205,,,Provisional/Provisoire,,
05EA005,2026-07-29T06:05:00Z,46,1.205,,,Provisional/Provisoire,,
05EA005,2026-07-29T06:10:00Z,46,1.205,,,Provisional/Provisoire,,
05EA005,2026-07-29T06:15:00Z,46,1.205,,,Provisional/Provisoire,,
05EA005,2026-07-29T06:20:00Z,46,1.205,,,Provisional/Provisoire,,
05EA005,2026-07-29T06:25:00Z,46,1.205,,,Provisional/Provisoire,,
05EA005,2026-07-29T06:30:00Z,46,1.205,,,Provisional/Provisoire,,
05EA005,2026-07-29T06:35:00Z,46,1.205,,,Provisional/Provisoire,,
05EA005,2026-07-29T06:40:00Z,46,1.206,,,Provisional/Provisoire,,
05EA005,2026-07-29T06:45:00Z,46,1.206,,,Provisional/Provisoire,,
05EA005,2026-07-29T06:50:00Z,46,1.206,,,Provisional/Provisoire,,
05EA005,2026-07-29T06:55:00Z,46,1.206,,,Provisional/Provisoire,,
05EA005,2026-07-29T07:00:00Z,46,1.207,,,Provisional/Provisoire,,
05EA005,2026-07-29T07:05:00Z,46,1.207,,,Provisional/Provisoire,,
05EA005,2026-07-29T07:10:00Z,46,1.207,,,Provisional/Provisoire,,
05EA005,2026-07-29T07:15:00Z,46,1.208,,,Provisional/Provisoire,,
05EA005,2026-07-29T07:20:00Z,46,1.208,,,Provisional/Provisoire,,
05EA005,2026-07-29T07:25:00Z,46,1.209,,,Provisional/Provisoire,,
05EA005,2026-07-29T07:30:00Z,46,1.209,,,Provisional/Provisoire,,
05EA005,2026-07-29T07:35:00Z,46,1.209,,,Provisional/Provisoire,,
05EA005,2026-07-29T07:40:00Z,46,1.210,,,Provisional/Provisoire,,
05EA005,2026-07-29T07:45:00Z,46,1.210,,,Provisional/Provisoire,,
05EA005,2026-07-29T07:50:00Z,46,1.210,,,Provisional/Provisoire,,
05EA005,2026-07-29T07:55:00Z,46,1.211,,,Provisional/Provisoire,,
05EA005,2026-07-29T08:00:00Z,46,1.211,,,Provisional/Provisoire,,
05EA005,2026-07-29T08:05:00Z,46,1.211,,,Provisional/Provisoire,,
05EA005,2026-07-29T08:10:00Z,46,1.212,,,Provisional/Provisoire,,
05EA005,2026-07-29T08:15:00Z,46,1.212,,,Provisional/Provisoire,,
05EA005,2026-07-29T08:20:00Z,46,1.212,,,Provisional/Provisoire,,
05EA005,2026-07-29T08:25:00Z,46,1.213,,,Provisional/Provisoire,,
05EA005,2026-07-29T08:30:00Z,46,1.213,,,Provisional/Provisoire,,
05EA005,2026-07-29T08:35:00Z,46,1.213,,,Provisional/Provisoire,,
05EA005,2026-07-29T08:40:00Z,46,1.213,,,Provisional/Provisoire,,
05EA005,2026-07-29T08:45:00Z,46,1.214,,,Provisional/Provisoire,,
05EA005,2026-07-29T08:50:00Z,46,1.214,,,Provisional/Provisoire,,
05EA005,2026-07-29T08:55:00Z,46,1.214,,,Provisional/Provisoire,,
05EA005,2026-07-29T09:00:00Z,46,1.215,,,Provisional/Provisoire,,
05EA005,2026-07-29T09:05:00Z,46,1.215,,,Provisional/Provisoire,,
05EA005,2026-07-29T09:10:00Z,46,1.215,,,Provisional/Provisoire,,
05EA005,2026-07-29T09:15:00Z,46,1.215,,,Provisional/Provisoire,,
05EA005,2026-07-29T09:20:00Z,46,1.215,,,Provisional/Provisoire,,
05EA005,2026-07-29T09:25:00Z,46,1.216,,,Provisional/Provisoire,,
05EA005,2026-07-29T09:30:00Z,46,1.216,,,Provisional/Provisoire,,
05EA005,2026-07-29T09:35:00Z,46,1.216,,,Provisional/Provisoire,,
05EA005,2026-07-29T09:40:00Z,46,1.216,,,Provisional/Provisoire,,
05EA005,2026-07-29T09:45:00Z,46,1.216,,,Provisional/Provisoire,,
05EA005,2026-07-29T09:50:00Z,46,1.216,,,Provisional/Provisoire,,
05EA005,2026-07-29T09:55:00Z,46,1.216,,,Provisional/Provisoire,,
05EA005,2026-07-29T10:00:00Z,46,1.216,,,Provisional/Provisoire,,
05EA005,2026-07-29T10:05:00Z,46,1.216,,,Provisional/Provisoire,,
05EA005,2026-07-29T10:10:00Z,46,1.216,,,Provisional/Provisoire,,
05EA005,2026-07-29T10:15:00Z,46,1.216,,,Provisional/Provisoire,,
05EA005,2026-07-29T10:20:00Z,46,1.216,,,Provisional/Provisoire,,
05EA005,2026-07-29T10:25:00Z,46,1.216,,,Provisional/Provisoire,,
05EA005,2026-07-29T10:30:00Z,46,1.216,,,Provisional/Provisoire,,
05EA005,2026-07-29T10:35:00Z,46,1.216,,,Provisional/Provisoire,,
05EA005,2026-07-29T10:40:00Z,46,1.216,,,Provisional/Provisoire,,
05EA005,2026-07-29T10:45:00Z,46,1.216,,,Provisional/Provisoire,,
05EA005,2026-07-29T10:50:00Z,46,1.216,,,Provisional/Provisoire,,
05EA005,2026-07-29T10:55:00Z,46,1.216,,,Provisional/Provisoire,,
05EA005,2026-07-29T11:00:00Z,46,1.216,,,Provisional/Provisoire,,
05EA005,2026-07-29T11:05:00Z,46,1.216,,,Provisional/Provisoire,,
05EA005,2026-07-29T11:10:00Z,46,1.215,,,Provisional/Provisoire,,
05EA005,2026-07-29T11:15:00Z,46,1.215,,,Provisional/Provisoire,,
05EA005,2026-07-29T11:20:00Z,46,1.215,,,Provisional/Provisoire,,
05EA005,2026-07-29T11:25:00Z,46,1.215,,,Provisional/Provisoire,,
05EA005,2026-07-29T11:30:00Z,46,1.215,,,Provisional/Provisoire,,
05EA005,2026-07-29T11:35:00Z,46,1.215,,,Provisional/Provisoire,,
05EA005,2026-07-29T11:40:00Z,46,1.215,,,Provisional/Provisoire,,
05EA005,2026-07-29T11:45:00Z,46,1.214,,,Provisional/Provisoire,,
05EA005,2026-07-29T11:50:00Z,46,1.214,,,Provisional/Provisoire,,
05EA005,2026-07-29T11:55:00Z,46,1.214,,,Provisional/Provisoire,,
05EA005,2026-07-29T12:00:00Z,46,1.214,,,Provisional/Provisoire,,
05EA005,2026-07-29T12:05:00Z,46,1.214,,,Provisional/Provisoire,,
05EA005,2026-07-29T12:10:00Z,46,1.213,,,Provisional/Provisoire,,
05EA005,2026-07-29T12:15:00Z,46,1.213,,,Provisional/Provisoire,,
05EA005,2026-07-29T12:20:00Z,46,1.213,,,Provisional/Provisoire,,
05EA005,2026-07-29T12:25:00Z,46,1.213,,,Provisional/Provisoire,,
05EA005,2026-07-29T12:30:00Z,46,1.212,,,Provisional/Provisoire,,
05EA005,2026-07-29T12:35:00Z,46,1.212,,,Provisional/Provisoire,,
05EA005,2026-07-29T12:40:00Z,46,1.212,,,Provisional/Provisoire,,
05EA005,2026-07-29T12:45:00Z,46,1.211,,,Provisional/Provisoire,,
05EA005,2026-07-29T12:50:00Z,46,1.211,,,Provisional/Provisoire,,
05EA005,2026-07-29T12:55:00Z,46,1.211,,,Provisional/Provisoire,,
05EA005,2026-07-29T13:00:00Z,46,1.211,,,Provisional/Provisoire,,
05EA005,2026-07-29T13:05:00Z,46,1.210,,,Provisional/Provisoire,,
05EA005,2026-07-29T13:10:00Z,46,1.210,,,Provisional/Provisoire,,
05EA005,2026-07-29T13:15:00Z,46,1.210,,,Provisional/Provisoire,,
05EA005,2026-07-29T13:20:00Z,46,1.210,,,Provisional/Provisoire,,
05EA005,2026-07-29T13:25:00Z,46,1.209,,,Provisional/Provisoire,,
05EA005,2026-07-29T13:30:00Z,46,1.209,,,Provisional/Provisoire,,
05EA005,2026-07-29T13:35:00Z,46,1.209,,,Provisional/Provisoire,,
05EA005,2026-07-29T13:40:00Z,46,1.208,,,Provisional/Provisoire,,
05EA005,2026-07-29T13:45:00Z,46,1.208,,,Provisional/Provisoire,,
05EA005,2026-07-29T13:50:00Z,46,1.208,,,Provisional/Provisoire,,
05EA005,2026-07-29T13:55:00Z,46,1.207,,,Provisional/Provisoire,,
05EA005,2026-07-29T14:00:00Z,46,1.207,,,Provisional/Provisoire,,
05EA005,2026-07-29T14:05:00Z,46,1.207,,,Provisional/Provisoire,,
05EA005,2026-07-29T14:10:00Z,46,1.206,,,Provisional/Provisoire,,
05EA005,2026-07-29T14:15:00Z,46,1.206,,,Provisional/Provisoire,,
05EA005,2026-07-29T14:20:00Z,46,1.206,,,Provisional/Provisoire,,
05EA005,2026-07-29T14:25:00Z,46,1.205,,,Provisional/Provisoire,,
05EA005,2026-07-29T14:30:00Z,46,1.205,,,Provisional/Provisoire,,
05EA005,2026-07-29T14:35:00Z,46,1.205,,,Provisional/Provisoire,,
05EA005,2026-07-29T14:40:00Z,46,1.205,,,Provisional/Provisoire,,
05EA005,2026-07-29T14:45:00Z,46,1.205,,,Provisional/Provisoire,,
05EA005,2026-07-29T14:50:00Z,46,1.205,,,Provisional/Provisoire,,
05EA005,2026-07-29T14:55:00Z,46,1.204,,,Provisional/Provisoire,,
05EA005,2026-07-29T15:00:00Z,46,1.204,,,Provisional/Provisoire,,
05EA005,2026-07-29T15:05:00Z,46,1.204,,,Provisional/Provisoire,,
05EA005,2026-07-29T15:10:00Z,46,1.203,,,Provisional/Provisoire,,
05EA005,2026-07-29T15:15:00Z,46,1.203,,,Provisional/Provisoire,,
05EA005,2026-07-29T15:20:00Z,46,1.203,,,Provisional/Provisoire,,
05EA005,2026-07-29T15:25:00Z,46,1.202,,,Provisional/Provisoire,,
05EA005,2026-07-29T15:30:00Z,46,1.202,,,Provisional/Provisoire,,
05EA005,2026-07-29T15:35:00Z,46,1.202,,,Provisional/Provisoire,,
05EA005,2026-07-29T15:40:00Z,46,1.201,,,Provisional/Provisoire,,
05EA005,2026-07-29T15:45:00Z,46,1.201,,,Provisional/Provisoire,,
05EA005,2026-07-29T15:50:00Z,46,1.200,,,Provisional/Provisoire,,
05EA005,2026-07-29T15:55:00Z,46,1.200,,,Provisional/Provisoire,,
05EA005,2026-07-29T16:00:00Z,46,1.200,,,Provisional/Provisoire,,
05EA005,2026-07-29T16:05:00Z,46,1.199,,,Provisional/Provisoire,,
05EA005,2026-07-29T16:10:00Z,46,1.199,,,Provisional/Provisoire,,
05EA005,2026-07-29T16:15:00Z,46,1.199,,,Provisional/Provisoire,,
05EA005,2026-07-29T16:20:00Z,46,1.198,,,Provisional/Provisoire,,
05EA005,2026-07-29T16:25:00Z,46,1.198,,,Provisional/Provisoire,,
05EA005,2026-07-29T16:30:00Z,46,1.198,,,Provisional/Provisoire,,
05EA005,2026-07-29T16:35:00Z,46,1.197,,,Provisional/Provisoire,,
05EA005,2026-07-29T16:40:00Z,46,1.197,,,Provisional/Provisoire,,
05EA005,2026-07-29T16:45:00Z,46,1.196,,,Provisional/Provisoire,,
05EA005,2026-07-29T16:50:00Z,46,1.196,,,Provisional/Provisoire,,
05EA005,2026-07-29T16:55:00Z,46,1.196,,,Provisional/Provisoire,,
05EA005,2026-07-29T17:00:00Z,46,1.195,,,Provisional/Provisoire,,
05EA005,2026-07-29T17:05:00Z,46,1.195,,,Provisional/Provisoire,,
05EA005,2026-07-29T17:10:00Z,46,1.195,,,Provisional/Provisoire,,
05EA005,2026-07-29T17:15:00Z,46,1.194,,,Provisional/Provisoire,,
05EA005,2026-07-29T17:20:00Z,46,1.194,,,Provisional/Provisoire,,
05EA005,2026-07-29T17:25:00Z,46,1.194,,,Provisional/Provisoire,,
05EA005,2026-07-29T17:30:00Z,46,1.193,,,Provisional/Provisoire,,
05EA005,2026-07-29T17:35:00Z,46,1.193,,,Provisional/Provisoire,,
05EA005,2026-07-29T17:40:00Z,46,1.192,,,Provisional/Provisoire,,
05EA005,2026-07-29T17:45:00Z,46,1.192,,,Provisional/Provisoire,,
05EA005,2026-07-29T17:50:00Z,46,1.192,,,Provisional/Provisoire,,
05EA005,2026-07-29T17:55:00Z,46,1.191,,,Provisional/Provisoire,,
05EA005,2026-07-29T18:00:00Z,46,1.191,,,Provisional/Provisoire,,
05EA005,2026-07-29T18:05:00Z,46,1.191,,,Provisional/Provisoire,,
05EA005,2026-07-29T18:10:00Z,46,1.190,,,Provisional/Provisoire,,
05EA005,2026-07-29T18:15:00Z,46,1.190,,,Provisional/Provisoire,,
05EA005,2026-07-29T18:20:00Z,46,1.190,,,Provisional/Provisoire,,
05EA005,2026-07-29T18:25:00Z,46,1.190,,,Provisional/Provisoire,,
05EA005,2026-07-29T18:30:00Z,46,1.190,,,Provisional/Provisoire,,
05EA005,2026-07-29T18:35:00Z,46,1.189,,,Provisional/Provisoire,,
05EA005,2026-07-29T18:40:00Z,46,1.189,,,Provisional/Provisoire,,
05EA005,2026-07-29T18:45:00Z,46,1.189,,,Provisional/Provisoire,,
05EA005,2026-07-29T18:50:00Z,46,1.188,,,Provisional/Provisoire,,
05EA005,2026-07-29T18:55:00Z,46,1.188,,,Provisional/Provisoire,,
05EA005,2026-07-29T19:00:00Z,46,1.187,,,Provisional/Provisoire,,
05EA005,2026-07-29T19:05:00Z,46,1.187,,,Provisional/Provisoire,,
05EA005,2026-07-29T19:10:00Z,46,1.187,,,Provisional/Provisoire,,
05EA005,2026-07-29T19:15:00Z,46,1.186,,,Provisional/Provisoire,,
05EA005,2026-07-29T19:20:00Z,46,1.186,,,Provisional/Provisoire,,
05EA005,2026-07-29T19:25:00Z,46,1.186,,,Provisional/Provisoire,,
05EA005,2026-07-29T19:30:00Z,46,1.185,,,Provisional/Provisoire,,
05EA005,2026-07-29T19:35:00Z,46,1.185,,,Provisional/Provisoire,,
05EA005,2026-07-29T19:40:00Z,46,1.184,,,Provisional/Provisoire,,
05EA005,2026-07-29T19:45:00Z,46,1.184,,,Provisional/Provisoire,,
05EA005,2026-07-29T19:50:00Z,46,1.184,,,Provisional/Provisoire,,
05EA005,2026-07-29T19:55:00Z,46,1.183,,,Provisional/Provisoire,,
05EA005,2026-07-29T20:00:00Z,46,1.183,,,Provisional/Provisoire,,
05EA005,2026-07-29T20:05:00Z,46,1.183,,,Provisional/Provisoire,,
05EA005,2026-07-29T20:10:00Z,46,1.182,,,Provisional/Provisoire,,
05EA005,2026-07-29T20:15:00Z,46,1.182,,,Provisional/Provisoire,,
05EA005,2026-07-29T20:20:00Z,46,1.182,,,Provisional/Provisoire,,
05EA005,2026-07-29T20:25:00Z,46,1.181,,,Provisional/Provisoire,,
05EA005,2026-07-29T20:30:00Z,46,1.181,,,Provisional/Provisoire,,
05EA005,2026-07-29T20:35:00Z,46,1.181,,,Provisional/Provisoire,,
05EA005,2026-07-29T20:40:00Z,46,1.180,,,Provisional/Provisoire,,
05EA005,2026-07-29T20:45:00Z,46,1.180,,,Provisional/Provisoire,,
05EA005,2026-07-29T20:50:00Z,46,1.179,,,Provisional/Provisoire,,
05EA005,2026-07-29T20:55:00Z,46,1.179,,,Provisional/Provisoire,,
05EA005,2026-07-29T21:00:00Z,46,1.179,,,Provisional/Provisoire,,
05EA005,2026-07-29T21:05:00Z,46,1.178,,,Provisional/Provisoire,,
05EA005,2026-07-29T21:10:00Z,46,1.178,,,Provisional/Provisoire,,
05EA005,2026-07-29T21:15:00Z,46,1.178,,,Provisional/Provisoire,,
05EA005,2026-07-29T21:20:00Z,46,1.177,,,Provisional/Provisoire,,
05EA005,2026-07-29T21:25:00Z,46,1.177,,,Provisional/Provisoire,,
05EA005,2026-07-29T21:30:00Z,46,1.177,,,Provisional/Provisoire,,
05EA005,2026-07-29T21:35:00Z,46,1.176,,,Provisional/Provisoire,,
05EA005,2026-07-29T21:40:00Z,46,1.176,,,Provisional/Provisoire,,
05EA005,2026-07-29T21:45:00Z,46,1.176,,,Provisional/Provisoire,,
05EA005,2026-07-29T21:50:00Z,46,1.175,,,Provisional/Provisoire,,
05EA005,2026-07-29T21:55:00Z,46,1.175,,,Provisional/Provisoire,,
05EA005,2026-07-29T22:00:00Z,46,1.175,,,Provisional/Provisoire,,
05EA005,2026-07-29T22:05:00Z,46,1.175,,,Provisional/Provisoire,,
05EA005,2026-07-29T22:10:00Z,46,1.175,,,Provisional/Provisoire,,
05EA005,2026-07-29T22:15:00Z,46,1.175,,,Provisional/Provisoire,,
05EA005,2026-07-29T22:20:00Z,46,1.174,,,Provisional/Provisoire,,
05EA005,2026-07-29T22:25:00Z,46,1.174,,,Provisional/Provisoire,,
05EA005,2026-07-29T22:30:00Z,46,1.173,,,Provisional/Provisoire,,
05EA005,2026-07-29T22:35:00Z,46,1.173,,,Provisional/Provisoire,,
05EA005,2026-07-29T22:40:00Z,46,1.172,,,Provisional/Provisoire,,
05EA005,2026-07-29T22:45:00Z,46,1.172,,,Provisional/Provisoire,,
05EA005,2026-07-29T22:50:00Z,46,1.172,,,Provisional/Provisoire,,
05EA005,2026-07-29T22:55:00Z,46,1.171,,,Provisional/Provisoire,,
05EA005,2026-07-29T23:00:00Z,46,1.171,,,Provisional/Provisoire,,
05EA005,2026-07-29T23:05:00Z,46,1.171,,,Provisional/Provisoire,,
05EA005,2026-07-29T23:10:00Z,46,1.170,,,Provisional/Provisoire,,
05EA005,2026-07-29T23:15:00Z,46,1.170,,,Provisional/Provisoire,,
05EA005,2026-07-29T23:20:00Z,46,1.169,,,Provisional/Provisoire,,
05EA005,2026-07-29T23:25:00Z,46,1.169,,,Provisional/Provisoire,,
05EA005,2026-07-29T23:30:00Z,46,1.169,,,Provisional/Provisoire,,
05EA005,2026-07-29T23:35:00Z,46,1.168,,,Provisional/Provisoire,,
05EA005,2026-07-29T23:40:00Z,46,1.168,,,Provisional/Provisoire,,
05EA005,2026-07-29T23:45:00Z,46,1.168,,,Provisional/Provisoire,,
05EA005,2026-07-29T23:50:00Z,46,1.167,,,Provisional/Provisoire,,
05EA005,2026-07-29T23:55:00Z,46,1.167,,,Provisional/Provisoire,,
05EA005,2026-07-30T00:00:00Z,46,1.166,,,Provisional/Provisoire,,
05EA005,2026-07-30T00:05:00Z,46,1.166,,,Provisional/Provisoire,,
05EA005,2026-07-30T00:10:00Z,46,1.166,,,Provisional/Provisoire,,
05EA005,2026-07-30T00:15:00Z,46,1.165,,,Provisional/Provisoire,,
05EA005,2026-07-30T00:20:00Z,46,1.165,,,Provisional/Provisoire,,
05EA005,2026-07-30T00:25:00Z,46,1.165,,,Provisional/Provisoire,,
05EA005,2026-07-30T00:30:00Z,46,1.164,,,Provisional/Provisoire,,
05EA005,2026-07-30T00:35:00Z,46,1.164,,,Provisional/Provisoire,,
05EA005,2026-07-30T00:40:00Z,46,1.164,,,Provisional/Provisoire,,
05EA005,2026-07-30T00:45:00Z,46,1.163,,,Provisional/Provisoire,,
05EA005,2026-07-30T00:50:00Z,46,1.163,,,Provisional/Provisoire,,
05EA005,2026-07-30T00:55:00Z,46,1.162,,,Provisional/Provisoire,,
05EA005,2026-07-30T01:00:00Z,46,1.162,,,Provisional/Provisoire,,
05EA005,2026-07-30T01:05:00Z,46,1.162,,,Provisional/Provisoire,,
05EA005,2026-07-30T01:10:00Z,46,1.161,,,Provisional/Provisoire,,
05EA005,2026-07-30T01:15:00Z,46,1.161,,,Provisional/Provisoire,,
05EA005,2026-07-30T01:20:00Z,46,1.161,,,Provisional/Provisoire,,
05EA005,2026-07-30T01:25:00Z,46,1.160,,,Provisional/Provisoire,,
05EA005,2026-07-30T01:30:00Z,46,1.160,,,Provisional/Provisoire,,
05EA005,2026-07-30T01:35:00Z,46,1.160,,,Provisional/Provisoire,,
05EA005,2026-07-30T01:40:00Z,46,1.160,,,Provisional/Provisoire,,
05EA005,2026-07-30T01:45:00Z,46,1.160,,,Provisional/Provisoire,,
05EA005,2026-07-30T01:50:00Z,46,1.160,,,Provisional/Provisoire,,
05EA005,2026-07-30T01:55:00Z,46,1.159,,,Provisional/Provisoire,,
05EA005,2026-07-30T02:00:00Z,46,1.159,,,Provisional/Provisoire,,
05EA005,2026-07-30T02:05:00Z,46,1.159,,,Provisional/Provisoire,,
05EA005,2026-07-30T02:10:00Z,46,1.158,,,Provisional/Provisoire,,
05EA005,2026-07-30T02:15:00Z,46,1.158,,,Provisional/Provisoire,,
05EA005,2026-07-30T02:20:00Z,46,1.158,,,Provisional/Provisoire,,
05EA005,2026-07-30T02:25:00Z,46,1.157,,,Provisional/Provisoire,,
05EA005,2026-07-30T02:30:00Z,46,1.157,,,Provisional/Provisoire,,
05EA005,2026-07-30T02:35:00Z,46,1.157,,,Provisional/Provisoire,,
05EA005,2026-07-30T02:40:00Z,46,1.156,,,Provisional/Provisoire,,
05EA005,2026-07-30T02:45:00Z,46,1.156,,,Provisional/Provisoire,,
05EA005,2026-07-30T02:50:00Z,46,1.155,,,Provisional/Provisoire,,
05EA005,2026-07-30T02:55:00Z,46,1.155,,,Provisional/Provisoire,,
05EA005,2026-07-30T03:00:00Z,46,1.155,,,Provisional/Provisoire,,
05EA005,2026-07-30T03:05:00Z,46,1.154,,,Provisional/Provisoire,,
05EA005,2026-07-30T03:10:00Z,46,1.154,,,Provisional/Provisoire,,
05EA005,2026-07-30T03:15:00Z,46,1.154,,,Provisional/Provisoire,,
05EA005,2026-07-30T03:20:00Z,46,1.154,,,Provisional/Provisoire,,
05EA005,2026-07-30T03:25:00Z,46,1.153,,,Provisional/Provisoire,,
05EA005,2026-07-30T03:30:00Z,46,1.153,,,Provisional/Provisoire,,
05EA005,2026-07-30T03:35:00Z,46,1.153,,,Provisional/Provisoire,,
05EA005,2026-07-30T03:40:00Z,46,1.152,,,Provisional/Provisoire,,
05EA005,2026-07-30T03:45:00Z,46,1.152,,,Provisional/Provisoire,,
05EA005,2026-07-30T03:50:00Z,46,1.151,,,Provisional/Provisoire,,
05EA005,2026-07-30T03:55:00Z,46,1.151,,,Provisional/Provisoire,,
05EA005,2026-07-30T04:00:00Z,46,1.151,,,Provisional/Provisoire,,
05EA005,2026-07-30T04:05:00Z,46,1.151,,,Provisional/Provisoire,,
05EA005,2026-07-30T04:10:00Z,46,1.150,,,Provisional/Provisoire,,
05EA005,2026-07-30T04:15:00Z,46,1.150,,,Provisional/Provisoire,,
05EA005,2026-07-30T04:20:00Z,46,1.149,,,Provisional/Provisoire,,
05EA005,2026-07-30T04:25:00Z,46,1.149,,,Provisional/Provisoire,,
05EA005,2026-07-30T04:30:00Z,46,1.149,,,Provisional/Provisoire,,
05EA005,2026-07-30T04:35:00Z,46,1.148,,,Provisional/Provisoire,,
05EA005,2026-07-30T04:40:00Z,46,1.148,,,Provisional/Provisoire,,
05EA005,2026-07-30T04:45:00Z,46,1.148,,,Provisional/Provisoire,,
05EA005,2026-07-30T04:50:00Z,46,1.147,,,Provisional/Provisoire,,
05EA005,2026-07-30T04:55:00Z,46,1.147,,,Provisional/Provisoire,,
05EA005,2026-07-30T05:00:00Z,46,1.147,,,Provisional/Provisoire,,
05EA005,2026-07-30T05:05:00Z,46,1.146,,,Provisional/Provisoire,,
05EA005,2026-07-30T05:10:00Z,46,1.146,,,Provisional/Provisoire,,
05EA005,2026-07-30T05:15:00Z,46,1.146,,,Provisional/Provisoire,,
05EA005,2026-07-30T05:20:00Z,46,1.146,,,Provisional/Provisoire,,
05EA005,2026-07-30T05:25:00Z,46,1.145,,,Provisional/Provisoire,,
05EA005,2026-07-30T05:30:00Z,46,1.145,,,Provisional/Provisoire,,
05EA005,2026-07-30T05:35:00Z,46,1.145,,,Provisional/Provisoire,,
05EA005,2026-07-30T05:40:00Z,46,1.145,,,Provisional/Provisoire,,
05EA005,2026-07-30T05:45:00Z,46,1.145,,,Provisional/Provisoire,,
05EA005,2026-07-30T05:50:00Z,46,1.145,,,Provisional/Provisoire,,
05EA005,2026-07-30T05:55:00Z,46,1.144,,,Provisional/Provisoire,,
05EA005,2026-07-30T06:00:00Z,46,1.144,,,Provisional/Provisoire,,
05EA005,2026-07-30T06:05:00Z,46,1.144,,,Provisional/Provisoire,,
05EA005,2026-07-30T06:10:00Z,46,1.144,,,Provisional/Provisoire,,
05EA005,2026-07-30T06:15:00Z,46,1.143,,,Provisional/Provisoire,,
05EA005,2026-07-30T06:20:00Z,46,1.143,,,Provisional/Provisoire,,
05EA005,2026-07-30T06:25:00Z,46,1.143,,,Provisional/Provisoire,,
05EA005,2026-07-30T06:30:00Z,46,1.142,,,Provisional/Provisoire,,
05EA005,2026-07-30T06:35:00Z,46,1.142,,,Provisional/Provisoire,,
05EA005,2026-07-30T06:40:00Z,46,1.142,,,Provisional/Provisoire,,
05EA005,2026-07-30T06:45:00Z,46,1.141,,,Provisional/Provisoire,,
05EA005,2026-07-30T06:50:00Z,46,1.141,,,Provisional/Provisoire,,
05EA005,2026-07-30T06:55:00Z,46,1.141,,,Provisional/Provisoire,,
05EA005,2026-07-30T07:00:00Z,46,1.140,,,Provisional/Provisoire,,
05EA005,2026-07-30T07:05:00Z,46,1.140,,,Provisional/Provisoire,,
05EA005,2026-07-30T07:10:00Z,46,1.140,,,Provisional/Provisoire,,
05EA005,2026-07-30T07:15:00Z,46,1.139,,,Provisional/Provisoire,,
05EA005,2026-07-30T07:20:00Z,46,1.139,,,Provisional/Provisoire,,
05EA005,2026-07-30T07:25:00Z,46,1.139,,,Provisional/Provisoire,,
05EA005,2026-07-30T07:30:00Z,46,1.139,,,Provisional/Provisoire,,
05EA005,2026-07-30T07:35:00Z,46,1.138,,,Provisional/Provisoire,,
05EA005,2026-07-30T07:40:00Z,46,1.138,,,Provisional/Provisoire,,
05EA005,2026-07-30T07:45:00Z,46,1.137,,,Provisional/Provisoire,,
05EA005,2026-07-30T07:50:00Z,46,1.137,,,Provisional/Provisoire,,
05EA005,2026-07-30T07:55:00Z,46,1.137,,,Provisional/Provisoire,,
05EA005,2026-07-30T08:00:00Z,46,1.137,,,Provisional/Provisoire,,
05EA005,2026-07-30T08:05:00Z,46,1.136,,,Provisional/Provisoire,,
05EA005,2026-07-30T08:10:00Z,46,1.136,,,Provisional/Provisoire,,
05EA005,2026-07-30T08:15:00Z,46,1.136,,,Provisional/Provisoire,,
05EA005,2026-07-30T08:20:00Z,46,1.135,,,Provisional/Provisoire,,
05EA005,2026-07-30T08:25:00Z,46,1.135,,,Provisional/Provisoire,,
05EA005,2026-07-30T08:30:00Z,46,1.135,,,Provisional/Provisoire,,
05EA005,2026-07-30T08:35:00Z,46,1.135,,,Provisional/Provisoire,,
05EA005,2026-07-30T08:40:00Z,46,1.134,,,Provisional/Provisoire,,
05EA005,2026-07-30T08:45:00Z,46,1.134,,,Provisional/Provisoire,,
05EA005,2026-07-30T08:50:00Z,46,1.134,,,Provisional/Provisoire,,
05EA005,2026-07-30T08:55:00Z,46,1.133,,,Provisional/Provisoire,,
05EA005,2026-07-30T09:00:00Z,46,1.133,,,Provisional/Provisoire,,
05EA005,2026-07-30T09:05:00Z,46,1.133,,,Provisional/Provisoire,,
05EA005,2026-07-30T09:10:00Z,46,1.132,,,Provisional/Provisoire,,
05EA005,2026-07-30T09:15:00Z,46,1.132,,,Provisional/Provisoire,,
05EA005,2026-07-30T09:20:00Z,46,1.132,,,Provisional/Provisoire,,
05EA005,2026-07-30T09:25:00Z,46,1.131,,,Provisional/Provisoire,,
05EA005,2026-07-30T09:30:00Z,46,1.131,,,Provisional/Provisoire,,
05EA005,2026-07-30T09:35:00Z,46,1.131,,,Provisional/Provisoire,,
05EA005,2026-07-30T09:40:00Z,46,1.131,,,Provisional/Provisoire,,
05EA005,2026-07-30T09:45:00Z,46,1.130,,,Provisional/Provisoire,,
05EA005,2026-07-30T09:50:00Z,46,1.130,,,Provisional/Provisoire,,
05EA005,2026-07-30T09:55:00Z,46,1.130,,,Provisional/Provisoire,,
05EA005,2026-07-30T10:00:00Z,46,1.130,,,Provisional/Provisoire,,
05EA005,2026-07-30T10:05:00Z,46,1.130,,,Provisional/Provisoire,,
05EA005,2026-07-30T10:10:00Z,46,1.130,,,Provisional/Provisoire,,
05EA005,2026-07-30T10:15:00Z,46,1.130,,,Provisional/Provisoire,,
05EA005,2026-07-30T10:20:00Z,46,1.129,,,Provisional/Provisoire,,
05EA005,2026-07-30T10:25:00Z,46,1.129,,,Provisional/Provisoire,,
05EA005,2026-07-30T10:30:00Z,46,1.129,,,Provisional/Provisoire,,
05EA005,2026-07-30T10:35:00Z,46,1.128,,,Provisional/Provisoire,,
05EA005,2026-07-30T10:40:00Z,46,1.128,,,Provisional/Provisoire,,
05EA005,2026-07-30T10:45:00Z,46,1.128,,,Provisional/Provisoire,,
05EA005,2026-07-30T10:50:00Z,46,1.127,,,Provisional/Provisoire,,
05EA005,2026-07-30T10:55:00Z,46,1.127,,,Provisional/Provisoire,,
05EA005,2026-07-30T11:00:00Z,46,1.127,,,Provisional/Provisoire,,
05EA005,2026-07-30T11:05:00Z,46,1.127,,,Provisional/Provisoire,,
05EA005,2026-07-30T11:10:00Z,46,1.126,,,Provisional/Provisoire,,
05EA005,2026-07-30T11:15:00Z,46,1.126,,,Provisional/Provisoire,,
05EA005,2026-07-30T11:20:00Z,46,1.126,,,Provisional/Provisoire,,
05EA005,2026-07-30T11:25:00Z,46,1.125,,,Provisional/Provisoire,,
05EA005,2026-07-30T11:30:00Z,46,1.125,,,Provisional/Provisoire,,
05EA005,2026-07-30T11:35:00Z,46,1.125,,,Provisional/Provisoire,,
05EA005,2026-07-30T11:40:00Z,46,1.124,,,Provisional/Provisoire,,
05EA005,2026-07-30T11:45:00Z,46,1.124,,,Provisional/Provisoire,,
05EA005,2026-07-30T11:50:00Z,46,1.124,,,Provisional/Provisoire,,
05EA005,2026-07-30T11:55:00Z,46,1.123,,,Provisional/Provisoire,,
05EA005,2026-07-30T12:00:00Z,46,1.123,,,Provisional/Provisoire,,
05EA005,2026-07-30T12:05:00Z,46,1.123,,,Provisional/Provisoire,,
05EA005,2026-07-30T12:10:00Z,46,1.123,,,Provisional/Provisoire,,
05EA005,2026-07-30T12:15:00Z,46,1.122,,,Provisional/Provisoire,,
05EA005,2026-07-30T12:20:00Z,46,1.122,,,Provisional/Provisoire,,
05EA005,2026-07-30T12:25:00Z,46,1.122,,,Provisional/Provisoire,,
05EA005,2026-07-30T12:30:00Z,46,1.121,,,Provisional/Provisoire,,
05EA005,2026-07-30T12:35:00Z,46,1.121,,,Provisional/Provisoire,,
05EA005,2026-07-30T12:40:00Z,46,1.121,,,Provisional/Provisoire,,
05EA005,2026-07-30T12:45:00Z,46,1.121,,,Provisional/Provisoire,,
05EA005,2026-07-30T12:50:00Z,46,1.120,,,Provisional/Provisoire,,
05EA005,2026-07-30T12:55:00Z,46,1.120,,,Provisional/Provisoire,,
05EA005,2026-07-30T13:00:00Z,46,1.120,,,Provisional/Provisoire,,
05EA005,2026-07-30T13:05:00Z,46,1.119,,,Provisional/Provisoire,,
05EA005,2026-07-30T13:10:00Z,46,1.119,,,Provisional/Provisoire,,
05EA005,2026-07-30T13:15:00Z,46,1.119,,,Provisional/Provisoire,,
05EA005,2026-07-30T13:20:00Z,46,1.118,,,Provisional/Provisoire,,
05EA005,2026-07-30T13:25:00Z,46,1.118,,,Provisional/Provisoire,,
05EA005,2026-07-30T13:30:00Z,46,1.118,,,Provisional/Provisoire,,
05EA005,2026-07-30T13:35:00Z,46,1.118,,,Provisional/Provisoire,,
05EA005,2026-07-30T13:40:00Z,46,1.117,,,Provisional/Provisoire,,
05EA005,2026-07-30T13:45:00Z,46,1.117,,,Provisional/Provisoire,,
05EA005,2026-07-30T13:50:00Z,46,1.117,,,Provisional/Provisoire,,
05EA005,2026-07-30T13:55:00Z,46,1.116,,,Provisional/Provisoire,,
05EA005,2026-07-30T14:00:00Z,46,1.116,,,Provisional/Provisoire,,
05EA005,2026-07-30T14:05:00Z,46,1.116,,,Provisional/Provisoire,,
05EA005,2026-07-30T14:10:00Z,46,1.116,,,Provisional/Provisoire,,
05EA005,2026-07-30T14:15:00Z,46,1.115,,,Provisional/Provisoire,,
05EA005,2026-07-30T14:20:00Z,46,1.115,,,Provisional/Provisoire,,
05EA005,2026-07-30T14:25:00Z,46,1.115,,,Provisional/Provisoire,,
05EA005,2026-07-30T14:30:00Z,46,1.115,,,Provisional/Provisoire,,
05EA005,2026-07-30T14:35:00Z,46,1.115,,,Provisional/Provisoire,,
05EA005,2026-07-30T14:40:00Z,46,1.115,,,Provisional/Provisoire,,
05EA005,2026-07-30T14:45:00Z,46,1.115,,,Provisional/Provisoire,,
05EA005,2026-07-30T14:50:00Z,46,1.115,,,Provisional/Provisoire,,
05EA005,2026-07-30T14:55:00Z,46,1.114,,,Provisional/Provisoire,,
05EA005,2026-07-30T15:00:00Z,46,1.114,,,Provisional/Provisoire,,
05EA005,2026-07-30T15:05:00Z,46,1.114,,,Provisional/Provisoire,,
05EA005,2026-07-30T15:10:00Z,46,1.114,,,Provisional/Provisoire,,
05EA005,2026-07-30T15:15:00Z,46,1.113,,,Provisional/Provisoire,,
05EA005,2026-07-30T15:20:00Z,46,1.113,,,Provisional/Provisoire,,
05EA005,2026-07-30T15:25:00Z,46,1.113,,,Provisional/Provisoire,,
05EA005,2026-07-30T15:30:00Z,46,1.113,,,Provisional/Provisoire,,
05EA005,2026-07-30T15:35:00Z,46,1.112,,,Provisional/Provisoire,,
05EA005,2026-07-30T15:40:00Z,46,1.112,,,Provisional/Provisoire,,
05EA005,2026-07-30T15:45:00Z,46,1.112,,,Provisional/Provisoire,,
05EA005,2026-07-30T15:50:00Z,46,1.112,,,Provisional/Provisoire,,
05EA005,2026-07-30T15:55:00Z,46,1.111,,,Provisional/Provisoire,,
05EA005,2026-07-30T16:00:00Z,46,1.111,,,Provisional/Provisoire,,
05EA005,2026-07-30T16:05:00Z,46,1.111,,,Provisional/Provisoire,,
05EA005,2026-07-30T16:10:00Z,46,1.111,,,Provisional/Provisoire,,
05EA005,2026-07-30T16:15:00Z,46,1.111,,,Provisional/Provisoire,,
05EA005,2026-07-30T16:20:00Z,46,1.110,,,Provisional/Provisoire,,
05EA005,2026-07-30T16:25:00Z,46,1.110,,,Provisional/Provisoire,,
05EA005,2026-07-30T16:30:00Z,46,1.110,,,Provisional/Provisoire,,
05EA005,2026-07-30T16:35:00Z,46,1.110,,,Provisional/Provisoire,,
05EA005,2026-07-30T16:40:00Z,46,1.109,,,Provisional/Provisoire,,
05EA005,2026-07-30T16:45:00Z,46,1.109,,,Provisional/Provisoire,,
05EA005,2026-07-30T16:50:00Z,46,1.109,,,Provisional/Provisoire,,
05EA005,2026-07-30T16:55:00Z,46,1.109,,,Provisional/Provisoire,,
05EA005,2026-07-30T17:00:00Z,46,1.108,,,Provisional/Provisoire,,
05EA005,2026-07-30T17:05:00Z,46,1.108,,,Provisional/Provisoire,,
05EA005,2026-07-30T17:10:00Z,46,1.108,,,Provisional/Provisoire,,
05EA005,2026-07-30T17:15:00Z,46,1.108,,,Provisional/Provisoire,,
05EA005,2026-07-30T17:20:00Z,46,1.107,,,Provisional/Provisoire,,
05EA005,2026-07-30T17:25:00Z,46,1.107,,,Provisional/Provisoire,,
05EA005,2026-07-30T17:30:00Z,46,1.107,,,Provisional/Provisoire,,
05EA005,2026-07-30T17:35:00Z,46,1.107,,,Provisional/Provisoire,,
05EA005,2026-07-30T17:40:00Z,46,1.106,,,Provisional/Provisoire,,
05EA005,2026-07-30T17:45:00Z,46,1.106,,,Provisional/Provisoire,,
05EA005,2026-07-30T17:50:00Z,46,1.106,,,Provisional/Provisoire,,
05EA005,2026-07-30T17:55:00Z,46,1.106,,,Provisional/Provisoire,,
05EA005,2026-07-30T18:00:00Z,46,1.105,,,Provisional/Provisoire,,
05EA005,2026-07-30T18:05:00Z,46,1.105,,,Provisional/Provisoire,,
05EA005,2026-07-30T18:10:00Z,46,1.105,,,Provisional/Provisoire,,
05EA005,2026-07-30T18:15:00Z,46,1.105,,,Provisional/Provisoire,,
05EA005,2026-07-30T18:20:00Z,46,1.104,,,Provisional/Provisoire,,
05EA005,2026-07-30T18:25:00Z,46,1.104,,,Provisional/Provisoire,,
05EA005,2026-07-30T18:30:00Z,46,1.104,,,Provisional/Provisoire,,
05EA005,2026-07-30T18:35:00Z,46,1.103,,,Provisional/Provisoire,,
05EA005,2026-07-30T18:40:00Z,46,1.103,,,Provisional/Provisoire,,
05EA005,2026-07-30T18:45:00Z,46,1.103,,,Provisional/Provisoire,,
05EA005,2026-07-30T18:50:00Z,46,1.103,,,Provisional/Provisoire,,
05EA005,2026-07-30T18:55:00Z,46,1.102,,,Provisional/Provisoire,,
05EA005,2026-07-30T19:00:00Z,46,1.102,,,Provisional/Provisoire,,
05EA005,2026-07-30T19:05:00Z,46,1.102,,,Provisional/Provisoire,,
05EA005,2026-07-30T19:10:00Z,46,1.101,,,Provisional/Provisoire,,
05EA005,2026-07-30T19:15:00Z,46,1.101,,,Provisional/Provisoire,,
05EA005,2026-07-30T19:20:00Z,46,1.101,,,Provisional/Provisoire,,
05EA005,2026-07-30T19:25:00Z,46,1.101,,,Provisional/Provisoire,,
05EA005,2026-07-30T19:30:00Z,46,1.101,,,Provisional/Provisoire,,
05EA005,2026-07-30T19:35:00Z,46,1.100,,,Provisional/Provisoire,,
05EA005,2026-07-30T19:40:00Z,46,1.100,,,Provisional/Provisoire,,
05EA005,2026-07-30T19:45:00Z,46,1.100,,,Provisional/Provisoire,,
05EA005,2026-07-30T19:50:00Z,46,1.100,,,Provisional/Provisoire,,
05EA005,2026-07-30T19:55:00Z,46,1.100,,,Provisional/Provisoire,,
05EA005,2026-07-30T20:00:00Z,46,1.100,,,Provisional/Provisoire,,
05EA005,2026-07-30T20:05:00Z,46,1.100,,,Provisional/Provisoire,,
05EA005,2026-07-30T20:10:00Z,46,1.100,,,Provisional/Provisoire,,
05EA005,2026-07-30T20:15:00Z,46,1.099,,,Provisional/Provisoire,,
05EA005,2026-07-30T20:20:00Z,46,1.099,,,Provisional/Provisoire,,
05EA005,2026-07-30T20:25:00Z,46,1.099,,,Provisional/Provisoire,,
05EA005,2026-07-30T20:30:00Z,46,1.099,,,Provisional/Provisoire,,
05EA005,2026-07-30T20:35:00Z,46,1.098,,,Provisional/Provisoire,,
05EA005,2026-07-30T20:40:00Z,46,1.098,,,Provisional/Provisoire,,
05EA005,2026-07-30T20:45:00Z,46,1.098,,,Provisional/Provisoire,,
05EA005,2026-07-30T20:50:00Z,46,1.098,,,Provisional/Provisoire,,
05EA005,2026-07-30T20:55:00Z,46,1.098,,,Provisional/Provisoire,,
05EA005,2026-07-30T21:00:00Z,46,1.097,,,Provisional/Provisoire,,
05EA005,2026-07-30T21:05:00Z,46,1.097,,,Provisional/Provisoire,,
05EA005,2026-07-30T21:10:00Z,46,1.097,,,Provisional/Provisoire,,
05EA005,2026-07-30T21:15:00Z,46,1.097,,,Provisional/Provisoire,,
05EA005,2026-07-30T21:20:00Z,46,1.096,,,Provisional/Provisoire,,
05EA005,2026-07-30T21:25:00Z,46,1.096,,,Provisional/Provisoire,,
05EA005,2026-07-30T21:30:00Z,46,1.096,,,Provisional/Provisoire,,
05EA005,2026-07-30T21:35:00Z,46,1.096,,,Provisional/Provisoire,,
05EA005,2026-07-30T21:40:00Z,46,1.096,,,Provisional/Provisoire,,
05EA005,2026-07-30T21:45:00Z,46,1.095,,,Provisional/Provisoire,,
05EA005,2026-07-30T21:50:00Z,46,1.095,,,Provisional/Provisoire,,
05EA005,2026-07-30T21:55:00Z,46,1.095,,,Provisional/Provisoire,,
05EA005,2026-07-30T22:00:00Z,46,1.094,,,Provisional/Provisoire,,
05EA005,2026-07-30T22:05:00Z,46,1.094,,,Provisional/Provisoire,,
05EA005,2026-07-30T22:10:00Z,46,1.094,,,Provisional/Provisoire,,
05EA005,2026-07-30T22:15:00Z,46,1.094,,,Provisional/Provisoire,,
05EA005,2026-07-30T22:20:00Z,46,1.093,,,Provisional/Provisoire,,
05EA005,2026-07-30T22:25:00Z,46,1.093,,,Provisional/Provisoire,,
05EA005,2026-07-30T22:30:00Z,46,1.093,,,Provisional/Provisoire,,
05EA005,2026-07-30T22:35:00Z,46,1.093,,,Provisional/Provisoire,,
05EA005,2026-07-30T22:40:00Z,46,1.092,,,Provisional/Provisoire,,
05EA005,2026-07-30T22:45:00Z,46,1.092,,,Provisional/Provisoire,,
05EA005,2026-07-30T22:50:00Z,46,1.092,,,Provisional/Provisoire,,
05EA005,2026-07-30T22:55:00Z,46,1.092,,,Provisional/Provisoire,,
05EA005,2026-07-30T23:00:00Z,46,1.092,,,Provisional/Provisoire,,
05EA005,2026-07-30T23:05:00Z,46,1.092,,,Provisional/Provisoire,,
05EA005,2026-07-30T23:10:00Z,46,1.091,,,Provisional/Provisoire,,
05EA005,2026-07-30T23:15:00Z,46,1.091,,,Provisional/Provisoire,,
05EA005,2026-07-30T23:20:00Z,46,1.091,,,Provisional/Provisoire,,
05EA005,2026-07-30T23:25:00Z,46,1.091,,,Provisional/Provisoire,,
05EA005,2026-07-30T23:30:00Z,46,1.090,,,Provisional/Provisoire,,
05EA005,2026-07-30T23:35:00Z,46,1.090,,,Provisional/Provisoire,,
05EA005,2026-07-30T23:40:00Z,46,1.090,,,Provisional/Provisoire,,
05EA005,2026-07-30T23:45:00Z,46,1.090,,,Provisional/Provisoire,,
05EA005,2026-07-30T23:50:00Z,46,1.089,,,Provisional/Provisoire,,
05EA005,2026-07-30T23:55:00Z,46,1.089,,,Provisional/Provisoire,,
05EA005,2026-07-31T00:00:00Z,46,1.089,,,Provisional/Provisoire,,
05EA005,2026-07-31T00:05:00Z,46,1.089,,,Provisional/Provisoire,,
05EA005,2026-07-31T00:10:00Z,46,1.088,,,Provisional/Provisoire,,
05EA005,2026-07-31T00:15:00Z,46,1.088,,,Provisional/Provisoire,,
05EA005,2026-07-31T00:20:00Z,46,1.088,,,Provisional/Provisoire,,
05EA005,2026-07-31T00:25:00Z,46,1.088,,,Provisional/Provisoire,,
05EA005,2026-07-31T00:30:00Z,46,1.087,,,Provisional/Provisoire,,
05EA005,2026-07-31T00:35:00Z,46,1.087,,,Provisional/Provisoire,,
05EA005,2026-07-31T00:40:00Z,46,1.087,,,Provisional/Provisoire,,
05EA005,2026-07-31T00:45:00Z,46,1.087,,,Provisional/Provisoire,,
05EA005,2026-07-31T00:50:00Z,46,1.087,,,Provisional/Provisoire,,
05EA005,2026-07-31T00:55:00Z,46,1.086,,,Provisional/Provisoire,,
05EA005,2026-07-31T01:00:00Z,46,1.086,,,Provisional/Provisoire,,
05EA005,2026-07-31T01:05:00Z,46,1.086,,,Provisional/Provisoire,,
05EA005,2026-07-31T01:10:00Z,46,1.086,,,Provisional/Provisoire,,
05EA005,2026-07-31T01:15:00Z,46,1.086,,,Provisional/Provisoire,,
05EA005,2026-07-31T01:20:00Z,46,1.086,,,Provisional/Provisoire,,
05EA005,2026-07-31T01:25:00Z,46,1.085,,,Provisional/Provisoire,,
05EA005,2026-07-31T01:30:00Z,46,1.085,,,Provisional/Provisoire,,
05EA005,2026-07-31T01:35:00Z,46,1.085,,,Provisional/Provisoire,,
05EA005,2026-07-31T01:40:00Z,46,1.085,,,Provisional/Provisoire,,
05EA005,2026-07-31T01:45:00Z,46,1.085,,,Provisional/Provisoire,,
05EA005,2026-07-31T01:50:00Z,46,1.085,,,Provisional/Provisoire,,
05EA005,2026-07-31T01:55:00Z,46,1.085,,,Provisional/Provisoire,,
05EA005,2026-07-31T02:00:00Z,46,1.085,,,Provisional/Provisoire,,
05EA005,2026-07-31T02:05:00Z,46,1.085,,,Provisional/Provisoire,,
05EA005,2026-07-31T02:10:00Z,46,1.085,,,Provisional/Provisoire,,
05EA005,2026-07-31T02:15:00Z,46,1.085,,,Provisional/Provisoire,,
05EA005,2026-07-31T02:20:00Z,46,1.085,,,Provisional/Provisoire,,
05EA005,2026-07-31T02:25:00Z,46,1.085,,,Provisional/Provisoire,,
05EA005,2026-07-31T02:30:00Z,46,1.084,,,Provisional/Provisoire,,
05EA005,2026-07-31T02:35:00Z,46,1.084,,,Provisional/Provisoire,,
05EA005,2026-07-31T02:40:00Z,46,1.084,,,Provisional/Provisoire,,
05EA005,2026-07-31T02:45:00Z,46,1.084,,,Provisional/Provisoire,,
05EA005,2026-07-31T02:50:00Z,46,1.084,,,Provisional/Provisoire,,
05EA005,2026-07-31T02:55:00Z,46,1.083,,,Provisional/Provisoire,,
05EA005,2026-07-31T03:00:00Z,46,1.083,,,Provisional/Provisoire,,
05EA005,2026-07-31T03:05:00Z,46,1.083,,,Provisional/Provisoire,,
05EA005,2026-07-31T03:10:00Z,46,1.083,,,Provisional/Provisoire,,
05EA005,2026-07-31T03:15:00Z,46,1.083,,,Provisional/Provisoire,,
05EA005,2026-07-31T03:20:00Z,46,1.083,,,Provisional/Provisoire,,
05EA005,2026-07-31T03:25:00Z,46,1.083,,,Provisional/Provisoire,,
05EA005,2026-07-31T03:30:00Z,46,1.082,,,Provisional/Provisoire,,
05EA005,2026-07-31T03:35:00Z,46,1.082,,,Provisional/Provisoire,,
05EA005,2026-07-31T03:40:00Z,46,1.082,,,Provisional/Provisoire,,
05EA005,2026-07-31T03:45:00Z,46,1.082,,,Provisional/Provisoire,,
05EA005,2026-07-31T03:50:00Z,46,1.081,,,Provisional/Provisoire,,
05EA005,2026-07-31T03:55:00Z,46,1.081,,,Provisional/Provisoire,,
05EA005,2026-07-31T04:00:00Z,46,1.081,,,Provisional/Provisoire,,
05EA005,2026-07-31T04:05:00Z,46,1.081,,,Provisional/Provisoire,,
05EA005,2026-07-31T04:10:00Z,46,1.081,,,Provisional/Provisoire,,
05EA005,2026-07-31T04:15:00Z,46,1.081,,,Provisional/Provisoire,,
05EA005,2026-07-31T04:20:00Z,46,1.081,,,Provisional/Provisoire,,
05EA005,2026-07-31T04:25:00Z,46,1.080,,,Provisional/Provisoire,,
05EA005,2026-07-31T04:30:00Z,46,1.080,,,Provisional/Provisoire,,
05EA005,2026-07-31T04:35:00Z,46,1.080,,,Provisional/Provisoire,,
05EA005,2026-07-31T04:40:00Z,46,1.080,,,Provisional/Provisoire,,
05EA005,2026-07-31T04:45:00Z,46,1.080,,,Provisional/Provisoire,,
05EA005,2026-07-31T04:50:00Z,46,1.079,,,Provisional/Provisoire,,
05EA005,2026-07-31T04:55:00Z,46,1.079,,,Provisional/Provisoire,,
05EA005,2026-07-31T05:00:00Z,46,1.079,,,Provisional/Provisoire,,
05EA005,2026-07-31T05:05:00Z,46,1.079,,,Provisional/Provisoire,,
05EA005,2026-07-31T05:10:00Z,46,1.079,,,Provisional/Provisoire,,
05EA005,2026-07-31T05:15:00Z,46,1.079,,,Provisional/Provisoire,,
05EA005,2026-07-31T05:20:00Z,46,1.078,,,Provisional/Provisoire,,
05EA005,2026-07-31T05:25:00Z,46,1.078,,,Provisional/Provisoire,,
05EA005,2026-07-31T05:30:00Z,46,1.078,,,Provisional/Provisoire,,
05EA005,2026-07-31T05:35:00Z,46,1.078,,,Provisional/Provisoire,,
05EA005,2026-07-31T05:40:00Z,46,1.078,,,Provisional/Provisoire,,
05EA005,2026-07-31T05:45:00Z,46,1.077,,,Provisional/Provisoire,,
05EA005,2026-07-31T05:50:00Z,46,1.077,,,Provisional/Provisoire,,
05EA005,2026-07-31T05:55:00Z,46,1.077,,,Provisional/Provisoire,,
05EA005,2026-07-31T06:00:00Z,46,1.077,,,Provisional/Provisoire,,
05EA005,2026-07-31T06:05:00Z,46,1.077,,,Provisional/Provisoire,,
05EA005,2026-07-31T06:10:00Z,46,1.077,,,Provisional/Provisoire,,
05EA005,2026-07-31T06:15:00Z,46,1.076,,,Provisional/Provisoire,,
05EA005,2026-07-31T06:20:00Z,46,1.076,,,Provisional/Provisoire,,
05EA005,2026-07-31T06:25:00Z,46,1.076,,,Provisional/Provisoire,,
05EA005,2026-07-31T06:30:00Z,46,1.076,,,Provisional/Provisoire,,
05EA005,2026-07-31T06:35:00Z,46,1.076,,,Provisional/Provisoire,,
05EA005,2026-07-31T06:40:00Z,46,1.076,,,Provisional/Provisoire,,
05EA005,2026-07-31T06:45:00Z,46,1.076,,,Provisional/Provisoire,,
05EA005,2026-07-31T06:50:00Z,46,1.075,,,Provisional/Provisoire,,
05EA005,2026-07-31T06:55:00Z,46,1.075,,,Provisional/Provisoire,,
05EA005,2026-07-31T07:00:00Z,46,1.075,,,Provisional/Provisoire,,
05EA005,2026-07-31T07:05:00Z,46,1.075,,,Provisional/Provisoire,,
05EA005,2026-07-31T07:10:00Z,46,1.075,,,Provisional/Provisoire,,
05EA005,2026-07-31T07:15:00Z,46,1.075,,,Provisional/Provisoire,,
05EA005,2026-07-31T07:20:00Z,46,1.074,,,Provisional/Provisoire,,
05EA005,2026-07-31T07:25:00Z,46,1.074,,,Provisional/Provisoire,,
05EA005,2026-07-31T07:30:00Z,46,1.074,,,Provisional/Provisoire,,
05EA005,2026-07-31T07:35:00Z,46,1.074,,,Provisional/Provisoire,,
05EA005,2026-07-31T07:40:00Z,46,1.074,,,Provisional/Provisoire,,
05EA005,2026-07-31T07:45:00Z,46,1.073,,,Provisional/Provisoire,,
05EA005,2026-07-31T07:50:00Z,46,1.073,,,Provisional/Provisoire,,
05EA005,2026-07-31T07:55:00Z,46,1.073,,,Provisional/Provisoire,,
05EA005,2026-07-31T08:00:00Z,46,1.073,,,Provisional/Provisoire,,
05EA005,2026-07-31T08:05:00Z,46,1.073,,,Provisional/Provisoire,,
05EA005,2026-07-31T08:10:00Z,46,1.073,,,Provisional/Provisoire,,
05EA005,2026-07-31T08:15:00Z,46,1.072,,,Provisional/Provisoire,,
05EA005,2026-07-31T08:20:00Z,46,1.072,,,Provisional/Provisoire,,
05EA005,2026-07-31T08:25:00Z,46,1.072,,,Provisional/Provisoire,,
05EA005,2026-07-31T08:30:00Z,46,1.072,,,Provisional/Provisoire,,
05EA005,2026-07-31T08:35:00Z,46,1.072,,,Provisional/Provisoire,,
05EA005,2026-07-31T08:40:00Z,46,1.072,,,Provisional/Provisoire,,
05EA005,2026-07-31T08:45:00Z,46,1.071,,,Provisional/Provisoire,,
05EA005,2026-07-31T08:50:00Z,46,1.071,,,Provisional/Provisoire,,
05EA005,2026-07-31T08:55:00Z,46,1.071,,,Provisional/Provisoire,,
05EA005,2026-07-31T09:00:00Z,46,1.071,,,Provisional/Provisoire,,
05EA005,2026-07-31T09:05:00Z,46,1.071,,,Provisional/Provisoire,,
05EA005,2026-07-31T09:10:00Z,46,1.070,,,Provisional/Provisoire,,
05EA005,2026-07-31T09:15:00Z,46,1.070,,,Provisional/Provisoire,,
05EA005,2026-07-31T09:20:00Z,46,1.070,,,Provisional/Provisoire,,
05EA005,2026-07-31T09:25:00Z,46,1.070,,,Provisional/Provisoire,,
05EA005,2026-07-31T09:30:00Z,46,1.070,,,Provisional/Provisoire,,
05EA005,2026-07-31T09:35:00Z,46,1.070,,,Provisional/Provisoire,,
05EA005,2026-07-31T09:40:00Z,46,1.070,,,Provisional/Provisoire,,
05EA005,2026-07-31T09:45:00Z,46,1.070,,,Provisional/Provisoire,,
05EA005,2026-07-31T09:50:00Z,46,1.070,,,Provisional/Provisoire,,
05EA005,2026-07-31T09:55:00Z,46,1.069,,,Provisional/Provisoire,,
05EA005,2026-07-31T10:00:00Z,46,1.069,,,Provisional/Provisoire,,
05EA005,2026-07-31T10:05:00Z,46,1.069,,,Provisional/Provisoire,,
05EA005,2026-07-31T10:10:00Z,46,1.069,,,Provisional/Provisoire,,
05EA005,2026-07-31T10:15:00Z,46,1.069,,,Provisional/Provisoire,,
05EA005,2026-07-31T10:20:00Z,46,1.068,,,Provisional/Provisoire,,
05EA005,2026-07-31T10:25:00Z,46,1.068,,,Provisional/Provisoire,,
05EA005,2026-07-31T10:30:00Z,46,1.068,,,Provisional/Provisoire,,
05EA005,2026-07-31T10:35:00Z,46,1.068,,,Provisional/Provisoire,,
05EA005,2026-07-31T10:40:00Z,46,1.068,,,Provisional/Provisoire,,
05EA005,2026-07-31T10:45:00Z,46,1.068,,,Provisional/Provisoire,,
05EA005,2026-07-31T10:50:00Z,46,1.067,,,Provisional/Provisoire,,
05EA005,2026-07-31T10:55:00Z,46,1.067,,,Provisional/Provisoire,,
05EA005,2026-07-31T11:00:00Z,46,1.067,,,Provisional/Provisoire,,
05EA005,2026-07-31T11:05:00Z,46,1.067,,,Provisional/Provisoire,,
05EA005,2026-07-31T11:10:00Z,46,1.067,,,Provisional/Provisoire,,
05EA005,2026-07-31T11:15:00Z,46,1.066,,,Provisional/Provisoire,,
05EA005,2026-07-31T11:20:00Z,46,1.066,,,Provisional/Provisoire,,
05EA005,2026-07-31T11:25:00Z,46,1.066,,,Provisional/Provisoire,,
05EA005,2026-07-31T11:30:00Z,46,1.066,,,Provisional/Provisoire,,
05EA005,2026-07-31T11:35:00Z,46,1.065,,,Provisional/Provisoire,,
05EA005,2026-07-31T11:40:00Z,46,1.065,,,Provisional/Provisoire,,
05EA005,2026-07-31T11:45:00Z,46,1.065,,,Provisional/Provisoire,,
05EA005,2026-07-31T11:50:00Z,46,1.065,,,Provisional/Provisoire,,
05EA005,2026-07-31T11:55:00Z,46,1.065,,,Provisional/Provisoire,,
05EA005,2026-07-31T12:00:00Z,46,1.065,,,Provisional/Provisoire,,
05EA005,2026-07-31T12:05:00Z,46,1.064,,,Provisional/Provisoire,,
05EA005,2026-07-31T12:10:00Z,46,1.064,,,Provisional/Provisoire,,
05EA005,2026-07-31T12:15:00Z,46,1.064,,,Provisional/Provisoire,,
05EA005,2026-07-31T12:20:00Z,46,1.064,,,Provisional/Provisoire,,
05EA005,2026-07-31T12:25:00Z,46,1.064,,,Provisional/Provisoire,,
05EA005,2026-07-31T12:30:00Z,46,1.064,,,Provisional/Provisoire,,
05EA005,2026-07-31T12:35:00Z,46,1.063,,,Provisional/Provisoire,,
05EA005,2026-07-31T12:40:00Z,46,1.063,,,Provisional/Provisoire,,
05EA005,2026-07-31T12:45:00Z,46,1.063,,,Provisional/Provisoire,,
05EA005,2026-07-31T12:50:00Z,46,1.063,,,Provisional/Provisoire,,
05EA005,2026-07-31T12:55:00Z,46,1.062,,,Provisional/Provisoire,,
05EA005,2026-07-31T13:00:00Z,46,1.062,,,Provisional/Provisoire,,
05EA005,2026-07-31T13:05:00Z,46,1.062,,,Provisional/Provisoire,,
05EA005,2026-07-31T13:10:00Z,46,1.062,,,Provisional/Provisoire,,
05EA005,2026-07-31T13:15:00Z,46,1.062,,,Provisional/Provisoire,,
05EA005,2026-07-31T13:20:00Z,46,1.062,,,Provisional/Provisoire,,
05EA005,2026-07-31T13:25:00Z,46,1.061,,,Provisional/Provisoire,,
05EA005,2026-07-31T13:30:00Z,46,1.061,,,Provisional/Provisoire,,
05EA005,2026-07-31T13:35:00Z,46,1.061,,,Provisional/Provisoire,,
05EA005,2026-07-31T13:40:00Z,46,1.061,,,Provisional/Provisoire,,
05EA005,2026-07-31T13:45:00Z,46,1.061,,,Provisional/Provisoire,,
05EA005,2026-07-31T13:50:00Z,46,1.060,,,Provisional/Provisoire,,
05EA005,2026-07-31T13:55:00Z,46,1.060,,,Provisional/Provisoire,,
05EA005,2026-07-31T14:00:00Z,46,1.060,,,Provisional/Provisoire,,
05EA005,2026-07-31T14:05:00Z,46,1.060,,,Provisional/Provisoire,,
05EA005,2026-07-31T14:10:00Z,46,1.060,,,Provisional/Provisoire,,
05EA005,2026-07-31T14:15:00Z,46,1.059,,,Provisional/Provisoire,,
05EA005,2026-07-31T14:20:00Z,46,1.059,,,Provisional/Provisoire,,
05EA005,2026-07-31T14:25:00Z,46,1.059,,,Provisional/Provisoire,,
05EA005,2026-07-31T14:30:00Z,46,1.059,,,Provisional/Provisoire,,
05EA005,2026-07-31T14:35:00Z,46,1.059,,,Provisional/Provisoire,,
05EA005,2026-07-31T14:40:00Z,46,1.058,,,Provisional/Provisoire,,
05EA005,2026-07-31T14:45:00Z,46,1.058,,,Provisional/Provisoire,,
05EA005,2026-07-31T14:50:00Z,46,1.058,,,Provisional/Provisoire,,
05EA005,2026-07-31T14:55:00Z,46,1.058,,,Provisional/Provisoire,,
05EA005,2026-07-31T15:00:00Z,46,1.058,,,Provisional/Provisoire,,
05EA005,2026-07-31T15:05:00Z,46,1.057,,,Provisional/Provisoire,,
05EA005,2026-07-31T15:10:00Z,46,1.057,,,Provisional/Provisoire,,
05EA005,2026-07-31T15:15:00Z,46,1.057,,,Provisional/Provisoire,,
05EA005,2026-07-31T15:20:00Z,46,1.057,,,Provisional/Provisoire,,
05EA005,2026-07-31T15:25:00Z,46,1.057,,,Provisional/Provisoire,,
05EA005,2026-07-31T15:30:00Z,46,1.056,,,Provisional/Provisoire,,
05EA005,2026-07-31T15:35:00Z,46,1.056,,,Provisional/Provisoire,,
05EA005,2026-07-31T15:40:00Z,46,1.056,,,Provisional/Provisoire,,
05EA005,2026-07-31T15:45:00Z,46,1.056,,,Provisional/Provisoire,,
05EA005,2026-07-31T15:50:00Z,46,1.056,,,Provisional/Provisoire,,
05EA005,2026-07-31T15:55:00Z,46,1.055,,,Provisional/Provisoire,,
05EA005,2026-07-31T16:00:00Z,46,1.055,,,Provisional/Provisoire,,
05EA005,2026-07-31T16:05:00Z,46,1.055,,,Provisional/Provisoire,,
05EA005,2026-07-31T16:10:00Z,46,1.055,,,Provisional/Provisoire,,
05EA005,2026-07-31T16:15:00Z,46,1.055,,,Provisional/Provisoire,,
05EA005,2026-07-31T16:20:00Z,46,1.055,,,Provisional/Provisoire,,
05EA005,2026-07-31T16:25:00Z,46,1.055,,,Provisional/Provisoire,,
05EA005,2026-07-31T16:30:00Z,46,1.055,,,Provisional/Provisoire,,
05EA005,2026-07-31T16:35:00Z,46,1.055,,,Provisional/Provisoire,,
05EA005,2026-07-31T16:40:00Z,46,1.055,,,Provisional/Provisoire,,
05EA005,2026-07-31T16:45:00Z,46,1.054,,,Provisional/Provisoire,,
05EA005,2026-07-31T16:50:00Z,46,1.054,,,Provisional/Provisoire,,
05EA005,2026-07-31T16:55:00Z,46,1.054,,,Provisional/Provisoire,,
05EA005,2026-07-31T17:00:00Z,46,1.054,,,Provisional/Provisoire,,
05EA005,2026-07-31T17:05:00Z,46,1.054,,,Provisional/Provisoire,,
05EA005,2026-07-31T17:10:00Z,46,1.053,,,Provisional/Provisoire,,
05EA005,2026-07-31T17:15:00Z,46,1.053,,,Provisional/Provisoire,,
05EA005,2026-07-31T17:20:00Z,46,1.053,,,Provisional/Provisoire,,
05EA005,2026-07-31T17:25:00Z,46,1.053,,,Provisional/Provisoire,,
05EA005,2026-07-31T17:30:00Z,46,1.053,,,Provisional/Provisoire,,
05EA005,2026-07-31T17:35:00Z,46,1.052,,,Provisional/Provisoire,,
05EA005,2026-07-31T17:40:00Z,46,1.052,,,Provisional/Provisoire,,
05EA005,2026-07-31T17:45:00Z,46,1.052,,,Provisional/Provisoire,,
05EA005,2026-07-31T17:50:00Z,46,1.052,,,Provisional/Provisoire,,
05EA005,2026-07-31T17:55:00Z,46,1.051,,,Provisional/Provisoire,,
05EA005,2026-07-31T18:00:00Z,46,1.051,,,Provisional/Provisoire,,
05EA005,2026-07-31T18:05:00Z,46,1.051,,,Provisional/Provisoire,,
05EA005,2026-07-31T18:10:00Z,46,1.051,,,Provisional/Provisoire,,
05EA005,2026-07-31T18:15:00Z,46,1.051,,,Provisional/Provisoire,,
05EA005,2026-07-31T18:20:00Z,46,1.050,,,Provisional/Provisoire,,
05EA005,2026-07-31T18:25:00Z,46,1.050,,,Provisional/Provisoire,,
05EA005,2026-07-31T18:30:00Z,46,1.050,,,Provisional/Provisoire,,
05EA005,2026-07-31T18:35:00Z,46,1.050,,,Provisional/Provisoire,,
05EA005,2026-07-31T18:40:00Z,46,1.050,,,Provisional/Provisoire,,
05EA005,2026-07-31T18:45:00Z,46,1.050,,,Provisional/Provisoire,,
05EA005,2026-07-31T18:50:00Z,46,1.049,,,Provisional/Provisoire,,
05EA005,2026-07-31T18:55:00Z,46,1.049,,,Provisional/Provisoire,,
05EA005,2026-07-31T19:00:00Z,46,1.049,,,Provisional/Provisoire,,
05EA005,2026-07-31T19:05:00Z,46,1.049,,,Provisional/Provisoire,,
05EA005,2026-07-31T19:10:00Z,46,1.049,,,Provisional/Provisoire,,
05EA005,2026-07-31T19:15:00Z,46,1.049,,,Provisional/Provisoire,,
05EA005,2026-07-31T19:20:00Z,46,1.048,,,Provisional/Provisoire,,
05EA005,2026-07-31T19:25:00Z,46,1.048,,,Provisional/Provisoire,,
05EA005,2026-07-31T19:30:00Z,46,1.048,,,Provisional/Provisoire,,
05EA005,2026-07-31T19:35:00Z,46,1.048,,,Provisional/Provisoire,,
05EA005,2026-07-31T19:40:00Z,46,1.048,,,Provisional/Provisoire,,
05EA005,2026-07-31T19:45:00Z,46,1.048,,,Provisional/Provisoire,,
05EA005,2026-07-31T19:50:00Z,46,1.047,,,Provisional/Provisoire,,
05EA005,2026-07-31T19:55:00Z,46,1.047,,,Provisional/Provisoire,,
05EA005,2026-07-31T20:00:00Z,46,1.047,,,Provisional/Provisoire,,
05EA005,2026-07-31T20:05:00Z,46,1.047,,,Provisional/Provisoire,,
05EA005,2026-07-31T20:10:00Z,46,1.047,,,Provisional/Provisoire,,
05EA005,2026-07-31T20:15:00Z,46,1.047,,,Provisional/Provisoire,,
05EA005,2026-07-31T20:20:00Z,46,1.046,,,Provisional/Provisoire,,
05EA005,2026-07-31T20:25:00Z,46,1.046,,,Provisional/Provisoire,,
05EA005,2026-07-31T20:30:00Z,46,1.046,,,Provisional/Provisoire,,
05EA005,2026-07-31T20:35:00Z,46,1.046,,,Provisional/Provisoire,,
05EA005,2026-07-31T20:40:00Z,46,1.046,,,Provisional/Provisoire,,
05EA005,2026-07-31T20:45:00Z,46,1.046,,,Provisional/Provisoire,,
05EA005,2026-07-31T20:50:00Z,46,1.046,,,Provisional/Provisoire,,
05EA005,2026-07-31T20:55:00Z,46,1.046,,,Provisional/Provisoire,,
05EA005,2026-07-31T21:00:00Z,46,1.045,,,Provisional/Provisoire,,
05EA005,2026-07-31T21:05:00Z,46,1.045,,,Provisional/Provisoire,,
05EA005,2026-07-31T21:10:00Z,46,1.045,,,Provisional/Provisoire,,
05EA005,2026-07-31T21:15:00Z,46,1.045,,,Provisional/Provisoire,,
05EA005,2026-07-31T21:20:00Z,46,1.045,,,Provisional/Provisoire,,
05EA005,2026-07-31T21:25:00Z,46,1.045,,,Provisional/Provisoire,,
05EA005,2026-07-31T21:30:00Z,46,1.044,,,Provisional/Provisoire,,
05EA005,2026-07-31T21:35:00Z,46,1.044,,,Provisional/Provisoire,,
05EA005,2026-07-31T21:40:00Z,46,1.044,,,Provisional/Provisoire,,
05EA005,2026-07-31T21:45:00Z,46,1.044,,,Provisional/Provisoire,,
05EA005,2026-07-31T21:50:00Z,46,1.044,,,Provisional/Provisoire,,
05EA005,2026-07-31T21:55:00Z,46,1.044,,,Provisional/Provisoire,,
05EA005,2026-07-31T22:00:00Z,46,1.044,,,Provisional/Provisoire,,
05EA005,2026-07-31T22:05:00Z,46,1.043,,,Provisional/Provisoire,,
05EA005,2026-07-31T22:10:00Z,46,1.043,,,Provisional/Provisoire,,
05EA005,2026-07-31T22:15:00Z,46,1.043,,,Provisional/Provisoire,,
05EA005,2026-07-31T22:20:00Z,46,1.043,,,Provisional/Provisoire,,
05EA005,2026-07-31T22:25:00Z,46,1.043,,,Provisional/Provisoire,,
05EA005,2026-07-31T22:30:00Z,46,1.043,,,Provisional/Provisoire,,
05EA005,2026-07-31T22:35:00Z,46,1.043,,,Provisional/Provisoire,,
05EA005,2026-07-31T22:40:00Z,46,1.042,,,Provisional/Provisoire,,
05EA005,2026-07-31T22:45:00Z,46,1.042,,,Provisional/Provisoire,,
05EA005,2026-07-31T22:50:00Z,46,1.042,,,Provisional/Provisoire,,
05EA005,2026-07-31T22:55:00Z,46,1.042,,,Provisional/Provisoire,,
05EA005,2026-07-31T23:00:00Z,46,1.042,,,Provisional/Provisoire,,
05EA005,2026-07-31T23:05:00Z,46,1.042,,,Provisional/Provisoire,,
05EA005,2026-07-31T23:10:00Z,46,1.042,,,Provisional/Provisoire,,
05EA005,2026-07-31T23:15:00Z,46,1.041,,,Provisional/Provisoire,,
05EA005,2026-07-31T23:20:00Z,46,1.041,,,Provisional/Provisoire,,
05EA005,2026-07-31T23:25:00Z,46,1.041,,,Provisional/Provisoire,,
05EA005,2026-07-31T23:30:00Z,46,1.041,,,Provisional/Provisoire,,
05EA005,2026-07-31T23:35:00Z,46,1.041,,,Provisional/Provisoire,,
05EA005,2026-07-31T23:40:00Z,46,1.041,,,Provisional/Provisoire,,
05EA005,2026-07-31T23:45:00Z,46,1.040,,,Provisional/Provisoire,,
05EA005,2026-07-31T23:50:00Z,46,1.040,,,Provisional/Provisoire,,
05EA005,2026-07-31T23:55:00Z,46,1.040,,,Provisional/Provisoire,,
05EA005,2026-08-01T00:00:00Z,46,1.040,,,Provisional/Provisoire,,
05EA005,2026-08-01T00:05:00Z,46,1.040,,,Provisional/Provisoire,,
05EA005,2026-08-01T00:10:00Z,46,1.040,,,Provisional/Provisoire,,
05EA005,2026-08-01T00:15:00Z,46,1.040,,,Provisional/Provisoire,,
05EA005,2026-08-01T00:20:00Z,46,1.040,,,Provisional/Provisoire,,
05EA005,2026-08-01T00:25:00Z,46,1.040,,,Provisional/Provisoire,,
05EA005,2026-08-01T00:30:00Z,46,1.040,,,Provisional/Provisoire,,
05EA005,2026-08-01T00:35:00Z,46,1.040,,,Provisional/Provisoire,,
05EA005,2026-08-01T00:40:00Z,46,1.040,,,Provisional/Provisoire,,
05EA005,2026-08-01T00:45:00Z,46,1.040,,,Provisional/Provisoire,,
05EA005,2026-08-01T00:50:00Z,46,1.039,,,Provisional/Provisoire,,
05EA005,2026-08-01T00:55:00Z,46,1.039,,,Provisional/Provisoire,,
05EA005,2026-08-01T01:00:00Z,46,1.039,,,Provisional/Provisoire,,
05EA005,2026-08-01T01:05:00Z,46,1.039,,,Provisional/Provisoire,,
05EA005,2026-08-01T01:10:00Z,46,1.039,,,Provisional/Provisoire,,
05EA005,2026-08-01T01:15:00Z,46,1.039,,,Provisional/Provisoire,,
05EA005,2026-08-01T01:20:00Z,46,1.039,,,Provisional/Provisoire,,
05EA005,2026-08-01T01:25:00Z,46,1.038,,,Provisional/Provisoire,,
05EA005,2026-08-01T01:30:00Z,46,1.038,,,Provisional/Provisoire,,
05EA005,2026-08-01T01:35:00Z,46,1.038,,,Provisional/Provisoire,,
05EA005,2026-08-01T01:40:00Z,46,1.038,,,Provisional/Provisoire,,
05EA005,2026-08-01T01:45:00Z,46,1.038,,,Provisional/Provisoire,,
05EA005,2026-08-01T01:50:00Z,46,1.038,,,Provisional/Provisoire,,
05EA005,2026-08-01T01:55:00Z,46,1.037,,,Provisional/Provisoire,,
05EA005,2026-08-01T02:00:00Z,46,1.037,,,Provisional/Provisoire,,
05EA005,2026-08-01T02:05:00Z,46,1.037,,,Provisional/Provisoire,,
05EA005,2026-08-01T02:10:00Z,46,1.037,,,Provisional/Provisoire,,
05EA005,2026-08-01T02:15:00Z,46,1.037,,,Provisional/Provisoire,,
05EA005,2026-08-01T02:20:00Z,46,1.037,,,Provisional/Provisoire,,
05EA005,2026-08-01T02:25:00Z,46,1.036,,,Provisional/Provisoire,,
05EA005,2026-08-01T02:30:00Z,46,1.036,,,Provisional/Provisoire,,
05EA005,2026-08-01T02:35:00Z,46,1.036,,,Provisional/Provisoire,,
05EA005,2026-08-01T02:40:00Z,46,1.036,,,Provisional/Provisoire,,
05EA005,2026-08-01T02:45:00Z,46,1.036,,,Provisional/Provisoire,,
05EA005,2026-08-01T02:50:00Z,46,1.036,,,Provisional/Provisoire,,
05EA005,2026-08-01T02:55:00Z,46,1.035,,,Provisional/Provisoire,,
05EA005,2026-08-01T03:00:00Z,46,1.035,,,Provisional/Provisoire,,
05EA005,2026-08-01T03:05:00Z,46,1.035,,,Provisional/Provisoire,,
05EA005,2026-08-01T03:10:00Z,46,1.035,,,Provisional/Provisoire,,
05EA005,2026-08-01T03:15:00Z,46,1.035,,,Provisional/Provisoire,,
05EA005,2026-08-01T03:20:00Z,46,1.035,,,Provisional/Provisoire,,
05EA005,2026-08-01T03:25:00Z,46,1.034,,,Provisional/Provisoire,,
05EA005,2026-08-01T03:30:00Z,46,1.034,,,Provisional/Provisoire,,
05EA005,2026-08-01T03:35:00Z,46,1.034,,,Provisional/Provisoire,,
05EA005,2026-08-01T03:40:00Z,46,1.034,,,Provisional/Provisoire,,
05EA005,2026-08-01T03:45:00Z,46,1.034,,,Provisional/Provisoire,,
05EA005,2026-08-01T03:50:00Z,46,1.034,,,Provisional/Provisoire,,
05EA005,2026-08-01T03:55:00Z,46,1.033,,,Provisional/Provisoire,,
05EA005,2026-08-01T04:00:00Z,46,1.033,,,Provisional/Provisoire,,
05EA005,2026-08-01T04:05:00Z,46,1.033,,,Provisional/Provisoire,,
05EA005,2026-08-01T04:10:00Z,46,1.033,,,Provisional/Provisoire,,
05EA005,2026-08-01T04:15:00Z,46,1.033,,,Provisional/Provisoire,,
05EA005,2026-08-01T04:20:00Z,46,1.033,,,Provisional/Provisoire,,
05EA005,2026-08-01T04:25:00Z,46,1.032,,,Provisional/Provisoire,,
05EA005,2026-08-01T04:30:00Z,46,1.032,,,Provisional/Provisoire,,
05EA005,2026-08-01T04:35:00Z,46,1.032,,,Provisional/Provisoire,,
05EA005,2026-08-01T04:40:00Z,46,1.032,,,Provisional/Provisoire,,
05EA005,2026-08-01T04:45:00Z,46,1.032,,,Provisional/Provisoire,,
05EA005,2026-08-01T04:50:00Z,46,1.031,,,Provisional/Provisoire,,
05EA005,2026-08-01T04:55:00Z,46,1.031,,,Provisional/Provisoire,,
05EA005,2026-08-01T05:00:00Z,46,1.031,,,Provisional/Provisoire,,
05EA005,2026-08-01T05:05:00Z,46,1.031,,,Provisional/Provisoire,,
05EA005,2026-08-01T05:10:00Z,46,1.031,,,Provisional/Provisoire,,
05EA005,2026-08-01T05:15:00Z,46,1.030,,,Provisional/Provisoire,,
05EA005,2026-08-01T05:20:00Z,46,1.030,,,Provisional/Provisoire,,
05EA005,2026-08-01T05:25:00Z,46,1.030,,,Provisional/Provisoire,,
05EA005,2026-08-01T05:30:00Z,46,1.030,,,Provisional/Provisoire,,
05EA005,2026-08-01T05:35:00Z,46,1.030,,,Provisional/Provisoire,,
05EA005,2026-08-01T05:40:00Z,46,1.029,,,Provisional/Provisoire,,
05EA005,2026-08-01T05:45:00Z,46,1.029,,,Provisional/Provisoire,,
05EA005,2026-08-01T05:50:00Z,46,1.029,,,Provisional/Provisoire,,
05EA005,2026-08-01T05:55:00Z,46,1.029,,,Provisional/Provisoire,,
05EA005,2026-08-01T06:00:00Z,46,1.029,,,Provisional/Provisoire,,
05EA005,2026-08-01T06:05:00Z,46,1.028,,,Provisional/Provisoire,,
05EA005,2026-08-01T06:10:00Z,46,1.028,,,Provisional/Provisoire,,
05EA005,2026-08-01T06:15:00Z,46,1.028,,,Provisional/Provisoire,,
05EA005,2026-08-01T06:20:00Z,46,1.028,,,Provisional/Provisoire,,
05EA005,2026-08-01T06:25:00Z,46,1.028,,,Provisional/Provisoire,,
05EA005,2026-08-01T06:30:00Z,46,1.027,,,Provisional/Provisoire,,
05EA005,2026-08-01T06:35:00Z,46,1.027,,,Provisional/Provisoire,,
05EA005,2026-08-01T06:40:00Z,46,1.027,,,Provisional/Provisoire,,
05EA005,2026-08-01T06:45:00Z,46,1.027,,,Provisional/Provisoire,,
05EA005,2026-08-01T06:50:00Z,46,1.027,,,Provisional/Provisoire,,
05EA005,2026-08-01T06:55:00Z,46,1.026,,,Provisional/Provisoire,,
05EA005,2026-08-01T07:00:00Z,46,1.026,,,Provisional/Provisoire,,
05EA005,2026-08-01T07:05:00Z,46,1.026,,,Provisional/Provisoire,,
05EA005,2026-08-01T07:10:00Z,46,1.026,,,Provisional/Provisoire,,
05EA005,2026-08-01T07:15:00Z,46,1.026,,,Provisional/Provisoire,,
05EA005,2026-08-01T07:20:00Z,46,1.025,,,Provisional/Provisoire,,
05EA005,2026-08-01T07:25:00Z,46,1.025,,,Provisional/Provisoire,,
05EA005,2026-08-01T07:30:00Z,46,1.025,,,Provisional/Provisoire,,
05EA005,2026-08-01T07:35:00Z,46,1.025,,,Provisional/Provisoire,,
05EA005,2026-08-01T07:40:00Z,46,1.025,,,Provisional/Provisoire,,
05EA005,2026-08-01T07:45:00Z,46,1.025,,,Provisional/Provisoire,,
05EA005,2026-08-01T07:50:00Z,46,1.025,,,Provisional/Provisoire,,
05EA005,2026-08-01T07:55:00Z,46,1.025,,,Provisional/Provisoire,,
05EA005,2026-08-01T08:00:00Z,46,1.025,,,Provisional/Provisoire,,
05EA005,2026-08-01T08:05:00Z,46,1.025,,,Provisional/Provisoire,,
05EA005,2026-08-01T08:10:00Z,46,1.025,,,Provisional/Provisoire,,
05EA005,2026-08-01T08:15:00Z,46,1.024,,,Provisional/Provisoire,,
05EA005,2026-08-01T08:20:00Z,46,1.024,,,Provisional/Provisoire,,
05EA005,2026-08-01T08:25:00Z,46,1.024,,,Provisional/Provisoire,,
05EA005,2026-08-01T08:30:00Z,46,1.024,,,Provisional/Provisoire,,
05EA005,2026-08-01T08:35:00Z,46,1.024,,,Provisional/Provisoire,,
05EA005,2026-08-01T08:40:00Z,46,1.023,,,Provisional/Provisoire,,
05EA005,2026-08-01T08:45:00Z,46,1.023,,,Provisional/Provisoire,,
05EA005,2026-08-01T08:50:00Z,46,1.023,,,Provisional/Provisoire,,
05EA005,2026-08-01T08:55:00Z,46,1.023,,,Provisional/Provisoire,,
05EA005,2026-08-01T09:00:00Z,46,1.023,,,Provisional/Provisoire,,
05EA005,2026-08-01T09:05:00Z,46,1.023,,,Provisional/Provisoire,,
05EA005,2026-08-01T09:10:00Z,46,1.022,,,Provisional/Provisoire,,
05EA005,2026-08-01T09:15:00Z,46,1.022,,,Provisional/Provisoire,,
05EA005,2026-08-01T09:20:00Z,46,1.022,,,Provisional/Provisoire,,
05EA005,2026-08-01T09:25:00Z,46,1.022,,,Provisional/Provisoire,,
05EA005,2026-08-01T09:30:00Z,46,1.022,,,Provisional/Provisoire,,
05EA005,2026-08-01T09:35:00Z,46,1.021,,,Provisional/Provisoire,,
05EA005,2026-08-01T09:40:00Z,46,1.021,,,Provisional/Provisoire,,
05EA005,2026-08-01T09:45:00Z,46,1.021,,,Provisional/Provisoire,,
05EA005,2026-08-01T09:50:00Z,46,1.021,,,Provisional/Provisoire,,
05EA005,2026-08-01T09:55:00Z,46,1.021,,,Provisional/Provisoire,,
05EA005,2026-08-01T10:00:00Z,46,1.020,,,Provisional/Provisoire,,
05EA005,2026-08-01T10:05:00Z,46,1.020,,,Provisional/Provisoire,,
05EA005,2026-08-01T10:10:00Z,46,1.020,,,Provisional/Provisoire,,
05EA005,2026-08-01T10:15:00Z,46,1.020,,,Provisional/Provisoire,,
05EA005,2026-08-01T10:20:00Z,46,1.020,,,Provisional/Provisoire,,
05EA005,2026-08-01T10:25:00Z,46,1.020,,,Provisional/Provisoire,,
05EA005,2026-08-01T10:30:00Z,46,1.019,,,Provisional/Provisoire,,
05EA005,2026-08-01T10:35:00Z,46,1.019,,,Provisional/Provisoire,,
05EA005,2026-08-01T10:40:00Z,46,1.019,,,Provisional/Provisoire,,
05EA005,2026-08-01T10:45:00Z,46,1.019,,,Provisional/Provisoire,,
05EA005,2026-08-01T10:50:00Z,46,1.019,,,Provisional/Provisoire,,
05EA005,2026-08-01T10:55:00Z,46,1.018,,,Provisional/Provisoire,,
05EA005,2026-08-01T11:00:00Z,46,1.018,,,Provisional/Provisoire,,
05EA005,2026-08-01T11:05:00Z,46,1.018,,,Provisional/Provisoire,,
05EA005,2026-08-01T11:10:00Z,46,1.018,,,Provisional/Provisoire,,
05EA005,2026-08-01T11:15:00Z,46,1.018,,,Provisional/Provisoire,,
05EA005,2026-08-01T11:20:00Z,46,1.017,,,Provisional/Provisoire,,
05EA005,2026-08-01T11:25:00Z,46,1.017,,,Provisional/Provisoire,,
05EA005,2026-08-01T11:30:00Z,46,1.017,,,Provisional/Provisoire,,
05EA005,2026-08-01T11:35:00Z,46,1.017,,,Provisional/Provisoire,,
05EA005,2026-08-01T11:40:00Z,46,1.017,,,Provisional/Provisoire,,
05EA005,2026-08-01T11:45:00Z,46,1.017,,,Provisional/Provisoire,,
05EA005,2026-08-01T11:50:00Z,46,1.016,,,Provisional/Provisoire,,
05EA005,2026-08-01T11:55:00Z,46,1.016,,,Provisional/Provisoire,,
05EA005,2026-08-01T12:00:00Z,46,1.016,,,Provisional/Provisoire,,
05EA005,2026-08-01T12:05:00Z,46,1.016,,,Provisional/Provisoire,,
05EA005,2026-08-01T12:10:00Z,46,1.016,,,Provisional/Provisoire,,
05EA005,2026-08-01T12:15:00Z,46,1.015,,,Provisional/Provisoire,,
05EA005,2026-08-01T12:20:00Z,46,1.015,,,Provisional/Provisoire,,
05EA005,2026-08-01T12:25:00Z,46,1.015,,,Provisional/Provisoire,,
05EA005,2026-08-01T12:30:00Z,46,1.015,,,Provisional/Provisoire,,
05EA005,2026-08-01T12:35:00Z,46,1.015,,,Provisional/Provisoire,,
05EA005,2026-08-01T12:40:00Z,46,1.014,,,Provisional/Provisoire,,
05EA005,2026-08-01T12:45:00Z,46,1.014,,,Provisional/Provisoire,,
05EA005,2026-08-01T12:50:00Z,46,1.014,,,Provisional/Provisoire,,
05EA005,2026-08-01T12:55:00Z,46,1.014,,,Provisional/Provisoire,,
05EA005,2026-08-01T13:00:00Z,46,1.014,,,Provisional/Provisoire,,
05EA005,2026-08-01T13:05:00Z,46,1.013,,,Provisional/Provisoire,,
05EA005,2026-08-01T13:10:00Z,46,1.013,,,Provisional/Provisoire,,
05EA005,2026-08-01T13:15:00Z,46,1.013,,,Provisional/Provisoire,,
05EA005,2026-08-01T13:20:00Z,46,1.013,,,Provisional/Provisoire,,
05EA005,2026-08-01T13:25:00Z,46,1.013,,,Provisional/Provisoire,,
05EA005,2026-08-01T13:30:00Z,46,1.012,,,Provisional/Provisoire,,
05EA005,2026-08-01T13:35:00Z,46,1.012,,,Provisional/Provisoire,,
05EA005,2026-08-01T13:40:00Z,46,1.012,,,Provisional/Provisoire,,
05EA005,2026-08-01T13:45:00Z,46,1.012,,,Provisional/Provisoire,,
05EA005,2026-08-01T13:50:00Z,46,1.012,,,Provisional/Provisoire,,
05EA005,2026-08-01T13:55:00Z,46,1.011,,,Provisional/Provisoire,,
05EA005,2026-08-01T14:00:00Z,46,1.011,,,Provisional/Provisoire,,
05EA005,2026-08-01T14:05:00Z,46,1.011,,,Provisional/Provisoire,,
05EA005,2026-08-01T14:10:00Z,46,1.011,,,Provisional/Provisoire,,
05EA005,2026-08-01T14:15:00Z,46,1.011,,,Provisional/Provisoire,,
05EA005,2026-08-01T14:20:00Z,46,1.010,,,Provisional/Provisoire,,
05EA005,2026-08-01T14:25:00Z,46,1.010,,,Provisional/Provisoire,,
05EA005,2026-08-01T14:30:00Z,46,1.010,,,Provisional/Provisoire,,
05EA005,2026-08-01T14:35:00Z,46,1.010,,,Provisional/Provisoire,,
05EA005,2026-08-01T14:40:00Z,46,1.010,,,Provisional/Provisoire,,
05EA005,2026-08-01T14:45:00Z,46,1.010,,,Provisional/Provisoire,,
05EA005,2026-08-01T14:50:00Z,46,1.010,,,Provisional/Provisoire,,
05EA005,2026-08-01T14:55:00Z,46,1.010,,,Provisional/Provisoire,,
05EA005,2026-08-01T15:00:00Z,46,1.010,,,Provisional/Provisoire,,
05EA005,2026-08-01T15:05:00Z,46,1.009,,,Provisional/Provisoire,,
05EA005,2026-08-01T15:10:00Z,46,1.009,,,Provisional/Provisoire,,
05EA005,2026-08-01T15:15:00Z,46,1.009,,,Provisional/Provisoire,,
05EA005,2026-08-01T15:20:00Z,46,1.009,,,Provisional/Provisoire,,
05EA005,2026-08-01T15:25:00Z,46,1.008,,,Provisional/Provisoire,,
05EA005,2026-08-01T15:30:00Z,46,1.008,,,Provisional/Provisoire,,
05EA005,2026-08-01T15:35:00Z,46,1.008,,,Provisional/Provisoire,,
05EA005,2026-08-01T15:40:00Z,46,1.008,,,Provisional/Provisoire,,
05EA005,2026-08-01T15:45:00Z,46,1.007,,,Provisional/Provisoire,,
05EA005,2026-08-01T15:50:00Z,46,1.007,,,Provisional/Provisoire,,
05EA005,2026-08-01T15:55:00Z,46,1.007,,,Provisional/Provisoire,,
05EA005,2026-08-01T16:00:00Z,46,1.007,,,Provisional/Provisoire,,
05EA005,2026-08-01T16:05:00Z,46,1.006,,,Provisional/Provisoire,,
05EA005,2026-08-01T16:10:00Z,46,1.006,,,Provisional/Provisoire,,
05EA005,2026-08-01T16:15:00Z,46,1.006,,,Provisional/Provisoire,,
05EA005,2026-08-01T16:20:00Z,46,1.005,,,Provisional/Provisoire,,
05EA005,2026-08-01T16:25:00Z,46,1.005,,,Provisional/Provisoire,,
05EA005,2026-08-01T16:30:00Z,46,1.005,,,Provisional/Provisoire,,
05EA005,2026-08-01T16:35:00Z,46,1.004,,,Provisional/Provisoire,,
05EA005,2026-08-01T16:40:00Z,46,1.004,,,Provisional/Provisoire,,
05EA005,2026-08-01T16:45:00Z,46,1.004,,,Provisional/Provisoire,,
05EA005,2026-08-01T16:50:00Z,46,1.004,,,Provisional/Provisoire,,
05EA005,2026-08-01T16:55:00Z,46,1.003,,,Provisional/Provisoire,,
05EA005,2026-08-01T17:00:00Z,46,1.003,,,Provisional/Provisoire,,
05EA005,2026-08-01T17:05:00Z,46,1.003,,,Provisional/Provisoire,,
05EA005,2026-08-01T17:10:00Z,46,1.003,,,Provisional/Provisoire,,
05EA005,2026-08-01T17:15:00Z,46,1.002,,,Provisional/Provisoire,,
05EA005,2026-08-01T17:20:00Z,46,1.002,,,Provisional/Provisoire,,
05EA005,2026-08-01T17:25:00Z,46,1.002,,,Provisional/Provisoire,,
05EA005,2026-08-01T17:30:00Z,46,1.001,,,Provisional/Provisoire,,
05EA005,2026-08-01T17:35:00Z,46,1.001,,,Provisional/Provisoire,,
05EA005,2026-08-01T17:40:00Z,46,1.001,,,Provisional/Provisoire,,
05EA005,2026-08-01T17:45:00Z,46,1.001,,,Provisional/Provisoire,,
05EA005,2026-08-01T17:50:00Z,46,1.000,,,Provisional/Provisoire,,
05EA005,2026-08-01T17:55:00Z,46,1.000,,,Provisional/Provisoire,,
05EA005,2026-08-01T18:00:00Z,46,1.000,,,Provisional/Provisoire,,
05EA005,2026-08-01T18:05:00Z,46,1.000,,,Provisional/Provisoire,,
05EA005,2026-08-01T18:10:00Z,46,0.999,,,Provisional/Provisoire,,
05EA005,2026-08-01T18:15:00Z,46,0.999,,,Provisional/Provisoire,,
05EA005,2026-08-01T18:20:00Z,46,0.999,,,Provisional/Provisoire,,
05EA005,2026-08-01T18:25:00Z,46,0.998,,,Provisional/Provisoire,,
05EA005,2026-08-01T18:30:00Z,46,0.998,,,Provisional/Provisoire,,
05EA005,2026-08-01T18:35:00Z,46,0.998,,,Provisional/Provisoire,,
05EA005,2026-08-01T18:40:00Z,46,0.998,,,Provisional/Provisoire,,
05EA005,2026-08-01T18:45:00Z,46,0.997,,,Provisional/Provisoire,,
05EA005,2026-08-01T18:50:00Z,46,0.997,,,Provisional/Provisoire,,
05EA005,2026-08-01T18:55:00Z,46,0.997,,,Provisional/Provisoire,,
05EA005,2026-08-01T19:00:00Z,46,0.996,,,Provisional/Provisoire,,
05EA005,2026-08-01T19:05:00Z,46,0.996,,,Provisional/Provisoire,,
05EA005,2026-08-01T19:10:00Z,46,0.996,,,Provisional/Provisoire,,
05EA005,2026-08-01T19:15:00Z,46,0.996,,,Provisional/Provisoire,,
05EA005,2026-08-01T19:20:00Z,46,0.995,,,Provisional/Provisoire,,
05EA005,2026-08-01T19:25:00Z,46,0.995,,,Provisional/Provisoire,,
05EA005,2026-08-01T19:30:00Z,46,0.995,,,Provisional/Provisoire,,
05EA005,2026-08-01T19:35:00Z,46,0.995,,,Provisional/Provisoire,,
05EA005,2026-08-01T19:40:00Z,46,0.995,,,Provisional/Provisoire,,
05EA005,2026-08-01T19:45:00Z,46,0.995,,,Provisional/Provisoire,,
05EA005,2026-08-01T19:50:00Z,46,0.995,,,Provisional/Provisoire,,
05EA005,2026-08-01T19:55:00Z,46,0.994,,,Provisional/Provisoire,,
05EA005,2026-08-01T20:00:00Z,46,0.994,,,Provisional/Provisoire,,
05EA005,2026-08-01T20:05:00Z,46,0.994,,,Provisional/Provisoire,,
05EA005,2026-08-01T20:10:00Z,46,0.994,,,Provisional/Provisoire,,
05EA005,2026-08-01T20:15:00Z,46,0.993,,,Provisional/Provisoire,,
05EA005,2026-08-01T20:20:00Z,46,0.993,,,Provisional/Provisoire,,
05EA005,2026-08-01T20:25:00Z,46,0.993,,,Provisional/Provisoire,,
05EA005,2026-08-01T20:30:00Z,46,0.993,,,Provisional/Provisoire,,
05EA005,2026-08-01T20:35:00Z,46,0.993,,,Provisional/Provisoire,,
05EA005,2026-08-01T20:40:00Z,46,0.992,,,Provisional/Provisoire,,
05EA005,2026-08-01T20:45:00Z,46,0.992,,,Provisional/Provisoire,,
05EA005,2026-08-01T20:50:00Z,46,0.992,,,Provisional/Provisoire,,
05EA005,2026-08-01T20:55:00Z,46,0.992,,,Provisional/Provisoire,,
05EA005,2026-08-01T21:00:00Z,46,0.991,,,Provisional/Provisoire,,
05EA005,2026-08-01T21:05:00Z,46,0.991,,,Provisional/Provisoire,,
05EA005,2026-08-01T21:10:00Z,46,0.991,,,Provisional/Provisoire,,
05EA005,2026-08-01T21:15:00Z,46,0.991,,,Provisional/Provisoire,,
05EA005,2026-08-01T21:20:00Z,46,0.990,,,Provisional/Provisoire,,
05EA005,2026-08-01T21:25:00Z,46,0.990,,,Provisional/Provisoire,,
05EA005,2026-08-01T21:30:00Z,46,0.990,,,Provisional/Provisoire,,
05EA005,2026-08-01T21:35:00Z,46,0.990,,,Provisional/Provisoire,,
05EA005,2026-08-01T21:40:00Z,46,0.990,,,Provisional/Provisoire,,
05EA005,2026-08-01T21:45:00Z,46,0.990,,,Provisional/Provisoire,,
05EA005,2026-08-01T21:50:00Z,46,0.989,,,Provisional/Provisoire,,
05EA005,2026-08-01T21:55:00Z,46,0.989,,,Provisional/Provisoire,,
05EA005,2026-08-01T22:00:00Z,46,0.989,,,Provisional/Provisoire,,
05EA005,2026-08-01T22:05:00Z,46,0.989,,,Provisional/Provisoire,,
05EA005,2026-08-01T22:10:00Z,46,0.989,,,Provisional/Provisoire,,
05EA005,2026-08-01T22:15:00Z,46,0.989,,,Provisional/Provisoire,,
05EA005,2026-08-01T22:20:00Z,46,0.988,,,Provisional/Provisoire,,
05EA005,2026-08-01T22:25:00Z,46,0.988,,,Provisional/Provisoire,,
05EA005,2026-08-01T22:30:00Z,46,0.988,,,Provisional/Provisoire,,
05EA005,2026-08-01T22:35:00Z,46,0.988,,,Provisional/Provisoire,,
05EA005,2026-08-01T22:40:00Z,46,0.988,,,Provisional/Provisoire,,
05EA005,2026-08-01T22:45:00Z,46,0.987,,,Provisional/Provisoire,,
05EA005,2026-08-01T22:50:00Z,46,0.987,,,Provisional/Provisoire,,
05EA005,2026-08-01T22:55:00Z,46,0.987,,,Provisional/Provisoire,,
05EA005,2026-08-01T23:00:00Z,46,0.987,,,Provisional/Provisoire,,
05EA005,2026-08-01T23:05:00Z,46,0.987,,,Provisional/Provisoire,,
05EA005,2026-08-01T23:10:00Z,46,0.987,,,Provisional/Provisoire,,
05EA005,2026-08-01T23:15:00Z,46,0.986,,,Provisional/Provisoire,,
05EA005,2026-08-01T23:20:00Z,46,0.986,,,Provisional/Provisoire,,
05EA005,2026-08-01T23:25:00Z,46,0.986,,,Provisional/Provisoire,,
05EA005,2026-08-01T23:30:00Z,46,0.986,,,Provisional/Provisoire,,
05EA005,2026-08-01T23:35:00Z,46,0.986,,,Provisional/Provisoire,,
05EA005,2026-08-01T23:40:00Z,46,0.986,,,Provisional/Provisoire,,
05EA005,2026-08-01T23:45:00Z,46,0.986,,,Provisional/Provisoire,,
05EA005,2026-08-01T23:50:00Z,46,0.985,,,Provisional/Provisoire,,
05EA005,2026-08-01T23:55:00Z,46,0.985,,,Provisional/Provisoire,,
05EA005,2026-08-02T00:00:00Z,46,0.985,,,Provisional/Provisoire,,
05EA005,2026-08-02T00:05:00Z,46,0.985,,,Provisional/Provisoire,,
05EA005,2026-08-02T00:10:00Z,46,0.985,,,Provisional/Provisoire,,
05EA005,2026-08-02T00:15:00Z,46,0.985,,,Provisional/Provisoire,,
05EA005,2026-08-02T00:20:00Z,46,0.985,,,Provisional/Provisoire,,
05EA005,2026-08-02T00:25:00Z,46,0.984,,,Provisional/Provisoire,,
05EA005,2026-08-02T00:30:00Z,46,0.984,,,Provisional/Provisoire,,
05EA005,2026-08-02T00:35:00Z,46,0.984,,,Provisional/Provisoire,,
05EA005,2026-08-02T00:40:00Z,46,0.984,,,Provisional/Provisoire,,
05EA005,2026-08-02T00:45:00Z,46,0.984,,,Provisional/Provisoire,,
05EA005,2026-08-02T00:50:00Z,46,0.984,,,Provisional/Provisoire,,
05EA005,2026-08-02T00:55:00Z,46,0.984,,,Provisional/Provisoire,,
05EA005,2026-08-02T01:00:00Z,46,0.984,,,Provisional/Provisoire,,
05EA005,2026-08-02T01:05:00Z,46,0.984,,,Provisional/Provisoire,,
05EA005,2026-08-02T01:10:00Z,46,0.984,,,Provisional/Provisoire,,
05EA005,2026-08-02T01:15:00Z,46,0.984,,,Provisional/Provisoire,,
05EA005,2026-08-02T01:20:00Z,46,0.984,,,Provisional/Provisoire,,
05EA005,2026-08-02T01:25:00Z,46,0.983,,,Provisional/Provisoire,,
05EA005,2026-08-02T01:30:00Z,46,0.983,,,Provisional/Provisoire,,
05EA005,2026-08-02T01:35:00Z,46,0.983,,,Provisional/Provisoire,,
05EA005,2026-08-02T01:40:00Z,46,0.983,,,Provisional/Provisoire,,
05EA005,2026-08-02T01:45:00Z,46,0.983,,,Provisional/Provisoire,,
05EA005,2026-08-02T01:50:00Z,46,0.983,,,Provisional/Provisoire,,
05EA005,2026-08-02T01:55:00Z,46,0.983,,,Provisional/Provisoire,,
05EA005,2026-08-02T02:00:00Z,46,0.983,,,Provisional/Provisoire,,
05EA005,2026-08-02T02:05:00Z,46,0.982,,,Provisional/Provisoire,,
05EA005,2026-08-02T02:10:00Z,46,0.982,,,Provisional/Provisoire,,
05EA005,2026-08-02T02:15:00Z,46,0.982,,,Provisional/Provisoire,,
05EA005,2026-08-02T02:20:00Z,46,0.982,,,Provisional/Provisoire,,
05EA005,2026-08-02T02:25:00Z,46,0.982,,,Provisional/Provisoire,,
05EA005,2026-08-02T02:30:00Z,46,0.982,,,Provisional/Provisoire,,
05EA005,2026-08-02T02:35:00Z,46,0.982,,,Provisional/Provisoire,,
05EA005,2026-08-02T02:40:00Z,46,0.982,,,Provisional/Provisoire,,
05EA005,2026-08-02T02:45:00Z,46,0.982,,,Provisional/Provisoire,,
05EA005,2026-08-02T02:50:00Z,46,0.982,,,Provisional/Provisoire,,
05EA005,2026-08-02T02:55:00Z,46,0.982,,,Provisional/Provisoire,,
05EA005,2026-08-02T03:00:00Z,46,0.982,,,Provisional/Provisoire,,
05EA005,2026-08-02T03:05:00Z,46,0.982,,,Provisional/Provisoire,,
05EA005,2026-08-02T03:10:00Z,46,0.982,,,Provisional/Provisoire,,
05EA005,2026-08-02T03:15:00Z,46,0.981,,,Provisional/Provisoire,,
05EA005,2026-08-02T03:20:00Z,46,0.981,,,Provisional/Provisoire,,
05EA005,2026-08-02T03:25:00Z,46,0.981,,,Provisional/Provisoire,,
05EA005,2026-08-02T03:30:00Z,46,0.981,,,Provisional/Provisoire,,
05EA005,2026-08-02T03:35:00Z,46,0.981,,,Provisional/Provisoire,,
05EA005,2026-08-02T03:40:00Z,46,0.981,,,Provisional/Provisoire,,
05EA005,2026-08-02T03:45:00Z,46,0.981,,,Provisional/Provisoire,,
05EA005,2026-08-02T03:50:00Z,46,0.981,,,Provisional/Provisoire,,
05EA005,2026-08-02T03:55:00Z,46,0.981,,,Provisional/Provisoire,,
05EA005,2026-08-02T04:00:00Z,46,0.981,,,Provisional/Provisoire,,
05EA005,2026-08-02T04:05:00Z,46,0.981,,,Provisional/Provisoire,,
05EA005,2026-08-02T04:10:00Z,46,0.981,,,Provisional/Provisoire,,
05EA005,2026-08-02T04:15:00Z,46,0.981,,,Provisional/Provisoire,,
05EA005,2026-08-02T04:20:00Z,46,0.981,,,Provisional/Provisoire,,
05EA005,2026-08-02T04:25:00Z,46,0.981,,,Provisional/Provisoire,,
05EA005,2026-08-02T04:30:00Z,46,0.981,,,Provisional/Provisoire,,
05EA005,2026-08-02T04:35:00Z,46,0.981,,,Provisional/Provisoire,,
05EA005,2026-08-02T04:40:00Z,46,0.981,,,Provisional/Provisoire,,
05EA005,2026-08-02T04:45:00Z,46,0.981,,,Provisional/Provisoire,,
05EA005,2026-08-02T04:50:00Z,46,0.981,,,Provisional/Provisoire,,
05EA005,2026-08-02T04:55:00Z,46,0.981,,,Provisional/Provisoire,,
05EA005,2026-08-02T05:00:00Z,46,0.981,,,Provisional/Provisoire,,
05EA005,2026-08-02T05:05:00Z,46,0.981,,,Provisional/Provisoire,,
05EA005,2026-08-02T05:10:00Z,46,0.981,,,Provisional/Provisoire,,
05EA005,2026-08-02T05:15:00Z,46,0.981,,,Provisional/Provisoire,,
05EA005,2026-08-02T05:20:00Z,46,0.980,,,Provisional/Provisoire,,
05EA005,2026-08-02T05:25:00Z,46,0.980,,,Provisional/Provisoire,,
05EA005,2026-08-02T05:30:00Z,46,0.980,,,Provisional/Provisoire,,
05EA005,2026-08-02T05:35:00Z,46,0.980,,,Provisional/Provisoire,,
05EA005,2026-08-02T05:40:00Z,46,0.980,,,Provisional/Provisoire,,
05EA005,2026-08-02T05:45:00Z,46,0.980,,,Provisional/Provisoire,,
05EA005,2026-08-02T05:50:00Z,46,0.980,,,Provisional/Provisoire,,
05EA005,2026-08-02T05:55:00Z,46,0.980,,,Provisional/Provisoire,,
05EA005,2026-08-02T06:00:00Z,46,0.980,,,Provisional/Provisoire,,
05EA005,2026-08-02T06:05:00Z,46,0.980,,,Provisional/Provisoire,,
05EA005,2026-08-02T06:10:00Z,46,0.980,,,Provisional/Provisoire,,
05EA005,2026-08-02T06:15:00Z,46,0.980,,,Provisional/Provisoire,,
05EA005,2026-08-02T06:20:00Z,46,0.980,,,Provisional/Provisoire,,
05EA005,2026-08-02T06:25:00Z,46,0.979,,,Provisional/Provisoire,,
05EA005,2026-08-02T06:30:00Z,46,0.979,,,Provisional/Provisoire,,
05EA005,2026-08-02T06:35:00Z,46,0.979,,,Provisional/Provisoire,,
05EA005,2026-08-02T06:40:00Z,46,0.979,,,Provisional/Provisoire,,
05EA005,2026-08-02T06:45:00Z,46,0.979,,,Provisional/Provisoire,,
05EA005,2026-08-02T06:50:00Z,46,0.979,,,Provisional/Provisoire,,
05EA005,2026-08-02T06:55:00Z,46,0.979,,,Provisional/Provisoire,,
05EA005,2026-08-02T07:00:00Z,46,0.979,,,Provisional/Provisoire,,
05EA005,2026-08-02T07:05:00Z,46,0.979,,,Provisional/Provisoire,,
05EA005,2026-08-02T07:10:00Z,46,0.979,,,Provisional/Provisoire,,
05EA005,2026-08-02T07:15:00Z,46,0.979,,,Provisional/Provisoire,,
05EA005,2026-08-02T07:20:00Z,46,0.979,,,Provisional/Provisoire,,
05EA005,2026-08-02T07:25:00Z,46,0.979,,,Provisional/Provisoire,,
05EA005,2026-08-02T07:30:00Z,46,0.979,,,Provisional/Provisoire,,
05EA005,2026-08-02T07:35:00Z,46,0.979,,,Provisional/Provisoire,,
05EA005,2026-08-02T07:40:00Z,46,0.979,,,Provisional/Provisoire,,
05EA005,2026-08-02T07:45:00Z,46,0.978,,,Provisional/Provisoire,,
05EA005,2026-08-02T07:50:00Z,46,0.978,,,Provisional/Provisoire,,
05EA005,2026-08-02T07:55:00Z,46,0.978,,,Provisional/Provisoire,,
05EA005,2026-08-02T08:00:00Z,46,0.978,,,Provisional/Provisoire,,
05EA005,2026-08-02T08:05:00Z,46,0.978,,,Provisional/Provisoire,,
05EA005,2026-08-02T08:10:00Z,46,0.978,,,Provisional/Provisoire,,
05EA005,2026-08-02T08:15:00Z,46,0.978,,,Provisional/Provisoire,,
05EA005,2026-08-02T08:20:00Z,46,0.978,,,Provisional/Provisoire,,
05EA005,2026-08-02T08:25:00Z,46,0.978,,,Provisional/Provisoire,,
05EA005,2026-08-02T08:30:00Z,46,0.978,,,Provisional/Provisoire,,
05EA005,2026-08-02T08:35:00Z,46,0.978,,,Provisional/Provisoire,,
05EA005,2026-08-02T08:40:00Z,46,0.978,,,Provisional/Provisoire,,
05EA005,2026-08-02T08:45:00Z,46,0.978,,,Provisional/Provisoire,,
05EA005,2026-08-02T08:50:00Z,46,0.979,,,Provisional/Provisoire,,
05EA005,2026-08-02T08:55:00Z,46,0.979,,,Provisional/Provisoire,,
05EA005,2026-08-02T09:00:00Z,46,0.979,,,Provisional/Provisoire,,
05EA005,2026-08-02T09:05:00Z,46,0.979,,,Provisional/Provisoire,,
05EA005,2026-08-02T09:10:00Z,46,0.979,,,Provisional/Provisoire,,
05EA005,2026-08-02T09:15:00Z,46,0.980,,,Provisional/Provisoire,,
05EA005,2026-08-02T09:20:00Z,46,0.980,,,Provisional/Provisoire,,
05EA005,2026-08-02T09:25:00Z,46,0.980,,,Provisional/Provisoire,,
05EA005,2026-08-02T09:30:00Z,46,0.980,,,Provisional/Provisoire,,
05EA005,2026-08-02T09:35:00Z,46,0.980,,,Provisional/Provisoire,,
05EA005,2026-08-02T09:40:00Z,46,0.980,,,Provisional/Provisoire,,
05EA005,2026-08-02T09:45:00Z,46,0.980,,,Provisional/Provisoire,,
05EA005,2026-08-02T09:50:00Z,46,0.980,,,Provisional/Provisoire,,
05EA005,2026-08-02T09:55:00Z,46,0.980,,,Provisional/Provisoire,,
05EA005,2026-08-02T10:00:00Z,46,0.980,,,Provisional/Provisoire,,
05EA005,2026-08-02T10:05:00Z,46,0.980,,,Provisional/Provisoire,,
05EA005,2026-08-02T10:10:00Z,46,0.980,,,Provisional/Provisoire,,
05EA005,2026-08-02T10:15:00Z,46,0.980,,,Provisional/Provisoire,,
05EA005,2026-08-02T10:20:00Z,46,0.980,,,Provisional/Provisoire,,
05EA005,2026-08-02T10:25:00Z,46,0.980,,,Provisional/Provisoire,,
05EA005,2026-08-02T10:30:00Z,46,0.980,,,Provisional/Provisoire,,
05EA005,2026-08-02T10:35:00Z,46,0.979,,,Provisional/Provisoire,,
05EA005,2026-08-02T10:40:00Z,46,0.979,,,Provisional/Provisoire,,
05EA005,2026-08-02T10:45:00Z,46,0.979,,,Provisional/Provisoire,,
05EA005,2026-08-02T10:50:00Z,46,0.979,,,Provisional/Provisoire,,
05EA005,2026-08-02T10:55:00Z,46,0.979,,,Provisional/Provisoire,,
05EA005,2026-08-02T11:00:00Z,46,0.979,,,Provisional/Provisoire,,
05EA005,2026-08-02T11:05:00Z,46,0.979,,,Provisional/Provisoire,,
05EA005,2026-08-02T11:10:00Z,46,0.979,,,Provisional/Provisoire,,
05EA005,2026-08-02T11:15:00Z,46,0.979,,,Provisional/Provisoire,,
05EA005,2026-08-02T11:20:00Z,46,0.979,,,Provisional/Provisoire,,
05EA005,2026-08-02T11:25:00Z,46,0.978,,,Provisional/Provisoire,,
05EA005,2026-08-02T11:30:00Z,46,0.978,,,Provisional/Provisoire,,
05EA005,2026-08-02T11:35:00Z,46,0.978,,,Provisional/Provisoire,,
05EA005,2026-08-02T11:40:00Z,46,0.978,,,Provisional/Provisoire,,
05EA005,2026-08-02T11:45:00Z,46,0.978,,,Provisional/Provisoire,,
05EA005,2026-08-02T11:50:00Z,46,0.978,,,Provisional/Provisoire,,
05EA005,2026-08-02T11:55:00Z,46,0.978,,,Provisional/Provisoire,,
05EA005,2026-08-02T12:00:00Z,46,0.978,,,Provisional/Provisoire,,
05EA005,2026-08-02T12:05:00Z,46,0.977,,,Provisional/Provisoire,,
05EA005,2026-08-02T12:10:00Z,46,0.977,,,Provisional/Provisoire,,
05EA005,2026-08-02T12:15:00Z,46,0.977,,,Provisional/Provisoire,,
05EA005,2026-08-02T12:20:00Z,46,0.977,,,Provisional/Provisoire,,
05EA005,2026-08-02T12:25:00Z,46,0.977,,,Provisional/Provisoire,,
05EA005,2026-08-02T12:30:00Z,46,0.977,,,Provisional/Provisoire,,
05EA005,2026-08-02T12:35:00Z,46,0.977,,,Provisional/Provisoire,,
05EA005,2026-08-02T12:40:00Z,46,0.976,,,Provisional/Provisoire,,
05EA005,2026-08-02T12:45:00Z,46,0.976,,,Provisional/Provisoire,,
05EA005,2026-08-02T12:50:00Z,46,0.976,,,Provisional/Provisoire,,
05EA005,2026-08-02T12:55:00Z,46,0.976,,,Provisional/Provisoire,,
05EA005,2026-08-02T13:00:00Z,46,0.976,,,Provisional/Provisoire,,
05EA005,2026-08-02T13:05:00Z,46,0.976,,,Provisional/Provisoire,,
05EA005,2026-08-02T13:10:00Z,46,0.976,,,Provisional/Provisoire,,
05EA005,2026-08-02T13:15:00Z,46,0.975,,,Provisional/Provisoire,,
05EA005,2026-08-02T13:20:00Z,46,0.975,,,Provisional/Provisoire,,
05EA005,2026-08-02T13:25:00Z,46,0.975,,,Provisional/Provisoire,,
05EA005,2026-08-02T13:30:00Z,46,0.975,,,Provisional/Provisoire,,
05EA005,2026-08-02T13:35:00Z,46,0.975,,,Provisional/Provisoire,,
05EA005,2026-08-02T13:40:00Z,46,0.975,,,Provisional/Provisoire,,
05EA005,2026-08-02T13:45:00Z,46,0.975,,,Provisional/Provisoire,,
05EA005,2026-08-02T13:50:00Z,46,0.975,,,Provisional/Provisoire,,
05EA005,2026-08-02T13:55:00Z,46,0.975,,,Provisional/Provisoire,,
05EA005,2026-08-02T14:00:00Z,46,0.976,,,Provisional/Provisoire,,
05EA005,2026-08-02T14:05:00Z,46,0.976,,,Provisional/Provisoire,,
05EA005,2026-08-02T14:10:00Z,46,0.976,,,Provisional/Provisoire,,
05EA005,2026-08-02T14:15:00Z,46,0.976,,,Provisional/Provisoire,,
05EA005,2026-08-02T14:20:00Z,46,0.976,,,Provisional/Provisoire,,
05EA005,2026-08-02T14:25:00Z,46,0.977,,,Provisional/Provisoire,,
05EA005,2026-08-02T14:30:00Z,46,0.977,,,Provisional/Provisoire,,
05EA005,2026-08-02T14:35:00Z,46,0.977,,,Provisional/Provisoire,,
05EA005,2026-08-02T14:40:00Z,46,0.977,,,Provisional/Provisoire,,
05EA005,2026-08-02T14:45:00Z,46,0.977,,,Provisional/Provisoire,,
05EA005,2026-08-02T14:50:00Z,46,0.977,,,Provisional/Provisoire,,
05EA005,2026-08-02T14:55:00Z,46,0.977,,,Provisional/Provisoire,,
05EA005,2026-08-02T15:00:00Z,46,0.977,,,Provisional/Provisoire,,
05EA005,2026-08-02T15:05:00Z,46,0.977,,,Provisional/Provisoire,,
05EA005,2026-08-02T15:10:00Z,46,0.977,,,Provisional/Provisoire,,
05EA005,2026-08-02T15:15:00Z,46,0.977,,,Provisional/Provisoire,,
05EA005,2026-08-02T15:20:00Z,46,0.977,,,Provisional/Provisoire,,
05EA005,2026-08-02T15:25:00Z,46,0.977,,,Provisional/Provisoire,,
05EA005,2026-08-02T15:30:00Z,46,0.977,,,Provisional/Provisoire,,
05EA005,2026-08-02T15:35:00Z,46,0.977,,,Provisional/Provisoire,,
05EA005,2026-08-02T15:40:00Z,46,0.977,,,Provisional/Provisoire,,
05EA005,2026-08-02T15:45:00Z,46,0.977,,,Provisional/Provisoire,,
05EA005,2026-08-02T15:50:00Z,46,0.977,,,Provisional/Provisoire,,
05EA005,2026-08-02T15:55:00Z,46,0.977,,,Provisional/Provisoire,,
05EA005,2026-08-02T16:00:00Z,46,0.977,,,Provisional/Provisoire,,
05EA005,2026-08-02T16:05:00Z,46,0.976,,,Provisional/Provisoire,,
05EA005,2026-08-02T16:10:00Z,46,0.976,,,Provisional/Provisoire,,
05EA005,2026-08-02T16:15:00Z,46,0.976,,,Provisional/Provisoire,,
05EA005,2026-08-02T16:20:00Z,46,0.976,,,Provisional/Provisoire,,
05EA005,2026-08-02T16:25:00Z,46,0.976,,,Provisional/Provisoire,,
05EA005,2026-08-02T16:30:00Z,46,0.976,,,Provisional/Provisoire,,
05EA005,2026-08-02T16:35:00Z,46,0.976,,,Provisional/Provisoire,,
05EA005,2026-08-02T16:40:00Z,46,0.976,,,Provisional/Provisoire,,
05EA005,2026-08-02T16:45:00Z,46,0.976,,,Provisional/Provisoire,,
05EA005,2026-08-02T16:50:00Z,46,0.976,,,Provisional/Provisoire,,
05EA005,2026-08-02T16:55:00Z,46,0.975,,,Provisional/Provisoire,,
05EA005,2026-08-02T17:00:00Z,46,0.975,,,Provisional/Provisoire,,
05EA005,2026-08-02T17:05:00Z,46,0.975,,,Provisional/Provisoire,,
05EA005,2026-08-02T17:10:00Z,46,0.975,,,Provisional/Provisoire,,
05EA005,2026-08-02T17:15:00Z,46,0.975,,,Provisional/Provisoire,,
05EA005,2026-08-02T17:20:00Z,46,0.975,,,Provisional/Provisoire,,
05EA005,2026-08-02T17:25:00Z,46,0.975,,,Provisional/Provisoire,,
05EA005,2026-08-02T17:30:00Z,46,0.975,,,Provisional/Provisoire,,
05EA005,2026-08-02T17:35:00Z,46,0.975,,,Provisional/Provisoire,,
05EA005,2026-08-02T17:40:00Z,46,0.975,,,Provisional/Provisoire,,
05EA005,2026-08-02T17:45:00Z,46,0.974,,,Provisional/Provisoire,,
05EA005,2026-08-02T17:50:00Z,46,0.974,,,Provisional/Provisoire,,
05EA005,2026-08-02T17:55:00Z,46,0.974,,,Provisional/Provisoire,,
05EA005,2026-08-02T18:00:00Z,46,0.974,,,Provisional/Provisoire,,
05EA005,2026-08-02T18:05:00Z,46,0.974,,,Provisional/Provisoire,,
05EA005,2026-08-02T18:10:00Z,46,0.974,,,Provisional/Provisoire,,
05EA005,2026-08-02T18:15:00Z,46,0.974,,,Provisional/Provisoire,,
05EA005,2026-08-02T18:20:00Z,46,0.973,,,Provisional/Provisoire,,
05EA005,2026-08-02T18:25:00Z,46,0.973,,,Provisional/Provisoire,,
05EA005,2026-08-02T18:30:00Z,46,0.973,,,Provisional/Provisoire,,
05EA005,2026-08-02T18:35:00Z,46,0.973,,,Provisional/Provisoire,,
05EA005,2026-08-02T18:40:00Z,46,0.973,,,Provisional/Provisoire,,
05EA005,2026-08-02T18:45:00Z,46,0.973,,,Provisional/Provisoire,,
05EA005,2026-08-02T18:50:00Z,46,0.972,,,Provisional/Provisoire,,
05EA005,2026-08-02T18:55:00Z,46,0.972,,,Provisional/Provisoire,,
05EA005,2026-08-02T19:00:00Z,46,0.972,,,Provisional/Provisoire,,
05EA005,2026-08-02T19:05:00Z,46,0.972,,,Provisional/Provisoire,,
05EA005,2026-08-02T19:10:00Z,46,0.972,,,Provisional/Provisoire,,
05EA005,2026-08-02T19:15:00Z,46,0.972,,,Provisional/Provisoire,,
05EA005,2026-08-02T19:20:00Z,46,0.972,,,Provisional/Provisoire,,
05EA005,2026-08-02T19:25:00Z,46,0.972,,,Provisional/Provisoire,,
05EA005,2026-08-02T19:30:00Z,46,0.972,,,Provisional/Provisoire,,
05EA005,2026-08-02T19:35:00Z,46,0.971,,,Provisional/Provisoire,,
05EA005,2026-08-02T19:40:00Z,46,0.971,,,Provisional/Provisoire,,
05EA005,2026-08-02T19:45:00Z,46,0.971,,,Provisional/Provisoire,,
05EA005,2026-08-02T19:50:00Z,46,0.971,,,Provisional/Provisoire,,
05EA005,2026-08-02T19:55:00Z,46,0.971,,,Provisional/Provisoire,,
05EA005,2026-08-02T20:00:00Z,46,0.971,,,Provisional/Provisoire,,
05EA005,2026-08-02T20:05:00Z,46,0.971,,,Provisional/Provisoire,,
05EA005,2026-08-02T20:10:00Z,46,0.971,,,Provisional/Provisoire,,
05EA005,2026-08-02T20:15:00Z,46,0.970,,,Provisional/Provisoire,,
05EA005,2026-08-02T20:20:00Z,46,0.970,,,Provisional/Provisoire,,
05EA005,2026-08-02T20:25:00Z,46,0.970,,,Provisional/Provisoire,,
05EA005,2026-08-02T20:30:00Z,46,0.970,,,Provisional/Provisoire,,
05EA005,2026-08-02T20:35:00Z,46,0.970,,,Provisional/Provisoire,,
05EA005,2026-08-02T20:40:00Z,46,0.970,,,Provisional/Provisoire,,
05EA005,2026-08-02T20:45:00Z,46,0.970,,,Provisional/Provisoire,,
05EA005,2026-08-02T20:50:00Z,46,0.970,,,Provisional/Provisoire,,
05EA005,2026-08-02T20:55:00Z,46,0.970,,,Provisional/Provisoire,,
05EA005,2026-08-02T21:00:00Z,46,0.970,,,Provisional/Provisoire,,
05EA005,2026-08-02T21:05:00Z,46,0.970,,,Provisional/Provisoire,,
05EA005,2026-08-02T21:10:00Z,46,0.970,,,Provisional/Provisoire,,
05EA005,2026-08-02T21:15:00Z,46,0.970,,,Provisional/Provisoire,,
05EA005,2026-08-02T21:20:00Z,46,0.970,,,Provisional/Provisoire,,
05EA005,2026-08-02T21:25:00Z,46,0.969,,,Provisional/Provisoire,,
05EA005,2026-08-02T21:30:00Z,46,0.969,,,Provisional/Provisoire,,
05EA005,2026-08-02T21:35:00Z,46,0.969,,,Provisional/Provisoire,,
05EA005,2026-08-02T21:40:00Z,46,0.969,,,Provisional/Provisoire,,
05EA005,2026-08-02T21:45:00Z,46,0.969,,,Provisional/Provisoire,,
05EA005,2026-08-02T21:50:00Z,46,0.969,,,Provisional/Provisoire,,
05EA005,2026-08-02T21:55:00Z,46,0.969,,,Provisional/Provisoire,,
05EA005,2026-08-02T22:00:00Z,46,0.969,,,Provisional/Provisoire,,
05EA005,2026-08-02T22:05:00Z,46,0.968,,,Provisional/Provisoire,,
05EA005,2026-08-02T22:10:00Z,46,0.968,,,Provisional/Provisoire,,
05EA005,2026-08-02T22:15:00Z,46,0.968,,,Provisional/Provisoire,,
05EA005,2026-08-02T22:20:00Z,46,0.968,,,Provisional/Provisoire,,
05EA005,2026-08-02T22:25:00Z,46,0.968,,,Provisional/Provisoire,,
05EA005,2026-08-02T22:30:00Z,46,0.968,,,Provisional/Provisoire,,
05EA005,2026-08-02T22:35:00Z,46,0.968,,,Provisional/Provisoire,,
05EA005,2026-08-02T22:40:00Z,46,0.968,,,Provisional/Provisoire,,
05EA005,2026-08-02T22:45:00Z,46,0.968,,,Provisional/Provisoire,,
05EA005,2026-08-02T22:50:00Z,46,0.968,,,Provisional/Provisoire,,
05EA005,2026-08-02T22:55:00Z,46,0.968,,,Provisional/Provisoire,,
05EA005,2026-08-02T23:00:00Z,46,0.968,,,Provisional/Provisoire,,
05EA005,2026-08-02T23:05:00Z,46,0.968,,,Provisional/Provisoire,,
05EA005,2026-08-02T23:10:00Z,46,0.968,,,Provisional/Provisoire,,
05EA005,2026-08-02T23:15:00Z,46,0.968,,,Provisional/Provisoire,,
05EA005,2026-08-02T23:20:00Z,46,0.968,,,Provisional/Provisoire,,
05EA005,2026-08-02T23:25:00Z,46,0.968,,,Provisional/Provisoire,,
05EA005,2026-08-02T23:30:00Z,46,0.968,,,Provisional/Provisoire,,
05EA005,2026-08-02T23:35:00Z,46,0.968,,,Provisional/Provisoire,,
05EA005,2026-08-02T23:40:00Z,46,0.968,,,Provisional/Provisoire,,
05EA005,2026-08-02T23:45:00Z,46,0.968,,,Provisional/Provisoire,,
05EA005,2026-08-02T23:50:00Z,46,0.968,,,Provisional/Provisoire,,
05EA005,2026-08-02T23:55:00Z,46,0.968,,,Provisional/Provisoire,,
05EA005,2026-08-03T00:00:00Z,46,0.968,,,Provisional/Provisoire,,
05EA005,2026-08-03T00:05:00Z,46,0.968,,,Provisional/Provisoire,,
05EA005,2026-08-03T00:10:00Z,46,0.968,,,Provisional/Provisoire,,
05EA005,2026-08-03T00:15:00Z,46,0.968,,,Provisional/Provisoire,,
05EA005,2026-08-03T00:20:00Z,46,0.968,,,Provisional/Provisoire,,
05EA005,2026-08-03T00:25:00Z,46,0.968,,,Provisional/Provisoire,,
05EA005,2026-08-03T00:30:00Z,46,0.968,,,Provisional/Provisoire,,
05EA005,2026-08-03T00:35:00Z,46,0.968,,,Provisional/Provisoire,,
05EA005,2026-08-03T00:40:00Z,46,0.967,,,Provisional/Provisoire,,
05EA005,2026-08-03T00:45:00Z,46,0.967,,,Provisional/Provisoire,,
05EA005,2026-08-03T00:50:00Z,46,0.967,,,Provisional/Provisoire,,
05EA005,2026-08-03T00:55:00Z,46,0.967,,,Provisional/Provisoire,,
05EA005,2026-08-03T01:00:00Z,46,0.967,,,Provisional/Provisoire,,
05EA005,2026-08-03T01:05:00Z,46,0.967,,,Provisional/Provisoire,,
05EA005,2026-08-03T01:10:00Z,46,0.967,,,Provisional/Provisoire,,
05EA005,2026-08-03T01:15:00Z,46,0.967,,,Provisional/Provisoire,,
05EA005,2026-08-03T01:20:00Z,46,0.967,,,Provisional/Provisoire,,
05EA005,2026-08-03T01:25:00Z,46,0.967,,,Provisional/Provisoire,,
05EA005,2026-08-03T01:30:00Z,46,0.967,,,Provisional/Provisoire,,
05EA005,2026-08-03T01:35:00Z,46,0.967,,,Provisional/Provisoire,,
05EA005,2026-08-03T01:40:00Z,46,0.967,,,Provisional/Provisoire,,
05EA005,2026-08-03T01:45:00Z,46,0.967,,,Provisional/Provisoire,,
05EA005,2026-08-03T01:50:00Z,46,0.967,,,Provisional/Provisoire,,
05EA005,2026-08-03T01:55:00Z,46,0.967,,,Provisional/Provisoire,,
05EA005,2026-08-03T02:00:00Z,46,0.967,,,Provisional/Provisoire,,
05EA005,2026-08-03T02:05:00Z,46,0.967,,,Provisional/Provisoire,,
05EA005,2026-08-03T02:10:00Z,46,0.967,,,Provisional/Provisoire,,
05EA005,2026-08-03T02:15:00Z,46,0.967,,,Provisional/Provisoire,,
05EA005,2026-08-03T02:20:00Z,46,0.967,,,Provisional/Provisoire,,
05EA005,2026-08-03T02:25:00Z,46,0.967,,,Provisional/Provisoire,,
05EA005,2026-08-03T02:30:00Z,46,0.967,,,Provisional/Provisoire,,
05EA005,2026-08-03T02:35:00Z,46,0.967,,,Provisional/Provisoire,,
05EA005,2026-08-03T02:40:00Z,46,0.967,,,Provisional/Provisoire,,
05EA005,2026-08-03T02:45:00Z,46,0.967,,,Provisional/Provisoire,,
05EA005,2026-08-03T02:50:00Z,46,0.967,,,Provisional/Provisoire,,
05EA005,2026-08-03T02:55:00Z,46,0.967,,,Provisional/Provisoire,,
05EA005,2026-08-03T03:00:00Z,46,0.967,,,Provisional/Provisoire,,
05EA005,2026-08-03T03:05:00Z,46,0.967,,,Provisional/Provisoire,,
05EA005,2026-08-03T03:10:00Z,46,0.967,,,Provisional/Provisoire,,
05EA005,2026-08-03T03:15:00Z,46,0.967,,,Provisional/Provisoire,,
05EA005,2026-08-03T03:20:00Z,46,0.967,,,Provisional/Provisoire,,
05EA005,2026-08-03T03:25:00Z,46,0.967,,,Provisional/Provisoire,,
05EA005,2026-08-03T03:30:00Z,46,0.967,,,Provisional/Provisoire,,
05EA005,2026-08-03T03:35:00Z,46,0.967,,,Provisional/Provisoire,,
05EA005,2026-08-03T03:40:00Z,46,0.967,,,Provisional/Provisoire,,
05EA005,2026-08-03T03:45:00Z,46,0.967,,,Provisional/Provisoire,,
05EA005,2026-08-03T03:50:00Z,46,0.967,,,Provisional/Provisoire,,
05EA005,2026-08-03T03:55:00Z,46,0.967,,,Provisional/Provisoire,,
05EA005,2026-08-03T04:00:00Z,46,0.967,,,Provisional/Provisoire,,
05EA005,2026-08-03T04:05:00Z,46,0.967,,,Provisional/Provisoire,,
05EA005,2026-08-03T04:10:00Z,46,0.967,,,Provisional/Provisoire,,
05EA005,2026-08-03T04:15:00Z,46,0.967,,,Provisional/Provisoire,,
05EA005,2026-08-03T04:20:00Z,46,0.967,,,Provisional/Provisoire,,
05EA005,2026-08-03T04:25:00Z,46,0.967,,,Provisional/Provisoire,,
05EA005,2026-08-03T04:30:00Z,46,0.966,,,Provisional/Provisoire,,
05EA005,2026-08-03T04:35:00Z,46,0.966,,,Provisional/Provisoire,,
05EA005,2026-08-03T04:40:00Z,46,0.966,,,Provisional/Provisoire,,
05EA005,2026-08-03T04:45:00Z,46,0.966,,,Provisional/Provisoire,,
05EA005,2026-08-03T04:50:00Z,46,0.966,,,Provisional/Provisoire,,
05EA005,2026-08-03T04:55:00Z,46,0.966,,,Provisional/Provisoire,,
05EA005,2026-08-03T05:00:00Z,46,0.966,,,Provisional/Provisoire,,
05EA005,2026-08-03T05:05:00Z,46,0.966,,,Provisional/Provisoire,,
05EA005,2026-08-03T05:10:00Z,46,0.965,,,Provisional/Provisoire,,
05EA005,2026-08-03T05:15:00Z,46,0.965,,,Provisional/Provisoire,,
05EA005,2026-08-03T05:20:00Z,46,0.965,,,Provisional/Provisoire,,
05EA005,2026-08-03T05:25:00Z,46,0.965,,,Provisional/Provisoire,,
05EA005,2026-08-03T05:30:00Z,46,0.965,,,Provisional/Provisoire,,
05EA005,2026-08-03T05:35:00Z,46,0.965,,,Provisional/Provisoire,,
05EA005,2026-08-03T05:40:00Z,46,0.965,,,Provisional/Provisoire,,
05EA005,2026-08-03T05:45:00Z,46,0.965,,,Provisional/Provisoire,,
05EA005,2026-08-03T05:50:00Z,46,0.965,,,Provisional/Provisoire,,
05EA005,2026-08-03T05:55:00Z,46,0.965,,,Provisional/Provisoire,,
05EA005,2026-08-03T06:00:00Z,46,0.965,,,Provisional/Provisoire,,
05EA005,2026-08-03T06:05:00Z,46,0.965,,,Provisional/Provisoire,,
05EA005,2026-08-03T06:10:00Z,46,0.965,,,Provisional/Provisoire,,
05EA005,2026-08-03T06:15:00Z,46,0.965,,,Provisional/Provisoire,,
05EA005,2026-08-03T06:20:00Z,46,0.965,,,Provisional/Provisoire,,
05EA005,2026-08-03T06:25:00Z,46,0.965,,,Provisional/Provisoire,,
05EA005,2026-08-03T06:30:00Z,46,0.965,,,Provisional/Provisoire,,
05EA005,2026-08-03T06:35:00Z,46,0.965,,,Provisional/Provisoire,,
05EA005,2026-08-03T06:40:00Z,46,0.965,,,Provisional/Provisoire,,
05EA005,2026-08-03T06:45:00Z,46,0.964,,,Provisional/Provisoire,,
05EA005,2026-08-03T06:50:00Z,46,0.964,,,Provisional/Provisoire,,
05EA005,2026-08-03T06:55:00Z,46,0.964,,,Provisional/Provisoire,,
05EA005,2026-08-03T07:00:00Z,46,0.964,,,Provisional/Provisoire,,
05EA005,2026-08-03T07:05:00Z,46,0.964,,,Provisional/Provisoire,,
05EA005,2026-08-03T07:10:00Z,46,0.964,,,Provisional/Provisoire,,
05EA005,2026-08-03T07:15:00Z,46,0.964,,,Provisional/Provisoire,,
05EA005,2026-08-03T07:20:00Z,46,0.964,,,Provisional/Provisoire,,
05EA005,2026-08-03T07:25:00Z,46,0.964,,,Provisional/Provisoire,,
05EA005,2026-08-03T07:30:00Z,46,0.964,,,Provisional/Provisoire,,
05EA005,2026-08-03T07:35:00Z,46,0.964,,,Provisional/Provisoire,,
05EA005,2026-08-03T07:40:00Z,46,0.964,,,Provisional/Provisoire,,
05EA005,2026-08-03T07:45:00Z,46,0.964,,,Provisional/Provisoire,,
05EA005,2026-08-03T07:50:00Z,46,0.964,,,Provisional/Provisoire,,
05EA005,2026-08-03T07:55:00Z,46,0.963,,,Provisional/Provisoire,,
05EA005,2026-08-03T08:00:00Z,46,0.963,,,Provisional/Provisoire,,
05EA005,2026-08-03T08:05:00Z,46,0.963,,,Provisional/Provisoire,,
05EA005,2026-08-03T08:10:00Z,46,0.963,,,Provisional/Provisoire,,
05EA005,2026-08-03T08:15:00Z,46,0.963,,,Provisional/Provisoire,,
05EA005,2026-08-03T08:20:00Z,46,0.963,,,Provisional/Provisoire,,
05EA005,2026-08-03T08:25:00Z,46,0.963,,,Provisional/Provisoire,,
05EA005,2026-08-03T08:30:00Z,46,0.963,,,Provisional/Provisoire,,
05EA005,2026-08-03T08:35:00Z,46,0.963,,,Provisional/Provisoire,,
05EA005,2026-08-03T08:40:00Z,46,0.963,,,Provisional/Provisoire,,
05EA005,2026-08-03T08:45:00Z,46,0.963,,,Provisional/Provisoire,,
05EA005,2026-08-03T08:50:00Z,46,0.963,,,Provisional/Provisoire,,
05EA005,2026-08-03T08:55:00Z,46,0.963,,,Provisional/Provisoire,,
05EA005,2026-08-03T09:00:00Z,46,0.962,,,Provisional/Provisoire,,
05EA005,2026-08-03T09:05:00Z,46,0.962,,,Provisional/Provisoire,,
05EA005,2026-08-03T09:10:00Z,46,0.962,,,Provisional/Provisoire,,
05EA005,2026-08-03T09:15:00Z,46,0.962,,,Provisional/Provisoire,,
05EA005,2026-08-03T09:20:00Z,46,0.962,,,Provisional/Provisoire,,
05EA005,2026-08-03T09:25:00Z,46,0.962,,,Provisional/Provisoire,,
05EA005,2026-08-03T09:30:00Z,46,0.962,,,Provisional/Provisoire,,
05EA005,2026-08-03T09:35:00Z,46,0.962,,,Provisional/Provisoire,,
05EA005,2026-08-03T09:40:00Z,46,0.962,,,Provisional/Provisoire,,
05EA005,2026-08-03T09:45:00Z,46,0.962,,,Provisional/Provisoire,,
05EA005,2026-08-03T09:50:00Z,46,0.962,,,Provisional/Provisoire,,
05EA005,2026-08-03T09:55:00Z,46,0.961,,,Provisional/Provisoire,,
05EA005,2026-08-03T10:00:00Z,46,0.961,,,Provisional/Provisoire,,
05EA005,2026-08-03T10:05:00Z,46,0.961,,,Provisional/Provisoire,,
05EA005,2026-08-03T10:10:00Z,46,0.961,,,Provisional/Provisoire,,
05EA005,2026-08-03T10:15:00Z,46,0.961,,,Provisional/Provisoire,,
05EA005,2026-08-03T10:20:00Z,46,0.961,,,Provisional/Provisoire,,
05EA005,2026-08-03T10:25:00Z,46,0.961,,,Provisional/Provisoire,,
05EA005,2026-08-03T10:30:00Z,46,0.961,,,Provisional/Provisoire,,
05EA005,2026-08-03T10:35:00Z,46,0.961,,,Provisional/Provisoire,,
05EA005,2026-08-03T10:40:00Z,46,0.961,,,Provisional/Provisoire,,
05EA005,2026-08-03T10:45:00Z,46,0.961,,,Provisional/Provisoire,,
05EA005,2026-08-03T10:50:00Z,46,0.961,,,Provisional/Provisoire,,
05EA005,2026-08-03T10:55:00Z,46,0.961,,,Provisional/Provisoire,,
05EA005,2026-08-03T11:00:00Z,46,0.960,,,Provisional/Provisoire,,
05EA005,2026-08-03T11:05:00Z,46,0.960,,,Provisional/Provisoire,,
05EA005,2026-08-03T11:10:00Z,46,0.960,,,Provisional/Provisoire,,
05EA005,2026-08-03T11:15:00Z,46,0.960,,,Provisional/Provisoire,,
05EA005,2026-08-03T11:20:00Z,46,0.960,,,Provisional/Provisoire,,
05EA005,2026-08-03T11:25:00Z,46,0.960,,,Provisional/Provisoire,,
05EA005,2026-08-03T11:30:00Z,46,0.960,,,Provisional/Provisoire,,
05EA005,2026-08-03T11:35:00Z,46,0.960,,,Provisional/Provisoire,,
05EA005,2026-08-03T11:40:00Z,46,0.960,,,Provisional/Provisoire,,
05EA005,2026-08-03T11:45:00Z,46,0.960,,,Provisional/Provisoire,,
05EA005,2026-08-03T11:50:00Z,46,0.960,,,Provisional/Provisoire,,
05EA005,2026-08-03T11:55:00Z,46,0.960,,,Provisional/Provisoire,,
05EA005,2026-08-03T12:00:00Z,46,0.960,,,Provisional/Provisoire,,
05EA005,2026-08-03T12:05:00Z,46,0.960,,,Provisional/Provisoire,,
05EA005,2026-08-03T12:10:00Z,46,0.960,,,Provisional/Provisoire,,
05EA005,2026-08-03T12:15:00Z,46,0.960,,,Provisional/Provisoire,,
05EA005,2026-08-03T12:20:00Z,46,0.959,,,Provisional/Provisoire,,
05EA005,2026-08-03T12:25:00Z,46,0.959,,,Provisional/Provisoire,,
05EA005,2026-08-03T12:30:00Z,46,0.959,,,Provisional/Provisoire,,
05EA005,2026-08-03T12:35:00Z,46,0.959,,,Provisional/Provisoire,,
05EA005,2026-08-03T12:40:00Z,46,0.959,,,Provisional/Provisoire,,
05EA005,2026-08-03T12:45:00Z,46,0.959,,,Provisional/Provisoire,,
05EA005,2026-08-03T12:50:00Z,46,0.959,,,Provisional/Provisoire,,
05EA005,2026-08-03T12:55:00Z,46,0.959,,,Provisional/Provisoire,,
05EA005,2026-08-03T13:00:00Z,46,0.959,,,Provisional/Provisoire,,
05EA005,2026-08-03T13:05:00Z,46,0.959,,,Provisional/Provisoire,,
05EA005,2026-08-03T13:10:00Z,46,0.959,,,Provisional/Provisoire,,
05EA005,2026-08-03T13:15:00Z,46,0.959,,,Provisional/Provisoire,,
05EA005,2026-08-03T13:20:00Z,46,0.959,,,Provisional/Provisoire,,
05EA005,2026-08-03T13:25:00Z,46,0.958,,,Provisional/Provisoire,,
05EA005,2026-08-03T13:30:00Z,46,0.958,,,Provisional/Provisoire,,
05EA005,2026-08-03T13:35:00Z,46,0.958,,,Provisional/Provisoire,,
05EA005,2026-08-03T13:40:00Z,46,0.958,,,Provisional/Provisoire,,
05EA005,2026-08-03T13:45:00Z,46,0.958,,,Provisional/Provisoire,,
05EA005,2026-08-03T13:50:00Z,46,0.958,,,Provisional/Provisoire,,
05EA005,2026-08-03T13:55:00Z,46,0.958,,,Provisional/Provisoire,,
05EA005,2026-08-03T14:00:00Z,46,0.958,,,Provisional/Provisoire,,
05EA005,2026-08-03T14:05:00Z,46,0.958,,,Provisional/Provisoire,,
05EA005,2026-08-03T14:10:00Z,46,0.958,,,Provisional/Provisoire,,
05EA005,2026-08-03T14:15:00Z,46,0.958,,,Provisional/Provisoire,,
05EA005,2026-08-03T14:20:00Z,46,0.958,,,Provisional/Provisoire,,
05EA005,2026-08-03T14:25:00Z,46,0.958,,,Provisional/Provisoire,,
05EA005,2026-08-03T14:30:00Z,46,0.957,,,Provisional/Provisoire,,
05EA005,2026-08-03T14:35:00Z,46,0.957,,,Provisional/Provisoire,,
05EA005,2026-08-03T14:40:00Z,46,0.957,,,Provisional/Provisoire,,
05EA005,2026-08-03T14:45:00Z,46,0.957,,,Provisional/Provisoire,,
05EA005,2026-08-03T14:50:00Z,46,0.957,,,Provisional/Provisoire,,
05EA005,2026-08-03T14:55:00Z,46,0.957,,,Provisional/Provisoire,,
05EA005,2026-08-03T15:00:00Z,46,0.957,,,Provisional/Provisoire,,
05EA005,2026-08-03T15:05:00Z,46,0.957,,,Provisional/Provisoire,,
05EA005,2026-08-03T15:10:00Z,46,0.957,,,Provisional/Provisoire,,
05EA005,2026-08-03T15:15:00Z,46,0.957,,,Provisional/Provisoire,,
05EA005,2026-08-03T15:20:00Z,46,0.957,,,Provisional/Provisoire,,
05EA005,2026-08-03T15:25:00Z,46,0.956,,,Provisional/Provisoire,,
05EA005,2026-08-03T15:30:00Z,46,0.956,,,Provisional/Provisoire,,
05EA005,2026-08-03T15:35:00Z,46,0.956,,,Provisional/Provisoire,,
05EA005,2026-08-03T15:40:00Z,46,0.956,,,Provisional/Provisoire,,
05EA005,2026-08-03T15:45:00Z,46,0.956,,,Provisional/Provisoire,,
05EA005,2026-08-03T15:50:00Z,46,0.956,,,Provisional/Provisoire,,
05EA005,2026-08-03T15:55:00Z,46,0.956,,,Provisional/Provisoire,,
05EA005,2026-08-03T16:00:00Z,46,0.956,,,Provisional/Provisoire,,
05EA005,2026-08-03T16:05:00Z,46,0.956,,,Provisional/Provisoire,,
05EA005,2026-08-03T16:10:00Z,46,0.956,,,Provisional/Provisoire,,
05EA005,2026-08-03T16:15:00Z,46,0.956,,,Provisional/Provisoire,,
05EA005,2026-08-03T16:20:00Z,46,0.955,,,Provisional/Provisoire,,
05EA005,2026-08-03T16:25:00Z,46,0.955,,,Provisional/Provisoire,,
05EA005,2026-08-03T16:30:00Z,46,0.955,,,Provisional/Provisoire,,
05EA005,2026-08-03T16:35:00Z,46,0.955,,,Provisional/Provisoire,,
05EA005,2026-08-03T16:40:00Z,46,0.955,,,Provisional/Provisoire,,
05EA005,2026-08-03T16:45:00Z,46,0.955,,,Provisional/Provisoire,,
05EA005,2026-08-03T16:50:00Z,46,0.955,,,Provisional/Provisoire,,
05EA005,2026-08-03T16:55:00Z,46,0.955,,,Provisional/Provisoire,,
05EA005,2026-08-03T17:00:00Z,46,0.955,,,Provisional/Provisoire,,
05EA005,2026-08-03T17:05:00Z,46,0.955,,,Provisional/Provisoire,,
05EA005,2026-08-03T17:10:00Z,46,0.955,,,Provisional/Provisoire,,
05EA005,2026-08-03T17:15:00Z,46,0.955,,,Provisional/Provisoire,,
05EA005,2026-08-03T17:20:00Z,46,0.955,,,Provisional/Provisoire,,
05EA005,2026-08-03T17:25:00Z,46,0.954,,,Provisional/Provisoire,,
05EA005,2026-08-03T17:30:00Z,46,0.954,,,Provisional/Provisoire,,
05EA005,2026-08-03T17:35:00Z,46,0.954,,,Provisional/Provisoire,,
05EA005,2026-08-03T17:40:00Z,46,0.954,,,Provisional/Provisoire,,
05EA005,2026-08-03T17:45:00Z,46,0.954,,,Provisional/Provisoire,,
05EA005,2026-08-03T17:50:00Z,46,0.954,,,Provisional/Provisoire,,
05EA005,2026-08-03T17:55:00Z,46,0.954,,,Provisional/Provisoire,,
05EA005,2026-08-03T18:00:00Z,46,0.954,,,Provisional/Provisoire,,
05EA005,2026-08-03T18:05:00Z,46,0.954,,,Provisional/Provisoire,,
05EA005,2026-08-03T18:10:00Z,46,0.954,,,Provisional/Provisoire,,
05EA005,2026-08-03T18:15:00Z,46,0.954,,,Provisional/Provisoire,,
05EA005,2026-08-03T18:20:00Z,46,0.954,,,Provisional/Provisoire,,
05EA005,2026-08-03T18:25:00Z,46,0.953,,,Provisional/Provisoire,,
05EA005,2026-08-03T18:30:00Z,46,0.953,,,Provisional/Provisoire,,
05EA005,2026-08-03T18:35:00Z,46,0.953,,,Provisional/Provisoire,,
05EA005,2026-08-03T18:40:00Z,46,0.953,,,Provisional/Provisoire,,
05EA005,2026-08-03T18:45:00Z,46,0.953,,,Provisional/Provisoire,,
05EA005,2026-08-03T18:50:00Z,46,0.953,,,Provisional/Provisoire,,
05EA005,2026-08-03T18:55:00Z,46,0.953,,,Provisional/Provisoire,,
05EA005,2026-08-03T19:00:00Z,46,0.953,,,Provisional/Provisoire,,
05EA005,2026-08-03T19:05:00Z,46,0.953,,,Provisional/Provisoire,,
05EA005,2026-08-03T19:10:00Z,46,0.953,,,Provisional/Provisoire,,
05EA005,2026-08-03T19:15:00Z,46,0.953,,,Provisional/Provisoire,,
05EA005,2026-08-03T19:20:00Z,46,0.953,,,Provisional/Provisoire,,
05EA005,2026-08-03T19:25:00Z,46,0.953,,,Provisional/Provisoire,,
05EA005,2026-08-03T19:30:00Z,46,0.953,,,Provisional/Provisoire,,
05EA005,2026-08-03T19:35:00Z,46,0.952,,,Provisional/Provisoire,,
05EA005,2026-08-03T19:40:00Z,46,0.952,,,Provisional/Provisoire,,
05EA005,2026-08-03T19:45:00Z,46,0.952,,,Provisional/Provisoire,,
05EA005,2026-08-03T19:50:00Z,46,0.952,,,Provisional/Provisoire,,
05EA005,2026-08-03T19:55:00Z,46,0.952,,,Provisional/Provisoire,,
05EA005,2026-08-03T20:00:00Z,46,0.952,,,Provisional/Provisoire,,
05EA005,2026-08-03T20:05:00Z,46,0.952,,,Provisional/Provisoire,,
05EA005,2026-08-03T20:10:00Z,46,0.952,,,Provisional/Provisoire,,
05EA005,2026-08-03T20:15:00Z,46,0.952,,,Provisional/Provisoire,,
05EA005,2026-08-03T20:20:00Z,46,0.952,,,Provisional/Provisoire,,
05EA005,2026-08-03T20:25:00Z,46,0.952,,,Provisional/Provisoire,,
05EA005,2026-08-03T20:30:00Z,46,0.952,,,Provisional/Provisoire,,
05EA005,2026-08-03T20:35:00Z,46,0.952,,,Provisional/Provisoire,,
05EA005,2026-08-03T20:40:00Z,46,0.951,,,Provisional/Provisoire,,
05EA005,2026-08-03T20:45:00Z,46,0.951,,,Provisional/Provisoire,,
05EA005,2026-08-03T20:50:00Z,46,0.951,,,Provisional/Provisoire,,
05EA005,2026-08-03T20:55:00Z,46,0.951,,,Provisional/Provisoire,,
05EA005,2026-08-03T21:00:00Z,46,0.951,,,Provisional/Provisoire,,
05EA005,2026-08-03T21:05:00Z,46,0.951,,,Provisional/Provisoire,,
05EA005,2026-08-03T21:10:00Z,46,0.951,,,Provisional/Provisoire,,
05EA005,2026-08-03T21:15:00Z,46,0.951,,,Provisional/Provisoire,,
05EA005,2026-08-03T21:20:00Z,46,0.951,,,Provisional/Provisoire,,
05EA005,2026-08-03T21:25:00Z,46,0.951,,,Provisional/Provisoire,,
05EA005,2026-08-03T21:30:00Z,46,0.951,,,Provisional/Provisoire,,
05EA005,2026-08-03T21:35:00Z,46,0.951,,,Provisional/Provisoire,,
05EA005,2026-08-03T21:40:00Z,46,0.951,,,Provisional/Provisoire,,
05EA005,2026-08-03T21:45:00Z,46,0.950,,,Provisional/Provisoire,,
05EA005,2026-08-03T21:50:00Z,46,0.950,,,Provisional/Provisoire,,
05EA005,2026-08-03T21:55:00Z,46,0.950,,,Provisional/Provisoire,,
05EA005,2026-08-03T22:00:00Z,46,0.950,,,Provisional/Provisoire,,
05EA005,2026-08-03T22:05:00Z,46,0.950,,,Provisional/Provisoire,,
05EA005,2026-08-03T22:10:00Z,46,0.950,,,Provisional/Provisoire,,
05EA005,2026-08-03T22:15:00Z,46,0.950,,,Provisional/Provisoire,,
05EA005,2026-08-03T22:20:00Z,46,0.950,,,Provisional/Provisoire,,
05EA005,2026-08-03T22:25:00Z,46,0.950,,,Provisional/Provisoire,,
05EA005,2026-08-03T22:30:00Z,46,0.950,,,Provisional/Provisoire,,
05EA005,2026-08-03T22:35:00Z,46,0.950,,,Provisional/Provisoire,,
05EA005,2026-08-03T22:40:00Z,46,0.950,,,Provisional/Provisoire,,
05EA005,2026-08-03T22:45:00Z,46,0.950,,,Provisional/Provisoire,,
05EA005,2026-08-03T22:50:00Z,46,0.950,,,Provisional/Provisoire,,
05EA005,2026-08-03T22:55:00Z,46,0.950,,,Provisional/Provisoire,,
05EA005,2026-08-03T23:00:00Z,46,0.950,,,Provisional/Provisoire,,
05EA005,2026-08-03T23:05:00Z,46,0.950,,,Provisional/Provisoire,,
05EA005,2026-08-03T23:10:00Z,46,0.950,,,Provisional/Provisoire,,
05EA005,2026-08-03T23:15:00Z,46,0.950,,,Provisional/Provisoire,,
05EA005,2026-08-03T23:20:00Z,46,0.950,,,Provisional/Provisoire,,
05EA005,2026-08-03T23:25:00Z,46,0.950,,,Provisional/Provisoire,,
05EA005,2026-08-03T23:30:00Z,46,0.950,,,Provisional/Provisoire,,
05EA005,2026-08-03T23:35:00Z,46,0.950,,,Provisional/Provisoire,,
05EA005,2026-08-03T23:40:00Z,46,0.949,,,Provisional/Provisoire,,
05EA005,2026-08-03T23:45:00Z,46,0.949,,,Provisional/Provisoire,,
05EA005,2026-08-03T23:50:00Z,46,0.949,,,Provisional/Provisoire,,
05EA005,2026-08-03T23:55:00Z,46,0.949,,,Provisional/Provisoire,,
05EA005,2026-08-04T00:00:00Z,46,0.949,,,Provisional/Provisoire,,
05EA005,2026-08-04T00:05:00Z,46,0.949,,,Provisional/Provisoire,,
05EA005,2026-08-04T00:10:00Z,46,0.949,,,Provisional/Provisoire,,
05EA005,2026-08-04T00:15:00Z,46,0.949,,,Provisional/Provisoire,,
05EA005,2026-08-04T00:20:00Z,46,0.949,,,Provisional/Provisoire,,
05EA005,2026-08-04T00:25:00Z,46,0.949,,,Provisional/Provisoire,,
05EA005,2026-08-04T00:30:00Z,46,0.949,,,Provisional/Provisoire,,
05EA005,2026-08-04T00:35:00Z,46,0.948,,,Provisional/Provisoire,,
05EA005,2026-08-04T00:40:00Z,46,0.948,,,Provisional/Provisoire,,
05EA005,2026-08-04T00:45:00Z,46,0.948,,,Provisional/Provisoire,,
05EA005,2026-08-04T00:50:00Z,46,0.948,,,Provisional/Provisoire,,
05EA005,2026-08-04T00:55:00Z,46,0.948,,,Provisional/Provisoire,,
05EA005,2026-08-04T01:00:00Z,46,0.948,,,Provisional/Provisoire,,
05EA005,2026-08-04T01:05:00Z,46,0.948,,,Provisional/Provisoire,,
05EA005,2026-08-04T01:10:00Z,46,0.948,,,Provisional/Provisoire,,
05EA005,2026-08-04T01:15:00Z,46,0.948,,,Provisional/Provisoire,,
05EA005,2026-08-04T01:20:00Z,46,0.948,,,Provisional/Provisoire,,
05EA005,2026-08-04T01:25:00Z,46,0.948,,,Provisional/Provisoire,,
05EA005,2026-08-04T01:30:00Z,46,0.947,,,Provisional/Provisoire,,
05EA005,2026-08-04T01:35:00Z,46,0.947,,,Provisional/Provisoire,,
05EA005,2026-08-04T01:40:00Z,46,0.947,,,Provisional/Provisoire,,
05EA005,2026-08-04T01:45:00Z,46,0.947,,,Provisional/Provisoire,,
05EA005,2026-08-04T01:50:00Z,46,0.947,,,Provisional/Provisoire,,
05EA005,2026-08-04T01:55:00Z,46,0.947,,,Provisional/Provisoire,,
05EA005,2026-08-04T02:00:00Z,46,0.947,,,Provisional/Provisoire,,
05EA005,2026-08-04T02:05:00Z,46,0.947,,,Provisional/Provisoire,,
05EA005,2026-08-04T02:10:00Z,46,0.947,,,Provisional/Provisoire,,
05EA005,2026-08-04T02:15:00Z,46,0.947,,,Provisional/Provisoire,,
05EA005,2026-08-04T02:20:00Z,46,0.947,,,Provisional/Provisoire,,
05EA005,2026-08-04T02:25:00Z,46,0.946,,,Provisional/Provisoire,,
05EA005,2026-08-04T02:30:00Z,46,0.946,,,Provisional/Provisoire,,
05EA005,2026-08-04T02:35:00Z,46,0.946,,,Provisional/Provisoire,,
05EA005,2026-08-04T02:40:00Z,46,0.946,,,Provisional/Provisoire,,
05EA005,2026-08-04T02:45:00Z,46,0.946,,,Provisional/Provisoire,,
05EA005,2026-08-04T02:50:00Z,46,0.946,,,Provisional/Provisoire,,
05EA005,2026-08-04T02:55:00Z,46,0.946,,,Provisional/Provisoire,,
05EA005,2026-08-04T03:00:00Z,46,0.946,,,Provisional/Provisoire,,
05EA005,2026-08-04T03:05:00Z,46,0.946,,,Provisional/Provisoire,,
05EA005,2026-08-04T03:10:00Z,46,0.946,,,Provisional/Provisoire,,
05EA005,2026-08-04T03:15:00Z,46,0.946,,,Provisional/Provisoire,,
05EA005,2026-08-04T03:20:00Z,46,0.946,,,Provisional/Provisoire,,
05EA005,2026-08-04T03:25:00Z,46,0.946,,,Provisional/Provisoire,,
05EA005,2026-08-04T03:30:00Z,46,0.945,,,Provisional/Provisoire,,
05EA005,2026-08-04T03:35:00Z,46,0.945,,,Provisional/Provisoire,,
05EA005,2026-08-04T03:40:00Z,46,0.945,,,Provisional/Provisoire,,
05EA005,2026-08-04T03:45:00Z,46,0.945,,,Provisional/Provisoire,,
05EA005,2026-08-04T03:50:00Z,46,0.945,,,Provisional/Provisoire,,
05EA005,2026-08-04T03:55:00Z,46,0.945,,,Provisional/Provisoire,,
05EA005,2026-08-04T04:00:00Z,46,0.945,,,Provisional/Provisoire,,
05EA005,2026-08-04T04:05:00Z,46,0.945,,,Provisional/Provisoire,,
05EA005,2026-08-04T04:10:00Z,46,0.945,,,Provisional/Provisoire,,
05EA005,2026-08-04T04:15:00Z,46,0.945,,,Provisional/Provisoire,,
05EA005,2026-08-04T04:20:00Z,46,0.945,,,Provisional/Provisoire,,
05EA005,2026-08-04T04:25:00Z,46,0.944,,,Provisional/Provisoire,,
05EA005,2026-08-04T04:30:00Z,46,0.944,,,Provisional/Provisoire,,
05EA005,2026-08-04T04:35:00Z,46,0.944,,,Provisional/Provisoire,,
05EA005,2026-08-04T04:40:00Z,46,0.944,,,Provisional/Provisoire,,
05EA005,2026-08-04T04:45:00Z,46,0.944,,,Provisional/Provisoire,,
05EA005,2026-08-04T04:50:00Z,46,0.944,,,Provisional/Provisoire,,
05EA005,2026-08-04T04:55:00Z,46,0.944,,,Provisional/Provisoire,,
05EA005,2026-08-04T05:00:00Z,46,0.944,,,Provisional/Provisoire,,
05EA005,2026-08-04T05:05:00Z,46,0.944,,,Provisional/Provisoire,,
05EA005,2026-08-04T05:10:00Z,46,0.944,,,Provisional/Provisoire,,
05EA005,2026-08-04T05:15:00Z,46,0.944,,,Provisional/Provisoire,,
05EA005,2026-08-04T05:20:00Z,46,0.943,,,Provisional/Provisoire,,
05EA005,2026-08-04T05:25:00Z,46,0.943,,,Provisional/Provisoire,,
05EA005,2026-08-04T05:30:00Z,46,0.943,,,Provisional/Provisoire,,
05EA005,2026-08-04T05:35:00Z,46,0.943,,,Provisional/Provisoire,,
05EA005,2026-08-04T05:40:00Z,46,0.943,,,Provisional/Provisoire,,
05EA005,2026-08-04T05:45:00Z,46,0.943,,,Provisional/Provisoire,,
05EA005,2026-08-04T05:50:00Z,46,0.943,,,Provisional/Provisoire,,
05EA005,2026-08-04T05:55:00Z,46,0.943,,,Provisional/Provisoire,,
05EA005,2026-08-04T06:00:00Z,46,0.943,,,Provisional/Provisoire,,
05EA005,2026-08-04T06:05:00Z,46,0.943,,,Provisional/Provisoire,,
05EA005,2026-08-04T06:10:00Z,46,0.943,,,Provisional/Provisoire,,
05EA005,2026-08-04T06:15:00Z,46,0.942,,,Provisional/Provisoire,,
05EA005,2026-08-04T06:20:00Z,46,0.942,,,Provisional/Provisoire,,
05EA005,2026-08-04T06:25:00Z,46,0.942,,,Provisional/Provisoire,,
05EA005,2026-08-04T06:30:00Z,46,0.942,,,Provisional/Provisoire,,
05EA005,2026-08-04T06:35:00Z,46,0.942,,,Provisional/Provisoire,,
05EA005,2026-08-04T06:40:00Z,46,0.942,,,Provisional/Provisoire,,
05EA005,2026-08-04T06:45:00Z,46,0.942,,,Provisional/Provisoire,,
05EA005,2026-08-04T06:50:00Z,46,0.942,,,Provisional/Provisoire,,
05EA005,2026-08-04T06:55:00Z,46,0.942,,,Provisional/Provisoire,,
05EA005,2026-08-04T07:00:00Z,46,0.941,,,Provisional/Provisoire,,
05EA005,2026-08-04T07:05:00Z,46,0.941,,,Provisional/Provisoire,,
05EA005,2026-08-04T07:10:00Z,46,0.941,,,Provisional/Provisoire,,
05EA005,2026-08-04T07:15:00Z,46,0.940,,,Provisional/Provisoire,,
05EA005,2026-08-04T07:20:00Z,46,0.941,,,Provisional/Provisoire,,
05EA005,2026-08-04T07:25:00Z,46,0.941,,,Provisional/Provisoire,,
05EA005,2026-08-04T07:30:00Z,46,0.941,,,Provisional/Provisoire,,
05EA005,2026-08-04T07:35:00Z,46,0.941,,,Provisional/Provisoire,,
05EA005,2026-08-04T07:40:00Z,46,0.941,,,Provisional/Provisoire,,
05EA005,2026-08-04T07:45:00Z,46,0.941,,,Provisional/Provisoire,,
05EA005,2026-08-04T07:50:00Z,46,0.940,,,Provisional/Provisoire,,
05EA005,2026-08-04T07:55:00Z,46,0.940,,,Provisional/Provisoire,,
05EA005,2026-08-04T08:00:00Z,46,0.940,,,Provisional/Provisoire,,
05EA005,2026-08-04T08:05:00Z,46,0.940,,,Provisional/Provisoire,,
05EA005,2026-08-04T08:10:00Z,46,0.940,,,Provisional/Provisoire,,
05EA005,2026-08-04T08:15:00Z,46,0.940,,,Provisional/Provisoire,,
05EA005,2026-08-04T08:20:00Z,46,0.940,,,Provisional/Provisoire,,
05EA005,2026-08-04T08:25:00Z,46,0.940,,,Provisional/Provisoire,,
05EA005,2026-08-04T08:30:00Z,46,0.940,,,Provisional/Provisoire,,
05EA005,2026-08-04T08:35:00Z,46,0.940,,,Provisional/Provisoire,,
05EA005,2026-08-04T08:40:00Z,46,0.940,,,Provisional/Provisoire,,
05EA005,2026-08-04T08:45:00Z,46,0.940,,,Provisional/Provisoire,,
05EA005,2026-08-04T08:50:00Z,46,0.939,,,Provisional/Provisoire,,
05EA005,2026-08-04T08:55:00Z,46,0.939,,,Provisional/Provisoire,,
05EA005,2026-08-04T09:00:00Z,46,0.939,,,Provisional/Provisoire,,
05EA005,2026-08-04T09:05:00Z,46,0.939,,,Provisional/Provisoire,,
05EA005,2026-08-04T09:10:00Z,46,0.939,,,Provisional/Provisoire,,
05EA005,2026-08-04T09:15:00Z,46,0.939,,,Provisional/Provisoire,,
05EA005,2026-08-04T09:20:00Z,46,0.939,,,Provisional/Provisoire,,
05EA005,2026-08-04T09:25:00Z,46,0.939,,,Provisional/Provisoire,,
05EA005,2026-08-04T09:30:00Z,46,0.939,,,Provisional/Provisoire,,
05EA005,2026-08-04T09:35:00Z,46,0.939,,,Provisional/Provisoire,,
05EA005,2026-08-04T09:40:00Z,46,0.939,,,Provisional/Provisoire,,
05EA005,2026-08-04T09:45:00Z,46,0.939,,,Provisional/Provisoire,,
05EA005,2026-08-04T09:50:00Z,46,0.939,,,Provisional/Provisoire,,
05EA005,2026-08-04T09:55:00Z,46,0.939,,,Provisional/Provisoire,,
05EA005,2026-08-04T10:00:00Z,46,0.939,,,Provisional/Provisoire,,
05EA005,2026-08-04T10:05:00Z,46,0.939,,,Provisional/Provisoire,,
05EA005,2026-08-04T10:10:00Z,46,0.938,,,Provisional/Provisoire,,
05EA005,2026-08-04T10:15:00Z,46,0.938,,,Provisional/Provisoire,,
05EA005,2026-08-04T10:20:00Z,46,0.938,,,Provisional/Provisoire,,
05EA005,2026-08-04T10:25:00Z,46,0.938,,,Provisional/Provisoire,,
05EA005,2026-08-04T10:30:00Z,46,0.938,,,Provisional/Provisoire,,
05EA005,2026-08-04T10:35:00Z,46,0.938,,,Provisional/Provisoire,,
05EA005,2026-08-04T10:40:00Z,46,0.938,,,Provisional/Provisoire,,
05EA005,2026-08-04T10:45:00Z,46,0.938,,,Provisional/Provisoire,,
05EA005,2026-08-04T10:50:00Z,46,0.938,,,Provisional/Provisoire,,
05EA005,2026-08-04T10:55:00Z,46,0.938,,,Provisional/Provisoire,,
05EA005,2026-08-04T11:00:00Z,46,0.938,,,Provisional/Provisoire,,
05EA005,2026-08-04T11:05:00Z,46,0.938,,,Provisional/Provisoire,,
05EA005,2026-08-04T11:10:00Z,46,0.938,,,Provisional/Provisoire,,
05EA005,2026-08-04T11:15:00Z,46,0.938,,,Provisional/Provisoire,,
05EA005,2026-08-04T11:20:00Z,46,0.937,,,Provisional/Provisoire,,
05EA005,2026-08-04T11:25:00Z,46,0.937,,,Provisional/Provisoire,,
05EA005,2026-08-04T11:30:00Z,46,0.937,,,Provisional/Provisoire,,
05EA005,2026-08-04T11:35:00Z,46,0.937,,,Provisional/Provisoire,,
05EA005,2026-08-04T11:40:00Z,46,0.937,,,Provisional/Provisoire,,
05EA005,2026-08-04T11:45:00Z,46,0.937,,,Provisional/Provisoire,,
05EA005,2026-08-04T11:50:00Z,46,0.937,,,Provisional/Provisoire,,
05EA005,2026-08-04T11:55:00Z,46,0.937,,,Provisional/Provisoire,,
05EA005,2026-08-04T12:00:00Z,46,0.937,,,Provisional/Provisoire,,
05EA005,2026-08-04T12:05:00Z,46,0.937,,,Provisional/Provisoire,,
05EA005,2026-08-04T12:10:00Z,46,0.937,,,Provisional/Provisoire,,
05EA005,2026-08-04T12:15:00Z,46,0.937,,,Provisional/Provisoire,,
05EA005,2026-08-04T12:20:00Z,46,0.937,,,Provisional/Provisoire,,
05EA005,2026-08-04T12:25:00Z,46,0.937,,,Provisional/Provisoire,,
05EA005,2026-08-04T12:30:00Z,46,0.936,,,Provisional/Provisoire,,
05EA005,2026-08-04T12:35:00Z,46,0.936,,,Provisional/Provisoire,,
05EA005,2026-08-04T12:40:00Z,46,0.936,,,Provisional/Provisoire,,
05EA005,2026-08-04T12:45:00Z,46,0.936,,,Provisional/Provisoire,,
05EA005,2026-08-04T12:50:00Z,46,0.936,,,Provisional/Provisoire,,
05EA005,2026-08-04T12:55:00Z,46,0.936,,,Provisional/Provisoire,,
05EA005,2026-08-04T13:00:00Z,46,0.936,,,Provisional/Provisoire,,
05EA005,2026-08-04T13:05:00Z,46,0.936,,,Provisional/Provisoire,,
05EA005,2026-08-04T13:10:00Z,46,0.936,,,Provisional/Provisoire,,
05EA005,2026-08-04T13:15:00Z,46,0.936,,,Provisional/Provisoire,,
05EA005,2026-08-04T13:20:00Z,46,0.936,,,Provisional/Provisoire,,
05EA005,2026-08-04T13:25:00Z,46,0.936,,,Provisional/Provisoire,,
05EA005,2026-08-04T13:30:00Z,46,0.935,,,Provisional/Provisoire,,
05EA005,2026-08-04T13:35:00Z,46,0.935,,,Provisional/Provisoire,,
05EA005,2026-08-04T13:40:00Z,46,0.935,,,Provisional/Provisoire,,
05EA005,2026-08-04T13:45:00Z,46,0.935,,,Provisional/Provisoire,,
05EA005,2026-08-04T13:50:00Z,46,0.935,,,Provisional/Provisoire,,
05EA005,2026-08-04T13:55:00Z,46,0.935,,,Provisional/Provisoire,,
05EA005,2026-08-04T14:00:00Z,46,0.935,,,Provisional/Provisoire,,
05EA005,2026-08-04T14:05:00Z,46,0.935,,,Provisional/Provisoire,,
05EA005,2026-08-04T14:10:00Z,46,0.935,,,Provisional/Provisoire,,
05EA005,2026-08-04T14:15:00Z,46,0.935,,,Provisional/Provisoire,,
05EA005,2026-08-04T14:20:00Z,46,0.935,,,Provisional/Provisoire,,
05EA005,2026-08-04T14:25:00Z,46,0.935,,,Provisional/Provisoire,,
05EA005,2026-08-04T14:30:00Z,46,0.935,,,Provisional/Provisoire,,
05EA005,2026-08-04T14:35:00Z,46,0.935,,,Provisional/Provisoire,,
05EA005,2026-08-04T14:40:00Z,46,0.935,,,Provisional/Provisoire,,
05EA005,2026-08-04T14:45:00Z,46,0.935,,,Provisional/Provisoire,,
05EA005,2026-08-04T14:50:00Z,46,0.935,,,Provisional/Provisoire,,
05EA005,2026-08-04T14:55:00Z,46,0.935,,,Provisional/Provisoire,,
05EA005,2026-08-04T15:00:00Z,46,0.935,,,Provisional/Provisoire,,
05EA005,2026-08-04T15:05:00Z,46,0.934,,,Provisional/Provisoire,,
05EA005,2026-08-04T15:10:00Z,46,0.934,,,Provisional/Provisoire,,
05EA005,2026-08-04T15:15:00Z,46,0.934,,,Provisional/Provisoire,,
05EA005,2026-08-04T15:20:00Z,46,0.934,,,Provisional/Provisoire,,
05EA005,2026-08-04T15:25:00Z,46,0.934,,,Provisional/Provisoire,,
05EA005,2026-08-04T15:30:00Z,46,0.934,,,Provisional/Provisoire,,
05EA005,2026-08-04T15:35:00Z,46,0.934,,,Provisional/Provisoire,,
05EA005,2026-08-04T15:40:00Z,46,0.934,,,Provisional/Provisoire,,
05EA005,2026-08-04T15:45:00Z,46,0.934,,,Provisional/Provisoire,,
05EA005,2026-08-04T15:50:00Z,46,0.934,,,Provisional/Provisoire,,
05EA005,2026-08-04T15:55:00Z,46,0.933,,,Provisional/Provisoire,,
05EA005,2026-08-04T16:00:00Z,46,0.933,,,Provisional/Provisoire,,
05EA005,2026-08-04T16:05:00Z,46,0.933,,,Provisional/Provisoire,,
05EA005,2026-08-04T16:10:00Z,46,0.933,,,Provisional/Provisoire,,
05EA005,2026-08-04T16:15:00Z,46,0.933,,,Provisional/Provisoire,,
05EA005,2026-08-04T16:20:00Z,46,0.933,,,Provisional/Provisoire,,
05EA005,2026-08-04T16:25:00Z,46,0.933,,,Provisional/Provisoire,,
05EA005,2026-08-04T16:30:00Z,46,0.933,,,Provisional/Provisoire,,
05EA005,2026-08-04T16:35:00Z,46,0.932,,,Provisional/Provisoire,,
05EA005,2026-08-04T16:40:00Z,46,0.932,,,Provisional/Provisoire,,
05EA005,2026-08-04T16:45:00Z,46,0.932,,,Provisional/Provisoire,,
05EA005,2026-08-04T16:50:00Z,46,0.932,,,Provisional/Provisoire,,
05EA005,2026-08-04T16:55:00Z,46,0.932,,,Provisional/Provisoire,,
05EA005,2026-08-04T17:00:00Z,46,0.932,,,Provisional/Provisoire,,
05EA005,2026-08-04T17:05:00Z,46,0.932,,,Provisional/Provisoire,,
05EA005,2026-08-04T17:10:00Z,46,0.931,,,Provisional/Provisoire,,
05EA005,2026-08-04T17:15:00Z,46,0.931,,,Provisional/Provisoire,,
05EA005,2026-08-04T17:20:00Z,46,0.931,,,Provisional/Provisoire,,
05EA005,2026-08-04T17:25:00Z,46,0.931,,,Provisional/Provisoire,,
05EA005,2026-08-04T17:30:00Z,46,0.931,,,Provisional/Provisoire,,
05EA005,2026-08-04T17:35:00Z,46,0.931,,,Provisional/Provisoire,,
05EA005,2026-08-04T17:40:00Z,46,0.930,,,Provisional/Provisoire,,
05EA005,2026-08-04T17:45:00Z,46,0.930,,,Provisional/Provisoire,,
05EA005,2026-08-04T17:50:00Z,46,0.930,,,Provisional/Provisoire,,
05EA005,2026-08-04T17:55:00Z,46,0.930,,,Provisional/Provisoire,,
05EA005,2026-08-04T18:00:00Z,46,0.930,,,Provisional/Provisoire,,
05EA005,2026-08-04T18:05:00Z,46,0.930,,,Provisional/Provisoire,,
05EA005,2026-08-04T18:10:00Z,46,0.930,,,Provisional/Provisoire,,
05EA005,2026-08-04T18:15:00Z,46,0.929,,,Provisional/Provisoire,,
05EA005,2026-08-04T18:20:00Z,46,0.929,,,Provisional/Provisoire,,
05EA005,2026-08-04T18:25:00Z,46,0.929,,,Provisional/Provisoire,,
05EA005,2026-08-04T18:30:00Z,46,0.929,,,Provisional/Provisoire,,
05EA005,2026-08-04T18:35:00Z,46,0.929,,,Provisional/Provisoire,,
05EA005,2026-08-04T18:40:00Z,46,0.929,,,Provisional/Provisoire,,
05EA005,2026-08-04T18:45:00Z,46,0.929,,,Provisional/Provisoire,,
05EA005,2026-08-04T18:50:00Z,46,0.929,,,Provisional/Provisoire,,
05EA005,2026-08-04T18:55:00Z,46,0.929,,,Provisional/Provisoire,,
05EA005,2026-08-04T19:00:00Z,46,0.928,,,Provisional/Provisoire,,
05EA005,2026-08-04T19:05:00Z,46,0.928,,,Provisional/Provisoire,,
05EA005,2026-08-04T19:10:00Z,46,0.928,,,Provisional/Provisoire,,
05EA005,2026-08-04T19:15:00Z,46,0.928,,,Provisional/Provisoire,,
05EA005,2026-08-04T19:20:00Z,46,0.928,,,Provisional/Provisoire,,
05EA005,2026-08-04T19:25:00Z,46,0.928,,,Provisional/Provisoire,,
05EA005,2026-08-04T19:30:00Z,46,0.928,,,Provisional/Provisoire,,
05EA005,2026-08-04T19:35:00Z,46,0.928,,,Provisional/Provisoire,,
05EA005,2026-08-04T19:40:00Z,46,0.927,,,Provisional/Provisoire,,
05EA005,2026-08-04T19:45:00Z,46,0.927,,,Provisional/Provisoire,,
05EA005,2026-08-04T19:50:00Z,46,0.927,,,Provisional/Provisoire,,
05EA005,2026-08-04T19:55:00Z,46,0.927,,,Provisional/Provisoire,,
05EA005,2026-08-04T20:00:00Z,46,0.927,,,Provisional/Provisoire,,
05EA005,2026-08-04T20:05:00Z,46,0.927,,,Provisional/Provisoire,,
05EA005,2026-08-04T20:10:00Z,46,0.927,,,Provisional/Provisoire,,
05EA005,2026-08-04T20:15:00Z,46,0.927,,,Provisional/Provisoire,,
05EA005,2026-08-04T20:20:00Z,46,0.926,,,Provisional/Provisoire,,
05EA005,2026-08-04T20:25:00Z,46,0.926,,,Provisional/Provisoire,,
05EA005,2026-08-04T20:30:00Z,46,0.926,,,Provisional/Provisoire,,
05EA005,2026-08-04T20:35:00Z,46,0.926,,,Provisional/Provisoire,,
05EA005,2026-08-04T20:40:00Z,46,0.926,,,Provisional/Provisoire,,
05EA005,2026-08-04T20:45:00Z,46,0.926,,,Provisional/Provisoire,,
05EA005,2026-08-04T20:50:00Z,46,0.926,,,Provisional/Provisoire,,
05EA005,2026-08-04T20:55:00Z,46,0.926,,,Provisional/Provisoire,,
05EA005,2026-08-04T21:00:00Z,46,0.926,,,Provisional/Provisoire,,
05EA005,2026-08-04T21:05:00Z,46,0.925,,,Provisional/Provisoire,,
05EA005,2026-08-04T21:10:00Z,46,0.925,,,Provisional/Provisoire,,
05EA005,2026-08-04T21:15:00Z,46,0.925,,,Provisional/Provisoire,,
05EA005,2026-08-04T21:20:00Z,46,0.925,,,Provisional/Provisoire,,
05EA005,2026-08-04T21:25:00Z,46,0.925,,,Provisional/Provisoire,,
05EA005,2026-08-04T21:30:00Z,46,0.925,,,Provisional/Provisoire,,
05EA005,2026-08-04T21:35:00Z,46,0.925,,,Provisional/Provisoire,,
05EA005,2026-08-04T21:40:00Z,46,0.925,,,Provisional/Provisoire,,
05EA005,2026-08-04T21:45:00Z,46,0.925,,,Provisional/Provisoire,,
05EA005,2026-08-04T21:50:00Z,46,0.924,,,Provisional/Provisoire,,
05EA005,2026-08-04T21:55:00Z,46,0.924,,,Provisional/Provisoire,,
05EA005,2026-08-04T22:00:00Z,46,0.924,,,Provisional/Provisoire,,
05EA005,2026-08-04T22:05:00Z,46,0.924,,,Provisional/Provisoire,,
05EA005,2026-08-04T22:10:00Z,46,0.924,,,Provisional/Provisoire,,
05EA005,2026-08-04T22:15:00Z,46,0.924,,,Provisional/Provisoire,,
05EA005,2026-08-04T22:20:00Z,46,0.924,,,Provisional/Provisoire,,
05EA005,2026-08-04T22:25:00Z,46,0.924,,,Provisional/Provisoire,,
05EA005,2026-08-04T22:30:00Z,46,0.924,,,Provisional/Provisoire,,
05EA005,2026-08-04T22:35:00Z,46,0.924,,,Provisional/Provisoire,,
05EA005,2026-08-04T22:40:00Z,46,0.923,,,Provisional/Provisoire,,
05EA005,2026-08-04T22:45:00Z,46,0.923,,,Provisional/Provisoire,,
05EA005,2026-08-04T22:50:00Z,46,0.923,,,Provisional/Provisoire,,
05EA005,2026-08-04T22:55:00Z,46,0.923,,,Provisional/Provisoire,,
05EA005,2026-08-04T23:00:00Z,46,0.923,,,Provisional/Provisoire,,
05EA005,2026-08-04T23:05:00Z,46,0.923,,,Provisional/Provisoire,,
05EA005,2026-08-04T23:10:00Z,46,0.923,,,Provisional/Provisoire,,
05EA005,2026-08-04T23:15:00Z,46,0.923,,,Provisional/Provisoire,,
05EA005,2026-08-04T23:20:00Z,46,0.923,,,Provisional/Provisoire,,
05EA005,2026-08-04T23:25:00Z,46,0.923,,,Provisional/Provisoire,,
05EA005,2026-08-04T23:30:00Z,46,0.922,,,Provisional/Provisoire,,
05EA005,2026-08-04T23:35:00Z,46,0.922,,,Provisional/Provisoire,,
05EA005,2026-08-04T23:40:00Z,46,0.922,,,Provisional/Provisoire,,
05EA005,2026-08-04T23:45:00Z,46,0.922,,,Provisional/Provisoire,,
05EA005,2026-08-04T23:50:00Z,46,0.922,,,Provisional/Provisoire,,
05EA005,2026-08-04T23:55:00Z,46,0.922,,,Provisional/Provisoire,,
05EA005,2026-08-05T00:00:00Z,46,0.922,,,Provisional/Provisoire,,
05EA005,2026-08-05T00:05:00Z,46,0.922,,,Provisional/Provisoire,,
05EA005,2026-08-05T00:10:00Z,46,0.922,,,Provisional/Provisoire,,
05EA005,2026-08-05T00:15:00Z,46,0.922,,,Provisional/Provisoire,,
05EA005,2026-08-05T00:20:00Z,46,0.922,,,Provisional/Provisoire,,
05EA005,2026-08-05T00:25:00Z,46,0.922,,,Provisional/Provisoire,,
05EA005,2026-08-05T00:30:00Z,46,0.922,,,Provisional/Provisoire,,
05EA005,2026-08-05T00:35:00Z,46,0.922,,,Provisional/Provisoire,,
05EA005,2026-08-05T00:40:00Z,46,0.922,,,Provisional/Provisoire,,
05EA005,2026-08-05T00:45:00Z,46,0.922,,,Provisional/Provisoire,,
05EA005,2026-08-05T00:50:00Z,46,0.922,,,Provisional/Provisoire,,
05EA005,2026-08-05T00:55:00Z,46,0.923,,,Provisional/Provisoire,,
05EA005,2026-08-05T01:00:00Z,46,0.924,,,Provisional/Provisoire,,
05EA005,2026-08-05T01:05:00Z,46,0.925,,,Provisional/Provisoire,,
05EA005,2026-08-05T01:10:00Z,46,0.925,,,Provisional/Provisoire,,
05EA005,2026-08-05T01:15:00Z,46,0.925,,,Provisional/Provisoire,,
05EA005,2026-08-05T01:20:00Z,46,0.925,,,Provisional/Provisoire,,
05EA005,2026-08-05T01:25:00Z,46,0.925,,,Provisional/Provisoire,,
05EA005,2026-08-05T01:30:00Z,46,0.925,,,Provisional/Provisoire,,
05EA005,2026-08-05T01:35:00Z,46,0.925,,,Provisional/Provisoire,,
05EA005,2026-08-05T01:40:00Z,46,0.925,,,Provisional/Provisoire,,
05EA005,2026-08-05T01:45:00Z,46,0.925,,,Provisional/Provisoire,,
05EA005,2026-08-05T01:50:00Z,46,0.925,,,Provisional/Provisoire,,
05EA005,2026-08-05T01:55:00Z,46,0.925,,,Provisional/Provisoire,,
05EA005,2026-08-05T02:00:00Z,46,0.925,,,Provisional/Provisoire,,
05EA005,2026-08-05T02:05:00Z,46,0.925,,,Provisional/Provisoire,,
05EA005,2026-08-05T02:10:00Z,46,0.925,,,Provisional/Provisoire,,
05EA005,2026-08-05T02:15:00Z,46,0.925,,,Provisional/Provisoire,,
05EA005,2026-08-05T02:20:00Z,46,0.924,,,Provisional/Provisoire,,
05EA005,2026-08-05T02:25:00Z,46,0.924,,,Provisional/Provisoire,,
05EA005,2026-08-05T02:30:00Z,46,0.924,,,Provisional/Provisoire,,
05EA005,2026-08-05T02:35:00Z,46,0.924,,,Provisional/Provisoire,,
05EA005,2026-08-05T02:40:00Z,46,0.924,,,Provisional/Provisoire,,
05EA005,2026-08-05T02:45:00Z,46,0.924,,,Provisional/Provisoire,,
05EA005,2026-08-05T02:50:00Z,46,0.924,,,Provisional/Provisoire,,
05EA005,2026-08-05T02:55:00Z,46,0.924,,,Provisional/Provisoire,,
05EA005,2026-08-05T03:00:00Z,46,0.924,,,Provisional/Provisoire,,
05EA005,2026-08-05T03:05:00Z,46,0.923,,,Provisional/Provisoire,,
05EA005,2026-08-05T03:10:00Z,46,0.923,,,Provisional/Provisoire,,
05EA005,2026-08-05T03:15:00Z,46,0.923,,,Provisional/Provisoire,,
05EA005,2026-08-05T03:20:00Z,46,0.923,,,Provisional/Provisoire,,
05EA005,2026-08-05T03:25:00Z,46,0.923,,,Provisional/Provisoire,,
05EA005,2026-08-05T03:30:00Z,46,0.924,,,Provisional/Provisoire,,
05EA005,2026-08-05T03:35:00Z,46,0.924,,,Provisional/Provisoire,,
05EA005,2026-08-05T03:40:00Z,46,0.924,,,Provisional/Provisoire,,
05EA005,2026-08-05T03:45:00Z,46,0.924,,,Provisional/Provisoire,,
05EA005,2026-08-05T03:50:00Z,46,0.924,,,Provisional/Provisoire,,
05EA005,2026-08-05T03:55:00Z,46,0.924,,,Provisional/Provisoire,,
05EA005,2026-08-05T04:00:00Z,46,0.924,,,Provisional/Provisoire,,
05EA005,2026-08-05T04:05:00Z,46,0.924,,,Provisional/Provisoire,,
05EA005,2026-08-05T04:10:00Z,46,0.924,,,Provisional/Provisoire,,
05EA005,2026-08-05T04:15:00Z,46,0.924,,,Provisional/Provisoire,,
05EA005,2026-08-05T04:20:00Z,46,0.924,,,Provisional/Provisoire,,
05EA005,2026-08-05T04:25:00Z,46,0.924,,,Provisional/Provisoire,,
05EA005,2026-08-05T04:30:00Z,46,0.924,,,Provisional/Provisoire,,
05EA005,2026-08-05T04:35:00Z,46,0.925,,,Provisional/Provisoire,,
05EA005,2026-08-05T04:40:00Z,46,0.925,,,Provisional/Provisoire,,
05EA005,2026-08-05T04:45:00Z,46,0.925,,,Provisional/Provisoire,,
05EA005,2026-08-05T04:50:00Z,46,0.926,,,Provisional/Provisoire,,
05EA005,2026-08-05T04:55:00Z,46,0.926,,,Provisional/Provisoire,,
05EA005,2026-08-05T05:00:00Z,46,0.926,,,Provisional/Provisoire,,
05EA005,2026-08-05T05:05:00Z,46,0.927,,,Provisional/Provisoire,,
05EA005,2026-08-05T05:10:00Z,46,0.927,,,Provisional/Provisoire,,
05EA005,2026-08-05T05:15:00Z,46,0.927,,,Provisional/Provisoire,,
05EA005,2026-08-05T05:20:00Z,46,0.928,,,Provisional/Provisoire,,
05EA005,2026-08-05T05:25:00Z,46,0.928,,,Provisional/Provisoire,,
05EA005,2026-08-05T05:30:00Z,46,0.928,,,Provisional/Provisoire,,
05EA005,2026-08-05T05:35:00Z,46,0.928,,,Provisional/Provisoire,,
05EA005,2026-08-05T05:40:00Z,46,0.928,,,Provisional/Provisoire,,
05EA005,2026-08-05T05:45:00Z,46,0.928,,,Provisional/Provisoire,,
05EA005,2026-08-05T05:50:00Z,46,0.928,,,Provisional/Provisoire,,
05EA005,2026-08-05T05:55:00Z,46,0.928,,,Provisional/Provisoire,,
05EA005,2026-08-05T06:00:00Z,46,0.928,,,Provisional/Provisoire,,
05EA005,2026-08-05T06:05:00Z,46,0.928,,,Provisional/Provisoire,,
05EA005,2026-08-05T06:10:00Z,46,0.928,,,Provisional/Provisoire,,
05EA005,2026-08-05T06:15:00Z,46,0.928,,,Provisional/Provisoire,,
05EA005,2026-08-05T06:20:00Z,46,0.928,,,Provisional/Provisoire,,
05EA005,2026-08-05T06:25:00Z,46,0.928,,,Provisional/Provisoire,,
05EA005,2026-08-05T06:30:00Z,46,0.928,,,Provisional/Provisoire,,
05EA005,2026-08-05T06:35:00Z,46,0.928,,,Provisional/Provisoire,,
05EA005,2026-08-05T06:40:00Z,46,0.928,,,Provisional/Provisoire,,
05EA005,2026-08-05T06:45:00Z,46,0.928,,,Provisional/Provisoire,,
05EA005,2026-08-05T06:50:00Z,46,0.928,,,Provisional/Provisoire,,
05EA005,2026-08-05T06:55:00Z,46,0.928,,,Provisional/Provisoire,,
05EA005,2026-08-05T07:00:00Z,46,0.928,,,Provisional/Provisoire,,
05EA005,2026-08-05T07:05:00Z,46,0.928,,,Provisional/Provisoire,,
05EA005,2026-08-05T07:10:00Z,46,0.928,,,Provisional/Provisoire,,
05EA005,2026-08-05T07:15:00Z,46,0.928,,,Provisional/Provisoire,,
05EA005,2026-08-05T07:20:00Z,46,0.929,,,Provisional/Provisoire,,
05EA005,2026-08-05T07:25:00Z,46,0.929,,,Provisional/Provisoire,,
05EA005,2026-08-05T07:30:00Z,46,0.929,,,Provisional/Provisoire,,
05EA005,2026-08-05T07:35:00Z,46,0.929,,,Provisional/Provisoire,,
05EA005,2026-08-05T07:40:00Z,46,0.929,,,Provisional/Provisoire,,
05EA005,2026-08-05T07:45:00Z,46,0.929,,,Provisional/Provisoire,,
05EA005,2026-08-05T07:50:00Z,46,0.929,,,Provisional/Provisoire,,
05EA005,2026-08-05T07:55:00Z,46,0.929,,,Provisional/Provisoire,,
05EA005,2026-08-05T08:00:00Z,46,0.929,,,Provisional/Provisoire,,
05EA005,2026-08-05T08:05:00Z,46,0.929,,,Provisional/Provisoire,,
05EA005,2026-08-05T08:10:00Z,46,0.929,,,Provisional/Provisoire,,
05EA005,2026-08-05T08:15:00Z,46,0.929,,,Provisional/Provisoire,,
05EA005,2026-08-05T08:20:00Z,46,0.929,,,Provisional/Provisoire,,
05EA005,2026-08-05T08:25:00Z,46,0.929,,,Provisional/Provisoire,,
05EA005,2026-08-05T08:30:00Z,46,0.929,,,Provisional/Provisoire,,
05EA005,2026-08-05T08:35:00Z,46,0.929,,,Provisional/Provisoire,,
05EA005,2026-08-05T08:40:00Z,46,0.929,,,Provisional/Provisoire,,
05EA005,2026-08-05T08:45:00Z,46,0.929,,,Provisional/Provisoire,,
05EA005,2026-08-05T08:50:00Z,46,0.929,,,Provisional/Provisoire,,
05EA005,2026-08-05T08:55:00Z,46,0.929,,,Provisional/Provisoire,,
05EA005,2026-08-05T09:00:00Z,46,0.929,,,Provisional/Provisoire,,
05EA005,2026-08-05T09:05:00Z,46,0.928,,,Provisional/Provisoire,,
05EA005,2026-08-05T09:10:00Z,46,0.928,,,Provisional/Provisoire,,
05EA005,2026-08-05T09:15:00Z,46,0.928,,,Provisional/Provisoire,,
05EA005,2026-08-05T09:20:00Z,46,0.928,,,Provisional/Provisoire,,
05EA005,2026-08-05T09:25:00Z,46,0.928,,,Provisional/Provisoire,,
05EA005,2026-08-05T09:30:00Z,46,0.928,,,Provisional/Provisoire,,
05EA005,2026-08-05T09:35:00Z,46,0.928,,,Provisional/Provisoire,,
05EA005,2026-08-05T09:40:00Z,46,0.928,,,Provisional/Provisoire,,
05EA005,2026-08-05T09:45:00Z,46,0.928,,,Provisional/Provisoire,,
05EA005,2026-08-05T09:50:00Z,46,0.929,,,Provisional/Provisoire,,
05EA005,2026-08-05T09:55:00Z,46,0.929,,,Provisional/Provisoire,,
05EA005,2026-08-05T10:00:00Z,46,0.929,,,Provisional/Provisoire,,
05EA005,2026-08-05T10:05:00Z,46,0.929,,,Provisional/Provisoire,,
05EA005,2026-08-05T10:10:00Z,46,0.929,,,Provisional/Provisoire,,
05EA005,2026-08-05T10:15:00Z,46,0.929,,,Provisional/Provisoire,,
05EA005,2026-08-05T10:20:00Z,46,0.929,,,Provisional/Provisoire,,
05EA005,2026-08-05T10:25:00Z,46,0.929,,,Provisional/Provisoire,,
05EA005,2026-08-05T10:30:00Z,46,0.929,,,Provisional/Provisoire,,
05EA005,2026-08-05T10:35:00Z,46,0.929,,,Provisional/Provisoire,,
05EA005,2026-08-05T10:40:00Z,46,0.929,,,Provisional/Provisoire,,
05EA005,2026-08-05T10:45:00Z,46,0.929,,,Provisional/Provisoire,,
05EA005,2026-08-05T10:50:00Z,46,0.929,,,Provisional/Provisoire,,
05EA005,2026-08-05T10:55:00Z,46,0.929,,,Provisional/Provisoire,,
05EA005,2026-08-05T11:00:00Z,46,0.929,,,Provisional/Provisoire,,
05EA005,2026-08-05T11:05:00Z,46,0.929,,,Provisional/Provisoire,,
05EA005,2026-08-05T11:10:00Z,46,0.929,,,Provisional/Provisoire,,
05EA005,2026-08-05T11:15:00Z,46,0.929,,,Provisional/Provisoire,,
05EA005,2026-08-05T11:20:00Z,46,0.929,,,Provisional/Provisoire,,
05EA005,2026-08-05T11:25:00Z,46,0.929,,,Provisional/Provisoire,,
05EA005,2026-08-05T11:30:00Z,46,0.929,,,Provisional/Provisoire,,
05EA005,2026-08-05T11:35:00Z,46,0.929,,,Provisional/Provisoire,,
05EA005,2026-08-05T11:40:00Z,46,0.929,,,Provisional/Provisoire,,
05EA005,2026-08-05T11:45:00Z,46,0.929,,,Provisional/Provisoire,,
05EA005,2026-08-05T11:50:00Z,46,0.929,,,Provisional/Provisoire,,
05EA005,2026-08-05T11:55:00Z,46,0.929,,,Provisional/Provisoire,,
05EA005,2026-08-05T12:00:00Z,46,0.929,,,Provisional/Provisoire,,
05EA005,2026-08-05T12:05:00Z,46,0.929,,,Provisional/Provisoire,,
05EA005,2026-08-05T12:10:00Z,46,0.929,,,Provisional/Provisoire,,
05EA005,2026-08-05T12:15:00Z,46,0.929,,,Provisional/Provisoire,,
05EA005,2026-08-05T12:20:00Z,46,0.929,,,Provisional/Provisoire,,
05EA005,2026-08-05T12:25:00Z,46,0.929,,,Provisional/Provisoire,,
05EA005,2026-08-05T12:30:00Z,46,0.930,,,Provisional/Provisoire,,
05EA005,2026-08-05T12:35:00Z,46,0.930,,,Provisional/Provisoire,,
05EA005,2026-08-05T12:40:00Z,46,0.930,,,Provisional/Provisoire,,
05EA005,2026-08-05T12:45:00Z,46,0.930,,,Provisional/Provisoire,,
05EA005,2026-08-05T12:50:00Z,46,0.930,,,Provisional/Provisoire,,
05EA005,2026-08-05T12:55:00Z,46,0.930,,,Provisional/Provisoire,,
05EA005,2026-08-05T13:00:00Z,46,0.930,,,Provisional/Provisoire,,
05EA005,2026-08-05T13:05:00Z,46,0.930,,,Provisional/Provisoire,,
05EA005,2026-08-05T13:10:00Z,46,0.930,,,Provisional/Provisoire,,
05EA005,2026-08-05T13:15:00Z,46,0.930,,,Provisional/Provisoire,,
05EA005,2026-08-05T13:20:00Z,46,0.930,,,Provisional/Provisoire,,
05EA005,2026-08-05T13:25:00Z,46,0.930,,,Provisional/Provisoire,,
05EA005,2026-08-05T13:30:00Z,46,0.930,,,Provisional/Provisoire,,
05EA005,2026-08-05T13:35:00Z,46,0.930,,,Provisional/Provisoire,,
05EA005,2026-08-05T13:40:00Z,46,0.930,,,Provisional/Provisoire,,
05EA005,2026-08-05T13:45:00Z,46,0.930,,,Provisional/Provisoire,,
05EA005,2026-08-05T13:50:00Z,46,0.930,,,Provisional/Provisoire,,
05EA005,2026-08-05T13:55:00Z,46,0.930,,,Provisional/Provisoire,,
05EA005,2026-08-05T14:00:00Z,46,0.930,,,Provisional/Provisoire,,
05EA005,2026-08-05T14:05:00Z,46,0.930,,,Provisional/Provisoire,,
05EA005,2026-08-05T14:10:00Z,46,0.930,,,Provisional/Provisoire,,
05EA005,2026-08-05T14:15:00Z,46,0.930,,,Provisional/Provisoire,,
05EA005,2026-08-05T14:20:00Z,46,0.930,,,Provisional/Provisoire,,
05EA005,2026-08-05T14:25:00Z,46,0.930,,,Provisional/Provisoire,,
05EA005,2026-08-05T14:30:00Z,46,0.930,,,Provisional/Provisoire,,
05EA005,2026-08-05T14:35:00Z,46,0.930,,,Provisional/Provisoire,,
05EA005,2026-08-05T14:40:00Z,46,0.930,,,Provisional/Provisoire,,
05EA005,2026-08-05T14:45:00Z,46,0.930,,,Provisional/Provisoire,,
05EA005,2026-08-05T14:50:00Z,46,0.930,,,Provisional/Provisoire,,
05EA005,2026-08-05T14:55:00Z,46,0.930,,,Provisional/Provisoire,,
05EA005,2026-08-05T15:00:00Z,46,0.930,,,Provisional/Provisoire,,
05EA005,2026-08-05T15:05:00Z,46,0.931,,,Provisional/Provisoire,,
05EA005,2026-08-05T15:10:00Z,46,0.931,,,Provisional/Provisoire,,
05EA005,2026-08-05T15:15:00Z,46,0.931,,,Provisional/Provisoire,,
05EA005,2026-08-05T15:20:00Z,46,0.931,,,Provisional/Provisoire,,
05EA005,2026-08-05T15:25:00Z,46,0.931,,,Provisional/Provisoire,,
05EA005,2026-08-05T15:30:00Z,46,0.931,,,Provisional/Provisoire,,
05EA005,2026-08-05T15:35:00Z,46,0.931,,,Provisional/Provisoire,,
05EA005,2026-08-05T15:40:00Z,46,0.931,,,Provisional/Provisoire,,
05EA005,2026-08-05T15:45:00Z,46,0.931,,,Provisional/Provisoire,,
05EA005,2026-08-05T15:50:00Z,46,0.931,,,Provisional/Provisoire,,
05EA005,2026-08-05T15:55:00Z,46,0.931,,,Provisional/Provisoire,,
05EA005,2026-08-05T16:00:00Z,46,0.931,,,Provisional/Provisoire,,
05EA005,2026-08-05T16:05:00Z,46,0.931,,,Provisional/Provisoire,,
05EA005,2026-08-05T16:10:00Z,46,0.931,,,Provisional/Provisoire,,
05EA005,2026-08-05T16:15:00Z,46,0.931,,,Provisional/Provisoire,,
05EA005,2026-08-05T16:20:00Z,46,0.931,,,Provisional/Provisoire,,
05EA005,2026-08-05T16:25:00Z,46,0.931,,,Provisional/Provisoire,,
05EA005,2026-08-05T16:30:00Z,46,0.931,,,Provisional/Provisoire,,
05EA005,2026-08-05T16:35:00Z,46,0.931,,,Provisional/Provisoire,,
05EA005,2026-08-05T16:40:00Z,46,0.931,,,Provisional/Provisoire,,
05EA005,2026-08-05T16:45:00Z,46,0.931,,,Provisional/Provisoire,,
05EA005,2026-08-05T16:50:00Z,46,0.931,,,Provisional/Provisoire,,
05EA005,2026-08-05T16:55:00Z,46,0.931,,,Provisional/Provisoire,,
05EA005,2026-08-05T17:00:00Z,46,0.931,,,Provisional/Provisoire,,
05EA005,2026-08-05T17:05:00Z,46,0.931,,,Provisional/Provisoire,,
05EA005,2026-08-05T17:10:00Z,46,0.931,,,Provisional/Provisoire,,
05EA005,2026-08-05T17:15:00Z,46,0.931,,,Provisional/Provisoire,,
05EA005,2026-08-05T17:20:00Z,46,0.931,,,Provisional/Provisoire,,
05EA005,2026-08-05T17:25:00Z,46,0.931,,,Provisional/Provisoire,,
05EA005,2026-08-05T17:30:00Z,46,0.931,,,Provisional/Provisoire,,
05EA005,2026-08-05T17:35:00Z,46,0.930,,,Provisional/Provisoire,,
05EA005,2026-08-05T17:40:00Z,46,0.930,,,Provisional/Provisoire,,
05EA005,2026-08-05T17:45:00Z,46,0.930,,,Provisional/Provisoire,,
05EA005,2026-08-05T17:50:00Z,46,0.930,,,Provisional/Provisoire,,
05EA005,2026-08-05T17:55:00Z,46,0.930,,,Provisional/Provisoire,,
05EA005,2026-08-05T18:00:00Z,46,0.930,,,Provisional/Provisoire,,
05EA005,2026-08-05T18:05:00Z,46,0.930,,,Provisional/Provisoire,,
05EA005,2026-08-05T18:10:00Z,46,0.930,,,Provisional/Provisoire,,
05EA005,2026-08-05T18:15:00Z,46,0.930,,,Provisional/Provisoire,,
05EA005,2026-08-05T18:20:00Z,46,0.930,,,Provisional/Provisoire,,
05EA005,2026-08-05T18:25:00Z,46,0.930,,,Provisional/Provisoire,,
05EA005,2026-08-05T18:30:00Z,46,0.930,,,Provisional/Provisoire,,
05EA005,2026-08-05T18:35:00Z,46,0.930,,,Provisional/Provisoire,,
05EA005,2026-08-05T18:40:00Z,46,0.930,,,Provisional/Provisoire,,
05EA005,2026-08-05T18:45:00Z,46,0.930,,,Provisional/Provisoire,,
05EA005,2026-08-05T18:50:00Z,46,0.930,,,Provisional/Provisoire,,
05EA005,2026-08-05T18:55:00Z,46,0.930,,,Provisional/Provisoire,,
05EA005,2026-08-05T19:00:00Z,46,0.930,,,Provisional/Provisoire,,
05EA005,2026-08-05T19:05:00Z,46,0.930,,,Provisional/Provisoire,,
05EA005,2026-08-05T19:10:00Z,46,0.930,,,Provisional/Provisoire,,
05EA005,2026-08-05T19:15:00Z,46,0.930,,,Provisional/Provisoire,,
05EA005,2026-08-05T19:20:00Z,46,0.930,,,Provisional/Provisoire,,
05EA005,2026-08-05T19:25:00Z,46,0.930,,,Provisional/Provisoire,,
05EA005,2026-08-05T19:30:00Z,46,0.930,,,Provisional/Provisoire,,
05EA005,2026-08-05T19:35:00Z,46,0.930,,,Provisional/Provisoire,,
05EA005,2026-08-05T19:40:00Z,46,0.930,,,Provisional/Provisoire,,
05EA005,2026-08-05T19:45:00Z,46,0.929,,,Provisional/Provisoire,,
05EA005,2026-08-05T19:50:00Z,46,0.929,,,Provisional/Provisoire,,
05EA005,2026-08-05T19:55:00Z,46,0.929,,,Provisional/Provisoire,,
05EA005,2026-08-05T20:00:00Z,46,0.929,,,Provisional/Provisoire,,
05EA005,2026-08-05T20:05:00Z,46,0.929,,,Provisional/Provisoire,,
05EA005,2026-08-05T20:10:00Z,46,0.929,,,Provisional/Provisoire,,
05EA005,2026-08-05T20:15:00Z,46,0.929,,,Provisional/Provisoire,,
05EA005,2026-08-05T20:20:00Z,46,0.929,,,Provisional/Provisoire,,
05EA005,2026-08-05T20:25:00Z,46,0.929,,,Provisional/Provisoire,,
05EA005,2026-08-05T20:30:00Z,46,0.929,,,Provisional/Provisoire,,
05EA005,2026-08-05T20:35:00Z,46,0.929,,,Provisional/Provisoire,,
05EA005,2026-08-05T20:40:00Z,46,0.929,,,Provisional/Provisoire,,
05EA005,2026-08-05T20:45:00Z,46,0.929,,,Provisional/Provisoire,,
05EA005,2026-08-05T20:50:00Z,46,0.929,,,Provisional/Provisoire,,
05EA005,2026-08-05T20:55:00Z,46,0.929,,,Provisional/Provisoire,,
05EA005,2026-08-05T21:00:00Z,46,0.929,,,Provisional/Provisoire,,
05EA005,2026-08-05T21:05:00Z,46,0.928,,,Provisional/Provisoire,,
05EA005,2026-08-05T21:10:00Z,46,0.928,,,Provisional/Provisoire,,
05EA005,2026-08-05T21:15:00Z,46,0.928,,,Provisional/Provisoire,,
05EA005,2026-08-05T21:20:00Z,46,0.928,,,Provisional/Provisoire,,
05EA005,2026-08-05T21:25:00Z,46,0.928,,,Provisional/Provisoire,,
05EA005,2026-08-05T21:30:00Z,46,0.928,,,Provisional/Provisoire,,
05EA005,2026-08-05T21:35:00Z,46,0.928,,,Provisional/Provisoire,,
05EA005,2026-08-05T21:40:00Z,46,0.928,,,Provisional/Provisoire,,
05EA005,2026-08-05T21:45:00Z,46,0.928,,,Provisional/Provisoire,,
05EA005,2026-08-05T21:50:00Z,46,0.928,,,Provisional/Provisoire,,
05EA005,2026-08-05T21:55:00Z,46,0.927,,,Provisional/Provisoire,,
05EA005,2026-08-05T22:00:00Z,46,0.927,,,Provisional/Provisoire,,
05EA005,2026-08-05T22:05:00Z,46,0.927,,,Provisional/Provisoire,,
05EA005,2026-08-05T22:10:00Z,46,0.927,,,Provisional/Provisoire,,
05EA005,2026-08-05T22:15:00Z,46,0.927,,,Provisional/Provisoire,,
05EA005,2026-08-05T22:20:00Z,46,0.927,,,Provisional/Provisoire,,
05EA005,2026-08-05T22:25:00Z,46,0.927,,,Provisional/Provisoire,,
05EA005,2026-08-05T22:30:00Z,46,0.927,,,Provisional/Provisoire,,
05EA005,2026-08-05T22:35:00Z,46,0.927,,,Provisional/Provisoire,,
05EA005,2026-08-05T22:40:00Z,46,0.926,,,Provisional/Provisoire,,
05EA005,2026-08-05T22:45:00Z,46,0.926,,,Provisional/Provisoire,,
05EA005,2026-08-05T22:50:00Z,46,0.926,,,Provisional/Provisoire,,
05EA005,2026-08-05T22:55:00Z,46,0.926,,,Provisional/Provisoire,,
05EA005,2026-08-05T23:00:00Z,46,0.926,,,Provisional/Provisoire,,
05EA005,2026-08-05T23:05:00Z,46,0.926,,,Provisional/Provisoire,,
05EA005,2026-08-05T23:10:00Z,46,0.926,,,Provisional/Provisoire,,
05EA005,2026-08-05T23:15:00Z,46,0.926,,,Provisional/Provisoire,,
05EA005,2026-08-05T23:20:00Z,46,0.926,,,Provisional/Provisoire,,
05EA005,2026-08-05T23:25:00Z,46,0.925,,,Provisional/Provisoire,,
05EA005,2026-08-05T23:30:00Z,46,0.925,,,Provisional/Provisoire,,
05EA005,2026-08-05T23:35:00Z,46,0.925,,,Provisional/Provisoire,,
05EA005,2026-08-05T23:40:00Z,46,0.925,,,Provisional/Provisoire,,
05EA005,2026-08-05T23:45:00Z,46,0.925,,,Provisional/Provisoire,,
05EA005,2026-08-05T23:50:00Z,46,0.925,,,Provisional/Provisoire,,
05EA005,2026-08-05T23:55:00Z,46,0.925,,,Provisional/Provisoire,,
05EA005,2026-08-06T00:00:00Z,46,0.925,,,Provisional/Provisoire,,
05EA005,2026-08-06T00:05:00Z,46,0.925,,,Provisional/Provisoire,,
05EA005,2026-08-06T00:10:00Z,46,0.925,,,Provisional/Provisoire,,
05EA005,2026-08-06T00:15:00Z,46,0.925,,,Provisional/Provisoire,,
05EA005,2026-08-06T00:20:00Z,46,0.924,,,Provisional/Provisoire,,
05EA005,2026-08-06T00:25:00Z,46,0.924,,,Provisional/Provisoire,,
05EA005,2026-08-06T00:30:00Z,46,0.924,,,Provisional/Provisoire,,
05EA005,2026-08-06T00:35:00Z,46,0.924,,,Provisional/Provisoire,,
05EA005,2026-08-06T00:40:00Z,46,0.924,,,Provisional/Provisoire,,
05EA005,2026-08-06T00:45:00Z,46,0.924,,,Provisional/Provisoire,,
05EA005,2026-08-06T00:50:00Z,46,0.924,,,Provisional/Provisoire,,
05EA005,2026-08-06T00:55:00Z,46,0.924,,,Provisional/Provisoire,,
05EA005,2026-08-06T01:00:00Z,46,0.924,,,Provisional/Provisoire,,
05EA005,2026-08-06T01:05:00Z,46,0.924,,,Provisional/Provisoire,,
05EA005,2026-08-06T01:10:00Z,46,0.924,,,Provisional/Provisoire,,
05EA005,2026-08-06T01:15:00Z,46,0.924,,,Provisional/Provisoire,,
05EA005,2026-08-06T01:20:00Z,46,0.924,,,Provisional/Provisoire,,
05EA005,2026-08-06T01:25:00Z,46,0.924,,,Provisional/Provisoire,,
05EA005,2026-08-06T01:30:00Z,46,0.924,,,Provisional/Provisoire,,
05EA005,2026-08-06T01:35:00Z,46,0.924,,,Provisional/Provisoire,,
05EA005,2026-08-06T01:40:00Z,46,0.923,,,Provisional/Provisoire,,
05EA005,2026-08-06T01:45:00Z,46,0.923,,,Provisional/Provisoire,,
05EA005,2026-08-06T01:50:00Z,46,0.923,,,Provisional/Provisoire,,
05EA005,2026-08-06T01:55:00Z,46,0.923,,,Provisional/Provisoire,,
05EA005,2026-08-06T02:00:00Z,46,0.923,,,Provisional/Provisoire,,
05EA005,2026-08-06T02:05:00Z,46,0.923,,,Provisional/Provisoire,,
05EA005,2026-08-06T02:10:00Z,46,0.923,,,Provisional/Provisoire,,
05EA005,2026-08-06T02:15:00Z,46,0.923,,,Provisional/Provisoire,,
05EA005,2026-08-06T02:20:00Z,46,0.923,,,Provisional/Provisoire,,
05EA005,2026-08-06T02:25:00Z,46,0.923,,,Provisional/Provisoire,,
05EA005,2026-08-06T02:30:00Z,46,0.923,,,Provisional/Provisoire,,
05EA005,2026-08-06T02:35:00Z,46,0.923,,,Provisional/Provisoire,,
05EA005,2026-08-06T02:40:00Z,46,0.923,,,Provisional/Provisoire,,
05EA005,2026-08-06T02:45:00Z,46,0.923,,,Provisional/Provisoire,,
05EA005,2026-08-06T02:50:00Z,46,0.923,,,Provisional/Provisoire,,
05EA005,2026-08-06T02:55:00Z,46,0.923,,,Provisional/Provisoire,,
05EA005,2026-08-06T03:00:00Z,46,0.923,,,Provisional/Provisoire,,
05EA005,2026-08-06T03:05:00Z,46,0.922,,,Provisional/Provisoire,,
05EA005,2026-08-06T03:10:00Z,46,0.922,,,Provisional/Provisoire,,
05EA005,2026-08-06T03:15:00Z,46,0.922,,,Provisional/Provisoire,,
05EA005,2026-08-06T03:20:00Z,46,0.922,,,Provisional/Provisoire,,
05EA005,2026-08-06T03:25:00Z,46,0.922,,,Provisional/Provisoire,,
05EA005,2026-08-06T03:30:00Z,46,0.922,,,Provisional/Provisoire,,
05EA005,2026-08-06T03:35:00Z,46,0.922,,,Provisional/Provisoire,,
05EA005,2026-08-06T03:40:00Z,46,0.922,,,Provisional/Provisoire,,
05EA005,2026-08-06T03:45:00Z,46,0.922,,,Provisional/Provisoire,,
05EA005,2026-08-06T03:50:00Z,46,0.922,,,Provisional/Provisoire,,
05EA005,2026-08-06T03:55:00Z,46,0.922,,,Provisional/Provisoire,,
05EA005,2026-08-06T04:00:00Z,46,0.922,,,Provisional/Provisoire,,
05EA005,2026-08-06T04:05:00Z,46,0.922,,,Provisional/Provisoire,,
05EA005,2026-08-06T04:10:00Z,46,0.922,,,Provisional/Provisoire,,
05EA005,2026-08-06T04:15:00Z,46,0.922,,,Provisional/Provisoire,,
05EA005,2026-08-06T04:20:00Z,46,0.922,,,Provisional/Provisoire,,
05EA005,2026-08-06T04:25:00Z,46,0.921,,,Provisional/Provisoire,,
05EA005,2026-08-06T04:30:00Z,46,0.921,,,Provisional/Provisoire,,
05EA005,2026-08-06T04:35:00Z,46,0.921,,,Provisional/Provisoire,,
05EA005,2026-08-06T04:40:00Z,46,0.921,,,Provisional/Provisoire,,
05EA005,2026-08-06T04:45:00Z,46,0.921,,,Provisional/Provisoire,,
05EA005,2026-08-06T04:50:00Z,46,0.921,,,Provisional/Provisoire,,
05EA005,2026-08-06T04:55:00Z,46,0.921,,,Provisional/Provisoire,,
05EA005,2026-08-06T05:00:00Z,46,0.921,,,Provisional/Provisoire,,
05EA005,2026-08-06T05:05:00Z,46,0.921,,,Provisional/Provisoire,,
05EA005,2026-08-06T05:10:00Z,46,0.921,,,Provisional/Provisoire,,
05EA005,2026-08-06T05:15:00Z,46,0.921,,,Provisional/Provisoire,,
05EA005,2026-08-06T05:20:00Z,46,0.921,,,Provisional/Provisoire,,
05EA005,2026-08-06T05:25:00Z,46,0.921,,,Provisional/Provisoire,,
05EA005,2026-08-06T05:30:00Z,46,0.920,,,Provisional/Provisoire,,
05EA005,2026-08-06T05:35:00Z,46,0.920,,,Provisional/Provisoire,,
05EA005,2026-08-06T05:40:00Z,46,0.920,,,Provisional/Provisoire,,
05EA005,2026-08-06T05:45:00Z,46,0.920,,,Provisional/Provisoire,,
05EA005,2026-08-06T05:50:00Z,46,0.920,,,Provisional/Provisoire,,
05EA005,2026-08-06T05:55:00Z,46,0.920,,,Provisional/Provisoire,,
05EA005,2026-08-06T06:00:00Z,46,0.921,,,Provisional/Provisoire,,
05EA005,2026-08-06T06:05:00Z,46,0.921,,,Provisional/Provisoire,,
05EA005,2026-08-06T06:10:00Z,46,0.921,,,Provisional/Provisoire,,
05EA005,2026-08-06T06:15:00Z,46,0.921,,,Provisional/Provisoire,,
05EA005,2026-08-06T06:20:00Z,46,0.921,,,Provisional/Provisoire,,
05EA005,2026-08-06T06:25:00Z,46,0.921,,,Provisional/Provisoire,,
05EA005,2026-08-06T06:30:00Z,46,0.921,,,Provisional/Provisoire,,
05EA005,2026-08-06T06:35:00Z,46,0.921,,,Provisional/Provisoire,,
05EA005,2026-08-06T06:40:00Z,46,0.921,,,Provisional/Provisoire,,
05EA005,2026-08-06T06:45:00Z,46,0.921,,,Provisional/Provisoire,,
05EA005,2026-08-06T06:50:00Z,46,0.921,,,Provisional/Provisoire,,
05EA005,2026-08-06T06:55:00Z,46,0.921,,,Provisional/Provisoire,,
05EA005,2026-08-06T07:00:00Z,46,0.921,,,Provisional/Provisoire,,
05EA005,2026-08-06T07:05:00Z,46,0.921,,,Provisional/Provisoire,,
05EA005,2026-08-06T07:10:00Z,46,0.921,,,Provisional/Provisoire,,
05EA005,2026-08-06T07:15:00Z,46,0.921,,,Provisional/Provisoire,,
05EA005,2026-08-06T07:20:00Z,46,0.921,,,Provisional/Provisoire,,
05EA005,2026-08-06T07:25:00Z,46,0.921,,,Provisional/Provisoire,,
05EA005,2026-08-06T07:30:00Z,46,0.921,,,Provisional/Provisoire,,
05EA005,2026-08-06T07:35:00Z,46,0.921,,,Provisional/Provisoire,,
05EA005,2026-08-06T07:40:00Z,46,0.921,,,Provisional/Provisoire,,
05EA005,2026-08-06T07:45:00Z,46,0.921,,,Provisional/Provisoire,,
05EA005,2026-08-06T07:50:00Z,46,0.921,,,Provisional/Provisoire,,
05EA005,2026-08-06T07:55:00Z,46,0.921,,,Provisional/Provisoire,,
05EA005,2026-08-06T08:00:00Z,46,0.921,,,Provisional/Provisoire,,
05EA005,2026-08-06T08:05:00Z,46,0.921,,,Provisional/Provisoire,,
05EA005,2026-08-06T08:10:00Z,46,0.921,,,Provisional/Provisoire,,
05EA005,2026-08-06T08:15:00Z,46,0.921,,,Provisional/Provisoire,,
05EA005,2026-08-06T08:20:00Z,46,0.921,,,Provisional/Provisoire,,
05EA005,2026-08-06T08:25:00Z,46,0.921,,,Provisional/Provisoire,,
05EA005,2026-08-06T08:30:00Z,46,0.921,,,Provisional/Provisoire,,
05EA005,2026-08-06T08:35:00Z,46,0.921,,,Provisional/Provisoire,,
05EA005,2026-08-06T08:40:00Z,46,0.921,,,Provisional/Provisoire,,
05EA005,2026-08-06T08:45:00Z,46,0.921,,,Provisional/Provisoire,,
05EA005,2026-08-06T08:50:00Z,46,0.921,,,Provisional/Provisoire,,
05EA005,2026-08-06T08:55:00Z,46,0.921,,,Provisional/Provisoire,,
05EA005,2026-08-06T09:00:00Z,46,0.921,,,Provisional/Provisoire,,
05EA005,2026-08-06T09:05:00Z,46,0.921,,,Provisional/Provisoire,,
05EA005,2026-08-06T09:10:00Z,46,0.921,,,Provisional/Provisoire,,
05EA005,2026-08-06T09:15:00Z,46,0.921,,,Provisional/Provisoire,,
05EA005,2026-08-06T09:20:00Z,46,0.921,,,Provisional/Provisoire,,
05EA005,2026-08-06T09:25:00Z,46,0.920,,,Provisional/Provisoire,,
05EA005,2026-08-06T09:30:00Z,46,0.920,,,Provisional/Provisoire,,
05EA005,2026-08-06T09:35:00Z,46,0.920,,,Provisional/Provisoire,,
05EA005,2026-08-06T09:40:00Z,46,0.920,,,Provisional/Provisoire,,
05EA005,2026-08-06T09:45:00Z,46,0.920,,,Provisional/Provisoire,,
05EA005,2026-08-06T09:50:00Z,46,0.920,,,Provisional/Provisoire,,
05EA005,2026-08-06T09:55:00Z,46,0.920,,,Provisional/Provisoire,,
05EA005,2026-08-06T10:00:00Z,46,0.920,,,Provisional/Provisoire,,
05EA005,2026-08-06T10:05:00Z,46,0.920,,,Provisional/Provisoire,,
05EA005,2026-08-06T10:10:00Z,46,0.920,,,Provisional/Provisoire,,
05EA005,2026-08-06T10:15:00Z,46,0.920,,,Provisional/Provisoire,,
05EA005,2026-08-06T10:20:00Z,46,0.920,,,Provisional/Provisoire,,
05EA005,2026-08-06T10:25:00Z,46,0.920,,,Provisional/Provisoire,,
05EA005,2026-08-06T10:30:00Z,46,0.920,,,Provisional/Provisoire,,
05EA005,2026-08-06T10:35:00Z,46,0.920,,,Provisional/Provisoire,,
05EA005,2026-08-06T10:40:00Z,46,0.920,,,Provisional/Provisoire,,
05EA005,2026-08-06T10:45:00Z,46,0.920,,,Provisional/Provisoire,,
05EA005,2026-08-06T10:50:00Z,46,0.920,,,Provisional/Provisoire,,
05EA005,2026-08-06T10:55:00Z,46,0.920,,,Provisional/Provisoire,,
05EA005,2026-08-06T11:00:00Z,46,0.919,,,Provisional/Provisoire,,
05EA005,2026-08-06T11:05:00Z,46,0.919,,,Provisional/Provisoire,,
05EA005,2026-08-06T11:10:00Z,46,0.918,,,Provisional/Provisoire,,
05EA005,2026-08-06T11:15:00Z,46,0.918,,,Provisional/Provisoire,,
05EA005,2026-08-06T11:20:00Z,46,0.918,,,Provisional/Provisoire,,
05EA005,2026-08-06T11:25:00Z,46,0.919,,,Provisional/Provisoire,,
05EA005,2026-08-06T11:30:00Z,46,0.919,,,Provisional/Provisoire,,
05EA005,2026-08-06T11:35:00Z,46,0.919,,,Provisional/Provisoire,,
05EA005,2026-08-06T11:40:00Z,46,0.919,,,Provisional/Provisoire,,
05EA005,2026-08-06T11:45:00Z,46,0.918,,,Provisional/Provisoire,,
05EA005,2026-08-06T11:50:00Z,46,0.918,,,Provisional/Provisoire,,
05EA005,2026-08-06T11:55:00Z,46,0.918,,,Provisional/Provisoire,,
05EA005,2026-08-06T12:00:00Z,46,0.918,,,Provisional/Provisoire,,
05EA005,2026-08-06T12:05:00Z,46,0.918,,,Provisional/Provisoire,,
05EA005,2026-08-06T12:10:00Z,46,0.918,,,Provisional/Provisoire,,
05EA005,2026-08-06T12:15:00Z,46,0.918,,,Provisional/Provisoire,,
05EA005,2026-08-06T12:20:00Z,46,0.918,,,Provisional/Provisoire,,
05EA005,2026-08-06T12:25:00Z,46,0.918,,,Provisional/Provisoire,,
05EA005,2026-08-06T12:30:00Z,46,0.917,,,Provisional/Provisoire,,
05EA005,2026-08-06T12:35:00Z,46,0.917,,,Provisional/Provisoire,,
05EA005,2026-08-06T12:40:00Z,46,0.917,,,Provisional/Provisoire,,
05EA005,2026-08-06T12:45:00Z,46,0.917,,,Provisional/Provisoire,,
05EA005,2026-08-06T12:50:00Z,46,0.916,,,Provisional/Provisoire,,
05EA005,2026-08-06T12:55:00Z,46,0.916,,,Provisional/Provisoire,,
05EA005,2026-08-06T13:00:00Z,46,0.916,,,Provisional/Provisoire,,
05EA005,2026-08-06T13:05:00Z,46,0.916,,,Provisional/Provisoire,,
05EA005,2026-08-06T13:10:00Z,46,0.916,,,Provisional/Provisoire,,
05EA005,2026-08-06T13:15:00Z,46,0.916,,,Provisional/Provisoire,,
05EA005,2026-08-06T13:20:00Z,46,0.916,,,Provisional/Provisoire,,
05EA005,2026-08-06T13:25:00Z,46,0.916,,,Provisional/Provisoire,,
05EA005,2026-08-06T13:30:00Z,46,0.916,,,Provisional/Provisoire,,
05EA005,2026-08-06T13:35:00Z,46,0.916,,,Provisional/Provisoire,,
05EA005,2026-08-06T13:40:00Z,46,0.916,,,Provisional/Provisoire,,
05EA005,2026-08-06T13:45:00Z,46,0.916,,,Provisional/Provisoire,,
05EA005,2026-08-06T13:50:00Z,46,0.916,,,Provisional/Provisoire,,
05EA005,2026-08-06T13:55:00Z,46,0.916,,,Provisional/Provisoire,,
05EA005,2026-08-06T14:00:00Z,46,0.915,,,Provisional/Provisoire,,
05EA005,2026-08-06T14:05:00Z,46,0.915,,,Provisional/Provisoire,,
05EA005,2026-08-06T14:10:00Z,46,0.915,,,Provisional/Provisoire,,
05EA005,2026-08-06T14:15:00Z,46,0.915,,,Provisional/Provisoire,,
05EA005,2026-08-06T14:20:00Z,46,0.915,,,Provisional/Provisoire,,
05EA005,2026-08-06T14:25:00Z,46,0.915,,,Provisional/Provisoire,,
05EA005,2026-08-06T14:30:00Z,46,0.915,,,Provisional/Provisoire,,
05EA005,2026-08-06T14:35:00Z,46,0.915,,,Provisional/Provisoire,,
05EA005,2026-08-06T14:40:00Z,46,0.915,,,Provisional/Provisoire,,
05EA005,2026-08-06T14:45:00Z,46,0.915,,,Provisional/Provisoire,,
05EA005,2026-08-06T14:50:00Z,46,0.915,,,Provisional/Provisoire,,
05EA005,2026-08-06T14:55:00Z,46,0.915,,,Provisional/Provisoire,,
05EA005,2026-08-06T15:00:00Z,46,0.915,,,Provisional/Provisoire,,
05EA005,2026-08-06T15:05:00Z,46,0.915,,,Provisional/Provisoire,,
05EA005,2026-08-06T15:10:00Z,46,0.914,,,Provisional/Provisoire,,
05EA005,2026-08-06T15:15:00Z,46,0.914,,,Provisional/Provisoire,,
05EA005,2026-08-06T15:20:00Z,46,0.914,,,Provisional/Provisoire,,
05EA005,2026-08-06T15:25:00Z,46,0.914,,,Provisional/Provisoire,,
05EA005,2026-08-06T15:30:00Z,46,0.914,,,Provisional/Provisoire,,
05EA005,2026-08-06T15:35:00Z,46,0.914,,,Provisional/Provisoire,,
05EA005,2026-08-06T15:40:00Z,46,0.914,,,Provisional/Provisoire,,
05EA005,2026-08-06T15:45:00Z,46,0.914,,,Provisional/Provisoire,,
05EA005,2026-08-06T15:50:00Z,46,0.914,,,Provisional/Provisoire,,
05EA005,2026-08-06T15:55:00Z,46,0.914,,,Provisional/Provisoire,,
05EA005,2026-08-06T16:00:00Z,46,0.914,,,Provisional/Provisoire,,
05EA005,2026-08-06T16:05:00Z,46,0.914,,,Provisional/Provisoire,,
05EA005,2026-08-06T16:10:00Z,46,0.914,,,Provisional/Provisoire,,
05EA005,2026-08-06T16:15:00Z,46,0.913,,,Provisional/Provisoire,,
05EA005,2026-08-06T16:20:00Z,46,0.913,,,Provisional/Provisoire,,
05EA005,2026-08-06T16:25:00Z,46,0.913,,,Provisional/Provisoire,,
05EA005,2026-08-06T16:30:00Z,46,0.913,,,Provisional/Provisoire,,
05EA005,2026-08-06T16:35:00Z,46,0.913,,,Provisional/Provisoire,,
05EA005,2026-08-06T16:40:00Z,46,0.913,,,Provisional/Provisoire,,
05EA005,2026-08-06T16:45:00Z,46,0.913,,,Provisional/Provisoire,,
05EA005,2026-08-06T16:50:00Z,46,0.913,,,Provisional/Provisoire,,
05EA005,2026-08-06T16:55:00Z,46,0.913,,,Provisional/Provisoire,,
05EA005,2026-08-06T17:00:00Z,46,0.913,,,Provisional/Provisoire,,
05EA005,2026-08-06T17:05:00Z,46,0.913,,,Provisional/Provisoire,,
05EA005,2026-08-06T17:10:00Z,46,0.912,,,Provisional/Provisoire,,
05EA005,2026-08-06T17:15:00Z,46,0.912,,,Provisional/Provisoire,,
05EA005,2026-08-06T17:20:00Z,46,0.912,,,Provisional/Provisoire,,
05EA005,2026-08-06T17:25:00Z,46,0.912,,,Provisional/Provisoire,,
05EA005,2026-08-06T17:30:00Z,46,0.912,,,Provisional/Provisoire,,
05EA005,2026-08-06T17:35:00Z,46,0.912,,,Provisional/Provisoire,,
05EA005,2026-08-06T17:40:00Z,46,0.912,,,Provisional/Provisoire,,
05EA005,2026-08-06T17:45:00Z,46,0.912,,,Provisional/Provisoire,,
05EA005,2026-08-06T17:50:00Z,46,0.912,,,Provisional/Provisoire,,
05EA005,2026-08-06T17:55:00Z,46,0.912,,,Provisional/Provisoire,,
05EA005,2026-08-06T18:00:00Z,46,0.912,,,Provisional/Provisoire,,
05EA005,2026-08-06T18:05:00Z,46,0.912,,,Provisional/Provisoire,,
05EA005,2026-08-06T18:10:00Z,46,0.911,,,Provisional/Provisoire,,
05EA005,2026-08-06T18:15:00Z,46,0.911,,,Provisional/Provisoire,,
05EA005,2026-08-06T18:20:00Z,46,0.911,,,Provisional/Provisoire,,
05EA005,2026-08-06T18:25:00Z,46,0.911,,,Provisional/Provisoire,,
05EA005,2026-08-06T18:30:00Z,46,0.911,,,Provisional/Provisoire,,
05EA005,2026-08-06T18:35:00Z,46,0.911,,,Provisional/Provisoire,,
05EA005,2026-08-06T18:40:00Z,46,0.911,,,Provisional/Provisoire,,
05EA005,2026-08-06T18:45:00Z,46,0.911,,,Provisional/Provisoire,,
05EA005,2026-08-06T18:50:00Z,46,0.911,,,Provisional/Provisoire,,
05EA005,2026-08-06T18:55:00Z,46,0.911,,,Provisional/Provisoire,,
05EA005,2026-08-06T19:00:00Z,46,0.911,,,Provisional/Provisoire,,
05EA005,2026-08-06T19:05:00Z,46,0.911,,,Provisional/Provisoire,,
05EA005,2026-08-06T19:10:00Z,46,0.911,,,Provisional/Provisoire,,
05EA005,2026-08-06T19:15:00Z,46,0.910,,,Provisional/Provisoire,,
05EA005,2026-08-06T19:20:00Z,46,0.910,,,Provisional/Provisoire,,
05EA005,2026-08-06T19:25:00Z,46,0.910,,,Provisional/Provisoire,,
05EA005,2026-08-06T19:30:00Z,46,0.910,,,Provisional/Provisoire,,
05EA005,2026-08-06T19:35:00Z,46,0.910,,,Provisional/Provisoire,,
05EA005,2026-08-06T19:40:00Z,46,0.910,,,Provisional/Provisoire,,
05EA005,2026-08-06T19:45:00Z,46,0.910,,,Provisional/Provisoire,,
05EA005,2026-08-06T19:50:00Z,46,0.910,,,Provisional/Provisoire,,
05EA005,2026-08-06T19:55:00Z,46,0.910,,,Provisional/Provisoire,,
05EA005,2026-08-06T20:00:00Z,46,0.910,,,Provisional/Provisoire,,
05EA005,2026-08-06T20:05:00Z,46,0.910,,,Provisional/Provisoire,,
05EA005,2026-08-06T20:10:00Z,46,0.910,,,Provisional/Provisoire,,
05EA005,2026-08-06T20:15:00Z,46,0.910,,,Provisional/Provisoire,,
05EA005,2026-08-06T20:20:00Z,46,0.910,,,Provisional/Provisoire,,
05EA005,2026-08-06T20:25:00Z,46,0.909,,,Provisional/Provisoire,,
05EA005,2026-08-06T20:30:00Z,46,0.909,,,Provisional/Provisoire,,
05EA005,2026-08-06T20:35:00Z,46,0.909,,,Provisional/Provisoire,,
05EA005,2026-08-06T20:40:00Z,46,0.909,,,Provisional/Provisoire,,
05EA005,2026-08-06T20:45:00Z,46,0.909,,,Provisional/Provisoire,,
05EA005,2026-08-06T20:50:00Z,46,0.909,,,Provisional/Provisoire,,
05EA005,2026-08-06T20:55:00Z,46,0.909,,,Provisional/Provisoire,,
05EA005,2026-08-06T21:00:00Z,46,0.909,,,Provisional/Provisoire,,
05EA005,2026-08-06T21:05:00Z,46,0.909,,,Provisional/Provisoire,,
05EA005,2026-08-06T21:10:00Z,46,0.908,,,Provisional/Provisoire,,
05EA005,2026-08-06T21:15:00Z,46,0.908,,,Provisional/Provisoire,,
05EA005,2026-08-06T21:20:00Z,46,0.908,,,Provisional/Provisoire,,
05EA005,2026-08-06T21:25:00Z,46,0.908,,,Provisional/Provisoire,,
05EA005,2026-08-06T21:30:00Z,46,0.908,,,Provisional/Provisoire,,
05EA005,2026-08-06T21:35:00Z,46,0.908,,,Provisional/Provisoire,,
05EA005,2026-08-06T21:40:00Z,46,0.908,,,Provisional/Provisoire,,
05EA005,2026-08-06T21:45:00Z,46,0.908,,,Provisional/Provisoire,,
05EA005,2026-08-06T21:50:00Z,46,0.908,,,Provisional/Provisoire,,
05EA005,2026-08-06T21:55:00Z,46,0.908,,,Provisional/Provisoire,,
05EA005,2026-08-06T22:00:00Z,46,0.908,,,Provisional/Provisoire,,
05EA005,2026-08-06T22:05:00Z,46,0.908,,,Provisional/Provisoire,,
05EA005,2026-08-06T22:10:00Z,46,0.907,,,Provisional/Provisoire,,
05EA005,2026-08-06T22:15:00Z,46,0.907,,,Provisional/Provisoire,,
05EA005,2026-08-06T22:20:00Z,46,0.907,,,Provisional/Provisoire,,
05EA005,2026-08-06T22:25:00Z,46,0.907,,,Provisional/Provisoire,,
05EA005,2026-08-06T22:30:00Z,46,0.907,,,Provisional/Provisoire,,
05EA005,2026-08-06T22:35:00Z,46,0.907,,,Provisional/Provisoire,,
05EA005,2026-08-06T22:40:00Z,46,0.907,,,Provisional/Provisoire,,
05EA005,2026-08-06T22:45:00Z,46,0.907,,,Provisional/Provisoire,,
05EA005,2026-08-06T22:50:00Z,46,0.907,,,Provisional/Provisoire,,
05EA005,2026-08-06T22:55:00Z,46,0.907,,,Provisional/Provisoire,,
05EA005,2026-08-06T23:00:00Z,46,0.907,,,Provisional/Provisoire,,
05EA005,2026-08-06T23:05:00Z,46,0.907,,,Provisional/Provisoire,,
05EA005,2026-08-06T23:10:00Z,46,0.907,,,Provisional/Provisoire,,
05EA005,2026-08-06T23:15:00Z,46,0.907,,,Provisional/Provisoire,,
05EA005,2026-08-06T23:20:00Z,46,0.907,,,Provisional/Provisoire,,
05EA005,2026-08-06T23:25:00Z,46,0.907,,,Provisional/Provisoire,,
05EA005,2026-08-06T23:30:00Z,46,0.907,,,Provisional/Provisoire,,
05EA005,2026-08-06T23:35:00Z,46,0.907,,,Provisional/Provisoire,,
05EA005,2026-08-06T23:40:00Z,46,0.907,,,Provisional/Provisoire,,
05EA005,2026-08-06T23:45:00Z,46,0.907,,,Provisional/Provisoire,,
05EA005,2026-08-06T23:50:00Z,46,0.907,,,Provisional/Provisoire,,
05EA005,2026-08-06T23:55:00Z,46,0.907,,,Provisional/Provisoire,,
05EA005,2026-08-07T00:00:00Z,46,0.907,,,Provisional/Provisoire,,
05EA005,2026-08-07T00:05:00Z,46,0.907,,,Provisional/Provisoire,,
05EA005,2026-08-07T00:10:00Z,46,0.907,,,Provisional/Provisoire,,
05EA005,2026-08-07T00:15:00Z,46,0.907,,,Provisional/Provisoire,,
05EA005,2026-08-07T00:20:00Z,46,0.907,,,Provisional/Provisoire,,
05EA005,2026-08-07T00:25:00Z,46,0.907,,,Provisional/Provisoire,,
05EA005,2026-08-07T00:30:00Z,46,0.907,,,Provisional/Provisoire,,
05EA005,2026-08-07T00:35:00Z,46,0.907,,,Provisional/Provisoire,,
05EA005,2026-08-07T00:40:00Z,46,0.907,,,Provisional/Provisoire,,
05EA005,2026-08-07T00:45:00Z,46,0.907,,,Provisional/Provisoire,,
05EA005,2026-08-07T00:50:00Z,46,0.907,,,Provisional/Provisoire,,
05EA005,2026-08-07T00:55:00Z,46,0.907,,,Provisional/Provisoire,,
05EA005,2026-08-07T01:00:00Z,46,0.906,,,Provisional/Provisoire,,
05EA005,2026-08-07T01:05:00Z,46,0.906,,,Provisional/Provisoire,,
05EA005,2026-08-07T01:10:00Z,46,0.906,,,Provisional/Provisoire,,
05EA005,2026-08-07T01:15:00Z,46,0.906,,,Provisional/Provisoire,,
05EA005,2026-08-07T01:20:00Z,46,0.906,,,Provisional/Provisoire,,
05EA005,2026-08-07T01:25:00Z,46,0.906,,,Provisional/Provisoire,,
05EA005,2026-08-07T01:30:00Z,46,0.906,,,Provisional/Provisoire,,
05EA005,2026-08-07T01:35:00Z,46,0.906,,,Provisional/Provisoire,,
05EA005,2026-08-07T01:40:00Z,46,0.906,,,Provisional/Provisoire,,
05EA005,2026-08-07T01:45:00Z,46,0.906,,,Provisional/Provisoire,,
05EA005,2026-08-07T01:50:00Z,46,0.906,,,Provisional/Provisoire,,
05EA005,2026-08-07T01:55:00Z,46,0.906,,,Provisional/Provisoire,,
05EA005,2026-08-07T02:00:00Z,46,0.906,,,Provisional/Provisoire,,
05EA005,2026-08-07T02:05:00Z,46,0.906,,,Provisional/Provisoire,,
05EA005,2026-08-07T02:10:00Z,46,0.906,,,Provisional/Provisoire,,
05EA005,2026-08-07T02:15:00Z,46,0.905,,,Provisional/Provisoire,,
05EA005,2026-08-07T02:20:00Z,46,0.905,,,Provisional/Provisoire,,
05EA005,2026-08-07T02:25:00Z,46,0.905,,,Provisional/Provisoire,,
05EA005,2026-08-07T02:30:00Z,46,0.905,,,Provisional/Provisoire,,
05EA005,2026-08-07T02:35:00Z,46,0.905,,,Provisional/Provisoire,,
05EA005,2026-08-07T02:40:00Z,46,0.905,,,Provisional/Provisoire,,
05EA005,2026-08-07T02:45:00Z,46,0.905,,,Provisional/Provisoire,,
05EA005,2026-08-07T02:50:00Z,46,0.905,,,Provisional/Provisoire,,
05EA005,2026-08-07T02:55:00Z,46,0.905,,,Provisional/Provisoire,,
05EA005,2026-08-07T03:00:00Z,46,0.905,,,Provisional/Provisoire,,
05EA005,2026-08-07T03:05:00Z,46,0.905,,,Provisional/Provisoire,,
05EA005,2026-08-07T03:10:00Z,46,0.905,,,Provisional/Provisoire,,
05EA005,2026-08-07T03:15:00Z,46,0.905,,,Provisional/Provisoire,,
05EA005,2026-08-07T03:20:00Z,46,0.905,,,Provisional/Provisoire,,
05EA005,2026-08-07T03:25:00Z,46,0.905,,,Provisional/Provisoire,,
05EA005,2026-08-07T03:30:00Z,46,0.905,,,Provisional/Provisoire,,
05EA005,2026-08-07T03:35:00Z,46,0.905,,,Provisional/Provisoire,,
05EA005,2026-08-07T03:40:00Z,46,0.905,,,Provisional/Provisoire,,
05EA005,2026-08-07T03:45:00Z,46,0.905,,,Provisional/Provisoire,,
05EA005,2026-08-07T03:50:00Z,46,0.905,,,Provisional/Provisoire,,
05EA005,2026-08-07T03:55:00Z,46,0.905,,,Provisional/Provisoire,,
05EA005,2026-08-07T04:00:00Z,46,0.905,,,Provisional/Provisoire,,
05EA005,2026-08-07T04:05:00Z,46,0.905,,,Provisional/Provisoire,,
05EA005,2026-08-07T04:10:00Z,46,0.905,,,Provisional/Provisoire,,
05EA005,2026-08-07T04:15:00Z,46,0.904,,,Provisional/Provisoire,,
05EA005,2026-08-07T04:20:00Z,46,0.904,,,Provisional/Provisoire,,
05EA005,2026-08-07T04:25:00Z,46,0.904,,,Provisional/Provisoire,,
05EA005,2026-08-07T04:30:00Z,46,0.904,,,Provisional/Provisoire,,
05EA005,2026-08-07T04:35:00Z,46,0.904,,,Provisional/Provisoire,,
05EA005,2026-08-07T04:40:00Z,46,0.904,,,Provisional/Provisoire,,
05EA005,2026-08-07T04:45:00Z,46,0.904,,,Provisional/Provisoire,,
05EA005,2026-08-07T04:50:00Z,46,0.904,,,Provisional/Provisoire,,
05EA005,2026-08-07T04:55:00Z,46,0.904,,,Provisional/Provisoire,,
05EA005,2026-08-07T05:00:00Z,46,0.904,,,Provisional/Provisoire,,
05EA005,2026-08-07T05:05:00Z,46,0.904,,,Provisional/Provisoire,,
05EA005,2026-08-07T05:10:00Z,46,0.903,,,Provisional/Provisoire,,
05EA005,2026-08-07T05:15:00Z,46,0.903,,,Provisional/Provisoire,,
05EA005,2026-08-07T05:20:00Z,46,0.903,,,Provisional/Provisoire,,
05EA005,2026-08-07T05:25:00Z,46,0.903,,,Provisional/Provisoire,,
05EA005,2026-08-07T05:30:00Z,46,0.903,,,Provisional/Provisoire,,
05EA005,2026-08-07T05:35:00Z,46,0.903,,,Provisional/Provisoire,,
05EA005,2026-08-07T05:40:00Z,46,0.903,,,Provisional/Provisoire,,
05EA005,2026-08-07T05:45:00Z,46,0.903,,,Provisional/Provisoire,,
05EA005,2026-08-07T05:50:00Z,46,0.903,,,Provisional/Provisoire,,
05EA005,2026-08-07T05:55:00Z,46,0.903,,,Provisional/Provisoire,,
05EA005,2026-08-07T06:00:00Z,46,0.903,,,Provisional/Provisoire,,
05EA005,2026-08-07T06:05:00Z,46,0.903,,,Provisional/Provisoire,,
05EA005,2026-08-07T06:10:00Z,46,0.902,,,Provisional/Provisoire,,
05EA005,2026-08-07T06:15:00Z,46,0.902,,,Provisional/Provisoire,,
05EA005,2026-08-07T06:20:00Z,46,0.902,,,Provisional/Provisoire,,
05EA005,2026-08-07T06:25:00Z,46,0.902,,,Provisional/Provisoire,,
05EA005,2026-08-07T06:30:00Z,46,0.902,,,Provisional/Provisoire,,
05EA005,2026-08-07T06:35:00Z,46,0.902,,,Provisional/Provisoire,,
05EA005,2026-08-07T06:40:00Z,46,0.902,,,Provisional/Provisoire,,
05EA005,2026-08-07T06:45:00Z,46,0.902,,,Provisional/Provisoire,,
05EA005,2026-08-07T06:50:00Z,46,0.902,,,Provisional/Provisoire,,
05EA005,2026-08-07T06:55:00Z,46,0.902,,,Provisional/Provisoire,,
05EA005,2026-08-07T07:00:00Z,46,0.902,,,Provisional/Provisoire,,
05EA005,2026-08-07T07:05:00Z,46,0.902,,,Provisional/Provisoire,,
05EA005,2026-08-07T07:10:00Z,46,0.902,,,Provisional/Provisoire,,
05EA005,2026-08-07T07:15:00Z,46,0.902,,,Provisional/Provisoire,,
05EA005,2026-08-07T07:20:00Z,46,0.902,,,Provisional/Provisoire,,
05EA005,2026-08-07T07:25:00Z,46,0.902,,,Provisional/Provisoire,,
05EA005,2026-08-07T07:30:00Z,46,0.902,,,Provisional/Provisoire,,
05EA005,2026-08-07T07:35:00Z,46,0.902,,,Provisional/Provisoire,,
05EA005,2026-08-07T07:40:00Z,46,0.902,,,Provisional/Provisoire,,
05EA005,2026-08-07T07:45:00Z,46,0.901,,,Provisional/Provisoire,,
05EA005,2026-08-07T07:50:00Z,46,0.901,,,Provisional/Provisoire,,
05EA005,2026-08-07T07:55:00Z,46,0.901,,,Provisional/Provisoire,,
05EA005,2026-08-07T08:00:00Z,46,0.901,,,Provisional/Provisoire,,
05EA005,2026-08-07T08:05:00Z,46,0.901,,,Provisional/Provisoire,,
05EA005,2026-08-07T08:10:00Z,46,0.901,,,Provisional/Provisoire,,
05EA005,2026-08-07T08:15:00Z,46,0.901,,,Provisional/Provisoire,,
05EA005,2026-08-07T08:20:00Z,46,0.901,,,Provisional/Provisoire,,
05EA005,2026-08-07T08:25:00Z,46,0.901,,,Provisional/Provisoire,,
05EA005,2026-08-07T08:30:00Z,46,0.901,,,Provisional/Provisoire,,
05EA005,2026-08-07T08:35:00Z,46,0.901,,,Provisional/Provisoire,,
05EA005,2026-08-07T08:40:00Z,46,0.901,,,Provisional/Provisoire,,
05EA005,2026-08-07T08:45:00Z,46,0.901,,,Provisional/Provisoire,,
05EA005,2026-08-07T08:50:00Z,46,0.901,,,Provisional/Provisoire,,
05EA005,2026-08-07T08:55:00Z,46,0.901,,,Provisional/Provisoire,,
05EA005,2026-08-07T09:00:00Z,46,0.901,,,Provisional/Provisoire,,
05EA005,2026-08-07T09:05:00Z,46,0.901,,,Provisional/Provisoire,,
05EA005,2026-08-07T09:10:00Z,46,0.901,,,Provisional/Provisoire,,
05EA005,2026-08-07T09:15:00Z,46,0.901,,,Provisional/Provisoire,,
05EA005,2026-08-07T09:20:00Z,46,0.901,,,Provisional/Provisoire,,
05EA005,2026-08-07T09:25:00Z,46,0.900,,,Provisional/Provisoire,,
05EA005,2026-08-07T09:30:00Z,46,0.900,,,Provisional/Provisoire,,
05EA005,2026-08-07T09:35:00Z,46,0.900,,,Provisional/Provisoire,,
05EA005,2026-08-07T09:40:00Z,46,0.900,,,Provisional/Provisoire,,
05EA005,2026-08-07T09:45:00Z,46,0.900,,,Provisional/Provisoire,,
05EA005,2026-08-07T09:50:00Z,46,0.900,,,Provisional/Provisoire,,
05EA005,2026-08-07T09:55:00Z,46,0.900,,,Provisional/Provisoire,,
05EA005,2026-08-07T10:00:00Z,46,0.900,,,Provisional/Provisoire,,
05EA005,2026-08-07T10:05:00Z,46,0.900,,,Provisional/Provisoire,,
05EA005,2026-08-07T10:10:00Z,46,0.900,,,Provisional/Provisoire,,
05EA005,2026-08-07T10:15:00Z,46,0.900,,,Provisional/Provisoire,,
05EA005,2026-08-07T10:20:00Z,46,0.900,,,Provisional/Provisoire,,
05EA005,2026-08-07T10:25:00Z,46,0.900,,,Provisional/Provisoire,,
05EA005,2026-08-07T10:30:00Z,46,0.900,,,Provisional/Provisoire,,
05EA005,2026-08-07T10:35:00Z,46,0.900,,,Provisional/Provisoire,,
05EA005,2026-08-07T10:40:00Z,46,0.900,,,Provisional/Provisoire,,
05EA005,2026-08-07T10:45:00Z,46,0.900,,,Provisional/Provisoire,,
05EA005,2026-08-07T10:50:00Z,46,0.900,,,Provisional/Provisoire,,
05EA005,2026-08-07T10:55:00Z,46,0.900,,,Provisional/Provisoire,,
05EA005,2026-08-07T11:00:00Z,46,0.900,,,Provisional/Provisoire,,
05EA005,2026-08-07T11:05:00Z,46,0.899,,,Provisional/Provisoire,,
05EA005,2026-08-07T11:10:00Z,46,0.899,,,Provisional/Provisoire,,
05EA005,2026-08-07T11:15:00Z,46,0.899,,,Provisional/Provisoire,,
05EA005,2026-08-07T11:20:00Z,46,0.899,,,Provisional/Provisoire,,
05EA005,2026-08-07T11:25:00Z,46,0.899,,,Provisional/Provisoire,,
05EA005,2026-08-07T11:30:00Z,46,0.899,,,Provisional/Provisoire,,
05EA005,2026-08-07T11:35:00Z,46,0.899,,,Provisional/Provisoire,,
05EA005,2026-08-07T11:40:00Z,46,0.899,,,Provisional/Provisoire,,
05EA005,2026-08-07T11:45:00Z,46,0.899,,,Provisional/Provisoire,,
05EA005,2026-08-07T11:50:00Z,46,0.899,,,Provisional/Provisoire,,
05EA005,2026-08-07T11:55:00Z,46,0.899,,,Provisional/Provisoire,,
05EA005,2026-08-07T12:00:00Z,46,0.899,,,Provisional/Provisoire,,
05EA005,2026-08-07T12:05:00Z,46,0.899,,,Provisional/Provisoire,,
05EA005,2026-08-07T12:10:00Z,46,0.899,,,Provisional/Provisoire,,
05EA005,2026-08-07T12:15:00Z,46,0.899,,,Provisional/Provisoire,,
05EA005,2026-08-07T12:20:00Z,46,0.899,,,Provisional/Provisoire,,
05EA005,2026-08-07T12:25:00Z,46,0.899,,,Provisional/Provisoire,,
05EA005,2026-08-07T12:30:00Z,46,0.899,,,Provisional/Provisoire,,
05EA005,2026-08-07T12:35:00Z,46,0.899,,,Provisional/Provisoire,,
05EA005,2026-08-07T12:40:00Z,46,0.899,,,Provisional/Provisoire,,
05EA005,2026-08-07T12:45:00Z,46,0.899,,,Provisional/Provisoire,,
05EA005,2026-08-07T12:50:00Z,46,0.899,,,Provisional/Provisoire,,
05EA005,2026-08-07T12:55:00Z,46,0.899,,,Provisional/Provisoire,,
05EA005,2026-08-07T13:00:00Z,46,0.899,,,Provisional/Provisoire,,
05EA005,2026-08-07T13:05:00Z,46,0.898,,,Provisional/Provisoire,,
05EA005,2026-08-07T13:10:00Z,46,0.898,,,Provisional/Provisoire,,
05EA005,2026-08-07T13:15:00Z,46,0.898,,,Provisional/Provisoire,,
05EA005,2026-08-07T13:20:00Z,46,0.898,,,Provisional/Provisoire,,
05EA005,2026-08-07T13:25:00Z,46,0.898,,,Provisional/Provisoire,,
05EA005,2026-08-07T13:30:00Z,46,0.898,,,Provisional/Provisoire,,
05EA005,2026-08-07T13:35:00Z,46,0.898,,,Provisional/Provisoire,,
05EA005,2026-08-07T13:40:00Z,46,0.898,,,Provisional/Provisoire,,
05EA005,2026-08-07T13:45:00Z,46,0.898,,,Provisional/Provisoire,,
05EA005,2026-08-07T13:50:00Z,46,0.898,,,Provisional/Provisoire,,
05EA005,2026-08-07T13:55:00Z,46,0.898,,,Provisional/Provisoire,,
05EA005,2026-08-07T14:00:00Z,46,0.898,,,Provisional/Provisoire,,
05EA005,2026-08-07T14:05:00Z,46,0.898,,,Provisional/Provisoire,,
05EA005,2026-08-07T14:10:00Z,46,0.898,,,Provisional/Provisoire,,
05EA005,2026-08-07T14:15:00Z,46,0.898,,,Provisional/Provisoire,,
05EA005,2026-08-07T14:20:00Z,46,0.898,,,Provisional/Provisoire,,
05EA005,2026-08-07T14:25:00Z,46,0.898,,,Provisional/Provisoire,,
05EA005,2026-08-07T14:30:00Z,46,0.898,,,Provisional/Provisoire,,
05EA005,2026-08-07T14:35:00Z,46,0.897,,,Provisional/Provisoire,,
05EA005,2026-08-07T14:40:00Z,46,0.897,,,Provisional/Provisoire,,
05EA005,2026-08-07T14:45:00Z,46,0.897,,,Provisional/Provisoire,,
05EA005,2026-08-07T14:50:00Z,46,0.897,,,Provisional/Provisoire,,
05EA005,2026-08-07T14:55:00Z,46,0.897,,,Provisional/Provisoire,,
05EA005,2026-08-07T15:00:00Z,46,0.897,,,Provisional/Provisoire,,
05EA005,2026-08-07T15:05:00Z,46,0.897,,,Provisional/Provisoire,,
05EA005,2026-08-07T15:10:00Z,46,0.897,,,Provisional/Provisoire,,
05EA005,2026-08-07T15:15:00Z,46,0.897,,,Provisional/Provisoire,,
05EA005,2026-08-07T15:20:00Z,46,0.897,,,Provisional/Provisoire,,
05EA005,2026-08-07T15:25:00Z,46,0.897,,,Provisional/Provisoire,,
05EA005,2026-08-07T15:30:00Z,46,0.896,,,Provisional/Provisoire,,
05EA005,2026-08-07T15:35:00Z,46,0.896,,,Provisional/Provisoire,,
05EA005,2026-08-07T15:40:00Z,46,0.896,,,Provisional/Provisoire,,
05EA005,2026-08-07T15:45:00Z,46,0.896,,,Provisional/Provisoire,,
05EA005,2026-08-07T15:50:00Z,46,0.896,,,Provisional/Provisoire,,
05EA005,2026-08-07T15:55:00Z,46,0.896,,,Provisional/Provisoire,,
05EA005,2026-08-07T16:00:00Z,46,0.896,,,Provisional/Provisoire,,
05EA005,2026-08-07T16:05:00Z,46,0.896,,,Provisional/Provisoire,,
05EA005,2026-08-07T16:10:00Z,46,0.896,,,Provisional/Provisoire,,
05EA005,2026-08-07T16:15:00Z,46,0.895,,,Provisional/Provisoire,,
05EA005,2026-08-07T16:20:00Z,46,0.895,,,Provisional/Provisoire,,
05EA005,2026-08-07T16:25:00Z,46,0.895,,,Provisional/Provisoire,,
05EA005,2026-08-07T16:30:00Z,46,0.895,,,Provisional/Provisoire,,
05EA005,2026-08-07T16:35:00Z,46,0.895,,,Provisional/Provisoire,,
05EA005,2026-08-07T16:40:00Z,46,0.895,,,Provisional/Provisoire,,
05EA005,2026-08-07T16:45:00Z,46,0.895,,,Provisional/Provisoire,,
05EA005,2026-08-07T16:50:00Z,46,0.895,,,Provisional/Provisoire,,
05EA005,2026-08-07T16:55:00Z,46,0.895,,,Provisional/Provisoire,,
05EA005,2026-08-07T17:00:00Z,46,0.894,,,Provisional/Provisoire,,
05EA005,2026-08-07T17:05:00Z,46,0.894,,,Provisional/Provisoire,,
05EA005,2026-08-07T17:10:00Z,46,0.894,,,Provisional/Provisoire,,
05EA005,2026-08-07T17:15:00Z,46,0.894,,,Provisional/Provisoire,,
05EA005,2026-08-07T17:20:00Z,46,0.894,,,Provisional/Provisoire,,
05EA005,2026-08-07T17:25:00Z,46,0.894,,,Provisional/Provisoire,,
05EA005,2026-08-07T17:30:00Z,46,0.894,,,Provisional/Provisoire,,
05EA005,2026-08-07T17:35:00Z,46,0.894,,,Provisional/Provisoire,,
05EA005,2026-08-07T17:40:00Z,46,0.893,,,Provisional/Provisoire,,
05EA005,2026-08-07T17:45:00Z,46,0.893,,,Provisional/Provisoire,,
05EA005,2026-08-07T17:50:00Z,46,0.893,,,Provisional/Provisoire,,
05EA005,2026-08-07T17:55:00Z,46,0.893,,,Provisional/Provisoire,,
05EA005,2026-08-07T18:00:00Z,46,0.893,,,Provisional/Provisoire,,
05EA005,2026-08-07T18:05:00Z,46,0.893,,,Provisional/Provisoire,,
05EA005,2026-08-07T18:10:00Z,46,0.893,,,Provisional/Provisoire,,
05EA005,2026-08-07T18:15:00Z,46,0.893,,,Provisional/Provisoire,,
05EA005,2026-08-07T18:20:00Z,46,0.893,,,Provisional/Provisoire,,
05EA005,2026-08-07T18:25:00Z,46,0.893,,,Provisional/Provisoire,,
05EA005,2026-08-07T18:30:00Z,46,0.892,,,Provisional/Provisoire,,
05EA005,2026-08-07T18:35:00Z,46,0.892,,,Provisional/Provisoire,,
05EA005,2026-08-07T18:40:00Z,46,0.892,,,Provisional/Provisoire,,
05EA005,2026-08-07T18:45:00Z,46,0.892,,,Provisional/Provisoire,,
05EA005,2026-08-07T18:50:00Z,46,0.892,,,Provisional/Provisoire,,
05EA005,2026-08-07T18:55:00Z,46,0.892,,,Provisional/Provisoire,,
05EA005,2026-08-07T19:00:00Z,46,0.892,,,Provisional/Provisoire,,
05EA005,2026-08-07T19:05:00Z,46,0.892,,,Provisional/Provisoire,,
05EA005,2026-08-07T19:10:00Z,46,0.892,,,Provisional/Provisoire,,
05EA005,2026-08-07T19:15:00Z,46,0.891,,,Provisional/Provisoire,,
05EA005,2026-08-07T19:20:00Z,46,0.891,,,Provisional/Provisoire,,
05EA005,2026-08-07T19:25:00Z,46,0.891,,,Provisional/Provisoire,,
05EA005,2026-08-07T19:30:00Z,46,0.891,,,Provisional/Provisoire,,
05EA005,2026-08-07T19:35:00Z,46,0.891,,,Provisional/Provisoire,,
05EA005,2026-08-07T19:40:00Z,46,0.891,,,Provisional/Provisoire,,
05EA005,2026-08-07T19:45:00Z,46,0.891,,,Provisional/Provisoire,,
05EA005,2026-08-07T19:50:00Z,46,0.891,,,Provisional/Provisoire,,
05EA005,2026-08-07T19:55:00Z,46,0.891,,,Provisional/Provisoire,,
05EA005,2026-08-07T20:00:00Z,46,0.890,,,Provisional/Provisoire,,
05EA005,2026-08-07T20:05:00Z,46,0.890,,,Provisional/Provisoire,,
05EA005,2026-08-07T20:10:00Z,46,0.890,,,Provisional/Provisoire,,
05EA005,2026-08-07T20:15:00Z,46,0.890,,,Provisional/Provisoire,,
05EA005,2026-08-07T20:20:00Z,46,0.890,,,Provisional/Provisoire,,
05EA005,2026-08-07T20:25:00Z,46,0.890,,,Provisional/Provisoire,,
05EA005,2026-08-07T20:30:00Z,46,0.890,,,Provisional/Provisoire,,
05EA005,2026-08-07T20:35:00Z,46,0.890,,,Provisional/Provisoire,,
05EA005,2026-08-07T20:40:00Z,46,0.890,,,Provisional/Provisoire,,
05EA005,2026-08-07T20:45:00Z,46,0.890,,,Provisional/Provisoire,,
05EA005,2026-08-07T20:50:00Z,46,0.890,,,Provisional/Provisoire,,
05EA005,2026-08-07T20:55:00Z,46,0.890,,,Provisional/Provisoire,,
05EA005,2026-08-07T21:00:00Z,46,0.890,,,Provisional/Provisoire,,
05EA005,2026-08-07T21:05:00Z,46,0.890,,,Provisional/Provisoire,,
05EA005,2026-08-07T21:10:00Z,46,0.890,,,Provisional/Provisoire,,
05EA005,2026-08-07T21:15:00Z,46,0.890,,,Provisional/Provisoire,,
05EA005,2026-08-07T21:20:00Z,46,0.890,,,Provisional/Provisoire,,
05EA005,2026-08-07T21:25:00Z,46,0.889,,,Provisional/Provisoire,,
05EA005,2026-08-07T21:30:00Z,46,0.889,,,Provisional/Provisoire,,
05EA005,2026-08-07T21:35:00Z,46,0.889,,,Provisional/Provisoire,,
05EA005,2026-08-07T21:40:00Z,46,0.889,,,Provisional/Provisoire,,
05EA005,2026-08-07T21:45:00Z,46,0.889,,,Provisional/Provisoire,,
05EA005,2026-08-07T21:50:00Z,46,0.889,,,Provisional/Provisoire,,
05EA005,2026-08-07T21:55:00Z,46,0.889,,,Provisional/Provisoire,,
05EA005,2026-08-07T22:00:00Z,46,0.889,,,Provisional/Provisoire,,
05EA005,2026-08-07T22:05:00Z,46,0.889,,,Provisional/Provisoire,,
05EA005,2026-08-07T22:10:00Z,46,0.889,,,Provisional/Provisoire,,
05EA005,2026-08-07T22:15:00Z,46,0.888,,,Provisional/Provisoire,,
05EA005,2026-08-07T22:20:00Z,46,0.888,,,Provisional/Provisoire,,
05EA005,2026-08-07T22:25:00Z,46,0.888,,,Provisional/Provisoire,,
05EA005,2026-08-07T22:30:00Z,46,0.888,,,Provisional/Provisoire,,
05EA005,2026-08-07T22:35:00Z,46,0.888,,,Provisional/Provisoire,,
05EA005,2026-08-07T22:40:00Z,46,0.888,,,Provisional/Provisoire,,
05EA005,2026-08-07T22:45:00Z,46,0.888,,,Provisional/Provisoire,,
05EA005,2026-08-07T22:50:00Z,46,0.888,,,Provisional/Provisoire,,
05EA005,2026-08-07T22:55:00Z,46,0.888,,,Provisional/Provisoire,,
05EA005,2026-08-07T23:00:00Z,46,0.888,,,Provisional/Provisoire,,
05EA005,2026-08-07T23:05:00Z,46,0.888,,,Provisional/Provisoire,,
05EA005,2026-08-07T23:10:00Z,46,0.887,,,Provisional/Provisoire,,
05EA005,2026-08-07T23:15:00Z,46,0.887,,,Provisional/Provisoire,,
05EA005,2026-08-07T23:20:00Z,46,0.887,,,Provisional/Provisoire,,
05EA005,2026-08-07T23:25:00Z,46,0.887,,,Provisional/Provisoire,,
05EA005,2026-08-07T23:30:00Z,46,0.887,,,Provisional/Provisoire,,
05EA005,2026-08-07T23:35:00Z,46,0.887,,,Provisional/Provisoire,,
05EA005,2026-08-07T23:40:00Z,46,0.887,,,Provisional/Provisoire,,
05EA005,2026-08-07T23:45:00Z,46,0.887,,,Provisional/Provisoire,,
05EA005,2026-08-07T23:50:00Z,46,0.887,,,Provisional/Provisoire,,
05EA005,2026-08-07T23:55:00Z,46,0.887,,,Provisional/Provisoire,,
05EA005,2026-08-08T00:00:00Z,46,0.887,,,Provisional/Provisoire,,
05EA005,2026-08-08T00:05:00Z,46,0.886,,,Provisional/Provisoire,,
05EA005,2026-08-08T00:10:00Z,46,0.886,,,Provisional/Provisoire,,
05EA005,2026-08-08T00:15:00Z,46,0.886,,,Provisional/Provisoire,,
05EA005,2026-08-08T00:20:00Z,46,0.886,,,Provisional/Provisoire,,
05EA005,2026-08-08T00:25:00Z,46,0.886,,,Provisional/Provisoire,,
05EA005,2026-08-08T00:30:00Z,46,0.886,,,Provisional/Provisoire,,
05EA005,2026-08-08T00:35:00Z,46,0.886,,,Provisional/Provisoire,,
05EA005,2026-08-08T00:40:00Z,46,0.886,,,Provisional/Provisoire,,
05EA005,2026-08-08T00:45:00Z,46,0.886,,,Provisional/Provisoire,,
05EA005,2026-08-08T00:50:00Z,46,0.886,,,Provisional/Provisoire,,
05EA005,2026-08-08T00:55:00Z,46,0.886,,,Provisional/Provisoire,,
05EA005,2026-08-08T01:00:00Z,46,0.886,,,Provisional/Provisoire,,
05EA005,2026-08-08T01:05:00Z,46,0.886,,,Provisional/Provisoire,,
05EA005,2026-08-08T01:10:00Z,46,0.886,,,Provisional/Provisoire,,
05EA005,2026-08-08T01:15:00Z,46,0.886,,,Provisional/Provisoire,,
05EA005,2026-08-08T01:20:00Z,46,0.885,,,Provisional/Provisoire,,
05EA005,2026-08-08T01:25:00Z,46,0.885,,,Provisional/Provisoire,,
05EA005,2026-08-08T01:30:00Z,46,0.885,,,Provisional/Provisoire,,
05EA005,2026-08-08T01:35:00Z,46,0.885,,,Provisional/Provisoire,,
05EA005,2026-08-08T01:40:00Z,46,0.885,,,Provisional/Provisoire,,
05EA005,2026-08-08T01:45:00Z,46,0.885,,,Provisional/Provisoire,,
05EA005,2026-08-08T01:50:00Z,46,0.885,,,Provisional/Provisoire,,
05EA005,2026-08-08T01:55:00Z,46,0.885,,,Provisional/Provisoire,,
05EA005,2026-08-08T02:00:00Z,46,0.885,,,Provisional/Provisoire,,
05EA005,2026-08-08T02:05:00Z,46,0.885,,,Provisional/Provisoire,,
05EA005,2026-08-08T02:10:00Z,46,0.885,,,Provisional/Provisoire,,
05EA005,2026-08-08T02:15:00Z,46,0.885,,,Provisional/Provisoire,,
05EA005,2026-08-08T02:20:00Z,46,0.885,,,Provisional/Provisoire,,
05EA005,2026-08-08T02:25:00Z,46,0.885,,,Provisional/Provisoire,,
05EA005,2026-08-08T02:30:00Z,46,0.885,,,Provisional/Provisoire,,
05EA005,2026-08-08T02:35:00Z,46,0.885,,,Provisional/Provisoire,,
05EA005,2026-08-08T02:40:00Z,46,0.885,,,Provisional/Provisoire,,
05EA005,2026-08-08T02:45:00Z,46,0.885,,,Provisional/Provisoire,,
05EA005,2026-08-08T02:50:00Z,46,0.884,,,Provisional/Provisoire,,
05EA005,2026-08-08T02:55:00Z,46,0.884,,,Provisional/Provisoire,,
05EA005,2026-08-08T03:00:00Z,46,0.884,,,Provisional/Provisoire,,
05EA005,2026-08-08T03:05:00Z,46,0.884,,,Provisional/Provisoire,,
05EA005,2026-08-08T03:10:00Z,46,0.884,,,Provisional/Provisoire,,
05EA005,2026-08-08T03:15:00Z,46,0.884,,,Provisional/Provisoire,,
05EA005,2026-08-08T03:20:00Z,46,0.884,,,Provisional/Provisoire,,
05EA005,2026-08-08T03:25:00Z,46,0.884,,,Provisional/Provisoire,,
05EA005,2026-08-08T03:30:00Z,46,0.884,,,Provisional/Provisoire,,
05EA005,2026-08-08T03:35:00Z,46,0.884,,,Provisional/Provisoire,,
05EA005,2026-08-08T03:40:00Z,46,0.884,,,Provisional/Provisoire,,
05EA005,2026-08-08T03:45:00Z,46,0.884,,,Provisional/Provisoire,,
05EA005,2026-08-08T03:50:00Z,46,0.884,,,Provisional/Provisoire,,
05EA005,2026-08-08T03:55:00Z,46,0.884,,,Provisional/Provisoire,,
05EA005,2026-08-08T04:00:00Z,46,0.884,,,Provisional/Provisoire,,
05EA005,2026-08-08T04:05:00Z,46,0.884,,,Provisional/Provisoire,,
05EA005,2026-08-08T04:10:00Z,46,0.884,,,Provisional/Provisoire,,
05EA005,2026-08-08T04:15:00Z,46,0.884,,,Provisional/Provisoire,,
05EA005,2026-08-08T04:20:00Z,46,0.884,,,Provisional/Provisoire,,
05EA005,2026-08-08T04:25:00Z,46,0.884,,,Provisional/Provisoire,,
05EA005,2026-08-08T04:30:00Z,46,0.884,,,Provisional/Provisoire,,
05EA005,2026-08-08T04:35:00Z,46,0.884,,,Provisional/Provisoire,,
05EA005,2026-08-08T04:40:00Z,46,0.884,,,Provisional/Provisoire,,
05EA005,2026-08-08T04:45:00Z,46,0.884,,,Provisional/Provisoire,,
05EA005,2026-08-08T04:50:00Z,46,0.884,,,Provisional/Provisoire,,
05EA005,2026-08-08T04:55:00Z,46,0.884,,,Provisional/Provisoire,,
05EA005,2026-08-08T05:00:00Z,46,0.883,,,Provisional/Provisoire,,
05EA005,2026-08-08T05:05:00Z,46,0.883,,,Provisional/Provisoire,,
05EA005,2026-08-08T05:10:00Z,46,0.883,,,Provisional/Provisoire,,
05EA005,2026-08-08T05:15:00Z,46,0.883,,,Provisional/Provisoire,,
05EA005,2026-08-08T05:20:00Z,46,0.883,,,Provisional/Provisoire,,
05EA005,2026-08-08T05:25:00Z,46,0.883,,,Provisional/Provisoire,,
05EA005,2026-08-08T05:30:00Z,46,0.883,,,Provisional/Provisoire,,
05EA005,2026-08-08T05:35:00Z,46,0.883,,,Provisional/Provisoire,,
05EA005,2026-08-08T05:40:00Z,46,0.883,,,Provisional/Provisoire,,
05EA005,2026-08-08T05:45:00Z,46,0.883,,,Provisional/Provisoire,,
05EA005,2026-08-08T05:50:00Z,46,0.883,,,Provisional/Provisoire,,
05EA005,2026-08-08T05:55:00Z,46,0.883,,,Provisional/Provisoire,,
05EA005,2026-08-08T06:00:00Z,46,0.883,,,Provisional/Provisoire,,
05EA005,2026-08-08T06:05:00Z,46,0.883,,,Provisional/Provisoire,,
05EA005,2026-08-08T06:10:00Z,46,0.883,,,Provisional/Provisoire,,
05EA005,2026-08-08T06:15:00Z,46,0.883,,,Provisional/Provisoire,,
05EA005,2026-08-08T06:20:00Z,46,0.883,,,Provisional/Provisoire,,
05EA005,2026-08-08T06:25:00Z,46,0.883,,,Provisional/Provisoire,,
05EA005,2026-08-08T06:30:00Z,46,0.883,,,Provisional/Provisoire,,
05EA005,2026-08-08T06:35:00Z,46,0.883,,,Provisional/Provisoire,,
05EA005,2026-08-08T06:40:00Z,46,0.883,,,Provisional/Provisoire,,
05EA005,2026-08-08T06:45:00Z,46,0.883,,,Provisional/Provisoire,,
05EA005,2026-08-08T06:50:00Z,46,0.883,,,Provisional/Provisoire,,
05EA005,2026-08-08T06:55:00Z,46,0.883,,,Provisional/Provisoire,,
05EA005,2026-08-08T07:00:00Z,46,0.882,,,Provisional/Provisoire,,
05EA005,2026-08-08T07:05:00Z,46,0.882,,,Provisional/Provisoire,,
05EA005,2026-08-08T07:10:00Z,46,0.882,,,Provisional/Provisoire,,
05EA005,2026-08-08T07:15:00Z,46,0.882,,,Provisional/Provisoire,,
05EA005,2026-08-08T07:20:00Z,46,0.882,,,Provisional/Provisoire,,
05EA005,2026-08-08T07:25:00Z,46,0.882,,,Provisional/Provisoire,,
05EA005,2026-08-08T07:30:00Z,46,0.882,,,Provisional/Provisoire,,
05EA005,2026-08-08T07:35:00Z,46,0.882,,,Provisional/Provisoire,,
05EA005,2026-08-08T07:40:00Z,46,0.882,,,Provisional/Provisoire,,
05EA005,2026-08-08T07:45:00Z,46,0.882,,,Provisional/Provisoire,,
05EA005,2026-08-08T07:50:00Z,46,0.882,,,Provisional/Provisoire,,
05EA005,2026-08-08T07:55:00Z,46,0.882,,,Provisional/Provisoire,,
05EA005,2026-08-08T08:00:00Z,46,0.882,,,Provisional/Provisoire,,
05EA005,2026-08-08T08:05:00Z,46,0.882,,,Provisional/Provisoire,,
05EA005,2026-08-08T08:10:00Z,46,0.882,,,Provisional/Provisoire,,
05EA005,2026-08-08T08:15:00Z,46,0.882,,,Provisional/Provisoire,,
05EA005,2026-08-08T08:20:00Z,46,0.882,,,Provisional/Provisoire,,
05EA005,2026-08-08T08:25:00Z,46,0.882,,,Provisional/Provisoire,,
05EA005,2026-08-08T08:30:00Z,46,0.882,,,Provisional/Provisoire,,
05EA005,2026-08-08T08:35:00Z,46,0.882,,,Provisional/Provisoire,,
05EA005,2026-08-08T08:40:00Z,46,0.882,,,Provisional/Provisoire,,
05EA005,2026-08-08T08:45:00Z,46,0.882,,,Provisional/Provisoire,,
05EA005,2026-08-08T08:50:00Z,46,0.882,,,Provisional/Provisoire,,
05EA005,2026-08-08T08:55:00Z,46,0.882,,,Provisional/Provisoire,,
05EA005,2026-08-08T09:00:00Z,46,0.882,,,Provisional/Provisoire,,
05EA005,2026-08-08T09:05:00Z,46,0.882,,,Provisional/Provisoire,,
05EA005,2026-08-08T09:10:00Z,46,0.882,,,Provisional/Provisoire,,
05EA005,2026-08-08T09:15:00Z,46,0.882,,,Provisional/Provisoire,,
05EA005,2026-08-08T09:20:00Z,46,0.882,,,Provisional/Provisoire,,
05EA005,2026-08-08T09:25:00Z,46,0.882,,,Provisional/Provisoire,,
05EA005,2026-08-08T09:30:00Z,46,0.882,,,Provisional/Provisoire,,
05EA005,2026-08-08T09:35:00Z,46,0.882,,,Provisional/Provisoire,,
05EA005,2026-08-08T09:40:00Z,46,0.882,,,Provisional/Provisoire,,
05EA005,2026-08-08T09:45:00Z,46,0.882,,,Provisional/Provisoire,,
05EA005,2026-08-08T09:50:00Z,46,0.882,,,Provisional/Provisoire,,
05EA005,2026-08-08T09:55:00Z,46,0.882,,,Provisional/Provisoire,,
05EA005,2026-08-08T10:00:00Z,46,0.882,,,Provisional/Provisoire,,
05EA005,2026-08-08T10:05:00Z,46,0.882,,,Provisional/Provisoire,,
05EA005,2026-08-08T10:10:00Z,46,0.882,,,Provisional/Provisoire,,
05EA005,2026-08-08T10:15:00Z,46,0.882,,,Provisional/Provisoire,,
05EA005,2026-08-08T10:20:00Z,46,0.882,,,Provisional/Provisoire,,
05EA005,2026-08-08T10:25:00Z,46,0.882,,,Provisional/Provisoire,,
05EA005,2026-08-08T10:30:00Z,46,0.882,,,Provisional/Provisoire,,
05EA005,2026-08-08T10:35:00Z,46,0.882,,,Provisional/Provisoire,,
05EA005,2026-08-08T10:40:00Z,46,0.882,,,Provisional/Provisoire,,
05EA005,2026-08-08T10:45:00Z,46,0.882,,,Provisional/Provisoire,,
05EA005,2026-08-08T10:50:00Z,46,0.881,,,Provisional/Provisoire,,
05EA005,2026-08-08T10:55:00Z,46,0.881,,,Provisional/Provisoire,,
05EA005,2026-08-08T11:00:00Z,46,0.881,,,Provisional/Provisoire,,
05EA005,2026-08-08T11:05:00Z,46,0.881,,,Provisional/Provisoire,,
05EA005,2026-08-08T11:10:00Z,46,0.881,,,Provisional/Provisoire,,
05EA005,2026-08-08T11:15:00Z,46,0.881,,,Provisional/Provisoire,,
05EA005,2026-08-08T11:20:00Z,46,0.881,,,Provisional/Provisoire,,
05EA005,2026-08-08T11:25:00Z,46,0.881,,,Provisional/Provisoire,,
05EA005,2026-08-08T11:30:00Z,46,0.881,,,Provisional/Provisoire,,
05EA005,2026-08-08T11:35:00Z,46,0.881,,,Provisional/Provisoire,,
05EA005,2026-08-08T11:40:00Z,46,0.881,,,Provisional/Provisoire,,
05EA005,2026-08-08T11:45:00Z,46,0.880,,,Provisional/Provisoire,,
05EA005,2026-08-08T11:50:00Z,46,0.880,,,Provisional/Provisoire,,
05EA005,2026-08-08T11:55:00Z,46,0.880,,,Provisional/Provisoire,,
05EA005,2026-08-08T12:00:00Z,46,0.880,,,Provisional/Provisoire,,
05EA005,2026-08-08T12:05:00Z,46,0.880,,,Provisional/Provisoire,,
05EA005,2026-08-08T12:10:00Z,46,0.880,,,Provisional/Provisoire,,
05EA005,2026-08-08T12:15:00Z,46,0.880,,,Provisional/Provisoire,,
05EA005,2026-08-08T12:20:00Z,46,0.880,,,Provisional/Provisoire,,
05EA005,2026-08-08T12:25:00Z,46,0.880,,,Provisional/Provisoire,,
05EA005,2026-08-08T12:30:00Z,46,0.880,,,Provisional/Provisoire,,
05EA005,2026-08-08T12:35:00Z,46,0.880,,,Provisional/Provisoire,,
05EA005,2026-08-08T12:40:00Z,46,0.880,,,Provisional/Provisoire,,
05EA005,2026-08-08T12:45:00Z,46,0.880,,,Provisional/Provisoire,,
05EA005,2026-08-08T12:50:00Z,46,0.879,,,Provisional/Provisoire,,
05EA005,2026-08-08T12:55:00Z,46,0.879,,,Provisional/Provisoire,,
05EA005,2026-08-08T13:00:00Z,46,0.879,,,Provisional/Provisoire,,
05EA005,2026-08-08T13:05:00Z,46,0.879,,,Provisional/Provisoire,,
05EA005,2026-08-08T13:10:00Z,46,0.879,,,Provisional/Provisoire,,
05EA005,2026-08-08T13:15:00Z,46,0.879,,,Provisional/Provisoire,,
05EA005,2026-08-08T13:20:00Z,46,0.879,,,Provisional/Provisoire,,
05EA005,2026-08-08T13:25:00Z,46,0.879,,,Provisional/Provisoire,,
05EA005,2026-08-08T13:30:00Z,46,0.879,,,Provisional/Provisoire,,
05EA005,2026-08-08T13:35:00Z,46,0.879,,,Provisional/Provisoire,,
05EA005,2026-08-08T13:40:00Z,46,0.879,,,Provisional/Provisoire,,
05EA005,2026-08-08T13:45:00Z,46,0.879,,,Provisional/Provisoire,,
05EA005,2026-08-08T13:50:00Z,46,0.879,,,Provisional/Provisoire,,
05EA005,2026-08-08T13:55:00Z,46,0.879,,,Provisional/Provisoire,,
05EA005,2026-08-08T14:00:00Z,46,0.879,,,Provisional/Provisoire,,
05EA005,2026-08-08T14:05:00Z,46,0.879,,,Provisional/Provisoire,,
05EA005,2026-08-08T14:10:00Z,46,0.879,,,Provisional/Provisoire,,
05EA005,2026-08-08T14:15:00Z,46,0.879,,,Provisional/Provisoire,,
05EA005,2026-08-08T14:20:00Z,46,0.878,,,Provisional/Provisoire,,
05EA005,2026-08-08T14:25:00Z,46,0.878,,,Provisional/Provisoire,,
05EA005,2026-08-08T14:30:00Z,46,0.878,,,Provisional/Provisoire,,
05EA005,2026-08-08T14:35:00Z,46,0.878,,,Provisional/Provisoire,,
05EA005,2026-08-08T14:40:00Z,46,0.878,,,Provisional/Provisoire,,
05EA005,2026-08-08T14:45:00Z,46,0.878,,,Provisional/Provisoire,,
05EA005,2026-08-08T14:50:00Z,46,0.878,,,Provisional/Provisoire,,
05EA005,2026-08-08T14:55:00Z,46,0.878,,,Provisional/Provisoire,,
05EA005,2026-08-08T15:00:00Z,46,0.878,,,Provisional/Provisoire,,
05EA005,2026-08-08T15:05:00Z,46,0.878,,,Provisional/Provisoire,,
05EA005,2026-08-08T15:10:00Z,46,0.878,,,Provisional/Provisoire,,
05EA005,2026-08-08T15:15:00Z,46,0.878,,,Provisional/Provisoire,,
05EA005,2026-08-08T15:20:00Z,46,0.878,,,Provisional/Provisoire,,
05EA005,2026-08-08T15:25:00Z,46,0.878,,,Provisional/Provisoire,,
05EA005,2026-08-08T15:30:00Z,46,0.877,,,Provisional/Provisoire,,
05EA005,2026-08-08T15:35:00Z,46,0.877,,,Provisional/Provisoire,,
05EA005,2026-08-08T15:40:00Z,46,0.877,,,Provisional/Provisoire,,
05EA005,2026-08-08T15:45:00Z,46,0.877,,,Provisional/Provisoire,,
05EA005,2026-08-08T15:50:00Z,46,0.877,,,Provisional/Provisoire,,
05EA005,2026-08-08T15:55:00Z,46,0.877,,,Provisional/Provisoire,,
05EA005,2026-08-08T16:00:00Z,46,0.877,,,Provisional/Provisoire,,
05EA005,2026-08-08T16:05:00Z,46,0.877,,,Provisional/Provisoire,,
05EA005,2026-08-08T16:10:00Z,46,0.877,,,Provisional/Provisoire,,
05EA005,2026-08-08T16:15:00Z,46,0.877,,,Provisional/Provisoire,,
05EA005,2026-08-08T16:20:00Z,46,0.876,,,Provisional/Provisoire,,
05EA005,2026-08-08T16:25:00Z,46,0.876,,,Provisional/Provisoire,,
05EA005,2026-08-08T16:30:00Z,46,0.876,,,Provisional/Provisoire,,
05EA005,2026-08-08T16:35:00Z,46,0.876,,,Provisional/Provisoire,,
05EA005,2026-08-08T16:40:00Z,46,0.876,,,Provisional/Provisoire,,
05EA005,2026-08-08T16:45:00Z,46,0.876,,,Provisional/Provisoire,,
05EA005,2026-08-08T16:50:00Z,46,0.876,,,Provisional/Provisoire,,
05EA005,2026-08-08T16:55:00Z,46,0.876,,,Provisional/Provisoire,,
05EA005,2026-08-08T17:00:00Z,46,0.876,,,Provisional/Provisoire,,
05EA005,2026-08-08T17:05:00Z,46,0.876,,,Provisional/Provisoire,,
05EA005,2026-08-08T17:10:00Z,46,0.876,,,Provisional/Provisoire,,
05EA005,2026-08-08T17:15:00Z,46,0.876,,,Provisional/Provisoire,,
05EA005,2026-08-08T17:20:00Z,46,0.876,,,Provisional/Provisoire,,
05EA005,2026-08-08T17:25:00Z,46,0.876,,,Provisional/Provisoire,,
05EA005,2026-08-08T17:30:00Z,46,0.876,,,Provisional/Provisoire,,
05EA005,2026-08-08T17:35:00Z,46,0.876,,,Provisional/Provisoire,,
05EA005,2026-08-08T17:40:00Z,46,0.875,,,Provisional/Provisoire,,
05EA005,2026-08-08T17:45:00Z,46,0.875,,,Provisional/Provisoire,,
05EA005,2026-08-08T17:50:00Z,46,0.875,,,Provisional/Provisoire,,
05EA005,2026-08-08T17:55:00Z,46,0.875,,,Provisional/Provisoire,,
05EA005,2026-08-08T18:00:00Z,46,0.875,,,Provisional/Provisoire,,
05EA005,2026-08-08T18:05:00Z,46,0.875,,,Provisional/Provisoire,,
05EA005,2026-08-08T18:10:00Z,46,0.875,,,Provisional/Provisoire,,
05EA005,2026-08-08T18:15:00Z,46,0.875,,,Provisional/Provisoire,,
05EA005,2026-08-08T18:20:00Z,46,0.875,,,Provisional/Provisoire,,
05EA005,2026-08-08T18:25:00Z,46,0.875,,,Provisional/Provisoire,,
05EA005,2026-08-08T18:30:00Z,46,0.875,,,Provisional/Provisoire,,
05EA005,2026-08-08T18:35:00Z,46,0.875,,,Provisional/Provisoire,,
05EA005,2026-08-08T18:40:00Z,46,0.875,,,Provisional/Provisoire,,
05EA005,2026-08-08T18:45:00Z,46,0.875,,,Provisional/Provisoire,,
05EA005,2026-08-08T18:50:00Z,46,0.875,,,Provisional/Provisoire,,
05EA005,2026-08-08T18:55:00Z,46,0.875,,,Provisional/Provisoire,,
05EA005,2026-08-08T19:00:00Z,46,0.875,,,Provisional/Provisoire,,
05EA005,2026-08-08T19:05:00Z,46,0.875,,,Provisional/Provisoire,,
05EA005,2026-08-08T19:10:00Z,46,0.875,,,Provisional/Provisoire,,
05EA005,2026-08-08T19:15:00Z,46,0.875,,,Provisional/Provisoire,,
05EA005,2026-08-08T19:20:00Z,46,0.875,,,Provisional/Provisoire,,
05EA005,2026-08-08T19:25:00Z,46,0.875,,,Provisional/Provisoire,,
05EA005,2026-08-08T19:30:00Z,46,0.875,,,Provisional/Provisoire,,
05EA005,2026-08-08T19:35:00Z,46,0.875,,,Provisional/Provisoire,,
05EA005,2026-08-08T19:40:00Z,46,0.875,,,Provisional/Provisoire,,
05EA005,2026-08-08T19:45:00Z,46,0.874,,,Provisional/Provisoire,,
05EA005,2026-08-08T19:50:00Z,46,0.874,,,Provisional/Provisoire,,
05EA005,2026-08-08T19:55:00Z,46,0.874,,,Provisional/Provisoire,,
05EA005,2026-08-08T20:00:00Z,46,0.874,,,Provisional/Provisoire,,
05EA005,2026-08-08T20:05:00Z,46,0.874,,,Provisional/Provisoire,,
05EA005,2026-08-08T20:10:00Z,46,0.874,,,Provisional/Provisoire,,
05EA005,2026-08-08T20:15:00Z,46,0.874,,,Provisional/Provisoire,,
05EA005,2026-08-08T20:20:00Z,46,0.874,,,Provisional/Provisoire,,
05EA005,2026-08-08T20:25:00Z,46,0.874,,,Provisional/Provisoire,,
05EA005,2026-08-08T20:30:00Z,46,0.874,,,Provisional/Provisoire,,
05EA005,2026-08-08T20:35:00Z,46,0.874,,,Provisional/Provisoire,,
05EA005,2026-08-08T20:40:00Z,46,0.874,,,Provisional/Provisoire,,
05EA005,2026-08-08T20:45:00Z,46,0.874,,,Provisional/Provisoire,,
05EA005,2026-08-08T20:50:00Z,46,0.874,,,Provisional/Provisoire,,
05EA005,2026-08-08T20:55:00Z,46,0.874,,,Provisional/Provisoire,,
05EA005,2026-08-08T21:00:00Z,46,0.873,,,Provisional/Provisoire,,
05EA005,2026-08-08T21:05:00Z,46,0.873,,,Provisional/Provisoire,,
05EA005,2026-08-08T21:10:00Z,46,0.873,,,Provisional/Provisoire,,
05EA005,2026-08-08T21:15:00Z,46,0.873,,,Provisional/Provisoire,,
05EA005,2026-08-08T21:20:00Z,46,0.873,,,Provisional/Provisoire,,
05EA005,2026-08-08T21:25:00Z,46,0.873,,,Provisional/Provisoire,,
05EA005,2026-08-08T21:30:00Z,46,0.873,,,Provisional/Provisoire,,
05EA005,2026-08-08T21:35:00Z,46,0.873,,,Provisional/Provisoire,,
05EA005,2026-08-08T21:40:00Z,46,0.873,,,Provisional/Provisoire,,
05EA005,2026-08-08T21:45:00Z,46,0.873,,,Provisional/Provisoire,,
05EA005,2026-08-08T21:50:00Z,46,0.873,,,Provisional/Provisoire,,
05EA005,2026-08-08T21:55:00Z,46,0.873,,,Provisional/Provisoire,,
05EA005,2026-08-08T22:00:00Z,46,0.873,,,Provisional/Provisoire,,
05EA005,2026-08-08T22:05:00Z,46,0.873,,,Provisional/Provisoire,,
05EA005,2026-08-08T22:10:00Z,46,0.873,,,Provisional/Provisoire,,
05EA005,2026-08-08T22:15:00Z,46,0.873,,,Provisional/Provisoire,,
05EA005,2026-08-08T22:20:00Z,46,0.873,,,Provisional/Provisoire,,
05EA005,2026-08-08T22:25:00Z,46,0.873,,,Provisional/Provisoire,,
05EA005,2026-08-08T22:30:00Z,46,0.872,,,Provisional/Provisoire,,
05EA005,2026-08-08T22:35:00Z,46,0.872,,,Provisional/Provisoire,,
05EA005,2026-08-08T22:40:00Z,46,0.872,,,Provisional/Provisoire,,
05EA005,2026-08-08T22:45:00Z,46,0.872,,,Provisional/Provisoire,,
05EA005,2026-08-08T22:50:00Z,46,0.872,,,Provisional/Provisoire,,
05EA005,2026-08-08T22:55:00Z,46,0.872,,,Provisional/Provisoire,,
05EA005,2026-08-08T23:00:00Z,46,0.872,,,Provisional/Provisoire,,
05EA005,2026-08-08T23:05:00Z,46,0.872,,,Provisional/Provisoire,,
05EA005,2026-08-08T23:10:00Z,46,0.872,,,Provisional/Provisoire,,
05EA005,2026-08-08T23:15:00Z,46,0.872,,,Provisional/Provisoire,,
05EA005,2026-08-08T23:20:00Z,46,0.872,,,Provisional/Provisoire,,
05EA005,2026-08-08T23:25:00Z,46,0.872,,,Provisional/Provisoire,,
05EA005,2026-08-08T23:30:00Z,46,0.872,,,Provisional/Provisoire,,
05EA005,2026-08-08T23:35:00Z,46,0.872,,,Provisional/Provisoire,,
05EA005,2026-08-08T23:40:00Z,46,0.872,,,Provisional/Provisoire,,
05EA005,2026-08-08T23:45:00Z,46,0.872,,,Provisional/Provisoire,,
05EA005,2026-08-08T23:50:00Z,46,0.872,,,Provisional/Provisoire,,
05EA005,2026-08-08T23:55:00Z,46,0.872,,,Provisional/Provisoire,,
05EA005,2026-08-09T00:00:00Z,46,0.872,,,Provisional/Provisoire,,
05EA005,2026-08-09T00:05:00Z,46,0.872,,,Provisional/Provisoire,,
05EA005,2026-08-09T00:10:00Z,46,0.872,,,Provisional/Provisoire,,
05EA005,2026-08-09T00:15:00Z,46,0.872,,,Provisional/Provisoire,,
05EA005,2026-08-09T00:20:00Z,46,0.872,,,Provisional/Provisoire,,
05EA005,2026-08-09T00:25:00Z,46,0.871,,,Provisional/Provisoire,,
05EA005,2026-08-09T00:30:00Z,46,0.871,,,Provisional/Provisoire,,
05EA005,2026-08-09T00:35:00Z,46,0.871,,,Provisional/Provisoire,,
05EA005,2026-08-09T00:40:00Z,46,0.871,,,Provisional/Provisoire,,
05EA005,2026-08-09T00:45:00Z,46,0.871,,,Provisional/Provisoire,,
05EA005,2026-08-09T00:50:00Z,46,0.871,,,Provisional/Provisoire,,
05EA005,2026-08-09T00:55:00Z,46,0.871,,,Provisional/Provisoire,,
05EA005,2026-08-09T01:00:00Z,46,0.871,,,Provisional/Provisoire,,
05EA005,2026-08-09T01:05:00Z,46,0.871,,,Provisional/Provisoire,,
05EA005,2026-08-09T01:10:00Z,46,0.871,,,Provisional/Provisoire,,
05EA005,2026-08-09T01:15:00Z,46,0.871,,,Provisional/Provisoire,,
05EA005,2026-08-09T01:20:00Z,46,0.871,,,Provisional/Provisoire,,
05EA005,2026-08-09T01:25:00Z,46,0.871,,,Provisional/Provisoire,,
05EA005,2026-08-09T01:30:00Z,46,0.871,,,Provisional/Provisoire,,
05EA005,2026-08-09T01:35:00Z,46,0.871,,,Provisional/Provisoire,,
05EA005,2026-08-09T01:40:00Z,46,0.871,,,Provisional/Provisoire,,
05EA005,2026-08-09T01:45:00Z,46,0.871,,,Provisional/Provisoire,,
05EA005,2026-08-09T01:50:00Z,46,0.871,,,Provisional/Provisoire,,
05EA005,2026-08-09T01:55:00Z,46,0.871,,,Provisional/Provisoire,,
05EA005,2026-08-09T02:00:00Z,46,0.871,,,Provisional/Provisoire,,
05EA005,2026-08-09T02:05:00Z,46,0.871,,,Provisional/Provisoire,,
05EA005,2026-08-09T02:10:00Z,46,0.871,,,Provisional/Provisoire,,
05EA005,2026-08-09T02:15:00Z,46,0.871,,,Provisional/Provisoire,,
05EA005,2026-08-09T02:20:00Z,46,0.871,,,Provisional/Provisoire,,
05EA005,2026-08-09T02:25:00Z,46,0.871,,,Provisional/Provisoire,,
05EA005,2026-08-09T02:30:00Z,46,0.871,,,Provisional/Provisoire,,
05EA005,2026-08-09T02:35:00Z,46,0.871,,,Provisional/Provisoire,,
05EA005,2026-08-09T02:40:00Z,46,0.871,,,Provisional/Provisoire,,
05EA005,2026-08-09T02:45:00Z,46,0.871,,,Provisional/Provisoire,,
05EA005,2026-08-09T02:50:00Z,46,0.871,,,Provisional/Provisoire,,
05EA005,2026-08-09T02:55:00Z,46,0.871,,,Provisional/Provisoire,,
05EA005,2026-08-09T03:00:00Z,46,0.871,,,Provisional/Provisoire,,
05EA005,2026-08-09T03:05:00Z,46,0.871,,,Provisional/Provisoire,,
05EA005,2026-08-09T03:10:00Z,46,0.871,,,Provisional/Provisoire,,
05EA005,2026-08-09T03:15:00Z,46,0.871,,,Provisional/Provisoire,,
05EA005,2026-08-09T03:20:00Z,46,0.871,,,Provisional/Provisoire,,
05EA005,2026-08-09T03:25:00Z,46,0.871,,,Provisional/Provisoire,,
05EA005,2026-08-09T03:30:00Z,46,0.871,,,Provisional/Provisoire,,
05EA005,2026-08-09T03:35:00Z,46,0.871,,,Provisional/Provisoire,,
05EA005,2026-08-09T03:40:00Z,46,0.870,,,Provisional/Provisoire,,
05EA005,2026-08-09T03:45:00Z,46,0.870,,,Provisional/Provisoire,,
05EA005,2026-08-09T03:50:00Z,46,0.870,,,Provisional/Provisoire,,
05EA005,2026-08-09T03:55:00Z,46,0.870,,,Provisional/Provisoire,,
05EA005,2026-08-09T04:00:00Z,46,0.870,,,Provisional/Provisoire,,
05EA005,2026-08-09T04:05:00Z,46,0.870,,,Provisional/Provisoire,,
05EA005,2026-08-09T04:10:00Z,46,0.870,,,Provisional/Provisoire,,
05EA005,2026-08-09T04:15:00Z,46,0.870,,,Provisional/Provisoire,,
05EA005,2026-08-09T04:20:00Z,46,0.870,,,Provisional/Provisoire,,
05EA005,2026-08-09T04:25:00Z,46,0.870,,,Provisional/Provisoire,,
05EA005,2026-08-09T04:30:00Z,46,0.870,,,Provisional/Provisoire,,
05EA005,2026-08-09T04:35:00Z,46,0.870,,,Provisional/Provisoire,,
05EA005,2026-08-09T04:40:00Z,46,0.870,,,Provisional/Provisoire,,
05EA005,2026-08-09T04:45:00Z,46,0.870,,,Provisional/Provisoire,,
05EA005,2026-08-09T04:50:00Z,46,0.870,,,Provisional/Provisoire,,
05EA005,2026-08-09T04:55:00Z,46,0.870,,,Provisional/Provisoire,,
05EA005,2026-08-09T05:00:00Z,46,0.870,,,Provisional/Provisoire,,
05EA005,2026-08-09T05:05:00Z,46,0.870,,,Provisional/Provisoire,,
05EA005,2026-08-09T05:10:00Z,46,0.870,,,Provisional/Provisoire,,
05EA005,2026-08-09T05:15:00Z,46,0.870,,,Provisional/Provisoire,,
05EA005,2026-08-09T05:20:00Z,46,0.870,,,Provisional/Provisoire,,
05EA005,2026-08-09T05:25:00Z,46,0.870,,,Provisional/Provisoire,,
05EA005,2026-08-09T05:30:00Z,46,0.870,,,Provisional/Provisoire,,
05EA005,2026-08-09T05:35:00Z,46,0.870,,,Provisional/Provisoire,,
05EA005,2026-08-09T05:40:00Z,46,0.870,,,Provisional/Provisoire,,
05EA005,2026-08-09T05:45:00Z,46,0.870,,,Provisional/Provisoire,,
05EA005,2026-08-09T05:50:00Z,46,0.870,,,Provisional/Provisoire,,
05EA005,2026-08-09T05:55:00Z,46,0.870,,,Provisional/Provisoire,,
05EA005,2026-08-09T06:00:00Z,46,0.870,,,Provisional/Provisoire,,
05EA005,2026-08-09T06:05:00Z,46,0.870,,,Provisional/Provisoire,,
05EA005,2026-08-09T06:10:00Z,46,0.870,,,Provisional/Provisoire,,
05EA005,2026-08-09T06:15:00Z,46,0.870,,,Provisional/Provisoire,,
05EA005,2026-08-09T06:20:00Z,46,0.870,,,Provisional/Provisoire,,
05EA005,2026-08-09T06:25:00Z,46,0.870,,,Provisional/Provisoire,,
05EA005,2026-08-09T06:30:00Z,46,0.870,,,Provisional/Provisoire,,
05EA005,2026-08-09T06:35:00Z,46,0.870,,,Provisional/Provisoire,,
05EA005,2026-08-09T06:40:00Z,46,0.870,,,Provisional/Provisoire,,
05EA005,2026-08-09T06:45:00Z,46,0.870,,,Provisional/Provisoire,,
05EA005,2026-08-09T06:50:00Z,46,0.870,,,Provisional/Provisoire,,
05EA005,2026-08-09T06:55:00Z,46,0.870,,,Provisional/Provisoire,,
05EA005,2026-08-09T07:00:00Z,46,0.870,,,Provisional/Provisoire,,
05EA005,2026-08-09T07:05:00Z,46,0.870,,,Provisional/Provisoire,,
05EA005,2026-08-09T07:10:00Z,46,0.870,,,Provisional/Provisoire,,
05EA005,2026-08-09T07:15:00Z,46,0.870,,,Provisional/Provisoire,,
05EA005,2026-08-09T07:20:00Z,46,0.870,,,Provisional/Provisoire,,
05EA005,2026-08-09T07:25:00Z,46,0.870,,,Provisional/Provisoire,,
05EA005,2026-08-09T07:30:00Z,46,0.870,,,Provisional/Provisoire,,
05EA005,2026-08-09T07:35:00Z,46,0.870,,,Provisional/Provisoire,,
05EA005,2026-08-09T07:40:00Z,46,0.870,,,Provisional/Provisoire,,
05EA005,2026-08-09T07:45:00Z,46,0.870,,,Provisional/Provisoire,,
05EA005,2026-08-09T07:50:00Z,46,0.870,,,Provisional/Provisoire,,
05EA005,2026-08-09T07:55:00Z,46,0.870,,,Provisional/Provisoire,,
05EA005,2026-08-09T08:00:00Z,46,0.870,,,Provisional/Provisoire,,
05EA005,2026-08-09T08:05:00Z,46,0.870,,,Provisional/Provisoire,,
05EA005,2026-08-09T08:10:00Z,46,0.870,,,Provisional/Provisoire,,
05EA005,2026-08-09T08:15:00Z,46,0.870,,,Provisional/Provisoire,,
05EA005,2026-08-09T08:20:00Z,46,0.870,,,Provisional/Provisoire,,
05EA005,2026-08-09T08:25:00Z,46,0.870,,,Provisional/Provisoire,,
05EA005,2026-08-09T08:30:00Z,46,0.870,,,Provisional/Provisoire,,
05EA005,2026-08-09T08:35:00Z,46,0.870,,,Provisional/Provisoire,,
05EA005,2026-08-09T08:40:00Z,46,0.870,,,Provisional/Provisoire,,
05EA005,2026-08-09T08:45:00Z,46,0.870,,,Provisional/Provisoire,,
05EA005,2026-08-09T08:50:00Z,46,0.870,,,Provisional/Provisoire,,
05EA005,2026-08-09T08:55:00Z,46,0.870,,,Provisional/Provisoire,,
05EA005,2026-08-09T09:00:00Z,46,0.870,,,Provisional/Provisoire,,
05EA005,2026-08-09T09:05:00Z,46,0.870,,,Provisional/Provisoire,,
05EA005,2026-08-09T09:10:00Z,46,0.870,,,Provisional/Provisoire,,
05EA005,2026-08-09T09:15:00Z,46,0.870,,,Provisional/Provisoire,,
05EA005,2026-08-09T09:20:00Z,46,0.870,,,Provisional/Provisoire,,
05EA005,2026-08-09T09:25:00Z,46,0.870,,,Provisional/Provisoire,,
05EA005,2026-08-09T09:30:00Z,46,0.870,,,Provisional/Provisoire,,
05EA005,2026-08-09T09:35:00Z,46,0.870,,,Provisional/Provisoire,,
05EA005,2026-08-09T09:40:00Z,46,0.870,,,Provisional/Provisoire,,
05EA005,2026-08-09T09:45:00Z,46,0.870,,,Provisional/Provisoire,,
05EA005,2026-08-09T09:50:00Z,46,0.870,,,Provisional/Provisoire,,
05EA005,2026-08-09T09:55:00Z,46,0.870,,,Provisional/Provisoire,,
05EA005,2026-08-09T10:00:00Z,46,0.870,,,Provisional/Provisoire,,
05EA005,2026-08-09T10:05:00Z,46,0.870,,,Provisional/Provisoire,,
05EA005,2026-08-09T10:10:00Z,46,0.870,,,Provisional/Provisoire,,
05EA005,2026-08-09T10:15:00Z,46,0.870,,,Provisional/Provisoire,,
05EA005,2026-08-09T10:20:00Z,46,0.870,,,Provisional/Provisoire,,
05EA005,2026-08-09T10:25:00Z,46,0.870,,,Provisional/Provisoire,,
05EA005,2026-08-09T10:30:00Z,46,0.870,,,Provisional/Provisoire,,
05EA005,2026-08-09T10:35:00Z,46,0.870,,,Provisional/Provisoire,,
05EA005,2026-08-09T10:40:00Z,46,0.870,,,Provisional/Provisoire,,
05EA005,2026-08-09T10:45:00Z,46,0.870,,,Provisional/Provisoire,,
05EA005,2026-08-09T10:50:00Z,46,0.870,,,Provisional/Provisoire,,
05EA005,2026-08-09T10:55:00Z,46,0.870,,,Provisional/Provisoire,,
05EA005,2026-08-09T11:00:00Z,46,0.870,,,Provisional/Provisoire,,
05EA005,2026-08-09T11:05:00Z,46,0.870,,,Provisional/Provisoire,,
05EA005,2026-08-09T11:10:00Z,46,0.870,,,Provisional/Provisoire,,
05EA005,2026-08-09T11:15:00Z,46,0.870,,,Provisional/Provisoire,,
05EA005,2026-08-09T11:20:00Z,46,0.870,,,Provisional/Provisoire,,
05EA005,2026-08-09T11:25:00Z,46,0.870,,,Provisional/Provisoire,,
05EA005,2026-08-09T11:30:00Z,46,0.870,,,Provisional/Provisoire,,
05EA005,2026-08-09T11:35:00Z,46,0.870,,,Provisional/Provisoire,,
05EA005,2026-08-09T11:40:00Z,46,0.870,,,Provisional/Provisoire,,
05EA005,2026-08-09T11:45:00Z,46,0.871,,,Provisional/Provisoire,,
05EA005,2026-08-09T11:50:00Z,46,0.871,,,Provisional/Provisoire,,
05EA005,2026-08-09T11:55:00Z,46,0.871,,,Provisional/Provisoire,,
05EA005,2026-08-09T12:00:00Z,46,0.871,,,Provisional/Provisoire,,
05EA005,2026-08-09T12:05:00Z,46,0.871,,,Provisional/Provisoire,,
05EA005,2026-08-09T12:10:00Z,46,0.871,,,Provisional/Provisoire,,
05EA005,2026-08-09T12:15:00Z,46,0.871,,,Provisional/Provisoire,,
05EA005,2026-08-09T12:20:00Z,46,0.871,,,Provisional/Provisoire,,
05EA005,2026-08-09T12:25:00Z,46,0.871,,,Provisional/Provisoire,,
05EA005,2026-08-09T12:30:00Z,46,0.871,,,Provisional/Provisoire,,
05EA005,2026-08-09T12:35:00Z,46,0.871,,,Provisional/Provisoire,,
05EA005,2026-08-09T12:40:00Z,46,0.871,,,Provisional/Provisoire,,
05EA005,2026-08-09T12:45:00Z,46,0.871,,,Provisional/Provisoire,,
05EA005,2026-08-09T12:50:00Z,46,0.871,,,Provisional/Provisoire,,
05EA005,2026-08-09T12:55:00Z,46,0.871,,,Provisional/Provisoire,,
05EA005,2026-08-09T13:00:00Z,46,0.871,,,Provisional/Provisoire,,
05EA005,2026-08-09T13:05:00Z,46,0.871,,,Provisional/Provisoire,,
05EA005,2026-08-09T13:10:00Z,46,0.871,,,Provisional/Provisoire,,
05EA005,2026-08-09T13:15:00Z,46,0.871,,,Provisional/Provisoire,,
05EA005,2026-08-09T13:20:00Z,46,0.871,,,Provisional/Provisoire,,
05EA005,2026-08-09T13:25:00Z,46,0.871,,,Provisional/Provisoire,,
05EA005,2026-08-09T13:30:00Z,46,0.871,,,Provisional/Provisoire,,
05EA005,2026-08-09T13:35:00Z,46,0.872,,,Provisional/Provisoire,,
05EA005,2026-08-09T13:40:00Z,46,0.872,,,Provisional/Provisoire,,
05EA005,2026-08-09T13:45:00Z,46,0.872,,,Provisional/Provisoire,,
05EA005,2026-08-09T13:50:00Z,46,0.872,,,Provisional/Provisoire,,
05EA005,2026-08-09T13:55:00Z,46,0.872,,,Provisional/Provisoire,,
05EA005,2026-08-09T14:00:00Z,46,0.872,,,Provisional/Provisoire,,
05EA005,2026-08-09T14:05:00Z,46,0.872,,,Provisional/Provisoire,,
05EA005,2026-08-09T14:10:00Z,46,0.872,,,Provisional/Provisoire,,
05EA005,2026-08-09T14:15:00Z,46,0.872,,,Provisional/Provisoire,,
05EA005,2026-08-09T14:20:00Z,46,0.872,,,Provisional/Provisoire,,
05EA005,2026-08-09T14:25:00Z,46,0.872,,,Provisional/Provisoire,,
05EA005,2026-08-09T14:30:00Z,46,0.872,,,Provisional/Provisoire,,
05EA005,2026-08-09T14:35:00Z,46,0.872,,,Provisional/Provisoire,,
05EA005,2026-08-09T14:40:00Z,46,0.872,,,Provisional/Provisoire,,
05EA005,2026-08-09T14:45:00Z,46,0.873,,,Provisional/Provisoire,,
05EA005,2026-08-09T14:50:00Z,46,0.873,,,Provisional/Provisoire,,
05EA005,2026-08-09T14:55:00Z,46,0.872,,,Provisional/Provisoire,,
05EA005,2026-08-09T15:00:00Z,46,0.872,,,Provisional/Provisoire,,
05EA005,2026-08-09T15:05:00Z,46,0.872,,,Provisional/Provisoire,,
05EA005,2026-08-09T15:10:00Z,46,0.872,,,Provisional/Provisoire,,
05EA005,2026-08-09T15:15:00Z,46,0.872,,,Provisional/Provisoire,,
05EA005,2026-08-09T15:20:00Z,46,0.872,,,Provisional/Provisoire,,
05EA005,2026-08-09T15:25:00Z,46,0.872,,,Provisional/Provisoire,,
05EA005,2026-08-09T15:30:00Z,46,0.872,,,Provisional/Provisoire,,
05EA005,2026-08-09T15:35:00Z,46,0.872,,,Provisional/Provisoire,,
05EA005,2026-08-09T15:40:00Z,46,0.872,,,Provisional/Provisoire,,
05EA005,2026-08-09T15:45:00Z,46,0.872,,,Provisional/Provisoire,,
05EA005,2026-08-09T15:50:00Z,46,0.872,,,Provisional/Provisoire,,
05EA005,2026-08-09T15:55:00Z,46,0.872,,,Provisional/Provisoire,,
05EA005,2026-08-09T16:00:00Z,46,0.872,,,Provisional/Provisoire,,
05EA005,2026-08-09T16:05:00Z,46,0.872,,,Provisional/Provisoire,,
05EA005,2026-08-09T16:10:00Z,46,0.872,,,Provisional/Provisoire,,
05EA005,2026-08-09T16:15:00Z,46,0.872,,,Provisional/Provisoire,,
05EA005,2026-08-09T16:20:00Z,46,0.872,,,Provisional/Provisoire,,
05EA005,2026-08-09T16:25:00Z,46,0.872,,,Provisional/Provisoire,,
05EA005,2026-08-09T16:30:00Z,46,0.872,,,Provisional/Provisoire,,
05EA005,2026-08-09T16:35:00Z,46,0.872,,,Provisional/Provisoire,,
05EA005,2026-08-09T16:40:00Z,46,0.872,,,Provisional/Provisoire,,
05EA005,2026-08-09T16:45:00Z,46,0.872,,,Provisional/Provisoire,,
05EA005,2026-08-09T16:50:00Z,46,0.872,,,Provisional/Provisoire,,
05EA005,2026-08-09T16:55:00Z,46,0.871,,,Provisional/Provisoire,,
05EA005,2026-08-09T17:00:00Z,46,0.871,,,Provisional/Provisoire,,
05EA005,2026-08-09T17:05:00Z,46,0.871,,,Provisional/Provisoire,,
05EA005,2026-08-09T17:10:00Z,46,0.871,,,Provisional/Provisoire,,
05EA005,2026-08-09T17:15:00Z,46,0.871,,,Provisional/Provisoire,,
05EA005,2026-08-09T17:20:00Z,46,0.871,,,Provisional/Provisoire,,
05EA005,2026-08-09T17:25:00Z,46,0.871,,,Provisional/Provisoire,,
05EA005,2026-08-09T17:30:00Z,46,0.871,,,Provisional/Provisoire,,
05EA005,2026-08-09T17:35:00Z,46,0.871,,,Provisional/Provisoire,,
05EA005,2026-08-09T17:40:00Z,46,0.871,,,Provisional/Provisoire,,
05EA005,2026-08-09T17:45:00Z,46,0.871,,,Provisional/Provisoire,,
05EA005,2026-08-09T17:50:00Z,46,0.871,,,Provisional/Provisoire,,
05EA005,2026-08-09T17:55:00Z,46,0.871,,,Provisional/Provisoire,,
05EA005,2026-08-09T18:00:00Z,46,0.871,,,Provisional/Provisoire,,
05EA005,2026-08-09T18:05:00Z,46,0.871,,,Provisional/Provisoire,,
05EA005,2026-08-09T18:10:00Z,46,0.871,,,Provisional/Provisoire,,
05EA005,2026-08-09T18:15:00Z,46,0.871,,,Provisional/Provisoire,,
05EA005,2026-08-09T18:20:00Z,46,0.871,,,Provisional/Provisoire,,
05EA005,2026-08-09T18:25:00Z,46,0.871,,,Provisional/Provisoire,,
05EA005,2026-08-09T18:30:00Z,46,0.871,,,Provisional/Provisoire,,
05EA005,2026-08-09T18:35:00Z,46,0.870,,,Provisional/Provisoire,,
05EA005,2026-08-09T18:40:00Z,46,0.870,,,Provisional/Provisoire,,
05EA005,2026-08-09T18:45:00Z,46,0.870,,,Provisional/Provisoire,,
05EA005,2026-08-09T18:50:00Z,46,0.870,,,Provisional/Provisoire,,
05EA005,2026-08-09T18:55:00Z,46,0.870,,,Provisional/Provisoire,,
05EA005,2026-08-09T19:00:00Z,46,0.870,,,Provisional/Provisoire,,
05EA005,2026-08-09T19:05:00Z,46,0.870,,,Provisional/Provisoire,,
05EA005,2026-08-09T19:10:00Z,46,0.870,,,Provisional/Provisoire,,
05EA005,2026-08-09T19:15:00Z,46,0.870,,,Provisional/Provisoire,,
05EA005,2026-08-09T19:20:00Z,46,0.870,,,Provisional/Provisoire,,
05EA005,2026-08-09T19:25:00Z,46,0.870,,,Provisional/Provisoire,,
05EA005,2026-08-09T19:30:00Z,46,0.870,,,Provisional/Provisoire,,
05EA005,2026-08-09T19:35:00Z,46,0.870,,,Provisional/Provisoire,,
05EA005,2026-08-09T19:40:00Z,46,0.870,,,Provisional/Provisoire,,
05EA005,2026-08-09T19:45:00Z,46,0.870,,,Provisional/Provisoire,,
05EA005,2026-08-09T19:50:00Z,46,0.870,,,Provisional/Provisoire,,
05EA005,2026-08-09T19:55:00Z,46,0.870,,,Provisional/Provisoire,,
05EA005,2026-08-09T20:00:00Z,46,0.870,,,Provisional/Provisoire,,
05EA005,2026-08-09T20:05:00Z,46,0.870,,,Provisional/Provisoire,,
05EA005,2026-08-09T20:10:00Z,46,0.870,,,Provisional/Provisoire,,
05EA005,2026-08-09T20:15:00Z,46,0.870,,,Provisional/Provisoire,,
05EA005,2026-08-09T20:20:00Z,46,0.870,,,Provisional/Provisoire,,
05EA005,2026-08-09T20:25:00Z,46,0.870,,,Provisional/Provisoire,,
05EA005,2026-08-09T20:30:00Z,46,0.870,,,Provisional/Provisoire,,
05EA005,2026-08-09T20:35:00Z,46,0.870,,,Provisional/Provisoire,,
05EA005,2026-08-09T20:40:00Z,46,0.870,,,Provisional/Provisoire,,
05EA005,2026-08-09T20:45:00Z,46,0.870,,,Provisional/Provisoire,,
05EA005,2026-08-09T20:50:00Z,46,0.869,,,Provisional/Provisoire,,
05EA005,2026-08-09T20:55:00Z,46,0.869,,,Provisional/Provisoire,,
05EA005,2026-08-09T21:00:00Z,46,0.869,,,Provisional/Provisoire,,
05EA005,2026-08-09T21:05:00Z,46,0.869,,,Provisional/Provisoire,,
05EA005,2026-08-09T21:10:00Z,46,0.869,,,Provisional/Provisoire,,
05EA005,2026-08-09T21:15:00Z,46,0.869,,,Provisional/Provisoire,,
05EA005,2026-08-09T21:20:00Z,46,0.869,,,Provisional/Provisoire,,
05EA005,2026-08-09T21:25:00Z,46,0.869,,,Provisional/Provisoire,,
05EA005,2026-08-09T21:30:00Z,46,0.869,,,Provisional/Provisoire,,
05EA005,2026-08-09T21:35:00Z,46,0.869,,,Provisional/Provisoire,,
05EA005,2026-08-09T21:40:00Z,46,0.869,,,Provisional/Provisoire,,
05EA005,2026-08-09T21:45:00Z,46,0.869,,,Provisional/Provisoire,,
05EA005,2026-08-09T21:50:00Z,46,0.869,,,Provisional/Provisoire,,
05EA005,2026-08-09T21:55:00Z,46,0.869,,,Provisional/Provisoire,,
05EA005,2026-08-09T22:00:00Z,46,0.869,,,Provisional/Provisoire,,
05EA005,2026-08-09T22:05:00Z,46,0.869,,,Provisional/Provisoire,,
05EA005,2026-08-09T22:10:00Z,46,0.869,,,Provisional/Provisoire,,
05EA005,2026-08-09T22:15:00Z,46,0.869,,,Provisional/Provisoire,,
05EA005,2026-08-09T22:20:00Z,46,0.869,,,Provisional/Provisoire,,
05EA005,2026-08-09T22:25:00Z,46,0.869,,,Provisional/Provisoire,,
05EA005,2026-08-09T22:30:00Z,46,0.869,,,Provisional/Provisoire,,
05EA005,2026-08-09T22:35:00Z,46,0.869,,,Provisional/Provisoire,,
05EA005,2026-08-09T22:40:00Z,46,0.869,,,Provisional/Provisoire,,
05EA005,2026-08-09T22:45:00Z,46,0.869,,,Provisional/Provisoire,,
05EA005,2026-08-09T22:50:00Z,46,0.869,,,Provisional/Provisoire,,
05EA005,2026-08-09T22:55:00Z,46,0.869,,,Provisional/Provisoire,,
05EA005,2026-08-09T23:00:00Z,46,0.869,,,Provisional/Provisoire,,
05EA005,2026-08-09T23:05:00Z,46,0.869,,,Provisional/Provisoire,,
05EA005,2026-08-09T23:10:00Z,46,0.869,,,Provisional/Provisoire,,
05EA005,2026-08-09T23:15:00Z,46,0.869,,,Provisional/Provisoire,,
05EA005,2026-08-09T23:20:00Z,46,0.869,,,Provisional/Provisoire,,
05EA005,2026-08-09T23:25:00Z,46,0.869,,,Provisional/Provisoire,,
05EA005,2026-08-09T23:30:00Z,46,0.869,,,Provisional/Provisoire,,
05EA005,2026-08-09T23:35:00Z,46,0.869,,,Provisional/Provisoire,,
05EA005,2026-08-09T23:40:00Z,46,0.869,,,Provisional/Provisoire,,
05EA005,2026-08-09T23:45:00Z,46,0.869,,,Provisional/Provisoire,,
05EA005,2026-08-09T23:50:00Z,46,0.869,,,Provisional/Provisoire,,
05EA005,2026-08-09T23:55:00Z,46,0.869,,,Provisional/Provisoire,,
05EA005,2026-08-10T00:00:00Z,46,0.869,,,Provisional/Provisoire,,
05EA005,2026-08-10T00:05:00Z,46,0.869,,,Provisional/Provisoire,,
05EA005,2026-08-10T00:10:00Z,46,0.869,,,Provisional/Provisoire,,
05EA005,2026-08-10T00:15:00Z,46,0.869,,,Provisional/Provisoire,,
05EA005,2026-08-10T00:20:00Z,46,0.869,,,Provisional/Provisoire,,
05EA005,2026-08-10T00:25:00Z,46,0.869,,,Provisional/Provisoire,,
05EA005,2026-08-10T00:30:00Z,46,0.869,,,Provisional/Provisoire,,
05EA005,2026-08-10T00:35:00Z,46,0.869,,,Provisional/Provisoire,,
05EA005,2026-08-10T00:40:00Z,46,0.869,,,Provisional/Provisoire,,
05EA005,2026-08-10T00:45:00Z,46,0.869,,,Provisional/Provisoire,,
05EA005,2026-08-10T00:50:00Z,46,0.869,,,Provisional/Provisoire,,
05EA005,2026-08-10T00:55:00Z,46,0.869,,,Provisional/Provisoire,,
05EA005,2026-08-10T01:00:00Z,46,0.869,,,Provisional/Provisoire,,
05EA005,2026-08-10T01:05:00Z,46,0.869,,,Provisional/Provisoire,,
05EA005,2026-08-10T01:10:00Z,46,0.869,,,Provisional/Provisoire,,
05EA005,2026-08-10T01:15:00Z,46,0.869,,,Provisional/Provisoire,,
05EA005,2026-08-10T01:20:00Z,46,0.869,,,Provisional/Provisoire,,
05EA005,2026-08-10T01:25:00Z,46,0.869,,,Provisional/Provisoire,,
05EA005,2026-08-10T01:30:00Z,46,0.869,,,Provisional/Provisoire,,
05EA005,2026-08-10T01:35:00Z,46,0.869,,,Provisional/Provisoire,,
05EA005,2026-08-10T01:40:00Z,46,0.869,,,Provisional/Provisoire,,
05EA005,2026-08-10T01:45:00Z,46,0.869,,,Provisional/Provisoire,,
05EA005,2026-08-10T01:50:00Z,46,0.869,,,Provisional/Provisoire,,
05EA005,2026-08-10T01:55:00Z,46,0.869,,,Provisional/Provisoire,,
05EA005,2026-08-10T02:00:00Z,46,0.869,,,Provisional/Provisoire,,
05EA005,2026-08-10T02:05:00Z,46,0.869,,,Provisional/Provisoire,,
05EA005,2026-08-10T02:10:00Z,46,0.869,,,Provisional/Provisoire,,
05EA005,2026-08-10T02:15:00Z,46,0.869,,,Provisional/Provisoire,,
05EA005,2026-08-10T02:20:00Z,46,0.869,,,Provisional/Provisoire,,
05EA005,2026-08-10T02:25:00Z,46,0.869,,,Provisional/Provisoire,,
05EA005,2026-08-10T02:30:00Z,46,0.869,,,Provisional/Provisoire,,
05EA005,2026-08-10T02:35:00Z,46,0.869,,,Provisional/Provisoire,,
05EA005,2026-08-10T02:40:00Z,46,0.869,,,Provisional/Provisoire,,
05EA005,2026-08-10T02:45:00Z,46,0.869,,,Provisional/Provisoire,,
05EA005,2026-08-10T02:50:00Z,46,0.869,,,Provisional/Provisoire,,
05EA005,2026-08-10T02:55:00Z,46,0.869,,,Provisional/Provisoire,,
05EA005,2026-08-10T03:00:00Z,46,0.869,,,Provisional/Provisoire,,
05EA005,2026-08-10T03:05:00Z,46,0.869,,,Provisional/Provisoire,,
05EA005,2026-08-10T03:10:00Z,46,0.869,,,Provisional/Provisoire,,
05EA005,2026-08-10T03:15:00Z,46,0.869,,,Provisional/Provisoire,,
05EA005,2026-08-10T03:20:00Z,46,0.869,,,Provisional/Provisoire,,
05EA005,2026-08-10T03:25:00Z,46,0.869,,,Provisional/Provisoire,,
05EA005,2026-08-10T03:30:00Z,46,0.869,,,Provisional/Provisoire,,
05EA005,2026-08-10T03:35:00Z,46,0.869,,,Provisional/Provisoire,,
05EA005,2026-08-10T03:40:00Z,46,0.869,,,Provisional/Provisoire,,
05EA005,2026-08-10T03:45:00Z,46,0.869,,,Provisional/Provisoire,,
05EA005,2026-08-10T03:50:00Z,46,0.869,,,Provisional/Provisoire,,
05EA005,2026-08-10T03:55:00Z,46,0.869,,,Provisional/Provisoire,,
05EA005,2026-08-10T04:00:00Z,46,0.869,,,Provisional/Provisoire,,
05EA005,2026-08-10T04:05:00Z,46,0.869,,,Provisional/Provisoire,,
05EA005,2026-08-10T04:10:00Z,46,0.869,,,Provisional/Provisoire,,
05EA005,2026-08-10T04:15:00Z,46,0.869,,,Provisional/Provisoire,,
05EA005,2026-08-10T04:20:00Z,46,0.869,,,Provisional/Provisoire,,
05EA005,2026-08-10T04:25:00Z,46,0.869,,,Provisional/Provisoire,,
05EA005,2026-08-10T04:30:00Z,46,0.869,,,Provisional/Provisoire,,
05EA005,2026-08-10T04:35:00Z,46,0.869,,,Provisional/Provisoire,,
05EA005,2026-08-10T04:40:00Z,46,0.869,,,Provisional/Provisoire,,
05EA005,2026-08-10T04:45:00Z,46,0.869,,,Provisional/Provisoire,,
05EA005,2026-08-10T04:50:00Z,46,0.869,,,Provisional/Provisoire,,
05EA005,2026-08-10T04:55:00Z,46,0.869,,,Provisional/Provisoire,,
05EA005,2026-08-10T05:00:00Z,46,0.869,,,Provisional/Provisoire,,
05EA005,2026-08-10T05:05:00Z,46,0.869,,,Provisional/Provisoire,,
05EA005,2026-08-10T05:10:00Z,46,0.869,,,Provisional/Provisoire,,
05EA005,2026-08-10T05:15:00Z,46,0.869,,,Provisional/Provisoire,,
05EA005,2026-08-10T05:20:00Z,46,0.869,,,Provisional/Provisoire,,
05EA005,2026-08-10T05:25:00Z,46,0.869,,,Provisional/Provisoire,,
05EA005,2026-08-10T05:30:00Z,46,0.869,,,Provisional/Provisoire,,
05EA005,2026-08-10T05:35:00Z,46,0.869,,,Provisional/Provisoire,,
05EA005,2026-08-10T05:40:00Z,46,0.869,,,Provisional/Provisoire,,
05EA005,2026-08-10T05:45:00Z,46,0.869,,,Provisional/Provisoire,,
05EA005,2026-08-10T05:50:00Z,46,0.869,,,Provisional/Provisoire,,
05EA005,2026-08-10T05:55:00Z,46,0.869,,,Provisional/Provisoire,,
05EA005,2026-08-10T06:00:00Z,46,0.869,,,Provisional/Provisoire,,
05EA005,2026-08-10T06:05:00Z,46,0.869,,,Provisional/Provisoire,,
05EA005,2026-08-10T06:10:00Z,46,0.869,,,Provisional/Provisoire,,
05EA005,2026-08-10T06:15:00Z,46,0.869,,,Provisional/Provisoire,,
05EA005,2026-08-10T06:20:00Z,46,0.869,,,Provisional/Provisoire,,
05EA005,2026-08-10T06:25:00Z,46,0.869,,,Provisional/Provisoire,,
05EA005,2026-08-10T06:30:00Z,46,0.869,,,Provisional/Provisoire,,
05EA005,2026-08-10T06:35:00Z,46,0.869,,,Provisional/Provisoire,,
05EA005,2026-08-10T06:40:00Z,46,0.870,,,Provisional/Provisoire,,
05EA005,2026-08-10T06:45:00Z,46,0.870,,,Provisional/Provisoire,,
05EA005,2026-08-10T06:50:00Z,46,0.870,,,Provisional/Provisoire,,
05EA005,2026-08-10T06:55:00Z,46,0.870,,,Provisional/Provisoire,,
05EA005,2026-08-10T07:00:00Z,46,0.870,,,Provisional/Provisoire,,
05EA005,2026-08-10T07:05:00Z,46,0.870,,,Provisional/Provisoire,,
05EA005,2026-08-10T07:10:00Z,46,0.870,,,Provisional/Provisoire,,
05EA005,2026-08-10T07:15:00Z,46,0.870,,,Provisional/Provisoire,,
05EA005,2026-08-10T07:20:00Z,46,0.870,,,Provisional/Provisoire,,
05EA005,2026-08-10T07:25:00Z,46,0.870,,,Provisional/Provisoire,,
05EA005,2026-08-10T07:30:00Z,46,0.870,,,Provisional/Provisoire,,
05EA005,2026-08-10T07:35:00Z,46,0.870,,,Provisional/Provisoire,,
05EA005,2026-08-10T07:40:00Z,46,0.870,,,Provisional/Provisoire,,
05EA005,2026-08-10T07:45:00Z,46,0.871,,,Provisional/Provisoire,,
05EA005,2026-08-10T07:50:00Z,46,0.871,,,Provisional/Provisoire,,
05EA005,2026-08-10T07:55:00Z,46,0.871,,,Provisional/Provisoire,,
05EA005,2026-08-10T08:00:00Z,46,0.871,,,Provisional/Provisoire,,
05EA005,2026-08-10T08:05:00Z,46,0.871,,,Provisional/Provisoire,,
05EA005,2026-08-10T08:10:00Z,46,0.871,,,Provisional/Provisoire,,
05EA005,2026-08-10T08:15:00Z,46,0.871,,,Provisional/Provisoire,,
05EA005,2026-08-10T08:20:00Z,46,0.871,,,Provisional/Provisoire,,
05EA005,2026-08-10T08:25:00Z,46,0.871,,,Provisional/Provisoire,,
05EA005,2026-08-10T08:30:00Z,46,0.871,,,Provisional/Provisoire,,
05EA005,2026-08-10T08:35:00Z,46,0.871,,,Provisional/Provisoire,,
05EA005,2026-08-10T08:40:00Z,46,0.871,,,Provisional/Provisoire,,
05EA005,2026-08-10T08:45:00Z,46,0.871,,,Provisional/Provisoire,,
05EA005,2026-08-10T08:50:00Z,46,0.871,,,Provisional/Provisoire,,
05EA005,2026-08-10T08:55:00Z,46,0.871,,,Provisional/Provisoire,,
05EA005,2026-08-10T09:00:00Z,46,0.871,,,Provisional/Provisoire,,
05EA005,2026-08-10T09:05:00Z,46,0.872,,,Provisional/Provisoire,,
05EA005,2026-08-10T09:10:00Z,46,0.872,,,Provisional/Provisoire,,
05EA005,2026-08-10T09:15:00Z,46,0.872,,,Provisional/Provisoire,,
05EA005,2026-08-10T09:20:00Z,46,0.872,,,Provisional/Provisoire,,
05EA005,2026-08-10T09:25:00Z,46,0.872,,,Provisional/Provisoire,,
05EA005,2026-08-10T09:30:00Z,46,0.872,,,Provisional/Provisoire,,
05EA005,2026-08-10T09:35:00Z,46,0.872,,,Provisional/Provisoire,,
05EA005,2026-08-10T09:40:00Z,46,0.872,,,Provisional/Provisoire,,
05EA005,2026-08-10T09:45:00Z,46,0.872,,,Provisional/Provisoire,,
05EA005,2026-08-10T09:50:00Z,46,0.872,,,Provisional/Provisoire,,
05EA005,2026-08-10T09:55:00Z,46,0.872,,,Provisional/Provisoire,,
05EA005,2026-08-10T10:00:00Z,46,0.872,,,Provisional/Provisoire,,
05EA005,2026-08-10T10:05:00Z,46,0.872,,,Provisional/Provisoire,,
05EA005,2026-08-10T10:10:00Z,46,0.872,,,Provisional/Provisoire,,
05EA005,2026-08-10T10:15:00Z,46,0.872,,,Provisional/Provisoire,,
05EA005,2026-08-10T10:20:00Z,46,0.872,,,Provisional/Provisoire,,
05EA005,2026-08-10T10:25:00Z,46,0.872,,,Provisional/Provisoire,,
05EA005,2026-08-10T10:30:00Z,46,0.872,,,Provisional/Provisoire,,
05EA005,2026-08-10T10:35:00Z,46,0.873,,,Provisional/Provisoire,,
05EA005,2026-08-10T10:40:00Z,46,0.873,,,Provisional/Provisoire,,
05EA005,2026-08-10T10:45:00Z,46,0.873,,,Provisional/Provisoire,,
05EA005,2026-08-10T10:50:00Z,46,0.873,,,Provisional/Provisoire,,
05EA005,2026-08-10T10:55:00Z,46,0.873,,,Provisional/Provisoire,,
05EA005,2026-08-10T11:00:00Z,46,0.873,,,Provisional/Provisoire,,
05EA005,2026-08-10T11:05:00Z,46,0.873,,,Provisional/Provisoire,,
05EA005,2026-08-10T11:10:00Z,46,0.873,,,Provisional/Provisoire,,
05EA005,2026-08-10T11:15:00Z,46,0.873,,,Provisional/Provisoire,,
05EA005,2026-08-10T11:20:00Z,46,0.873,,,Provisional/Provisoire,,
05EA005,2026-08-10T11:25:00Z,46,0.873,,,Provisional/Provisoire,,
05EA005,2026-08-10T11:30:00Z,46,0.873,,,Provisional/Provisoire,,
05EA005,2026-08-10T11:35:00Z,46,0.873,,,Provisional/Provisoire,,
05EA005,2026-08-10T11:40:00Z,46,0.873,,,Provisional/Provisoire,,
05EA005,2026-08-10T11:45:00Z,46,0.873,,,Provisional/Provisoire,,
05EA005,2026-08-10T11:50:00Z,46,0.873,,,Provisional/Provisoire,,
05EA005,2026-08-10T11:55:00Z,46,0.873,,,Provisional/Provisoire,,
05EA005,2026-08-10T12:00:00Z,46,0.873,,,Provisional/Provisoire,,
05EA005,2026-08-10T12:05:00Z,46,0.873,,,Provisional/Provisoire,,
05EA005,2026-08-10T12:10:00Z,46,0.873,,,Provisional/Provisoire,,
05EA005,2026-08-10T12:15:00Z,46,0.873,,,Provisional/Provisoire,,
05EA005,2026-08-10T12:20:00Z,46,0.873,,,Provisional/Provisoire,,
05EA005,2026-08-10T12:25:00Z,46,0.873,,,Provisional/Provisoire,,
05EA005,2026-08-10T12:30:00Z,46,0.873,,,Provisional/Provisoire,,
05EA005,2026-08-10T12:35:00Z,46,0.873,,,Provisional/Provisoire,,
05EA005,2026-08-10T12:40:00Z,46,0.873,,,Provisional/Provisoire,,
05EA005,2026-08-10T12:45:00Z,46,0.873,,,Provisional/Provisoire,,
05EA005,2026-08-10T12:50:00Z,46,0.873,,,Provisional/Provisoire,,
05EA005,2026-08-10T12:55:00Z,46,0.873,,,Provisional/Provisoire,,
05EA005,2026-08-10T13:00:00Z,46,0.873,,,Provisional/Provisoire,,
05EA005,2026-08-10T13:05:00Z,46,0.873,,,Provisional/Provisoire,,
05EA005,2026-08-10T13:10:00Z,46,0.873,,,Provisional/Provisoire,,
05EA005,2026-08-10T13:15:00Z,46,0.873,,,Provisional/Provisoire,,
05EA005,2026-08-10T13:20:00Z,46,0.873,,,Provisional/Provisoire,,
05EA005,2026-08-10T13:25:00Z,46,0.873,,,Provisional/Provisoire,,
05EA005,2026-08-10T13:30:00Z,46,0.873,,,Provisional/Provisoire,,
05EA005,2026-08-10T13:35:00Z,46,0.873,,,Provisional/Provisoire,,
05EA005,2026-08-10T13:40:00Z,46,0.873,,,Provisional/Provisoire,,
05EA005,2026-08-10T13:45:00Z,46,0.873,,,Provisional/Provisoire,,
05EA005,2026-08-10T13:50:00Z,46,0.873,,,Provisional/Provisoire,,
05EA005,2026-08-10T13:55:00Z,46,0.873,,,Provisional/Provisoire,,
05EA005,2026-08-10T14:00:00Z,46,0.873,,,Provisional/Provisoire,,
05EA005,2026-08-10T14:05:00Z,46,0.873,,,Provisional/Provisoire,,
05EA005,2026-08-10T14:10:00Z,46,0.873,,,Provisional/Provisoire,,
05EA005,2026-08-10T14:15:00Z,46,0.873,,,Provisional/Provisoire,,
05EA005,2026-08-10T14:20:00Z,46,0.873,,,Provisional/Provisoire,,
05EA005,2026-08-10T14:25:00Z,46,0.873,,,Provisional/Provisoire,,
05EA005,2026-08-10T14:30:00Z,46,0.873,,,Provisional/Provisoire,,
05EA005,2026-08-10T14:35:00Z,46,0.873,,,Provisional/Provisoire,,
05EA005,2026-08-10T14:40:00Z,46,0.873,,,Provisional/Provisoire,,
05EA005,2026-08-10T14:45:00Z,46,0.873,,,Provisional/Provisoire,,
05EA005,2026-08-10T14:50:00Z,46,0.873,,,Provisional/Provisoire,,
05EA005,2026-08-10T14:55:00Z,46,0.873,,,Provisional/Provisoire,,
05EA005,2026-08-10T15:00:00Z,46,0.873,,,Provisional/Provisoire,,
05EA005,2026-08-10T15:05:00Z,46,0.873,,,Provisional/Provisoire,,
05EA005,2026-08-10T15:10:00Z,46,0.873,,,Provisional/Provisoire,,
05EA005,2026-08-10T15:15:00Z,46,0.873,,,Provisional/Provisoire,,
05EA005,2026-08-10T15:20:00Z,46,0.873,,,Provisional/Provisoire,,
05EA005,2026-08-10T15:25:00Z,46,0.873,,,Provisional/Provisoire,,
05EA005,2026-08-10T15:30:00Z,46,0.873,,,Provisional/Provisoire,,
05EA005,2026-08-10T15:35:00Z,46,0.873,,,Provisional/Provisoire,,
05EA005,2026-08-10T15:40:00Z,46,0.873,,,Provisional/Provisoire,,
05EA005,2026-08-10T15:45:00Z,46,0.873,,,Provisional/Provisoire,,
05EA005,2026-08-10T15:50:00Z,46,0.873,,,Provisional/Provisoire,,
05EA005,2026-08-10T15:55:00Z,46,0.873,,,Provisional/Provisoire,,
05EA005,2026-08-10T16:00:00Z,46,0.873,,,Provisional/Provisoire,,
05EA005,2026-08-10T16:05:00Z,46,0.872,,,Provisional/Provisoire,,
05EA005,2026-08-10T16:10:00Z,46,0.872,,,Provisional/Provisoire,,
05EA005,2026-08-10T16:15:00Z,46,0.872,,,Provisional/Provisoire,,
05EA005,2026-08-10T16:20:00Z,46,0.872,,,Provisional/Provisoire,,
05EA005,2026-08-10T16:25:00Z,46,0.872,,,Provisional/Provisoire,,
05EA005,2026-08-10T16:30:00Z,46,0.872,,,Provisional/Provisoire,,
05EA005,2026-08-10T16:35:00Z,46,0.872,,,Provisional/Provisoire,,
05EA005,2026-08-10T16:40:00Z,46,0.872,,,Provisional/Provisoire,,
05EA005,2026-08-10T16:45:00Z,46,0.872,,,Provisional/Provisoire,,
05EA005,2026-08-10T16:50:00Z,46,0.872,,,Provisional/Provisoire,,
05EA005,2026-08-10T16:55:00Z,46,0.872,,,Provisional/Provisoire,,
05EA005,2026-08-10T17:00:00Z,46,0.872,,,Provisional/Provisoire,,
05EA005,2026-08-10T17:05:00Z,46,0.872,,,Provisional/Provisoire,,
05EA005,2026-08-10T17:10:00Z,46,0.872,,,Provisional/Provisoire,,
05EA005,2026-08-10T17:15:00Z,46,0.872,,,Provisional/Provisoire,,
05EA005,2026-08-10T17:20:00Z,46,0.872,,,Provisional/Provisoire,,
05EA005,2026-08-10T17:25:00Z,46,0.872,,,Provisional/Provisoire,,
05EA005,2026-08-10T17:30:00Z,46,0.872,,,Provisional/Provisoire,,
05EA005,2026-08-10T17:35:00Z,46,0.872,,,Provisional/Provisoire,,
05EA005,2026-08-10T17:40:00Z,46,0.872,,,Provisional/Provisoire,,
05EA005,2026-08-10T17:45:00Z,46,0.872,,,Provisional/Provisoire,,
05EA005,2026-08-10T17:50:00Z,46,0.872,,,Provisional/Provisoire,,
05EA005,2026-08-10T17:55:00Z,46,0.872,,,Provisional/Provisoire,,
05EA005,2026-08-10T18:00:00Z,46,0.872,,,Provisional/Provisoire,,
05EA005,2026-08-10T18:05:00Z,46,0.872,,,Provisional/Provisoire,,
05EA005,2026-08-10T18:10:00Z,46,0.872,,,Provisional/Provisoire,,
05EA005,2026-08-10T18:15:00Z,46,0.871,,,Provisional/Provisoire,,
05EA005,2026-08-10T18:20:00Z,46,0.871,,,Provisional/Provisoire,,
05EA005,2026-08-10T18:25:00Z,46,0.871,,,Provisional/Provisoire,,
05EA005,2026-08-10T18:30:00Z,46,0.871,,,Provisional/Provisoire,,
05EA005,2026-08-10T18:35:00Z,46,0.871,,,Provisional/Provisoire,,
05EA005,2026-08-10T18:40:00Z,46,0.871,,,Provisional/Provisoire,,
05EA005,2026-08-10T18:45:00Z,46,0.871,,,Provisional/Provisoire,,
05EA005,2026-08-10T18:50:00Z,46,0.871,,,Provisional/Provisoire,,
05EA005,2026-08-10T18:55:00Z,46,0.871,,,Provisional/Provisoire,,
05EA005,2026-08-10T19:00:00Z,46,0.871,,,Provisional/Provisoire,,
05EA005,2026-08-10T19:05:00Z,46,0.871,,,Provisional/Provisoire,,
05EA005,2026-08-10T19:10:00Z,46,0.871,,,Provisional/Provisoire,,
05EA005,2026-08-10T19:15:00Z,46,0.871,,,Provisional/Provisoire,,
05EA005,2026-08-10T19:20:00Z,46,0.871,,,Provisional/Provisoire,,
05EA005,2026-08-10T19:25:00Z,46,0.871,,,Provisional/Provisoire,,
05EA005,2026-08-10T19:30:00Z,46,0.871,,,Provisional/Provisoire,,
05EA005,2026-08-10T19:35:00Z,46,0.871,,,Provisional/Provisoire,,
05EA005,2026-08-10T19:40:00Z,46,0.871,,,Provisional/Provisoire,,
05EA005,2026-08-10T19:45:00Z,46,0.871,,,Provisional/Provisoire,,
05EA005,2026-08-10T19:50:00Z,46,0.871,,,Provisional/Provisoire,,
05EA005,2026-08-10T19:55:00Z,46,0.871,,,Provisional/Provisoire,,
05EA005,2026-08-10T20:00:00Z,46,0.871,,,Provisional/Provisoire,,
05EA005,2026-08-10T20:05:00Z,46,0.871,,,Provisional/Provisoire,,
05EA005,2026-08-10T20:10:00Z,46,0.871,,,Provisional/Provisoire,,
05EA005,2026-08-10T20:15:00Z,46,0.871,,,Provisional/Provisoire,,
05EA005,2026-08-10T20:20:00Z,46,0.871,,,Provisional/Provisoire,,
05EA005,2026-08-10T20:25:00Z,46,0.871,,,Provisional/Provisoire,,
05EA005,2026-08-10T20:30:00Z,46,0.871,,,Provisional/Provisoire,,
05EA005,2026-08-10T20:35:00Z,46,0.871,,,Provisional/Provisoire,,
05EA005,2026-08-10T20:40:00Z,46,0.871,,,Provisional/Provisoire,,
05EA005,2026-08-10T20:45:00Z,46,0.871,,,Provisional/Provisoire,,
05EA005,2026-08-10T20:50:00Z,46,0.871,,,Provisional/Provisoire,,
05EA005,2026-08-10T20:55:00Z,46,0.870,,,Provisional/Provisoire,,
05EA005,2026-08-10T21:00:00Z,46,0.870,,,Provisional/Provisoire,,
05EA005,2026-08-10T21:05:00Z,46,0.870,,,Provisional/Provisoire,,
05EA005,2026-08-10T21:10:00Z,46,0.870,,,Provisional/Provisoire,,
05EA005,2026-08-10T21:15:00Z,46,0.870,,,Provisional/Provisoire,,
05EA005,2026-08-10T21:20:00Z,46,0.871,,,Provisional/Provisoire,,
05EA005,2026-08-10T21:25:00Z,46,0.871,,,Provisional/Provisoire,,
05EA005,2026-08-10T21:30:00Z,46,0.871,,,Provisional/Provisoire,,
05EA005,2026-08-10T21:35:00Z,46,0.871,,,Provisional/Provisoire,,
05EA005,2026-08-10T21:40:00Z,46,0.871,,,Provisional/Provisoire,,
05EA005,2026-08-10T21:45:00Z,46,0.871,,,Provisional/Provisoire,,
05EA005,2026-08-10T21:50:00Z,46,0.872,,,Provisional/Provisoire,,
05EA005,2026-08-10T21:55:00Z,46,0.873,,,Provisional/Provisoire,,
05EA005,2026-08-10T22:00:00Z,46,0.874,,,Provisional/Provisoire,,
05EA005,2026-08-10T22:05:00Z,46,0.875,,,Provisional/Provisoire,,
05EA005,2026-08-10T22:10:00Z,46,0.875,,,Provisional/Provisoire,,
05EA005,2026-08-10T22:15:00Z,46,0.875,,,Provisional/Provisoire,,
05EA005,2026-08-10T22:20:00Z,46,0.875,,,Provisional/Provisoire,,
05EA005,2026-08-10T22:25:00Z,46,0.876,,,Provisional/Provisoire,,
05EA005,2026-08-10T22:30:00Z,46,0.876,,,Provisional/Provisoire,,
05EA005,2026-08-10T22:35:00Z,46,0.876,,,Provisional/Provisoire,,
05EA005,2026-08-10T22:40:00Z,46,0.875,,,Provisional/Provisoire,,
05EA005,2026-08-10T22:45:00Z,46,0.875,,,Provisional/Provisoire,,
05EA005,2026-08-10T22:50:00Z,46,0.875,,,Provisional/Provisoire,,
05EA005,2026-08-10T22:55:00Z,46,0.875,,,Provisional/Provisoire,,
05EA005,2026-08-10T23:00:00Z,46,0.875,,,Provisional/Provisoire,,
05EA005,2026-08-10T23:05:00Z,46,0.875,,,Provisional/Provisoire,,
05EA005,2026-08-10T23:10:00Z,46,0.875,,,Provisional/Provisoire,,
05EA005,2026-08-10T23:15:00Z,46,0.875,,,Provisional/Provisoire,,
05EA005,2026-08-10T23:20:00Z,46,0.875,,,Provisional/Provisoire,,
05EA005,2026-08-10T23:25:00Z,46,0.876,,,Provisional/Provisoire,,
05EA005,2026-08-10T23:30:00Z,46,0.876,,,Provisional/Provisoire,,
05EA005,2026-08-10T23:35:00Z,46,0.876,,,Provisional/Provisoire,,
05EA005,2026-08-10T23:40:00Z,46,0.876,,,Provisional/Provisoire,,
05EA005,2026-08-10T23:45:00Z,46,0.876,,,Provisional/Provisoire,,
05EA005,2026-08-10T23:50:00Z,46,0.877,,,Provisional/Provisoire,,
05EA005,2026-08-10T23:55:00Z,46,0.877,,,Provisional/Provisoire,,
05EA005,2026-08-11T00:00:00Z,46,0.877,,,Provisional/Provisoire,,
05EA005,2026-08-11T00:05:00Z,46,0.878,,,Provisional/Provisoire,,
05EA005,2026-08-11T00:10:00Z,46,0.878,,,Provisional/Provisoire,,
05EA005,2026-08-11T00:15:00Z,46,0.878,,,Provisional/Provisoire,,
05EA005,2026-08-11T00:20:00Z,46,0.878,,,Provisional/Provisoire,,
05EA005,2026-08-11T00:25:00Z,46,0.878,,,Provisional/Provisoire,,
05EA005,2026-08-11T00:30:00Z,46,0.879,,,Provisional/Provisoire,,
05EA005,2026-08-11T00:35:00Z,46,0.879,,,Provisional/Provisoire,,
05EA005,2026-08-11T00:40:00Z,46,0.879,,,Provisional/Provisoire,,
05EA005,2026-08-11T00:45:00Z,46,0.879,,,Provisional/Provisoire,,
05EA005,2026-08-11T00:50:00Z,46,0.879,,,Provisional/Provisoire,,
05EA005,2026-08-11T00:55:00Z,46,0.879,,,Provisional/Provisoire,,
05EA005,2026-08-11T01:00:00Z,46,0.879,,,Provisional/Provisoire,,
05EA005,2026-08-11T01:05:00Z,46,0.879,,,Provisional/Provisoire,,
05EA005,2026-08-11T01:10:00Z,46,0.879,,,Provisional/Provisoire,,
05EA005,2026-08-11T01:15:00Z,46,0.879,,,Provisional/Provisoire,,
05EA005,2026-08-11T01:20:00Z,46,0.879,,,Provisional/Provisoire,,
05EA005,2026-08-11T01:25:00Z,46,0.878,,,Provisional/Provisoire,,
05EA005,2026-08-11T01:30:00Z,46,0.878,,,Provisional/Provisoire,,
05EA005,2026-08-11T01:35:00Z,46,0.878,,,Provisional/Provisoire,,
05EA005,2026-08-11T01:40:00Z,46,0.878,,,Provisional/Provisoire,,
05EA005,2026-08-11T01:45:00Z,46,0.878,,,Provisional/Provisoire,,
05EA005,2026-08-11T01:50:00Z,46,0.878,,,Provisional/Provisoire,,
05EA005,2026-08-11T01:55:00Z,46,0.878,,,Provisional/Provisoire,,
05EA005,2026-08-11T02:00:00Z,46,0.877,,,Provisional/Provisoire,,
05EA005,2026-08-11T02:05:00Z,46,0.877,,,Provisional/Provisoire,,
05EA005,2026-08-11T02:10:00Z,46,0.877,,,Provisional/Provisoire,,
05EA005,2026-08-11T02:15:00Z,46,0.877,,,Provisional/Provisoire,,
05EA005,2026-08-11T02:20:00Z,46,0.877,,,Provisional/Provisoire,,
05EA005,2026-08-11T02:25:00Z,46,0.877,,,Provisional/Provisoire,,
05EA005,2026-08-11T02:30:00Z,46,0.877,,,Provisional/Provisoire,,
05EA005,2026-08-11T02:35:00Z,46,0.877,,,Provisional/Provisoire,,
05EA005,2026-08-11T02:40:00Z,46,0.877,,,Provisional/Provisoire,,
05EA005,2026-08-11T02:45:00Z,46,0.878,,,Provisional/Provisoire,,
05EA005,2026-08-11T02:50:00Z,46,0.878,,,Provisional/Provisoire,,
05EA005,2026-08-11T02:55:00Z,46,0.878,,,Provisional/Provisoire,,
05EA005,2026-08-11T03:00:00Z,46,0.879,,,Provisional/Provisoire,,
05EA005,2026-08-11T03:05:00Z,46,0.879,,,Provisional/Provisoire,,
05EA005,2026-08-11T03:10:00Z,46,0.879,,,Provisional/Provisoire,,
05EA005,2026-08-11T03:15:00Z,46,0.880,,,Provisional/Provisoire,,
05EA005,2026-08-11T03:20:00Z,46,0.881,,,Provisional/Provisoire,,
05EA005,2026-08-11T03:25:00Z,46,0.882,,,Provisional/Provisoire,,
05EA005,2026-08-11T03:30:00Z,46,0.882,,,Provisional/Provisoire,,
05EA005,2026-08-11T03:35:00Z,46,0.883,,,Provisional/Provisoire,,
05EA005,2026-08-11T03:40:00Z,46,0.884,,,Provisional/Provisoire,,
05EA005,2026-08-11T03:45:00Z,46,0.885,,,Provisional/Provisoire,,
05EA005,2026-08-11T03:50:00Z,46,0.886,,,Provisional/Provisoire,,
05EA005,2026-08-11T03:55:00Z,46,0.887,,,Provisional/Provisoire,,
05EA005,2026-08-11T04:00:00Z,46,0.888,,,Provisional/Provisoire,,
05EA005,2026-08-11T04:05:00Z,46,0.888,,,Provisional/Provisoire,,
05EA005,2026-08-11T04:10:00Z,46,0.889,,,Provisional/Provisoire,,
05EA005,2026-08-11T04:15:00Z,46,0.890,,,Provisional/Provisoire,,
05EA005,2026-08-11T04:20:00Z,46,0.891,,,Provisional/Provisoire,,
05EA005,2026-08-11T04:25:00Z,46,0.892,,,Provisional/Provisoire,,
05EA005,2026-08-11T04:30:00Z,46,0.893,,,Provisional/Provisoire,,
05EA005,2026-08-11T04:35:00Z,46,0.894,,,Provisional/Provisoire,,
05EA005,2026-08-11T04:40:00Z,46,0.895,,,Provisional/Provisoire,,
05EA005,2026-08-11T04:45:00Z,46,0.895,,,Provisional/Provisoire,,
05EA005,2026-08-11T04:50:00Z,46,0.896,,,Provisional/Provisoire,,
05EA005,2026-08-11T04:55:00Z,46,0.897,,,Provisional/Provisoire,,
05EA005,2026-08-11T05:00:00Z,46,0.898,,,Provisional/Provisoire,,
05EA005,2026-08-11T05:05:00Z,46,0.899,,,Provisional/Provisoire,,
05EA005,2026-08-11T05:10:00Z,46,0.900,,,Provisional/Provisoire,,
05EA005,2026-08-11T05:15:00Z,46,0.901,,,Provisional/Provisoire,,
05EA005,2026-08-11T05:20:00Z,46,0.902,,,Provisional/Provisoire,,
05EA005,2026-08-11T05:25:00Z,46,0.903,,,Provisional/Provisoire,,
05EA005,2026-08-11T05:30:00Z,46,0.904,,,Provisional/Provisoire,,
05EA005,2026-08-11T05:35:00Z,46,0.905,,,Provisional/Provisoire,,
05EA005,2026-08-11T05:40:00Z,46,0.905,,,Provisional/Provisoire,,
05EA005,2026-08-11T05:45:00Z,46,0.906,,,Provisional/Provisoire,,
05EA005,2026-08-11T05:50:00Z,46,0.907,,,Provisional/Provisoire,,
05EA005,2026-08-11T05:55:00Z,46,0.908,,,Provisional/Provisoire,,
05EA005,2026-08-11T06:00:00Z,46,0.909,,,Provisional/Provisoire,,
05EA005,2026-08-11T06:05:00Z,46,0.910,,,Provisional/Provisoire,,
05EA005,2026-08-11T06:10:00Z,46,0.911,,,Provisional/Provisoire,,
05EA005,2026-08-11T06:15:00Z,46,0.912,,,Provisional/Provisoire,,
05EA005,2026-08-11T06:20:00Z,46,0.914,,,Provisional/Provisoire,,
05EA005,2026-08-11T06:25:00Z,46,0.915,,,Provisional/Provisoire,,
05EA005,2026-08-11T06:30:00Z,46,0.916,,,Provisional/Provisoire,,
05EA005,2026-08-11T06:35:00Z,46,0.917,,,Provisional/Provisoire,,
05EA005,2026-08-11T06:40:00Z,46,0.918,,,Provisional/Provisoire,,
05EA005,2026-08-11T06:45:00Z,46,0.919,,,Provisional/Provisoire,,
05EA005,2026-08-11T06:50:00Z,46,0.919,,,Provisional/Provisoire,,
05EA005,2026-08-11T06:55:00Z,46,0.920,,,Provisional/Provisoire,,
05EA005,2026-08-11T07:00:00Z,46,0.920,,,Provisional/Provisoire,,
05EA005,2026-08-11T07:05:00Z,46,0.921,,,Provisional/Provisoire,,
05EA005,2026-08-11T07:10:00Z,46,0.922,,,Provisional/Provisoire,,
05EA005,2026-08-11T07:15:00Z,46,0.923,,,Provisional/Provisoire,,
05EA005,2026-08-11T07:20:00Z,46,0.923,,,Provisional/Provisoire,,
05EA005,2026-08-11T07:25:00Z,46,0.924,,,Provisional/Provisoire,,
05EA005,2026-08-11T07:30:00Z,46,0.925,,,Provisional/Provisoire,,
05EA005,2026-08-11T07:35:00Z,46,0.925,,,Provisional/Provisoire,,
05EA005,2026-08-11T07:40:00Z,46,0.926,,,Provisional/Provisoire,,
05EA005,2026-08-11T07:45:00Z,46,0.927,,,Provisional/Provisoire,,
05EA005,2026-08-11T07:50:00Z,46,0.927,,,Provisional/Provisoire,,
05EA005,2026-08-11T07:55:00Z,46,0.928,,,Provisional/Provisoire,,
05EA005,2026-08-11T08:00:00Z,46,0.928,,,Provisional/Provisoire,,
05EA005,2026-08-11T08:05:00Z,46,0.929,,,Provisional/Provisoire,,
05EA005,2026-08-11T08:10:00Z,46,0.929,,,Provisional/Provisoire,,
05EA005,2026-08-11T08:15:00Z,46,0.929,,,Provisional/Provisoire,,
05EA005,2026-08-11T08:20:00Z,46,0.930,,,Provisional/Provisoire,,
05EA005,2026-08-11T08:25:00Z,46,0.930,,,Provisional/Provisoire,,
05EA005,2026-08-11T08:30:00Z,46,0.930,,,Provisional/Provisoire,,
05EA005,2026-08-11T08:35:00Z,46,0.931,,,Provisional/Provisoire,,
05EA005,2026-08-11T08:40:00Z,46,0.931,,,Provisional/Provisoire,,
05EA005,2026-08-11T08:45:00Z,46,0.931,,,Provisional/Provisoire,,
05EA005,2026-08-11T08:50:00Z,46,0.932,,,Provisional/Provisoire,,
05EA005,2026-08-11T08:55:00Z,46,0.932,,,Provisional/Provisoire,,
05EA005,2026-08-11T09:00:00Z,46,0.933,,,Provisional/Provisoire,,
05EA005,2026-08-11T09:05:00Z,46,0.933,,,Provisional/Provisoire,,
05EA005,2026-08-11T09:10:00Z,46,0.934,,,Provisional/Provisoire,,
05EA005,2026-08-11T09:15:00Z,46,0.934,,,Provisional/Provisoire,,
05EA005,2026-08-11T09:20:00Z,46,0.934,,,Provisional/Provisoire,,
05EA005,2026-08-11T09:25:00Z,46,0.935,,,Provisional/Provisoire,,
05EA005,2026-08-11T09:30:00Z,46,0.935,,,Provisional/Provisoire,,
05EA005,2026-08-11T09:35:00Z,46,0.935,,,Provisional/Provisoire,,
05EA005,2026-08-11T09:40:00Z,46,0.935,,,Provisional/Provisoire,,
05EA005,2026-08-11T09:45:00Z,46,0.935,,,Provisional/Provisoire,,
05EA005,2026-08-11T09:50:00Z,46,0.936,,,Provisional/Provisoire,,
05EA005,2026-08-11T09:55:00Z,46,0.936,,,Provisional/Provisoire,,
05EA005,2026-08-11T10:00:00Z,46,0.937,,,Provisional/Provisoire,,
05EA005,2026-08-11T10:05:00Z,46,0.937,,,Provisional/Provisoire,,
05EA005,2026-08-11T10:10:00Z,46,0.938,,,Provisional/Provisoire,,
05EA005,2026-08-11T10:15:00Z,46,0.938,,,Provisional/Provisoire,,
05EA005,2026-08-11T10:20:00Z,46,0.939,,,Provisional/Provisoire,,
05EA005,2026-08-11T10:25:00Z,46,0.939,,,Provisional/Provisoire,,
05EA005,2026-08-11T10:30:00Z,46,0.939,,,Provisional/Provisoire,,
05EA005,2026-08-11T10:35:00Z,46,0.940,,,Provisional/Provisoire,,
05EA005,2026-08-11T10:40:00Z,46,0.940,,,Provisional/Provisoire,,
05EA005,2026-08-11T10:45:00Z,46,0.940,,,Provisional/Provisoire,,
05EA005,2026-08-11T10:50:00Z,46,0.940,,,Provisional/Provisoire,,
05EA005,2026-08-11T10:55:00Z,46,0.941,,,Provisional/Provisoire,,
05EA005,2026-08-11T11:00:00Z,46,0.941,,,Provisional/Provisoire,,
05EA005,2026-08-11T11:05:00Z,46,0.941,,,Provisional/Provisoire,,
05EA005,2026-08-11T11:10:00Z,46,0.941,,,Provisional/Provisoire,,
05EA005,2026-08-11T11:15:00Z,46,0.941,,,Provisional/Provisoire,,
05EA005,2026-08-11T11:20:00Z,46,0.941,,,Provisional/Provisoire,,
05EA005,2026-08-11T11:25:00Z,46,0.942,,,Provisional/Provisoire,,
05EA005,2026-08-11T11:30:00Z,46,0.942,,,Provisional/Provisoire,,
05EA005,2026-08-11T11:35:00Z,46,0.942,,,Provisional/Provisoire,,
05EA005,2026-08-11T11:40:00Z,46,0.942,,,Provisional/Provisoire,,
05EA005,2026-08-11T11:45:00Z,46,0.942,,,Provisional/Provisoire,,
05EA005,2026-08-11T11:50:00Z,46,0.942,,,Provisional/Provisoire,,
05EA005,2026-08-11T11:55:00Z,46,0.942,,,Provisional/Provisoire,,
05EA005,2026-08-11T12:00:00Z,46,0.942,,,Provisional/Provisoire,,
05EA005,2026-08-11T12:05:00Z,46,0.942,,,Provisional/Provisoire,,
05EA005,2026-08-11T12:10:00Z,46,0.942,,,Provisional/Provisoire,,
05EA005,2026-08-11T12:15:00Z,46,0.942,,,Provisional/Provisoire,,
05EA005,2026-08-11T12:20:00Z,46,0.942,,,Provisional/Provisoire,,
05EA005,2026-08-11T12:25:00Z,46,0.942,,,Provisional/Provisoire,,
05EA005,2026-08-11T12:30:00Z,46,0.942,,,Provisional/Provisoire,,
05EA005,2026-08-11T12:35:00Z,46,0.942,,,Provisional/Provisoire,,
05EA005,2026-08-11T12:40:00Z,46,0.942,,,Provisional/Provisoire,,
05EA005,2026-08-11T12:45:00Z,46,0.942,,,Provisional/Provisoire,,
05EA005,2026-08-11T12:50:00Z,46,0.942,,,Provisional/Provisoire,,
05EA005,2026-08-11T12:55:00Z,46,0.942,,,Provisional/Provisoire,,
05EA005,2026-08-11T13:00:00Z,46,0.942,,,Provisional/Provisoire,,
05EA005,2026-08-11T13:05:00Z,46,0.942,,,Provisional/Provisoire,,
05EA005,2026-08-11T13:10:00Z,46,0.942,,,Provisional/Provisoire,,
05EA005,2026-08-11T13:15:00Z,46,0.942,,,Provisional/Provisoire,,
05EA005,2026-08-11T13:20:00Z,46,0.942,,,Provisional/Provisoire,,
05EA005,2026-08-11T13:25:00Z,46,0.942,,,Provisional/Provisoire,,
05EA005,2026-08-11T13:30:00Z,46,0.942,,,Provisional/Provisoire,,
05EA005,2026-08-11T13:35:00Z,46,0.942,,,Provisional/Provisoire,,
05EA005,2026-08-11T13:40:00Z,46,0.941,,,Provisional/Provisoire,,
05EA005,2026-08-11T13:45:00Z,46,0.941,,,Provisional/Provisoire,,
05EA005,2026-08-11T13:50:00Z,46,0.941,,,Provisional/Provisoire,,
05EA005,2026-08-11T13:55:00Z,46,0.941,,,Provisional/Provisoire,,
05EA005,2026-08-11T14:00:00Z,46,0.941,,,Provisional/Provisoire,,
05EA005,2026-08-11T14:05:00Z,46,0.941,,,Provisional/Provisoire,,
05EA005,2026-08-11T14:10:00Z,46,0.940,,,Provisional/Provisoire,,
05EA005,2026-08-11T14:15:00Z,46,0.940,,,Provisional/Provisoire,,
05EA005,2026-08-11T14:20:00Z,46,0.940,,,Provisional/Provisoire,,
05EA005,2026-08-11T14:25:00Z,46,0.940,,,Provisional/Provisoire,,
05EA005,2026-08-11T14:30:00Z,46,0.940,,,Provisional/Provisoire,,
05EA005,2026-08-11T14:35:00Z,46,0.940,,,Provisional/Provisoire,,
05EA005,2026-08-11T14:40:00Z,46,0.939,,,Provisional/Provisoire,,
05EA005,2026-08-11T14:45:00Z,46,0.939,,,Provisional/Provisoire,,
05EA005,2026-08-11T14:50:00Z,46,0.939,,,Provisional/Provisoire,,
05EA005,2026-08-11T14:55:00Z,46,0.939,,,Provisional/Provisoire,,
05EA005,2026-08-11T15:00:00Z,46,0.938,,,Provisional/Provisoire,,
05EA005,2026-08-11T15:05:00Z,46,0.938,,,Provisional/Provisoire,,
05EA005,2026-08-11T15:10:00Z,46,0.938,,,Provisional/Provisoire,,
05EA005,2026-08-11T15:15:00Z,46,0.938,,,Provisional/Provisoire,,
05EA005,2026-08-11T15:20:00Z,46,0.937,,,Provisional/Provisoire,,
05EA005,2026-08-11T15:25:00Z,46,0.937,,,Provisional/Provisoire,,
05EA005,2026-08-11T15:30:00Z,46,0.937,,,Provisional/Provisoire,,
05EA005,2026-08-11T15:35:00Z,46,0.936,,,Provisional/Provisoire,,
05EA005,2026-08-11T15:40:00Z,46,0.936,,,Provisional/Provisoire,,
05EA005,2026-08-11T15:45:00Z,46,0.936,,,Provisional/Provisoire,,
05EA005,2026-08-11T15:50:00Z,46,0.936,,,Provisional/Provisoire,,
05EA005,2026-08-11T15:55:00Z,46,0.936,,,Provisional/Provisoire,,
05EA005,2026-08-11T16:00:00Z,46,0.935,,,Provisional/Provisoire,,
05EA005,2026-08-11T16:05:00Z,46,0.935,,,Provisional/Provisoire,,
05EA005,2026-08-11T16:10:00Z,46,0.935,,,Provisional/Provisoire,,
05EA005,2026-08-11T16:15:00Z,46,0.935,,,Provisional/Provisoire,,
05EA005,2026-08-11T16:20:00Z,46,0.935,,,Provisional/Provisoire,,
05EA005,2026-07-28T00:00:00Z,47,3.31,,,Provisional/Provisoire,,
05EA005,2026-07-28T00:05:00Z,47,3.31,,,Provisional/Provisoire,,
05EA005,2026-07-28T00:10:00Z,47,3.31,,,Provisional/Provisoire,,
05EA005,2026-07-28T00:15:00Z,47,3.31,,,Provisional/Provisoire,,
05EA005,2026-07-28T00:20:00Z,47,3.31,,,Provisional/Provisoire,,
05EA005,2026-07-28T00:25:00Z,47,3.31,,,Provisional/Provisoire,,
05EA005,2026-07-28T00:30:00Z,47,3.31,,,Provisional/Provisoire,,
05EA005,2026-07-28T00:35:00Z,47,3.31,,,Provisional/Provisoire,,
05EA005,2026-07-28T00:40:00Z,47,3.31,,,Provisional/Provisoire,,
05EA005,2026-07-28T00:45:00Z,47,3.31,,,Provisional/Provisoire,,
05EA005,2026-07-28T00:50:00Z,47,3.31,,,Provisional/Provisoire,,
05EA005,2026-07-28T00:55:00Z,47,3.31,,,Provisional/Provisoire,,
05EA005,2026-07-28T01:00:00Z,47,3.31,,,Provisional/Provisoire,,
05EA005,2026-07-28T01:05:00Z,47,3.31,,,Provisional/Provisoire,,
05EA005,2026-07-28T01:10:00Z,47,3.31,,,Provisional/Provisoire,,
05EA005,2026-07-28T01:15:00Z,47,3.31,,,Provisional/Provisoire,,
05EA005,2026-07-28T01:20:00Z,47,3.31,,,Provisional/Provisoire,,
05EA005,2026-07-28T01:25:00Z,47,3.31,,,Provisional/Provisoire,,
05EA005,2026-07-28T01:30:00Z,47,3.31,,,Provisional/Provisoire,,
05EA005,2026-07-28T01:35:00Z,47,3.31,,,Provisional/Provisoire,,
05EA005,2026-07-28T01:40:00Z,47,3.31,,,Provisional/Provisoire,,
05EA005,2026-07-28T01:45:00Z,47,3.31,,,Provisional/Provisoire,,
05EA005,2026-07-28T01:50:00Z,47,3.31,,,Provisional/Provisoire,,
05EA005,2026-07-28T01:55:00Z,47,3.33,,,Provisional/Provisoire,,
05EA005,2026-07-28T02:00:00Z,47,3.33,,,Provisional/Provisoire,,
05EA005,2026-07-28T02:05:00Z,47,3.33,,,Provisional/Provisoire,,
05EA005,2026-07-28T02:10:00Z,47,3.34,,,Provisional/Provisoire,,
05EA005,2026-07-28T02:15:00Z,47,3.34,,,Provisional/Provisoire,,
05EA005,2026-07-28T02:20:00Z,47,3.34,,,Provisional/Provisoire,,
05EA005,2026-07-28T02:25:00Z,47,3.34,,,Provisional/Provisoire,,
05EA005,2026-07-28T02:30:00Z,47,3.36,,,Provisional/Provisoire,,
05EA005,2026-07-28T02:35:00Z,47,3.36,,,Provisional/Provisoire,,
05EA005,2026-07-28T02:40:00Z,47,3.36,,,Provisional/Provisoire,,
05EA005,2026-07-28T02:45:00Z,47,3.37,,,Provisional/Provisoire,,
05EA005,2026-07-28T02:50:00Z,47,3.37,,,Provisional/Provisoire,,
05EA005,2026-07-28T02:55:00Z,47,3.37,,,Provisional/Provisoire,,
05EA005,2026-07-28T03:00:00Z,47,3.39,,,Provisional/Provisoire,,
05EA005,2026-07-28T03:05:00Z,47,3.39,,,Provisional/Provisoire,,
05EA005,2026-07-28T03:10:00Z,47,3.39,,,Provisional/Provisoire,,
05EA005,2026-07-28T03:15:00Z,47,3.40,,,Provisional/Provisoire,,
05EA005,2026-07-28T03:20:00Z,47,3.40,,,Provisional/Provisoire,,
05EA005,2026-07-28T03:25:00Z,47,3.40,,,Provisional/Provisoire,,
05EA005,2026-07-28T03:30:00Z,47,3.42,,,Provisional/Provisoire,,
05EA005,2026-07-28T03:35:00Z,47,3.42,,,Provisional/Provisoire,,
05EA005,2026-07-28T03:40:00Z,47,3.42,,,Provisional/Provisoire,,
05EA005,2026-07-28T03:45:00Z,47,3.42,,,Provisional/Provisoire,,
05EA005,2026-07-28T03:50:00Z,47,3.44,,,Provisional/Provisoire,,
05EA005,2026-07-28T03:55:00Z,47,3.44,,,Provisional/Provisoire,,
05EA005,2026-07-28T04:00:00Z,47,3.44,,,Provisional/Provisoire,,
05EA005,2026-07-28T04:05:00Z,47,3.45,,,Provisional/Provisoire,,
05EA005,2026-07-28T04:10:00Z,47,3.45,,,Provisional/Provisoire,,
05EA005,2026-07-28T04:15:00Z,47,3.45,,,Provisional/Provisoire,,
05EA005,2026-07-28T04:20:00Z,47,3.45,,,Provisional/Provisoire,,
05EA005,2026-07-28T04:25:00Z,47,3.45,,,Provisional/Provisoire,,
05EA005,2026-07-28T04:30:00Z,47,3.47,,,Provisional/Provisoire,,
05EA005,2026-07-28T04:35:00Z,47,3.47,,,Provisional/Provisoire,,
05EA005,2026-07-28T04:40:00Z,47,3.47,,,Provisional/Provisoire,,
05EA005,2026-07-28T04:45:00Z,47,3.47,,,Provisional/Provisoire,,
05EA005,2026-07-28T04:50:00Z,47,3.48,,,Provisional/Provisoire,,
05EA005,2026-07-28T04:55:00Z,47,3.48,,,Provisional/Provisoire,,
05EA005,2026-07-28T05:00:00Z,47,3.48,,,Provisional/Provisoire,,
05EA005,2026-07-28T05:05:00Z,47,3.48,,,Provisional/Provisoire,,
05EA005,2026-07-28T05:10:00Z,47,3.48,,,Provisional/Provisoire,,
05EA005,2026-07-28T05:15:00Z,47,3.50,,,Provisional/Provisoire,,
05EA005,2026-07-28T05:20:00Z,47,3.50,,,Provisional/Provisoire,,
05EA005,2026-07-28T05:25:00Z,47,3.50,,,Provisional/Provisoire,,
05EA005,2026-07-28T05:30:00Z,47,3.50,,,Provisional/Provisoire,,
05EA005,2026-07-28T05:35:00Z,47,3.50,,,Provisional/Provisoire,,
05EA005,2026-07-28T05:40:00Z,47,3.50,,,Provisional/Provisoire,,
05EA005,2026-07-28T05:45:00Z,47,3.50,,,Provisional/Provisoire,,
05EA005,2026-07-28T05:50:00Z,47,3.50,,,Provisional/Provisoire,,
05EA005,2026-07-28T05:55:00Z,47,3.50,,,Provisional/Provisoire,,
05EA005,2026-07-28T06:00:00Z,47,3.50,,,Provisional/Provisoire,,
05EA005,2026-07-28T06:05:00Z,47,3.52,,,Provisional/Provisoire,,
05EA005,2026-07-28T06:10:00Z,47,3.52,,,Provisional/Provisoire,,
05EA005,2026-07-28T06:15:00Z,47,3.52,,,Provisional/Provisoire,,
05EA005,2026-07-28T06:20:00Z,47,3.52,,,Provisional/Provisoire,,
05EA005,2026-07-28T06:25:00Z,47,3.52,,,Provisional/Provisoire,,
05EA005,2026-07-28T06:30:00Z,47,3.53,,,Provisional/Provisoire,,
05EA005,2026-07-28T06:35:00Z,47,3.53,,,Provisional/Provisoire,,
05EA005,2026-07-28T06:40:00Z,47,3.53,,,Provisional/Provisoire,,
05EA005,2026-07-28T06:45:00Z,47,3.53,,,Provisional/Provisoire,,
05EA005,2026-07-28T06:50:00Z,47,3.53,,,Provisional/Provisoire,,
05EA005,2026-07-28T06:55:00Z,47,3.53,,,Provisional/Provisoire,,
05EA005,2026-07-28T07:00:00Z,47,3.53,,,Provisional/Provisoire,,
05EA005,2026-07-28T07:05:00Z,47,3.53,,,Provisional/Provisoire,,
05EA005,2026-07-28T07:10:00Z,47,3.53,,,Provisional/Provisoire,,
05EA005,2026-07-28T07:15:00Z,47,3.53,,,Provisional/Provisoire,,
05EA005,2026-07-28T07:20:00Z,47,3.53,,,Provisional/Provisoire,,
05EA005,2026-07-28T07:25:00Z,47,3.53,,,Provisional/Provisoire,,
05EA005,2026-07-28T07:30:00Z,47,3.53,,,Provisional/Provisoire,,
05EA005,2026-07-28T07:35:00Z,47,3.53,,,Provisional/Provisoire,,
05EA005,2026-07-28T07:40:00Z,47,3.53,,,Provisional/Provisoire,,
05EA005,2026-07-28T07:45:00Z,47,3.53,,,Provisional/Provisoire,,
05EA005,2026-07-28T07:50:00Z,47,3.53,,,Provisional/Provisoire,,
05EA005,2026-07-28T07:55:00Z,47,3.53,,,Provisional/Provisoire,,
05EA005,2026-07-28T08:00:00Z,47,3.53,,,Provisional/Provisoire,,
05EA005,2026-07-28T08:05:00Z,47,3.53,,,Provisional/Provisoire,,
05EA005,2026-07-28T08:10:00Z,47,3.53,,,Provisional/Provisoire,,
05EA005,2026-07-28T08:15:00Z,47,3.53,,,Provisional/Provisoire,,
05EA005,2026-07-28T08:20:00Z,47,3.53,,,Provisional/Provisoire,,
05EA005,2026-07-28T08:25:00Z,47,3.53,,,Provisional/Provisoire,,
05EA005,2026-07-28T08:30:00Z,47,3.53,,,Provisional/Provisoire,,
05EA005,2026-07-28T08:35:00Z,47,3.53,,,Provisional/Provisoire,,
05EA005,2026-07-28T08:40:00Z,47,3.53,,,Provisional/Provisoire,,
05EA005,2026-07-28T08:45:00Z,47,3.53,,,Provisional/Provisoire,,
05EA005,2026-07-28T08:50:00Z,47,3.53,,,Provisional/Provisoire,,
05EA005,2026-07-28T08:55:00Z,47,3.52,,,Provisional/Provisoire,,
05EA005,2026-07-28T09:00:00Z,47,3.52,,,Provisional/Provisoire,,
05EA005,2026-07-28T09:05:00Z,47,3.52,,,Provisional/Provisoire,,
05EA005,2026-07-28T09:10:00Z,47,3.52,,,Provisional/Provisoire,,
05EA005,2026-07-28T09:15:00Z,47,3.52,,,Provisional/Provisoire,,
05EA005,2026-07-28T09:20:00Z,47,3.52,,,Provisional/Provisoire,,
05EA005,2026-07-28T09:25:00Z,47,3.52,,,Provisional/Provisoire,,
05EA005,2026-07-28T09:30:00Z,47,3.52,,,Provisional/Provisoire,,
05EA005,2026-07-28T09:35:00Z,47,3.52,,,Provisional/Provisoire,,
05EA005,2026-07-28T09:40:00Z,47,3.52,,,Provisional/Provisoire,,
05EA005,2026-07-28T09:45:00Z,47,3.52,,,Provisional/Provisoire,,
05EA005,2026-07-28T09:50:00Z,47,3.52,,,Provisional/Provisoire,,
05EA005,2026-07-28T09:55:00Z,47,3.52,,,Provisional/Provisoire,,
05EA005,2026-07-28T10:00:00Z,47,3.50,,,Provisional/Provisoire,,
05EA005,2026-07-28T10:05:00Z,47,3.50,,,Provisional/Provisoire,,
05EA005,2026-07-28T10:10:00Z,47,3.50,,,Provisional/Provisoire,,
05EA005,2026-07-28T10:15:00Z,47,3.50,,,Provisional/Provisoire,,
05EA005,2026-07-28T10:20:00Z,47,3.50,,,Provisional/Provisoire,,
05EA005,2026-07-28T10:25:00Z,47,3.50,,,Provisional/Provisoire,,
05EA005,2026-07-28T10:30:00Z,47,3.50,,,Provisional/Provisoire,,
05EA005,2026-07-28T10:35:00Z,47,3.50,,,Provisional/Provisoire,,
05EA005,2026-07-28T10:40:00Z,47,3.50,,,Provisional/Provisoire,,
05EA005,2026-07-28T10:45:00Z,47,3.50,,,Provisional/Provisoire,,
05EA005,2026-07-28T10:50:00Z,47,3.50,,,Provisional/Provisoire,,
05EA005,2026-07-28T10:55:00Z,47,3.50,,,Provisional/Provisoire,,
05EA005,2026-07-28T11:00:00Z,47,3.50,,,Provisional/Provisoire,,
05EA005,2026-07-28T11:05:00Z,47,3.50,,,Provisional/Provisoire,,
05EA005,2026-07-28T11:10:00Z,47,3.50,,,Provisional/Provisoire,,
05EA005,2026-07-28T11:15:00Z,47,3.50,,,Provisional/Provisoire,,
05EA005,2026-07-28T11:20:00Z,47,3.50,,,Provisional/Provisoire,,
05EA005,2026-07-28T11:25:00Z,47,3.50,,,Provisional/Provisoire,,
05EA005,2026-07-28T11:30:00Z,47,3.50,,,Provisional/Provisoire,,
05EA005,2026-07-28T11:35:00Z,47,3.50,,,Provisional/Provisoire,,
05EA005,2026-07-28T11:40:00Z,47,3.50,,,Provisional/Provisoire,,
05EA005,2026-07-28T11:45:00Z,47,3.50,,,Provisional/Provisoire,,
05EA005,2026-07-28T11:50:00Z,47,3.50,,,Provisional/Provisoire,,
05EA005,2026-07-28T11:55:00Z,47,3.50,,,Provisional/Provisoire,,
05EA005,2026-07-28T12:00:00Z,47,3.50,,,Provisional/Provisoire,,
05EA005,2026-07-28T12:05:00Z,47,3.50,,,Provisional/Provisoire,,
05EA005,2026-07-28T12:10:00Z,47,3.50,,,Provisional/Provisoire,,
05EA005,2026-07-28T12:15:00Z,47,3.50,,,Provisional/Provisoire,,
05EA005,2026-07-28T12:20:00Z,47,3.48,,,Provisional/Provisoire,,
05EA005,2026-07-28T12:25:00Z,47,3.48,,,Provisional/Provisoire,,
05EA005,2026-07-28T12:30:00Z,47,3.48,,,Provisional/Provisoire,,
05EA005,2026-07-28T12:35:00Z,47,3.48,,,Provisional/Provisoire,,
05EA005,2026-07-28T12:40:00Z,47,3.48,,,Provisional/Provisoire,,
05EA005,2026-07-28T12:45:00Z,47,3.48,,,Provisional/Provisoire,,
05EA005,2026-07-28T12:50:00Z,47,3.48,,,Provisional/Provisoire,,
05EA005,2026-07-28T12:55:00Z,47,3.48,,,Provisional/Provisoire,,
05EA005,2026-07-28T13:00:00Z,47,3.48,,,Provisional/Provisoire,,
05EA005,2026-07-28T13:05:00Z,47,3.48,,,Provisional/Provisoire,,
05EA005,2026-07-28T13:10:00Z,47,3.48,,,Provisional/Provisoire,,
05EA005,2026-07-28T13:15:00Z,47,3.47,,,Provisional/Provisoire,,
05EA005,2026-07-28T13:20:00Z,47,3.47,,,Provisional/Provisoire,,
05EA005,2026-07-28T13:25:00Z,47,3.47,,,Provisional/Provisoire,,
05EA005,2026-07-28T13:30:00Z,47,3.47,,,Provisional/Provisoire,,
05EA005,2026-07-28T13:35:00Z,47,3.47,,,Provisional/Provisoire,,
05EA005,2026-07-28T13:40:00Z,47,3.47,,,Provisional/Provisoire,,
05EA005,2026-07-28T13:45:00Z,47,3.47,,,Provisional/Provisoire,,
05EA005,2026-07-28T13:50:00Z,47,3.47,,,Provisional/Provisoire,,
05EA005,2026-07-28T13:55:00Z,47,3.47,,,Provisional/Provisoire,,
05EA005,2026-07-28T14:00:00Z,47,3.47,,,Provisional/Provisoire,,
05EA005,2026-07-28T14:05:00Z,47,3.47,,,Provisional/Provisoire,,
05EA005,2026-07-28T14:10:00Z,47,3.47,,,Provisional/Provisoire,,
05EA005,2026-07-28T14:15:00Z,47,3.47,,,Provisional/Provisoire,,
05EA005,2026-07-28T14:20:00Z,47,3.47,,,Provisional/Provisoire,,
05EA005,2026-07-28T14:25:00Z,47,3.47,,,Provisional/Provisoire,,
05EA005,2026-07-28T14:30:00Z,47,3.47,,,Provisional/Provisoire,,
05EA005,2026-07-28T14:35:00Z,47,3.47,,,Provisional/Provisoire,,
05EA005,2026-07-28T14:40:00Z,47,3.47,,,Provisional/Provisoire,,
05EA005,2026-07-28T14:45:00Z,47,3.45,,,Provisional/Provisoire,,
05EA005,2026-07-28T14:50:00Z,47,3.45,,,Provisional/Provisoire,,
05EA005,2026-07-28T14:55:00Z,47,3.45,,,Provisional/Provisoire,,
05EA005,2026-07-28T15:00:00Z,47,3.45,,,Provisional/Provisoire,,
05EA005,2026-07-28T15:05:00Z,47,3.45,,,Provisional/Provisoire,,
05EA005,2026-07-28T15:10:00Z,47,3.45,,,Provisional/Provisoire,,
05EA005,2026-07-28T15:15:00Z,47,3.45,,,Provisional/Provisoire,,
05EA005,2026-07-28T15:20:00Z,47,3.45,,,Provisional/Provisoire,,
05EA005,2026-07-28T15:25:00Z,47,3.45,,,Provisional/Provisoire,,
05EA005,2026-07-28T15:30:00Z,47,3.44,,,Provisional/Provisoire,,
05EA005,2026-07-28T15:35:00Z,47,3.44,,,Provisional/Provisoire,,
05EA005,2026-07-28T15:40:00Z,47,3.44,,,Provisional/Provisoire,,
05EA005,2026-07-28T15:45:00Z,47,3.44,,,Provisional/Provisoire,,
05EA005,2026-07-28T15:50:00Z,47,3.44,,,Provisional/Provisoire,,
05EA005,2026-07-28T15:55:00Z,47,3.44,,,Provisional/Provisoire,,
05EA005,2026-07-28T16:00:00Z,47,3.44,,,Provisional/Provisoire,,
05EA005,2026-07-28T16:05:00Z,47,3.44,,,Provisional/Provisoire,,
05EA005,2026-07-28T16:10:00Z,47,3.42,,,Provisional/Provisoire,,
05EA005,2026-07-28T16:15:00Z,47,3.42,,,Provisional/Provisoire,,
05EA005,2026-07-28T16:20:00Z,47,3.42,,,Provisional/Provisoire,,
05EA005,2026-07-28T16:25:00Z,47,3.42,,,Provisional/Provisoire,,
05EA005,2026-07-28T16:30:00Z,47,3.42,,,Provisional/Provisoire,,
05EA005,2026-07-28T16:35:00Z,47,3.42,,,Provisional/Provisoire,,
05EA005,2026-07-28T16:40:00Z,47,3.40,,,Provisional/Provisoire,,
05EA005,2026-07-28T16:45:00Z,47,3.40,,,Provisional/Provisoire,,
05EA005,2026-07-28T16:50:00Z,47,3.40,,,Provisional/Provisoire,,
05EA005,2026-07-28T16:55:00Z,47,3.40,,,Provisional/Provisoire,,
05EA005,2026-07-28T17:00:00Z,47,3.40,,,Provisional/Provisoire,,
05EA005,2026-07-28T17:05:00Z,47,3.40,,,Provisional/Provisoire,,
05EA005,2026-07-28T17:10:00Z,47,3.39,,,Provisional/Provisoire,,
05EA005,2026-07-28T17:15:00Z,47,3.39,,,Provisional/Provisoire,,
05EA005,2026-07-28T17:20:00Z,47,3.39,,,Provisional/Provisoire,,
05EA005,2026-07-28T17:25:00Z,47,3.39,,,Provisional/Provisoire,,
05EA005,2026-07-28T17:30:00Z,47,3.39,,,Provisional/Provisoire,,
05EA005,2026-07-28T17:35:00Z,47,3.37,,,Provisional/Provisoire,,
05EA005,2026-07-28T17:40:00Z,47,3.37,,,Provisional/Provisoire,,
05EA005,2026-07-28T17:45:00Z,47,3.37,,,Provisional/Provisoire,,
05EA005,2026-07-28T17:50:00Z,47,3.37,,,Provisional/Provisoire,,
05EA005,2026-07-28T17:55:00Z,47,3.37,,,Provisional/Provisoire,,
05EA005,2026-07-28T18:00:00Z,47,3.36,,,Provisional/Provisoire,,
05EA005,2026-07-28T18:05:00Z,47,3.36,,,Provisional/Provisoire,,
05EA005,2026-07-28T18:10:00Z,47,3.36,,,Provisional/Provisoire,,
05EA005,2026-07-28T18:15:00Z,47,3.36,,,Provisional/Provisoire,,
05EA005,2026-07-28T18:20:00Z,47,3.36,,,Provisional/Provisoire,,
05EA005,2026-07-28T18:25:00Z,47,3.36,,,Provisional/Provisoire,,
05EA005,2026-07-28T18:30:00Z,47,3.34,,,Provisional/Provisoire,,
05EA005,2026-07-28T18:35:00Z,47,3.34,,,Provisional/Provisoire,,
05EA005,2026-07-28T18:40:00Z,47,3.34,,,Provisional/Provisoire,,
05EA005,2026-07-28T18:45:00Z,47,3.34,,,Provisional/Provisoire,,
05EA005,2026-07-28T18:50:00Z,47,3.33,,,Provisional/Provisoire,,
05EA005,2026-07-28T18:55:00Z,47,3.33,,,Provisional/Provisoire,,
05EA005,2026-07-28T19:00:00Z,47,3.33,,,Provisional/Provisoire,,
05EA005,2026-07-28T19:05:00Z,47,3.33,,,Provisional/Provisoire,,
05EA005,2026-07-28T19:10:00Z,47,3.33,,,Provisional/Provisoire,,
05EA005,2026-07-28T19:15:00Z,47,3.31,,,Provisional/Provisoire,,
05EA005,2026-07-28T19:20:00Z,47,3.31,,,Provisional/Provisoire,,
05EA005,2026-07-28T19:25:00Z,47,3.31,,,Provisional/Provisoire,,
05EA005,2026-07-28T19:30:00Z,47,3.31,,,Provisional/Provisoire,,
05EA005,2026-07-28T19:35:00Z,47,3.31,,,Provisional/Provisoire,,
05EA005,2026-07-28T19:40:00Z,47,3.30,,,Provisional/Provisoire,,
05EA005,2026-07-28T19:45:00Z,47,3.30,,,Provisional/Provisoire,,
05EA005,2026-07-28T19:50:00Z,47,3.30,,,Provisional/Provisoire,,
05EA005,2026-07-28T19:55:00Z,47,3.30,,,Provisional/Provisoire,,
05EA005,2026-07-28T20:00:00Z,47,3.30,,,Provisional/Provisoire,,
05EA005,2026-07-28T20:05:00Z,47,3.30,,,Provisional/Provisoire,,
05EA005,2026-07-28T20:10:00Z,47,3.28,,,Provisional/Provisoire,,
05EA005,2026-07-28T20:15:00Z,47,3.28,,,Provisional/Provisoire,,
05EA005,2026-07-28T20:20:00Z,47,3.28,,,Provisional/Provisoire,,
05EA005,2026-07-28T20:25:00Z,47,3.28,,,Provisional/Provisoire,,
05EA005,2026-07-28T20:30:00Z,47,3.28,,,Provisional/Provisoire,,
05EA005,2026-07-28T20:35:00Z,47,3.28,,,Provisional/Provisoire,,
05EA005,2026-07-28T20:40:00Z,47,3.27,,,Provisional/Provisoire,,
05EA005,2026-07-28T20:45:00Z,47,3.27,,,Provisional/Provisoire,,
05EA005,2026-07-28T20:50:00Z,47,3.27,,,Provisional/Provisoire,,
05EA005,2026-07-28T20:55:00Z,47,3.27,,,Provisional/Provisoire,,
05EA005,2026-07-28T21:00:00Z,47,3.27,,,Provisional/Provisoire,,
05EA005,2026-07-28T21:05:00Z,47,3.27,,,Provisional/Provisoire,,
05EA005,2026-07-28T21:10:00Z,47,3.27,,,Provisional/Provisoire,,
05EA005,2026-07-28T21:15:00Z,47,3.27,,,Provisional/Provisoire,,
05EA005,2026-07-28T21:20:00Z,47,3.27,,,Provisional/Provisoire,,
05EA005,2026-07-28T21:25:00Z,47,3.27,,,Provisional/Provisoire,,
05EA005,2026-07-28T21:30:00Z,47,3.27,,,Provisional/Provisoire,,
05EA005,2026-07-28T21:35:00Z,47,3.27,,,Provisional/Provisoire,,
05EA005,2026-07-28T21:40:00Z,47,3.25,,,Provisional/Provisoire,,
05EA005,2026-07-28T21:45:00Z,47,3.25,,,Provisional/Provisoire,,
05EA005,2026-07-28T21:50:00Z,47,3.25,,,Provisional/Provisoire,,
05EA005,2026-07-28T21:55:00Z,47,3.25,,,Provisional/Provisoire,,
05EA005,2026-07-28T22:00:00Z,47,3.25,,,Provisional/Provisoire,,
05EA005,2026-07-28T22:05:00Z,47,3.25,,,Provisional/Provisoire,,
05EA005,2026-07-28T22:10:00Z,47,3.25,,,Provisional/Provisoire,,
05EA005,2026-07-28T22:15:00Z,47,3.23,,,Provisional/Provisoire,,
05EA005,2026-07-28T22:20:00Z,47,3.23,,,Provisional/Provisoire,,
05EA005,2026-07-28T22:25:00Z,47,3.23,,,Provisional/Provisoire,,
05EA005,2026-07-28T22:30:00Z,47,3.23,,,Provisional/Provisoire,,
05EA005,2026-07-28T22:35:00Z,47,3.23,,,Provisional/Provisoire,,
05EA005,2026-07-28T22:40:00Z,47,3.23,,,Provisional/Provisoire,,
05EA005,2026-07-28T22:45:00Z,47,3.23,,,Provisional/Provisoire,,
05EA005,2026-07-28T22:50:00Z,47,3.22,,,Provisional/Provisoire,,
05EA005,2026-07-28T22:55:00Z,47,3.22,,,Provisional/Provisoire,,
05EA005,2026-07-28T23:00:00Z,47,3.22,,,Provisional/Provisoire,,
05EA005,2026-07-28T23:05:00Z,47,3.22,,,Provisional/Provisoire,,
05EA005,2026-07-28T23:10:00Z,47,3.22,,,Provisional/Provisoire,,
05EA005,2026-07-28T23:15:00Z,47,3.20,,,Provisional/Provisoire,,
05EA005,2026-07-28T23:20:00Z,47,3.20,,,Provisional/Provisoire,,
05EA005,2026-07-28T23:25:00Z,47,3.20,,,Provisional/Provisoire,,
05EA005,2026-07-28T23:30:00Z,47,3.20,,,Provisional/Provisoire,,
05EA005,2026-07-28T23:35:00Z,47,3.20,,,Provisional/Provisoire,,
05EA005,2026-07-28T23:40:00Z,47,3.20,,,Provisional/Provisoire,,
05EA005,2026-07-28T23:45:00Z,47,3.19,,,Provisional/Provisoire,,
05EA005,2026-07-28T23:50:00Z,47,3.19,,,Provisional/Provisoire,,
05EA005,2026-07-28T23:55:00Z,47,3.19,,,Provisional/Provisoire,,
05EA005,2026-07-29T00:00:00Z,47,3.19,,,Provisional/Provisoire,,
05EA005,2026-07-29T00:05:00Z,47,3.17,,,Provisional/Provisoire,,
05EA005,2026-07-29T00:10:00Z,47,3.17,,,Provisional/Provisoire,,
05EA005,2026-07-29T00:15:00Z,47,3.17,,,Provisional/Provisoire,,
05EA005,2026-07-29T00:20:00Z,47,3.17,,,Provisional/Provisoire,,
05EA005,2026-07-29T00:25:00Z,47,3.17,,,Provisional/Provisoire,,
05EA005,2026-07-29T00:30:00Z,47,3.16,,,Provisional/Provisoire,,
05EA005,2026-07-29T00:35:00Z,47,3.16,,,Provisional/Provisoire,,
05EA005,2026-07-29T00:40:00Z,47,3.16,,,Provisional/Provisoire,,
05EA005,2026-07-29T00:45:00Z,47,3.16,,,Provisional/Provisoire,,
05EA005,2026-07-29T00:50:00Z,47,3.16,,,Provisional/Provisoire,,
05EA005,2026-07-29T00:55:00Z,47,3.14,,,Provisional/Provisoire,,
05EA005,2026-07-29T01:00:00Z,47,3.14,,,Provisional/Provisoire,,
05EA005,2026-07-29T01:05:00Z,47,3.14,,,Provisional/Provisoire,,
05EA005,2026-07-29T01:10:00Z,47,3.14,,,Provisional/Provisoire,,
05EA005,2026-07-29T01:15:00Z,47,3.14,,,Provisional/Provisoire,,
05EA005,2026-07-29T01:20:00Z,47,3.14,,,Provisional/Provisoire,,
05EA005,2026-07-29T01:25:00Z,47,3.14,,,Provisional/Provisoire,,
05EA005,2026-07-29T01:30:00Z,47,3.13,,,Provisional/Provisoire,,
05EA005,2026-07-29T01:35:00Z,47,3.13,,,Provisional/Provisoire,,
05EA005,2026-07-29T01:40:00Z,47,3.13,,,Provisional/Provisoire,,
05EA005,2026-07-29T01:45:00Z,47,3.14,,,Provisional/Provisoire,,
05EA005,2026-07-29T01:50:00Z,47,3.19,,,Provisional/Provisoire,,
05EA005,2026-07-29T01:55:00Z,47,3.23,,,Provisional/Provisoire,,
05EA005,2026-07-29T02:00:00Z,47,3.27,,,Provisional/Provisoire,,
05EA005,2026-07-29T02:05:00Z,47,3.27,,,Provisional/Provisoire,,
05EA005,2026-07-29T02:10:00Z,47,3.27,,,Provisional/Provisoire,,
05EA005,2026-07-29T02:15:00Z,47,3.28,,,Provisional/Provisoire,,
05EA005,2026-07-29T02:20:00Z,47,3.28,,,Provisional/Provisoire,,
05EA005,2026-07-29T02:25:00Z,47,3.28,,,Provisional/Provisoire,,
05EA005,2026-07-29T02:30:00Z,47,3.30,,,Provisional/Provisoire,,
05EA005,2026-07-29T02:35:00Z,47,3.30,,,Provisional/Provisoire,,
05EA005,2026-07-29T02:40:00Z,47,3.30,,,Provisional/Provisoire,,
05EA005,2026-07-29T02:45:00Z,47,3.31,,,Provisional/Provisoire,,
05EA005,2026-07-29T02:50:00Z,47,3.31,,,Provisional/Provisoire,,
05EA005,2026-07-29T02:55:00Z,47,3.31,,,Provisional/Provisoire,,
05EA005,2026-07-29T03:00:00Z,47,3.31,,,Provisional/Provisoire,,
05EA005,2026-07-29T03:05:00Z,47,3.31,,,Provisional/Provisoire,,
05EA005,2026-07-29T03:10:00Z,47,3.33,,,Provisional/Provisoire,,
05EA005,2026-07-29T03:15:00Z,47,3.33,,,Provisional/Provisoire,,
05EA005,2026-07-29T03:20:00Z,47,3.33,,,Provisional/Provisoire,,
05EA005,2026-07-29T03:25:00Z,47,3.33,,,Provisional/Provisoire,,
05EA005,2026-07-29T03:30:00Z,47,3.33,,,Provisional/Provisoire,,
05EA005,2026-07-29T03:35:00Z,47,3.33,,,Provisional/Provisoire,,
05EA005,2026-07-29T03:40:00Z,47,3.33,,,Provisional/Provisoire,,
05EA005,2026-07-29T03:45:00Z,47,3.33,,,Provisional/Provisoire,,
05EA005,2026-07-29T03:50:00Z,47,3.33,,,Provisional/Provisoire,,
05EA005,2026-07-29T03:55:00Z,47,3.33,,,Provisional/Provisoire,,
05EA005,2026-07-29T04:00:00Z,47,3.33,,,Provisional/Provisoire,,
05EA005,2026-07-29T04:05:00Z,47,3.31,,,Provisional/Provisoire,,
05EA005,2026-07-29T04:10:00Z,47,3.31,,,Provisional/Provisoire,,
05EA005,2026-07-29T04:15:00Z,47,3.31,,,Provisional/Provisoire,,
05EA005,2026-07-29T04:20:00Z,47,3.31,,,Provisional/Provisoire,,
05EA005,2026-07-29T04:25:00Z,47,3.30,,,Provisional/Provisoire,,
05EA005,2026-07-29T04:30:00Z,47,3.30,,,Provisional/Provisoire,,
05EA005,2026-07-29T04:35:00Z,47,3.30,,,Provisional/Provisoire,,
05EA005,2026-07-29T04:40:00Z,47,3.30,,,Provisional/Provisoire,,
05EA005,2026-07-29T04:45:00Z,47,3.28,,,Provisional/Provisoire,,
05EA005,2026-07-29T04:50:00Z,47,3.28,,,Provisional/Provisoire,,
05EA005,2026-07-29T04:55:00Z,47,3.28,,,Provisional/Provisoire,,
05EA005,2026-07-29T05:00:00Z,47,3.28,,,Provisional/Provisoire,,
05EA005,2026-07-29T05:05:00Z,47,3.27,,,Provisional/Provisoire,,
05EA005,2026-07-29T05:10:00Z,47,3.27,,,Provisional/Provisoire,,
05EA005,2026-07-29T05:15:00Z,47,3.27,,,Provisional/Provisoire,,
05EA005,2026-07-29T05:20:00Z,47,3.27,,,Provisional/Provisoire,,
05EA005,2026-07-29T05:25:00Z,47,3.27,,,Provisional/Provisoire,,
05EA005,2026-07-29T05:30:00Z,47,3.27,,,Provisional/Provisoire,,
05EA005,2026-07-29T05:35:00Z,47,3.27,,,Provisional/Provisoire,,
05EA005,2026-07-29T05:40:00Z,47,3.27,,,Provisional/Provisoire,,
05EA005,2026-07-29T05:45:00Z,47,3.27,,,Provisional/Provisoire,,
05EA005,2026-07-29T05:50:00Z,47,3.27,,,Provisional/Provisoire,,
05EA005,2026-07-29T05:55:00Z,47,3.27,,,Provisional/Provisoire,,
05EA005,2026-07-29T06:00:00Z,47,3.27,,,Provisional/Provisoire,,
05EA005,2026-07-29T06:05:00Z,47,3.27,,,Provisional/Provisoire,,
05EA005,2026-07-29T06:10:00Z,47,3.27,,,Provisional/Provisoire,,
05EA005,2026-07-29T06:15:00Z,47,3.27,,,Provisional/Provisoire,,
05EA005,2026-07-29T06:20:00Z,47,3.27,,,Provisional/Provisoire,,
05EA005,2026-07-29T06:25:00Z,47,3.27,,,Provisional/Provisoire,,
05EA005,2026-07-29T06:30:00Z,47,3.27,,,Provisional/Provisoire,,
05EA005,2026-07-29T06:35:00Z,47,3.27,,,Provisional/Provisoire,,
05EA005,2026-07-29T06:40:00Z,47,3.28,,,Provisional/Provisoire,,
05EA005,2026-07-29T06:45:00Z,47,3.28,,,Provisional/Provisoire,,
05EA005,2026-07-29T06:50:00Z,47,3.28,,,Provisional/Provisoire,,
05EA005,2026-07-29T06:55:00Z,47,3.28,,,Provisional/Provisoire,,
05EA005,2026-07-29T07:00:00Z,47,3.30,,,Provisional/Provisoire,,
05EA005,2026-07-29T07:05:00Z,47,3.30,,,Provisional/Provisoire,,
05EA005,2026-07-29T07:10:00Z,47,3.30,,,Provisional/Provisoire,,
05EA005,2026-07-29T07:15:00Z,47,3.31,,,Provisional/Provisoire,,
05EA005,2026-07-29T07:20:00Z,47,3.31,,,Provisional/Provisoire,,
05EA005,2026-07-29T07:25:00Z,47,3.33,,,Provisional/Provisoire,,
05EA005,2026-07-29T07:30:00Z,47,3.33,,,Provisional/Provisoire,,
05EA005,2026-07-29T07:35:00Z,47,3.33,,,Provisional/Provisoire,,
05EA005,2026-07-29T07:40:00Z,47,3.34,,,Provisional/Provisoire,,
05EA005,2026-07-29T07:45:00Z,47,3.34,,,Provisional/Provisoire,,
05EA005,2026-07-29T07:50:00Z,47,3.34,,,Provisional/Provisoire,,
05EA005,2026-07-29T07:55:00Z,47,3.36,,,Provisional/Provisoire,,
05EA005,2026-07-29T08:00:00Z,47,3.36,,,Provisional/Provisoire,,
05EA005,2026-07-29T08:05:00Z,47,3.36,,,Provisional/Provisoire,,
05EA005,2026-07-29T08:10:00Z,47,3.37,,,Provisional/Provisoire,,
05EA005,2026-07-29T08:15:00Z,47,3.37,,,Provisional/Provisoire,,
05EA005,2026-07-29T08:20:00Z,47,3.37,,,Provisional/Provisoire,,
05EA005,2026-07-29T08:25:00Z,47,3.39,,,Provisional/Provisoire,,
05EA005,2026-07-29T08:30:00Z,47,3.39,,,Provisional/Provisoire,,
05EA005,2026-07-29T08:35:00Z,47,3.39,,,Provisional/Provisoire,,
05EA005,2026-07-29T08:40:00Z,47,3.39,,,Provisional/Provisoire,,
05EA005,2026-07-29T08:45:00Z,47,3.40,,,Provisional/Provisoire,,
05EA005,2026-07-29T08:50:00Z,47,3.40,,,Provisional/Provisoire,,
05EA005,2026-07-29T08:55:00Z,47,3.40,,,Provisional/Provisoire,,
05EA005,2026-07-29T09:00:00Z,47,3.42,,,Provisional/Provisoire,,
05EA005,2026-07-29T09:05:00Z,47,3.42,,,Provisional/Provisoire,,
05EA005,2026-07-29T09:10:00Z,47,3.42,,,Provisional/Provisoire,,
05EA005,2026-07-29T09:15:00Z,47,3.42,,,Provisional/Provisoire,,
05EA005,2026-07-29T09:20:00Z,47,3.42,,,Provisional/Provisoire,,
05EA005,2026-07-29T09:25:00Z,47,3.44,,,Provisional/Provisoire,,
05EA005,2026-07-29T09:30:00Z,47,3.44,,,Provisional/Provisoire,,
05EA005,2026-07-29T09:35:00Z,47,3.44,,,Provisional/Provisoire,,
05EA005,2026-07-29T09:40:00Z,47,3.44,,,Provisional/Provisoire,,
05EA005,2026-07-29T09:45:00Z,47,3.44,,,Provisional/Provisoire,,
05EA005,2026-07-29T09:50:00Z,47,3.44,,,Provisional/Provisoire,,
05EA005,2026-07-29T09:55:00Z,47,3.44,,,Provisional/Provisoire,,
05EA005,2026-07-29T10:00:00Z,47,3.44,,,Provisional/Provisoire,,
05EA005,2026-07-29T10:05:00Z,47,3.44,,,Provisional/Provisoire,,
05EA005,2026-07-29T10:10:00Z,47,3.44,,,Provisional/Provisoire,,
05EA005,2026-07-29T10:15:00Z,47,3.44,,,Provisional/Provisoire,,
05EA005,2026-07-29T10:20:00Z,47,3.44,,,Provisional/Provisoire,,
05EA005,2026-07-29T10:25:00Z,47,3.44,,,Provisional/Provisoire,,
05EA005,2026-07-29T10:30:00Z,47,3.44,,,Provisional/Provisoire,,
05EA005,2026-07-29T10:35:00Z,47,3.44,,,Provisional/Provisoire,,
05EA005,2026-07-29T10:40:00Z,47,3.44,,,Provisional/Provisoire,,
05EA005,2026-07-29T10:45:00Z,47,3.44,,,Provisional/Provisoire,,
05EA005,2026-07-29T10:50:00Z,47,3.44,,,Provisional/Provisoire,,
05EA005,2026-07-29T10:55:00Z,47,3.44,,,Provisional/Provisoire,,
05EA005,2026-07-29T11:00:00Z,47,3.44,,,Provisional/Provisoire,,
05EA005,2026-07-29T11:05:00Z,47,3.44,,,Provisional/Provisoire,,
05EA005,2026-07-29T11:10:00Z,47,3.42,,,Provisional/Provisoire,,
05EA005,2026-07-29T11:15:00Z,47,3.42,,,Provisional/Provisoire,,
05EA005,2026-07-29T11:20:00Z,47,3.42,,,Provisional/Provisoire,,
05EA005,2026-07-29T11:25:00Z,47,3.42,,,Provisional/Provisoire,,
05EA005,2026-07-29T11:30:00Z,47,3.42,,,Provisional/Provisoire,,
05EA005,2026-07-29T11:35:00Z,47,3.42,,,Provisional/Provisoire,,
05EA005,2026-07-29T11:40:00Z,47,3.42,,,Provisional/Provisoire,,
05EA005,2026-07-29T11:45:00Z,47,3.40,,,Provisional/Provisoire,,
05EA005,2026-07-29T11:50:00Z,47,3.40,,,Provisional/Provisoire,,
05EA005,2026-07-29T11:55:00Z,47,3.40,,,Provisional/Provisoire,,
05EA005,2026-07-29T12:00:00Z,47,3.40,,,Provisional/Provisoire,,
05EA005,2026-07-29T12:05:00Z,47,3.40,,,Provisional/Provisoire,,
05EA005,2026-07-29T12:10:00Z,47,3.39,,,Provisional/Provisoire,,
05EA005,2026-07-29T12:15:00Z,47,3.39,,,Provisional/Provisoire,,
05EA005,2026-07-29T12:20:00Z,47,3.39,,,Provisional/Provisoire,,
05EA005,2026-07-29T12:25:00Z,47,3.39,,,Provisional/Provisoire,,
05EA005,2026-07-29T12:30:00Z,47,3.37,,,Provisional/Provisoire,,
05EA005,2026-07-29T12:35:00Z,47,3.37,,,Provisional/Provisoire,,
05EA005,2026-07-29T12:40:00Z,47,3.37,,,Provisional/Provisoire,,
05EA005,2026-07-29T12:45:00Z,47,3.36,,,Provisional/Provisoire,,
05EA005,2026-07-29T12:50:00Z,47,3.36,,,Provisional/Provisoire,,
05EA005,2026-07-29T12:55:00Z,47,3.36,,,Provisional/Provisoire,,
05EA005,2026-07-29T13:00:00Z,47,3.36,,,Provisional/Provisoire,,
05EA005,2026-07-29T13:05:00Z,47,3.34,,,Provisional/Provisoire,,
05EA005,2026-07-29T13:10:00Z,47,3.34,,,Provisional/Provisoire,,
05EA005,2026-07-29T13:15:00Z,47,3.34,,,Provisional/Provisoire,,
05EA005,2026-07-29T13:20:00Z,47,3.34,,,Provisional/Provisoire,,
05EA005,2026-07-29T13:25:00Z,47,3.33,,,Provisional/Provisoire,,
05EA005,2026-07-29T13:30:00Z,47,3.33,,,Provisional/Provisoire,,
05EA005,2026-07-29T13:35:00Z,47,3.33,,,Provisional/Provisoire,,
05EA005,2026-07-29T13:40:00Z,47,3.31,,,Provisional/Provisoire,,
05EA005,2026-07-29T13:45:00Z,47,3.31,,,Provisional/Provisoire,,
05EA005,2026-07-29T13:50:00Z,47,3.31,,,Provisional/Provisoire,,
05EA005,2026-07-29T13:55:00Z,47,3.30,,,Provisional/Provisoire,,
05EA005,2026-07-29T14:00:00Z,47,3.30,,,Provisional/Provisoire,,
05EA005,2026-07-29T14:05:00Z,47,3.30,,,Provisional/Provisoire,,
05EA005,2026-07-29T14:10:00Z,47,3.28,,,Provisional/Provisoire,,
05EA005,2026-07-29T14:15:00Z,47,3.28,,,Provisional/Provisoire,,
05EA005,2026-07-29T14:20:00Z,47,3.28,,,Provisional/Provisoire,,
05EA005,2026-07-29T14:25:00Z,47,3.27,,,Provisional/Provisoire,,
05EA005,2026-07-29T14:30:00Z,47,3.27,,,Provisional/Provisoire,,
05EA005,2026-07-29T14:35:00Z,47,3.27,,,Provisional/Provisoire,,
05EA005,2026-07-29T14:40:00Z,47,3.27,,,Provisional/Provisoire,,
05EA005,2026-07-29T14:45:00Z,47,3.27,,,Provisional/Provisoire,,
05EA005,2026-07-29T14:50:00Z,47,3.27,,,Provisional/Provisoire,,
05EA005,2026-07-29T14:55:00Z,47,3.25,,,Provisional/Provisoire,,
05EA005,2026-07-29T15:00:00Z,47,3.25,,,Provisional/Provisoire,,
05EA005,2026-07-29T15:05:00Z,47,3.25,,,Provisional/Provisoire,,
05EA005,2026-07-29T15:10:00Z,47,3.23,,,Provisional/Provisoire,,
05EA005,2026-07-29T15:15:00Z,47,3.23,,,Provisional/Provisoire,,
05EA005,2026-07-29T15:20:00Z,47,3.23,,,Provisional/Provisoire,,
05EA005,2026-07-29T15:25:00Z,47,3.22,,,Provisional/Provisoire,,
05EA005,2026-07-29T15:30:00Z,47,3.22,,,Provisional/Provisoire,,
05EA005,2026-07-29T15:35:00Z,47,3.22,,,Provisional/Provisoire,,
05EA005,2026-07-29T15:40:00Z,47,3.20,,,Provisional/Provisoire,,
05EA005,2026-07-29T15:45:00Z,47,3.20,,,Provisional/Provisoire,,
05EA005,2026-07-29T15:50:00Z,47,3.19,,,Provisional/Provisoire,,
05EA005,2026-07-29T15:55:00Z,47,3.19,,,Provisional/Provisoire,,
05EA005,2026-07-29T16:00:00Z,47,3.19,,,Provisional/Provisoire,,
05EA005,2026-07-29T16:05:00Z,47,3.17,,,Provisional/Provisoire,,
05EA005,2026-07-29T16:10:00Z,47,3.17,,,Provisional/Provisoire,,
05EA005,2026-07-29T16:15:00Z,47,3.17,,,Provisional/Provisoire,,
05EA005,2026-07-29T16:20:00Z,47,3.16,,,Provisional/Provisoire,,
05EA005,2026-07-29T16:25:00Z,47,3.16,,,Provisional/Provisoire,,
05EA005,2026-07-29T16:30:00Z,47,3.16,,,Provisional/Provisoire,,
05EA005,2026-07-29T16:35:00Z,47,3.14,,,Provisional/Provisoire,,
05EA005,2026-07-29T16:40:00Z,47,3.14,,,Provisional/Provisoire,,
05EA005,2026-07-29T16:45:00Z,47,3.13,,,Provisional/Provisoire,,
05EA005,2026-07-29T16:50:00Z,47,3.13,,,Provisional/Provisoire,,
05EA005,2026-07-29T16:55:00Z,47,3.13,,,Provisional/Provisoire,,
05EA005,2026-07-29T17:00:00Z,47,3.11,,,Provisional/Provisoire,,
05EA005,2026-07-29T17:05:00Z,47,3.11,,,Provisional/Provisoire,,
05EA005,2026-07-29T17:10:00Z,47,3.11,,,Provisional/Provisoire,,
05EA005,2026-07-29T17:15:00Z,47,3.10,,,Provisional/Provisoire,,
05EA005,2026-07-29T17:20:00Z,47,3.10,,,Provisional/Provisoire,,
05EA005,2026-07-29T17:25:00Z,47,3.10,,,Provisional/Provisoire,,
05EA005,2026-07-29T17:30:00Z,47,3.08,,,Provisional/Provisoire,,
05EA005,2026-07-29T17:35:00Z,47,3.08,,,Provisional/Provisoire,,
05EA005,2026-07-29T17:40:00Z,47,3.07,,,Provisional/Provisoire,,
05EA005,2026-07-29T17:45:00Z,47,3.07,,,Provisional/Provisoire,,
05EA005,2026-07-29T17:50:00Z,47,3.07,,,Provisional/Provisoire,,
05EA005,2026-07-29T17:55:00Z,47,3.05,,,Provisional/Provisoire,,
05EA005,2026-07-29T18:00:00Z,47,3.05,,,Provisional/Provisoire,,
05EA005,2026-07-29T18:05:00Z,47,3.05,,,Provisional/Provisoire,,
05EA005,2026-07-29T18:10:00Z,47,3.04,,,Provisional/Provisoire,,
05EA005,2026-07-29T18:15:00Z,47,3.04,,,Provisional/Provisoire,,
05EA005,2026-07-29T18:20:00Z,47,3.04,,,Provisional/Provisoire,,
05EA005,2026-07-29T18:25:00Z,47,3.04,,,Provisional/Provisoire,,
05EA005,2026-07-29T18:30:00Z,47,3.04,,,Provisional/Provisoire,,
05EA005,2026-07-29T18:35:00Z,47,3.02,,,Provisional/Provisoire,,
05EA005,2026-07-29T18:40:00Z,47,3.02,,,Provisional/Provisoire,,
05EA005,2026-07-29T18:45:00Z,47,3.02,,,Provisional/Provisoire,,
05EA005,2026-07-29T18:50:00Z,47,3.01,,,Provisional/Provisoire,,
05EA005,2026-07-29T18:55:00Z,47,3.01,,,Provisional/Provisoire,,
05EA005,2026-07-29T19:00:00Z,47,3.00,,,Provisional/Provisoire,,
05EA005,2026-07-29T19:05:00Z,47,3.00,,,Provisional/Provisoire,,
05EA005,2026-07-29T19:10:00Z,47,3.00,,,Provisional/Provisoire,,
05EA005,2026-07-29T19:15:00Z,47,2.98,,,Provisional/Provisoire,,
05EA005,2026-07-29T19:20:00Z,47,2.98,,,Provisional/Provisoire,,
05EA005,2026-07-29T19:25:00Z,47,2.98,,,Provisional/Provisoire,,
05EA005,2026-07-29T19:30:00Z,47,2.97,,,Provisional/Provisoire,,
05EA005,2026-07-29T19:35:00Z,47,2.97,,,Provisional/Provisoire,,
05EA005,2026-07-29T19:40:00Z,47,2.95,,,Provisional/Provisoire,,
05EA005,2026-07-29T19:45:00Z,47,2.95,,,Provisional/Provisoire,,
05EA005,2026-07-29T19:50:00Z,47,2.95,,,Provisional/Provisoire,,
05EA005,2026-07-29T19:55:00Z,47,2.94,,,Provisional/Provisoire,,
05EA005,2026-07-29T20:00:00Z,47,2.94,,,Provisional/Provisoire,,
05EA005,2026-07-29T20:05:00Z,47,2.94,,,Provisional/Provisoire,,
05EA005,2026-07-29T20:10:00Z,47,2.92,,,Provisional/Provisoire,,
05EA005,2026-07-29T20:15:00Z,47,2.92,,,Provisional/Provisoire,,
05EA005,2026-07-29T20:20:00Z,47,2.92,,,Provisional/Provisoire,,
05EA005,2026-07-29T20:25:00Z,47,2.91,,,Provisional/Provisoire,,
05EA005,2026-07-29T20:30:00Z,47,2.91,,,Provisional/Provisoire,,
05EA005,2026-07-29T20:35:00Z,47,2.91,,,Provisional/Provisoire,,
05EA005,2026-07-29T20:40:00Z,47,2.89,,,Provisional/Provisoire,,
05EA005,2026-07-29T20:45:00Z,47,2.89,,,Provisional/Provisoire,,
05EA005,2026-07-29T20:50:00Z,47,2.88,,,Provisional/Provisoire,,
05EA005,2026-07-29T20:55:00Z,47,2.88,,,Provisional/Provisoire,,
05EA005,2026-07-29T21:00:00Z,47,2.88,,,Provisional/Provisoire,,
05EA005,2026-07-29T21:05:00Z,47,2.87,,,Provisional/Provisoire,,
05EA005,2026-07-29T21:10:00Z,47,2.87,,,Provisional/Provisoire,,
05EA005,2026-07-29T21:15:00Z,47,2.87,,,Provisional/Provisoire,,
05EA005,2026-07-29T21:20:00Z,47,2.85,,,Provisional/Provisoire,,
05EA005,2026-07-29T21:25:00Z,47,2.85,,,Provisional/Provisoire,,
05EA005,2026-07-29T21:30:00Z,47,2.85,,,Provisional/Provisoire,,
05EA005,2026-07-29T21:35:00Z,47,2.84,,,Provisional/Provisoire,,
05EA005,2026-07-29T21:40:00Z,47,2.84,,,Provisional/Provisoire,,
05EA005,2026-07-29T21:45:00Z,47,2.84,,,Provisional/Provisoire,,
05EA005,2026-07-29T21:50:00Z,47,2.82,,,Provisional/Provisoire,,
05EA005,2026-07-29T21:55:00Z,47,2.82,,,Provisional/Provisoire,,
05EA005,2026-07-29T22:00:00Z,47,2.82,,,Provisional/Provisoire,,
05EA005,2026-07-29T22:05:00Z,47,2.82,,,Provisional/Provisoire,,
05EA005,2026-07-29T22:10:00Z,47,2.82,,,Provisional/Provisoire,,
05EA005,2026-07-29T22:15:00Z,47,2.82,,,Provisional/Provisoire,,
05EA005,2026-07-29T22:20:00Z,47,2.81,,,Provisional/Provisoire,,
05EA005,2026-07-29T22:25:00Z,47,2.81,,,Provisional/Provisoire,,
05EA005,2026-07-29T22:30:00Z,47,2.79,,,Provisional/Provisoire,,
05EA005,2026-07-29T22:35:00Z,47,2.79,,,Provisional/Provisoire,,
05EA005,2026-07-29T22:40:00Z,47,2.78,,,Provisional/Provisoire,,
05EA005,2026-07-29T22:45:00Z,47,2.78,,,Provisional/Provisoire,,
05EA005,2026-07-29T22:50:00Z,47,2.78,,,Provisional/Provisoire,,
05EA005,2026-07-29T22:55:00Z,47,2.77,,,Provisional/Provisoire,,
05EA005,2026-07-29T23:00:00Z,47,2.77,,,Provisional/Provisoire,,
05EA005,2026-07-29T23:05:00Z,47,2.77,,,Provisional/Provisoire,,
05EA005,2026-07-29T23:10:00Z,47,2.75,,,Provisional/Provisoire,,
05EA005,2026-07-29T23:15:00Z,47,2.75,,,Provisional/Provisoire,,
05EA005,2026-07-29T23:20:00Z,47,2.74,,,Provisional/Provisoire,,
05EA005,2026-07-29T23:25:00Z,47,2.74,,,Provisional/Provisoire,,
05EA005,2026-07-29T23:30:00Z,47,2.74,,,Provisional/Provisoire,,
05EA005,2026-07-29T23:35:00Z,47,2.72,,,Provisional/Provisoire,,
05EA005,2026-07-29T23:40:00Z,47,2.72,,,Provisional/Provisoire,,
05EA005,2026-07-29T23:45:00Z,47,2.72,,,Provisional/Provisoire,,
05EA005,2026-07-29T23:50:00Z,47,2.71,,,Provisional/Provisoire,,
05EA005,2026-07-29T23:55:00Z,47,2.71,,,Provisional/Provisoire,,
05EA005,2026-07-30T00:00:00Z,47,2.70,,,Provisional/Provisoire,,
05EA005,2026-07-30T00:05:00Z,47,2.70,,,Provisional/Provisoire,,
05EA005,2026-07-30T00:10:00Z,47,2.70,,,Provisional/Provisoire,,
05EA005,2026-07-30T00:15:00Z,47,2.68,,,Provisional/Provisoire,,
05EA005,2026-07-30T00:20:00Z,47,2.68,,,Provisional/Provisoire,,
05EA005,2026-07-30T00:25:00Z,47,2.68,,,Provisional/Provisoire,,
05EA005,2026-07-30T00:30:00Z,47,2.67,,,Provisional/Provisoire,,
05EA005,2026-07-30T00:35:00Z,47,2.67,,,Provisional/Provisoire,,
05EA005,2026-07-30T00:40:00Z,47,2.67,,,Provisional/Provisoire,,
05EA005,2026-07-30T00:45:00Z,47,2.66,,,Provisional/Provisoire,,
05EA005,2026-07-30T00:50:00Z,47,2.66,,,Provisional/Provisoire,,
05EA005,2026-07-30T00:55:00Z,47,2.64,,,Provisional/Provisoire,,
05EA005,2026-07-30T01:00:00Z,47,2.64,,,Provisional/Provisoire,,
05EA005,2026-07-30T01:05:00Z,47,2.64,,,Provisional/Provisoire,,
05EA005,2026-07-30T01:10:00Z,47,2.63,,,Provisional/Provisoire,,
05EA005,2026-07-30T01:15:00Z,47,2.63,,,Provisional/Provisoire,,
05EA005,2026-07-30T01:20:00Z,47,2.63,,,Provisional/Provisoire,,
05EA005,2026-07-30T01:25:00Z,47,2.61,,,Provisional/Provisoire,,
05EA005,2026-07-30T01:30:00Z,47,2.61,,,Provisional/Provisoire,,
05EA005,2026-07-30T01:35:00Z,47,2.61,,,Provisional/Provisoire,,
05EA005,2026-07-30T01:40:00Z,47,2.61,,,Provisional/Provisoire,,
05EA005,2026-07-30T01:45:00Z,47,2.61,,,Provisional/Provisoire,,
05EA005,2026-07-30T01:50:00Z,47,2.61,,,Provisional/Provisoire,,
05EA005,2026-07-30T01:55:00Z,47,2.60,,,Provisional/Provisoire,,
05EA005,2026-07-30T02:00:00Z,47,2.60,,,Provisional/Provisoire,,
05EA005,2026-07-30T02:05:00Z,47,2.60,,,Provisional/Provisoire,,
05EA005,2026-07-30T02:10:00Z,47,2.59,,,Provisional/Provisoire,,
05EA005,2026-07-30T02:15:00Z,47,2.59,,,Provisional/Provisoire,,
05EA005,2026-07-30T02:20:00Z,47,2.59,,,Provisional/Provisoire,,
05EA005,2026-07-30T02:25:00Z,47,2.57,,,Provisional/Provisoire,,
05EA005,2026-07-30T02:30:00Z,47,2.57,,,Provisional/Provisoire,,
05EA005,2026-07-30T02:35:00Z,47,2.57,,,Provisional/Provisoire,,
05EA005,2026-07-30T02:40:00Z,47,2.56,,,Provisional/Provisoire,,
05EA005,2026-07-30T02:45:00Z,47,2.56,,,Provisional/Provisoire,,
05EA005,2026-07-30T02:50:00Z,47,2.55,,,Provisional/Provisoire,,
05EA005,2026-07-30T02:55:00Z,47,2.55,,,Provisional/Provisoire,,
05EA005,2026-07-30T03:00:00Z,47,2.55,,,Provisional/Provisoire,,
05EA005,2026-07-30T03:05:00Z,47,2.53,,,Provisional/Provisoire,,
05EA005,2026-07-30T03:10:00Z,47,2.53,,,Provisional/Provisoire,,
05EA005,2026-07-30T03:15:00Z,47,2.53,,,Provisional/Provisoire,,
05EA005,2026-07-30T03:20:00Z,47,2.53,,,Provisional/Provisoire,,
05EA005,2026-07-30T03:25:00Z,47,2.52,,,Provisional/Provisoire,,
05EA005,2026-07-30T03:30:00Z,47,2.52,,,Provisional/Provisoire,,
05EA005,2026-07-30T03:35:00Z,47,2.52,,,Provisional/Provisoire,,
05EA005,2026-07-30T03:40:00Z,47,2.51,,,Provisional/Provisoire,,
05EA005,2026-07-30T03:45:00Z,47,2.51,,,Provisional/Provisoire,,
05EA005,2026-07-30T03:50:00Z,47,2.49,,,Provisional/Provisoire,,
05EA005,2026-07-30T03:55:00Z,47,2.49,,,Provisional/Provisoire,,
05EA005,2026-07-30T04:00:00Z,47,2.49,,,Provisional/Provisoire,,
05EA005,2026-07-30T04:05:00Z,47,2.49,,,Provisional/Provisoire,,
05EA005,2026-07-30T04:10:00Z,47,2.48,,,Provisional/Provisoire,,
05EA005,2026-07-30T04:15:00Z,47,2.48,,,Provisional/Provisoire,,
05EA005,2026-07-30T04:20:00Z,47,2.47,,,Provisional/Provisoire,,
05EA005,2026-07-30T04:25:00Z,47,2.47,,,Provisional/Provisoire,,
05EA005,2026-07-30T04:30:00Z,47,2.47,,,Provisional/Provisoire,,
05EA005,2026-07-30T04:35:00Z,47,2.45,,,Provisional/Provisoire,,
05EA005,2026-07-30T04:40:00Z,47,2.45,,,Provisional/Provisoire,,
05EA005,2026-07-30T04:45:00Z,47,2.45,,,Provisional/Provisoire,,
05EA005,2026-07-30T04:50:00Z,47,2.44,,,Provisional/Provisoire,,
05EA005,2026-07-30T04:55:00Z,47,2.44,,,Provisional/Provisoire,,
05EA005,2026-07-30T05:00:00Z,47,2.44,,,Provisional/Provisoire,,
05EA005,2026-07-30T05:05:00Z,47,2.43,,,Provisional/Provisoire,,
05EA005,2026-07-30T05:10:00Z,47,2.43,,,Provisional/Provisoire,,
05EA005,2026-07-30T05:15:00Z,47,2.43,,,Provisional/Provisoire,,
05EA005,2026-07-30T05:20:00Z,47,2.43,,,Provisional/Provisoire,,
05EA005,2026-07-30T05:25:00Z,47,2.41,,,Provisional/Provisoire,,
05EA005,2026-07-30T05:30:00Z,47,2.41,,,Provisional/Provisoire,,
05EA005,2026-07-30T05:35:00Z,47,2.41,,,Provisional/Provisoire,,
05EA005,2026-07-30T05:40:00Z,47,2.41,,,Provisional/Provisoire,,
05EA005,2026-07-30T05:45:00Z,47,2.41,,,Provisional/Provisoire,,
05EA005,2026-07-30T05:50:00Z,47,2.41,,,Provisional/Provisoire,,
05EA005,2026-07-30T05:55:00Z,47,2.40,,,Provisional/Provisoire,,
05EA005,2026-07-30T06:00:00Z,47,2.40,,,Provisional/Provisoire,,
05EA005,2026-07-30T06:05:00Z,47,2.40,,,Provisional/Provisoire,,
05EA005,2026-07-30T06:10:00Z,47,2.40,,,Provisional/Provisoire,,
05EA005,2026-07-30T06:15:00Z,47,2.39,,,Provisional/Provisoire,,
05EA005,2026-07-30T06:20:00Z,47,2.39,,,Provisional/Provisoire,,
05EA005,2026-07-30T06:25:00Z,47,2.39,,,Provisional/Provisoire,,
05EA005,2026-07-30T06:30:00Z,47,2.38,,,Provisional/Provisoire,,
05EA005,2026-07-30T06:35:00Z,47,2.38,,,Provisional/Provisoire,,
05EA005,2026-07-30T06:40:00Z,47,2.38,,,Provisional/Provisoire,,
05EA005,2026-07-30T06:45:00Z,47,2.36,,,Provisional/Provisoire,,
05EA005,2026-07-30T06:50:00Z,47,2.36,,,Provisional/Provisoire,,
05EA005,2026-07-30T06:55:00Z,47,2.36,,,Provisional/Provisoire,,
05EA005,2026-07-30T07:00:00Z,47,2.35,,,Provisional/Provisoire,,
05EA005,2026-07-30T07:05:00Z,47,2.35,,,Provisional/Provisoire,,
05EA005,2026-07-30T07:10:00Z,47,2.35,,,Provisional/Provisoire,,
05EA005,2026-07-30T07:15:00Z,47,2.34,,,Provisional/Provisoire,,
05EA005,2026-07-30T07:20:00Z,47,2.34,,,Provisional/Provisoire,,
05EA005,2026-07-30T07:25:00Z,47,2.34,,,Provisional/Provisoire,,
05EA005,2026-07-30T07:30:00Z,47,2.34,,,Provisional/Provisoire,,
05EA005,2026-07-30T07:35:00Z,47,2.32,,,Provisional/Provisoire,,
05EA005,2026-07-30T07:40:00Z,47,2.32,,,Provisional/Provisoire,,
05EA005,2026-07-30T07:45:00Z,47,2.31,,,Provisional/Provisoire,,
05EA005,2026-07-30T07:50:00Z,47,2.31,,,Provisional/Provisoire,,
05EA005,2026-07-30T07:55:00Z,47,2.31,,,Provisional/Provisoire,,
05EA005,2026-07-30T08:00:00Z,47,2.31,,,Provisional/Provisoire,,
05EA005,2026-07-30T08:05:00Z,47,2.30,,,Provisional/Provisoire,,
05EA005,2026-07-30T08:10:00Z,47,2.30,,,Provisional/Provisoire,,
05EA005,2026-07-30T08:15:00Z,47,2.30,,,Provisional/Provisoire,,
05EA005,2026-07-30T08:20:00Z,47,2.29,,,Provisional/Provisoire,,
05EA005,2026-07-30T08:25:00Z,47,2.29,,,Provisional/Provisoire,,
05EA005,2026-07-30T08:30:00Z,47,2.29,,,Provisional/Provisoire,,
05EA005,2026-07-30T08:35:00Z,47,2.29,,,Provisional/Provisoire,,
05EA005,2026-07-30T08:40:00Z,47,2.27,,,Provisional/Provisoire,,
05EA005,2026-07-30T08:45:00Z,47,2.27,,,Provisional/Provisoire,,
05EA005,2026-07-30T08:50:00Z,47,2.27,,,Provisional/Provisoire,,
05EA005,2026-07-30T08:55:00Z,47,2.26,,,Provisional/Provisoire,,
05EA005,2026-07-30T09:00:00Z,47,2.26,,,Provisional/Provisoire,,
05EA005,2026-07-30T09:05:00Z,47,2.26,,,Provisional/Provisoire,,
05EA005,2026-07-30T09:10:00Z,47,2.25,,,Provisional/Provisoire,,
05EA005,2026-07-30T09:15:00Z,47,2.25,,,Provisional/Provisoire,,
05EA005,2026-07-30T09:20:00Z,47,2.25,,,Provisional/Provisoire,,
05EA005,2026-07-30T09:25:00Z,47,2.24,,,Provisional/Provisoire,,
05EA005,2026-07-30T09:30:00Z,47,2.24,,,Provisional/Provisoire,,
05EA005,2026-07-30T09:35:00Z,47,2.24,,,Provisional/Provisoire,,
05EA005,2026-07-30T09:40:00Z,47,2.24,,,Provisional/Provisoire,,
05EA005,2026-07-30T09:45:00Z,47,2.22,,,Provisional/Provisoire,,
05EA005,2026-07-30T09:50:00Z,47,2.22,,,Provisional/Provisoire,,
05EA005,2026-07-30T09:55:00Z,47,2.22,,,Provisional/Provisoire,,
05EA005,2026-07-30T10:00:00Z,47,2.22,,,Provisional/Provisoire,,
05EA005,2026-07-30T10:05:00Z,47,2.22,,,Provisional/Provisoire,,
05EA005,2026-07-30T10:10:00Z,47,2.22,,,Provisional/Provisoire,,
05EA005,2026-07-30T10:15:00Z,47,2.22,,,Provisional/Provisoire,,
05EA005,2026-07-30T10:20:00Z,47,2.21,,,Provisional/Provisoire,,
05EA005,2026-07-30T10:25:00Z,47,2.21,,,Provisional/Provisoire,,
05EA005,2026-07-30T10:30:00Z,47,2.21,,,Provisional/Provisoire,,
05EA005,2026-07-30T10:35:00Z,47,2.20,,,Provisional/Provisoire,,
05EA005,2026-07-30T10:40:00Z,47,2.20,,,Provisional/Provisoire,,
05EA005,2026-07-30T10:45:00Z,47,2.20,,,Provisional/Provisoire,,
05EA005,2026-07-30T10:50:00Z,47,2.19,,,Provisional/Provisoire,,
05EA005,2026-07-30T10:55:00Z,47,2.19,,,Provisional/Provisoire,,
05EA005,2026-07-30T11:00:00Z,47,2.19,,,Provisional/Provisoire,,
05EA005,2026-07-30T11:05:00Z,47,2.19,,,Provisional/Provisoire,,
05EA005,2026-07-30T11:10:00Z,47,2.17,,,Provisional/Provisoire,,
05EA005,2026-07-30T11:15:00Z,47,2.17,,,Provisional/Provisoire,,
05EA005,2026-07-30T11:20:00Z,47,2.17,,,Provisional/Provisoire,,
05EA005,2026-07-30T11:25:00Z,47,2.16,,,Provisional/Provisoire,,
05EA005,2026-07-30T11:30:00Z,47,2.16,,,Provisional/Provisoire,,
05EA005,2026-07-30T11:35:00Z,47,2.16,,,Provisional/Provisoire,,
05EA005,2026-07-30T11:40:00Z,47,2.15,,,Provisional/Provisoire,,
05EA005,2026-07-30T11:45:00Z,47,2.15,,,Provisional/Provisoire,,
05EA005,2026-07-30T11:50:00Z,47,2.15,,,Provisional/Provisoire,,
05EA005,2026-07-30T11:55:00Z,47,2.14,,,Provisional/Provisoire,,
05EA005,2026-07-30T12:00:00Z,47,2.14,,,Provisional/Provisoire,,
05EA005,2026-07-30T12:05:00Z,47,2.14,,,Provisional/Provisoire,,
05EA005,2026-07-30T12:10:00Z,47,2.14,,,Provisional/Provisoire,,
05EA005,2026-07-30T12:15:00Z,47,2.12,,,Provisional/Provisoire,,
05EA005,2026-07-30T12:20:00Z,47,2.12,,,Provisional/Provisoire,,
05EA005,2026-07-30T12:25:00Z,47,2.12,,,Provisional/Provisoire,,
05EA005,2026-07-30T12:30:00Z,47,2.11,,,Provisional/Provisoire,,
05EA005,2026-07-30T12:35:00Z,47,2.11,,,Provisional/Provisoire,,
05EA005,2026-07-30T12:40:00Z,47,2.11,,,Provisional/Provisoire,,
05EA005,2026-07-30T12:45:00Z,47,2.11,,,Provisional/Provisoire,,
05EA005,2026-07-30T12:50:00Z,47,2.10,,,Provisional/Provisoire,,
05EA005,2026-07-30T12:55:00Z,47,2.10,,,Provisional/Provisoire,,
05EA005,2026-07-30T13:00:00Z,47,2.10,,,Provisional/Provisoire,,
05EA005,2026-07-30T13:05:00Z,47,2.09,,,Provisional/Provisoire,,
05EA005,2026-07-30T13:10:00Z,47,2.09,,,Provisional/Provisoire,,
05EA005,2026-07-30T13:15:00Z,47,2.09,,,Provisional/Provisoire,,
05EA005,2026-07-30T13:20:00Z,47,2.08,,,Provisional/Provisoire,,
05EA005,2026-07-30T13:25:00Z,47,2.08,,,Provisional/Provisoire,,
05EA005,2026-07-30T13:30:00Z,47,2.08,,,Provisional/Provisoire,,
05EA005,2026-07-30T13:35:00Z,47,2.08,,,Provisional/Provisoire,,
05EA005,2026-07-30T13:40:00Z,47,2.06,,,Provisional/Provisoire,,
05EA005,2026-07-30T13:45:00Z,47,2.06,,,Provisional/Provisoire,,
05EA005,2026-07-30T13:50:00Z,47,2.06,,,Provisional/Provisoire,,
05EA005,2026-07-30T13:55:00Z,47,2.05,,,Provisional/Provisoire,,
05EA005,2026-07-30T14:00:00Z,47,2.05,,,Provisional/Provisoire,,
05EA005,2026-07-30T14:05:00Z,47,2.05,,,Provisional/Provisoire,,
05EA005,2026-07-30T14:10:00Z,47,2.05,,,Provisional/Provisoire,,
05EA005,2026-07-30T14:15:00Z,47,2.04,,,Provisional/Provisoire,,
05EA005,2026-07-30T14:20:00Z,47,2.04,,,Provisional/Provisoire,,
05EA005,2026-07-30T14:25:00Z,47,2.04,,,Provisional/Provisoire,,
05EA005,2026-07-30T14:30:00Z,47,2.04,,,Provisional/Provisoire,,
05EA005,2026-07-30T14:35:00Z,47,2.04,,,Provisional/Provisoire,,
05EA005,2026-07-30T14:40:00Z,47,2.04,,,Provisional/Provisoire,,
05EA005,2026-07-30T14:45:00Z,47,2.04,,,Provisional/Provisoire,,
05EA005,2026-07-30T14:50:00Z,47,2.04,,,Provisional/Provisoire,,
05EA005,2026-07-30T14:55:00Z,47,2.03,,,Provisional/Provisoire,,
05EA005,2026-07-30T15:00:00Z,47,2.03,,,Provisional/Provisoire,,
05EA005,2026-07-30T15:05:00Z,47,2.03,,,Provisional/Provisoire,,
05EA005,2026-07-30T15:10:00Z,47,2.03,,,Provisional/Provisoire,,
05EA005,2026-07-30T15:15:00Z,47,2.02,,,Provisional/Provisoire,,
05EA005,2026-07-30T15:20:00Z,47,2.02,,,Provisional/Provisoire,,
05EA005,2026-07-30T15:25:00Z,47,2.02,,,Provisional/Provisoire,,
05EA005,2026-07-30T15:30:00Z,47,2.02,,,Provisional/Provisoire,,
05EA005,2026-07-30T15:35:00Z,47,2.00,,,Provisional/Provisoire,,
05EA005,2026-07-30T15:40:00Z,47,2.00,,,Provisional/Provisoire,,
05EA005,2026-07-30T15:45:00Z,47,2.00,,,Provisional/Provisoire,,
05EA005,2026-07-30T15:50:00Z,47,2.00,,,Provisional/Provisoire,,
05EA005,2026-07-30T15:55:00Z,47,1.99,,,Provisional/Provisoire,,
05EA005,2026-07-30T16:00:00Z,47,1.99,,,Provisional/Provisoire,,
05EA005,2026-07-30T16:05:00Z,47,1.99,,,Provisional/Provisoire,,
05EA005,2026-07-30T16:10:00Z,47,1.99,,,Provisional/Provisoire,,
05EA005,2026-07-30T16:15:00Z,47,1.99,,,Provisional/Provisoire,,
05EA005,2026-07-30T16:20:00Z,47,1.98,,,Provisional/Provisoire,,
05EA005,2026-07-30T16:25:00Z,47,1.98,,,Provisional/Provisoire,,
05EA005,2026-07-30T16:30:00Z,47,1.98,,,Provisional/Provisoire,,
05EA005,2026-07-30T16:35:00Z,47,1.98,,,Provisional/Provisoire,,
05EA005,2026-07-30T16:40:00Z,47,1.97,,,Provisional/Provisoire,,
05EA005,2026-07-30T16:45:00Z,47,1.97,,,Provisional/Provisoire,,
05EA005,2026-07-30T16:50:00Z,47,1.97,,,Provisional/Provisoire,,
05EA005,2026-07-30T16:55:00Z,47,1.97,,,Provisional/Provisoire,,
05EA005,2026-07-30T17:00:00Z,47,1.96,,,Provisional/Provisoire,,
05EA005,2026-07-30T17:05:00Z,47,1.96,,,Provisional/Provisoire,,
05EA005,2026-07-30T17:10:00Z,47,1.96,,,Provisional/Provisoire,,
05EA005,2026-07-30T17:15:00Z,47,1.96,,,Provisional/Provisoire,,
05EA005,2026-07-30T17:20:00Z,47,1.95,,,Provisional/Provisoire,,
05EA005,2026-07-30T17:25:00Z,47,1.95,,,Provisional/Provisoire,,
05EA005,2026-07-30T17:30:00Z,47,1.95,,,Provisional/Provisoire,,
05EA005,2026-07-30T17:35:00Z,47,1.95,,,Provisional/Provisoire,,
05EA005,2026-07-30T17:40:00Z,47,1.93,,,Provisional/Provisoire,,
05EA005,2026-07-30T17:45:00Z,47,1.93,,,Provisional/Provisoire,,
05EA005,2026-07-30T17:50:00Z,47,1.93,,,Provisional/Provisoire,,
05EA005,2026-07-30T17:55:00Z,47,1.93,,,Provisional/Provisoire,,
05EA005,2026-07-30T18:00:00Z,47,1.92,,,Provisional/Provisoire,,
05EA005,2026-07-30T18:05:00Z,47,1.92,,,Provisional/Provisoire,,
05EA005,2026-07-30T18:10:00Z,47,1.92,,,Provisional/Provisoire,,
05EA005,2026-07-30T18:15:00Z,47,1.92,,,Provisional/Provisoire,,
05EA005,2026-07-30T18:20:00Z,47,1.91,,,Provisional/Provisoire,,
05EA005,2026-07-30T18:25:00Z,47,1.91,,,Provisional/Provisoire,,
05EA005,2026-07-30T18:30:00Z,47,1.91,,,Provisional/Provisoire,,
05EA005,2026-07-30T18:35:00Z,47,1.90,,,Provisional/Provisoire,,
05EA005,2026-07-30T18:40:00Z,47,1.90,,,Provisional/Provisoire,,
05EA005,2026-07-30T18:45:00Z,47,1.90,,,Provisional/Provisoire,,
05EA005,2026-07-30T18:50:00Z,47,1.90,,,Provisional/Provisoire,,
05EA005,2026-07-30T18:55:00Z,47,1.89,,,Provisional/Provisoire,,
05EA005,2026-07-30T19:00:00Z,47,1.89,,,Provisional/Provisoire,,
05EA005,2026-07-30T19:05:00Z,47,1.89,,,Provisional/Provisoire,,
05EA005,2026-07-30T19:10:00Z,47,1.88,,,Provisional/Provisoire,,
05EA005,2026-07-30T19:15:00Z,47,1.88,,,Provisional/Provisoire,,
05EA005,2026-07-30T19:20:00Z,47,1.88,,,Provisional/Provisoire,,
05EA005,2026-07-30T19:25:00Z,47,1.88,,,Provisional/Provisoire,,
05EA005,2026-07-30T19:30:00Z,47,1.88,,,Provisional/Provisoire,,
05EA005,2026-07-30T19:35:00Z,47,1.87,,,Provisional/Provisoire,,
05EA005,2026-07-30T19:40:00Z,47,1.87,,,Provisional/Provisoire,,
05EA005,2026-07-30T19:45:00Z,47,1.87,,,Provisional/Provisoire,,
05EA005,2026-07-30T19:50:00Z,47,1.87,,,Provisional/Provisoire,,
05EA005,2026-07-30T19:55:00Z,47,1.87,,,Provisional/Provisoire,,
05EA005,2026-07-30T20:00:00Z,47,1.87,,,Provisional/Provisoire,,
05EA005,2026-07-30T20:05:00Z,47,1.87,,,Provisional/Provisoire,,
05EA005,2026-07-30T20:10:00Z,47,1.87,,,Provisional/Provisoire,,
05EA005,2026-07-30T20:15:00Z,47,1.85,,,Provisional/Provisoire,,
05EA005,2026-07-30T20:20:00Z,47,1.85,,,Provisional/Provisoire,,
05EA005,2026-07-30T20:25:00Z,47,1.85,,,Provisional/Provisoire,,
05EA005,2026-07-30T20:30:00Z,47,1.85,,,Provisional/Provisoire,,
05EA005,2026-07-30T20:35:00Z,47,1.84,,,Provisional/Provisoire,,
05EA005,2026-07-30T20:40:00Z,47,1.84,,,Provisional/Provisoire,,
05EA005,2026-07-30T20:45:00Z,47,1.84,,,Provisional/Provisoire,,
05EA005,2026-07-30T20:50:00Z,47,1.84,,,Provisional/Provisoire,,
05EA005,2026-07-30T20:55:00Z,47,1.84,,,Provisional/Provisoire,,
05EA005,2026-07-30T21:00:00Z,47,1.83,,,Provisional/Provisoire,,
05EA005,2026-07-30T21:05:00Z,47,1.83,,,Provisional/Provisoire,,
05EA005,2026-07-30T21:10:00Z,47,1.83,,,Provisional/Provisoire,,
05EA005,2026-07-30T21:15:00Z,47,1.83,,,Provisional/Provisoire,,
05EA005,2026-07-30T21:20:00Z,47,1.82,,,Provisional/Provisoire,,
05EA005,2026-07-30T21:25:00Z,47,1.82,,,Provisional/Provisoire,,
05EA005,2026-07-30T21:30:00Z,47,1.82,,,Provisional/Provisoire,,
05EA005,2026-07-30T21:35:00Z,47,1.82,,,Provisional/Provisoire,,
05EA005,2026-07-30T21:40:00Z,47,1.82,,,Provisional/Provisoire,,
05EA005,2026-07-30T21:45:00Z,47,1.81,,,Provisional/Provisoire,,
05EA005,2026-07-30T21:50:00Z,47,1.81,,,Provisional/Provisoire,,
05EA005,2026-07-30T21:55:00Z,47,1.81,,,Provisional/Provisoire,,
05EA005,2026-07-30T22:00:00Z,47,1.80,,,Provisional/Provisoire,,
05EA005,2026-07-30T22:05:00Z,47,1.80,,,Provisional/Provisoire,,
05EA005,2026-07-30T22:10:00Z,47,1.80,,,Provisional/Provisoire,,
05EA005,2026-07-30T22:15:00Z,47,1.80,,,Provisional/Provisoire,,
05EA005,2026-07-30T22:20:00Z,47,1.79,,,Provisional/Provisoire,,
05EA005,2026-07-30T22:25:00Z,47,1.79,,,Provisional/Provisoire,,
05EA005,2026-07-30T22:30:00Z,47,1.79,,,Provisional/Provisoire,,
05EA005,2026-07-30T22:35:00Z,47,1.79,,,Provisional/Provisoire,,
05EA005,2026-07-30T22:40:00Z,47,1.78,,,Provisional/Provisoire,,
05EA005,2026-07-30T22:45:00Z,47,1.78,,,Provisional/Provisoire,,
05EA005,2026-07-30T22:50:00Z,47,1.78,,,Provisional/Provisoire,,
05EA005,2026-07-30T22:55:00Z,47,1.78,,,Provisional/Provisoire,,
05EA005,2026-07-30T23:00:00Z,47,1.78,,,Provisional/Provisoire,,
05EA005,2026-07-30T23:05:00Z,47,1.78,,,Provisional/Provisoire,,
05EA005,2026-07-30T23:10:00Z,47,1.76,,,Provisional/Provisoire,,
05EA005,2026-07-30T23:15:00Z,47,1.76,,,Provisional/Provisoire,,
05EA005,2026-07-30T23:20:00Z,47,1.76,,,Provisional/Provisoire,,
05EA005,2026-07-30T23:25:00Z,47,1.76,,,Provisional/Provisoire,,
05EA005,2026-07-30T23:30:00Z,47,1.75,,,Provisional/Provisoire,,
05EA005,2026-07-30T23:35:00Z,47,1.75,,,Provisional/Provisoire,,
05EA005,2026-07-30T23:40:00Z,47,1.75,,,Provisional/Provisoire,,
05EA005,2026-07-30T23:45:00Z,47,1.75,,,Provisional/Provisoire,,
05EA005,2026-07-30T23:50:00Z,47,1.74,,,Provisional/Provisoire,,
05EA005,2026-07-30T23:55:00Z,47,1.74,,,Provisional/Provisoire,,
05EA005,2026-07-31T00:00:00Z,47,1.74,,,Provisional/Provisoire,,
05EA005,2026-07-31T00:05:00Z,47,1.74,,,Provisional/Provisoire,,
05EA005,2026-07-31T00:10:00Z,47,1.73,,,Provisional/Provisoire,,
05EA005,2026-07-31T00:15:00Z,47,1.73,,,Provisional/Provisoire,,
05EA005,2026-07-31T00:20:00Z,47,1.73,,,Provisional/Provisoire,,
05EA005,2026-07-31T00:25:00Z,47,1.73,,,Provisional/Provisoire,,
05EA005,2026-07-31T00:30:00Z,47,1.72,,,Provisional/Provisoire,,
05EA005,2026-07-31T00:35:00Z,47,1.72,,,Provisional/Provisoire,,
05EA005,2026-07-31T00:40:00Z,47,1.72,,,Provisional/Provisoire,,
05EA005,2026-07-31T00:45:00Z,47,1.72,,,Provisional/Provisoire,,
05EA005,2026-07-31T00:50:00Z,47,1.72,,,Provisional/Provisoire,,
05EA005,2026-07-31T00:55:00Z,47,1.71,,,Provisional/Provisoire,,
05EA005,2026-07-31T01:00:00Z,47,1.71,,,Provisional/Provisoire,,
05EA005,2026-07-31T01:05:00Z,47,1.71,,,Provisional/Provisoire,,
05EA005,2026-07-31T01:10:00Z,47,1.71,,,Provisional/Provisoire,,
05EA005,2026-07-31T01:15:00Z,47,1.71,,,Provisional/Provisoire,,
05EA005,2026-07-31T01:20:00Z,47,1.71,,,Provisional/Provisoire,,
05EA005,2026-07-31T01:25:00Z,47,1.70,,,Provisional/Provisoire,,
05EA005,2026-07-31T01:30:00Z,47,1.70,,,Provisional/Provisoire,,
05EA005,2026-07-31T01:35:00Z,47,1.70,,,Provisional/Provisoire,,
05EA005,2026-07-31T01:40:00Z,47,1.70,,,Provisional/Provisoire,,
05EA005,2026-07-31T01:45:00Z,47,1.70,,,Provisional/Provisoire,,
05EA005,2026-07-31T01:50:00Z,47,1.70,,,Provisional/Provisoire,,
05EA005,2026-07-31T01:55:00Z,47,1.70,,,Provisional/Provisoire,,
05EA005,2026-07-31T02:00:00Z,47,1.70,,,Provisional/Provisoire,,
05EA005,2026-07-31T02:05:00Z,47,1.70,,,Provisional/Provisoire,,
05EA005,2026-07-31T02:10:00Z,47,1.70,,,Provisional/Provisoire,,
05EA005,2026-07-31T02:15:00Z,47,1.70,,,Provisional/Provisoire,,
05EA005,2026-07-31T02:20:00Z,47,1.70,,,Provisional/Provisoire,,
05EA005,2026-07-31T02:25:00Z,47,1.70,,,Provisional/Provisoire,,
05EA005,2026-07-31T02:30:00Z,47,1.69,,,Provisional/Provisoire,,
05EA005,2026-07-31T02:35:00Z,47,1.69,,,Provisional/Provisoire,,
05EA005,2026-07-31T02:40:00Z,47,1.69,,,Provisional/Provisoire,,
05EA005,2026-07-31T02:45:00Z,47,1.69,,,Provisional/Provisoire,,
05EA005,2026-07-31T02:50:00Z,47,1.69,,,Provisional/Provisoire,,
05EA005,2026-07-31T02:55:00Z,47,1.68,,,Provisional/Provisoire,,
05EA005,2026-07-31T03:00:00Z,47,1.68,,,Provisional/Provisoire,,
05EA005,2026-07-31T03:05:00Z,47,1.68,,,Provisional/Provisoire,,
05EA005,2026-07-31T03:10:00Z,47,1.68,,,Provisional/Provisoire,,
05EA005,2026-07-31T03:15:00Z,47,1.68,,,Provisional/Provisoire,,
05EA005,2026-07-31T03:20:00Z,47,1.68,,,Provisional/Provisoire,,
05EA005,2026-07-31T03:25:00Z,47,1.68,,,Provisional/Provisoire,,
05EA005,2026-07-31T03:30:00Z,47,1.67,,,Provisional/Provisoire,,
05EA005,2026-07-31T03:35:00Z,47,1.67,,,Provisional/Provisoire,,
05EA005,2026-07-31T03:40:00Z,47,1.67,,,Provisional/Provisoire,,
05EA005,2026-07-31T03:45:00Z,47,1.67,,,Provisional/Provisoire,,
05EA005,2026-07-31T03:50:00Z,47,1.66,,,Provisional/Provisoire,,
05EA005,2026-07-31T03:55:00Z,47,1.66,,,Provisional/Provisoire,,
05EA005,2026-07-31T04:00:00Z,47,1.66,,,Provisional/Provisoire,,
05EA005,2026-07-31T04:05:00Z,47,1.66,,,Provisional/Provisoire,,
05EA005,2026-07-31T04:10:00Z,47,1.66,,,Provisional/Provisoire,,
05EA005,2026-07-31T04:15:00Z,47,1.66,,,Provisional/Provisoire,,
05EA005,2026-07-31T04:20:00Z,47,1.66,,,Provisional/Provisoire,,
05EA005,2026-07-31T04:25:00Z,47,1.65,,,Provisional/Provisoire,,
05EA005,2026-07-31T04:30:00Z,47,1.65,,,Provisional/Provisoire,,
05EA005,2026-07-31T04:35:00Z,47,1.65,,,Provisional/Provisoire,,
05EA005,2026-07-31T04:40:00Z,47,1.65,,,Provisional/Provisoire,,
05EA005,2026-07-31T04:45:00Z,47,1.65,,,Provisional/Provisoire,,
05EA005,2026-07-31T04:50:00Z,47,1.64,,,Provisional/Provisoire,,
05EA005,2026-07-31T04:55:00Z,47,1.64,,,Provisional/Provisoire,,
05EA005,2026-07-31T05:00:00Z,47,1.64,,,Provisional/Provisoire,,
05EA005,2026-07-31T05:05:00Z,47,1.64,,,Provisional/Provisoire,,
05EA005,2026-07-31T05:10:00Z,47,1.64,,,Provisional/Provisoire,,
05EA005,2026-07-31T05:15:00Z,47,1.64,,,Provisional/Provisoire,,
05EA005,2026-07-31T05:20:00Z,47,1.62,,,Provisional/Provisoire,,
05EA005,2026-07-31T05:25:00Z,47,1.62,,,Provisional/Provisoire,,
05EA005,2026-07-31T05:30:00Z,47,1.62,,,Provisional/Provisoire,,
05EA005,2026-07-31T05:35:00Z,47,1.62,,,Provisional/Provisoire,,
05EA005,2026-07-31T05:40:00Z,47,1.62,,,Provisional/Provisoire,,
05EA005,2026-07-31T05:45:00Z,47,1.61,,,Provisional/Provisoire,,
05EA005,2026-07-31T05:50:00Z,47,1.61,,,Provisional/Provisoire,,
05EA005,2026-07-31T05:55:00Z,47,1.61,,,Provisional/Provisoire,,
05EA005,2026-07-31T06:00:00Z,47,1.61,,,Provisional/Provisoire,,
05EA005,2026-07-31T06:05:00Z,47,1.61,,,Provisional/Provisoire,,
05EA005,2026-07-31T06:10:00Z,47,1.61,,,Provisional/Provisoire,,
05EA005,2026-07-31T06:15:00Z,47,1.60,,,Provisional/Provisoire,,
05EA005,2026-07-31T06:20:00Z,47,1.60,,,Provisional/Provisoire,,
05EA005,2026-07-31T06:25:00Z,47,1.60,,,Provisional/Provisoire,,
05EA005,2026-07-31T06:30:00Z,47,1.60,,,Provisional/Provisoire,,
05EA005,2026-07-31T06:35:00Z,47,1.60,,,Provisional/Provisoire,,
05EA005,2026-07-31T06:40:00Z,47,1.60,,,Provisional/Provisoire,,
05EA005,2026-07-31T06:45:00Z,47,1.60,,,Provisional/Provisoire,,
05EA005,2026-07-31T06:50:00Z,47,1.59,,,Provisional/Provisoire,,
05EA005,2026-07-31T06:55:00Z,47,1.59,,,Provisional/Provisoire,,
05EA005,2026-07-31T07:00:00Z,47,1.59,,,Provisional/Provisoire,,
05EA005,2026-07-31T07:05:00Z,47,1.59,,,Provisional/Provisoire,,
05EA005,2026-07-31T07:10:00Z,47,1.59,,,Provisional/Provisoire,,
05EA005,2026-07-31T07:15:00Z,47,1.59,,,Provisional/Provisoire,,
05EA005,2026-07-31T07:20:00Z,47,1.58,,,Provisional/Provisoire,,
05EA005,2026-07-31T07:25:00Z,47,1.58,,,Provisional/Provisoire,,
05EA005,2026-07-31T07:30:00Z,47,1.58,,,Provisional/Provisoire,,
05EA005,2026-07-31T07:35:00Z,47,1.58,,,Provisional/Provisoire,,
05EA005,2026-07-31T07:40:00Z,47,1.58,,,Provisional/Provisoire,,
05EA005,2026-07-31T07:45:00Z,47,1.57,,,Provisional/Provisoire,,
05EA005,2026-07-31T07:50:00Z,47,1.57,,,Provisional/Provisoire,,
05EA005,2026-07-31T07:55:00Z,47,1.57,,,Provisional/Provisoire,,
05EA005,2026-07-31T08:00:00Z,47,1.57,,,Provisional/Provisoire,,
05EA005,2026-07-31T08:05:00Z,47,1.57,,,Provisional/Provisoire,,
05EA005,2026-07-31T08:10:00Z,47,1.57,,,Provisional/Provisoire,,
05EA005,2026-07-31T08:15:00Z,47,1.56,,,Provisional/Provisoire,,
05EA005,2026-07-31T08:20:00Z,47,1.56,,,Provisional/Provisoire,,
05EA005,2026-07-31T08:25:00Z,47,1.56,,,Provisional/Provisoire,,
05EA005,2026-07-31T08:30:00Z,47,1.56,,,Provisional/Provisoire,,
05EA005,2026-07-31T08:35:00Z,47,1.56,,,Provisional/Provisoire,,
05EA005,2026-07-31T08:40:00Z,47,1.56,,,Provisional/Provisoire,,
05EA005,2026-07-31T08:45:00Z,47,1.55,,,Provisional/Provisoire,,
05EA005,2026-07-31T08:50:00Z,47,1.55,,,Provisional/Provisoire,,
05EA005,2026-07-31T08:55:00Z,47,1.55,,,Provisional/Provisoire,,
05EA005,2026-07-31T09:00:00Z,47,1.55,,,Provisional/Provisoire,,
05EA005,2026-07-31T09:05:00Z,47,1.55,,,Provisional/Provisoire,,
05EA005,2026-07-31T09:10:00Z,47,1.54,,,Provisional/Provisoire,,
05EA005,2026-07-31T09:15:00Z,47,1.54,,,Provisional/Provisoire,,
05EA005,2026-07-31T09:20:00Z,47,1.54,,,Provisional/Provisoire,,
05EA005,2026-07-31T09:25:00Z,47,1.54,,,Provisional/Provisoire,,
05EA005,2026-07-31T09:30:00Z,47,1.54,,,Provisional/Provisoire,,
05EA005,2026-07-31T09:35:00Z,47,1.54,,,Provisional/Provisoire,,
05EA005,2026-07-31T09:40:00Z,47,1.54,,,Provisional/Provisoire,,
05EA005,2026-07-31T09:45:00Z,47,1.54,,,Provisional/Provisoire,,
05EA005,2026-07-31T09:50:00Z,47,1.54,,,Provisional/Provisoire,,
05EA005,2026-07-31T09:55:00Z,47,1.53,,,Provisional/Provisoire,,
05EA005,2026-07-31T10:00:00Z,47,1.53,,,Provisional/Provisoire,,
05EA005,2026-07-31T10:05:00Z,47,1.53,,,Provisional/Provisoire,,
05EA005,2026-07-31T10:10:00Z,47,1.53,,,Provisional/Provisoire,,
05EA005,2026-07-31T10:15:00Z,47,1.53,,,Provisional/Provisoire,,
05EA005,2026-07-31T10:20:00Z,47,1.52,,,Provisional/Provisoire,,
05EA005,2026-07-31T10:25:00Z,47,1.52,,,Provisional/Provisoire,,
05EA005,2026-07-31T10:30:00Z,47,1.52,,,Provisional/Provisoire,,
05EA005,2026-07-31T10:35:00Z,47,1.52,,,Provisional/Provisoire,,
05EA005,2026-07-31T10:40:00Z,47,1.52,,,Provisional/Provisoire,,
05EA005,2026-07-31T10:45:00Z,47,1.52,,,Provisional/Provisoire,,
05EA005,2026-07-31T10:50:00Z,47,1.51,,,Provisional/Provisoire,,
05EA005,2026-07-31T10:55:00Z,47,1.51,,,Provisional/Provisoire,,
05EA005,2026-07-31T11:00:00Z,47,1.51,,,Provisional/Provisoire,,
05EA005,2026-07-31T11:05:00Z,47,1.51,,,Provisional/Provisoire,,
05EA005,2026-07-31T11:10:00Z,47,1.51,,,Provisional/Provisoire,,
05EA005,2026-07-31T11:15:00Z,47,1.50,,,Provisional/Provisoire,,
05EA005,2026-07-31T11:20:00Z,47,1.50,,,Provisional/Provisoire,,
05EA005,2026-07-31T11:25:00Z,47,1.50,,,Provisional/Provisoire,,
05EA005,2026-07-31T11:30:00Z,47,1.50,,,Provisional/Provisoire,,
05EA005,2026-07-31T11:35:00Z,47,1.49,,,Provisional/Provisoire,,
05EA005,2026-07-31T11:40:00Z,47,1.49,,,Provisional/Provisoire,,
05EA005,2026-07-31T11:45:00Z,47,1.49,,,Provisional/Provisoire,,
05EA005,2026-07-31T11:50:00Z,47,1.49,,,Provisional/Provisoire,,
05EA005,2026-07-31T11:55:00Z,47,1.49,,,Provisional/Provisoire,,
05EA005,2026-07-31T12:00:00Z,47,1.49,,,Provisional/Provisoire,,
05EA005,2026-07-31T12:05:00Z,47,1.48,,,Provisional/Provisoire,,
05EA005,2026-07-31T12:10:00Z,47,1.48,,,Provisional/Provisoire,,
05EA005,2026-07-31T12:15:00Z,47,1.48,,,Provisional/Provisoire,,
05EA005,2026-07-31T12:20:00Z,47,1.48,,,Provisional/Provisoire,,
05EA005,2026-07-31T12:25:00Z,47,1.48,,,Provisional/Provisoire,,
05EA005,2026-07-31T12:30:00Z,47,1.48,,,Provisional/Provisoire,,
05EA005,2026-07-31T12:35:00Z,47,1.47,,,Provisional/Provisoire,,
05EA005,2026-07-31T12:40:00Z,47,1.47,,,Provisional/Provisoire,,
05EA005,2026-07-31T12:45:00Z,47,1.47,,,Provisional/Provisoire,,
05EA005,2026-07-31T12:50:00Z,47,1.47,,,Provisional/Provisoire,,
05EA005,2026-07-31T12:55:00Z,47,1.46,,,Provisional/Provisoire,,
05EA005,2026-07-31T13:00:00Z,47,1.46,,,Provisional/Provisoire,,
05EA005,2026-07-31T13:05:00Z,47,1.46,,,Provisional/Provisoire,,
05EA005,2026-07-31T13:10:00Z,47,1.46,,,Provisional/Provisoire,,
05EA005,2026-07-31T13:15:00Z,47,1.46,,,Provisional/Provisoire,,
05EA005,2026-07-31T13:20:00Z,47,1.46,,,Provisional/Provisoire,,
05EA005,2026-07-31T13:25:00Z,47,1.45,,,Provisional/Provisoire,,
05EA005,2026-07-31T13:30:00Z,47,1.45,,,Provisional/Provisoire,,
05EA005,2026-07-31T13:35:00Z,47,1.45,,,Provisional/Provisoire,,
05EA005,2026-07-31T13:40:00Z,47,1.45,,,Provisional/Provisoire,,
05EA005,2026-07-31T13:45:00Z,47,1.45,,,Provisional/Provisoire,,
05EA005,2026-07-31T13:50:00Z,47,1.44,,,Provisional/Provisoire,,
05EA005,2026-07-31T13:55:00Z,47,1.44,,,Provisional/Provisoire,,
05EA005,2026-07-31T14:00:00Z,47,1.44,,,Provisional/Provisoire,,
05EA005,2026-07-31T14:05:00Z,47,1.44,,,Provisional/Provisoire,,
05EA005,2026-07-31T14:10:00Z,47,1.44,,,Provisional/Provisoire,,
05EA005,2026-07-31T14:15:00Z,47,1.43,,,Provisional/Provisoire,,
05EA005,2026-07-31T14:20:00Z,47,1.43,,,Provisional/Provisoire,,
05EA005,2026-07-31T14:25:00Z,47,1.43,,,Provisional/Provisoire,,
05EA005,2026-07-31T14:30:00Z,47,1.43,,,Provisional/Provisoire,,
05EA005,2026-07-31T14:35:00Z,47,1.43,,,Provisional/Provisoire,,
05EA005,2026-07-31T14:40:00Z,47,1.42,,,Provisional/Provisoire,,
05EA005,2026-07-31T14:45:00Z,47,1.42,,,Provisional/Provisoire,,
05EA005,2026-07-31T14:50:00Z,47,1.42,,,Provisional/Provisoire,,
05EA005,2026-07-31T14:55:00Z,47,1.42,,,Provisional/Provisoire,,
05EA005,2026-07-31T15:00:00Z,47,1.42,,,Provisional/Provisoire,,
05EA005,2026-07-31T15:05:00Z,47,1.41,,,Provisional/Provisoire,,
05EA005,2026-07-31T15:10:00Z,47,1.41,,,Provisional/Provisoire,,
05EA005,2026-07-31T15:15:00Z,47,1.41,,,Provisional/Provisoire,,
05EA005,2026-07-31T15:20:00Z,47,1.41,,,Provisional/Provisoire,,
05EA005,2026-07-31T15:25:00Z,47,1.41,,,Provisional/Provisoire,,
05EA005,2026-07-31T15:30:00Z,47,1.40,,,Provisional/Provisoire,,
05EA005,2026-07-31T15:35:00Z,47,1.40,,,Provisional/Provisoire,,
05EA005,2026-07-31T15:40:00Z,47,1.40,,,Provisional/Provisoire,,
05EA005,2026-07-31T15:45:00Z,47,1.40,,,Provisional/Provisoire,,
05EA005,2026-07-31T15:50:00Z,47,1.40,,,Provisional/Provisoire,,
05EA005,2026-07-31T15:55:00Z,47,1.39,,,Provisional/Provisoire,,
05EA005,2026-07-31T16:00:00Z,47,1.39,,,Provisional/Provisoire,,
05EA005,2026-07-31T16:05:00Z,47,1.39,,,Provisional/Provisoire,,
05EA005,2026-07-31T16:10:00Z,47,1.39,,,Provisional/Provisoire,,
05EA005,2026-07-31T16:15:00Z,47,1.39,,,Provisional/Provisoire,,
05EA005,2026-07-31T16:20:00Z,47,1.39,,,Provisional/Provisoire,,
05EA005,2026-07-31T16:25:00Z,47,1.39,,,Provisional/Provisoire,,
05EA005,2026-07-31T16:30:00Z,47,1.39,,,Provisional/Provisoire,,
05EA005,2026-07-31T16:35:00Z,47,1.39,,,Provisional/Provisoire,,
05EA005,2026-07-31T16:40:00Z,47,1.39,,,Provisional/Provisoire,,
05EA005,2026-07-31T16:45:00Z,47,1.38,,,Provisional/Provisoire,,
05EA005,2026-07-31T16:50:00Z,47,1.38,,,Provisional/Provisoire,,
05EA005,2026-07-31T16:55:00Z,47,1.38,,,Provisional/Provisoire,,
05EA005,2026-07-31T17:00:00Z,47,1.38,,,Provisional/Provisoire,,
05EA005,2026-07-31T17:05:00Z,47,1.38,,,Provisional/Provisoire,,
05EA005,2026-07-31T17:10:00Z,47,1.37,,,Provisional/Provisoire,,
05EA005,2026-07-31T17:15:00Z,47,1.37,,,Provisional/Provisoire,,
05EA005,2026-07-31T17:20:00Z,47,1.37,,,Provisional/Provisoire,,
05EA005,2026-07-31T17:25:00Z,47,1.37,,,Provisional/Provisoire,,
05EA005,2026-07-31T17:30:00Z,47,1.37,,,Provisional/Provisoire,,
05EA005,2026-07-31T17:35:00Z,47,1.36,,,Provisional/Provisoire,,
05EA005,2026-07-31T17:40:00Z,47,1.36,,,Provisional/Provisoire,,
05EA005,2026-07-31T17:45:00Z,47,1.36,,,Provisional/Provisoire,,
05EA005,2026-07-31T17:50:00Z,47,1.36,,,Provisional/Provisoire,,
05EA005,2026-07-31T17:55:00Z,47,1.35,,,Provisional/Provisoire,,
05EA005,2026-07-31T18:00:00Z,47,1.35,,,Provisional/Provisoire,,
05EA005,2026-07-31T18:05:00Z,47,1.35,,,Provisional/Provisoire,,
05EA005,2026-07-31T18:10:00Z,47,1.35,,,Provisional/Provisoire,,
05EA005,2026-07-31T18:15:00Z,47,1.35,,,Provisional/Provisoire,,
05EA005,2026-07-31T18:20:00Z,47,1.34,,,Provisional/Provisoire,,
05EA005,2026-07-31T18:25:00Z,47,1.34,,,Provisional/Provisoire,,
05EA005,2026-07-31T18:30:00Z,47,1.34,,,Provisional/Provisoire,,
05EA005,2026-07-31T18:35:00Z,47,1.34,,,Provisional/Provisoire,,
05EA005,2026-07-31T18:40:00Z,47,1.34,,,Provisional/Provisoire,,
05EA005,2026-07-31T18:45:00Z,47,1.34,,,Provisional/Provisoire,,
05EA005,2026-07-31T18:50:00Z,47,1.33,,,Provisional/Provisoire,,
05EA005,2026-07-31T18:55:00Z,47,1.33,,,Provisional/Provisoire,,
05EA005,2026-07-31T19:00:00Z,47,1.33,,,Provisional/Provisoire,,
05EA005,2026-07-31T19:05:00Z,47,1.33,,,Provisional/Provisoire,,
05EA005,2026-07-31T19:10:00Z,47,1.33,,,Provisional/Provisoire,,
05EA005,2026-07-31T19:15:00Z,47,1.33,,,Provisional/Provisoire,,
05EA005,2026-07-31T19:20:00Z,47,1.32,,,Provisional/Provisoire,,
05EA005,2026-07-31T19:25:00Z,47,1.32,,,Provisional/Provisoire,,
05EA005,2026-07-31T19:30:00Z,47,1.32,,,Provisional/Provisoire,,
05EA005,2026-07-31T19:35:00Z,47,1.32,,,Provisional/Provisoire,,
05EA005,2026-07-31T19:40:00Z,47,1.32,,,Provisional/Provisoire,,
05EA005,2026-07-31T19:45:00Z,47,1.32,,,Provisional/Provisoire,,
05EA005,2026-07-31T19:50:00Z,47,1.32,,,Provisional/Provisoire,,
05EA005,2026-07-31T19:55:00Z,47,1.32,,,Provisional/Provisoire,,
05EA005,2026-07-31T20:00:00Z,47,1.32,,,Provisional/Provisoire,,
05EA005,2026-07-31T20:05:00Z,47,1.32,,,Provisional/Provisoire,,
05EA005,2026-07-31T20:10:00Z,47,1.32,,,Provisional/Provisoire,,
05EA005,2026-07-31T20:15:00Z,47,1.32,,,Provisional/Provisoire,,
05EA005,2026-07-31T20:20:00Z,47,1.31,,,Provisional/Provisoire,,
05EA005,2026-07-31T20:25:00Z,47,1.31,,,Provisional/Provisoire,,
05EA005,2026-07-31T20:30:00Z,47,1.31,,,Provisional/Provisoire,,
05EA005,2026-07-31T20:35:00Z,47,1.31,,,Provisional/Provisoire,,
05EA005,2026-07-31T20:40:00Z,47,1.31,,,Provisional/Provisoire,,
05EA005,2026-07-31T20:45:00Z,47,1.31,,,Provisional/Provisoire,,
05EA005,2026-07-31T20:50:00Z,47,1.31,,,Provisional/Provisoire,,
05EA005,2026-07-31T20:55:00Z,47,1.31,,,Provisional/Provisoire,,
05EA005,2026-07-31T21:00:00Z,47,1.30,,,Provisional/Provisoire,,
05EA005,2026-07-31T21:05:00Z,47,1.30,,,Provisional/Provisoire,,
05EA005,2026-07-31T21:10:00Z,47,1.30,,,Provisional/Provisoire,,
05EA005,2026-07-31T21:15:00Z,47,1.30,,,Provisional/Provisoire,,
05EA005,2026-07-31T21:20:00Z,47,1.30,,,Provisional/Provisoire,,
05EA005,2026-07-31T21:25:00Z,47,1.30,,,Provisional/Provisoire,,
05EA005,2026-07-31T21:30:00Z,47,1.29,,,Provisional/Provisoire,,
05EA005,2026-07-31T21:35:00Z,47,1.29,,,Provisional/Provisoire,,
05EA005,2026-07-31T21:40:00Z,47,1.29,,,Provisional/Provisoire,,
05EA005,2026-07-31T21:45:00Z,47,1.29,,,Provisional/Provisoire,,
05EA005,2026-07-31T21:50:00Z,47,1.29,,,Provisional/Provisoire,,
05EA005,2026-07-31T21:55:00Z,47,1.29,,,Provisional/Provisoire,,
05EA005,2026-07-31T22:00:00Z,47,1.29,,,Provisional/Provisoire,,
05EA005,2026-07-31T22:05:00Z,47,1.28,,,Provisional/Provisoire,,
05EA005,2026-07-31T22:10:00Z,47,1.28,,,Provisional/Provisoire,,
05EA005,2026-07-31T22:15:00Z,47,1.28,,,Provisional/Provisoire,,
05EA005,2026-07-31T22:20:00Z,47,1.28,,,Provisional/Provisoire,,
05EA005,2026-07-31T22:25:00Z,47,1.28,,,Provisional/Provisoire,,
05EA005,2026-07-31T22:30:00Z,47,1.28,,,Provisional/Provisoire,,
05EA005,2026-07-31T22:35:00Z,47,1.28,,,Provisional/Provisoire,,
05EA005,2026-07-31T22:40:00Z,47,1.27,,,Provisional/Provisoire,,
05EA005,2026-07-31T22:45:00Z,47,1.27,,,Provisional/Provisoire,,
05EA005,2026-07-31T22:50:00Z,47,1.27,,,Provisional/Provisoire,,
05EA005,2026-07-31T22:55:00Z,47,1.27,,,Provisional/Provisoire,,
05EA005,2026-07-31T23:00:00Z,47,1.27,,,Provisional/Provisoire,,
05EA005,2026-07-31T23:05:00Z,47,1.27,,,Provisional/Provisoire,,
05EA005,2026-07-31T23:10:00Z,47,1.27,,,Provisional/Provisoire,,
05EA005,2026-07-31T23:15:00Z,47,1.26,,,Provisional/Provisoire,,
05EA005,2026-07-31T23:20:00Z,47,1.26,,,Provisional/Provisoire,,
05EA005,2026-07-31T23:25:00Z,47,1.26,,,Provisional/Provisoire,,
05EA005,2026-07-31T23:30:00Z,47,1.26,,,Provisional/Provisoire,,
05EA005,2026-07-31T23:35:00Z,47,1.26,,,Provisional/Provisoire,,
05EA005,2026-07-31T23:40:00Z,47,1.26,,,Provisional/Provisoire,,
05EA005,2026-07-31T23:45:00Z,47,1.25,,,Provisional/Provisoire,,
05EA005,2026-07-31T23:50:00Z,47,1.25,,,Provisional/Provisoire,,
05EA005,2026-07-31T23:55:00Z,47,1.25,,,Provisional/Provisoire,,
05EA005,2026-08-01T00:00:00Z,47,1.25,,,Provisional/Provisoire,,
05EA005,2026-08-01T00:05:00Z,47,1.25,,,Provisional/Provisoire,,
05EA005,2026-08-01T00:10:00Z,47,1.25,,,Provisional/Provisoire,,
05EA005,2026-08-01T00:15:00Z,47,1.25,,,Provisional/Provisoire,,
05EA005,2026-08-01T00:20:00Z,47,1.25,,,Provisional/Provisoire,,
05EA005,2026-08-01T00:25:00Z,47,1.25,,,Provisional/Provisoire,,
05EA005,2026-08-01T00:30:00Z,47,1.25,,,Provisional/Provisoire,,
05EA005,2026-08-01T00:35:00Z,47,1.25,,,Provisional/Provisoire,,
05EA005,2026-08-01T00:40:00Z,47,1.25,,,Provisional/Provisoire,,
05EA005,2026-08-01T00:45:00Z,47,1.25,,,Provisional/Provisoire,,
05EA005,2026-08-01T00:50:00Z,47,1.24,,,Provisional/Provisoire,,
05EA005,2026-08-01T00:55:00Z,47,1.24,,,Provisional/Provisoire,,
05EA005,2026-08-01T01:00:00Z,47,1.24,,,Provisional/Provisoire,,
05EA005,2026-08-01T01:05:00Z,47,1.24,,,Provisional/Provisoire,,
05EA005,2026-08-01T01:10:00Z,47,1.24,,,Provisional/Provisoire,,
05EA005,2026-08-01T01:15:00Z,47,1.24,,,Provisional/Provisoire,,
05EA005,2026-08-01T01:20:00Z,47,1.24,,,Provisional/Provisoire,,
05EA005,2026-08-01T01:25:00Z,47,1.23,,,Provisional/Provisoire,,
05EA005,2026-08-01T01:30:00Z,47,1.23,,,Provisional/Provisoire,,
05EA005,2026-08-01T01:35:00Z,47,1.23,,,Provisional/Provisoire,,
05EA005,2026-08-01T01:40:00Z,47,1.23,,,Provisional/Provisoire,,
05EA005,2026-08-01T01:45:00Z,47,1.23,,,Provisional/Provisoire,,
05EA005,2026-08-01T01:50:00Z,47,1.23,,,Provisional/Provisoire,,
05EA005,2026-08-01T01:55:00Z,47,1.22,,,Provisional/Provisoire,,
05EA005,2026-08-01T02:00:00Z,47,1.22,,,Provisional/Provisoire,,
05EA005,2026-08-01T02:05:00Z,47,1.22,,,Provisional/Provisoire,,
05EA005,2026-08-01T02:10:00Z,47,1.22,,,Provisional/Provisoire,,
05EA005,2026-08-01T02:15:00Z,47,1.22,,,Provisional/Provisoire,,
05EA005,2026-08-01T02:20:00Z,47,1.22,,,Provisional/Provisoire,,
05EA005,2026-08-01T02:25:00Z,47,1.21,,,Provisional/Provisoire,,
05EA005,2026-08-01T02:30:00Z,47,1.21,,,Provisional/Provisoire,,
05EA005,2026-08-01T02:35:00Z,47,1.21,,,Provisional/Provisoire,,
05EA005,2026-08-01T02:40:00Z,47,1.21,,,Provisional/Provisoire,,
05EA005,2026-08-01T02:45:00Z,47,1.21,,,Provisional/Provisoire,,
05EA005,2026-08-01T02:50:00Z,47,1.21,,,Provisional/Provisoire,,
05EA005,2026-08-01T02:55:00Z,47,1.20,,,Provisional/Provisoire,,
05EA005,2026-08-01T03:00:00Z,47,1.20,,,Provisional/Provisoire,,
05EA005,2026-08-01T03:05:00Z,47,1.20,,,Provisional/Provisoire,,
05EA005,2026-08-01T03:10:00Z,47,1.20,,,Provisional/Provisoire,,
05EA005,2026-08-01T03:15:00Z,47,1.20,,,Provisional/Provisoire,,
05EA005,2026-08-01T03:20:00Z,47,1.20,,,Provisional/Provisoire,,
05EA005,2026-08-01T03:25:00Z,47,1.20,,,Provisional/Provisoire,,
05EA005,2026-08-01T03:30:00Z,47,1.20,,,Provisional/Provisoire,,
05EA005,2026-08-01T03:35:00Z,47,1.20,,,Provisional/Provisoire,,
05EA005,2026-08-01T03:40:00Z,47,1.20,,,Provisional/Provisoire,,
05EA005,2026-08-01T03:45:00Z,47,1.20,,,Provisional/Provisoire,,
05EA005,2026-08-01T03:50:00Z,47,1.20,,,Provisional/Provisoire,,
05EA005,2026-08-01T03:55:00Z,47,1.19,,,Provisional/Provisoire,,
05EA005,2026-08-01T04:00:00Z,47,1.19,,,Provisional/Provisoire,,
05EA005,2026-08-01T04:05:00Z,47,1.19,,,Provisional/Provisoire,,
05EA005,2026-08-01T04:10:00Z,47,1.19,,,Provisional/Provisoire,,
05EA005,2026-08-01T04:15:00Z,47,1.19,,,Provisional/Provisoire,,
05EA005,2026-08-01T04:20:00Z,47,1.19,,,Provisional/Provisoire,,
05EA005,2026-08-01T04:25:00Z,47,1.18,,,Provisional/Provisoire,,
05EA005,2026-08-01T04:30:00Z,47,1.18,,,Provisional/Provisoire,,
05EA005,2026-08-01T04:35:00Z,47,1.18,,,Provisional/Provisoire,,
05EA005,2026-08-01T04:40:00Z,47,1.18,,,Provisional/Provisoire,,
05EA005,2026-08-01T04:45:00Z,47,1.18,,,Provisional/Provisoire,,
05EA005,2026-08-01T04:50:00Z,47,1.17,,,Provisional/Provisoire,,
05EA005,2026-08-01T04:55:00Z,47,1.17,,,Provisional/Provisoire,,
05EA005,2026-08-01T05:00:00Z,47,1.17,,,Provisional/Provisoire,,
05EA005,2026-08-01T05:05:00Z,47,1.17,,,Provisional/Provisoire,,
05EA005,2026-08-01T05:10:00Z,47,1.17,,,Provisional/Provisoire,,
05EA005,2026-08-01T05:15:00Z,47,1.16,,,Provisional/Provisoire,,
05EA005,2026-08-01T05:20:00Z,47,1.16,,,Provisional/Provisoire,,
05EA005,2026-08-01T05:25:00Z,47,1.16,,,Provisional/Provisoire,,
05EA005,2026-08-01T05:30:00Z,47,1.16,,,Provisional/Provisoire,,
05EA005,2026-08-01T05:35:00Z,47,1.16,,,Provisional/Provisoire,,
05EA005,2026-08-01T05:40:00Z,47,1.15,,,Provisional/Provisoire,,
05EA005,2026-08-01T05:45:00Z,47,1.15,,,Provisional/Provisoire,,
05EA005,2026-08-01T05:50:00Z,47,1.15,,,Provisional/Provisoire,,
05EA005,2026-08-01T05:55:00Z,47,1.15,,,Provisional/Provisoire,,
05EA005,2026-08-01T06:00:00Z,47,1.15,,,Provisional/Provisoire,,
05EA005,2026-08-01T06:05:00Z,47,1.14,,,Provisional/Provisoire,,
05EA005,2026-08-01T06:10:00Z,47,1.14,,,Provisional/Provisoire,,
05EA005,2026-08-01T06:15:00Z,47,1.14,,,Provisional/Provisoire,,
05EA005,2026-08-01T06:20:00Z,47,1.14,,,Provisional/Provisoire,,
05EA005,2026-08-01T06:25:00Z,47,1.14,,,Provisional/Provisoire,,
05EA005,2026-08-01T06:30:00Z,47,1.13,,,Provisional/Provisoire,,
05EA005,2026-08-01T06:35:00Z,47,1.13,,,Provisional/Provisoire,,
05EA005,2026-08-01T06:40:00Z,47,1.13,,,Provisional/Provisoire,,
05EA005,2026-08-01T06:45:00Z,47,1.13,,,Provisional/Provisoire,,
05EA005,2026-08-01T06:50:00Z,47,1.13,,,Provisional/Provisoire,,
05EA005,2026-08-01T06:55:00Z,47,1.13,,,Provisional/Provisoire,,
05EA005,2026-08-01T07:00:00Z,47,1.13,,,Provisional/Provisoire,,
05EA005,2026-08-01T07:05:00Z,47,1.13,,,Provisional/Provisoire,,
05EA005,2026-08-01T07:10:00Z,47,1.13,,,Provisional/Provisoire,,
05EA005,2026-08-01T07:15:00Z,47,1.13,,,Provisional/Provisoire,,
05EA005,2026-08-01T07:20:00Z,47,1.12,,,Provisional/Provisoire,,
05EA005,2026-08-01T07:25:00Z,47,1.12,,,Provisional/Provisoire,,
05EA005,2026-08-01T07:30:00Z,47,1.12,,,Provisional/Provisoire,,
05EA005,2026-08-01T07:35:00Z,47,1.12,,,Provisional/Provisoire,,
05EA005,2026-08-01T07:40:00Z,47,1.12,,,Provisional/Provisoire,,
05EA005,2026-08-01T07:45:00Z,47,1.12,,,Provisional/Provisoire,,
05EA005,2026-08-01T07:50:00Z,47,1.12,,,Provisional/Provisoire,,
05EA005,2026-08-01T07:55:00Z,47,1.12,,,Provisional/Provisoire,,
05EA005,2026-08-01T08:00:00Z,47,1.12,,,Provisional/Provisoire,,
05EA005,2026-08-01T08:05:00Z,47,1.12,,,Provisional/Provisoire,,
05EA005,2026-08-01T08:10:00Z,47,1.12,,,Provisional/Provisoire,,
05EA005,2026-08-01T08:15:00Z,47,1.11,,,Provisional/Provisoire,,
05EA005,2026-08-01T08:20:00Z,47,1.11,,,Provisional/Provisoire,,
05EA005,2026-08-01T08:25:00Z,47,1.11,,,Provisional/Provisoire,,
05EA005,2026-08-01T08:30:00Z,47,1.11,,,Provisional/Provisoire,,
05EA005,2026-08-01T08:35:00Z,47,1.11,,,Provisional/Provisoire,,
05EA005,2026-08-01T08:40:00Z,47,1.10,,,Provisional/Provisoire,,
05EA005,2026-08-01T08:45:00Z,47,1.10,,,Provisional/Provisoire,,
05EA005,2026-08-01T08:50:00Z,47,1.10,,,Provisional/Provisoire,,
05EA005,2026-08-01T08:55:00Z,47,1.10,,,Provisional/Provisoire,,
05EA005,2026-08-01T09:00:00Z,47,1.10,,,Provisional/Provisoire,,
05EA005,2026-08-01T09:05:00Z,47,1.10,,,Provisional/Provisoire,,
05EA005,2026-08-01T09:10:00Z,47,1.09,,,Provisional/Provisoire,,
05EA005,2026-08-01T09:15:00Z,47,1.09,,,Provisional/Provisoire,,
05EA005,2026-08-01T09:20:00Z,47,1.09,,,Provisional/Provisoire,,
05EA005,2026-08-01T09:25:00Z,47,1.09,,,Provisional/Provisoire,,
05EA005,2026-08-01T09:30:00Z,47,1.09,,,Provisional/Provisoire,,
05EA005,2026-08-01T09:35:00Z,47,1.08,,,Provisional/Provisoire,,
05EA005,2026-08-01T09:40:00Z,47,1.08,,,Provisional/Provisoire,,
05EA005,2026-08-01T09:45:00Z,47,1.08,,,Provisional/Provisoire,,
05EA005,2026-08-01T09:50:00Z,47,1.08,,,Provisional/Provisoire,,
05EA005,2026-08-01T09:55:00Z,47,1.08,,,Provisional/Provisoire,,
05EA005,2026-08-01T10:00:00Z,47,1.07,,,Provisional/Provisoire,,
05EA005,2026-08-01T10:05:00Z,47,1.07,,,Provisional/Provisoire,,
05EA005,2026-08-01T10:10:00Z,47,1.07,,,Provisional/Provisoire,,
05EA005,2026-08-01T10:15:00Z,47,1.07,,,Provisional/Provisoire,,
05EA005,2026-08-01T10:20:00Z,47,1.07,,,Provisional/Provisoire,,
05EA005,2026-08-01T10:25:00Z,47,1.07,,,Provisional/Provisoire,,
05EA005,2026-08-01T10:30:00Z,47,1.07,,,Provisional/Provisoire,,
05EA005,2026-08-01T10:35:00Z,47,1.07,,,Provisional/Provisoire,,
05EA005,2026-08-01T10:40:00Z,47,1.07,,,Provisional/Provisoire,,
05EA005,2026-08-01T10:45:00Z,47,1.07,,,Provisional/Provisoire,,
05EA005,2026-08-01T10:50:00Z,47,1.07,,,Provisional/Provisoire,,
05EA005,2026-08-01T10:55:00Z,47,1.06,,,Provisional/Provisoire,,
05EA005,2026-08-01T11:00:00Z,47,1.06,,,Provisional/Provisoire,,
05EA005,2026-08-01T11:05:00Z,47,1.06,,,Provisional/Provisoire,,
05EA005,2026-08-01T11:10:00Z,47,1.06,,,Provisional/Provisoire,,
05EA005,2026-08-01T11:15:00Z,47,1.06,,,Provisional/Provisoire,,
05EA005,2026-08-01T11:20:00Z,47,1.05,,,Provisional/Provisoire,,
05EA005,2026-08-01T11:25:00Z,47,1.05,,,Provisional/Provisoire,,
05EA005,2026-08-01T11:30:00Z,47,1.05,,,Provisional/Provisoire,,
05EA005,2026-08-01T11:35:00Z,47,1.05,,,Provisional/Provisoire,,
05EA005,2026-08-01T11:40:00Z,47,1.05,,,Provisional/Provisoire,,
05EA005,2026-08-01T11:45:00Z,47,1.05,,,Provisional/Provisoire,,
05EA005,2026-08-01T11:50:00Z,47,1.04,,,Provisional/Provisoire,,
05EA005,2026-08-01T11:55:00Z,47,1.04,,,Provisional/Provisoire,,
05EA005,2026-08-01T12:00:00Z,47,1.04,,,Provisional/Provisoire,,
05EA005,2026-08-01T12:05:00Z,47,1.04,,,Provisional/Provisoire,,
05EA005,2026-08-01T12:10:00Z,47,1.04,,,Provisional/Provisoire,,
05EA005,2026-08-01T12:15:00Z,47,1.03,,,Provisional/Provisoire,,
05EA005,2026-08-01T12:20:00Z,47,1.03,,,Provisional/Provisoire,,
05EA005,2026-08-01T12:25:00Z,47,1.03,,,Provisional/Provisoire,,
05EA005,2026-08-01T12:30:00Z,47,1.03,,,Provisional/Provisoire,,
05EA005,2026-08-01T12:35:00Z,47,1.03,,,Provisional/Provisoire,,
05EA005,2026-08-01T12:40:00Z,47,1.02,,,Provisional/Provisoire,,
05EA005,2026-08-01T12:45:00Z,47,1.02,,,Provisional/Provisoire,,
05EA005,2026-08-01T12:50:00Z,47,1.02,,,Provisional/Provisoire,,
05EA005,2026-08-01T12:55:00Z,47,1.02,,,Provisional/Provisoire,,
05EA005,2026-08-01T13:00:00Z,47,1.02,,,Provisional/Provisoire,,
05EA005,2026-08-01T13:05:00Z,47,1.02,,,Provisional/Provisoire,,
05EA005,2026-08-01T13:10:00Z,47,1.02,,,Provisional/Provisoire,,
05EA005,2026-08-01T13:15:00Z,47,1.02,,,Provisional/Provisoire,,
05EA005,2026-08-01T13:20:00Z,47,1.02,,,Provisional/Provisoire,,
05EA005,2026-08-01T13:25:00Z,47,1.02,,,Provisional/Provisoire,,
05EA005,2026-08-01T13:30:00Z,47,1.01,,,Provisional/Provisoire,,
05EA005,2026-08-01T13:35:00Z,47,1.01,,,Provisional/Provisoire,,
05EA005,2026-08-01T13:40:00Z,47,1.01,,,Provisional/Provisoire,,
05EA005,2026-08-01T13:45:00Z,47,1.01,,,Provisional/Provisoire,,
05EA005,2026-08-01T13:50:00Z,47,1.01,,,Provisional/Provisoire,,
05EA005,2026-08-01T13:55:00Z,47,1.000,,,Provisional/Provisoire,,
05EA005,2026-08-01T14:00:00Z,47,1.000,,,Provisional/Provisoire,,
05EA005,2026-08-01T14:05:00Z,47,1.000,,,Provisional/Provisoire,,
05EA005,2026-08-01T14:10:00Z,47,1.000,,,Provisional/Provisoire,,
05EA005,2026-08-01T14:15:00Z,47,1.000,,,Provisional/Provisoire,,
05EA005,2026-08-01T14:20:00Z,47,0.992,,,Provisional/Provisoire,,
05EA005,2026-08-01T14:25:00Z,47,0.992,,,Provisional/Provisoire,,
05EA005,2026-08-01T14:30:00Z,47,0.992,,,Provisional/Provisoire,,
05EA005,2026-08-01T14:35:00Z,47,0.992,,,Provisional/Provisoire,,
05EA005,2026-08-01T14:40:00Z,47,0.992,,,Provisional/Provisoire,,
05EA005,2026-08-01T14:45:00Z,47,0.992,,,Provisional/Provisoire,,
05EA005,2026-08-01T14:50:00Z,47,0.992,,,Provisional/Provisoire,,
05EA005,2026-08-01T14:55:00Z,47,0.992,,,Provisional/Provisoire,,
05EA005,2026-08-01T15:00:00Z,47,0.992,,,Provisional/Provisoire,,
05EA005,2026-08-01T15:05:00Z,47,0.983,,,Provisional/Provisoire,,
05EA005,2026-08-01T15:10:00Z,47,0.983,,,Provisional/Provisoire,,
05EA005,2026-08-01T15:15:00Z,47,0.983,,,Provisional/Provisoire,,
05EA005,2026-08-01T15:20:00Z,47,0.983,,,Provisional/Provisoire,,
05EA005,2026-08-01T15:25:00Z,47,0.975,,,Provisional/Provisoire,,
05EA005,2026-08-01T15:30:00Z,47,0.975,,,Provisional/Provisoire,,
05EA005,2026-08-01T15:35:00Z,47,0.975,,,Provisional/Provisoire,,
05EA005,2026-08-01T15:40:00Z,47,0.975,,,Provisional/Provisoire,,
05EA005,2026-08-01T15:45:00Z,47,0.967,,,Provisional/Provisoire,,
05EA005,2026-08-01T15:50:00Z,47,0.967,,,Provisional/Provisoire,,
05EA005,2026-08-01T15:55:00Z,47,0.967,,,Provisional/Provisoire,,
05EA005,2026-08-01T16:00:00Z,47,0.967,,,Provisional/Provisoire,,
05EA005,2026-08-01T16:05:00Z,47,0.959,,,Provisional/Provisoire,,
05EA005,2026-08-01T16:10:00Z,47,0.959,,,Provisional/Provisoire,,
05EA005,2026-08-01T16:15:00Z,47,0.959,,,Provisional/Provisoire,,
05EA005,2026-08-01T16:20:00Z,47,0.951,,,Provisional/Provisoire,,
05EA005,2026-08-01T16:25:00Z,47,0.951,,,Provisional/Provisoire,,
05EA005,2026-08-01T16:30:00Z,47,0.951,,,Provisional/Provisoire,,
05EA005,2026-08-01T16:35:00Z,47,0.944,,,Provisional/Provisoire,,
05EA005,2026-08-01T16:40:00Z,47,0.944,,,Provisional/Provisoire,,
05EA005,2026-08-01T16:45:00Z,47,0.944,,,Provisional/Provisoire,,
05EA005,2026-08-01T16:50:00Z,47,0.944,,,Provisional/Provisoire,,
05EA005,2026-08-01T16:55:00Z,47,0.936,,,Provisional/Provisoire,,
05EA005,2026-08-01T17:00:00Z,47,0.936,,,Provisional/Provisoire,,
05EA005,2026-08-01T17:05:00Z,47,0.936,,,Provisional/Provisoire,,
05EA005,2026-08-01T17:10:00Z,47,0.936,,,Provisional/Provisoire,,
05EA005,2026-08-01T17:15:00Z,47,0.928,,,Provisional/Provisoire,,
05EA005,2026-08-01T17:20:00Z,47,0.928,,,Provisional/Provisoire,,
05EA005,2026-08-01T17:25:00Z,47,0.928,,,Provisional/Provisoire,,
05EA005,2026-08-01T17:30:00Z,47,0.920,,,Provisional/Provisoire,,
05EA005,2026-08-01T17:35:00Z,47,0.920,,,Provisional/Provisoire,,
05EA005,2026-08-01T17:40:00Z,47,0.920,,,Provisional/Provisoire,,
05EA005,2026-08-01T17:45:00Z,47,0.920,,,Provisional/Provisoire,,
05EA005,2026-08-01T17:50:00Z,47,0.912,,,Provisional/Provisoire,,
05EA005,2026-08-01T17:55:00Z,47,0.912,,,Provisional/Provisoire,,
05EA005,2026-08-01T18:00:00Z,47,0.912,,,Provisional/Provisoire,,
05EA005,2026-08-01T18:05:00Z,47,0.912,,,Provisional/Provisoire,,
05EA005,2026-08-01T18:10:00Z,47,0.905,,,Provisional/Provisoire,,
05EA005,2026-08-01T18:15:00Z,47,0.905,,,Provisional/Provisoire,,
05EA005,2026-08-01T18:20:00Z,47,0.905,,,Provisional/Provisoire,,
05EA005,2026-08-01T18:25:00Z,47,0.897,,,Provisional/Provisoire,,
05EA005,2026-08-01T18:30:00Z,47,0.897,,,Provisional/Provisoire,,
05EA005,2026-08-01T18:35:00Z,47,0.897,,,Provisional/Provisoire,,
05EA005,2026-08-01T18:40:00Z,47,0.897,,,Provisional/Provisoire,,
05EA005,2026-08-01T18:45:00Z,47,0.889,,,Provisional/Provisoire,,
05EA005,2026-08-01T18:50:00Z,47,0.889,,,Provisional/Provisoire,,
05EA005,2026-08-01T18:55:00Z,47,0.889,,,Provisional/Provisoire,,
05EA005,2026-08-01T19:00:00Z,47,0.882,,,Provisional/Provisoire,,
05EA005,2026-08-01T19:05:00Z,47,0.882,,,Provisional/Provisoire,,
05EA005,2026-08-01T19:10:00Z,47,0.882,,,Provisional/Provisoire,,
05EA005,2026-08-01T19:15:00Z,47,0.882,,,Provisional/Provisoire,,
05EA005,2026-08-01T19:20:00Z,47,0.874,,,Provisional/Provisoire,,
05EA005,2026-08-01T19:25:00Z,47,0.874,,,Provisional/Provisoire,,
05EA005,2026-08-01T19:30:00Z,47,0.874,,,Provisional/Provisoire,,
05EA005,2026-08-01T19:35:00Z,47,0.874,,,Provisional/Provisoire,,
05EA005,2026-08-01T19:40:00Z,47,0.874,,,Provisional/Provisoire,,
05EA005,2026-08-01T19:45:00Z,47,0.874,,,Provisional/Provisoire,,
05EA005,2026-08-01T19:50:00Z,47,0.874,,,Provisional/Provisoire,,
05EA005,2026-08-01T19:55:00Z,47,0.867,,,Provisional/Provisoire,,
05EA005,2026-08-01T20:00:00Z,47,0.867,,,Provisional/Provisoire,,
05EA005,2026-08-01T20:05:00Z,47,0.867,,,Provisional/Provisoire,,
05EA005,2026-08-01T20:10:00Z,47,0.867,,,Provisional/Provisoire,,
05EA005,2026-08-01T20:15:00Z,47,0.859,,,Provisional/Provisoire,,
05EA005,2026-08-01T20:20:00Z,47,0.859,,,Provisional/Provisoire,,
05EA005,2026-08-01T20:25:00Z,47,0.859,,,Provisional/Provisoire,,
05EA005,2026-08-01T20:30:00Z,47,0.859,,,Provisional/Provisoire,,
05EA005,2026-08-01T20:35:00Z,47,0.859,,,Provisional/Provisoire,,
05EA005,2026-08-01T20:40:00Z,47,0.852,,,Provisional/Provisoire,,
05EA005,2026-08-01T20:45:00Z,47,0.852,,,Provisional/Provisoire,,
05EA005,2026-08-01T20:50:00Z,47,0.852,,,Provisional/Provisoire,,
05EA005,2026-08-01T20:55:00Z,47,0.852,,,Provisional/Provisoire,,
05EA005,2026-08-01T21:00:00Z,47,0.844,,,Provisional/Provisoire,,
05EA005,2026-08-01T21:05:00Z,47,0.844,,,Provisional/Provisoire,,
05EA005,2026-08-01T21:10:00Z,47,0.844,,,Provisional/Provisoire,,
05EA005,2026-08-01T21:15:00Z,47,0.844,,,Provisional/Provisoire,,
05EA005,2026-08-01T21:20:00Z,47,0.837,,,Provisional/Provisoire,,
05EA005,2026-08-01T21:25:00Z,47,0.837,,,Provisional/Provisoire,,
05EA005,2026-08-01T21:30:00Z,47,0.837,,,Provisional/Provisoire,,
05EA005,2026-08-01T21:35:00Z,47,0.837,,,Provisional/Provisoire,,
05EA005,2026-08-01T21:40:00Z,47,0.837,,,Provisional/Provisoire,,
05EA005,2026-08-01T21:45:00Z,47,0.837,,,Provisional/Provisoire,,
05EA005,2026-08-01T21:50:00Z,47,0.829,,,Provisional/Provisoire,,
05EA005,2026-08-01T21:55:00Z,47,0.829,,,Provisional/Provisoire,,
05EA005,2026-08-01T22:00:00Z,47,0.829,,,Provisional/Provisoire,,
05EA005,2026-08-01T22:05:00Z,47,0.829,,,Provisional/Provisoire,,
05EA005,2026-08-01T22:10:00Z,47,0.829,,,Provisional/Provisoire,,
05EA005,2026-08-01T22:15:00Z,47,0.829,,,Provisional/Provisoire,,
05EA005,2026-08-01T22:20:00Z,47,0.822,,,Provisional/Provisoire,,
05EA005,2026-08-01T22:25:00Z,47,0.822,,,Provisional/Provisoire,,
05EA005,2026-08-01T22:30:00Z,47,0.822,,,Provisional/Provisoire,,
05EA005,2026-08-01T22:35:00Z,47,0.822,,,Provisional/Provisoire,,
05EA005,2026-08-01T22:40:00Z,47,0.822,,,Provisional/Provisoire,,
05EA005,2026-08-01T22:45:00Z,47,0.815,,,Provisional/Provisoire,,
05EA005,2026-08-01T22:50:00Z,47,0.815,,,Provisional/Provisoire,,
05EA005,2026-08-01T22:55:00Z,47,0.815,,,Provisional/Provisoire,,
05EA005,2026-08-01T23:00:00Z,47,0.815,,,Provisional/Provisoire,,
05EA005,2026-08-01T23:05:00Z,47,0.815,,,Provisional/Provisoire,,
05EA005,2026-08-01T23:10:00Z,47,0.815,,,Provisional/Provisoire,,
05EA005,2026-08-01T23:15:00Z,47,0.807,,,Provisional/Provisoire,,
05EA005,2026-08-01T23:20:00Z,47,0.807,,,Provisional/Provisoire,,
05EA005,2026-08-01T23:25:00Z,47,0.807,,,Provisional/Provisoire,,
05EA005,2026-08-01T23:30:00Z,47,0.807,,,Provisional/Provisoire,,
05EA005,2026-08-01T23:35:00Z,47,0.807,,,Provisional/Provisoire,,
05EA005,2026-08-01T23:40:00Z,47,0.807,,,Provisional/Provisoire,,
05EA005,2026-08-01T23:45:00Z,47,0.807,,,Provisional/Provisoire,,
05EA005,2026-08-01T23:50:00Z,47,0.800,,,Provisional/Provisoire,,
05EA005,2026-08-01T23:55:00Z,47,0.800,,,Provisional/Provisoire,,
05EA005,2026-08-02T00:00:00Z,47,0.800,,,Provisional/Provisoire,,
05EA005,2026-08-02T00:05:00Z,47,0.800,,,Provisional/Provisoire,,
05EA005,2026-08-02T00:10:00Z,47,0.800,,,Provisional/Provisoire,,
05EA005,2026-08-02T00:15:00Z,47,0.800,,,Provisional/Provisoire,,
05EA005,2026-08-02T00:20:00Z,47,0.800,,,Provisional/Provisoire,,
05EA005,2026-08-02T00:25:00Z,47,0.793,,,Provisional/Provisoire,,
05EA005,2026-08-02T00:30:00Z,47,0.793,,,Provisional/Provisoire,,
05EA005,2026-08-02T00:35:00Z,47,0.793,,,Provisional/Provisoire,,
05EA005,2026-08-02T00:40:00Z,47,0.793,,,Provisional/Provisoire,,
05EA005,2026-08-02T00:45:00Z,47,0.793,,,Provisional/Provisoire,,
05EA005,2026-08-02T00:50:00Z,47,0.793,,,Provisional/Provisoire,,
05EA005,2026-08-02T00:55:00Z,47,0.793,,,Provisional/Provisoire,,
05EA005,2026-08-02T01:00:00Z,47,0.793,,,Provisional/Provisoire,,
05EA005,2026-08-02T01:05:00Z,47,0.793,,,Provisional/Provisoire,,
05EA005,2026-08-02T01:10:00Z,47,0.793,,,Provisional/Provisoire,,
05EA005,2026-08-02T01:15:00Z,47,0.793,,,Provisional/Provisoire,,
05EA005,2026-08-02T01:20:00Z,47,0.793,,,Provisional/Provisoire,,
05EA005,2026-08-02T01:25:00Z,47,0.786,,,Provisional/Provisoire,,
05EA005,2026-08-02T01:30:00Z,47,0.786,,,Provisional/Provisoire,,
05EA005,2026-08-02T01:35:00Z,47,0.786,,,Provisional/Provisoire,,
05EA005,2026-08-02T01:40:00Z,47,0.786,,,Provisional/Provisoire,,
05EA005,2026-08-02T01:45:00Z,47,0.786,,,Provisional/Provisoire,,
05EA005,2026-08-02T01:50:00Z,47,0.786,,,Provisional/Provisoire,,
05EA005,2026-08-02T01:55:00Z,47,0.786,,,Provisional/Provisoire,,
05EA005,2026-08-02T02:00:00Z,47,0.786,,,Provisional/Provisoire,,
05EA005,2026-08-02T02:05:00Z,47,0.779,,,Provisional/Provisoire,,
05EA005,2026-08-02T02:10:00Z,47,0.779,,,Provisional/Provisoire,,
05EA005,2026-08-02T02:15:00Z,47,0.779,,,Provisional/Provisoire,,
05EA005,2026-08-02T02:20:00Z,47,0.779,,,Provisional/Provisoire,,
05EA005,2026-08-02T02:25:00Z,47,0.779,,,Provisional/Provisoire,,
05EA005,2026-08-02T02:30:00Z,47,0.779,,,Provisional/Provisoire,,
05EA005,2026-08-02T02:35:00Z,47,0.779,,,Provisional/Provisoire,,
05EA005,2026-08-02T02:40:00Z,47,0.779,,,Provisional/Provisoire,,
05EA005,2026-08-02T02:45:00Z,47,0.779,,,Provisional/Provisoire,,
05EA005,2026-08-02T02:50:00Z,47,0.779,,,Provisional/Provisoire,,
05EA005,2026-08-02T02:55:00Z,47,0.779,,,Provisional/Provisoire,,
05EA005,2026-08-02T03:00:00Z,47,0.779,,,Provisional/Provisoire,,
05EA005,2026-08-02T03:05:00Z,47,0.779,,,Provisional/Provisoire,,
05EA005,2026-08-02T03:10:00Z,47,0.779,,,Provisional/Provisoire,,
05EA005,2026-08-02T03:15:00Z,47,0.772,,,Provisional/Provisoire,,
05EA005,2026-08-02T03:20:00Z,47,0.772,,,Provisional/Provisoire,,
05EA005,2026-08-02T03:25:00Z,47,0.772,,,Provisional/Provisoire,,
05EA005,2026-08-02T03:30:00Z,47,0.772,,,Provisional/Provisoire,,
05EA005,2026-08-02T03:35:00Z,47,0.772,,,Provisional/Provisoire,,
05EA005,2026-08-02T03:40:00Z,47,0.772,,,Provisional/Provisoire,,
05EA005,2026-08-02T03:45:00Z,47,0.772,,,Provisional/Provisoire,,
05EA005,2026-08-02T03:50:00Z,47,0.772,,,Provisional/Provisoire,,
05EA005,2026-08-02T03:55:00Z,47,0.772,,,Provisional/Provisoire,,
05EA005,2026-08-02T04:00:00Z,47,0.772,,,Provisional/Provisoire,,
05EA005,2026-08-02T04:05:00Z,47,0.772,,,Provisional/Provisoire,,
05EA005,2026-08-02T04:10:00Z,47,0.772,,,Provisional/Provisoire,,
05EA005,2026-08-02T04:15:00Z,47,0.772,,,Provisional/Provisoire,,
05EA005,2026-08-02T04:20:00Z,47,0.772,,,Provisional/Provisoire,,
05EA005,2026-08-02T04:25:00Z,47,0.772,,,Provisional/Provisoire,,
05EA005,2026-08-02T04:30:00Z,47,0.772,,,Provisional/Provisoire,,
05EA005,2026-08-02T04:35:00Z,47,0.772,,,Provisional/Provisoire,,
05EA005,2026-08-02T04:40:00Z,47,0.772,,,Provisional/Provisoire,,
05EA005,2026-08-02T04:45:00Z,47,0.772,,,Provisional/Provisoire,,
05EA005,2026-08-02T04:50:00Z,47,0.772,,,Provisional/Provisoire,,
05EA005,2026-08-02T04:55:00Z,47,0.772,,,Provisional/Provisoire,,
05EA005,2026-08-02T05:00:00Z,47,0.772,,,Provisional/Provisoire,,
05EA005,2026-08-02T05:05:00Z,47,0.772,,,Provisional/Provisoire,,
05EA005,2026-08-02T05:10:00Z,47,0.772,,,Provisional/Provisoire,,
05EA005,2026-08-02T05:15:00Z,47,0.772,,,Provisional/Provisoire,,
05EA005,2026-08-02T05:20:00Z,47,0.765,,,Provisional/Provisoire,,
05EA005,2026-08-02T05:25:00Z,47,0.765,,,Provisional/Provisoire,,
05EA005,2026-08-02T05:30:00Z,47,0.765,,,Provisional/Provisoire,,
05EA005,2026-08-02T05:35:00Z,47,0.765,,,Provisional/Provisoire,,
05EA005,2026-08-02T05:40:00Z,47,0.765,,,Provisional/Provisoire,,
05EA005,2026-08-02T05:45:00Z,47,0.765,,,Provisional/Provisoire,,
05EA005,2026-08-02T05:50:00Z,47,0.765,,,Provisional/Provisoire,,
05EA005,2026-08-02T05:55:00Z,47,0.765,,,Provisional/Provisoire,,
05EA005,2026-08-02T06:00:00Z,47,0.765,,,Provisional/Provisoire,,
05EA005,2026-08-02T06:05:00Z,47,0.765,,,Provisional/Provisoire,,
05EA005,2026-08-02T06:10:00Z,47,0.765,,,Provisional/Provisoire,,
05EA005,2026-08-02T06:15:00Z,47,0.765,,,Provisional/Provisoire,,
05EA005,2026-08-02T06:20:00Z,47,0.765,,,Provisional/Provisoire,,
05EA005,2026-08-02T06:25:00Z,47,0.758,,,Provisional/Provisoire,,
05EA005,2026-08-02T06:30:00Z,47,0.758,,,Provisional/Provisoire,,
05EA005,2026-08-02T06:35:00Z,47,0.758,,,Provisional/Provisoire,,
05EA005,2026-08-02T06:40:00Z,47,0.758,,,Provisional/Provisoire,,
05EA005,2026-08-02T06:45:00Z,47,0.758,,,Provisional/Provisoire,,
05EA005,2026-08-02T06:50:00Z,47,0.758,,,Provisional/Provisoire,,
05EA005,2026-08-02T06:55:00Z,47,0.758,,,Provisional/Provisoire,,
05EA005,2026-08-02T07:00:00Z,47,0.758,,,Provisional/Provisoire,,
05EA005,2026-08-02T07:05:00Z,47,0.758,,,Provisional/Provisoire,,
05EA005,2026-08-02T07:10:00Z,47,0.758,,,Provisional/Provisoire,,
05EA005,2026-08-02T07:15:00Z,47,0.758,,,Provisional/Provisoire,,
05EA005,2026-08-02T07:20:00Z,47,0.758,,,Provisional/Provisoire,,
05EA005,2026-08-02T07:25:00Z,47,0.758,,,Provisional/Provisoire,,
05EA005,2026-08-02T07:30:00Z,47,0.758,,,Provisional/Provisoire,,
05EA005,2026-08-02T07:35:00Z,47,0.758,,,Provisional/Provisoire,,
05EA005,2026-08-02T07:40:00Z,47,0.758,,,Provisional/Provisoire,,
05EA005,2026-08-02T07:45:00Z,47,0.751,,,Provisional/Provisoire,,
05EA005,2026-08-02T07:50:00Z,47,0.751,,,Provisional/Provisoire,,
05EA005,2026-08-02T07:55:00Z,47,0.751,,,Provisional/Provisoire,,
05EA005,2026-08-02T08:00:00Z,47,0.751,,,Provisional/Provisoire,,
05EA005,2026-08-02T08:05:00Z,47,0.751,,,Provisional/Provisoire,,
05EA005,2026-08-02T08:10:00Z,47,0.751,,,Provisional/Provisoire,,
05EA005,2026-08-02T08:15:00Z,47,0.751,,,Provisional/Provisoire,,
05EA005,2026-08-02T08:20:00Z,47,0.751,,,Provisional/Provisoire,,
05EA005,2026-08-02T08:25:00Z,47,0.751,,,Provisional/Provisoire,,
05EA005,2026-08-02T08:30:00Z,47,0.751,,,Provisional/Provisoire,,
05EA005,2026-08-02T08:35:00Z,47,0.751,,,Provisional/Provisoire,,
05EA005,2026-08-02T08:40:00Z,47,0.751,,,Provisional/Provisoire,,
05EA005,2026-08-02T08:45:00Z,47,0.751,,,Provisional/Provisoire,,
05EA005,2026-08-02T08:50:00Z,47,0.758,,,Provisional/Provisoire,,
05EA005,2026-08-02T08:55:00Z,47,0.758,,,Provisional/Provisoire,,
05EA005,2026-08-02T09:00:00Z,47,0.758,,,Provisional/Provisoire,,
05EA005,2026-08-02T09:05:00Z,47,0.758,,,Provisional/Provisoire,,
05EA005,2026-08-02T09:10:00Z,47,0.758,,,Provisional/Provisoire,,
05EA005,2026-08-02T09:15:00Z,47,0.765,,,Provisional/Provisoire,,
05EA005,2026-08-02T09:20:00Z,47,0.765,,,Provisional/Provisoire,,
05EA005,2026-08-02T09:25:00Z,47,0.765,,,Provisional/Provisoire,,
05EA005,2026-08-02T09:30:00Z,47,0.765,,,Provisional/Provisoire,,
05EA005,2026-08-02T09:35:00Z,47,0.765,,,Provisional/Provisoire,,
05EA005,2026-08-02T09:40:00Z,47,0.765,,,Provisional/Provisoire,,
05EA005,2026-08-02T09:45:00Z,47,0.765,,,Provisional/Provisoire,,
05EA005,2026-08-02T09:50:00Z,47,0.765,,,Provisional/Provisoire,,
05EA005,2026-08-02T09:55:00Z,47,0.765,,,Provisional/Provisoire,,
05EA005,2026-08-02T10:00:00Z,47,0.765,,,Provisional/Provisoire,,
05EA005,2026-08-02T10:05:00Z,47,0.765,,,Provisional/Provisoire,,
05EA005,2026-08-02T10:10:00Z,47,0.765,,,Provisional/Provisoire,,
05EA005,2026-08-02T10:15:00Z,47,0.765,,,Provisional/Provisoire,,
05EA005,2026-08-02T10:20:00Z,47,0.765,,,Provisional/Provisoire,,
05EA005,2026-08-02T10:25:00Z,47,0.765,,,Provisional/Provisoire,,
05EA005,2026-08-02T10:30:00Z,47,0.765,,,Provisional/Provisoire,,
05EA005,2026-08-02T10:35:00Z,47,0.758,,,Provisional/Provisoire,,
05EA005,2026-08-02T10:40:00Z,47,0.758,,,Provisional/Provisoire,,
05EA005,2026-08-02T10:45:00Z,47,0.758,,,Provisional/Provisoire,,
05EA005,2026-08-02T10:50:00Z,47,0.758,,,Provisional/Provisoire,,
05EA005,2026-08-02T10:55:00Z,47,0.758,,,Provisional/Provisoire,,
05EA005,2026-08-02T11:00:00Z,47,0.758,,,Provisional/Provisoire,,
05EA005,2026-08-02T11:05:00Z,47,0.758,,,Provisional/Provisoire,,
05EA005,2026-08-02T11:10:00Z,47,0.758,,,Provisional/Provisoire,,
05EA005,2026-08-02T11:15:00Z,47,0.758,,,Provisional/Provisoire,,
05EA005,2026-08-02T11:20:00Z,47,0.758,,,Provisional/Provisoire,,
05EA005,2026-08-02T11:25:00Z,47,0.751,,,Provisional/Provisoire,,
05EA005,2026-08-02T11:30:00Z,47,0.751,,,Provisional/Provisoire,,
05EA005,2026-08-02T11:35:00Z,47,0.751,,,Provisional/Provisoire,,
05EA005,2026-08-02T11:40:00Z,47,0.751,,,Provisional/Provisoire,,
05EA005,2026-08-02T11:45:00Z,47,0.751,,,Provisional/Provisoire,,
05EA005,2026-08-02T11:50:00Z,47,0.751,,,Provisional/Provisoire,,
05EA005,2026-08-02T11:55:00Z,47,0.751,,,Provisional/Provisoire,,
05EA005,2026-08-02T12:00:00Z,47,0.751,,,Provisional/Provisoire,,
05EA005,2026-08-02T12:05:00Z,47,0.744,,,Provisional/Provisoire,,
05EA005,2026-08-02T12:10:00Z,47,0.744,,,Provisional/Provisoire,,
05EA005,2026-08-02T12:15:00Z,47,0.744,,,Provisional/Provisoire,,
05EA005,2026-08-02T12:20:00Z,47,0.744,,,Provisional/Provisoire,,
05EA005,2026-08-02T12:25:00Z,47,0.744,,,Provisional/Provisoire,,
05EA005,2026-08-02T12:30:00Z,47,0.744,,,Provisional/Provisoire,,
05EA005,2026-08-02T12:35:00Z,47,0.744,,,Provisional/Provisoire,,
05EA005,2026-08-02T12:40:00Z,47,0.737,,,Provisional/Provisoire,,
05EA005,2026-08-02T12:45:00Z,47,0.737,,,Provisional/Provisoire,,
05EA005,2026-08-02T12:50:00Z,47,0.737,,,Provisional/Provisoire,,
05EA005,2026-08-02T12:55:00Z,47,0.737,,,Provisional/Provisoire,,
05EA005,2026-08-02T13:00:00Z,47,0.737,,,Provisional/Provisoire,,
05EA005,2026-08-02T13:05:00Z,47,0.737,,,Provisional/Provisoire,,
05EA005,2026-08-02T13:10:00Z,47,0.737,,,Provisional/Provisoire,,
05EA005,2026-08-02T13:15:00Z,47,0.730,,,Provisional/Provisoire,,
05EA005,2026-08-02T13:20:00Z,47,0.730,,,Provisional/Provisoire,,
05EA005,2026-08-02T13:25:00Z,47,0.730,,,Provisional/Provisoire,,
05EA005,2026-08-02T13:30:00Z,47,0.730,,,Provisional/Provisoire,,
05EA005,2026-08-02T13:35:00Z,47,0.730,,,Provisional/Provisoire,,
05EA005,2026-08-02T13:40:00Z,47,0.730,,,Provisional/Provisoire,,
05EA005,2026-08-02T13:45:00Z,47,0.730,,,Provisional/Provisoire,,
05EA005,2026-08-02T13:50:00Z,47,0.730,,,Provisional/Provisoire,,
05EA005,2026-08-02T13:55:00Z,47,0.730,,,Provisional/Provisoire,,
05EA005,2026-08-02T14:00:00Z,47,0.737,,,Provisional/Provisoire,,
05EA005,2026-08-02T14:05:00Z,47,0.737,,,Provisional/Provisoire,,
05EA005,2026-08-02T14:10:00Z,47,0.737,,,Provisional/Provisoire,,
05EA005,2026-08-02T14:15:00Z,47,0.737,,,Provisional/Provisoire,,
05EA005,2026-08-02T14:20:00Z,47,0.737,,,Provisional/Provisoire,,
05EA005,2026-08-02T14:25:00Z,47,0.744,,,Provisional/Provisoire,,
05EA005,2026-08-02T14:30:00Z,47,0.744,,,Provisional/Provisoire,,
05EA005,2026-08-02T14:35:00Z,47,0.744,,,Provisional/Provisoire,,
05EA005,2026-08-02T14:40:00Z,47,0.744,,,Provisional/Provisoire,,
05EA005,2026-08-02T14:45:00Z,47,0.744,,,Provisional/Provisoire,,
05EA005,2026-08-02T14:50:00Z,47,0.744,,,Provisional/Provisoire,,
05EA005,2026-08-02T14:55:00Z,47,0.744,,,Provisional/Provisoire,,
05EA005,2026-08-02T15:00:00Z,47,0.744,,,Provisional/Provisoire,,
05EA005,2026-08-02T15:05:00Z,47,0.744,,,Provisional/Provisoire,,
05EA005,2026-08-02T15:10:00Z,47,0.744,,,Provisional/Provisoire,,
05EA005,2026-08-02T15:15:00Z,47,0.744,,,Provisional/Provisoire,,
05EA005,2026-08-02T15:20:00Z,47,0.744,,,Provisional/Provisoire,,
05EA005,2026-08-02T15:25:00Z,47,0.744,,,Provisional/Provisoire,,
05EA005,2026-08-02T15:30:00Z,47,0.744,,,Provisional/Provisoire,,
05EA005,2026-08-02T15:35:00Z,47,0.744,,,Provisional/Provisoire,,
05EA005,2026-08-02T15:40:00Z,47,0.744,,,Provisional/Provisoire,,
05EA005,2026-08-02T15:45:00Z,47,0.744,,,Provisional/Provisoire,,
05EA005,2026-08-02T15:50:00Z,47,0.744,,,Provisional/Provisoire,,
05EA005,2026-08-02T15:55:00Z,47,0.744,,,Provisional/Provisoire,,
05EA005,2026-08-02T16:00:00Z,47,0.744,,,Provisional/Provisoire,,
05EA005,2026-08-02T16:05:00Z,47,0.737,,,Provisional/Provisoire,,
05EA005,2026-08-02T16:10:00Z,47,0.737,,,Provisional/Provisoire,,
05EA005,2026-08-02T16:15:00Z,47,0.737,,,Provisional/Provisoire,,
05EA005,2026-08-02T16:20:00Z,47,0.737,,,Provisional/Provisoire,,
05EA005,2026-08-02T16:25:00Z,47,0.737,,,Provisional/Provisoire,,
05EA005,2026-08-02T16:30:00Z,47,0.737,,,Provisional/Provisoire,,
05EA005,2026-08-02T16:35:00Z,47,0.737,,,Provisional/Provisoire,,
05EA005,2026-08-02T16:40:00Z,47,0.737,,,Provisional/Provisoire,,
05EA005,2026-08-02T16:45:00Z,47,0.737,,,Provisional/Provisoire,,
05EA005,2026-08-02T16:50:00Z,47,0.737,,,Provisional/Provisoire,,
05EA005,2026-08-02T16:55:00Z,47,0.730,,,Provisional/Provisoire,,
05EA005,2026-08-02T17:00:00Z,47,0.730,,,Provisional/Provisoire,,
05EA005,2026-08-02T17:05:00Z,47,0.730,,,Provisional/Provisoire,,
05EA005,2026-08-02T17:10:00Z,47,0.730,,,Provisional/Provisoire,,
05EA005,2026-08-02T17:15:00Z,47,0.730,,,Provisional/Provisoire,,
05EA005,2026-08-02T17:20:00Z,47,0.730,,,Provisional/Provisoire,,
05EA005,2026-08-02T17:25:00Z,47,0.730,,,Provisional/Provisoire,,
05EA005,2026-08-02T17:30:00Z,47,0.730,,,Provisional/Provisoire,,
05EA005,2026-08-02T17:35:00Z,47,0.730,,,Provisional/Provisoire,,
05EA005,2026-08-02T17:40:00Z,47,0.730,,,Provisional/Provisoire,,
05EA005,2026-08-02T17:45:00Z,47,0.723,,,Provisional/Provisoire,,
05EA005,2026-08-02T17:50:00Z,47,0.723,,,Provisional/Provisoire,,
05EA005,2026-08-02T17:55:00Z,47,0.723,,,Provisional/Provisoire,,
05EA005,2026-08-02T18:00:00Z,47,0.723,,,Provisional/Provisoire,,
05EA005,2026-08-02T18:05:00Z,47,0.723,,,Provisional/Provisoire,,
05EA005,2026-08-02T18:10:00Z,47,0.723,,,Provisional/Provisoire,,
05EA005,2026-08-02T18:15:00Z,47,0.723,,,Provisional/Provisoire,,
05EA005,2026-08-02T18:20:00Z,47,0.716,,,Provisional/Provisoire,,
05EA005,2026-08-02T18:25:00Z,47,0.716,,,Provisional/Provisoire,,
05EA005,2026-08-02T18:30:00Z,47,0.716,,,Provisional/Provisoire,,
05EA005,2026-08-02T18:35:00Z,47,0.716,,,Provisional/Provisoire,,
05EA005,2026-08-02T18:40:00Z,47,0.716,,,Provisional/Provisoire,,
05EA005,2026-08-02T18:45:00Z,47,0.716,,,Provisional/Provisoire,,
05EA005,2026-08-02T18:50:00Z,47,0.709,,,Provisional/Provisoire,,
05EA005,2026-08-02T18:55:00Z,47,0.709,,,Provisional/Provisoire,,
05EA005,2026-08-02T19:00:00Z,47,0.709,,,Provisional/Provisoire,,
05EA005,2026-08-02T19:05:00Z,47,0.709,,,Provisional/Provisoire,,
05EA005,2026-08-02T19:10:00Z,47,0.709,,,Provisional/Provisoire,,
05EA005,2026-08-02T19:15:00Z,47,0.709,,,Provisional/Provisoire,,
05EA005,2026-08-02T19:20:00Z,47,0.709,,,Provisional/Provisoire,,
05EA005,2026-08-02T19:25:00Z,47,0.709,,,Provisional/Provisoire,,
05EA005,2026-08-02T19:30:00Z,47,0.709,,,Provisional/Provisoire,,
05EA005,2026-08-02T19:35:00Z,47,0.703,,,Provisional/Provisoire,,
05EA005,2026-08-02T19:40:00Z,47,0.703,,,Provisional/Provisoire,,
05EA005,2026-08-02T19:45:00Z,47,0.703,,,Provisional/Provisoire,,
05EA005,2026-08-02T19:50:00Z,47,0.703,,,Provisional/Provisoire,,
05EA005,2026-08-02T19:55:00Z,47,0.703,,,Provisional/Provisoire,,
05EA005,2026-08-02T20:00:00Z,47,0.703,,,Provisional/Provisoire,,
05EA005,2026-08-02T20:05:00Z,47,0.703,,,Provisional/Provisoire,,
05EA005,2026-08-02T20:10:00Z,47,0.703,,,Provisional/Provisoire,,
05EA005,2026-08-02T20:15:00Z,47,0.696,,,Provisional/Provisoire,,
05EA005,2026-08-02T20:20:00Z,47,0.696,,,Provisional/Provisoire,,
05EA005,2026-08-02T20:25:00Z,47,0.696,,,Provisional/Provisoire,,
05EA005,2026-08-02T20:30:00Z,47,0.696,,,Provisional/Provisoire,,
05EA005,2026-08-02T20:35:00Z,47,0.696,,,Provisional/Provisoire,,
05EA005,2026-08-02T20:40:00Z,47,0.696,,,Provisional/Provisoire,,
05EA005,2026-08-02T20:45:00Z,47,0.696,,,Provisional/Provisoire,,
05EA005,2026-08-02T20:50:00Z,47,0.696,,,Provisional/Provisoire,,
05EA005,2026-08-02T20:55:00Z,47,0.696,,,Provisional/Provisoire,,
05EA005,2026-08-02T21:00:00Z,47,0.696,,,Provisional/Provisoire,,
05EA005,2026-08-02T21:05:00Z,47,0.696,,,Provisional/Provisoire,,
05EA005,2026-08-02T21:10:00Z,47,0.696,,,Provisional/Provisoire,,
05EA005,2026-08-02T21:15:00Z,47,0.696,,,Provisional/Provisoire,,
05EA005,2026-08-02T21:20:00Z,47,0.696,,,Provisional/Provisoire,,
05EA005,2026-08-02T21:25:00Z,47,0.689,,,Provisional/Provisoire,,
05EA005,2026-08-02T21:30:00Z,47,0.689,,,Provisional/Provisoire,,
05EA005,2026-08-02T21:35:00Z,47,0.689,,,Provisional/Provisoire,,
05EA005,2026-08-02T21:40:00Z,47,0.689,,,Provisional/Provisoire,,
05EA005,2026-08-02T21:45:00Z,47,0.689,,,Provisional/Provisoire,,
05EA005,2026-08-02T21:50:00Z,47,0.689,,,Provisional/Provisoire,,
05EA005,2026-08-02T21:55:00Z,47,0.689,,,Provisional/Provisoire,,
05EA005,2026-08-02T22:00:00Z,47,0.689,,,Provisional/Provisoire,,
05EA005,2026-08-02T22:05:00Z,47,0.683,,,Provisional/Provisoire,,
05EA005,2026-08-02T22:10:00Z,47,0.683,,,Provisional/Provisoire,,
05EA005,2026-08-02T22:15:00Z,47,0.683,,,Provisional/Provisoire,,
05EA005,2026-08-02T22:20:00Z,47,0.683,,,Provisional/Provisoire,,
05EA005,2026-08-02T22:25:00Z,47,0.683,,,Provisional/Provisoire,,
05EA005,2026-08-02T22:30:00Z,47,0.683,,,Provisional/Provisoire,,
05EA005,2026-08-02T22:35:00Z,47,0.683,,,Provisional/Provisoire,,
05EA005,2026-08-02T22:40:00Z,47,0.683,,,Provisional/Provisoire,,
05EA005,2026-08-02T22:45:00Z,47,0.683,,,Provisional/Provisoire,,
05EA005,2026-08-02T22:50:00Z,47,0.683,,,Provisional/Provisoire,,
05EA005,2026-08-02T22:55:00Z,47,0.683,,,Provisional/Provisoire,,
05EA005,2026-08-02T23:00:00Z,47,0.683,,,Provisional/Provisoire,,
05EA005,2026-08-02T23:05:00Z,47,0.683,,,Provisional/Provisoire,,
05EA005,2026-08-02T23:10:00Z,47,0.683,,,Provisional/Provisoire,,
05EA005,2026-08-02T23:15:00Z,47,0.683,,,Provisional/Provisoire,,
05EA005,2026-08-02T23:20:00Z,47,0.683,,,Provisional/Provisoire,,
05EA005,2026-08-02T23:25:00Z,47,0.683,,,Provisional/Provisoire,,
05EA005,2026-08-02T23:30:00Z,47,0.683,,,Provisional/Provisoire,,
05EA005,2026-08-02T23:35:00Z,47,0.683,,,Provisional/Provisoire,,
05EA005,2026-08-02T23:40:00Z,47,0.683,,,Provisional/Provisoire,,
05EA005,2026-08-02T23:45:00Z,47,0.683,,,Provisional/Provisoire,,
05EA005,2026-08-02T23:50:00Z,47,0.683,,,Provisional/Provisoire,,
05EA005,2026-08-02T23:55:00Z,47,0.683,,,Provisional/Provisoire,,
05EA005,2026-08-03T00:00:00Z,47,0.683,,,Provisional/Provisoire,,
05EA005,2026-08-03T00:05:00Z,47,0.683,,,Provisional/Provisoire,,
05EA005,2026-08-03T00:10:00Z,47,0.683,,,Provisional/Provisoire,,
05EA005,2026-08-03T00:15:00Z,47,0.683,,,Provisional/Provisoire,,
05EA005,2026-08-03T00:20:00Z,47,0.683,,,Provisional/Provisoire,,
05EA005,2026-08-03T00:25:00Z,47,0.683,,,Provisional/Provisoire,,
05EA005,2026-08-03T00:30:00Z,47,0.683,,,Provisional/Provisoire,,
05EA005,2026-08-03T00:35:00Z,47,0.683,,,Provisional/Provisoire,,
05EA005,2026-08-03T00:40:00Z,47,0.676,,,Provisional/Provisoire,,
05EA005,2026-08-03T00:45:00Z,47,0.676,,,Provisional/Provisoire,,
05EA005,2026-08-03T00:50:00Z,47,0.676,,,Provisional/Provisoire,,
05EA005,2026-08-03T00:55:00Z,47,0.676,,,Provisional/Provisoire,,
05EA005,2026-08-03T01:00:00Z,47,0.676,,,Provisional/Provisoire,,
05EA005,2026-08-03T01:05:00Z,47,0.676,,,Provisional/Provisoire,,
05EA005,2026-08-03T01:10:00Z,47,0.676,,,Provisional/Provisoire,,
05EA005,2026-08-03T01:15:00Z,47,0.676,,,Provisional/Provisoire,,
05EA005,2026-08-03T01:20:00Z,47,0.676,,,Provisional/Provisoire,,
05EA005,2026-08-03T01:25:00Z,47,0.676,,,Provisional/Provisoire,,
05EA005,2026-08-03T01:30:00Z,47,0.676,,,Provisional/Provisoire,,
05EA005,2026-08-03T01:35:00Z,47,0.676,,,Provisional/Provisoire,,
05EA005,2026-08-03T01:40:00Z,47,0.676,,,Provisional/Provisoire,,
05EA005,2026-08-03T01:45:00Z,47,0.676,,,Provisional/Provisoire,,
05EA005,2026-08-03T01:50:00Z,47,0.676,,,Provisional/Provisoire,,
05EA005,2026-08-03T01:55:00Z,47,0.676,,,Provisional/Provisoire,,
05EA005,2026-08-03T02:00:00Z,47,0.676,,,Provisional/Provisoire,,
05EA005,2026-08-03T02:05:00Z,47,0.676,,,Provisional/Provisoire,,
05EA005,2026-08-03T02:10:00Z,47,0.676,,,Provisional/Provisoire,,
05EA005,2026-08-03T02:15:00Z,47,0.676,,,Provisional/Provisoire,,
05EA005,2026-08-03T02:20:00Z,47,0.676,,,Provisional/Provisoire,,
05EA005,2026-08-03T02:25:00Z,47,0.676,,,Provisional/Provisoire,,
05EA005,2026-08-03T02:30:00Z,47,0.676,,,Provisional/Provisoire,,
05EA005,2026-08-03T02:35:00Z,47,0.676,,,Provisional/Provisoire,,
05EA005,2026-08-03T02:40:00Z,47,0.676,,,Provisional/Provisoire,,
05EA005,2026-08-03T02:45:00Z,47,0.676,,,Provisional/Provisoire,,
05EA005,2026-08-03T02:50:00Z,47,0.676,,,Provisional/Provisoire,,
05EA005,2026-08-03T02:55:00Z,47,0.676,,,Provisional/Provisoire,,
05EA005,2026-08-03T03:00:00Z,47,0.676,,,Provisional/Provisoire,,
05EA005,2026-08-03T03:05:00Z,47,0.676,,,Provisional/Provisoire,,
05EA005,2026-08-03T03:10:00Z,47,0.676,,,Provisional/Provisoire,,
05EA005,2026-08-03T03:15:00Z,47,0.676,,,Provisional/Provisoire,,
05EA005,2026-08-03T03:20:00Z,47,0.676,,,Provisional/Provisoire,,
05EA005,2026-08-03T03:25:00Z,47,0.676,,,Provisional/Provisoire,,
05EA005,2026-08-03T03:30:00Z,47,0.676,,,Provisional/Provisoire,,
05EA005,2026-08-03T03:35:00Z,47,0.676,,,Provisional/Provisoire,,
05EA005,2026-08-03T03:40:00Z,47,0.676,,,Provisional/Provisoire,,
05EA005,2026-08-03T03:45:00Z,47,0.676,,,Provisional/Provisoire,,
05EA005,2026-08-03T03:50:00Z,47,0.676,,,Provisional/Provisoire,,
05EA005,2026-08-03T03:55:00Z,47,0.676,,,Provisional/Provisoire,,
05EA005,2026-08-03T04:00:00Z,47,0.676,,,Provisional/Provisoire,,
05EA005,2026-08-03T04:05:00Z,47,0.676,,,Provisional/Provisoire,,
05EA005,2026-08-03T04:10:00Z,47,0.676,,,Provisional/Provisoire,,
05EA005,2026-08-03T04:15:00Z,47,0.676,,,Provisional/Provisoire,,
05EA005,2026-08-03T04:20:00Z,47,0.676,,,Provisional/Provisoire,,
05EA005,2026-08-03T04:25:00Z,47,0.676,,,Provisional/Provisoire,,
05EA005,2026-08-03T04:30:00Z,47,0.669,,,Provisional/Provisoire,,
05EA005,2026-08-03T04:35:00Z,47,0.669,,,Provisional/Provisoire,,
05EA005,2026-08-03T04:40:00Z,47,0.669,,,Provisional/Provisoire,,
05EA005,2026-08-03T04:45:00Z,47,0.669,,,Provisional/Provisoire,,
05EA005,2026-08-03T04:50:00Z,47,0.669,,,Provisional/Provisoire,,
05EA005,2026-08-03T04:55:00Z,47,0.669,,,Provisional/Provisoire,,
05EA005,2026-08-03T05:00:00Z,47,0.669,,,Provisional/Provisoire,,
05EA005,2026-08-03T05:05:00Z,47,0.669,,,Provisional/Provisoire,,
05EA005,2026-08-03T05:10:00Z,47,0.663,,,Provisional/Provisoire,,
05EA005,2026-08-03T05:15:00Z,47,0.663,,,Provisional/Provisoire,,
05EA005,2026-08-03T05:20:00Z,47,0.663,,,Provisional/Provisoire,,
05EA005,2026-08-03T05:25:00Z,47,0.663,,,Provisional/Provisoire,,
05EA005,2026-08-03T05:30:00Z,47,0.663,,,Provisional/Provisoire,,
05EA005,2026-08-03T05:35:00Z,47,0.663,,,Provisional/Provisoire,,
05EA005,2026-08-03T05:40:00Z,47,0.663,,,Provisional/Provisoire,,
05EA005,2026-08-03T05:45:00Z,47,0.663,,,Provisional/Provisoire,,
05EA005,2026-08-03T05:50:00Z,47,0.663,,,Provisional/Provisoire,,
05EA005,2026-08-03T05:55:00Z,47,0.663,,,Provisional/Provisoire,,
05EA005,2026-08-03T06:00:00Z,47,0.663,,,Provisional/Provisoire,,
05EA005,2026-08-03T06:05:00Z,47,0.663,,,Provisional/Provisoire,,
05EA005,2026-08-03T06:10:00Z,47,0.663,,,Provisional/Provisoire,,
05EA005,2026-08-03T06:15:00Z,47,0.663,,,Provisional/Provisoire,,
05EA005,2026-08-03T06:20:00Z,47,0.663,,,Provisional/Provisoire,,
05EA005,2026-08-03T06:25:00Z,47,0.663,,,Provisional/Provisoire,,
05EA005,2026-08-03T06:30:00Z,47,0.663,,,Provisional/Provisoire,,
05EA005,2026-08-03T06:35:00Z,47,0.663,,,Provisional/Provisoire,,
05EA005,2026-08-03T06:40:00Z,47,0.663,,,Provisional/Provisoire,,
05EA005,2026-08-03T06:45:00Z,47,0.656,,,Provisional/Provisoire,,
05EA005,2026-08-03T06:50:00Z,47,0.656,,,Provisional/Provisoire,,
05EA005,2026-08-03T06:55:00Z,47,0.656,,,Provisional/Provisoire,,
05EA005,2026-08-03T07:00:00Z,47,0.656,,,Provisional/Provisoire,,
05EA005,2026-08-03T07:05:00Z,47,0.656,,,Provisional/Provisoire,,
05EA005,2026-08-03T07:10:00Z,47,0.656,,,Provisional/Provisoire,,
05EA005,2026-08-03T07:15:00Z,47,0.656,,,Provisional/Provisoire,,
05EA005,2026-08-03T07:20:00Z,47,0.656,,,Provisional/Provisoire,,
05EA005,2026-08-03T07:25:00Z,47,0.656,,,Provisional/Provisoire,,
05EA005,2026-08-03T07:30:00Z,47,0.656,,,Provisional/Provisoire,,
05EA005,2026-08-03T07:35:00Z,47,0.656,,,Provisional/Provisoire,,
05EA005,2026-08-03T07:40:00Z,47,0.656,,,Provisional/Provisoire,,
05EA005,2026-08-03T07:45:00Z,47,0.656,,,Provisional/Provisoire,,
05EA005,2026-08-03T07:50:00Z,47,0.656,,,Provisional/Provisoire,,
05EA005,2026-08-03T07:55:00Z,47,0.650,,,Provisional/Provisoire,,
05EA005,2026-08-03T08:00:00Z,47,0.650,,,Provisional/Provisoire,,
05EA005,2026-08-03T08:05:00Z,47,0.650,,,Provisional/Provisoire,,
05EA005,2026-08-03T08:10:00Z,47,0.650,,,Provisional/Provisoire,,
05EA005,2026-08-03T08:15:00Z,47,0.650,,,Provisional/Provisoire,,
05EA005,2026-08-03T08:20:00Z,47,0.650,,,Provisional/Provisoire,,
05EA005,2026-08-03T08:25:00Z,47,0.650,,,Provisional/Provisoire,,
05EA005,2026-08-03T08:30:00Z,47,0.650,,,Provisional/Provisoire,,
05EA005,2026-08-03T08:35:00Z,47,0.650,,,Provisional/Provisoire,,
05EA005,2026-08-03T08:40:00Z,47,0.650,,,Provisional/Provisoire,,
05EA005,2026-08-03T08:45:00Z,47,0.650,,,Provisional/Provisoire,,
05EA005,2026-08-03T08:50:00Z,47,0.650,,,Provisional/Provisoire,,
05EA005,2026-08-03T08:55:00Z,47,0.650,,,Provisional/Provisoire,,
05EA005,2026-08-03T09:00:00Z,47,0.643,,,Provisional/Provisoire,,
05EA005,2026-08-03T09:05:00Z,47,0.643,,,Provisional/Provisoire,,
05EA005,2026-08-03T09:10:00Z,47,0.643,,,Provisional/Provisoire,,
05EA005,2026-08-03T09:15:00Z,47,0.643,,,Provisional/Provisoire,,
05EA005,2026-08-03T09:20:00Z,47,0.643,,,Provisional/Provisoire,,
05EA005,2026-08-03T09:25:00Z,47,0.643,,,Provisional/Provisoire,,
05EA005,2026-08-03T09:30:00Z,47,0.643,,,Provisional/Provisoire,,
05EA005,2026-08-03T09:35:00Z,47,0.643,,,Provisional/Provisoire,,
05EA005,2026-08-03T09:40:00Z,47,0.643,,,Provisional/Provisoire,,
05EA005,2026-08-03T09:45:00Z,47,0.643,,,Provisional/Provisoire,,
05EA005,2026-08-03T09:50:00Z,47,0.643,,,Provisional/Provisoire,,
05EA005,2026-08-03T09:55:00Z,47,0.637,,,Provisional/Provisoire,,
05EA005,2026-08-03T10:00:00Z,47,0.637,,,Provisional/Provisoire,,
05EA005,2026-08-03T10:05:00Z,47,0.637,,,Provisional/Provisoire,,
05EA005,2026-08-03T10:10:00Z,47,0.637,,,Provisional/Provisoire,,
05EA005,2026-08-03T10:15:00Z,47,0.637,,,Provisional/Provisoire,,
05EA005,2026-08-03T10:20:00Z,47,0.637,,,Provisional/Provisoire,,
05EA005,2026-08-03T10:25:00Z,47,0.637,,,Provisional/Provisoire,,
05EA005,2026-08-03T10:30:00Z,47,0.637,,,Provisional/Provisoire,,
05EA005,2026-08-03T10:35:00Z,47,0.637,,,Provisional/Provisoire,,
05EA005,2026-08-03T10:40:00Z,47,0.637,,,Provisional/Provisoire,,
05EA005,2026-08-03T10:45:00Z,47,0.637,,,Provisional/Provisoire,,
05EA005,2026-08-03T10:50:00Z,47,0.637,,,Provisional/Provisoire,,
05EA005,2026-08-03T10:55:00Z,47,0.637,,,Provisional/Provisoire,,
05EA005,2026-08-03T11:00:00Z,47,0.631,,,Provisional/Provisoire,,
05EA005,2026-08-03T11:05:00Z,47,0.631,,,Provisional/Provisoire,,
05EA005,2026-08-03T11:10:00Z,47,0.631,,,Provisional/Provisoire,,
05EA005,2026-08-03T11:15:00Z,47,0.631,,,Provisional/Provisoire,,
05EA005,2026-08-03T11:20:00Z,47,0.631,,,Provisional/Provisoire,,
05EA005,2026-08-03T11:25:00Z,47,0.631,,,Provisional/Provisoire,,
05EA005,2026-08-03T11:30:00Z,47,0.631,,,Provisional/Provisoire,,
05EA005,2026-08-03T11:35:00Z,47,0.631,,,Provisional/Provisoire,,
05EA005,2026-08-03T11:40:00Z,47,0.631,,,Provisional/Provisoire,,
05EA005,2026-08-03T11:45:00Z,47,0.631,,,Provisional/Provisoire,,
05EA005,2026-08-03T11:50:00Z,47,0.631,,,Provisional/Provisoire,,
05EA005,2026-08-03T11:55:00Z,47,0.631,,,Provisional/Provisoire,,
05EA005,2026-08-03T12:00:00Z,47,0.631,,,Provisional/Provisoire,,
05EA005,2026-08-03T12:05:00Z,47,0.631,,,Provisional/Provisoire,,
05EA005,2026-08-03T12:10:00Z,47,0.631,,,Provisional/Provisoire,,
05EA005,2026-08-03T12:15:00Z,47,0.631,,,Provisional/Provisoire,,
05EA005,2026-08-03T12:20:00Z,47,0.624,,,Provisional/Provisoire,,
05EA005,2026-08-03T12:25:00Z,47,0.624,,,Provisional/Provisoire,,
05EA005,2026-08-03T12:30:00Z,47,0.624,,,Provisional/Provisoire,,
05EA005,2026-08-03T12:35:00Z,47,0.624,,,Provisional/Provisoire,,
05EA005,2026-08-03T12:40:00Z,47,0.624,,,Provisional/Provisoire,,
05EA005,2026-08-03T12:45:00Z,47,0.624,,,Provisional/Provisoire,,
05EA005,2026-08-03T12:50:00Z,47,0.624,,,Provisional/Provisoire,,
05EA005,2026-08-03T12:55:00Z,47,0.624,,,Provisional/Provisoire,,
05EA005,2026-08-03T13:00:00Z,47,0.624,,,Provisional/Provisoire,,
05EA005,2026-08-03T13:05:00Z,47,0.624,,,Provisional/Provisoire,,
05EA005,2026-08-03T13:10:00Z,47,0.624,,,Provisional/Provisoire,,
05EA005,2026-08-03T13:15:00Z,47,0.624,,,Provisional/Provisoire,,
05EA005,2026-08-03T13:20:00Z,47,0.624,,,Provisional/Provisoire,,
05EA005,2026-08-03T13:25:00Z,47,0.618,,,Provisional/Provisoire,,
05EA005,2026-08-03T13:30:00Z,47,0.618,,,Provisional/Provisoire,,
05EA005,2026-08-03T13:35:00Z,47,0.618,,,Provisional/Provisoire,,
05EA005,2026-08-03T13:40:00Z,47,0.618,,,Provisional/Provisoire,,
05EA005,2026-08-03T13:45:00Z,47,0.618,,,Provisional/Provisoire,,
05EA005,2026-08-03T13:50:00Z,47,0.618,,,Provisional/Provisoire,,
05EA005,2026-08-03T13:55:00Z,47,0.618,,,Provisional/Provisoire,,
05EA005,2026-08-03T14:00:00Z,47,0.618,,,Provisional/Provisoire,,
05EA005,2026-08-03T14:05:00Z,47,0.618,,,Provisional/Provisoire,,
05EA005,2026-08-03T14:10:00Z,47,0.618,,,Provisional/Provisoire,,
05EA005,2026-08-03T14:15:00Z,47,0.618,,,Provisional/Provisoire,,
05EA005,2026-08-03T14:20:00Z,47,0.618,,,Provisional/Provisoire,,
05EA005,2026-08-03T14:25:00Z,47,0.618,,,Provisional/Provisoire,,
05EA005,2026-08-03T14:30:00Z,47,0.612,,,Provisional/Provisoire,,
05EA005,2026-08-03T14:35:00Z,47,0.612,,,Provisional/Provisoire,,
05EA005,2026-08-03T14:40:00Z,47,0.612,,,Provisional/Provisoire,,
05EA005,2026-08-03T14:45:00Z,47,0.612,,,Provisional/Provisoire,,
05EA005,2026-08-03T14:50:00Z,47,0.612,,,Provisional/Provisoire,,
05EA005,2026-08-03T14:55:00Z,47,0.612,,,Provisional/Provisoire,,
05EA005,2026-08-03T15:00:00Z,47,0.612,,,Provisional/Provisoire,,
05EA005,2026-08-03T15:05:00Z,47,0.612,,,Provisional/Provisoire,,
05EA005,2026-08-03T15:10:00Z,47,0.612,,,Provisional/Provisoire,,
05EA005,2026-08-03T15:15:00Z,47,0.612,,,Provisional/Provisoire,,
05EA005,2026-08-03T15:20:00Z,47,0.612,,,Provisional/Provisoire,,
05EA005,2026-08-03T15:25:00Z,47,0.606,,,Provisional/Provisoire,,
05EA005,2026-08-03T15:30:00Z,47,0.606,,,Provisional/Provisoire,,
05EA005,2026-08-03T15:35:00Z,47,0.606,,,Provisional/Provisoire,,
05EA005,2026-08-03T15:40:00Z,47,0.606,,,Provisional/Provisoire,,
05EA005,2026-08-03T15:45:00Z,47,0.606,,,Provisional/Provisoire,,
05EA005,2026-08-03T15:50:00Z,47,0.606,,,Provisional/Provisoire,,
05EA005,2026-08-03T15:55:00Z,47,0.606,,,Provisional/Provisoire,,
05EA005,2026-08-03T16:00:00Z,47,0.606,,,Provisional/Provisoire,,
05EA005,2026-08-03T16:05:00Z,47,0.606,,,Provisional/Provisoire,,
05EA005,2026-08-03T16:10:00Z,47,0.606,,,Provisional/Provisoire,,
05EA005,2026-08-03T16:15:00Z,47,0.606,,,Provisional/Provisoire,,
05EA005,2026-08-03T16:20:00Z,47,0.599,,,Provisional/Provisoire,,
05EA005,2026-08-03T16:25:00Z,47,0.599,,,Provisional/Provisoire,,
05EA005,2026-08-03T16:30:00Z,47,0.599,,,Provisional/Provisoire,,
05EA005,2026-08-03T16:35:00Z,47,0.599,,,Provisional/Provisoire,,
05EA005,2026-08-03T16:40:00Z,47,0.599,,,Provisional/Provisoire,,
05EA005,2026-08-03T16:45:00Z,47,0.599,,,Provisional/Provisoire,,
05EA005,2026-08-03T16:50:00Z,47,0.599,,,Provisional/Provisoire,,
05EA005,2026-08-03T16:55:00Z,47,0.599,,,Provisional/Provisoire,,
05EA005,2026-08-03T17:00:00Z,47,0.599,,,Provisional/Provisoire,,
05EA005,2026-08-03T17:05:00Z,47,0.599,,,Provisional/Provisoire,,
05EA005,2026-08-03T17:10:00Z,47,0.599,,,Provisional/Provisoire,,
05EA005,2026-08-03T17:15:00Z,47,0.599,,,Provisional/Provisoire,,
05EA005,2026-08-03T17:20:00Z,47,0.599,,,Provisional/Provisoire,,
05EA005,2026-08-03T17:25:00Z,47,0.593,,,Provisional/Provisoire,,
05EA005,2026-08-03T17:30:00Z,47,0.593,,,Provisional/Provisoire,,
05EA005,2026-08-03T17:35:00Z,47,0.593,,,Provisional/Provisoire,,
05EA005,2026-08-03T17:40:00Z,47,0.593,,,Provisional/Provisoire,,
05EA005,2026-08-03T17:45:00Z,47,0.593,,,Provisional/Provisoire,,
05EA005,2026-08-03T17:50:00Z,47,0.593,,,Provisional/Provisoire,,
05EA005,2026-08-03T17:55:00Z,47,0.593,,,Provisional/Provisoire,,
05EA005,2026-08-03T18:00:00Z,47,0.593,,,Provisional/Provisoire,,
05EA005,2026-08-03T18:05:00Z,47,0.593,,,Provisional/Provisoire,,
05EA005,2026-08-03T18:10:00Z,47,0.593,,,Provisional/Provisoire,,
05EA005,2026-08-03T18:15:00Z,47,0.593,,,Provisional/Provisoire,,
05EA005,2026-08-03T18:20:00Z,47,0.593,,,Provisional/Provisoire,,
05EA005,2026-08-03T18:25:00Z,47,0.587,,,Provisional/Provisoire,,
05EA005,2026-08-03T18:30:00Z,47,0.587,,,Provisional/Provisoire,,
05EA005,2026-08-03T18:35:00Z,47,0.587,,,Provisional/Provisoire,,
05EA005,2026-08-03T18:40:00Z,47,0.587,,,Provisional/Provisoire,,
05EA005,2026-08-03T18:45:00Z,47,0.587,,,Provisional/Provisoire,,
05EA005,2026-08-03T18:50:00Z,47,0.587,,,Provisional/Provisoire,,
05EA005,2026-08-03T18:55:00Z,47,0.587,,,Provisional/Provisoire,,
05EA005,2026-08-03T19:00:00Z,47,0.587,,,Provisional/Provisoire,,
05EA005,2026-08-03T19:05:00Z,47,0.587,,,Provisional/Provisoire,,
05EA005,2026-08-03T19:10:00Z,47,0.587,,,Provisional/Provisoire,,
05EA005,2026-08-03T19:15:00Z,47,0.587,,,Provisional/Provisoire,,
05EA005,2026-08-03T19:20:00Z,47,0.587,,,Provisional/Provisoire,,
05EA005,2026-08-03T19:25:00Z,47,0.587,,,Provisional/Provisoire,,
05EA005,2026-08-03T19:30:00Z,47,0.587,,,Provisional/Provisoire,,
05EA005,2026-08-03T19:35:00Z,47,0.581,,,Provisional/Provisoire,,
05EA005,2026-08-03T19:40:00Z,47,0.581,,,Provisional/Provisoire,,
05EA005,2026-08-03T19:45:00Z,47,0.581,,,Provisional/Provisoire,,
05EA005,2026-08-03T19:50:00Z,47,0.581,,,Provisional/Provisoire,,
05EA005,2026-08-03T19:55:00Z,47,0.581,,,Provisional/Provisoire,,
05EA005,2026-08-03T20:00:00Z,47,0.581,,,Provisional/Provisoire,,
05EA005,2026-08-03T20:05:00Z,47,0.581,,,Provisional/Provisoire,,
05EA005,2026-08-03T20:10:00Z,47,0.581,,,Provisional/Provisoire,,
05EA005,2026-08-03T20:15:00Z,47,0.581,,,Provisional/Provisoire,,
05EA005,2026-08-03T20:20:00Z,47,0.581,,,Provisional/Provisoire,,
05EA005,2026-08-03T20:25:00Z,47,0.581,,,Provisional/Provisoire,,
05EA005,2026-08-03T20:30:00Z,47,0.581,,,Provisional/Provisoire,,
05EA005,2026-08-03T20:35:00Z,47,0.581,,,Provisional/Provisoire,,
05EA005,2026-08-03T20:40:00Z,47,0.575,,,Provisional/Provisoire,,
05EA005,2026-08-03T20:45:00Z,47,0.575,,,Provisional/Provisoire,,
05EA005,2026-08-03T20:50:00Z,47,0.575,,,Provisional/Provisoire,,
05EA005,2026-08-03T20:55:00Z,47,0.575,,,Provisional/Provisoire,,
05EA005,2026-08-03T21:00:00Z,47,0.575,,,Provisional/Provisoire,,
05EA005,2026-08-03T21:05:00Z,47,0.575,,,Provisional/Provisoire,,
05EA005,2026-08-03T21:10:00Z,47,0.575,,,Provisional/Provisoire,,
05EA005,2026-08-03T21:15:00Z,47,0.575,,,Provisional/Provisoire,,
05EA005,2026-08-03T21:20:00Z,47,0.575,,,Provisional/Provisoire,,
05EA005,2026-08-03T21:25:00Z,47,0.575,,,Provisional/Provisoire,,
05EA005,2026-08-03T21:30:00Z,47,0.575,,,Provisional/Provisoire,,
05EA005,2026-08-03T21:35:00Z,47,0.575,,,Provisional/Provisoire,,
05EA005,2026-08-03T21:40:00Z,47,0.575,,,Provisional/Provisoire,,
05EA005,2026-08-03T21:45:00Z,47,0.569,,,Provisional/Provisoire,,
05EA005,2026-08-03T21:50:00Z,47,0.569,,,Provisional/Provisoire,,
05EA005,2026-08-03T21:55:00Z,47,0.569,,,Provisional/Provisoire,,
05EA005,2026-08-03T22:00:00Z,47,0.569,,,Provisional/Provisoire,,
05EA005,2026-08-03T22:05:00Z,47,0.569,,,Provisional/Provisoire,,
05EA005,2026-08-03T22:10:00Z,47,0.569,,,Provisional/Provisoire,,
05EA005,2026-08-03T22:15:00Z,47,0.569,,,Provisional/Provisoire,,
05EA005,2026-08-03T22:20:00Z,47,0.569,,,Provisional/Provisoire,,
05EA005,2026-08-03T22:25:00Z,47,0.569,,,Provisional/Provisoire,,
05EA005,2026-08-03T22:30:00Z,47,0.569,,,Provisional/Provisoire,,
05EA005,2026-08-03T22:35:00Z,47,0.569,,,Provisional/Provisoire,,
05EA005,2026-08-03T22:40:00Z,47,0.569,,,Provisional/Provisoire,,
05EA005,2026-08-03T22:45:00Z,47,0.569,,,Provisional/Provisoire,,
05EA005,2026-08-03T22:50:00Z,47,0.569,,,Provisional/Provisoire,,
05EA005,2026-08-03T22:55:00Z,47,0.569,,,Provisional/Provisoire,,
05EA005,2026-08-03T23:00:00Z,47,0.569,,,Provisional/Provisoire,,
05EA005,2026-08-03T23:05:00Z,47,0.569,,,Provisional/Provisoire,,
05EA005,2026-08-03T23:10:00Z,47,0.569,,,Provisional/Provisoire,,
05EA005,2026-08-03T23:15:00Z,47,0.569,,,Provisional/Provisoire,,
05EA005,2026-08-03T23:20:00Z,47,0.569,,,Provisional/Provisoire,,
05EA005,2026-08-03T23:25:00Z,47,0.569,,,Provisional/Provisoire,,
05EA005,2026-08-03T23:30:00Z,47,0.569,,,Provisional/Provisoire,,
05EA005,2026-08-03T23:35:00Z,47,0.569,,,Provisional/Provisoire,,
05EA005,2026-08-03T23:40:00Z,47,0.563,,,Provisional/Provisoire,,
05EA005,2026-08-03T23:45:00Z,47,0.563,,,Provisional/Provisoire,,
05EA005,2026-08-03T23:50:00Z,47,0.563,,,Provisional/Provisoire,,
05EA005,2026-08-03T23:55:00Z,47,0.563,,,Provisional/Provisoire,,
05EA005,2026-08-04T00:00:00Z,47,0.563,,,Provisional/Provisoire,,
05EA005,2026-08-04T00:05:00Z,47,0.563,,,Provisional/Provisoire,,
05EA005,2026-08-04T00:10:00Z,47,0.563,,,Provisional/Provisoire,,
05EA005,2026-08-04T00:15:00Z,47,0.563,,,Provisional/Provisoire,,
05EA005,2026-08-04T00:20:00Z,47,0.563,,,Provisional/Provisoire,,
05EA005,2026-08-04T00:25:00Z,47,0.563,,,Provisional/Provisoire,,
05EA005,2026-08-04T00:30:00Z,47,0.563,,,Provisional/Provisoire,,
05EA005,2026-08-04T00:35:00Z,47,0.557,,,Provisional/Provisoire,,
05EA005,2026-08-04T00:40:00Z,47,0.557,,,Provisional/Provisoire,,
05EA005,2026-08-04T00:45:00Z,47,0.557,,,Provisional/Provisoire,,
05EA005,2026-08-04T00:50:00Z,47,0.557,,,Provisional/Provisoire,,
05EA005,2026-08-04T00:55:00Z,47,0.557,,,Provisional/Provisoire,,
05EA005,2026-08-04T01:00:00Z,47,0.557,,,Provisional/Provisoire,,
05EA005,2026-08-04T01:05:00Z,47,0.557,,,Provisional/Provisoire,,
05EA005,2026-08-04T01:10:00Z,47,0.557,,,Provisional/Provisoire,,
05EA005,2026-08-04T01:15:00Z,47,0.557,,,Provisional/Provisoire,,
05EA005,2026-08-04T01:20:00Z,47,0.557,,,Provisional/Provisoire,,
05EA005,2026-08-04T01:25:00Z,47,0.557,,,Provisional/Provisoire,,
05EA005,2026-08-04T01:30:00Z,47,0.551,,,Provisional/Provisoire,,
05EA005,2026-08-04T01:35:00Z,47,0.551,,,Provisional/Provisoire,,
05EA005,2026-08-04T01:40:00Z,47,0.551,,,Provisional/Provisoire,,
05EA005,2026-08-04T01:45:00Z,47,0.551,,,Provisional/Provisoire,,
05EA005,2026-08-04T01:50:00Z,47,0.551,,,Provisional/Provisoire,,
05EA005,2026-08-04T01:55:00Z,47,0.551,,,Provisional/Provisoire,,
05EA005,2026-08-04T02:00:00Z,47,0.551,,,Provisional/Provisoire,,
05EA005,2026-08-04T02:05:00Z,47,0.551,,,Provisional/Provisoire,,
05EA005,2026-08-04T02:10:00Z,47,0.551,,,Provisional/Provisoire,,
05EA005,2026-08-04T02:15:00Z,47,0.551,,,Provisional/Provisoire,,
05EA005,2026-08-04T02:20:00Z,47,0.551,,,Provisional/Provisoire,,
05EA005,2026-08-04T02:25:00Z,47,0.545,,,Provisional/Provisoire,,
05EA005,2026-08-04T02:30:00Z,47,0.545,,,Provisional/Provisoire,,
05EA005,2026-08-04T02:35:00Z,47,0.545,,,Provisional/Provisoire,,
05EA005,2026-08-04T02:40:00Z,47,0.545,,,Provisional/Provisoire,,
05EA005,2026-08-04T02:45:00Z,47,0.545,,,Provisional/Provisoire,,
05EA005,2026-08-04T02:50:00Z,47,0.545,,,Provisional/Provisoire,,
05EA005,2026-08-04T02:55:00Z,47,0.545,,,Provisional/Provisoire,,
05EA005,2026-08-04T03:00:00Z,47,0.545,,,Provisional/Provisoire,,
05EA005,2026-08-04T03:05:00Z,47,0.545,,,Provisional/Provisoire,,
05EA005,2026-08-04T03:10:00Z,47,0.545,,,Provisional/Provisoire,,
05EA005,2026-08-04T03:15:00Z,47,0.545,,,Provisional/Provisoire,,
05EA005,2026-08-04T03:20:00Z,47,0.545,,,Provisional/Provisoire,,
05EA005,2026-08-04T03:25:00Z,47,0.545,,,Provisional/Provisoire,,
05EA005,2026-08-04T03:30:00Z,47,0.539,,,Provisional/Provisoire,,
05EA005,2026-08-04T03:35:00Z,47,0.539,,,Provisional/Provisoire,,
05EA005,2026-08-04T03:40:00Z,47,0.539,,,Provisional/Provisoire,,
05EA005,2026-08-04T03:45:00Z,47,0.539,,,Provisional/Provisoire,,
05EA005,2026-08-04T03:50:00Z,47,0.539,,,Provisional/Provisoire,,
05EA005,2026-08-04T03:55:00Z,47,0.539,,,Provisional/Provisoire,,
05EA005,2026-08-04T04:00:00Z,47,0.539,,,Provisional/Provisoire,,
05EA005,2026-08-04T04:05:00Z,47,0.539,,,Provisional/Provisoire,,
05EA005,2026-08-04T04:10:00Z,47,0.539,,,Provisional/Provisoire,,
05EA005,2026-08-04T04:15:00Z,47,0.539,,,Provisional/Provisoire,,
05EA005,2026-08-04T04:20:00Z,47,0.539,,,Provisional/Provisoire,,
05EA005,2026-08-04T04:25:00Z,47,0.533,,,Provisional/Provisoire,,
05EA005,2026-08-04T04:30:00Z,47,0.533,,,Provisional/Provisoire,,
05EA005,2026-08-04T04:35:00Z,47,0.533,,,Provisional/Provisoire,,
05EA005,2026-08-04T04:40:00Z,47,0.533,,,Provisional/Provisoire,,
05EA005,2026-08-04T04:45:00Z,47,0.533,,,Provisional/Provisoire,,
05EA005,2026-08-04T04:50:00Z,47,0.533,,,Provisional/Provisoire,,
05EA005,2026-08-04T04:55:00Z,47,0.533,,,Provisional/Provisoire,,
05EA005,2026-08-04T05:00:00Z,47,0.533,,,Provisional/Provisoire,,
05EA005,2026-08-04T05:05:00Z,47,0.533,,,Provisional/Provisoire,,
05EA005,2026-08-04T05:10:00Z,47,0.533,,,Provisional/Provisoire,,
05EA005,2026-08-04T05:15:00Z,47,0.533,,,Provisional/Provisoire,,
05EA005,2026-08-04T05:20:00Z,47,0.528,,,Provisional/Provisoire,,
05EA005,2026-08-04T05:25:00Z,47,0.528,,,Provisional/Provisoire,,
05EA005,2026-08-04T05:30:00Z,47,0.528,,,Provisional/Provisoire,,
05EA005,2026-08-04T05:35:00Z,47,0.528,,,Provisional/Provisoire,,
05EA005,2026-08-04T05:40:00Z,47,0.528,,,Provisional/Provisoire,,
05EA005,2026-08-04T05:45:00Z,47,0.528,,,Provisional/Provisoire,,
05EA005,2026-08-04T05:50:00Z,47,0.528,,,Provisional/Provisoire,,
05EA005,2026-08-04T05:55:00Z,47,0.528,,,Provisional/Provisoire,,
05EA005,2026-08-04T06:00:00Z,47,0.528,,,Provisional/Provisoire,,
05EA005,2026-08-04T06:05:00Z,47,0.528,,,Provisional/Provisoire,,
05EA005,2026-08-04T06:10:00Z,47,0.528,,,Provisional/Provisoire,,
05EA005,2026-08-04T06:15:00Z,47,0.522,,,Provisional/Provisoire,,
05EA005,2026-08-04T06:20:00Z,47,0.522,,,Provisional/Provisoire,,
05EA005,2026-08-04T06:25:00Z,47,0.522,,,Provisional/Provisoire,,
05EA005,2026-08-04T06:30:00Z,47,0.522,,,Provisional/Provisoire,,
05EA005,2026-08-04T06:35:00Z,47,0.522,,,Provisional/Provisoire,,
05EA005,2026-08-04T06:40:00Z,47,0.522,,,Provisional/Provisoire,,
05EA005,2026-08-04T06:45:00Z,47,0.522,,,Provisional/Provisoire,,
05EA005,2026-08-04T06:50:00Z,47,0.522,,,Provisional/Provisoire,,
05EA005,2026-08-04T06:55:00Z,47,0.522,,,Provisional/Provisoire,,
05EA005,2026-08-04T07:00:00Z,47,0.516,,,Provisional/Provisoire,,
05EA005,2026-08-04T07:05:00Z,47,0.516,,,Provisional/Provisoire,,
05EA005,2026-08-04T07:10:00Z,47,0.516,,,Provisional/Provisoire,,
05EA005,2026-08-04T07:15:00Z,47,0.510,,,Provisional/Provisoire,,
05EA005,2026-08-04T07:20:00Z,47,0.516,,,Provisional/Provisoire,,
05EA005,2026-08-04T07:25:00Z,47,0.516,,,Provisional/Provisoire,,
05EA005,2026-08-04T07:30:00Z,47,0.516,,,Provisional/Provisoire,,
05EA005,2026-08-04T07:35:00Z,47,0.516,,,Provisional/Provisoire,,
05EA005,2026-08-04T07:40:00Z,47,0.516,,,Provisional/Provisoire,,
05EA005,2026-08-04T07:45:00Z,47,0.516,,,Provisional/Provisoire,,
05EA005,2026-08-04T07:50:00Z,47,0.510,,,Provisional/Provisoire,,
05EA005,2026-08-04T07:55:00Z,47,0.510,,,Provisional/Provisoire,,
05EA005,2026-08-04T08:00:00Z,47,0.510,,,Provisional/Provisoire,,
05EA005,2026-08-04T08:05:00Z,47,0.510,,,Provisional/Provisoire,,
05EA005,2026-08-04T08:10:00Z,47,0.510,,,Provisional/Provisoire,,
05EA005,2026-08-04T08:15:00Z,47,0.510,,,Provisional/Provisoire,,
05EA005,2026-08-04T08:20:00Z,47,0.510,,,Provisional/Provisoire,,
05EA005,2026-08-04T08:25:00Z,47,0.510,,,Provisional/Provisoire,,
05EA005,2026-08-04T08:30:00Z,47,0.510,,,Provisional/Provisoire,,
05EA005,2026-08-04T08:35:00Z,47,0.510,,,Provisional/Provisoire,,
05EA005,2026-08-04T08:40:00Z,47,0.510,,,Provisional/Provisoire,,
05EA005,2026-08-04T08:45:00Z,47,0.510,,,Provisional/Provisoire,,
05EA005,2026-08-04T08:50:00Z,47,0.505,,,Provisional/Provisoire,,
05EA005,2026-08-04T08:55:00Z,47,0.505,,,Provisional/Provisoire,,
05EA005,2026-08-04T09:00:00Z,47,0.505,,,Provisional/Provisoire,,
05EA005,2026-08-04T09:05:00Z,47,0.505,,,Provisional/Provisoire,,
05EA005,2026-08-04T09:10:00Z,47,0.505,,,Provisional/Provisoire,,
05EA005,2026-08-04T09:15:00Z,47,0.505,,,Provisional/Provisoire,,
05EA005,2026-08-04T09:20:00Z,47,0.505,,,Provisional/Provisoire,,
05EA005,2026-08-04T09:25:00Z,47,0.505,,,Provisional/Provisoire,,
05EA005,2026-08-04T09:30:00Z,47,0.505,,,Provisional/Provisoire,,
05EA005,2026-08-04T09:35:00Z,47,0.505,,,Provisional/Provisoire,,
05EA005,2026-08-04T09:40:00Z,47,0.505,,,Provisional/Provisoire,,
05EA005,2026-08-04T09:45:00Z,47,0.505,,,Provisional/Provisoire,,
05EA005,2026-08-04T09:50:00Z,47,0.505,,,Provisional/Provisoire,,
05EA005,2026-08-04T09:55:00Z,47,0.505,,,Provisional/Provisoire,,
05EA005,2026-08-04T10:00:00Z,47,0.505,,,Provisional/Provisoire,,
05EA005,2026-08-04T10:05:00Z,47,0.505,,,Provisional/Provisoire,,
05EA005,2026-08-04T10:10:00Z,47,0.499,,,Provisional/Provisoire,,
05EA005,2026-08-04T10:15:00Z,47,0.499,,,Provisional/Provisoire,,
05EA005,2026-08-04T10:20:00Z,47,0.499,,,Provisional/Provisoire,,
05EA005,2026-08-04T10:25:00Z,47,0.499,,,Provisional/Provisoire,,
05EA005,2026-08-04T10:30:00Z,47,0.499,,,Provisional/Provisoire,,
05EA005,2026-08-04T10:35:00Z,47,0.499,,,Provisional/Provisoire,,
05EA005,2026-08-04T10:40:00Z,47,0.499,,,Provisional/Provisoire,,
05EA005,2026-08-04T10:45:00Z,47,0.499,,,Provisional/Provisoire,,
05EA005,2026-08-04T10:50:00Z,47,0.499,,,Provisional/Provisoire,,
05EA005,2026-08-04T10:55:00Z,47,0.499,,,Provisional/Provisoire,,
05EA005,2026-08-04T11:00:00Z,47,0.499,,,Provisional/Provisoire,,
05EA005,2026-08-04T11:05:00Z,47,0.499,,,Provisional/Provisoire,,
05EA005,2026-08-04T11:10:00Z,47,0.499,,,Provisional/Provisoire,,
05EA005,2026-08-04T11:15:00Z,47,0.499,,,Provisional/Provisoire,,
05EA005,2026-08-04T11:20:00Z,47,0.494,,,Provisional/Provisoire,,
05EA005,2026-08-04T11:25:00Z,47,0.494,,,Provisional/Provisoire,,
05EA005,2026-08-04T11:30:00Z,47,0.494,,,Provisional/Provisoire,,
05EA005,2026-08-04T11:35:00Z,47,0.494,,,Provisional/Provisoire,,
05EA005,2026-08-04T11:40:00Z,47,0.494,,,Provisional/Provisoire,,
05EA005,2026-08-04T11:45:00Z,47,0.494,,,Provisional/Provisoire,,
05EA005,2026-08-04T11:50:00Z,47,0.494,,,Provisional/Provisoire,,
05EA005,2026-08-04T11:55:00Z,47,0.494,,,Provisional/Provisoire,,
05EA005,2026-08-04T12:00:00Z,47,0.494,,,Provisional/Provisoire,,
05EA005,2026-08-04T12:05:00Z,47,0.494,,,Provisional/Provisoire,,
05EA005,2026-08-04T12:10:00Z,47,0.494,,,Provisional/Provisoire,,
05EA005,2026-08-04T12:15:00Z,47,0.494,,,Provisional/Provisoire,,
05EA005,2026-08-04T12:20:00Z,47,0.494,,,Provisional/Provisoire,,
05EA005,2026-08-04T12:25:00Z,47,0.494,,,Provisional/Provisoire,,
05EA005,2026-08-04T12:30:00Z,47,0.488,,,Provisional/Provisoire,,
05EA005,2026-08-04T12:35:00Z,47,0.488,,,Provisional/Provisoire,,
05EA005,2026-08-04T12:40:00Z,47,0.488,,,Provisional/Provisoire,,
05EA005,2026-08-04T12:45:00Z,47,0.488,,,Provisional/Provisoire,,
05EA005,2026-08-04T12:50:00Z,47,0.488,,,Provisional/Provisoire,,
05EA005,2026-08-04T12:55:00Z,47,0.488,,,Provisional/Provisoire,,
05EA005,2026-08-04T13:00:00Z,47,0.488,,,Provisional/Provisoire,,
05EA005,2026-08-04T13:05:00Z,47,0.488,,,Provisional/Provisoire,,
05EA005,2026-08-04T13:10:00Z,47,0.488,,,Provisional/Provisoire,,
05EA005,2026-08-04T13:15:00Z,47,0.488,,,Provisional/Provisoire,,
05EA005,2026-08-04T13:20:00Z,47,0.488,,,Provisional/Provisoire,,
05EA005,2026-08-04T13:25:00Z,47,0.488,,,Provisional/Provisoire,,
05EA005,2026-08-04T13:30:00Z,47,0.483,,,Provisional/Provisoire,,
05EA005,2026-08-04T13:35:00Z,47,0.483,,,Provisional/Provisoire,,
05EA005,2026-08-04T13:40:00Z,47,0.483,,,Provisional/Provisoire,,
05EA005,2026-08-04T13:45:00Z,47,0.483,,,Provisional/Provisoire,,
05EA005,2026-08-04T13:50:00Z,47,0.483,,,Provisional/Provisoire,,
05EA005,2026-08-04T13:55:00Z,47,0.483,,,Provisional/Provisoire,,
05EA005,2026-08-04T14:00:00Z,47,0.483,,,Provisional/Provisoire,,
05EA005,2026-08-04T14:05:00Z,47,0.483,,,Provisional/Provisoire,,
05EA005,2026-08-04T14:10:00Z,47,0.483,,,Provisional/Provisoire,,
05EA005,2026-08-04T14:15:00Z,47,0.483,,,Provisional/Provisoire,,
05EA005,2026-08-04T14:20:00Z,47,0.483,,,Provisional/Provisoire,,
05EA005,2026-08-04T14:25:00Z,47,0.483,,,Provisional/Provisoire,,
05EA005,2026-08-04T14:30:00Z,47,0.483,,,Provisional/Provisoire,,
05EA005,2026-08-04T14:35:00Z,47,0.483,,,Provisional/Provisoire,,
05EA005,2026-08-04T14:40:00Z,47,0.483,,,Provisional/Provisoire,,
05EA005,2026-08-04T14:45:00Z,47,0.483,,,Provisional/Provisoire,,
05EA005,2026-08-04T14:50:00Z,47,0.483,,,Provisional/Provisoire,,
05EA005,2026-08-04T14:55:00Z,47,0.483,,,Provisional/Provisoire,,
05EA005,2026-08-04T15:00:00Z,47,0.483,,,Provisional/Provisoire,,
05EA005,2026-08-04T15:05:00Z,47,0.477,,,Provisional/Provisoire,,
05EA005,2026-08-04T15:10:00Z,47,0.477,,,Provisional/Provisoire,,
05EA005,2026-08-04T15:15:00Z,47,0.477,,,Provisional/Provisoire,,
05EA005,2026-08-04T15:20:00Z,47,0.477,,,Provisional/Provisoire,,
05EA005,2026-08-04T15:25:00Z,47,0.477,,,Provisional/Provisoire,,
05EA005,2026-08-04T15:30:00Z,47,0.477,,,Provisional/Provisoire,,
05EA005,2026-08-04T15:35:00Z,47,0.477,,,Provisional/Provisoire,,
05EA005,2026-08-04T15:40:00Z,47,0.477,,,Provisional/Provisoire,,
05EA005,2026-08-04T15:45:00Z,47,0.477,,,Provisional/Provisoire,,
05EA005,2026-08-04T15:50:00Z,47,0.477,,,Provisional/Provisoire,,
05EA005,2026-08-04T15:55:00Z,47,0.472,,,Provisional/Provisoire,,
05EA005,2026-08-04T16:00:00Z,47,0.472,,,Provisional/Provisoire,,
05EA005,2026-08-04T16:05:00Z,47,0.472,,,Provisional/Provisoire,,
05EA005,2026-08-04T16:10:00Z,47,0.472,,,Provisional/Provisoire,,
05EA005,2026-08-04T16:15:00Z,47,0.472,,,Provisional/Provisoire,,
05EA005,2026-08-04T16:20:00Z,47,0.472,,,Provisional/Provisoire,,
05EA005,2026-08-04T16:25:00Z,47,0.472,,,Provisional/Provisoire,,
05EA005,2026-08-04T16:30:00Z,47,0.472,,,Provisional/Provisoire,,
05EA005,2026-08-04T16:35:00Z,47,0.466,,,Provisional/Provisoire,,
05EA005,2026-08-04T16:40:00Z,47,0.466,,,Provisional/Provisoire,,
05EA005,2026-08-04T16:45:00Z,47,0.466,,,Provisional/Provisoire,,
05EA005,2026-08-04T16:50:00Z,47,0.466,,,Provisional/Provisoire,,
05EA005,2026-08-04T16:55:00Z,47,0.466,,,Provisional/Provisoire,,
05EA005,2026-08-04T17:00:00Z,47,0.466,,,Provisional/Provisoire,,
05EA005,2026-08-04T17:05:00Z,47,0.466,,,Provisional/Provisoire,,
05EA005,2026-08-04T17:10:00Z,47,0.461,,,Provisional/Provisoire,,
05EA005,2026-08-04T17:15:00Z,47,0.461,,,Provisional/Provisoire,,
05EA005,2026-08-04T17:20:00Z,47,0.461,,,Provisional/Provisoire,,
05EA005,2026-08-04T17:25:00Z,47,0.461,,,Provisional/Provisoire,,
05EA005,2026-08-04T17:30:00Z,47,0.461,,,Provisional/Provisoire,,
05EA005,2026-08-04T17:35:00Z,47,0.461,,,Provisional/Provisoire,,
05EA005,2026-08-04T17:40:00Z,47,0.455,,,Provisional/Provisoire,,
05EA005,2026-08-04T17:45:00Z,47,0.455,,,Provisional/Provisoire,,
05EA005,2026-08-04T17:50:00Z,47,0.455,,,Provisional/Provisoire,,
05EA005,2026-08-04T17:55:00Z,47,0.455,,,Provisional/Provisoire,,
05EA005,2026-08-04T18:00:00Z,47,0.455,,,Provisional/Provisoire,,
05EA005,2026-08-04T18:05:00Z,47,0.455,,,Provisional/Provisoire,,
05EA005,2026-08-04T18:10:00Z,47,0.455,,,Provisional/Provisoire,,
05EA005,2026-08-04T18:15:00Z,47,0.450,,,Provisional/Provisoire,,
05EA005,2026-08-04T18:20:00Z,47,0.450,,,Provisional/Provisoire,,
05EA005,2026-08-04T18:25:00Z,47,0.450,,,Provisional/Provisoire,,
05EA005,2026-08-04T18:30:00Z,47,0.450,,,Provisional/Provisoire,,
05EA005,2026-08-04T18:35:00Z,47,0.450,,,Provisional/Provisoire,,
05EA005,2026-08-04T18:40:00Z,47,0.450,,,Provisional/Provisoire,,
05EA005,2026-08-04T18:45:00Z,47,0.450,,,Provisional/Provisoire,,
05EA005,2026-08-04T18:50:00Z,47,0.450,,,Provisional/Provisoire,,
05EA005,2026-08-04T18:55:00Z,47,0.450,,,Provisional/Provisoire,,
05EA005,2026-08-04T19:00:00Z,47,0.445,,,Provisional/Provisoire,,
05EA005,2026-08-04T19:05:00Z,47,0.445,,,Provisional/Provisoire,,
05EA005,2026-08-04T19:10:00Z,47,0.445,,,Provisional/Provisoire,,
05EA005,2026-08-04T19:15:00Z,47,0.445,,,Provisional/Provisoire,,
05EA005,2026-08-04T19:20:00Z,47,0.445,,,Provisional/Provisoire,,
05EA005,2026-08-04T19:25:00Z,47,0.445,,,Provisional/Provisoire,,
05EA005,2026-08-04T19:30:00Z,47,0.445,,,Provisional/Provisoire,,
05EA005,2026-08-04T19:35:00Z,47,0.445,,,Provisional/Provisoire,,
05EA005,2026-08-04T19:40:00Z,47,0.440,,,Provisional/Provisoire,,
05EA005,2026-08-04T19:45:00Z,47,0.440,,,Provisional/Provisoire,,
05EA005,2026-08-04T19:50:00Z,47,0.440,,,Provisional/Provisoire,,
05EA005,2026-08-04T19:55:00Z,47,0.440,,,Provisional/Provisoire,,
05EA005,2026-08-04T20:00:00Z,47,0.440,,,Provisional/Provisoire,,
05EA005,2026-08-04T20:05:00Z,47,0.440,,,Provisional/Provisoire,,
05EA005,2026-08-04T20:10:00Z,47,0.440,,,Provisional/Provisoire,,
05EA005,2026-08-04T20:15:00Z,47,0.440,,,Provisional/Provisoire,,
05EA005,2026-08-04T20:20:00Z,47,0.434,,,Provisional/Provisoire,,
05EA005,2026-08-04T20:25:00Z,47,0.434,,,Provisional/Provisoire,,
05EA005,2026-08-04T20:30:00Z,47,0.434,,,Provisional/Provisoire,,
05EA005,2026-08-04T20:35:00Z,47,0.434,,,Provisional/Provisoire,,
05EA005,2026-08-04T20:40:00Z,47,0.434,,,Provisional/Provisoire,,
05EA005,2026-08-04T20:45:00Z,47,0.434,,,Provisional/Provisoire,,
05EA005,2026-08-04T20:50:00Z,47,0.434,,,Provisional/Provisoire,,
05EA005,2026-08-04T20:55:00Z,47,0.434,,,Provisional/Provisoire,,
05EA005,2026-08-04T21:00:00Z,47,0.434,,,Provisional/Provisoire,,
05EA005,2026-08-04T21:05:00Z,47,0.429,,,Provisional/Provisoire,,
05EA005,2026-08-04T21:10:00Z,47,0.429,,,Provisional/Provisoire,,
05EA005,2026-08-04T21:15:00Z,47,0.429,,,Provisional/Provisoire,,
05EA005,2026-08-04T21:20:00Z,47,0.429,,,Provisional/Provisoire,,
05EA005,2026-08-04T21:25:00Z,47,0.429,,,Provisional/Provisoire,,
05EA005,2026-08-04T21:30:00Z,47,0.429,,,Provisional/Provisoire,,
05EA005,2026-08-04T21:35:00Z,47,0.429,,,Provisional/Provisoire,,
05EA005,2026-08-04T21:40:00Z,47,0.429,,,Provisional/Provisoire,,
05EA005,2026-08-04T21:45:00Z,47,0.429,,,Provisional/Provisoire,,
05EA005,2026-08-04T21:50:00Z,47,0.424,,,Provisional/Provisoire,,
05EA005,2026-08-04T21:55:00Z,47,0.424,,,Provisional/Provisoire,,
05EA005,2026-08-04T22:00:00Z,47,0.424,,,Provisional/Provisoire,,
05EA005,2026-08-04T22:05:00Z,47,0.424,,,Provisional/Provisoire,,
05EA005,2026-08-04T22:10:00Z,47,0.424,,,Provisional/Provisoire,,
05EA005,2026-08-04T22:15:00Z,47,0.424,,,Provisional/Provisoire,,
05EA005,2026-08-04T22:20:00Z,47,0.424,,,Provisional/Provisoire,,
05EA005,2026-08-04T22:25:00Z,47,0.424,,,Provisional/Provisoire,,
05EA005,2026-08-04T22:30:00Z,47,0.424,,,Provisional/Provisoire,,
05EA005,2026-08-04T22:35:00Z,47,0.424,,,Provisional/Provisoire,,
05EA005,2026-08-04T22:40:00Z,47,0.419,,,Provisional/Provisoire,,
05EA005,2026-08-04T22:45:00Z,47,0.419,,,Provisional/Provisoire,,
05EA005,2026-08-04T22:50:00Z,47,0.419,,,Provisional/Provisoire,,
05EA005,2026-08-04T22:55:00Z,47,0.419,,,Provisional/Provisoire,,
05EA005,2026-08-04T23:00:00Z,47,0.419,,,Provisional/Provisoire,,
05EA005,2026-08-04T23:05:00Z,47,0.419,,,Provisional/Provisoire,,
05EA005,2026-08-04T23:10:00Z,47,0.419,,,Provisional/Provisoire,,
05EA005,2026-08-04T23:15:00Z,47,0.419,,,Provisional/Provisoire,,
05EA005,2026-08-04T23:20:00Z,47,0.419,,,Provisional/Provisoire,,
05EA005,2026-08-04T23:25:00Z,47,0.419,,,Provisional/Provisoire,,
05EA005,2026-08-04T23:30:00Z,47,0.414,,,Provisional/Provisoire,,
05EA005,2026-08-04T23:35:00Z,47,0.414,,,Provisional/Provisoire,,
05EA005,2026-08-04T23:40:00Z,47,0.414,,,Provisional/Provisoire,,
05EA005,2026-08-04T23:45:00Z,47,0.414,,,Provisional/Provisoire,,
05EA005,2026-08-04T23:50:00Z,47,0.414,,,Provisional/Provisoire,,
05EA005,2026-08-04T23:55:00Z,47,0.414,,,Provisional/Provisoire,,
05EA005,2026-08-05T00:00:00Z,47,0.414,,,Provisional/Provisoire,,
05EA005,2026-08-05T00:05:00Z,47,0.414,,,Provisional/Provisoire,,
05EA005,2026-08-05T00:10:00Z,47,0.414,,,Provisional/Provisoire,,
05EA005,2026-08-05T00:15:00Z,47,0.414,,,Provisional/Provisoire,,
05EA005,2026-08-05T00:20:00Z,47,0.414,,,Provisional/Provisoire,,
05EA005,2026-08-05T00:25:00Z,47,0.414,,,Provisional/Provisoire,,
05EA005,2026-08-05T00:30:00Z,47,0.414,,,Provisional/Provisoire,,
05EA005,2026-08-05T00:35:00Z,47,0.414,,,Provisional/Provisoire,,
05EA005,2026-08-05T00:40:00Z,47,0.414,,,Provisional/Provisoire,,
05EA005,2026-08-05T00:45:00Z,47,0.414,,,Provisional/Provisoire,,
05EA005,2026-08-05T00:50:00Z,47,0.414,,,Provisional/Provisoire,,
05EA005,2026-08-05T00:55:00Z,47,0.419,,,Provisional/Provisoire,,
05EA005,2026-08-05T01:00:00Z,47,0.424,,,Provisional/Provisoire,,
05EA005,2026-08-05T01:05:00Z,47,0.429,,,Provisional/Provisoire,,
05EA005,2026-08-05T01:10:00Z,47,0.429,,,Provisional/Provisoire,,
05EA005,2026-08-05T01:15:00Z,47,0.429,,,Provisional/Provisoire,,
05EA005,2026-08-05T01:20:00Z,47,0.429,,,Provisional/Provisoire,,
05EA005,2026-08-05T01:25:00Z,47,0.429,,,Provisional/Provisoire,,
05EA005,2026-08-05T01:30:00Z,47,0.429,,,Provisional/Provisoire,,
05EA005,2026-08-05T01:35:00Z,47,0.429,,,Provisional/Provisoire,,
05EA005,2026-08-05T01:40:00Z,47,0.429,,,Provisional/Provisoire,,
05EA005,2026-08-05T01:45:00Z,47,0.429,,,Provisional/Provisoire,,
05EA005,2026-08-05T01:50:00Z,47,0.429,,,Provisional/Provisoire,,
05EA005,2026-08-05T01:55:00Z,47,0.429,,,Provisional/Provisoire,,
05EA005,2026-08-05T02:00:00Z,47,0.429,,,Provisional/Provisoire,,
05EA005,2026-08-05T02:05:00Z,47,0.429,,,Provisional/Provisoire,,
05EA005,2026-08-05T02:10:00Z,47,0.429,,,Provisional/Provisoire,,
05EA005,2026-08-05T02:15:00Z,47,0.429,,,Provisional/Provisoire,,
05EA005,2026-08-05T02:20:00Z,47,0.424,,,Provisional/Provisoire,,
05EA005,2026-08-05T02:25:00Z,47,0.424,,,Provisional/Provisoire,,
05EA005,2026-08-05T02:30:00Z,47,0.424,,,Provisional/Provisoire,,
05EA005,2026-08-05T02:35:00Z,47,0.424,,,Provisional/Provisoire,,
05EA005,2026-08-05T02:40:00Z,47,0.424,,,Provisional/Provisoire,,
05EA005,2026-08-05T02:45:00Z,47,0.424,,,Provisional/Provisoire,,
05EA005,2026-08-05T02:50:00Z,47,0.424,,,Provisional/Provisoire,,
05EA005,2026-08-05T02:55:00Z,47,0.424,,,Provisional/Provisoire,,
05EA005,2026-08-05T03:00:00Z,47,0.424,,,Provisional/Provisoire,,
05EA005,2026-08-05T03:05:00Z,47,0.419,,,Provisional/Provisoire,,
05EA005,2026-08-05T03:10:00Z,47,0.419,,,Provisional/Provisoire,,
05EA005,2026-08-05T03:15:00Z,47,0.419,,,Provisional/Provisoire,,
05EA005,2026-08-05T03:20:00Z,47,0.419,,,Provisional/Provisoire,,
05EA005,2026-08-05T03:25:00Z,47,0.419,,,Provisional/Provisoire,,
05EA005,2026-08-05T03:30:00Z,47,0.424,,,Provisional/Provisoire,,
05EA005,2026-08-05T03:35:00Z,47,0.424,,,Provisional/Provisoire,,
05EA005,2026-08-05T03:40:00Z,47,0.424,,,Provisional/Provisoire,,
05EA005,2026-08-05T03:45:00Z,47,0.424,,,Provisional/Provisoire,,
05EA005,2026-08-05T03:50:00Z,47,0.424,,,Provisional/Provisoire,,
05EA005,2026-08-05T03:55:00Z,47,0.424,,,Provisional/Provisoire,,
05EA005,2026-08-05T04:00:00Z,47,0.424,,,Provisional/Provisoire,,
05EA005,2026-08-05T04:05:00Z,47,0.424,,,Provisional/Provisoire,,
05EA005,2026-08-05T04:10:00Z,47,0.424,,,Provisional/Provisoire,,
05EA005,2026-08-05T04:15:00Z,47,0.424,,,Provisional/Provisoire,,
05EA005,2026-08-05T04:20:00Z,47,0.424,,,Provisional/Provisoire,,
05EA005,2026-08-05T04:25:00Z,47,0.424,,,Provisional/Provisoire,,
05EA005,2026-08-05T04:30:00Z,47,0.424,,,Provisional/Provisoire,,
05EA005,2026-08-05T04:35:00Z,47,0.429,,,Provisional/Provisoire,,
05EA005,2026-08-05T04:40:00Z,47,0.429,,,Provisional/Provisoire,,
05EA005,2026-08-05T04:45:00Z,47,0.429,,,Provisional/Provisoire,,
05EA005,2026-08-05T04:50:00Z,47,0.434,,,Provisional/Provisoire,,
05EA005,2026-08-05T04:55:00Z,47,0.434,,,Provisional/Provisoire,,
05EA005,2026-08-05T05:00:00Z,47,0.434,,,Provisional/Provisoire,,
05EA005,2026-08-05T05:05:00Z,47,0.440,,,Provisional/Provisoire,,
05EA005,2026-08-05T05:10:00Z,47,0.440,,,Provisional/Provisoire,,
05EA005,2026-08-05T05:15:00Z,47,0.440,,,Provisional/Provisoire,,
05EA005,2026-08-05T05:20:00Z,47,0.445,,,Provisional/Provisoire,,
05EA005,2026-08-05T05:25:00Z,47,0.445,,,Provisional/Provisoire,,
05EA005,2026-08-05T05:30:00Z,47,0.445,,,Provisional/Provisoire,,
05EA005,2026-08-05T05:35:00Z,47,0.445,,,Provisional/Provisoire,,
05EA005,2026-08-05T05:40:00Z,47,0.445,,,Provisional/Provisoire,,
05EA005,2026-08-05T05:45:00Z,47,0.445,,,Provisional/Provisoire,,
05EA005,2026-08-05T05:50:00Z,47,0.445,,,Provisional/Provisoire,,
05EA005,2026-08-05T05:55:00Z,47,0.445,,,Provisional/Provisoire,,
05EA005,2026-08-05T06:00:00Z,47,0.445,,,Provisional/Provisoire,,
05EA005,2026-08-05T06:05:00Z,47,0.445,,,Provisional/Provisoire,,
05EA005,2026-08-05T06:10:00Z,47,0.445,,,Provisional/Provisoire,,
05EA005,2026-08-05T06:15:00Z,47,0.445,,,Provisional/Provisoire,,
05EA005,2026-08-05T06:20:00Z,47,0.445,,,Provisional/Provisoire,,
05EA005,2026-08-05T06:25:00Z,47,0.445,,,Provisional/Provisoire,,
05EA005,2026-08-05T06:30:00Z,47,0.445,,,Provisional/Provisoire,,
05EA005,2026-08-05T06:35:00Z,47,0.445,,,Provisional/Provisoire,,
05EA005,2026-08-05T06:40:00Z,47,0.445,,,Provisional/Provisoire,,
05EA005,2026-08-05T06:45:00Z,47,0.445,,,Provisional/Provisoire,,
05EA005,2026-08-05T06:50:00Z,47,0.445,,,Provisional/Provisoire,,
05EA005,2026-08-05T06:55:00Z,47,0.445,,,Provisional/Provisoire,,
05EA005,2026-08-05T07:00:00Z,47,0.445,,,Provisional/Provisoire,,
05EA005,2026-08-05T07:05:00Z,47,0.445,,,Provisional/Provisoire,,
05EA005,2026-08-05T07:10:00Z,47,0.445,,,Provisional/Provisoire,,
05EA005,2026-08-05T07:15:00Z,47,0.445,,,Provisional/Provisoire,,
05EA005,2026-08-05T07:20:00Z,47,0.450,,,Provisional/Provisoire,,
05EA005,2026-08-05T07:25:00Z,47,0.450,,,Provisional/Provisoire,,
05EA005,2026-08-05T07:30:00Z,47,0.450,,,Provisional/Provisoire,,
05EA005,2026-08-05T07:35:00Z,47,0.450,,,Provisional/Provisoire,,
05EA005,2026-08-05T07:40:00Z,47,0.450,,,Provisional/Provisoire,,
05EA005,2026-08-05T07:45:00Z,47,0.450,,,Provisional/Provisoire,,
05EA005,2026-08-05T07:50:00Z,47,0.450,,,Provisional/Provisoire,,
05EA005,2026-08-05T07:55:00Z,47,0.450,,,Provisional/Provisoire,,
05EA005,2026-08-05T08:00:00Z,47,0.450,,,Provisional/Provisoire,,
05EA005,2026-08-05T08:05:00Z,47,0.450,,,Provisional/Provisoire,,
05EA005,2026-08-05T08:10:00Z,47,0.450,,,Provisional/Provisoire,,
05EA005,2026-08-05T08:15:00Z,47,0.450,,,Provisional/Provisoire,,
05EA005,2026-08-05T08:20:00Z,47,0.450,,,Provisional/Provisoire,,
05EA005,2026-08-05T08:25:00Z,47,0.450,,,Provisional/Provisoire,,
05EA005,2026-08-05T08:30:00Z,47,0.450,,,Provisional/Provisoire,,
05EA005,2026-08-05T08:35:00Z,47,0.450,,,Provisional/Provisoire,,
05EA005,2026-08-05T08:40:00Z,47,0.450,,,Provisional/Provisoire,,
05EA005,2026-08-05T08:45:00Z,47,0.450,,,Provisional/Provisoire,,
05EA005,2026-08-05T08:50:00Z,47,0.450,,,Provisional/Provisoire,,
05EA005,2026-08-05T08:55:00Z,47,0.450,,,Provisional/Provisoire,,
05EA005,2026-08-05T09:00:00Z,47,0.450,,,Provisional/Provisoire,,
05EA005,2026-08-05T09:05:00Z,47,0.445,,,Provisional/Provisoire,,
05EA005,2026-08-05T09:10:00Z,47,0.445,,,Provisional/Provisoire,,
05EA005,2026-08-05T09:15:00Z,47,0.445,,,Provisional/Provisoire,,
05EA005,2026-08-05T09:20:00Z,47,0.445,,,Provisional/Provisoire,,
05EA005,2026-08-05T09:25:00Z,47,0.445,,,Provisional/Provisoire,,
05EA005,2026-08-05T09:30:00Z,47,0.445,,,Provisional/Provisoire,,
05EA005,2026-08-05T09:35:00Z,47,0.445,,,Provisional/Provisoire,,
05EA005,2026-08-05T09:40:00Z,47,0.445,,,Provisional/Provisoire,,
05EA005,2026-08-05T09:45:00Z,47,0.445,,,Provisional/Provisoire,,
05EA005,2026-08-05T09:50:00Z,47,0.450,,,Provisional/Provisoire,,
05EA005,2026-08-05T09:55:00Z,47,0.450,,,Provisional/Provisoire,,
05EA005,2026-08-05T10:00:00Z,47,0.450,,,Provisional/Provisoire,,
05EA005,2026-08-05T10:05:00Z,47,0.450,,,Provisional/Provisoire,,
05EA005,2026-08-05T10:10:00Z,47,0.450,,,Provisional/Provisoire,,
05EA005,2026-08-05T10:15:00Z,47,0.450,,,Provisional/Provisoire,,
05EA005,2026-08-05T10:20:00Z,47,0.450,,,Provisional/Provisoire,,
05EA005,2026-08-05T10:25:00Z,47,0.450,,,Provisional/Provisoire,,
05EA005,2026-08-05T10:30:00Z,47,0.450,,,Provisional/Provisoire,,
05EA005,2026-08-05T10:35:00Z,47,0.450,,,Provisional/Provisoire,,
05EA005,2026-08-05T10:40:00Z,47,0.450,,,Provisional/Provisoire,,
05EA005,2026-08-05T10:45:00Z,47,0.450,,,Provisional/Provisoire,,
05EA005,2026-08-05T10:50:00Z,47,0.450,,,Provisional/Provisoire,,
05EA005,2026-08-05T10:55:00Z,47,0.450,,,Provisional/Provisoire,,
05EA005,2026-08-05T11:00:00Z,47,0.450,,,Provisional/Provisoire,,
05EA005,2026-08-05T11:05:00Z,47,0.450,,,Provisional/Provisoire,,
05EA005,2026-08-05T11:10:00Z,47,0.450,,,Provisional/Provisoire,,
05EA005,2026-08-05T11:15:00Z,47,0.450,,,Provisional/Provisoire,,
05EA005,2026-08-05T11:20:00Z,47,0.450,,,Provisional/Provisoire,,
05EA005,2026-08-05T11:25:00Z,47,0.450,,,Provisional/Provisoire,,
05EA005,2026-08-05T11:30:00Z,47,0.450,,,Provisional/Provisoire,,
05EA005,2026-08-05T11:35:00Z,47,0.450,,,Provisional/Provisoire,,
05EA005,2026-08-05T11:40:00Z,47,0.450,,,Provisional/Provisoire,,
05EA005,2026-08-05T11:45:00Z,47,0.450,,,Provisional/Provisoire,,
05EA005,2026-08-05T11:50:00Z,47,0.450,,,Provisional/Provisoire,,
05EA005,2026-08-05T11:55:00Z,47,0.450,,,Provisional/Provisoire,,
05EA005,2026-08-05T12:00:00Z,47,0.450,,,Provisional/Provisoire,,
05EA005,2026-08-05T12:05:00Z,47,0.450,,,Provisional/Provisoire,,
05EA005,2026-08-05T12:10:00Z,47,0.450,,,Provisional/Provisoire,,
05EA005,2026-08-05T12:15:00Z,47,0.450,,,Provisional/Provisoire,,
05EA005,2026-08-05T12:20:00Z,47,0.450,,,Provisional/Provisoire,,
05EA005,2026-08-05T12:25:00Z,47,0.450,,,Provisional/Provisoire,,
05EA005,2026-08-05T12:30:00Z,47,0.455,,,Provisional/Provisoire,,
05EA005,2026-08-05T12:35:00Z,47,0.455,,,Provisional/Provisoire,,
05EA005,2026-08-05T12:40:00Z,47,0.455,,,Provisional/Provisoire,,
05EA005,2026-08-05T12:45:00Z,47,0.455,,,Provisional/Provisoire,,
05EA005,2026-08-05T12:50:00Z,47,0.455,,,Provisional/Provisoire,,
05EA005,2026-08-05T12:55:00Z,47,0.455,,,Provisional/Provisoire,,
05EA005,2026-08-05T13:00:00Z,47,0.455,,,Provisional/Provisoire,,
05EA005,2026-08-05T13:05:00Z,47,0.455,,,Provisional/Provisoire,,
05EA005,2026-08-05T13:10:00Z,47,0.455,,,Provisional/Provisoire,,
05EA005,2026-08-05T13:15:00Z,47,0.455,,,Provisional/Provisoire,,
05EA005,2026-08-05T13:20:00Z,47,0.455,,,Provisional/Provisoire,,
05EA005,2026-08-05T13:25:00Z,47,0.455,,,Provisional/Provisoire,,
05EA005,2026-08-05T13:30:00Z,47,0.455,,,Provisional/Provisoire,,
05EA005,2026-08-05T13:35:00Z,47,0.455,,,Provisional/Provisoire,,
05EA005,2026-08-05T13:40:00Z,47,0.455,,,Provisional/Provisoire,,
05EA005,2026-08-05T13:45:00Z,47,0.455,,,Provisional/Provisoire,,
05EA005,2026-08-05T13:50:00Z,47,0.455,,,Provisional/Provisoire,,
05EA005,2026-08-05T13:55:00Z,47,0.455,,,Provisional/Provisoire,,
05EA005,2026-08-05T14:00:00Z,47,0.455,,,Provisional/Provisoire,,
05EA005,2026-08-05T14:05:00Z,47,0.455,,,Provisional/Provisoire,,
05EA005,2026-08-05T14:10:00Z,47,0.455,,,Provisional/Provisoire,,
05EA005,2026-08-05T14:15:00Z,47,0.455,,,Provisional/Provisoire,,
05EA005,2026-08-05T14:20:00Z,47,0.455,,,Provisional/Provisoire,,
05EA005,2026-08-05T14:25:00Z,47,0.455,,,Provisional/Provisoire,,
05EA005,2026-08-05T14:30:00Z,47,0.455,,,Provisional/Provisoire,,
05EA005,2026-08-05T14:35:00Z,47,0.455,,,Provisional/Provisoire,,
05EA005,2026-08-05T14:40:00Z,47,0.455,,,Provisional/Provisoire,,
05EA005,2026-08-05T14:45:00Z,47,0.455,,,Provisional/Provisoire,,
05EA005,2026-08-05T14:50:00Z,47,0.455,,,Provisional/Provisoire,,
05EA005,2026-08-05T14:55:00Z,47,0.455,,,Provisional/Provisoire,,
05EA005,2026-08-05T15:00:00Z,47,0.455,,,Provisional/Provisoire,,
05EA005,2026-08-05T15:05:00Z,47,0.461,,,Provisional/Provisoire,,
05EA005,2026-08-05T15:10:00Z,47,0.461,,,Provisional/Provisoire,,
05EA005,2026-08-05T15:15:00Z,47,0.461,,,Provisional/Provisoire,,
05EA005,2026-08-05T15:20:00Z,47,0.461,,,Provisional/Provisoire,,
05EA005,2026-08-05T15:25:00Z,47,0.461,,,Provisional/Provisoire,,
05EA005,2026-08-05T15:30:00Z,47,0.461,,,Provisional/Provisoire,,
05EA005,2026-08-05T15:35:00Z,47,0.461,,,Provisional/Provisoire,,
05EA005,2026-08-05T15:40:00Z,47,0.461,,,Provisional/Provisoire,,
05EA005,2026-08-05T15:45:00Z,47,0.461,,,Provisional/Provisoire,,
05EA005,2026-08-05T15:50:00Z,47,0.461,,,Provisional/Provisoire,,
05EA005,2026-08-05T15:55:00Z,47,0.461,,,Provisional/Provisoire,,
05EA005,2026-08-05T16:00:00Z,47,0.461,,,Provisional/Provisoire,,
05EA005,2026-08-05T16:05:00Z,47,0.461,,,Provisional/Provisoire,,
05EA005,2026-08-05T16:10:00Z,47,0.461,,,Provisional/Provisoire,,
05EA005,2026-08-05T16:15:00Z,47,0.461,,,Provisional/Provisoire,,
05EA005,2026-08-05T16:20:00Z,47,0.461,,,Provisional/Provisoire,,
05EA005,2026-08-05T16:25:00Z,47,0.461,,,Provisional/Provisoire,,
05EA005,2026-08-05T16:30:00Z,47,0.461,,,Provisional/Provisoire,,
05EA005,2026-08-05T16:35:00Z,47,0.461,,,Provisional/Provisoire,,
05EA005,2026-08-05T16:40:00Z,47,0.461,,,Provisional/Provisoire,,
05EA005,2026-08-05T16:45:00Z,47,0.461,,,Provisional/Provisoire,,
05EA005,2026-08-05T16:50:00Z,47,0.461,,,Provisional/Provisoire,,
05EA005,2026-08-05T16:55:00Z,47,0.461,,,Provisional/Provisoire,,
05EA005,2026-08-05T17:00:00Z,47,0.461,,,Provisional/Provisoire,,
05EA005,2026-08-05T17:05:00Z,47,0.461,,,Provisional/Provisoire,,
05EA005,2026-08-05T17:10:00Z,47,0.461,,,Provisional/Provisoire,,
05EA005,2026-08-05T17:15:00Z,47,0.461,,,Provisional/Provisoire,,
05EA005,2026-08-05T17:20:00Z,47,0.461,,,Provisional/Provisoire,,
05EA005,2026-08-05T17:25:00Z,47,0.461,,,Provisional/Provisoire,,
05EA005,2026-08-05T17:30:00Z,47,0.461,,,Provisional/Provisoire,,
05EA005,2026-08-05T17:35:00Z,47,0.455,,,Provisional/Provisoire,,
05EA005,2026-08-05T17:40:00Z,47,0.455,,,Provisional/Provisoire,,
05EA005,2026-08-05T17:45:00Z,47,0.455,,,Provisional/Provisoire,,
05EA005,2026-08-05T17:50:00Z,47,0.455,,,Provisional/Provisoire,,
05EA005,2026-08-05T17:55:00Z,47,0.455,,,Provisional/Provisoire,,
05EA005,2026-08-05T18:00:00Z,47,0.455,,,Provisional/Provisoire,,
05EA005,2026-08-05T18:05:00Z,47,0.455,,,Provisional/Provisoire,,
05EA005,2026-08-05T18:10:00Z,47,0.455,,,Provisional/Provisoire,,
05EA005,2026-08-05T18:15:00Z,47,0.455,,,Provisional/Provisoire,,
05EA005,2026-08-05T18:20:00Z,47,0.455,,,Provisional/Provisoire,,
05EA005,2026-08-05T18:25:00Z,47,0.455,,,Provisional/Provisoire,,
05EA005,2026-08-05T18:30:00Z,47,0.455,,,Provisional/Provisoire,,
05EA005,2026-08-05T18:35:00Z,47,0.455,,,Provisional/Provisoire,,
05EA005,2026-08-05T18:40:00Z,47,0.455,,,Provisional/Provisoire,,
05EA005,2026-08-05T18:45:00Z,47,0.455,,,Provisional/Provisoire,,
05EA005,2026-08-05T18:50:00Z,47,0.455,,,Provisional/Provisoire,,
05EA005,2026-08-05T18:55:00Z,47,0.455,,,Provisional/Provisoire,,
05EA005,2026-08-05T19:00:00Z,47,0.455,,,Provisional/Provisoire,,
05EA005,2026-08-05T19:05:00Z,47,0.455,,,Provisional/Provisoire,,
05EA005,2026-08-05T19:10:00Z,47,0.455,,,Provisional/Provisoire,,
05EA005,2026-08-05T19:15:00Z,47,0.455,,,Provisional/Provisoire,,
05EA005,2026-08-05T19:20:00Z,47,0.455,,,Provisional/Provisoire,,
05EA005,2026-08-05T19:25:00Z,47,0.455,,,Provisional/Provisoire,,
05EA005,2026-08-05T19:30:00Z,47,0.455,,,Provisional/Provisoire,,
05EA005,2026-08-05T19:35:00Z,47,0.455,,,Provisional/Provisoire,,
05EA005,2026-08-05T19:40:00Z,47,0.455,,,Provisional/Provisoire,,
05EA005,2026-08-05T19:45:00Z,47,0.450,,,Provisional/Provisoire,,
05EA005,2026-08-05T19:50:00Z,47,0.450,,,Provisional/Provisoire,,
05EA005,2026-08-05T19:55:00Z,47,0.450,,,Provisional/Provisoire,,
05EA005,2026-08-05T20:00:00Z,47,0.450,,,Provisional/Provisoire,,
05EA005,2026-08-05T20:05:00Z,47,0.450,,,Provisional/Provisoire,,
05EA005,2026-08-05T20:10:00Z,47,0.450,,,Provisional/Provisoire,,
05EA005,2026-08-05T20:15:00Z,47,0.450,,,Provisional/Provisoire,,
05EA005,2026-08-05T20:20:00Z,47,0.450,,,Provisional/Provisoire,,
05EA005,2026-08-05T20:25:00Z,47,0.450,,,Provisional/Provisoire,,
05EA005,2026-08-05T20:30:00Z,47,0.450,,,Provisional/Provisoire,,
05EA005,2026-08-05T20:35:00Z,47,0.450,,,Provisional/Provisoire,,
05EA005,2026-08-05T20:40:00Z,47,0.450,,,Provisional/Provisoire,,
05EA005,2026-08-05T20:45:00Z,47,0.450,,,Provisional/Provisoire,,
05EA005,2026-08-05T20:50:00Z,47,0.450,,,Provisional/Provisoire,,
05EA005,2026-08-05T20:55:00Z,47,0.450,,,Provisional/Provisoire,,
05EA005,2026-08-05T21:00:00Z,47,0.450,,,Provisional/Provisoire,,
05EA005,2026-08-05T21:05:00Z,47,0.445,,,Provisional/Provisoire,,
05EA005,2026-08-05T21:10:00Z,47,0.445,,,Provisional/Provisoire,,
05EA005,2026-08-05T21:15:00Z,47,0.445,,,Provisional/Provisoire,,
05EA005,2026-08-05T21:20:00Z,47,0.445,,,Provisional/Provisoire,,
05EA005,2026-08-05T21:25:00Z,47,0.445,,,Provisional/Provisoire,,
05EA005,2026-08-05T21:30:00Z,47,0.445,,,Provisional/Provisoire,,
05EA005,2026-08-05T21:35:00Z,47,0.445,,,Provisional/Provisoire,,
05EA005,2026-08-05T21:40:00Z,47,0.445,,,Provisional/Provisoire,,
05EA005,2026-08-05T21:45:00Z,47,0.445,,,Provisional/Provisoire,,
05EA005,2026-08-05T21:50:00Z,47,0.445,,,Provisional/Provisoire,,
05EA005,2026-08-05T21:55:00Z,47,0.440,,,Provisional/Provisoire,,
05EA005,2026-08-05T22:00:00Z,47,0.440,,,Provisional/Provisoire,,
05EA005,2026-08-05T22:05:00Z,47,0.440,,,Provisional/Provisoire,,
05EA005,2026-08-05T22:10:00Z,47,0.440,,,Provisional/Provisoire,,
05EA005,2026-08-05T22:15:00Z,47,0.440,,,Provisional/Provisoire,,
05EA005,2026-08-05T22:20:00Z,47,0.440,,,Provisional/Provisoire,,
05EA005,2026-08-05T22:25:00Z,47,0.440,,,Provisional/Provisoire,,
05EA005,2026-08-05T22:30:00Z,47,0.440,,,Provisional/Provisoire,,
05EA005,2026-08-05T22:35:00Z,47,0.440,,,Provisional/Provisoire,,
05EA005,2026-08-05T22:40:00Z,47,0.434,,,Provisional/Provisoire,,
05EA005,2026-08-05T22:45:00Z,47,0.434,,,Provisional/Provisoire,,
05EA005,2026-08-05T22:50:00Z,47,0.434,,,Provisional/Provisoire,,
05EA005,2026-08-05T22:55:00Z,47,0.434,,,Provisional/Provisoire,,
05EA005,2026-08-05T23:00:00Z,47,0.434,,,Provisional/Provisoire,,
05EA005,2026-08-05T23:05:00Z,47,0.434,,,Provisional/Provisoire,,
05EA005,2026-08-05T23:10:00Z,47,0.434,,,Provisional/Provisoire,,
05EA005,2026-08-05T23:15:00Z,47,0.434,,,Provisional/Provisoire,,
05EA005,2026-08-05T23:20:00Z,47,0.434,,,Provisional/Provisoire,,
05EA005,2026-08-05T23:25:00Z,47,0.429,,,Provisional/Provisoire,,
05EA005,2026-08-05T23:30:00Z,47,0.429,,,Provisional/Provisoire,,
05EA005,2026-08-05T23:35:00Z,47,0.429,,,Provisional/Provisoire,,
05EA005,2026-08-05T23:40:00Z,47,0.429,,,Provisional/Provisoire,,
05EA005,2026-08-05T23:45:00Z,47,0.429,,,Provisional/Provisoire,,
05EA005,2026-08-05T23:50:00Z,47,0.429,,,Provisional/Provisoire,,
05EA005,2026-08-05T23:55:00Z,47,0.429,,,Provisional/Provisoire,,
05EA005,2026-08-06T00:00:00Z,47,0.429,,,Provisional/Provisoire,,
05EA005,2026-08-06T00:05:00Z,47,0.429,,,Provisional/Provisoire,,
05EA005,2026-08-06T00:10:00Z,47,0.429,,,Provisional/Provisoire,,
05EA005,2026-08-06T00:15:00Z,47,0.429,,,Provisional/Provisoire,,
05EA005,2026-08-06T00:20:00Z,47,0.424,,,Provisional/Provisoire,,
05EA005,2026-08-06T00:25:00Z,47,0.424,,,Provisional/Provisoire,,
05EA005,2026-08-06T00:30:00Z,47,0.424,,,Provisional/Provisoire,,
05EA005,2026-08-06T00:35:00Z,47,0.424,,,Provisional/Provisoire,,
05EA005,2026-08-06T00:40:00Z,47,0.424,,,Provisional/Provisoire,,
05EA005,2026-08-06T00:45:00Z,47,0.424,,,Provisional/Provisoire,,
05EA005,2026-08-06T00:50:00Z,47,0.424,,,Provisional/Provisoire,,
05EA005,2026-08-06T00:55:00Z,47,0.424,,,Provisional/Provisoire,,
05EA005,2026-08-06T01:00:00Z,47,0.424,,,Provisional/Provisoire,,
05EA005,2026-08-06T01:05:00Z,47,0.424,,,Provisional/Provisoire,,
05EA005,2026-08-06T01:10:00Z,47,0.424,,,Provisional/Provisoire,,
05EA005,2026-08-06T01:15:00Z,47,0.424,,,Provisional/Provisoire,,
05EA005,2026-08-06T01:20:00Z,47,0.424,,,Provisional/Provisoire,,
05EA005,2026-08-06T01:25:00Z,47,0.424,,,Provisional/Provisoire,,
05EA005,2026-08-06T01:30:00Z,47,0.424,,,Provisional/Provisoire,,
05EA005,2026-08-06T01:35:00Z,47,0.424,,,Provisional/Provisoire,,
05EA005,2026-08-06T01:40:00Z,47,0.419,,,Provisional/Provisoire,,
05EA005,2026-08-06T01:45:00Z,47,0.419,,,Provisional/Provisoire,,
05EA005,2026-08-06T01:50:00Z,47,0.419,,,Provisional/Provisoire,,
05EA005,2026-08-06T01:55:00Z,47,0.419,,,Provisional/Provisoire,,
05EA005,2026-08-06T02:00:00Z,47,0.419,,,Provisional/Provisoire,,
05EA005,2026-08-06T02:05:00Z,47,0.419,,,Provisional/Provisoire,,
05EA005,2026-08-06T02:10:00Z,47,0.419,,,Provisional/Provisoire,,
05EA005,2026-08-06T02:15:00Z,47,0.419,,,Provisional/Provisoire,,
05EA005,2026-08-06T02:20:00Z,47,0.419,,,Provisional/Provisoire,,
05EA005,2026-08-06T02:25:00Z,47,0.419,,,Provisional/Provisoire,,
05EA005,2026-08-06T02:30:00Z,47,0.419,,,Provisional/Provisoire,,
05EA005,2026-08-06T02:35:00Z,47,0.419,,,Provisional/Provisoire,,
05EA005,2026-08-06T02:40:00Z,47,0.419,,,Provisional/Provisoire,,
05EA005,2026-08-06T02:45:00Z,47,0.419,,,Provisional/Provisoire,,
05EA005,2026-08-06T02:50:00Z,47,0.419,,,Provisional/Provisoire,,
05EA005,2026-08-06T02:55:00Z,47,0.419,,,Provisional/Provisoire,,
05EA005,2026-08-06T03:00:00Z,47,0.419,,,Provisional/Provisoire,,
05EA005,2026-08-06T03:05:00Z,47,0.414,,,Provisional/Provisoire,,
05EA005,2026-08-06T03:10:00Z,47,0.414,,,Provisional/Provisoire,,
05EA005,2026-08-06T03:15:00Z,47,0.414,,,Provisional/Provisoire,,
05EA005,2026-08-06T03:20:00Z,47,0.414,,,Provisional/Provisoire,,
05EA005,2026-08-06T03:25:00Z,47,0.414,,,Provisional/Provisoire,,
05EA005,2026-08-06T03:30:00Z,47,0.414,,,Provisional/Provisoire,,
05EA005,2026-08-06T03:35:00Z,47,0.414,,,Provisional/Provisoire,,
05EA005,2026-08-06T03:40:00Z,47,0.414,,,Provisional/Provisoire,,
05EA005,2026-08-06T03:45:00Z,47,0.414,,,Provisional/Provisoire,,
05EA005,2026-08-06T03:50:00Z,47,0.414,,,Provisional/Provisoire,,
05EA005,2026-08-06T03:55:00Z,47,0.414,,,Provisional/Provisoire,,
05EA005,2026-08-06T04:00:00Z,47,0.414,,,Provisional/Provisoire,,
05EA005,2026-08-06T04:05:00Z,47,0.414,,,Provisional/Provisoire,,
05EA005,2026-08-06T04:10:00Z,47,0.414,,,Provisional/Provisoire,,
05EA005,2026-08-06T04:15:00Z,47,0.414,,,Provisional/Provisoire,,
05EA005,2026-08-06T04:20:00Z,47,0.414,,,Provisional/Provisoire,,
05EA005,2026-08-06T04:25:00Z,47,0.409,,,Provisional/Provisoire,,
05EA005,2026-08-06T04:30:00Z,47,0.409,,,Provisional/Provisoire,,
05EA005,2026-08-06T04:35:00Z,47,0.409,,,Provisional/Provisoire,,
05EA005,2026-08-06T04:40:00Z,47,0.409,,,Provisional/Provisoire,,
05EA005,2026-08-06T04:45:00Z,47,0.409,,,Provisional/Provisoire,,
05EA005,2026-08-06T04:50:00Z,47,0.409,,,Provisional/Provisoire,,
05EA005,2026-08-06T04:55:00Z,47,0.409,,,Provisional/Provisoire,,
05EA005,2026-08-06T05:00:00Z,47,0.409,,,Provisional/Provisoire,,
05EA005,2026-08-06T05:05:00Z,47,0.409,,,Provisional/Provisoire,,
05EA005,2026-08-06T05:10:00Z,47,0.409,,,Provisional/Provisoire,,
05EA005,2026-08-06T05:15:00Z,47,0.409,,,Provisional/Provisoire,,
05EA005,2026-08-06T05:20:00Z,47,0.409,,,Provisional/Provisoire,,
05EA005,2026-08-06T05:25:00Z,47,0.409,,,Provisional/Provisoire,,
05EA005,2026-08-06T05:30:00Z,47,0.404,,,Provisional/Provisoire,,
05EA005,2026-08-06T05:35:00Z,47,0.404,,,Provisional/Provisoire,,
05EA005,2026-08-06T05:40:00Z,47,0.404,,,Provisional/Provisoire,,
05EA005,2026-08-06T05:45:00Z,47,0.404,,,Provisional/Provisoire,,
05EA005,2026-08-06T05:50:00Z,47,0.404,,,Provisional/Provisoire,,
05EA005,2026-08-06T05:55:00Z,47,0.404,,,Provisional/Provisoire,,
05EA005,2026-08-06T06:00:00Z,47,0.409,,,Provisional/Provisoire,,
05EA005,2026-08-06T06:05:00Z,47,0.409,,,Provisional/Provisoire,,
05EA005,2026-08-06T06:10:00Z,47,0.409,,,Provisional/Provisoire,,
05EA005,2026-08-06T06:15:00Z,47,0.409,,,Provisional/Provisoire,,
05EA005,2026-08-06T06:20:00Z,47,0.409,,,Provisional/Provisoire,,
05EA005,2026-08-06T06:25:00Z,47,0.409,,,Provisional/Provisoire,,
05EA005,2026-08-06T06:30:00Z,47,0.409,,,Provisional/Provisoire,,
05EA005,2026-08-06T06:35:00Z,47,0.409,,,Provisional/Provisoire,,
05EA005,2026-08-06T06:40:00Z,47,0.409,,,Provisional/Provisoire,,
05EA005,2026-08-06T06:45:00Z,47,0.409,,,Provisional/Provisoire,,
05EA005,2026-08-06T06:50:00Z,47,0.409,,,Provisional/Provisoire,,
05EA005,2026-08-06T06:55:00Z,47,0.409,,,Provisional/Provisoire,,
05EA005,2026-08-06T07:00:00Z,47,0.409,,,Provisional/Provisoire,,
05EA005,2026-08-06T07:05:00Z,47,0.409,,,Provisional/Provisoire,,
05EA005,2026-08-06T07:10:00Z,47,0.409,,,Provisional/Provisoire,,
05EA005,2026-08-06T07:15:00Z,47,0.409,,,Provisional/Provisoire,,
05EA005,2026-08-06T07:20:00Z,47,0.409,,,Provisional/Provisoire,,
05EA005,2026-08-06T07:25:00Z,47,0.409,,,Provisional/Provisoire,,
05EA005,2026-08-06T07:30:00Z,47,0.409,,,Provisional/Provisoire,,
05EA005,2026-08-06T07:35:00Z,47,0.409,,,Provisional/Provisoire,,
05EA005,2026-08-06T07:40:00Z,47,0.409,,,Provisional/Provisoire,,
05EA005,2026-08-06T07:45:00Z,47,0.409,,,Provisional/Provisoire,,
05EA005,2026-08-06T07:50:00Z,47,0.409,,,Provisional/Provisoire,,
05EA005,2026-08-06T07:55:00Z,47,0.409,,,Provisional/Provisoire,,
05EA005,2026-08-06T08:00:00Z,47,0.409,,,Provisional/Provisoire,,
05EA005,2026-08-06T08:05:00Z,47,0.409,,,Provisional/Provisoire,,
05EA005,2026-08-06T08:10:00Z,47,0.409,,,Provisional/Provisoire,,
05EA005,2026-08-06T08:15:00Z,47,0.409,,,Provisional/Provisoire,,
05EA005,2026-08-06T08:20:00Z,47,0.409,,,Provisional/Provisoire,,
05EA005,2026-08-06T08:25:00Z,47,0.409,,,Provisional/Provisoire,,
05EA005,2026-08-06T08:30:00Z,47,0.409,,,Provisional/Provisoire,,
05EA005,2026-08-06T08:35:00Z,47,0.409,,,Provisional/Provisoire,,
05EA005,2026-08-06T08:40:00Z,47,0.409,,,Provisional/Provisoire,,
05EA005,2026-08-06T08:45:00Z,47,0.409,,,Provisional/Provisoire,,
05EA005,2026-08-06T08:50:00Z,47,0.409,,,Provisional/Provisoire,,
05EA005,2026-08-06T08:55:00Z,47,0.409,,,Provisional/Provisoire,,
05EA005,2026-08-06T09:00:00Z,47,0.409,,,Provisional/Provisoire,,
05EA005,2026-08-06T09:05:00Z,47,0.409,,,Provisional/Provisoire,,
05EA005,2026-08-06T09:10:00Z,47,0.409,,,Provisional/Provisoire,,
05EA005,2026-08-06T09:15:00Z,47,0.409,,,Provisional/Provisoire,,
05EA005,2026-08-06T09:20:00Z,47,0.409,,,Provisional/Provisoire,,
05EA005,2026-08-06T09:25:00Z,47,0.404,,,Provisional/Provisoire,,
05EA005,2026-08-06T09:30:00Z,47,0.404,,,Provisional/Provisoire,,
05EA005,2026-08-06T09:35:00Z,47,0.404,,,Provisional/Provisoire,,
05EA005,2026-08-06T09:40:00Z,47,0.404,,,Provisional/Provisoire,,
05EA005,2026-08-06T09:45:00Z,47,0.404,,,Provisional/Provisoire,,
05EA005,2026-08-06T09:50:00Z,47,0.404,,,Provisional/Provisoire,,
05EA005,2026-08-06T09:55:00Z,47,0.404,,,Provisional/Provisoire,,
05EA005,2026-08-06T10:00:00Z,47,0.404,,,Provisional/Provisoire,,
05EA005,2026-08-06T10:05:00Z,47,0.404,,,Provisional/Provisoire,,
05EA005,2026-08-06T10:10:00Z,47,0.404,,,Provisional/Provisoire,,
05EA005,2026-08-06T10:15:00Z,47,0.404,,,Provisional/Provisoire,,
05EA005,2026-08-06T10:20:00Z,47,0.404,,,Provisional/Provisoire,,
05EA005,2026-08-06T10:25:00Z,47,0.404,,,Provisional/Provisoire,,
05EA005,2026-08-06T10:30:00Z,47,0.404,,,Provisional/Provisoire,,
05EA005,2026-08-06T10:35:00Z,47,0.404,,,Provisional/Provisoire,,
05EA005,2026-08-06T10:40:00Z,47,0.404,,,Provisional/Provisoire,,
05EA005,2026-08-06T10:45:00Z,47,0.404,,,Provisional/Provisoire,,
05EA005,2026-08-06T10:50:00Z,47,0.404,,,Provisional/Provisoire,,
05EA005,2026-08-06T10:55:00Z,47,0.404,,,Provisional/Provisoire,,
05EA005,2026-08-06T11:00:00Z,47,0.399,,,Provisional/Provisoire,,
05EA005,2026-08-06T11:05:00Z,47,0.399,,,Provisional/Provisoire,,
05EA005,2026-08-06T11:10:00Z,47,0.394,,,Provisional/Provisoire,,
05EA005,2026-08-06T11:15:00Z,47,0.394,,,Provisional/Provisoire,,
05EA005,2026-08-06T11:20:00Z,47,0.394,,,Provisional/Provisoire,,
05EA005,2026-08-06T11:25:00Z,47,0.399,,,Provisional/Provisoire,,
05EA005,2026-08-06T11:30:00Z,47,0.399,,,Provisional/Provisoire,,
05EA005,2026-08-06T11:35:00Z,47,0.399,,,Provisional/Provisoire,,
05EA005,2026-08-06T11:40:00Z,47,0.399,,,Provisional/Provisoire,,
05EA005,2026-08-06T11:45:00Z,47,0.394,,,Provisional/Provisoire,,
05EA005,2026-08-06T11:50:00Z,47,0.394,,,Provisional/Provisoire,,
05EA005,2026-08-06T11:55:00Z,47,0.394,,,Provisional/Provisoire,,
05EA005,2026-08-06T12:00:00Z,47,0.394,,,Provisional/Provisoire,,
05EA005,2026-08-06T12:05:00Z,47,0.394,,,Provisional/Provisoire,,
05EA005,2026-08-06T12:10:00Z,47,0.394,,,Provisional/Provisoire,,
05EA005,2026-08-06T12:15:00Z,47,0.394,,,Provisional/Provisoire,,
05EA005,2026-08-06T12:20:00Z,47,0.394,,,Provisional/Provisoire,,
05EA005,2026-08-06T12:25:00Z,47,0.394,,,Provisional/Provisoire,,
05EA005,2026-08-06T12:30:00Z,47,0.389,,,Provisional/Provisoire,,
05EA005,2026-08-06T12:35:00Z,47,0.389,,,Provisional/Provisoire,,
05EA005,2026-08-06T12:40:00Z,47,0.389,,,Provisional/Provisoire,,
05EA005,2026-08-06T12:45:00Z,47,0.389,,,Provisional/Provisoire,,
05EA005,2026-08-06T12:50:00Z,47,0.384,,,Provisional/Provisoire,,
05EA005,2026-08-06T12:55:00Z,47,0.384,,,Provisional/Provisoire,,
05EA005,2026-08-06T13:00:00Z,47,0.384,,,Provisional/Provisoire,,
05EA005,2026-08-06T13:05:00Z,47,0.384,,,Provisional/Provisoire,,
05EA005,2026-08-06T13:10:00Z,47,0.384,,,Provisional/Provisoire,,
05EA005,2026-08-06T13:15:00Z,47,0.384,,,Provisional/Provisoire,,
05EA005,2026-08-06T13:20:00Z,47,0.384,,,Provisional/Provisoire,,
05EA005,2026-08-06T13:25:00Z,47,0.384,,,Provisional/Provisoire,,
05EA005,2026-08-06T13:30:00Z,47,0.384,,,Provisional/Provisoire,,
05EA005,2026-08-06T13:35:00Z,47,0.384,,,Provisional/Provisoire,,
05EA005,2026-08-06T13:40:00Z,47,0.384,,,Provisional/Provisoire,,
05EA005,2026-08-06T13:45:00Z,47,0.384,,,Provisional/Provisoire,,
05EA005,2026-08-06T13:50:00Z,47,0.384,,,Provisional/Provisoire,,
05EA005,2026-08-06T13:55:00Z,47,0.384,,,Provisional/Provisoire,,
05EA005,2026-08-06T14:00:00Z,47,0.379,,,Provisional/Provisoire,,
05EA005,2026-08-06T14:05:00Z,47,0.379,,,Provisional/Provisoire,,
05EA005,2026-08-06T14:10:00Z,47,0.379,,,Provisional/Provisoire,,
05EA005,2026-08-06T14:15:00Z,47,0.379,,,Provisional/Provisoire,,
05EA005,2026-08-06T14:20:00Z,47,0.379,,,Provisional/Provisoire,,
05EA005,2026-08-06T14:25:00Z,47,0.379,,,Provisional/Provisoire,,
05EA005,2026-08-06T14:30:00Z,47,0.379,,,Provisional/Provisoire,,
05EA005,2026-08-06T14:35:00Z,47,0.379,,,Provisional/Provisoire,,
05EA005,2026-08-06T14:40:00Z,47,0.379,,,Provisional/Provisoire,,
05EA005,2026-08-06T14:45:00Z,47,0.379,,,Provisional/Provisoire,,
05EA005,2026-08-06T14:50:00Z,47,0.379,,,Provisional/Provisoire,,
05EA005,2026-08-06T14:55:00Z,47,0.379,,,Provisional/Provisoire,,
05EA005,2026-08-06T15:00:00Z,47,0.379,,,Provisional/Provisoire,,
05EA005,2026-08-06T15:05:00Z,47,0.379,,,Provisional/Provisoire,,
05EA005,2026-08-06T15:10:00Z,47,0.374,,,Provisional/Provisoire,,
05EA005,2026-08-06T15:15:00Z,47,0.374,,,Provisional/Provisoire,,
05EA005,2026-08-06T15:20:00Z,47,0.374,,,Provisional/Provisoire,,
05EA005,2026-08-06T15:25:00Z,47,0.374,,,Provisional/Provisoire,,
05EA005,2026-08-06T15:30:00Z,47,0.374,,,Provisional/Provisoire,,
05EA005,2026-08-06T15:35:00Z,47,0.374,,,Provisional/Provisoire,,
05EA005,2026-08-06T15:40:00Z,47,0.374,,,Provisional/Provisoire,,
05EA005,2026-08-06T15:45:00Z,47,0.374,,,Provisional/Provisoire,,
05EA005,2026-08-06T15:50:00Z,47,0.374,,,Provisional/Provisoire,,
05EA005,2026-08-06T15:55:00Z,47,0.374,,,Provisional/Provisoire,,
05EA005,2026-08-06T16:00:00Z,47,0.374,,,Provisional/Provisoire,,
05EA005,2026-08-06T16:05:00Z,47,0.374,,,Provisional/Provisoire,,
05EA005,2026-08-06T16:10:00Z,47,0.374,,,Provisional/Provisoire,,
05EA005,2026-08-06T16:15:00Z,47,0.370,,,Provisional/Provisoire,,
05EA005,2026-08-06T16:20:00Z,47,0.370,,,Provisional/Provisoire,,
05EA005,2026-08-06T16:25:00Z,47,0.370,,,Provisional/Provisoire,,
05EA005,2026-08-06T16:30:00Z,47,0.370,,,Provisional/Provisoire,,
05EA005,2026-08-06T16:35:00Z,47,0.370,,,Provisional/Provisoire,,
05EA005,2026-08-06T16:40:00Z,47,0.370,,,Provisional/Provisoire,,
05EA005,2026-08-06T16:45:00Z,47,0.370,,,Provisional/Provisoire,,
05EA005,2026-08-06T16:50:00Z,47,0.370,,,Provisional/Provisoire,,
05EA005,2026-08-06T16:55:00Z,47,0.370,,,Provisional/Provisoire,,
05EA005,2026-08-06T17:00:00Z,47,0.370,,,Provisional/Provisoire,,
05EA005,2026-08-06T17:05:00Z,47,0.370,,,Provisional/Provisoire,,
05EA005,2026-08-06T17:10:00Z,47,0.365,,,Provisional/Provisoire,,
05EA005,2026-08-06T17:15:00Z,47,0.365,,,Provisional/Provisoire,,
05EA005,2026-08-06T17:20:00Z,47,0.365,,,Provisional/Provisoire,,
05EA005,2026-08-06T17:25:00Z,47,0.365,,,Provisional/Provisoire,,
05EA005,2026-08-06T17:30:00Z,47,0.365,,,Provisional/Provisoire,,
05EA005,2026-08-06T17:35:00Z,47,0.365,,,Provisional/Provisoire,,
05EA005,2026-08-06T17:40:00Z,47,0.365,,,Provisional/Provisoire,,
05EA005,2026-08-06T17:45:00Z,47,0.365,,,Provisional/Provisoire,,
05EA005,2026-08-06T17:50:00Z,47,0.365,,,Provisional/Provisoire,,
05EA005,2026-08-06T17:55:00Z,47,0.365,,,Provisional/Provisoire,,
05EA005,2026-08-06T18:00:00Z,47,0.365,,,Provisional/Provisoire,,
05EA005,2026-08-06T18:05:00Z,47,0.365,,,Provisional/Provisoire,,
05EA005,2026-08-06T18:10:00Z,47,0.360,,,Provisional/Provisoire,,
05EA005,2026-08-06T18:15:00Z,47,0.360,,,Provisional/Provisoire,,
05EA005,2026-08-06T18:20:00Z,47,0.360,,,Provisional/Provisoire,,
05EA005,2026-08-06T18:25:00Z,47,0.360,,,Provisional/Provisoire,,
05EA005,2026-08-06T18:30:00Z,47,0.360,,,Provisional/Provisoire,,
05EA005,2026-08-06T18:35:00Z,47,0.360,,,Provisional/Provisoire,,
05EA005,2026-08-06T18:40:00Z,47,0.360,,,Provisional/Provisoire,,
05EA005,2026-08-06T18:45:00Z,47,0.360,,,Provisional/Provisoire,,
05EA005,2026-08-06T18:50:00Z,47,0.360,,,Provisional/Provisoire,,
05EA005,2026-08-06T18:55:00Z,47,0.360,,,Provisional/Provisoire,,
05EA005,2026-08-06T19:00:00Z,47,0.360,,,Provisional/Provisoire,,
05EA005,2026-08-06T19:05:00Z,47,0.360,,,Provisional/Provisoire,,
05EA005,2026-08-06T19:10:00Z,47,0.360,,,Provisional/Provisoire,,
05EA005,2026-08-06T19:15:00Z,47,0.355,,,Provisional/Provisoire,,
05EA005,2026-08-06T19:20:00Z,47,0.355,,,Provisional/Provisoire,,
05EA005,2026-08-06T19:25:00Z,47,0.355,,,Provisional/Provisoire,,
05EA005,2026-08-06T19:30:00Z,47,0.355,,,Provisional/Provisoire,,
05EA005,2026-08-06T19:35:00Z,47,0.355,,,Provisional/Provisoire,,
05EA005,2026-08-06T19:40:00Z,47,0.355,,,Provisional/Provisoire,,
05EA005,2026-08-06T19:45:00Z,47,0.355,,,Provisional/Provisoire,,
05EA005,2026-08-06T19:50:00Z,47,0.355,,,Provisional/Provisoire,,
05EA005,2026-08-06T19:55:00Z,47,0.355,,,Provisional/Provisoire,,
05EA005,2026-08-06T20:00:00Z,47,0.355,,,Provisional/Provisoire,,
05EA005,2026-08-06T20:05:00Z,47,0.355,,,Provisional/Provisoire,,
05EA005,2026-08-06T20:10:00Z,47,0.355,,,Provisional/Provisoire,,
05EA005,2026-08-06T20:15:00Z,47,0.355,,,Provisional/Provisoire,,
05EA005,2026-08-06T20:20:00Z,47,0.355,,,Provisional/Provisoire,,
05EA005,2026-08-06T20:25:00Z,47,0.351,,,Provisional/Provisoire,,
05EA005,2026-08-06T20:30:00Z,47,0.351,,,Provisional/Provisoire,,
05EA005,2026-08-06T20:35:00Z,47,0.351,,,Provisional/Provisoire,,
05EA005,2026-08-06T20:40:00Z,47,0.351,,,Provisional/Provisoire,,
05EA005,2026-08-06T20:45:00Z,47,0.351,,,Provisional/Provisoire,,
05EA005,2026-08-06T20:50:00Z,47,0.351,,,Provisional/Provisoire,,
05EA005,2026-08-06T20:55:00Z,47,0.351,,,Provisional/Provisoire,,
05EA005,2026-08-06T21:00:00Z,47,0.351,,,Provisional/Provisoire,,
05EA005,2026-08-06T21:05:00Z,47,0.351,,,Provisional/Provisoire,,
05EA005,2026-08-06T21:10:00Z,47,0.346,,,Provisional/Provisoire,,
05EA005,2026-08-06T21:15:00Z,47,0.346,,,Provisional/Provisoire,,
05EA005,2026-08-06T21:20:00Z,47,0.346,,,Provisional/Provisoire,,
05EA005,2026-08-06T21:25:00Z,47,0.346,,,Provisional/Provisoire,,
05EA005,2026-08-06T21:30:00Z,47,0.346,,,Provisional/Provisoire,,
05EA005,2026-08-06T21:35:00Z,47,0.346,,,Provisional/Provisoire,,
05EA005,2026-08-06T21:40:00Z,47,0.346,,,Provisional/Provisoire,,
05EA005,2026-08-06T21:45:00Z,47,0.346,,,Provisional/Provisoire,,
05EA005,2026-08-06T21:50:00Z,47,0.346,,,Provisional/Provisoire,,
05EA005,2026-08-06T21:55:00Z,47,0.346,,,Provisional/Provisoire,,
05EA005,2026-08-06T22:00:00Z,47,0.346,,,Provisional/Provisoire,,
05EA005,2026-08-06T22:05:00Z,47,0.346,,,Provisional/Provisoire,,
05EA005,2026-08-06T22:10:00Z,47,0.342,,,Provisional/Provisoire,,
05EA005,2026-08-06T22:15:00Z,47,0.342,,,Provisional/Provisoire,,
05EA005,2026-08-06T22:20:00Z,47,0.342,,,Provisional/Provisoire,,
05EA005,2026-08-06T22:25:00Z,47,0.342,,,Provisional/Provisoire,,
05EA005,2026-08-06T22:30:00Z,47,0.342,,,Provisional/Provisoire,,
05EA005,2026-08-06T22:35:00Z,47,0.342,,,Provisional/Provisoire,,
05EA005,2026-08-06T22:40:00Z,47,0.342,,,Provisional/Provisoire,,
05EA005,2026-08-06T22:45:00Z,47,0.342,,,Provisional/Provisoire,,
05EA005,2026-08-06T22:50:00Z,47,0.342,,,Provisional/Provisoire,,
05EA005,2026-08-06T22:55:00Z,47,0.342,,,Provisional/Provisoire,,
05EA005,2026-08-06T23:00:00Z,47,0.342,,,Provisional/Provisoire,,
05EA005,2026-08-06T23:05:00Z,47,0.342,,,Provisional/Provisoire,,
05EA005,2026-08-06T23:10:00Z,47,0.342,,,Provisional/Provisoire,,
05EA005,2026-08-06T23:15:00Z,47,0.342,,,Provisional/Provisoire,,
05EA005,2026-08-06T23:20:00Z,47,0.342,,,Provisional/Provisoire,,
05EA005,2026-08-06T23:25:00Z,47,0.342,,,Provisional/Provisoire,,
05EA005,2026-08-06T23:30:00Z,47,0.342,,,Provisional/Provisoire,,
05EA005,2026-08-06T23:35:00Z,47,0.342,,,Provisional/Provisoire,,
05EA005,2026-08-06T23:40:00Z,47,0.342,,,Provisional/Provisoire,,
05EA005,2026-08-06T23:45:00Z,47,0.342,,,Provisional/Provisoire,,
05EA005,2026-08-06T23:50:00Z,47,0.342,,,Provisional/Provisoire,,
05EA005,2026-08-06T23:55:00Z,47,0.342,,,Provisional/Provisoire,,
05EA005,2026-08-07T00:00:00Z,47,0.342,,,Provisional/Provisoire,,
05EA005,2026-08-07T00:05:00Z,47,0.342,,,Provisional/Provisoire,,
05EA005,2026-08-07T00:10:00Z,47,0.342,,,Provisional/Provisoire,,
05EA005,2026-08-07T00:15:00Z,47,0.342,,,Provisional/Provisoire,,
05EA005,2026-08-07T00:20:00Z,47,0.342,,,Provisional/Provisoire,,
05EA005,2026-08-07T00:25:00Z,47,0.342,,,Provisional/Provisoire,,
05EA005,2026-08-07T00:30:00Z,47,0.342,,,Provisional/Provisoire,,
05EA005,2026-08-07T00:35:00Z,47,0.342,,,Provisional/Provisoire,,
05EA005,2026-08-07T00:40:00Z,47,0.342,,,Provisional/Provisoire,,
05EA005,2026-08-07T00:45:00Z,47,0.342,,,Provisional/Provisoire,,
05EA005,2026-08-07T00:50:00Z,47,0.342,,,Provisional/Provisoire,,
05EA005,2026-08-07T00:55:00Z,47,0.342,,,Provisional/Provisoire,,
05EA005,2026-08-07T01:00:00Z,47,0.337,,,Provisional/Provisoire,,
05EA005,2026-08-07T01:05:00Z,47,0.337,,,Provisional/Provisoire,,
05EA005,2026-08-07T01:10:00Z,47,0.337,,,Provisional/Provisoire,,
05EA005,2026-08-07T01:15:00Z,47,0.337,,,Provisional/Provisoire,,
05EA005,2026-08-07T01:20:00Z,47,0.337,,,Provisional/Provisoire,,
05EA005,2026-08-07T01:25:00Z,47,0.337,,,Provisional/Provisoire,,
05EA005,2026-08-07T01:30:00Z,47,0.337,,,Provisional/Provisoire,,
05EA005,2026-08-07T01:35:00Z,47,0.337,,,Provisional/Provisoire,,
05EA005,2026-08-07T01:40:00Z,47,0.337,,,Provisional/Provisoire,,
05EA005,2026-08-07T01:45:00Z,47,0.337,,,Provisional/Provisoire,,
05EA005,2026-08-07T01:50:00Z,47,0.337,,,Provisional/Provisoire,,
05EA005,2026-08-07T01:55:00Z,47,0.337,,,Provisional/Provisoire,,
05EA005,2026-08-07T02:00:00Z,47,0.337,,,Provisional/Provisoire,,
05EA005,2026-08-07T02:05:00Z,47,0.337,,,Provisional/Provisoire,,
05EA005,2026-08-07T02:10:00Z,47,0.337,,,Provisional/Provisoire,,
05EA005,2026-08-07T02:15:00Z,47,0.332,,,Provisional/Provisoire,,
05EA005,2026-08-07T02:20:00Z,47,0.332,,,Provisional/Provisoire,,
05EA005,2026-08-07T02:25:00Z,47,0.332,,,Provisional/Provisoire,,
05EA005,2026-08-07T02:30:00Z,47,0.332,,,Provisional/Provisoire,,
05EA005,2026-08-07T02:35:00Z,47,0.332,,,Provisional/Provisoire,,
05EA005,2026-08-07T02:40:00Z,47,0.332,,,Provisional/Provisoire,,
05EA005,2026-08-07T02:45:00Z,47,0.332,,,Provisional/Provisoire,,
05EA005,2026-08-07T02:50:00Z,47,0.332,,,Provisional/Provisoire,,
05EA005,2026-08-07T02:55:00Z,47,0.332,,,Provisional/Provisoire,,
05EA005,2026-08-07T03:00:00Z,47,0.332,,,Provisional/Provisoire,,
05EA005,2026-08-07T03:05:00Z,47,0.332,,,Provisional/Provisoire,,
05EA005,2026-08-07T03:10:00Z,47,0.332,,,Provisional/Provisoire,,
05EA005,2026-08-07T03:15:00Z,47,0.332,,,Provisional/Provisoire,,
05EA005,2026-08-07T03:20:00Z,47,0.332,,,Provisional/Provisoire,,
05EA005,2026-08-07T03:25:00Z,47,0.332,,,Provisional/Provisoire,,
05EA005,2026-08-07T03:30:00Z,47,0.332,,,Provisional/Provisoire,,
05EA005,2026-08-07T03:35:00Z,47,0.332,,,Provisional/Provisoire,,
05EA005,2026-08-07T03:40:00Z,47,0.332,,,Provisional/Provisoire,,
05EA005,2026-08-07T03:45:00Z,47,0.332,,,Provisional/Provisoire,,
05EA005,2026-08-07T03:50:00Z,47,0.332,,,Provisional/Provisoire,,
05EA005,2026-08-07T03:55:00Z,47,0.332,,,Provisional/Provisoire,,
05EA005,2026-08-07T04:00:00Z,47,0.332,,,Provisional/Provisoire,,
05EA005,2026-08-07T04:05:00Z,47,0.332,,,Provisional/Provisoire,,
05EA005,2026-08-07T04:10:00Z,47,0.332,,,Provisional/Provisoire,,
05EA005,2026-08-07T04:15:00Z,47,0.328,,,Provisional/Provisoire,,
05EA005,2026-08-07T04:20:00Z,47,0.328,,,Provisional/Provisoire,,
05EA005,2026-08-07T04:25:00Z,47,0.328,,,Provisional/Provisoire,,
05EA005,2026-08-07T04:30:00Z,47,0.328,,,Provisional/Provisoire,,
05EA005,2026-08-07T04:35:00Z,47,0.328,,,Provisional/Provisoire,,
05EA005,2026-08-07T04:40:00Z,47,0.328,,,Provisional/Provisoire,,
05EA005,2026-08-07T04:45:00Z,47,0.328,,,Provisional/Provisoire,,
05EA005,2026-08-07T04:50:00Z,47,0.328,,,Provisional/Provisoire,,
05EA005,2026-08-07T04:55:00Z,47,0.328,,,Provisional/Provisoire,,
05EA005,2026-08-07T05:00:00Z,47,0.328,,,Provisional/Provisoire,,
05EA005,2026-08-07T05:05:00Z,47,0.328,,,Provisional/Provisoire,,
05EA005,2026-08-07T05:10:00Z,47,0.324,,,Provisional/Provisoire,,
05EA005,2026-08-07T05:15:00Z,47,0.324,,,Provisional/Provisoire,,
05EA005,2026-08-07T05:20:00Z,47,0.324,,,Provisional/Provisoire,,
05EA005,2026-08-07T05:25:00Z,47,0.324,,,Provisional/Provisoire,,
05EA005,2026-08-07T05:30:00Z,47,0.324,,,Provisional/Provisoire,,
05EA005,2026-08-07T05:35:00Z,47,0.324,,,Provisional/Provisoire,,
05EA005,2026-08-07T05:40:00Z,47,0.324,,,Provisional/Provisoire,,
05EA005,2026-08-07T05:45:00Z,47,0.324,,,Provisional/Provisoire,,
05EA005,2026-08-07T05:50:00Z,47,0.324,,,Provisional/Provisoire,,
05EA005,2026-08-07T05:55:00Z,47,0.324,,,Provisional/Provisoire,,
05EA005,2026-08-07T06:00:00Z,47,0.324,,,Provisional/Provisoire,,
05EA005,2026-08-07T06:05:00Z,47,0.324,,,Provisional/Provisoire,,
05EA005,2026-08-07T06:10:00Z,47,0.319,,,Provisional/Provisoire,,
05EA005,2026-08-07T06:15:00Z,47,0.319,,,Provisional/Provisoire,,
05EA005,2026-08-07T06:20:00Z,47,0.319,,,Provisional/Provisoire,,
05EA005,2026-08-07T06:25:00Z,47,0.319,,,Provisional/Provisoire,,
05EA005,2026-08-07T06:30:00Z,47,0.319,,,Provisional/Provisoire,,
05EA005,2026-08-07T06:35:00Z,47,0.319,,,Provisional/Provisoire,,
05EA005,2026-08-07T06:40:00Z,47,0.319,,,Provisional/Provisoire,,
05EA005,2026-08-07T06:45:00Z,47,0.319,,,Provisional/Provisoire,,
05EA005,2026-08-07T06:50:00Z,47,0.319,,,Provisional/Provisoire,,
05EA005,2026-08-07T06:55:00Z,47,0.319,,,Provisional/Provisoire,,
05EA005,2026-08-07T07:00:00Z,47,0.319,,,Provisional/Provisoire,,
05EA005,2026-08-07T07:05:00Z,47,0.319,,,Provisional/Provisoire,,
05EA005,2026-08-07T07:10:00Z,47,0.319,,,Provisional/Provisoire,,
05EA005,2026-08-07T07:15:00Z,47,0.319,,,Provisional/Provisoire,,
05EA005,2026-08-07T07:20:00Z,47,0.319,,,Provisional/Provisoire,,
05EA005,2026-08-07T07:25:00Z,47,0.319,,,Provisional/Provisoire,,
05EA005,2026-08-07T07:30:00Z,47,0.319,,,Provisional/Provisoire,,
05EA005,2026-08-07T07:35:00Z,47,0.319,,,Provisional/Provisoire,,
05EA005,2026-08-07T07:40:00Z,47,0.319,,,Provisional/Provisoire,,
05EA005,2026-08-07T07:45:00Z,47,0.315,,,Provisional/Provisoire,,
05EA005,2026-08-07T07:50:00Z,47,0.315,,,Provisional/Provisoire,,
05EA005,2026-08-07T07:55:00Z,47,0.315,,,Provisional/Provisoire,,
05EA005,2026-08-07T08:00:00Z,47,0.315,,,Provisional/Provisoire,,
05EA005,2026-08-07T08:05:00Z,47,0.315,,,Provisional/Provisoire,,
05EA005,2026-08-07T08:10:00Z,47,0.315,,,Provisional/Provisoire,,
05EA005,2026-08-07T08:15:00Z,47,0.315,,,Provisional/Provisoire,,
05EA005,2026-08-07T08:20:00Z,47,0.315,,,Provisional/Provisoire,,
05EA005,2026-08-07T08:25:00Z,47,0.315,,,Provisional/Provisoire,,
05EA005,2026-08-07T08:30:00Z,47,0.315,,,Provisional/Provisoire,,
05EA005,2026-08-07T08:35:00Z,47,0.315,,,Provisional/Provisoire,,
05EA005,2026-08-07T08:40:00Z,47,0.315,,,Provisional/Provisoire,,
05EA005,2026-08-07T08:45:00Z,47,0.315,,,Provisional/Provisoire,,
05EA005,2026-08-07T08:50:00Z,47,0.315,,,Provisional/Provisoire,,
05EA005,2026-08-07T08:55:00Z,47,0.315,,,Provisional/Provisoire,,
05EA005,2026-08-07T09:00:00Z,47,0.315,,,Provisional/Provisoire,,
05EA005,2026-08-07T09:05:00Z,47,0.315,,,Provisional/Provisoire,,
05EA005,2026-08-07T09:10:00Z,47,0.315,,,Provisional/Provisoire,,
05EA005,2026-08-07T09:15:00Z,47,0.315,,,Provisional/Provisoire,,
05EA005,2026-08-07T09:20:00Z,47,0.315,,,Provisional/Provisoire,,
05EA005,2026-08-07T09:25:00Z,47,0.310,,,Provisional/Provisoire,,
05EA005,2026-08-07T09:30:00Z,47,0.310,,,Provisional/Provisoire,,
05EA005,2026-08-07T09:35:00Z,47,0.310,,,Provisional/Provisoire,,
05EA005,2026-08-07T09:40:00Z,47,0.310,,,Provisional/Provisoire,,
05EA005,2026-08-07T09:45:00Z,47,0.310,,,Provisional/Provisoire,,
05EA005,2026-08-07T09:50:00Z,47,0.310,,,Provisional/Provisoire,,
05EA005,2026-08-07T09:55:00Z,47,0.310,,,Provisional/Provisoire,,
05EA005,2026-08-07T10:00:00Z,47,0.310,,,Provisional/Provisoire,,
05EA005,2026-08-07T10:05:00Z,47,0.310,,,Provisional/Provisoire,,
05EA005,2026-08-07T10:10:00Z,47,0.310,,,Provisional/Provisoire,,
05EA005,2026-08-07T10:15:00Z,47,0.310,,,Provisional/Provisoire,,
05EA005,2026-08-07T10:20:00Z,47,0.310,,,Provisional/Provisoire,,
05EA005,2026-08-07T10:25:00Z,47,0.310,,,Provisional/Provisoire,,
05EA005,2026-08-07T10:30:00Z,47,0.310,,,Provisional/Provisoire,,
05EA005,2026-08-07T10:35:00Z,47,0.310,,,Provisional/Provisoire,,
05EA005,2026-08-07T10:40:00Z,47,0.310,,,Provisional/Provisoire,,
05EA005,2026-08-07T10:45:00Z,47,0.310,,,Provisional/Provisoire,,
05EA005,2026-08-07T10:50:00Z,47,0.310,,,Provisional/Provisoire,,
05EA005,2026-08-07T10:55:00Z,47,0.310,,,Provisional/Provisoire,,
05EA005,2026-08-07T11:00:00Z,47,0.310,,,Provisional/Provisoire,,
05EA005,2026-08-07T11:05:00Z,47,0.306,,,Provisional/Provisoire,,
05EA005,2026-08-07T11:10:00Z,47,0.306,,,Provisional/Provisoire,,
05EA005,2026-08-07T11:15:00Z,47,0.306,,,Provisional/Provisoire,,
05EA005,2026-08-07T11:20:00Z,47,0.306,,,Provisional/Provisoire,,
05EA005,2026-08-07T11:25:00Z,47,0.306,,,Provisional/Provisoire,,
05EA005,2026-08-07T11:30:00Z,47,0.306,,,Provisional/Provisoire,,
05EA005,2026-08-07T11:35:00Z,47,0.306,,,Provisional/Provisoire,,
05EA005,2026-08-07T11:40:00Z,47,0.306,,,Provisional/Provisoire,,
05EA005,2026-08-07T11:45:00Z,47,0.306,,,Provisional/Provisoire,,
05EA005,2026-08-07T11:50:00Z,47,0.306,,,Provisional/Provisoire,,
05EA005,2026-08-07T11:55:00Z,47,0.306,,,Provisional/Provisoire,,
05EA005,2026-08-07T12:00:00Z,47,0.306,,,Provisional/Provisoire,,
05EA005,2026-08-07T12:05:00Z,47,0.306,,,Provisional/Provisoire,,
05EA005,2026-08-07T12:10:00Z,47,0.306,,,Provisional/Provisoire,,
05EA005,2026-08-07T12:15:00Z,47,0.306,,,Provisional/Provisoire,,
05EA005,2026-08-07T12:20:00Z,47,0.306,,,Provisional/Provisoire,,
05EA005,2026-08-07T12:25:00Z,47,0.306,,,Provisional/Provisoire,,
05EA005,2026-08-07T12:30:00Z,47,0.306,,,Provisional/Provisoire,,
05EA005,2026-08-07T12:35:00Z,47,0.306,,,Provisional/Provisoire,,
05EA005,2026-08-07T12:40:00Z,47,0.306,,,Provisional/Provisoire,,
05EA005,2026-08-07T12:45:00Z,47,0.306,,,Provisional/Provisoire,,
05EA005,2026-08-07T12:50:00Z,47,0.306,,,Provisional/Provisoire,,
05EA005,2026-08-07T12:55:00Z,47,0.306,,,Provisional/Provisoire,,
05EA005,2026-08-07T13:00:00Z,47,0.306,,,Provisional/Provisoire,,
05EA005,2026-08-07T13:05:00Z,47,0.302,,,Provisional/Provisoire,,
05EA005,2026-08-07T13:10:00Z,47,0.302,,,Provisional/Provisoire,,
05EA005,2026-08-07T13:15:00Z,47,0.302,,,Provisional/Provisoire,,
05EA005,2026-08-07T13:20:00Z,47,0.302,,,Provisional/Provisoire,,
05EA005,2026-08-07T13:25:00Z,47,0.302,,,Provisional/Provisoire,,
05EA005,2026-08-07T13:30:00Z,47,0.302,,,Provisional/Provisoire,,
05EA005,2026-08-07T13:35:00Z,47,0.302,,,Provisional/Provisoire,,
05EA005,2026-08-07T13:40:00Z,47,0.302,,,Provisional/Provisoire,,
05EA005,2026-08-07T13:45:00Z,47,0.302,,,Provisional/Provisoire,,
05EA005,2026-08-07T13:50:00Z,47,0.302,,,Provisional/Provisoire,,
05EA005,2026-08-07T13:55:00Z,47,0.302,,,Provisional/Provisoire,,
05EA005,2026-08-07T14:00:00Z,47,0.302,,,Provisional/Provisoire,,
05EA005,2026-08-07T14:05:00Z,47,0.302,,,Provisional/Provisoire,,
05EA005,2026-08-07T14:10:00Z,47,0.302,,,Provisional/Provisoire,,
05EA005,2026-08-07T14:15:00Z,47,0.302,,,Provisional/Provisoire,,
05EA005,2026-08-07T14:20:00Z,47,0.302,,,Provisional/Provisoire,,
05EA005,2026-08-07T14:25:00Z,47,0.302,,,Provisional/Provisoire,,
05EA005,2026-08-07T14:30:00Z,47,0.302,,,Provisional/Provisoire,,
05EA005,2026-08-07T14:35:00Z,47,0.297,,,Provisional/Provisoire,,
05EA005,2026-08-07T14:40:00Z,47,0.297,,,Provisional/Provisoire,,
05EA005,2026-08-07T14:45:00Z,47,0.297,,,Provisional/Provisoire,,
05EA005,2026-08-07T14:50:00Z,47,0.297,,,Provisional/Provisoire,,
05EA005,2026-08-07T14:55:00Z,47,0.297,,,Provisional/Provisoire,,
05EA005,2026-08-07T15:00:00Z,47,0.297,,,Provisional/Provisoire,,
05EA005,2026-08-07T15:05:00Z,47,0.297,,,Provisional/Provisoire,,
05EA005,2026-08-07T15:10:00Z,47,0.297,,,Provisional/Provisoire,,
05EA005,2026-08-07T15:15:00Z,47,0.297,,,Provisional/Provisoire,,
05EA005,2026-08-07T15:20:00Z,47,0.297,,,Provisional/Provisoire,,
05EA005,2026-08-07T15:25:00Z,47,0.297,,,Provisional/Provisoire,,
05EA005,2026-08-07T15:30:00Z,47,0.293,,,Provisional/Provisoire,,
05EA005,2026-08-07T15:35:00Z,47,0.293,,,Provisional/Provisoire,,
05EA005,2026-08-07T15:40:00Z,47,0.293,,,Provisional/Provisoire,,
05EA005,2026-08-07T15:45:00Z,47,0.293,,,Provisional/Provisoire,,
05EA005,2026-08-07T15:50:00Z,47,0.293,,,Provisional/Provisoire,,
05EA005,2026-08-07T15:55:00Z,47,0.293,,,Provisional/Provisoire,,
05EA005,2026-08-07T16:00:00Z,47,0.293,,,Provisional/Provisoire,,
05EA005,2026-08-07T16:05:00Z,47,0.293,,,Provisional/Provisoire,,
05EA005,2026-08-07T16:10:00Z,47,0.293,,,Provisional/Provisoire,,
05EA005,2026-08-07T16:15:00Z,47,0.289,,,Provisional/Provisoire,,
05EA005,2026-08-07T16:20:00Z,47,0.289,,,Provisional/Provisoire,,
05EA005,2026-08-07T16:25:00Z,47,0.289,,,Provisional/Provisoire,,
05EA005,2026-08-07T16:30:00Z,47,0.289,,,Provisional/Provisoire,,
05EA005,2026-08-07T16:35:00Z,47,0.289,,,Provisional/Provisoire,,
05EA005,2026-08-07T16:40:00Z,47,0.289,,,Provisional/Provisoire,,
05EA005,2026-08-07T16:45:00Z,47,0.289,,,Provisional/Provisoire,,
05EA005,2026-08-07T16:50:00Z,47,0.289,,,Provisional/Provisoire,,
05EA005,2026-08-07T16:55:00Z,47,0.289,,,Provisional/Provisoire,,
05EA005,2026-08-07T17:00:00Z,47,0.285,,,Provisional/Provisoire,,
05EA005,2026-08-07T17:05:00Z,47,0.285,,,Provisional/Provisoire,,
05EA005,2026-08-07T17:10:00Z,47,0.285,,,Provisional/Provisoire,,
05EA005,2026-08-07T17:15:00Z,47,0.285,,,Provisional/Provisoire,,
05EA005,2026-08-07T17:20:00Z,47,0.285,,,Provisional/Provisoire,,
05EA005,2026-08-07T17:25:00Z,47,0.285,,,Provisional/Provisoire,,
05EA005,2026-08-07T17:30:00Z,47,0.285,,,Provisional/Provisoire,,
05EA005,2026-08-07T17:35:00Z,47,0.285,,,Provisional/Provisoire,,
05EA005,2026-08-07T17:40:00Z,47,0.281,,,Provisional/Provisoire,,
05EA005,2026-08-07T17:45:00Z,47,0.281,,,Provisional/Provisoire,,
05EA005,2026-08-07T17:50:00Z,47,0.281,,,Provisional/Provisoire,,
05EA005,2026-08-07T17:55:00Z,47,0.281,,,Provisional/Provisoire,,
05EA005,2026-08-07T18:00:00Z,47,0.281,,,Provisional/Provisoire,,
05EA005,2026-08-07T18:05:00Z,47,0.281,,,Provisional/Provisoire,,
05EA005,2026-08-07T18:10:00Z,47,0.281,,,Provisional/Provisoire,,
05EA005,2026-08-07T18:15:00Z,47,0.281,,,Provisional/Provisoire,,
05EA005,2026-08-07T18:20:00Z,47,0.281,,,Provisional/Provisoire,,
05EA005,2026-08-07T18:25:00Z,47,0.281,,,Provisional/Provisoire,,
05EA005,2026-08-07T18:30:00Z,47,0.277,,,Provisional/Provisoire,,
05EA005,2026-08-07T18:35:00Z,47,0.277,,,Provisional/Provisoire,,
05EA005,2026-08-07T18:40:00Z,47,0.277,,,Provisional/Provisoire,,
05EA005,2026-08-07T18:45:00Z,47,0.277,,,Provisional/Provisoire,,
05EA005,2026-08-07T18:50:00Z,47,0.277,,,Provisional/Provisoire,,
05EA005,2026-08-07T18:55:00Z,47,0.277,,,Provisional/Provisoire,,
05EA005,2026-08-07T19:00:00Z,47,0.277,,,Provisional/Provisoire,,
05EA005,2026-08-07T19:05:00Z,47,0.277,,,Provisional/Provisoire,,
05EA005,2026-08-07T19:10:00Z,47,0.277,,,Provisional/Provisoire,,
05EA005,2026-08-07T19:15:00Z,47,0.273,,,Provisional/Provisoire,,
05EA005,2026-08-07T19:20:00Z,47,0.273,,,Provisional/Provisoire,,
05EA005,2026-08-07T19:25:00Z,47,0.273,,,Provisional/Provisoire,,
05EA005,2026-08-07T19:30:00Z,47,0.273,,,Provisional/Provisoire,,
05EA005,2026-08-07T19:35:00Z,47,0.273,,,Provisional/Provisoire,,
05EA005,2026-08-07T19:40:00Z,47,0.273,,,Provisional/Provisoire,,
05EA005,2026-08-07T19:45:00Z,47,0.273,,,Provisional/Provisoire,,
05EA005,2026-08-07T19:50:00Z,47,0.273,,,Provisional/Provisoire,,
05EA005,2026-08-07T19:55:00Z,47,0.273,,,Provisional/Provisoire,,
05EA005,2026-08-07T20:00:00Z,47,0.269,,,Provisional/Provisoire,,
05EA005,2026-08-07T20:05:00Z,47,0.269,,,Provisional/Provisoire,,
05EA005,2026-08-07T20:10:00Z,47,0.269,,,Provisional/Provisoire,,
05EA005,2026-08-07T20:15:00Z,47,0.269,,,Provisional/Provisoire,,
05EA005,2026-08-07T20:20:00Z,47,0.269,,,Provisional/Provisoire,,
05EA005,2026-08-07T20:25:00Z,47,0.269,,,Provisional/Provisoire,,
05EA005,2026-08-07T20:30:00Z,47,0.269,,,Provisional/Provisoire,,
05EA005,2026-08-07T20:35:00Z,47,0.269,,,Provisional/Provisoire,,
05EA005,2026-08-07T20:40:00Z,47,0.269,,,Provisional/Provisoire,,
05EA005,2026-08-07T20:45:00Z,47,0.269,,,Provisional/Provisoire,,
05EA005,2026-08-07T20:50:00Z,47,0.269,,,Provisional/Provisoire,,
05EA005,2026-08-07T20:55:00Z,47,0.269,,,Provisional/Provisoire,,
05EA005,2026-08-07T21:00:00Z,47,0.269,,,Provisional/Provisoire,,
05EA005,2026-08-07T21:05:00Z,47,0.269,,,Provisional/Provisoire,,
05EA005,2026-08-07T21:10:00Z,47,0.269,,,Provisional/Provisoire,,
05EA005,2026-08-07T21:15:00Z,47,0.269,,,Provisional/Provisoire,,
05EA005,2026-08-07T21:20:00Z,47,0.269,,,Provisional/Provisoire,,
05EA005,2026-08-07T21:25:00Z,47,0.265,,,Provisional/Provisoire,,
05EA005,2026-08-07T21:30:00Z,47,0.265,,,Provisional/Provisoire,,
05EA005,2026-08-07T21:35:00Z,47,0.265,,,Provisional/Provisoire,,
05EA005,2026-08-07T21:40:00Z,47,0.265,,,Provisional/Provisoire,,
05EA005,2026-08-07T21:45:00Z,47,0.265,,,Provisional/Provisoire,,
05EA005,2026-08-07T21:50:00Z,47,0.265,,,Provisional/Provisoire,,
05EA005,2026-08-07T21:55:00Z,47,0.265,,,Provisional/Provisoire,,
05EA005,2026-08-07T22:00:00Z,47,0.265,,,Provisional/Provisoire,,
05EA005,2026-08-07T22:05:00Z,47,0.265,,,Provisional/Provisoire,,
05EA005,2026-08-07T22:10:00Z,47,0.265,,,Provisional/Provisoire,,
05EA005,2026-08-07T22:15:00Z,47,0.261,,,Provisional/Provisoire,,
05EA005,2026-08-07T22:20:00Z,47,0.261,,,Provisional/Provisoire,,
05EA005,2026-08-07T22:25:00Z,47,0.261,,,Provisional/Provisoire,,
05EA005,2026-08-07T22:30:00Z,47,0.261,,,Provisional/Provisoire,,
05EA005,2026-08-07T22:35:00Z,47,0.261,,,Provisional/Provisoire,,
05EA005,2026-08-07T22:40:00Z,47,0.261,,,Provisional/Provisoire,,
05EA005,2026-08-07T22:45:00Z,47,0.261,,,Provisional/Provisoire,,
05EA005,2026-08-07T22:50:00Z,47,0.261,,,Provisional/Provisoire,,
05EA005,2026-08-07T22:55:00Z,47,0.261,,,Provisional/Provisoire,,
05EA005,2026-08-07T23:00:00Z,47,0.261,,,Provisional/Provisoire,,
05EA005,2026-08-07T23:05:00Z,47,0.261,,,Provisional/Provisoire,,
05EA005,2026-08-07T23:10:00Z,47,0.257,,,Provisional/Provisoire,,
05EA005,2026-08-07T23:15:00Z,47,0.257,,,Provisional/Provisoire,,
05EA005,2026-08-07T23:20:00Z,47,0.257,,,Provisional/Provisoire,,
05EA005,2026-08-07T23:25:00Z,47,0.257,,,Provisional/Provisoire,,
05EA005,2026-08-07T23:30:00Z,47,0.257,,,Provisional/Provisoire,,
05EA005,2026-08-07T23:35:00Z,47,0.257,,,Provisional/Provisoire,,
05EA005,2026-08-07T23:40:00Z,47,0.257,,,Provisional/Provisoire,,
05EA005,2026-08-07T23:45:00Z,47,0.257,,,Provisional/Provisoire,,
05EA005,2026-08-07T23:50:00Z,47,0.257,,,Provisional/Provisoire,,
05EA005,2026-08-07T23:55:00Z,47,0.257,,,Provisional/Provisoire,,
05EA005,2026-08-08T00:00:00Z,47,0.257,,,Provisional/Provisoire,,
05EA005,2026-08-08T00:05:00Z,47,0.253,,,Provisional/Provisoire,,
05EA005,2026-08-08T00:10:00Z,47,0.253,,,Provisional/Provisoire,,
05EA005,2026-08-08T00:15:00Z,47,0.253,,,Provisional/Provisoire,,
05EA005,2026-08-08T00:20:00Z,47,0.253,,,Provisional/Provisoire,,
05EA005,2026-08-08T00:25:00Z,47,0.253,,,Provisional/Provisoire,,
05EA005,2026-08-08T00:30:00Z,47,0.253,,,Provisional/Provisoire,,
05EA005,2026-08-08T00:35:00Z,47,0.253,,,Provisional/Provisoire,,
05EA005,2026-08-08T00:40:00Z,47,0.253,,,Provisional/Provisoire,,
05EA005,2026-08-08T00:45:00Z,47,0.253,,,Provisional/Provisoire,,
05EA005,2026-08-08T00:50:00Z,47,0.253,,,Provisional/Provisoire,,
05EA005,2026-08-08T00:55:00Z,47,0.253,,,Provisional/Provisoire,,
05EA005,2026-08-08T01:00:00Z,47,0.253,,,Provisional/Provisoire,,
05EA005,2026-08-08T01:05:00Z,47,0.253,,,Provisional/Provisoire,,
05EA005,2026-08-08T01:10:00Z,47,0.253,,,Provisional/Provisoire,,
05EA005,2026-08-08T01:15:00Z,47,0.253,,,Provisional/Provisoire,,
05EA005,2026-08-08T01:20:00Z,47,0.249,,,Provisional/Provisoire,,
05EA005,2026-08-08T01:25:00Z,47,0.249,,,Provisional/Provisoire,,
05EA005,2026-08-08T01:30:00Z,47,0.249,,,Provisional/Provisoire,,
05EA005,2026-08-08T01:35:00Z,47,0.249,,,Provisional/Provisoire,,
05EA005,2026-08-08T01:40:00Z,47,0.249,,,Provisional/Provisoire,,
05EA005,2026-08-08T01:45:00Z,47,0.249,,,Provisional/Provisoire,,
05EA005,2026-08-08T01:50:00Z,47,0.249,,,Provisional/Provisoire,,
05EA005,2026-08-08T01:55:00Z,47,0.249,,,Provisional/Provisoire,,
05EA005,2026-08-08T02:00:00Z,47,0.249,,,Provisional/Provisoire,,
05EA005,2026-08-08T02:05:00Z,47,0.249,,,Provisional/Provisoire,,
05EA005,2026-08-08T02:10:00Z,47,0.249,,,Provisional/Provisoire,,
05EA005,2026-08-08T02:15:00Z,47,0.249,,,Provisional/Provisoire,,
05EA005,2026-08-08T02:20:00Z,47,0.249,,,Provisional/Provisoire,,
05EA005,2026-08-08T02:25:00Z,47,0.249,,,Provisional/Provisoire,,
05EA005,2026-08-08T02:30:00Z,47,0.249,,,Provisional/Provisoire,,
05EA005,2026-08-08T02:35:00Z,47,0.249,,,Provisional/Provisoire,,
05EA005,2026-08-08T02:40:00Z,47,0.249,,,Provisional/Provisoire,,
05EA005,2026-08-08T02:45:00Z,47,0.249,,,Provisional/Provisoire,,
05EA005,2026-08-08T02:50:00Z,47,0.245,,,Provisional/Provisoire,,
05EA005,2026-08-08T02:55:00Z,47,0.245,,,Provisional/Provisoire,,
05EA005,2026-08-08T03:00:00Z,47,0.245,,,Provisional/Provisoire,,
05EA005,2026-08-08T03:05:00Z,47,0.245,,,Provisional/Provisoire,,
05EA005,2026-08-08T03:10:00Z,47,0.245,,,Provisional/Provisoire,,
05EA005,2026-08-08T03:15:00Z,47,0.245,,,Provisional/Provisoire,,
05EA005,2026-08-08T03:20:00Z,47,0.245,,,Provisional/Provisoire,,
05EA005,2026-08-08T03:25:00Z,47,0.245,,,Provisional/Provisoire,,
05EA005,2026-08-08T03:30:00Z,47,0.245,,,Provisional/Provisoire,,
05EA005,2026-08-08T03:35:00Z,47,0.245,,,Provisional/Provisoire,,
05EA005,2026-08-08T03:40:00Z,47,0.245,,,Provisional/Provisoire,,
05EA005,2026-08-08T03:45:00Z,47,0.245,,,Provisional/Provisoire,,
05EA005,2026-08-08T03:50:00Z,47,0.245,,,Provisional/Provisoire,,
05EA005,2026-08-08T03:55:00Z,47,0.245,,,Provisional/Provisoire,,
05EA005,2026-08-08T04:00:00Z,47,0.245,,,Provisional/Provisoire,,
05EA005,2026-08-08T04:05:00Z,47,0.245,,,Provisional/Provisoire,,
05EA005,2026-08-08T04:10:00Z,47,0.245,,,Provisional/Provisoire,,
05EA005,2026-08-08T04:15:00Z,47,0.245,,,Provisional/Provisoire,,
05EA005,2026-08-08T04:20:00Z,47,0.245,,,Provisional/Provisoire,,
05EA005,2026-08-08T04:25:00Z,47,0.245,,,Provisional/Provisoire,,
05EA005,2026-08-08T04:30:00Z,47,0.245,,,Provisional/Provisoire,,
05EA005,2026-08-08T04:35:00Z,47,0.245,,,Provisional/Provisoire,,
05EA005,2026-08-08T04:40:00Z,47,0.245,,,Provisional/Provisoire,,
05EA005,2026-08-08T04:45:00Z,47,0.245,,,Provisional/Provisoire,,
05EA005,2026-08-08T04:50:00Z,47,0.245,,,Provisional/Provisoire,,
05EA005,2026-08-08T04:55:00Z,47,0.245,,,Provisional/Provisoire,,
05EA005,2026-08-08T05:00:00Z,47,0.241,,,Provisional/Provisoire,,
05EA005,2026-08-08T05:05:00Z,47,0.241,,,Provisional/Provisoire,,
05EA005,2026-08-08T05:10:00Z,47,0.241,,,Provisional/Provisoire,,
05EA005,2026-08-08T05:15:00Z,47,0.241,,,Provisional/Provisoire,,
05EA005,2026-08-08T05:20:00Z,47,0.241,,,Provisional/Provisoire,,
05EA005,2026-08-08T05:25:00Z,47,0.241,,,Provisional/Provisoire,,
05EA005,2026-08-08T05:30:00Z,47,0.241,,,Provisional/Provisoire,,
05EA005,2026-08-08T05:35:00Z,47,0.241,,,Provisional/Provisoire,,
05EA005,2026-08-08T05:40:00Z,47,0.241,,,Provisional/Provisoire,,
05EA005,2026-08-08T05:45:00Z,47,0.241,,,Provisional/Provisoire,,
05EA005,2026-08-08T05:50:00Z,47,0.241,,,Provisional/Provisoire,,
05EA005,2026-08-08T05:55:00Z,47,0.241,,,Provisional/Provisoire,,
05EA005,2026-08-08T06:00:00Z,47,0.241,,,Provisional/Provisoire,,
05EA005,2026-08-08T06:05:00Z,47,0.241,,,Provisional/Provisoire,,
05EA005,2026-08-08T06:10:00Z,47,0.241,,,Provisional/Provisoire,,
05EA005,2026-08-08T06:15:00Z,47,0.241,,,Provisional/Provisoire,,
05EA005,2026-08-08T06:20:00Z,47,0.241,,,Provisional/Provisoire,,
05EA005,2026-08-08T06:25:00Z,47,0.241,,,Provisional/Provisoire,,
05EA005,2026-08-08T06:30:00Z,47,0.241,,,Provisional/Provisoire,,
05EA005,2026-08-08T06:35:00Z,47,0.241,,,Provisional/Provisoire,,
05EA005,2026-08-08T06:40:00Z,47,0.241,,,Provisional/Provisoire,,
05EA005,2026-08-08T06:45:00Z,47,0.241,,,Provisional/Provisoire,,
05EA005,2026-08-08T06:50:00Z,47,0.241,,,Provisional/Provisoire,,
05EA005,2026-08-08T06:55:00Z,47,0.241,,,Provisional/Provisoire,,
05EA005,2026-08-08T07:00:00Z,47,0.237,,,Provisional/Provisoire,,
05EA005,2026-08-08T07:05:00Z,47,0.237,,,Provisional/Provisoire,,
05EA005,2026-08-08T07:10:00Z,47,0.237,,,Provisional/Provisoire,,
05EA005,2026-08-08T07:15:00Z,47,0.237,,,Provisional/Provisoire,,
05EA005,2026-08-08T07:20:00Z,47,0.237,,,Provisional/Provisoire,,
05EA005,2026-08-08T07:25:00Z,47,0.237,,,Provisional/Provisoire,,
05EA005,2026-08-08T07:30:00Z,47,0.237,,,Provisional/Provisoire,,
05EA005,2026-08-08T07:35:00Z,47,0.237,,,Provisional/Provisoire,,
05EA005,2026-08-08T07:40:00Z,47,0.237,,,Provisional/Provisoire,,
05EA005,2026-08-08T07:45:00Z,47,0.237,,,Provisional/Provisoire,,
05EA005,2026-08-08T07:50:00Z,47,0.237,,,Provisional/Provisoire,,
05EA005,2026-08-08T07:55:00Z,47,0.237,,,Provisional/Provisoire,,
05EA005,2026-08-08T08:00:00Z,47,0.237,,,Provisional/Provisoire,,
05EA005,2026-08-08T08:05:00Z,47,0.237,,,Provisional/Provisoire,,
05EA005,2026-08-08T08:10:00Z,47,0.237,,,Provisional/Provisoire,,
05EA005,2026-08-08T08:15:00Z,47,0.237,,,Provisional/Provisoire,,
05EA005,2026-08-08T08:20:00Z,47,0.237,,,Provisional/Provisoire,,
05EA005,2026-08-08T08:25:00Z,47,0.237,,,Provisional/Provisoire,,
05EA005,2026-08-08T08:30:00Z,47,0.237,,,Provisional/Provisoire,,
05EA005,2026-08-08T08:35:00Z,47,0.237,,,Provisional/Provisoire,,
05EA005,2026-08-08T08:40:00Z,47,0.237,,,Provisional/Provisoire,,
05EA005,2026-08-08T08:45:00Z,47,0.237,,,Provisional/Provisoire,,
05EA005,2026-08-08T08:50:00Z,47,0.237,,,Provisional/Provisoire,,
05EA005,2026-08-08T08:55:00Z,47,0.237,,,Provisional/Provisoire,,
05EA005,2026-08-08T09:00:00Z,47,0.237,,,Provisional/Provisoire,,
05EA005,2026-08-08T09:05:00Z,47,0.237,,,Provisional/Provisoire,,
05EA005,2026-08-08T09:10:00Z,47,0.237,,,Provisional/Provisoire,,
05EA005,2026-08-08T09:15:00Z,47,0.237,,,Provisional/Provisoire,,
05EA005,2026-08-08T09:20:00Z,47,0.237,,,Provisional/Provisoire,,
05EA005,2026-08-08T09:25:00Z,47,0.237,,,Provisional/Provisoire,,
05EA005,2026-08-08T09:30:00Z,47,0.237,,,Provisional/Provisoire,,
05EA005,2026-08-08T09:35:00Z,47,0.237,,,Provisional/Provisoire,,
05EA005,2026-08-08T09:40:00Z,47,0.237,,,Provisional/Provisoire,,
05EA005,2026-08-08T09:45:00Z,47,0.237,,,Provisional/Provisoire,,
05EA005,2026-08-08T09:50:00Z,47,0.237,,,Provisional/Provisoire,,
05EA005,2026-08-08T09:55:00Z,47,0.237,,,Provisional/Provisoire,,
05EA005,2026-08-08T10:00:00Z,47,0.237,,,Provisional/Provisoire,,
05EA005,2026-08-08T10:05:00Z,47,0.237,,,Provisional/Provisoire,,
05EA005,2026-08-08T10:10:00Z,47,0.237,,,Provisional/Provisoire,,
05EA005,2026-08-08T10:15:00Z,47,0.237,,,Provisional/Provisoire,,
05EA005,2026-08-08T10:20:00Z,47,0.237,,,Provisional/Provisoire,,
05EA005,2026-08-08T10:25:00Z,47,0.237,,,Provisional/Provisoire,,
05EA005,2026-08-08T10:30:00Z,47,0.237,,,Provisional/Provisoire,,
05EA005,2026-08-08T10:35:00Z,47,0.237,,,Provisional/Provisoire,,
05EA005,2026-08-08T10:40:00Z,47,0.237,,,Provisional/Provisoire,,
05EA005,2026-08-08T10:45:00Z,47,0.237,,,Provisional/Provisoire,,
05EA005,2026-08-08T10:50:00Z,47,0.234,,,Provisional/Provisoire,,
05EA005,2026-08-08T10:55:00Z,47,0.234,,,Provisional/Provisoire,,
05EA005,2026-08-08T11:00:00Z,47,0.234,,,Provisional/Provisoire,,
05EA005,2026-08-08T11:05:00Z,47,0.234,,,Provisional/Provisoire,,
05EA005,2026-08-08T11:10:00Z,47,0.234,,,Provisional/Provisoire,,
05EA005,2026-08-08T11:15:00Z,47,0.234,,,Provisional/Provisoire,,
05EA005,2026-08-08T11:20:00Z,47,0.234,,,Provisional/Provisoire,,
05EA005,2026-08-08T11:25:00Z,47,0.234,,,Provisional/Provisoire,,
05EA005,2026-08-08T11:30:00Z,47,0.234,,,Provisional/Provisoire,,
05EA005,2026-08-08T11:35:00Z,47,0.234,,,Provisional/Provisoire,,
05EA005,2026-08-08T11:40:00Z,47,0.234,,,Provisional/Provisoire,,
05EA005,2026-08-08T11:45:00Z,47,0.230,,,Provisional/Provisoire,,
05EA005,2026-08-08T11:50:00Z,47,0.230,,,Provisional/Provisoire,,
05EA005,2026-08-08T11:55:00Z,47,0.230,,,Provisional/Provisoire,,
05EA005,2026-08-08T12:00:00Z,47,0.230,,,Provisional/Provisoire,,
05EA005,2026-08-08T12:05:00Z,47,0.230,,,Provisional/Provisoire,,
05EA005,2026-08-08T12:10:00Z,47,0.230,,,Provisional/Provisoire,,
05EA005,2026-08-08T12:15:00Z,47,0.230,,,Provisional/Provisoire,,
05EA005,2026-08-08T12:20:00Z,47,0.230,,,Provisional/Provisoire,,
05EA005,2026-08-08T12:25:00Z,47,0.230,,,Provisional/Provisoire,,
05EA005,2026-08-08T12:30:00Z,47,0.230,,,Provisional/Provisoire,,
05EA005,2026-08-08T12:35:00Z,47,0.230,,,Provisional/Provisoire,,
05EA005,2026-08-08T12:40:00Z,47,0.230,,,Provisional/Provisoire,,
05EA005,2026-08-08T12:45:00Z,47,0.230,,,Provisional/Provisoire,,
05EA005,2026-08-08T12:50:00Z,47,0.226,,,Provisional/Provisoire,,
05EA005,2026-08-08T12:55:00Z,47,0.226,,,Provisional/Provisoire,,
05EA005,2026-08-08T13:00:00Z,47,0.226,,,Provisional/Provisoire,,
05EA005,2026-08-08T13:05:00Z,47,0.226,,,Provisional/Provisoire,,
05EA005,2026-08-08T13:10:00Z,47,0.226,,,Provisional/Provisoire,,
05EA005,2026-08-08T13:15:00Z,47,0.226,,,Provisional/Provisoire,,
05EA005,2026-08-08T13:20:00Z,47,0.226,,,Provisional/Provisoire,,
05EA005,2026-08-08T13:25:00Z,47,0.226,,,Provisional/Provisoire,,
05EA005,2026-08-08T13:30:00Z,47,0.226,,,Provisional/Provisoire,,
05EA005,2026-08-08T13:35:00Z,47,0.226,,,Provisional/Provisoire,,
05EA005,2026-08-08T13:40:00Z,47,0.226,,,Provisional/Provisoire,,
05EA005,2026-08-08T13:45:00Z,47,0.226,,,Provisional/Provisoire,,
05EA005,2026-08-08T13:50:00Z,47,0.226,,,Provisional/Provisoire,,
05EA005,2026-08-08T13:55:00Z,47,0.226,,,Provisional/Provisoire,,
05EA005,2026-08-08T14:00:00Z,47,0.226,,,Provisional/Provisoire,,
05EA005,2026-08-08T14:05:00Z,47,0.226,,,Provisional/Provisoire,,
05EA005,2026-08-08T14:10:00Z,47,0.226,,,Provisional/Provisoire,,
05EA005,2026-08-08T14:15:00Z,47,0.226,,,Provisional/Provisoire,,
05EA005,2026-08-08T14:20:00Z,47,0.223,,,Provisional/Provisoire,,
05EA005,2026-08-08T14:25:00Z,47,0.223,,,Provisional/Provisoire,,
05EA005,2026-08-08T14:30:00Z,47,0.223,,,Provisional/Provisoire,,
05EA005,2026-08-08T14:35:00Z,47,0.223,,,Provisional/Provisoire,,
05EA005,2026-08-08T14:40:00Z,47,0.223,,,Provisional/Provisoire,,
05EA005,2026-08-08T14:45:00Z,47,0.223,,,Provisional/Provisoire,,
05EA005,2026-08-08T14:50:00Z,47,0.223,,,Provisional/Provisoire,,
05EA005,2026-08-08T14:55:00Z,47,0.223,,,Provisional/Provisoire,,
05EA005,2026-08-08T15:00:00Z,47,0.223,,,Provisional/Provisoire,,
05EA005,2026-08-08T15:05:00Z,47,0.223,,,Provisional/Provisoire,,
05EA005,2026-08-08T15:10:00Z,47,0.223,,,Provisional/Provisoire,,
05EA005,2026-08-08T15:15:00Z,47,0.223,,,Provisional/Provisoire,,
05EA005,2026-08-08T15:20:00Z,47,0.223,,,Provisional/Provisoire,,
05EA005,2026-08-08T15:25:00Z,47,0.223,,,Provisional/Provisoire,,
05EA005,2026-08-08T15:30:00Z,47,0.219,,,Provisional/Provisoire,,
05EA005,2026-08-08T15:35:00Z,47,0.219,,,Provisional/Provisoire,,
05EA005,2026-08-08T15:40:00Z,47,0.219,,,Provisional/Provisoire,,
05EA005,2026-08-08T15:45:00Z,47,0.219,,,Provisional/Provisoire,,
05EA005,2026-08-08T15:50:00Z,47,0.219,,,Provisional/Provisoire,,
05EA005,2026-08-08T15:55:00Z,47,0.219,,,Provisional/Provisoire,,
05EA005,2026-08-08T16:00:00Z,47,0.219,,,Provisional/Provisoire,,
05EA005,2026-08-08T16:05:00Z,47,0.219,,,Provisional/Provisoire,,
05EA005,2026-08-08T16:10:00Z,47,0.219,,,Provisional/Provisoire,,
05EA005,2026-08-08T16:15:00Z,47,0.219,,,Provisional/Provisoire,,
05EA005,2026-08-08T16:20:00Z,47,0.215,,,Provisional/Provisoire,,
05EA005,2026-08-08T16:25:00Z,47,0.215,,,Provisional/Provisoire,,
05EA005,2026-08-08T16:30:00Z,47,0.215,,,Provisional/Provisoire,,
05EA005,2026-08-08T16:35:00Z,47,0.215,,,Provisional/Provisoire,,
05EA005,2026-08-08T16:40:00Z,47,0.215,,,Provisional/Provisoire,,
05EA005,2026-08-08T16:45:00Z,47,0.215,,,Provisional/Provisoire,,
05EA005,2026-08-08T16:50:00Z,47,0.215,,,Provisional/Provisoire,,
05EA005,2026-08-08T16:55:00Z,47,0.215,,,Provisional/Provisoire,,
05EA005,2026-08-08T17:00:00Z,47,0.215,,,Provisional/Provisoire,,
05EA005,2026-08-08T17:05:00Z,47,0.215,,,Provisional/Provisoire,,
05EA005,2026-08-08T17:10:00Z,47,0.215,,,Provisional/Provisoire,,
05EA005,2026-08-08T17:15:00Z,47,0.215,,,Provisional/Provisoire,,
05EA005,2026-08-08T17:20:00Z,47,0.215,,,Provisional/Provisoire,,
05EA005,2026-08-08T17:25:00Z,47,0.215,,,Provisional/Provisoire,,
05EA005,2026-08-08T17:30:00Z,47,0.215,,,Provisional/Provisoire,,
05EA005,2026-08-08T17:35:00Z,47,0.215,,,Provisional/Provisoire,,
05EA005,2026-08-08T17:40:00Z,47,0.212,,,Provisional/Provisoire,,
05EA005,2026-08-08T17:45:00Z,47,0.212,,,Provisional/Provisoire,,
05EA005,2026-08-08T17:50:00Z,47,0.212,,,Provisional/Provisoire,,
05EA005,2026-08-08T17:55:00Z,47,0.212,,,Provisional/Provisoire,,
05EA005,2026-08-08T18:00:00Z,47,0.212,,,Provisional/Provisoire,,
05EA005,2026-08-08T18:05:00Z,47,0.212,,,Provisional/Provisoire,,
05EA005,2026-08-08T18:10:00Z,47,0.212,,,Provisional/Provisoire,,
05EA005,2026-08-08T18:15:00Z,47,0.212,,,Provisional/Provisoire,,
05EA005,2026-08-08T18:20:00Z,47,0.212,,,Provisional/Provisoire,,
05EA005,2026-08-08T18:25:00Z,47,0.212,,,Provisional/Provisoire,,
05EA005,2026-08-08T18:30:00Z,47,0.212,,,Provisional/Provisoire,,
05EA005,2026-08-08T18:35:00Z,47,0.212,,,Provisional/Provisoire,,
05EA005,2026-08-08T18:40:00Z,47,0.212,,,Provisional/Provisoire,,
05EA005,2026-08-08T18:45:00Z,47,0.212,,,Provisional/Provisoire,,
05EA005,2026-08-08T18:50:00Z,47,0.212,,,Provisional/Provisoire,,
05EA005,2026-08-08T18:55:00Z,47,0.212,,,Provisional/Provisoire,,
05EA005,2026-08-08T19:00:00Z,47,0.212,,,Provisional/Provisoire,,
05EA005,2026-08-08T19:05:00Z,47,0.212,,,Provisional/Provisoire,,
05EA005,2026-08-08T19:10:00Z,47,0.212,,,Provisional/Provisoire,,
05EA005,2026-08-08T19:15:00Z,47,0.212,,,Provisional/Provisoire,,
05EA005,2026-08-08T19:20:00Z,47,0.212,,,Provisional/Provisoire,,
05EA005,2026-08-08T19:25:00Z,47,0.212,,,Provisional/Provisoire,,
05EA005,2026-08-08T19:30:00Z,47,0.212,,,Provisional/Provisoire,,
05EA005,2026-08-08T19:35:00Z,47,0.212,,,Provisional/Provisoire,,
05EA005,2026-08-08T19:40:00Z,47,0.212,,,Provisional/Provisoire,,
05EA005,2026-08-08T19:45:00Z,47,0.208,,,Provisional/Provisoire,,
05EA005,2026-08-08T19:50:00Z,47,0.208,,,Provisional/Provisoire,,
05EA005,2026-08-08T19:55:00Z,47,0.208,,,Provisional/Provisoire,,
05EA005,2026-08-08T20:00:00Z,47,0.208,,,Provisional/Provisoire,,
05EA005,2026-08-08T20:05:00Z,47,0.208,,,Provisional/Provisoire,,
05EA005,2026-08-08T20:10:00Z,47,0.208,,,Provisional/Provisoire,,
05EA005,2026-08-08T20:15:00Z,47,0.208,,,Provisional/Provisoire,,
05EA005,2026-08-08T20:20:00Z,47,0.208,,,Provisional/Provisoire,,
05EA005,2026-08-08T20:25:00Z,47,0.208,,,Provisional/Provisoire,,
05EA005,2026-08-08T20:30:00Z,47,0.208,,,Provisional/Provisoire,,
05EA005,2026-08-08T20:35:00Z,47,0.208,,,Provisional/Provisoire,,
05EA005,2026-08-08T20:40:00Z,47,0.208,,,Provisional/Provisoire,,
05EA005,2026-08-08T20:45:00Z,47,0.208,,,Provisional/Provisoire,,
05EA005,2026-08-08T20:50:00Z,47,0.208,,,Provisional/Provisoire,,
05EA005,2026-08-08T20:55:00Z,47,0.208,,,Provisional/Provisoire,,
05EA005,2026-08-08T21:00:00Z,47,0.205,,,Provisional/Provisoire,,
05EA005,2026-08-08T21:05:00Z,47,0.205,,,Provisional/Provisoire,,
05EA005,2026-08-08T21:10:00Z,47,0.205,,,Provisional/Provisoire,,
05EA005,2026-08-08T21:15:00Z,47,0.205,,,Provisional/Provisoire,,
05EA005,2026-08-08T21:20:00Z,47,0.205,,,Provisional/Provisoire,,
05EA005,2026-08-08T21:25:00Z,47,0.205,,,Provisional/Provisoire,,
05EA005,2026-08-08T21:30:00Z,47,0.205,,,Provisional/Provisoire,,
05EA005,2026-08-08T21:35:00Z,47,0.205,,,Provisional/Provisoire,,
05EA005,2026-08-08T21:40:00Z,47,0.205,,,Provisional/Provisoire,,
05EA005,2026-08-08T21:45:00Z,47,0.205,,,Provisional/Provisoire,,
05EA005,2026-08-08T21:50:00Z,47,0.205,,,Provisional/Provisoire,,
05EA005,2026-08-08T21:55:00Z,47,0.205,,,Provisional/Provisoire,,
05EA005,2026-08-08T22:00:00Z,47,0.205,,,Provisional/Provisoire,,
05EA005,2026-08-08T22:05:00Z,47,0.205,,,Provisional/Provisoire,,
05EA005,2026-08-08T22:10:00Z,47,0.205,,,Provisional/Provisoire,,
05EA005,2026-08-08T22:15:00Z,47,0.205,,,Provisional/Provisoire,,
05EA005,2026-08-08T22:20:00Z,47,0.205,,,Provisional/Provisoire,,
05EA005,2026-08-08T22:25:00Z,47,0.205,,,Provisional/Provisoire,,
05EA005,2026-08-08T22:30:00Z,47,0.201,,,Provisional/Provisoire,,
05EA005,2026-08-08T22:35:00Z,47,0.201,,,Provisional/Provisoire,,
05EA005,2026-08-08T22:40:00Z,47,0.201,,,Provisional/Provisoire,,
05EA005,2026-08-08T22:45:00Z,47,0.201,,,Provisional/Provisoire,,
05EA005,2026-08-08T22:50:00Z,47,0.201,,,Provisional/Provisoire,,
05EA005,2026-08-08T22:55:00Z,47,0.201,,,Provisional/Provisoire,,
05EA005,2026-08-08T23:00:00Z,47,0.201,,,Provisional/Provisoire,,
05EA005,2026-08-08T23:05:00Z,47,0.201,,,Provisional/Provisoire,,
05EA005,2026-08-08T23:10:00Z,47,0.201,,,Provisional/Provisoire,,
05EA005,2026-08-08T23:15:00Z,47,0.201,,,Provisional/Provisoire,,
05EA005,2026-08-08T23:20:00Z,47,0.201,,,Provisional/Provisoire,,
05EA005,2026-08-08T23:25:00Z,47,0.201,,,Provisional/Provisoire,,
05EA005,2026-08-08T23:30:00Z,47,0.201,,,Provisional/Provisoire,,
05EA005,2026-08-08T23:35:00Z,47,0.201,,,Provisional/Provisoire,,
05EA005,2026-08-08T23:40:00Z,47,0.201,,,Provisional/Provisoire,,
05EA005,2026-08-08T23:45:00Z,47,0.201,,,Provisional/Provisoire,,
05EA005,2026-08-08T23:50:00Z,47,0.201,,,Provisional/Provisoire,,
05EA005,2026-08-08T23:55:00Z,47,0.201,,,Provisional/Provisoire,,
05EA005,2026-08-09T00:00:00Z,47,0.201,,,Provisional/Provisoire,,
05EA005,2026-08-09T00:05:00Z,47,0.201,,,Provisional/Provisoire,,
05EA005,2026-08-09T00:10:00Z,47,0.201,,,Provisional/Provisoire,,
05EA005,2026-08-09T00:15:00Z,47,0.201,,,Provisional/Provisoire,,
05EA005,2026-08-09T00:20:00Z,47,0.201,,,Provisional/Provisoire,,
05EA005,2026-08-09T00:25:00Z,47,0.198,,,Provisional/Provisoire,,
05EA005,2026-08-09T00:30:00Z,47,0.198,,,Provisional/Provisoire,,
05EA005,2026-08-09T00:35:00Z,47,0.198,,,Provisional/Provisoire,,
05EA005,2026-08-09T00:40:00Z,47,0.198,,,Provisional/Provisoire,,
05EA005,2026-08-09T00:45:00Z,47,0.198,,,Provisional/Provisoire,,
05EA005,2026-08-09T00:50:00Z,47,0.198,,,Provisional/Provisoire,,
05EA005,2026-08-09T00:55:00Z,47,0.198,,,Provisional/Provisoire,,
05EA005,2026-08-09T01:00:00Z,47,0.198,,,Provisional/Provisoire,,
05EA005,2026-08-09T01:05:00Z,47,0.198,,,Provisional/Provisoire,,
05EA005,2026-08-09T01:10:00Z,47,0.198,,,Provisional/Provisoire,,
05EA005,2026-08-09T01:15:00Z,47,0.198,,,Provisional/Provisoire,,
05EA005,2026-08-09T01:20:00Z,47,0.198,,,Provisional/Provisoire,,
05EA005,2026-08-09T01:25:00Z,47,0.198,,,Provisional/Provisoire,,
05EA005,2026-08-09T01:30:00Z,47,0.198,,,Provisional/Provisoire,,
05EA005,2026-08-09T01:35:00Z,47,0.198,,,Provisional/Provisoire,,
05EA005,2026-08-09T01:40:00Z,47,0.198,,,Provisional/Provisoire,,
05EA005,2026-08-09T01:45:00Z,47,0.198,,,Provisional/Provisoire,,
05EA005,2026-08-09T01:50:00Z,47,0.198,,,Provisional/Provisoire,,
05EA005,2026-08-09T01:55:00Z,47,0.198,,,Provisional/Provisoire,,
05EA005,2026-08-09T02:00:00Z,47,0.198,,,Provisional/Provisoire,,
05EA005,2026-08-09T02:05:00Z,47,0.198,,,Provisional/Provisoire,,
05EA005,2026-08-09T02:10:00Z,47,0.198,,,Provisional/Provisoire,,
05EA005,2026-08-09T02:15:00Z,47,0.198,,,Provisional/Provisoire,,
05EA005,2026-08-09T02:20:00Z,47,0.198,,,Provisional/Provisoire,,
05EA005,2026-08-09T02:25:00Z,47,0.198,,,Provisional/Provisoire,,
05EA005,2026-08-09T02:30:00Z,47,0.198,,,Provisional/Provisoire,,
05EA005,2026-08-09T02:35:00Z,47,0.198,,,Provisional/Provisoire,,
05EA005,2026-08-09T02:40:00Z,47,0.198,,,Provisional/Provisoire,,
05EA005,2026-08-09T02:45:00Z,47,0.198,,,Provisional/Provisoire,,
05EA005,2026-08-09T02:50:00Z,47,0.198,,,Provisional/Provisoire,,
05EA005,2026-08-09T02:55:00Z,47,0.198,,,Provisional/Provisoire,,
05EA005,2026-08-09T03:00:00Z,47,0.198,,,Provisional/Provisoire,,
05EA005,2026-08-09T03:05:00Z,47,0.198,,,Provisional/Provisoire,,
05EA005,2026-08-09T03:10:00Z,47,0.198,,,Provisional/Provisoire,,
05EA005,2026-08-09T03:15:00Z,47,0.198,,,Provisional/Provisoire,,
05EA005,2026-08-09T03:20:00Z,47,0.198,,,Provisional/Provisoire,,
05EA005,2026-08-09T03:25:00Z,47,0.198,,,Provisional/Provisoire,,
05EA005,2026-08-09T03:30:00Z,47,0.198,,,Provisional/Provisoire,,
05EA005,2026-08-09T03:35:00Z,47,0.198,,,Provisional/Provisoire,,
05EA005,2026-08-09T03:40:00Z,47,0.195,,,Provisional/Provisoire,,
05EA005,2026-08-09T03:45:00Z,47,0.195,,,Provisional/Provisoire,,
05EA005,2026-08-09T03:50:00Z,47,0.195,,,Provisional/Provisoire,,
05EA005,2026-08-09T03:55:00Z,47,0.195,,,Provisional/Provisoire,,
05EA005,2026-08-09T04:00:00Z,47,0.195,,,Provisional/Provisoire,,
05EA005,2026-08-09T04:05:00Z,47,0.195,,,Provisional/Provisoire,,
05EA005,2026-08-09T04:10:00Z,47,0.195,,,Provisional/Provisoire,,
05EA005,2026-08-09T04:15:00Z,47,0.195,,,Provisional/Provisoire,,
05EA005,2026-08-09T04:20:00Z,47,0.195,,,Provisional/Provisoire,,
05EA005,2026-08-09T04:25:00Z,47,0.195,,,Provisional/Provisoire,,
05EA005,2026-08-09T04:30:00Z,47,0.195,,,Provisional/Provisoire,,
05EA005,2026-08-09T04:35:00Z,47,0.195,,,Provisional/Provisoire,,
05EA005,2026-08-09T04:40:00Z,47,0.195,,,Provisional/Provisoire,,
05EA005,2026-08-09T04:45:00Z,47,0.195,,,Provisional/Provisoire,,
05EA005,2026-08-09T04:50:00Z,47,0.195,,,Provisional/Provisoire,,
05EA005,2026-08-09T04:55:00Z,47,0.195,,,Provisional/Provisoire,,
05EA005,2026-08-09T05:00:00Z,47,0.195,,,Provisional/Provisoire,,
05EA005,2026-08-09T05:05:00Z,47,0.195,,,Provisional/Provisoire,,
05EA005,2026-08-09T05:10:00Z,47,0.195,,,Provisional/Provisoire,,
05EA005,2026-08-09T05:15:00Z,47,0.195,,,Provisional/Provisoire,,
05EA005,2026-08-09T05:20:00Z,47,0.195,,,Provisional/Provisoire,,
05EA005,2026-08-09T05:25:00Z,47,0.195,,,Provisional/Provisoire,,
05EA005,2026-08-09T05:30:00Z,47,0.195,,,Provisional/Provisoire,,
05EA005,2026-08-09T05:35:00Z,47,0.195,,,Provisional/Provisoire,,
05EA005,2026-08-09T05:40:00Z,47,0.195,,,Provisional/Provisoire,,
05EA005,2026-08-09T05:45:00Z,47,0.195,,,Provisional/Provisoire,,
05EA005,2026-08-09T05:50:00Z,47,0.195,,,Provisional/Provisoire,,
05EA005,2026-08-09T05:55:00Z,47,0.195,,,Provisional/Provisoire,,
05EA005,2026-08-09T06:00:00Z,47,0.195,,,Provisional/Provisoire,,
05EA005,2026-08-09T06:05:00Z,47,0.195,,,Provisional/Provisoire,,
05EA005,2026-08-09T06:10:00Z,47,0.195,,,Provisional/Provisoire,,
05EA005,2026-08-09T06:15:00Z,47,0.195,,,Provisional/Provisoire,,
05EA005,2026-08-09T06:20:00Z,47,0.195,,,Provisional/Provisoire,,
05EA005,2026-08-09T06:25:00Z,47,0.195,,,Provisional/Provisoire,,
05EA005,2026-08-09T06:30:00Z,47,0.195,,,Provisional/Provisoire,,
05EA005,2026-08-09T06:35:00Z,47,0.195,,,Provisional/Provisoire,,
05EA005,2026-08-09T06:40:00Z,47,0.195,,,Provisional/Provisoire,,
05EA005,2026-08-09T06:45:00Z,47,0.195,,,Provisional/Provisoire,,
05EA005,2026-08-09T06:50:00Z,47,0.195,,,Provisional/Provisoire,,
05EA005,2026-08-09T06:55:00Z,47,0.195,,,Provisional/Provisoire,,
05EA005,2026-08-09T07:00:00Z,47,0.195,,,Provisional/Provisoire,,
05EA005,2026-08-09T07:05:00Z,47,0.195,,,Provisional/Provisoire,,
05EA005,2026-08-09T07:10:00Z,47,0.195,,,Provisional/Provisoire,,
05EA005,2026-08-09T07:15:00Z,47,0.195,,,Provisional/Provisoire,,
05EA005,2026-08-09T07:20:00Z,47,0.195,,,Provisional/Provisoire,,
05EA005,2026-08-09T07:25:00Z,47,0.195,,,Provisional/Provisoire,,
05EA005,2026-08-09T07:30:00Z,47,0.195,,,Provisional/Provisoire,,
05EA005,2026-08-09T07:35:00Z,47,0.195,,,Provisional/Provisoire,,
05EA005,2026-08-09T07:40:00Z,47,0.195,,,Provisional/Provisoire,,
05EA005,2026-08-09T07:45:00Z,47,0.195,,,Provisional/Provisoire,,
05EA005,2026-08-09T07:50:00Z,47,0.195,,,Provisional/Provisoire,,
05EA005,2026-08-09T07:55:00Z,47,0.195,,,Provisional/Provisoire,,
05EA005,2026-08-09T08:00:00Z,47,0.195,,,Provisional/Provisoire,,
05EA005,2026-08-09T08:05:00Z,47,0.195,,,Provisional/Provisoire,,
05EA005,2026-08-09T08:10:00Z,47,0.195,,,Provisional/Provisoire,,
05EA005,2026-08-09T08:15:00Z,47,0.195,,,Provisional/Provisoire,,
05EA005,2026-08-09T08:20:00Z,47,0.195,,,Provisional/Provisoire,,
05EA005,2026-08-09T08:25:00Z,47,0.195,,,Provisional/Provisoire,,
05EA005,2026-08-09T08:30:00Z,47,0.195,,,Provisional/Provisoire,,
05EA005,2026-08-09T08:35:00Z,47,0.195,,,Provisional/Provisoire,,
05EA005,2026-08-09T08:40:00Z,47,0.195,,,Provisional/Provisoire,,
05EA005,2026-08-09T08:45:00Z,47,0.195,,,Provisional/Provisoire,,
05EA005,2026-08-09T08:50:00Z,47,0.195,,,Provisional/Provisoire,,
05EA005,2026-08-09T08:55:00Z,47,0.195,,,Provisional/Provisoire,,
05EA005,2026-08-09T09:00:00Z,47,0.195,,,Provisional/Provisoire,,
05EA005,2026-08-09T09:05:00Z,47,0.195,,,Provisional/Provisoire,,
05EA005,2026-08-09T09:10:00Z,47,0.195,,,Provisional/Provisoire,,
05EA005,2026-08-09T09:15:00Z,47,0.195,,,Provisional/Provisoire,,
05EA005,2026-08-09T09:20:00Z,47,0.195,,,Provisional/Provisoire,,
05EA005,2026-08-09T09:25:00Z,47,0.195,,,Provisional/Provisoire,,
05EA005,2026-08-09T09:30:00Z,47,0.195,,,Provisional/Provisoire,,
05EA005,2026-08-09T09:35:00Z,47,0.195,,,Provisional/Provisoire,,
05EA005,2026-08-09T09:40:00Z,47,0.195,,,Provisional/Provisoire,,
05EA005,2026-08-09T09:45:00Z,47,0.195,,,Provisional/Provisoire,,
05EA005,2026-08-09T09:50:00Z,47,0.195,,,Provisional/Provisoire,,
05EA005,2026-08-09T09:55:00Z,47,0.195,,,Provisional/Provisoire,,
05EA005,2026-08-09T10:00:00Z,47,0.195,,,Provisional/Provisoire,,
05EA005,2026-08-09T10:05:00Z,47,0.195,,,Provisional/Provisoire,,
05EA005,2026-08-09T10:10:00Z,47,0.195,,,Provisional/Provisoire,,
05EA005,2026-08-09T10:15:00Z,47,0.195,,,Provisional/Provisoire,,
05EA005,2026-08-09T10:20:00Z,47,0.195,,,Provisional/Provisoire,,
05EA005,2026-08-09T10:25:00Z,47,0.195,,,Provisional/Provisoire,,
05EA005,2026-08-09T10:30:00Z,47,0.195,,,Provisional/Provisoire,,
05EA005,2026-08-09T10:35:00Z,47,0.195,,,Provisional/Provisoire,,
05EA005,2026-08-09T10:40:00Z,47,0.195,,,Provisional/Provisoire,,
05EA005,2026-08-09T10:45:00Z,47,0.195,,,Provisional/Provisoire,,
05EA005,2026-08-09T10:50:00Z,47,0.195,,,Provisional/Provisoire,,
05EA005,2026-08-09T10:55:00Z,47,0.195,,,Provisional/Provisoire,,
05EA005,2026-08-09T11:00:00Z,47,0.195,,,Provisional/Provisoire,,
05EA005,2026-08-09T11:05:00Z,47,0.195,,,Provisional/Provisoire,,
05EA005,2026-08-09T11:10:00Z,47,0.195,,,Provisional/Provisoire,,
05EA005,2026-08-09T11:15:00Z,47,0.195,,,Provisional/Provisoire,,
05EA005,2026-08-09T11:20:00Z,47,0.195,,,Provisional/Provisoire,,
05EA005,2026-08-09T11:25:00Z,47,0.195,,,Provisional/Provisoire,,
05EA005,2026-08-09T11:30:00Z,47,0.195,,,Provisional/Provisoire,,
05EA005,2026-08-09T11:35:00Z,47,0.195,,,Provisional/Provisoire,,
05EA005,2026-08-09T11:40:00Z,47,0.195,,,Provisional/Provisoire,,
05EA005,2026-08-09T11:45:00Z,47,0.198,,,Provisional/Provisoire,,
05EA005,2026-08-09T11:50:00Z,47,0.198,,,Provisional/Provisoire,,
05EA005,2026-08-09T11:55:00Z,47,0.198,,,Provisional/Provisoire,,
05EA005,2026-08-09T12:00:00Z,47,0.198,,,Provisional/Provisoire,,
05EA005,2026-08-09T12:05:00Z,47,0.198,,,Provisional/Provisoire,,
05EA005,2026-08-09T12:10:00Z,47,0.198,,,Provisional/Provisoire,,
05EA005,2026-08-09T12:15:00Z,47,0.198,,,Provisional/Provisoire,,
05EA005,2026-08-09T12:20:00Z,47,0.198,,,Provisional/Provisoire,,
05EA005,2026-08-09T12:25:00Z,47,0.198,,,Provisional/Provisoire,,
05EA005,2026-08-09T12:30:00Z,47,0.198,,,Provisional/Provisoire,,
05EA005,2026-08-09T12:35:00Z,47,0.198,,,Provisional/Provisoire,,
05EA005,2026-08-09T12:40:00Z,47,0.198,,,Provisional/Provisoire,,
05EA005,2026-08-09T12:45:00Z,47,0.198,,,Provisional/Provisoire,,
05EA005,2026-08-09T12:50:00Z,47,0.198,,,Provisional/Provisoire,,
05EA005,2026-08-09T12:55:00Z,47,0.198,,,Provisional/Provisoire,,
05EA005,2026-08-09T13:00:00Z,47,0.198,,,Provisional/Provisoire,,
05EA005,2026-08-09T13:05:00Z,47,0.198,,,Provisional/Provisoire,,
05EA005,2026-08-09T13:10:00Z,47,0.198,,,Provisional/Provisoire,,
05EA005,2026-08-09T13:15:00Z,47,0.198,,,Provisional/Provisoire,,
05EA005,2026-08-09T13:20:00Z,47,0.198,,,Provisional/Provisoire,,
05EA005,2026-08-09T13:25:00Z,47,0.198,,,Provisional/Provisoire,,
05EA005,2026-08-09T13:30:00Z,47,0.198,,,Provisional/Provisoire,,
05EA005,2026-08-09T13:35:00Z,47,0.201,,,Provisional/Provisoire,,
05EA005,2026-08-09T13:40:00Z,47,0.201,,,Provisional/Provisoire,,
05EA005,2026-08-09T13:45:00Z,47,0.201,,,Provisional/Provisoire,,
05EA005,2026-08-09T13:50:00Z,47,0.201,,,Provisional/Provisoire,,
05EA005,2026-08-09T13:55:00Z,47,0.201,,,Provisional/Provisoire,,
05EA005,2026-08-09T14:00:00Z,47,0.201,,,Provisional/Provisoire,,
05EA005,2026-08-09T14:05:00Z,47,0.201,,,Provisional/Provisoire,,
05EA005,2026-08-09T14:10:00Z,47,0.201,,,Provisional/Provisoire,,
05EA005,2026-08-09T14:15:00Z,47,0.201,,,Provisional/Provisoire,,
05EA005,2026-08-09T14:20:00Z,47,0.201,,,Provisional/Provisoire,,
05EA005,2026-08-09T14:25:00Z,47,0.201,,,Provisional/Provisoire,,
05EA005,2026-08-09T14:30:00Z,47,0.201,,,Provisional/Provisoire,,
05EA005,2026-08-09T14:35:00Z,47,0.201,,,Provisional/Provisoire,,
05EA005,2026-08-09T14:40:00Z,47,0.201,,,Provisional/Provisoire,,
05EA005,2026-08-09T14:45:00Z,47,0.205,,,Provisional/Provisoire,,
05EA005,2026-08-09T14:50:00Z,47,0.205,,,Provisional/Provisoire,,
05EA005,2026-08-09T14:55:00Z,47,0.201,,,Provisional/Provisoire,,
05EA005,2026-08-09T15:00:00Z,47,0.201,,,Provisional/Provisoire,,
05EA005,2026-08-09T15:05:00Z,47,0.201,,,Provisional/Provisoire,,
05EA005,2026-08-09T15:10:00Z,47,0.201,,,Provisional/Provisoire,,
05EA005,2026-08-09T15:15:00Z,47,0.201,,,Provisional/Provisoire,,
05EA005,2026-08-09T15:20:00Z,47,0.201,,,Provisional/Provisoire,,
05EA005,2026-08-09T15:25:00Z,47,0.201,,,Provisional/Provisoire,,
05EA005,2026-08-09T15:30:00Z,47,0.201,,,Provisional/Provisoire,,
05EA005,2026-08-09T15:35:00Z,47,0.201,,,Provisional/Provisoire,,
05EA005,2026-08-09T15:40:00Z,47,0.201,,,Provisional/Provisoire,,
05EA005,2026-08-09T15:45:00Z,47,0.201,,,Provisional/Provisoire,,
05EA005,2026-08-09T15:50:00Z,47,0.201,,,Provisional/Provisoire,,
05EA005,2026-08-09T15:55:00Z,47,0.201,,,Provisional/Provisoire,,
05EA005,2026-08-09T16:00:00Z,47,0.201,,,Provisional/Provisoire,,
05EA005,2026-08-09T16:05:00Z,47,0.201,,,Provisional/Provisoire,,
05EA005,2026-08-09T16:10:00Z,47,0.201,,,Provisional/Provisoire,,
05EA005,2026-08-09T16:15:00Z,47,0.201,,,Provisional/Provisoire,,
05EA005,2026-08-09T16:20:00Z,47,0.201,,,Provisional/Provisoire,,
05EA005,2026-08-09T16:25:00Z,47,0.201,,,Provisional/Provisoire,,
05EA005,2026-08-09T16:30:00Z,47,0.201,,,Provisional/Provisoire,,
05EA005,2026-08-09T16:35:00Z,47,0.201,,,Provisional/Provisoire,,
05EA005,2026-08-09T16:40:00Z,47,0.201,,,Provisional/Provisoire,,
05EA005,2026-08-09T16:45:00Z,47,0.201,,,Provisional/Provisoire,,
05EA005,2026-08-09T16:50:00Z,47,0.201,,,Provisional/Provisoire,,
05EA005,2026-08-09T16:55:00Z,47,0.198,,,Provisional/Provisoire,,
05EA005,2026-08-09T17:00:00Z,47,0.198,,,Provisional/Provisoire,,
05EA005,2026-08-09T17:05:00Z,47,0.198,,,Provisional/Provisoire,,
05EA005,2026-08-09T17:10:00Z,47,0.198,,,Provisional/Provisoire,,
05EA005,2026-08-09T17:15:00Z,47,0.198,,,Provisional/Provisoire,,
05EA005,2026-08-09T17:20:00Z,47,0.198,,,Provisional/Provisoire,,
05EA005,2026-08-09T17:25:00Z,47,0.198,,,Provisional/Provisoire,,
05EA005,2026-08-09T17:30:00Z,47,0.198,,,Provisional/Provisoire,,
05EA005,2026-08-09T17:35:00Z,47,0.198,,,Provisional/Provisoire,,
05EA005,2026-08-09T17:40:00Z,47,0.198,,,Provisional/Provisoire,,
05EA005,2026-08-09T17:45:00Z,47,0.198,,,Provisional/Provisoire,,
05EA005,2026-08-09T17:50:00Z,47,0.198,,,Provisional/Provisoire,,
05EA005,2026-08-09T17:55:00Z,47,0.198,,,Provisional/Provisoire,,
05EA005,2026-08-09T18:00:00Z,47,0.198,,,Provisional/Provisoire,,
05EA005,2026-08-09T18:05:00Z,47,0.198,,,Provisional/Provisoire,,
05EA005,2026-08-09T18:10:00Z,47,0.198,,,Provisional/Provisoire,,
05EA005,2026-08-09T18:15:00Z,47,0.198,,,Provisional/Provisoire,,
05EA005,2026-08-09T18:20:00Z,47,0.198,,,Provisional/Provisoire,,
05EA005,2026-08-09T18:25:00Z,47,0.198,,,Provisional/Provisoire,,
05EA005,2026-08-09T18:30:00Z,47,0.198,,,Provisional/Provisoire,,
05EA005,2026-08-09T18:35:00Z,47,0.195,,,Provisional/Provisoire,,
05EA005,2026-08-09T18:40:00Z,47,0.195,,,Provisional/Provisoire,,
05EA005,2026-08-09T18:45:00Z,47,0.195,,,Provisional/Provisoire,,
05EA005,2026-08-09T18:50:00Z,47,0.195,,,Provisional/Provisoire,,
05EA005,2026-08-09T18:55:00Z,47,0.195,,,Provisional/Provisoire,,
05EA005,2026-08-09T19:00:00Z,47,0.195,,,Provisional/Provisoire,,
05EA005,2026-08-09T19:05:00Z,47,0.195,,,Provisional/Provisoire,,
05EA005,2026-08-09T19:10:00Z,47,0.195,,,Provisional/Provisoire,,
05EA005,2026-08-09T19:15:00Z,47,0.195,,,Provisional/Provisoire,,
05EA005,2026-08-09T19:20:00Z,47,0.195,,,Provisional/Provisoire,,
05EA005,2026-08-09T19:25:00Z,47,0.195,,,Provisional/Provisoire,,
05EA005,2026-08-09T19:30:00Z,47,0.195,,,Provisional/Provisoire,,
05EA005,2026-08-09T19:35:00Z,47,0.195,,,Provisional/Provisoire,,
05EA005,2026-08-09T19:40:00Z,47,0.195,,,Provisional/Provisoire,,
05EA005,2026-08-09T19:45:00Z,47,0.195,,,Provisional/Provisoire,,
05EA005,2026-08-09T19:50:00Z,47,0.195,,,Provisional/Provisoire,,
05EA005,2026-08-09T19:55:00Z,47,0.195,,,Provisional/Provisoire,,
05EA005,2026-08-09T20:00:00Z,47,0.195,,,Provisional/Provisoire,,
05EA005,2026-08-09T20:05:00Z,47,0.195,,,Provisional/Provisoire,,
05EA005,2026-08-09T20:10:00Z,47,0.195,,,Provisional/Provisoire,,
05EA005,2026-08-09T20:15:00Z,47,0.195,,,Provisional/Provisoire,,
05EA005,2026-08-09T20:20:00Z,47,0.195,,,Provisional/Provisoire,,
05EA005,2026-08-09T20:25:00Z,47,0.195,,,Provisional/Provisoire,,
05EA005,2026-08-09T20:30:00Z,47,0.195,,,Provisional/Provisoire,,
05EA005,2026-08-09T20:35:00Z,47,0.195,,,Provisional/Provisoire,,
05EA005,2026-08-09T20:40:00Z,47,0.195,,,Provisional/Provisoire,,
05EA005,2026-08-09T20:45:00Z,47,0.195,,,Provisional/Provisoire,,
05EA005,2026-08-09T20:50:00Z,47,0.191,,,Provisional/Provisoire,,
05EA005,2026-08-09T20:55:00Z,47,0.191,,,Provisional/Provisoire,,
05EA005,2026-08-09T21:00:00Z,47,0.191,,,Provisional/Provisoire,,
05EA005,2026-08-09T21:05:00Z,47,0.191,,,Provisional/Provisoire,,
05EA005,2026-08-09T21:10:00Z,47,0.191,,,Provisional/Provisoire,,
05EA005,2026-08-09T21:15:00Z,47,0.191,,,Provisional/Provisoire,,
05EA005,2026-08-09T21:20:00Z,47,0.191,,,Provisional/Provisoire,,
05EA005,2026-08-09T21:25:00Z,47,0.191,,,Provisional/Provisoire,,
05EA005,2026-08-09T21:30:00Z,47,0.191,,,Provisional/Provisoire,,
05EA005,2026-08-09T21:35:00Z,47,0.191,,,Provisional/Provisoire,,
05EA005,2026-08-09T21:40:00Z,47,0.191,,,Provisional/Provisoire,,
05EA005,2026-08-09T21:45:00Z,47,0.191,,,Provisional/Provisoire,,
05EA005,2026-08-09T21:50:00Z,47,0.191,,,Provisional/Provisoire,,
05EA005,2026-08-09T21:55:00Z,47,0.191,,,Provisional/Provisoire,,
05EA005,2026-08-09T22:00:00Z,47,0.191,,,Provisional/Provisoire,,
05EA005,2026-08-09T22:05:00Z,47,0.191,,,Provisional/Provisoire,,
05EA005,2026-08-09T22:10:00Z,47,0.191,,,Provisional/Provisoire,,
05EA005,2026-08-09T22:15:00Z,47,0.191,,,Provisional/Provisoire,,
05EA005,2026-08-09T22:20:00Z,47,0.191,,,Provisional/Provisoire,,
05EA005,2026-08-09T22:25:00Z,47,0.191,,,Provisional/Provisoire,,
05EA005,2026-08-09T22:30:00Z,47,0.191,,,Provisional/Provisoire,,
05EA005,2026-08-09T22:35:00Z,47,0.191,,,Provisional/Provisoire,,
05EA005,2026-08-09T22:40:00Z,47,0.191,,,Provisional/Provisoire,,
05EA005,2026-08-09T22:45:00Z,47,0.191,,,Provisional/Provisoire,,
05EA005,2026-08-09T22:50:00Z,47,0.191,,,Provisional/Provisoire,,
05EA005,2026-08-09T22:55:00Z,47,0.191,,,Provisional/Provisoire,,
05EA005,2026-08-09T23:00:00Z,47,0.191,,,Provisional/Provisoire,,
05EA005,2026-08-09T23:05:00Z,47,0.191,,,Provisional/Provisoire,,
05EA005,2026-08-09T23:10:00Z,47,0.191,,,Provisional/Provisoire,,
05EA005,2026-08-09T23:15:00Z,47,0.191,,,Provisional/Provisoire,,
05EA005,2026-08-09T23:20:00Z,47,0.191,,,Provisional/Provisoire,,
05EA005,2026-08-09T23:25:00Z,47,0.191,,,Provisional/Provisoire,,
05EA005,2026-08-09T23:30:00Z,47,0.191,,,Provisional/Provisoire,,
05EA005,2026-08-09T23:35:00Z,47,0.191,,,Provisional/Provisoire,,
05EA005,2026-08-09T23:40:00Z,47,0.191,,,Provisional/Provisoire,,
05EA005,2026-08-09T23:45:00Z,47,0.191,,,Provisional/Provisoire,,
05EA005,2026-08-09T23:50:00Z,47,0.191,,,Provisional/Provisoire,,
05EA005,2026-08-09T23:55:00Z,47,0.191,,,Provisional/Provisoire,,
05EA005,2026-08-10T00:00:00Z,47,0.191,,,Provisional/Provisoire,,
05EA005,2026-08-10T00:05:00Z,47,0.191,,,Provisional/Provisoire,,
05EA005,2026-08-10T00:10:00Z,47,0.191,,,Provisional/Provisoire,,
05EA005,2026-08-10T00:15:00Z,47,0.191,,,Provisional/Provisoire,,
05EA005,2026-08-10T00:20:00Z,47,0.191,,,Provisional/Provisoire,,
05EA005,2026-08-10T00:25:00Z,47,0.191,,,Provisional/Provisoire,,
05EA005,2026-08-10T00:30:00Z,47,0.191,,,Provisional/Provisoire,,
05EA005,2026-08-10T00:35:00Z,47,0.191,,,Provisional/Provisoire,,
05EA005,2026-08-10T00:40:00Z,47,0.191,,,Provisional/Provisoire,,
05EA005,2026-08-10T00:45:00Z,47,0.191,,,Provisional/Provisoire,,
05EA005,2026-08-10T00:50:00Z,47,0.191,,,Provisional/Provisoire,,
05EA005,2026-08-10T00:55:00Z,47,0.191,,,Provisional/Provisoire,,
05EA005,2026-08-10T01:00:00Z,47,0.191,,,Provisional/Provisoire,,
05EA005,2026-08-10T01:05:00Z,47,0.191,,,Provisional/Provisoire,,
05EA005,2026-08-10T01:10:00Z,47,0.191,,,Provisional/Provisoire,,
05EA005,2026-08-10T01:15:00Z,47,0.191,,,Provisional/Provisoire,,
05EA005,2026-08-10T01:20:00Z,47,0.191,,,Provisional/Provisoire,,
05EA005,2026-08-10T01:25:00Z,47,0.191,,,Provisional/Provisoire,,
05EA005,2026-08-10T01:30:00Z,47,0.191,,,Provisional/Provisoire,,
05EA005,2026-08-10T01:35:00Z,47,0.191,,,Provisional/Provisoire,,
05EA005,2026-08-10T01:40:00Z,47,0.191,,,Provisional/Provisoire,,
05EA005,2026-08-10T01:45:00Z,47,0.191,,,Provisional/Provisoire,,
05EA005,2026-08-10T01:50:00Z,47,0.191,,,Provisional/Provisoire,,
05EA005,2026-08-10T01:55:00Z,47,0.191,,,Provisional/Provisoire,,
05EA005,2026-08-10T02:00:00Z,47,0.191,,,Provisional/Provisoire,,
05EA005,2026-08-10T02:05:00Z,47,0.191,,,Provisional/Provisoire,,
05EA005,2026-08-10T02:10:00Z,47,0.191,,,Provisional/Provisoire,,
05EA005,2026-08-10T02:15:00Z,47,0.191,,,Provisional/Provisoire,,
05EA005,2026-08-10T02:20:00Z,47,0.191,,,Provisional/Provisoire,,
05EA005,2026-08-10T02:25:00Z,47,0.191,,,Provisional/Provisoire,,
05EA005,2026-08-10T02:30:00Z,47,0.191,,,Provisional/Provisoire,,
05EA005,2026-08-10T02:35:00Z,47,0.191,,,Provisional/Provisoire,,
05EA005,2026-08-10T02:40:00Z,47,0.191,,,Provisional/Provisoire,,
05EA005,2026-08-10T02:45:00Z,47,0.191,,,Provisional/Provisoire,,
05EA005,2026-08-10T02:50:00Z,47,0.191,,,Provisional/Provisoire,,
05EA005,2026-08-10T02:55:00Z,47,0.191,,,Provisional/Provisoire,,
05EA005,2026-08-10T03:00:00Z,47,0.191,,,Provisional/Provisoire,,
05EA005,2026-08-10T03:05:00Z,47,0.191,,,Provisional/Provisoire,,
05EA005,2026-08-10T03:10:00Z,47,0.191,,,Provisional/Provisoire,,
05EA005,2026-08-10T03:15:00Z,47,0.191,,,Provisional/Provisoire,,
05EA005,2026-08-10T03:20:00Z,47,0.191,,,Provisional/Provisoire,,
05EA005,2026-08-10T03:25:00Z,47,0.191,,,Provisional/Provisoire,,
05EA005,2026-08-10T03:30:00Z,47,0.191,,,Provisional/Provisoire,,
05EA005,2026-08-10T03:35:00Z,47,0.191,,,Provisional/Provisoire,,
05EA005,2026-08-10T03:40:00Z,47,0.191,,,Provisional/Provisoire,,
05EA005,2026-08-10T03:45:00Z,47,0.191,,,Provisional/Provisoire,,
05EA005,2026-08-10T03:50:00Z,47,0.191,,,Provisional/Provisoire,,
05EA005,2026-08-10T03:55:00Z,47,0.191,,,Provisional/Provisoire,,
05EA005,2026-08-10T04:00:00Z,47,0.191,,,Provisional/Provisoire,,
05EA005,2026-08-10T04:05:00Z,47,0.191,,,Provisional/Provisoire,,
05EA005,2026-08-10T04:10:00Z,47,0.191,,,Provisional/Provisoire,,
05EA005,2026-08-10T04:15:00Z,47,0.191,,,Provisional/Provisoire,,
05EA005,2026-08-10T04:20:00Z,47,0.191,,,Provisional/Provisoire,,
05EA005,2026-08-10T04:25:00Z,47,0.191,,,Provisional/Provisoire,,
05EA005,2026-08-10T04:30:00Z,47,0.191,,,Provisional/Provisoire,,
05EA005,2026-08-10T04:35:00Z,47,0.191,,,Provisional/Provisoire,,
05EA005,2026-08-10T04:40:00Z,47,0.191,,,Provisional/Provisoire,,
05EA005,2026-08-10T04:45:00Z,47,0.191,,,Provisional/Provisoire,,
05EA005,2026-08-10T04:50:00Z,47,0.191,,,Provisional/Provisoire,,
05EA005,2026-08-10T04:55:00Z,47,0.191,,,Provisional/Provisoire,,
05EA005,2026-08-10T05:00:00Z,47,0.191,,,Provisional/Provisoire,,
05EA005,2026-08-10T05:05:00Z,47,0.191,,,Provisional/Provisoire,,
05EA005,2026-08-10T05:10:00Z,47,0.191,,,Provisional/Provisoire,,
05EA005,2026-08-10T05:15:00Z,47,0.191,,,Provisional/Provisoire,,
05EA005,2026-08-10T05:20:00Z,47,0.191,,,Provisional/Provisoire,,
05EA005,2026-08-10T05:25:00Z,47,0.191,,,Provisional/Provisoire,,
05EA005,2026-08-10T05:30:00Z,47,0.191,,,Provisional/Provisoire,,
05EA005,2026-08-10T05:35:00Z,47,0.191,,,Provisional/Provisoire,,
05EA005,2026-08-10T05:40:00Z,47,0.191,,,Provisional/Provisoire,,
05EA005,2026-08-10T05:45:00Z,47,0.191,,,Provisional/Provisoire,,
05EA005,2026-08-10T05:50:00Z,47,0.191,,,Provisional/Provisoire,,
05EA005,2026-08-10T05:55:00Z,47,0.191,,,Provisional/Provisoire,,
05EA005,2026-08-10T06:00:00Z,47,0.191,,,Provisional/Provisoire,,
05EA005,2026-08-10T06:05:00Z,47,0.191,,,Provisional/Provisoire,,
05EA005,2026-08-10T06:10:00Z,47,0.191,,,Provisional/Provisoire,,
05EA005,2026-08-10T06:15:00Z,47,0.191,,,Provisional/Provisoire,,
05EA005,2026-08-10T06:20:00Z,47,0.191,,,Provisional/Provisoire,,
05EA005,2026-08-10T06:25:00Z,47,0.191,,,Provisional/Provisoire,,
05EA005,2026-08-10T06:30:00Z,47,0.191,,,Provisional/Provisoire,,
05EA005,2026-08-10T06:35:00Z,47,0.191,,,Provisional/Provisoire,,
05EA005,2026-08-10T06:40:00Z,47,0.195,,,Provisional/Provisoire,,
05EA005,2026-08-10T06:45:00Z,47,0.195,,,Provisional/Provisoire,,
05EA005,2026-08-10T06:50:00Z,47,0.195,,,Provisional/Provisoire,,
05EA005,2026-08-10T06:55:00Z,47,0.195,,,Provisional/Provisoire,,
05EA005,2026-08-10T07:00:00Z,47,0.195,,,Provisional/Provisoire,,
05EA005,2026-08-10T07:05:00Z,47,0.195,,,Provisional/Provisoire,,
05EA005,2026-08-10T07:10:00Z,47,0.195,,,Provisional/Provisoire,,
05EA005,2026-08-10T07:15:00Z,47,0.195,,,Provisional/Provisoire,,
05EA005,2026-08-10T07:20:00Z,47,0.195,,,Provisional/Provisoire,,
05EA005,2026-08-10T07:25:00Z,47,0.195,,,Provisional/Provisoire,,
05EA005,2026-08-10T07:30:00Z,47,0.195,,,Provisional/Provisoire,,
05EA005,2026-08-10T07:35:00Z,47,0.195,,,Provisional/Provisoire,,
05EA005,2026-08-10T07:40:00Z,47,0.195,,,Provisional/Provisoire,,
05EA005,2026-08-10T07:45:00Z,47,0.198,,,Provisional/Provisoire,,
05EA005,2026-08-10T07:50:00Z,47,0.198,,,Provisional/Provisoire,,
05EA005,2026-08-10T07:55:00Z,47,0.198,,,Provisional/Provisoire,,
05EA005,2026-08-10T08:00:00Z,47,0.198,,,Provisional/Provisoire,,
05EA005,2026-08-10T08:05:00Z,47,0.198,,,Provisional/Provisoire,,
05EA005,2026-08-10T08:10:00Z,47,0.198,,,Provisional/Provisoire,,
05EA005,2026-08-10T08:15:00Z,47,0.198,,,Provisional/Provisoire,,
05EA005,2026-08-10T08:20:00Z,47,0.198,,,Provisional/Provisoire,,
05EA005,2026-08-10T08:25:00Z,47,0.198,,,Provisional/Provisoire,,
05EA005,2026-08-10T08:30:00Z,47,0.198,,,Provisional/Provisoire,,
05EA005,2026-08-10T08:35:00Z,47,0.198,,,Provisional/Provisoire,,
05EA005,2026-08-10T08:40:00Z,47,0.198,,,Provisional/Provisoire,,
05EA005,2026-08-10T08:45:00Z,47,0.198,,,Provisional/Provisoire,,
05EA005,2026-08-10T08:50:00Z,47,0.198,,,Provisional/Provisoire,,
05EA005,2026-08-10T08:55:00Z,47,0.198,,,Provisional/Provisoire,,
05EA005,2026-08-10T09:00:00Z,47,0.198,,,Provisional/Provisoire,,
05EA005,2026-08-10T09:05:00Z,47,0.201,,,Provisional/Provisoire,,
05EA005,2026-08-10T09:10:00Z,47,0.201,,,Provisional/Provisoire,,
05EA005,2026-08-10T09:15:00Z,47,0.201,,,Provisional/Provisoire,,
05EA005,2026-08-10T09:20:00Z,47,0.201,,,Provisional/Provisoire,,
05EA005,2026-08-10T09:25:00Z,47,0.201,,,Provisional/Provisoire,,
05EA005,2026-08-10T09:30:00Z,47,0.201,,,Provisional/Provisoire,,
05EA005,2026-08-10T09:35:00Z,47,0.201,,,Provisional/Provisoire,,
05EA005,2026-08-10T09:40:00Z,47,0.201,,,Provisional/Provisoire,,
05EA005,2026-08-10T09:45:00Z,47,0.201,,,Provisional/Provisoire,,
05EA005,2026-08-10T09:50:00Z,47,0.201,,,Provisional/Provisoire,,
05EA005,2026-08-10T09:55:00Z,47,0.201,,,Provisional/Provisoire,,
05EA005,2026-08-10T10:00:00Z,47,0.201,,,Provisional/Provisoire,,
05EA005,2026-08-10T10:05:00Z,47,0.201,,,Provisional/Provisoire,,
05EA005,2026-08-10T10:10:00Z,47,0.201,,,Provisional/Provisoire,,
05EA005,2026-08-10T10:15:00Z,47,0.201,,,Provisional/Provisoire,,
05EA005,2026-08-10T10:20:00Z,47,0.201,,,Provisional/Provisoire,,
05EA005,2026-08-10T10:25:00Z,47,0.201,,,Provisional/Provisoire,,
05EA005,2026-08-10T10:30:00Z,47,0.201,,,Provisional/Provisoire,,
05EA005,2026-08-10T10:35:00Z,47,0.205,,,Provisional/Provisoire,,
05EA005,2026-08-10T10:40:00Z,47,0.205,,,Provisional/Provisoire,,
05EA005,2026-08-10T10:45:00Z,47,0.205,,,Provisional/Provisoire,,
05EA005,2026-08-10T10:50:00Z,47,0.205,,,Provisional/Provisoire,,
05EA005,2026-08-10T10:55:00Z,47,0.205,,,Provisional/Provisoire,,
05EA005,2026-08-10T11:00:00Z,47,0.205,,,Provisional/Provisoire,,
05EA005,2026-08-10T11:05:00Z,47,0.205,,,Provisional/Provisoire,,
05EA005,2026-08-10T11:10:00Z,47,0.205,,,Provisional/Provisoire,,
05EA005,2026-08-10T11:15:00Z,47,0.205,,,Provisional/Provisoire,,
05EA005,2026-08-10T11:20:00Z,47,0.205,,,Provisional/Provisoire,,
05EA005,2026-08-10T11:25:00Z,47,0.205,,,Provisional/Provisoire,,
05EA005,2026-08-10T11:30:00Z,47,0.205,,,Provisional/Provisoire,,
05EA005,2026-08-10T11:35:00Z,47,0.205,,,Provisional/Provisoire,,
05EA005,2026-08-10T11:40:00Z,47,0.205,,,Provisional/Provisoire,,
05EA005,2026-08-10T11:45:00Z,47,0.205,,,Provisional/Provisoire,,
05EA005,2026-08-10T11:50:00Z,47,0.205,,,Provisional/Provisoire,,
05EA005,2026-08-10T11:55:00Z,47,0.205,,,Provisional/Provisoire,,
05EA005,2026-08-10T12:00:00Z,47,0.205,,,Provisional/Provisoire,,
05EA005,2026-08-10T12:05:00Z,47,0.205,,,Provisional/Provisoire,,
05EA005,2026-08-10T12:10:00Z,47,0.205,,,Provisional/Provisoire,,
05EA005,2026-08-10T12:15:00Z,47,0.205,,,Provisional/Provisoire,,
05EA005,2026-08-10T12:20:00Z,47,0.205,,,Provisional/Provisoire,,
05EA005,2026-08-10T12:25:00Z,47,0.205,,,Provisional/Provisoire,,
05EA005,2026-08-10T12:30:00Z,47,0.205,,,Provisional/Provisoire,,
05EA005,2026-08-10T12:35:00Z,47,0.205,,,Provisional/Provisoire,,
05EA005,2026-08-10T12:40:00Z,47,0.205,,,Provisional/Provisoire,,
05EA005,2026-08-10T12:45:00Z,47,0.205,,,Provisional/Provisoire,,
05EA005,2026-08-10T12:50:00Z,47,0.205,,,Provisional/Provisoire,,
05EA005,2026-08-10T12:55:00Z,47,0.205,,,Provisional/Provisoire,,
05EA005,2026-08-10T13:00:00Z,47,0.205,,,Provisional/Provisoire,,
05EA005,2026-08-10T13:05:00Z,47,0.205,,,Provisional/Provisoire,,
05EA005,2026-08-10T13:10:00Z,47,0.205,,,Provisional/Provisoire,,
05EA005,2026-08-10T13:15:00Z,47,0.205,,,Provisional/Provisoire,,
05EA005,2026-08-10T13:20:00Z,47,0.205,,,Provisional/Provisoire,,
05EA005,2026-08-10T13:25:00Z,47,0.205,,,Provisional/Provisoire,,
05EA005,2026-08-10T13:30:00Z,47,0.205,,,Provisional/Provisoire,,
05EA005,2026-08-10T13:35:00Z,47,0.205,,,Provisional/Provisoire,,
05EA005,2026-08-10T13:40:00Z,47,0.205,,,Provisional/Provisoire,,
05EA005,2026-08-10T13:45:00Z,47,0.205,,,Provisional/Provisoire,,
05EA005,2026-08-10T13:50:00Z,47,0.205,,,Provisional/Provisoire,,
05EA005,2026-08-10T13:55:00Z,47,0.205,,,Provisional/Provisoire,,
05EA005,2026-08-10T14:00:00Z,47,0.205,,,Provisional/Provisoire,,
05EA005,2026-08-10T14:05:00Z,47,0.205,,,Provisional/Provisoire,,
05EA005,2026-08-10T14:10:00Z,47,0.205,,,Provisional/Provisoire,,
05EA005,2026-08-10T14:15:00Z,47,0.205,,,Provisional/Provisoire,,
05EA005,2026-08-10T14:20:00Z,47,0.205,,,Provisional/Provisoire,,
05EA005,2026-08-10T14:25:00Z,47,0.205,,,Provisional/Provisoire,,
05EA005,2026-08-10T14:30:00Z,47,0.205,,,Provisional/Provisoire,,
05EA005,2026-08-10T14:35:00Z,47,0.205,,,Provisional/Provisoire,,
05EA005,2026-08-10T14:40:00Z,47,0.205,,,Provisional/Provisoire,,
05EA005,2026-08-10T14:45:00Z,47,0.205,,,Provisional/Provisoire,,
05EA005,2026-08-10T14:50:00Z,47,0.205,,,Provisional/Provisoire,,
05EA005,2026-08-10T14:55:00Z,47,0.205,,,Provisional/Provisoire,,
05EA005,2026-08-10T15:00:00Z,47,0.205,,,Provisional/Provisoire,,
05EA005,2026-08-10T15:05:00Z,47,0.205,,,Provisional/Provisoire,,
05EA005,2026-08-10T15:10:00Z,47,0.205,,,Provisional/Provisoire,,
05EA005,2026-08-10T15:15:00Z,47,0.205,,,Provisional/Provisoire,,
05EA005,2026-08-10T15:20:00Z,47,0.205,,,Provisional/Provisoire,,
05EA005,2026-08-10T15:25:00Z,47,0.205,,,Provisional/Provisoire,,
05EA005,2026-08-10T15:30:00Z,47,0.205,,,Provisional/Provisoire,,
05EA005,2026-08-10T15:35:00Z,47,0.205,,,Provisional/Provisoire,,
05EA005,2026-08-10T15:40:00Z,47,0.205,,,Provisional/Provisoire,,
05EA005,2026-08-10T15:45:00Z,47,0.205,,,Provisional/Provisoire,,
05EA005,2026-08-10T15:50:00Z,47,0.205,,,Provisional/Provisoire,,
05EA005,2026-08-10T15:55:00Z,47,0.205,,,Provisional/Provisoire,,
05EA005,2026-08-10T16:00:00Z,47,0.205,,,Provisional/Provisoire,,
05EA005,2026-08-10T16:05:00Z,47,0.201,,,Provisional/Provisoire,,
05EA005,2026-08-10T16:10:00Z,47,0.201,,,Provisional/Provisoire,,
05EA005,2026-08-10T16:15:00Z,47,0.201,,,Provisional/Provisoire,,
05EA005,2026-08-10T16:20:00Z,47,0.201,,,Provisional/Provisoire,,
05EA005,2026-08-10T16:25:00Z,47,0.201,,,Provisional/Provisoire,,
05EA005,2026-08-10T16:30:00Z,47,0.201,,,Provisional/Provisoire,,
05EA005,2026-08-10T16:35:00Z,47,0.201,,,Provisional/Provisoire,,
05EA005,2026-08-10T16:40:00Z,47,0.201,,,Provisional/Provisoire,,
05EA005,2026-08-10T16:45:00Z,47,0.201,,,Provisional/Provisoire,,
05EA005,2026-08-10T16:50:00Z,47,0.201,,,Provisional/Provisoire,,
05EA005,2026-08-10T16:55:00Z,47,0.201,,,Provisional/Provisoire,,
05EA005,2026-08-10T17:00:00Z,47,0.201,,,Provisional/Provisoire,,
05EA005,2026-08-10T17:05:00Z,47,0.201,,,Provisional/Provisoire,,
05EA005,2026-08-10T17:10:00Z,47,0.201,,,Provisional/Provisoire,,
05EA005,2026-08-10T17:15:00Z,47,0.201,,,Provisional/Provisoire,,
05EA005,2026-08-10T17:20:00Z,47,0.201,,,Provisional/Provisoire,,
05EA005,2026-08-10T17:25:00Z,47,0.201,,,Provisional/Provisoire,,
05EA005,2026-08-10T17:30:00Z,47,0.201,,,Provisional/Provisoire,,
05EA005,2026-08-10T17:35:00Z,47,0.201,,,Provisional/Provisoire,,
05EA005,2026-08-10T17:40:00Z,47,0.201,,,Provisional/Provisoire,,
05EA005,2026-08-10T17:45:00Z,47,0.201,,,Provisional/Provisoire,,
05EA005,2026-08-10T17:50:00Z,47,0.201,,,Provisional/Provisoire,,
05EA005,2026-08-10T17:55:00Z,47,0.201,,,Provisional/Provisoire,,
05EA005,2026-08-10T18:00:00Z,47,0.201,,,Provisional/Provisoire,,
05EA005,2026-08-10T18:05:00Z,47,0.201,,,Provisional/Provisoire,,
05EA005,2026-08-10T18:10:00Z,47,0.201,,,Provisional/Provisoire,,
05EA005,2026-08-10T18:15:00Z,47,0.198,,,Provisional/Provisoire,,
05EA005,2026-08-10T18:20:00Z,47,0.198,,,Provisional/Provisoire,,
05EA005,2026-08-10T18:25:00Z,47,0.198,,,Provisional/Provisoire,,
05EA005,2026-08-10T18:30:00Z,47,0.198,,,Provisional/Provisoire,,
05EA005,2026-08-10T18:35:00Z,47,0.198,,,Provisional/Provisoire,,
05EA005,2026-08-10T18:40:00Z,47,0.198,,,Provisional/Provisoire,,
05EA005,2026-08-10T18:45:00Z,47,0.198,,,Provisional/Provisoire,,
05EA005,2026-08-10T18:50:00Z,47,0.198,,,Provisional/Provisoire,,
05EA005,2026-08-10T18:55:00Z,47,0.198,,,Provisional/Provisoire,,
05EA005,2026-08-10T19:00:00Z,47,0.198,,,Provisional/Provisoire,,
05EA005,2026-08-10T19:05:00Z,47,0.198,,,Provisional/Provisoire,,
05EA005,2026-08-10T19:10:00Z,47,0.198,,,Provisional/Provisoire,,
05EA005,2026-08-10T19:15:00Z,47,0.198,,,Provisional/Provisoire,,
05EA005,2026-08-10T19:20:00Z,47,0.198,,,Provisional/Provisoire,,
05EA005,2026-08-10T19:25:00Z,47,0.198,,,Provisional/Provisoire,,
05EA005,2026-08-10T19:30:00Z,47,0.198,,,Provisional/Provisoire,,
05EA005,2026-08-10T19:35:00Z,47,0.198,,,Provisional/Provisoire,,
05EA005,2026-08-10T19:40:00Z,47,0.198,,,Provisional/Provisoire,,
05EA005,2026-08-10T19:45:00Z,47,0.198,,,Provisional/Provisoire,,
05EA005,2026-08-10T19:50:00Z,47,0.198,,,Provisional/Provisoire,,
05EA005,2026-08-10T19:55:00Z,47,0.198,,,Provisional/Provisoire,,
05EA005,2026-08-10T20:00:00Z,47,0.198,,,Provisional/Provisoire,,
05EA005,2026-08-10T20:05:00Z,47,0.198,,,Provisional/Provisoire,,
05EA005,2026-08-10T20:10:00Z,47,0.198,,,Provisional/Provisoire,,
05EA005,2026-08-10T20:15:00Z,47,0.198,,,Provisional/Provisoire,,
05EA005,2026-08-10T20:20:00Z,47,0.198,,,Provisional/Provisoire,,
05EA005,2026-08-10T20:25:00Z,47,0.198,,,Provisional/Provisoire,,
05EA005,2026-08-10T20:30:00Z,47,0.198,,,Provisional/Provisoire,,
05EA005,2026-08-10T20:35:00Z,47,0.198,,,Provisional/Provisoire,,
05EA005,2026-08-10T20:40:00Z,47,0.198,,,Provisional/Provisoire,,
05EA005,2026-08-10T20:45:00Z,47,0.198,,,Provisional/Provisoire,,
05EA005,2026-08-10T20:50:00Z,47,0.198,,,Provisional/Provisoire,,
05EA005,2026-08-10T20:55:00Z,47,0.195,,,Provisional/Provisoire,,
05EA005,2026-08-10T21:00:00Z,47,0.195,,,Provisional/Provisoire,,
05EA005,2026-08-10T21:05:00Z,47,0.195,,,Provisional/Provisoire,,
05EA005,2026-08-10T21:10:00Z,47,0.195,,,Provisional/Provisoire,,
05EA005,2026-08-10T21:15:00Z,47,0.195,,,Provisional/Provisoire,,
05EA005,2026-08-10T21:20:00Z,47,0.198,,,Provisional/Provisoire,,
05EA005,2026-08-10T21:25:00Z,47,0.198,,,Provisional/Provisoire,,
05EA005,2026-08-10T21:30:00Z,47,0.198,,,Provisional/Provisoire,,
05EA005,2026-08-10T21:35:00Z,47,0.198,,,Provisional/Provisoire,,
05EA005,2026-08-10T21:40:00Z,47,0.198,,,Provisional/Provisoire,,
05EA005,2026-08-10T21:45:00Z,47,0.198,,,Provisional/Provisoire,,
05EA005,2026-08-10T21:50:00Z,47,0.201,,,Provisional/Provisoire,,
05EA005,2026-08-10T21:55:00Z,47,0.205,,,Provisional/Provisoire,,
05EA005,2026-08-10T22:00:00Z,47,0.208,,,Provisional/Provisoire,,
05EA005,2026-08-10T22:05:00Z,47,0.212,,,Provisional/Provisoire,,
05EA005,2026-08-10T22:10:00Z,47,0.212,,,Provisional/Provisoire,,
05EA005,2026-08-10T22:15:00Z,47,0.212,,,Provisional/Provisoire,,
05EA005,2026-08-10T22:20:00Z,47,0.212,,,Provisional/Provisoire,,
05EA005,2026-08-10T22:25:00Z,47,0.215,,,Provisional/Provisoire,,
05EA005,2026-08-10T22:30:00Z,47,0.215,,,Provisional/Provisoire,,
05EA005,2026-08-10T22:35:00Z,47,0.215,,,Provisional/Provisoire,,
05EA005,2026-08-10T22:40:00Z,47,0.212,,,Provisional/Provisoire,,
05EA005,2026-08-10T22:45:00Z,47,0.212,,,Provisional/Provisoire,,
05EA005,2026-08-10T22:50:00Z,47,0.212,,,Provisional/Provisoire,,
05EA005,2026-08-10T22:55:00Z,47,0.212,,,Provisional/Provisoire,,
05EA005,2026-08-10T23:00:00Z,47,0.212,,,Provisional/Provisoire,,
05EA005,2026-08-10T23:05:00Z,47,0.212,,,Provisional/Provisoire,,
05EA005,2026-08-10T23:10:00Z,47,0.212,,,Provisional/Provisoire,,
05EA005,2026-08-10T23:15:00Z,47,0.212,,,Provisional/Provisoire,,
05EA005,2026-08-10T23:20:00Z,47,0.212,,,Provisional/Provisoire,,
05EA005,2026-08-10T23:25:00Z,47,0.215,,,Provisional/Provisoire,,
05EA005,2026-08-10T23:30:00Z,47,0.215,,,Provisional/Provisoire,,
05EA005,2026-08-10T23:35:00Z,47,0.215,,,Provisional/Provisoire,,
05EA005,2026-08-10T23:40:00Z,47,0.215,,,Provisional/Provisoire,,
05EA005,2026-08-10T23:45:00Z,47,0.215,,,Provisional/Provisoire,,
05EA005,2026-08-10T23:50:00Z,47,0.219,,,Provisional/Provisoire,,
05EA005,2026-08-10T23:55:00Z,47,0.219,,,Provisional/Provisoire,,
05EA005,2026-08-11T00:00:00Z,47,0.219,,,Provisional/Provisoire,,
05EA005,2026-08-11T00:05:00Z,47,0.223,,,Provisional/Provisoire,,
05EA005,2026-08-11T00:10:00Z,47,0.223,,,Provisional/Provisoire,,
05EA005,2026-08-11T00:15:00Z,47,0.223,,,Provisional/Provisoire,,
05EA005,2026-08-11T00:20:00Z,47,0.223,,,Provisional/Provisoire,,
05EA005,2026-08-11T00:25:00Z,47,0.223,,,Provisional/Provisoire,,
05EA005,2026-08-11T00:30:00Z,47,0.226,,,Provisional/Provisoire,,
05EA005,2026-08-11T00:35:00Z,47,0.226,,,Provisional/Provisoire,,
05EA005,2026-08-11T00:40:00Z,47,0.226,,,Provisional/Provisoire,,
05EA005,2026-08-11T00:45:00Z,47,0.226,,,Provisional/Provisoire,,
05EA005,2026-08-11T00:50:00Z,47,0.226,,,Provisional/Provisoire,,
05EA005,2026-08-11T00:55:00Z,47,0.226,,,Provisional/Provisoire,,
05EA005,2026-08-11T01:00:00Z,47,0.226,,,Provisional/Provisoire,,
05EA005,2026-08-11T01:05:00Z,47,0.226,,,Provisional/Provisoire,,
05EA005,2026-08-11T01:10:00Z,47,0.226,,,Provisional/Provisoire,,
05EA005,2026-08-11T01:15:00Z,47,0.226,,,Provisional/Provisoire,,
05EA005,2026-08-11T01:20:00Z,47,0.226,,,Provisional/Provisoire,,
05EA005,2026-08-11T01:25:00Z,47,0.223,,,Provisional/Provisoire,,
05EA005,2026-08-11T01:30:00Z,47,0.223,,,Provisional/Provisoire,,
05EA005,2026-08-11T01:35:00Z,47,0.223,,,Provisional/Provisoire,,
05EA005,2026-08-11T01:40:00Z,47,0.223,,,Provisional/Provisoire,,
05EA005,2026-08-11T01:45:00Z,47,0.223,,,Provisional/Provisoire,,
05EA005,2026-08-11T01:50:00Z,47,0.223,,,Provisional/Provisoire,,
05EA005,2026-08-11T01:55:00Z,47,0.223,,,Provisional/Provisoire,,
05EA005,2026-08-11T02:00:00Z,47,0.219,,,Provisional/Provisoire,,
05EA005,2026-08-11T02:05:00Z,47,0.219,,,Provisional/Provisoire,,
05EA005,2026-08-11T02:10:00Z,47,0.219,,,Provisional/Provisoire,,
05EA005,2026-08-11T02:15:00Z,47,0.219,,,Provisional/Provisoire,,
05EA005,2026-08-11T02:20:00Z,47,0.219,,,Provisional/Provisoire,,
05EA005,2026-08-11T02:25:00Z,47,0.219,,,Provisional/Provisoire,,
05EA005,2026-08-11T02:30:00Z,47,0.219,,,Provisional/Provisoire,,
05EA005,2026-08-11T02:35:00Z,47,0.219,,,Provisional/Provisoire,,
05EA005,2026-08-11T02:40:00Z,47,0.219,,,Provisional/Provisoire,,
05EA005,2026-08-11T02:45:00Z,47,0.223,,,Provisional/Provisoire,,
05EA005,2026-08-11T02:50:00Z,47,0.223,,,Provisional/Provisoire,,
05EA005,2026-08-11T02:55:00Z,47,0.223,,,Provisional/Provisoire,,
05EA005,2026-08-11T03:00:00Z,47,0.226,,,Provisional/Provisoire,,
05EA005,2026-08-11T03:05:00Z,47,0.226,,,Provisional/Provisoire,,
05EA005,2026-08-11T03:10:00Z,47,0.226,,,Provisional/Provisoire,,
05EA005,2026-08-11T03:15:00Z,47,0.230,,,Provisional/Provisoire,,
05EA005,2026-08-11T03:20:00Z,47,0.234,,,Provisional/Provisoire,,
05EA005,2026-08-11T03:25:00Z,47,0.237,,,Provisional/Provisoire,,
05EA005,2026-08-11T03:30:00Z,47,0.237,,,Provisional/Provisoire,,
05EA005,2026-08-11T03:35:00Z,47,0.241,,,Provisional/Provisoire,,
05EA005,2026-08-11T03:40:00Z,47,0.245,,,Provisional/Provisoire,,
05EA005,2026-08-11T03:45:00Z,47,0.249,,,Provisional/Provisoire,,
05EA005,2026-08-11T03:50:00Z,47,0.253,,,Provisional/Provisoire,,
05EA005,2026-08-11T03:55:00Z,47,0.257,,,Provisional/Provisoire,,
05EA005,2026-08-11T04:00:00Z,47,0.261,,,Provisional/Provisoire,,
05EA005,2026-08-11T04:05:00Z,47,0.261,,,Provisional/Provisoire,,
05EA005,2026-08-11T04:10:00Z,47,0.265,,,Provisional/Provisoire,,
05EA005,2026-08-11T04:15:00Z,47,0.269,,,Provisional/Provisoire,,
05EA005,2026-08-11T04:20:00Z,47,0.273,,,Provisional/Provisoire,,
05EA005,2026-08-11T04:25:00Z,47,0.277,,,Provisional/Provisoire,,
05EA005,2026-08-11T04:30:00Z,47,0.281,,,Provisional/Provisoire,,
05EA005,2026-08-11T04:35:00Z,47,0.285,,,Provisional/Provisoire,,
05EA005,2026-08-11T04:40:00Z,47,0.289,,,Provisional/Provisoire,,
05EA005,2026-08-11T04:45:00Z,47,0.289,,,Provisional/Provisoire,,
05EA005,2026-08-11T04:50:00Z,47,0.293,,,Provisional/Provisoire,,
05EA005,2026-08-11T04:55:00Z,47,0.297,,,Provisional/Provisoire,,
05EA005,2026-08-11T05:00:00Z,47,0.302,,,Provisional/Provisoire,,
05EA005,2026-08-11T05:05:00Z,47,0.306,,,Provisional/Provisoire,,
05EA005,2026-08-11T05:10:00Z,47,0.310,,,Provisional/Provisoire,,
05EA005,2026-08-11T05:15:00Z,47,0.315,,,Provisional/Provisoire,,
05EA005,2026-08-11T05:20:00Z,47,0.319,,,Provisional/Provisoire,,
05EA005,2026-08-11T05:25:00Z,47,0.324,,,Provisional/Provisoire,,
05EA005,2026-08-11T05:30:00Z,47,0.328,,,Provisional/Provisoire,,
05EA005,2026-08-11T05:35:00Z,47,0.332,,,Provisional/Provisoire,,
05EA005,2026-08-11T05:40:00Z,47,0.332,,,Provisional/Provisoire,,
05EA005,2026-08-11T05:45:00Z,47,0.337,,,Provisional/Provisoire,,
05EA005,2026-08-11T05:50:00Z,47,0.342,,,Provisional/Provisoire,,
05EA005,2026-08-11T05:55:00Z,47,0.346,,,Provisional/Provisoire,,
05EA005,2026-08-11T06:00:00Z,47,0.351,,,Provisional/Provisoire,,
05EA005,2026-08-11T06:05:00Z,47,0.355,,,Provisional/Provisoire,,
05EA005,2026-08-11T06:10:00Z,47,0.360,,,Provisional/Provisoire,,
05EA005,2026-08-11T06:15:00Z,47,0.365,,,Provisional/Provisoire,,
05EA005,2026-08-11T06:20:00Z,47,0.374,,,Provisional/Provisoire,,
05EA005,2026-08-11T06:25:00Z,47,0.379,,,Provisional/Provisoire,,
05EA005,2026-08-11T06:30:00Z,47,0.384,,,Provisional/Provisoire,,
05EA005,2026-08-11T06:35:00Z,47,0.389,,,Provisional/Provisoire,,
05EA005,2026-08-11T06:40:00Z,47,0.394,,,Provisional/Provisoire,,
05EA005,2026-08-11T06:45:00Z,47,0.399,,,Provisional/Provisoire,,
05EA005,2026-08-11T06:50:00Z,47,0.399,,,Provisional/Provisoire,,
05EA005,2026-08-11T06:55:00Z,47,0.404,,,Provisional/Provisoire,,
05EA005,2026-08-11T07:00:00Z,47,0.404,,,Provisional/Provisoire,,
05EA005,2026-08-11T07:05:00Z,47,0.409,,,Provisional/Provisoire,,
05EA005,2026-08-11T07:10:00Z,47,0.414,,,Provisional/Provisoire,,
05EA005,2026-08-11T07:15:00Z,47,0.419,,,Provisional/Provisoire,,
05EA005,2026-08-11T07:20:00Z,47,0.419,,,Provisional/Provisoire,,
05EA005,2026-08-11T07:25:00Z,47,0.424,,,Provisional/Provisoire,,
05EA005,2026-08-11T07:30:00Z,47,0.429,,,Provisional/Provisoire,,
05EA005,2026-08-11T07:35:00Z,47,0.429,,,Provisional/Provisoire,,
05EA005,2026-08-11T07:40:00Z,47,0.434,,,Provisional/Provisoire,,
05EA005,2026-08-11T07:45:00Z,47,0.440,,,Provisional/Provisoire,,
05EA005,2026-08-11T07:50:00Z,47,0.440,,,Provisional/Provisoire,,
05EA005,2026-08-11T07:55:00Z,47,0.445,,,Provisional/Provisoire,,
05EA005,2026-08-11T08:00:00Z,47,0.445,,,Provisional/Provisoire,,
05EA005,2026-08-11T08:05:00Z,47,0.450,,,Provisional/Provisoire,,
05EA005,2026-08-11T08:10:00Z,47,0.450,,,Provisional/Provisoire,,
05EA005,2026-08-11T08:15:00Z,47,0.450,,,Provisional/Provisoire,,
05EA005,2026-08-11T08:20:00Z,47,0.455,,,Provisional/Provisoire,,
05EA005,2026-08-11T08:25:00Z,47,0.455,,,Provisional/Provisoire,,
05EA005,2026-08-11T08:30:00Z,47,0.455,,,Provisional/Provisoire,,
05EA005,2026-08-11T08:35:00Z,47,0.461,,,Provisional/Provisoire,,
05EA005,2026-08-11T08:40:00Z,47,0.461,,,Provisional/Provisoire,,
05EA005,2026-08-11T08:45:00Z,47,0.461,,,Provisional/Provisoire,,
05EA005,2026-08-11T08:50:00Z,47,0.466,,,Provisional/Provisoire,,
05EA005,2026-08-11T08:55:00Z,47,0.466,,,Provisional/Provisoire,,
05EA005,2026-08-11T09:00:00Z,47,0.472,,,Provisional/Provisoire,,
05EA005,2026-08-11T09:05:00Z,47,0.472,,,Provisional/Provisoire,,
05EA005,2026-08-11T09:10:00Z,47,0.477,,,Provisional/Provisoire,,
05EA005,2026-08-11T09:15:00Z,47,0.477,,,Provisional/Provisoire,,
05EA005,2026-08-11T09:20:00Z,47,0.477,,,Provisional/Provisoire,,
05EA005,2026-08-11T09:25:00Z,47,0.483,,,Provisional/Provisoire,,
05EA005,2026-08-11T09:30:00Z,47,0.483,,,Provisional/Provisoire,,
05EA005,2026-08-11T09:35:00Z,47,0.483,,,Provisional/Provisoire,,
05EA005,2026-08-11T09:40:00Z,47,0.483,,,Provisional/Provisoire,,
05EA005,2026-08-11T09:45:00Z,47,0.483,,,Provisional/Provisoire,,
05EA005,2026-08-11T09:50:00Z,47,0.488,,,Provisional/Provisoire,,
05EA005,2026-08-11T09:55:00Z,47,0.488,,,Provisional/Provisoire,,
05EA005,2026-08-11T10:00:00Z,47,0.494,,,Provisional/Provisoire,,
05EA005,2026-08-11T10:05:00Z,47,0.494,,,Provisional/Provisoire,,
05EA005,2026-08-11T10:10:00Z,47,0.499,,,Provisional/Provisoire,,
05EA005,2026-08-11T10:15:00Z,47,0.499,,,Provisional/Provisoire,,
05EA005,2026-08-11T10:20:00Z,47,0.505,,,Provisional/Provisoire,,
05EA005,2026-08-11T10:25:00Z,47,0.505,,,Provisional/Provisoire,,
05EA005,2026-08-11T10:30:00Z,47,0.505,,,Provisional/Provisoire,,
05EA005,2026-08-11T10:35:00Z,47,0.510,,,Provisional/Provisoire,,
05EA005,2026-08-11T10:40:00Z,47,0.510,,,Provisional/Provisoire,,
05EA005,2026-08-11T10:45:00Z,47,0.510,,,Provisional/Provisoire,,
05EA005,2026-08-11T10:50:00Z,47,0.510,,,Provisional/Provisoire,,
05EA005,2026-08-11T10:55:00Z,47,0.516,,,Provisional/Provisoire,,
05EA005,2026-08-11T11:00:00Z,47,0.516,,,Provisional/Provisoire,,
05EA005,2026-08-11T11:05:00Z,47,0.516,,,Provisional/Provisoire,,
05EA005,2026-08-11T11:10:00Z,47,0.516,,,Provisional/Provisoire,,
05EA005,2026-08-11T11:15:00Z,47,0.516,,,Provisional/Provisoire,,
05EA005,2026-08-11T11:20:00Z,47,0.516,,,Provisional/Provisoire,,
05EA005,2026-08-11T11:25:00Z,47,0.522,,,Provisional/Provisoire,,
05EA005,2026-08-11T11:30:00Z,47,0.522,,,Provisional/Provisoire,,
05EA005,2026-08-11T11:35:00Z,47,0.522,,,Provisional/Provisoire,,
05EA005,2026-08-11T11:40:00Z,47,0.522,,,Provisional/Provisoire,,
05EA005,2026-08-11T11:45:00Z,47,0.522,,,Provisional/Provisoire,,
05EA005,2026-08-11T11:50:00Z,47,0.522,,,Provisional/Provisoire,,
05EA005,2026-08-11T11:55:00Z,47,0.522,,,Provisional/Provisoire,,
05EA005,2026-08-11T12:00:00Z,47,0.522,,,Provisional/Provisoire,,
05EA005,2026-08-11T12:05:00Z,47,0.522,,,Provisional/Provisoire,,
05EA005,2026-08-11T12:10:00Z,47,0.522,,,Provisional/Provisoire,,
05EA005,2026-08-11T12:15:00Z,47,0.522,,,Provisional/Provisoire,,
05EA005,2026-08-11T12:20:00Z,47,0.522,,,Provisional/Provisoire,,
05EA005,2026-08-11T12:25:00Z,47,0.522,,,Provisional/Provisoire,,
05EA005,2026-08-11T12:30:00Z,47,0.522,,,Provisional/Provisoire,,
05EA005,2026-08-11T12:35:00Z,47,0.522,,,Provisional/Provisoire,,
05EA005,2026-08-11T12:40:00Z,47,0.522,,,Provisional/Provisoire,,
05EA005,2026-08-11T12:45:00Z,47,0.522,,,Provisional/Provisoire,,
05EA005,2026-08-11T12:50:00Z,47,0.522,,,Provisional/Provisoire,,
05EA005,2026-08-11T12:55:00Z,47,0.522,,,Provisional/Provisoire,,
05EA005,2026-08-11T13:00:00Z,47,0.522,,,Provisional/Provisoire,,
05EA005,2026-08-11T13:05:00Z,47,0.522,,,Provisional/Provisoire,,
05EA005,2026-08-11T13:10:00Z,47,0.522,,,Provisional/Provisoire,,
05EA005,2026-08-11T13:15:00Z,47,0.522,,,Provisional/Provisoire,,
05EA005,2026-08-11T13:20:00Z,47,0.522,,,Provisional/Provisoire,,
05EA005,2026-08-11T13:25:00Z,47,0.522,,,Provisional/Provisoire,,
05EA005,2026-08-11T13:30:00Z,47,0.522,,,Provisional/Provisoire,,
05EA005,2026-08-11T13:35:00Z,47,0.522,,,Provisional/Provisoire,,
05EA005,2026-08-11T13:40:00Z,47,0.516,,,Provisional/Provisoire,,
05EA005,2026-08-11T13:45:00Z,47,0.516,,,Provisional/Provisoire,,
05EA005,2026-08-11T13:50:00Z,47,0.516,,,Provisional/Provisoire,,
05EA005,2026-08-11T13:55:00Z,47,0.516,,,Provisional/Provisoire,,
05EA005,2026-08-11T14:00:00Z,47,0.516,,,Provisional/Provisoire,,
05EA005,2026-08-11T14:05:00Z,47,0.516,,,Provisional/Provisoire,,
05EA005,2026-08-11T14:10:00Z,47,0.510,,,Provisional/Provisoire,,
05EA005,2026-08-11T14:15:00Z,47,0.510,,,Provisional/Provisoire,,
05EA005,2026-08-11T14:20:00Z,47,0.510,,,Provisional/Provisoire,,
05EA005,2026-08-11T14:25:00Z,47,0.510,,,Provisional/Provisoire,,
05EA005,2026-08-11T14:30:00Z,47,0.510,,,Provisional/Provisoire,,
05EA005,2026-08-11T14:35:00Z,47,0.510,,,Provisional/Provisoire,,
05EA005,2026-08-11T14:40:00Z,47,0.505,,,Provisional/Provisoire,,
05EA005,2026-08-11T14:45:00Z,47,0.505,,,Provisional/Provisoire,,
05EA005,2026-08-11T14:50:00Z,47,0.505,,,Provisional/Provisoire,,
05EA005,2026-08-11T14:55:00Z,47,0.505,,,Provisional/Provisoire,,
05EA005,2026-08-11T15:00:00Z,47,0.499,,,Provisional/Provisoire,,
05EA005,2026-08-11T15:05:00Z,47,0.499,,,Provisional/Provisoire,,
05EA005,2026-08-11T15:10:00Z,47,0.499,,,Provisional/Provisoire,,
05EA005,2026-08-11T15:15:00Z,47,0.499,,,Provisional/Provisoire,,
05EA005,2026-08-11T15:20:00Z,47,0.494,,,Provisional/Provisoire,,
05EA005,2026-08-11T15:25:00Z,47,0.494,,,Provisional/Provisoire,,
05EA005,2026-08-11T15:30:00Z,47,0.494,,,Provisional/Provisoire,,
05EA005,2026-08-11T15:35:00Z,47,0.488,,,Provisional/Provisoire,,
05EA005,2026-08-11T15:40:00Z,47,0.488,,,Provisional/Provisoire,,
05EA005,2026-08-11T15:45:00Z,47,0.488,,,Provisional/Provisoire,,
05EA005,2026-08-11T15:50:00Z,47,0.488,,,Provisional/Provisoire,,
05EA005,2026-08-11T15:55:00Z,47,0.488,,,Provisional/Provisoire,,
05EA005,2026-08-11T16:00:00Z,47,0.483,,,Provisional/Provisoire,,
05EA005,2026-08-11T16:05:00Z,47,0.483,,,Provisional/Provisoire,,
05EA005,2026-08-11T16:10:00Z,47,0.483,,,Provisional/Provisoire,,
05EA005,2026-08-11T16:15:00Z,47,0.483,,,Provisional/Provisoire,,
05EA005,2026-08-11T16:20:00Z,47,0.483,,,Provisional/Provisoire,,