 ID,Date,Parameter/Paramètre,Value/Valeur,Qualifier/Qualificatif,Symbol/Symbole,Approval/Approbation,Grade/Classification,Qualifiers/Qualificatifs
05EA001,2026-07-22T00:00:00Z,46,5.138,,,Provisional/Provisoire,,
05EA001,2026-07-22T00:05:00Z,46,5.137,,,Provisional/Provisoire,,
05EA001,2026-07-22T00:10:00Z,46,5.139,,,Provisional/Provisoire,,
05EA001,2026-07-22T00:15:00Z,46,5.136,,,Provisional/Provisoire,,
05EA001,2026-07-22T00:20:00Z,46,5.136,,,Provisional/Provisoire,,
05EA001,2026-07-22T00:25:00Z,46,5.138,,,Provisional/Provisoire,,
05EA001,2026-07-22T00:30:00Z,46,5.131,,,Provisional/Provisoire,,
05EA001,2026-07-22T00:35:00Z,46,5.135,,,Provisional/Provisoire,,
05EA001,2026-07-22T00:40:00Z,46,5.135,,,Provisional/Provisoire,,
05EA001,2026-07-22T00:45:00Z,46,5.136,,,Provisional/Provisoire,,
05EA001,2026-07-22T00:50:00Z,46,5.137,,,Provisional/Provisoire,,
05EA001,2026-07-22T00:55:00Z,46,5.132,,,Provisional/Provisoire,,
05EA001,2026-07-22T01:00:00Z,46,5.132,,,Provisional/Provisoire,,
05EA001,2026-07-22T01:05:00Z,46,5.136,,,Provisional/Provisoire,,
05EA001,2026-07-22T01:10:00Z,46,5.135,,,Provisional/Provisoire,,
05EA001,2026-07-22T01:15:00Z,46,5.137,,,Provisional/Provisoire,,
05EA001,2026-07-22T01:20:00Z,46,5.131,,,Provisional/Provisoire,,
05EA001,2026-07-22T01:25:00Z,46,5.133,,,Provisional/Provisoire,,
05EA001,2026-07-22T01:30:00Z,46,5.140,,,Provisional/Provisoire,,
05EA001,2026-07-22T01:35:00Z,46,5.133,,,Provisional/Provisoire,,
05EA001,2026-07-22T01:40:00Z,46,5.136,,,Provisional/Provisoire,,
05EA001,2026-07-22T01:45:00Z,46,5.132,,,Provisional/Provisoire,,
05EA001,2026-07-22T01:50:00Z,46,5.138,,,Provisional/Provisoire,,
05EA001,2026-07-22T01:55:00Z,46,5.137,,,Provisional/Provisoire,,
05EA001,2026-07-22T02:00:00Z,46,5.132,,,Provisional/Provisoire,,
05EA001,2026-07-22T02:05:00Z,46,5.130,,,Provisional/Provisoire,,
05EA001,2026-07-22T02:10:00Z,46,5.130,,,Provisional/Provisoire,,
05EA001,2026-07-22T02:15:00Z,46,5.129,,,Provisional/Provisoire,,
05EA001,2026-07-22T02:20:00Z,46,5.134,,,Provisional/Provisoire,,
05EA001,2026-07-22T02:25:00Z,46,5.128,,,Provisional/Provisoire,,
05EA001,2026-07-22T02:30:00Z,46,5.133,,,Provisional/Provisoire,,
05EA001,2026-07-22T02:35:00Z,46,5.133,,,Provisional/Provisoire,,
05EA001,2026-07-22T02:40:00Z,46,5.130,,,Provisional/Provisoire,,
05EA001,2026-07-22T02:45:00Z,46,5.138,,,Provisional/Provisoire,,
05EA001,2026-07-22T02:50:00Z,46,5.131,,,Provisional/Provisoire,,
05EA001,2026-07-22T02:55:00Z,46,5.133,,,Provisional/Provisoire,,
05EA001,2026-07-22T03:00:00Z,46,5.132,,,Provisional/Provisoire,,
05EA001,2026-07-22T03:05:00Z,46,5.133,,,Provisional/Provisoire,,
05EA001,2026-07-22T03:10:00Z,46,5.127,,,Provisional/Provisoire,,
05EA001,2026-07-22T03:15:00Z,46,5.135,,,Provisional/Provisoire,,
05EA001,2026-07-22T03:20:00Z,46,5.129,,,Provisional/Provisoire,,
05EA001,2026-07-22T03:25:00Z,46,5.132,,,Provisional/Provisoire,,
05EA001,2026-07-22T03:30:00Z,46,5.131,,,Provisional/Provisoire,,
05EA001,2026-07-22T03:35:00Z,46,5.126,,,Provisional/Provisoire,,
05EA001,2026-07-22T03:40:00Z,46,5.129,,,Provisional/Provisoire,,
05EA001,2026-07-22T03:45:00Z,46,5.126,,,Provisional/Provisoire,,
05EA001,2026-07-22T03:50:00Z,46,5.130,,,Provisional/Provisoire,,
05EA001,2026-07-22T03:55:00Z,46,5.128,,,Provisional/Provisoire,,
05EA001,2026-07-22T04:00:00Z,46,5.131,,,Provisional/Provisoire,,
05EA001,2026-07-22T04:05:00Z,46,5.127,,,Provisional/Provisoire,,
05EA001,2026-07-22T04:10:00Z,46,5.130,,,Provisional/Provisoire,,
05EA001,2026-07-22T04:15:00Z,46,5.123,,,Provisional/Provisoire,,
05EA001,2026-07-22T04:20:00Z,46,5.126,,,Provisional/Provisoire,,
05EA001,2026-07-22T04:25:00Z,46,5.126,,,Provisional/Provisoire,,
05EA001,2026-07-22T04:30:00Z,46,5.124,,,Provisional/Provisoire,,
05EA001,2026-07-22T04:35:00Z,46,5.127,,,Provisional/Provisoire,,
05EA001,2026-07-22T04:40:00Z,46,5.128,,,Provisional/Provisoire,,
05EA001,2026-07-22T04:45:00Z,46,5.127,,,Provisional/Provisoire,,
05EA001,2026-07-22T04:50:00Z,46,5.121,,,Provisional/Provisoire,,
05EA001,2026-07-22T04:55:00Z,46,5.122,,,Provisional/Provisoire,,
05EA001,2026-07-22T05:00:00Z,46,5.122,,,Provisional/Provisoire,,
05EA001,2026-07-22T05:05:00Z,46,5.124,,,Provisional/Provisoire,,
05EA001,2026-07-22T05:10:00Z,46,5.122,,,Provisional/Provisoire,,
05EA001,2026-07-22T05:15:00Z,46,5.124,,,Provisional/Provisoire,,
05EA001,2026-07-22T05:20:00Z,46,5.122,,,Provisional/Provisoire,,
05EA001,2026-07-22T05:25:00Z,46,5.126,,,Provisional/Provisoire,,
05EA001,2026-07-22T05:30:00Z,46,5.123,,,Provisional/Provisoire,,
05EA001,2026-07-22T05:35:00Z,46,5.121,,,Provisional/Provisoire,,
05EA001,2026-07-22T05:40:00Z,46,5.123,,,Provisional/Provisoire,,
05EA001,2026-07-22T05:45:00Z,46,5.123,,,Provisional/Provisoire,,
05EA001,2026-07-22T05:50:00Z,46,5.120,,,Provisional/Provisoire,,
05EA001,2026-07-22T05:55:00Z,46,5.122,,,Provisional/Provisoire,,
05EA001,2026-07-22T06:00:00Z,46,5.122,,,Provisional/Provisoire,,
05EA001,2026-07-22T06:05:00Z,46,5.124,,,Provisional/Provisoire,,
05EA001,2026-07-22T06:10:00Z,46,5.122,,,Provisional/Provisoire,,
05EA001,2026-07-22T06:15:00Z,46,5.119,,,Provisional/Provisoire,,
05EA001,2026-07-22T06:20:00Z,46,5.120,,,Provisional/Provisoire,,
05EA001,2026-07-22T06:25:00Z,46,5.121,,,Provisional/Provisoire,,
05EA001,2026-07-22T06:30:00Z,46,5.121,,,Provisional/Provisoire,,
05EA001,2026-07-22T06:35:00Z,46,5.119,,,Provisional/Provisoire,,
05EA001,2026-07-22T06:40:00Z,46,5.119,,,Provisional/Provisoire,,
05EA001,2026-07-22T06:45:00Z,46,5.118,,,Provisional/Provisoire,,
05EA001,2026-07-22T06:50:00Z,46,5.119,,,Provisional/Provisoire,,
05EA001,2026-07-22T06:55:00Z,46,5.117,,,Provisional/Provisoire,,
05EA001,2026-07-22T07:00:00Z,46,5.118,,,Provisional/Provisoire,,
05EA001,2026-07-22T07:05:00Z,46,5.117,,,Provisional/Provisoire,,
05EA001,2026-07-22T07:10:00Z,46,5.119,,,Provisional/Provisoire,,
05EA001,2026-07-22T07:15:00Z,46,5.119,,,Provisional/Provisoire,,
05EA001,2026-07-22T07:20:00Z,46,5.121,,,Provisional/Provisoire,,
05EA001,2026-07-22T07:25:00Z,46,5.119,,,Provisional/Provisoire,,
05EA001,2026-07-22T07:30:00Z,46,5.115,,,Provisional/Provisoire,,
05EA001,2026-07-22T07:35:00Z,46,5.121,,,Provisional/Provisoire,,
05EA001,2026-07-22T07:40:00Z,46,5.112,,,Provisional/Provisoire,,
05EA001,2026-07-22T07:45:00Z,46,5.116,,,Provisional/Provisoire,,
05EA001,2026-07-22T07:50:00Z,46,5.116,,,Provisional/Provisoire,,
05EA001,2026-07-22T07:55:00Z,46,5.117,,,Provisional/Provisoire,,
05EA001,2026-07-22T08:00:00Z,46,5.111,,,Provisional/Provisoire,,
05EA001,2026-07-22T08:05:00Z,46,5.112,,,Provisional/Provisoire,,
05EA001,2026-07-22T08:10:00Z,46,5.113,,,Provisional/Provisoire,,
05EA001,2026-07-22T08:15:00Z,46,5.113,,,Provisional/Provisoire,,
05EA001,2026-07-22T08:20:00Z,46,5.109,,,Provisional/Provisoire,,
05EA001,2026-07-22T08:25:00Z,46,5.112,,,Provisional/Provisoire,,
05EA001,2026-07-22T08:30:00Z,46,5.110,,,Provisional/Provisoire,,
05EA001,2026-07-22T08:35:00Z,46,5.113,,,Provisional/Provisoire,,
05EA001,2026-07-22T08:40:00Z,46,5.111,,,Provisional/Provisoire,,
05EA001,2026-07-22T08:45:00Z,46,5.115,,,Provisional/Provisoire,,
05EA001,2026-07-22T08:50:00Z,46,5.111,,,Provisional/Provisoire,,
05EA001,2026-07-22T08:55:00Z,46,5.110,,,Provisional/Provisoire,,
05EA001,2026-07-22T09:00:00Z,46,5.111,,,Provisional/Provisoire,,
05EA001,2026-07-22T09:05:00Z,46,5.108,,,Provisional/Provisoire,,
05EA001,2026-07-22T09:10:00Z,46,5.105,,,Provisional/Provisoire,,
05EA001,2026-07-22T09:15:00Z,46,5.111,,,Provisional/Provisoire,,
05EA001,2026-07-22T09:20:00Z,46,5.112,,,Provisional/Provisoire,,
05EA001,2026-07-22T09:25:00Z,46,5.108,,,Provisional/Provisoire,,
05EA001,2026-07-22T09:30:00Z,46,5.106,,,Provisional/Provisoire,,
05EA001,2026-07-22T09:35:00Z,46,5.108,,,Provisional/Provisoire,,
05EA001,2026-07-22T09:40:00Z,46,5.108,,,Provisional/Provisoire,,
05EA001,2026-07-22T09:45:00Z,46,5.107,,,Provisional/Provisoire,,
05EA001,2026-07-22T09:50:00Z,46,5.105,,,Provisional/Provisoire,,
05EA001,2026-07-22T09:55:00Z,46,5.104,,,Provisional/Provisoire,,
05EA001,2026-07-22T10:00:00Z,46,5.106,,,Provisional/Provisoire,,
05EA001,2026-07-22T10:05:00Z,46,5.101,,,Provisional/Provisoire,,
05EA001,2026-07-22T10:10:00Z,46,5.102,,,Provisional/Provisoire,,
05EA001,2026-07-22T10:15:00Z,46,5.106,,,Provisional/Provisoire,,
05EA001,2026-07-22T10:20:00Z,46,5.109,,,Provisional/Provisoire,,
05EA001,2026-07-22T10:25:00Z,46,5.107,,,Provisional/Provisoire,,
05EA001,2026-07-22T10:30:00Z,46,5.106,,,Provisional/Provisoire,,
05EA001,2026-07-22T10:35:00Z,46,5.107,,,Provisional/Provisoire,,
05EA001,2026-07-22T10:40:00Z,46,5.103,,,Provisional/Provisoire,,
05EA001,2026-07-22T10:45:00Z,46,5.104,,,Provisional/Provisoire,,
05EA001,2026-07-22T10:50:00Z,46,5.101,,,Provisional/Provisoire,,
05EA001,2026-07-22T10:55:00Z,46,5.103,,,Provisional/Provisoire,,
05EA001,2026-07-22T11:00:00Z,46,5.101,,,Provisional/Provisoire,,
05EA001,2026-07-22T11:05:00Z,46,5.106,,,Provisional/Provisoire,,
05EA001,2026-07-22T11:10:00Z,46,5.103,,,Provisional/Provisoire,,
05EA001,2026-07-22T11:15:00Z,46,5.107,,,Provisional/Provisoire,,
05EA001,2026-07-22T11:20:00Z,46,5.105,,,Provisional/Provisoire,,
05EA001,2026-07-22T11:25:00Z,46,5.103,,,Provisional/Provisoire,,
05EA001,2026-07-22T11:30:00Z,46,5.104,,,Provisional/Provisoire,,
05EA001,2026-07-22T11:35:00Z,46,5.106,,,Provisional/Provisoire,,
05EA001,2026-07-22T11:40:00Z,46,5.101,,,Provisional/Provisoire,,
05EA001,2026-07-22T11:45:00Z,46,5.101,,,Provisional/Provisoire,,
05EA001,2026-07-22T11:50:00Z,46,5.102,,,Provisional/Provisoire,,
05EA001,2026-07-22T11:55:00Z,46,5.105,,,Provisional/Provisoire,,
05EA001,2026-07-22T12:00:00Z,46,5.102,,,Provisional/Provisoire,,
05EA001,2026-07-22T12:05:00Z,46,5.099,,,Provisional/Provisoire,,
05EA001,2026-07-22T12:10:00Z,46,5.102,,,Provisional/Provisoire,,
05EA001,2026-07-22T12:15:00Z,46,5.096,,,Provisional/Provisoire,,
05EA001,2026-07-22T12:20:00Z,46,5.101,,,Provisional/Provisoire,,
05EA001,2026-07-22T12:25:00Z,46,5.100,,,Provisional/Provisoire,,
05EA001,2026-07-22T12:30:00Z,46,5.102,,,Provisional/Provisoire,,
05EA001,2026-07-22T12:35:00Z,46,5.101,,,Provisional/Provisoire,,
05EA001,2026-07-22T12:40:00Z,46,5.097,,,Provisional/Provisoire,,
05EA001,2026-07-22T12:45:00Z,46,5.093,,,Provisional/Provisoire,,
05EA001,2026-07-22T12:50:00Z,46,5.098,,,Provisional/Provisoire,,
05EA001,2026-07-22T12:55:00Z,46,5.098,,,Provisional/Provisoire,,
05EA001,2026-07-22T13:00:00Z,46,5.100,,,Provisional/Provisoire,,
05EA001,2026-07-22T13:05:00Z,46,5.098,,,Provisional/Provisoire,,
05EA001,2026-07-22T13:10:00Z,46,5.100,,,Provisional/Provisoire,,
05EA001,2026-07-22T13:15:00Z,46,5.095,,,Provisional/Provisoire,,
05EA001,2026-07-22T13:20:00Z,46,5.100,,,Provisional/Provisoire,,
05EA001,2026-07-22T13:25:00Z,46,5.100,,,Provisional/Provisoire,,
05EA001,2026-07-22T13:30:00Z,46,5.104,,,Provisional/Provisoire,,
05EA001,2026-07-22T13:35:00Z,46,5.099,,,Provisional/Provisoire,,
05EA001,2026-07-22T13:40:00Z,46,5.099,,,Provisional/Provisoire,,
05EA001,2026-07-22T13:45:00Z,46,5.097,,,Provisional/Provisoire,,
05EA001,2026-07-22T13:50:00Z,46,5.096,,,Provisional/Provisoire,,
05EA001,2026-07-22T13:55:00Z,46,5.098,,,Provisional/Provisoire,,
05EA001,2026-07-22T14:00:00Z,46,5.097,,,Provisional/Provisoire,,
05EA001,2026-07-22T14:05:00Z,46,5.099,,,Provisional/Provisoire,,
05EA001,2026-07-22T14:10:00Z,46,5.096,,,Provisional/Provisoire,,
05EA001,2026-07-22T14:15:00Z,46,5.089,,,Provisional/Provisoire,,
05EA001,2026-07-22T14:20:00Z,46,5.096,,,Provisional/Provisoire,,
05EA001,2026-07-22T14:25:00Z,46,5.090,,,Provisional/Provisoire,,
05EA001,2026-07-22T14:30:00Z,46,5.094,,,Provisional/Provisoire,,
05EA001,2026-07-22T14:35:00Z,46,5.093,,,Provisional/Provisoire,,
05EA001,2026-07-22T14:40:00Z,46,5.094,,,Provisional/Provisoire,,
05EA001,2026-07-22T14:45:00Z,46,5.094,,,Provisional/Provisoire,,
05EA001,2026-07-22T14:50:00Z,46,5.092,,,Provisional/Provisoire,,
05EA001,2026-07-22T14:55:00Z,46,5.089,,,Provisional/Provisoire,,
05EA001,2026-07-22T15:00:00Z,46,5.093,,,Provisional/Provisoire,,
05EA001,2026-07-22T15:05:00Z,46,5.085,,,Provisional/Provisoire,,
05EA001,2026-07-22T15:10:00Z,46,5.091,,,Provisional/Provisoire,,
05EA001,2026-07-22T15:15:00Z,46,5.095,,,Provisional/Provisoire,,
05EA001,2026-07-22T15:20:00Z,46,5.091,,,Provisional/Provisoire,,
05EA001,2026-07-22T15:25:00Z,46,5.092,,,Provisional/Provisoire,,
05EA001,2026-07-22T15:30:00Z,46,5.092,,,Provisional/Provisoire,,
05EA001,2026-07-22T15:35:00Z,46,5.090,,,Provisional/Provisoire,,
05EA001,2026-07-22T15:40:00Z,46,5.091,,,Provisional/Provisoire,,
05EA001,2026-07-22T15:45:00Z,46,5.092,,,Provisional/Provisoire,,
05EA001,2026-07-22T15:50:00Z,46,5.092,,,Provisional/Provisoire,,
05EA001,2026-07-22T15:55:00Z,46,5.091,,,Provisional/Provisoire,,
05EA001,2026-07-22T16:00:00Z,46,5.092,,,Provisional/Provisoire,,
05EA001,2026-07-22T16:05:00Z,46,5.088,,,Provisional/Provisoire,,
05EA001,2026-07-22T16:10:00Z,46,5.089,,,Provisional/Provisoire,,
05EA001,2026-07-22T16:15:00Z,46,5.092,,,Provisional/Provisoire,,
05EA001,2026-07-22T16:20:00Z,46,5.090,,,Provisional/Provisoire,,
05EA001,2026-07-22T16:25:00Z,46,5.083,,,Provisional/Provisoire,,
05EA001,2026-07-22T16:30:00Z,46,5.091,,,Provisional/Provisoire,,
05EA001,2026-07-22T16:35:00Z,46,5.089,,,Provisional/Provisoire,,
05EA001,2026-07-22T16:40:00Z,46,5.087,,,Provisional/Provisoire,,
05EA001,2026-07-22T16:45:00Z,46,5.089,,,Provisional/Provisoire,,
05EA001,2026-07-22T16:50:00Z,46,5.090,,,Provisional/Provisoire,,
05EA001,2026-07-22T16:55:00Z,46,5.082,,,Provisional/Provisoire,,
05EA001,2026-07-22T17:00:00Z,46,5.086,,,Provisional/Provisoire,,
05EA001,2026-07-22T17:05:00Z,46,5.091,,,Provisional/Provisoire,,
05EA001,2026-07-22T17:10:00Z,46,5.089,,,Provisional/Provisoire,,
05EA001,2026-07-22T17:15:00Z,46,5.088,,,Provisional/Provisoire,,
05EA001,2026-07-22T17:20:00Z,46,5.088,,,Provisional/Provisoire,,
05EA001,2026-07-22T17:25:00Z,46,5.085,,,Provisional/Provisoire,,
05EA001,2026-07-22T17:30:00Z,46,5.084,,,Provisional/Provisoire,,
05EA001,2026-07-22T17:35:00Z,46,5.086,,,Provisional/Provisoire,,
05EA001,2026-07-22T17:40:00Z,46,5.086,,,Provisional/Provisoire,,
05EA001,2026-07-22T17:45:00Z,46,5.091,,,Provisional/Provisoire,,
05EA001,2026-07-22T17:50:00Z,46,5.086,,,Provisional/Provisoire,,
05EA001,2026-07-22T17:55:00Z,46,5.086,,,Provisional/Provisoire,,
05EA001,2026-07-22T18:00:00Z,46,5.090,,,Provisional/Provisoire,,
05EA001,2026-07-22T18:05:00Z,46,5.087,,,Provisional/Provisoire,,
05EA001,2026-07-22T18:10:00Z,46,5.084,,,Provisional/Provisoire,,
05EA001,2026-07-22T18:15:00Z,46,5.085,,,Provisional/Provisoire,,
05EA001,2026-07-22T18:20:00Z,46,5.086,,,Provisional/Provisoire,,
05EA001,2026-07-22T18:25:00Z,46,5.081,,,Provisional/Provisoire,,
05EA001,2026-07-22T18:30:00Z,46,5.086,,,Provisional/Provisoire,,
05EA001,2026-07-22T18:35:00Z,46,5.081,,,Provisional/Provisoire,,
05EA001,2026-07-22T18:40:00Z,46,5.084,,,Provisional/Provisoire,,
05EA001,2026-07-22T18:45:00Z,46,5.083,,,Provisional/Provisoire,,
05EA001,2026-07-22T18:50:00Z,46,5.080,,,Provisional/Provisoire,,
05EA001,2026-07-22T18:55:00Z,46,5.085,,,Provisional/Provisoire,,
05EA001,2026-07-22T19:00:00Z,46,5.077,,,Provisional/Provisoire,,
05EA001,2026-07-22T19:05:00Z,46,5.078,,,Provisional/Provisoire,,
05EA001,2026-07-22T19:10:00Z,46,5.080,,,Provisional/Provisoire,,
05EA001,2026-07-22T19:15:00Z,46,5.083,,,Provisional/Provisoire,,
05EA001,2026-07-22T19:20:00Z,46,5.081,,,Provisional/Provisoire,,
05EA001,2026-07-22T19:25:00Z,46,5.083,,,Provisional/Provisoire,,
05EA001,2026-07-22T19:30:00Z,46,5.084,,,Provisional/Provisoire,,
05EA001,2026-07-22T19:35:00Z,46,5.085,,,Provisional/Provisoire,,
05EA001,2026-07-22T19:40:00Z,46,5.082,,,Provisional/Provisoire,,
05EA001,2026-07-22T19:45:00Z,46,5.080,,,Provisional/Provisoire,,
05EA001,2026-07-22T19:50:00Z,46,5.079,,,Provisional/Provisoire,,
05EA001,2026-07-22T19:55:00Z,46,5.082,,,Provisional/Provisoire,,
05EA001,2026-07-22T20:00:00Z,46,5.078,,,Provisional/Provisoire,,
05EA001,2026-07-22T20:05:00Z,46,5.082,,,Provisional/Provisoire,,
05EA001,2026-07-22T20:10:00Z,46,5.080,,,Provisional/Provisoire,,
05EA001,2026-07-22T20:15:00Z,46,5.083,,,Provisional/Provisoire,,
05EA001,2026-07-22T20:20:00Z,46,5.078,,,Provisional/Provisoire,,
05EA001,2026-07-22T20:25:00Z,46,5.080,,,Provisional/Provisoire,,
05EA001,2026-07-22T20:30:00Z,46,5.076,,,Provisional/Provisoire,,
05EA001,2026-07-22T20:35:00Z,46,5.077,,,Provisional/Provisoire,,
05EA001,2026-07-22T20:40:00Z,46,5.080,,,Provisional/Provisoire,,
05EA001,2026-07-22T20:45:00Z,46,5.080,,,Provisional/Provisoire,,
05EA001,2026-07-22T20:50:00Z,46,5.084,,,Provisional/Provisoire,,
05EA001,2026-07-22T20:55:00Z,46,5.080,,,Provisional/Provisoire,,
05EA001,2026-07-22T21:00:00Z,46,5.077,,,Provisional/Provisoire,,
05EA001,2026-07-22T21:05:00Z,46,5.082,,,Provisional/Provisoire,,
05EA001,2026-07-22T21:10:00Z,46,5.077,,,Provisional/Provisoire,,
05EA001,2026-07-22T21:15:00Z,46,5.078,,,Provisional/Provisoire,,
05EA001,2026-07-22T21:20:00Z,46,5.076,,,Provisional/Provisoire,,
05EA001,2026-07-22T21:25:00Z,46,5.074,,,Provisional/Provisoire,,
05EA001,2026-07-22T21:30:00Z,46,5.075,,,Provisional/Provisoire,,
05EA001,2026-07-22T21:35:00Z,46,5.073,,,Provisional/Provisoire,,
05EA001,2026-07-22T21:40:00Z,46,5.075,,,Provisional/Provisoire,,
05EA001,2026-07-22T21:45:00Z,46,5.077,,,Provisional/Provisoire,,
05EA001,2026-07-22T21:50:00Z,46,5.073,,,Provisional/Provisoire,,
05EA001,2026-07-22T21:55:00Z,46,5.074,,,Provisional/Provisoire,,
05EA001,2026-07-22T22:00:00Z,46,5.069,,,Provisional/Provisoire,,
05EA001,2026-07-22T22:05:00Z,46,5.072,,,Provisional/Provisoire,,
05EA001,2026-07-22T22:10:00Z,46,5.070,,,Provisional/Provisoire,,
05EA001,2026-07-22T22:15:00Z,46,5.068,,,Provisional/Provisoire,,
05EA001,2026-07-22T22:20:00Z,46,5.070,,,Provisional/Provisoire,,
05EA001,2026-07-22T22:25:00Z,46,5.070,,,Provisional/Provisoire,,
05EA001,2026-07-22T22:30:00Z,46,5.076,,,Provisional/Provisoire,,
05EA001,2026-07-22T22:35:00Z,46,5.072,,,Provisional/Provisoire,,
05EA001,2026-07-22T22:40:00Z,46,5.070,,,Provisional/Provisoire,,
05EA001,2026-07-22T22:45:00Z,46,5.067,,,Provisional/Provisoire,,
05EA001,2026-07-22T22:50:00Z,46,5.067,,,Provisional/Provisoire,,
05EA001,2026-07-22T22:55:00Z,46,5.068,,,Provisional/Provisoire,,
05EA001,2026-07-22T23:00:00Z,46,5.067,,,Provisional/Provisoire,,
05EA001,2026-07-22T23:05:00Z,46,5.068,,,Provisional/Provisoire,,
05EA001,2026-07-22T23:10:00Z,46,5.069,,,Provisional/Provisoire,,
05EA001,2026-07-22T23:15:00Z,46,5.069,,,Provisional/Provisoire,,
05EA001,2026-07-22T23:20:00Z,46,5.064,,,Provisional/Provisoire,,
05EA001,2026-07-22T23:25:00Z,46,5.069,,,Provisional/Provisoire,,
05EA001,2026-07-22T23:30:00Z,46,5.067,,,Provisional/Provisoire,,
05EA001,2026-07-22T23:35:00Z,46,5.068,,,Provisional/Provisoire,,
05EA001,2026-07-22T23:40:00Z,46,5.068,,,Provisional/Provisoire,,
05EA001,2026-07-22T23:45:00Z,46,5.063,,,Provisional/Provisoire,,
05EA001,2026-07-22T23:50:00Z,46,5.069,,,Provisional/Provisoire,,
05EA001,2026-07-22T23:55:00Z,46,5.068,,,Provisional/Provisoire,,
05EA001,2026-07-23T00:00:00Z,46,5.069,,,Provisional/Provisoire,,
05EA001,2026-07-23T00:05:00Z,46,5.062,,,Provisional/Provisoire,,
05EA001,2026-07-23T00:10:00Z,46,5.067,,,Provisional/Provisoire,,
05EA001,2026-07-23T00:15:00Z,46,5.062,,,Provisional/Provisoire,,
05EA001,2026-07-23T00:20:00Z,46,5.061,,,Provisional/Provisoire,,
05EA001,2026-07-23T00:25:00Z,46,5.062,,,Provisional/Provisoire,,
05EA001,2026-07-23T00:30:00Z,46,5.065,,,Provisional/Provisoire,,
05EA001,2026-07-23T00:35:00Z,46,5.066,,,Provisional/Provisoire,,
05EA001,2026-07-23T00:40:00Z,46,5.059,,,Provisional/Provisoire,,
05EA001,2026-07-23T00:45:00Z,46,5.057,,,Provisional/Provisoire,,
05EA001,2026-07-23T00:50:00Z,46,5.065,,,Provisional/Provisoire,,
05EA001,2026-07-23T00:55:00Z,46,5.061,,,Provisional/Provisoire,,
05EA001,2026-07-23T01:00:00Z,46,5.065,,,Provisional/Provisoire,,
05EA001,2026-07-23T01:05:00Z,46,5.067,,,Provisional/Provisoire,,
05EA001,2026-07-23T01:10:00Z,46,5.061,,,Provisional/Provisoire,,
05EA001,2026-07-23T01:15:00Z,46,5.061,,,Provisional/Provisoire,,
05EA001,2026-07-23T01:20:00Z,46,5.055,,,Provisional/Provisoire,,
05EA001,2026-07-23T01:25:00Z,46,5.054,,,Provisional/Provisoire,,
05EA001,2026-07-23T01:30:00Z,46,5.065,,,Provisional/Provisoire,,
05EA001,2026-07-23T01:35:00Z,46,5.058,,,Provisional/Provisoire,,
05EA001,2026-07-23T01:40:00Z,46,5.060,,,Provisional/Provisoire,,
05EA001,2026-07-23T01:45:00Z,46,5.057,,,Provisional/Provisoire,,
05EA001,2026-07-23T01:50:00Z,46,5.058,,,Provisional/Provisoire,,
05EA001,2026-07-23T01:55:00Z,46,5.054,,,Provisional/Provisoire,,
05EA001,2026-07-23T02:00:00Z,46,5.058,,,Provisional/Provisoire,,
05EA001,2026-07-23T02:05:00Z,46,5.055,,,Provisional/Provisoire,,
05EA001,2026-07-23T02:10:00Z,46,5.054,,,Provisional/Provisoire,,
05EA001,2026-07-23T02:15:00Z,46,5.061,,,Provisional/Provisoire,,
05EA001,2026-07-23T02:20:00Z,46,5.060,,,Provisional/Provisoire,,
05EA001,2026-07-23T02:25:00Z,46,5.060,,,Provisional/Provisoire,,
05EA001,2026-07-23T02:30:00Z,46,5.055,,,Provisional/Provisoire,,
05EA001,2026-07-23T02:35:00Z,46,5.056,,,Provisional/Provisoire,,
05EA001,2026-07-23T02:40:00Z,46,5.051,,,Provisional/Provisoire,,
05EA001,2026-07-23T02:45:00Z,46,5.050,,,Provisional/Provisoire,,
05EA001,2026-07-23T02:50:00Z,46,5.056,,,Provisional/Provisoire,,
05EA001,2026-07-23T02:55:00Z,46,5.052,,,Provisional/Provisoire,,
05EA001,2026-07-23T03:00:00Z,46,5.054,,,Provisional/Provisoire,,
05EA001,2026-07-23T03:05:00Z,46,5.053,,,Provisional/Provisoire,,
05EA001,2026-07-23T03:10:00Z,46,5.048,,,Provisional/Provisoire,,
05EA001,2026-07-23T03:15:00Z,46,5.056,,,Provisional/Provisoire,,
05EA001,2026-07-23T03:20:00Z,46,5.058,,,Provisional/Provisoire,,
05EA001,2026-07-23T03:25:00Z,46,5.048,,,Provisional/Provisoire,,
05EA001,2026-07-23T03:30:00Z,46,5.048,,,Provisional/Provisoire,,
05EA001,2026-07-23T03:35:00Z,46,5.053,,,Provisional/Provisoire,,
05EA001,2026-07-23T03:40:00Z,46,5.048,,,Provisional/Provisoire,,
05EA001,2026-07-23T03:45:00Z,46,5.049,,,Provisional/Provisoire,,
05EA001,2026-07-23T03:50:00Z,46,5.050,,,Provisional/Provisoire,,
05EA001,2026-07-23T03:55:00Z,46,5.051,,,Provisional/Provisoire,,
05EA001,2026-07-23T04:00:00Z,46,5.054,,,Provisional/Provisoire,,
05EA001,2026-07-23T04:05:00Z,46,5.056,,,Provisional/Provisoire,,
05EA001,2026-07-23T04:10:00Z,46,5.055,,,Provisional/Provisoire,,
05EA001,2026-07-23T04:15:00Z,46,5.051,,,Provisional/Provisoire,,
05EA001,2026-07-23T04:20:00Z,46,5.052,,,Provisional/Provisoire,,
05EA001,2026-07-23T04:25:00Z,46,5.054,,,Provisional/Provisoire,,
05EA001,2026-07-23T04:30:00Z,46,5.052,,,Provisional/Provisoire,,
05EA001,2026-07-23T04:35:00Z,46,5.053,,,Provisional/Provisoire,,
05EA001,2026-07-23T04:40:00Z,46,5.053,,,Provisional/Provisoire,,
05EA001,2026-07-23T04:45:00Z,46,5.052,,,Provisional/Provisoire,,
05EA001,2026-07-23T04:50:00Z,46,5.052,,,Provisional/Provisoire,,
05EA001,2026-07-23T04:55:00Z,46,5.048,,,Provisional/Provisoire,,
05EA001,2026-07-23T05:00:00Z,46,5.050,,,Provisional/Provisoire,,
05EA001,2026-07-23T05:05:00Z,46,5.049,,,Provisional/Provisoire,,
05EA001,2026-07-23T05:10:00Z,46,5.047,,,Provisional/Provisoire,,
05EA001,2026-07-23T05:15:00Z,46,5.047,,,Provisional/Provisoire,,
05EA001,2026-07-23T05:20:00Z,46,5.042,,,Provisional/Provisoire,,
05EA001,2026-07-23T05:25:00Z,46,5.049,,,Provisional/Provisoire,,
05EA001,2026-07-23T05:30:00Z,46,5.049,,,Provisional/Provisoire,,
05EA001,2026-07-23T05:35:00Z,46,5.046,,,Provisional/Provisoire,,
05EA001,2026-07-23T05:40:00Z,46,5.045,,,Provisional/Provisoire,,
05EA001,2026-07-23T05:45:00Z,46,5.048,,,Provisional/Provisoire,,
05EA001,2026-07-23T05:50:00Z,46,5.044,,,Provisional/Provisoire,,
05EA001,2026-07-23T05:55:00Z,46,5.045,,,Provisional/Provisoire,,
05EA001,2026-07-23T06:00:00Z,46,5.044,,,Provisional/Provisoire,,
05EA001,2026-07-23T06:05:00Z,46,5.046,,,Provisional/Provisoire,,
05EA001,2026-07-23T06:10:00Z,46,5.046,,,Provisional/Provisoire,,
05EA001,2026-07-23T06:15:00Z,46,5.041,,,Provisional/Provisoire,,
05EA001,2026-07-23T06:20:00Z,46,5.048,,,Provisional/Provisoire,,
05EA001,2026-07-23T06:25:00Z,46,5.040,,,Provisional/Provisoire,,
05EA001,2026-07-23T06:30:00Z,46,5.043,,,Provisional/Provisoire,,
05EA001,2026-07-23T06:35:00Z,46,5.046,,,Provisional/Provisoire,,
05EA001,2026-07-23T06:40:00Z,46,5.040,,,Provisional/Provisoire,,
05EA001,2026-07-23T06:45:00Z,46,5.044,,,Provisional/Provisoire,,
05EA001,2026-07-23T06:50:00Z,46,5.045,,,Provisional/Provisoire,,
05EA001,2026-07-23T06:55:00Z,46,5.043,,,Provisional/Provisoire,,
05EA001,2026-07-23T07:00:00Z,46,5.042,,,Provisional/Provisoire,,
05EA001,2026-07-23T07:05:00Z,46,5.037,,,Provisional/Provisoire,,
05EA001,2026-07-23T07:10:00Z,46,5.039,,,Provisional/Provisoire,,
05EA001,2026-07-23T07:15:00Z,46,5.044,,,Provisional/Provisoire,,
05EA001,2026-07-23T07:20:00Z,46,5.039,,,Provisional/Provisoire,,
05EA001,2026-07-23T07:25:00Z,46,5.042,,,Provisional/Provisoire,,
05EA001,2026-07-23T07:30:00Z,46,5.043,,,Provisional/Provisoire,,
05EA001,2026-07-23T07:35:00Z,46,5.045,,,Provisional/Provisoire,,
05EA001,2026-07-23T07:40:00Z,46,5.038,,,Provisional/Provisoire,,
05EA001,2026-07-23T07:45:00Z,46,5.042,,,Provisional/Provisoire,,
05EA001,2026-07-23T07:50:00Z,46,5.037,,,Provisional/Provisoire,,
05EA001,2026-07-23T07:55:00Z,46,5.039,,,Provisional/Provisoire,,
05EA001,2026-07-23T08:00:00Z,46,5.037,,,Provisional/Provisoire,,
05EA001,2026-07-23T08:05:00Z,46,5.042,,,Provisional/Provisoire,,
05EA001,2026-07-23T08:10:00Z,46,5.042,,,Provisional/Provisoire,,
05EA001,2026-07-23T08:15:00Z,46,5.039,,,Provisional/Provisoire,,
05EA001,2026-07-23T08:20:00Z,46,5.043,,,Provisional/Provisoire,,
05EA001,2026-07-23T08:25:00Z,46,5.040,,,Provisional/Provisoire,,
05EA001,2026-07-23T08:30:00Z,46,5.037,,,Provisional/Provisoire,,
05EA001,2026-07-23T08:35:00Z,46,5.038,,,Provisional/Provisoire,,
05EA001,2026-07-23T08:40:00Z,46,5.035,,,Provisional/Provisoire,,
05EA001,2026-07-23T08:45:00Z,46,5.036,,,Provisional/Provisoire,,
05EA001,2026-07-23T08:50:00Z,46,5.035,,,Provisional/Provisoire,,
05EA001,2026-07-23T08:55:00Z,46,5.038,,,Provisional/Provisoire,,
05EA001,2026-07-23T09:00:00Z,46,5.038,,,Provisional/Provisoire,,
05EA001,2026-07-23T09:05:00Z,46,5.036,,,Provisional/Provisoire,,
05EA001,2026-07-23T09:10:00Z,46,5.038,,,Provisional/Provisoire,,
05EA001,2026-07-23T09:15:00Z,46,5.034,,,Provisional/Provisoire,,
05EA001,2026-07-23T09:20:00Z,46,5.035,,,Provisional/Provisoire,,
05EA001,2026-07-23T09:25:00Z,46,5.037,,,Provisional/Provisoire,,
05EA001,2026-07-23T09:30:00Z,46,5.034,,,Provisional/Provisoire,,
05EA001,2026-07-23T09:35:00Z,46,5.033,,,Provisional/Provisoire,,
05EA001,2026-07-23T09:40:00Z,46,5.034,,,Provisional/Provisoire,,
05EA001,2026-07-23T09:45:00Z,46,5.034,,,Provisional/Provisoire,,
05EA001,2026-07-23T09:50:00Z,46,5.037,,,Provisional/Provisoire,,
05EA001,2026-07-23T09:55:00Z,46,5.035,,,Provisional/Provisoire,,
05EA001,2026-07-23T10:00:00Z,46,5.032,,,Provisional/Provisoire,,
05EA001,2026-07-23T10:05:00Z,46,5.035,,,Provisional/Provisoire,,
05EA001,2026-07-23T10:10:00Z,46,5.030,,,Provisional/Provisoire,,
05EA001,2026-07-23T10:15:00Z,46,5.032,,,Provisional/Provisoire,,
05EA001,2026-07-23T10:20:00Z,46,5.032,,,Provisional/Provisoire,,
05EA001,2026-07-23T10:25:00Z,46,5.030,,,Provisional/Provisoire,,
05EA001,2026-07-23T10:30:00Z,46,5.033,,,Provisional/Provisoire,,
05EA001,2026-07-23T10:35:00Z,46,5.028,,,Provisional/Provisoire,,
05EA001,2026-07-23T10:40:00Z,46,5.031,,,Provisional/Provisoire,,
05EA001,2026-07-23T10:45:00Z,46,5.031,,,Provisional/Provisoire,,
05EA001,2026-07-23T10:50:00Z,46,5.030,,,Provisional/Provisoire,,
05EA001,2026-07-23T10:55:00Z,46,5.029,,,Provisional/Provisoire,,
05EA001,2026-07-23T11:00:00Z,46,5.035,,,Provisional/Provisoire,,
05EA001,2026-07-23T11:05:00Z,46,5.034,,,Provisional/Provisoire,,
05EA001,2026-07-23T11:10:00Z,46,5.029,,,Provisional/Provisoire,,
05EA001,2026-07-23T11:15:00Z,46,5.030,,,Provisional/Provisoire,,
05EA001,2026-07-23T11:20:00Z,46,5.033,,,Provisional/Provisoire,,
05EA001,2026-07-23T11:25:00Z,46,5.032,,,Provisional/Provisoire,,
05EA001,2026-07-23T11:30:00Z,46,5.037,,,Provisional/Provisoire,,
05EA001,2026-07-23T11:35:00Z,46,5.027,,,Provisional/Provisoire,,
05EA001,2026-07-23T11:40:00Z,46,5.030,,,Provisional/Provisoire,,
05EA001,2026-07-23T11:45:00Z,46,5.028,,,Provisional/Provisoire,,
05EA001,2026-07-23T11:50:00Z,46,5.027,,,Provisional/Provisoire,,
05EA001,2026-07-23T11:55:00Z,46,5.028,,,Provisional/Provisoire,,
05EA001,2026-07-23T12:00:00Z,46,5.026,,,Provisional/Provisoire,,
05EA001,2026-07-23T12:05:00Z,46,5.023,,,Provisional/Provisoire,,
05EA001,2026-07-23T12:10:00Z,46,5.029,,,Provisional/Provisoire,,
05EA001,2026-07-23T12:15:00Z,46,5.031,,,Provisional/Provisoire,,
05EA001,2026-07-23T12:20:00Z,46,5.027,,,Provisional/Provisoire,,
05EA001,2026-07-23T12:25:00Z,46,5.030,,,Provisional/Provisoire,,
05EA001,2026-07-23T12:30:00Z,46,5.019,,,Provisional/Provisoire,,
05EA001,2026-07-23T12:35:00Z,46,5.025,,,Provisional/Provisoire,,
05EA001,2026-07-23T12:40:00Z,46,5.022,,,Provisional/Provisoire,,
05EA001,2026-07-23T12:45:00Z,46,5.027,,,Provisional/Provisoire,,
05EA001,2026-07-23T12:50:00Z,46,5.024,,,Provisional/Provisoire,,
05EA001,2026-07-23T12:55:00Z,46,5.028,,,Provisional/Provisoire,,
05EA001,2026-07-23T13:00:00Z,46,5.025,,,Provisional/Provisoire,,
05EA001,2026-07-23T13:05:00Z,46,5.023,,,Provisional/Provisoire,,
05EA001,2026-07-23T13:10:00Z,46,5.023,,,Provisional/Provisoire,,
05EA001,2026-07-23T13:15:00Z,46,5.029,,,Provisional/Provisoire,,
05EA001,2026-07-23T13:20:00Z,46,5.026,,,Provisional/Provisoire,,
05EA001,2026-07-23T13:25:00Z,46,5.023,,,Provisional/Provisoire,,
05EA001,2026-07-23T13:30:00Z,46,5.027,,,Provisional/Provisoire,,
05EA001,2026-07-23T13:35:00Z,46,5.022,,,Provisional/Provisoire,,
05EA001,2026-07-23T13:40:00Z,46,5.021,,,Provisional/Provisoire,,
05EA001,2026-07-23T13:45:00Z,46,5.019,,,Provisional/Provisoire,,
05EA001,2026-07-23T13:50:00Z,46,5.021,,,Provisional/Provisoire,,
05EA001,2026-07-23T13:55:00Z,46,5.024,,,Provisional/Provisoire,,
05EA001,2026-07-23T14:00:00Z,46,5.023,,,Provisional/Provisoire,,
05EA001,2026-07-23T14:05:00Z,46,5.026,,,Provisional/Provisoire,,
05EA001,2026-07-23T14:10:00Z,46,5.017,,,Provisional/Provisoire,,
05EA001,2026-07-23T14:15:00Z,46,5.022,,,Provisional/Provisoire,,
05EA001,2026-07-23T14:20:00Z,46,5.025,,,Provisional/Provisoire,,
05EA001,2026-07-23T14:25:00Z,46,5.020,,,Provisional/Provisoire,,
05EA001,2026-07-23T14:30:00Z,46,5.016,,,Provisional/Provisoire,,
05EA001,2026-07-23T14:35:00Z,46,5.023,,,Provisional/Provisoire,,
05EA001,2026-07-23T14:40:00Z,46,5.021,,,Provisional/Provisoire,,
05EA001,2026-07-23T14:45:00Z,46,5.019,,,Provisional/Provisoire,,
05EA001,2026-07-23T14:50:00Z,46,5.022,,,Provisional/Provisoire,,
05EA001,2026-07-23T14:55:00Z,46,5.023,,,Provisional/Provisoire,,
05EA001,2026-07-23T15:00:00Z,46,5.021,,,Provisional/Provisoire,,
05EA001,2026-07-23T15:05:00Z,46,5.016,,,Provisional/Provisoire,,
05EA001,2026-07-23T15:10:00Z,46,5.017,,,Provisional/Provisoire,,
05EA001,2026-07-23T15:15:00Z,46,5.017,,,Provisional/Provisoire,,
05EA001,2026-07-23T15:20:00Z,46,5.017,,,Provisional/Provisoire,,
05EA001,2026-07-23T15:25:00Z,46,5.021,,,Provisional/Provisoire,,
05EA001,2026-07-23T15:30:00Z,46,5.019,,,Provisional/Provisoire,,
05EA001,2026-07-23T15:35:00Z,46,5.021,,,Provisional/Provisoire,,
05EA001,2026-07-23T15:40:00Z,46,5.016,,,Provisional/Provisoire,,
05EA001,2026-07-23T15:45:00Z,46,5.020,,,Provisional/Provisoire,,
05EA001,2026-07-23T15:50:00Z,46,5.021,,,Provisional/Provisoire,,
05EA001,2026-07-23T15:55:00Z,46,5.019,,,Provisional/Provisoire,,
05EA001,2026-07-23T16:00:00Z,46,5.015,,,Provisional/Provisoire,,
05EA001,2026-07-23T16:05:00Z,46,5.020,,,Provisional/Provisoire,,
05EA001,2026-07-23T16:10:00Z,46,5.018,,,Provisional/Provisoire,,
05EA001,2026-07-23T16:15:00Z,46,5.017,,,Provisional/Provisoire,,
05EA001,2026-07-23T16:20:00Z,46,5.016,,,Provisional/Provisoire,,
05EA001,2026-07-23T16:25:00Z,46,5.014,,,Provisional/Provisoire,,
05EA001,2026-07-23T16:30:00Z,46,5.012,,,Provisional/Provisoire,,
05EA001,2026-07-23T16:35:00Z,46,5.015,,,Provisional/Provisoire,,
05EA001,2026-07-23T16:40:00Z,46,5.011,,,Provisional/Provisoire,,
05EA001,2026-07-23T16:45:00Z,46,5.015,,,Provisional/Provisoire,,
05EA001,2026-07-23T16:50:00Z,46,5.014,,,Provisional/Provisoire,,
05EA001,2026-07-23T16:55:00Z,46,5.013,,,Provisional/Provisoire,,
05EA001,2026-07-23T17:00:00Z,46,5.013,,,Provisional/Provisoire,,
05EA001,2026-07-23T17:05:00Z,46,5.010,,,Provisional/Provisoire,,
05EA001,2026-07-23T17:10:00Z,46,5.016,,,Provisional/Provisoire,,
05EA001,2026-07-23T17:15:00Z,46,5.014,,,Provisional/Provisoire,,
05EA001,2026-07-23T17:20:00Z,46,5.015,,,Provisional/Provisoire,,
05EA001,2026-07-23T17:25:00Z,46,5.011,,,Provisional/Provisoire,,
05EA001,2026-07-23T17:30:00Z,46,5.009,,,Provisional/Provisoire,,
05EA001,2026-07-23T17:35:00Z,46,5.015,,,Provisional/Provisoire,,
05EA001,2026-07-23T17:40:00Z,46,5.013,,,Provisional/Provisoire,,
05EA001,2026-07-23T17:45:00Z,46,5.011,,,Provisional/Provisoire,,
05EA001,2026-07-23T17:50:00Z,46,5.013,,,Provisional/Provisoire,,
05EA001,2026-07-23T17:55:00Z,46,5.015,,,Provisional/Provisoire,,
05EA001,2026-07-23T18:00:00Z,46,5.009,,,Provisional/Provisoire,,
05EA001,2026-07-23T18:05:00Z,46,5.007,,,Provisional/Provisoire,,
05EA001,2026-07-23T18:10:00Z,46,5.009,,,Provisional/Provisoire,,
05EA001,2026-07-23T18:15:00Z,46,5.011,,,Provisional/Provisoire,,
05EA001,2026-07-23T18:20:00Z,46,5.011,,,Provisional/Provisoire,,
05EA001,2026-07-23T18:25:00Z,46,5.011,,,Provisional/Provisoire,,
05EA001,2026-07-23T18:30:00Z,46,5.012,,,Provisional/Provisoire,,
05EA001,2026-07-23T18:35:00Z,46,5.011,,,Provisional/Provisoire,,
05EA001,2026-07-23T18:40:00Z,46,5.011,,,Provisional/Provisoire,,
05EA001,2026-07-23T18:45:00Z,46,5.010,,,Provisional/Provisoire,,
05EA001,2026-07-23T18:50:00Z,46,5.009,,,Provisional/Provisoire,,
05EA001,2026-07-23T18:55:00Z,46,5.008,,,Provisional/Provisoire,,
05EA001,2026-07-23T19:00:00Z,46,5.010,,,Provisional/Provisoire,,
05EA001,2026-07-23T19:05:00Z,46,5.009,,,Provisional/Provisoire,,
05EA001,2026-07-23T19:10:00Z,46,5.011,,,Provisional/Provisoire,,
05EA001,2026-07-23T19:15:00Z,46,5.006,,,Provisional/Provisoire,,
05EA001,2026-07-23T19:20:00Z,46,5.011,,,Provisional/Provisoire,,
05EA001,2026-07-23T19:25:00Z,46,5.012,,,Provisional/Provisoire,,
05EA001,2026-07-23T19:30:00Z,46,5.007,,,Provisional/Provisoire,,
05EA001,2026-07-23T19:35:00Z,46,5.008,,,Provisional/Provisoire,,
05EA001,2026-07-23T19:40:00Z,46,5.008,,,Provisional/Provisoire,,
05EA001,2026-07-23T19:45:00Z,46,5.007,,,Provisional/Provisoire,,
05EA001,2026-07-23T19:50:00Z,46,5.008,,,Provisional/Provisoire,,
05EA001,2026-07-23T19:55:00Z,46,5.007,,,Provisional/Provisoire,,
05EA001,2026-07-23T20:00:00Z,46,5.006,,,Provisional/Provisoire,,
05EA001,2026-07-23T20:05:00Z,46,5.001,,,Provisional/Provisoire,,
05EA001,2026-07-23T20:10:00Z,46,5.006,,,Provisional/Provisoire,,
05EA001,2026-07-23T20:15:00Z,46,5.002,,,Provisional/Provisoire,,
05EA001,2026-07-23T20:20:00Z,46,5.007,,,Provisional/Provisoire,,
05EA001,2026-07-23T20:25:00Z,46,5.006,,,Provisional/Provisoire,,
05EA001,2026-07-23T20:30:00Z,46,5.006,,,Provisional/Provisoire,,
05EA001,2026-07-23T20:35:00Z,46,5.002,,,Provisional/Provisoire,,
05EA001,2026-07-23T20:40:00Z,46,5.004,,,Provisional/Provisoire,,
05EA001,2026-07-23T20:45:00Z,46,5.002,,,Provisional/Provisoire,,
05EA001,2026-07-23T20:50:00Z,46,5.002,,,Provisional/Provisoire,,
05EA001,2026-07-23T20:55:00Z,46,5.003,,,Provisional/Provisoire,,
05EA001,2026-07-23T21:00:00Z,46,5.003,,,Provisional/Provisoire,,
05EA001,2026-07-23T21:05:00Z,46,4.999,,,Provisional/Provisoire,,
05EA001,2026-07-23T21:10:00Z,46,5.003,,,Provisional/Provisoire,,
05EA001,2026-07-23T21:15:00Z,46,5.001,,,Provisional/Provisoire,,
05EA001,2026-07-23T21:20:00Z,46,5.003,,,Provisional/Provisoire,,
05EA001,2026-07-23T21:25:00Z,46,5.001,,,Provisional/Provisoire,,
05EA001,2026-07-23T21:30:00Z,46,4.999,,,Provisional/Provisoire,,
05EA001,2026-07-23T21:35:00Z,46,5.001,,,Provisional/Provisoire,,
05EA001,2026-07-23T21:40:00Z,46,5.003,,,Provisional/Provisoire,,
05EA001,2026-07-23T21:45:00Z,46,5.000,,,Provisional/Provisoire,,
05EA001,2026-07-23T21:50:00Z,46,5.001,,,Provisional/Provisoire,,
05EA001,2026-07-23T21:55:00Z,46,5.003,,,Provisional/Provisoire,,
05EA001,2026-07-23T22:00:00Z,46,4.999,,,Provisional/Provisoire,,
05EA001,2026-07-23T22:05:00Z,46,4.999,,,Provisional/Provisoire,,
05EA001,2026-07-23T22:10:00Z,46,5.003,,,Provisional/Provisoire,,
05EA001,2026-07-23T22:15:00Z,46,4.999,,,Provisional/Provisoire,,
05EA001,2026-07-23T22:20:00Z,46,4.991,,,Provisional/Provisoire,,
05EA001,2026-07-23T22:25:00Z,46,4.997,,,Provisional/Provisoire,,
05EA001,2026-07-23T22:30:00Z,46,4.992,,,Provisional/Provisoire,,
05EA001,2026-07-23T22:35:00Z,46,4.999,,,Provisional/Provisoire,,
05EA001,2026-07-23T22:40:00Z,46,4.997,,,Provisional/Provisoire,,
05EA001,2026-07-23T22:45:00Z,46,4.999,,,Provisional/Provisoire,,
05EA001,2026-07-23T22:50:00Z,46,4.995,,,Provisional/Provisoire,,
05EA001,2026-07-23T22:55:00Z,46,4.994,,,Provisional/Provisoire,,
05EA001,2026-07-23T23:00:00Z,46,4.996,,,Provisional/Provisoire,,
05EA001,2026-07-23T23:05:00Z,46,4.996,,,Provisional/Provisoire,,
05EA001,2026-07-23T23:10:00Z,46,4.997,,,Provisional/Provisoire,,
05EA001,2026-07-23T23:15:00Z,46,4.992,,,Provisional/Provisoire,,
05EA001,2026-07-23T23:20:00Z,46,4.993,,,Provisional/Provisoire,,
05EA001,2026-07-23T23:25:00Z,46,4.996,,,Provisional/Provisoire,,
05EA001,2026-07-23T23:30:00Z,46,4.997,,,Provisional/Provisoire,,
05EA001,2026-07-23T23:35:00Z,46,4.997,,,Provisional/Provisoire,,
05EA001,2026-07-23T23:40:00Z,46,4.993,,,Provisional/Provisoire,,
05EA001,2026-07-23T23:45:00Z,46,4.996,,,Provisional/Provisoire,,
05EA001,2026-07-23T23:50:00Z,46,4.996,,,Provisional/Provisoire,,
05EA001,2026-07-23T23:55:00Z,46,4.994,,,Provisional/Provisoire,,
05EA001,2026-07-24T00:00:00Z,46,4.994,,,Provisional/Provisoire,,
05EA001,2026-07-24T00:05:00Z,46,4.994,,,Provisional/Provisoire,,
05EA001,2026-07-24T00:10:00Z,46,4.994,,,Provisional/Provisoire,,
05EA001,2026-07-24T00:15:00Z,46,4.992,,,Provisional/Provisoire,,
05EA001,2026-07-24T00:20:00Z,46,4.996,,,Provisional/Provisoire,,
05EA001,2026-07-24T00:25:00Z,46,4.996,,,Provisional/Provisoire,,
05EA001,2026-07-24T00:30:00Z,46,4.994,,,Provisional/Provisoire,,
05EA001,2026-07-24T00:35:00Z,46,4.986,,,Provisional/Provisoire,,
05EA001,2026-07-24T00:40:00Z,46,4.995,,,Provisional/Provisoire,,
05EA001,2026-07-24T00:45:00Z,46,4.994,,,Provisional/Provisoire,,
05EA001,2026-07-24T00:50:00Z,46,4.990,,,Provisional/Provisoire,,
05EA001,2026-07-24T00:55:00Z,46,4.993,,,Provisional/Provisoire,,
05EA001,2026-07-24T01:00:00Z,46,4.990,,,Provisional/Provisoire,,
05EA001,2026-07-24T01:05:00Z,46,4.990,,,Provisional/Provisoire,,
05EA001,2026-07-24T01:10:00Z,46,4.988,,,Provisional/Provisoire,,
05EA001,2026-07-24T01:15:00Z,46,4.990,,,Provisional/Provisoire,,
05EA001,2026-07-24T01:20:00Z,46,4.991,,,Provisional/Provisoire,,
05EA001,2026-07-24T01:25:00Z,46,4.990,,,Provisional/Provisoire,,
05EA001,2026-07-24T01:30:00Z,46,4.987,,,Provisional/Provisoire,,
05EA001,2026-07-24T01:35:00Z,46,4.990,,,Provisional/Provisoire,,
05EA001,2026-07-24T01:40:00Z,46,4.987,,,Provisional/Provisoire,,
05EA001,2026-07-24T01:45:00Z,46,4.990,,,Provisional/Provisoire,,
05EA001,2026-07-24T01:50:00Z,46,4.986,,,Provisional/Provisoire,,
05EA001,2026-07-24T01:55:00Z,46,4.991,,,Provisional/Provisoire,,
05EA001,2026-07-24T02:00:00Z,46,4.991,,,Provisional/Provisoire,,
05EA001,2026-07-24T02:05:00Z,46,4.990,,,Provisional/Provisoire,,
05EA001,2026-07-24T02:10:00Z,46,4.991,,,Provisional/Provisoire,,
05EA001,2026-07-24T02:15:00Z,46,4.989,,,Provisional/Provisoire,,
05EA001,2026-07-24T02:20:00Z,46,4.991,,,Provisional/Provisoire,,
05EA001,2026-07-24T02:25:00Z,46,4.987,,,Provisional/Provisoire,,
05EA001,2026-07-24T02:30:00Z,46,4.991,,,Provisional/Provisoire,,
05EA001,2026-07-24T02:35:00Z,46,4.990,,,Provisional/Provisoire,,
05EA001,2026-07-24T02:40:00Z,46,4.985,,,Provisional/Provisoire,,
05EA001,2026-07-24T02:45:00Z,46,4.986,,,Provisional/Provisoire,,
05EA001,2026-07-24T02:50:00Z,46,4.986,,,Provisional/Provisoire,,
05EA001,2026-07-24T02:55:00Z,46,4.987,,,Provisional/Provisoire,,
05EA001,2026-07-24T03:00:00Z,46,4.983,,,Provisional/Provisoire,,
05EA001,2026-07-24T03:05:00Z,46,4.985,,,Provisional/Provisoire,,
05EA001,2026-07-24T03:10:00Z,46,4.985,,,Provisional/Provisoire,,
05EA001,2026-07-24T03:15:00Z,46,4.987,,,Provisional/Provisoire,,
05EA001,2026-07-24T03:20:00Z,46,4.986,,,Provisional/Provisoire,,
05EA001,2026-07-24T03:25:00Z,46,4.986,,,Provisional/Provisoire,,
05EA001,2026-07-24T03:30:00Z,46,4.989,,,Provisional/Provisoire,,
05EA001,2026-07-24T03:35:00Z,46,4.987,,,Provisional/Provisoire,,
05EA001,2026-07-24T03:40:00Z,46,4.985,,,Provisional/Provisoire,,
05EA001,2026-07-24T03:45:00Z,46,4.986,,,Provisional/Provisoire,,
05EA001,2026-07-24T03:50:00Z,46,4.983,,,Provisional/Provisoire,,
05EA001,2026-07-24T03:55:00Z,46,4.983,,,Provisional/Provisoire,,
05EA001,2026-07-24T04:00:00Z,46,4.982,,,Provisional/Provisoire,,
05EA001,2026-07-24T04:05:00Z,46,4.982,,,Provisional/Provisoire,,
05EA001,2026-07-24T04:10:00Z,46,4.984,,,Provisional/Provisoire,,
05EA001,2026-07-24T04:15:00Z,46,4.984,,,Provisional/Provisoire,,
05EA001,2026-07-24T04:20:00Z,46,4.985,,,Provisional/Provisoire,,
05EA001,2026-07-24T04:25:00Z,46,4.984,,,Provisional/Provisoire,,
05EA001,2026-07-24T04:30:00Z,46,4.984,,,Provisional/Provisoire,,
05EA001,2026-07-24T04:35:00Z,46,4.982,,,Provisional/Provisoire,,
05EA001,2026-07-24T04:40:00Z,46,4.984,,,Provisional/Provisoire,,
05EA001,2026-07-24T04:45:00Z,46,4.985,,,Provisional/Provisoire,,
05EA001,2026-07-24T04:50:00Z,46,4.983,,,Provisional/Provisoire,,
05EA001,2026-07-24T04:55:00Z,46,4.985,,,Provisional/Provisoire,,
05EA001,2026-07-24T05:00:00Z,46,4.985,,,Provisional/Provisoire,,
05EA001,2026-07-24T05:05:00Z,46,4.979,,,Provisional/Provisoire,,
05EA001,2026-07-24T05:10:00Z,46,4.980,,,Provisional/Provisoire,,
05EA001,2026-07-24T05:15:00Z,46,4.986,,,Provisional/Provisoire,,
05EA001,2026-07-24T05:20:00Z,46,4.981,,,Provisional/Provisoire,,
05EA001,2026-07-24T05:25:00Z,46,4.983,,,Provisional/Provisoire,,
05EA001,2026-07-24T05:30:00Z,46,4.978,,,Provisional/Provisoire,,
05EA001,2026-07-24T05:35:00Z,46,4.978,,,Provisional/Provisoire,,
05EA001,2026-07-24T05:40:00Z,46,4.979,,,Provisional/Provisoire,,
05EA001,2026-07-24T05:45:00Z,46,4.980,,,Provisional/Provisoire,,
05EA001,2026-07-24T05:50:00Z,46,4.982,,,Provisional/Provisoire,,
05EA001,2026-07-24T05:55:00Z,46,4.972,,,Provisional/Provisoire,,
05EA001,2026-07-24T06:00:00Z,46,4.981,,,Provisional/Provisoire,,
05EA001,2026-07-24T06:05:00Z,46,4.973,,,Provisional/Provisoire,,
05EA001,2026-07-24T06:10:00Z,46,4.976,,,Provisional/Provisoire,,
05EA001,2026-07-24T06:15:00Z,46,4.976,,,Provisional/Provisoire,,
05EA001,2026-07-24T06:20:00Z,46,4.980,,,Provisional/Provisoire,,
05EA001,2026-07-24T06:25:00Z,46,4.980,,,Provisional/Provisoire,,
05EA001,2026-07-24T06:30:00Z,46,4.977,,,Provisional/Provisoire,,
05EA001,2026-07-24T06:35:00Z,46,4.977,,,Provisional/Provisoire,,
05EA001,2026-07-24T06:40:00Z,46,4.978,,,Provisional/Provisoire,,
05EA001,2026-07-24T06:45:00Z,46,4.976,,,Provisional/Provisoire,,
05EA001,2026-07-24T06:50:00Z,46,4.972,,,Provisional/Provisoire,,
05EA001,2026-07-24T06:55:00Z,46,4.973,,,Provisional/Provisoire,,
05EA001,2026-07-24T07:00:00Z,46,4.978,,,Provisional/Provisoire,,
05EA001,2026-07-24T07:05:00Z,46,4.975,,,Provisional/Provisoire,,
05EA001,2026-07-24T07:10:00Z,46,4.974,,,Provisional/Provisoire,,
05EA001,2026-07-24T07:15:00Z,46,4.976,,,Provisional/Provisoire,,
05EA001,2026-07-24T07:20:00Z,46,4.980,,,Provisional/Provisoire,,
05EA001,2026-07-24T07:25:00Z,46,4.979,,,Provisional/Provisoire,,
05EA001,2026-07-24T07:30:00Z,46,4.976,,,Provisional/Provisoire,,
05EA001,2026-07-24T07:35:00Z,46,4.976,,,Provisional/Provisoire,,
05EA001,2026-07-24T07:40:00Z,46,4.976,,,Provisional/Provisoire,,
05EA001,2026-07-24T07:45:00Z,46,4.977,,,Provisional/Provisoire,,
05EA001,2026-07-24T07:50:00Z,46,4.973,,,Provisional/Provisoire,,
05EA001,2026-07-24T07:55:00Z,46,4.974,,,Provisional/Provisoire,,
05EA001,2026-07-24T08:00:00Z,46,4.973,,,Provisional/Provisoire,,
05EA001,2026-07-24T08:05:00Z,46,4.974,,,Provisional/Provisoire,,
05EA001,2026-07-24T08:10:00Z,46,4.975,,,Provisional/Provisoire,,
05EA001,2026-07-24T08:15:00Z,46,4.976,,,Provisional/Provisoire,,
05EA001,2026-07-24T08:20:00Z,46,4.975,,,Provisional/Provisoire,,
05EA001,2026-07-24T08:25:00Z,46,4.973,,,Provisional/Provisoire,,
05EA001,2026-07-24T08:30:00Z,46,4.972,,,Provisional/Provisoire,,
05EA001,2026-07-24T08:35:00Z,46,4.976,,,Provisional/Provisoire,,
05EA001,2026-07-24T08:40:00Z,46,4.975,,,Provisional/Provisoire,,
05EA001,2026-07-24T08:45:00Z,46,4.973,,,Provisional/Provisoire,,
05EA001,2026-07-24T08:50:00Z,46,4.973,,,Provisional/Provisoire,,
05EA001,2026-07-24T08:55:00Z,46,4.974,,,Provisional/Provisoire,,
05EA001,2026-07-24T09:00:00Z,46,4.974,,,Provisional/Provisoire,,
05EA001,2026-07-24T09:05:00Z,46,4.970,,,Provisional/Provisoire,,
05EA001,2026-07-24T09:10:00Z,46,4.975,,,Provisional/Provisoire,,
05EA001,2026-07-24T09:15:00Z,46,4.973,,,Provisional/Provisoire,,
05EA001,2026-07-24T09:20:00Z,46,4.974,,,Provisional/Provisoire,,
05EA001,2026-07-24T09:25:00Z,46,4.972,,,Provisional/Provisoire,,
05EA001,2026-07-24T09:30:00Z,46,4.974,,,Provisional/Provisoire,,
05EA001,2026-07-24T09:35:00Z,46,4.971,,,Provisional/Provisoire,,
05EA001,2026-07-24T09:40:00Z,46,4.968,,,Provisional/Provisoire,,
05EA001,2026-07-24T09:45:00Z,46,4.972,,,Provisional/Provisoire,,
05EA001,2026-07-24T09:50:00Z,46,4.971,,,Provisional/Provisoire,,
05EA001,2026-07-24T09:55:00Z,46,4.969,,,Provisional/Provisoire,,
05EA001,2026-07-24T10:00:00Z,46,4.970,,,Provisional/Provisoire,,
05EA001,2026-07-24T10:05:00Z,46,4.972,,,Provisional/Provisoire,,
05EA001,2026-07-24T10:10:00Z,46,4.974,,,Provisional/Provisoire,,
05EA001,2026-07-24T10:15:00Z,46,4.969,,,Provisional/Provisoire,,
05EA001,2026-07-24T10:20:00Z,46,4.968,,,Provisional/Provisoire,,
05EA001,2026-07-24T10:25:00Z,46,4.972,,,Provisional/Provisoire,,
05EA001,2026-07-24T10:30:00Z,46,4.967,,,Provisional/Provisoire,,
05EA001,2026-07-24T10:35:00Z,46,4.967,,,Provisional/Provisoire,,
05EA001,2026-07-24T10:40:00Z,46,4.969,,,Provisional/Provisoire,,
05EA001,2026-07-24T10:45:00Z,46,4.967,,,Provisional/Provisoire,,
05EA001,2026-07-24T10:50:00Z,46,4.969,,,Provisional/Provisoire,,
05EA001,2026-07-24T10:55:00Z,46,4.970,,,Provisional/Provisoire,,
05EA001,2026-07-24T11:00:00Z,46,4.970,,,Provisional/Provisoire,,
05EA001,2026-07-24T11:05:00Z,46,4.970,,,Provisional/Provisoire,,
05EA001,2026-07-24T11:10:00Z,46,4.971,,,Provisional/Provisoire,,
05EA001,2026-07-24T11:15:00Z,46,4.967,,,Provisional/Provisoire,,
05EA001,2026-07-24T11:20:00Z,46,4.969,,,Provisional/Provisoire,,
05EA001,2026-07-24T11:25:00Z,46,4.967,,,Provisional/Provisoire,,
05EA001,2026-07-24T11:30:00Z,46,4.969,,,Provisional/Provisoire,,
05EA001,2026-07-24T11:35:00Z,46,4.969,,,Provisional/Provisoire,,
05EA001,2026-07-24T11:40:00Z,46,4.968,,,Provisional/Provisoire,,
05EA001,2026-07-24T11:45:00Z,46,4.967,,,Provisional/Provisoire,,
05EA001,2026-07-24T11:50:00Z,46,4.970,,,Provisional/Provisoire,,
05EA001,2026-07-24T11:55:00Z,46,4.969,,,Provisional/Provisoire,,
05EA001,2026-07-24T12:00:00Z,46,4.965,,,Provisional/Provisoire,,
05EA001,2026-07-24T12:05:00Z,46,4.971,,,Provisional/Provisoire,,
05EA001,2026-07-24T12:10:00Z,46,4.966,,,Provisional/Provisoire,,
05EA001,2026-07-24T12:15:00Z,46,4.966,,,Provisional/Provisoire,,
05EA001,2026-07-24T12:20:00Z,46,4.969,,,Provisional/Provisoire,,
05EA001,2026-07-24T12:25:00Z,46,4.966,,,Provisional/Provisoire,,
05EA001,2026-07-24T12:30:00Z,46,4.963,,,Provisional/Provisoire,,
05EA001,2026-07-24T12:35:00Z,46,4.964,,,Provisional/Provisoire,,
05EA001,2026-07-24T12:40:00Z,46,4.964,,,Provisional/Provisoire,,
05EA001,2026-07-24T12:45:00Z,46,4.966,,,Provisional/Provisoire,,
05EA001,2026-07-24T12:50:00Z,46,4.963,,,Provisional/Provisoire,,
05EA001,2026-07-24T12:55:00Z,46,4.958,,,Provisional/Provisoire,,
05EA001,2026-07-24T13:00:00Z,46,4.964,,,Provisional/Provisoire,,
05EA001,2026-07-24T13:05:00Z,46,4.965,,,Provisional/Provisoire,,
05EA001,2026-07-24T13:10:00Z,46,4.966,,,Provisional/Provisoire,,
05EA001,2026-07-24T13:15:00Z,46,4.966,,,Provisional/Provisoire,,
05EA001,2026-07-24T13:20:00Z,46,4.965,,,Provisional/Provisoire,,
05EA001,2026-07-24T13:25:00Z,46,4.963,,,Provisional/Provisoire,,
05EA001,2026-07-24T13:30:00Z,46,4.965,,,Provisional/Provisoire,,
05EA001,2026-07-24T13:35:00Z,46,4.966,,,Provisional/Provisoire,,
05EA001,2026-07-24T13:40:00Z,46,4.962,,,Provisional/Provisoire,,
05EA001,2026-07-24T13:45:00Z,46,4.963,,,Provisional/Provisoire,,
05EA001,2026-07-24T13:50:00Z,46,4.960,,,Provisional/Provisoire,,
05EA001,2026-07-24T13:55:00Z,46,4.961,,,Provisional/Provisoire,,
05EA001,2026-07-24T14:00:00Z,46,4.962,,,Provisional/Provisoire,,
05EA001,2026-07-24T14:05:00Z,46,4.962,,,Provisional/Provisoire,,
05EA001,2026-07-24T14:10:00Z,46,4.962,,,Provisional/Provisoire,,
05EA001,2026-07-24T14:15:00Z,46,4.961,,,Provisional/Provisoire,,
05EA001,2026-07-24T14:20:00Z,46,4.960,,,Provisional/Provisoire,,
05EA001,2026-07-24T14:25:00Z,46,4.964,,,Provisional/Provisoire,,
05EA001,2026-07-24T14:30:00Z,46,4.959,,,Provisional/Provisoire,,
05EA001,2026-07-24T14:35:00Z,46,4.959,,,Provisional/Provisoire,,
05EA001,2026-07-24T14:40:00Z,46,4.961,,,Provisional/Provisoire,,
05EA001,2026-07-24T14:45:00Z,46,4.960,,,Provisional/Provisoire,,
05EA001,2026-07-24T14:50:00Z,46,4.959,,,Provisional/Provisoire,,
05EA001,2026-07-24T14:55:00Z,46,4.961,,,Provisional/Provisoire,,
05EA001,2026-07-24T15:00:00Z,46,4.957,,,Provisional/Provisoire,,
05EA001,2026-07-24T15:05:00Z,46,4.961,,,Provisional/Provisoire,,
05EA001,2026-07-24T15:10:00Z,46,4.960,,,Provisional/Provisoire,,
05EA001,2026-07-24T15:15:00Z,46,4.962,,,Provisional/Provisoire,,
05EA001,2026-07-24T15:20:00Z,46,4.961,,,Provisional/Provisoire,,
05EA001,2026-07-24T15:25:00Z,46,4.963,,,Provisional/Provisoire,,
05EA001,2026-07-24T15:30:00Z,46,4.961,,,Provisional/Provisoire,,
05EA001,2026-07-24T15:35:00Z,46,4.961,,,Provisional/Provisoire,,
05EA001,2026-07-24T15:40:00Z,46,4.962,,,Provisional/Provisoire,,
05EA001,2026-07-24T15:45:00Z,46,4.962,,,Provisional/Provisoire,,
05EA001,2026-07-24T15:50:00Z,46,4.961,,,Provisional/Provisoire,,
05EA001,2026-07-24T15:55:00Z,46,4.962,,,Provisional/Provisoire,,
05EA001,2026-07-24T16:00:00Z,46,4.961,,,Provisional/Provisoire,,
05EA001,2026-07-24T16:05:00Z,46,4.960,,,Provisional/Provisoire,,
05EA001,2026-07-24T16:10:00Z,46,4.957,,,Provisional/Provisoire,,
05EA001,2026-07-24T16:15:00Z,46,4.961,,,Provisional/Provisoire,,
05EA001,2026-07-24T16:20:00Z,46,4.956,,,Provisional/Provisoire,,
05EA001,2026-07-24T16:25:00Z,46,4.959,,,Provisional/Provisoire,,
05EA001,2026-07-24T16:30:00Z,46,4.960,,,Provisional/Provisoire,,
05EA001,2026-07-24T16:35:00Z,46,4.959,,,Provisional/Provisoire,,
05EA001,2026-07-24T16:40:00Z,46,4.958,,,Provisional/Provisoire,,
05EA001,2026-07-24T16:45:00Z,46,4.960,,,Provisional/Provisoire,,
05EA001,2026-07-24T16:50:00Z,46,4.957,,,Provisional/Provisoire,,
05EA001,2026-07-24T16:55:00Z,46,4.952,,,Provisional/Provisoire,,
05EA001,2026-07-24T17:00:00Z,46,4.958,,,Provisional/Provisoire,,
05EA001,2026-07-24T17:05:00Z,46,4.961,,,Provisional/Provisoire,,
05EA001,2026-07-24T17:10:00Z,46,4.958,,,Provisional/Provisoire,,
05EA001,2026-07-24T17:15:00Z,46,4.956,,,Provisional/Provisoire,,
05EA001,2026-07-24T17:20:00Z,46,4.957,,,Provisional/Provisoire,,
05EA001,2026-07-24T17:25:00Z,46,4.959,,,Provisional/Provisoire,,
05EA001,2026-07-24T17:30:00Z,46,4.953,,,Provisional/Provisoire,,
05EA001,2026-07-24T17:35:00Z,46,4.954,,,Provisional/Provisoire,,
05EA001,2026-07-24T17:40:00Z,46,4.956,,,Provisional/Provisoire,,
05EA001,2026-07-24T17:45:00Z,46,4.955,,,Provisional/Provisoire,,
05EA001,2026-07-24T17:50:00Z,46,4.960,,,Provisional/Provisoire,,
05EA001,2026-07-24T17:55:00Z,46,4.952,,,Provisional/Provisoire,,
05EA001,2026-07-24T18:00:00Z,46,4.955,,,Provisional/Provisoire,,
05EA001,2026-07-24T18:05:00Z,46,4.957,,,Provisional/Provisoire,,
05EA001,2026-07-24T18:10:00Z,46,4.958,,,Provisional/Provisoire,,
05EA001,2026-07-24T18:15:00Z,46,4.955,,,Provisional/Provisoire,,
05EA001,2026-07-24T18:20:00Z,46,4.959,,,Provisional/Provisoire,,
05EA001,2026-07-24T18:25:00Z,46,4.953,,,Provisional/Provisoire,,
05EA001,2026-07-24T18:30:00Z,46,4.956,,,Provisional/Provisoire,,
05EA001,2026-07-24T18:35:00Z,46,4.953,,,Provisional/Provisoire,,
05EA001,2026-07-24T18:40:00Z,46,4.956,,,Provisional/Provisoire,,
05EA001,2026-07-24T18:45:00Z,46,4.952,,,Provisional/Provisoire,,
05EA001,2026-07-24T18:50:00Z,46,4.953,,,Provisional/Provisoire,,
05EA001,2026-07-24T18:55:00Z,46,4.954,,,Provisional/Provisoire,,
05EA001,2026-07-24T19:00:00Z,46,4.957,,,Provisional/Provisoire,,
05EA001,2026-07-24T19:05:00Z,46,4.953,,,Provisional/Provisoire,,
05EA001,2026-07-24T19:10:00Z,46,4.953,,,Provisional/Provisoire,,
05EA001,2026-07-24T19:15:00Z,46,4.954,,,Provisional/Provisoire,,
05EA001,2026-07-24T19:20:00Z,46,4.952,,,Provisional/Provisoire,,
05EA001,2026-07-24T19:25:00Z,46,4.948,,,Provisional/Provisoire,,
05EA001,2026-07-24T19:30:00Z,46,4.946,,,Provisional/Provisoire,,
05EA001,2026-07-24T19:35:00Z,46,4.952,,,Provisional/Provisoire,,
05EA001,2026-07-24T19:40:00Z,46,4.953,,,Provisional/Provisoire,,
05EA001,2026-07-24T19:45:00Z,46,4.945,,,Provisional/Provisoire,,
05EA001,2026-07-24T19:50:00Z,46,4.950,,,Provisional/Provisoire,,
05EA001,2026-07-24T19:55:00Z,46,4.955,,,Provisional/Provisoire,,
05EA001,2026-07-24T20:00:00Z,46,4.955,,,Provisional/Provisoire,,
05EA001,2026-07-24T20:05:00Z,46,4.955,,,Provisional/Provisoire,,
05EA001,2026-07-24T20:10:00Z,46,4.950,,,Provisional/Provisoire,,
05EA001,2026-07-24T20:15:00Z,46,4.951,,,Provisional/Provisoire,,
05EA001,2026-07-24T20:20:00Z,46,4.951,,,Provisional/Provisoire,,
05EA001,2026-07-24T20:25:00Z,46,4.951,,,Provisional/Provisoire,,
05EA001,2026-07-24T20:30:00Z,46,4.949,,,Provisional/Provisoire,,
05EA001,2026-07-24T20:35:00Z,46,4.950,,,Provisional/Provisoire,,
05EA001,2026-07-24T20:40:00Z,46,4.939,,,Provisional/Provisoire,,
05EA001,2026-07-24T20:45:00Z,46,4.945,,,Provisional/Provisoire,,
05EA001,2026-07-24T20:50:00Z,46,4.949,,,Provisional/Provisoire,,
05EA001,2026-07-24T20:55:00Z,46,4.949,,,Provisional/Provisoire,,
05EA001,2026-07-24T21:00:00Z,46,4.946,,,Provisional/Provisoire,,
05EA001,2026-07-24T21:05:00Z,46,4.945,,,Provisional/Provisoire,,
05EA001,2026-07-24T21:10:00Z,46,4.945,,,Provisional/Provisoire,,
05EA001,2026-07-24T21:15:00Z,46,4.942,,,Provisional/Provisoire,,
05EA001,2026-07-24T21:20:00Z,46,4.947,,,Provisional/Provisoire,,
05EA001,2026-07-24T21:25:00Z,46,4.945,,,Provisional/Provisoire,,
05EA001,2026-07-24T21:30:00Z,46,4.947,,,Provisional/Provisoire,,
05EA001,2026-07-24T21:35:00Z,46,4.950,,,Provisional/Provisoire,,
05EA001,2026-07-24T21:40:00Z,46,4.947,,,Provisional/Provisoire,,
05EA001,2026-07-24T21:45:00Z,46,4.946,,,Provisional/Provisoire,,
05EA001,2026-07-24T21:50:00Z,46,4.946,,,Provisional/Provisoire,,
05EA001,2026-07-24T21:55:00Z,46,4.947,,,Provisional/Provisoire,,
05EA001,2026-07-24T22:00:00Z,46,4.946,,,Provisional/Provisoire,,
05EA001,2026-07-24T22:05:00Z,46,4.947,,,Provisional/Provisoire,,
05EA001,2026-07-24T22:10:00Z,46,4.947,,,Provisional/Provisoire,,
05EA001,2026-07-24T22:15:00Z,46,4.947,,,Provisional/Provisoire,,
05EA001,2026-07-24T22:20:00Z,46,4.943,,,Provisional/Provisoire,,
05EA001,2026-07-24T22:25:00Z,46,4.945,,,Provisional/Provisoire,,
05EA001,2026-07-24T22:30:00Z,46,4.947,,,Provisional/Provisoire,,
05EA001,2026-07-24T22:35:00Z,46,4.945,,,Provisional/Provisoire,,
05EA001,2026-07-24T22:40:00Z,46,4.943,,,Provisional/Provisoire,,
05EA001,2026-07-24T22:45:00Z,46,4.947,,,Provisional/Provisoire,,
05EA001,2026-07-24T22:50:00Z,46,4.942,,,Provisional/Provisoire,,
05EA001,2026-07-24T22:55:00Z,46,4.942,,,Provisional/Provisoire,,
05EA001,2026-07-24T23:00:00Z,46,4.944,,,Provisional/Provisoire,,
05EA001,2026-07-24T23:05:00Z,46,4.943,,,Provisional/Provisoire,,
05EA001,2026-07-24T23:10:00Z,46,4.943,,,Provisional/Provisoire,,
05EA001,2026-07-24T23:15:00Z,46,4.944,,,Provisional/Provisoire,,
05EA001,2026-07-24T23:20:00Z,46,4.943,,,Provisional/Provisoire,,
05EA001,2026-07-24T23:25:00Z,46,4.943,,,Provisional/Provisoire,,
05EA001,2026-07-24T23:30:00Z,46,4.945,,,Provisional/Provisoire,,
05EA001,2026-07-24T23:35:00Z,46,4.945,,,Provisional/Provisoire,,
05EA001,2026-07-24T23:40:00Z,46,4.939,,,Provisional/Provisoire,,
05EA001,2026-07-24T23:45:00Z,46,4.944,,,Provisional/Provisoire,,
05EA001,2026-07-24T23:50:00Z,46,4.942,,,Provisional/Provisoire,,
05EA001,2026-07-24T23:55:00Z,46,4.942,,,Provisional/Provisoire,,
05EA001,2026-07-25T00:00:00Z,46,4.940,,,Provisional/Provisoire,,
05EA001,2026-07-25T00:05:00Z,46,4.942,,,Provisional/Provisoire,,
05EA001,2026-07-25T00:10:00Z,46,4.942,,,Provisional/Provisoire,,
05EA001,2026-07-25T00:15:00Z,46,4.940,,,Provisional/Provisoire,,
05EA001,2026-07-25T00:20:00Z,46,4.941,,,Provisional/Provisoire,,
05EA001,2026-07-25T00:25:00Z,46,4.942,,,Provisional/Provisoire,,
05EA001,2026-07-25T00:30:00Z,46,4.940,,,Provisional/Provisoire,,
05EA001,2026-07-25T00:35:00Z,46,4.941,,,Provisional/Provisoire,,
05EA001,2026-07-25T00:40:00Z,46,4.935,,,Provisional/Provisoire,,
05EA001,2026-07-25T00:45:00Z,46,4.936,,,Provisional/Provisoire,,
05EA001,2026-07-25T00:50:00Z,46,4.941,,,Provisional/Provisoire,,
05EA001,2026-07-25T00:55:00Z,46,4.939,,,Provisional/Provisoire,,
05EA001,2026-07-25T01:00:00Z,46,4.938,,,Provisional/Provisoire,,
05EA001,2026-07-25T01:05:00Z,46,4.939,,,Provisional/Provisoire,,
05EA001,2026-07-25T01:10:00Z,46,4.936,,,Provisional/Provisoire,,
05EA001,2026-07-25T01:15:00Z,46,4.940,,,Provisional/Provisoire,,
05EA001,2026-07-25T01:20:00Z,46,4.940,,,Provisional/Provisoire,,
05EA001,2026-07-25T01:25:00Z,46,4.937,,,Provisional/Provisoire,,
05EA001,2026-07-25T01:30:00Z,46,4.935,,,Provisional/Provisoire,,
05EA001,2026-07-25T01:35:00Z,46,4.935,,,Provisional/Provisoire,,
05EA001,2026-07-25T01:40:00Z,46,4.938,,,Provisional/Provisoire,,
05EA001,2026-07-25T01:45:00Z,46,4.937,,,Provisional/Provisoire,,
05EA001,2026-07-25T01:50:00Z,46,4.937,,,Provisional/Provisoire,,
05EA001,2026-07-25T01:55:00Z,46,4.937,,,Provisional/Provisoire,,
05EA001,2026-07-25T02:00:00Z,46,4.936,,,Provisional/Provisoire,,
05EA001,2026-07-25T02:05:00Z,46,4.937,,,Provisional/Provisoire,,
05EA001,2026-07-25T02:10:00Z,46,4.930,,,Provisional/Provisoire,,
05EA001,2026-07-25T02:15:00Z,46,4.939,,,Provisional/Provisoire,,
05EA001,2026-07-25T02:20:00Z,46,4.938,,,Provisional/Provisoire,,
05EA001,2026-07-25T02:25:00Z,46,4.931,,,Provisional/Provisoire,,
05EA001,2026-07-25T02:30:00Z,46,4.936,,,Provisional/Provisoire,,
05EA001,2026-07-25T02:35:00Z,46,4.936,,,Provisional/Provisoire,,
05EA001,2026-07-25T02:40:00Z,46,4.929,,,Provisional/Provisoire,,
05EA001,2026-07-25T02:45:00Z,46,4.933,,,Provisional/Provisoire,,
05EA001,2026-07-25T02:50:00Z,46,4.935,,,Provisional/Provisoire,,
05EA001,2026-07-25T02:55:00Z,46,4.935,,,Provisional/Provisoire,,
05EA001,2026-07-25T03:00:00Z,46,4.931,,,Provisional/Provisoire,,
05EA001,2026-07-25T03:05:00Z,46,4.936,,,Provisional/Provisoire,,
05EA001,2026-07-25T03:10:00Z,46,4.934,,,Provisional/Provisoire,,
05EA001,2026-07-25T03:15:00Z,46,4.937,,,Provisional/Provisoire,,
05EA001,2026-07-25T03:20:00Z,46,4.932,,,Provisional/Provisoire,,
05EA001,2026-07-25T03:25:00Z,46,4.932,,,Provisional/Provisoire,,
05EA001,2026-07-25T03:30:00Z,46,4.930,,,Provisional/Provisoire,,
05EA001,2026-07-25T03:35:00Z,46,4.935,,,Provisional/Provisoire,,
05EA001,2026-07-25T03:40:00Z,46,4.935,,,Provisional/Provisoire,,
05EA001,2026-07-25T03:45:00Z,46,4.933,,,Provisional/Provisoire,,
05EA001,2026-07-25T03:50:00Z,46,4.931,,,Provisional/Provisoire,,
05EA001,2026-07-25T03:55:00Z,46,4.930,,,Provisional/Provisoire,,
05EA001,2026-07-25T04:00:00Z,46,4.930,,,Provisional/Provisoire,,
05EA001,2026-07-25T04:05:00Z,46,4.928,,,Provisional/Provisoire,,
05EA001,2026-07-25T04:10:00Z,46,4.931,,,Provisional/Provisoire,,
05EA001,2026-07-25T04:15:00Z,46,4.933,,,Provisional/Provisoire,,
05EA001,2026-07-25T04:20:00Z,46,4.929,,,Provisional/Provisoire,,
05EA001,2026-07-25T04:25:00Z,46,4.930,,,Provisional/Provisoire,,
05EA001,2026-07-25T04:30:00Z,46,4.930,,,Provisional/Provisoire,,
05EA001,2026-07-25T04:35:00Z,46,4.931,,,Provisional/Provisoire,,
05EA001,2026-07-25T04:40:00Z,46,4.931,,,Provisional/Provisoire,,
05EA001,2026-07-25T04:45:00Z,46,4.928,,,Provisional/Provisoire,,
05EA001,2026-07-25T04:50:00Z,46,4.932,,,Provisional/Provisoire,,
05EA001,2026-07-25T04:55:00Z,46,4.930,,,Provisional/Provisoire,,
05EA001,2026-07-25T05:00:00Z,46,4.931,,,Provisional/Provisoire,,
05EA001,2026-07-25T05:05:00Z,46,4.931,,,Provisional/Provisoire,,
05EA001,2026-07-25T05:10:00Z,46,4.928,,,Provisional/Provisoire,,
05EA001,2026-07-25T05:15:00Z,46,4.926,,,Provisional/Provisoire,,
05EA001,2026-07-25T05:20:00Z,46,4.931,,,Provisional/Provisoire,,
05EA001,2026-07-25T05:25:00Z,46,4.926,,,Provisional/Provisoire,,
05EA001,2026-07-25T05:30:00Z,46,4.928,,,Provisional/Provisoire,,
05EA001,2026-07-25T05:35:00Z,46,4.929,,,Provisional/Provisoire,,
05EA001,2026-07-25T05:40:00Z,46,4.930,,,Provisional/Provisoire,,
05EA001,2026-07-25T05:45:00Z,46,4.930,,,Provisional/Provisoire,,
05EA001,2026-07-25T05:50:00Z,46,4.930,,,Provisional/Provisoire,,
05EA001,2026-07-25T05:55:00Z,46,4.932,,,Provisional/Provisoire,,
05EA001,2026-07-25T06:00:00Z,46,4.928,,,Provisional/Provisoire,,
05EA001,2026-07-25T06:05:00Z,46,4.931,,,Provisional/Provisoire,,
05EA001,2026-07-25T06:10:00Z,46,4.929,,,Provisional/Provisoire,,
05EA001,2026-07-25T06:15:00Z,46,4.924,,,Provisional/Provisoire,,
05EA001,2026-07-25T06:20:00Z,46,4.928,,,Provisional/Provisoire,,
05EA001,2026-07-25T06:25:00Z,46,4.928,,,Provisional/Provisoire,,
05EA001,2026-07-25T06:30:00Z,46,4.930,,,Provisional/Provisoire,,
05EA001,2026-07-25T06:35:00Z,46,4.928,,,Provisional/Provisoire,,
05EA001,2026-07-25T06:40:00Z,46,4.927,,,Provisional/Provisoire,,
05EA001,2026-07-25T06:45:00Z,46,4.929,,,Provisional/Provisoire,,
05EA001,2026-07-25T06:50:00Z,46,4.928,,,Provisional/Provisoire,,
05EA001,2026-07-25T06:55:00Z,46,4.927,,,Provisional/Provisoire,,
05EA001,2026-07-25T07:00:00Z,46,4.929,,,Provisional/Provisoire,,
05EA001,2026-07-25T07:05:00Z,46,4.928,,,Provisional/Provisoire,,
05EA001,2026-07-25T07:10:00Z,46,4.926,,,Provisional/Provisoire,,
05EA001,2026-07-25T07:15:00Z,46,4.926,,,Provisional/Provisoire,,
05EA001,2026-07-25T07:20:00Z,46,4.924,,,Provisional/Provisoire,,
05EA001,2026-07-25T07:25:00Z,46,4.927,,,Provisional/Provisoire,,
05EA001,2026-07-25T07:30:00Z,46,4.921,,,Provisional/Provisoire,,
05EA001,2026-07-25T07:35:00Z,46,4.928,,,Provisional/Provisoire,,
05EA001,2026-07-25T07:40:00Z,46,4.925,,,Provisional/Provisoire,,
05EA001,2026-07-25T07:45:00Z,46,4.926,,,Provisional/Provisoire,,
05EA001,2026-07-25T07:50:00Z,46,4.925,,,Provisional/Provisoire,,
05EA001,2026-07-25T07:55:00Z,46,4.925,,,Provisional/Provisoire,,
05EA001,2026-07-25T08:00:00Z,46,4.926,,,Provisional/Provisoire,,
05EA001,2026-07-25T08:05:00Z,46,4.927,,,Provisional/Provisoire,,
05EA001,2026-07-25T08:10:00Z,46,4.924,,,Provisional/Provisoire,,
05EA001,2026-07-25T08:15:00Z,46,4.925,,,Provisional/Provisoire,,
05EA001,2026-07-25T08:20:00Z,46,4.924,,,Provisional/Provisoire,,
05EA001,2026-07-25T08:25:00Z,46,4.925,,,Provisional/Provisoire,,
05EA001,2026-07-25T08:30:00Z,46,4.926,,,Provisional/Provisoire,,
05EA001,2026-07-25T08:35:00Z,46,4.926,,,Provisional/Provisoire,,
05EA001,2026-07-25T08:40:00Z,46,4.924,,,Provisional/Provisoire,,
05EA001,2026-07-25T08:45:00Z,46,4.923,,,Provisional/Provisoire,,
05EA001,2026-07-25T08:50:00Z,46,4.926,,,Provisional/Provisoire,,
05EA001,2026-07-25T08:55:00Z,46,4.924,,,Provisional/Provisoire,,
05EA001,2026-07-25T09:00:00Z,46,4.927,,,Provisional/Provisoire,,
05EA001,2026-07-25T09:05:00Z,46,4.923,,,Provisional/Provisoire,,
05EA001,2026-07-25T09:10:00Z,46,4.923,,,Provisional/Provisoire,,
05EA001,2026-07-25T09:15:00Z,46,4.919,,,Provisional/Provisoire,,
05EA001,2026-07-25T09:20:00Z,46,4.920,,,Provisional/Provisoire,,
05EA001,2026-07-25T09:25:00Z,46,4.917,,,Provisional/Provisoire,,
05EA001,2026-07-25T09:30:00Z,46,4.923,,,Provisional/Provisoire,,
05EA001,2026-07-25T09:35:00Z,46,4.923,,,Provisional/Provisoire,,
05EA001,2026-07-25T09:40:00Z,46,4.922,,,Provisional/Provisoire,,
05EA001,2026-07-25T09:45:00Z,46,4.916,,,Provisional/Provisoire,,
05EA001,2026-07-25T09:50:00Z,46,4.923,,,Provisional/Provisoire,,
05EA001,2026-07-25T09:55:00Z,46,4.921,,,Provisional/Provisoire,,
05EA001,2026-07-25T10:00:00Z,46,4.919,,,Provisional/Provisoire,,
05EA001,2026-07-25T10:05:00Z,46,4.919,,,Provisional/Provisoire,,
05EA001,2026-07-25T10:10:00Z,46,4.919,,,Provisional/Provisoire,,
05EA001,2026-07-25T10:15:00Z,46,4.922,,,Provisional/Provisoire,,
05EA001,2026-07-25T10:20:00Z,46,4.919,,,Provisional/Provisoire,,
05EA001,2026-07-25T10:25:00Z,46,4.918,,,Provisional/Provisoire,,
05EA001,2026-07-25T10:30:00Z,46,4.918,,,Provisional/Provisoire,,
05EA001,2026-07-25T10:35:00Z,46,4.915,,,Provisional/Provisoire,,
05EA001,2026-07-25T10:40:00Z,46,4.920,,,Provisional/Provisoire,,
05EA001,2026-07-25T10:45:00Z,46,4.917,,,Provisional/Provisoire,,
05EA001,2026-07-25T10:50:00Z,46,4.918,,,Provisional/Provisoire,,
05EA001,2026-07-25T10:55:00Z,46,4.920,,,Provisional/Provisoire,,
05EA001,2026-07-25T11:00:00Z,46,4.919,,,Provisional/Provisoire,,
05EA001,2026-07-25T11:05:00Z,46,4.917,,,Provisional/Provisoire,,
05EA001,2026-07-25T11:10:00Z,46,4.917,,,Provisional/Provisoire,,
05EA001,2026-07-25T11:15:00Z,46,4.921,,,Provisional/Provisoire,,
05EA001,2026-07-25T11:20:00Z,46,4.919,,,Provisional/Provisoire,,
05EA001,2026-07-25T11:25:00Z,46,4.917,,,Provisional/Provisoire,,
05EA001,2026-07-25T11:30:00Z,46,4.918,,,Provisional/Provisoire,,
05EA001,2026-07-25T11:35:00Z,46,4.919,,,Provisional/Provisoire,,
05EA001,2026-07-25T11:40:00Z,46,4.921,,,Provisional/Provisoire,,
05EA001,2026-07-25T11:45:00Z,46,4.918,,,Provisional/Provisoire,,
05EA001,2026-07-25T11:50:00Z,46,4.915,,,Provisional/Provisoire,,
05EA001,2026-07-25T11:55:00Z,46,4.918,,,Provisional/Provisoire,,
05EA001,2026-07-25T12:00:00Z,46,4.914,,,Provisional/Provisoire,,
05EA001,2026-07-25T12:05:00Z,46,4.916,,,Provisional/Provisoire,,
05EA001,2026-07-25T12:10:00Z,46,4.915,,,Provisional/Provisoire,,
05EA001,2026-07-25T12:15:00Z,46,4.917,,,Provisional/Provisoire,,
05EA001,2026-07-25T12:20:00Z,46,4.915,,,Provisional/Provisoire,,
05EA001,2026-07-25T12:25:00Z,46,4.918,,,Provisional/Provisoire,,
05EA001,2026-07-25T12:30:00Z,46,4.916,,,Provisional/Provisoire,,
05EA001,2026-07-25T12:35:00Z,46,4.915,,,Provisional/Provisoire,,
05EA001,2026-07-25T12:40:00Z,46,4.915,,,Provisional/Provisoire,,
05EA001,2026-07-25T12:45:00Z,46,4.914,,,Provisional/Provisoire,,
05EA001,2026-07-25T12:50:00Z,46,4.914,,,Provisional/Provisoire,,
05EA001,2026-07-25T12:55:00Z,46,4.910,,,Provisional/Provisoire,,
05EA001,2026-07-25T13:00:00Z,46,4.911,,,Provisional/Provisoire,,
05EA001,2026-07-25T13:05:00Z,46,4.912,,,Provisional/Provisoire,,
05EA001,2026-07-25T13:10:00Z,46,4.914,,,Provisional/Provisoire,,
05EA001,2026-07-25T13:15:00Z,46,4.913,,,Provisional/Provisoire,,
05EA001,2026-07-25T13:20:00Z,46,4.915,,,Provisional/Provisoire,,
05EA001,2026-07-25T13:25:00Z,46,4.911,,,Provisional/Provisoire,,
05EA001,2026-07-25T13:30:00Z,46,4.912,,,Provisional/Provisoire,,
05EA001,2026-07-25T13:35:00Z,46,4.910,,,Provisional/Provisoire,,
05EA001,2026-07-25T13:40:00Z,46,4.910,,,Provisional/Provisoire,,
05EA001,2026-07-25T13:45:00Z,46,4.913,,,Provisional/Provisoire,,
05EA001,2026-07-25T13:50:00Z,46,4.910,,,Provisional/Provisoire,,
05EA001,2026-07-25T13:55:00Z,46,4.912,,,Provisional/Provisoire,,
05EA001,2026-07-25T14:00:00Z,46,4.910,,,Provisional/Provisoire,,
05EA001,2026-07-25T14:05:00Z,46,4.914,,,Provisional/Provisoire,,
05EA001,2026-07-25T14:10:00Z,46,4.911,,,Provisional/Provisoire,,
05EA001,2026-07-25T14:15:00Z,46,4.912,,,Provisional/Provisoire,,
05EA001,2026-07-25T14:20:00Z,46,4.910,,,Provisional/Provisoire,,
05EA001,2026-07-25T14:25:00Z,46,4.912,,,Provisional/Provisoire,,
05EA001,2026-07-25T14:30:00Z,46,4.908,,,Provisional/Provisoire,,
05EA001,2026-07-25T14:35:00Z,46,4.909,,,Provisional/Provisoire,,
05EA001,2026-07-25T14:40:00Z,46,4.912,,,Provisional/Provisoire,,
05EA001,2026-07-25T14:45:00Z,46,4.908,,,Provisional/Provisoire,,
05EA001,2026-07-25T14:50:00Z,46,4.911,,,Provisional/Provisoire,,
05EA001,2026-07-25T14:55:00Z,46,4.911,,,Provisional/Provisoire,,
05EA001,2026-07-25T15:00:00Z,46,4.909,,,Provisional/Provisoire,,
05EA001,2026-07-25T15:05:00Z,46,4.908,,,Provisional/Provisoire,,
05EA001,2026-07-25T15:10:00Z,46,4.911,,,Provisional/Provisoire,,
05EA001,2026-07-25T15:15:00Z,46,4.908,,,Provisional/Provisoire,,
05EA001,2026-07-25T15:20:00Z,46,4.909,,,Provisional/Provisoire,,
05EA001,2026-07-25T15:25:00Z,46,4.908,,,Provisional/Provisoire,,
05EA001,2026-07-25T15:30:00Z,46,4.910,,,Provisional/Provisoire,,
05EA001,2026-07-25T15:35:00Z,46,4.909,,,Provisional/Provisoire,,
05EA001,2026-07-25T15:40:00Z,46,4.909,,,Provisional/Provisoire,,
05EA001,2026-07-25T15:45:00Z,46,4.911,,,Provisional/Provisoire,,
05EA001,2026-07-25T15:50:00Z,46,4.909,,,Provisional/Provisoire,,
05EA001,2026-07-25T15:55:00Z,46,4.911,,,Provisional/Provisoire,,
05EA001,2026-07-25T16:00:00Z,46,4.908,,,Provisional/Provisoire,,
05EA001,2026-07-25T16:05:00Z,46,4.907,,,Provisional/Provisoire,,
05EA001,2026-07-25T16:10:00Z,46,4.911,,,Provisional/Provisoire,,
05EA001,2026-07-25T16:15:00Z,46,4.911,,,Provisional/Provisoire,,
05EA001,2026-07-25T16:20:00Z,46,4.912,,,Provisional/Provisoire,,
05EA001,2026-07-25T16:25:00Z,46,4.913,,,Provisional/Provisoire,,
05EA001,2026-07-25T16:30:00Z,46,4.904,,,Provisional/Provisoire,,
05EA001,2026-07-25T16:35:00Z,46,4.908,,,Provisional/Provisoire,,
05EA001,2026-07-25T16:40:00Z,46,4.909,,,Provisional/Provisoire,,
05EA001,2026-07-25T16:45:00Z,46,4.911,,,Provisional/Provisoire,,
05EA001,2026-07-25T16:50:00Z,46,4.910,,,Provisional/Provisoire,,
05EA001,2026-07-25T16:55:00Z,46,4.908,,,Provisional/Provisoire,,
05EA001,2026-07-25T17:00:00Z,46,4.907,,,Provisional/Provisoire,,
05EA001,2026-07-25T17:05:00Z,46,4.907,,,Provisional/Provisoire,,
05EA001,2026-07-25T17:10:00Z,46,4.908,,,Provisional/Provisoire,,
05EA001,2026-07-25T17:15:00Z,46,4.908,,,Provisional/Provisoire,,
05EA001,2026-07-25T17:20:00Z,46,4.907,,,Provisional/Provisoire,,
05EA001,2026-07-25T17:25:00Z,46,4.908,,,Provisional/Provisoire,,
05EA001,2026-07-25T17:30:00Z,46,4.910,,,Provisional/Provisoire,,
05EA001,2026-07-25T17:35:00Z,46,4.902,,,Provisional/Provisoire,,
05EA001,2026-07-25T17:40:00Z,46,4.908,,,Provisional/Provisoire,,
05EA001,2026-07-25T17:45:00Z,46,4.904,,,Provisional/Provisoire,,
05EA001,2026-07-25T17:50:00Z,46,4.907,,,Provisional/Provisoire,,
05EA001,2026-07-25T17:55:00Z,46,4.905,,,Provisional/Provisoire,,
05EA001,2026-07-25T18:00:00Z,46,4.907,,,Provisional/Provisoire,,
05EA001,2026-07-25T18:05:00Z,46,4.905,,,Provisional/Provisoire,,
05EA001,2026-07-25T18:10:00Z,46,4.906,,,Provisional/Provisoire,,
05EA001,2026-07-25T18:15:00Z,46,4.906,,,Provisional/Provisoire,,
05EA001,2026-07-25T18:20:00Z,46,4.905,,,Provisional/Provisoire,,
05EA001,2026-07-25T18:25:00Z,46,4.905,,,Provisional/Provisoire,,
05EA001,2026-07-25T18:30:00Z,46,4.906,,,Provisional/Provisoire,,
05EA001,2026-07-25T18:35:00Z,46,4.905,,,Provisional/Provisoire,,
05EA001,2026-07-25T18:40:00Z,46,4.904,,,Provisional/Provisoire,,
05EA001,2026-07-25T18:45:00Z,46,4.904,,,Provisional/Provisoire,,
05EA001,2026-07-25T18:50:00Z,46,4.907,,,Provisional/Provisoire,,
05EA001,2026-07-25T18:55:00Z,46,4.907,,,Provisional/Provisoire,,
05EA001,2026-07-25T19:00:00Z,46,4.903,,,Provisional/Provisoire,,
05EA001,2026-07-25T19:05:00Z,46,4.908,,,Provisional/Provisoire,,
05EA001,2026-07-25T19:10:00Z,46,4.903,,,Provisional/Provisoire,,
05EA001,2026-07-25T19:15:00Z,46,4.903,,,Provisional/Provisoire,,
05EA001,2026-07-25T19:20:00Z,46,4.902,,,Provisional/Provisoire,,
05EA001,2026-07-25T19:25:00Z,46,4.903,,,Provisional/Provisoire,,
05EA001,2026-07-25T19:30:00Z,46,4.901,,,Provisional/Provisoire,,
05EA001,2026-07-25T19:35:00Z,46,4.906,,,Provisional/Provisoire,,
05EA001,2026-07-25T19:40:00Z,46,4.904,,,Provisional/Provisoire,,
05EA001,2026-07-25T19:45:00Z,46,4.899,,,Provisional/Provisoire,,
05EA001,2026-07-25T19:50:00Z,46,4.900,,,Provisional/Provisoire,,
05EA001,2026-07-25T19:55:00Z,46,4.897,,,Provisional/Provisoire,,
05EA001,2026-07-25T20:00:00Z,46,4.901,,,Provisional/Provisoire,,
05EA001,2026-07-25T20:05:00Z,46,4.903,,,Provisional/Provisoire,,
05EA001,2026-07-25T20:10:00Z,46,4.900,,,Provisional/Provisoire,,
05EA001,2026-07-25T20:15:00Z,46,4.902,,,Provisional/Provisoire,,
05EA001,2026-07-25T20:20:00Z,46,4.905,,,Provisional/Provisoire,,
05EA001,2026-07-25T20:25:00Z,46,4.904,,,Provisional/Provisoire,,
05EA001,2026-07-25T20:30:00Z,46,4.902,,,Provisional/Provisoire,,
05EA001,2026-07-25T20:35:00Z,46,4.902,,,Provisional/Provisoire,,
05EA001,2026-07-25T20:40:00Z,46,4.902,,,Provisional/Provisoire,,
05EA001,2026-07-25T20:45:00Z,46,4.903,,,Provisional/Provisoire,,
05EA001,2026-07-25T20:50:00Z,46,4.900,,,Provisional/Provisoire,,
05EA001,2026-07-25T20:55:00Z,46,4.900,,,Provisional/Provisoire,,
05EA001,2026-07-25T21:00:00Z,46,4.899,,,Provisional/Provisoire,,
05EA001,2026-07-25T21:05:00Z,46,4.901,,,Provisional/Provisoire,,
05EA001,2026-07-25T21:10:00Z,46,4.898,,,Provisional/Provisoire,,
05EA001,2026-07-25T21:15:00Z,46,4.899,,,Provisional/Provisoire,,
05EA001,2026-07-25T21:20:00Z,46,4.897,,,Provisional/Provisoire,,
05EA001,2026-07-25T21:25:00Z,46,4.897,,,Provisional/Provisoire,,
05EA001,2026-07-25T21:30:00Z,46,4.897,,,Provisional/Provisoire,,
05EA001,2026-07-25T21:35:00Z,46,4.898,,,Provisional/Provisoire,,
05EA001,2026-07-25T21:40:00Z,46,4.898,,,Provisional/Provisoire,,
05EA001,2026-07-25T21:45:00Z,46,4.894,,,Provisional/Provisoire,,
05EA001,2026-07-25T21:50:00Z,46,4.898,,,Provisional/Provisoire,,
05EA001,2026-07-25T21:55:00Z,46,4.899,,,Provisional/Provisoire,,
05EA001,2026-07-25T22:00:00Z,46,4.899,,,Provisional/Provisoire,,
05EA001,2026-07-25T22:05:00Z,46,4.899,,,Provisional/Provisoire,,
05EA001,2026-07-25T22:10:00Z,46,4.897,,,Provisional/Provisoire,,
05EA001,2026-07-25T22:15:00Z,46,4.895,,,Provisional/Provisoire,,
05EA001,2026-07-25T22:20:00Z,46,4.897,,,Provisional/Provisoire,,
05EA001,2026-07-25T22:25:00Z,46,4.895,,,Provisional/Provisoire,,
05EA001,2026-07-25T22:30:00Z,46,4.894,,,Provisional/Provisoire,,
05EA001,2026-07-25T22:35:00Z,46,4.898,,,Provisional/Provisoire,,
05EA001,2026-07-25T22:40:00Z,46,4.894,,,Provisional/Provisoire,,
05EA001,2026-07-25T22:45:00Z,46,4.895,,,Provisional/Provisoire,,
05EA001,2026-07-25T22:50:00Z,46,4.895,,,Provisional/Provisoire,,
05EA001,2026-07-25T22:55:00Z,46,4.895,,,Provisional/Provisoire,,
05EA001,2026-07-25T23:00:00Z,46,4.896,,,Provisional/Provisoire,,
05EA001,2026-07-25T23:05:00Z,46,4.892,,,Provisional/Provisoire,,
05EA001,2026-07-25T23:10:00Z,46,4.894,,,Provisional/Provisoire,,
05EA001,2026-07-25T23:15:00Z,46,4.896,,,Provisional/Provisoire,,
05EA001,2026-07-25T23:20:00Z,46,4.893,,,Provisional/Provisoire,,
05EA001,2026-07-25T23:25:00Z,46,4.894,,,Provisional/Provisoire,,
05EA001,2026-07-25T23:30:00Z,46,4.894,,,Provisional/Provisoire,,
05EA001,2026-07-25T23:35:00Z,46,4.893,,,Provisional/Provisoire,,
05EA001,2026-07-25T23:40:00Z,46,4.893,,,Provisional/Provisoire,,
05EA001,2026-07-25T23:45:00Z,46,4.894,,,Provisional/Provisoire,,
05EA001,2026-07-25T23:50:00Z,46,4.893,,,Provisional/Provisoire,,
05EA001,2026-07-25T23:55:00Z,46,4.893,,,Provisional/Provisoire,,
05EA001,2026-07-26T00:00:00Z,46,4.893,,,Provisional/Provisoire,,
05EA001,2026-07-26T00:05:00Z,46,4.890,,,Provisional/Provisoire,,
05EA001,2026-07-26T00:10:00Z,46,4.891,,,Provisional/Provisoire,,
05EA001,2026-07-26T00:15:00Z,46,4.895,,,Provisional/Provisoire,,
05EA001,2026-07-26T00:20:00Z,46,4.892,,,Provisional/Provisoire,,
05EA001,2026-07-26T00:25:00Z,46,4.890,,,Provisional/Provisoire,,
05EA001,2026-07-26T00:30:00Z,46,4.890,,,Provisional/Provisoire,,
05EA001,2026-07-26T00:35:00Z,46,4.891,,,Provisional/Provisoire,,
05EA001,2026-07-26T00:40:00Z,46,4.878,,,Provisional/Provisoire,,
05EA001,2026-07-26T00:45:00Z,46,4.892,,,Provisional/Provisoire,,
05EA001,2026-07-26T00:50:00Z,46,4.890,,,Provisional/Provisoire,,
05EA001,2026-07-26T00:55:00Z,46,4.891,,,Provisional/Provisoire,,
05EA001,2026-07-26T01:00:00Z,46,4.886,,,Provisional/Provisoire,,
05EA001,2026-07-26T01:05:00Z,46,4.888,,,Provisional/Provisoire,,
05EA001,2026-07-26T01:10:00Z,46,4.890,,,Provisional/Provisoire,,
05EA001,2026-07-26T01:15:00Z,46,4.890,,,Provisional/Provisoire,,
05EA001,2026-07-26T01:20:00Z,46,4.888,,,Provisional/Provisoire,,
05EA001,2026-07-26T01:25:00Z,46,4.884,,,Provisional/Provisoire,,
05EA001,2026-07-26T01:30:00Z,46,4.886,,,Provisional/Provisoire,,
05EA001,2026-07-26T01:35:00Z,46,4.888,,,Provisional/Provisoire,,
05EA001,2026-07-26T01:40:00Z,46,4.886,,,Provisional/Provisoire,,
05EA001,2026-07-26T01:45:00Z,46,4.884,,,Provisional/Provisoire,,
05EA001,2026-07-26T01:50:00Z,46,4.884,,,Provisional/Provisoire,,
05EA001,2026-07-26T01:55:00Z,46,4.886,,,Provisional/Provisoire,,
05EA001,2026-07-26T02:00:00Z,46,4.885,,,Provisional/Provisoire,,
05EA001,2026-07-26T02:05:00Z,46,4.885,,,Provisional/Provisoire,,
05EA001,2026-07-26T02:10:00Z,46,4.881,,,Provisional/Provisoire,,
05EA001,2026-07-26T02:15:00Z,46,4.885,,,Provisional/Provisoire,,
05EA001,2026-07-26T02:20:00Z,46,4.881,,,Provisional/Provisoire,,
05EA001,2026-07-26T02:25:00Z,46,4.885,,,Provisional/Provisoire,,
05EA001,2026-07-26T02:30:00Z,46,4.888,,,Provisional/Provisoire,,
05EA001,2026-07-26T02:35:00Z,46,4.883,,,Provisional/Provisoire,,
05EA001,2026-07-26T02:40:00Z,46,4.884,,,Provisional/Provisoire,,
05EA001,2026-07-26T02:45:00Z,46,4.884,,,Provisional/Provisoire,,
05EA001,2026-07-26T02:50:00Z,46,4.881,,,Provisional/Provisoire,,
05EA001,2026-07-26T02:55:00Z,46,4.881,,,Provisional/Provisoire,,
05EA001,2026-07-26T03:00:00Z,46,4.884,,,Provisional/Provisoire,,
05EA001,2026-07-26T03:05:00Z,46,4.883,,,Provisional/Provisoire,,
05EA001,2026-07-26T03:10:00Z,46,4.884,,,Provisional/Provisoire,,
05EA001,2026-07-26T03:15:00Z,46,4.883,,,Provisional/Provisoire,,
05EA001,2026-07-26T03:20:00Z,46,4.883,,,Provisional/Provisoire,,
05EA001,2026-07-26T03:25:00Z,46,4.881,,,Provisional/Provisoire,,
05EA001,2026-07-26T03:30:00Z,46,4.881,,,Provisional/Provisoire,,
05EA001,2026-07-26T03:35:00Z,46,4.882,,,Provisional/Provisoire,,
05EA001,2026-07-26T03:40:00Z,46,4.879,,,Provisional/Provisoire,,
05EA001,2026-07-26T03:45:00Z,46,4.880,,,Provisional/Provisoire,,
05EA001,2026-07-26T03:50:00Z,46,4.881,,,Provisional/Provisoire,,
05EA001,2026-07-26T03:55:00Z,46,4.879,,,Provisional/Provisoire,,
05EA001,2026-07-26T04:00:00Z,46,4.875,,,Provisional/Provisoire,,
05EA001,2026-07-26T04:05:00Z,46,4.884,,,Provisional/Provisoire,,
05EA001,2026-07-26T04:10:00Z,46,4.894,,,Provisional/Provisoire,,
05EA001,2026-07-26T04:15:00Z,46,4.899,,,Provisional/Provisoire,,
05EA001,2026-07-26T04:20:00Z,46,4.904,,,Provisional/Provisoire,,
05EA001,2026-07-26T04:25:00Z,46,4.917,,,Provisional/Provisoire,,
05EA001,2026-07-26T04:30:00Z,46,4.920,,,Provisional/Provisoire,,
05EA001,2026-07-26T04:35:00Z,46,4.923,,,Provisional/Provisoire,,
05EA001,2026-07-26T04:40:00Z,46,4.930,,,Provisional/Provisoire,,
05EA001,2026-07-26T04:45:00Z,46,4.939,,,Provisional/Provisoire,,
05EA001,2026-07-26T04:50:00Z,46,4.942,,,Provisional/Provisoire,,
05EA001,2026-07-26T04:55:00Z,46,4.958,,,Provisional/Provisoire,,
05EA001,2026-07-26T05:00:00Z,46,4.971,,,Provisional/Provisoire,,
05EA001,2026-07-26T05:05:00Z,46,4.984,,,Provisional/Provisoire,,
05EA001,2026-07-26T05:10:00Z,46,4.999,,,Provisional/Provisoire,,
05EA001,2026-07-26T05:15:00Z,46,5.010,,,Provisional/Provisoire,,
05EA001,2026-07-26T05:20:00Z,46,5.023,,,Provisional/Provisoire,,
05EA001,2026-07-26T05:25:00Z,46,5.030,,,Provisional/Provisoire,,
05EA001,2026-07-26T05:30:00Z,46,5.037,,,Provisional/Provisoire,,
05EA001,2026-07-26T05:35:00Z,46,5.053,,,Provisional/Provisoire,,
05EA001,2026-07-26T05:40:00Z,46,5.054,,,Provisional/Provisoire,,
05EA001,2026-07-26T05:45:00Z,46,5.062,,,Provisional/Provisoire,,
05EA001,2026-07-26T05:50:00Z,46,5.063,,,Provisional/Provisoire,,
05EA001,2026-07-26T05:55:00Z,46,5.066,,,Provisional/Provisoire,,
05EA001,2026-07-26T06:00:00Z,46,5.065,,,Provisional/Provisoire,,
05EA001,2026-07-26T06:05:00Z,46,5.070,,,Provisional/Provisoire,,
05EA001,2026-07-26T06:10:00Z,46,5.052,,,Provisional/Provisoire,,
05EA001,2026-07-26T06:15:00Z,46,5.061,,,Provisional/Provisoire,,
05EA001,2026-07-26T06:20:00Z,46,5.053,,,Provisional/Provisoire,,
05EA001,2026-07-26T06:25:00Z,46,5.065,,,Provisional/Provisoire,,
05EA001,2026-07-26T06:30:00Z,46,5.061,,,Provisional/Provisoire,,
05EA001,2026-07-26T06:35:00Z,46,5.059,,,Provisional/Provisoire,,
05EA001,2026-07-26T06:40:00Z,46,5.060,,,Provisional/Provisoire,,
05EA001,2026-07-26T06:45:00Z,46,5.054,,,Provisional/Provisoire,,
05EA001,2026-07-26T06:50:00Z,46,5.048,,,Provisional/Provisoire,,
05EA001,2026-07-26T06:55:00Z,46,5.051,,,Provisional/Provisoire,,
05EA001,2026-07-26T07:00:00Z,46,5.046,,,Provisional/Provisoire,,
05EA001,2026-07-26T07:05:00Z,46,5.041,,,Provisional/Provisoire,,
05EA001,2026-07-26T07:10:00Z,46,5.043,,,Provisional/Provisoire,,
05EA001,2026-07-26T07:15:00Z,46,5.040,,,Provisional/Provisoire,,
05EA001,2026-07-26T07:20:00Z,46,5.039,,,Provisional/Provisoire,,
05EA001,2026-07-26T07:25:00Z,46,5.035,,,Provisional/Provisoire,,
05EA001,2026-07-26T07:30:00Z,46,5.032,,,Provisional/Provisoire,,
05EA001,2026-07-26T07:35:00Z,46,5.033,,,Provisional/Provisoire,,
05EA001,2026-07-26T07:40:00Z,46,5.031,,,Provisional/Provisoire,,
05EA001,2026-07-26T07:45:00Z,46,5.028,,,Provisional/Provisoire,,
05EA001,2026-07-26T07:50:00Z,46,5.023,,,Provisional/Provisoire,,
05EA001,2026-07-26T07:55:00Z,46,5.024,,,Provisional/Provisoire,,
05EA001,2026-07-26T08:00:00Z,46,5.022,,,Provisional/Provisoire,,
05EA001,2026-07-26T08:05:00Z,46,5.025,,,Provisional/Provisoire,,
05EA001,2026-07-26T08:10:00Z,46,5.024,,,Provisional/Provisoire,,
05EA001,2026-07-26T08:15:00Z,46,5.023,,,Provisional/Provisoire,,
05EA001,2026-07-26T08:20:00Z,46,5.015,,,Provisional/Provisoire,,
05EA001,2026-07-26T08:25:00Z,46,5.025,,,Provisional/Provisoire,,
05EA001,2026-07-26T08:30:00Z,46,5.023,,,Provisional/Provisoire,,
05EA001,2026-07-26T08:35:00Z,46,5.022,,,Provisional/Provisoire,,
05EA001,2026-07-26T08:40:00Z,46,5.022,,,Provisional/Provisoire,,
05EA001,2026-07-26T08:45:00Z,46,5.025,,,Provisional/Provisoire,,
05EA001,2026-07-26T08:50:00Z,46,5.023,,,Provisional/Provisoire,,
05EA001,2026-07-26T08:55:00Z,46,5.023,,,Provisional/Provisoire,,
05EA001,2026-07-26T09:00:00Z,46,5.023,,,Provisional/Provisoire,,
05EA001,2026-07-26T09:05:00Z,46,5.025,,,Provisional/Provisoire,,
05EA001,2026-07-26T09:10:00Z,46,5.020,,,Provisional/Provisoire,,
05EA001,2026-07-26T09:15:00Z,46,5.021,,,Provisional/Provisoire,,
05EA001,2026-07-26T09:20:00Z,46,5.023,,,Provisional/Provisoire,,
05EA001,2026-07-26T09:25:00Z,46,5.024,,,Provisional/Provisoire,,
05EA001,2026-07-26T09:30:00Z,46,5.023,,,Provisional/Provisoire,,
05EA001,2026-07-26T09:35:00Z,46,5.027,,,Provisional/Provisoire,,
05EA001,2026-07-26T09:40:00Z,46,5.026,,,Provisional/Provisoire,,
05EA001,2026-07-26T09:45:00Z,46,5.025,,,Provisional/Provisoire,,
05EA001,2026-07-26T09:50:00Z,46,5.027,,,Provisional/Provisoire,,
05EA001,2026-07-26T09:55:00Z,46,5.027,,,Provisional/Provisoire,,
05EA001,2026-07-26T10:00:00Z,46,5.023,,,Provisional/Provisoire,,
05EA001,2026-07-26T10:05:00Z,46,5.026,,,Provisional/Provisoire,,
05EA001,2026-07-26T10:10:00Z,46,5.029,,,Provisional/Provisoire,,
05EA001,2026-07-26T10:15:00Z,46,5.022,,,Provisional/Provisoire,,
05EA001,2026-07-26T10:20:00Z,46,5.028,,,Provisional/Provisoire,,
05EA001,2026-07-26T10:25:00Z,46,5.022,,,Provisional/Provisoire,,
05EA001,2026-07-26T10:30:00Z,46,5.028,,,Provisional/Provisoire,,
05EA001,2026-07-26T10:35:00Z,46,5.030,,,Provisional/Provisoire,,
05EA001,2026-07-26T10:40:00Z,46,5.025,,,Provisional/Provisoire,,
05EA001,2026-07-26T10:45:00Z,46,5.029,,,Provisional/Provisoire,,
05EA001,2026-07-26T10:50:00Z,46,5.027,,,Provisional/Provisoire,,
05EA001,2026-07-26T10:55:00Z,46,5.027,,,Provisional/Provisoire,,
05EA001,2026-07-26T11:00:00Z,46,5.032,,,Provisional/Provisoire,,
05EA001,2026-07-26T11:05:00Z,46,5.033,,,Provisional/Provisoire,,
05EA001,2026-07-26T11:10:00Z,46,5.030,,,Provisional/Provisoire,,
05EA001,2026-07-26T11:15:00Z,46,5.034,,,Provisional/Provisoire,,
05EA001,2026-07-26T11:20:00Z,46,5.031,,,Provisional/Provisoire,,
05EA001,2026-07-26T11:25:00Z,46,5.033,,,Provisional/Provisoire,,
05EA001,2026-07-26T11:30:00Z,46,5.032,,,Provisional/Provisoire,,
05EA001,2026-07-26T11:35:00Z,46,5.033,,,Provisional/Provisoire,,
05EA001,2026-07-26T11:40:00Z,46,5.031,,,Provisional/Provisoire,,
05EA001,2026-07-26T11:45:00Z,46,5.036,,,Provisional/Provisoire,,
05EA001,2026-07-26T11:50:00Z,46,5.034,,,Provisional/Provisoire,,
05EA001,2026-07-26T11:55:00Z,46,5.039,,,Provisional/Provisoire,,
05EA001,2026-07-26T12:00:00Z,46,5.036,,,Provisional/Provisoire,,
05EA001,2026-07-26T12:05:00Z,46,5.038,,,Provisional/Provisoire,,
05EA001,2026-07-26T12:10:00Z,46,5.038,,,Provisional/Provisoire,,
05EA001,2026-07-26T12:15:00Z,46,5.037,,,Provisional/Provisoire,,
05EA001,2026-07-26T12:20:00Z,46,5.043,,,Provisional/Provisoire,,
05EA001,2026-07-26T12:25:00Z,46,5.043,,,Provisional/Provisoire,,
05EA001,2026-07-26T12:30:00Z,46,5.042,,,Provisional/Provisoire,,
05EA001,2026-07-26T12:35:00Z,46,5.041,,,Provisional/Provisoire,,
05EA001,2026-07-26T12:40:00Z,46,5.046,,,Provisional/Provisoire,,
05EA001,2026-07-26T12:45:00Z,46,5.042,,,Provisional/Provisoire,,
05EA001,2026-07-26T12:50:00Z,46,5.042,,,Provisional/Provisoire,,
05EA001,2026-07-26T12:55:00Z,46,5.046,,,Provisional/Provisoire,,
05EA001,2026-07-26T13:00:00Z,46,5.044,,,Provisional/Provisoire,,
05EA001,2026-07-26T13:05:00Z,46,5.048,,,Provisional/Provisoire,,
05EA001,2026-07-26T13:10:00Z,46,5.047,,,Provisional/Provisoire,,
05EA001,2026-07-26T13:15:00Z,46,5.050,,,Provisional/Provisoire,,
05EA001,2026-07-26T13:20:00Z,46,5.049,,,Provisional/Provisoire,,
05EA001,2026-07-26T13:25:00Z,46,5.048,,,Provisional/Provisoire,,
05EA001,2026-07-26T13:30:00Z,46,5.047,,,Provisional/Provisoire,,
05EA001,2026-07-26T13:35:00Z,46,5.052,,,Provisional/Provisoire,,
05EA001,2026-07-26T13:40:00Z,46,5.052,,,Provisional/Provisoire,,
05EA001,2026-07-26T13:45:00Z,46,5.053,,,Provisional/Provisoire,,
05EA001,2026-07-26T13:50:00Z,46,5.053,,,Provisional/Provisoire,,
05EA001,2026-07-26T13:55:00Z,46,5.053,,,Provisional/Provisoire,,
05EA001,2026-07-26T14:00:00Z,46,5.054,,,Provisional/Provisoire,,
05EA001,2026-07-26T14:05:00Z,46,5.055,,,Provisional/Provisoire,,
05EA001,2026-07-26T14:10:00Z,46,5.057,,,Provisional/Provisoire,,
05EA001,2026-07-26T14:15:00Z,46,5.058,,,Provisional/Provisoire,,
05EA001,2026-07-26T14:20:00Z,46,5.055,,,Provisional/Provisoire,,
05EA001,2026-07-26T14:25:00Z,46,5.060,,,Provisional/Provisoire,,
05EA001,2026-07-26T14:30:00Z,46,5.058,,,Provisional/Provisoire,,
05EA001,2026-07-26T14:35:00Z,46,5.057,,,Provisional/Provisoire,,
05EA001,2026-07-26T14:40:00Z,46,5.063,,,Provisional/Provisoire,,
05EA001,2026-07-26T14:45:00Z,46,5.057,,,Provisional/Provisoire,,
05EA001,2026-07-26T14:50:00Z,46,5.062,,,Provisional/Provisoire,,
05EA001,2026-07-26T14:55:00Z,46,5.064,,,Provisional/Provisoire,,
05EA001,2026-07-26T15:00:00Z,46,5.066,,,Provisional/Provisoire,,
05EA001,2026-07-26T15:05:00Z,46,5.067,,,Provisional/Provisoire,,
05EA001,2026-07-26T15:10:00Z,46,5.070,,,Provisional/Provisoire,,
05EA001,2026-07-26T15:15:00Z,46,5.071,,,Provisional/Provisoire,,
05EA001,2026-07-26T15:20:00Z,46,5.067,,,Provisional/Provisoire,,
05EA001,2026-07-26T15:25:00Z,46,5.072,,,Provisional/Provisoire,,
05EA001,2026-07-26T15:30:00Z,46,5.072,,,Provisional/Provisoire,,
05EA001,2026-07-26T15:35:00Z,46,5.072,,,Provisional/Provisoire,,
05EA001,2026-07-26T15:40:00Z,46,5.073,,,Provisional/Provisoire,,
05EA001,2026-07-26T15:45:00Z,46,5.070,,,Provisional/Provisoire,,
05EA001,2026-07-26T15:50:00Z,46,5.074,,,Provisional/Provisoire,,
05EA001,2026-07-26T15:55:00Z,46,5.075,,,Provisional/Provisoire,,
05EA001,2026-07-26T16:00:00Z,46,5.074,,,Provisional/Provisoire,,
05EA001,2026-07-26T16:05:00Z,46,5.078,,,Provisional/Provisoire,,
05EA001,2026-07-26T16:10:00Z,46,5.077,,,Provisional/Provisoire,,
05EA001,2026-07-26T16:15:00Z,46,5.078,,,Provisional/Provisoire,,
05EA001,2026-07-26T16:20:00Z,46,5.079,,,Provisional/Provisoire,,
05EA001,2026-07-26T16:25:00Z,46,5.079,,,Provisional/Provisoire,,
05EA001,2026-07-26T16:30:00Z,46,5.080,,,Provisional/Provisoire,,
05EA001,2026-07-26T16:35:00Z,46,5.076,,,Provisional/Provisoire,,
05EA001,2026-07-26T16:40:00Z,46,5.082,,,Provisional/Provisoire,,
05EA001,2026-07-26T16:45:00Z,46,5.087,,,Provisional/Provisoire,,
05EA001,2026-07-26T16:50:00Z,46,5.082,,,Provisional/Provisoire,,
05EA001,2026-07-26T16:55:00Z,46,5.084,,,Provisional/Provisoire,,
05EA001,2026-07-26T17:00:00Z,46,5.087,,,Provisional/Provisoire,,
05EA001,2026-07-26T17:05:00Z,46,5.083,,,Provisional/Provisoire,,
05EA001,2026-07-26T17:10:00Z,46,5.089,,,Provisional/Provisoire,,
05EA001,2026-07-26T17:15:00Z,46,5.088,,,Provisional/Provisoire,,
05EA001,2026-07-26T17:20:00Z,46,5.088,,,Provisional/Provisoire,,
05EA001,2026-07-26T17:25:00Z,46,5.091,,,Provisional/Provisoire,,
05EA001,2026-07-26T17:30:00Z,46,5.090,,,Provisional/Provisoire,,
05EA001,2026-07-26T17:35:00Z,46,5.091,,,Provisional/Provisoire,,
05EA001,2026-07-26T17:40:00Z,46,5.094,,,Provisional/Provisoire,,
05EA001,2026-07-26T17:45:00Z,46,5.091,,,Provisional/Provisoire,,
05EA001,2026-07-26T17:50:00Z,46,5.091,,,Provisional/Provisoire,,
05EA001,2026-07-26T17:55:00Z,46,5.088,,,Provisional/Provisoire,,
05EA001,2026-07-26T18:00:00Z,46,5.091,,,Provisional/Provisoire,,
05EA001,2026-07-26T18:05:00Z,46,5.096,,,Provisional/Provisoire,,
05EA001,2026-07-26T18:10:00Z,46,5.097,,,Provisional/Provisoire,,
05EA001,2026-07-26T18:15:00Z,46,5.097,,,Provisional/Provisoire,,
05EA001,2026-07-26T18:20:00Z,46,5.094,,,Provisional/Provisoire,,
05EA001,2026-07-26T18:25:00Z,46,5.094,,,Provisional/Provisoire,,
05EA001,2026-07-26T18:30:00Z,46,5.093,,,Provisional/Provisoire,,
05EA001,2026-07-26T18:35:00Z,46,5.101,,,Provisional/Provisoire,,
05EA001,2026-07-26T18:40:00Z,46,5.097,,,Provisional/Provisoire,,
05EA001,2026-07-26T18:45:00Z,46,5.099,,,Provisional/Provisoire,,
05EA001,2026-07-26T18:50:00Z,46,5.098,,,Provisional/Provisoire,,
05EA001,2026-07-26T18:55:00Z,46,5.100,,,Provisional/Provisoire,,
05EA001,2026-07-26T19:00:00Z,46,5.099,,,Provisional/Provisoire,,
05EA001,2026-07-26T19:05:00Z,46,5.099,,,Provisional/Provisoire,,
05EA001,2026-07-26T19:10:00Z,46,5.101,,,Provisional/Provisoire,,
05EA001,2026-07-26T19:15:00Z,46,5.099,,,Provisional/Provisoire,,
05EA001,2026-07-26T19:20:00Z,46,5.099,,,Provisional/Provisoire,,
05EA001,2026-07-26T19:25:00Z,46,5.100,,,Provisional/Provisoire,,
05EA001,2026-07-26T19:30:00Z,46,5.104,,,Provisional/Provisoire,,
05EA001,2026-07-26T19:35:00Z,46,5.106,,,Provisional/Provisoire,,
05EA001,2026-07-26T19:40:00Z,46,5.102,,,Provisional/Provisoire,,
05EA001,2026-07-26T19:45:00Z,46,5.104,,,Provisional/Provisoire,,
05EA001,2026-07-26T19:50:00Z,46,5.101,,,Provisional/Provisoire,,
05EA001,2026-07-26T19:55:00Z,46,5.101,,,Provisional/Provisoire,,
05EA001,2026-07-26T20:00:00Z,46,5.100,,,Provisional/Provisoire,,
05EA001,2026-07-26T20:05:00Z,46,5.097,,,Provisional/Provisoire,,
05EA001,2026-07-26T20:10:00Z,46,5.103,,,Provisional/Provisoire,,
05EA001,2026-07-26T20:15:00Z,46,5.101,,,Provisional/Provisoire,,
05EA001,2026-07-26T20:20:00Z,46,5.105,,,Provisional/Provisoire,,
05EA001,2026-07-26T20:25:00Z,46,5.100,,,Provisional/Provisoire,,
05EA001,2026-07-26T20:30:00Z,46,5.100,,,Provisional/Provisoire,,
05EA001,2026-07-26T20:35:00Z,46,5.106,,,Provisional/Provisoire,,
05EA001,2026-07-26T20:40:00Z,46,5.105,,,Provisional/Provisoire,,
05EA001,2026-07-26T20:45:00Z,46,5.101,,,Provisional/Provisoire,,
05EA001,2026-07-26T20:50:00Z,46,5.104,,,Provisional/Provisoire,,
05EA001,2026-07-26T20:55:00Z,46,5.105,,,Provisional/Provisoire,,
05EA001,2026-07-26T21:00:00Z,46,5.105,,,Provisional/Provisoire,,
05EA001,2026-07-26T21:05:00Z,46,5.107,,,Provisional/Provisoire,,
05EA001,2026-07-26T21:10:00Z,46,5.105,,,Provisional/Provisoire,,
05EA001,2026-07-26T21:15:00Z,46,5.101,,,Provisional/Provisoire,,
05EA001,2026-07-26T21:20:00Z,46,5.102,,,Provisional/Provisoire,,
05EA001,2026-07-26T21:25:00Z,46,5.108,,,Provisional/Provisoire,,
05EA001,2026-07-26T21:30:00Z,46,5.106,,,Provisional/Provisoire,,
05EA001,2026-07-26T21:35:00Z,46,5.102,,,Provisional/Provisoire,,
05EA001,2026-07-26T21:40:00Z,46,5.101,,,Provisional/Provisoire,,
05EA001,2026-07-26T21:45:00Z,46,5.104,,,Provisional/Provisoire,,
05EA001,2026-07-26T21:50:00Z,46,5.105,,,Provisional/Provisoire,,
05EA001,2026-07-26T21:55:00Z,46,5.105,,,Provisional/Provisoire,,
05EA001,2026-07-26T22:00:00Z,46,5.108,,,Provisional/Provisoire,,
05EA001,2026-07-26T22:05:00Z,46,5.103,,,Provisional/Provisoire,,
05EA001,2026-07-26T22:10:00Z,46,5.106,,,Provisional/Provisoire,,
05EA001,2026-07-26T22:15:00Z,46,5.103,,,Provisional/Provisoire,,
05EA001,2026-07-26T22:20:00Z,46,5.109,,,Provisional/Provisoire,,
05EA001,2026-07-26T22:25:00Z,46,5.109,,,Provisional/Provisoire,,
05EA001,2026-07-26T22:30:00Z,46,5.107,,,Provisional/Provisoire,,
05EA001,2026-07-26T22:35:00Z,46,5.105,,,Provisional/Provisoire,,
05EA001,2026-07-26T22:40:00Z,46,5.108,,,Provisional/Provisoire,,
05EA001,2026-07-26T22:45:00Z,46,5.104,,,Provisional/Provisoire,,
05EA001,2026-07-26T22:50:00Z,46,5.106,,,Provisional/Provisoire,,
05EA001,2026-07-26T22:55:00Z,46,5.110,,,Provisional/Provisoire,,
05EA001,2026-07-26T23:00:00Z,46,5.110,,,Provisional/Provisoire,,
05EA001,2026-07-26T23:05:00Z,46,5.106,,,Provisional/Provisoire,,
05EA001,2026-07-26T23:10:00Z,46,5.107,,,Provisional/Provisoire,,
05EA001,2026-07-26T23:15:00Z,46,5.104,,,Provisional/Provisoire,,
05EA001,2026-07-26T23:20:00Z,46,5.105,,,Provisional/Provisoire,,
05EA001,2026-07-26T23:25:00Z,46,5.106,,,Provisional/Provisoire,,
05EA001,2026-07-26T23:30:00Z,46,5.113,,,Provisional/Provisoire,,
05EA001,2026-07-26T23:35:00Z,46,5.106,,,Provisional/Provisoire,,
05EA001,2026-07-26T23:40:00Z,46,5.107,,,Provisional/Provisoire,,
05EA001,2026-07-26T23:45:00Z,46,5.109,,,Provisional/Provisoire,,
05EA001,2026-07-26T23:50:00Z,46,5.104,,,Provisional/Provisoire,,
05EA001,2026-07-26T23:55:00Z,46,5.103,,,Provisional/Provisoire,,
05EA001,2026-07-27T00:00:00Z,46,5.104,,,Provisional/Provisoire,,
05EA001,2026-07-27T00:05:00Z,46,5.109,,,Provisional/Provisoire,,
05EA001,2026-07-27T00:10:00Z,46,5.105,,,Provisional/Provisoire,,
05EA001,2026-07-27T00:15:00Z,46,5.107,,,Provisional/Provisoire,,
05EA001,2026-07-27T00:20:00Z,46,5.110,,,Provisional/Provisoire,,
05EA001,2026-07-27T00:25:00Z,46,5.109,,,Provisional/Provisoire,,
05EA001,2026-07-27T00:30:00Z,46,5.105,,,Provisional/Provisoire,,
05EA001,2026-07-27T00:35:00Z,46,5.110,,,Provisional/Provisoire,,
05EA001,2026-07-27T00:40:00Z,46,5.110,,,Provisional/Provisoire,,
05EA001,2026-07-27T00:45:00Z,46,5.107,,,Provisional/Provisoire,,
05EA001,2026-07-27T00:50:00Z,46,5.109,,,Provisional/Provisoire,,
05EA001,2026-07-27T00:55:00Z,46,5.107,,,Provisional/Provisoire,,
05EA001,2026-07-27T01:00:00Z,46,5.108,,,Provisional/Provisoire,,
05EA001,2026-07-27T01:05:00Z,46,5.107,,,Provisional/Provisoire,,
05EA001,2026-07-27T01:10:00Z,46,5.108,,,Provisional/Provisoire,,
05EA001,2026-07-27T01:15:00Z,46,5.105,,,Provisional/Provisoire,,
05EA001,2026-07-27T01:20:00Z,46,5.104,,,Provisional/Provisoire,,
05EA001,2026-07-27T01:25:00Z,46,5.103,,,Provisional/Provisoire,,
05EA001,2026-07-27T01:30:00Z,46,5.104,,,Provisional/Provisoire,,
05EA001,2026-07-27T01:35:00Z,46,5.109,,,Provisional/Provisoire,,
05EA001,2026-07-27T01:40:00Z,46,5.106,,,Provisional/Provisoire,,
05EA001,2026-07-27T01:45:00Z,46,5.109,,,Provisional/Provisoire,,
05EA001,2026-07-27T01:50:00Z,46,5.104,,,Provisional/Provisoire,,
05EA001,2026-07-27T01:55:00Z,46,5.104,,,Provisional/Provisoire,,
05EA001,2026-07-27T02:00:00Z,46,5.109,,,Provisional/Provisoire,,
05EA001,2026-07-27T02:05:00Z,46,5.105,,,Provisional/Provisoire,,
05EA001,2026-07-27T02:10:00Z,46,5.106,,,Provisional/Provisoire,,
05EA001,2026-07-27T02:15:00Z,46,5.105,,,Provisional/Provisoire,,
05EA001,2026-07-27T02:20:00Z,46,5.105,,,Provisional/Provisoire,,
05EA001,2026-07-27T02:25:00Z,46,5.107,,,Provisional/Provisoire,,
05EA001,2026-07-27T02:30:00Z,46,5.104,,,Provisional/Provisoire,,
05EA001,2026-07-27T02:35:00Z,46,5.111,,,Provisional/Provisoire,,
05EA001,2026-07-27T02:40:00Z,46,5.109,,,Provisional/Provisoire,,
05EA001,2026-07-27T02:45:00Z,46,5.107,,,Provisional/Provisoire,,
05EA001,2026-07-27T02:50:00Z,46,5.106,,,Provisional/Provisoire,,
05EA001,2026-07-27T02:55:00Z,46,5.110,,,Provisional/Provisoire,,
05EA001,2026-07-27T03:00:00Z,46,5.107,,,Provisional/Provisoire,,
05EA001,2026-07-27T03:05:00Z,46,5.107,,,Provisional/Provisoire,,
05EA001,2026-07-27T03:10:00Z,46,5.104,,,Provisional/Provisoire,,
05EA001,2026-07-27T03:15:00Z,46,5.103,,,Provisional/Provisoire,,
05EA001,2026-07-27T03:20:00Z,46,5.108,,,Provisional/Provisoire,,
05EA001,2026-07-27T03:25:00Z,46,5.108,,,Provisional/Provisoire,,
05EA001,2026-07-27T03:30:00Z,46,5.108,,,Provisional/Provisoire,,
05EA001,2026-07-27T03:35:00Z,46,5.101,,,Provisional/Provisoire,,
05EA001,2026-07-27T03:40:00Z,46,5.106,,,Provisional/Provisoire,,
05EA001,2026-07-27T03:45:00Z,46,5.103,,,Provisional/Provisoire,,
05EA001,2026-07-27T03:50:00Z,46,5.106,,,Provisional/Provisoire,,
05EA001,2026-07-27T03:55:00Z,46,5.109,,,Provisional/Provisoire,,
05EA001,2026-07-27T04:00:00Z,46,5.104,,,Provisional/Provisoire,,
05EA001,2026-07-27T04:05:00Z,46,5.108,,,Provisional/Provisoire,,
05EA001,2026-07-27T04:10:00Z,46,5.107,,,Provisional/Provisoire,,
05EA001,2026-07-27T04:15:00Z,46,5.105,,,Provisional/Provisoire,,
05EA001,2026-07-27T04:20:00Z,46,5.106,,,Provisional/Provisoire,,
05EA001,2026-07-27T04:25:00Z,46,5.108,,,Provisional/Provisoire,,
05EA001,2026-07-27T04:30:00Z,46,5.103,,,Provisional/Provisoire,,
05EA001,2026-07-27T04:35:00Z,46,5.103,,,Provisional/Provisoire,,
05EA001,2026-07-27T04:40:00Z,46,5.104,,,Provisional/Provisoire,,
05EA001,2026-07-27T04:45:00Z,46,5.104,,,Provisional/Provisoire,,
05EA001,2026-07-27T04:50:00Z,46,5.103,,,Provisional/Provisoire,,
05EA001,2026-07-27T04:55:00Z,46,5.103,,,Provisional/Provisoire,,
05EA001,2026-07-27T05:00:00Z,46,5.103,,,Provisional/Provisoire,,
05EA001,2026-07-27T05:05:00Z,46,5.101,,,Provisional/Provisoire,,
05EA001,2026-07-27T05:10:00Z,46,5.107,,,Provisional/Provisoire,,
05EA001,2026-07-27T05:15:00Z,46,5.103,,,Provisional/Provisoire,,
05EA001,2026-07-27T05:20:00Z,46,5.101,,,Provisional/Provisoire,,
05EA001,2026-07-27T05:25:00Z,46,5.101,,,Provisional/Provisoire,,
05EA001,2026-07-27T05:30:00Z,46,5.102,,,Provisional/Provisoire,,
05EA001,2026-07-27T05:35:00Z,46,5.100,,,Provisional/Provisoire,,
05EA001,2026-07-27T05:40:00Z,46,5.100,,,Provisional/Provisoire,,
05EA001,2026-07-27T05:45:00Z,46,5.098,,,Provisional/Provisoire,,
05EA001,2026-07-27T05:50:00Z,46,5.100,,,Provisional/Provisoire,,
05EA001,2026-07-27T05:55:00Z,46,5.098,,,Provisional/Provisoire,,
05EA001,2026-07-27T06:00:00Z,46,5.102,,,Provisional/Provisoire,,
05EA001,2026-07-27T06:05:00Z,46,5.101,,,Provisional/Provisoire,,
05EA001,2026-07-27T06:10:00Z,46,5.100,,,Provisional/Provisoire,,
05EA001,2026-07-27T06:15:00Z,46,5.104,,,Provisional/Provisoire,,
05EA001,2026-07-27T06:20:00Z,46,5.101,,,Provisional/Provisoire,,
05EA001,2026-07-27T06:25:00Z,46,5.098,,,Provisional/Provisoire,,
05EA001,2026-07-27T06:30:00Z,46,5.104,,,Provisional/Provisoire,,
05EA001,2026-07-27T06:35:00Z,46,5.102,,,Provisional/Provisoire,,
05EA001,2026-07-27T06:40:00Z,46,5.098,,,Provisional/Provisoire,,
05EA001,2026-07-27T06:45:00Z,46,5.098,,,Provisional/Provisoire,,
05EA001,2026-07-27T06:50:00Z,46,5.102,,,Provisional/Provisoire,,
05EA001,2026-07-27T06:55:00Z,46,5.100,,,Provisional/Provisoire,,
05EA001,2026-07-27T07:00:00Z,46,5.096,,,Provisional/Provisoire,,
05EA001,2026-07-27T07:05:00Z,46,5.101,,,Provisional/Provisoire,,
05EA001,2026-07-27T07:10:00Z,46,5.104,,,Provisional/Provisoire,,
05EA001,2026-07-27T07:15:00Z,46,5.096,,,Provisional/Provisoire,,
05EA001,2026-07-27T07:20:00Z,46,5.101,,,Provisional/Provisoire,,
05EA001,2026-07-27T07:25:00Z,46,5.101,,,Provisional/Provisoire,,
05EA001,2026-07-27T07:30:00Z,46,5.099,,,Provisional/Provisoire,,
05EA001,2026-07-27T07:35:00Z,46,5.099,,,Provisional/Provisoire,,
05EA001,2026-07-27T07:40:00Z,46,5.093,,,Provisional/Provisoire,,
05EA001,2026-07-27T07:45:00Z,46,5.096,,,Provisional/Provisoire,,
05EA001,2026-07-27T07:50:00Z,46,5.096,,,Provisional/Provisoire,,
05EA001,2026-07-27T07:55:00Z,46,5.101,,,Provisional/Provisoire,,
05EA001,2026-07-27T08:00:00Z,46,5.100,,,Provisional/Provisoire,,
05EA001,2026-07-27T08:05:00Z,46,5.100,,,Provisional/Provisoire,,
05EA001,2026-07-27T08:10:00Z,46,5.093,,,Provisional/Provisoire,,
05EA001,2026-07-27T08:15:00Z,46,5.096,,,Provisional/Provisoire,,
05EA001,2026-07-27T08:20:00Z,46,5.094,,,Provisional/Provisoire,,
05EA001,2026-07-27T08:25:00Z,46,5.100,,,Provisional/Provisoire,,
05EA001,2026-07-27T08:30:00Z,46,5.099,,,Provisional/Provisoire,,
05EA001,2026-07-27T08:35:00Z,46,5.097,,,Provisional/Provisoire,,
05EA001,2026-07-27T08:40:00Z,46,5.094,,,Provisional/Provisoire,,
05EA001,2026-07-27T08:45:00Z,46,5.096,,,Provisional/Provisoire,,
05EA001,2026-07-27T08:50:00Z,46,5.090,,,Provisional/Provisoire,,
05EA001,2026-07-27T08:55:00Z,46,5.095,,,Provisional/Provisoire,,
05EA001,2026-07-27T09:00:00Z,46,5.095,,,Provisional/Provisoire,,
05EA001,2026-07-27T09:05:00Z,46,5.097,,,Provisional/Provisoire,,
05EA001,2026-07-27T09:10:00Z,46,5.092,,,Provisional/Provisoire,,
05EA001,2026-07-27T09:15:00Z,46,5.093,,,Provisional/Provisoire,,
05EA001,2026-07-27T09:20:00Z,46,5.098,,,Provisional/Provisoire,,
05EA001,2026-07-27T09:25:00Z,46,5.095,,,Provisional/Provisoire,,
05EA001,2026-07-27T09:30:00Z,46,5.094,,,Provisional/Provisoire,,
05EA001,2026-07-27T09:35:00Z,46,5.094,,,Provisional/Provisoire,,
05EA001,2026-07-27T09:40:00Z,46,5.086,,,Provisional/Provisoire,,
05EA001,2026-07-27T09:45:00Z,46,5.089,,,Provisional/Provisoire,,
05EA001,2026-07-27T09:50:00Z,46,5.094,,,Provisional/Provisoire,,
05EA001,2026-07-27T09:55:00Z,46,5.090,,,Provisional/Provisoire,,
05EA001,2026-07-27T10:00:00Z,46,5.092,,,Provisional/Provisoire,,
05EA001,2026-07-27T10:05:00Z,46,5.089,,,Provisional/Provisoire,,
05EA001,2026-07-27T10:10:00Z,46,5.089,,,Provisional/Provisoire,,
05EA001,2026-07-27T10:15:00Z,46,5.091,,,Provisional/Provisoire,,
05EA001,2026-07-27T10:20:00Z,46,5.090,,,Provisional/Provisoire,,
05EA001,2026-07-27T10:25:00Z,46,5.088,,,Provisional/Provisoire,,
05EA001,2026-07-27T10:30:00Z,46,5.087,,,Provisional/Provisoire,,
05EA001,2026-07-27T10:35:00Z,46,5.088,,,Provisional/Provisoire,,
05EA001,2026-07-27T10:40:00Z,46,5.088,,,Provisional/Provisoire,,
05EA001,2026-07-27T10:45:00Z,46,5.091,,,Provisional/Provisoire,,
05EA001,2026-07-27T10:50:00Z,46,5.082,,,Provisional/Provisoire,,
05EA001,2026-07-27T10:55:00Z,46,5.078,,,Provisional/Provisoire,,
05EA001,2026-07-27T11:00:00Z,46,5.085,,,Provisional/Provisoire,,
05EA001,2026-07-27T11:05:00Z,46,5.085,,,Provisional/Provisoire,,
05EA001,2026-07-27T11:10:00Z,46,5.084,,,Provisional/Provisoire,,
05EA001,2026-07-27T11:15:00Z,46,5.084,,,Provisional/Provisoire,,
05EA001,2026-07-27T11:20:00Z,46,5.084,,,Provisional/Provisoire,,
05EA001,2026-07-27T11:25:00Z,46,5.084,,,Provisional/Provisoire,,
05EA001,2026-07-27T11:30:00Z,46,5.080,,,Provisional/Provisoire,,
05EA001,2026-07-27T11:35:00Z,46,5.081,,,Provisional/Provisoire,,
05EA001,2026-07-27T11:40:00Z,46,5.078,,,Provisional/Provisoire,,
05EA001,2026-07-27T11:45:00Z,46,5.079,,,Provisional/Provisoire,,
05EA001,2026-07-27T11:50:00Z,46,5.078,,,Provisional/Provisoire,,
05EA001,2026-07-27T11:55:00Z,46,5.079,,,Provisional/Provisoire,,
05EA001,2026-07-27T12:00:00Z,46,5.077,,,Provisional/Provisoire,,
05EA001,2026-07-27T12:05:00Z,46,5.079,,,Provisional/Provisoire,,
05EA001,2026-07-27T12:10:00Z,46,5.077,,,Provisional/Provisoire,,
05EA001,2026-07-27T12:15:00Z,46,5.074,,,Provisional/Provisoire,,
05EA001,2026-07-27T12:20:00Z,46,5.076,,,Provisional/Provisoire,,
05EA001,2026-07-27T12:25:00Z,46,5.076,,,Provisional/Provisoire,,
05EA001,2026-07-27T12:30:00Z,46,5.074,,,Provisional/Provisoire,,
05EA001,2026-07-27T12:35:00Z,46,5.075,,,Provisional/Provisoire,,
05EA001,2026-07-27T12:40:00Z,46,5.076,,,Provisional/Provisoire,,
05EA001,2026-07-27T12:45:00Z,46,5.075,,,Provisional/Provisoire,,
05EA001,2026-07-27T12:50:00Z,46,5.071,,,Provisional/Provisoire,,
05EA001,2026-07-27T12:55:00Z,46,5.073,,,Provisional/Provisoire,,
05EA001,2026-07-27T13:00:00Z,46,5.079,,,Provisional/Provisoire,,
05EA001,2026-07-27T13:05:00Z,46,5.073,,,Provisional/Provisoire,,
05EA001,2026-07-27T13:10:00Z,46,5.076,,,Provisional/Provisoire,,
05EA001,2026-07-27T13:15:00Z,46,5.075,,,Provisional/Provisoire,,
05EA001,2026-07-27T13:20:00Z,46,5.071,,,Provisional/Provisoire,,
05EA001,2026-07-27T13:25:00Z,46,5.068,,,Provisional/Provisoire,,
05EA001,2026-07-27T13:30:00Z,46,5.071,,,Provisional/Provisoire,,
05EA001,2026-07-27T13:35:00Z,46,5.065,,,Provisional/Provisoire,,
05EA001,2026-07-27T13:40:00Z,46,5.070,,,Provisional/Provisoire,,
05EA001,2026-07-27T13:45:00Z,46,5.064,,,Provisional/Provisoire,,
05EA001,2026-07-27T13:50:00Z,46,5.068,,,Provisional/Provisoire,,
05EA001,2026-07-27T13:55:00Z,46,5.066,,,Provisional/Provisoire,,
05EA001,2026-07-27T14:00:00Z,46,5.064,,,Provisional/Provisoire,,
05EA001,2026-07-27T14:05:00Z,46,5.065,,,Provisional/Provisoire,,
05EA001,2026-07-27T14:10:00Z,46,5.060,,,Provisional/Provisoire,,
05EA001,2026-07-27T14:15:00Z,46,5.057,,,Provisional/Provisoire,,
05EA001,2026-07-27T14:20:00Z,46,5.061,,,Provisional/Provisoire,,
05EA001,2026-07-27T14:25:00Z,46,5.064,,,Provisional/Provisoire,,
05EA001,2026-07-27T14:30:00Z,46,5.058,,,Provisional/Provisoire,,
05EA001,2026-07-27T14:35:00Z,46,5.060,,,Provisional/Provisoire,,
05EA001,2026-07-27T14:40:00Z,46,5.061,,,Provisional/Provisoire,,
05EA001,2026-07-27T14:45:00Z,46,5.058,,,Provisional/Provisoire,,
05EA001,2026-07-27T14:50:00Z,46,5.059,,,Provisional/Provisoire,,
05EA001,2026-07-27T14:55:00Z,46,5.060,,,Provisional/Provisoire,,
05EA001,2026-07-27T15:00:00Z,46,5.054,,,Provisional/Provisoire,,
05EA001,2026-07-27T15:05:00Z,46,5.058,,,Provisional/Provisoire,,
05EA001,2026-07-27T15:10:00Z,46,5.052,,,Provisional/Provisoire,,
05EA001,2026-07-27T15:15:00Z,46,5.057,,,Provisional/Provisoire,,
05EA001,2026-07-27T15:20:00Z,46,5.057,,,Provisional/Provisoire,,
05EA001,2026-07-27T15:25:00Z,46,5.057,,,Provisional/Provisoire,,
05EA001,2026-07-27T15:30:00Z,46,5.050,,,Provisional/Provisoire,,
05EA001,2026-07-27T15:35:00Z,46,5.052,,,Provisional/Provisoire,,
05EA001,2026-07-27T15:40:00Z,46,5.049,,,Provisional/Provisoire,,
05EA001,2026-07-27T15:45:00Z,46,5.054,,,Provisional/Provisoire,,
05EA001,2026-07-27T15:50:00Z,46,5.053,,,Provisional/Provisoire,,
05EA001,2026-07-27T15:55:00Z,46,5.053,,,Provisional/Provisoire,,
05EA001,2026-07-27T16:00:00Z,46,5.054,,,Provisional/Provisoire,,
05EA001,2026-07-27T16:05:00Z,46,5.051,,,Provisional/Provisoire,,
05EA001,2026-07-27T16:10:00Z,46,5.049,,,Provisional/Provisoire,,
05EA001,2026-07-27T16:15:00Z,46,5.052,,,Provisional/Provisoire,,
05EA001,2026-07-27T16:20:00Z,46,5.051,,,Provisional/Provisoire,,
05EA001,2026-07-27T16:25:00Z,46,5.050,,,Provisional/Provisoire,,
05EA001,2026-07-27T16:30:00Z,46,5.050,,,Provisional/Provisoire,,
05EA001,2026-07-27T16:35:00Z,46,5.048,,,Provisional/Provisoire,,
05EA001,2026-07-27T16:40:00Z,46,5.046,,,Provisional/Provisoire,,
05EA001,2026-07-27T16:45:00Z,46,5.049,,,Provisional/Provisoire,,
05EA001,2026-07-27T16:50:00Z,46,5.046,,,Provisional/Provisoire,,
05EA001,2026-07-27T16:55:00Z,46,5.048,,,Provisional/Provisoire,,
05EA001,2026-07-27T17:00:00Z,46,5.047,,,Provisional/Provisoire,,
05EA001,2026-07-27T17:05:00Z,46,5.045,,,Provisional/Provisoire,,
05EA001,2026-07-27T17:10:00Z,46,5.040,,,Provisional/Provisoire,,
05EA001,2026-07-27T17:15:00Z,46,5.040,,,Provisional/Provisoire,,
05EA001,2026-07-27T17:20:00Z,46,5.037,,,Provisional/Provisoire,,
05EA001,2026-07-27T17:25:00Z,46,5.040,,,Provisional/Provisoire,,
05EA001,2026-07-27T17:30:00Z,46,5.039,,,Provisional/Provisoire,,
05EA001,2026-07-27T17:35:00Z,46,5.041,,,Provisional/Provisoire,,
05EA001,2026-07-27T17:40:00Z,46,5.040,,,Provisional/Provisoire,,
05EA001,2026-07-27T17:45:00Z,46,5.042,,,Provisional/Provisoire,,
05EA001,2026-07-27T17:50:00Z,46,5.040,,,Provisional/Provisoire,,
05EA001,2026-07-27T17:55:00Z,46,5.038,,,Provisional/Provisoire,,
05EA001,2026-07-27T18:00:00Z,46,5.043,,,Provisional/Provisoire,,
05EA001,2026-07-27T18:05:00Z,46,5.039,,,Provisional/Provisoire,,
05EA001,2026-07-27T18:10:00Z,46,5.041,,,Provisional/Provisoire,,
05EA001,2026-07-27T18:15:00Z,46,5.036,,,Provisional/Provisoire,,
05EA001,2026-07-27T18:20:00Z,46,5.035,,,Provisional/Provisoire,,
05EA001,2026-07-27T18:25:00Z,46,5.037,,,Provisional/Provisoire,,
05EA001,2026-07-27T18:30:00Z,46,5.035,,,Provisional/Provisoire,,
05EA001,2026-07-27T18:35:00Z,46,5.038,,,Provisional/Provisoire,,
05EA001,2026-07-27T18:40:00Z,46,5.039,,,Provisional/Provisoire,,
05EA001,2026-07-27T18:45:00Z,46,5.037,,,Provisional/Provisoire,,
05EA001,2026-07-27T18:50:00Z,46,5.039,,,Provisional/Provisoire,,
05EA001,2026-07-27T18:55:00Z,46,5.038,,,Provisional/Provisoire,,
05EA001,2026-07-27T19:00:00Z,46,5.030,,,Provisional/Provisoire,,
05EA001,2026-07-27T19:05:00Z,46,5.032,,,Provisional/Provisoire,,
05EA001,2026-07-27T19:10:00Z,46,5.031,,,Provisional/Provisoire,,
05EA001,2026-07-27T19:15:00Z,46,5.029,,,Provisional/Provisoire,,
05EA001,2026-07-27T19:20:00Z,46,5.031,,,Provisional/Provisoire,,
05EA001,2026-07-27T19:25:00Z,46,5.031,,,Provisional/Provisoire,,
05EA001,2026-07-27T19:30:00Z,46,5.028,,,Provisional/Provisoire,,
05EA001,2026-07-27T19:35:00Z,46,5.028,,,Provisional/Provisoire,,
05EA001,2026-07-27T19:40:00Z,46,5.027,,,Provisional/Provisoire,,
05EA001,2026-07-27T19:45:00Z,46,5.034,,,Provisional/Provisoire,,
05EA001,2026-07-27T19:50:00Z,46,5.031,,,Provisional/Provisoire,,
05EA001,2026-07-27T19:55:00Z,46,5.031,,,Provisional/Provisoire,,
05EA001,2026-07-27T20:00:00Z,46,5.032,,,Provisional/Provisoire,,
05EA001,2026-07-27T20:05:00Z,46,5.034,,,Provisional/Provisoire,,
05EA001,2026-07-27T20:10:00Z,46,5.032,,,Provisional/Provisoire,,
05EA001,2026-07-27T20:15:00Z,46,5.042,,,Provisional/Provisoire,,
05EA001,2026-07-27T20:20:00Z,46,5.042,,,Provisional/Provisoire,,
05EA001,2026-07-27T20:25:00Z,46,5.040,,,Provisional/Provisoire,,
05EA001,2026-07-27T20:30:00Z,46,5.036,,,Provisional/Provisoire,,
05EA001,2026-07-27T20:35:00Z,46,5.035,,,Provisional/Provisoire,,
05EA001,2026-07-27T20:40:00Z,46,5.042,,,Provisional/Provisoire,,
05EA001,2026-07-27T20:45:00Z,46,5.039,,,Provisional/Provisoire,,
05EA001,2026-07-27T20:50:00Z,46,5.041,,,Provisional/Provisoire,,
05EA001,2026-07-27T20:55:00Z,46,5.034,,,Provisional/Provisoire,,
05EA001,2026-07-27T21:00:00Z,46,5.037,,,Provisional/Provisoire,,
05EA001,2026-07-27T21:05:00Z,46,5.035,,,Provisional/Provisoire,,
05EA001,2026-07-27T21:10:00Z,46,5.036,,,Provisional/Provisoire,,
05EA001,2026-07-27T21:15:00Z,46,5.036,,,Provisional/Provisoire,,
05EA001,2026-07-27T21:20:00Z,46,5.037,,,Provisional/Provisoire,,
05EA001,2026-07-27T21:25:00Z,46,5.040,,,Provisional/Provisoire,,
05EA001,2026-07-27T21:30:00Z,46,5.038,,,Provisional/Provisoire,,
05EA001,2026-07-27T21:35:00Z,46,5.036,,,Provisional/Provisoire,,
05EA001,2026-07-27T21:40:00Z,46,5.045,,,Provisional/Provisoire,,
05EA001,2026-07-27T21:45:00Z,46,5.040,,,Provisional/Provisoire,,
05EA001,2026-07-27T21:50:00Z,46,5.045,,,Provisional/Provisoire,,
05EA001,2026-07-27T21:55:00Z,46,5.043,,,Provisional/Provisoire,,
05EA001,2026-07-27T22:00:00Z,46,5.045,,,Provisional/Provisoire,,
05EA001,2026-07-27T22:05:00Z,46,5.038,,,Provisional/Provisoire,,
05EA001,2026-07-27T22:10:00Z,46,5.034,,,Provisional/Provisoire,,
05EA001,2026-07-27T22:15:00Z,46,5.033,,,Provisional/Provisoire,,
05EA001,2026-07-27T22:20:00Z,46,5.042,,,Provisional/Provisoire,,
05EA001,2026-07-27T22:25:00Z,46,5.040,,,Provisional/Provisoire,,
05EA001,2026-07-27T22:30:00Z,46,5.036,,,Provisional/Provisoire,,
05EA001,2026-07-27T22:35:00Z,46,5.033,,,Provisional/Provisoire,,
05EA001,2026-07-27T22:40:00Z,46,5.040,,,Provisional/Provisoire,,
05EA001,2026-07-27T22:45:00Z,46,5.038,,,Provisional/Provisoire,,
05EA001,2026-07-27T22:50:00Z,46,5.037,,,Provisional/Provisoire,,
05EA001,2026-07-27T22:55:00Z,46,5.038,,,Provisional/Provisoire,,
05EA001,2026-07-27T23:00:00Z,46,5.036,,,Provisional/Provisoire,,
05EA001,2026-07-27T23:05:00Z,46,5.031,,,Provisional/Provisoire,,
05EA001,2026-07-27T23:10:00Z,46,5.031,,,Provisional/Provisoire,,
05EA001,2026-07-27T23:15:00Z,46,5.035,,,Provisional/Provisoire,,
05EA001,2026-07-27T23:20:00Z,46,5.029,,,Provisional/Provisoire,,
05EA001,2026-07-27T23:25:00Z,46,5.035,,,Provisional/Provisoire,,
05EA001,2026-07-27T23:30:00Z,46,5.035,,,Provisional/Provisoire,,
05EA001,2026-07-27T23:35:00Z,46,5.032,,,Provisional/Provisoire,,
05EA001,2026-07-27T23:40:00Z,46,5.029,,,Provisional/Provisoire,,
05EA001,2026-07-27T23:45:00Z,46,5.030,,,Provisional/Provisoire,,
05EA001,2026-07-27T23:50:00Z,46,5.031,,,Provisional/Provisoire,,
05EA001,2026-07-27T23:55:00Z,46,5.033,,,Provisional/Provisoire,,
05EA001,2026-07-28T00:00:00Z,46,5.029,,,Provisional/Provisoire,,
05EA001,2026-07-28T00:05:00Z,46,5.030,,,Provisional/Provisoire,,
05EA001,2026-07-28T00:10:00Z,46,5.028,,,Provisional/Provisoire,,
05EA001,2026-07-28T00:15:00Z,46,5.028,,,Provisional/Provisoire,,
05EA001,2026-07-28T00:20:00Z,46,5.021,,,Provisional/Provisoire,,
05EA001,2026-07-28T00:25:00Z,46,5.024,,,Provisional/Provisoire,,
05EA001,2026-07-28T00:30:00Z,46,5.024,,,Provisional/Provisoire,,
05EA001,2026-07-28T00:35:00Z,46,5.023,,,Provisional/Provisoire,,
05EA001,2026-07-28T00:40:00Z,46,5.024,,,Provisional/Provisoire,,
05EA001,2026-07-28T00:45:00Z,46,5.027,,,Provisional/Provisoire,,
05EA001,2026-07-28T00:50:00Z,46,5.024,,,Provisional/Provisoire,,
05EA001,2026-07-28T00:55:00Z,46,5.020,,,Provisional/Provisoire,,
05EA001,2026-07-28T01:00:00Z,46,5.020,,,Provisional/Provisoire,,
05EA001,2026-07-28T01:05:00Z,46,5.020,,,Provisional/Provisoire,,
05EA001,2026-07-28T01:10:00Z,46,5.022,,,Provisional/Provisoire,,
05EA001,2026-07-28T01:15:00Z,46,5.022,,,Provisional/Provisoire,,
05EA001,2026-07-28T01:20:00Z,46,5.019,,,Provisional/Provisoire,,
05EA001,2026-07-28T01:25:00Z,46,5.020,,,Provisional/Provisoire,,
05EA001,2026-07-28T01:30:00Z,46,5.020,,,Provisional/Provisoire,,
05EA001,2026-07-28T01:35:00Z,46,5.019,,,Provisional/Provisoire,,
05EA001,2026-07-28T01:40:00Z,46,5.017,,,Provisional/Provisoire,,
05EA001,2026-07-28T01:45:00Z,46,5.016,,,Provisional/Provisoire,,
05EA001,2026-07-28T01:50:00Z,46,5.018,,,Provisional/Provisoire,,
05EA001,2026-07-28T01:55:00Z,46,5.016,,,Provisional/Provisoire,,
05EA001,2026-07-28T02:00:00Z,46,5.019,,,Provisional/Provisoire,,
05EA001,2026-07-28T02:05:00Z,46,5.013,,,Provisional/Provisoire,,
05EA001,2026-07-28T02:10:00Z,46,5.014,,,Provisional/Provisoire,,
05EA001,2026-07-28T02:15:00Z,46,5.013,,,Provisional/Provisoire,,
05EA001,2026-07-28T02:20:00Z,46,5.015,,,Provisional/Provisoire,,
05EA001,2026-07-28T02:25:00Z,46,5.014,,,Provisional/Provisoire,,
05EA001,2026-07-28T02:30:00Z,46,5.011,,,Provisional/Provisoire,,
05EA001,2026-07-28T02:35:00Z,46,5.009,,,Provisional/Provisoire,,
05EA001,2026-07-28T02:40:00Z,46,5.014,,,Provisional/Provisoire,,
05EA001,2026-07-28T02:45:00Z,46,5.009,,,Provisional/Provisoire,,
05EA001,2026-07-28T02:50:00Z,46,5.012,,,Provisional/Provisoire,,
05EA001,2026-07-28T02:55:00Z,46,5.010,,,Provisional/Provisoire,,
05EA001,2026-07-28T03:00:00Z,46,5.006,,,Provisional/Provisoire,,
05EA001,2026-07-28T03:05:00Z,46,5.005,,,Provisional/Provisoire,,
05EA001,2026-07-28T03:10:00Z,46,5.007,,,Provisional/Provisoire,,
05EA001,2026-07-28T03:15:00Z,46,5.010,,,Provisional/Provisoire,,
05EA001,2026-07-28T03:20:00Z,46,5.007,,,Provisional/Provisoire,,
05EA001,2026-07-28T03:25:00Z,46,5.005,,,Provisional/Provisoire,,
05EA001,2026-07-28T03:30:00Z,46,5.005,,,Provisional/Provisoire,,
05EA001,2026-07-28T03:35:00Z,46,5.005,,,Provisional/Provisoire,,
05EA001,2026-07-28T03:40:00Z,46,5.002,,,Provisional/Provisoire,,
05EA001,2026-07-28T03:45:00Z,46,5.007,,,Provisional/Provisoire,,
05EA001,2026-07-28T03:50:00Z,46,5.003,,,Provisional/Provisoire,,
05EA001,2026-07-28T03:55:00Z,46,5.004,,,Provisional/Provisoire,,
05EA001,2026-07-28T04:00:00Z,46,5.001,,,Provisional/Provisoire,,
05EA001,2026-07-28T04:05:00Z,46,5.005,,,Provisional/Provisoire,,
05EA001,2026-07-28T04:10:00Z,46,5.001,,,Provisional/Provisoire,,
05EA001,2026-07-28T04:15:00Z,46,5.003,,,Provisional/Provisoire,,
05EA001,2026-07-28T04:20:00Z,46,5.000,,,Provisional/Provisoire,,
05EA001,2026-07-28T04:25:00Z,46,5.004,,,Provisional/Provisoire,,
05EA001,2026-07-28T04:30:00Z,46,4.998,,,Provisional/Provisoire,,
05EA001,2026-07-28T04:35:00Z,46,4.995,,,Provisional/Provisoire,,
05EA001,2026-07-28T04:40:00Z,46,4.997,,,Provisional/Provisoire,,
05EA001,2026-07-28T04:45:00Z,46,4.998,,,Provisional/Provisoire,,
05EA001,2026-07-28T04:50:00Z,46,4.998,,,Provisional/Provisoire,,
05EA001,2026-07-28T04:55:00Z,46,4.995,,,Provisional/Provisoire,,
05EA001,2026-07-28T05:00:00Z,46,4.999,,,Provisional/Provisoire,,
05EA001,2026-07-28T05:05:00Z,46,4.996,,,Provisional/Provisoire,,
05EA001,2026-07-28T05:10:00Z,46,4.996,,,Provisional/Provisoire,,
05EA001,2026-07-28T05:15:00Z,46,4.994,,,Provisional/Provisoire,,
05EA001,2026-07-28T05:20:00Z,46,4.997,,,Provisional/Provisoire,,
05EA001,2026-07-28T05:25:00Z,46,4.993,,,Provisional/Provisoire,,
05EA001,2026-07-28T05:30:00Z,46,4.996,,,Provisional/Provisoire,,
05EA001,2026-07-28T05:35:00Z,46,4.990,,,Provisional/Provisoire,,
05EA001,2026-07-28T05:40:00Z,46,4.990,,,Provisional/Provisoire,,
05EA001,2026-07-28T05:45:00Z,46,4.995,,,Provisional/Provisoire,,
05EA001,2026-07-28T05:50:00Z,46,4.997,,,Provisional/Provisoire,,
05EA001,2026-07-28T05:55:00Z,46,4.993,,,Provisional/Provisoire,,
05EA001,2026-07-28T06:00:00Z,46,4.990,,,Provisional/Provisoire,,
05EA001,2026-07-28T06:05:00Z,46,4.994,,,Provisional/Provisoire,,
05EA001,2026-07-28T06:10:00Z,46,4.995,,,Provisional/Provisoire,,
05EA001,2026-07-28T06:15:00Z,46,4.993,,,Provisional/Provisoire,,
05EA001,2026-07-28T06:20:00Z,46,4.993,,,Provisional/Provisoire,,
05EA001,2026-07-28T06:25:00Z,46,4.989,,,Provisional/Provisoire,,
05EA001,2026-07-28T06:30:00Z,46,4.991,,,Provisional/Provisoire,,
05EA001,2026-07-28T06:35:00Z,46,4.992,,,Provisional/Provisoire,,
05EA001,2026-07-28T06:40:00Z,46,4.992,,,Provisional/Provisoire,,
05EA001,2026-07-28T06:45:00Z,46,4.990,,,Provisional/Provisoire,,
05EA001,2026-07-28T06:50:00Z,46,4.985,,,Provisional/Provisoire,,
05EA001,2026-07-28T06:55:00Z,46,4.987,,,Provisional/Provisoire,,
05EA001,2026-07-28T07:00:00Z,46,4.990,,,Provisional/Provisoire,,
05EA001,2026-07-28T07:05:00Z,46,4.989,,,Provisional/Provisoire,,
05EA001,2026-07-28T07:10:00Z,46,4.987,,,Provisional/Provisoire,,
05EA001,2026-07-28T07:15:00Z,46,4.987,,,Provisional/Provisoire,,
05EA001,2026-07-28T07:20:00Z,46,4.986,,,Provisional/Provisoire,,
05EA001,2026-07-28T07:25:00Z,46,4.991,,,Provisional/Provisoire,,
05EA001,2026-07-28T07:30:00Z,46,4.987,,,Provisional/Provisoire,,
05EA001,2026-07-28T07:35:00Z,46,4.983,,,Provisional/Provisoire,,
05EA001,2026-07-28T07:40:00Z,46,4.986,,,Provisional/Provisoire,,
05EA001,2026-07-28T07:45:00Z,46,4.986,,,Provisional/Provisoire,,
05EA001,2026-07-28T07:50:00Z,46,4.985,,,Provisional/Provisoire,,
05EA001,2026-07-28T07:55:00Z,46,4.984,,,Provisional/Provisoire,,
05EA001,2026-07-28T08:00:00Z,46,4.984,,,Provisional/Provisoire,,
05EA001,2026-07-28T08:05:00Z,46,4.984,,,Provisional/Provisoire,,
05EA001,2026-07-28T08:10:00Z,46,4.981,,,Provisional/Provisoire,,
05EA001,2026-07-28T08:15:00Z,46,4.988,,,Provisional/Provisoire,,
05EA001,2026-07-28T08:20:00Z,46,4.984,,,Provisional/Provisoire,,
05EA001,2026-07-28T08:25:00Z,46,4.985,,,Provisional/Provisoire,,
05EA001,2026-07-28T08:30:00Z,46,4.987,,,Provisional/Provisoire,,
05EA001,2026-07-28T08:35:00Z,46,4.985,,,Provisional/Provisoire,,
05EA001,2026-07-28T08:40:00Z,46,4.986,,,Provisional/Provisoire,,
05EA001,2026-07-28T08:45:00Z,46,4.983,,,Provisional/Provisoire,,
05EA001,2026-07-28T08:50:00Z,46,4.986,,,Provisional/Provisoire,,
05EA001,2026-07-28T08:55:00Z,46,4.981,,,Provisional/Provisoire,,
05EA001,2026-07-28T09:00:00Z,46,4.984,,,Provisional/Provisoire,,
05EA001,2026-07-28T09:05:00Z,46,4.981,,,Provisional/Provisoire,,
05EA001,2026-07-28T09:10:00Z,46,4.983,,,Provisional/Provisoire,,
05EA001,2026-07-28T09:15:00Z,46,4.980,,,Provisional/Provisoire,,
05EA001,2026-07-28T09:20:00Z,46,4.982,,,Provisional/Provisoire,,
05EA001,2026-07-28T09:25:00Z,46,4.979,,,Provisional/Provisoire,,
05EA001,2026-07-28T09:30:00Z,46,4.983,,,Provisional/Provisoire,,
05EA001,2026-07-28T09:35:00Z,46,4.982,,,Provisional/Provisoire,,
05EA001,2026-07-28T09:40:00Z,46,4.983,,,Provisional/Provisoire,,
05EA001,2026-07-28T09:45:00Z,46,4.978,,,Provisional/Provisoire,,
05EA001,2026-07-28T09:50:00Z,46,4.978,,,Provisional/Provisoire,,
05EA001,2026-07-28T09:55:00Z,46,4.978,,,Provisional/Provisoire,,
05EA001,2026-07-28T10:00:00Z,46,4.976,,,Provisional/Provisoire,,
05EA001,2026-07-28T10:05:00Z,46,4.976,,,Provisional/Provisoire,,
05EA001,2026-07-28T10:10:00Z,46,4.977,,,Provisional/Provisoire,,
05EA001,2026-07-28T10:15:00Z,46,4.976,,,Provisional/Provisoire,,
05EA001,2026-07-28T10:20:00Z,46,4.977,,,Provisional/Provisoire,,
05EA001,2026-07-28T10:25:00Z,46,4.981,,,Provisional/Provisoire,,
05EA001,2026-07-28T10:30:00Z,46,4.980,,,Provisional/Provisoire,,
05EA001,2026-07-28T10:35:00Z,46,4.978,,,Provisional/Provisoire,,
05EA001,2026-07-28T10:40:00Z,46,4.976,,,Provisional/Provisoire,,
05EA001,2026-07-28T10:45:00Z,46,4.976,,,Provisional/Provisoire,,
05EA001,2026-07-28T10:50:00Z,46,4.977,,,Provisional/Provisoire,,
05EA001,2026-07-28T10:55:00Z,46,4.974,,,Provisional/Provisoire,,
05EA001,2026-07-28T11:00:00Z,46,4.977,,,Provisional/Provisoire,,
05EA001,2026-07-28T11:05:00Z,46,4.976,,,Provisional/Provisoire,,
05EA001,2026-07-28T11:10:00Z,46,4.973,,,Provisional/Provisoire,,
05EA001,2026-07-28T11:15:00Z,46,4.975,,,Provisional/Provisoire,,
05EA001,2026-07-28T11:20:00Z,46,4.976,,,Provisional/Provisoire,,
05EA001,2026-07-28T11:25:00Z,46,4.976,,,Provisional/Provisoire,,
05EA001,2026-07-28T11:30:00Z,46,4.974,,,Provisional/Provisoire,,
05EA001,2026-07-28T11:35:00Z,46,4.975,,,Provisional/Provisoire,,
05EA001,2026-07-28T11:40:00Z,46,4.978,,,Provisional/Provisoire,,
05EA001,2026-07-28T11:45:00Z,46,4.978,,,Provisional/Provisoire,,
05EA001,2026-07-28T11:50:00Z,46,4.975,,,Provisional/Provisoire,,
05EA001,2026-07-28T11:55:00Z,46,4.977,,,Provisional/Provisoire,,
05EA001,2026-07-28T12:00:00Z,46,4.976,,,Provisional/Provisoire,,
05EA001,2026-07-28T12:05:00Z,46,4.971,,,Provisional/Provisoire,,
05EA001,2026-07-28T12:10:00Z,46,4.975,,,Provisional/Provisoire,,
05EA001,2026-07-28T12:15:00Z,46,4.976,,,Provisional/Provisoire,,
05EA001,2026-07-28T12:20:00Z,46,4.973,,,Provisional/Provisoire,,
05EA001,2026-07-28T12:25:00Z,46,4.973,,,Provisional/Provisoire,,
05EA001,2026-07-28T12:30:00Z,46,4.973,,,Provisional/Provisoire,,
05EA001,2026-07-28T12:35:00Z,46,4.977,,,Provisional/Provisoire,,
05EA001,2026-07-28T12:40:00Z,46,4.976,,,Provisional/Provisoire,,
05EA001,2026-07-28T12:45:00Z,46,4.975,,,Provisional/Provisoire,,
05EA001,2026-07-28T12:50:00Z,46,4.971,,,Provisional/Provisoire,,
05EA001,2026-07-28T12:55:00Z,46,4.977,,,Provisional/Provisoire,,
05EA001,2026-07-28T13:00:00Z,46,4.974,,,Provisional/Provisoire,,
05EA001,2026-07-28T13:05:00Z,46,4.970,,,Provisional/Provisoire,,
05EA001,2026-07-28T13:10:00Z,46,4.975,,,Provisional/Provisoire,,
05EA001,2026-07-28T13:15:00Z,46,4.973,,,Provisional/Provisoire,,
05EA001,2026-07-28T13:20:00Z,46,4.977,,,Provisional/Provisoire,,
05EA001,2026-07-28T13:25:00Z,46,4.974,,,Provisional/Provisoire,,
05EA001,2026-07-28T13:30:00Z,46,4.973,,,Provisional/Provisoire,,
05EA001,2026-07-28T13:35:00Z,46,4.976,,,Provisional/Provisoire,,
05EA001,2026-07-28T13:40:00Z,46,4.973,,,Provisional/Provisoire,,
05EA001,2026-07-28T13:45:00Z,46,4.972,,,Provisional/Provisoire,,
05EA001,2026-07-28T13:50:00Z,46,4.971,,,Provisional/Provisoire,,
05EA001,2026-07-28T13:55:00Z,46,4.972,,,Provisional/Provisoire,,
05EA001,2026-07-28T14:00:00Z,46,4.970,,,Provisional/Provisoire,,
05EA001,2026-07-28T14:05:00Z,46,4.973,,,Provisional/Provisoire,,
05EA001,2026-07-28T14:10:00Z,46,4.975,,,Provisional/Provisoire,,
05EA001,2026-07-28T14:15:00Z,46,4.971,,,Provisional/Provisoire,,
05EA001,2026-07-28T14:20:00Z,46,4.970,,,Provisional/Provisoire,,
05EA001,2026-07-28T14:25:00Z,46,4.966,,,Provisional/Provisoire,,
05EA001,2026-07-28T14:30:00Z,46,4.970,,,Provisional/Provisoire,,
05EA001,2026-07-28T14:35:00Z,46,4.970,,,Provisional/Provisoire,,
05EA001,2026-07-28T14:40:00Z,46,4.973,,,Provisional/Provisoire,,
05EA001,2026-07-28T14:45:00Z,46,4.970,,,Provisional/Provisoire,,
05EA001,2026-07-28T14:50:00Z,46,4.969,,,Provisional/Provisoire,,
05EA001,2026-07-28T14:55:00Z,46,4.972,,,Provisional/Provisoire,,
05EA001,2026-07-28T15:00:00Z,46,4.967,,,Provisional/Provisoire,,
05EA001,2026-07-28T15:05:00Z,46,4.972,,,Provisional/Provisoire,,
05EA001,2026-07-28T15:10:00Z,46,4.973,,,Provisional/Provisoire,,
05EA001,2026-07-28T15:15:00Z,46,4.972,,,Provisional/Provisoire,,
05EA001,2026-07-28T15:20:00Z,46,4.970,,,Provisional/Provisoire,,
05EA001,2026-07-28T15:25:00Z,46,4.966,,,Provisional/Provisoire,,
05EA001,2026-07-28T15:30:00Z,46,4.971,,,Provisional/Provisoire,,
05EA001,2026-07-28T15:35:00Z,46,4.970,,,Provisional/Provisoire,,
05EA001,2026-07-28T15:40:00Z,46,4.970,,,Provisional/Provisoire,,
05EA001,2026-07-28T15:45:00Z,46,4.971,,,Provisional/Provisoire,,
05EA001,2026-07-28T15:50:00Z,46,4.966,,,Provisional/Provisoire,,
05EA001,2026-07-28T15:55:00Z,46,4.966,,,Provisional/Provisoire,,
05EA001,2026-07-28T16:00:00Z,46,4.968,,,Provisional/Provisoire,,
05EA001,2026-07-28T16:05:00Z,46,4.966,,,Provisional/Provisoire,,
05EA001,2026-07-28T16:10:00Z,46,4.967,,,Provisional/Provisoire,,
05EA001,2026-07-28T16:15:00Z,46,4.967,,,Provisional/Provisoire,,
05EA001,2026-07-28T16:20:00Z,46,4.969,,,Provisional/Provisoire,,
05EA001,2026-07-28T16:25:00Z,46,4.967,,,Provisional/Provisoire,,
05EA001,2026-07-28T16:30:00Z,46,4.966,,,Provisional/Provisoire,,
05EA001,2026-07-28T16:35:00Z,46,4.966,,,Provisional/Provisoire,,
05EA001,2026-07-28T16:40:00Z,46,4.966,,,Provisional/Provisoire,,
05EA001,2026-07-28T16:45:00Z,46,4.964,,,Provisional/Provisoire,,
05EA001,2026-07-28T16:50:00Z,46,4.965,,,Provisional/Provisoire,,
05EA001,2026-07-28T16:55:00Z,46,4.966,,,Provisional/Provisoire,,
05EA001,2026-07-28T17:00:00Z,46,4.961,,,Provisional/Provisoire,,
05EA001,2026-07-28T17:05:00Z,46,4.961,,,Provisional/Provisoire,,
05EA001,2026-07-28T17:10:00Z,46,4.968,,,Provisional/Provisoire,,
05EA001,2026-07-28T17:15:00Z,46,4.967,,,Provisional/Provisoire,,
05EA001,2026-07-28T17:20:00Z,46,4.960,,,Provisional/Provisoire,,
05EA001,2026-07-28T17:25:00Z,46,4.966,,,Provisional/Provisoire,,
05EA001,2026-07-28T17:30:00Z,46,4.960,,,Provisional/Provisoire,,
05EA001,2026-07-28T17:35:00Z,46,4.963,,,Provisional/Provisoire,,
05EA001,2026-07-28T17:40:00Z,46,4.962,,,Provisional/Provisoire,,
05EA001,2026-07-28T17:45:00Z,46,4.960,,,Provisional/Provisoire,,
05EA001,2026-07-28T17:50:00Z,46,4.960,,,Provisional/Provisoire,,
05EA001,2026-07-28T17:55:00Z,46,4.963,,,Provisional/Provisoire,,
05EA001,2026-07-28T18:00:00Z,46,4.964,,,Provisional/Provisoire,,
05EA001,2026-07-28T18:05:00Z,46,4.960,,,Provisional/Provisoire,,
05EA001,2026-07-28T18:10:00Z,46,4.962,,,Provisional/Provisoire,,
05EA001,2026-07-28T18:15:00Z,46,4.961,,,Provisional/Provisoire,,
05EA001,2026-07-28T18:20:00Z,46,4.958,,,Provisional/Provisoire,,
05EA001,2026-07-28T18:25:00Z,46,4.962,,,Provisional/Provisoire,,
05EA001,2026-07-28T18:30:00Z,46,4.959,,,Provisional/Provisoire,,
05EA001,2026-07-28T18:35:00Z,46,4.958,,,Provisional/Provisoire,,
05EA001,2026-07-28T18:40:00Z,46,4.958,,,Provisional/Provisoire,,
05EA001,2026-07-28T18:45:00Z,46,4.956,,,Provisional/Provisoire,,
05EA001,2026-07-28T18:50:00Z,46,4.959,,,Provisional/Provisoire,,
05EA001,2026-07-28T18:55:00Z,46,4.954,,,Provisional/Provisoire,,
05EA001,2026-07-28T19:00:00Z,46,4.961,,,Provisional/Provisoire,,
05EA001,2026-07-28T19:05:00Z,46,4.956,,,Provisional/Provisoire,,
05EA001,2026-07-28T19:10:00Z,46,4.953,,,Provisional/Provisoire,,
05EA001,2026-07-28T19:15:00Z,46,4.953,,,Provisional/Provisoire,,
05EA001,2026-07-28T19:20:00Z,46,4.955,,,Provisional/Provisoire,,
05EA001,2026-07-28T19:25:00Z,46,4.950,,,Provisional/Provisoire,,
05EA001,2026-07-28T19:30:00Z,46,4.957,,,Provisional/Provisoire,,
05EA001,2026-07-28T19:35:00Z,46,4.955,,,Provisional/Provisoire,,
05EA001,2026-07-28T19:40:00Z,46,4.952,,,Provisional/Provisoire,,
05EA001,2026-07-28T19:45:00Z,46,4.955,,,Provisional/Provisoire,,
05EA001,2026-07-28T19:50:00Z,46,4.957,,,Provisional/Provisoire,,
05EA001,2026-07-28T19:55:00Z,46,4.952,,,Provisional/Provisoire,,
05EA001,2026-07-28T20:00:00Z,46,4.953,,,Provisional/Provisoire,,
05EA001,2026-07-28T20:05:00Z,46,4.958,,,Provisional/Provisoire,,
05EA001,2026-07-28T20:10:00Z,46,4.957,,,Provisional/Provisoire,,
05EA001,2026-07-28T20:15:00Z,46,4.955,,,Provisional/Provisoire,,
05EA001,2026-07-28T20:20:00Z,46,4.956,,,Provisional/Provisoire,,
05EA001,2026-07-28T20:25:00Z,46,4.954,,,Provisional/Provisoire,,
05EA001,2026-07-28T20:30:00Z,46,4.954,,,Provisional/Provisoire,,
05EA001,2026-07-28T20:35:00Z,46,4.951,,,Provisional/Provisoire,,
05EA001,2026-07-28T20:40:00Z,46,4.953,,,Provisional/Provisoire,,
05EA001,2026-07-28T20:45:00Z,46,4.951,,,Provisional/Provisoire,,
05EA001,2026-07-28T20:50:00Z,46,4.951,,,Provisional/Provisoire,,
05EA001,2026-07-28T20:55:00Z,46,4.951,,,Provisional/Provisoire,,
05EA001,2026-07-28T21:00:00Z,46,4.951,,,Provisional/Provisoire,,
05EA001,2026-07-28T21:05:00Z,46,4.949,,,Provisional/Provisoire,,
05EA001,2026-07-28T21:10:00Z,46,4.949,,,Provisional/Provisoire,,
05EA001,2026-07-28T21:15:00Z,46,4.952,,,Provisional/Provisoire,,
05EA001,2026-07-28T21:20:00Z,46,4.950,,,Provisional/Provisoire,,
05EA001,2026-07-28T21:25:00Z,46,4.950,,,Provisional/Provisoire,,
05EA001,2026-07-28T21:30:00Z,46,4.945,,,Provisional/Provisoire,,
05EA001,2026-07-28T21:35:00Z,46,4.950,,,Provisional/Provisoire,,
05EA001,2026-07-28T21:40:00Z,46,4.946,,,Provisional/Provisoire,,
05EA001,2026-07-28T21:45:00Z,46,4.949,,,Provisional/Provisoire,,
05EA001,2026-07-28T21:50:00Z,46,4.949,,,Provisional/Provisoire,,
05EA001,2026-07-28T21:55:00Z,46,4.950,,,Provisional/Provisoire,,
05EA001,2026-07-28T22:00:00Z,46,4.946,,,Provisional/Provisoire,,
05EA001,2026-07-28T22:05:00Z,46,4.946,,,Provisional/Provisoire,,
05EA001,2026-07-28T22:10:00Z,46,4.947,,,Provisional/Provisoire,,
05EA001,2026-07-28T22:15:00Z,46,4.946,,,Provisional/Provisoire,,
05EA001,2026-07-28T22:20:00Z,46,4.947,,,Provisional/Provisoire,,
05EA001,2026-07-28T22:25:00Z,46,4.946,,,Provisional/Provisoire,,
05EA001,2026-07-28T22:30:00Z,46,4.948,,,Provisional/Provisoire,,
05EA001,2026-07-28T22:35:00Z,46,4.946,,,Provisional/Provisoire,,
05EA001,2026-07-28T22:40:00Z,46,4.945,,,Provisional/Provisoire,,
05EA001,2026-07-28T22:45:00Z,46,4.946,,,Provisional/Provisoire,,
05EA001,2026-07-28T22:50:00Z,46,4.943,,,Provisional/Provisoire,,
05EA001,2026-07-28T22:55:00Z,46,4.944,,,Provisional/Provisoire,,
05EA001,2026-07-28T23:00:00Z,46,4.943,,,Provisional/Provisoire,,
05EA001,2026-07-28T23:05:00Z,46,4.945,,,Provisional/Provisoire,,
05EA001,2026-07-28T23:10:00Z,46,4.943,,,Provisional/Provisoire,,
05EA001,2026-07-28T23:15:00Z,46,4.944,,,Provisional/Provisoire,,
05EA001,2026-07-28T23:20:00Z,46,4.940,,,Provisional/Provisoire,,
05EA001,2026-07-28T23:25:00Z,46,4.941,,,Provisional/Provisoire,,
05EA001,2026-07-28T23:30:00Z,46,4.943,,,Provisional/Provisoire,,
05EA001,2026-07-28T23:35:00Z,46,4.941,,,Provisional/Provisoire,,
05EA001,2026-07-28T23:40:00Z,46,4.938,,,Provisional/Provisoire,,
05EA001,2026-07-28T23:45:00Z,46,4.938,,,Provisional/Provisoire,,
05EA001,2026-07-28T23:50:00Z,46,4.938,,,Provisional/Provisoire,,
05EA001,2026-07-28T23:55:00Z,46,4.941,,,Provisional/Provisoire,,
05EA001,2026-07-29T00:00:00Z,46,4.937,,,Provisional/Provisoire,,
05EA001,2026-07-29T00:05:00Z,46,4.939,,,Provisional/Provisoire,,
05EA001,2026-07-29T00:10:00Z,46,4.937,,,Provisional/Provisoire,,
05EA001,2026-07-29T00:15:00Z,46,4.940,,,Provisional/Provisoire,,
05EA001,2026-07-29T00:20:00Z,46,4.938,,,Provisional/Provisoire,,
05EA001,2026-07-29T00:25:00Z,46,4.937,,,Provisional/Provisoire,,
05EA001,2026-07-29T00:30:00Z,46,4.937,,,Provisional/Provisoire,,
05EA001,2026-07-29T00:35:00Z,46,4.935,,,Provisional/Provisoire,,
05EA001,2026-07-29T00:40:00Z,46,4.938,,,Provisional/Provisoire,,
05EA001,2026-07-29T00:45:00Z,46,4.931,,,Provisional/Provisoire,,
05EA001,2026-07-29T00:50:00Z,46,4.938,,,Provisional/Provisoire,,
05EA001,2026-07-29T00:55:00Z,46,4.934,,,Provisional/Provisoire,,
05EA001,2026-07-29T01:00:00Z,46,4.936,,,Provisional/Provisoire,,
05EA001,2026-07-29T01:05:00Z,46,4.933,,,Provisional/Provisoire,,
05EA001,2026-07-29T01:10:00Z,46,4.937,,,Provisional/Provisoire,,
05EA001,2026-07-29T01:15:00Z,46,4.936,,,Provisional/Provisoire,,
05EA001,2026-07-29T01:20:00Z,46,4.935,,,Provisional/Provisoire,,
05EA001,2026-07-29T01:25:00Z,46,4.936,,,Provisional/Provisoire,,
05EA001,2026-07-29T01:30:00Z,46,4.934,,,Provisional/Provisoire,,
05EA001,2026-07-29T01:35:00Z,46,4.933,,,Provisional/Provisoire,,
05EA001,2026-07-29T01:40:00Z,46,4.933,,,Provisional/Provisoire,,
05EA001,2026-07-29T01:45:00Z,46,4.932,,,Provisional/Provisoire,,
05EA001,2026-07-29T01:50:00Z,46,4.933,,,Provisional/Provisoire,,
05EA001,2026-07-29T01:55:00Z,46,4.935,,,Provisional/Provisoire,,
05EA001,2026-07-29T02:00:00Z,46,4.932,,,Provisional/Provisoire,,
05EA001,2026-07-29T02:05:00Z,46,4.929,,,Provisional/Provisoire,,
05EA001,2026-07-29T02:10:00Z,46,4.934,,,Provisional/Provisoire,,
05EA001,2026-07-29T02:15:00Z,46,4.933,,,Provisional/Provisoire,,
05EA001,2026-07-29T02:20:00Z,46,4.938,,,Provisional/Provisoire,,
05EA001,2026-07-29T02:25:00Z,46,4.937,,,Provisional/Provisoire,,
05EA001,2026-07-29T02:30:00Z,46,4.936,,,Provisional/Provisoire,,
05EA001,2026-07-29T02:35:00Z,46,4.936,,,Provisional/Provisoire,,
05EA001,2026-07-29T02:40:00Z,46,4.939,,,Provisional/Provisoire,,
05EA001,2026-07-29T02:45:00Z,46,4.940,,,Provisional/Provisoire,,
05EA001,2026-07-29T02:50:00Z,46,4.938,,,Provisional/Provisoire,,
05EA001,2026-07-29T02:55:00Z,46,4.941,,,Provisional/Provisoire,,
05EA001,2026-07-29T03:00:00Z,46,4.941,,,Provisional/Provisoire,,
05EA001,2026-07-29T03:05:00Z,46,4.942,,,Provisional/Provisoire,,
05EA001,2026-07-29T03:10:00Z,46,4.937,,,Provisional/Provisoire,,
05EA001,2026-07-29T03:15:00Z,46,4.939,,,Provisional/Provisoire,,
05EA001,2026-07-29T03:20:00Z,46,4.941,,,Provisional/Provisoire,,
05EA001,2026-07-29T03:25:00Z,46,4.944,,,Provisional/Provisoire,,
05EA001,2026-07-29T03:30:00Z,46,4.944,,,Provisional/Provisoire,,
05EA001,2026-07-29T03:35:00Z,46,4.944,,,Provisional/Provisoire,,
05EA001,2026-07-29T03:40:00Z,46,4.945,,,Provisional/Provisoire,,
05EA001,2026-07-29T03:45:00Z,46,4.947,,,Provisional/Provisoire,,
05EA001,2026-07-29T03:50:00Z,46,4.941,,,Provisional/Provisoire,,
05EA001,2026-07-29T03:55:00Z,46,4.947,,,Provisional/Provisoire,,
05EA001,2026-07-29T04:00:00Z,46,4.944,,,Provisional/Provisoire,,
05EA001,2026-07-29T04:05:00Z,46,4.945,,,Provisional/Provisoire,,
05EA001,2026-07-29T04:10:00Z,46,4.946,,,Provisional/Provisoire,,
05EA001,2026-07-29T04:15:00Z,46,4.943,,,Provisional/Provisoire,,
05EA001,2026-07-29T04:20:00Z,46,4.940,,,Provisional/Provisoire,,
05EA001,2026-07-29T04:25:00Z,46,4.945,,,Provisional/Provisoire,,
05EA001,2026-07-29T04:30:00Z,46,4.942,,,Provisional/Provisoire,,
05EA001,2026-07-29T04:35:00Z,46,4.945,,,Provisional/Provisoire,,
05EA001,2026-07-29T04:40:00Z,46,4.940,,,Provisional/Provisoire,,
05EA001,2026-07-29T04:45:00Z,46,4.944,,,Provisional/Provisoire,,
05EA001,2026-07-29T04:50:00Z,46,4.938,,,Provisional/Provisoire,,
05EA001,2026-07-29T04:55:00Z,46,4.940,,,Provisional/Provisoire,,
05EA001,2026-07-29T05:00:00Z,46,4.940,,,Provisional/Provisoire,,
05EA001,2026-07-29T05:05:00Z,46,4.940,,,Provisional/Provisoire,,
05EA001,2026-07-29T05:10:00Z,46,4.939,,,Provisional/Provisoire,,
05EA001,2026-07-29T05:15:00Z,46,4.937,,,Provisional/Provisoire,,
05EA001,2026-07-29T05:20:00Z,46,4.937,,,Provisional/Provisoire,,
05EA001,2026-07-29T05:25:00Z,46,4.937,,,Provisional/Provisoire,,
05EA001,2026-07-29T05:30:00Z,46,4.936,,,Provisional/Provisoire,,
05EA001,2026-07-29T05:35:00Z,46,4.936,,,Provisional/Provisoire,,
05EA001,2026-07-29T05:40:00Z,46,4.933,,,Provisional/Provisoire,,
05EA001,2026-07-29T05:45:00Z,46,4.934,,,Provisional/Provisoire,,
05EA001,2026-07-29T05:50:00Z,46,4.933,,,Provisional/Provisoire,,
05EA001,2026-07-29T05:55:00Z,46,4.934,,,Provisional/Provisoire,,
05EA001,2026-07-29T06:00:00Z,46,4.931,,,Provisional/Provisoire,,
05EA001,2026-07-29T06:05:00Z,46,4.928,,,Provisional/Provisoire,,
05EA001,2026-07-29T06:10:00Z,46,4.931,,,Provisional/Provisoire,,
05EA001,2026-07-29T06:15:00Z,46,4.932,,,Provisional/Provisoire,,
05EA001,2026-07-29T06:20:00Z,46,4.927,,,Provisional/Provisoire,,
05EA001,2026-07-29T06:25:00Z,46,4.930,,,Provisional/Provisoire,,
05EA001,2026-07-29T06:30:00Z,46,4.927,,,Provisional/Provisoire,,
05EA001,2026-07-29T06:35:00Z,46,4.929,,,Provisional/Provisoire,,
05EA001,2026-07-29T06:40:00Z,46,4.923,,,Provisional/Provisoire,,
05EA001,2026-07-29T06:45:00Z,46,4.926,,,Provisional/Provisoire,,
05EA001,2026-07-29T06:50:00Z,46,4.930,,,Provisional/Provisoire,,
05EA001,2026-07-29T06:55:00Z,46,4.928,,,Provisional/Provisoire,,
05EA001,2026-07-29T07:00:00Z,46,4.925,,,Provisional/Provisoire,,
05EA001,2026-07-29T07:05:00Z,46,4.924,,,Provisional/Provisoire,,
05EA001,2026-07-29T07:10:00Z,46,4.925,,,Provisional/Provisoire,,
05EA001,2026-07-29T07:15:00Z,46,4.919,,,Provisional/Provisoire,,
05EA001,2026-07-29T07:20:00Z,46,4.925,,,Provisional/Provisoire,,
05EA001,2026-07-29T07:25:00Z,46,4.925,,,Provisional/Provisoire,,
05EA001,2026-07-29T07:30:00Z,46,4.929,,,Provisional/Provisoire,,
05EA001,2026-07-29T07:35:00Z,46,4.925,,,Provisional/Provisoire,,
05EA001,2026-07-29T07:40:00Z,46,4.926,,,Provisional/Provisoire,,
05EA001,2026-07-29T07:45:00Z,46,4.925,,,Provisional/Provisoire,,
05EA001,2026-07-29T07:50:00Z,46,4.924,,,Provisional/Provisoire,,
05EA001,2026-07-29T07:55:00Z,46,4.923,,,Provisional/Provisoire,,
05EA001,2026-07-29T08:00:00Z,46,4.923,,,Provisional/Provisoire,,
05EA001,2026-07-29T08:05:00Z,46,4.920,,,Provisional/Provisoire,,
05EA001,2026-07-29T08:10:00Z,46,4.924,,,Provisional/Provisoire,,
05EA001,2026-07-29T08:15:00Z,46,4.922,,,Provisional/Provisoire,,
05EA001,2026-07-29T08:20:00Z,46,4.922,,,Provisional/Provisoire,,
05EA001,2026-07-29T08:25:00Z,46,4.922,,,Provisional/Provisoire,,
05EA001,2026-07-29T08:30:00Z,46,4.923,,,Provisional/Provisoire,,
05EA001,2026-07-29T08:35:00Z,46,4.923,,,Provisional/Provisoire,,
05EA001,2026-07-29T08:40:00Z,46,4.919,,,Provisional/Provisoire,,
05EA001,2026-07-29T08:45:00Z,46,4.921,,,Provisional/Provisoire,,
05EA001,2026-07-29T08:50:00Z,46,4.925,,,Provisional/Provisoire,,
05EA001,2026-07-29T08:55:00Z,46,4.920,,,Provisional/Provisoire,,
05EA001,2026-07-29T09:00:00Z,46,4.925,,,Provisional/Provisoire,,
05EA001,2026-07-29T09:05:00Z,46,4.921,,,Provisional/Provisoire,,
05EA001,2026-07-29T09:10:00Z,46,4.920,,,Provisional/Provisoire,,
05EA001,2026-07-29T09:15:00Z,46,4.921,,,Provisional/Provisoire,,
05EA001,2026-07-29T09:20:00Z,46,4.922,,,Provisional/Provisoire,,
05EA001,2026-07-29T09:25:00Z,46,4.919,,,Provisional/Provisoire,,
05EA001,2026-07-29T09:30:00Z,46,4.918,,,Provisional/Provisoire,,
05EA001,2026-07-29T09:35:00Z,46,4.919,,,Provisional/Provisoire,,
05EA001,2026-07-29T09:40:00Z,46,4.920,,,Provisional/Provisoire,,
05EA001,2026-07-29T09:45:00Z,46,4.918,,,Provisional/Provisoire,,
05EA001,2026-07-29T09:50:00Z,46,4.919,,,Provisional/Provisoire,,
05EA001,2026-07-29T09:55:00Z,46,4.920,,,Provisional/Provisoire,,
05EA001,2026-07-29T10:00:00Z,46,4.920,,,Provisional/Provisoire,,
05EA001,2026-07-29T10:05:00Z,46,4.919,,,Provisional/Provisoire,,
05EA001,2026-07-29T10:10:00Z,46,4.916,,,Provisional/Provisoire,,
05EA001,2026-07-29T10:15:00Z,46,4.916,,,Provisional/Provisoire,,
05EA001,2026-07-29T10:20:00Z,46,4.917,,,Provisional/Provisoire,,
05EA001,2026-07-29T10:25:00Z,46,4.914,,,Provisional/Provisoire,,
05EA001,2026-07-29T10:30:00Z,46,4.918,,,Provisional/Provisoire,,
05EA001,2026-07-29T10:35:00Z,46,4.913,,,Provisional/Provisoire,,
05EA001,2026-07-29T10:40:00Z,46,4.913,,,Provisional/Provisoire,,
05EA001,2026-07-29T10:45:00Z,46,4.912,,,Provisional/Provisoire,,
05EA001,2026-07-29T10:50:00Z,46,4.915,,,Provisional/Provisoire,,
05EA001,2026-07-29T10:55:00Z,46,4.917,,,Provisional/Provisoire,,
05EA001,2026-07-29T11:00:00Z,46,4.911,,,Provisional/Provisoire,,
05EA001,2026-07-29T11:05:00Z,46,4.912,,,Provisional/Provisoire,,
05EA001,2026-07-29T11:10:00Z,46,4.913,,,Provisional/Provisoire,,
05EA001,2026-07-29T11:15:00Z,46,4.910,,,Provisional/Provisoire,,
05EA001,2026-07-29T11:20:00Z,46,4.915,,,Provisional/Provisoire,,
05EA001,2026-07-29T11:25:00Z,46,4.910,,,Provisional/Provisoire,,
05EA001,2026-07-29T11:30:00Z,46,4.913,,,Provisional/Provisoire,,
05EA001,2026-07-29T11:35:00Z,46,4.909,,,Provisional/Provisoire,,
05EA001,2026-07-29T11:40:00Z,46,4.907,,,Provisional/Provisoire,,
05EA001,2026-07-29T11:45:00Z,46,4.909,,,Provisional/Provisoire,,
05EA001,2026-07-29T11:50:00Z,46,4.914,,,Provisional/Provisoire,,
05EA001,2026-07-29T11:55:00Z,46,4.913,,,Provisional/Provisoire,,
05EA001,2026-07-29T12:00:00Z,46,4.912,,,Provisional/Provisoire,,
05EA001,2026-07-29T12:05:00Z,46,4.911,,,Provisional/Provisoire,,
05EA001,2026-07-29T12:10:00Z,46,4.912,,,Provisional/Provisoire,,
05EA001,2026-07-29T12:15:00Z,46,4.914,,,Provisional/Provisoire,,
05EA001,2026-07-29T12:20:00Z,46,4.911,,,Provisional/Provisoire,,
05EA001,2026-07-29T12:25:00Z,46,4.910,,,Provisional/Provisoire,,
05EA001,2026-07-29T12:30:00Z,46,4.911,,,Provisional/Provisoire,,
05EA001,2026-07-29T12:35:00Z,46,4.912,,,Provisional/Provisoire,,
05EA001,2026-07-29T12:40:00Z,46,4.911,,,Provisional/Provisoire,,
05EA001,2026-07-29T12:45:00Z,46,4.908,,,Provisional/Provisoire,,
05EA001,2026-07-29T12:50:00Z,46,4.910,,,Provisional/Provisoire,,
05EA001,2026-07-29T12:55:00Z,46,4.912,,,Provisional/Provisoire,,
05EA001,2026-07-29T13:00:00Z,46,4.910,,,Provisional/Provisoire,,
05EA001,2026-07-29T13:05:00Z,46,4.905,,,Provisional/Provisoire,,
05EA001,2026-07-29T13:10:00Z,46,4.907,,,Provisional/Provisoire,,
05EA001,2026-07-29T13:15:00Z,46,4.907,,,Provisional/Provisoire,,
05EA001,2026-07-29T13:20:00Z,46,4.904,,,Provisional/Provisoire,,
05EA001,2026-07-29T13:25:00Z,46,4.907,,,Provisional/Provisoire,,
05EA001,2026-07-29T13:30:00Z,46,4.907,,,Provisional/Provisoire,,
05EA001,2026-07-29T13:35:00Z,46,4.908,,,Provisional/Provisoire,,
05EA001,2026-07-29T13:40:00Z,46,4.905,,,Provisional/Provisoire,,
05EA001,2026-07-29T13:45:00Z,46,4.907,,,Provisional/Provisoire,,
05EA001,2026-07-29T13:50:00Z,46,4.905,,,Provisional/Provisoire,,
05EA001,2026-07-29T13:55:00Z,46,4.906,,,Provisional/Provisoire,,
05EA001,2026-07-29T14:00:00Z,46,4.909,,,Provisional/Provisoire,,
05EA001,2026-07-29T14:05:00Z,46,4.906,,,Provisional/Provisoire,,
05EA001,2026-07-29T14:10:00Z,46,4.904,,,Provisional/Provisoire,,
05EA001,2026-07-29T14:15:00Z,46,4.903,,,Provisional/Provisoire,,
05EA001,2026-07-29T14:20:00Z,46,4.902,,,Provisional/Provisoire,,
05EA001,2026-07-29T14:25:00Z,46,4.901,,,Provisional/Provisoire,,
05EA001,2026-07-29T14:30:00Z,46,4.906,,,Provisional/Provisoire,,
05EA001,2026-07-29T14:35:00Z,46,4.903,,,Provisional/Provisoire,,
05EA001,2026-07-29T14:40:00Z,46,4.905,,,Provisional/Provisoire,,
05EA001,2026-07-29T14:45:00Z,46,4.908,,,Provisional/Provisoire,,
05EA001,2026-07-29T14:50:00Z,46,4.904,,,Provisional/Provisoire,,
05EA001,2026-07-29T14:55:00Z,46,4.903,,,Provisional/Provisoire,,
05EA001,2026-07-29T15:00:00Z,46,4.905,,,Provisional/Provisoire,,
05EA001,2026-07-29T15:05:00Z,46,4.903,,,Provisional/Provisoire,,
05EA001,2026-07-29T15:10:00Z,46,4.905,,,Provisional/Provisoire,,
05EA001,2026-07-29T15:15:00Z,46,4.903,,,Provisional/Provisoire,,
05EA001,2026-07-29T15:20:00Z,46,4.901,,,Provisional/Provisoire,,
05EA001,2026-07-29T15:25:00Z,46,4.906,,,Provisional/Provisoire,,
05EA001,2026-07-29T15:30:00Z,46,4.902,,,Provisional/Provisoire,,
05EA001,2026-07-29T15:35:00Z,46,4.904,,,Provisional/Provisoire,,
05EA001,2026-07-29T15:40:00Z,46,4.901,,,Provisional/Provisoire,,
05EA001,2026-07-29T15:45:00Z,46,4.900,,,Provisional/Provisoire,,
05EA001,2026-07-29T15:50:00Z,46,4.903,,,Provisional/Provisoire,,
05EA001,2026-07-29T15:55:00Z,46,4.900,,,Provisional/Provisoire,,
05EA001,2026-07-29T16:00:00Z,46,4.900,,,Provisional/Provisoire,,
05EA001,2026-07-29T16:05:00Z,46,4.900,,,Provisional/Provisoire,,
05EA001,2026-07-29T16:10:00Z,46,4.903,,,Provisional/Provisoire,,
05EA001,2026-07-29T16:15:00Z,46,4.900,,,Provisional/Provisoire,,
05EA001,2026-07-29T16:20:00Z,46,4.899,,,Provisional/Provisoire,,
05EA001,2026-07-29T16:25:00Z,46,4.901,,,Provisional/Provisoire,,
05EA001,2026-07-29T16:30:00Z,46,4.899,,,Provisional/Provisoire,,
05EA001,2026-07-29T16:35:00Z,46,4.900,,,Provisional/Provisoire,,
05EA001,2026-07-29T16:40:00Z,46,4.899,,,Provisional/Provisoire,,
05EA001,2026-07-29T16:45:00Z,46,4.898,,,Provisional/Provisoire,,
05EA001,2026-07-29T16:50:00Z,46,4.900,,,Provisional/Provisoire,,
05EA001,2026-07-29T16:55:00Z,46,4.903,,,Provisional/Provisoire,,
05EA001,2026-07-29T17:00:00Z,46,4.901,,,Provisional/Provisoire,,
05EA001,2026-07-29T17:05:00Z,46,4.899,,,Provisional/Provisoire,,
05EA001,2026-07-29T17:10:00Z,46,4.899,,,Provisional/Provisoire,,
05EA001,2026-07-29T17:15:00Z,46,4.899,,,Provisional/Provisoire,,
05EA001,2026-07-29T17:20:00Z,46,4.900,,,Provisional/Provisoire,,
05EA001,2026-07-29T17:25:00Z,46,4.896,,,Provisional/Provisoire,,
05EA001,2026-07-29T17:30:00Z,46,4.898,,,Provisional/Provisoire,,
05EA001,2026-07-29T17:35:00Z,46,4.899,,,Provisional/Provisoire,,
05EA001,2026-07-29T17:40:00Z,46,4.900,,,Provisional/Provisoire,,
05EA001,2026-07-29T17:45:00Z,46,4.897,,,Provisional/Provisoire,,
05EA001,2026-07-29T17:50:00Z,46,4.894,,,Provisional/Provisoire,,
05EA001,2026-07-29T17:55:00Z,46,4.897,,,Provisional/Provisoire,,
05EA001,2026-07-29T18:00:00Z,46,4.897,,,Provisional/Provisoire,,
05EA001,2026-07-29T18:05:00Z,46,4.895,,,Provisional/Provisoire,,
05EA001,2026-07-29T18:10:00Z,46,4.898,,,Provisional/Provisoire,,
05EA001,2026-07-29T18:15:00Z,46,4.896,,,Provisional/Provisoire,,
05EA001,2026-07-29T18:20:00Z,46,4.896,,,Provisional/Provisoire,,
05EA001,2026-07-29T18:25:00Z,46,4.897,,,Provisional/Provisoire,,
05EA001,2026-07-29T18:30:00Z,46,4.896,,,Provisional/Provisoire,,
05EA001,2026-07-29T18:35:00Z,46,4.896,,,Provisional/Provisoire,,
05EA001,2026-07-29T18:40:00Z,46,4.895,,,Provisional/Provisoire,,
05EA001,2026-07-29T18:45:00Z,46,4.896,,,Provisional/Provisoire,,
05EA001,2026-07-29T18:50:00Z,46,4.898,,,Provisional/Provisoire,,
05EA001,2026-07-29T18:55:00Z,46,4.891,,,Provisional/Provisoire,,
05EA001,2026-07-29T19:00:00Z,46,4.895,,,Provisional/Provisoire,,
05EA001,2026-07-29T19:05:00Z,46,4.895,,,Provisional/Provisoire,,
05EA001,2026-07-29T19:10:00Z,46,4.894,,,Provisional/Provisoire,,
05EA001,2026-07-29T19:15:00Z,46,4.897,,,Provisional/Provisoire,,
05EA001,2026-07-29T19:20:00Z,46,4.897,,,Provisional/Provisoire,,
05EA001,2026-07-29T19:25:00Z,46,4.894,,,Provisional/Provisoire,,
05EA001,2026-07-29T19:30:00Z,46,4.893,,,Provisional/Provisoire,,
05EA001,2026-07-29T19:35:00Z,46,4.896,,,Provisional/Provisoire,,
05EA001,2026-07-29T19:40:00Z,46,4.892,,,Provisional/Provisoire,,
05EA001,2026-07-29T19:45:00Z,46,4.893,,,Provisional/Provisoire,,
05EA001,2026-07-29T19:50:00Z,46,4.895,,,Provisional/Provisoire,,
05EA001,2026-07-29T19:55:00Z,46,4.889,,,Provisional/Provisoire,,
05EA001,2026-07-29T20:00:00Z,46,4.894,,,Provisional/Provisoire,,
05EA001,2026-07-29T20:05:00Z,46,4.888,,,Provisional/Provisoire,,
05EA001,2026-07-29T20:10:00Z,46,4.893,,,Provisional/Provisoire,,
05EA001,2026-07-29T20:15:00Z,46,4.896,,,Provisional/Provisoire,,
05EA001,2026-07-29T20:20:00Z,46,4.887,,,Provisional/Provisoire,,
05EA001,2026-07-29T20:25:00Z,46,4.891,,,Provisional/Provisoire,,
05EA001,2026-07-29T20:30:00Z,46,4.892,,,Provisional/Provisoire,,
05EA001,2026-07-29T20:35:00Z,46,4.895,,,Provisional/Provisoire,,
05EA001,2026-07-29T20:40:00Z,46,4.888,,,Provisional/Provisoire,,
05EA001,2026-07-29T20:45:00Z,46,4.890,,,Provisional/Provisoire,,
05EA001,2026-07-29T20:50:00Z,46,4.889,,,Provisional/Provisoire,,
05EA001,2026-07-29T20:55:00Z,46,4.892,,,Provisional/Provisoire,,
05EA001,2026-07-29T21:00:00Z,46,4.889,,,Provisional/Provisoire,,
05EA001,2026-07-29T21:05:00Z,46,4.888,,,Provisional/Provisoire,,
05EA001,2026-07-29T21:10:00Z,46,4.890,,,Provisional/Provisoire,,
05EA001,2026-07-29T21:15:00Z,46,4.890,,,Provisional/Provisoire,,
05EA001,2026-07-29T21:20:00Z,46,4.892,,,Provisional/Provisoire,,
05EA001,2026-07-29T21:25:00Z,46,4.892,,,Provisional/Provisoire,,
05EA001,2026-07-29T21:30:00Z,46,4.890,,,Provisional/Provisoire,,
05EA001,2026-07-29T21:35:00Z,46,4.889,,,Provisional/Provisoire,,
05EA001,2026-07-29T21:40:00Z,46,4.888,,,Provisional/Provisoire,,
05EA001,2026-07-29T21:45:00Z,46,4.890,,,Provisional/Provisoire,,
05EA001,2026-07-29T21:50:00Z,46,4.891,,,Provisional/Provisoire,,
05EA001,2026-07-29T21:55:00Z,46,4.891,,,Provisional/Provisoire,,
05EA001,2026-07-29T22:00:00Z,46,4.888,,,Provisional/Provisoire,,
05EA001,2026-07-29T22:05:00Z,46,4.888,,,Provisional/Provisoire,,
05EA001,2026-07-29T22:10:00Z,46,4.890,,,Provisional/Provisoire,,
05EA001,2026-07-29T22:15:00Z,46,4.889,,,Provisional/Provisoire,,
05EA001,2026-07-29T22:20:00Z,46,4.891,,,Provisional/Provisoire,,
05EA001,2026-07-29T22:25:00Z,46,4.889,,,Provisional/Provisoire,,
05EA001,2026-07-29T22:30:00Z,46,4.891,,,Provisional/Provisoire,,
05EA001,2026-07-29T22:35:00Z,46,4.890,,,Provisional/Provisoire,,
05EA001,2026-07-29T22:40:00Z,46,4.890,,,Provisional/Provisoire,,
05EA001,2026-07-29T22:45:00Z,46,4.890,,,Provisional/Provisoire,,
05EA001,2026-07-29T22:50:00Z,46,4.888,,,Provisional/Provisoire,,
05EA001,2026-07-29T22:55:00Z,46,4.889,,,Provisional/Provisoire,,
05EA001,2026-07-29T23:00:00Z,46,4.887,,,Provisional/Provisoire,,
05EA001,2026-07-29T23:05:00Z,46,4.890,,,Provisional/Provisoire,,
05EA001,2026-07-29T23:10:00Z,46,4.888,,,Provisional/Provisoire,,
05EA001,2026-07-29T23:15:00Z,46,4.887,,,Provisional/Provisoire,,
05EA001,2026-07-29T23:20:00Z,46,4.889,,,Provisional/Provisoire,,
05EA001,2026-07-29T23:25:00Z,46,4.886,,,Provisional/Provisoire,,
05EA001,2026-07-29T23:30:00Z,46,4.888,,,Provisional/Provisoire,,
05EA001,2026-07-29T23:35:00Z,46,4.890,,,Provisional/Provisoire,,
05EA001,2026-07-29T23:40:00Z,46,4.888,,,Provisional/Provisoire,,
05EA001,2026-07-29T23:45:00Z,46,4.886,,,Provisional/Provisoire,,
05EA001,2026-07-29T23:50:00Z,46,4.887,,,Provisional/Provisoire,,
05EA001,2026-07-29T23:55:00Z,46,4.885,,,Provisional/Provisoire,,
05EA001,2026-07-30T00:00:00Z,46,4.885,,,Provisional/Provisoire,,
05EA001,2026-07-30T00:05:00Z,46,4.884,,,Provisional/Provisoire,,
05EA001,2026-07-30T00:10:00Z,46,4.885,,,Provisional/Provisoire,,
05EA001,2026-07-30T00:15:00Z,46,4.884,,,Provisional/Provisoire,,
05EA001,2026-07-30T00:20:00Z,46,4.884,,,Provisional/Provisoire,,
05EA001,2026-07-30T00:25:00Z,46,4.883,,,Provisional/Provisoire,,
05EA001,2026-07-30T00:30:00Z,46,4.883,,,Provisional/Provisoire,,
05EA001,2026-07-30T00:35:00Z,46,4.886,,,Provisional/Provisoire,,
05EA001,2026-07-30T00:40:00Z,46,4.884,,,Provisional/Provisoire,,
05EA001,2026-07-30T00:45:00Z,46,4.886,,,Provisional/Provisoire,,
05EA001,2026-07-30T00:50:00Z,46,4.884,,,Provisional/Provisoire,,
05EA001,2026-07-30T00:55:00Z,46,4.885,,,Provisional/Provisoire,,
05EA001,2026-07-30T01:00:00Z,46,4.884,,,Provisional/Provisoire,,
05EA001,2026-07-30T01:05:00Z,46,4.882,,,Provisional/Provisoire,,
05EA001,2026-07-30T01:10:00Z,46,4.885,,,Provisional/Provisoire,,
05EA001,2026-07-30T01:15:00Z,46,4.885,,,Provisional/Provisoire,,
05EA001,2026-07-30T01:20:00Z,46,4.884,,,Provisional/Provisoire,,
05EA001,2026-07-30T01:25:00Z,46,4.882,,,Provisional/Provisoire,,
05EA001,2026-07-30T01:30:00Z,46,4.882,,,Provisional/Provisoire,,
05EA001,2026-07-30T01:35:00Z,46,4.882,,,Provisional/Provisoire,,
05EA001,2026-07-30T01:40:00Z,46,4.884,,,Provisional/Provisoire,,
05EA001,2026-07-30T01:45:00Z,46,4.886,,,Provisional/Provisoire,,
05EA001,2026-07-30T01:50:00Z,46,4.885,,,Provisional/Provisoire,,
05EA001,2026-07-30T01:55:00Z,46,4.884,,,Provisional/Provisoire,,
05EA001,2026-07-30T02:00:00Z,46,4.886,,,Provisional/Provisoire,,
05EA001,2026-07-30T02:05:00Z,46,4.886,,,Provisional/Provisoire,,
05EA001,2026-07-30T02:10:00Z,46,4.883,,,Provisional/Provisoire,,
05EA001,2026-07-30T02:15:00Z,46,4.886,,,Provisional/Provisoire,,
05EA001,2026-07-30T02:20:00Z,46,4.886,,,Provisional/Provisoire,,
05EA001,2026-07-30T02:25:00Z,46,4.881,,,Provisional/Provisoire,,
05EA001,2026-07-30T02:30:00Z,46,4.886,,,Provisional/Provisoire,,
05EA001,2026-07-30T02:35:00Z,46,4.884,,,Provisional/Provisoire,,
05EA001,2026-07-30T02:40:00Z,46,4.885,,,Provisional/Provisoire,,
05EA001,2026-07-30T02:45:00Z,46,4.887,,,Provisional/Provisoire,,
05EA001,2026-07-30T02:50:00Z,46,4.880,,,Provisional/Provisoire,,
05EA001,2026-07-30T02:55:00Z,46,4.887,,,Provisional/Provisoire,,
05EA001,2026-07-30T03:00:00Z,46,4.885,,,Provisional/Provisoire,,
05EA001,2026-07-30T03:05:00Z,46,4.885,,,Provisional/Provisoire,,
05EA001,2026-07-30T03:10:00Z,46,4.886,,,Provisional/Provisoire,,
05EA001,2026-07-30T03:15:00Z,46,4.883,,,Provisional/Provisoire,,
05EA001,2026-07-30T03:20:00Z,46,4.883,,,Provisional/Provisoire,,
05EA001,2026-07-30T03:25:00Z,46,4.884,,,Provisional/Provisoire,,
05EA001,2026-07-30T03:30:00Z,46,4.884,,,Provisional/Provisoire,,
05EA001,2026-07-30T03:35:00Z,46,4.884,,,Provisional/Provisoire,,
05EA001,2026-07-30T03:40:00Z,46,4.880,,,Provisional/Provisoire,,
05EA001,2026-07-30T03:45:00Z,46,4.881,,,Provisional/Provisoire,,
05EA001,2026-07-30T03:50:00Z,46,4.880,,,Provisional/Provisoire,,
05EA001,2026-07-30T03:55:00Z,46,4.879,,,Provisional/Provisoire,,
05EA001,2026-07-30T04:00:00Z,46,4.880,,,Provisional/Provisoire,,
05EA001,2026-07-30T04:05:00Z,46,4.876,,,Provisional/Provisoire,,
05EA001,2026-07-30T04:10:00Z,46,4.876,,,Provisional/Provisoire,,
05EA001,2026-07-30T04:15:00Z,46,4.881,,,Provisional/Provisoire,,
05EA001,2026-07-30T04:20:00Z,46,4.878,,,Provisional/Provisoire,,
05EA001,2026-07-30T04:25:00Z,46,4.880,,,Provisional/Provisoire,,
05EA001,2026-07-30T04:30:00Z,46,4.877,,,Provisional/Provisoire,,
05EA001,2026-07-30T04:35:00Z,46,4.880,,,Provisional/Provisoire,,
05EA001,2026-07-30T04:40:00Z,46,4.877,,,Provisional/Provisoire,,
05EA001,2026-07-30T04:45:00Z,46,4.878,,,Provisional/Provisoire,,
05EA001,2026-07-30T04:50:00Z,46,4.877,,,Provisional/Provisoire,,
05EA001,2026-07-30T04:55:00Z,46,4.874,,,Provisional/Provisoire,,
05EA001,2026-07-30T05:00:00Z,46,4.877,,,Provisional/Provisoire,,
05EA001,2026-07-30T05:05:00Z,46,4.877,,,Provisional/Provisoire,,
05EA001,2026-07-30T05:10:00Z,46,4.871,,,Provisional/Provisoire,,
05EA001,2026-07-30T05:15:00Z,46,4.873,,,Provisional/Provisoire,,
05EA001,2026-07-30T05:20:00Z,46,4.875,,,Provisional/Provisoire,,
05EA001,2026-07-30T05:25:00Z,46,4.879,,,Provisional/Provisoire,,
05EA001,2026-07-30T05:30:00Z,46,4.877,,,Provisional/Provisoire,,
05EA001,2026-07-30T05:35:00Z,46,4.875,,,Provisional/Provisoire,,
05EA001,2026-07-30T05:40:00Z,46,4.875,,,Provisional/Provisoire,,
05EA001,2026-07-30T05:45:00Z,46,4.875,,,Provisional/Provisoire,,
05EA001,2026-07-30T05:50:00Z,46,4.869,,,Provisional/Provisoire,,
05EA001,2026-07-30T05:55:00Z,46,4.873,,,Provisional/Provisoire,,
05EA001,2026-07-30T06:00:00Z,46,4.874,,,Provisional/Provisoire,,
05EA001,2026-07-30T06:05:00Z,46,4.872,,,Provisional/Provisoire,,
05EA001,2026-07-30T06:10:00Z,46,4.875,,,Provisional/Provisoire,,
05EA001,2026-07-30T06:15:00Z,46,4.873,,,Provisional/Provisoire,,
05EA001,2026-07-30T06:20:00Z,46,4.871,,,Provisional/Provisoire,,
05EA001,2026-07-30T06:25:00Z,46,4.871,,,Provisional/Provisoire,,
05EA001,2026-07-30T06:30:00Z,46,4.872,,,Provisional/Provisoire,,
05EA001,2026-07-30T06:35:00Z,46,4.870,,,Provisional/Provisoire,,
05EA001,2026-07-30T06:40:00Z,46,4.871,,,Provisional/Provisoire,,
05EA001,2026-07-30T06:45:00Z,46,4.873,,,Provisional/Provisoire,,
05EA001,2026-07-30T06:50:00Z,46,4.870,,,Provisional/Provisoire,,
05EA001,2026-07-30T06:55:00Z,46,4.871,,,Provisional/Provisoire,,
05EA001,2026-07-30T07:00:00Z,46,4.872,,,Provisional/Provisoire,,
05EA001,2026-07-30T07:05:00Z,46,4.873,,,Provisional/Provisoire,,
05EA001,2026-07-30T07:10:00Z,46,4.870,,,Provisional/Provisoire,,
05EA001,2026-07-30T07:15:00Z,46,4.870,,,Provisional/Provisoire,,
05EA001,2026-07-30T07:20:00Z,46,4.869,,,Provisional/Provisoire,,
05EA001,2026-07-30T07:25:00Z,46,4.872,,,Provisional/Provisoire,,
05EA001,2026-07-30T07:30:00Z,46,4.872,,,Provisional/Provisoire,,
05EA001,2026-07-30T07:35:00Z,46,4.871,,,Provisional/Provisoire,,
05EA001,2026-07-30T07:40:00Z,46,4.871,,,Provisional/Provisoire,,
05EA001,2026-07-30T07:45:00Z,46,4.871,,,Provisional/Provisoire,,
05EA001,2026-07-30T07:50:00Z,46,4.868,,,Provisional/Provisoire,,
05EA001,2026-07-30T07:55:00Z,46,4.868,,,Provisional/Provisoire,,
05EA001,2026-07-30T08:00:00Z,46,4.870,,,Provisional/Provisoire,,
05EA001,2026-07-30T08:05:00Z,46,4.864,,,Provisional/Provisoire,,
05EA001,2026-07-30T08:10:00Z,46,4.869,,,Provisional/Provisoire,,
05EA001,2026-07-30T08:15:00Z,46,4.868,,,Provisional/Provisoire,,
05EA001,2026-07-30T08:20:00Z,46,4.869,,,Provisional/Provisoire,,
05EA001,2026-07-30T08:25:00Z,46,4.871,,,Provisional/Provisoire,,
05EA001,2026-07-30T08:30:00Z,46,4.866,,,Provisional/Provisoire,,
05EA001,2026-07-30T08:35:00Z,46,4.864,,,Provisional/Provisoire,,
05EA001,2026-07-30T08:40:00Z,46,4.869,,,Provisional/Provisoire,,
05EA001,2026-07-30T08:45:00Z,46,4.868,,,Provisional/Provisoire,,
05EA001,2026-07-30T08:50:00Z,46,4.869,,,Provisional/Provisoire,,
05EA001,2026-07-30T08:55:00Z,46,4.866,,,Provisional/Provisoire,,
05EA001,2026-07-30T09:00:00Z,46,4.870,,,Provisional/Provisoire,,
05EA001,2026-07-30T09:05:00Z,46,4.866,,,Provisional/Provisoire,,
05EA001,2026-07-30T09:10:00Z,46,4.861,,,Provisional/Provisoire,,
05EA001,2026-07-30T09:15:00Z,46,4.864,,,Provisional/Provisoire,,
05EA001,2026-07-30T09:20:00Z,46,4.863,,,Provisional/Provisoire,,
05EA001,2026-07-30T09:25:00Z,46,4.865,,,Provisional/Provisoire,,
05EA001,2026-07-30T09:30:00Z,46,4.863,,,Provisional/Provisoire,,
05EA001,2026-07-30T09:35:00Z,46,4.861,,,Provisional/Provisoire,,
05EA001,2026-07-30T09:40:00Z,46,4.864,,,Provisional/Provisoire,,
05EA001,2026-07-30T09:45:00Z,46,4.864,,,Provisional/Provisoire,,
05EA001,2026-07-30T09:50:00Z,46,4.866,,,Provisional/Provisoire,,
05EA001,2026-07-30T09:55:00Z,46,4.861,,,Provisional/Provisoire,,
05EA001,2026-07-30T10:00:00Z,46,4.864,,,Provisional/Provisoire,,
05EA001,2026-07-30T10:05:00Z,46,4.863,,,Provisional/Provisoire,,
05EA001,2026-07-30T10:10:00Z,46,4.866,,,Provisional/Provisoire,,
05EA001,2026-07-30T10:15:00Z,46,4.863,,,Provisional/Provisoire,,
05EA001,2026-07-30T10:20:00Z,46,4.862,,,Provisional/Provisoire,,
05EA001,2026-07-30T10:25:00Z,46,4.860,,,Provisional/Provisoire,,
05EA001,2026-07-30T10:30:00Z,46,4.860,,,Provisional/Provisoire,,
05EA001,2026-07-30T10:35:00Z,46,4.859,,,Provisional/Provisoire,,
05EA001,2026-07-30T10:40:00Z,46,4.858,,,Provisional/Provisoire,,
05EA001,2026-07-30T10:45:00Z,46,4.859,,,Provisional/Provisoire,,
05EA001,2026-07-30T10:50:00Z,46,4.856,,,Provisional/Provisoire,,
05EA001,2026-07-30T10:55:00Z,46,4.861,,,Provisional/Provisoire,,
05EA001,2026-07-30T11:00:00Z,46,4.858,,,Provisional/Provisoire,,
05EA001,2026-07-30T11:05:00Z,46,4.857,,,Provisional/Provisoire,,
05EA001,2026-07-30T11:10:00Z,46,4.859,,,Provisional/Provisoire,,
05EA001,2026-07-30T11:15:00Z,46,4.856,,,Provisional/Provisoire,,
05EA001,2026-07-30T11:20:00Z,46,4.858,,,Provisional/Provisoire,,
05EA001,2026-07-30T11:25:00Z,46,4.860,,,Provisional/Provisoire,,
05EA001,2026-07-30T11:30:00Z,46,4.856,,,Provisional/Provisoire,,
05EA001,2026-07-30T11:35:00Z,46,4.856,,,Provisional/Provisoire,,
05EA001,2026-07-30T11:40:00Z,46,4.858,,,Provisional/Provisoire,,
05EA001,2026-07-30T11:45:00Z,46,4.857,,,Provisional/Provisoire,,
05EA001,2026-07-30T11:50:00Z,46,4.859,,,Provisional/Provisoire,,
05EA001,2026-07-30T11:55:00Z,46,4.858,,,Provisional/Provisoire,,
05EA001,2026-07-30T12:00:00Z,46,4.856,,,Provisional/Provisoire,,
05EA001,2026-07-30T12:05:00Z,46,4.859,,,Provisional/Provisoire,,
05EA001,2026-07-30T12:10:00Z,46,4.858,,,Provisional/Provisoire,,
05EA001,2026-07-30T12:15:00Z,46,4.860,,,Provisional/Provisoire,,
05EA001,2026-07-30T12:20:00Z,46,4.861,,,Provisional/Provisoire,,
05EA001,2026-07-30T12:25:00Z,46,4.860,,,Provisional/Provisoire,,
05EA001,2026-07-30T12:30:00Z,46,4.858,,,Provisional/Provisoire,,
05EA001,2026-07-30T12:35:00Z,46,4.857,,,Provisional/Provisoire,,
05EA001,2026-07-30T12:40:00Z,46,4.856,,,Provisional/Provisoire,,
05EA001,2026-07-30T12:45:00Z,46,4.853,,,Provisional/Provisoire,,
05EA001,2026-07-30T12:50:00Z,46,4.857,,,Provisional/Provisoire,,
05EA001,2026-07-30T12:55:00Z,46,4.861,,,Provisional/Provisoire,,
05EA001,2026-07-30T13:00:00Z,46,4.859,,,Provisional/Provisoire,,
05EA001,2026-07-30T13:05:00Z,46,4.857,,,Provisional/Provisoire,,
05EA001,2026-07-30T13:10:00Z,46,4.856,,,Provisional/Provisoire,,
05EA001,2026-07-30T13:15:00Z,46,4.857,,,Provisional/Provisoire,,
05EA001,2026-07-30T13:20:00Z,46,4.855,,,Provisional/Provisoire,,
05EA001,2026-07-30T13:25:00Z,46,4.855,,,Provisional/Provisoire,,
05EA001,2026-07-30T13:30:00Z,46,4.857,,,Provisional/Provisoire,,
05EA001,2026-07-30T13:35:00Z,46,4.853,,,Provisional/Provisoire,,
05EA001,2026-07-30T13:40:00Z,46,4.857,,,Provisional/Provisoire,,
05EA001,2026-07-30T13:45:00Z,46,4.858,,,Provisional/Provisoire,,
05EA001,2026-07-30T13:50:00Z,46,4.855,,,Provisional/Provisoire,,
05EA001,2026-07-30T13:55:00Z,46,4.857,,,Provisional/Provisoire,,
05EA001,2026-07-30T14:00:00Z,46,4.857,,,Provisional/Provisoire,,
05EA001,2026-07-30T14:05:00Z,46,4.850,,,Provisional/Provisoire,,
05EA001,2026-07-30T14:10:00Z,46,4.853,,,Provisional/Provisoire,,
05EA001,2026-07-30T14:15:00Z,46,4.853,,,Provisional/Provisoire,,
05EA001,2026-07-30T14:20:00Z,46,4.853,,,Provisional/Provisoire,,
05EA001,2026-07-30T14:25:00Z,46,4.857,,,Provisional/Provisoire,,
05EA001,2026-07-30T14:30:00Z,46,4.854,,,Provisional/Provisoire,,
05EA001,2026-07-30T14:35:00Z,46,4.853,,,Provisional/Provisoire,,
05EA001,2026-07-30T14:40:00Z,46,4.854,,,Provisional/Provisoire,,
05EA001,2026-07-30T14:45:00Z,46,4.855,,,Provisional/Provisoire,,
05EA001,2026-07-30T14:50:00Z,46,4.856,,,Provisional/Provisoire,,
05EA001,2026-07-30T14:55:00Z,46,4.851,,,Provisional/Provisoire,,
05EA001,2026-07-30T15:00:00Z,46,4.851,,,Provisional/Provisoire,,
05EA001,2026-07-30T15:05:00Z,46,4.850,,,Provisional/Provisoire,,
05EA001,2026-07-30T15:10:00Z,46,4.848,,,Provisional/Provisoire,,
05EA001,2026-07-30T15:15:00Z,46,4.852,,,Provisional/Provisoire,,
05EA001,2026-07-30T15:20:00Z,46,4.850,,,Provisional/Provisoire,,
05EA001,2026-07-30T15:25:00Z,46,4.851,,,Provisional/Provisoire,,
05EA001,2026-07-30T15:30:00Z,46,4.851,,,Provisional/Provisoire,,
05EA001,2026-07-30T15:35:00Z,46,4.853,,,Provisional/Provisoire,,
05EA001,2026-07-30T15:40:00Z,46,4.850,,,Provisional/Provisoire,,
05EA001,2026-07-30T15:45:00Z,46,4.852,,,Provisional/Provisoire,,
05EA001,2026-07-30T15:50:00Z,46,4.852,,,Provisional/Provisoire,,
05EA001,2026-07-30T15:55:00Z,46,4.843,,,Provisional/Provisoire,,
05EA001,2026-07-30T16:00:00Z,46,4.849,,,Provisional/Provisoire,,
05EA001,2026-07-30T16:05:00Z,46,4.850,,,Provisional/Provisoire,,
05EA001,2026-07-30T16:10:00Z,46,4.846,,,Provisional/Provisoire,,
05EA001,2026-07-30T16:15:00Z,46,4.843,,,Provisional/Provisoire,,
05EA001,2026-07-30T16:20:00Z,46,4.848,,,Provisional/Provisoire,,
05EA001,2026-07-30T16:25:00Z,46,4.847,,,Provisional/Provisoire,,
05EA001,2026-07-30T16:30:00Z,46,4.846,,,Provisional/Provisoire,,
05EA001,2026-07-30T16:35:00Z,46,4.848,,,Provisional/Provisoire,,
05EA001,2026-07-30T16:40:00Z,46,4.848,,,Provisional/Provisoire,,
05EA001,2026-07-30T16:45:00Z,46,4.851,,,Provisional/Provisoire,,
05EA001,2026-07-30T16:50:00Z,46,4.850,,,Provisional/Provisoire,,
05EA001,2026-07-30T16:55:00Z,46,4.850,,,Provisional/Provisoire,,
05EA001,2026-07-30T17:00:00Z,46,4.847,,,Provisional/Provisoire,,
05EA001,2026-07-30T17:05:00Z,46,4.849,,,Provisional/Provisoire,,
05EA001,2026-07-30T17:10:00Z,46,4.851,,,Provisional/Provisoire,,
05EA001,2026-07-30T17:15:00Z,46,4.848,,,Provisional/Provisoire,,
05EA001,2026-07-30T17:20:00Z,46,4.849,,,Provisional/Provisoire,,
05EA001,2026-07-30T17:25:00Z,46,4.848,,,Provisional/Provisoire,,
05EA001,2026-07-30T17:30:00Z,46,4.837,,,Provisional/Provisoire,,
05EA001,2026-07-30T17:35:00Z,46,4.846,,,Provisional/Provisoire,,
05EA001,2026-07-30T17:40:00Z,46,4.847,,,Provisional/Provisoire,,
05EA001,2026-07-30T17:45:00Z,46,4.846,,,Provisional/Provisoire,,
05EA001,2026-07-30T17:50:00Z,46,4.850,,,Provisional/Provisoire,,
05EA001,2026-07-30T17:55:00Z,46,4.846,,,Provisional/Provisoire,,
05EA001,2026-07-30T18:00:00Z,46,4.847,,,Provisional/Provisoire,,
05EA001,2026-07-30T18:05:00Z,46,4.849,,,Provisional/Provisoire,,
05EA001,2026-07-30T18:10:00Z,46,4.847,,,Provisional/Provisoire,,
05EA001,2026-07-30T18:15:00Z,46,4.847,,,Provisional/Provisoire,,
05EA001,2026-07-30T18:20:00Z,46,4.846,,,Provisional/Provisoire,,
05EA001,2026-07-30T18:25:00Z,46,4.848,,,Provisional/Provisoire,,
05EA001,2026-07-30T18:30:00Z,46,4.848,,,Provisional/Provisoire,,
05EA001,2026-07-30T18:35:00Z,46,4.847,,,Provisional/Provisoire,,
05EA001,2026-07-30T18:40:00Z,46,4.845,,,Provisional/Provisoire,,
05EA001,2026-07-30T18:45:00Z,46,4.848,,,Provisional/Provisoire,,
05EA001,2026-07-30T18:50:00Z,46,4.842,,,Provisional/Provisoire,,
05EA001,2026-07-30T18:55:00Z,46,4.847,,,Provisional/Provisoire,,
05EA001,2026-07-30T19:00:00Z,46,4.845,,,Provisional/Provisoire,,
05EA001,2026-07-30T19:05:00Z,46,4.848,,,Provisional/Provisoire,,
05EA001,2026-07-30T19:10:00Z,46,4.841,,,Provisional/Provisoire,,
05EA001,2026-07-30T19:15:00Z,46,4.838,,,Provisional/Provisoire,,
05EA001,2026-07-30T19:20:00Z,46,4.844,,,Provisional/Provisoire,,
05EA001,2026-07-30T19:25:00Z,46,4.843,,,Provisional/Provisoire,,
05EA001,2026-07-30T19:30:00Z,46,4.840,,,Provisional/Provisoire,,
05EA001,2026-07-30T19:35:00Z,46,4.836,,,Provisional/Provisoire,,
05EA001,2026-07-30T19:40:00Z,46,4.842,,,Provisional/Provisoire,,
05EA001,2026-07-30T19:45:00Z,46,4.841,,,Provisional/Provisoire,,
05EA001,2026-07-30T19:50:00Z,46,4.840,,,Provisional/Provisoire,,
05EA001,2026-07-30T19:55:00Z,46,4.843,,,Provisional/Provisoire,,
05EA001,2026-07-30T20:00:00Z,46,4.838,,,Provisional/Provisoire,,
05EA001,2026-07-30T20:05:00Z,46,4.841,,,Provisional/Provisoire,,
05EA001,2026-07-30T20:10:00Z,46,4.839,,,Provisional/Provisoire,,
05EA001,2026-07-30T20:15:00Z,46,4.839,,,Provisional/Provisoire,,
05EA001,2026-07-30T20:20:00Z,46,4.841,,,Provisional/Provisoire,,
05EA001,2026-07-30T20:25:00Z,46,4.841,,,Provisional/Provisoire,,
05EA001,2026-07-30T20:30:00Z,46,4.841,,,Provisional/Provisoire,,
05EA001,2026-07-30T20:35:00Z,46,4.834,,,Provisional/Provisoire,,
05EA001,2026-07-30T20:40:00Z,46,4.840,,,Provisional/Provisoire,,
05EA001,2026-07-30T20:45:00Z,46,4.843,,,Provisional/Provisoire,,
05EA001,2026-07-30T20:50:00Z,46,4.839,,,Provisional/Provisoire,,
05EA001,2026-07-30T20:55:00Z,46,4.837,,,Provisional/Provisoire,,
05EA001,2026-07-30T21:00:00Z,46,4.839,,,Provisional/Provisoire,,
05EA001,2026-07-30T21:05:00Z,46,4.837,,,Provisional/Provisoire,,
05EA001,2026-07-30T21:10:00Z,46,4.836,,,Provisional/Provisoire,,
05EA001,2026-07-30T21:15:00Z,46,4.835,,,Provisional/Provisoire,,
05EA001,2026-07-30T21:20:00Z,46,4.839,,,Provisional/Provisoire,,
05EA001,2026-07-30T21:25:00Z,46,4.841,,,Provisional/Provisoire,,
05EA001,2026-07-30T21:30:00Z,46,4.838,,,Provisional/Provisoire,,
05EA001,2026-07-30T21:35:00Z,46,4.837,,,Provisional/Provisoire,,
05EA001,2026-07-30T21:40:00Z,46,4.835,,,Provisional/Provisoire,,
05EA001,2026-07-30T21:45:00Z,46,4.836,,,Provisional/Provisoire,,
05EA001,2026-07-30T21:50:00Z,46,4.836,,,Provisional/Provisoire,,
05EA001,2026-07-30T21:55:00Z,46,4.838,,,Provisional/Provisoire,,
05EA001,2026-07-30T22:00:00Z,46,4.836,,,Provisional/Provisoire,,
05EA001,2026-07-30T22:05:00Z,46,4.835,,,Provisional/Provisoire,,
05EA001,2026-07-30T22:10:00Z,46,4.836,,,Provisional/Provisoire,,
05EA001,2026-07-30T22:15:00Z,46,4.836,,,Provisional/Provisoire,,
05EA001,2026-07-30T22:20:00Z,46,4.838,,,Provisional/Provisoire,,
05EA001,2026-07-30T22:25:00Z,46,4.834,,,Provisional/Provisoire,,
05EA001,2026-07-30T22:30:00Z,46,4.829,,,Provisional/Provisoire,,
05EA001,2026-07-30T22:35:00Z,46,4.836,,,Provisional/Provisoire,,
05EA001,2026-07-30T22:40:00Z,46,4.837,,,Provisional/Provisoire,,
05EA001,2026-07-30T22:45:00Z,46,4.836,,,Provisional/Provisoire,,
05EA001,2026-07-30T22:50:00Z,46,4.835,,,Provisional/Provisoire,,
05EA001,2026-07-30T22:55:00Z,46,4.834,,,Provisional/Provisoire,,
05EA001,2026-07-30T23:00:00Z,46,4.835,,,Provisional/Provisoire,,
05EA001,2026-07-30T23:05:00Z,46,4.832,,,Provisional/Provisoire,,
05EA001,2026-07-30T23:10:00Z,46,4.833,,,Provisional/Provisoire,,
05EA001,2026-07-30T23:15:00Z,46,4.831,,,Provisional/Provisoire,,
05EA001,2026-07-30T23:20:00Z,46,4.835,,,Provisional/Provisoire,,
05EA001,2026-07-30T23:25:00Z,46,4.832,,,Provisional/Provisoire,,
05EA001,2026-07-30T23:30:00Z,46,4.831,,,Provisional/Provisoire,,
05EA001,2026-07-30T23:35:00Z,46,4.833,,,Provisional/Provisoire,,
05EA001,2026-07-30T23:40:00Z,46,4.831,,,Provisional/Provisoire,,
05EA001,2026-07-30T23:45:00Z,46,4.829,,,Provisional/Provisoire,,
05EA001,2026-07-30T23:50:00Z,46,4.836,,,Provisional/Provisoire,,
05EA001,2026-07-30T23:55:00Z,46,4.832,,,Provisional/Provisoire,,
05EA001,2026-07-31T00:00:00Z,46,4.829,,,Provisional/Provisoire,,
05EA001,2026-07-31T00:05:00Z,46,4.833,,,Provisional/Provisoire,,
05EA001,2026-07-31T00:10:00Z,46,4.828,,,Provisional/Provisoire,,
05EA001,2026-07-31T00:15:00Z,46,4.832,,,Provisional/Provisoire,,
05EA001,2026-07-31T00:20:00Z,46,4.832,,,Provisional/Provisoire,,
05EA001,2026-07-31T00:25:00Z,46,4.831,,,Provisional/Provisoire,,
05EA001,2026-07-31T00:30:00Z,46,4.830,,,Provisional/Provisoire,,
05EA001,2026-07-31T00:35:00Z,46,4.828,,,Provisional/Provisoire,,
05EA001,2026-07-31T00:40:00Z,46,4.827,,,Provisional/Provisoire,,
05EA001,2026-07-31T00:45:00Z,46,4.831,,,Provisional/Provisoire,,
05EA001,2026-07-31T00:50:00Z,46,4.826,,,Provisional/Provisoire,,
05EA001,2026-07-31T00:55:00Z,46,4.827,,,Provisional/Provisoire,,
05EA001,2026-07-31T01:00:00Z,46,4.826,,,Provisional/Provisoire,,
05EA001,2026-07-31T01:05:00Z,46,4.828,,,Provisional/Provisoire,,
05EA001,2026-07-31T01:10:00Z,46,4.834,,,Provisional/Provisoire,,
05EA001,2026-07-31T01:15:00Z,46,4.828,,,Provisional/Provisoire,,
05EA001,2026-07-31T01:20:00Z,46,4.826,,,Provisional/Provisoire,,
05EA001,2026-07-31T01:25:00Z,46,4.827,,,Provisional/Provisoire,,
05EA001,2026-07-31T01:30:00Z,46,4.826,,,Provisional/Provisoire,,
05EA001,2026-07-31T01:35:00Z,46,4.828,,,Provisional/Provisoire,,
05EA001,2026-07-31T01:40:00Z,46,4.825,,,Provisional/Provisoire,,
05EA001,2026-07-31T01:45:00Z,46,4.829,,,Provisional/Provisoire,,
05EA001,2026-07-31T01:50:00Z,46,4.827,,,Provisional/Provisoire,,
05EA001,2026-07-31T01:55:00Z,46,4.828,,,Provisional/Provisoire,,
05EA001,2026-07-31T02:00:00Z,46,4.832,,,Provisional/Provisoire,,
05EA001,2026-07-31T02:05:00Z,46,4.829,,,Provisional/Provisoire,,
05EA001,2026-07-31T02:10:00Z,46,4.828,,,Provisional/Provisoire,,
05EA001,2026-07-31T02:15:00Z,46,4.828,,,Provisional/Provisoire,,
05EA001,2026-07-31T02:20:00Z,46,4.828,,,Provisional/Provisoire,,
05EA001,2026-07-31T02:25:00Z,46,4.824,,,Provisional/Provisoire,,
05EA001,2026-07-31T02:30:00Z,46,4.826,,,Provisional/Provisoire,,
05EA001,2026-07-31T02:35:00Z,46,4.822,,,Provisional/Provisoire,,
05EA001,2026-07-31T02:40:00Z,46,4.824,,,Provisional/Provisoire,,
05EA001,2026-07-31T02:45:00Z,46,4.825,,,Provisional/Provisoire,,
05EA001,2026-07-31T02:50:00Z,46,4.825,,,Provisional/Provisoire,,
05EA001,2026-07-31T02:55:00Z,46,4.824,,,Provisional/Provisoire,,
05EA001,2026-07-31T03:00:00Z,46,4.825,,,Provisional/Provisoire,,
05EA001,2026-07-31T03:05:00Z,46,4.823,,,Provisional/Provisoire,,
05EA001,2026-07-31T03:10:00Z,46,4.824,,,Provisional/Provisoire,,
05EA001,2026-07-31T03:15:00Z,46,4.824,,,Provisional/Provisoire,,
05EA001,2026-07-31T03:20:00Z,46,4.827,,,Provisional/Provisoire,,
05EA001,2026-07-31T03:25:00Z,46,4.824,,,Provisional/Provisoire,,
05EA001,2026-07-31T03:30:00Z,46,4.826,,,Provisional/Provisoire,,
05EA001,2026-07-31T03:35:00Z,46,4.824,,,Provisional/Provisoire,,
05EA001,2026-07-31T03:40:00Z,46,4.822,,,Provisional/Provisoire,,
05EA001,2026-07-31T03:45:00Z,46,4.825,,,Provisional/Provisoire,,
05EA001,2026-07-31T03:50:00Z,46,4.821,,,Provisional/Provisoire,,
05EA001,2026-07-31T03:55:00Z,46,4.826,,,Provisional/Provisoire,,
05EA001,2026-07-31T04:00:00Z,46,4.818,,,Provisional/Provisoire,,
05EA001,2026-07-31T04:05:00Z,46,4.822,,,Provisional/Provisoire,,
05EA001,2026-07-31T04:10:00Z,46,4.822,,,Provisional/Provisoire,,
05EA001,2026-07-31T04:15:00Z,46,4.821,,,Provisional/Provisoire,,
05EA001,2026-07-31T04:20:00Z,46,4.814,,,Provisional/Provisoire,,
05EA001,2026-07-31T04:25:00Z,46,4.820,,,Provisional/Provisoire,,
05EA001,2026-07-31T04:30:00Z,46,4.822,,,Provisional/Provisoire,,
05EA001,2026-07-31T04:35:00Z,46,4.822,,,Provisional/Provisoire,,
05EA001,2026-07-31T04:40:00Z,46,4.821,,,Provisional/Provisoire,,
05EA001,2026-07-31T04:45:00Z,46,4.818,,,Provisional/Provisoire,,
05EA001,2026-07-31T04:50:00Z,46,4.821,,,Provisional/Provisoire,,
05EA001,2026-07-31T04:55:00Z,46,4.824,,,Provisional/Provisoire,,
05EA001,2026-07-31T05:00:00Z,46,4.819,,,Provisional/Provisoire,,
05EA001,2026-07-31T05:05:00Z,46,4.820,,,Provisional/Provisoire,,
05EA001,2026-07-31T05:10:00Z,46,4.821,,,Provisional/Provisoire,,
05EA001,2026-07-31T05:15:00Z,46,4.819,,,Provisional/Provisoire,,
05EA001,2026-07-31T05:20:00Z,46,4.821,,,Provisional/Provisoire,,
05EA001,2026-07-31T05:25:00Z,46,4.819,,,Provisional/Provisoire,,
05EA001,2026-07-31T05:30:00Z,46,4.817,,,Provisional/Provisoire,,
05EA001,2026-07-31T05:35:00Z,46,4.822,,,Provisional/Provisoire,,
05EA001,2026-07-31T05:40:00Z,46,4.814,,,Provisional/Provisoire,,
05EA001,2026-07-31T05:45:00Z,46,4.819,,,Provisional/Provisoire,,
05EA001,2026-07-31T05:50:00Z,46,4.820,,,Provisional/Provisoire,,
05EA001,2026-07-31T05:55:00Z,46,4.816,,,Provisional/Provisoire,,
05EA001,2026-07-31T06:00:00Z,46,4.816,,,Provisional/Provisoire,,
05EA001,2026-07-31T06:05:00Z,46,4.816,,,Provisional/Provisoire,,
05EA001,2026-07-31T06:10:00Z,46,4.818,,,Provisional/Provisoire,,
05EA001,2026-07-31T06:15:00Z,46,4.815,,,Provisional/Provisoire,,
05EA001,2026-07-31T06:20:00Z,46,4.814,,,Provisional/Provisoire,,
05EA001,2026-07-31T06:25:00Z,46,4.816,,,Provisional/Provisoire,,
05EA001,2026-07-31T06:30:00Z,46,4.816,,,Provisional/Provisoire,,
05EA001,2026-07-31T06:35:00Z,46,4.816,,,Provisional/Provisoire,,
05EA001,2026-07-31T06:40:00Z,46,4.812,,,Provisional/Provisoire,,
05EA001,2026-07-31T06:45:00Z,46,4.817,,,Provisional/Provisoire,,
05EA001,2026-07-31T06:50:00Z,46,4.813,,,Provisional/Provisoire,,
05EA001,2026-07-31T06:55:00Z,46,4.812,,,Provisional/Provisoire,,
05EA001,2026-07-31T07:00:00Z,46,4.819,,,Provisional/Provisoire,,
05EA001,2026-07-31T07:05:00Z,46,4.816,,,Provisional/Provisoire,,
05EA001,2026-07-31T07:10:00Z,46,4.813,,,Provisional/Provisoire,,
05EA001,2026-07-31T07:15:00Z,46,4.816,,,Provisional/Provisoire,,
05EA001,2026-07-31T07:20:00Z,46,4.817,,,Provisional/Provisoire,,
05EA001,2026-07-31T07:25:00Z,46,4.810,,,Provisional/Provisoire,,
05EA001,2026-07-31T07:30:00Z,46,4.814,,,Provisional/Provisoire,,
05EA001,2026-07-31T07:35:00Z,46,4.815,,,Provisional/Provisoire,,
05EA001,2026-07-31T07:40:00Z,46,4.813,,,Provisional/Provisoire,,
05EA001,2026-07-31T07:45:00Z,46,4.814,,,Provisional/Provisoire,,
05EA001,2026-07-31T07:50:00Z,46,4.814,,,Provisional/Provisoire,,
05EA001,2026-07-31T07:55:00Z,46,4.813,,,Provisional/Provisoire,,
05EA001,2026-07-31T08:00:00Z,46,4.808,,,Provisional/Provisoire,,
05EA001,2026-07-31T08:05:00Z,46,4.812,,,Provisional/Provisoire,,
05EA001,2026-07-31T08:10:00Z,46,4.812,,,Provisional/Provisoire,,
05EA001,2026-07-31T08:15:00Z,46,4.811,,,Provisional/Provisoire,,
05EA001,2026-07-31T08:20:00Z,46,4.813,,,Provisional/Provisoire,,
05EA001,2026-07-31T08:25:00Z,46,4.808,,,Provisional/Provisoire,,
05EA001,2026-07-31T08:30:00Z,46,4.813,,,Provisional/Provisoire,,
05EA001,2026-07-31T08:35:00Z,46,4.808,,,Provisional/Provisoire,,
05EA001,2026-07-31T08:40:00Z,46,4.812,,,Provisional/Provisoire,,
05EA001,2026-07-31T08:45:00Z,46,4.810,,,Provisional/Provisoire,,
05EA001,2026-07-31T08:50:00Z,46,4.807,,,Provisional/Provisoire,,
05EA001,2026-07-31T08:55:00Z,46,4.810,,,Provisional/Provisoire,,
05EA001,2026-07-31T09:00:00Z,46,4.812,,,Provisional/Provisoire,,
05EA001,2026-07-31T09:05:00Z,46,4.809,,,Provisional/Provisoire,,
05EA001,2026-07-31T09:10:00Z,46,4.806,,,Provisional/Provisoire,,
05EA001,2026-07-31T09:15:00Z,46,4.810,,,Provisional/Provisoire,,
05EA001,2026-07-31T09:20:00Z,46,4.810,,,Provisional/Provisoire,,
05EA001,2026-07-31T09:25:00Z,46,4.809,,,Provisional/Provisoire,,
05EA001,2026-07-31T09:30:00Z,46,4.804,,,Provisional/Provisoire,,
05EA001,2026-07-31T09:35:00Z,46,4.805,,,Provisional/Provisoire,,
05EA001,2026-07-31T09:40:00Z,46,4.805,,,Provisional/Provisoire,,
05EA001,2026-07-31T09:45:00Z,46,4.805,,,Provisional/Provisoire,,
05EA001,2026-07-31T09:50:00Z,46,4.809,,,Provisional/Provisoire,,
05EA001,2026-07-31T09:55:00Z,46,4.809,,,Provisional/Provisoire,,
05EA001,2026-07-31T10:00:00Z,46,4.807,,,Provisional/Provisoire,,
05EA001,2026-07-31T10:05:00Z,46,4.808,,,Provisional/Provisoire,,
05EA001,2026-07-31T10:10:00Z,46,4.807,,,Provisional/Provisoire,,
05EA001,2026-07-31T10:15:00Z,46,4.803,,,Provisional/Provisoire,,
05EA001,2026-07-31T10:20:00Z,46,4.808,,,Provisional/Provisoire,,
05EA001,2026-07-31T10:25:00Z,46,4.808,,,Provisional/Provisoire,,
05EA001,2026-07-31T10:30:00Z,46,4.806,,,Provisional/Provisoire,,
05EA001,2026-07-31T10:35:00Z,46,4.806,,,Provisional/Provisoire,,
05EA001,2026-07-31T10:40:00Z,46,4.808,,,Provisional/Provisoire,,
05EA001,2026-07-31T10:45:00Z,46,4.809,,,Provisional/Provisoire,,
05EA001,2026-07-31T10:50:00Z,46,4.808,,,Provisional/Provisoire,,
05EA001,2026-07-31T10:55:00Z,46,4.808,,,Provisional/Provisoire,,
05EA001,2026-07-31T11:00:00Z,46,4.801,,,Provisional/Provisoire,,
05EA001,2026-07-31T11:05:00Z,46,4.804,,,Provisional/Provisoire,,
05EA001,2026-07-31T11:10:00Z,46,4.805,,,Provisional/Provisoire,,
05EA001,2026-07-31T11:15:00Z,46,4.802,,,Provisional/Provisoire,,
05EA001,2026-07-31T11:20:00Z,46,4.804,,,Provisional/Provisoire,,
05EA001,2026-07-31T11:25:00Z,46,4.802,,,Provisional/Provisoire,,
05EA001,2026-07-31T11:30:00Z,46,4.804,,,Provisional/Provisoire,,
05EA001,2026-07-31T11:35:00Z,46,4.798,,,Provisional/Provisoire,,
05EA001,2026-07-31T11:40:00Z,46,4.800,,,Provisional/Provisoire,,
05EA001,2026-07-31T11:45:00Z,46,4.806,,,Provisional/Provisoire,,
05EA001,2026-07-31T11:50:00Z,46,4.804,,,Provisional/Provisoire,,
05EA001,2026-07-31T11:55:00Z,46,4.801,,,Provisional/Provisoire,,
05EA001,2026-07-31T12:00:00Z,46,4.804,,,Provisional/Provisoire,,
05EA001,2026-07-31T12:05:00Z,46,4.803,,,Provisional/Provisoire,,
05EA001,2026-07-31T12:10:00Z,46,4.802,,,Provisional/Provisoire,,
05EA001,2026-07-31T12:15:00Z,46,4.800,,,Provisional/Provisoire,,
05EA001,2026-07-31T12:20:00Z,46,4.803,,,Provisional/Provisoire,,
05EA001,2026-07-31T12:25:00Z,46,4.798,,,Provisional/Provisoire,,
05EA001,2026-07-31T12:30:00Z,46,4.804,,,Provisional/Provisoire,,
05EA001,2026-07-31T12:35:00Z,46,4.800,,,Provisional/Provisoire,,
05EA001,2026-07-31T12:40:00Z,46,4.803,,,Provisional/Provisoire,,
05EA001,2026-07-31T12:45:00Z,46,4.801,,,Provisional/Provisoire,,
05EA001,2026-07-31T12:50:00Z,46,4.801,,,Provisional/Provisoire,,
05EA001,2026-07-31T12:55:00Z,46,4.794,,,Provisional/Provisoire,,
05EA001,2026-07-31T13:00:00Z,46,4.796,,,Provisional/Provisoire,,
05EA001,2026-07-31T13:05:00Z,46,4.795,,,Provisional/Provisoire,,
05EA001,2026-07-31T13:10:00Z,46,4.795,,,Provisional/Provisoire,,
05EA001,2026-07-31T13:15:00Z,46,4.799,,,Provisional/Provisoire,,
05EA001,2026-07-31T13:20:00Z,46,4.798,,,Provisional/Provisoire,,
05EA001,2026-07-31T13:25:00Z,46,4.793,,,Provisional/Provisoire,,
05EA001,2026-07-31T13:30:00Z,46,4.799,,,Provisional/Provisoire,,
05EA001,2026-07-31T13:35:00Z,46,4.798,,,Provisional/Provisoire,,
05EA001,2026-07-31T13:40:00Z,46,4.799,,,Provisional/Provisoire,,
05EA001,2026-07-31T13:45:00Z,46,4.800,,,Provisional/Provisoire,,
05EA001,2026-07-31T13:50:00Z,46,4.796,,,Provisional/Provisoire,,
05EA001,2026-07-31T13:55:00Z,46,4.799,,,Provisional/Provisoire,,
05EA001,2026-07-31T14:00:00Z,46,4.794,,,Provisional/Provisoire,,
05EA001,2026-07-31T14:05:00Z,46,4.796,,,Provisional/Provisoire,,
05EA001,2026-07-31T14:10:00Z,46,4.799,,,Provisional/Provisoire,,
05EA001,2026-07-31T14:15:00Z,46,4.794,,,Provisional/Provisoire,,
05EA001,2026-07-31T14:20:00Z,46,4.795,,,Provisional/Provisoire,,
05EA001,2026-07-31T14:25:00Z,46,4.797,,,Provisional/Provisoire,,
05EA001,2026-07-31T14:30:00Z,46,4.800,,,Provisional/Provisoire,,
05EA001,2026-07-31T14:35:00Z,46,4.794,,,Provisional/Provisoire,,
05EA001,2026-07-31T14:40:00Z,46,4.794,,,Provisional/Provisoire,,
05EA001,2026-07-31T14:45:00Z,46,4.798,,,Provisional/Provisoire,,
05EA001,2026-07-31T14:50:00Z,46,4.792,,,Provisional/Provisoire,,
05EA001,2026-07-31T14:55:00Z,46,4.793,,,Provisional/Provisoire,,
05EA001,2026-07-31T15:00:00Z,46,4.795,,,Provisional/Provisoire,,
05EA001,2026-07-31T15:05:00Z,46,4.796,,,Provisional/Provisoire,,
05EA001,2026-07-31T15:10:00Z,46,4.794,,,Provisional/Provisoire,,
05EA001,2026-07-31T15:15:00Z,46,4.797,,,Provisional/Provisoire,,
05EA001,2026-07-31T15:20:00Z,46,4.798,,,Provisional/Provisoire,,
05EA001,2026-07-31T15:25:00Z,46,4.795,,,Provisional/Provisoire,,
05EA001,2026-07-31T15:30:00Z,46,4.796,,,Provisional/Provisoire,,
05EA001,2026-07-31T15:35:00Z,46,4.791,,,Provisional/Provisoire,,
05EA001,2026-07-31T15:40:00Z,46,4.792,,,Provisional/Provisoire,,
05EA001,2026-07-31T15:45:00Z,46,4.797,,,Provisional/Provisoire,,
05EA001,2026-07-31T15:50:00Z,46,4.794,,,Provisional/Provisoire,,
05EA001,2026-07-31T15:55:00Z,46,4.794,,,Provisional/Provisoire,,
05EA001,2026-07-31T16:00:00Z,46,4.795,,,Provisional/Provisoire,,
05EA001,2026-07-31T16:05:00Z,46,4.797,,,Provisional/Provisoire,,
05EA001,2026-07-31T16:10:00Z,46,4.797,,,Provisional/Provisoire,,
05EA001,2026-07-31T16:15:00Z,46,4.792,,,Provisional/Provisoire,,
05EA001,2026-07-31T16:20:00Z,46,4.792,,,Provisional/Provisoire,,
05EA001,2026-07-31T16:25:00Z,46,4.795,,,Provisional/Provisoire,,
05EA001,2026-07-31T16:30:00Z,46,4.791,,,Provisional/Provisoire,,
05EA001,2026-07-31T16:35:00Z,46,4.793,,,Provisional/Provisoire,,
05EA001,2026-07-31T16:40:00Z,46,4.787,,,Provisional/Provisoire,,
05EA001,2026-07-31T16:45:00Z,46,4.791,,,Provisional/Provisoire,,
05EA001,2026-07-31T16:50:00Z,46,4.790,,,Provisional/Provisoire,,
05EA001,2026-07-31T16:55:00Z,46,4.794,,,Provisional/Provisoire,,
05EA001,2026-07-31T17:00:00Z,46,4.792,,,Provisional/Provisoire,,
05EA001,2026-07-31T17:05:00Z,46,4.789,,,Provisional/Provisoire,,
05EA001,2026-07-31T17:10:00Z,46,4.790,,,Provisional/Provisoire,,
05EA001,2026-07-31T17:15:00Z,46,4.791,,,Provisional/Provisoire,,
05EA001,2026-07-31T17:20:00Z,46,4.790,,,Provisional/Provisoire,,
05EA001,2026-07-31T17:25:00Z,46,4.790,,,Provisional/Provisoire,,
05EA001,2026-07-31T17:30:00Z,46,4.787,,,Provisional/Provisoire,,
05EA001,2026-07-31T17:35:00Z,46,4.788,,,Provisional/Provisoire,,
05EA001,2026-07-31T17:40:00Z,46,4.791,,,Provisional/Provisoire,,
05EA001,2026-07-31T17:45:00Z,46,4.788,,,Provisional/Provisoire,,
05EA001,2026-07-31T17:50:00Z,46,4.787,,,Provisional/Provisoire,,
05EA001,2026-07-31T17:55:00Z,46,4.783,,,Provisional/Provisoire,,
05EA001,2026-07-31T18:00:00Z,46,4.783,,,Provisional/Provisoire,,
05EA001,2026-07-31T18:05:00Z,46,4.786,,,Provisional/Provisoire,,
05EA001,2026-07-31T18:10:00Z,46,4.792,,,Provisional/Provisoire,,
05EA001,2026-07-31T18:15:00Z,46,4.788,,,Provisional/Provisoire,,
05EA001,2026-07-31T18:20:00Z,46,4.782,,,Provisional/Provisoire,,
05EA001,2026-07-31T18:25:00Z,46,4.790,,,Provisional/Provisoire,,
05EA001,2026-07-31T18:30:00Z,46,4.788,,,Provisional/Provisoire,,
05EA001,2026-07-31T18:35:00Z,46,4.792,,,Provisional/Provisoire,,
05EA001,2026-07-31T18:40:00Z,46,4.791,,,Provisional/Provisoire,,
05EA001,2026-07-31T18:45:00Z,46,4.783,,,Provisional/Provisoire,,
05EA001,2026-07-31T18:50:00Z,46,4.789,,,Provisional/Provisoire,,
05EA001,2026-07-31T18:55:00Z,46,4.788,,,Provisional/Provisoire,,
05EA001,2026-07-31T19:00:00Z,46,4.790,,,Provisional/Provisoire,,
05EA001,2026-07-31T19:05:00Z,46,4.787,,,Provisional/Provisoire,,
05EA001,2026-07-31T19:10:00Z,46,4.787,,,Provisional/Provisoire,,
05EA001,2026-07-31T19:15:00Z,46,4.788,,,Provisional/Provisoire,,
05EA001,2026-07-31T19:20:00Z,46,4.788,,,Provisional/Provisoire,,
05EA001,2026-07-31T19:25:00Z,46,4.782,,,Provisional/Provisoire,,
05EA001,2026-07-31T19:30:00Z,46,4.780,,,Provisional/Provisoire,,
05EA001,2026-07-31T19:35:00Z,46,4.783,,,Provisional/Provisoire,,
05EA001,2026-07-31T19:40:00Z,46,4.782,,,Provisional/Provisoire,,
05EA001,2026-07-31T19:45:00Z,46,4.786,,,Provisional/Provisoire,,
05EA001,2026-07-31T19:50:00Z,46,4.779,,,Provisional/Provisoire,,
05EA001,2026-07-31T19:55:00Z,46,4.786,,,Provisional/Provisoire,,
05EA001,2026-07-31T20:00:00Z,46,4.782,,,Provisional/Provisoire,,
05EA001,2026-07-31T20:05:00Z,46,4.784,,,Provisional/Provisoire,,
05EA001,2026-07-31T20:10:00Z,46,4.782,,,Provisional/Provisoire,,
05EA001,2026-07-31T20:15:00Z,46,4.784,,,Provisional/Provisoire,,
05EA001,2026-07-31T20:20:00Z,46,4.785,,,Provisional/Provisoire,,
05EA001,2026-07-31T20:25:00Z,46,4.783,,,Provisional/Provisoire,,
05EA001,2026-07-31T20:30:00Z,46,4.782,,,Provisional/Provisoire,,
05EA001,2026-07-31T20:35:00Z,46,4.785,,,Provisional/Provisoire,,
05EA001,2026-07-31T20:40:00Z,46,4.779,,,Provisional/Provisoire,,
05EA001,2026-07-31T20:45:00Z,46,4.784,,,Provisional/Provisoire,,
05EA001,2026-07-31T20:50:00Z,46,4.785,,,Provisional/Provisoire,,
05EA001,2026-07-31T20:55:00Z,46,4.785,,,Provisional/Provisoire,,
05EA001,2026-07-31T21:00:00Z,46,4.788,,,Provisional/Provisoire,,
05EA001,2026-07-31T21:05:00Z,46,4.786,,,Provisional/Provisoire,,
05EA001,2026-07-31T21:10:00Z,46,4.779,,,Provisional/Provisoire,,
05EA001,2026-07-31T21:15:00Z,46,4.782,,,Provisional/Provisoire,,
05EA001,2026-07-31T21:20:00Z,46,4.777,,,Provisional/Provisoire,,
05EA001,2026-07-31T21:25:00Z,46,4.782,,,Provisional/Provisoire,,
05EA001,2026-07-31T21:30:00Z,46,4.783,,,Provisional/Provisoire,,
05EA001,2026-07-31T21:35:00Z,46,4.778,,,Provisional/Provisoire,,
05EA001,2026-07-31T21:40:00Z,46,4.777,,,Provisional/Provisoire,,
05EA001,2026-07-31T21:45:00Z,46,4.784,,,Provisional/Provisoire,,
05EA001,2026-07-31T21:50:00Z,46,4.779,,,Provisional/Provisoire,,
05EA001,2026-07-31T21:55:00Z,46,4.780,,,Provisional/Provisoire,,
05EA001,2026-07-31T22:00:00Z,46,4.780,,,Provisional/Provisoire,,
05EA001,2026-07-31T22:05:00Z,46,4.779,,,Provisional/Provisoire,,
05EA001,2026-07-31T22:10:00Z,46,4.777,,,Provisional/Provisoire,,
05EA001,2026-07-31T22:15:00Z,46,4.780,,,Provisional/Provisoire,,
05EA001,2026-07-31T22:20:00Z,46,4.780,,,Provisional/Provisoire,,
05EA001,2026-07-31T22:25:00Z,46,4.779,,,Provisional/Provisoire,,
05EA001,2026-07-31T22:30:00Z,46,4.778,,,Provisional/Provisoire,,
05EA001,2026-07-31T22:35:00Z,46,4.782,,,Provisional/Provisoire,,
05EA001,2026-07-31T22:40:00Z,46,4.782,,,Provisional/Provisoire,,
05EA001,2026-07-31T22:45:00Z,46,4.779,,,Provisional/Provisoire,,
05EA001,2026-07-31T22:50:00Z,46,4.774,,,Provisional/Provisoire,,
05EA001,2026-07-31T22:55:00Z,46,4.775,,,Provisional/Provisoire,,
05EA001,2026-07-31T23:00:00Z,46,4.780,,,Provisional/Provisoire,,
05EA001,2026-07-31T23:05:00Z,46,4.774,,,Provisional/Provisoire,,
05EA001,2026-07-31T23:10:00Z,46,4.781,,,Provisional/Provisoire,,
05EA001,2026-07-31T23:15:00Z,46,4.780,,,Provisional/Provisoire,,
05EA001,2026-07-31T23:20:00Z,46,4.775,,,Provisional/Provisoire,,
05EA001,2026-07-31T23:25:00Z,46,4.778,,,Provisional/Provisoire,,
05EA001,2026-07-31T23:30:00Z,46,4.779,,,Provisional/Provisoire,,
05EA001,2026-07-31T23:35:00Z,46,4.777,,,Provisional/Provisoire,,
05EA001,2026-07-31T23:40:00Z,46,4.780,,,Provisional/Provisoire,,
05EA001,2026-07-31T23:45:00Z,46,4.777,,,Provisional/Provisoire,,
05EA001,2026-07-31T23:50:00Z,46,4.775,,,Provisional/Provisoire,,
05EA001,2026-07-31T23:55:00Z,46,4.774,,,Provisional/Provisoire,,
05EA001,2026-08-01T00:00:00Z,46,4.777,,,Provisional/Provisoire,,
05EA001,2026-08-01T00:05:00Z,46,4.775,,,Provisional/Provisoire,,
05EA001,2026-08-01T00:10:00Z,46,4.781,,,Provisional/Provisoire,,
05EA001,2026-08-01T00:15:00Z,46,4.775,,,Provisional/Provisoire,,
05EA001,2026-08-01T00:20:00Z,46,4.773,,,Provisional/Provisoire,,
05EA001,2026-08-01T00:25:00Z,46,4.779,,,Provisional/Provisoire,,
05EA001,2026-08-01T00:30:00Z,46,4.773,,,Provisional/Provisoire,,
05EA001,2026-08-01T00:35:00Z,46,4.780,,,Provisional/Provisoire,,
05EA001,2026-08-01T00:40:00Z,46,4.776,,,Provisional/Provisoire,,
05EA001,2026-08-01T00:45:00Z,46,4.777,,,Provisional/Provisoire,,
05EA001,2026-08-01T00:50:00Z,46,4.770,,,Provisional/Provisoire,,
05EA001,2026-08-01T00:55:00Z,46,4.773,,,Provisional/Provisoire,,
05EA001,2026-08-01T01:00:00Z,46,4.775,,,Provisional/Provisoire,,
05EA001,2026-08-01T01:05:00Z,46,4.773,,,Provisional/Provisoire,,
05EA001,2026-08-01T01:10:00Z,46,4.774,,,Provisional/Provisoire,,
05EA001,2026-08-01T01:15:00Z,46,4.776,,,Provisional/Provisoire,,
05EA001,2026-08-01T01:20:00Z,46,4.770,,,Provisional/Provisoire,,
05EA001,2026-08-01T01:25:00Z,46,4.774,,,Provisional/Provisoire,,
05EA001,2026-08-01T01:30:00Z,46,4.770,,,Provisional/Provisoire,,
05EA001,2026-08-01T01:35:00Z,46,4.773,,,Provisional/Provisoire,,
05EA001,2026-08-01T01:40:00Z,46,4.774,,,Provisional/Provisoire,,
05EA001,2026-08-01T01:45:00Z,46,4.773,,,Provisional/Provisoire,,
05EA001,2026-08-01T01:50:00Z,46,4.775,,,Provisional/Provisoire,,
05EA001,2026-08-01T01:55:00Z,46,4.772,,,Provisional/Provisoire,,
05EA001,2026-08-01T02:00:00Z,46,4.772,,,Provisional/Provisoire,,
05EA001,2026-08-01T02:05:00Z,46,4.773,,,Provisional/Provisoire,,
05EA001,2026-08-01T02:10:00Z,46,4.772,,,Provisional/Provisoire,,
05EA001,2026-08-01T02:15:00Z,46,4.772,,,Provisional/Provisoire,,
05EA001,2026-08-01T02:20:00Z,46,4.773,,,Provisional/Provisoire,,
05EA001,2026-08-01T02:25:00Z,46,4.775,,,Provisional/Provisoire,,
05EA001,2026-08-01T02:30:00Z,46,4.773,,,Provisional/Provisoire,,
05EA001,2026-08-01T02:35:00Z,46,4.773,,,Provisional/Provisoire,,
05EA001,2026-08-01T02:40:00Z,46,4.770,,,Provisional/Provisoire,,
05EA001,2026-08-01T02:45:00Z,46,4.771,,,Provisional/Provisoire,,
05EA001,2026-08-01T02:50:00Z,46,4.770,,,Provisional/Provisoire,,
05EA001,2026-08-01T02:55:00Z,46,4.770,,,Provisional/Provisoire,,
05EA001,2026-08-01T03:00:00Z,46,4.774,,,Provisional/Provisoire,,
05EA001,2026-08-01T03:05:00Z,46,4.773,,,Provisional/Provisoire,,
05EA001,2026-08-01T03:10:00Z,46,4.771,,,Provisional/Provisoire,,
05EA001,2026-08-01T03:15:00Z,46,4.765,,,Provisional/Provisoire,,
05EA001,2026-08-01T03:20:00Z,46,4.773,,,Provisional/Provisoire,,
05EA001,2026-08-01T03:25:00Z,46,4.775,,,Provisional/Provisoire,,
05EA001,2026-08-01T03:30:00Z,46,4.770,,,Provisional/Provisoire,,
05EA001,2026-08-01T03:35:00Z,46,4.771,,,Provisional/Provisoire,,
05EA001,2026-08-01T03:40:00Z,46,4.771,,,Provisional/Provisoire,,
05EA001,2026-08-01T03:45:00Z,46,4.772,,,Provisional/Provisoire,,
05EA001,2026-08-01T03:50:00Z,46,4.765,,,Provisional/Provisoire,,
05EA001,2026-08-01T03:55:00Z,46,4.763,,,Provisional/Provisoire,,
05EA001,2026-08-01T04:00:00Z,46,4.770,,,Provisional/Provisoire,,
05EA001,2026-08-01T04:05:00Z,46,4.770,,,Provisional/Provisoire,,
05EA001,2026-08-01T04:10:00Z,46,4.767,,,Provisional/Provisoire,,
05EA001,2026-08-01T04:15:00Z,46,4.776,,,Provisional/Provisoire,,
05EA001,2026-08-01T04:20:00Z,46,4.770,,,Provisional/Provisoire,,
05EA001,2026-08-01T04:25:00Z,46,4.770,,,Provisional/Provisoire,,
05EA001,2026-08-01T04:30:00Z,46,4.772,,,Provisional/Provisoire,,
05EA001,2026-08-01T04:35:00Z,46,4.773,,,Provisional/Provisoire,,
05EA001,2026-08-01T04:40:00Z,46,4.769,,,Provisional/Provisoire,,
05EA001,2026-08-01T04:45:00Z,46,4.765,,,Provisional/Provisoire,,
05EA001,2026-08-01T04:50:00Z,46,4.770,,,Provisional/Provisoire,,
05EA001,2026-08-01T04:55:00Z,46,4.767,,,Provisional/Provisoire,,
05EA001,2026-08-01T05:00:00Z,46,4.762,,,Provisional/Provisoire,,
05EA001,2026-08-01T05:05:00Z,46,4.770,,,Provisional/Provisoire,,
05EA001,2026-08-01T05:10:00Z,46,4.759,,,Provisional/Provisoire,,
05EA001,2026-08-01T05:15:00Z,46,4.769,,,Provisional/Provisoire,,
05EA001,2026-08-01T05:20:00Z,46,4.770,,,Provisional/Provisoire,,
05EA001,2026-08-01T05:25:00Z,46,4.769,,,Provisional/Provisoire,,
05EA001,2026-08-01T05:30:00Z,46,4.772,,,Provisional/Provisoire,,
05EA001,2026-08-01T05:35:00Z,46,4.772,,,Provisional/Provisoire,,
05EA001,2026-08-01T05:40:00Z,46,4.767,,,Provisional/Provisoire,,
05EA001,2026-08-01T05:45:00Z,46,4.772,,,Provisional/Provisoire,,
05EA001,2026-08-01T05:50:00Z,46,4.769,,,Provisional/Provisoire,,
05EA001,2026-08-01T05:55:00Z,46,4.774,,,Provisional/Provisoire,,
05EA001,2026-08-01T06:00:00Z,46,4.769,,,Provisional/Provisoire,,
05EA001,2026-08-01T06:05:00Z,46,4.766,,,Provisional/Provisoire,,
05EA001,2026-08-01T06:10:00Z,46,4.765,,,Provisional/Provisoire,,
05EA001,2026-08-01T06:15:00Z,46,4.771,,,Provisional/Provisoire,,
05EA001,2026-08-01T06:20:00Z,46,4.764,,,Provisional/Provisoire,,
05EA001,2026-08-01T06:25:00Z,46,4.767,,,Provisional/Provisoire,,
05EA001,2026-08-01T06:30:00Z,46,4.776,,,Provisional/Provisoire,,
05EA001,2026-08-01T06:35:00Z,46,4.773,,,Provisional/Provisoire,,
05EA001,2026-08-01T06:40:00Z,46,4.774,,,Provisional/Provisoire,,
05EA001,2026-08-01T06:45:00Z,46,4.774,,,Provisional/Provisoire,,
05EA001,2026-08-01T06:50:00Z,46,4.765,,,Provisional/Provisoire,,
05EA001,2026-08-01T06:55:00Z,46,4.765,,,Provisional/Provisoire,,
05EA001,2026-08-01T07:00:00Z,46,4.773,,,Provisional/Provisoire,,
05EA001,2026-08-01T07:05:00Z,46,4.773,,,Provisional/Provisoire,,
05EA001,2026-08-01T07:10:00Z,46,4.767,,,Provisional/Provisoire,,
05EA001,2026-08-01T07:15:00Z,46,4.765,,,Provisional/Provisoire,,
05EA001,2026-08-01T07:20:00Z,46,4.761,,,Provisional/Provisoire,,
05EA001,2026-08-01T07:25:00Z,46,4.767,,,Provisional/Provisoire,,
05EA001,2026-08-01T07:30:00Z,46,4.766,,,Provisional/Provisoire,,
05EA001,2026-08-01T07:35:00Z,46,4.771,,,Provisional/Provisoire,,
05EA001,2026-08-01T07:40:00Z,46,4.767,,,Provisional/Provisoire,,
05EA001,2026-08-01T07:45:00Z,46,4.767,,,Provisional/Provisoire,,
05EA001,2026-08-01T07:50:00Z,46,4.769,,,Provisional/Provisoire,,
05EA001,2026-08-01T07:55:00Z,46,4.770,,,Provisional/Provisoire,,
05EA001,2026-08-01T08:00:00Z,46,4.761,,,Provisional/Provisoire,,
05EA001,2026-08-01T08:05:00Z,46,4.764,,,Provisional/Provisoire,,
05EA001,2026-08-01T08:10:00Z,46,4.765,,,Provisional/Provisoire,,
05EA001,2026-08-01T08:15:00Z,46,4.769,,,Provisional/Provisoire,,
05EA001,2026-08-01T08:20:00Z,46,4.765,,,Provisional/Provisoire,,
05EA001,2026-08-01T08:25:00Z,46,4.767,,,Provisional/Provisoire,,
05EA001,2026-08-01T08:30:00Z,46,4.765,,,Provisional/Provisoire,,
05EA001,2026-08-01T08:35:00Z,46,4.766,,,Provisional/Provisoire,,
05EA001,2026-08-01T08:40:00Z,46,4.761,,,Provisional/Provisoire,,
05EA001,2026-08-01T08:45:00Z,46,4.761,,,Provisional/Provisoire,,
05EA001,2026-08-01T08:50:00Z,46,4.761,,,Provisional/Provisoire,,
05EA001,2026-08-01T08:55:00Z,46,4.767,,,Provisional/Provisoire,,
05EA001,2026-08-01T09:00:00Z,46,4.764,,,Provisional/Provisoire,,
05EA001,2026-08-01T09:05:00Z,46,4.764,,,Provisional/Provisoire,,
05EA001,2026-08-01T09:10:00Z,46,4.769,,,Provisional/Provisoire,,
05EA001,2026-08-01T09:15:00Z,46,4.770,,,Provisional/Provisoire,,
05EA001,2026-08-01T09:20:00Z,46,4.765,,,Provisional/Provisoire,,
05EA001,2026-08-01T09:25:00Z,46,4.766,,,Provisional/Provisoire,,
05EA001,2026-08-01T09:30:00Z,46,4.757,,,Provisional/Provisoire,,
05EA001,2026-08-01T09:35:00Z,46,4.767,,,Provisional/Provisoire,,
05EA001,2026-08-01T09:40:00Z,46,4.755,,,Provisional/Provisoire,,
05EA001,2026-08-01T09:45:00Z,46,4.759,,,Provisional/Provisoire,,
05EA001,2026-08-01T09:50:00Z,46,4.761,,,Provisional/Provisoire,,
05EA001,2026-08-01T09:55:00Z,46,4.767,,,Provisional/Provisoire,,
05EA001,2026-08-01T10:00:00Z,46,4.763,,,Provisional/Provisoire,,
05EA001,2026-08-01T10:05:00Z,46,4.766,,,Provisional/Provisoire,,
05EA001,2026-08-01T10:10:00Z,46,4.760,,,Provisional/Provisoire,,
05EA001,2026-08-01T10:15:00Z,46,4.763,,,Provisional/Provisoire,,
05EA001,2026-08-01T10:20:00Z,46,4.760,,,Provisional/Provisoire,,
05EA001,2026-08-01T10:25:00Z,46,4.759,,,Provisional/Provisoire,,
05EA001,2026-08-01T10:30:00Z,46,4.765,,,Provisional/Provisoire,,
05EA001,2026-08-01T10:35:00Z,46,4.759,,,Provisional/Provisoire,,
05EA001,2026-08-01T10:40:00Z,46,4.755,,,Provisional/Provisoire,,
05EA001,2026-08-01T10:45:00Z,46,4.756,,,Provisional/Provisoire,,
05EA001,2026-08-01T10:50:00Z,46,4.764,,,Provisional/Provisoire,,
05EA001,2026-08-01T10:55:00Z,46,4.763,,,Provisional/Provisoire,,
05EA001,2026-08-01T11:00:00Z,46,4.757,,,Provisional/Provisoire,,
05EA001,2026-08-01T11:05:00Z,46,4.766,,,Provisional/Provisoire,,
05EA001,2026-08-01T11:10:00Z,46,4.761,,,Provisional/Provisoire,,
05EA001,2026-08-01T11:15:00Z,46,4.763,,,Provisional/Provisoire,,
05EA001,2026-08-01T11:20:00Z,46,4.758,,,Provisional/Provisoire,,
05EA001,2026-08-01T11:25:00Z,46,4.753,,,Provisional/Provisoire,,
05EA001,2026-08-01T11:30:00Z,46,4.756,,,Provisional/Provisoire,,
05EA001,2026-08-01T11:35:00Z,46,4.762,,,Provisional/Provisoire,,
05EA001,2026-08-01T11:40:00Z,46,4.757,,,Provisional/Provisoire,,
05EA001,2026-08-01T11:45:00Z,46,4.763,,,Provisional/Provisoire,,
05EA001,2026-08-01T11:50:00Z,46,4.759,,,Provisional/Provisoire,,
05EA001,2026-08-01T11:55:00Z,46,4.756,,,Provisional/Provisoire,,
05EA001,2026-08-01T12:00:00Z,46,4.760,,,Provisional/Provisoire,,
05EA001,2026-08-01T12:05:00Z,46,4.755,,,Provisional/Provisoire,,
05EA001,2026-08-01T12:10:00Z,46,4.761,,,Provisional/Provisoire,,
05EA001,2026-08-01T12:15:00Z,46,4.758,,,Provisional/Provisoire,,
05EA001,2026-08-01T12:20:00Z,46,4.766,,,Provisional/Provisoire,,
05EA001,2026-08-01T12:25:00Z,46,4.760,,,Provisional/Provisoire,,
05EA001,2026-08-01T12:30:00Z,46,4.762,,,Provisional/Provisoire,,
05EA001,2026-08-01T12:35:00Z,46,4.762,,,Provisional/Provisoire,,
05EA001,2026-08-01T12:40:00Z,46,4.755,,,Provisional/Provisoire,,
05EA001,2026-08-01T12:45:00Z,46,4.754,,,Provisional/Provisoire,,
05EA001,2026-08-01T12:50:00Z,46,4.764,,,Provisional/Provisoire,,
05EA001,2026-08-01T12:55:00Z,46,4.761,,,Provisional/Provisoire,,
05EA001,2026-08-01T13:00:00Z,46,4.764,,,Provisional/Provisoire,,
05EA001,2026-08-01T13:05:00Z,46,4.754,,,Provisional/Provisoire,,
05EA001,2026-08-01T13:10:00Z,46,4.757,,,Provisional/Provisoire,,
05EA001,2026-08-01T13:15:00Z,46,4.756,,,Provisional/Provisoire,,
05EA001,2026-08-01T13:20:00Z,46,4.755,,,Provisional/Provisoire,,
05EA001,2026-08-01T13:25:00Z,46,4.761,,,Provisional/Provisoire,,
05EA001,2026-08-01T13:30:00Z,46,4.752,,,Provisional/Provisoire,,
05EA001,2026-08-01T13:35:00Z,46,4.748,,,Provisional/Provisoire,,
05EA001,2026-08-01T13:40:00Z,46,4.754,,,Provisional/Provisoire,,
05EA001,2026-08-01T13:45:00Z,46,4.755,,,Provisional/Provisoire,,
05EA001,2026-08-01T13:50:00Z,46,4.754,,,Provisional/Provisoire,,
05EA001,2026-08-01T13:55:00Z,46,4.760,,,Provisional/Provisoire,,
05EA001,2026-08-01T14:00:00Z,46,4.748,,,Provisional/Provisoire,,
05EA001,2026-08-01T14:05:00Z,46,4.755,,,Provisional/Provisoire,,
05EA001,2026-08-01T14:10:00Z,46,4.760,,,Provisional/Provisoire,,
05EA001,2026-08-01T14:15:00Z,46,4.757,,,Provisional/Provisoire,,
05EA001,2026-08-01T14:20:00Z,46,4.757,,,Provisional/Provisoire,,
05EA001,2026-08-01T14:25:00Z,46,4.759,,,Provisional/Provisoire,,
05EA001,2026-08-01T14:30:00Z,46,4.754,,,Provisional/Provisoire,,
05EA001,2026-08-01T14:35:00Z,46,4.755,,,Provisional/Provisoire,,
05EA001,2026-08-01T14:40:00Z,46,4.755,,,Provisional/Provisoire,,
05EA001,2026-08-01T14:45:00Z,46,4.758,,,Provisional/Provisoire,,
05EA001,2026-08-01T14:50:00Z,46,4.753,,,Provisional/Provisoire,,
05EA001,2026-08-01T14:55:00Z,46,4.757,,,Provisional/Provisoire,,
05EA001,2026-08-01T15:00:00Z,46,4.749,,,Provisional/Provisoire,,
05EA001,2026-08-01T15:05:00Z,46,4.755,,,Provisional/Provisoire,,
05EA001,2026-08-01T15:10:00Z,46,4.760,,,Provisional/Provisoire,,
05EA001,2026-08-01T15:15:00Z,46,4.759,,,Provisional/Provisoire,,
05EA001,2026-08-01T15:20:00Z,46,4.750,,,Provisional/Provisoire,,
05EA001,2026-08-01T15:25:00Z,46,4.756,,,Provisional/Provisoire,,
05EA001,2026-08-01T15:30:00Z,46,4.757,,,Provisional/Provisoire,,
05EA001,2026-08-01T15:35:00Z,46,4.756,,,Provisional/Provisoire,,
05EA001,2026-08-01T15:40:00Z,46,4.759,,,Provisional/Provisoire,,
05EA001,2026-08-01T15:45:00Z,46,4.754,,,Provisional/Provisoire,,
05EA001,2026-08-01T15:50:00Z,46,4.757,,,Provisional/Provisoire,,
05EA001,2026-08-01T15:55:00Z,46,4.757,,,Provisional/Provisoire,,
05EA001,2026-08-01T16:00:00Z,46,4.757,,,Provisional/Provisoire,,
05EA001,2026-08-01T16:05:00Z,46,4.754,,,Provisional/Provisoire,,
05EA001,2026-08-01T16:10:00Z,46,4.754,,,Provisional/Provisoire,,
05EA001,2026-08-01T16:15:00Z,46,4.757,,,Provisional/Provisoire,,
05EA001,2026-08-01T16:20:00Z,46,4.752,,,Provisional/Provisoire,,
05EA001,2026-08-01T16:25:00Z,46,4.748,,,Provisional/Provisoire,,
05EA001,2026-08-01T16:30:00Z,46,4.757,,,Provisional/Provisoire,,
05EA001,2026-08-01T16:35:00Z,46,4.751,,,Provisional/Provisoire,,
05EA001,2026-08-01T16:40:00Z,46,4.751,,,Provisional/Provisoire,,
05EA001,2026-08-01T16:45:00Z,46,4.751,,,Provisional/Provisoire,,
05EA001,2026-08-01T16:50:00Z,46,4.758,,,Provisional/Provisoire,,
05EA001,2026-08-01T16:55:00Z,46,4.753,,,Provisional/Provisoire,,
05EA001,2026-08-01T17:00:00Z,46,4.754,,,Provisional/Provisoire,,
05EA001,2026-08-01T17:05:00Z,46,4.749,,,Provisional/Provisoire,,
05EA001,2026-08-01T17:10:00Z,46,4.759,,,Provisional/Provisoire,,
05EA001,2026-08-01T17:15:00Z,46,4.751,,,Provisional/Provisoire,,
05EA001,2026-08-01T17:20:00Z,46,4.756,,,Provisional/Provisoire,,
05EA001,2026-08-01T17:25:00Z,46,4.752,,,Provisional/Provisoire,,
05EA001,2026-08-01T17:30:00Z,46,4.750,,,Provisional/Provisoire,,
05EA001,2026-08-01T17:35:00Z,46,4.750,,,Provisional/Provisoire,,
05EA001,2026-08-01T17:40:00Z,46,4.754,,,Provisional/Provisoire,,
05EA001,2026-08-01T17:45:00Z,46,4.750,,,Provisional/Provisoire,,
05EA001,2026-08-01T17:50:00Z,46,4.748,,,Provisional/Provisoire,,
05EA001,2026-08-01T17:55:00Z,46,4.750,,,Provisional/Provisoire,,
05EA001,2026-08-01T18:00:00Z,46,4.753,,,Provisional/Provisoire,,
05EA001,2026-08-01T18:05:00Z,46,4.754,,,Provisional/Provisoire,,
05EA001,2026-08-01T18:10:00Z,46,4.747,,,Provisional/Provisoire,,
05EA001,2026-08-01T18:15:00Z,46,4.747,,,Provisional/Provisoire,,
05EA001,2026-08-01T18:20:00Z,46,4.750,,,Provisional/Provisoire,,
05EA001,2026-08-01T18:25:00Z,46,4.751,,,Provisional/Provisoire,,
05EA001,2026-08-01T18:30:00Z,46,4.746,,,Provisional/Provisoire,,
05EA001,2026-08-01T18:35:00Z,46,4.751,,,Provisional/Provisoire,,
05EA001,2026-08-01T18:40:00Z,46,4.754,,,Provisional/Provisoire,,
05EA001,2026-08-01T18:45:00Z,46,4.751,,,Provisional/Provisoire,,
05EA001,2026-08-01T18:50:00Z,46,4.751,,,Provisional/Provisoire,,
05EA001,2026-08-01T18:55:00Z,46,4.752,,,Provisional/Provisoire,,
05EA001,2026-08-01T19:00:00Z,46,4.751,,,Provisional/Provisoire,,
05EA001,2026-08-01T19:05:00Z,46,4.746,,,Provisional/Provisoire,,
05EA001,2026-08-01T19:10:00Z,46,4.751,,,Provisional/Provisoire,,
05EA001,2026-08-01T19:15:00Z,46,4.749,,,Provisional/Provisoire,,
05EA001,2026-08-01T19:20:00Z,46,4.753,,,Provisional/Provisoire,,
05EA001,2026-08-01T19:25:00Z,46,4.749,,,Provisional/Provisoire,,
05EA001,2026-08-01T19:30:00Z,46,4.748,,,Provisional/Provisoire,,
05EA001,2026-08-01T19:35:00Z,46,4.739,,,Provisional/Provisoire,,
05EA001,2026-08-01T19:40:00Z,46,4.749,,,Provisional/Provisoire,,
05EA001,2026-08-01T19:45:00Z,46,4.744,,,Provisional/Provisoire,,
05EA001,2026-08-01T19:50:00Z,46,4.752,,,Provisional/Provisoire,,
05EA001,2026-08-01T19:55:00Z,46,4.750,,,Provisional/Provisoire,,
05EA001,2026-08-01T20:00:00Z,46,4.753,,,Provisional/Provisoire,,
05EA001,2026-08-01T20:05:00Z,46,4.751,,,Provisional/Provisoire,,
05EA001,2026-08-01T20:10:00Z,46,4.753,,,Provisional/Provisoire,,
05EA001,2026-08-01T20:15:00Z,46,4.751,,,Provisional/Provisoire,,
05EA001,2026-08-01T20:20:00Z,46,4.750,,,Provisional/Provisoire,,
05EA001,2026-08-01T20:25:00Z,46,4.745,,,Provisional/Provisoire,,
05EA001,2026-08-01T20:30:00Z,46,4.750,,,Provisional/Provisoire,,
05EA001,2026-08-01T20:35:00Z,46,4.751,,,Provisional/Provisoire,,
05EA001,2026-08-01T20:40:00Z,46,4.746,,,Provisional/Provisoire,,
05EA001,2026-08-01T20:45:00Z,46,4.751,,,Provisional/Provisoire,,
05EA001,2026-08-01T20:50:00Z,46,4.748,,,Provisional/Provisoire,,
05EA001,2026-08-01T20:55:00Z,46,4.745,,,Provisional/Provisoire,,
05EA001,2026-08-01T21:00:00Z,46,4.747,,,Provisional/Provisoire,,
05EA001,2026-08-01T21:05:00Z,46,4.751,,,Provisional/Provisoire,,
05EA001,2026-08-01T21:10:00Z,46,4.744,,,Provisional/Provisoire,,
05EA001,2026-08-01T21:15:00Z,46,4.750,,,Provisional/Provisoire,,
05EA001,2026-08-01T21:20:00Z,46,4.748,,,Provisional/Provisoire,,
05EA001,2026-08-01T21:25:00Z,46,4.753,,,Provisional/Provisoire,,
05EA001,2026-08-01T21:30:00Z,46,4.747,,,Provisional/Provisoire,,
05EA001,2026-08-01T21:35:00Z,46,4.753,,,Provisional/Provisoire,,
05EA001,2026-08-01T21:40:00Z,46,4.751,,,Provisional/Provisoire,,
05EA001,2026-08-01T21:45:00Z,46,4.753,,,Provisional/Provisoire,,
05EA001,2026-08-01T21:50:00Z,46,4.753,,,Provisional/Provisoire,,
05EA001,2026-08-01T21:55:00Z,46,4.747,,,Provisional/Provisoire,,
05EA001,2026-08-01T22:00:00Z,46,4.749,,,Provisional/Provisoire,,
05EA001,2026-08-01T22:05:00Z,46,4.744,,,Provisional/Provisoire,,
05EA001,2026-08-01T22:10:00Z,46,4.746,,,Provisional/Provisoire,,
05EA001,2026-08-01T22:15:00Z,46,4.752,,,Provisional/Provisoire,,
05EA001,2026-08-01T22:20:00Z,46,4.743,,,Provisional/Provisoire,,
05EA001,2026-08-01T22:25:00Z,46,4.750,,,Provisional/Provisoire,,
05EA001,2026-08-01T22:30:00Z,46,4.743,,,Provisional/Provisoire,,
05EA001,2026-08-01T22:35:00Z,46,4.745,,,Provisional/Provisoire,,
05EA001,2026-08-01T22:40:00Z,46,4.743,,,Provisional/Provisoire,,
05EA001,2026-08-01T22:45:00Z,46,4.746,,,Provisional/Provisoire,,
05EA001,2026-08-01T22:50:00Z,46,4.752,,,Provisional/Provisoire,,
05EA001,2026-08-01T22:55:00Z,46,4.742,,,Provisional/Provisoire,,
05EA001,2026-08-01T23:00:00Z,46,4.736,,,Provisional/Provisoire,,
05EA001,2026-08-01T23:05:00Z,46,4.748,,,Provisional/Provisoire,,
05EA001,2026-08-01T23:10:00Z,46,4.749,,,Provisional/Provisoire,,
05EA001,2026-08-01T23:15:00Z,46,4.749,,,Provisional/Provisoire,,
05EA001,2026-08-01T23:20:00Z,46,4.744,,,Provisional/Provisoire,,
05EA001,2026-08-01T23:25:00Z,46,4.743,,,Provisional/Provisoire,,
05EA001,2026-08-01T23:30:00Z,46,4.748,,,Provisional/Provisoire,,
05EA001,2026-08-01T23:35:00Z,46,4.747,,,Provisional/Provisoire,,
05EA001,2026-08-01T23:40:00Z,46,4.742,,,Provisional/Provisoire,,
05EA001,2026-08-01T23:45:00Z,46,4.742,,,Provisional/Provisoire,,
05EA001,2026-08-01T23:50:00Z,46,4.751,,,Provisional/Provisoire,,
05EA001,2026-08-01T23:55:00Z,46,4.747,,,Provisional/Provisoire,,
05EA001,2026-08-02T00:00:00Z,46,4.740,,,Provisional/Provisoire,,
05EA001,2026-08-02T00:05:00Z,46,4.742,,,Provisional/Provisoire,,
05EA001,2026-08-02T00:10:00Z,46,4.741,,,Provisional/Provisoire,,
05EA001,2026-08-02T00:15:00Z,46,4.748,,,Provisional/Provisoire,,
05EA001,2026-08-02T00:20:00Z,46,4.749,,,Provisional/Provisoire,,
05EA001,2026-08-02T00:25:00Z,46,4.744,,,Provisional/Provisoire,,
05EA001,2026-08-02T00:30:00Z,46,4.744,,,Provisional/Provisoire,,
05EA001,2026-08-02T00:35:00Z,46,4.745,,,Provisional/Provisoire,,
05EA001,2026-08-02T00:40:00Z,46,4.746,,,Provisional/Provisoire,,
05EA001,2026-08-02T00:45:00Z,46,4.741,,,Provisional/Provisoire,,
05EA001,2026-08-02T00:50:00Z,46,4.744,,,Provisional/Provisoire,,
05EA001,2026-08-02T00:55:00Z,46,4.744,,,Provisional/Provisoire,,
05EA001,2026-08-02T01:00:00Z,46,4.743,,,Provisional/Provisoire,,
05EA001,2026-08-02T01:05:00Z,46,4.748,,,Provisional/Provisoire,,
05EA001,2026-08-02T01:10:00Z,46,4.745,,,Provisional/Provisoire,,
05EA001,2026-08-02T01:15:00Z,46,4.743,,,Provisional/Provisoire,,
05EA001,2026-08-02T01:20:00Z,46,4.745,,,Provisional/Provisoire,,
05EA001,2026-08-02T01:25:00Z,46,4.744,,,Provisional/Provisoire,,
05EA001,2026-08-02T01:30:00Z,46,4.740,,,Provisional/Provisoire,,
05EA001,2026-08-02T01:35:00Z,46,4.745,,,Provisional/Provisoire,,
05EA001,2026-08-02T01:40:00Z,46,4.740,,,Provisional/Provisoire,,
05EA001,2026-08-02T01:45:00Z,46,4.736,,,Provisional/Provisoire,,
05EA001,2026-08-02T01:50:00Z,46,4.743,,,Provisional/Provisoire,,
05EA001,2026-08-02T01:55:00Z,46,4.740,,,Provisional/Provisoire,,
05EA001,2026-08-02T02:00:00Z,46,4.738,,,Provisional/Provisoire,,
05EA001,2026-08-02T02:05:00Z,46,4.740,,,Provisional/Provisoire,,
05EA001,2026-08-02T02:10:00Z,46,4.743,,,Provisional/Provisoire,,
05EA001,2026-08-02T02:15:00Z,46,4.745,,,Provisional/Provisoire,,
05EA001,2026-08-02T02:20:00Z,46,4.743,,,Provisional/Provisoire,,
05EA001,2026-08-02T02:25:00Z,46,4.736,,,Provisional/Provisoire,,
05EA001,2026-08-02T02:30:00Z,46,4.742,,,Provisional/Provisoire,,
05EA001,2026-08-02T02:35:00Z,46,4.738,,,Provisional/Provisoire,,
05EA001,2026-08-02T02:40:00Z,46,4.742,,,Provisional/Provisoire,,
05EA001,2026-08-02T02:45:00Z,46,4.740,,,Provisional/Provisoire,,
05EA001,2026-08-02T02:50:00Z,46,4.733,,,Provisional/Provisoire,,
05EA001,2026-08-02T02:55:00Z,46,4.733,,,Provisional/Provisoire,,
05EA001,2026-08-02T03:00:00Z,46,4.738,,,Provisional/Provisoire,,
05EA001,2026-08-02T03:05:00Z,46,4.739,,,Provisional/Provisoire,,
05EA001,2026-08-02T03:10:00Z,46,4.735,,,Provisional/Provisoire,,
05EA001,2026-08-02T03:15:00Z,46,4.736,,,Provisional/Provisoire,,
05EA001,2026-08-02T03:20:00Z,46,4.742,,,Provisional/Provisoire,,
05EA001,2026-08-02T03:25:00Z,46,4.732,,,Provisional/Provisoire,,
05EA001,2026-08-02T03:30:00Z,46,4.740,,,Provisional/Provisoire,,
05EA001,2026-08-02T03:35:00Z,46,4.736,,,Provisional/Provisoire,,
05EA001,2026-08-02T03:40:00Z,46,4.738,,,Provisional/Provisoire,,
05EA001,2026-08-02T03:45:00Z,46,4.741,,,Provisional/Provisoire,,
05EA001,2026-08-02T03:50:00Z,46,4.740,,,Provisional/Provisoire,,
05EA001,2026-08-02T03:55:00Z,46,4.740,,,Provisional/Provisoire,,
05EA001,2026-08-02T04:00:00Z,46,4.741,,,Provisional/Provisoire,,
05EA001,2026-08-02T04:05:00Z,46,4.739,,,Provisional/Provisoire,,
05EA001,2026-08-02T04:10:00Z,46,4.733,,,Provisional/Provisoire,,
05EA001,2026-08-02T04:15:00Z,46,4.738,,,Provisional/Provisoire,,
05EA001,2026-08-02T04:20:00Z,46,4.735,,,Provisional/Provisoire,,
05EA001,2026-08-02T04:25:00Z,46,4.737,,,Provisional/Provisoire,,
05EA001,2026-08-02T04:30:00Z,46,4.739,,,Provisional/Provisoire,,
05EA001,2026-08-02T04:35:00Z,46,4.736,,,Provisional/Provisoire,,
05EA001,2026-08-02T04:40:00Z,46,4.732,,,Provisional/Provisoire,,
05EA001,2026-08-02T04:45:00Z,46,4.734,,,Provisional/Provisoire,,
05EA001,2026-08-02T04:50:00Z,46,4.737,,,Provisional/Provisoire,,
05EA001,2026-08-02T04:55:00Z,46,4.736,,,Provisional/Provisoire,,
05EA001,2026-08-02T05:00:00Z,46,4.735,,,Provisional/Provisoire,,
05EA001,2026-08-02T05:05:00Z,46,4.738,,,Provisional/Provisoire,,
05EA001,2026-08-02T05:10:00Z,46,4.732,,,Provisional/Provisoire,,
05EA001,2026-08-02T05:15:00Z,46,4.734,,,Provisional/Provisoire,,
05EA001,2026-08-02T05:20:00Z,46,4.736,,,Provisional/Provisoire,,
05EA001,2026-08-02T05:25:00Z,46,4.730,,,Provisional/Provisoire,,
05EA001,2026-08-02T05:30:00Z,46,4.734,,,Provisional/Provisoire,,
05EA001,2026-08-02T05:35:00Z,46,4.733,,,Provisional/Provisoire,,
05EA001,2026-08-02T05:40:00Z,46,4.733,,,Provisional/Provisoire,,
05EA001,2026-08-02T05:45:00Z,46,4.731,,,Provisional/Provisoire,,
05EA001,2026-08-02T05:50:00Z,46,4.736,,,Provisional/Provisoire,,
05EA001,2026-08-02T05:55:00Z,46,4.734,,,Provisional/Provisoire,,
05EA001,2026-08-02T06:00:00Z,46,4.737,,,Provisional/Provisoire,,
05EA001,2026-08-02T06:05:00Z,46,4.735,,,Provisional/Provisoire,,
05EA001,2026-08-02T06:10:00Z,46,4.733,,,Provisional/Provisoire,,
05EA001,2026-08-02T06:15:00Z,46,4.729,,,Provisional/Provisoire,,
05EA001,2026-08-02T06:20:00Z,46,4.729,,,Provisional/Provisoire,,
05EA001,2026-08-02T06:25:00Z,46,4.731,,,Provisional/Provisoire,,
05EA001,2026-08-02T06:30:00Z,46,4.732,,,Provisional/Provisoire,,
05EA001,2026-08-02T06:35:00Z,46,4.736,,,Provisional/Provisoire,,
05EA001,2026-08-02T06:40:00Z,46,4.732,,,Provisional/Provisoire,,
05EA001,2026-08-02T06:45:00Z,46,4.731,,,Provisional/Provisoire,,
05EA001,2026-08-02T06:50:00Z,46,4.729,,,Provisional/Provisoire,,
05EA001,2026-08-02T06:55:00Z,46,4.728,,,Provisional/Provisoire,,
05EA001,2026-08-02T07:00:00Z,46,4.734,,,Provisional/Provisoire,,
05EA001,2026-08-02T07:05:00Z,46,4.735,,,Provisional/Provisoire,,
05EA001,2026-08-02T07:10:00Z,46,4.733,,,Provisional/Provisoire,,
05EA001,2026-08-02T07:15:00Z,46,4.732,,,Provisional/Provisoire,,
05EA001,2026-08-02T07:20:00Z,46,4.727,,,Provisional/Provisoire,,
05EA001,2026-08-02T07:25:00Z,46,4.729,,,Provisional/Provisoire,,
05EA001,2026-08-02T07:30:00Z,46,4.732,,,Provisional/Provisoire,,
05EA001,2026-08-02T07:35:00Z,46,4.734,,,Provisional/Provisoire,,
05EA001,2026-08-02T07:40:00Z,46,4.730,,,Provisional/Provisoire,,
05EA001,2026-08-02T07:45:00Z,46,4.732,,,Provisional/Provisoire,,
05EA001,2026-08-02T07:50:00Z,46,4.732,,,Provisional/Provisoire,,
05EA001,2026-08-02T07:55:00Z,46,4.731,,,Provisional/Provisoire,,
05EA001,2026-08-02T08:00:00Z,46,4.731,,,Provisional/Provisoire,,
05EA001,2026-08-02T08:05:00Z,46,4.734,,,Provisional/Provisoire,,
05EA001,2026-08-02T08:10:00Z,46,4.730,,,Provisional/Provisoire,,
05EA001,2026-08-02T08:15:00Z,46,4.735,,,Provisional/Provisoire,,
05EA001,2026-08-02T08:20:00Z,46,4.736,,,Provisional/Provisoire,,
05EA001,2026-08-02T08:25:00Z,46,4.732,,,Provisional/Provisoire,,
05EA001,2026-08-02T08:30:00Z,46,4.735,,,Provisional/Provisoire,,
05EA001,2026-08-02T08:35:00Z,46,4.732,,,Provisional/Provisoire,,
05EA001,2026-08-02T08:40:00Z,46,4.730,,,Provisional/Provisoire,,
05EA001,2026-08-02T08:45:00Z,46,4.736,,,Provisional/Provisoire,,
05EA001,2026-08-02T08:50:00Z,46,4.729,,,Provisional/Provisoire,,
05EA001,2026-08-02T08:55:00Z,46,4.735,,,Provisional/Provisoire,,
05EA001,2026-08-02T09:00:00Z,46,4.734,,,Provisional/Provisoire,,
05EA001,2026-08-02T09:05:00Z,46,4.727,,,Provisional/Provisoire,,
05EA001,2026-08-02T09:10:00Z,46,4.737,,,Provisional/Provisoire,,
05EA001,2026-08-02T09:15:00Z,46,4.738,,,Provisional/Provisoire,,
05EA001,2026-08-02T09:20:00Z,46,4.731,,,Provisional/Provisoire,,
05EA001,2026-08-02T09:25:00Z,46,4.732,,,Provisional/Provisoire,,
05EA001,2026-08-02T09:30:00Z,46,4.735,,,Provisional/Provisoire,,
05EA001,2026-08-02T09:35:00Z,46,4.735,,,Provisional/Provisoire,,
05EA001,2026-08-02T09:40:00Z,46,4.735,,,Provisional/Provisoire,,
05EA001,2026-08-02T09:45:00Z,46,4.735,,,Provisional/Provisoire,,
05EA001,2026-08-02T09:50:00Z,46,4.733,,,Provisional/Provisoire,,
05EA001,2026-08-02T09:55:00Z,46,4.741,,,Provisional/Provisoire,,
05EA001,2026-08-02T10:00:00Z,46,4.739,,,Provisional/Provisoire,,
05EA001,2026-08-02T10:05:00Z,46,4.743,,,Provisional/Provisoire,,
05EA001,2026-08-02T10:10:00Z,46,4.738,,,Provisional/Provisoire,,
05EA001,2026-08-02T10:15:00Z,46,4.743,,,Provisional/Provisoire,,
05EA001,2026-08-02T10:20:00Z,46,4.745,,,Provisional/Provisoire,,
05EA001,2026-08-02T10:25:00Z,46,4.729,,,Provisional/Provisoire,,
05EA001,2026-08-02T10:30:00Z,46,4.743,,,Provisional/Provisoire,,
05EA001,2026-08-02T10:35:00Z,46,4.743,,,Provisional/Provisoire,,
05EA001,2026-08-02T10:40:00Z,46,4.750,,,Provisional/Provisoire,,
05EA001,2026-08-02T10:45:00Z,46,4.747,,,Provisional/Provisoire,,
05EA001,2026-08-02T10:50:00Z,46,4.747,,,Provisional/Provisoire,,
05EA001,2026-08-02T10:55:00Z,46,4.748,,,Provisional/Provisoire,,
05EA001,2026-08-02T11:00:00Z,46,4.746,,,Provisional/Provisoire,,
05EA001,2026-08-02T11:05:00Z,46,4.751,,,Provisional/Provisoire,,
05EA001,2026-08-02T11:10:00Z,46,4.750,,,Provisional/Provisoire,,
05EA001,2026-08-02T11:15:00Z,46,4.749,,,Provisional/Provisoire,,
05EA001,2026-08-02T11:20:00Z,46,4.747,,,Provisional/Provisoire,,
05EA001,2026-08-02T11:25:00Z,46,4.742,,,Provisional/Provisoire,,
05EA001,2026-08-02T11:30:00Z,46,4.741,,,Provisional/Provisoire,,
05EA001,2026-08-02T11:35:00Z,46,4.743,,,Provisional/Provisoire,,
05EA001,2026-08-02T11:40:00Z,46,4.741,,,Provisional/Provisoire,,
05EA001,2026-08-02T11:45:00Z,46,4.747,,,Provisional/Provisoire,,
05EA001,2026-08-02T11:50:00Z,46,4.744,,,Provisional/Provisoire,,
05EA001,2026-08-02T11:55:00Z,46,4.743,,,Provisional/Provisoire,,
05EA001,2026-08-02T12:00:00Z,46,4.745,,,Provisional/Provisoire,,
05EA001,2026-08-02T12:05:00Z,46,4.737,,,Provisional/Provisoire,,
05EA001,2026-08-02T12:10:00Z,46,4.744,,,Provisional/Provisoire,,
05EA001,2026-08-02T12:15:00Z,46,4.741,,,Provisional/Provisoire,,
05EA001,2026-08-02T12:20:00Z,46,4.741,,,Provisional/Provisoire,,
05EA001,2026-08-02T12:25:00Z,46,4.741,,,Provisional/Provisoire,,
05EA001,2026-08-02T12:30:00Z,46,4.736,,,Provisional/Provisoire,,
05EA001,2026-08-02T12:35:00Z,46,4.741,,,Provisional/Provisoire,,
05EA001,2026-08-02T12:40:00Z,46,4.735,,,Provisional/Provisoire,,
05EA001,2026-08-02T12:45:00Z,46,4.739,,,Provisional/Provisoire,,
05EA001,2026-08-02T12:50:00Z,46,4.738,,,Provisional/Provisoire,,
05EA001,2026-08-02T12:55:00Z,46,4.736,,,Provisional/Provisoire,,
05EA001,2026-08-02T13:00:00Z,46,4.732,,,Provisional/Provisoire,,
05EA001,2026-08-02T13:05:00Z,46,4.738,,,Provisional/Provisoire,,
05EA001,2026-08-02T13:10:00Z,46,4.739,,,Provisional/Provisoire,,
05EA001,2026-08-02T13:15:00Z,46,4.732,,,Provisional/Provisoire,,
05EA001,2026-08-02T13:20:00Z,46,4.741,,,Provisional/Provisoire,,
05EA001,2026-08-02T13:25:00Z,46,4.735,,,Provisional/Provisoire,,
05EA001,2026-08-02T13:30:00Z,46,4.727,,,Provisional/Provisoire,,
05EA001,2026-08-02T13:35:00Z,46,4.733,,,Provisional/Provisoire,,
05EA001,2026-08-02T13:40:00Z,46,4.731,,,Provisional/Provisoire,,
05EA001,2026-08-02T13:45:00Z,46,4.729,,,Provisional/Provisoire,,
05EA001,2026-08-02T13:50:00Z,46,4.733,,,Provisional/Provisoire,,
05EA001,2026-08-02T13:55:00Z,46,4.727,,,Provisional/Provisoire,,
05EA001,2026-08-02T14:00:00Z,46,4.728,,,Provisional/Provisoire,,
05EA001,2026-08-02T14:05:00Z,46,4.732,,,Provisional/Provisoire,,
05EA001,2026-08-02T14:10:00Z,46,4.737,,,Provisional/Provisoire,,
05EA001,2026-08-02T14:15:00Z,46,4.731,,,Provisional/Provisoire,,
05EA001,2026-08-02T14:20:00Z,46,4.735,,,Provisional/Provisoire,,
05EA001,2026-08-02T14:25:00Z,46,4.733,,,Provisional/Provisoire,,
05EA001,2026-08-02T14:30:00Z,46,4.727,,,Provisional/Provisoire,,
05EA001,2026-08-02T14:35:00Z,46,4.733,,,Provisional/Provisoire,,
05EA001,2026-08-02T14:40:00Z,46,4.725,,,Provisional/Provisoire,,
05EA001,2026-08-02T14:45:00Z,46,4.733,,,Provisional/Provisoire,,
05EA001,2026-08-02T14:50:00Z,46,4.725,,,Provisional/Provisoire,,
05EA001,2026-08-02T14:55:00Z,46,4.729,,,Provisional/Provisoire,,
05EA001,2026-08-02T15:00:00Z,46,4.732,,,Provisional/Provisoire,,
05EA001,2026-08-02T15:05:00Z,46,4.729,,,Provisional/Provisoire,,
05EA001,2026-08-02T15:10:00Z,46,4.727,,,Provisional/Provisoire,,
05EA001,2026-08-02T15:15:00Z,46,4.730,,,Provisional/Provisoire,,
05EA001,2026-08-02T15:20:00Z,46,4.726,,,Provisional/Provisoire,,
05EA001,2026-08-02T15:25:00Z,46,4.726,,,Provisional/Provisoire,,
05EA001,2026-08-02T15:30:00Z,46,4.730,,,Provisional/Provisoire,,
05EA001,2026-08-02T15:35:00Z,46,4.735,,,Provisional/Provisoire,,
05EA001,2026-08-02T15:40:00Z,46,4.725,,,Provisional/Provisoire,,
05EA001,2026-08-02T15:45:00Z,46,4.725,,,Provisional/Provisoire,,
05EA001,2026-08-02T15:50:00Z,46,4.723,,,Provisional/Provisoire,,
05EA001,2026-08-02T15:55:00Z,46,4.727,,,Provisional/Provisoire,,
05EA001,2026-08-02T16:00:00Z,46,4.729,,,Provisional/Provisoire,,
05EA001,2026-08-02T16:05:00Z,46,4.727,,,Provisional/Provisoire,,
05EA001,2026-08-02T16:10:00Z,46,4.727,,,Provisional/Provisoire,,
05EA001,2026-08-02T16:15:00Z,46,4.731,,,Provisional/Provisoire,,
05EA001,2026-08-02T16:20:00Z,46,4.726,,,Provisional/Provisoire,,
05EA001,2026-08-02T16:25:00Z,46,4.729,,,Provisional/Provisoire,,
05EA001,2026-08-02T16:30:00Z,46,4.727,,,Provisional/Provisoire,,
05EA001,2026-08-02T16:35:00Z,46,4.730,,,Provisional/Provisoire,,
05EA001,2026-08-02T16:40:00Z,46,4.727,,,Provisional/Provisoire,,
05EA001,2026-08-02T16:45:00Z,46,4.727,,,Provisional/Provisoire,,
05EA001,2026-08-02T16:50:00Z,46,4.729,,,Provisional/Provisoire,,
05EA001,2026-08-02T16:55:00Z,46,4.731,,,Provisional/Provisoire,,
05EA001,2026-08-02T17:00:00Z,46,4.722,,,Provisional/Provisoire,,
05EA001,2026-08-02T17:05:00Z,46,4.731,,,Provisional/Provisoire,,
05EA001,2026-08-02T17:10:00Z,46,4.725,,,Provisional/Provisoire,,
05EA001,2026-08-02T17:15:00Z,46,4.724,,,Provisional/Provisoire,,
05EA001,2026-08-02T17:20:00Z,46,4.729,,,Provisional/Provisoire,,
05EA001,2026-08-02T17:25:00Z,46,4.725,,,Provisional/Provisoire,,
05EA001,2026-08-02T17:30:00Z,46,4.726,,,Provisional/Provisoire,,
05EA001,2026-08-02T17:35:00Z,46,4.728,,,Provisional/Provisoire,,
05EA001,2026-08-02T17:40:00Z,46,4.723,,,Provisional/Provisoire,,
05EA001,2026-08-02T17:45:00Z,46,4.733,,,Provisional/Provisoire,,
05EA001,2026-08-02T17:50:00Z,46,4.731,,,Provisional/Provisoire,,
05EA001,2026-08-02T17:55:00Z,46,4.723,,,Provisional/Provisoire,,
05EA001,2026-08-02T18:00:00Z,46,4.730,,,Provisional/Provisoire,,
05EA001,2026-08-02T18:05:00Z,46,4.727,,,Provisional/Provisoire,,
05EA001,2026-08-02T18:10:00Z,46,4.725,,,Provisional/Provisoire,,
05EA001,2026-08-02T18:15:00Z,46,4.719,,,Provisional/Provisoire,,
05EA001,2026-08-02T18:20:00Z,46,4.726,,,Provisional/Provisoire,,
05EA001,2026-08-02T18:25:00Z,46,4.722,,,Provisional/Provisoire,,
05EA001,2026-08-02T18:30:00Z,46,4.724,,,Provisional/Provisoire,,
05EA001,2026-08-02T18:35:00Z,46,4.722,,,Provisional/Provisoire,,
05EA001,2026-08-02T18:40:00Z,46,4.724,,,Provisional/Provisoire,,
05EA001,2026-08-02T18:45:00Z,46,4.718,,,Provisional/Provisoire,,
05EA001,2026-08-02T18:50:00Z,46,4.719,,,Provisional/Provisoire,,
05EA001,2026-08-02T18:55:00Z,46,4.724,,,Provisional/Provisoire,,
05EA001,2026-08-02T19:00:00Z,46,4.721,,,Provisional/Provisoire,,
05EA001,2026-08-02T19:05:00Z,46,4.721,,,Provisional/Provisoire,,
05EA001,2026-08-02T19:10:00Z,46,4.728,,,Provisional/Provisoire,,
05EA001,2026-08-02T19:15:00Z,46,4.720,,,Provisional/Provisoire,,
05EA001,2026-08-02T19:20:00Z,46,4.725,,,Provisional/Provisoire,,
05EA001,2026-08-02T19:25:00Z,46,4.728,,,Provisional/Provisoire,,
05EA001,2026-08-02T19:30:00Z,46,4.721,,,Provisional/Provisoire,,
05EA001,2026-08-02T19:35:00Z,46,4.724,,,Provisional/Provisoire,,
05EA001,2026-08-02T19:40:00Z,46,4.725,,,Provisional/Provisoire,,
05EA001,2026-08-02T19:45:00Z,46,4.721,,,Provisional/Provisoire,,
05EA001,2026-08-02T19:50:00Z,46,4.719,,,Provisional/Provisoire,,
05EA001,2026-08-02T19:55:00Z,46,4.726,,,Provisional/Provisoire,,
05EA001,2026-08-02T20:00:00Z,46,4.726,,,Provisional/Provisoire,,
05EA001,2026-08-02T20:05:00Z,46,4.721,,,Provisional/Provisoire,,
05EA001,2026-08-02T20:10:00Z,46,4.718,,,Provisional/Provisoire,,
05EA001,2026-08-02T20:15:00Z,46,4.725,,,Provisional/Provisoire,,
05EA001,2026-08-02T20:20:00Z,46,4.720,,,Provisional/Provisoire,,
05EA001,2026-08-02T20:25:00Z,46,4.721,,,Provisional/Provisoire,,
05EA001,2026-08-02T20:30:00Z,46,4.720,,,Provisional/Provisoire,,
05EA001,2026-08-02T20:35:00Z,46,4.721,,,Provisional/Provisoire,,
05EA001,2026-08-02T20:40:00Z,46,4.720,,,Provisional/Provisoire,,
05EA001,2026-08-02T20:45:00Z,46,4.717,,,Provisional/Provisoire,,
05EA001,2026-08-02T20:50:00Z,46,4.720,,,Provisional/Provisoire,,
05EA001,2026-08-02T20:55:00Z,46,4.722,,,Provisional/Provisoire,,
05EA001,2026-08-02T21:00:00Z,46,4.716,,,Provisional/Provisoire,,
05EA001,2026-08-02T21:05:00Z,46,4.714,,,Provisional/Provisoire,,
05EA001,2026-08-02T21:10:00Z,46,4.718,,,Provisional/Provisoire,,
05EA001,2026-08-02T21:15:00Z,46,4.720,,,Provisional/Provisoire,,
05EA001,2026-08-02T21:20:00Z,46,4.721,,,Provisional/Provisoire,,
05EA001,2026-08-02T21:25:00Z,46,4.715,,,Provisional/Provisoire,,
05EA001,2026-08-02T21:30:00Z,46,4.714,,,Provisional/Provisoire,,
05EA001,2026-08-02T21:35:00Z,46,4.717,,,Provisional/Provisoire,,
05EA001,2026-08-02T21:40:00Z,46,4.715,,,Provisional/Provisoire,,
05EA001,2026-08-02T21:45:00Z,46,4.719,,,Provisional/Provisoire,,
05EA001,2026-08-02T21:50:00Z,46,4.720,,,Provisional/Provisoire,,
05EA001,2026-08-02T21:55:00Z,46,4.718,,,Provisional/Provisoire,,
05EA001,2026-08-02T22:00:00Z,46,4.716,,,Provisional/Provisoire,,
05EA001,2026-08-02T22:05:00Z,46,4.719,,,Provisional/Provisoire,,
05EA001,2026-08-02T22:10:00Z,46,4.716,,,Provisional/Provisoire,,
05EA001,2026-08-02T22:15:00Z,46,4.719,,,Provisional/Provisoire,,
05EA001,2026-08-02T22:20:00Z,46,4.714,,,Provisional/Provisoire,,
05EA001,2026-08-02T22:25:00Z,46,4.714,,,Provisional/Provisoire,,
05EA001,2026-08-02T22:30:00Z,46,4.716,,,Provisional/Provisoire,,
05EA001,2026-08-02T22:35:00Z,46,4.721,,,Provisional/Provisoire,,
05EA001,2026-08-02T22:40:00Z,46,4.713,,,Provisional/Provisoire,,
05EA001,2026-08-02T22:45:00Z,46,4.717,,,Provisional/Provisoire,,
05EA001,2026-08-02T22:50:00Z,46,4.709,,,Provisional/Provisoire,,
05EA001,2026-08-02T22:55:00Z,46,4.713,,,Provisional/Provisoire,,
05EA001,2026-08-02T23:00:00Z,46,4.719,,,Provisional/Provisoire,,
05EA001,2026-08-02T23:05:00Z,46,4.715,,,Provisional/Provisoire,,
05EA001,2026-08-02T23:10:00Z,46,4.717,,,Provisional/Provisoire,,
05EA001,2026-08-02T23:15:00Z,46,4.719,,,Provisional/Provisoire,,
05EA001,2026-08-02T23:20:00Z,46,4.717,,,Provisional/Provisoire,,
05EA001,2026-08-02T23:25:00Z,46,4.718,,,Provisional/Provisoire,,
05EA001,2026-08-02T23:30:00Z,46,4.712,,,Provisional/Provisoire,,
05EA001,2026-08-02T23:35:00Z,46,4.717,,,Provisional/Provisoire,,
05EA001,2026-08-02T23:40:00Z,46,4.712,,,Provisional/Provisoire,,
05EA001,2026-08-02T23:45:00Z,46,4.718,,,Provisional/Provisoire,,
05EA001,2026-08-02T23:50:00Z,46,4.719,,,Provisional/Provisoire,,
05EA001,2026-08-02T23:55:00Z,46,4.718,,,Provisional/Provisoire,,
05EA001,2026-08-03T00:00:00Z,46,4.715,,,Provisional/Provisoire,,
05EA001,2026-08-03T00:05:00Z,46,4.721,,,Provisional/Provisoire,,
05EA001,2026-08-03T00:10:00Z,46,4.711,,,Provisional/Provisoire,,
05EA001,2026-08-03T00:15:00Z,46,4.717,,,Provisional/Provisoire,,
05EA001,2026-08-03T00:20:00Z,46,4.717,,,Provisional/Provisoire,,
05EA001,2026-08-03T00:25:00Z,46,4.713,,,Provisional/Provisoire,,
05EA001,2026-08-03T00:30:00Z,46,4.712,,,Provisional/Provisoire,,
05EA001,2026-08-03T00:35:00Z,46,4.713,,,Provisional/Provisoire,,
05EA001,2026-08-03T00:40:00Z,46,4.720,,,Provisional/Provisoire,,
05EA001,2026-08-03T00:45:00Z,46,4.715,,,Provisional/Provisoire,,
05EA001,2026-08-03T00:50:00Z,46,4.715,,,Provisional/Provisoire,,
05EA001,2026-08-03T00:55:00Z,46,4.720,,,Provisional/Provisoire,,
05EA001,2026-08-03T01:00:00Z,46,4.721,,,Provisional/Provisoire,,
05EA001,2026-08-03T01:05:00Z,46,4.716,,,Provisional/Provisoire,,
05EA001,2026-08-03T01:10:00Z,46,4.721,,,Provisional/Provisoire,,
05EA001,2026-08-03T01:15:00Z,46,4.725,,,Provisional/Provisoire,,
05EA001,2026-08-03T01:20:00Z,46,4.719,,,Provisional/Provisoire,,
05EA001,2026-08-03T01:25:00Z,46,4.721,,,Provisional/Provisoire,,
05EA001,2026-08-03T01:30:00Z,46,4.722,,,Provisional/Provisoire,,
05EA001,2026-08-03T01:35:00Z,46,4.724,,,Provisional/Provisoire,,
05EA001,2026-08-03T01:40:00Z,46,4.717,,,Provisional/Provisoire,,
05EA001,2026-08-03T01:45:00Z,46,4.719,,,Provisional/Provisoire,,
05EA001,2026-08-03T01:50:00Z,46,4.716,,,Provisional/Provisoire,,
05EA001,2026-08-03T01:55:00Z,46,4.722,,,Provisional/Provisoire,,
05EA001,2026-08-03T02:00:00Z,46,4.724,,,Provisional/Provisoire,,
05EA001,2026-08-03T02:05:00Z,46,4.728,,,Provisional/Provisoire,,
05EA001,2026-08-03T02:10:00Z,46,4.724,,,Provisional/Provisoire,,
05EA001,2026-08-03T02:15:00Z,46,4.727,,,Provisional/Provisoire,,
05EA001,2026-08-03T02:20:00Z,46,4.723,,,Provisional/Provisoire,,
05EA001,2026-08-03T02:25:00Z,46,4.726,,,Provisional/Provisoire,,
05EA001,2026-08-03T02:30:00Z,46,4.727,,,Provisional/Provisoire,,
05EA001,2026-08-03T02:35:00Z,46,4.725,,,Provisional/Provisoire,,
05EA001,2026-08-03T02:40:00Z,46,4.727,,,Provisional/Provisoire,,
05EA001,2026-08-03T02:45:00Z,46,4.727,,,Provisional/Provisoire,,
05EA001,2026-08-03T02:50:00Z,46,4.724,,,Provisional/Provisoire,,
05EA001,2026-08-03T02:55:00Z,46,4.729,,,Provisional/Provisoire,,
05EA001,2026-08-03T03:00:00Z,46,4.722,,,Provisional/Provisoire,,
05EA001,2026-08-03T03:05:00Z,46,4.726,,,Provisional/Provisoire,,
05EA001,2026-08-03T03:10:00Z,46,4.724,,,Provisional/Provisoire,,
05EA001,2026-08-03T03:15:00Z,46,4.731,,,Provisional/Provisoire,,
05EA001,2026-08-03T03:20:00Z,46,4.726,,,Provisional/Provisoire,,
05EA001,2026-08-03T03:25:00Z,46,4.729,,,Provisional/Provisoire,,
05EA001,2026-08-03T03:30:00Z,46,4.733,,,Provisional/Provisoire,,
05EA001,2026-08-03T03:35:00Z,46,4.730,,,Provisional/Provisoire,,
05EA001,2026-08-03T03:40:00Z,46,4.729,,,Provisional/Provisoire,,
05EA001,2026-08-03T03:45:00Z,46,4.728,,,Provisional/Provisoire,,
05EA001,2026-08-03T03:50:00Z,46,4.729,,,Provisional/Provisoire,,
05EA001,2026-08-03T03:55:00Z,46,4.728,,,Provisional/Provisoire,,
05EA001,2026-08-03T04:00:00Z,46,4.731,,,Provisional/Provisoire,,
05EA001,2026-08-03T04:05:00Z,46,4.728,,,Provisional/Provisoire,,
05EA001,2026-08-03T04:10:00Z,46,4.723,,,Provisional/Provisoire,,
05EA001,2026-08-03T04:15:00Z,46,4.726,,,Provisional/Provisoire,,
05EA001,2026-08-03T04:20:00Z,46,4.723,,,Provisional/Provisoire,,
05EA001,2026-08-03T04:25:00Z,46,4.725,,,Provisional/Provisoire,,
05EA001,2026-08-03T04:30:00Z,46,4.730,,,Provisional/Provisoire,,
05EA001,2026-08-03T04:35:00Z,46,4.723,,,Provisional/Provisoire,,
05EA001,2026-08-03T04:40:00Z,46,4.728,,,Provisional/Provisoire,,
05EA001,2026-08-03T04:45:00Z,46,4.728,,,Provisional/Provisoire,,
05EA001,2026-08-03T04:50:00Z,46,4.725,,,Provisional/Provisoire,,
05EA001,2026-08-03T04:55:00Z,46,4.718,,,Provisional/Provisoire,,
05EA001,2026-08-03T05:00:00Z,46,4.724,,,Provisional/Provisoire,,
05EA001,2026-08-03T05:05:00Z,46,4.722,,,Provisional/Provisoire,,
05EA001,2026-08-03T05:10:00Z,46,4.721,,,Provisional/Provisoire,,
05EA001,2026-08-03T05:15:00Z,46,4.727,,,Provisional/Provisoire,,
05EA001,2026-08-03T05:20:00Z,46,4.726,,,Provisional/Provisoire,,
05EA001,2026-08-03T05:25:00Z,46,4.726,,,Provisional/Provisoire,,
05EA001,2026-08-03T05:30:00Z,46,4.718,,,Provisional/Provisoire,,
05EA001,2026-08-03T05:35:00Z,46,4.724,,,Provisional/Provisoire,,
05EA001,2026-08-03T05:40:00Z,46,4.728,,,Provisional/Provisoire,,
05EA001,2026-08-03T05:45:00Z,46,4.723,,,Provisional/Provisoire,,
05EA001,2026-08-03T05:50:00Z,46,4.723,,,Provisional/Provisoire,,
05EA001,2026-08-03T05:55:00Z,46,4.725,,,Provisional/Provisoire,,
05EA001,2026-08-03T06:00:00Z,46,4.714,,,Provisional/Provisoire,,
05EA001,2026-08-03T06:05:00Z,46,4.729,,,Provisional/Provisoire,,
05EA001,2026-08-03T06:10:00Z,46,4.721,,,Provisional/Provisoire,,
05EA001,2026-08-03T06:15:00Z,46,4.729,,,Provisional/Provisoire,,
05EA001,2026-08-03T06:20:00Z,46,4.729,,,Provisional/Provisoire,,
05EA001,2026-08-03T06:25:00Z,46,4.724,,,Provisional/Provisoire,,
05EA001,2026-08-03T06:30:00Z,46,4.723,,,Provisional/Provisoire,,
05EA001,2026-08-03T06:35:00Z,46,4.723,,,Provisional/Provisoire,,
05EA001,2026-08-03T06:40:00Z,46,4.723,,,Provisional/Provisoire,,
05EA001,2026-08-03T06:45:00Z,46,4.725,,,Provisional/Provisoire,,
05EA001,2026-08-03T06:50:00Z,46,4.724,,,Provisional/Provisoire,,
05EA001,2026-08-03T06:55:00Z,46,4.722,,,Provisional/Provisoire,,
05EA001,2026-08-03T07:00:00Z,46,4.722,,,Provisional/Provisoire,,
05EA001,2026-08-03T07:05:00Z,46,4.710,,,Provisional/Provisoire,,
05EA001,2026-08-03T07:10:00Z,46,4.717,,,Provisional/Provisoire,,
05EA001,2026-08-03T07:15:00Z,46,4.721,,,Provisional/Provisoire,,
05EA001,2026-08-03T07:20:00Z,46,4.726,,,Provisional/Provisoire,,
05EA001,2026-08-03T07:25:00Z,46,4.718,,,Provisional/Provisoire,,
05EA001,2026-08-03T07:30:00Z,46,4.722,,,Provisional/Provisoire,,
05EA001,2026-08-03T07:35:00Z,46,4.719,,,Provisional/Provisoire,,
05EA001,2026-08-03T07:40:00Z,46,4.721,,,Provisional/Provisoire,,
05EA001,2026-08-03T07:45:00Z,46,4.726,,,Provisional/Provisoire,,
05EA001,2026-08-03T07:50:00Z,46,4.719,,,Provisional/Provisoire,,
05EA001,2026-08-03T07:55:00Z,46,4.723,,,Provisional/Provisoire,,
05EA001,2026-08-03T08:00:00Z,46,4.721,,,Provisional/Provisoire,,
05EA001,2026-08-03T08:05:00Z,46,4.724,,,Provisional/Provisoire,,
05EA001,2026-08-03T08:10:00Z,46,4.723,,,Provisional/Provisoire,,
05EA001,2026-08-03T08:15:00Z,46,4.722,,,Provisional/Provisoire,,
05EA001,2026-08-03T08:20:00Z,46,4.722,,,Provisional/Provisoire,,
05EA001,2026-08-03T08:25:00Z,46,4.723,,,Provisional/Provisoire,,
05EA001,2026-08-03T08:30:00Z,46,4.722,,,Provisional/Provisoire,,
05EA001,2026-08-03T08:35:00Z,46,4.725,,,Provisional/Provisoire,,
05EA001,2026-08-03T08:40:00Z,46,4.721,,,Provisional/Provisoire,,
05EA001,2026-08-03T08:45:00Z,46,4.715,,,Provisional/Provisoire,,
05EA001,2026-08-03T08:50:00Z,46,4.726,,,Provisional/Provisoire,,
05EA001,2026-08-03T08:55:00Z,46,4.723,,,Provisional/Provisoire,,
05EA001,2026-08-03T09:00:00Z,46,4.722,,,Provisional/Provisoire,,
05EA001,2026-08-03T09:05:00Z,46,4.721,,,Provisional/Provisoire,,
05EA001,2026-08-03T09:10:00Z,46,4.716,,,Provisional/Provisoire,,
05EA001,2026-08-03T09:15:00Z,46,4.722,,,Provisional/Provisoire,,
05EA001,2026-08-03T09:20:00Z,46,4.720,,,Provisional/Provisoire,,
05EA001,2026-08-03T09:25:00Z,46,4.718,,,Provisional/Provisoire,,
05EA001,2026-08-03T09:30:00Z,46,4.724,,,Provisional/Provisoire,,
05EA001,2026-08-03T09:35:00Z,46,4.718,,,Provisional/Provisoire,,
05EA001,2026-08-03T09:40:00Z,46,4.722,,,Provisional/Provisoire,,
05EA001,2026-08-03T09:45:00Z,46,4.718,,,Provisional/Provisoire,,
05EA001,2026-08-03T09:50:00Z,46,4.722,,,Provisional/Provisoire,,
05EA001,2026-08-03T09:55:00Z,46,4.722,,,Provisional/Provisoire,,
05EA001,2026-08-03T10:00:00Z,46,4.718,,,Provisional/Provisoire,,
05EA001,2026-08-03T10:05:00Z,46,4.725,,,Provisional/Provisoire,,
05EA001,2026-08-03T10:10:00Z,46,4.721,,,Provisional/Provisoire,,
05EA001,2026-08-03T10:15:00Z,46,4.720,,,Provisional/Provisoire,,
05EA001,2026-08-03T10:20:00Z,46,4.717,,,Provisional/Provisoire,,
05EA001,2026-08-03T10:25:00Z,46,4.722,,,Provisional/Provisoire,,
05EA001,2026-08-03T10:30:00Z,46,4.719,,,Provisional/Provisoire,,
05EA001,2026-08-03T10:35:00Z,46,4.719,,,Provisional/Provisoire,,
05EA001,2026-08-03T10:40:00Z,46,4.719,,,Provisional/Provisoire,,
05EA001,2026-08-03T10:45:00Z,46,4.722,,,Provisional/Provisoire,,
05EA001,2026-08-03T10:50:00Z,46,4.722,,,Provisional/Provisoire,,
05EA001,2026-08-03T10:55:00Z,46,4.723,,,Provisional/Provisoire,,
05EA001,2026-08-03T11:00:00Z,46,4.717,,,Provisional/Provisoire,,
05EA001,2026-08-03T11:05:00Z,46,4.719,,,Provisional/Provisoire,,
05EA001,2026-08-03T11:10:00Z,46,4.720,,,Provisional/Provisoire,,
05EA001,2026-08-03T11:15:00Z,46,4.719,,,Provisional/Provisoire,,
05EA001,2026-08-03T11:20:00Z,46,4.727,,,Provisional/Provisoire,,
05EA001,2026-08-03T11:25:00Z,46,4.714,,,Provisional/Provisoire,,
05EA001,2026-08-03T11:30:00Z,46,4.724,,,Provisional/Provisoire,,
05EA001,2026-08-03T11:35:00Z,46,4.718,,,Provisional/Provisoire,,
05EA001,2026-08-03T11:40:00Z,46,4.715,,,Provisional/Provisoire,,
05EA001,2026-08-03T11:45:00Z,46,4.720,,,Provisional/Provisoire,,
05EA001,2026-08-03T11:50:00Z,46,4.719,,,Provisional/Provisoire,,
05EA001,2026-08-03T11:55:00Z,46,4.723,,,Provisional/Provisoire,,
05EA001,2026-08-03T12:00:00Z,46,4.721,,,Provisional/Provisoire,,
05EA001,2026-08-03T12:05:00Z,46,4.717,,,Provisional/Provisoire,,
05EA001,2026-08-03T12:10:00Z,46,4.720,,,Provisional/Provisoire,,
05EA001,2026-08-03T12:15:00Z,46,4.722,,,Provisional/Provisoire,,
05EA001,2026-08-03T12:20:00Z,46,4.719,,,Provisional/Provisoire,,
05EA001,2026-08-03T12:25:00Z,46,4.718,,,Provisional/Provisoire,,
05EA001,2026-08-03T12:30:00Z,46,4.715,,,Provisional/Provisoire,,
05EA001,2026-08-03T12:35:00Z,46,4.720,,,Provisional/Provisoire,,
05EA001,2026-08-03T12:40:00Z,46,4.716,,,Provisional/Provisoire,,
05EA001,2026-08-03T12:45:00Z,46,4.721,,,Provisional/Provisoire,,
05EA001,2026-08-03T12:50:00Z,46,4.716,,,Provisional/Provisoire,,
05EA001,2026-08-03T12:55:00Z,46,4.719,,,Provisional/Provisoire,,
05EA001,2026-08-03T13:00:00Z,46,4.719,,,Provisional/Provisoire,,
05EA001,2026-08-03T13:05:00Z,46,4.718,,,Provisional/Provisoire,,
05EA001,2026-08-03T13:10:00Z,46,4.720,,,Provisional/Provisoire,,
05EA001,2026-08-03T13:15:00Z,46,4.720,,,Provisional/Provisoire,,
05EA001,2026-08-03T13:20:00Z,46,4.718,,,Provisional/Provisoire,,
05EA001,2026-08-03T13:25:00Z,46,4.720,,,Provisional/Provisoire,,
05EA001,2026-08-03T13:30:00Z,46,4.718,,,Provisional/Provisoire,,
05EA001,2026-08-03T13:35:00Z,46,4.718,,,Provisional/Provisoire,,
05EA001,2026-08-03T13:40:00Z,46,4.718,,,Provisional/Provisoire,,
05EA001,2026-08-03T13:45:00Z,46,4.720,,,Provisional/Provisoire,,
05EA001,2026-08-03T13:50:00Z,46,4.721,,,Provisional/Provisoire,,
05EA001,2026-08-03T13:55:00Z,46,4.721,,,Provisional/Provisoire,,
05EA001,2026-08-03T14:00:00Z,46,4.719,,,Provisional/Provisoire,,
05EA001,2026-08-03T14:05:00Z,46,4.720,,,Provisional/Provisoire,,
05EA001,2026-08-03T14:10:00Z,46,4.721,,,Provisional/Provisoire,,
05EA001,2026-08-03T14:15:00Z,46,4.726,,,Provisional/Provisoire,,
05EA001,2026-08-03T14:20:00Z,46,4.718,,,Provisional/Provisoire,,
05EA001,2026-08-03T14:25:00Z,46,4.721,,,Provisional/Provisoire,,
05EA001,2026-08-03T14:30:00Z,46,4.722,,,Provisional/Provisoire,,
05EA001,2026-08-03T14:35:00Z,46,4.716,,,Provisional/Provisoire,,
05EA001,2026-08-03T14:40:00Z,46,4.714,,,Provisional/Provisoire,,
05EA001,2026-08-03T14:45:00Z,46,4.724,,,Provisional/Provisoire,,
05EA001,2026-08-03T14:50:00Z,46,4.721,,,Provisional/Provisoire,,
05EA001,2026-08-03T14:55:00Z,46,4.718,,,Provisional/Provisoire,,
05EA001,2026-08-03T15:00:00Z,46,4.722,,,Provisional/Provisoire,,
05EA001,2026-08-03T15:05:00Z,46,4.716,,,Provisional/Provisoire,,
05EA001,2026-08-03T15:10:00Z,46,4.720,,,Provisional/Provisoire,,
05EA001,2026-08-03T15:15:00Z,46,4.720,,,Provisional/Provisoire,,
05EA001,2026-08-03T15:20:00Z,46,4.721,,,Provisional/Provisoire,,
05EA001,2026-08-03T15:25:00Z,46,4.719,,,Provisional/Provisoire,,
05EA001,2026-08-03T15:30:00Z,46,4.717,,,Provisional/Provisoire,,
05EA001,2026-08-03T15:35:00Z,46,4.717,,,Provisional/Provisoire,,
05EA001,2026-08-03T15:40:00Z,46,4.719,,,Provisional/Provisoire,,
05EA001,2026-08-03T15:45:00Z,46,4.720,,,Provisional/Provisoire,,
05EA001,2026-08-03T15:50:00Z,46,4.720,,,Provisional/Provisoire,,
05EA001,2026-08-03T15:55:00Z,46,4.718,,,Provisional/Provisoire,,
05EA001,2026-08-03T16:00:00Z,46,4.721,,,Provisional/Provisoire,,
05EA001,2026-08-03T16:05:00Z,46,4.721,,,Provisional/Provisoire,,
05EA001,2026-08-03T16:10:00Z,46,4.715,,,Provisional/Provisoire,,
05EA001,2026-08-03T16:15:00Z,46,4.720,,,Provisional/Provisoire,,
05EA001,2026-08-03T16:20:00Z,46,4.723,,,Provisional/Provisoire,,
05EA001,2026-08-03T16:25:00Z,46,4.722,,,Provisional/Provisoire,,
05EA001,2026-08-03T16:30:00Z,46,4.722,,,Provisional/Provisoire,,
05EA001,2026-08-03T16:35:00Z,46,4.722,,,Provisional/Provisoire,,
05EA001,2026-08-03T16:40:00Z,46,4.720,,,Provisional/Provisoire,,
05EA001,2026-08-03T16:45:00Z,46,4.721,,,Provisional/Provisoire,,
05EA001,2026-08-03T16:50:00Z,46,4.717,,,Provisional/Provisoire,,
05EA001,2026-08-03T16:55:00Z,46,4.721,,,Provisional/Provisoire,,
05EA001,2026-08-03T17:00:00Z,46,4.722,,,Provisional/Provisoire,,
05EA001,2026-08-03T17:05:00Z,46,4.723,,,Provisional/Provisoire,,
05EA001,2026-08-03T17:10:00Z,46,4.721,,,Provisional/Provisoire,,
05EA001,2026-08-03T17:15:00Z,46,4.723,,,Provisional/Provisoire,,
05EA001,2026-08-03T17:20:00Z,46,4.721,,,Provisional/Provisoire,,
05EA001,2026-08-03T17:25:00Z,46,4.721,,,Provisional/Provisoire,,
05EA001,2026-08-03T17:30:00Z,46,4.722,,,Provisional/Provisoire,,
05EA001,2026-08-03T17:35:00Z,46,4.718,,,Provisional/Provisoire,,
05EA001,2026-08-03T17:40:00Z,46,4.719,,,Provisional/Provisoire,,
05EA001,2026-08-03T17:45:00Z,46,4.723,,,Provisional/Provisoire,,
05EA001,2026-08-03T17:50:00Z,46,4.726,,,Provisional/Provisoire,,
05EA001,2026-08-03T17:55:00Z,46,4.720,,,Provisional/Provisoire,,
05EA001,2026-08-03T18:00:00Z,46,4.721,,,Provisional/Provisoire,,
05EA001,2026-08-03T18:05:00Z,46,4.719,,,Provisional/Provisoire,,
05EA001,2026-08-03T18:10:00Z,46,4.720,,,Provisional/Provisoire,,
05EA001,2026-08-03T18:15:00Z,46,4.719,,,Provisional/Provisoire,,
05EA001,2026-08-03T18:20:00Z,46,4.721,,,Provisional/Provisoire,,
05EA001,2026-08-03T18:25:00Z,46,4.723,,,Provisional/Provisoire,,
05EA001,2026-08-03T18:30:00Z,46,4.718,,,Provisional/Provisoire,,
05EA001,2026-08-03T18:35:00Z,46,4.723,,,Provisional/Provisoire,,
05EA001,2026-08-03T18:40:00Z,46,4.724,,,Provisional/Provisoire,,
05EA001,2026-08-03T18:45:00Z,46,4.722,,,Provisional/Provisoire,,
05EA001,2026-08-03T18:50:00Z,46,4.723,,,Provisional/Provisoire,,
05EA001,2026-08-03T18:55:00Z,46,4.721,,,Provisional/Provisoire,,
05EA001,2026-08-03T19:00:00Z,46,4.721,,,Provisional/Provisoire,,
05EA001,2026-08-03T19:05:00Z,46,4.723,,,Provisional/Provisoire,,
05EA001,2026-08-03T19:10:00Z,46,4.718,,,Provisional/Provisoire,,
05EA001,2026-08-03T19:15:00Z,46,4.723,,,Provisional/Provisoire,,
05EA001,2026-08-03T19:20:00Z,46,4.722,,,Provisional/Provisoire,,
05EA001,2026-08-03T19:25:00Z,46,4.721,,,Provisional/Provisoire,,
05EA001,2026-08-03T19:30:00Z,46,4.721,,,Provisional/Provisoire,,
05EA001,2026-08-03T19:35:00Z,46,4.724,,,Provisional/Provisoire,,
05EA001,2026-08-03T19:40:00Z,46,4.722,,,Provisional/Provisoire,,
05EA001,2026-08-03T19:45:00Z,46,4.714,,,Provisional/Provisoire,,
05EA001,2026-08-03T19:50:00Z,46,4.721,,,Provisional/Provisoire,,
05EA001,2026-08-03T19:55:00Z,46,4.721,,,Provisional/Provisoire,,
05EA001,2026-08-03T20:00:00Z,46,4.725,,,Provisional/Provisoire,,
05EA001,2026-08-03T20:05:00Z,46,4.715,,,Provisional/Provisoire,,
05EA001,2026-08-03T20:10:00Z,46,4.722,,,Provisional/Provisoire,,
05EA001,2026-08-03T20:15:00Z,46,4.724,,,Provisional/Provisoire,,
05EA001,2026-08-03T20:20:00Z,46,4.720,,,Provisional/Provisoire,,
05EA001,2026-08-03T20:25:00Z,46,4.724,,,Provisional/Provisoire,,
05EA001,2026-08-03T20:30:00Z,46,4.723,,,Provisional/Provisoire,,
05EA001,2026-08-03T20:35:00Z,46,4.722,,,Provisional/Provisoire,,
05EA001,2026-08-03T20:40:00Z,46,4.730,,,Provisional/Provisoire,,
05EA001,2026-08-03T20:45:00Z,46,4.724,,,Provisional/Provisoire,,
05EA001,2026-08-03T20:50:00Z,46,4.721,,,Provisional/Provisoire,,
05EA001,2026-08-03T20:55:00Z,46,4.717,,,Provisional/Provisoire,,
05EA001,2026-08-03T21:00:00Z,46,4.722,,,Provisional/Provisoire,,
05EA001,2026-08-03T21:05:00Z,46,4.719,,,Provisional/Provisoire,,
05EA001,2026-08-03T21:10:00Z,46,4.717,,,Provisional/Provisoire,,
05EA001,2026-08-03T21:15:00Z,46,4.721,,,Provisional/Provisoire,,
05EA001,2026-08-03T21:20:00Z,46,4.719,,,Provisional/Provisoire,,
05EA001,2026-08-03T21:25:00Z,46,4.717,,,Provisional/Provisoire,,
05EA001,2026-08-03T21:30:00Z,46,4.722,,,Provisional/Provisoire,,
05EA001,2026-08-03T21:35:00Z,46,4.726,,,Provisional/Provisoire,,
05EA001,2026-08-03T21:40:00Z,46,4.717,,,Provisional/Provisoire,,
05EA001,2026-08-03T21:45:00Z,46,4.724,,,Provisional/Provisoire,,
05EA001,2026-08-03T21:50:00Z,46,4.717,,,Provisional/Provisoire,,
05EA001,2026-08-03T21:55:00Z,46,4.719,,,Provisional/Provisoire,,
05EA001,2026-08-03T22:00:00Z,46,4.724,,,Provisional/Provisoire,,
05EA001,2026-08-03T22:05:00Z,46,4.724,,,Provisional/Provisoire,,
05EA001,2026-08-03T22:10:00Z,46,4.724,,,Provisional/Provisoire,,
05EA001,2026-08-03T22:15:00Z,46,4.719,,,Provisional/Provisoire,,
05EA001,2026-08-03T22:20:00Z,46,4.716,,,Provisional/Provisoire,,
05EA001,2026-08-03T22:25:00Z,46,4.721,,,Provisional/Provisoire,,
05EA001,2026-08-03T22:30:00Z,46,4.720,,,Provisional/Provisoire,,
05EA001,2026-08-03T22:35:00Z,46,4.718,,,Provisional/Provisoire,,
05EA001,2026-08-03T22:40:00Z,46,4.719,,,Provisional/Provisoire,,
05EA001,2026-08-03T22:45:00Z,46,4.723,,,Provisional/Provisoire,,
05EA001,2026-08-03T22:50:00Z,46,4.719,,,Provisional/Provisoire,,
05EA001,2026-08-03T22:55:00Z,46,4.716,,,Provisional/Provisoire,,
05EA001,2026-08-03T23:00:00Z,46,4.719,,,Provisional/Provisoire,,
05EA001,2026-08-03T23:05:00Z,46,4.718,,,Provisional/Provisoire,,
05EA001,2026-08-03T23:10:00Z,46,4.720,,,Provisional/Provisoire,,
05EA001,2026-08-03T23:15:00Z,46,4.714,,,Provisional/Provisoire,,
05EA001,2026-08-03T23:20:00Z,46,4.722,,,Provisional/Provisoire,,
05EA001,2026-08-03T23:25:00Z,46,4.716,,,Provisional/Provisoire,,
05EA001,2026-08-03T23:30:00Z,46,4.718,,,Provisional/Provisoire,,
05EA001,2026-08-03T23:35:00Z,46,4.719,,,Provisional/Provisoire,,
05EA001,2026-08-03T23:40:00Z,46,4.719,,,Provisional/Provisoire,,
05EA001,2026-08-03T23:45:00Z,46,4.720,,,Provisional/Provisoire,,
05EA001,2026-08-03T23:50:00Z,46,4.714,,,Provisional/Provisoire,,
05EA001,2026-08-03T23:55:00Z,46,4.719,,,Provisional/Provisoire,,
05EA001,2026-08-04T00:00:00Z,46,4.721,,,Provisional/Provisoire,,
05EA001,2026-08-04T00:05:00Z,46,4.716,,,Provisional/Provisoire,,
05EA001,2026-08-04T00:10:00Z,46,4.721,,,Provisional/Provisoire,,
05EA001,2026-08-04T00:15:00Z,46,4.718,,,Provisional/Provisoire,,
05EA001,2026-08-04T00:20:00Z,46,4.716,,,Provisional/Provisoire,,
05EA001,2026-08-04T00:25:00Z,46,4.718,,,Provisional/Provisoire,,
05EA001,2026-08-04T00:30:00Z,46,4.714,,,Provisional/Provisoire,,
05EA001,2026-08-04T00:35:00Z,46,4.717,,,Provisional/Provisoire,,
05EA001,2026-08-04T00:40:00Z,46,4.717,,,Provisional/Provisoire,,
05EA001,2026-08-04T00:45:00Z,46,4.721,,,Provisional/Provisoire,,
05EA001,2026-08-04T00:50:00Z,46,4.718,,,Provisional/Provisoire,,
05EA001,2026-08-04T00:55:00Z,46,4.720,,,Provisional/Provisoire,,
05EA001,2026-08-04T01:00:00Z,46,4.722,,,Provisional/Provisoire,,
05EA001,2026-08-04T01:05:00Z,46,4.719,,,Provisional/Provisoire,,
05EA001,2026-08-04T01:10:00Z,46,4.720,,,Provisional/Provisoire,,
05EA001,2026-08-04T01:15:00Z,46,4.721,,,Provisional/Provisoire,,
05EA001,2026-08-04T01:20:00Z,46,4.720,,,Provisional/Provisoire,,
05EA001,2026-08-04T01:25:00Z,46,4.717,,,Provisional/Provisoire,,
05EA001,2026-08-04T01:30:00Z,46,4.718,,,Provisional/Provisoire,,
05EA001,2026-08-04T01:35:00Z,46,4.719,,,Provisional/Provisoire,,
05EA001,2026-08-04T01:40:00Z,46,4.717,,,Provisional/Provisoire,,
05EA001,2026-08-04T01:45:00Z,46,4.713,,,Provisional/Provisoire,,
05EA001,2026-08-04T01:50:00Z,46,4.722,,,Provisional/Provisoire,,
05EA001,2026-08-04T01:55:00Z,46,4.717,,,Provisional/Provisoire,,
05EA001,2026-08-04T02:00:00Z,46,4.718,,,Provisional/Provisoire,,
05EA001,2026-08-04T02:05:00Z,46,4.715,,,Provisional/Provisoire,,
05EA001,2026-08-04T02:10:00Z,46,4.719,,,Provisional/Provisoire,,
05EA001,2026-08-04T02:15:00Z,46,4.717,,,Provisional/Provisoire,,
05EA001,2026-08-04T02:20:00Z,46,4.718,,,Provisional/Provisoire,,
05EA001,2026-08-04T02:25:00Z,46,4.717,,,Provisional/Provisoire,,
05EA001,2026-08-04T02:30:00Z,46,4.714,,,Provisional/Provisoire,,
05EA001,2026-08-04T02:35:00Z,46,4.718,,,Provisional/Provisoire,,
05EA001,2026-08-04T02:40:00Z,46,4.718,,,Provisional/Provisoire,,
05EA001,2026-08-04T02:45:00Z,46,4.715,,,Provisional/Provisoire,,
05EA001,2026-08-04T02:50:00Z,46,4.712,,,Provisional/Provisoire,,
05EA001,2026-08-04T02:55:00Z,46,4.705,,,Provisional/Provisoire,,
05EA001,2026-08-04T03:00:00Z,46,4.711,,,Provisional/Provisoire,,
05EA001,2026-08-04T03:05:00Z,46,4.713,,,Provisional/Provisoire,,
05EA001,2026-08-04T03:10:00Z,46,4.712,,,Provisional/Provisoire,,
05EA001,2026-08-04T03:15:00Z,46,4.712,,,Provisional/Provisoire,,
05EA001,2026-08-04T03:20:00Z,46,4.713,,,Provisional/Provisoire,,
05EA001,2026-08-04T03:25:00Z,46,4.712,,,Provisional/Provisoire,,
05EA001,2026-08-04T03:30:00Z,46,4.715,,,Provisional/Provisoire,,
05EA001,2026-08-04T03:35:00Z,46,4.715,,,Provisional/Provisoire,,
05EA001,2026-08-04T03:40:00Z,46,4.715,,,Provisional/Provisoire,,
05EA001,2026-08-04T03:45:00Z,46,4.707,,,Provisional/Provisoire,,
05EA001,2026-08-04T03:50:00Z,46,4.713,,,Provisional/Provisoire,,
05EA001,2026-08-04T03:55:00Z,46,4.712,,,Provisional/Provisoire,,
05EA001,2026-08-04T04:00:00Z,46,4.713,,,Provisional/Provisoire,,
05EA001,2026-08-04T04:05:00Z,46,4.709,,,Provisional/Provisoire,,
05EA001,2026-08-04T04:10:00Z,46,4.716,,,Provisional/Provisoire,,
05EA001,2026-08-04T04:15:00Z,46,4.710,,,Provisional/Provisoire,,
05EA001,2026-08-04T04:20:00Z,46,4.713,,,Provisional/Provisoire,,
05EA001,2026-08-04T04:25:00Z,46,4.710,,,Provisional/Provisoire,,
05EA001,2026-08-04T04:30:00Z,46,4.714,,,Provisional/Provisoire,,
05EA001,2026-08-04T04:35:00Z,46,4.715,,,Provisional/Provisoire,,
05EA001,2026-08-04T04:40:00Z,46,4.713,,,Provisional/Provisoire,,
05EA001,2026-08-04T04:45:00Z,46,4.716,,,Provisional/Provisoire,,
05EA001,2026-08-04T04:50:00Z,46,4.714,,,Provisional/Provisoire,,
05EA001,2026-08-04T04:55:00Z,46,4.713,,,Provisional/Provisoire,,
05EA001,2026-08-04T05:00:00Z,46,4.712,,,Provisional/Provisoire,,
05EA001,2026-08-04T05:05:00Z,46,4.713,,,Provisional/Provisoire,,
05EA001,2026-08-04T05:10:00Z,46,4.710,,,Provisional/Provisoire,,
05EA001,2026-08-04T05:15:00Z,46,4.709,,,Provisional/Provisoire,,
05EA001,2026-08-04T05:20:00Z,46,4.713,,,Provisional/Provisoire,,
05EA001,2026-08-04T05:25:00Z,46,4.712,,,Provisional/Provisoire,,
05EA001,2026-08-04T05:30:00Z,46,4.710,,,Provisional/Provisoire,,
05EA001,2026-08-04T05:35:00Z,46,4.714,,,Provisional/Provisoire,,
05EA001,2026-08-04T05:40:00Z,46,4.708,,,Provisional/Provisoire,,
05EA001,2026-08-04T05:45:00Z,46,4.710,,,Provisional/Provisoire,,
05EA001,2026-08-04T05:50:00Z,46,4.709,,,Provisional/Provisoire,,
05EA001,2026-08-04T05:55:00Z,46,4.710,,,Provisional/Provisoire,,
05EA001,2026-08-04T06:00:00Z,46,4.709,,,Provisional/Provisoire,,
05EA001,2026-08-04T06:05:00Z,46,4.706,,,Provisional/Provisoire,,
05EA001,2026-08-04T06:10:00Z,46,4.713,,,Provisional/Provisoire,,
05EA001,2026-08-04T06:15:00Z,46,4.711,,,Provisional/Provisoire,,
05EA001,2026-08-04T06:20:00Z,46,4.709,,,Provisional/Provisoire,,
05EA001,2026-08-04T06:25:00Z,46,4.710,,,Provisional/Provisoire,,
05EA001,2026-08-04T06:30:00Z,46,4.714,,,Provisional/Provisoire,,
05EA001,2026-08-04T06:35:00Z,46,4.714,,,Provisional/Provisoire,,
05EA001,2026-08-04T06:40:00Z,46,4.711,,,Provisional/Provisoire,,
05EA001,2026-08-04T06:45:00Z,46,4.703,,,Provisional/Provisoire,,
05EA001,2026-08-04T06:50:00Z,46,4.707,,,Provisional/Provisoire,,
05EA001,2026-08-04T06:55:00Z,46,4.713,,,Provisional/Provisoire,,
05EA001,2026-08-04T07:00:00Z,46,4.711,,,Provisional/Provisoire,,
05EA001,2026-08-04T07:05:00Z,46,4.714,,,Provisional/Provisoire,,
05EA001,2026-08-04T07:10:00Z,46,4.709,,,Provisional/Provisoire,,
05EA001,2026-08-04T07:15:00Z,46,4.711,,,Provisional/Provisoire,,
05EA001,2026-08-04T07:20:00Z,46,4.702,,,Provisional/Provisoire,,
05EA001,2026-08-04T07:25:00Z,46,4.709,,,Provisional/Provisoire,,
05EA001,2026-08-04T07:30:00Z,46,4.711,,,Provisional/Provisoire,,
05EA001,2026-08-04T07:35:00Z,46,4.705,,,Provisional/Provisoire,,
05EA001,2026-08-04T07:40:00Z,46,4.713,,,Provisional/Provisoire,,
05EA001,2026-08-04T07:45:00Z,46,4.712,,,Provisional/Provisoire,,
05EA001,2026-08-04T07:50:00Z,46,4.706,,,Provisional/Provisoire,,
05EA001,2026-08-04T07:55:00Z,46,4.704,,,Provisional/Provisoire,,
05EA001,2026-08-04T08:00:00Z,46,4.710,,,Provisional/Provisoire,,
05EA001,2026-08-04T08:05:00Z,46,4.705,,,Provisional/Provisoire,,
05EA001,2026-08-04T08:10:00Z,46,4.707,,,Provisional/Provisoire,,
05EA001,2026-08-04T08:15:00Z,46,4.711,,,Provisional/Provisoire,,
05EA001,2026-08-04T08:20:00Z,46,4.711,,,Provisional/Provisoire,,
05EA001,2026-08-04T08:25:00Z,46,4.709,,,Provisional/Provisoire,,
05EA001,2026-08-04T08:30:00Z,46,4.713,,,Provisional/Provisoire,,
05EA001,2026-08-04T08:35:00Z,46,4.711,,,Provisional/Provisoire,,
05EA001,2026-08-04T08:40:00Z,46,4.710,,,Provisional/Provisoire,,
05EA001,2026-08-04T08:45:00Z,46,4.710,,,Provisional/Provisoire,,
05EA001,2026-08-04T08:50:00Z,46,4.706,,,Provisional/Provisoire,,
05EA001,2026-08-04T08:55:00Z,46,4.704,,,Provisional/Provisoire,,
05EA001,2026-08-04T09:00:00Z,46,4.705,,,Provisional/Provisoire,,
05EA001,2026-08-04T09:05:00Z,46,4.703,,,Provisional/Provisoire,,
05EA001,2026-08-04T09:10:00Z,46,4.706,,,Provisional/Provisoire,,
05EA001,2026-08-04T09:15:00Z,46,4.710,,,Provisional/Provisoire,,
05EA001,2026-08-04T09:20:00Z,46,4.707,,,Provisional/Provisoire,,
05EA001,2026-08-04T09:25:00Z,46,4.707,,,Provisional/Provisoire,,
05EA001,2026-08-04T09:30:00Z,46,4.707,,,Provisional/Provisoire,,
05EA001,2026-08-04T09:35:00Z,46,4.705,,,Provisional/Provisoire,,
05EA001,2026-08-04T09:40:00Z,46,4.702,,,Provisional/Provisoire,,
05EA001,2026-08-04T09:45:00Z,46,4.710,,,Provisional/Provisoire,,
05EA001,2026-08-04T09:50:00Z,46,4.704,,,Provisional/Provisoire,,
05EA001,2026-08-04T09:55:00Z,46,4.705,,,Provisional/Provisoire,,
05EA001,2026-08-04T10:00:00Z,46,4.706,,,Provisional/Provisoire,,
05EA001,2026-08-04T10:05:00Z,46,4.708,,,Provisional/Provisoire,,
05EA001,2026-08-04T10:10:00Z,46,4.711,,,Provisional/Provisoire,,
05EA001,2026-08-04T10:15:00Z,46,4.706,,,Provisional/Provisoire,,
05EA001,2026-08-04T10:20:00Z,46,4.700,,,Provisional/Provisoire,,
05EA001,2026-08-04T10:25:00Z,46,4.704,,,Provisional/Provisoire,,
05EA001,2026-08-04T10:30:00Z,46,4.698,,,Provisional/Provisoire,,
05EA001,2026-08-04T10:35:00Z,46,4.708,,,Provisional/Provisoire,,
05EA001,2026-08-04T10:40:00Z,46,4.699,,,Provisional/Provisoire,,
05EA001,2026-08-04T10:45:00Z,46,4.705,,,Provisional/Provisoire,,
05EA001,2026-08-04T10:50:00Z,46,4.707,,,Provisional/Provisoire,,
05EA001,2026-08-04T10:55:00Z,46,4.704,,,Provisional/Provisoire,,
05EA001,2026-08-04T11:00:00Z,46,4.703,,,Provisional/Provisoire,,
05EA001,2026-08-04T11:05:00Z,46,4.705,,,Provisional/Provisoire,,
05EA001,2026-08-04T11:10:00Z,46,4.702,,,Provisional/Provisoire,,
05EA001,2026-08-04T11:15:00Z,46,4.702,,,Provisional/Provisoire,,
05EA001,2026-08-04T11:20:00Z,46,4.705,,,Provisional/Provisoire,,
05EA001,2026-08-04T11:25:00Z,46,4.703,,,Provisional/Provisoire,,
05EA001,2026-08-04T11:30:00Z,46,4.704,,,Provisional/Provisoire,,
05EA001,2026-08-04T11:35:00Z,46,4.697,,,Provisional/Provisoire,,
05EA001,2026-08-04T11:40:00Z,46,4.704,,,Provisional/Provisoire,,
05EA001,2026-08-04T11:45:00Z,46,4.698,,,Provisional/Provisoire,,
05EA001,2026-08-04T11:50:00Z,46,4.700,,,Provisional/Provisoire,,
05EA001,2026-08-04T11:55:00Z,46,4.704,,,Provisional/Provisoire,,
05EA001,2026-08-04T12:00:00Z,46,4.706,,,Provisional/Provisoire,,
05EA001,2026-08-04T12:05:00Z,46,4.701,,,Provisional/Provisoire,,
05EA001,2026-08-04T12:10:00Z,46,4.703,,,Provisional/Provisoire,,
05EA001,2026-08-04T12:15:00Z,46,4.705,,,Provisional/Provisoire,,
05EA001,2026-08-04T12:20:00Z,46,4.701,,,Provisional/Provisoire,,
05EA001,2026-08-04T12:25:00Z,46,4.701,,,Provisional/Provisoire,,
05EA001,2026-08-04T12:30:00Z,46,4.705,,,Provisional/Provisoire,,
05EA001,2026-08-04T12:35:00Z,46,4.701,,,Provisional/Provisoire,,
05EA001,2026-08-04T12:40:00Z,46,4.699,,,Provisional/Provisoire,,
05EA001,2026-08-04T12:45:00Z,46,4.700,,,Provisional/Provisoire,,
05EA001,2026-08-04T12:50:00Z,46,4.701,,,Provisional/Provisoire,,
05EA001,2026-08-04T12:55:00Z,46,4.703,,,Provisional/Provisoire,,
05EA001,2026-08-04T13:00:00Z,46,4.701,,,Provisional/Provisoire,,
05EA001,2026-08-04T13:05:00Z,46,4.699,,,Provisional/Provisoire,,
05EA001,2026-08-04T13:10:00Z,46,4.699,,,Provisional/Provisoire,,
05EA001,2026-08-04T13:15:00Z,46,4.700,,,Provisional/Provisoire,,
05EA001,2026-08-04T13:20:00Z,46,4.699,,,Provisional/Provisoire,,
05EA001,2026-08-04T13:25:00Z,46,4.696,,,Provisional/Provisoire,,
05EA001,2026-08-04T13:30:00Z,46,4.699,,,Provisional/Provisoire,,
05EA001,2026-08-04T13:35:00Z,46,4.698,,,Provisional/Provisoire,,
05EA001,2026-08-04T13:40:00Z,46,4.696,,,Provisional/Provisoire,,
05EA001,2026-08-04T13:45:00Z,46,4.694,,,Provisional/Provisoire,,
05EA001,2026-08-04T13:50:00Z,46,4.696,,,Provisional/Provisoire,,
05EA001,2026-08-04T13:55:00Z,46,4.697,,,Provisional/Provisoire,,
05EA001,2026-08-04T14:00:00Z,46,4.690,,,Provisional/Provisoire,,
05EA001,2026-08-04T14:05:00Z,46,4.698,,,Provisional/Provisoire,,
05EA001,2026-08-04T14:10:00Z,46,4.697,,,Provisional/Provisoire,,
05EA001,2026-08-04T14:15:00Z,46,4.695,,,Provisional/Provisoire,,
05EA001,2026-08-04T14:20:00Z,46,4.694,,,Provisional/Provisoire,,
05EA001,2026-08-04T14:25:00Z,46,4.697,,,Provisional/Provisoire,,
05EA001,2026-08-04T14:30:00Z,46,4.698,,,Provisional/Provisoire,,
05EA001,2026-08-04T14:35:00Z,46,4.697,,,Provisional/Provisoire,,
05EA001,2026-08-04T14:40:00Z,46,4.691,,,Provisional/Provisoire,,
05EA001,2026-08-04T14:45:00Z,46,4.695,,,Provisional/Provisoire,,
05EA001,2026-08-04T14:50:00Z,46,4.698,,,Provisional/Provisoire,,
05EA001,2026-08-04T14:55:00Z,46,4.695,,,Provisional/Provisoire,,
05EA001,2026-08-04T15:00:00Z,46,4.691,,,Provisional/Provisoire,,
05EA001,2026-08-04T15:05:00Z,46,4.695,,,Provisional/Provisoire,,
05EA001,2026-08-04T15:10:00Z,46,4.690,,,Provisional/Provisoire,,
05EA001,2026-08-04T15:15:00Z,46,4.688,,,Provisional/Provisoire,,
05EA001,2026-08-04T15:20:00Z,46,4.690,,,Provisional/Provisoire,,
05EA001,2026-08-04T15:25:00Z,46,4.695,,,Provisional/Provisoire,,
05EA001,2026-08-04T15:30:00Z,46,4.697,,,Provisional/Provisoire,,
05EA001,2026-08-04T15:35:00Z,46,4.695,,,Provisional/Provisoire,,
05EA001,2026-08-04T15:40:00Z,46,4.693,,,Provisional/Provisoire,,
05EA001,2026-08-04T15:45:00Z,46,4.692,,,Provisional/Provisoire,,
05EA001,2026-08-04T15:50:00Z,46,4.694,,,Provisional/Provisoire,,
05EA001,2026-08-04T15:55:00Z,46,4.693,,,Provisional/Provisoire,,
05EA001,2026-08-04T16:00:00Z,46,4.695,,,Provisional/Provisoire,,
05EA001,2026-08-04T16:05:00Z,46,4.693,,,Provisional/Provisoire,,
05EA001,2026-08-04T16:10:00Z,46,4.696,,,Provisional/Provisoire,,
05EA001,2026-08-04T16:15:00Z,46,4.693,,,Provisional/Provisoire,,
05EA001,2026-08-04T16:20:00Z,46,4.693,,,Provisional/Provisoire,,
05EA001,2026-08-04T16:25:00Z,46,4.694,,,Provisional/Provisoire,,
05EA001,2026-08-04T16:30:00Z,46,4.691,,,Provisional/Provisoire,,
05EA001,2026-08-04T16:35:00Z,46,4.692,,,Provisional/Provisoire,,
05EA001,2026-08-04T16:40:00Z,46,4.693,,,Provisional/Provisoire,,
05EA001,2026-08-04T16:45:00Z,46,4.693,,,Provisional/Provisoire,,
05EA001,2026-08-04T16:50:00Z,46,4.692,,,Provisional/Provisoire,,
05EA001,2026-08-04T16:55:00Z,46,4.689,,,Provisional/Provisoire,,
05EA001,2026-08-04T17:00:00Z,46,4.692,,,Provisional/Provisoire,,
05EA001,2026-08-04T17:05:00Z,46,4.690,,,Provisional/Provisoire,,
05EA001,2026-08-04T17:10:00Z,46,4.694,,,Provisional/Provisoire,,
05EA001,2026-08-04T17:15:00Z,46,4.692,,,Provisional/Provisoire,,
05EA001,2026-08-04T17:20:00Z,46,4.693,,,Provisional/Provisoire,,
05EA001,2026-08-04T17:25:00Z,46,4.691,,,Provisional/Provisoire,,
05EA001,2026-08-04T17:30:00Z,46,4.692,,,Provisional/Provisoire,,
05EA001,2026-08-04T17:35:00Z,46,4.690,,,Provisional/Provisoire,,
05EA001,2026-08-04T17:40:00Z,46,4.690,,,Provisional/Provisoire,,
05EA001,2026-08-04T17:45:00Z,46,4.692,,,Provisional/Provisoire,,
05EA001,2026-08-04T17:50:00Z,46,4.688,,,Provisional/Provisoire,,
05EA001,2026-08-04T17:55:00Z,46,4.689,,,Provisional/Provisoire,,
05EA001,2026-08-04T18:00:00Z,46,4.691,,,Provisional/Provisoire,,
05EA001,2026-08-04T18:05:00Z,46,4.680,,,Provisional/Provisoire,,
05EA001,2026-08-04T18:10:00Z,46,4.688,,,Provisional/Provisoire,,
05EA001,2026-08-04T18:15:00Z,46,4.694,,,Provisional/Provisoire,,
05EA001,2026-08-04T18:20:00Z,46,4.689,,,Provisional/Provisoire,,
05EA001,2026-08-04T18:25:00Z,46,4.688,,,Provisional/Provisoire,,
05EA001,2026-08-04T18:30:00Z,46,4.685,,,Provisional/Provisoire,,
05EA001,2026-08-04T18:35:00Z,46,4.689,,,Provisional/Provisoire,,
05EA001,2026-08-04T18:40:00Z,46,4.689,,,Provisional/Provisoire,,
05EA001,2026-08-04T18:45:00Z,46,4.692,,,Provisional/Provisoire,,
05EA001,2026-08-04T18:50:00Z,46,4.688,,,Provisional/Provisoire,,
05EA001,2026-08-04T18:55:00Z,46,4.690,,,Provisional/Provisoire,,
05EA001,2026-08-04T19:00:00Z,46,4.690,,,Provisional/Provisoire,,
05EA001,2026-08-04T19:05:00Z,46,4.686,,,Provisional/Provisoire,,
05EA001,2026-08-04T19:10:00Z,46,4.685,,,Provisional/Provisoire,,
05EA001,2026-08-04T19:15:00Z,46,4.691,,,Provisional/Provisoire,,
05EA001,2026-08-04T19:20:00Z,46,4.679,,,Provisional/Provisoire,,
05EA001,2026-08-04T19:25:00Z,46,4.687,,,Provisional/Provisoire,,
05EA001,2026-08-04T19:30:00Z,46,4.691,,,Provisional/Provisoire,,
05EA001,2026-08-04T19:35:00Z,46,4.687,,,Provisional/Provisoire,,
05EA001,2026-08-04T19:40:00Z,46,4.687,,,Provisional/Provisoire,,
05EA001,2026-08-04T19:45:00Z,46,4.687,,,Provisional/Provisoire,,
05EA001,2026-08-04T19:50:00Z,46,4.687,,,Provisional/Provisoire,,
05EA001,2026-08-04T19:55:00Z,46,4.685,,,Provisional/Provisoire,,
05EA001,2026-08-04T20:00:00Z,46,4.685,,,Provisional/Provisoire,,
05EA001,2026-08-04T20:05:00Z,46,4.689,,,Provisional/Provisoire,,
05EA001,2026-08-04T20:10:00Z,46,4.687,,,Provisional/Provisoire,,
05EA001,2026-08-04T20:15:00Z,46,4.688,,,Provisional/Provisoire,,
05EA001,2026-08-04T20:20:00Z,46,4.678,,,Provisional/Provisoire,,
05EA001,2026-08-04T20:25:00Z,46,4.678,,,Provisional/Provisoire,,
05EA001,2026-08-04T20:30:00Z,46,4.687,,,Provisional/Provisoire,,
05EA001,2026-08-04T20:35:00Z,46,4.685,,,Provisional/Provisoire,,
05EA001,2026-08-04T20:40:00Z,46,4.681,,,Provisional/Provisoire,,
05EA001,2026-08-04T20:45:00Z,46,4.681,,,Provisional/Provisoire,,
05EA001,2026-08-04T20:50:00Z,46,4.680,,,Provisional/Provisoire,,
05EA001,2026-08-04T20:55:00Z,46,4.683,,,Provisional/Provisoire,,
05EA001,2026-08-04T21:00:00Z,46,4.681,,,Provisional/Provisoire,,
05EA001,2026-08-04T21:05:00Z,46,4.685,,,Provisional/Provisoire,,
05EA001,2026-08-04T21:10:00Z,46,4.680,,,Provisional/Provisoire,,
05EA001,2026-08-04T21:15:00Z,46,4.683,,,Provisional/Provisoire,,
05EA001,2026-08-04T21:20:00Z,46,4.682,,,Provisional/Provisoire,,
05EA001,2026-08-04T21:25:00Z,46,4.685,,,Provisional/Provisoire,,
05EA001,2026-08-04T21:30:00Z,46,4.683,,,Provisional/Provisoire,,
05EA001,2026-08-04T21:35:00Z,46,4.685,,,Provisional/Provisoire,,
05EA001,2026-08-04T21:40:00Z,46,4.679,,,Provisional/Provisoire,,
05EA001,2026-08-04T21:45:00Z,46,4.681,,,Provisional/Provisoire,,
05EA001,2026-08-04T21:50:00Z,46,4.680,,,Provisional/Provisoire,,
05EA001,2026-08-04T21:55:00Z,46,4.676,,,Provisional/Provisoire,,
05EA001,2026-08-04T22:00:00Z,46,4.676,,,Provisional/Provisoire,,
05EA001,2026-08-04T22:05:00Z,46,4.677,,,Provisional/Provisoire,,
05EA001,2026-08-04T22:10:00Z,46,4.680,,,Provisional/Provisoire,,
05EA001,2026-08-04T22:15:00Z,46,4.682,,,Provisional/Provisoire,,
05EA001,2026-08-04T22:20:00Z,46,4.680,,,Provisional/Provisoire,,
05EA001,2026-08-04T22:25:00Z,46,4.674,,,Provisional/Provisoire,,
05EA001,2026-08-04T22:30:00Z,46,4.678,,,Provisional/Provisoire,,
05EA001,2026-08-04T22:35:00Z,46,4.680,,,Provisional/Provisoire,,
05EA001,2026-08-04T22:40:00Z,46,4.675,,,Provisional/Provisoire,,
05EA001,2026-08-04T22:45:00Z,46,4.679,,,Provisional/Provisoire,,
05EA001,2026-08-04T22:50:00Z,46,4.682,,,Provisional/Provisoire,,
05EA001,2026-08-04T22:55:00Z,46,4.679,,,Provisional/Provisoire,,
05EA001,2026-08-04T23:00:00Z,46,4.676,,,Provisional/Provisoire,,
05EA001,2026-08-04T23:05:00Z,46,4.679,,,Provisional/Provisoire,,
05EA001,2026-08-04T23:10:00Z,46,4.680,,,Provisional/Provisoire,,
05EA001,2026-08-04T23:15:00Z,46,4.681,,,Provisional/Provisoire,,
05EA001,2026-08-04T23:20:00Z,46,4.682,,,Provisional/Provisoire,,
05EA001,2026-08-04T23:25:00Z,46,4.675,,,Provisional/Provisoire,,
05EA001,2026-08-04T23:30:00Z,46,4.675,,,Provisional/Provisoire,,
05EA001,2026-08-04T23:35:00Z,46,4.681,,,Provisional/Provisoire,,
05EA001,2026-08-04T23:40:00Z,46,4.675,,,Provisional/Provisoire,,
05EA001,2026-08-04T23:45:00Z,46,4.677,,,Provisional/Provisoire,,
05EA001,2026-08-04T23:50:00Z,46,4.683,,,Provisional/Provisoire,,
05EA001,2026-08-04T23:55:00Z,46,4.679,,,Provisional/Provisoire,,
05EA001,2026-08-05T00:00:00Z,46,4.682,,,Provisional/Provisoire,,
05EA001,2026-08-05T00:05:00Z,46,4.679,,,Provisional/Provisoire,,
05EA001,2026-08-05T00:10:00Z,46,4.682,,,Provisional/Provisoire,,
05EA001,2026-08-05T00:15:00Z,46,4.679,,,Provisional/Provisoire,,
05EA001,2026-08-05T00:20:00Z,46,4.678,,,Provisional/Provisoire,,
05EA001,2026-08-05T00:25:00Z,46,4.682,,,Provisional/Provisoire,,
05EA001,2026-08-05T00:30:00Z,46,4.681,,,Provisional/Provisoire,,
05EA001,2026-08-05T00:35:00Z,46,4.679,,,Provisional/Provisoire,,
05EA001,2026-08-05T00:40:00Z,46,4.677,,,Provisional/Provisoire,,
05EA001,2026-08-05T00:45:00Z,46,4.678,,,Provisional/Provisoire,,
05EA001,2026-08-05T00:50:00Z,46,4.678,,,Provisional/Provisoire,,
05EA001,2026-08-05T00:55:00Z,46,4.685,,,Provisional/Provisoire,,
05EA001,2026-08-05T01:00:00Z,46,4.679,,,Provisional/Provisoire,,
05EA001,2026-08-05T01:05:00Z,46,4.681,,,Provisional/Provisoire,,
05EA001,2026-08-05T01:10:00Z,46,4.680,,,Provisional/Provisoire,,
05EA001,2026-08-05T01:15:00Z,46,4.681,,,Provisional/Provisoire,,
05EA001,2026-08-05T01:20:00Z,46,4.679,,,Provisional/Provisoire,,
05EA001,2026-08-05T01:25:00Z,46,4.685,,,Provisional/Provisoire,,
05EA001,2026-08-05T01:30:00Z,46,4.678,,,Provisional/Provisoire,,
05EA001,2026-08-05T01:35:00Z,46,4.677,,,Provisional/Provisoire,,
05EA001,2026-08-05T01:40:00Z,46,4.679,,,Provisional/Provisoire,,
05EA001,2026-08-05T01:45:00Z,46,4.681,,,Provisional/Provisoire,,
05EA001,2026-08-05T01:50:00Z,46,4.676,,,Provisional/Provisoire,,
05EA001,2026-08-05T01:55:00Z,46,4.682,,,Provisional/Provisoire,,
05EA001,2026-08-05T02:00:00Z,46,4.683,,,Provisional/Provisoire,,
05EA001,2026-08-05T02:05:00Z,46,4.685,,,Provisional/Provisoire,,
05EA001,2026-08-05T02:10:00Z,46,4.681,,,Provisional/Provisoire,,
05EA001,2026-08-05T02:15:00Z,46,4.679,,,Provisional/Provisoire,,
05EA001,2026-08-05T02:20:00Z,46,4.688,,,Provisional/Provisoire,,
05EA001,2026-08-05T02:25:00Z,46,4.683,,,Provisional/Provisoire,,
05EA001,2026-08-05T02:30:00Z,46,4.680,,,Provisional/Provisoire,,
05EA001,2026-08-05T02:35:00Z,46,4.685,,,Provisional/Provisoire,,
05EA001,2026-08-05T02:40:00Z,46,4.686,,,Provisional/Provisoire,,
05EA001,2026-08-05T02:45:00Z,46,4.682,,,Provisional/Provisoire,,
05EA001,2026-08-05T02:50:00Z,46,4.689,,,Provisional/Provisoire,,
05EA001,2026-08-05T02:55:00Z,46,4.685,,,Provisional/Provisoire,,
05EA001,2026-08-05T03:00:00Z,46,4.682,,,Provisional/Provisoire,,
05EA001,2026-08-05T03:05:00Z,46,4.686,,,Provisional/Provisoire,,
05EA001,2026-08-05T03:10:00Z,46,4.682,,,Provisional/Provisoire,,
05EA001,2026-08-05T03:15:00Z,46,4.677,,,Provisional/Provisoire,,
05EA001,2026-08-05T03:20:00Z,46,4.681,,,Provisional/Provisoire,,
05EA001,2026-08-05T03:25:00Z,46,4.680,,,Provisional/Provisoire,,
05EA001,2026-08-05T03:30:00Z,46,4.679,,,Provisional/Provisoire,,
05EA001,2026-08-05T03:35:00Z,46,4.682,,,Provisional/Provisoire,,
05EA001,2026-08-05T03:40:00Z,46,4.682,,,Provisional/Provisoire,,
05EA001,2026-08-05T03:45:00Z,46,4.680,,,Provisional/Provisoire,,
05EA001,2026-08-05T03:50:00Z,46,4.678,,,Provisional/Provisoire,,
05EA001,2026-08-05T03:55:00Z,46,4.681,,,Provisional/Provisoire,,
05EA001,2026-08-05T04:00:00Z,46,4.680,,,Provisional/Provisoire,,
05EA001,2026-08-05T04:05:00Z,46,4.680,,,Provisional/Provisoire,,
05EA001,2026-08-05T04:10:00Z,46,4.681,,,Provisional/Provisoire,,
05EA001,2026-08-05T04:15:00Z,46,4.680,,,Provisional/Provisoire,,
05EA001,2026-08-05T04:20:00Z,46,4.673,,,Provisional/Provisoire,,
05EA001,2026-08-05T04:25:00Z,46,4.680,,,Provisional/Provisoire,,
05EA001,2026-08-05T04:30:00Z,46,4.673,,,Provisional/Provisoire,,
05EA001,2026-08-05T04:35:00Z,46,4.679,,,Provisional/Provisoire,,
05EA001,2026-08-05T04:40:00Z,46,4.677,,,Provisional/Provisoire,,
05EA001,2026-08-05T04:45:00Z,46,4.670,,,Provisional/Provisoire,,
05EA001,2026-08-05T04:50:00Z,46,4.678,,,Provisional/Provisoire,,
05EA001,2026-08-05T04:55:00Z,46,4.682,,,Provisional/Provisoire,,
05EA001,2026-08-05T05:00:00Z,46,4.675,,,Provisional/Provisoire,,
05EA001,2026-08-05T05:05:00Z,46,4.676,,,Provisional/Provisoire,,
05EA001,2026-08-05T05:10:00Z,46,4.673,,,Provisional/Provisoire,,
05EA001,2026-08-05T05:15:00Z,46,4.678,,,Provisional/Provisoire,,
05EA001,2026-08-05T05:20:00Z,46,4.670,,,Provisional/Provisoire,,
05EA001,2026-08-05T05:25:00Z,46,4.678,,,Provisional/Provisoire,,
05EA001,2026-08-05T05:30:00Z,46,4.677,,,Provisional/Provisoire,,
05EA001,2026-08-05T05:35:00Z,46,4.670,,,Provisional/Provisoire,,
05EA001,2026-08-05T05:40:00Z,46,4.681,,,Provisional/Provisoire,,
05EA001,2026-08-05T05:45:00Z,46,4.670,,,Provisional/Provisoire,,
05EA001,2026-08-05T05:50:00Z,46,4.672,,,Provisional/Provisoire,,
05EA001,2026-08-05T05:55:00Z,46,4.673,,,Provisional/Provisoire,,
05EA001,2026-08-05T06:00:00Z,46,4.673,,,Provisional/Provisoire,,
05EA001,2026-08-05T06:05:00Z,46,4.670,,,Provisional/Provisoire,,
05EA001,2026-08-05T06:10:00Z,46,4.676,,,Provisional/Provisoire,,
05EA001,2026-08-05T06:15:00Z,46,4.675,,,Provisional/Provisoire,,
05EA001,2026-08-05T06:20:00Z,46,4.673,,,Provisional/Provisoire,,
05EA001,2026-08-05T06:25:00Z,46,4.678,,,Provisional/Provisoire,,
05EA001,2026-08-05T06:30:00Z,46,4.672,,,Provisional/Provisoire,,
05EA001,2026-08-05T06:35:00Z,46,4.671,,,Provisional/Provisoire,,
05EA001,2026-08-05T06:40:00Z,46,4.677,,,Provisional/Provisoire,,
05EA001,2026-08-05T06:45:00Z,46,4.670,,,Provisional/Provisoire,,
05EA001,2026-08-05T06:50:00Z,46,4.671,,,Provisional/Provisoire,,
05EA001,2026-08-05T06:55:00Z,46,4.673,,,Provisional/Provisoire,,
05EA001,2026-08-05T07:00:00Z,46,4.672,,,Provisional/Provisoire,,
05EA001,2026-08-05T07:05:00Z,46,4.677,,,Provisional/Provisoire,,
05EA001,2026-08-05T07:10:00Z,46,4.675,,,Provisional/Provisoire,,
05EA001,2026-08-05T07:15:00Z,46,4.676,,,Provisional/Provisoire,,
05EA001,2026-08-05T07:20:00Z,46,4.675,,,Provisional/Provisoire,,
05EA001,2026-08-05T07:25:00Z,46,4.674,,,Provisional/Provisoire,,
05EA001,2026-08-05T07:30:00Z,46,4.669,,,Provisional/Provisoire,,
05EA001,2026-08-05T07:35:00Z,46,4.675,,,Provisional/Provisoire,,
05EA001,2026-08-05T07:40:00Z,46,4.673,,,Provisional/Provisoire,,
05EA001,2026-08-05T07:45:00Z,46,4.674,,,Provisional/Provisoire,,
05EA001,2026-08-05T07:50:00Z,46,4.673,,,Provisional/Provisoire,,
05EA001,2026-08-05T07:55:00Z,46,4.670,,,Provisional/Provisoire,,
05EA001,2026-08-05T08:00:00Z,46,4.672,,,Provisional/Provisoire,,
05EA001,2026-08-05T08:05:00Z,46,4.668,,,Provisional/Provisoire,,
05EA001,2026-08-05T08:10:00Z,46,4.669,,,Provisional/Provisoire,,
05EA001,2026-08-05T08:15:00Z,46,4.678,,,Provisional/Provisoire,,
05EA001,2026-08-05T08:20:00Z,46,4.666,,,Provisional/Provisoire,,
05EA001,2026-08-05T08:25:00Z,46,4.667,,,Provisional/Provisoire,,
05EA001,2026-08-05T08:30:00Z,46,4.670,,,Provisional/Provisoire,,
05EA001,2026-08-05T08:35:00Z,46,4.667,,,Provisional/Provisoire,,
05EA001,2026-08-05T08:40:00Z,46,4.667,,,Provisional/Provisoire,,
05EA001,2026-08-05T08:45:00Z,46,4.669,,,Provisional/Provisoire,,
05EA001,2026-08-05T08:50:00Z,46,4.670,,,Provisional/Provisoire,,
05EA001,2026-08-05T08:55:00Z,46,4.669,,,Provisional/Provisoire,,
05EA001,2026-08-05T09:00:00Z,46,4.669,,,Provisional/Provisoire,,
05EA001,2026-08-05T09:05:00Z,46,4.668,,,Provisional/Provisoire,,
05EA001,2026-08-05T09:10:00Z,46,4.671,,,Provisional/Provisoire,,
05EA001,2026-08-05T09:15:00Z,46,4.673,,,Provisional/Provisoire,,
05EA001,2026-08-05T09:20:00Z,46,4.668,,,Provisional/Provisoire,,
05EA001,2026-08-05T09:25:00Z,46,4.669,,,Provisional/Provisoire,,
05EA001,2026-08-05T09:30:00Z,46,4.669,,,Provisional/Provisoire,,
05EA001,2026-08-05T09:35:00Z,46,4.665,,,Provisional/Provisoire,,
05EA001,2026-08-05T09:40:00Z,46,4.673,,,Provisional/Provisoire,,
05EA001,2026-08-05T09:45:00Z,46,4.667,,,Provisional/Provisoire,,
05EA001,2026-08-05T09:50:00Z,46,4.669,,,Provisional/Provisoire,,
05EA001,2026-08-05T09:55:00Z,46,4.667,,,Provisional/Provisoire,,
05EA001,2026-08-05T10:00:00Z,46,4.667,,,Provisional/Provisoire,,
05EA001,2026-08-05T10:05:00Z,46,4.664,,,Provisional/Provisoire,,
05EA001,2026-08-05T10:10:00Z,46,4.670,,,Provisional/Provisoire,,
05EA001,2026-08-05T10:15:00Z,46,4.665,,,Provisional/Provisoire,,
05EA001,2026-08-05T10:20:00Z,46,4.665,,,Provisional/Provisoire,,
05EA001,2026-08-05T10:25:00Z,46,4.667,,,Provisional/Provisoire,,
05EA001,2026-08-05T10:30:00Z,46,4.669,,,Provisional/Provisoire,,
05EA001,2026-08-05T10:35:00Z,46,4.668,,,Provisional/Provisoire,,
05EA001,2026-08-05T10:40:00Z,46,4.669,,,Provisional/Provisoire,,
05EA001,2026-08-05T10:45:00Z,46,4.664,,,Provisional/Provisoire,,
05EA001,2026-08-05T10:50:00Z,46,4.665,,,Provisional/Provisoire,,
05EA001,2026-08-05T10:55:00Z,46,4.664,,,Provisional/Provisoire,,
05EA001,2026-08-05T11:00:00Z,46,4.665,,,Provisional/Provisoire,,
05EA001,2026-08-05T11:05:00Z,46,4.665,,,Provisional/Provisoire,,
05EA001,2026-08-05T11:10:00Z,46,4.664,,,Provisional/Provisoire,,
05EA001,2026-08-05T11:15:00Z,46,4.660,,,Provisional/Provisoire,,
05EA001,2026-08-05T11:20:00Z,46,4.664,,,Provisional/Provisoire,,
05EA001,2026-08-05T11:25:00Z,46,4.665,,,Provisional/Provisoire,,
05EA001,2026-08-05T11:30:00Z,46,4.665,,,Provisional/Provisoire,,
05EA001,2026-08-05T11:35:00Z,46,4.658,,,Provisional/Provisoire,,
05EA001,2026-08-05T11:40:00Z,46,4.662,,,Provisional/Provisoire,,
05EA001,2026-08-05T11:45:00Z,46,4.663,,,Provisional/Provisoire,,
05EA001,2026-08-05T11:50:00Z,46,4.659,,,Provisional/Provisoire,,
05EA001,2026-08-05T11:55:00Z,46,4.663,,,Provisional/Provisoire,,
05EA001,2026-08-05T12:00:00Z,46,4.659,,,Provisional/Provisoire,,
05EA001,2026-08-05T12:05:00Z,46,4.666,,,Provisional/Provisoire,,
05EA001,2026-08-05T12:10:00Z,46,4.663,,,Provisional/Provisoire,,
05EA001,2026-08-05T12:15:00Z,46,4.664,,,Provisional/Provisoire,,
05EA001,2026-08-05T12:20:00Z,46,4.664,,,Provisional/Provisoire,,
05EA001,2026-08-05T12:25:00Z,46,4.662,,,Provisional/Provisoire,,
05EA001,2026-08-05T12:30:00Z,46,4.663,,,Provisional/Provisoire,,
05EA001,2026-08-05T12:35:00Z,46,4.666,,,Provisional/Provisoire,,
05EA001,2026-08-05T12:40:00Z,46,4.665,,,Provisional/Provisoire,,
05EA001,2026-08-05T12:45:00Z,46,4.663,,,Provisional/Provisoire,,
05EA001,2026-08-05T12:50:00Z,46,4.665,,,Provisional/Provisoire,,
05EA001,2026-08-05T12:55:00Z,46,4.662,,,Provisional/Provisoire,,
05EA001,2026-08-05T13:00:00Z,46,4.661,,,Provisional/Provisoire,,
05EA001,2026-07-22T00:00:00Z,47,36.5,,,Provisional/Provisoire,,
05EA001,2026-07-22T00:05:00Z,47,36.5,,,Provisional/Provisoire,,
05EA001,2026-07-22T00:10:00Z,47,36.6,,,Provisional/Provisoire,,
05EA001,2026-07-22T00:15:00Z,47,36.5,,,Provisional/Provisoire,,
05EA001,2026-07-22T00:20:00Z,47,36.5,,,Provisional/Provisoire,,
05EA001,2026-07-22T00:25:00Z,47,36.5,,,Provisional/Provisoire,,
05EA001,2026-07-22T00:30:00Z,47,36.3,,,Provisional/Provisoire,,
05EA001,2026-07-22T00:35:00Z,47,36.4,,,Provisional/Provisoire,,
05EA001,2026-07-22T00:40:00Z,47,36.4,,,Provisional/Provisoire,,
05EA001,2026-07-22T00:45:00Z,47,36.5,,,Provisional/Provisoire,,
05EA001,2026-07-22T00:50:00Z,47,36.5,,,Provisional/Provisoire,,
05EA001,2026-07-22T00:55:00Z,47,36.3,,,Provisional/Provisoire,,
05EA001,2026-07-22T01:00:00Z,47,36.3,,,Provisional/Provisoire,,
05EA001,2026-07-22T01:05:00Z,47,36.5,,,Provisional/Provisoire,,
05EA001,2026-07-22T01:10:00Z,47,36.4,,,Provisional/Provisoire,,
05EA001,2026-07-22T01:15:00Z,47,36.5,,,Provisional/Provisoire,,
05EA001,2026-07-22T01:20:00Z,47,36.3,,,Provisional/Provisoire,,
05EA001,2026-07-22T01:25:00Z,47,36.4,,,Provisional/Provisoire,,
05EA001,2026-07-22T01:30:00Z,47,36.6,,,Provisional/Provisoire,,
05EA001,2026-07-22T01:35:00Z,47,36.4,,,Provisional/Provisoire,,
05EA001,2026-07-22T01:40:00Z,47,36.5,,,Provisional/Provisoire,,
05EA001,2026-07-22T01:45:00Z,47,36.3,,,Provisional/Provisoire,,
05EA001,2026-07-22T01:50:00Z,47,36.5,,,Provisional/Provisoire,,
05EA001,2026-07-22T01:55:00Z,47,36.5,,,Provisional/Provisoire,,
05EA001,2026-07-22T02:00:00Z,47,36.3,,,Provisional/Provisoire,,
05EA001,2026-07-22T02:05:00Z,47,36.2,,,Provisional/Provisoire,,
05EA001,2026-07-22T02:10:00Z,47,36.2,,,Provisional/Provisoire,,
05EA001,2026-07-22T02:15:00Z,47,36.2,,,Provisional/Provisoire,,
05EA001,2026-07-22T02:20:00Z,47,36.4,,,Provisional/Provisoire,,
05EA001,2026-07-22T02:25:00Z,47,36.2,,,Provisional/Provisoire,,
05EA001,2026-07-22T02:30:00Z,47,36.4,,,Provisional/Provisoire,,
05EA001,2026-07-22T02:35:00Z,47,36.4,,,Provisional/Provisoire,,
05EA001,2026-07-22T02:40:00Z,47,36.2,,,Provisional/Provisoire,,
05EA001,2026-07-22T02:45:00Z,47,36.5,,,Provisional/Provisoire,,
05EA001,2026-07-22T02:50:00Z,47,36.3,,,Provisional/Provisoire,,
05EA001,2026-07-22T02:55:00Z,47,36.4,,,Provisional/Provisoire,,
05EA001,2026-07-22T03:00:00Z,47,36.3,,,Provisional/Provisoire,,
05EA001,2026-07-22T03:05:00Z,47,36.4,,,Provisional/Provisoire,,
05EA001,2026-07-22T03:10:00Z,47,36.1,,,Provisional/Provisoire,,
05EA001,2026-07-22T03:15:00Z,47,36.4,,,Provisional/Provisoire,,
05EA001,2026-07-22T03:20:00Z,47,36.2,,,Provisional/Provisoire,,
05EA001,2026-07-22T03:25:00Z,47,36.3,,,Provisional/Provisoire,,
05EA001,2026-07-22T03:30:00Z,47,36.3,,,Provisional/Provisoire,,
05EA001,2026-07-22T03:35:00Z,47,36.1,,,Provisional/Provisoire,,
05EA001,2026-07-22T03:40:00Z,47,36.2,,,Provisional/Provisoire,,
05EA001,2026-07-22T03:45:00Z,47,36.1,,,Provisional/Provisoire,,
05EA001,2026-07-22T03:50:00Z,47,36.2,,,Provisional/Provisoire,,
05EA001,2026-07-22T03:55:00Z,47,36.2,,,Provisional/Provisoire,,
05EA001,2026-07-22T04:00:00Z,47,36.3,,,Provisional/Provisoire,,
05EA001,2026-07-22T04:05:00Z,47,36.1,,,Provisional/Provisoire,,
05EA001,2026-07-22T04:10:00Z,47,36.2,,,Provisional/Provisoire,,
05EA001,2026-07-22T04:15:00Z,47,36.0,,,Provisional/Provisoire,,
05EA001,2026-07-22T04:20:00Z,47,36.1,,,Provisional/Provisoire,,
05EA001,2026-07-22T04:25:00Z,47,36.1,,,Provisional/Provisoire,,
05EA001,2026-07-22T04:30:00Z,47,36.0,,,Provisional/Provisoire,,
05EA001,2026-07-22T04:35:00Z,47,36.1,,,Provisional/Provisoire,,
05EA001,2026-07-22T04:40:00Z,47,36.2,,,Provisional/Provisoire,,
05EA001,2026-07-22T04:45:00Z,47,36.1,,,Provisional/Provisoire,,
05EA001,2026-07-22T04:50:00Z,47,35.9,,,Provisional/Provisoire,,
05EA001,2026-07-22T04:55:00Z,47,35.9,,,Provisional/Provisoire,,
05EA001,2026-07-22T05:00:00Z,47,35.9,,,Provisional/Provisoire,,
05EA001,2026-07-22T05:05:00Z,47,36.0,,,Provisional/Provisoire,,
05EA001,2026-07-22T05:10:00Z,47,35.9,,,Provisional/Provisoire,,
05EA001,2026-07-22T05:15:00Z,47,36.0,,,Provisional/Provisoire,,
05EA001,2026-07-22T05:20:00Z,47,35.9,,,Provisional/Provisoire,,
05EA001,2026-07-22T05:25:00Z,47,36.1,,,Provisional/Provisoire,,
05EA001,2026-07-22T05:30:00Z,47,36.0,,,Provisional/Provisoire,,
05EA001,2026-07-22T05:35:00Z,47,35.9,,,Provisional/Provisoire,,
05EA001,2026-07-22T05:40:00Z,47,36.0,,,Provisional/Provisoire,,
05EA001,2026-07-22T05:45:00Z,47,36.0,,,Provisional/Provisoire,,
05EA001,2026-07-22T05:50:00Z,47,35.9,,,Provisional/Provisoire,,
05EA001,2026-07-22T05:55:00Z,47,35.9,,,Provisional/Provisoire,,
05EA001,2026-07-22T06:00:00Z,47,35.9,,,Provisional/Provisoire,,
05EA001,2026-07-22T06:05:00Z,47,36.0,,,Provisional/Provisoire,,
05EA001,2026-07-22T06:10:00Z,47,35.9,,,Provisional/Provisoire,,
05EA001,2026-07-22T06:15:00Z,47,35.8,,,Provisional/Provisoire,,
05EA001,2026-07-22T06:20:00Z,47,35.9,,,Provisional/Provisoire,,
05EA001,2026-07-22T06:25:00Z,47,35.9,,,Provisional/Provisoire,,
05EA001,2026-07-22T06:30:00Z,47,35.9,,,Provisional/Provisoire,,
05EA001,2026-07-22T06:35:00Z,47,35.8,,,Provisional/Provisoire,,
05EA001,2026-07-22T06:40:00Z,47,35.8,,,Provisional/Provisoire,,
05EA001,2026-07-22T06:45:00Z,47,35.8,,,Provisional/Provisoire,,
05EA001,2026-07-22T06:50:00Z,47,35.8,,,Provisional/Provisoire,,
05EA001,2026-07-22T06:55:00Z,47,35.7,,,Provisional/Provisoire,,
05EA001,2026-07-22T07:00:00Z,47,35.8,,,Provisional/Provisoire,,
05EA001,2026-07-22T07:05:00Z,47,35.7,,,Provisional/Provisoire,,
05EA001,2026-07-22T07:10:00Z,47,35.8,,,Provisional/Provisoire,,
05EA001,2026-07-22T07:15:00Z,47,35.8,,,Provisional/Provisoire,,
05EA001,2026-07-22T07:20:00Z,47,35.9,,,Provisional/Provisoire,,
05EA001,2026-07-22T07:25:00Z,47,35.8,,,Provisional/Provisoire,,
05EA001,2026-07-22T07:30:00Z,47,35.7,,,Provisional/Provisoire,,
05EA001,2026-07-22T07:35:00Z,47,35.9,,,Provisional/Provisoire,,
05EA001,2026-07-22T07:40:00Z,47,35.6,,,Provisional/Provisoire,,
05EA001,2026-07-22T07:45:00Z,47,35.7,,,Provisional/Provisoire,,
05EA001,2026-07-22T07:50:00Z,47,35.7,,,Provisional/Provisoire,,
05EA001,2026-07-22T07:55:00Z,47,35.7,,,Provisional/Provisoire,,
05EA001,2026-07-22T08:00:00Z,47,35.5,,,Provisional/Provisoire,,
05EA001,2026-07-22T08:05:00Z,47,35.6,,,Provisional/Provisoire,,
05EA001,2026-07-22T08:10:00Z,47,35.6,,,Provisional/Provisoire,,
05EA001,2026-07-22T08:15:00Z,47,35.6,,,Provisional/Provisoire,,
05EA001,2026-07-22T08:20:00Z,47,35.4,,,Provisional/Provisoire,,
05EA001,2026-07-22T08:25:00Z,47,35.6,,,Provisional/Provisoire,,
05EA001,2026-07-22T08:30:00Z,47,35.5,,,Provisional/Provisoire,,
05EA001,2026-07-22T08:35:00Z,47,35.6,,,Provisional/Provisoire,,
05EA001,2026-07-22T08:40:00Z,47,35.5,,,Provisional/Provisoire,,
05EA001,2026-07-22T08:45:00Z,47,35.7,,,Provisional/Provisoire,,
05EA001,2026-07-22T08:50:00Z,47,35.5,,,Provisional/Provisoire,,
05EA001,2026-07-22T08:55:00Z,47,35.5,,,Provisional/Provisoire,,
05EA001,2026-07-22T09:00:00Z,47,35.5,,,Provisional/Provisoire,,
05EA001,2026-07-22T09:05:00Z,47,35.4,,,Provisional/Provisoire,,
05EA001,2026-07-22T09:10:00Z,47,35.3,,,Provisional/Provisoire,,
05EA001,2026-07-22T09:15:00Z,47,35.5,,,Provisional/Provisoire,,
05EA001,2026-07-22T09:20:00Z,47,35.6,,,Provisional/Provisoire,,
05EA001,2026-07-22T09:25:00Z,47,35.4,,,Provisional/Provisoire,,
05EA001,2026-07-22T09:30:00Z,47,35.3,,,Provisional/Provisoire,,
05EA001,2026-07-22T09:35:00Z,47,35.4,,,Provisional/Provisoire,,
05EA001,2026-07-22T09:40:00Z,47,35.4,,,Provisional/Provisoire,,
05EA001,2026-07-22T09:45:00Z,47,35.4,,,Provisional/Provisoire,,
05EA001,2026-07-22T09:50:00Z,47,35.3,,,Provisional/Provisoire,,
05EA001,2026-07-22T09:55:00Z,47,35.2,,,Provisional/Provisoire,,
05EA001,2026-07-22T10:00:00Z,47,35.3,,,Provisional/Provisoire,,
05EA001,2026-07-22T10:05:00Z,47,35.1,,,Provisional/Provisoire,,
05EA001,2026-07-22T10:10:00Z,47,35.2,,,Provisional/Provisoire,,
05EA001,2026-07-22T10:15:00Z,47,35.3,,,Provisional/Provisoire,,
05EA001,2026-07-22T10:20:00Z,47,35.4,,,Provisional/Provisoire,,
05EA001,2026-07-22T10:25:00Z,47,35.4,,,Provisional/Provisoire,,
05EA001,2026-07-22T10:30:00Z,47,35.3,,,Provisional/Provisoire,,
05EA001,2026-07-22T10:35:00Z,47,35.4,,,Provisional/Provisoire,,
05EA001,2026-07-22T10:40:00Z,47,35.2,,,Provisional/Provisoire,,
05EA001,2026-07-22T10:45:00Z,47,35.2,,,Provisional/Provisoire,,
05EA001,2026-07-22T10:50:00Z,47,35.1,,,Provisional/Provisoire,,
05EA001,2026-07-22T10:55:00Z,47,35.2,,,Provisional/Provisoire,,
05EA001,2026-07-22T11:00:00Z,47,35.1,,,Provisional/Provisoire,,
05EA001,2026-07-22T11:05:00Z,47,35.3,,,Provisional/Provisoire,,
05EA001,2026-07-22T11:10:00Z,47,35.2,,,Provisional/Provisoire,,
05EA001,2026-07-22T11:15:00Z,47,35.4,,,Provisional/Provisoire,,
05EA001,2026-07-22T11:20:00Z,47,35.3,,,Provisional/Provisoire,,
05EA001,2026-07-22T11:25:00Z,47,35.2,,,Provisional/Provisoire,,
05EA001,2026-07-22T11:30:00Z,47,35.2,,,Provisional/Provisoire,,
05EA001,2026-07-22T11:35:00Z,47,35.3,,,Provisional/Provisoire,,
05EA001,2026-07-22T11:40:00Z,47,35.1,,,Provisional/Provisoire,,
05EA001,2026-07-22T11:45:00Z,47,35.1,,,Provisional/Provisoire,,
05EA001,2026-07-22T11:50:00Z,47,35.2,,,Provisional/Provisoire,,
05EA001,2026-07-22T11:55:00Z,47,35.3,,,Provisional/Provisoire,,
05EA001,2026-07-22T12:00:00Z,47,35.2,,,Provisional/Provisoire,,
05EA001,2026-07-22T12:05:00Z,47,35.1,,,Provisional/Provisoire,,
05EA001,2026-07-22T12:10:00Z,47,35.2,,,Provisional/Provisoire,,
05EA001,2026-07-22T12:15:00Z,47,34.9,,,Provisional/Provisoire,,
05EA001,2026-07-22T12:20:00Z,47,35.1,,,Provisional/Provisoire,,
05EA001,2026-07-22T12:25:00Z,47,35.1,,,Provisional/Provisoire,,
05EA001,2026-07-22T12:30:00Z,47,35.2,,,Provisional/Provisoire,,
05EA001,2026-07-22T12:35:00Z,47,35.1,,,Provisional/Provisoire,,
05EA001,2026-07-22T12:40:00Z,47,35.0,,,Provisional/Provisoire,,
05EA001,2026-07-22T12:45:00Z,47,34.8,,,Provisional/Provisoire,,
05EA001,2026-07-22T12:50:00Z,47,35.0,,,Provisional/Provisoire,,
05EA001,2026-07-22T12:55:00Z,47,35.0,,,Provisional/Provisoire,,
05EA001,2026-07-22T13:00:00Z,47,35.1,,,Provisional/Provisoire,,
05EA001,2026-07-22T13:05:00Z,47,35.0,,,Provisional/Provisoire,,
05EA001,2026-07-22T13:10:00Z,47,35.1,,,Provisional/Provisoire,,
05EA001,2026-07-22T13:15:00Z,47,34.9,,,Provisional/Provisoire,,
05EA001,2026-07-22T13:20:00Z,47,35.1,,,Provisional/Provisoire,,
05EA001,2026-07-22T13:25:00Z,47,35.1,,,Provisional/Provisoire,,
05EA001,2026-07-22T13:30:00Z,47,35.2,,,Provisional/Provisoire,,
05EA001,2026-07-22T13:35:00Z,47,35.1,,,Provisional/Provisoire,,
05EA001,2026-07-22T13:40:00Z,47,35.1,,,Provisional/Provisoire,,
05EA001,2026-07-22T13:45:00Z,47,35.0,,,Provisional/Provisoire,,
05EA001,2026-07-22T13:50:00Z,47,34.9,,,Provisional/Provisoire,,
05EA001,2026-07-22T13:55:00Z,47,35.0,,,Provisional/Provisoire,,
05EA001,2026-07-22T14:00:00Z,47,35.0,,,Provisional/Provisoire,,
05EA001,2026-07-22T14:05:00Z,47,35.1,,,Provisional/Provisoire,,
05EA001,2026-07-22T14:10:00Z,47,34.9,,,Provisional/Provisoire,,
05EA001,2026-07-22T14:15:00Z,47,34.7,,,Provisional/Provisoire,,
05EA001,2026-07-22T14:20:00Z,47,34.9,,,Provisional/Provisoire,,
05EA001,2026-07-22T14:25:00Z,47,34.7,,,Provisional/Provisoire,,
05EA001,2026-07-22T14:30:00Z,47,34.9,,,Provisional/Provisoire,,
05EA001,2026-07-22T14:35:00Z,47,34.8,,,Provisional/Provisoire,,
05EA001,2026-07-22T14:40:00Z,47,34.9,,,Provisional/Provisoire,,
05EA001,2026-07-22T14:45:00Z,47,34.9,,,Provisional/Provisoire,,
05EA001,2026-07-22T14:50:00Z,47,34.8,,,Provisional/Provisoire,,
05EA001,2026-07-22T14:55:00Z,47,34.7,,,Provisional/Provisoire,,
05EA001,2026-07-22T15:00:00Z,47,34.8,,,Provisional/Provisoire,,
05EA001,2026-07-22T15:05:00Z,47,34.5,,,Provisional/Provisoire,,
05EA001,2026-07-22T15:10:00Z,47,34.8,,,Provisional/Provisoire,,
05EA001,2026-07-22T15:15:00Z,47,34.9,,,Provisional/Provisoire,,
05EA001,2026-07-22T15:20:00Z,47,34.8,,,Provisional/Provisoire,,
05EA001,2026-07-22T15:25:00Z,47,34.8,,,Provisional/Provisoire,,
05EA001,2026-07-22T15:30:00Z,47,34.8,,,Provisional/Provisoire,,
05EA001,2026-07-22T15:35:00Z,47,34.7,,,Provisional/Provisoire,,
05EA001,2026-07-22T15:40:00Z,47,34.8,,,Provisional/Provisoire,,
05EA001,2026-07-22T15:45:00Z,47,34.8,,,Provisional/Provisoire,,
05EA001,2026-07-22T15:50:00Z,47,34.8,,,Provisional/Provisoire,,
05EA001,2026-07-22T15:55:00Z,47,34.8,,,Provisional/Provisoire,,
05EA001,2026-07-22T16:00:00Z,47,34.8,,,Provisional/Provisoire,,
05EA001,2026-07-22T16:05:00Z,47,34.6,,,Provisional/Provisoire,,
05EA001,2026-07-22T16:10:00Z,47,34.7,,,Provisional/Provisoire,,
05EA001,2026-07-22T16:15:00Z,47,34.8,,,Provisional/Provisoire,,
05EA001,2026-07-22T16:20:00Z,47,34.7,,,Provisional/Provisoire,,
05EA001,2026-07-22T16:25:00Z,47,34.5,,,Provisional/Provisoire,,
05EA001,2026-07-22T16:30:00Z,47,34.8,,,Provisional/Provisoire,,
05EA001,2026-07-22T16:35:00Z,47,34.7,,,Provisional/Provisoire,,
05EA001,2026-07-22T16:40:00Z,47,34.6,,,Provisional/Provisoire,,
05EA001,2026-07-22T16:45:00Z,47,34.7,,,Provisional/Provisoire,,
05EA001,2026-07-22T16:50:00Z,47,34.7,,,Provisional/Provisoire,,
05EA001,2026-07-22T16:55:00Z,47,34.4,,,Provisional/Provisoire,,
05EA001,2026-07-22T17:00:00Z,47,34.6,,,Provisional/Provisoire,,
05EA001,2026-07-22T17:05:00Z,47,34.8,,,Provisional/Provisoire,,
05EA001,2026-07-22T17:10:00Z,47,34.7,,,Provisional/Provisoire,,
05EA001,2026-07-22T17:15:00Z,47,34.6,,,Provisional/Provisoire,,
05EA001,2026-07-22T17:20:00Z,47,34.6,,,Provisional/Provisoire,,
05EA001,2026-07-22T17:25:00Z,47,34.5,,,Provisional/Provisoire,,
05EA001,2026-07-22T17:30:00Z,47,34.5,,,Provisional/Provisoire,,
05EA001,2026-07-22T17:35:00Z,47,34.6,,,Provisional/Provisoire,,
05EA001,2026-07-22T17:40:00Z,47,34.6,,,Provisional/Provisoire,,
05EA001,2026-07-22T17:45:00Z,47,34.8,,,Provisional/Provisoire,,
05EA001,2026-07-22T17:50:00Z,47,34.6,,,Provisional/Provisoire,,
05EA001,2026-07-22T17:55:00Z,47,34.6,,,Provisional/Provisoire,,
05EA001,2026-07-22T18:00:00Z,47,34.7,,,Provisional/Provisoire,,
05EA001,2026-07-22T18:05:00Z,47,34.6,,,Provisional/Provisoire,,
05EA001,2026-07-22T18:10:00Z,47,34.5,,,Provisional/Provisoire,,
05EA001,2026-07-22T18:15:00Z,47,34.5,,,Provisional/Provisoire,,
05EA001,2026-07-22T18:20:00Z,47,34.6,,,Provisional/Provisoire,,
05EA001,2026-07-22T18:25:00Z,47,34.4,,,Provisional/Provisoire,,
05EA001,2026-07-22T18:30:00Z,47,34.6,,,Provisional/Provisoire,,
05EA001,2026-07-22T18:35:00Z,47,34.4,,,Provisional/Provisoire,,
05EA001,2026-07-22T18:40:00Z,47,34.5,,,Provisional/Provisoire,,
05EA001,2026-07-22T18:45:00Z,47,34.5,,,Provisional/Provisoire,,
05EA001,2026-07-22T18:50:00Z,47,34.3,,,Provisional/Provisoire,,
05EA001,2026-07-22T18:55:00Z,47,34.5,,,Provisional/Provisoire,,
05EA001,2026-07-22T19:00:00Z,47,34.2,,,Provisional/Provisoire,,
05EA001,2026-07-22T19:05:00Z,47,34.3,,,Provisional/Provisoire,,
05EA001,2026-07-22T19:10:00Z,47,34.3,,,Provisional/Provisoire,,
05EA001,2026-07-22T19:15:00Z,47,34.5,,,Provisional/Provisoire,,
05EA001,2026-07-22T19:20:00Z,47,34.4,,,Provisional/Provisoire,,
05EA001,2026-07-22T19:25:00Z,47,34.5,,,Provisional/Provisoire,,
05EA001,2026-07-22T19:30:00Z,47,34.5,,,Provisional/Provisoire,,
05EA001,2026-07-22T19:35:00Z,47,34.5,,,Provisional/Provisoire,,
05EA001,2026-07-22T19:40:00Z,47,34.4,,,Provisional/Provisoire,,
05EA001,2026-07-22T19:45:00Z,47,34.3,,,Provisional/Provisoire,,
05EA001,2026-07-22T19:50:00Z,47,34.3,,,Provisional/Provisoire,,
05EA001,2026-07-22T19:55:00Z,47,34.4,,,Provisional/Provisoire,,
05EA001,2026-07-22T20:00:00Z,47,34.3,,,Provisional/Provisoire,,
05EA001,2026-07-22T20:05:00Z,47,34.4,,,Provisional/Provisoire,,
05EA001,2026-07-22T20:10:00Z,47,34.3,,,Provisional/Provisoire,,
05EA001,2026-07-22T20:15:00Z,47,34.5,,,Provisional/Provisoire,,
05EA001,2026-07-22T20:20:00Z,47,34.3,,,Provisional/Provisoire,,
05EA001,2026-07-22T20:25:00Z,47,34.3,,,Provisional/Provisoire,,
05EA001,2026-07-22T20:30:00Z,47,34.2,,,Provisional/Provisoire,,
05EA001,2026-07-22T20:35:00Z,47,34.2,,,Provisional/Provisoire,,
05EA001,2026-07-22T20:40:00Z,47,34.3,,,Provisional/Provisoire,,
05EA001,2026-07-22T20:45:00Z,47,34.3,,,Provisional/Provisoire,,
05EA001,2026-07-22T20:50:00Z,47,34.5,,,Provisional/Provisoire,,
05EA001,2026-07-22T20:55:00Z,47,34.3,,,Provisional/Provisoire,,
05EA001,2026-07-22T21:00:00Z,47,34.2,,,Provisional/Provisoire,,
05EA001,2026-07-22T21:05:00Z,47,34.4,,,Provisional/Provisoire,,
05EA001,2026-07-22T21:10:00Z,47,34.2,,,Provisional/Provisoire,,
05EA001,2026-07-22T21:15:00Z,47,34.3,,,Provisional/Provisoire,,
05EA001,2026-07-22T21:20:00Z,47,34.2,,,Provisional/Provisoire,,
05EA001,2026-07-22T21:25:00Z,47,34.1,,,Provisional/Provisoire,,
05EA001,2026-07-22T21:30:00Z,47,34.2,,,Provisional/Provisoire,,
05EA001,2026-07-22T21:35:00Z,47,34.1,,,Provisional/Provisoire,,
05EA001,2026-07-22T21:40:00Z,47,34.2,,,Provisional/Provisoire,,
05EA001,2026-07-22T21:45:00Z,47,34.2,,,Provisional/Provisoire,,
05EA001,2026-07-22T21:50:00Z,47,34.1,,,Provisional/Provisoire,,
05EA001,2026-07-22T21:55:00Z,47,34.1,,,Provisional/Provisoire,,
05EA001,2026-07-22T22:00:00Z,47,33.9,,,Provisional/Provisoire,,
05EA001,2026-07-22T22:05:00Z,47,34.0,,,Provisional/Provisoire,,
05EA001,2026-07-22T22:10:00Z,47,34.0,,,Provisional/Provisoire,,
05EA001,2026-07-22T22:15:00Z,47,33.9,,,Provisional/Provisoire,,
05EA001,2026-07-22T22:20:00Z,47,34.0,,,Provisional/Provisoire,,
05EA001,2026-07-22T22:25:00Z,47,34.0,,,Provisional/Provisoire,,
05EA001,2026-07-22T22:30:00Z,47,34.2,,,Provisional/Provisoire,,
05EA001,2026-07-22T22:35:00Z,47,34.0,,,Provisional/Provisoire,,
05EA001,2026-07-22T22:40:00Z,47,34.0,,,Provisional/Provisoire,,
05EA001,2026-07-22T22:45:00Z,47,33.9,,,Provisional/Provisoire,,
05EA001,2026-07-22T22:50:00Z,47,33.9,,,Provisional/Provisoire,,
05EA001,2026-07-22T22:55:00Z,47,33.9,,,Provisional/Provisoire,,
05EA001,2026-07-22T23:00:00Z,47,33.9,,,Provisional/Provisoire,,
05EA001,2026-07-22T23:05:00Z,47,33.9,,,Provisional/Provisoire,,
05EA001,2026-07-22T23:10:00Z,47,33.9,,,Provisional/Provisoire,,
05EA001,2026-07-22T23:15:00Z,47,33.9,,,Provisional/Provisoire,,
05EA001,2026-07-22T23:20:00Z,47,33.7,,,Provisional/Provisoire,,
05EA001,2026-07-22T23:25:00Z,47,33.9,,,Provisional/Provisoire,,
05EA001,2026-07-22T23:30:00Z,47,33.9,,,Provisional/Provisoire,,
05EA001,2026-07-22T23:35:00Z,47,33.9,,,Provisional/Provisoire,,
05EA001,2026-07-22T23:40:00Z,47,33.9,,,Provisional/Provisoire,,
05EA001,2026-07-22T23:45:00Z,47,33.7,,,Provisional/Provisoire,,
05EA001,2026-07-22T23:50:00Z,47,33.9,,,Provisional/Provisoire,,
05EA001,2026-07-22T23:55:00Z,47,33.9,,,Provisional/Provisoire,,
05EA001,2026-07-23T00:00:00Z,47,33.9,,,Provisional/Provisoire,,
05EA001,2026-07-23T00:05:00Z,47,33.7,,,Provisional/Provisoire,,
05EA001,2026-07-23T00:10:00Z,47,33.9,,,Provisional/Provisoire,,
05EA001,2026-07-23T00:15:00Z,47,33.7,,,Provisional/Provisoire,,
05EA001,2026-07-23T00:20:00Z,47,33.6,,,Provisional/Provisoire,,
05EA001,2026-07-23T00:25:00Z,47,33.7,,,Provisional/Provisoire,,
05EA001,2026-07-23T00:30:00Z,47,33.8,,,Provisional/Provisoire,,
05EA001,2026-07-23T00:35:00Z,47,33.8,,,Provisional/Provisoire,,
05EA001,2026-07-23T00:40:00Z,47,33.6,,,Provisional/Provisoire,,
05EA001,2026-07-23T00:45:00Z,47,33.5,,,Provisional/Provisoire,,
05EA001,2026-07-23T00:50:00Z,47,33.8,,,Provisional/Provisoire,,
05EA001,2026-07-23T00:55:00Z,47,33.6,,,Provisional/Provisoire,,
05EA001,2026-07-23T01:00:00Z,47,33.8,,,Provisional/Provisoire,,
05EA001,2026-07-23T01:05:00Z,47,33.9,,,Provisional/Provisoire,,
05EA001,2026-07-23T01:10:00Z,47,33.6,,,Provisional/Provisoire,,
05EA001,2026-07-23T01:15:00Z,47,33.6,,,Provisional/Provisoire,,
05EA001,2026-07-23T01:20:00Z,47,33.4,,,Provisional/Provisoire,,
05EA001,2026-07-23T01:25:00Z,47,33.4,,,Provisional/Provisoire,,
05EA001,2026-07-23T01:30:00Z,47,33.8,,,Provisional/Provisoire,,
05EA001,2026-07-23T01:35:00Z,47,33.5,,,Provisional/Provisoire,,
05EA001,2026-07-23T01:40:00Z,47,33.6,,,Provisional/Provisoire,,
05EA001,2026-07-23T01:45:00Z,47,33.5,,,Provisional/Provisoire,,
05EA001,2026-07-23T01:50:00Z,47,33.5,,,Provisional/Provisoire,,
05EA001,2026-07-23T01:55:00Z,47,33.4,,,Provisional/Provisoire,,
05EA001,2026-07-23T02:00:00Z,47,33.5,,,Provisional/Provisoire,,
05EA001,2026-07-23T02:05:00Z,47,33.4,,,Provisional/Provisoire,,
05EA001,2026-07-23T02:10:00Z,47,33.4,,,Provisional/Provisoire,,
05EA001,2026-07-23T02:15:00Z,47,33.6,,,Provisional/Provisoire,,
05EA001,2026-07-23T02:20:00Z,47,33.6,,,Provisional/Provisoire,,
05EA001,2026-07-23T02:25:00Z,47,33.6,,,Provisional/Provisoire,,
05EA001,2026-07-23T02:30:00Z,47,33.4,,,Provisional/Provisoire,,
05EA001,2026-07-23T02:35:00Z,47,33.4,,,Provisional/Provisoire,,
05EA001,2026-07-23T02:40:00Z,47,33.3,,,Provisional/Provisoire,,
05EA001,2026-07-23T02:45:00Z,47,33.2,,,Provisional/Provisoire,,
05EA001,2026-07-23T02:50:00Z,47,33.4,,,Provisional/Provisoire,,
05EA001,2026-07-23T02:55:00Z,47,33.3,,,Provisional/Provisoire,,
05EA001,2026-07-23T03:00:00Z,47,33.4,,,Provisional/Provisoire,,
05EA001,2026-07-23T03:05:00Z,47,33.3,,,Provisional/Provisoire,,
05EA001,2026-07-23T03:10:00Z,47,33.2,,,Provisional/Provisoire,,
05EA001,2026-07-23T03:15:00Z,47,33.4,,,Provisional/Provisoire,,
05EA001,2026-07-23T03:20:00Z,47,33.5,,,Provisional/Provisoire,,
05EA001,2026-07-23T03:25:00Z,47,33.2,,,Provisional/Provisoire,,
05EA001,2026-07-23T03:30:00Z,47,33.2,,,Provisional/Provisoire,,
05EA001,2026-07-23T03:35:00Z,47,33.3,,,Provisional/Provisoire,,
05EA001,2026-07-23T03:40:00Z,47,33.2,,,Provisional/Provisoire,,
05EA001,2026-07-23T03:45:00Z,47,33.2,,,Provisional/Provisoire,,
05EA001,2026-07-23T03:50:00Z,47,33.2,,,Provisional/Provisoire,,
05EA001,2026-07-23T03:55:00Z,47,33.3,,,Provisional/Provisoire,,
05EA001,2026-07-23T04:00:00Z,47,33.4,,,Provisional/Provisoire,,
05EA001,2026-07-23T04:05:00Z,47,33.4,,,Provisional/Provisoire,,
05EA001,2026-07-23T04:10:00Z,47,33.4,,,Provisional/Provisoire,,
05EA001,2026-07-23T04:15:00Z,47,33.3,,,Provisional/Provisoire,,
05EA001,2026-07-23T04:20:00Z,47,33.3,,,Provisional/Provisoire,,
05EA001,2026-07-23T04:25:00Z,47,33.4,,,Provisional/Provisoire,,
05EA001,2026-07-23T04:30:00Z,47,33.3,,,Provisional/Provisoire,,
05EA001,2026-07-23T04:35:00Z,47,33.3,,,Provisional/Provisoire,,
05EA001,2026-07-23T04:40:00Z,47,33.3,,,Provisional/Provisoire,,
05EA001,2026-07-23T04:45:00Z,47,33.3,,,Provisional/Provisoire,,
05EA001,2026-07-23T04:50:00Z,47,33.3,,,Provisional/Provisoire,,
05EA001,2026-07-23T04:55:00Z,47,33.2,,,Provisional/Provisoire,,
05EA001,2026-07-23T05:00:00Z,47,33.2,,,Provisional/Provisoire,,
05EA001,2026-07-23T05:05:00Z,47,33.2,,,Provisional/Provisoire,,
05EA001,2026-07-23T05:10:00Z,47,33.1,,,Provisional/Provisoire,,
05EA001,2026-07-23T05:15:00Z,47,33.1,,,Provisional/Provisoire,,
05EA001,2026-07-23T05:20:00Z,47,32.9,,,Provisional/Provisoire,,
05EA001,2026-07-23T05:25:00Z,47,33.2,,,Provisional/Provisoire,,
05EA001,2026-07-23T05:30:00Z,47,33.2,,,Provisional/Provisoire,,
05EA001,2026-07-23T05:35:00Z,47,33.1,,,Provisional/Provisoire,,
05EA001,2026-07-23T05:40:00Z,47,33.0,,,Provisional/Provisoire,,
05EA001,2026-07-23T05:45:00Z,47,33.2,,,Provisional/Provisoire,,
05EA001,2026-07-23T05:50:00Z,47,33.0,,,Provisional/Provisoire,,
05EA001,2026-07-23T05:55:00Z,47,33.0,,,Provisional/Provisoire,,
05EA001,2026-07-23T06:00:00Z,47,33.0,,,Provisional/Provisoire,,
05EA001,2026-07-23T06:05:00Z,47,33.1,,,Provisional/Provisoire,,
05EA001,2026-07-23T06:10:00Z,47,33.1,,,Provisional/Provisoire,,
05EA001,2026-07-23T06:15:00Z,47,32.9,,,Provisional/Provisoire,,
05EA001,2026-07-23T06:20:00Z,47,33.2,,,Provisional/Provisoire,,
05EA001,2026-07-23T06:25:00Z,47,32.9,,,Provisional/Provisoire,,
05EA001,2026-07-23T06:30:00Z,47,33.0,,,Provisional/Provisoire,,
05EA001,2026-07-23T06:35:00Z,47,33.1,,,Provisional/Provisoire,,
05EA001,2026-07-23T06:40:00Z,47,32.9,,,Provisional/Provisoire,,
05EA001,2026-07-23T06:45:00Z,47,33.0,,,Provisional/Provisoire,,
05EA001,2026-07-23T06:50:00Z,47,33.0,,,Provisional/Provisoire,,
05EA001,2026-07-23T06:55:00Z,47,33.0,,,Provisional/Provisoire,,
05EA001,2026-07-23T07:00:00Z,47,32.9,,,Provisional/Provisoire,,
05EA001,2026-07-23T07:05:00Z,47,32.7,,,Provisional/Provisoire,,
05EA001,2026-07-23T07:10:00Z,47,32.8,,,Provisional/Provisoire,,
05EA001,2026-07-23T07:15:00Z,47,33.0,,,Provisional/Provisoire,,
05EA001,2026-07-23T07:20:00Z,47,32.8,,,Provisional/Provisoire,,
05EA001,2026-07-23T07:25:00Z,47,32.9,,,Provisional/Provisoire,,
05EA001,2026-07-23T07:30:00Z,47,33.0,,,Provisional/Provisoire,,
05EA001,2026-07-23T07:35:00Z,47,33.0,,,Provisional/Provisoire,,
05EA001,2026-07-23T07:40:00Z,47,32.8,,,Provisional/Provisoire,,
05EA001,2026-07-23T07:45:00Z,47,32.9,,,Provisional/Provisoire,,
05EA001,2026-07-23T07:50:00Z,47,32.7,,,Provisional/Provisoire,,
05EA001,2026-07-23T07:55:00Z,47,32.8,,,Provisional/Provisoire,,
05EA001,2026-07-23T08:00:00Z,47,32.7,,,Provisional/Provisoire,,
05EA001,2026-07-23T08:05:00Z,47,32.9,,,Provisional/Provisoire,,
05EA001,2026-07-23T08:10:00Z,47,32.9,,,Provisional/Provisoire,,
05EA001,2026-07-23T08:15:00Z,47,32.8,,,Provisional/Provisoire,,
05EA001,2026-07-23T08:20:00Z,47,33.0,,,Provisional/Provisoire,,
05EA001,2026-07-23T08:25:00Z,47,32.9,,,Provisional/Provisoire,,
05EA001,2026-07-23T08:30:00Z,47,32.7,,,Provisional/Provisoire,,
05EA001,2026-07-23T08:35:00Z,47,32.8,,,Provisional/Provisoire,,
05EA001,2026-07-23T08:40:00Z,47,32.7,,,Provisional/Provisoire,,
05EA001,2026-07-23T08:45:00Z,47,32.7,,,Provisional/Provisoire,,
05EA001,2026-07-23T08:50:00Z,47,32.7,,,Provisional/Provisoire,,
05EA001,2026-07-23T08:55:00Z,47,32.8,,,Provisional/Provisoire,,
05EA001,2026-07-23T09:00:00Z,47,32.8,,,Provisional/Provisoire,,
05EA001,2026-07-23T09:05:00Z,47,32.7,,,Provisional/Provisoire,,
05EA001,2026-07-23T09:10:00Z,47,32.8,,,Provisional/Provisoire,,
05EA001,2026-07-23T09:15:00Z,47,32.6,,,Provisional/Provisoire,,
05EA001,2026-07-23T09:20:00Z,47,32.7,,,Provisional/Provisoire,,
05EA001,2026-07-23T09:25:00Z,47,32.7,,,Provisional/Provisoire,,
05EA001,2026-07-23T09:30:00Z,47,32.6,,,Provisional/Provisoire,,
05EA001,2026-07-23T09:35:00Z,47,32.6,,,Provisional/Provisoire,,
05EA001,2026-07-23T09:40:00Z,47,32.6,,,Provisional/Provisoire,,
05EA001,2026-07-23T09:45:00Z,47,32.6,,,Provisional/Provisoire,,
05EA001,2026-07-23T09:50:00Z,47,32.7,,,Provisional/Provisoire,,
05EA001,2026-07-23T09:55:00Z,47,32.7,,,Provisional/Provisoire,,
05EA001,2026-07-23T10:00:00Z,47,32.6,,,Provisional/Provisoire,,
05EA001,2026-07-23T10:05:00Z,47,32.7,,,Provisional/Provisoire,,
05EA001,2026-07-23T10:10:00Z,47,32.5,,,Provisional/Provisoire,,
05EA001,2026-07-23T10:15:00Z,47,32.6,,,Provisional/Provisoire,,
05EA001,2026-07-23T10:20:00Z,47,32.6,,,Provisional/Provisoire,,
05EA001,2026-07-23T10:25:00Z,47,32.5,,,Provisional/Provisoire,,
05EA001,2026-07-23T10:30:00Z,47,32.6,,,Provisional/Provisoire,,
05EA001,2026-07-23T10:35:00Z,47,32.4,,,Provisional/Provisoire,,
05EA001,2026-07-23T10:40:00Z,47,32.5,,,Provisional/Provisoire,,
05EA001,2026-07-23T10:45:00Z,47,32.5,,,Provisional/Provisoire,,
05EA001,2026-07-23T10:50:00Z,47,32.5,,,Provisional/Provisoire,,
05EA001,2026-07-23T10:55:00Z,47,32.5,,,Provisional/Provisoire,,
05EA001,2026-07-23T11:00:00Z,47,32.7,,,Provisional/Provisoire,,
05EA001,2026-07-23T11:05:00Z,47,32.6,,,Provisional/Provisoire,,
05EA001,2026-07-23T11:10:00Z,47,32.5,,,Provisional/Provisoire,,
05EA001,2026-07-23T11:15:00Z,47,32.5,,,Provisional/Provisoire,,
05EA001,2026-07-23T11:20:00Z,47,32.6,,,Provisional/Provisoire,,
05EA001,2026-07-23T11:25:00Z,47,32.6,,,Provisional/Provisoire,,
05EA001,2026-07-23T11:30:00Z,47,32.7,,,Provisional/Provisoire,,
05EA001,2026-07-23T11:35:00Z,47,32.4,,,Provisional/Provisoire,,
05EA001,2026-07-23T11:40:00Z,47,32.5,,,Provisional/Provisoire,,
05EA001,2026-07-23T11:45:00Z,47,32.4,,,Provisional/Provisoire,,
05EA001,2026-07-23T11:50:00Z,47,32.4,,,Provisional/Provisoire,,
05EA001,2026-07-23T11:55:00Z,47,32.4,,,Provisional/Provisoire,,
05EA001,2026-07-23T12:00:00Z,47,32.3,,,Provisional/Provisoire,,
05EA001,2026-07-23T12:05:00Z,47,32.2,,,Provisional/Provisoire,,
05EA001,2026-07-23T12:10:00Z,47,32.5,,,Provisional/Provisoire,,
05EA001,2026-07-23T12:15:00Z,47,32.5,,,Provisional/Provisoire,,
05EA001,2026-07-23T12:20:00Z,47,32.4,,,Provisional/Provisoire,,
05EA001,2026-07-23T12:25:00Z,47,32.5,,,Provisional/Provisoire,,
05EA001,2026-07-23T12:30:00Z,47,32.1,,,Provisional/Provisoire,,
05EA001,2026-07-23T12:35:00Z,47,32.3,,,Provisional/Provisoire,,
05EA001,2026-07-23T12:40:00Z,47,32.2,,,Provisional/Provisoire,,
05EA001,2026-07-23T12:45:00Z,47,32.4,,,Provisional/Provisoire,,
05EA001,2026-07-23T12:50:00Z,47,32.3,,,Provisional/Provisoire,,
05EA001,2026-07-23T12:55:00Z,47,32.4,,,Provisional/Provisoire,,
05EA001,2026-07-23T13:00:00Z,47,32.3,,,Provisional/Provisoire,,
05EA001,2026-07-23T13:05:00Z,47,32.2,,,Provisional/Provisoire,,
05EA001,2026-07-23T13:10:00Z,47,32.2,,,Provisional/Provisoire,,
05EA001,2026-07-23T13:15:00Z,47,32.5,,,Provisional/Provisoire,,
05EA001,2026-07-23T13:20:00Z,47,32.3,,,Provisional/Provisoire,,
05EA001,2026-07-23T13:25:00Z,47,32.2,,,Provisional/Provisoire,,
05EA001,2026-07-23T13:30:00Z,47,32.4,,,Provisional/Provisoire,,
05EA001,2026-07-23T13:35:00Z,47,32.2,,,Provisional/Provisoire,,
05EA001,2026-07-23T13:40:00Z,47,32.2,,,Provisional/Provisoire,,
05EA001,2026-07-23T13:45:00Z,47,32.1,,,Provisional/Provisoire,,
05EA001,2026-07-23T13:50:00Z,47,32.2,,,Provisional/Provisoire,,
05EA001,2026-07-23T13:55:00Z,47,32.3,,,Provisional/Provisoire,,
05EA001,2026-07-23T14:00:00Z,47,32.2,,,Provisional/Provisoire,,
05EA001,2026-07-23T14:05:00Z,47,32.3,,,Provisional/Provisoire,,
05EA001,2026-07-23T14:10:00Z,47,32.0,,,Provisional/Provisoire,,
05EA001,2026-07-23T14:15:00Z,47,32.2,,,Provisional/Provisoire,,
05EA001,2026-07-23T14:20:00Z,47,32.3,,,Provisional/Provisoire,,
05EA001,2026-07-23T14:25:00Z,47,32.1,,,Provisional/Provisoire,,
05EA001,2026-07-23T14:30:00Z,47,32.0,,,Provisional/Provisoire,,
05EA001,2026-07-23T14:35:00Z,47,32.2,,,Provisional/Provisoire,,
05EA001,2026-07-23T14:40:00Z,47,32.2,,,Provisional/Provisoire,,
05EA001,2026-07-23T14:45:00Z,47,32.1,,,Provisional/Provisoire,,
05EA001,2026-07-23T14:50:00Z,47,32.2,,,Provisional/Provisoire,,
05EA001,2026-07-23T14:55:00Z,47,32.2,,,Provisional/Provisoire,,
05EA001,2026-07-23T15:00:00Z,47,32.2,,,Provisional/Provisoire,,
05EA001,2026-07-23T15:05:00Z,47,32.0,,,Provisional/Provisoire,,
05EA001,2026-07-23T15:10:00Z,47,32.0,,,Provisional/Provisoire,,
05EA001,2026-07-23T15:15:00Z,47,32.0,,,Provisional/Provisoire,,
05EA001,2026-07-23T15:20:00Z,47,32.0,,,Provisional/Provisoire,,
05EA001,2026-07-23T15:25:00Z,47,32.2,,,Provisional/Provisoire,,
05EA001,2026-07-23T15:30:00Z,47,32.1,,,Provisional/Provisoire,,
05EA001,2026-07-23T15:35:00Z,47,32.2,,,Provisional/Provisoire,,
05EA001,2026-07-23T15:40:00Z,47,32.0,,,Provisional/Provisoire,,
05EA001,2026-07-23T15:45:00Z,47,32.1,,,Provisional/Provisoire,,
05EA001,2026-07-23T15:50:00Z,47,32.2,,,Provisional/Provisoire,,
05EA001,2026-07-23T15:55:00Z,47,32.1,,,Provisional/Provisoire,,
05EA001,2026-07-23T16:00:00Z,47,31.9,,,Provisional/Provisoire,,
05EA001,2026-07-23T16:05:00Z,47,32.1,,,Provisional/Provisoire,,
05EA001,2026-07-23T16:10:00Z,47,32.1,,,Provisional/Provisoire,,
05EA001,2026-07-23T16:15:00Z,47,32.0,,,Provisional/Provisoire,,
05EA001,2026-07-23T16:20:00Z,47,32.0,,,Provisional/Provisoire,,
05EA001,2026-07-23T16:25:00Z,47,31.9,,,Provisional/Provisoire,,
05EA001,2026-07-23T16:30:00Z,47,31.8,,,Provisional/Provisoire,,
05EA001,2026-07-23T16:35:00Z,47,31.9,,,Provisional/Provisoire,,
05EA001,2026-07-23T16:40:00Z,47,31.8,,,Provisional/Provisoire,,
05EA001,2026-07-23T16:45:00Z,47,31.9,,,Provisional/Provisoire,,
05EA001,2026-07-23T16:50:00Z,47,31.9,,,Provisional/Provisoire,,
05EA001,2026-07-23T16:55:00Z,47,31.9,,,Provisional/Provisoire,,
05EA001,2026-07-23T17:00:00Z,47,31.9,,,Provisional/Provisoire,,
05EA001,2026-07-23T17:05:00Z,47,31.8,,,Provisional/Provisoire,,
05EA001,2026-07-23T17:10:00Z,47,32.0,,,Provisional/Provisoire,,
05EA001,2026-07-23T17:15:00Z,47,31.9,,,Provisional/Provisoire,,
05EA001,2026-07-23T17:20:00Z,47,31.9,,,Provisional/Provisoire,,
05EA001,2026-07-23T17:25:00Z,47,31.8,,,Provisional/Provisoire,,
05EA001,2026-07-23T17:30:00Z,47,31.7,,,Provisional/Provisoire,,
05EA001,2026-07-23T17:35:00Z,47,31.9,,,Provisional/Provisoire,,
05EA001,2026-07-23T17:40:00Z,47,31.9,,,Provisional/Provisoire,,
05EA001,2026-07-23T17:45:00Z,47,31.8,,,Provisional/Provisoire,,
05EA001,2026-07-23T17:50:00Z,47,31.9,,,Provisional/Provisoire,,
05EA001,2026-07-23T17:55:00Z,47,31.9,,,Provisional/Provisoire,,
05EA001,2026-07-23T18:00:00Z,47,31.7,,,Provisional/Provisoire,,
05EA001,2026-07-23T18:05:00Z,47,31.7,,,Provisional/Provisoire,,
05EA001,2026-07-23T18:10:00Z,47,31.7,,,Provisional/Provisoire,,
05EA001,2026-07-23T18:15:00Z,47,31.8,,,Provisional/Provisoire,,
05EA001,2026-07-23T18:20:00Z,47,31.8,,,Provisional/Provisoire,,
05EA001,2026-07-23T18:25:00Z,47,31.8,,,Provisional/Provisoire,,
05EA001,2026-07-23T18:30:00Z,47,31.8,,,Provisional/Provisoire,,
05EA001,2026-07-23T18:35:00Z,47,31.8,,,Provisional/Provisoire,,
05EA001,2026-07-23T18:40:00Z,47,31.8,,,Provisional/Provisoire,,
05EA001,2026-07-23T18:45:00Z,47,31.8,,,Provisional/Provisoire,,
05EA001,2026-07-23T18:50:00Z,47,31.7,,,Provisional/Provisoire,,
05EA001,2026-07-23T18:55:00Z,47,31.7,,,Provisional/Provisoire,,
05EA001,2026-07-23T19:00:00Z,47,31.8,,,Provisional/Provisoire,,
05EA001,2026-07-23T19:05:00Z,47,31.7,,,Provisional/Provisoire,,
05EA001,2026-07-23T19:10:00Z,47,31.8,,,Provisional/Provisoire,,
05EA001,2026-07-23T19:15:00Z,47,31.6,,,Provisional/Provisoire,,
05EA001,2026-07-23T19:20:00Z,47,31.8,,,Provisional/Provisoire,,
05EA001,2026-07-23T19:25:00Z,47,31.8,,,Provisional/Provisoire,,
05EA001,2026-07-23T19:30:00Z,47,31.7,,,Provisional/Provisoire,,
05EA001,2026-07-23T19:35:00Z,47,31.7,,,Provisional/Provisoire,,
05EA001,2026-07-23T19:40:00Z,47,31.7,,,Provisional/Provisoire,,
05EA001,2026-07-23T19:45:00Z,47,31.7,,,Provisional/Provisoire,,
05EA001,2026-07-23T19:50:00Z,47,31.7,,,Provisional/Provisoire,,
05EA001,2026-07-23T19:55:00Z,47,31.7,,,Provisional/Provisoire,,
05EA001,2026-07-23T20:00:00Z,47,31.6,,,Provisional/Provisoire,,
05EA001,2026-07-23T20:05:00Z,47,31.4,,,Provisional/Provisoire,,
05EA001,2026-07-23T20:10:00Z,47,31.6,,,Provisional/Provisoire,,
05EA001,2026-07-23T20:15:00Z,47,31.5,,,Provisional/Provisoire,,
05EA001,2026-07-23T20:20:00Z,47,31.7,,,Provisional/Provisoire,,
05EA001,2026-07-23T20:25:00Z,47,31.6,,,Provisional/Provisoire,,
05EA001,2026-07-23T20:30:00Z,47,31.6,,,Provisional/Provisoire,,
05EA001,2026-07-23T20:35:00Z,47,31.5,,,Provisional/Provisoire,,
05EA001,2026-07-23T20:40:00Z,47,31.6,,,Provisional/Provisoire,,
05EA001,2026-07-23T20:45:00Z,47,31.5,,,Provisional/Provisoire,,
05EA001,2026-07-23T20:50:00Z,47,31.5,,,Provisional/Provisoire,,
05EA001,2026-07-23T20:55:00Z,47,31.5,,,Provisional/Provisoire,,
05EA001,2026-07-23T21:00:00Z,47,31.5,,,Provisional/Provisoire,,
05EA001,2026-07-23T21:05:00Z,47,31.4,,,Provisional/Provisoire,,
05EA001,2026-07-23T21:10:00Z,47,31.5,,,Provisional/Provisoire,,
05EA001,2026-07-23T21:15:00Z,47,31.4,,,Provisional/Provisoire,,
05EA001,2026-07-23T21:20:00Z,47,31.5,,,Provisional/Provisoire,,
05EA001,2026-07-23T21:25:00Z,47,31.4,,,Provisional/Provisoire,,
05EA001,2026-07-23T21:30:00Z,47,31.4,,,Provisional/Provisoire,,
05EA001,2026-07-23T21:35:00Z,47,31.4,,,Provisional/Provisoire,,
05EA001,2026-07-23T21:40:00Z,47,31.5,,,Provisional/Provisoire,,
05EA001,2026-07-23T21:45:00Z,47,31.4,,,Provisional/Provisoire,,
05EA001,2026-07-23T21:50:00Z,47,31.4,,,Provisional/Provisoire,,
05EA001,2026-07-23T21:55:00Z,47,31.5,,,Provisional/Provisoire,,
05EA001,2026-07-23T22:00:00Z,47,31.4,,,Provisional/Provisoire,,
05EA001,2026-07-23T22:05:00Z,47,31.4,,,Provisional/Provisoire,,
05EA001,2026-07-23T22:10:00Z,47,31.5,,,Provisional/Provisoire,,
05EA001,2026-07-23T22:15:00Z,47,31.4,,,Provisional/Provisoire,,
05EA001,2026-07-23T22:20:00Z,47,31.1,,,Provisional/Provisoire,,
05EA001,2026-07-23T22:25:00Z,47,31.3,,,Provisional/Provisoire,,
05EA001,2026-07-23T22:30:00Z,47,31.1,,,Provisional/Provisoire,,
05EA001,2026-07-23T22:35:00Z,47,31.4,,,Provisional/Provisoire,,
05EA001,2026-07-23T22:40:00Z,47,31.3,,,Provisional/Provisoire,,
05EA001,2026-07-23T22:45:00Z,47,31.4,,,Provisional/Provisoire,,
05EA001,2026-07-23T22:50:00Z,47,31.2,,,Provisional/Provisoire,,
05EA001,2026-07-23T22:55:00Z,47,31.2,,,Provisional/Provisoire,,
05EA001,2026-07-23T23:00:00Z,47,31.3,,,Provisional/Provisoire,,
05EA001,2026-07-23T23:05:00Z,47,31.3,,,Provisional/Provisoire,,
05EA001,2026-07-23T23:10:00Z,47,31.3,,,Provisional/Provisoire,,
05EA001,2026-07-23T23:15:00Z,47,31.1,,,Provisional/Provisoire,,
05EA001,2026-07-23T23:20:00Z,47,31.2,,,Provisional/Provisoire,,
05EA001,2026-07-23T23:25:00Z,47,31.3,,,Provisional/Provisoire,,
05EA001,2026-07-23T23:30:00Z,47,31.3,,,Provisional/Provisoire,,
05EA001,2026-07-23T23:35:00Z,47,31.3,,,Provisional/Provisoire,,
05EA001,2026-07-23T23:40:00Z,47,31.2,,,Provisional/Provisoire,,
05EA001,2026-07-23T23:45:00Z,47,31.3,,,Provisional/Provisoire,,
05EA001,2026-07-23T23:50:00Z,47,31.3,,,Provisional/Provisoire,,
05EA001,2026-07-23T23:55:00Z,47,31.2,,,Provisional/Provisoire,,
05EA001,2026-07-24T00:00:00Z,47,31.2,,,Provisional/Provisoire,,
05EA001,2026-07-24T00:05:00Z,47,31.2,,,Provisional/Provisoire,,
05EA001,2026-07-24T00:10:00Z,47,31.2,,,Provisional/Provisoire,,
05EA001,2026-07-24T00:15:00Z,47,31.1,,,Provisional/Provisoire,,
05EA001,2026-07-24T00:20:00Z,47,31.3,,,Provisional/Provisoire,,
05EA001,2026-07-24T00:25:00Z,47,31.3,,,Provisional/Provisoire,,
05EA001,2026-07-24T00:30:00Z,47,31.2,,,Provisional/Provisoire,,
05EA001,2026-07-24T00:35:00Z,47,30.9,,,Provisional/Provisoire,,
05EA001,2026-07-24T00:40:00Z,47,31.2,,,Provisional/Provisoire,,
05EA001,2026-07-24T00:45:00Z,47,31.2,,,Provisional/Provisoire,,
05EA001,2026-07-24T00:50:00Z,47,31.1,,,Provisional/Provisoire,,
05EA001,2026-07-24T00:55:00Z,47,31.2,,,Provisional/Provisoire,,
05EA001,2026-07-24T01:00:00Z,47,31.1,,,Provisional/Provisoire,,
05EA001,2026-07-24T01:05:00Z,47,31.1,,,Provisional/Provisoire,,
05EA001,2026-07-24T01:10:00Z,47,31.0,,,Provisional/Provisoire,,
05EA001,2026-07-24T01:15:00Z,47,31.1,,,Provisional/Provisoire,,
05EA001,2026-07-24T01:20:00Z,47,31.1,,,Provisional/Provisoire,,
05EA001,2026-07-24T01:25:00Z,47,31.1,,,Provisional/Provisoire,,
05EA001,2026-07-24T01:30:00Z,47,30.9,,,Provisional/Provisoire,,
05EA001,2026-07-24T01:35:00Z,47,31.1,,,Provisional/Provisoire,,
05EA001,2026-07-24T01:40:00Z,47,30.9,,,Provisional/Provisoire,,
05EA001,2026-07-24T01:45:00Z,47,31.1,,,Provisional/Provisoire,,
05EA001,2026-07-24T01:50:00Z,47,30.9,,,Provisional/Provisoire,,
05EA001,2026-07-24T01:55:00Z,47,31.1,,,Provisional/Provisoire,,
05EA001,2026-07-24T02:00:00Z,47,31.1,,,Provisional/Provisoire,,
05EA001,2026-07-24T02:05:00Z,47,31.1,,,Provisional/Provisoire,,
05EA001,2026-07-24T02:10:00Z,47,31.1,,,Provisional/Provisoire,,
05EA001,2026-07-24T02:15:00Z,47,31.0,,,Provisional/Provisoire,,
05EA001,2026-07-24T02:20:00Z,47,31.1,,,Provisional/Provisoire,,
05EA001,2026-07-24T02:25:00Z,47,30.9,,,Provisional/Provisoire,,
05EA001,2026-07-24T02:30:00Z,47,31.1,,,Provisional/Provisoire,,
05EA001,2026-07-24T02:35:00Z,47,31.1,,,Provisional/Provisoire,,
05EA001,2026-07-24T02:40:00Z,47,30.9,,,Provisional/Provisoire,,
05EA001,2026-07-24T02:45:00Z,47,30.9,,,Provisional/Provisoire,,
05EA001,2026-07-24T02:50:00Z,47,30.9,,,Provisional/Provisoire,,
05EA001,2026-07-24T02:55:00Z,47,30.9,,,Provisional/Provisoire,,
05EA001,2026-07-24T03:00:00Z,47,30.8,,,Provisional/Provisoire,,
05EA001,2026-07-24T03:05:00Z,47,30.9,,,Provisional/Provisoire,,
05EA001,2026-07-24T03:10:00Z,47,30.9,,,Provisional/Provisoire,,
05EA001,2026-07-24T03:15:00Z,47,30.9,,,Provisional/Provisoire,,
05EA001,2026-07-24T03:20:00Z,47,30.9,,,Provisional/Provisoire,,
05EA001,2026-07-24T03:25:00Z,47,30.9,,,Provisional/Provisoire,,
05EA001,2026-07-24T03:30:00Z,47,31.0,,,Provisional/Provisoire,,
05EA001,2026-07-24T03:35:00Z,47,30.9,,,Provisional/Provisoire,,
05EA001,2026-07-24T03:40:00Z,47,30.9,,,Provisional/Provisoire,,
05EA001,2026-07-24T03:45:00Z,47,30.9,,,Provisional/Provisoire,,
05EA001,2026-07-24T03:50:00Z,47,30.8,,,Provisional/Provisoire,,
05EA001,2026-07-24T03:55:00Z,47,30.8,,,Provisional/Provisoire,,
05EA001,2026-07-24T04:00:00Z,47,30.8,,,Provisional/Provisoire,,
05EA001,2026-07-24T04:05:00Z,47,30.8,,,Provisional/Provisoire,,
05EA001,2026-07-24T04:10:00Z,47,30.8,,,Provisional/Provisoire,,
05EA001,2026-07-24T04:15:00Z,47,30.8,,,Provisional/Provisoire,,
05EA001,2026-07-24T04:20:00Z,47,30.9,,,Provisional/Provisoire,,
05EA001,2026-07-24T04:25:00Z,47,30.8,,,Provisional/Provisoire,,
05EA001,2026-07-24T04:30:00Z,47,30.8,,,Provisional/Provisoire,,
05EA001,2026-07-24T04:35:00Z,47,30.8,,,Provisional/Provisoire,,
05EA001,2026-07-24T04:40:00Z,47,30.8,,,Provisional/Provisoire,,
05EA001,2026-07-24T04:45:00Z,47,30.9,,,Provisional/Provisoire,,
05EA001,2026-07-24T04:50:00Z,47,30.8,,,Provisional/Provisoire,,
05EA001,2026-07-24T04:55:00Z,47,30.9,,,Provisional/Provisoire,,
05EA001,2026-07-24T05:00:00Z,47,30.9,,,Provisional/Provisoire,,
05EA001,2026-07-24T05:05:00Z,47,30.7,,,Provisional/Provisoire,,
05EA001,2026-07-24T05:10:00Z,47,30.7,,,Provisional/Provisoire,,
05EA001,2026-07-24T05:15:00Z,47,30.9,,,Provisional/Provisoire,,
05EA001,2026-07-24T05:20:00Z,47,30.7,,,Provisional/Provisoire,,
05EA001,2026-07-24T05:25:00Z,47,30.8,,,Provisional/Provisoire,,
05EA001,2026-07-24T05:30:00Z,47,30.6,,,Provisional/Provisoire,,
05EA001,2026-07-24T05:35:00Z,47,30.6,,,Provisional/Provisoire,,
05EA001,2026-07-24T05:40:00Z,47,30.7,,,Provisional/Provisoire,,
05EA001,2026-07-24T05:45:00Z,47,30.7,,,Provisional/Provisoire,,
05EA001,2026-07-24T05:50:00Z,47,30.8,,,Provisional/Provisoire,,
05EA001,2026-07-24T05:55:00Z,47,30.4,,,Provisional/Provisoire,,
05EA001,2026-07-24T06:00:00Z,47,30.7,,,Provisional/Provisoire,,
05EA001,2026-07-24T06:05:00Z,47,30.4,,,Provisional/Provisoire,,
05EA001,2026-07-24T06:10:00Z,47,30.6,,,Provisional/Provisoire,,
05EA001,2026-07-24T06:15:00Z,47,30.6,,,Provisional/Provisoire,,
05EA001,2026-07-24T06:20:00Z,47,30.7,,,Provisional/Provisoire,,
05EA001,2026-07-24T06:25:00Z,47,30.7,,,Provisional/Provisoire,,
05EA001,2026-07-24T06:30:00Z,47,30.6,,,Provisional/Provisoire,,
05EA001,2026-07-24T06:35:00Z,47,30.6,,,Provisional/Provisoire,,
05EA001,2026-07-24T06:40:00Z,47,30.6,,,Provisional/Provisoire,,
05EA001,2026-07-24T06:45:00Z,47,30.6,,,Provisional/Provisoire,,
05EA001,2026-07-24T06:50:00Z,47,30.4,,,Provisional/Provisoire,,
05EA001,2026-07-24T06:55:00Z,47,30.4,,,Provisional/Provisoire,,
05EA001,2026-07-24T07:00:00Z,47,30.6,,,Provisional/Provisoire,,
05EA001,2026-07-24T07:05:00Z,47,30.5,,,Provisional/Provisoire,,
05EA001,2026-07-24T07:10:00Z,47,30.5,,,Provisional/Provisoire,,
05EA001,2026-07-24T07:15:00Z,47,30.6,,,Provisional/Provisoire,,
05EA001,2026-07-24T07:20:00Z,47,30.7,,,Provisional/Provisoire,,
05EA001,2026-07-24T07:25:00Z,47,30.7,,,Provisional/Provisoire,,
05EA001,2026-07-24T07:30:00Z,47,30.6,,,Provisional/Provisoire,,
05EA001,2026-07-24T07:35:00Z,47,30.6,,,Provisional/Provisoire,,
05EA001,2026-07-24T07:40:00Z,47,30.6,,,Provisional/Provisoire,,
05EA001,2026-07-24T07:45:00Z,47,30.6,,,Provisional/Provisoire,,
05EA001,2026-07-24T07:50:00Z,47,30.4,,,Provisional/Provisoire,,
05EA001,2026-07-24T07:55:00Z,47,30.5,,,Provisional/Provisoire,,
05EA001,2026-07-24T08:00:00Z,47,30.4,,,Provisional/Provisoire,,
05EA001,2026-07-24T08:05:00Z,47,30.5,,,Provisional/Provisoire,,
05EA001,2026-07-24T08:10:00Z,47,30.5,,,Provisional/Provisoire,,
05EA001,2026-07-24T08:15:00Z,47,30.6,,,Provisional/Provisoire,,
05EA001,2026-07-24T08:20:00Z,47,30.5,,,Provisional/Provisoire,,
05EA001,2026-07-24T08:25:00Z,47,30.4,,,Provisional/Provisoire,,
05EA001,2026-07-24T08:30:00Z,47,30.4,,,Provisional/Provisoire,,
05EA001,2026-07-24T08:35:00Z,47,30.6,,,Provisional/Provisoire,,
05EA001,2026-07-24T08:40:00Z,47,30.5,,,Provisional/Provisoire,,
05EA001,2026-07-24T08:45:00Z,47,30.4,,,Provisional/Provisoire,,
05EA001,2026-07-24T08:50:00Z,47,30.4,,,Provisional/Provisoire,,
05EA001,2026-07-24T08:55:00Z,47,30.5,,,Provisional/Provisoire,,
05EA001,2026-07-24T09:00:00Z,47,30.5,,,Provisional/Provisoire,,
05EA001,2026-07-24T09:05:00Z,47,30.3,,,Provisional/Provisoire,,
05EA001,2026-07-24T09:10:00Z,47,30.5,,,Provisional/Provisoire,,
05EA001,2026-07-24T09:15:00Z,47,30.4,,,Provisional/Provisoire,,
05EA001,2026-07-24T09:20:00Z,47,30.5,,,Provisional/Provisoire,,
05EA001,2026-07-24T09:25:00Z,47,30.4,,,Provisional/Provisoire,,
05EA001,2026-07-24T09:30:00Z,47,30.5,,,Provisional/Provisoire,,
05EA001,2026-07-24T09:35:00Z,47,30.4,,,Provisional/Provisoire,,
05EA001,2026-07-24T09:40:00Z,47,30.3,,,Provisional/Provisoire,,
05EA001,2026-07-24T09:45:00Z,47,30.4,,,Provisional/Provisoire,,
05EA001,2026-07-24T09:50:00Z,47,30.4,,,Provisional/Provisoire,,
05EA001,2026-07-24T09:55:00Z,47,30.3,,,Provisional/Provisoire,,
05EA001,2026-07-24T10:00:00Z,47,30.3,,,Provisional/Provisoire,,
05EA001,2026-07-24T10:05:00Z,47,30.4,,,Provisional/Provisoire,,
05EA001,2026-07-24T10:10:00Z,47,30.5,,,Provisional/Provisoire,,
05EA001,2026-07-24T10:15:00Z,47,30.3,,,Provisional/Provisoire,,
05EA001,2026-07-24T10:20:00Z,47,30.3,,,Provisional/Provisoire,,
05EA001,2026-07-24T10:25:00Z,47,30.4,,,Provisional/Provisoire,,
05EA001,2026-07-24T10:30:00Z,47,30.2,,,Provisional/Provisoire,,
05EA001,2026-07-24T10:35:00Z,47,30.2,,,Provisional/Provisoire,,
05EA001,2026-07-24T10:40:00Z,47,30.3,,,Provisional/Provisoire,,
05EA001,2026-07-24T10:45:00Z,47,30.2,,,Provisional/Provisoire,,
05EA001,2026-07-24T10:50:00Z,47,30.3,,,Provisional/Provisoire,,
05EA001,2026-07-24T10:55:00Z,47,30.3,,,Provisional/Provisoire,,
05EA001,2026-07-24T11:00:00Z,47,30.3,,,Provisional/Provisoire,,
05EA001,2026-07-24T11:05:00Z,47,30.3,,,Provisional/Provisoire,,
05EA001,2026-07-24T11:10:00Z,47,30.4,,,Provisional/Provisoire,,
05EA001,2026-07-24T11:15:00Z,47,30.2,,,Provisional/Provisoire,,
05EA001,2026-07-24T11:20:00Z,47,30.3,,,Provisional/Provisoire,,
05EA001,2026-07-24T11:25:00Z,47,30.2,,,Provisional/Provisoire,,
05EA001,2026-07-24T11:30:00Z,47,30.3,,,Provisional/Provisoire,,
05EA001,2026-07-24T11:35:00Z,47,30.3,,,Provisional/Provisoire,,
05EA001,2026-07-24T11:40:00Z,47,30.3,,,Provisional/Provisoire,,
05EA001,2026-07-24T11:45:00Z,47,30.2,,,Provisional/Provisoire,,
05EA001,2026-07-24T11:50:00Z,47,30.3,,,Provisional/Provisoire,,
05EA001,2026-07-24T11:55:00Z,47,30.3,,,Provisional/Provisoire,,
05EA001,2026-07-24T12:00:00Z,47,30.2,,,Provisional/Provisoire,,
05EA001,2026-07-24T12:05:00Z,47,30.4,,,Provisional/Provisoire,,
05EA001,2026-07-24T12:10:00Z,47,30.2,,,Provisional/Provisoire,,
05EA001,2026-07-24T12:15:00Z,47,30.2,,,Provisional/Provisoire,,
05EA001,2026-07-24T12:20:00Z,47,30.3,,,Provisional/Provisoire,,
05EA001,2026-07-24T12:25:00Z,47,30.2,,,Provisional/Provisoire,,
05EA001,2026-07-24T12:30:00Z,47,30.1,,,Provisional/Provisoire,,
05EA001,2026-07-24T12:35:00Z,47,30.1,,,Provisional/Provisoire,,
05EA001,2026-07-24T12:40:00Z,47,30.1,,,Provisional/Provisoire,,
05EA001,2026-07-24T12:45:00Z,47,30.2,,,Provisional/Provisoire,,
05EA001,2026-07-24T12:50:00Z,47,30.1,,,Provisional/Provisoire,,
05EA001,2026-07-24T12:55:00Z,47,29.9,,,Provisional/Provisoire,,
05EA001,2026-07-24T13:00:00Z,47,30.1,,,Provisional/Provisoire,,
05EA001,2026-07-24T13:05:00Z,47,30.2,,,Provisional/Provisoire,,
05EA001,2026-07-24T13:10:00Z,47,30.2,,,Provisional/Provisoire,,
05EA001,2026-07-24T13:15:00Z,47,30.2,,,Provisional/Provisoire,,
05EA001,2026-07-24T13:20:00Z,47,30.2,,,Provisional/Provisoire,,
05EA001,2026-07-24T13:25:00Z,47,30.1,,,Provisional/Provisoire,,
05EA001,2026-07-24T13:30:00Z,47,30.2,,,Provisional/Provisoire,,
05EA001,2026-07-24T13:35:00Z,47,30.2,,,Provisional/Provisoire,,
05EA001,2026-07-24T13:40:00Z,47,30.1,,,Provisional/Provisoire,,
05EA001,2026-07-24T13:45:00Z,47,30.1,,,Provisional/Provisoire,,
05EA001,2026-07-24T13:50:00Z,47,30.0,,,Provisional/Provisoire,,
05EA001,2026-07-24T13:55:00Z,47,30.0,,,Provisional/Provisoire,,
05EA001,2026-07-24T14:00:00Z,47,30.1,,,Provisional/Provisoire,,
05EA001,2026-07-24T14:05:00Z,47,30.1,,,Provisional/Provisoire,,
05EA001,2026-07-24T14:10:00Z,47,30.1,,,Provisional/Provisoire,,
05EA001,2026-07-24T14:15:00Z,47,30.0,,,Provisional/Provisoire,,
05EA001,2026-07-24T14:20:00Z,47,30.0,,,Provisional/Provisoire,,
05EA001,2026-07-24T14:25:00Z,47,30.1,,,Provisional/Provisoire,,
05EA001,2026-07-24T14:30:00Z,47,30.0,,,Provisional/Provisoire,,
05EA001,2026-07-24T14:35:00Z,47,30.0,,,Provisional/Provisoire,,
05EA001,2026-07-24T14:40:00Z,47,30.0,,,Provisional/Provisoire,,
05EA001,2026-07-24T14:45:00Z,47,30.0,,,Provisional/Provisoire,,
05EA001,2026-07-24T14:50:00Z,47,30.0,,,Provisional/Provisoire,,
05EA001,2026-07-24T14:55:00Z,47,30.0,,,Provisional/Provisoire,,
05EA001,2026-07-24T15:00:00Z,47,29.9,,,Provisional/Provisoire,,
05EA001,2026-07-24T15:05:00Z,47,30.0,,,Provisional/Provisoire,,
05EA001,2026-07-24T15:10:00Z,47,30.0,,,Provisional/Provisoire,,
05EA001,2026-07-24T15:15:00Z,47,30.1,,,Provisional/Provisoire,,
05EA001,2026-07-24T15:20:00Z,47,30.0,,,Provisional/Provisoire,,
05EA001,2026-07-24T15:25:00Z,47,30.1,,,Provisional/Provisoire,,
05EA001,2026-07-24T15:30:00Z,47,30.0,,,Provisional/Provisoire,,
05EA001,2026-07-24T15:35:00Z,47,30.0,,,Provisional/Provisoire,,
05EA001,2026-07-24T15:40:00Z,47,30.1,,,Provisional/Provisoire,,
05EA001,2026-07-24T15:45:00Z,47,30.1,,,Provisional/Provisoire,,
05EA001,2026-07-24T15:50:00Z,47,30.0,,,Provisional/Provisoire,,
05EA001,2026-07-24T15:55:00Z,47,30.1,,,Provisional/Provisoire,,
05EA001,2026-07-24T16:00:00Z,47,30.0,,,Provisional/Provisoire,,
05EA001,2026-07-24T16:05:00Z,47,30.0,,,Provisional/Provisoire,,
05EA001,2026-07-24T16:10:00Z,47,29.9,,,Provisional/Provisoire,,
05EA001,2026-07-24T16:15:00Z,47,30.0,,,Provisional/Provisoire,,
05EA001,2026-07-24T16:20:00Z,47,29.8,,,Provisional/Provisoire,,
05EA001,2026-07-24T16:25:00Z,47,30.0,,,Provisional/Provisoire,,
05EA001,2026-07-24T16:30:00Z,47,30.0,,,Provisional/Provisoire,,
05EA001,2026-07-24T16:35:00Z,47,30.0,,,Provisional/Provisoire,,
05EA001,2026-07-24T16:40:00Z,47,29.9,,,Provisional/Provisoire,,
05EA001,2026-07-24T16:45:00Z,47,30.0,,,Provisional/Provisoire,,
05EA001,2026-07-24T16:50:00Z,47,29.9,,,Provisional/Provisoire,,
05EA001,2026-07-24T16:55:00Z,47,29.7,,,Provisional/Provisoire,,
05EA001,2026-07-24T17:00:00Z,47,29.9,,,Provisional/Provisoire,,
05EA001,2026-07-24T17:05:00Z,47,30.0,,,Provisional/Provisoire,,
05EA001,2026-07-24T17:10:00Z,47,29.9,,,Provisional/Provisoire,,
05EA001,2026-07-24T17:15:00Z,47,29.8,,,Provisional/Provisoire,,
05EA001,2026-07-24T17:20:00Z,47,29.9,,,Provisional/Provisoire,,
05EA001,2026-07-24T17:25:00Z,47,30.0,,,Provisional/Provisoire,,
05EA001,2026-07-24T17:30:00Z,47,29.7,,,Provisional/Provisoire,,
05EA001,2026-07-24T17:35:00Z,47,29.8,,,Provisional/Provisoire,,
05EA001,2026-07-24T17:40:00Z,47,29.8,,,Provisional/Provisoire,,
05EA001,2026-07-24T17:45:00Z,47,29.8,,,Provisional/Provisoire,,
05EA001,2026-07-24T17:50:00Z,47,30.0,,,Provisional/Provisoire,,
05EA001,2026-07-24T17:55:00Z,47,29.7,,,Provisional/Provisoire,,
05EA001,2026-07-24T18:00:00Z,47,29.8,,,Provisional/Provisoire,,
05EA001,2026-07-24T18:05:00Z,47,29.9,,,Provisional/Provisoire,,
05EA001,2026-07-24T18:10:00Z,47,29.9,,,Provisional/Provisoire,,
05EA001,2026-07-24T18:15:00Z,47,29.8,,,Provisional/Provisoire,,
05EA001,2026-07-24T18:20:00Z,47,30.0,,,Provisional/Provisoire,,
05EA001,2026-07-24T18:25:00Z,47,29.7,,,Provisional/Provisoire,,
05EA001,2026-07-24T18:30:00Z,47,29.8,,,Provisional/Provisoire,,
05EA001,2026-07-24T18:35:00Z,47,29.7,,,Provisional/Provisoire,,
05EA001,2026-07-24T18:40:00Z,47,29.8,,,Provisional/Provisoire,,
05EA001,2026-07-24T18:45:00Z,47,29.7,,,Provisional/Provisoire,,
05EA001,2026-07-24T18:50:00Z,47,29.7,,,Provisional/Provisoire,,
05EA001,2026-07-24T18:55:00Z,47,29.8,,,Provisional/Provisoire,,
05EA001,2026-07-24T19:00:00Z,47,29.9,,,Provisional/Provisoire,,
05EA001,2026-07-24T19:05:00Z,47,29.7,,,Provisional/Provisoire,,
05EA001,2026-07-24T19:10:00Z,47,29.7,,,Provisional/Provisoire,,
05EA001,2026-07-24T19:15:00Z,47,29.8,,,Provisional/Provisoire,,
05EA001,2026-07-24T19:20:00Z,47,29.7,,,Provisional/Provisoire,,
05EA001,2026-07-24T19:25:00Z,47,29.6,,,Provisional/Provisoire,,
05EA001,2026-07-24T19:30:00Z,47,29.5,,,Provisional/Provisoire,,
05EA001,2026-07-24T19:35:00Z,47,29.7,,,Provisional/Provisoire,,
05EA001,2026-07-24T19:40:00Z,47,29.7,,,Provisional/Provisoire,,
05EA001,2026-07-24T19:45:00Z,47,29.5,,,Provisional/Provisoire,,
05EA001,2026-07-24T19:50:00Z,47,29.6,,,Provisional/Provisoire,,
05EA001,2026-07-24T19:55:00Z,47,29.8,,,Provisional/Provisoire,,
05EA001,2026-07-24T20:00:00Z,47,29.8,,,Provisional/Provisoire,,
05EA001,2026-07-24T20:05:00Z,47,29.8,,,Provisional/Provisoire,,
05EA001,2026-07-24T20:10:00Z,47,29.6,,,Provisional/Provisoire,,
05EA001,2026-07-24T20:15:00Z,47,29.7,,,Provisional/Provisoire,,
05EA001,2026-07-24T20:20:00Z,47,29.7,,,Provisional/Provisoire,,
05EA001,2026-07-24T20:25:00Z,47,29.7,,,Provisional/Provisoire,,
05EA001,2026-07-24T20:30:00Z,47,29.6,,,Provisional/Provisoire,,
05EA001,2026-07-24T20:35:00Z,47,29.6,,,Provisional/Provisoire,,
05EA001,2026-07-24T20:40:00Z,47,29.3,,,Provisional/Provisoire,,
05EA001,2026-07-24T20:45:00Z,47,29.5,,,Provisional/Provisoire,,
05EA001,2026-07-24T20:50:00Z,47,29.6,,,Provisional/Provisoire,,
05EA001,2026-07-24T20:55:00Z,47,29.6,,,Provisional/Provisoire,,
05EA001,2026-07-24T21:00:00Z,47,29.5,,,Provisional/Provisoire,,
05EA001,2026-07-24T21:05:00Z,47,29.5,,,Provisional/Provisoire,,
05EA001,2026-07-24T21:10:00Z,47,29.5,,,Provisional/Provisoire,,
05EA001,2026-07-24T21:15:00Z,47,29.4,,,Provisional/Provisoire,,
05EA001,2026-07-24T21:20:00Z,47,29.5,,,Provisional/Provisoire,,
05EA001,2026-07-24T21:25:00Z,47,29.5,,,Provisional/Provisoire,,
05EA001,2026-07-24T21:30:00Z,47,29.5,,,Provisional/Provisoire,,
05EA001,2026-07-24T21:35:00Z,47,29.6,,,Provisional/Provisoire,,
05EA001,2026-07-24T21:40:00Z,47,29.5,,,Provisional/Provisoire,,
05EA001,2026-07-24T21:45:00Z,47,29.5,,,Provisional/Provisoire,,
05EA001,2026-07-24T21:50:00Z,47,29.5,,,Provisional/Provisoire,,
05EA001,2026-07-24T21:55:00Z,47,29.5,,,Provisional/Provisoire,,
05EA001,2026-07-24T22:00:00Z,47,29.5,,,Provisional/Provisoire,,
05EA001,2026-07-24T22:05:00Z,47,29.5,,,Provisional/Provisoire,,
05EA001,2026-07-24T22:10:00Z,47,29.5,,,Provisional/Provisoire,,
05EA001,2026-07-24T22:15:00Z,47,29.5,,,Provisional/Provisoire,,
05EA001,2026-07-24T22:20:00Z,47,29.4,,,Provisional/Provisoire,,
05EA001,2026-07-24T22:25:00Z,47,29.5,,,Provisional/Provisoire,,
05EA001,2026-07-24T22:30:00Z,47,29.5,,,Provisional/Provisoire,,
05EA001,2026-07-24T22:35:00Z,47,29.5,,,Provisional/Provisoire,,
05EA001,2026-07-24T22:40:00Z,47,29.4,,,Provisional/Provisoire,,
05EA001,2026-07-24T22:45:00Z,47,29.5,,,Provisional/Provisoire,,
05EA001,2026-07-24T22:50:00Z,47,29.4,,,Provisional/Provisoire,,
05EA001,2026-07-24T22:55:00Z,47,29.4,,,Provisional/Provisoire,,
05EA001,2026-07-24T23:00:00Z,47,29.4,,,Provisional/Provisoire,,
05EA001,2026-07-24T23:05:00Z,47,29.4,,,Provisional/Provisoire,,
05EA001,2026-07-24T23:10:00Z,47,29.4,,,Provisional/Provisoire,,
05EA001,2026-07-24T23:15:00Z,47,29.4,,,Provisional/Provisoire,,
05EA001,2026-07-24T23:20:00Z,47,29.4,,,Provisional/Provisoire,,
05EA001,2026-07-24T23:25:00Z,47,29.4,,,Provisional/Provisoire,,
05EA001,2026-07-24T23:30:00Z,47,29.5,,,Provisional/Provisoire,,
05EA001,2026-07-24T23:35:00Z,47,29.5,,,Provisional/Provisoire,,
05EA001,2026-07-24T23:40:00Z,47,29.3,,,Provisional/Provisoire,,
05EA001,2026-07-24T23:45:00Z,47,29.4,,,Provisional/Provisoire,,
05EA001,2026-07-24T23:50:00Z,47,29.4,,,Provisional/Provisoire,,
05EA001,2026-07-24T23:55:00Z,47,29.4,,,Provisional/Provisoire,,
05EA001,2026-07-25T00:00:00Z,47,29.3,,,Provisional/Provisoire,,
05EA001,2026-07-25T00:05:00Z,47,29.4,,,Provisional/Provisoire,,
05EA001,2026-07-25T00:10:00Z,47,29.4,,,Provisional/Provisoire,,
05EA001,2026-07-25T00:15:00Z,47,29.3,,,Provisional/Provisoire,,
05EA001,2026-07-25T00:20:00Z,47,29.3,,,Provisional/Provisoire,,
05EA001,2026-07-25T00:25:00Z,47,29.4,,,Provisional/Provisoire,,
05EA001,2026-07-25T00:30:00Z,47,29.3,,,Provisional/Provisoire,,
05EA001,2026-07-25T00:35:00Z,47,29.3,,,Provisional/Provisoire,,
05EA001,2026-07-25T00:40:00Z,47,29.1,,,Provisional/Provisoire,,
05EA001,2026-07-25T00:45:00Z,47,29.2,,,Provisional/Provisoire,,
05EA001,2026-07-25T00:50:00Z,47,29.3,,,Provisional/Provisoire,,
05EA001,2026-07-25T00:55:00Z,47,29.3,,,Provisional/Provisoire,,
05EA001,2026-07-25T01:00:00Z,47,29.2,,,Provisional/Provisoire,,
05EA001,2026-07-25T01:05:00Z,47,29.3,,,Provisional/Provisoire,,
05EA001,2026-07-25T01:10:00Z,47,29.2,,,Provisional/Provisoire,,
05EA001,2026-07-25T01:15:00Z,47,29.3,,,Provisional/Provisoire,,
05EA001,2026-07-25T01:20:00Z,47,29.3,,,Provisional/Provisoire,,
05EA001,2026-07-25T01:25:00Z,47,29.2,,,Provisional/Provisoire,,
05EA001,2026-07-25T01:30:00Z,47,29.1,,,Provisional/Provisoire,,
05EA001,2026-07-25T01:35:00Z,47,29.1,,,Provisional/Provisoire,,
05EA001,2026-07-25T01:40:00Z,47,29.2,,,Provisional/Provisoire,,
05EA001,2026-07-25T01:45:00Z,47,29.2,,,Provisional/Provisoire,,
05EA001,2026-07-25T01:50:00Z,47,29.2,,,Provisional/Provisoire,,
05EA001,2026-07-25T01:55:00Z,47,29.2,,,Provisional/Provisoire,,
05EA001,2026-07-25T02:00:00Z,47,29.2,,,Provisional/Provisoire,,
05EA001,2026-07-25T02:05:00Z,47,29.2,,,Provisional/Provisoire,,
05EA001,2026-07-25T02:10:00Z,47,28.9,,,Provisional/Provisoire,,
05EA001,2026-07-25T02:15:00Z,47,29.3,,,Provisional/Provisoire,,
05EA001,2026-07-25T02:20:00Z,47,29.2,,,Provisional/Provisoire,,
05EA001,2026-07-25T02:25:00Z,47,29.0,,,Provisional/Provisoire,,
05EA001,2026-07-25T02:30:00Z,47,29.2,,,Provisional/Provisoire,,
05EA001,2026-07-25T02:35:00Z,47,29.2,,,Provisional/Provisoire,,
05EA001,2026-07-25T02:40:00Z,47,28.9,,,Provisional/Provisoire,,
05EA001,2026-07-25T02:45:00Z,47,29.0,,,Provisional/Provisoire,,
05EA001,2026-07-25T02:50:00Z,47,29.1,,,Provisional/Provisoire,,
05EA001,2026-07-25T02:55:00Z,47,29.1,,,Provisional/Provisoire,,
05EA001,2026-07-25T03:00:00Z,47,29.0,,,Provisional/Provisoire,,
05EA001,2026-07-25T03:05:00Z,47,29.2,,,Provisional/Provisoire,,
05EA001,2026-07-25T03:10:00Z,47,29.1,,,Provisional/Provisoire,,
05EA001,2026-07-25T03:15:00Z,47,29.2,,,Provisional/Provisoire,,
05EA001,2026-07-25T03:20:00Z,47,29.0,,,Provisional/Provisoire,,
05EA001,2026-07-25T03:25:00Z,47,29.0,,,Provisional/Provisoire,,
05EA001,2026-07-25T03:30:00Z,47,28.9,,,Provisional/Provisoire,,
05EA001,2026-07-25T03:35:00Z,47,29.1,,,Provisional/Provisoire,,
05EA001,2026-07-25T03:40:00Z,47,29.1,,,Provisional/Provisoire,,
05EA001,2026-07-25T03:45:00Z,47,29.0,,,Provisional/Provisoire,,
05EA001,2026-07-25T03:50:00Z,47,29.0,,,Provisional/Provisoire,,
05EA001,2026-07-25T03:55:00Z,47,28.9,,,Provisional/Provisoire,,
05EA001,2026-07-25T04:00:00Z,47,28.9,,,Provisional/Provisoire,,
05EA001,2026-07-25T04:05:00Z,47,28.9,,,Provisional/Provisoire,,
05EA001,2026-07-25T04:10:00Z,47,29.0,,,Provisional/Provisoire,,
05EA001,2026-07-25T04:15:00Z,47,29.0,,,Provisional/Provisoire,,
05EA001,2026-07-25T04:20:00Z,47,28.9,,,Provisional/Provisoire,,
05EA001,2026-07-25T04:25:00Z,47,28.9,,,Provisional/Provisoire,,
05EA001,2026-07-25T04:30:00Z,47,28.9,,,Provisional/Provisoire,,
05EA001,2026-07-25T04:35:00Z,47,29.0,,,Provisional/Provisoire,,
05EA001,2026-07-25T04:40:00Z,47,29.0,,,Provisional/Provisoire,,
05EA001,2026-07-25T04:45:00Z,47,28.9,,,Provisional/Provisoire,,
05EA001,2026-07-25T04:50:00Z,47,29.0,,,Provisional/Provisoire,,
05EA001,2026-07-25T04:55:00Z,47,28.9,,,Provisional/Provisoire,,
05EA001,2026-07-25T05:00:00Z,47,29.0,,,Provisional/Provisoire,,
05EA001,2026-07-25T05:05:00Z,47,29.0,,,Provisional/Provisoire,,
05EA001,2026-07-25T05:10:00Z,47,28.9,,,Provisional/Provisoire,,
05EA001,2026-07-25T05:15:00Z,47,28.8,,,Provisional/Provisoire,,
05EA001,2026-07-25T05:20:00Z,47,29.0,,,Provisional/Provisoire,,
05EA001,2026-07-25T05:25:00Z,47,28.8,,,Provisional/Provisoire,,
05EA001,2026-07-25T05:30:00Z,47,28.9,,,Provisional/Provisoire,,
05EA001,2026-07-25T05:35:00Z,47,28.9,,,Provisional/Provisoire,,
05EA001,2026-07-25T05:40:00Z,47,28.9,,,Provisional/Provisoire,,
05EA001,2026-07-25T05:45:00Z,47,28.9,,,Provisional/Provisoire,,
05EA001,2026-07-25T05:50:00Z,47,28.9,,,Provisional/Provisoire,,
05EA001,2026-07-25T05:55:00Z,47,29.0,,,Provisional/Provisoire,,
05EA001,2026-07-25T06:00:00Z,47,28.9,,,Provisional/Provisoire,,
05EA001,2026-07-25T06:05:00Z,47,29.0,,,Provisional/Provisoire,,
05EA001,2026-07-25T06:10:00Z,47,28.9,,,Provisional/Provisoire,,
05EA001,2026-07-25T06:15:00Z,47,28.7,,,Provisional/Provisoire,,
05EA001,2026-07-25T06:20:00Z,47,28.9,,,Provisional/Provisoire,,
05EA001,2026-07-25T06:25:00Z,47,28.9,,,Provisional/Provisoire,,
05EA001,2026-07-25T06:30:00Z,47,28.9,,,Provisional/Provisoire,,
05EA001,2026-07-25T06:35:00Z,47,28.9,,,Provisional/Provisoire,,
05EA001,2026-07-25T06:40:00Z,47,28.8,,,Provisional/Provisoire,,
05EA001,2026-07-25T06:45:00Z,47,28.9,,,Provisional/Provisoire,,
05EA001,2026-07-25T06:50:00Z,47,28.9,,,Provisional/Provisoire,,
05EA001,2026-07-25T06:55:00Z,47,28.8,,,Provisional/Provisoire,,
05EA001,2026-07-25T07:00:00Z,47,28.9,,,Provisional/Provisoire,,
05EA001,2026-07-25T07:05:00Z,47,28.9,,,Provisional/Provisoire,,
05EA001,2026-07-25T07:10:00Z,47,28.8,,,Provisional/Provisoire,,
05EA001,2026-07-25T07:15:00Z,47,28.8,,,Provisional/Provisoire,,
05EA001,2026-07-25T07:20:00Z,47,28.7,,,Provisional/Provisoire,,
05EA001,2026-07-25T07:25:00Z,47,28.8,,,Provisional/Provisoire,,
05EA001,2026-07-25T07:30:00Z,47,28.6,,,Provisional/Provisoire,,
05EA001,2026-07-25T07:35:00Z,47,28.9,,,Provisional/Provisoire,,
05EA001,2026-07-25T07:40:00Z,47,28.8,,,Provisional/Provisoire,,
05EA001,2026-07-25T07:45:00Z,47,28.8,,,Provisional/Provisoire,,
05EA001,2026-07-25T07:50:00Z,47,28.8,,,Provisional/Provisoire,,
05EA001,2026-07-25T07:55:00Z,47,28.8,,,Provisional/Provisoire,,
05EA001,2026-07-25T08:00:00Z,47,28.8,,,Provisional/Provisoire,,
05EA001,2026-07-25T08:05:00Z,47,28.8,,,Provisional/Provisoire,,
05EA001,2026-07-25T08:10:00Z,47,28.7,,,Provisional/Provisoire,,
05EA001,2026-07-25T08:15:00Z,47,28.8,,,Provisional/Provisoire,,
05EA001,2026-07-25T08:20:00Z,47,28.7,,,Provisional/Provisoire,,
05EA001,2026-07-25T08:25:00Z,47,28.8,,,Provisional/Provisoire,,
05EA001,2026-07-25T08:30:00Z,47,28.8,,,Provisional/Provisoire,,
05EA001,2026-07-25T08:35:00Z,47,28.8,,,Provisional/Provisoire,,
05EA001,2026-07-25T08:40:00Z,47,28.7,,,Provisional/Provisoire,,
05EA001,2026-07-25T08:45:00Z,47,28.7,,,Provisional/Provisoire,,
05EA001,2026-07-25T08:50:00Z,47,28.8,,,Provisional/Provisoire,,
05EA001,2026-07-25T08:55:00Z,47,28.7,,,Provisional/Provisoire,,
05EA001,2026-07-25T09:00:00Z,47,28.8,,,Provisional/Provisoire,,
05EA001,2026-07-25T09:05:00Z,47,28.7,,,Provisional/Provisoire,,
05EA001,2026-07-25T09:10:00Z,47,28.7,,,Provisional/Provisoire,,
05EA001,2026-07-25T09:15:00Z,47,28.6,,,Provisional/Provisoire,,
05EA001,2026-07-25T09:20:00Z,47,28.6,,,Provisional/Provisoire,,
05EA001,2026-07-25T09:25:00Z,47,28.5,,,Provisional/Provisoire,,
05EA001,2026-07-25T09:30:00Z,47,28.7,,,Provisional/Provisoire,,
05EA001,2026-07-25T09:35:00Z,47,28.7,,,Provisional/Provisoire,,
05EA001,2026-07-25T09:40:00Z,47,28.7,,,Provisional/Provisoire,,
05EA001,2026-07-25T09:45:00Z,47,28.5,,,Provisional/Provisoire,,
05EA001,2026-07-25T09:50:00Z,47,28.7,,,Provisional/Provisoire,,
05EA001,2026-07-25T09:55:00Z,47,28.6,,,Provisional/Provisoire,,
05EA001,2026-07-25T10:00:00Z,47,28.6,,,Provisional/Provisoire,,
05EA001,2026-07-25T10:05:00Z,47,28.6,,,Provisional/Provisoire,,
05EA001,2026-07-25T10:10:00Z,47,28.6,,,Provisional/Provisoire,,
05EA001,2026-07-25T10:15:00Z,47,28.7,,,Provisional/Provisoire,,
05EA001,2026-07-25T10:20:00Z,47,28.6,,,Provisional/Provisoire,,
05EA001,2026-07-25T10:25:00Z,47,28.5,,,Provisional/Provisoire,,
05EA001,2026-07-25T10:30:00Z,47,28.5,,,Provisional/Provisoire,,
05EA001,2026-07-25T10:35:00Z,47,28.4,,,Provisional/Provisoire,,
05EA001,2026-07-25T10:40:00Z,47,28.6,,,Provisional/Provisoire,,
05EA001,2026-07-25T10:45:00Z,47,28.5,,,Provisional/Provisoire,,
05EA001,2026-07-25T10:50:00Z,47,28.5,,,Provisional/Provisoire,,
05EA001,2026-07-25T10:55:00Z,47,28.6,,,Provisional/Provisoire,,
05EA001,2026-07-25T11:00:00Z,47,28.6,,,Provisional/Provisoire,,
05EA001,2026-07-25T11:05:00Z,47,28.5,,,Provisional/Provisoire,,
05EA001,2026-07-25T11:10:00Z,47,28.5,,,Provisional/Provisoire,,
05EA001,2026-07-25T11:15:00Z,47,28.6,,,Provisional/Provisoire,,
05EA001,2026-07-25T11:20:00Z,47,28.6,,,Provisional/Provisoire,,
05EA001,2026-07-25T11:25:00Z,47,28.5,,,Provisional/Provisoire,,
05EA001,2026-07-25T11:30:00Z,47,28.5,,,Provisional/Provisoire,,
05EA001,2026-07-25T11:35:00Z,47,28.6,,,Provisional/Provisoire,,
05EA001,2026-07-25T11:40:00Z,47,28.6,,,Provisional/Provisoire,,
05EA001,2026-07-25T11:45:00Z,47,28.5,,,Provisional/Provisoire,,
05EA001,2026-07-25T11:50:00Z,47,28.4,,,Provisional/Provisoire,,
05EA001,2026-07-25T11:55:00Z,47,28.5,,,Provisional/Provisoire,,
05EA001,2026-07-25T12:00:00Z,47,28.4,,,Provisional/Provisoire,,
05EA001,2026-07-25T12:05:00Z,47,28.5,,,Provisional/Provisoire,,
05EA001,2026-07-25T12:10:00Z,47,28.4,,,Provisional/Provisoire,,
05EA001,2026-07-25T12:15:00Z,47,28.5,,,Provisional/Provisoire,,
05EA001,2026-07-25T12:20:00Z,47,28.4,,,Provisional/Provisoire,,
05EA001,2026-07-25T12:25:00Z,47,28.5,,,Provisional/Provisoire,,
05EA001,2026-07-25T12:30:00Z,47,28.5,,,Provisional/Provisoire,,
05EA001,2026-07-25T12:35:00Z,47,28.4,,,Provisional/Provisoire,,
05EA001,2026-07-25T12:40:00Z,47,28.4,,,Provisional/Provisoire,,
05EA001,2026-07-25T12:45:00Z,47,28.4,,,Provisional/Provisoire,,
05EA001,2026-07-25T12:50:00Z,47,28.4,,,Provisional/Provisoire,,
05EA001,2026-07-25T12:55:00Z,47,28.3,,,Provisional/Provisoire,,
05EA001,2026-07-25T13:00:00Z,47,28.3,,,Provisional/Provisoire,,
05EA001,2026-07-25T13:05:00Z,47,28.3,,,Provisional/Provisoire,,
05EA001,2026-07-25T13:10:00Z,47,28.4,,,Provisional/Provisoire,,
05EA001,2026-07-25T13:15:00Z,47,28.4,,,Provisional/Provisoire,,
05EA001,2026-07-25T13:20:00Z,47,28.4,,,Provisional/Provisoire,,
05EA001,2026-07-25T13:25:00Z,47,28.3,,,Provisional/Provisoire,,
05EA001,2026-07-25T13:30:00Z,47,28.3,,,Provisional/Provisoire,,
05EA001,2026-07-25T13:35:00Z,47,28.3,,,Provisional/Provisoire,,
05EA001,2026-07-25T13:40:00Z,47,28.3,,,Provisional/Provisoire,,
05EA001,2026-07-25T13:45:00Z,47,28.4,,,Provisional/Provisoire,,
05EA001,2026-07-25T13:50:00Z,47,28.3,,,Provisional/Provisoire,,
05EA001,2026-07-25T13:55:00Z,47,28.3,,,Provisional/Provisoire,,
05EA001,2026-07-25T14:00:00Z,47,28.3,,,Provisional/Provisoire,,
05EA001,2026-07-25T14:05:00Z,47,28.4,,,Provisional/Provisoire,,
05EA001,2026-07-25T14:10:00Z,47,28.3,,,Provisional/Provisoire,,
05EA001,2026-07-25T14:15:00Z,47,28.3,,,Provisional/Provisoire,,
05EA001,2026-07-25T14:20:00Z,47,28.3,,,Provisional/Provisoire,,
05EA001,2026-07-25T14:25:00Z,47,28.3,,,Provisional/Provisoire,,
05EA001,2026-07-25T14:30:00Z,47,28.2,,,Provisional/Provisoire,,
05EA001,2026-07-25T14:35:00Z,47,28.2,,,Provisional/Provisoire,,
05EA001,2026-07-25T14:40:00Z,47,28.3,,,Provisional/Provisoire,,
05EA001,2026-07-25T14:45:00Z,47,28.2,,,Provisional/Provisoire,,
05EA001,2026-07-25T14:50:00Z,47,28.3,,,Provisional/Provisoire,,
05EA001,2026-07-25T14:55:00Z,47,28.3,,,Provisional/Provisoire,,
05EA001,2026-07-25T15:00:00Z,47,28.2,,,Provisional/Provisoire,,
05EA001,2026-07-25T15:05:00Z,47,28.2,,,Provisional/Provisoire,,
05EA001,2026-07-25T15:10:00Z,47,28.3,,,Provisional/Provisoire,,
05EA001,2026-07-25T15:15:00Z,47,28.2,,,Provisional/Provisoire,,
05EA001,2026-07-25T15:20:00Z,47,28.2,,,Provisional/Provisoire,,
05EA001,2026-07-25T15:25:00Z,47,28.2,,,Provisional/Provisoire,,
05EA001,2026-07-25T15:30:00Z,47,28.3,,,Provisional/Provisoire,,
05EA001,2026-07-25T15:35:00Z,47,28.2,,,Provisional/Provisoire,,
05EA001,2026-07-25T15:40:00Z,47,28.2,,,Provisional/Provisoire,,
05EA001,2026-07-25T15:45:00Z,47,28.3,,,Provisional/Provisoire,,
05EA001,2026-07-25T15:50:00Z,47,28.2,,,Provisional/Provisoire,,
05EA001,2026-07-25T15:55:00Z,47,28.3,,,Provisional/Provisoire,,
05EA001,2026-07-25T16:00:00Z,47,28.2,,,Provisional/Provisoire,,
05EA001,2026-07-25T16:05:00Z,47,28.2,,,Provisional/Provisoire,,
05EA001,2026-07-25T16:10:00Z,47,28.3,,,Provisional/Provisoire,,
05EA001,2026-07-25T16:15:00Z,47,28.3,,,Provisional/Provisoire,,
05EA001,2026-07-25T16:20:00Z,47,28.3,,,Provisional/Provisoire,,
05EA001,2026-07-25T16:25:00Z,47,28.4,,,Provisional/Provisoire,,
05EA001,2026-07-25T16:30:00Z,47,28.1,,,Provisional/Provisoire,,
05EA001,2026-07-25T16:35:00Z,47,28.2,,,Provisional/Provisoire,,
05EA001,2026-07-25T16:40:00Z,47,28.2,,,Provisional/Provisoire,,
05EA001,2026-07-25T16:45:00Z,47,28.3,,,Provisional/Provisoire,,
05EA001,2026-07-25T16:50:00Z,47,28.3,,,Provisional/Provisoire,,
05EA001,2026-07-25T16:55:00Z,47,28.2,,,Provisional/Provisoire,,
05EA001,2026-07-25T17:00:00Z,47,28.2,,,Provisional/Provisoire,,
05EA001,2026-07-25T17:05:00Z,47,28.2,,,Provisional/Provisoire,,
05EA001,2026-07-25T17:10:00Z,47,28.2,,,Provisional/Provisoire,,
05EA001,2026-07-25T17:15:00Z,47,28.2,,,Provisional/Provisoire,,
05EA001,2026-07-25T17:20:00Z,47,28.2,,,Provisional/Provisoire,,
05EA001,2026-07-25T17:25:00Z,47,28.2,,,Provisional/Provisoire,,
05EA001,2026-07-25T17:30:00Z,47,28.3,,,Provisional/Provisoire,,
05EA001,2026-07-25T17:35:00Z,47,28.0,,,Provisional/Provisoire,,
05EA001,2026-07-25T17:40:00Z,47,28.2,,,Provisional/Provisoire,,
05EA001,2026-07-25T17:45:00Z,47,28.1,,,Provisional/Provisoire,,
05EA001,2026-07-25T17:50:00Z,47,28.2,,,Provisional/Provisoire,,
05EA001,2026-07-25T17:55:00Z,47,28.1,,,Provisional/Provisoire,,
05EA001,2026-07-25T18:00:00Z,47,28.2,,,Provisional/Provisoire,,
05EA001,2026-07-25T18:05:00Z,47,28.1,,,Provisional/Provisoire,,
05EA001,2026-07-25T18:10:00Z,47,28.1,,,Provisional/Provisoire,,
05EA001,2026-07-25T18:15:00Z,47,28.1,,,Provisional/Provisoire,,
05EA001,2026-07-25T18:20:00Z,47,28.1,,,Provisional/Provisoire,,
05EA001,2026-07-25T18:25:00Z,47,28.1,,,Provisional/Provisoire,,
05EA001,2026-07-25T18:30:00Z,47,28.1,,,Provisional/Provisoire,,
05EA001,2026-07-25T18:35:00Z,47,28.1,,,Provisional/Provisoire,,
05EA001,2026-07-25T18:40:00Z,47,28.1,,,Provisional/Provisoire,,
05EA001,2026-07-25T18:45:00Z,47,28.1,,,Provisional/Provisoire,,
05EA001,2026-07-25T18:50:00Z,47,28.2,,,Provisional/Provisoire,,
05EA001,2026-07-25T18:55:00Z,47,28.2,,,Provisional/Provisoire,,
05EA001,2026-07-25T19:00:00Z,47,28.0,,,Provisional/Provisoire,,
05EA001,2026-07-25T19:05:00Z,47,28.2,,,Provisional/Provisoire,,
05EA001,2026-07-25T19:10:00Z,47,28.0,,,Provisional/Provisoire,,
05EA001,2026-07-25T19:15:00Z,47,28.0,,,Provisional/Provisoire,,
05EA001,2026-07-25T19:20:00Z,47,28.0,,,Provisional/Provisoire,,
05EA001,2026-07-25T19:25:00Z,47,28.0,,,Provisional/Provisoire,,
05EA001,2026-07-25T19:30:00Z,47,28.0,,,Provisional/Provisoire,,
05EA001,2026-07-25T19:35:00Z,47,28.1,,,Provisional/Provisoire,,
05EA001,2026-07-25T19:40:00Z,47,28.1,,,Provisional/Provisoire,,
05EA001,2026-07-25T19:45:00Z,47,27.9,,,Provisional/Provisoire,,
05EA001,2026-07-25T19:50:00Z,47,27.9,,,Provisional/Provisoire,,
05EA001,2026-07-25T19:55:00Z,47,27.8,,,Provisional/Provisoire,,
05EA001,2026-07-25T20:00:00Z,47,28.0,,,Provisional/Provisoire,,
05EA001,2026-07-25T20:05:00Z,47,28.0,,,Provisional/Provisoire,,
05EA001,2026-07-25T20:10:00Z,47,27.9,,,Provisional/Provisoire,,
05EA001,2026-07-25T20:15:00Z,47,28.0,,,Provisional/Provisoire,,
05EA001,2026-07-25T20:20:00Z,47,28.1,,,Provisional/Provisoire,,
05EA001,2026-07-25T20:25:00Z,47,28.1,,,Provisional/Provisoire,,
05EA001,2026-07-25T20:30:00Z,47,28.0,,,Provisional/Provisoire,,
05EA001,2026-07-25T20:35:00Z,47,28.0,,,Provisional/Provisoire,,
05EA001,2026-07-25T20:40:00Z,47,28.0,,,Provisional/Provisoire,,
05EA001,2026-07-25T20:45:00Z,47,28.0,,,Provisional/Provisoire,,
05EA001,2026-07-25T20:50:00Z,47,27.9,,,Provisional/Provisoire,,
05EA001,2026-07-25T20:55:00Z,47,27.9,,,Provisional/Provisoire,,
05EA001,2026-07-25T21:00:00Z,47,27.9,,,Provisional/Provisoire,,
05EA001,2026-07-25T21:05:00Z,47,28.0,,,Provisional/Provisoire,,
05EA001,2026-07-25T21:10:00Z,47,27.9,,,Provisional/Provisoire,,
05EA001,2026-07-25T21:15:00Z,47,27.9,,,Provisional/Provisoire,,
05EA001,2026-07-25T21:20:00Z,47,27.8,,,Provisional/Provisoire,,
05EA001,2026-07-25T21:25:00Z,47,27.8,,,Provisional/Provisoire,,
05EA001,2026-07-25T21:30:00Z,47,27.8,,,Provisional/Provisoire,,
05EA001,2026-07-25T21:35:00Z,47,27.9,,,Provisional/Provisoire,,
05EA001,2026-07-25T21:40:00Z,47,27.9,,,Provisional/Provisoire,,
05EA001,2026-07-25T21:45:00Z,47,27.7,,,Provisional/Provisoire,,
05EA001,2026-07-25T21:50:00Z,47,27.9,,,Provisional/Provisoire,,
05EA001,2026-07-25T21:55:00Z,47,27.9,,,Provisional/Provisoire,,
05EA001,2026-07-25T22:00:00Z,47,27.9,,,Provisional/Provisoire,,
05EA001,2026-07-25T22:05:00Z,47,27.9,,,Provisional/Provisoire,,
05EA001,2026-07-25T22:10:00Z,47,27.8,,,Provisional/Provisoire,,
05EA001,2026-07-25T22:15:00Z,47,27.8,,,Provisional/Provisoire,,
05EA001,2026-07-25T22:20:00Z,47,27.8,,,Provisional/Provisoire,,
05EA001,2026-07-25T22:25:00Z,47,27.8,,,Provisional/Provisoire,,
05EA001,2026-07-25T22:30:00Z,47,27.7,,,Provisional/Provisoire,,
05EA001,2026-07-25T22:35:00Z,47,27.9,,,Provisional/Provisoire,,
05EA001,2026-07-25T22:40:00Z,47,27.7,,,Provisional/Provisoire,,
05EA001,2026-07-25T22:45:00Z,47,27.8,,,Provisional/Provisoire,,
05EA001,2026-07-25T22:50:00Z,47,27.8,,,Provisional/Provisoire,,
05EA001,2026-07-25T22:55:00Z,47,27.8,,,Provisional/Provisoire,,
05EA001,2026-07-25T23:00:00Z,47,27.8,,,Provisional/Provisoire,,
05EA001,2026-07-25T23:05:00Z,47,27.6,,,Provisional/Provisoire,,
05EA001,2026-07-25T23:10:00Z,47,27.7,,,Provisional/Provisoire,,
05EA001,2026-07-25T23:15:00Z,47,27.8,,,Provisional/Provisoire,,
05EA001,2026-07-25T23:20:00Z,47,27.7,,,Provisional/Provisoire,,
05EA001,2026-07-25T23:25:00Z,47,27.7,,,Provisional/Provisoire,,
05EA001,2026-07-25T23:30:00Z,47,27.7,,,Provisional/Provisoire,,
05EA001,2026-07-25T23:35:00Z,47,27.7,,,Provisional/Provisoire,,
05EA001,2026-07-25T23:40:00Z,47,27.7,,,Provisional/Provisoire,,
05EA001,2026-07-25T23:45:00Z,47,27.7,,,Provisional/Provisoire,,
05EA001,2026-07-25T23:50:00Z,47,27.7,,,Provisional/Provisoire,,
05EA001,2026-07-25T23:55:00Z,47,27.7,,,Provisional/Provisoire,,
05EA001,2026-07-26T00:00:00Z,47,27.7,,,Provisional/Provisoire,,
05EA001,2026-07-26T00:05:00Z,47,27.6,,,Provisional/Provisoire,,
05EA001,2026-07-26T00:10:00Z,47,27.6,,,Provisional/Provisoire,,
05EA001,2026-07-26T00:15:00Z,47,27.8,,,Provisional/Provisoire,,
05EA001,2026-07-26T00:20:00Z,47,27.6,,,Provisional/Provisoire,,
05EA001,2026-07-26T00:25:00Z,47,27.6,,,Provisional/Provisoire,,
05EA001,2026-07-26T00:30:00Z,47,27.6,,,Provisional/Provisoire,,
05EA001,2026-07-26T00:35:00Z,47,27.6,,,Provisional/Provisoire,,
05EA001,2026-07-26T00:40:00Z,47,27.2,,,Provisional/Provisoire,,
05EA001,2026-07-26T00:45:00Z,47,27.6,,,Provisional/Provisoire,,
05EA001,2026-07-26T00:50:00Z,47,27.6,,,Provisional/Provisoire,,
05EA001,2026-07-26T00:55:00Z,47,27.6,,,Provisional/Provisoire,,
05EA001,2026-07-26T01:00:00Z,47,27.4,,,Provisional/Provisoire,,
05EA001,2026-07-26T01:05:00Z,47,27.5,,,Provisional/Provisoire,,
05EA001,2026-07-26T01:10:00Z,47,27.6,,,Provisional/Provisoire,,
05EA001,2026-07-26T01:15:00Z,47,27.6,,,Provisional/Provisoire,,
05EA001,2026-07-26T01:20:00Z,47,27.5,,,Provisional/Provisoire,,
05EA001,2026-07-26T01:25:00Z,47,27.4,,,Provisional/Provisoire,,
05EA001,2026-07-26T01:30:00Z,47,27.4,,,Provisional/Provisoire,,
05EA001,2026-07-26T01:35:00Z,47,27.5,,,Provisional/Provisoire,,
05EA001,2026-07-26T01:40:00Z,47,27.4,,,Provisional/Provisoire,,
05EA001,2026-07-26T01:45:00Z,47,27.4,,,Provisional/Provisoire,,
05EA001,2026-07-26T01:50:00Z,47,27.4,,,Provisional/Provisoire,,
05EA001,2026-07-26T01:55:00Z,47,27.4,,,Provisional/Provisoire,,
05EA001,2026-07-26T02:00:00Z,47,27.4,,,Provisional/Provisoire,,
05EA001,2026-07-26T02:05:00Z,47,27.4,,,Provisional/Provisoire,,
05EA001,2026-07-26T02:10:00Z,47,27.3,,,Provisional/Provisoire,,
05EA001,2026-07-26T02:15:00Z,47,27.4,,,Provisional/Provisoire,,
05EA001,2026-07-26T02:20:00Z,47,27.3,,,Provisional/Provisoire,,
05EA001,2026-07-26T02:25:00Z,47,27.4,,,Provisional/Provisoire,,
05EA001,2026-07-26T02:30:00Z,47,27.5,,,Provisional/Provisoire,,
05EA001,2026-07-26T02:35:00Z,47,27.3,,,Provisional/Provisoire,,
05EA001,2026-07-26T02:40:00Z,47,27.4,,,Provisional/Provisoire,,
05EA001,2026-07-26T02:45:00Z,47,27.4,,,Provisional/Provisoire,,
05EA001,2026-07-26T02:50:00Z,47,27.3,,,Provisional/Provisoire,,
05EA001,2026-07-26T02:55:00Z,47,27.3,,,Provisional/Provisoire,,
05EA001,2026-07-26T03:00:00Z,47,27.4,,,Provisional/Provisoire,,
05EA001,2026-07-26T03:05:00Z,47,27.3,,,Provisional/Provisoire,,
05EA001,2026-07-26T03:10:00Z,47,27.4,,,Provisional/Provisoire,,
05EA001,2026-07-26T03:15:00Z,47,27.3,,,Provisional/Provisoire,,
05EA001,2026-07-26T03:20:00Z,47,27.3,,,Provisional/Provisoire,,
05EA001,2026-07-26T03:25:00Z,47,27.3,,,Provisional/Provisoire,,
05EA001,2026-07-26T03:30:00Z,47,27.3,,,Provisional/Provisoire,,
05EA001,2026-07-26T03:35:00Z,47,27.3,,,Provisional/Provisoire,,
05EA001,2026-07-26T03:40:00Z,47,27.2,,,Provisional/Provisoire,,
05EA001,2026-07-26T03:45:00Z,47,27.2,,,Provisional/Provisoire,,
05EA001,2026-07-26T03:50:00Z,47,27.3,,,Provisional/Provisoire,,
05EA001,2026-07-26T03:55:00Z,47,27.2,,,Provisional/Provisoire,,
05EA001,2026-07-26T04:00:00Z,47,27.1,,,Provisional/Provisoire,,
05EA001,2026-07-26T04:05:00Z,47,27.4,,,Provisional/Provisoire,,
05EA001,2026-07-26T04:10:00Z,47,27.7,,,Provisional/Provisoire,,
05EA001,2026-07-26T04:15:00Z,47,27.9,,,Provisional/Provisoire,,
05EA001,2026-07-26T04:20:00Z,47,28.1,,,Provisional/Provisoire,,
05EA001,2026-07-26T04:25:00Z,47,28.5,,,Provisional/Provisoire,,
05EA001,2026-07-26T04:30:00Z,47,28.6,,,Provisional/Provisoire,,
05EA001,2026-07-26T04:35:00Z,47,28.7,,,Provisional/Provisoire,,
05EA001,2026-07-26T04:40:00Z,47,28.9,,,Provisional/Provisoire,,
05EA001,2026-07-26T04:45:00Z,47,29.3,,,Provisional/Provisoire,,
05EA001,2026-07-26T04:50:00Z,47,29.4,,,Provisional/Provisoire,,
05EA001,2026-07-26T04:55:00Z,47,29.9,,,Provisional/Provisoire,,
05EA001,2026-07-26T05:00:00Z,47,30.4,,,Provisional/Provisoire,,
05EA001,2026-07-26T05:05:00Z,47,30.8,,,Provisional/Provisoire,,
05EA001,2026-07-26T05:10:00Z,47,31.4,,,Provisional/Provisoire,,
05EA001,2026-07-26T05:15:00Z,47,31.8,,,Provisional/Provisoire,,
05EA001,2026-07-26T05:20:00Z,47,32.2,,,Provisional/Provisoire,,
05EA001,2026-07-26T05:25:00Z,47,32.5,,,Provisional/Provisoire,,
05EA001,2026-07-26T05:30:00Z,47,32.7,,,Provisional/Provisoire,,
05EA001,2026-07-26T05:35:00Z,47,33.3,,,Provisional/Provisoire,,
05EA001,2026-07-26T05:40:00Z,47,33.4,,,Provisional/Provisoire,,
05EA001,2026-07-26T05:45:00Z,47,33.7,,,Provisional/Provisoire,,
05EA001,2026-07-26T05:50:00Z,47,33.7,,,Provisional/Provisoire,,
05EA001,2026-07-26T05:55:00Z,47,33.8,,,Provisional/Provisoire,,
05EA001,2026-07-26T06:00:00Z,47,33.8,,,Provisional/Provisoire,,
05EA001,2026-07-26T06:05:00Z,47,34.0,,,Provisional/Provisoire,,
05EA001,2026-07-26T06:10:00Z,47,33.3,,,Provisional/Provisoire,,
05EA001,2026-07-26T06:15:00Z,47,33.6,,,Provisional/Provisoire,,
05EA001,2026-07-26T06:20:00Z,47,33.3,,,Provisional/Provisoire,,
05EA001,2026-07-26T06:25:00Z,47,33.8,,,Provisional/Provisoire,,
05EA001,2026-07-26T06:30:00Z,47,33.6,,,Provisional/Provisoire,,
05EA001,2026-07-26T06:35:00Z,47,33.6,,,Provisional/Provisoire,,
05EA001,2026-07-26T06:40:00Z,47,33.6,,,Provisional/Provisoire,,
05EA001,2026-07-26T06:45:00Z,47,33.4,,,Provisional/Provisoire,,
05EA001,2026-07-26T06:50:00Z,47,33.2,,,Provisional/Provisoire,,
05EA001,2026-07-26T06:55:00Z,47,33.3,,,Provisional/Provisoire,,
05EA001,2026-07-26T07:00:00Z,47,33.1,,,Provisional/Provisoire,,
05EA001,2026-07-26T07:05:00Z,47,32.9,,,Provisional/Provisoire,,
05EA001,2026-07-26T07:10:00Z,47,33.0,,,Provisional/Provisoire,,
05EA001,2026-07-26T07:15:00Z,47,32.9,,,Provisional/Provisoire,,
05EA001,2026-07-26T07:20:00Z,47,32.8,,,Provisional/Provisoire,,
05EA001,2026-07-26T07:25:00Z,47,32.7,,,Provisional/Provisoire,,
05EA001,2026-07-26T07:30:00Z,47,32.6,,,Provisional/Provisoire,,
05EA001,2026-07-26T07:35:00Z,47,32.6,,,Provisional/Provisoire,,
05EA001,2026-07-26T07:40:00Z,47,32.5,,,Provisional/Provisoire,,
05EA001,2026-07-26T07:45:00Z,47,32.4,,,Provisional/Provisoire,,
05EA001,2026-07-26T07:50:00Z,47,32.2,,,Provisional/Provisoire,,
05EA001,2026-07-26T07:55:00Z,47,32.3,,,Provisional/Provisoire,,
05EA001,2026-07-26T08:00:00Z,47,32.2,,,Provisional/Provisoire,,
05EA001,2026-07-26T08:05:00Z,47,32.3,,,Provisional/Provisoire,,
05EA001,2026-07-26T08:10:00Z,47,32.3,,,Provisional/Provisoire,,
05EA001,2026-07-26T08:15:00Z,47,32.2,,,Provisional/Provisoire,,
05EA001,2026-07-26T08:20:00Z,47,31.9,,,Provisional/Provisoire,,
05EA001,2026-07-26T08:25:00Z,47,32.3,,,Provisional/Provisoire,,
05EA001,2026-07-26T08:30:00Z,47,32.2,,,Provisional/Provisoire,,
05EA001,2026-07-26T08:35:00Z,47,32.2,,,Provisional/Provisoire,,
05EA001,2026-07-26T08:40:00Z,47,32.2,,,Provisional/Provisoire,,
05EA001,2026-07-26T08:45:00Z,47,32.3,,,Provisional/Provisoire,,
05EA001,2026-07-26T08:50:00Z,47,32.2,,,Provisional/Provisoire,,
05EA001,2026-07-26T08:55:00Z,47,32.2,,,Provisional/Provisoire,,
05EA001,2026-07-26T09:00:00Z,47,32.2,,,Provisional/Provisoire,,
05EA001,2026-07-26T09:05:00Z,47,32.3,,,Provisional/Provisoire,,
05EA001,2026-07-26T09:10:00Z,47,32.1,,,Provisional/Provisoire,,
05EA001,2026-07-26T09:15:00Z,47,32.2,,,Provisional/Provisoire,,
05EA001,2026-07-26T09:20:00Z,47,32.2,,,Provisional/Provisoire,,
05EA001,2026-07-26T09:25:00Z,47,32.3,,,Provisional/Provisoire,,
05EA001,2026-07-26T09:30:00Z,47,32.2,,,Provisional/Provisoire,,
05EA001,2026-07-26T09:35:00Z,47,32.4,,,Provisional/Provisoire,,
05EA001,2026-07-26T09:40:00Z,47,32.3,,,Provisional/Provisoire,,
05EA001,2026-07-26T09:45:00Z,47,32.3,,,Provisional/Provisoire,,
05EA001,2026-07-26T09:50:00Z,47,32.4,,,Provisional/Provisoire,,
05EA001,2026-07-26T09:55:00Z,47,32.4,,,Provisional/Provisoire,,
05EA001,2026-07-26T10:00:00Z,47,32.2,,,Provisional/Provisoire,,
05EA001,2026-07-26T10:05:00Z,47,32.3,,,Provisional/Provisoire,,
05EA001,2026-07-26T10:10:00Z,47,32.5,,,Provisional/Provisoire,,
05EA001,2026-07-26T10:15:00Z,47,32.2,,,Provisional/Provisoire,,
05EA001,2026-07-26T10:20:00Z,47,32.4,,,Provisional/Provisoire,,
05EA001,2026-07-26T10:25:00Z,47,32.2,,,Provisional/Provisoire,,
05EA001,2026-07-26T10:30:00Z,47,32.4,,,Provisional/Provisoire,,
05EA001,2026-07-26T10:35:00Z,47,32.5,,,Provisional/Provisoire,,
05EA001,2026-07-26T10:40:00Z,47,32.3,,,Provisional/Provisoire,,
05EA001,2026-07-26T10:45:00Z,47,32.5,,,Provisional/Provisoire,,
05EA001,2026-07-26T10:50:00Z,47,32.4,,,Provisional/Provisoire,,
05EA001,2026-07-26T10:55:00Z,47,32.4,,,Provisional/Provisoire,,
05EA001,2026-07-26T11:00:00Z,47,32.6,,,Provisional/Provisoire,,
05EA001,2026-07-26T11:05:00Z,47,32.6,,,Provisional/Provisoire,,
05EA001,2026-07-26T11:10:00Z,47,32.5,,,Provisional/Provisoire,,
05EA001,2026-07-26T11:15:00Z,47,32.6,,,Provisional/Provisoire,,
05EA001,2026-07-26T11:20:00Z,47,32.5,,,Provisional/Provisoire,,
05EA001,2026-07-26T11:25:00Z,47,32.6,,,Provisional/Provisoire,,
05EA001,2026-07-26T11:30:00Z,47,32.6,,,Provisional/Provisoire,,
05EA001,2026-07-26T11:35:00Z,47,32.6,,,Provisional/Provisoire,,
05EA001,2026-07-26T11:40:00Z,47,32.5,,,Provisional/Provisoire,,
05EA001,2026-07-26T11:45:00Z,47,32.7,,,Provisional/Provisoire,,
05EA001,2026-07-26T11:50:00Z,47,32.6,,,Provisional/Provisoire,,
05EA001,2026-07-26T11:55:00Z,47,32.8,,,Provisional/Provisoire,,
05EA001,2026-07-26T12:00:00Z,47,32.7,,,Provisional/Provisoire,,
05EA001,2026-07-26T12:05:00Z,47,32.8,,,Provisional/Provisoire,,
05EA001,2026-07-26T12:10:00Z,47,32.8,,,Provisional/Provisoire,,
05EA001,2026-07-26T12:15:00Z,47,32.7,,,Provisional/Provisoire,,
05EA001,2026-07-26T12:20:00Z,47,33.0,,,Provisional/Provisoire,,
05EA001,2026-07-26T12:25:00Z,47,33.0,,,Provisional/Provisoire,,
05EA001,2026-07-26T12:30:00Z,47,32.9,,,Provisional/Provisoire,,
05EA001,2026-07-26T12:35:00Z,47,32.9,,,Provisional/Provisoire,,
05EA001,2026-07-26T12:40:00Z,47,33.1,,,Provisional/Provisoire,,
05EA001,2026-07-26T12:45:00Z,47,32.9,,,Provisional/Provisoire,,
05EA001,2026-07-26T12:50:00Z,47,32.9,,,Provisional/Provisoire,,
05EA001,2026-07-26T12:55:00Z,47,33.1,,,Provisional/Provisoire,,
05EA001,2026-07-26T13:00:00Z,47,33.0,,,Provisional/Provisoire,,
05EA001,2026-07-26T13:05:00Z,47,33.2,,,Provisional/Provisoire,,
05EA001,2026-07-26T13:10:00Z,47,33.1,,,Provisional/Provisoire,,
05EA001,2026-07-26T13:15:00Z,47,33.2,,,Provisional/Provisoire,,
05EA001,2026-07-26T13:20:00Z,47,33.2,,,Provisional/Provisoire,,
05EA001,2026-07-26T13:25:00Z,47,33.2,,,Provisional/Provisoire,,
05EA001,2026-07-26T13:30:00Z,47,33.1,,,Provisional/Provisoire,,
05EA001,2026-07-26T13:35:00Z,47,33.3,,,Provisional/Provisoire,,
05EA001,2026-07-26T13:40:00Z,47,33.3,,,Provisional/Provisoire,,
05EA001,2026-07-26T13:45:00Z,47,33.3,,,Provisional/Provisoire,,
05EA001,2026-07-26T13:50:00Z,47,33.3,,,Provisional/Provisoire,,
05EA001,2026-07-26T13:55:00Z,47,33.3,,,Provisional/Provisoire,,
05EA001,2026-07-26T14:00:00Z,47,33.4,,,Provisional/Provisoire,,
05EA001,2026-07-26T14:05:00Z,47,33.4,,,Provisional/Provisoire,,
05EA001,2026-07-26T14:10:00Z,47,33.5,,,Provisional/Provisoire,,
05EA001,2026-07-26T14:15:00Z,47,33.5,,,Provisional/Provisoire,,
05EA001,2026-07-26T14:20:00Z,47,33.4,,,Provisional/Provisoire,,
05EA001,2026-07-26T14:25:00Z,47,33.6,,,Provisional/Provisoire,,
05EA001,2026-07-26T14:30:00Z,47,33.5,,,Provisional/Provisoire,,
05EA001,2026-07-26T14:35:00Z,47,33.5,,,Provisional/Provisoire,,
05EA001,2026-07-26T14:40:00Z,47,33.7,,,Provisional/Provisoire,,
05EA001,2026-07-26T14:45:00Z,47,33.5,,,Provisional/Provisoire,,
05EA001,2026-07-26T14:50:00Z,47,33.7,,,Provisional/Provisoire,,
05EA001,2026-07-26T14:55:00Z,47,33.7,,,Provisional/Provisoire,,
05EA001,2026-07-26T15:00:00Z,47,33.8,,,Provisional/Provisoire,,
05EA001,2026-07-26T15:05:00Z,47,33.9,,,Provisional/Provisoire,,
05EA001,2026-07-26T15:10:00Z,47,34.0,,,Provisional/Provisoire,,
05EA001,2026-07-26T15:15:00Z,47,34.0,,,Provisional/Provisoire,,
05EA001,2026-07-26T15:20:00Z,47,33.9,,,Provisional/Provisoire,,
05EA001,2026-07-26T15:25:00Z,47,34.0,,,Provisional/Provisoire,,
05EA001,2026-07-26T15:30:00Z,47,34.0,,,Provisional/Provisoire,,
05EA001,2026-07-26T15:35:00Z,47,34.0,,,Provisional/Provisoire,,
05EA001,2026-07-26T15:40:00Z,47,34.1,,,Provisional/Provisoire,,
05EA001,2026-07-26T15:45:00Z,47,34.0,,,Provisional/Provisoire,,
05EA001,2026-07-26T15:50:00Z,47,34.1,,,Provisional/Provisoire,,
05EA001,2026-07-26T15:55:00Z,47,34.2,,,Provisional/Provisoire,,
05EA001,2026-07-26T16:00:00Z,47,34.1,,,Provisional/Provisoire,,
05EA001,2026-07-26T16:05:00Z,47,34.3,,,Provisional/Provisoire,,
05EA001,2026-07-26T16:10:00Z,47,34.2,,,Provisional/Provisoire,,
05EA001,2026-07-26T16:15:00Z,47,34.3,,,Provisional/Provisoire,,
05EA001,2026-07-26T16:20:00Z,47,34.3,,,Provisional/Provisoire,,
05EA001,2026-07-26T16:25:00Z,47,34.3,,,Provisional/Provisoire,,
05EA001,2026-07-26T16:30:00Z,47,34.3,,,Provisional/Provisoire,,
05EA001,2026-07-26T16:35:00Z,47,34.2,,,Provisional/Provisoire,,
05EA001,2026-07-26T16:40:00Z,47,34.4,,,Provisional/Provisoire,,
05EA001,2026-07-26T16:45:00Z,47,34.6,,,Provisional/Provisoire,,
05EA001,2026-07-26T16:50:00Z,47,34.4,,,Provisional/Provisoire,,
05EA001,2026-07-26T16:55:00Z,47,34.5,,,Provisional/Provisoire,,
05EA001,2026-07-26T17:00:00Z,47,34.6,,,Provisional/Provisoire,,
05EA001,2026-07-26T17:05:00Z,47,34.5,,,Provisional/Provisoire,,
05EA001,2026-07-26T17:10:00Z,47,34.7,,,Provisional/Provisoire,,
05EA001,2026-07-26T17:15:00Z,47,34.6,,,Provisional/Provisoire,,
05EA001,2026-07-26T17:20:00Z,47,34.6,,,Provisional/Provisoire,,
05EA001,2026-07-26T17:25:00Z,47,34.8,,,Provisional/Provisoire,,
05EA001,2026-07-26T17:30:00Z,47,34.7,,,Provisional/Provisoire,,
05EA001,2026-07-26T17:35:00Z,47,34.8,,,Provisional/Provisoire,,
05EA001,2026-07-26T17:40:00Z,47,34.9,,,Provisional/Provisoire,,
05EA001,2026-07-26T17:45:00Z,47,34.8,,,Provisional/Provisoire,,
05EA001,2026-07-26T17:50:00Z,47,34.8,,,Provisional/Provisoire,,
05EA001,2026-07-26T17:55:00Z,47,34.6,,,Provisional/Provisoire,,
05EA001,2026-07-26T18:00:00Z,47,34.8,,,Provisional/Provisoire,,
05EA001,2026-07-26T18:05:00Z,47,34.9,,,Provisional/Provisoire,,
05EA001,2026-07-26T18:10:00Z,47,35.0,,,Provisional/Provisoire,,
05EA001,2026-07-26T18:15:00Z,47,35.0,,,Provisional/Provisoire,,
05EA001,2026-07-26T18:20:00Z,47,34.9,,,Provisional/Provisoire,,
05EA001,2026-07-26T18:25:00Z,47,34.9,,,Provisional/Provisoire,,
05EA001,2026-07-26T18:30:00Z,47,34.8,,,Provisional/Provisoire,,
05EA001,2026-07-26T18:35:00Z,47,35.1,,,Provisional/Provisoire,,
05EA001,2026-07-26T18:40:00Z,47,35.0,,,Provisional/Provisoire,,
05EA001,2026-07-26T18:45:00Z,47,35.1,,,Provisional/Provisoire,,
05EA001,2026-07-26T18:50:00Z,47,35.0,,,Provisional/Provisoire,,
05EA001,2026-07-26T18:55:00Z,47,35.1,,,Provisional/Provisoire,,
05EA001,2026-07-26T19:00:00Z,47,35.1,,,Provisional/Provisoire,,
05EA001,2026-07-26T19:05:00Z,47,35.1,,,Provisional/Provisoire,,
05EA001,2026-07-26T19:10:00Z,47,35.1,,,Provisional/Provisoire,,
05EA001,2026-07-26T19:15:00Z,47,35.1,,,Provisional/Provisoire,,
05EA001,2026-07-26T19:20:00Z,47,35.1,,,Provisional/Provisoire,,
05EA001,2026-07-26T19:25:00Z,47,35.1,,,Provisional/Provisoire,,
05EA001,2026-07-26T19:30:00Z,47,35.2,,,Provisional/Provisoire,,
05EA001,2026-07-26T19:35:00Z,47,35.3,,,Provisional/Provisoire,,
05EA001,2026-07-26T19:40:00Z,47,35.2,,,Provisional/Provisoire,,
05EA001,2026-07-26T19:45:00Z,47,35.2,,,Provisional/Provisoire,,
05EA001,2026-07-26T19:50:00Z,47,35.1,,,Provisional/Provisoire,,
05EA001,2026-07-26T19:55:00Z,47,35.1,,,Provisional/Provisoire,,
05EA001,2026-07-26T20:00:00Z,47,35.1,,,Provisional/Provisoire,,
05EA001,2026-07-26T20:05:00Z,47,35.0,,,Provisional/Provisoire,,
05EA001,2026-07-26T20:10:00Z,47,35.2,,,Provisional/Provisoire,,
05EA001,2026-07-26T20:15:00Z,47,35.1,,,Provisional/Provisoire,,
05EA001,2026-07-26T20:20:00Z,47,35.3,,,Provisional/Provisoire,,
05EA001,2026-07-26T20:25:00Z,47,35.1,,,Provisional/Provisoire,,
05EA001,2026-07-26T20:30:00Z,47,35.1,,,Provisional/Provisoire,,
05EA001,2026-07-26T20:35:00Z,47,35.3,,,Provisional/Provisoire,,
05EA001,2026-07-26T20:40:00Z,47,35.3,,,Provisional/Provisoire,,
05EA001,2026-07-26T20:45:00Z,47,35.1,,,Provisional/Provisoire,,
05EA001,2026-07-26T20:50:00Z,47,35.2,,,Provisional/Provisoire,,
05EA001,2026-07-26T20:55:00Z,47,35.3,,,Provisional/Provisoire,,
05EA001,2026-07-26T21:00:00Z,47,35.3,,,Provisional/Provisoire,,
05EA001,2026-07-26T21:05:00Z,47,35.4,,,Provisional/Provisoire,,
05EA001,2026-07-26T21:10:00Z,47,35.3,,,Provisional/Provisoire,,
05EA001,2026-07-26T21:15:00Z,47,35.1,,,Provisional/Provisoire,,
05EA001,2026-07-26T21:20:00Z,47,35.2,,,Provisional/Provisoire,,
05EA001,2026-07-26T21:25:00Z,47,35.4,,,Provisional/Provisoire,,
05EA001,2026-07-26T21:30:00Z,47,35.3,,,Provisional/Provisoire,,
05EA001,2026-07-26T21:35:00Z,47,35.2,,,Provisional/Provisoire,,
05EA001,2026-07-26T21:40:00Z,47,35.1,,,Provisional/Provisoire,,
05EA001,2026-07-26T21:45:00Z,47,35.2,,,Provisional/Provisoire,,
05EA001,2026-07-26T21:50:00Z,47,35.3,,,Provisional/Provisoire,,
05EA001,2026-07-26T21:55:00Z,47,35.3,,,Provisional/Provisoire,,
05EA001,2026-07-26T22:00:00Z,47,35.4,,,Provisional/Provisoire,,
05EA001,2026-07-26T22:05:00Z,47,35.2,,,Provisional/Provisoire,,
05EA001,2026-07-26T22:10:00Z,47,35.3,,,Provisional/Provisoire,,
05EA001,2026-07-26T22:15:00Z,47,35.2,,,Provisional/Provisoire,,
05EA001,2026-07-26T22:20:00Z,47,35.4,,,Provisional/Provisoire,,
05EA001,2026-07-26T22:25:00Z,47,35.4,,,Provisional/Provisoire,,
05EA001,2026-07-26T22:30:00Z,47,35.4,,,Provisional/Provisoire,,
05EA001,2026-07-26T22:35:00Z,47,35.3,,,Provisional/Provisoire,,
05EA001,2026-07-26T22:40:00Z,47,35.4,,,Provisional/Provisoire,,
05EA001,2026-07-26T22:45:00Z,47,35.2,,,Provisional/Provisoire,,
05EA001,2026-07-26T22:50:00Z,47,35.3,,,Provisional/Provisoire,,
05EA001,2026-07-26T22:55:00Z,47,35.5,,,Provisional/Provisoire,,
05EA001,2026-07-26T23:00:00Z,47,35.5,,,Provisional/Provisoire,,
05EA001,2026-07-26T23:05:00Z,47,35.3,,,Provisional/Provisoire,,
05EA001,2026-07-26T23:10:00Z,47,35.4,,,Provisional/Provisoire,,
05EA001,2026-07-26T23:15:00Z,47,35.2,,,Provisional/Provisoire,,
05EA001,2026-07-26T23:20:00Z,47,35.3,,,Provisional/Provisoire,,
05EA001,2026-07-26T23:25:00Z,47,35.3,,,Provisional/Provisoire,,
05EA001,2026-07-26T23:30:00Z,47,35.6,,,Provisional/Provisoire,,
05EA001,2026-07-26T23:35:00Z,47,35.3,,,Provisional/Provisoire,,
05EA001,2026-07-26T23:40:00Z,47,35.4,,,Provisional/Provisoire,,
05EA001,2026-07-26T23:45:00Z,47,35.4,,,Provisional/Provisoire,,
05EA001,2026-07-26T23:50:00Z,47,35.2,,,Provisional/Provisoire,,
05EA001,2026-07-26T23:55:00Z,47,35.2,,,Provisional/Provisoire,,
05EA001,2026-07-27T00:00:00Z,47,35.2,,,Provisional/Provisoire,,
05EA001,2026-07-27T00:05:00Z,47,35.4,,,Provisional/Provisoire,,
05EA001,2026-07-27T00:10:00Z,47,35.3,,,Provisional/Provisoire,,
05EA001,2026-07-27T00:15:00Z,47,35.4,,,Provisional/Provisoire,,
05EA001,2026-07-27T00:20:00Z,47,35.5,,,Provisional/Provisoire,,
05EA001,2026-07-27T00:25:00Z,47,35.4,,,Provisional/Provisoire,,
05EA001,2026-07-27T00:30:00Z,47,35.3,,,Provisional/Provisoire,,
05EA001,2026-07-27T00:35:00Z,47,35.5,,,Provisional/Provisoire,,
05EA001,2026-07-27T00:40:00Z,47,35.5,,,Provisional/Provisoire,,
05EA001,2026-07-27T00:45:00Z,47,35.4,,,Provisional/Provisoire,,
05EA001,2026-07-27T00:50:00Z,47,35.4,,,Provisional/Provisoire,,
05EA001,2026-07-27T00:55:00Z,47,35.4,,,Provisional/Provisoire,,
05EA001,2026-07-27T01:00:00Z,47,35.4,,,Provisional/Provisoire,,
05EA001,2026-07-27T01:05:00Z,47,35.4,,,Provisional/Provisoire,,
05EA001,2026-07-27T01:10:00Z,47,35.4,,,Provisional/Provisoire,,
05EA001,2026-07-27T01:15:00Z,47,35.3,,,Provisional/Provisoire,,
05EA001,2026-07-27T01:20:00Z,47,35.2,,,Provisional/Provisoire,,
05EA001,2026-07-27T01:25:00Z,47,35.2,,,Provisional/Provisoire,,
05EA001,2026-07-27T01:30:00Z,47,35.2,,,Provisional/Provisoire,,
05EA001,2026-07-27T01:35:00Z,47,35.4,,,Provisional/Provisoire,,
05EA001,2026-07-27T01:40:00Z,47,35.3,,,Provisional/Provisoire,,
05EA001,2026-07-27T01:45:00Z,47,35.4,,,Provisional/Provisoire,,
05EA001,2026-07-27T01:50:00Z,47,35.2,,,Provisional/Provisoire,,
05EA001,2026-07-27T01:55:00Z,47,35.2,,,Provisional/Provisoire,,
05EA001,2026-07-27T02:00:00Z,47,35.4,,,Provisional/Provisoire,,
05EA001,2026-07-27T02:05:00Z,47,35.3,,,Provisional/Provisoire,,
05EA001,2026-07-27T02:10:00Z,47,35.3,,,Provisional/Provisoire,,
05EA001,2026-07-27T02:15:00Z,47,35.3,,,Provisional/Provisoire,,
05EA001,2026-07-27T02:20:00Z,47,35.3,,,Provisional/Provisoire,,
05EA001,2026-07-27T02:25:00Z,47,35.4,,,Provisional/Provisoire,,
05EA001,2026-07-27T02:30:00Z,47,35.2,,,Provisional/Provisoire,,
05EA001,2026-07-27T02:35:00Z,47,35.5,,,Provisional/Provisoire,,
05EA001,2026-07-27T02:40:00Z,47,35.4,,,Provisional/Provisoire,,
05EA001,2026-07-27T02:45:00Z,47,35.4,,,Provisional/Provisoire,,
05EA001,2026-07-27T02:50:00Z,47,35.3,,,Provisional/Provisoire,,
05EA001,2026-07-27T02:55:00Z,47,35.5,,,Provisional/Provisoire,,
05EA001,2026-07-27T03:00:00Z,47,35.4,,,Provisional/Provisoire,,
05EA001,2026-07-27T03:05:00Z,47,35.4,,,Provisional/Provisoire,,
05EA001,2026-07-27T03:10:00Z,47,35.2,,,Provisional/Provisoire,,
05EA001,2026-07-27T03:15:00Z,47,35.2,,,Provisional/Provisoire,,
05EA001,2026-07-27T03:20:00Z,47,35.4,,,Provisional/Provisoire,,
05EA001,2026-07-27T03:25:00Z,47,35.4,,,Provisional/Provisoire,,
05EA001,2026-07-27T03:30:00Z,47,35.4,,,Provisional/Provisoire,,
05EA001,2026-07-27T03:35:00Z,47,35.1,,,Provisional/Provisoire,,
05EA001,2026-07-27T03:40:00Z,47,35.3,,,Provisional/Provisoire,,
05EA001,2026-07-27T03:45:00Z,47,35.2,,,Provisional/Provisoire,,
05EA001,2026-07-27T03:50:00Z,47,35.3,,,Provisional/Provisoire,,
05EA001,2026-07-27T03:55:00Z,47,35.4,,,Provisional/Provisoire,,
05EA001,2026-07-27T04:00:00Z,47,35.2,,,Provisional/Provisoire,,
05EA001,2026-07-27T04:05:00Z,47,35.4,,,Provisional/Provisoire,,
05EA001,2026-07-27T04:10:00Z,47,35.4,,,Provisional/Provisoire,,
05EA001,2026-07-27T04:15:00Z,47,35.3,,,Provisional/Provisoire,,
05EA001,2026-07-27T04:20:00Z,47,35.3,,,Provisional/Provisoire,,
05EA001,2026-07-27T04:25:00Z,47,35.4,,,Provisional/Provisoire,,
05EA001,2026-07-27T04:30:00Z,47,35.2,,,Provisional/Provisoire,,
05EA001,2026-07-27T04:35:00Z,47,35.2,,,Provisional/Provisoire,,
05EA001,2026-07-27T04:40:00Z,47,35.2,,,Provisional/Provisoire,,
05EA001,2026-07-27T04:45:00Z,47,35.2,,,Provisional/Provisoire,,
05EA001,2026-07-27T04:50:00Z,47,35.2,,,Provisional/Provisoire,,
05EA001,2026-07-27T04:55:00Z,47,35.2,,,Provisional/Provisoire,,
05EA001,2026-07-27T05:00:00Z,47,35.2,,,Provisional/Provisoire,,
05EA001,2026-07-27T05:05:00Z,47,35.1,,,Provisional/Provisoire,,
05EA001,2026-07-27T05:10:00Z,47,35.4,,,Provisional/Provisoire,,
05EA001,2026-07-27T05:15:00Z,47,35.2,,,Provisional/Provisoire,,
05EA001,2026-07-27T05:20:00Z,47,35.1,,,Provisional/Provisoire,,
05EA001,2026-07-27T05:25:00Z,47,35.1,,,Provisional/Provisoire,,
05EA001,2026-07-27T05:30:00Z,47,35.2,,,Provisional/Provisoire,,
05EA001,2026-07-27T05:35:00Z,47,35.1,,,Provisional/Provisoire,,
05EA001,2026-07-27T05:40:00Z,47,35.1,,,Provisional/Provisoire,,
05EA001,2026-07-27T05:45:00Z,47,35.0,,,Provisional/Provisoire,,
05EA001,2026-07-27T05:50:00Z,47,35.1,,,Provisional/Provisoire,,
05EA001,2026-07-27T05:55:00Z,47,35.0,,,Provisional/Provisoire,,
05EA001,2026-07-27T06:00:00Z,47,35.2,,,Provisional/Provisoire,,
05EA001,2026-07-27T06:05:00Z,47,35.1,,,Provisional/Provisoire,,
05EA001,2026-07-27T06:10:00Z,47,35.1,,,Provisional/Provisoire,,
05EA001,2026-07-27T06:15:00Z,47,35.2,,,Provisional/Provisoire,,
05EA001,2026-07-27T06:20:00Z,47,35.1,,,Provisional/Provisoire,,
05EA001,2026-07-27T06:25:00Z,47,35.0,,,Provisional/Provisoire,,
05EA001,2026-07-27T06:30:00Z,47,35.2,,,Provisional/Provisoire,,
05EA001,2026-07-27T06:35:00Z,47,35.2,,,Provisional/Provisoire,,
05EA001,2026-07-27T06:40:00Z,47,35.0,,,Provisional/Provisoire,,
05EA001,2026-07-27T06:45:00Z,47,35.0,,,Provisional/Provisoire,,
05EA001,2026-07-27T06:50:00Z,47,35.2,,,Provisional/Provisoire,,
05EA001,2026-07-27T06:55:00Z,47,35.1,,,Provisional/Provisoire,,
05EA001,2026-07-27T07:00:00Z,47,34.9,,,Provisional/Provisoire,,
05EA001,2026-07-27T07:05:00Z,47,35.1,,,Provisional/Provisoire,,
05EA001,2026-07-27T07:10:00Z,47,35.2,,,Provisional/Provisoire,,
05EA001,2026-07-27T07:15:00Z,47,34.9,,,Provisional/Provisoire,,
05EA001,2026-07-27T07:20:00Z,47,35.1,,,Provisional/Provisoire,,
05EA001,2026-07-27T07:25:00Z,47,35.1,,,Provisional/Provisoire,,
05EA001,2026-07-27T07:30:00Z,47,35.1,,,Provisional/Provisoire,,
05EA001,2026-07-27T07:35:00Z,47,35.1,,,Provisional/Provisoire,,
05EA001,2026-07-27T07:40:00Z,47,34.8,,,Provisional/Provisoire,,
05EA001,2026-07-27T07:45:00Z,47,34.9,,,Provisional/Provisoire,,
05EA001,2026-07-27T07:50:00Z,47,34.9,,,Provisional/Provisoire,,
05EA001,2026-07-27T07:55:00Z,47,35.1,,,Provisional/Provisoire,,
05EA001,2026-07-27T08:00:00Z,47,35.1,,,Provisional/Provisoire,,
05EA001,2026-07-27T08:05:00Z,47,35.1,,,Provisional/Provisoire,,
05EA001,2026-07-27T08:10:00Z,47,34.8,,,Provisional/Provisoire,,
05EA001,2026-07-27T08:15:00Z,47,34.9,,,Provisional/Provisoire,,
05EA001,2026-07-27T08:20:00Z,47,34.9,,,Provisional/Provisoire,,
05EA001,2026-07-27T08:25:00Z,47,35.1,,,Provisional/Provisoire,,
05EA001,2026-07-27T08:30:00Z,47,35.1,,,Provisional/Provisoire,,
05EA001,2026-07-27T08:35:00Z,47,35.0,,,Provisional/Provisoire,,
05EA001,2026-07-27T08:40:00Z,47,34.9,,,Provisional/Provisoire,,
05EA001,2026-07-27T08:45:00Z,47,34.9,,,Provisional/Provisoire,,
05EA001,2026-07-27T08:50:00Z,47,34.7,,,Provisional/Provisoire,,
05EA001,2026-07-27T08:55:00Z,47,34.9,,,Provisional/Provisoire,,
05EA001,2026-07-27T09:00:00Z,47,34.9,,,Provisional/Provisoire,,
05EA001,2026-07-27T09:05:00Z,47,35.0,,,Provisional/Provisoire,,
05EA001,2026-07-27T09:10:00Z,47,34.8,,,Provisional/Provisoire,,
05EA001,2026-07-27T09:15:00Z,47,34.8,,,Provisional/Provisoire,,
05EA001,2026-07-27T09:20:00Z,47,35.0,,,Provisional/Provisoire,,
05EA001,2026-07-27T09:25:00Z,47,34.9,,,Provisional/Provisoire,,
05EA001,2026-07-27T09:30:00Z,47,34.9,,,Provisional/Provisoire,,
05EA001,2026-07-27T09:35:00Z,47,34.9,,,Provisional/Provisoire,,
05EA001,2026-07-27T09:40:00Z,47,34.6,,,Provisional/Provisoire,,
05EA001,2026-07-27T09:45:00Z,47,34.7,,,Provisional/Provisoire,,
05EA001,2026-07-27T09:50:00Z,47,34.9,,,Provisional/Provisoire,,
05EA001,2026-07-27T09:55:00Z,47,34.7,,,Provisional/Provisoire,,
05EA001,2026-07-27T10:00:00Z,47,34.8,,,Provisional/Provisoire,,
05EA001,2026-07-27T10:05:00Z,47,34.7,,,Provisional/Provisoire,,
05EA001,2026-07-27T10:10:00Z,47,34.7,,,Provisional/Provisoire,,
05EA001,2026-07-27T10:15:00Z,47,34.8,,,Provisional/Provisoire,,
05EA001,2026-07-27T10:20:00Z,47,34.7,,,Provisional/Provisoire,,
05EA001,2026-07-27T10:25:00Z,47,34.6,,,Provisional/Provisoire,,
05EA001,2026-07-27T10:30:00Z,47,34.6,,,Provisional/Provisoire,,
05EA001,2026-07-27T10:35:00Z,47,34.6,,,Provisional/Provisoire,,
05EA001,2026-07-27T10:40:00Z,47,34.6,,,Provisional/Provisoire,,
05EA001,2026-07-27T10:45:00Z,47,34.8,,,Provisional/Provisoire,,
05EA001,2026-07-27T10:50:00Z,47,34.4,,,Provisional/Provisoire,,
05EA001,2026-07-27T10:55:00Z,47,34.3,,,Provisional/Provisoire,,
05EA001,2026-07-27T11:00:00Z,47,34.5,,,Provisional/Provisoire,,
05EA001,2026-07-27T11:05:00Z,47,34.5,,,Provisional/Provisoire,,
05EA001,2026-07-27T11:10:00Z,47,34.5,,,Provisional/Provisoire,,
05EA001,2026-07-27T11:15:00Z,47,34.5,,,Provisional/Provisoire,,
05EA001,2026-07-27T11:20:00Z,47,34.5,,,Provisional/Provisoire,,
05EA001,2026-07-27T11:25:00Z,47,34.5,,,Provisional/Provisoire,,
05EA001,2026-07-27T11:30:00Z,47,34.3,,,Provisional/Provisoire,,
05EA001,2026-07-27T11:35:00Z,47,34.4,,,Provisional/Provisoire,,
05EA001,2026-07-27T11:40:00Z,47,34.3,,,Provisional/Provisoire,,
05EA001,2026-07-27T11:45:00Z,47,34.3,,,Provisional/Provisoire,,
05EA001,2026-07-27T11:50:00Z,47,34.3,,,Provisional/Provisoire,,
05EA001,2026-07-27T11:55:00Z,47,34.3,,,Provisional/Provisoire,,
05EA001,2026-07-27T12:00:00Z,47,34.2,,,Provisional/Provisoire,,
05EA001,2026-07-27T12:05:00Z,47,34.3,,,Provisional/Provisoire,,
05EA001,2026-07-27T12:10:00Z,47,34.2,,,Provisional/Provisoire,,
05EA001,2026-07-27T12:15:00Z,47,34.1,,,Provisional/Provisoire,,
05EA001,2026-07-27T12:20:00Z,47,34.2,,,Provisional/Provisoire,,
05EA001,2026-07-27T12:25:00Z,47,34.2,,,Provisional/Provisoire,,
05EA001,2026-07-27T12:30:00Z,47,34.1,,,Provisional/Provisoire,,
05EA001,2026-07-27T12:35:00Z,47,34.2,,,Provisional/Provisoire,,
05EA001,2026-07-27T12:40:00Z,47,34.2,,,Provisional/Provisoire,,
05EA001,2026-07-27T12:45:00Z,47,34.2,,,Provisional/Provisoire,,
05EA001,2026-07-27T12:50:00Z,47,34.0,,,Provisional/Provisoire,,
05EA001,2026-07-27T12:55:00Z,47,34.1,,,Provisional/Provisoire,,
05EA001,2026-07-27T13:00:00Z,47,34.3,,,Provisional/Provisoire,,
05EA001,2026-07-27T13:05:00Z,47,34.1,,,Provisional/Provisoire,,
05EA001,2026-07-27T13:10:00Z,47,34.2,,,Provisional/Provisoire,,
05EA001,2026-07-27T13:15:00Z,47,34.2,,,Provisional/Provisoire,,
05EA001,2026-07-27T13:20:00Z,47,34.0,,,Provisional/Provisoire,,
05EA001,2026-07-27T13:25:00Z,47,33.9,,,Provisional/Provisoire,,
05EA001,2026-07-27T13:30:00Z,47,34.0,,,Provisional/Provisoire,,
05EA001,2026-07-27T13:35:00Z,47,33.8,,,Provisional/Provisoire,,
05EA001,2026-07-27T13:40:00Z,47,34.0,,,Provisional/Provisoire,,
05EA001,2026-07-27T13:45:00Z,47,33.7,,,Provisional/Provisoire,,
05EA001,2026-07-27T13:50:00Z,47,33.9,,,Provisional/Provisoire,,
05EA001,2026-07-27T13:55:00Z,47,33.8,,,Provisional/Provisoire,,
05EA001,2026-07-27T14:00:00Z,47,33.7,,,Provisional/Provisoire,,
05EA001,2026-07-27T14:05:00Z,47,33.8,,,Provisional/Provisoire,,
05EA001,2026-07-27T14:10:00Z,47,33.6,,,Provisional/Provisoire,,
05EA001,2026-07-27T14:15:00Z,47,33.5,,,Provisional/Provisoire,,
05EA001,2026-07-27T14:20:00Z,47,33.6,,,Provisional/Provisoire,,
05EA001,2026-07-27T14:25:00Z,47,33.7,,,Provisional/Provisoire,,
05EA001,2026-07-27T14:30:00Z,47,33.5,,,Provisional/Provisoire,,
05EA001,2026-07-27T14:35:00Z,47,33.6,,,Provisional/Provisoire,,
05EA001,2026-07-27T14:40:00Z,47,33.6,,,Provisional/Provisoire,,
05EA001,2026-07-27T14:45:00Z,47,33.5,,,Provisional/Provisoire,,
05EA001,2026-07-27T14:50:00Z,47,33.6,,,Provisional/Provisoire,,
05EA001,2026-07-27T14:55:00Z,47,33.6,,,Provisional/Provisoire,,
05EA001,2026-07-27T15:00:00Z,47,33.4,,,Provisional/Provisoire,,
05EA001,2026-07-27T15:05:00Z,47,33.5,,,Provisional/Provisoire,,
05EA001,2026-07-27T15:10:00Z,47,33.3,,,Provisional/Provisoire,,
05EA001,2026-07-27T15:15:00Z,47,33.5,,,Provisional/Provisoire,,
05EA001,2026-07-27T15:20:00Z,47,33.5,,,Provisional/Provisoire,,
05EA001,2026-07-27T15:25:00Z,47,33.5,,,Provisional/Provisoire,,
05EA001,2026-07-27T15:30:00Z,47,33.2,,,Provisional/Provisoire,,
05EA001,2026-07-27T15:35:00Z,47,33.3,,,Provisional/Provisoire,,
05EA001,2026-07-27T15:40:00Z,47,33.2,,,Provisional/Provisoire,,
05EA001,2026-07-27T15:45:00Z,47,33.4,,,Provisional/Provisoire,,
05EA001,2026-07-27T15:50:00Z,47,33.3,,,Provisional/Provisoire,,
05EA001,2026-07-27T15:55:00Z,47,33.3,,,Provisional/Provisoire,,
05EA001,2026-07-27T16:00:00Z,47,33.4,,,Provisional/Provisoire,,
05EA001,2026-07-27T16:05:00Z,47,33.3,,,Provisional/Provisoire,,
05EA001,2026-07-27T16:10:00Z,47,33.2,,,Provisional/Provisoire,,
05EA001,2026-07-27T16:15:00Z,47,33.3,,,Provisional/Provisoire,,
05EA001,2026-07-27T16:20:00Z,47,33.3,,,Provisional/Provisoire,,
05EA001,2026-07-27T16:25:00Z,47,33.2,,,Provisional/Provisoire,,
05EA001,2026-07-27T16:30:00Z,47,33.2,,,Provisional/Provisoire,,
05EA001,2026-07-27T16:35:00Z,47,33.2,,,Provisional/Provisoire,,
05EA001,2026-07-27T16:40:00Z,47,33.1,,,Provisional/Provisoire,,
05EA001,2026-07-27T16:45:00Z,47,33.2,,,Provisional/Provisoire,,
05EA001,2026-07-27T16:50:00Z,47,33.1,,,Provisional/Provisoire,,
05EA001,2026-07-27T16:55:00Z,47,33.2,,,Provisional/Provisoire,,
05EA001,2026-07-27T17:00:00Z,47,33.1,,,Provisional/Provisoire,,
05EA001,2026-07-27T17:05:00Z,47,33.0,,,Provisional/Provisoire,,
05EA001,2026-07-27T17:10:00Z,47,32.9,,,Provisional/Provisoire,,
05EA001,2026-07-27T17:15:00Z,47,32.9,,,Provisional/Provisoire,,
05EA001,2026-07-27T17:20:00Z,47,32.7,,,Provisional/Provisoire,,
05EA001,2026-07-27T17:25:00Z,47,32.9,,,Provisional/Provisoire,,
05EA001,2026-07-27T17:30:00Z,47,32.8,,,Provisional/Provisoire,,
05EA001,2026-07-27T17:35:00Z,47,32.9,,,Provisional/Provisoire,,
05EA001,2026-07-27T17:40:00Z,47,32.9,,,Provisional/Provisoire,,
05EA001,2026-07-27T17:45:00Z,47,32.9,,,Provisional/Provisoire,,
05EA001,2026-07-27T17:50:00Z,47,32.9,,,Provisional/Provisoire,,
05EA001,2026-07-27T17:55:00Z,47,32.8,,,Provisional/Provisoire,,
05EA001,2026-07-27T18:00:00Z,47,33.0,,,Provisional/Provisoire,,
05EA001,2026-07-27T18:05:00Z,47,32.8,,,Provisional/Provisoire,,
05EA001,2026-07-27T18:10:00Z,47,32.9,,,Provisional/Provisoire,,
05EA001,2026-07-27T18:15:00Z,47,32.7,,,Provisional/Provisoire,,
05EA001,2026-07-27T18:20:00Z,47,32.7,,,Provisional/Provisoire,,
05EA001,2026-07-27T18:25:00Z,47,32.7,,,Provisional/Provisoire,,
05EA001,2026-07-27T18:30:00Z,47,32.7,,,Provisional/Provisoire,,
05EA001,2026-07-27T18:35:00Z,47,32.8,,,Provisional/Provisoire,,
05EA001,2026-07-27T18:40:00Z,47,32.8,,,Provisional/Provisoire,,
05EA001,2026-07-27T18:45:00Z,47,32.7,,,Provisional/Provisoire,,
05EA001,2026-07-27T18:50:00Z,47,32.8,,,Provisional/Provisoire,,
05EA001,2026-07-27T18:55:00Z,47,32.8,,,Provisional/Provisoire,,
05EA001,2026-07-27T19:00:00Z,47,32.5,,,Provisional/Provisoire,,
05EA001,2026-07-27T19:05:00Z,47,32.6,,,Provisional/Provisoire,,
05EA001,2026-07-27T19:10:00Z,47,32.5,,,Provisional/Provisoire,,
05EA001,2026-07-27T19:15:00Z,47,32.5,,,Provisional/Provisoire,,
05EA001,2026-07-27T19:20:00Z,47,32.5,,,Provisional/Provisoire,,
05EA001,2026-07-27T19:25:00Z,47,32.5,,,Provisional/Provisoire,,
05EA001,2026-07-27T19:30:00Z,47,32.4,,,Provisional/Provisoire,,
05EA001,2026-07-27T19:35:00Z,47,32.4,,,Provisional/Provisoire,,
05EA001,2026-07-27T19:40:00Z,47,32.4,,,Provisional/Provisoire,,
05EA001,2026-07-27T19:45:00Z,47,32.6,,,Provisional/Provisoire,,
05EA001,2026-07-27T19:50:00Z,47,32.5,,,Provisional/Provisoire,,
05EA001,2026-07-27T19:55:00Z,47,32.5,,,Provisional/Provisoire,,
05EA001,2026-07-27T20:00:00Z,47,32.6,,,Provisional/Provisoire,,
05EA001,2026-07-27T20:05:00Z,47,32.6,,,Provisional/Provisoire,,
05EA001,2026-07-27T20:10:00Z,47,32.6,,,Provisional/Provisoire,,
05EA001,2026-07-27T20:15:00Z,47,32.9,,,Provisional/Provisoire,,
05EA001,2026-07-27T20:20:00Z,47,32.9,,,Provisional/Provisoire,,
05EA001,2026-07-27T20:25:00Z,47,32.9,,,Provisional/Provisoire,,
05EA001,2026-07-27T20:30:00Z,47,32.7,,,Provisional/Provisoire,,
05EA001,2026-07-27T20:35:00Z,47,32.7,,,Provisional/Provisoire,,
05EA001,2026-07-27T20:40:00Z,47,32.9,,,Provisional/Provisoire,,
05EA001,2026-07-27T20:45:00Z,47,32.8,,,Provisional/Provisoire,,
05EA001,2026-07-27T20:50:00Z,47,32.9,,,Provisional/Provisoire,,
05EA001,2026-07-27T20:55:00Z,47,32.6,,,Provisional/Provisoire,,
05EA001,2026-07-27T21:00:00Z,47,32.7,,,Provisional/Provisoire,,
05EA001,2026-07-27T21:05:00Z,47,32.7,,,Provisional/Provisoire,,
05EA001,2026-07-27T21:10:00Z,47,32.7,,,Provisional/Provisoire,,
05EA001,2026-07-27T21:15:00Z,47,32.7,,,Provisional/Provisoire,,
05EA001,2026-07-27T21:20:00Z,47,32.7,,,Provisional/Provisoire,,
05EA001,2026-07-27T21:25:00Z,47,32.9,,,Provisional/Provisoire,,
05EA001,2026-07-27T21:30:00Z,47,32.8,,,Provisional/Provisoire,,
05EA001,2026-07-27T21:35:00Z,47,32.7,,,Provisional/Provisoire,,
05EA001,2026-07-27T21:40:00Z,47,33.0,,,Provisional/Provisoire,,
05EA001,2026-07-27T21:45:00Z,47,32.9,,,Provisional/Provisoire,,
05EA001,2026-07-27T21:50:00Z,47,33.0,,,Provisional/Provisoire,,
05EA001,2026-07-27T21:55:00Z,47,33.0,,,Provisional/Provisoire,,
05EA001,2026-07-27T22:00:00Z,47,33.0,,,Provisional/Provisoire,,
05EA001,2026-07-27T22:05:00Z,47,32.8,,,Provisional/Provisoire,,
05EA001,2026-07-27T22:10:00Z,47,32.6,,,Provisional/Provisoire,,
05EA001,2026-07-27T22:15:00Z,47,32.6,,,Provisional/Provisoire,,
05EA001,2026-07-27T22:20:00Z,47,32.9,,,Provisional/Provisoire,,
05EA001,2026-07-27T22:25:00Z,47,32.9,,,Provisional/Provisoire,,
05EA001,2026-07-27T22:30:00Z,47,32.7,,,Provisional/Provisoire,,
05EA001,2026-07-27T22:35:00Z,47,32.6,,,Provisional/Provisoire,,
05EA001,2026-07-27T22:40:00Z,47,32.9,,,Provisional/Provisoire,,
05EA001,2026-07-27T22:45:00Z,47,32.8,,,Provisional/Provisoire,,
05EA001,2026-07-27T22:50:00Z,47,32.7,,,Provisional/Provisoire,,
05EA001,2026-07-27T22:55:00Z,47,32.8,,,Provisional/Provisoire,,
05EA001,2026-07-27T23:00:00Z,47,32.7,,,Provisional/Provisoire,,
05EA001,2026-07-27T23:05:00Z,47,32.5,,,Provisional/Provisoire,,
05EA001,2026-07-27T23:10:00Z,47,32.5,,,Provisional/Provisoire,,
05EA001,2026-07-27T23:15:00Z,47,32.7,,,Provisional/Provisoire,,
05EA001,2026-07-27T23:20:00Z,47,32.5,,,Provisional/Provisoire,,
05EA001,2026-07-27T23:25:00Z,47,32.7,,,Provisional/Provisoire,,
05EA001,2026-07-27T23:30:00Z,47,32.7,,,Provisional/Provisoire,,
05EA001,2026-07-27T23:35:00Z,47,32.6,,,Provisional/Provisoire,,
05EA001,2026-07-27T23:40:00Z,47,32.5,,,Provisional/Provisoire,,
05EA001,2026-07-27T23:45:00Z,47,32.5,,,Provisional/Provisoire,,
05EA001,2026-07-27T23:50:00Z,47,32.5,,,Provisional/Provisoire,,
05EA001,2026-07-27T23:55:00Z,47,32.6,,,Provisional/Provisoire,,
05EA001,2026-07-28T00:00:00Z,47,32.5,,,Provisional/Provisoire,,
05EA001,2026-07-28T00:05:00Z,47,32.5,,,Provisional/Provisoire,,
05EA001,2026-07-28T00:10:00Z,47,32.4,,,Provisional/Provisoire,,
05EA001,2026-07-28T00:15:00Z,47,32.4,,,Provisional/Provisoire,,
05EA001,2026-07-28T00:20:00Z,47,32.2,,,Provisional/Provisoire,,
05EA001,2026-07-28T00:25:00Z,47,32.3,,,Provisional/Provisoire,,
05EA001,2026-07-28T00:30:00Z,47,32.3,,,Provisional/Provisoire,,
05EA001,2026-07-28T00:35:00Z,47,32.2,,,Provisional/Provisoire,,
05EA001,2026-07-28T00:40:00Z,47,32.3,,,Provisional/Provisoire,,
05EA001,2026-07-28T00:45:00Z,47,32.4,,,Provisional/Provisoire,,
05EA001,2026-07-28T00:50:00Z,47,32.3,,,Provisional/Provisoire,,
05EA001,2026-07-28T00:55:00Z,47,32.1,,,Provisional/Provisoire,,
05EA001,2026-07-28T01:00:00Z,47,32.1,,,Provisional/Provisoire,,
05EA001,2026-07-28T01:05:00Z,47,32.1,,,Provisional/Provisoire,,
05EA001,2026-07-28T01:10:00Z,47,32.2,,,Provisional/Provisoire,,
05EA001,2026-07-28T01:15:00Z,47,32.2,,,Provisional/Provisoire,,
05EA001,2026-07-28T01:20:00Z,47,32.1,,,Provisional/Provisoire,,
05EA001,2026-07-28T01:25:00Z,47,32.1,,,Provisional/Provisoire,,
05EA001,2026-07-28T01:30:00Z,47,32.1,,,Provisional/Provisoire,,
05EA001,2026-07-28T01:35:00Z,47,32.1,,,Provisional/Provisoire,,
05EA001,2026-07-28T01:40:00Z,47,32.0,,,Provisional/Provisoire,,
05EA001,2026-07-28T01:45:00Z,47,32.0,,,Provisional/Provisoire,,
05EA001,2026-07-28T01:50:00Z,47,32.1,,,Provisional/Provisoire,,
05EA001,2026-07-28T01:55:00Z,47,32.0,,,Provisional/Provisoire,,
05EA001,2026-07-28T02:00:00Z,47,32.1,,,Provisional/Provisoire,,
05EA001,2026-07-28T02:05:00Z,47,31.9,,,Provisional/Provisoire,,
05EA001,2026-07-28T02:10:00Z,47,31.9,,,Provisional/Provisoire,,
05EA001,2026-07-28T02:15:00Z,47,31.9,,,Provisional/Provisoire,,
05EA001,2026-07-28T02:20:00Z,47,31.9,,,Provisional/Provisoire,,
05EA001,2026-07-28T02:25:00Z,47,31.9,,,Provisional/Provisoire,,
05EA001,2026-07-28T02:30:00Z,47,31.8,,,Provisional/Provisoire,,
05EA001,2026-07-28T02:35:00Z,47,31.7,,,Provisional/Provisoire,,
05EA001,2026-07-28T02:40:00Z,47,31.9,,,Provisional/Provisoire,,
05EA001,2026-07-28T02:45:00Z,47,31.7,,,Provisional/Provisoire,,
05EA001,2026-07-28T02:50:00Z,47,31.8,,,Provisional/Provisoire,,
05EA001,2026-07-28T02:55:00Z,47,31.8,,,Provisional/Provisoire,,
05EA001,2026-07-28T03:00:00Z,47,31.6,,,Provisional/Provisoire,,
05EA001,2026-07-28T03:05:00Z,47,31.6,,,Provisional/Provisoire,,
05EA001,2026-07-28T03:10:00Z,47,31.7,,,Provisional/Provisoire,,
05EA001,2026-07-28T03:15:00Z,47,31.8,,,Provisional/Provisoire,,
05EA001,2026-07-28T03:20:00Z,47,31.7,,,Provisional/Provisoire,,
05EA001,2026-07-28T03:25:00Z,47,31.6,,,Provisional/Provisoire,,
05EA001,2026-07-28T03:30:00Z,47,31.6,,,Provisional/Provisoire,,
05EA001,2026-07-28T03:35:00Z,47,31.6,,,Provisional/Provisoire,,
05EA001,2026-07-28T03:40:00Z,47,31.5,,,Provisional/Provisoire,,
05EA001,2026-07-28T03:45:00Z,47,31.7,,,Provisional/Provisoire,,
05EA001,2026-07-28T03:50:00Z,47,31.5,,,Provisional/Provisoire,,
05EA001,2026-07-28T03:55:00Z,47,31.6,,,Provisional/Provisoire,,
05EA001,2026-07-28T04:00:00Z,47,31.4,,,Provisional/Provisoire,,
05EA001,2026-07-28T04:05:00Z,47,31.6,,,Provisional/Provisoire,,
05EA001,2026-07-28T04:10:00Z,47,31.4,,,Provisional/Provisoire,,
05EA001,2026-07-28T04:15:00Z,47,31.5,,,Provisional/Provisoire,,
05EA001,2026-07-28T04:20:00Z,47,31.4,,,Provisional/Provisoire,,
05EA001,2026-07-28T04:25:00Z,47,31.6,,,Provisional/Provisoire,,
05EA001,2026-07-28T04:30:00Z,47,31.3,,,Provisional/Provisoire,,
05EA001,2026-07-28T04:35:00Z,47,31.2,,,Provisional/Provisoire,,
05EA001,2026-07-28T04:40:00Z,47,31.3,,,Provisional/Provisoire,,
05EA001,2026-07-28T04:45:00Z,47,31.3,,,Provisional/Provisoire,,
05EA001,2026-07-28T04:50:00Z,47,31.3,,,Provisional/Provisoire,,
05EA001,2026-07-28T04:55:00Z,47,31.2,,,Provisional/Provisoire,,
05EA001,2026-07-28T05:00:00Z,47,31.4,,,Provisional/Provisoire,,
05EA001,2026-07-28T05:05:00Z,47,31.3,,,Provisional/Provisoire,,
05EA001,2026-07-28T05:10:00Z,47,31.3,,,Provisional/Provisoire,,
05EA001,2026-07-28T05:15:00Z,47,31.2,,,Provisional/Provisoire,,
05EA001,2026-07-28T05:20:00Z,47,31.3,,,Provisional/Provisoire,,
05EA001,2026-07-28T05:25:00Z,47,31.2,,,Provisional/Provisoire,,
05EA001,2026-07-28T05:30:00Z,47,31.3,,,Provisional/Provisoire,,
05EA001,2026-07-28T05:35:00Z,47,31.1,,,Provisional/Provisoire,,
05EA001,2026-07-28T05:40:00Z,47,31.1,,,Provisional/Provisoire,,
05EA001,2026-07-28T05:45:00Z,47,31.2,,,Provisional/Provisoire,,
05EA001,2026-07-28T05:50:00Z,47,31.3,,,Provisional/Provisoire,,
05EA001,2026-07-28T05:55:00Z,47,31.2,,,Provisional/Provisoire,,
05EA001,2026-07-28T06:00:00Z,47,31.1,,,Provisional/Provisoire,,
05EA001,2026-07-28T06:05:00Z,47,31.2,,,Provisional/Provisoire,,
05EA001,2026-07-28T06:10:00Z,47,31.2,,,Provisional/Provisoire,,
05EA001,2026-07-28T06:15:00Z,47,31.2,,,Provisional/Provisoire,,
05EA001,2026-07-28T06:20:00Z,47,31.2,,,Provisional/Provisoire,,
05EA001,2026-07-28T06:25:00Z,47,31.0,,,Provisional/Provisoire,,
05EA001,2026-07-28T06:30:00Z,47,31.1,,,Provisional/Provisoire,,
05EA001,2026-07-28T06:35:00Z,47,31.1,,,Provisional/Provisoire,,
05EA001,2026-07-28T06:40:00Z,47,31.1,,,Provisional/Provisoire,,
05EA001,2026-07-28T06:45:00Z,47,31.1,,,Provisional/Provisoire,,
05EA001,2026-07-28T06:50:00Z,47,30.9,,,Provisional/Provisoire,,
05EA001,2026-07-28T06:55:00Z,47,30.9,,,Provisional/Provisoire,,
05EA001,2026-07-28T07:00:00Z,47,31.1,,,Provisional/Provisoire,,
05EA001,2026-07-28T07:05:00Z,47,31.0,,,Provisional/Provisoire,,
05EA001,2026-07-28T07:10:00Z,47,30.9,,,Provisional/Provisoire,,
05EA001,2026-07-28T07:15:00Z,47,30.9,,,Provisional/Provisoire,,
05EA001,2026-07-28T07:20:00Z,47,30.9,,,Provisional/Provisoire,,
05EA001,2026-07-28T07:25:00Z,47,31.1,,,Provisional/Provisoire,,
05EA001,2026-07-28T07:30:00Z,47,30.9,,,Provisional/Provisoire,,
05EA001,2026-07-28T07:35:00Z,47,30.8,,,Provisional/Provisoire,,
05EA001,2026-07-28T07:40:00Z,47,30.9,,,Provisional/Provisoire,,
05EA001,2026-07-28T07:45:00Z,47,30.9,,,Provisional/Provisoire,,
05EA001,2026-07-28T07:50:00Z,47,30.9,,,Provisional/Provisoire,,
05EA001,2026-07-28T07:55:00Z,47,30.8,,,Provisional/Provisoire,,
05EA001,2026-07-28T08:00:00Z,47,30.8,,,Provisional/Provisoire,,
05EA001,2026-07-28T08:05:00Z,47,30.8,,,Provisional/Provisoire,,
05EA001,2026-07-28T08:10:00Z,47,30.7,,,Provisional/Provisoire,,
05EA001,2026-07-28T08:15:00Z,47,31.0,,,Provisional/Provisoire,,
05EA001,2026-07-28T08:20:00Z,47,30.8,,,Provisional/Provisoire,,
05EA001,2026-07-28T08:25:00Z,47,30.9,,,Provisional/Provisoire,,
05EA001,2026-07-28T08:30:00Z,47,30.9,,,Provisional/Provisoire,,
05EA001,2026-07-28T08:35:00Z,47,30.9,,,Provisional/Provisoire,,
05EA001,2026-07-28T08:40:00Z,47,30.9,,,Provisional/Provisoire,,
05EA001,2026-07-28T08:45:00Z,47,30.8,,,Provisional/Provisoire,,
05EA001,2026-07-28T08:50:00Z,47,30.9,,,Provisional/Provisoire,,
05EA001,2026-07-28T08:55:00Z,47,30.7,,,Provisional/Provisoire,,
05EA001,2026-07-28T09:00:00Z,47,30.8,,,Provisional/Provisoire,,
05EA001,2026-07-28T09:05:00Z,47,30.7,,,Provisional/Provisoire,,
05EA001,2026-07-28T09:10:00Z,47,30.8,,,Provisional/Provisoire,,
05EA001,2026-07-28T09:15:00Z,47,30.7,,,Provisional/Provisoire,,
05EA001,2026-07-28T09:20:00Z,47,30.8,,,Provisional/Provisoire,,
05EA001,2026-07-28T09:25:00Z,47,30.7,,,Provisional/Provisoire,,
05EA001,2026-07-28T09:30:00Z,47,30.8,,,Provisional/Provisoire,,
05EA001,2026-07-28T09:35:00Z,47,30.8,,,Provisional/Provisoire,,
05EA001,2026-07-28T09:40:00Z,47,30.8,,,Provisional/Provisoire,,
05EA001,2026-07-28T09:45:00Z,47,30.6,,,Provisional/Provisoire,,
05EA001,2026-07-28T09:50:00Z,47,30.6,,,Provisional/Provisoire,,
05EA001,2026-07-28T09:55:00Z,47,30.6,,,Provisional/Provisoire,,
05EA001,2026-07-28T10:00:00Z,47,30.6,,,Provisional/Provisoire,,
05EA001,2026-07-28T10:05:00Z,47,30.6,,,Provisional/Provisoire,,
05EA001,2026-07-28T10:10:00Z,47,30.6,,,Provisional/Provisoire,,
05EA001,2026-07-28T10:15:00Z,47,30.6,,,Provisional/Provisoire,,
05EA001,2026-07-28T10:20:00Z,47,30.6,,,Provisional/Provisoire,,
05EA001,2026-07-28T10:25:00Z,47,30.7,,,Provisional/Provisoire,,
05EA001,2026-07-28T10:30:00Z,47,30.7,,,Provisional/Provisoire,,
05EA001,2026-07-28T10:35:00Z,47,30.6,,,Provisional/Provisoire,,
05EA001,2026-07-28T10:40:00Z,47,30.6,,,Provisional/Provisoire,,
05EA001,2026-07-28T10:45:00Z,47,30.6,,,Provisional/Provisoire,,
05EA001,2026-07-28T10:50:00Z,47,30.6,,,Provisional/Provisoire,,
05EA001,2026-07-28T10:55:00Z,47,30.5,,,Provisional/Provisoire,,
05EA001,2026-07-28T11:00:00Z,47,30.6,,,Provisional/Provisoire,,
05EA001,2026-07-28T11:05:00Z,47,30.6,,,Provisional/Provisoire,,
05EA001,2026-07-28T11:10:00Z,47,30.4,,,Provisional/Provisoire,,
05EA001,2026-07-28T11:15:00Z,47,30.5,,,Provisional/Provisoire,,
05EA001,2026-07-28T11:20:00Z,47,30.6,,,Provisional/Provisoire,,
05EA001,2026-07-28T11:25:00Z,47,30.6,,,Provisional/Provisoire,,
05EA001,2026-07-28T11:30:00Z,47,30.5,,,Provisional/Provisoire,,
05EA001,2026-07-28T11:35:00Z,47,30.5,,,Provisional/Provisoire,,
05EA001,2026-07-28T11:40:00Z,47,30.6,,,Provisional/Provisoire,,
05EA001,2026-07-28T11:45:00Z,47,30.6,,,Provisional/Provisoire,,
05EA001,2026-07-28T11:50:00Z,47,30.5,,,Provisional/Provisoire,,
05EA001,2026-07-28T11:55:00Z,47,30.6,,,Provisional/Provisoire,,
05EA001,2026-07-28T12:00:00Z,47,30.6,,,Provisional/Provisoire,,
05EA001,2026-07-28T12:05:00Z,47,30.4,,,Provisional/Provisoire,,
05EA001,2026-07-28T12:10:00Z,47,30.5,,,Provisional/Provisoire,,
05EA001,2026-07-28T12:15:00Z,47,30.6,,,Provisional/Provisoire,,
05EA001,2026-07-28T12:20:00Z,47,30.4,,,Provisional/Provisoire,,
05EA001,2026-07-28T12:25:00Z,47,30.4,,,Provisional/Provisoire,,
05EA001,2026-07-28T12:30:00Z,47,30.4,,,Provisional/Provisoire,,
05EA001,2026-07-28T12:35:00Z,47,30.6,,,Provisional/Provisoire,,
05EA001,2026-07-28T12:40:00Z,47,30.6,,,Provisional/Provisoire,,
05EA001,2026-07-28T12:45:00Z,47,30.5,,,Provisional/Provisoire,,
05EA001,2026-07-28T12:50:00Z,47,30.4,,,Provisional/Provisoire,,
05EA001,2026-07-28T12:55:00Z,47,30.6,,,Provisional/Provisoire,,
05EA001,2026-07-28T13:00:00Z,47,30.5,,,Provisional/Provisoire,,
05EA001,2026-07-28T13:05:00Z,47,30.3,,,Provisional/Provisoire,,
05EA001,2026-07-28T13:10:00Z,47,30.5,,,Provisional/Provisoire,,
05EA001,2026-07-28T13:15:00Z,47,30.4,,,Provisional/Provisoire,,
05EA001,2026-07-28T13:20:00Z,47,30.6,,,Provisional/Provisoire,,
05EA001,2026-07-28T13:25:00Z,47,30.5,,,Provisional/Provisoire,,
05EA001,2026-07-28T13:30:00Z,47,30.4,,,Provisional/Provisoire,,
05EA001,2026-07-28T13:35:00Z,47,30.6,,,Provisional/Provisoire,,
05EA001,2026-07-28T13:40:00Z,47,30.4,,,Provisional/Provisoire,,
05EA001,2026-07-28T13:45:00Z,47,30.4,,,Provisional/Provisoire,,
05EA001,2026-07-28T13:50:00Z,47,30.4,,,Provisional/Provisoire,,
05EA001,2026-07-28T13:55:00Z,47,30.4,,,Provisional/Provisoire,,
05EA001,2026-07-28T14:00:00Z,47,30.3,,,Provisional/Provisoire,,
05EA001,2026-07-28T14:05:00Z,47,30.4,,,Provisional/Provisoire,,
05EA001,2026-07-28T14:10:00Z,47,30.5,,,Provisional/Provisoire,,
05EA001,2026-07-28T14:15:00Z,47,30.4,,,Provisional/Provisoire,,
05EA001,2026-07-28T14:20:00Z,47,30.3,,,Provisional/Provisoire,,
05EA001,2026-07-28T14:25:00Z,47,30.2,,,Provisional/Provisoire,,
05EA001,2026-07-28T14:30:00Z,47,30.3,,,Provisional/Provisoire,,
05EA001,2026-07-28T14:35:00Z,47,30.3,,,Provisional/Provisoire,,
05EA001,2026-07-28T14:40:00Z,47,30.4,,,Provisional/Provisoire,,
05EA001,2026-07-28T14:45:00Z,47,30.3,,,Provisional/Provisoire,,
05EA001,2026-07-28T14:50:00Z,47,30.3,,,Provisional/Provisoire,,
05EA001,2026-07-28T14:55:00Z,47,30.4,,,Provisional/Provisoire,,
05EA001,2026-07-28T15:00:00Z,47,30.2,,,Provisional/Provisoire,,
05EA001,2026-07-28T15:05:00Z,47,30.4,,,Provisional/Provisoire,,
05EA001,2026-07-28T15:10:00Z,47,30.4,,,Provisional/Provisoire,,
05EA001,2026-07-28T15:15:00Z,47,30.4,,,Provisional/Provisoire,,
05EA001,2026-07-28T15:20:00Z,47,30.3,,,Provisional/Provisoire,,
05EA001,2026-07-28T15:25:00Z,47,30.2,,,Provisional/Provisoire,,
05EA001,2026-07-28T15:30:00Z,47,30.4,,,Provisional/Provisoire,,
05EA001,2026-07-28T15:35:00Z,47,30.3,,,Provisional/Provisoire,,
05EA001,2026-07-28T15:40:00Z,47,30.3,,,Provisional/Provisoire,,
05EA001,2026-07-28T15:45:00Z,47,30.4,,,Provisional/Provisoire,,
05EA001,2026-07-28T15:50:00Z,47,30.2,,,Provisional/Provisoire,,
05EA001,2026-07-28T15:55:00Z,47,30.2,,,Provisional/Provisoire,,
05EA001,2026-07-28T16:00:00Z,47,30.3,,,Provisional/Provisoire,,
05EA001,2026-07-28T16:05:00Z,47,30.2,,,Provisional/Provisoire,,
05EA001,2026-07-28T16:10:00Z,47,30.2,,,Provisional/Provisoire,,
05EA001,2026-07-28T16:15:00Z,47,30.2,,,Provisional/Provisoire,,
05EA001,2026-07-28T16:20:00Z,47,30.3,,,Provisional/Provisoire,,
05EA001,2026-07-28T16:25:00Z,47,30.2,,,Provisional/Provisoire,,
05EA001,2026-07-28T16:30:00Z,47,30.2,,,Provisional/Provisoire,,
05EA001,2026-07-28T16:35:00Z,47,30.2,,,Provisional/Provisoire,,
05EA001,2026-07-28T16:40:00Z,47,30.2,,,Provisional/Provisoire,,
05EA001,2026-07-28T16:45:00Z,47,30.1,,,Provisional/Provisoire,,
05EA001,2026-07-28T16:50:00Z,47,30.2,,,Provisional/Provisoire,,
05EA001,2026-07-28T16:55:00Z,47,30.2,,,Provisional/Provisoire,,
05EA001,2026-07-28T17:00:00Z,47,30.0,,,Provisional/Provisoire,,
05EA001,2026-07-28T17:05:00Z,47,30.0,,,Provisional/Provisoire,,
05EA001,2026-07-28T17:10:00Z,47,30.3,,,Provisional/Provisoire,,
05EA001,2026-07-28T17:15:00Z,47,30.2,,,Provisional/Provisoire,,
05EA001,2026-07-28T17:20:00Z,47,30.0,,,Provisional/Provisoire,,
05EA001,2026-07-28T17:25:00Z,47,30.2,,,Provisional/Provisoire,,
05EA001,2026-07-28T17:30:00Z,47,30.0,,,Provisional/Provisoire,,
05EA001,2026-07-28T17:35:00Z,47,30.1,,,Provisional/Provisoire,,
05EA001,2026-07-28T17:40:00Z,47,30.1,,,Provisional/Provisoire,,
05EA001,2026-07-28T17:45:00Z,47,30.0,,,Provisional/Provisoire,,
05EA001,2026-07-28T17:50:00Z,47,30.0,,,Provisional/Provisoire,,
05EA001,2026-07-28T17:55:00Z,47,30.1,,,Provisional/Provisoire,,
05EA001,2026-07-28T18:00:00Z,47,30.1,,,Provisional/Provisoire,,
05EA001,2026-07-28T18:05:00Z,47,30.0,,,Provisional/Provisoire,,
05EA001,2026-07-28T18:10:00Z,47,30.1,,,Provisional/Provisoire,,
05EA001,2026-07-28T18:15:00Z,47,30.0,,,Provisional/Provisoire,,
05EA001,2026-07-28T18:20:00Z,47,29.9,,,Provisional/Provisoire,,
05EA001,2026-07-28T18:25:00Z,47,30.1,,,Provisional/Provisoire,,
05EA001,2026-07-28T18:30:00Z,47,30.0,,,Provisional/Provisoire,,
05EA001,2026-07-28T18:35:00Z,47,29.9,,,Provisional/Provisoire,,
05EA001,2026-07-28T18:40:00Z,47,29.9,,,Provisional/Provisoire,,
05EA001,2026-07-28T18:45:00Z,47,29.8,,,Provisional/Provisoire,,
05EA001,2026-07-28T18:50:00Z,47,30.0,,,Provisional/Provisoire,,
05EA001,2026-07-28T18:55:00Z,47,29.8,,,Provisional/Provisoire,,
05EA001,2026-07-28T19:00:00Z,47,30.0,,,Provisional/Provisoire,,
05EA001,2026-07-28T19:05:00Z,47,29.8,,,Provisional/Provisoire,,
05EA001,2026-07-28T19:10:00Z,47,29.7,,,Provisional/Provisoire,,
05EA001,2026-07-28T19:15:00Z,47,29.7,,,Provisional/Provisoire,,
05EA001,2026-07-28T19:20:00Z,47,29.8,,,Provisional/Provisoire,,
05EA001,2026-07-28T19:25:00Z,47,29.6,,,Provisional/Provisoire,,
05EA001,2026-07-28T19:30:00Z,47,29.9,,,Provisional/Provisoire,,
05EA001,2026-07-28T19:35:00Z,47,29.8,,,Provisional/Provisoire,,
05EA001,2026-07-28T19:40:00Z,47,29.7,,,Provisional/Provisoire,,
05EA001,2026-07-28T19:45:00Z,47,29.8,,,Provisional/Provisoire,,
05EA001,2026-07-28T19:50:00Z,47,29.9,,,Provisional/Provisoire,,
05EA001,2026-07-28T19:55:00Z,47,29.7,,,Provisional/Provisoire,,
05EA001,2026-07-28T20:00:00Z,47,29.7,,,Provisional/Provisoire,,
05EA001,2026-07-28T20:05:00Z,47,29.9,,,Provisional/Provisoire,,
05EA001,2026-07-28T20:10:00Z,47,29.9,,,Provisional/Provisoire,,
05EA001,2026-07-28T20:15:00Z,47,29.8,,,Provisional/Provisoire,,
05EA001,2026-07-28T20:20:00Z,47,29.8,,,Provisional/Provisoire,,
05EA001,2026-07-28T20:25:00Z,47,29.8,,,Provisional/Provisoire,,
05EA001,2026-07-28T20:30:00Z,47,29.8,,,Provisional/Provisoire,,
05EA001,2026-07-28T20:35:00Z,47,29.7,,,Provisional/Provisoire,,
05EA001,2026-07-28T20:40:00Z,47,29.7,,,Provisional/Provisoire,,
05EA001,2026-07-28T20:45:00Z,47,29.7,,,Provisional/Provisoire,,
05EA001,2026-07-28T20:50:00Z,47,29.7,,,Provisional/Provisoire,,
05EA001,2026-07-28T20:55:00Z,47,29.7,,,Provisional/Provisoire,,
05EA001,2026-07-28T21:00:00Z,47,29.7,,,Provisional/Provisoire,,
05EA001,2026-07-28T21:05:00Z,47,29.6,,,Provisional/Provisoire,,
05EA001,2026-07-28T21:10:00Z,47,29.6,,,Provisional/Provisoire,,
05EA001,2026-07-28T21:15:00Z,47,29.7,,,Provisional/Provisoire,,
05EA001,2026-07-28T21:20:00Z,47,29.6,,,Provisional/Provisoire,,
05EA001,2026-07-28T21:25:00Z,47,29.6,,,Provisional/Provisoire,,
05EA001,2026-07-28T21:30:00Z,47,29.5,,,Provisional/Provisoire,,
05EA001,2026-07-28T21:35:00Z,47,29.6,,,Provisional/Provisoire,,
05EA001,2026-07-28T21:40:00Z,47,29.5,,,Provisional/Provisoire,,
05EA001,2026-07-28T21:45:00Z,47,29.6,,,Provisional/Provisoire,,
05EA001,2026-07-28T21:50:00Z,47,29.6,,,Provisional/Provisoire,,
05EA001,2026-07-28T21:55:00Z,47,29.6,,,Provisional/Provisoire,,
05EA001,2026-07-28T22:00:00Z,47,29.5,,,Provisional/Provisoire,,
05EA001,2026-07-28T22:05:00Z,47,29.5,,,Provisional/Provisoire,,
05EA001,2026-07-28T22:10:00Z,47,29.5,,,Provisional/Provisoire,,
05EA001,2026-07-28T22:15:00Z,47,29.5,,,Provisional/Provisoire,,
05EA001,2026-07-28T22:20:00Z,47,29.5,,,Provisional/Provisoire,,
05EA001,2026-07-28T22:25:00Z,47,29.5,,,Provisional/Provisoire,,
05EA001,2026-07-28T22:30:00Z,47,29.6,,,Provisional/Provisoire,,
05EA001,2026-07-28T22:35:00Z,47,29.5,,,Provisional/Provisoire,,
05EA001,2026-07-28T22:40:00Z,47,29.5,,,Provisional/Provisoire,,
05EA001,2026-07-28T22:45:00Z,47,29.5,,,Provisional/Provisoire,,
05EA001,2026-07-28T22:50:00Z,47,29.4,,,Provisional/Provisoire,,
05EA001,2026-07-28T22:55:00Z,47,29.4,,,Provisional/Provisoire,,
05EA001,2026-07-28T23:00:00Z,47,29.4,,,Provisional/Provisoire,,
05EA001,2026-07-28T23:05:00Z,47,29.5,,,Provisional/Provisoire,,
05EA001,2026-07-28T23:10:00Z,47,29.4,,,Provisional/Provisoire,,
05EA001,2026-07-28T23:15:00Z,47,29.4,,,Provisional/Provisoire,,
05EA001,2026-07-28T23:20:00Z,47,29.3,,,Provisional/Provisoire,,
05EA001,2026-07-28T23:25:00Z,47,29.3,,,Provisional/Provisoire,,
05EA001,2026-07-28T23:30:00Z,47,29.4,,,Provisional/Provisoire,,
05EA001,2026-07-28T23:35:00Z,47,29.3,,,Provisional/Provisoire,,
05EA001,2026-07-28T23:40:00Z,47,29.2,,,Provisional/Provisoire,,
05EA001,2026-07-28T23:45:00Z,47,29.2,,,Provisional/Provisoire,,
05EA001,2026-07-28T23:50:00Z,47,29.2,,,Provisional/Provisoire,,
05EA001,2026-07-28T23:55:00Z,47,29.3,,,Provisional/Provisoire,,
05EA001,2026-07-29T00:00:00Z,47,29.2,,,Provisional/Provisoire,,
05EA001,2026-07-29T00:05:00Z,47,29.3,,,Provisional/Provisoire,,
05EA001,2026-07-29T00:10:00Z,47,29.2,,,Provisional/Provisoire,,
05EA001,2026-07-29T00:15:00Z,47,29.3,,,Provisional/Provisoire,,
05EA001,2026-07-29T00:20:00Z,47,29.2,,,Provisional/Provisoire,,
05EA001,2026-07-29T00:25:00Z,47,29.2,,,Provisional/Provisoire,,
05EA001,2026-07-29T00:30:00Z,47,29.2,,,Provisional/Provisoire,,
05EA001,2026-07-29T00:35:00Z,47,29.1,,,Provisional/Provisoire,,
05EA001,2026-07-29T00:40:00Z,47,29.2,,,Provisional/Provisoire,,
05EA001,2026-07-29T00:45:00Z,47,29.0,,,Provisional/Provisoire,,
05EA001,2026-07-29T00:50:00Z,47,29.2,,,Provisional/Provisoire,,
05EA001,2026-07-29T00:55:00Z,47,29.1,,,Provisional/Provisoire,,
05EA001,2026-07-29T01:00:00Z,47,29.2,,,Provisional/Provisoire,,
05EA001,2026-07-29T01:05:00Z,47,29.0,,,Provisional/Provisoire,,
05EA001,2026-07-29T01:10:00Z,47,29.2,,,Provisional/Provisoire,,
05EA001,2026-07-29T01:15:00Z,47,29.2,,,Provisional/Provisoire,,
05EA001,2026-07-29T01:20:00Z,47,29.1,,,Provisional/Provisoire,,
05EA001,2026-07-29T01:25:00Z,47,29.2,,,Provisional/Provisoire,,
05EA001,2026-07-29T01:30:00Z,47,29.1,,,Provisional/Provisoire,,
05EA001,2026-07-29T01:35:00Z,47,29.0,,,Provisional/Provisoire,,
05EA001,2026-07-29T01:40:00Z,47,29.0,,,Provisional/Provisoire,,
05EA001,2026-07-29T01:45:00Z,47,29.0,,,Provisional/Provisoire,,
05EA001,2026-07-29T01:50:00Z,47,29.0,,,Provisional/Provisoire,,
05EA001,2026-07-29T01:55:00Z,47,29.1,,,Provisional/Provisoire,,
05EA001,2026-07-29T02:00:00Z,47,29.0,,,Provisional/Provisoire,,
05EA001,2026-07-29T02:05:00Z,47,28.9,,,Provisional/Provisoire,,
05EA001,2026-07-29T02:10:00Z,47,29.1,,,Provisional/Provisoire,,
05EA001,2026-07-29T02:15:00Z,47,29.0,,,Provisional/Provisoire,,
05EA001,2026-07-29T02:20:00Z,47,29.2,,,Provisional/Provisoire,,
05EA001,2026-07-29T02:25:00Z,47,29.2,,,Provisional/Provisoire,,
05EA001,2026-07-29T02:30:00Z,47,29.2,,,Provisional/Provisoire,,
05EA001,2026-07-29T02:35:00Z,47,29.2,,,Provisional/Provisoire,,
05EA001,2026-07-29T02:40:00Z,47,29.3,,,Provisional/Provisoire,,
05EA001,2026-07-29T02:45:00Z,47,29.3,,,Provisional/Provisoire,,
05EA001,2026-07-29T02:50:00Z,47,29.2,,,Provisional/Provisoire,,
05EA001,2026-07-29T02:55:00Z,47,29.3,,,Provisional/Provisoire,,
05EA001,2026-07-29T03:00:00Z,47,29.3,,,Provisional/Provisoire,,
05EA001,2026-07-29T03:05:00Z,47,29.4,,,Provisional/Provisoire,,
05EA001,2026-07-29T03:10:00Z,47,29.2,,,Provisional/Provisoire,,
05EA001,2026-07-29T03:15:00Z,47,29.3,,,Provisional/Provisoire,,
05EA001,2026-07-29T03:20:00Z,47,29.3,,,Provisional/Provisoire,,
05EA001,2026-07-29T03:25:00Z,47,29.4,,,Provisional/Provisoire,,
05EA001,2026-07-29T03:30:00Z,47,29.4,,,Provisional/Provisoire,,
05EA001,2026-07-29T03:35:00Z,47,29.4,,,Provisional/Provisoire,,
05EA001,2026-07-29T03:40:00Z,47,29.5,,,Provisional/Provisoire,,
05EA001,2026-07-29T03:45:00Z,47,29.5,,,Provisional/Provisoire,,
05EA001,2026-07-29T03:50:00Z,47,29.3,,,Provisional/Provisoire,,
05EA001,2026-07-29T03:55:00Z,47,29.5,,,Provisional/Provisoire,,
05EA001,2026-07-29T04:00:00Z,47,29.4,,,Provisional/Provisoire,,
05EA001,2026-07-29T04:05:00Z,47,29.5,,,Provisional/Provisoire,,
05EA001,2026-07-29T04:10:00Z,47,29.5,,,Provisional/Provisoire,,
05EA001,2026-07-29T04:15:00Z,47,29.4,,,Provisional/Provisoire,,
05EA001,2026-07-29T04:20:00Z,47,29.3,,,Provisional/Provisoire,,
05EA001,2026-07-29T04:25:00Z,47,29.5,,,Provisional/Provisoire,,
05EA001,2026-07-29T04:30:00Z,47,29.4,,,Provisional/Provisoire,,
05EA001,2026-07-29T04:35:00Z,47,29.5,,,Provisional/Provisoire,,
05EA001,2026-07-29T04:40:00Z,47,29.3,,,Provisional/Provisoire,,
05EA001,2026-07-29T04:45:00Z,47,29.4,,,Provisional/Provisoire,,
05EA001,2026-07-29T04:50:00Z,47,29.2,,,Provisional/Provisoire,,
05EA001,2026-07-29T04:55:00Z,47,29.3,,,Provisional/Provisoire,,
05EA001,2026-07-29T05:00:00Z,47,29.3,,,Provisional/Provisoire,,
05EA001,2026-07-29T05:05:00Z,47,29.3,,,Provisional/Provisoire,,
05EA001,2026-07-29T05:10:00Z,47,29.3,,,Provisional/Provisoire,,
05EA001,2026-07-29T05:15:00Z,47,29.2,,,Provisional/Provisoire,,
05EA001,2026-07-29T05:20:00Z,47,29.2,,,Provisional/Provisoire,,
05EA001,2026-07-29T05:25:00Z,47,29.2,,,Provisional/Provisoire,,
05EA001,2026-07-29T05:30:00Z,47,29.2,,,Provisional/Provisoire,,
05EA001,2026-07-29T05:35:00Z,47,29.2,,,Provisional/Provisoire,,
05EA001,2026-07-29T05:40:00Z,47,29.0,,,Provisional/Provisoire,,
05EA001,2026-07-29T05:45:00Z,47,29.1,,,Provisional/Provisoire,,
05EA001,2026-07-29T05:50:00Z,47,29.0,,,Provisional/Provisoire,,
05EA001,2026-07-29T05:55:00Z,47,29.1,,,Provisional/Provisoire,,
05EA001,2026-07-29T06:00:00Z,47,29.0,,,Provisional/Provisoire,,
05EA001,2026-07-29T06:05:00Z,47,28.9,,,Provisional/Provisoire,,
05EA001,2026-07-29T06:10:00Z,47,29.0,,,Provisional/Provisoire,,
05EA001,2026-07-29T06:15:00Z,47,29.0,,,Provisional/Provisoire,,
05EA001,2026-07-29T06:20:00Z,47,28.8,,,Provisional/Provisoire,,
05EA001,2026-07-29T06:25:00Z,47,28.9,,,Provisional/Provisoire,,
05EA001,2026-07-29T06:30:00Z,47,28.8,,,Provisional/Provisoire,,
05EA001,2026-07-29T06:35:00Z,47,28.9,,,Provisional/Provisoire,,
05EA001,2026-07-29T06:40:00Z,47,28.7,,,Provisional/Provisoire,,
05EA001,2026-07-29T06:45:00Z,47,28.8,,,Provisional/Provisoire,,
05EA001,2026-07-29T06:50:00Z,47,28.9,,,Provisional/Provisoire,,
05EA001,2026-07-29T06:55:00Z,47,28.9,,,Provisional/Provisoire,,
05EA001,2026-07-29T07:00:00Z,47,28.8,,,Provisional/Provisoire,,
05EA001,2026-07-29T07:05:00Z,47,28.7,,,Provisional/Provisoire,,
05EA001,2026-07-29T07:10:00Z,47,28.8,,,Provisional/Provisoire,,
05EA001,2026-07-29T07:15:00Z,47,28.6,,,Provisional/Provisoire,,
05EA001,2026-07-29T07:20:00Z,47,28.8,,,Provisional/Provisoire,,
05EA001,2026-07-29T07:25:00Z,47,28.8,,,Provisional/Provisoire,,
05EA001,2026-07-29T07:30:00Z,47,28.9,,,Provisional/Provisoire,,
05EA001,2026-07-29T07:35:00Z,47,28.8,,,Provisional/Provisoire,,
05EA001,2026-07-29T07:40:00Z,47,28.8,,,Provisional/Provisoire,,
05EA001,2026-07-29T07:45:00Z,47,28.8,,,Provisional/Provisoire,,
05EA001,2026-07-29T07:50:00Z,47,28.7,,,Provisional/Provisoire,,
05EA001,2026-07-29T07:55:00Z,47,28.7,,,Provisional/Provisoire,,
05EA001,2026-07-29T08:00:00Z,47,28.7,,,Provisional/Provisoire,,
05EA001,2026-07-29T08:05:00Z,47,28.6,,,Provisional/Provisoire,,
05EA001,2026-07-29T08:10:00Z,47,28.7,,,Provisional/Provisoire,,
05EA001,2026-07-29T08:15:00Z,47,28.7,,,Provisional/Provisoire,,
05EA001,2026-07-29T08:20:00Z,47,28.7,,,Provisional/Provisoire,,
05EA001,2026-07-29T08:25:00Z,47,28.7,,,Provisional/Provisoire,,
05EA001,2026-07-29T08:30:00Z,47,28.7,,,Provisional/Provisoire,,
05EA001,2026-07-29T08:35:00Z,47,28.7,,,Provisional/Provisoire,,
05EA001,2026-07-29T08:40:00Z,47,28.6,,,Provisional/Provisoire,,
05EA001,2026-07-29T08:45:00Z,47,28.6,,,Provisional/Provisoire,,
05EA001,2026-07-29T08:50:00Z,47,28.8,,,Provisional/Provisoire,,
05EA001,2026-07-29T08:55:00Z,47,28.6,,,Provisional/Provisoire,,
05EA001,2026-07-29T09:00:00Z,47,28.8,,,Provisional/Provisoire,,
05EA001,2026-07-29T09:05:00Z,47,28.6,,,Provisional/Provisoire,,
05EA001,2026-07-29T09:10:00Z,47,28.6,,,Provisional/Provisoire,,
05EA001,2026-07-29T09:15:00Z,47,28.6,,,Provisional/Provisoire,,
05EA001,2026-07-29T09:20:00Z,47,28.7,,,Provisional/Provisoire,,
05EA001,2026-07-29T09:25:00Z,47,28.6,,,Provisional/Provisoire,,
05EA001,2026-07-29T09:30:00Z,47,28.5,,,Provisional/Provisoire,,
05EA001,2026-07-29T09:35:00Z,47,28.6,,,Provisional/Provisoire,,
05EA001,2026-07-29T09:40:00Z,47,28.6,,,Provisional/Provisoire,,
05EA001,2026-07-29T09:45:00Z,47,28.5,,,Provisional/Provisoire,,
05EA001,2026-07-29T09:50:00Z,47,28.6,,,Provisional/Provisoire,,
05EA001,2026-07-29T09:55:00Z,47,28.6,,,Provisional/Provisoire,,
05EA001,2026-07-29T10:00:00Z,47,28.6,,,Provisional/Provisoire,,
05EA001,2026-07-29T10:05:00Z,47,28.6,,,Provisional/Provisoire,,
05EA001,2026-07-29T10:10:00Z,47,28.5,,,Provisional/Provisoire,,
05EA001,2026-07-29T10:15:00Z,47,28.5,,,Provisional/Provisoire,,
05EA001,2026-07-29T10:20:00Z,47,28.5,,,Provisional/Provisoire,,
05EA001,2026-07-29T10:25:00Z,47,28.4,,,Provisional/Provisoire,,
05EA001,2026-07-29T10:30:00Z,47,28.5,,,Provisional/Provisoire,,
05EA001,2026-07-29T10:35:00Z,47,28.4,,,Provisional/Provisoire,,
05EA001,2026-07-29T10:40:00Z,47,28.4,,,Provisional/Provisoire,,
05EA001,2026-07-29T10:45:00Z,47,28.3,,,Provisional/Provisoire,,
05EA001,2026-07-29T10:50:00Z,47,28.4,,,Provisional/Provisoire,,
05EA001,2026-07-29T10:55:00Z,47,28.5,,,Provisional/Provisoire,,
05EA001,2026-07-29T11:00:00Z,47,28.3,,,Provisional/Provisoire,,
05EA001,2026-07-29T11:05:00Z,47,28.3,,,Provisional/Provisoire,,
05EA001,2026-07-29T11:10:00Z,47,28.4,,,Provisional/Provisoire,,
05EA001,2026-07-29T11:15:00Z,47,28.3,,,Provisional/Provisoire,,
05EA001,2026-07-29T11:20:00Z,47,28.4,,,Provisional/Provisoire,,
05EA001,2026-07-29T11:25:00Z,47,28.3,,,Provisional/Provisoire,,
05EA001,2026-07-29T11:30:00Z,47,28.4,,,Provisional/Provisoire,,
05EA001,2026-07-29T11:35:00Z,47,28.2,,,Provisional/Provisoire,,
05EA001,2026-07-29T11:40:00Z,47,28.2,,,Provisional/Provisoire,,
05EA001,2026-07-29T11:45:00Z,47,28.2,,,Provisional/Provisoire,,
05EA001,2026-07-29T11:50:00Z,47,28.4,,,Provisional/Provisoire,,
05EA001,2026-07-29T11:55:00Z,47,28.4,,,Provisional/Provisoire,,
05EA001,2026-07-29T12:00:00Z,47,28.3,,,Provisional/Provisoire,,
05EA001,2026-07-29T12:05:00Z,47,28.3,,,Provisional/Provisoire,,
05EA001,2026-07-29T12:10:00Z,47,28.3,,,Provisional/Provisoire,,
05EA001,2026-07-29T12:15:00Z,47,28.4,,,Provisional/Provisoire,,
05EA001,2026-07-29T12:20:00Z,47,28.3,,,Provisional/Provisoire,,
05EA001,2026-07-29T12:25:00Z,47,28.3,,,Provisional/Provisoire,,
05EA001,2026-07-29T12:30:00Z,47,28.3,,,Provisional/Provisoire,,
05EA001,2026-07-29T12:35:00Z,47,28.3,,,Provisional/Provisoire,,
05EA001,2026-07-29T12:40:00Z,47,28.3,,,Provisional/Provisoire,,
05EA001,2026-07-29T12:45:00Z,47,28.2,,,Provisional/Provisoire,,
05EA001,2026-07-29T12:50:00Z,47,28.3,,,Provisional/Provisoire,,
05EA001,2026-07-29T12:55:00Z,47,28.3,,,Provisional/Provisoire,,
05EA001,2026-07-29T13:00:00Z,47,28.3,,,Provisional/Provisoire,,
05EA001,2026-07-29T13:05:00Z,47,28.1,,,Provisional/Provisoire,,
05EA001,2026-07-29T13:10:00Z,47,28.2,,,Provisional/Provisoire,,
05EA001,2026-07-29T13:15:00Z,47,28.2,,,Provisional/Provisoire,,
05EA001,2026-07-29T13:20:00Z,47,28.1,,,Provisional/Provisoire,,
05EA001,2026-07-29T13:25:00Z,47,28.2,,,Provisional/Provisoire,,
05EA001,2026-07-29T13:30:00Z,47,28.2,,,Provisional/Provisoire,,
05EA001,2026-07-29T13:35:00Z,47,28.2,,,Provisional/Provisoire,,
05EA001,2026-07-29T13:40:00Z,47,28.1,,,Provisional/Provisoire,,
05EA001,2026-07-29T13:45:00Z,47,28.2,,,Provisional/Provisoire,,
05EA001,2026-07-29T13:50:00Z,47,28.1,,,Provisional/Provisoire,,
05EA001,2026-07-29T13:55:00Z,47,28.1,,,Provisional/Provisoire,,
05EA001,2026-07-29T14:00:00Z,47,28.2,,,Provisional/Provisoire,,
05EA001,2026-07-29T14:05:00Z,47,28.1,,,Provisional/Provisoire,,
05EA001,2026-07-29T14:10:00Z,47,28.1,,,Provisional/Provisoire,,
05EA001,2026-07-29T14:15:00Z,47,28.0,,,Provisional/Provisoire,,
05EA001,2026-07-29T14:20:00Z,47,28.0,,,Provisional/Provisoire,,
05EA001,2026-07-29T14:25:00Z,47,28.0,,,Provisional/Provisoire,,
05EA001,2026-07-29T14:30:00Z,47,28.1,,,Provisional/Provisoire,,
05EA001,2026-07-29T14:35:00Z,47,28.0,,,Provisional/Provisoire,,
05EA001,2026-07-29T14:40:00Z,47,28.1,,,Provisional/Provisoire,,
05EA001,2026-07-29T14:45:00Z,47,28.2,,,Provisional/Provisoire,,
05EA001,2026-07-29T14:50:00Z,47,28.1,,,Provisional/Provisoire,,
05EA001,2026-07-29T14:55:00Z,47,28.0,,,Provisional/Provisoire,,
05EA001,2026-07-29T15:00:00Z,47,28.1,,,Provisional/Provisoire,,
05EA001,2026-07-29T15:05:00Z,47,28.0,,,Provisional/Provisoire,,
05EA001,2026-07-29T15:10:00Z,47,28.1,,,Provisional/Provisoire,,
05EA001,2026-07-29T15:15:00Z,47,28.0,,,Provisional/Provisoire,,
05EA001,2026-07-29T15:20:00Z,47,28.0,,,Provisional/Provisoire,,
05EA001,2026-07-29T15:25:00Z,47,28.1,,,Provisional/Provisoire,,
05EA001,2026-07-29T15:30:00Z,47,28.0,,,Provisional/Provisoire,,
05EA001,2026-07-29T15:35:00Z,47,28.1,,,Provisional/Provisoire,,
05EA001,2026-07-29T15:40:00Z,47,28.0,,,Provisional/Provisoire,,
05EA001,2026-07-29T15:45:00Z,47,27.9,,,Provisional/Provisoire,,
05EA001,2026-07-29T15:50:00Z,47,28.0,,,Provisional/Provisoire,,
05EA001,2026-07-29T15:55:00Z,47,27.9,,,Provisional/Provisoire,,
05EA001,2026-07-29T16:00:00Z,47,27.9,,,Provisional/Provisoire,,
05EA001,2026-07-29T16:05:00Z,47,27.9,,,Provisional/Provisoire,,
05EA001,2026-07-29T16:10:00Z,47,28.0,,,Provisional/Provisoire,,
05EA001,2026-07-29T16:15:00Z,47,27.9,,,Provisional/Provisoire,,
05EA001,2026-07-29T16:20:00Z,47,27.9,,,Provisional/Provisoire,,
05EA001,2026-07-29T16:25:00Z,47,28.0,,,Provisional/Provisoire,,
05EA001,2026-07-29T16:30:00Z,47,27.9,,,Provisional/Provisoire,,
05EA001,2026-07-29T16:35:00Z,47,27.9,,,Provisional/Provisoire,,
05EA001,2026-07-29T16:40:00Z,47,27.9,,,Provisional/Provisoire,,
05EA001,2026-07-29T16:45:00Z,47,27.9,,,Provisional/Provisoire,,
05EA001,2026-07-29T16:50:00Z,47,27.9,,,Provisional/Provisoire,,
05EA001,2026-07-29T16:55:00Z,47,28.0,,,Provisional/Provisoire,,
05EA001,2026-07-29T17:00:00Z,47,28.0,,,Provisional/Provisoire,,
05EA001,2026-07-29T17:05:00Z,47,27.9,,,Provisional/Provisoire,,
05EA001,2026-07-29T17:10:00Z,47,27.9,,,Provisional/Provisoire,,
05EA001,2026-07-29T17:15:00Z,47,27.9,,,Provisional/Provisoire,,
05EA001,2026-07-29T17:20:00Z,47,27.9,,,Provisional/Provisoire,,
05EA001,2026-07-29T17:25:00Z,47,27.8,,,Provisional/Provisoire,,
05EA001,2026-07-29T17:30:00Z,47,27.9,,,Provisional/Provisoire,,
05EA001,2026-07-29T17:35:00Z,47,27.9,,,Provisional/Provisoire,,
05EA001,2026-07-29T17:40:00Z,47,27.9,,,Provisional/Provisoire,,
05EA001,2026-07-29T17:45:00Z,47,27.8,,,Provisional/Provisoire,,
05EA001,2026-07-29T17:50:00Z,47,27.7,,,Provisional/Provisoire,,
05EA001,2026-07-29T17:55:00Z,47,27.8,,,Provisional/Provisoire,,
05EA001,2026-07-29T18:00:00Z,47,27.8,,,Provisional/Provisoire,,
05EA001,2026-07-29T18:05:00Z,47,27.8,,,Provisional/Provisoire,,
05EA001,2026-07-29T18:10:00Z,47,27.9,,,Provisional/Provisoire,,
05EA001,2026-07-29T18:15:00Z,47,27.8,,,Provisional/Provisoire,,
05EA001,2026-07-29T18:20:00Z,47,27.8,,,Provisional/Provisoire,,
05EA001,2026-07-29T18:25:00Z,47,27.8,,,Provisional/Provisoire,,
05EA001,2026-07-29T18:30:00Z,47,27.8,,,Provisional/Provisoire,,
05EA001,2026-07-29T18:35:00Z,47,27.8,,,Provisional/Provisoire,,
05EA001,2026-07-29T18:40:00Z,47,27.8,,,Provisional/Provisoire,,
05EA001,2026-07-29T18:45:00Z,47,27.8,,,Provisional/Provisoire,,
05EA001,2026-07-29T18:50:00Z,47,27.9,,,Provisional/Provisoire,,
05EA001,2026-07-29T18:55:00Z,47,27.6,,,Provisional/Provisoire,,
05EA001,2026-07-29T19:00:00Z,47,27.8,,,Provisional/Provisoire,,
05EA001,2026-07-29T19:05:00Z,47,27.8,,,Provisional/Provisoire,,
05EA001,2026-07-29T19:10:00Z,47,27.7,,,Provisional/Provisoire,,
05EA001,2026-07-29T19:15:00Z,47,27.8,,,Provisional/Provisoire,,
05EA001,2026-07-29T19:20:00Z,47,27.8,,,Provisional/Provisoire,,
05EA001,2026-07-29T19:25:00Z,47,27.7,,,Provisional/Provisoire,,
05EA001,2026-07-29T19:30:00Z,47,27.7,,,Provisional/Provisoire,,
05EA001,2026-07-29T19:35:00Z,47,27.8,,,Provisional/Provisoire,,
05EA001,2026-07-29T19:40:00Z,47,27.6,,,Provisional/Provisoire,,
05EA001,2026-07-29T19:45:00Z,47,27.7,,,Provisional/Provisoire,,
05EA001,2026-07-29T19:50:00Z,47,27.8,,,Provisional/Provisoire,,
05EA001,2026-07-29T19:55:00Z,47,27.5,,,Provisional/Provisoire,,
05EA001,2026-07-29T20:00:00Z,47,27.7,,,Provisional/Provisoire,,
05EA001,2026-07-29T20:05:00Z,47,27.5,,,Provisional/Provisoire,,
05EA001,2026-07-29T20:10:00Z,47,27.7,,,Provisional/Provisoire,,
05EA001,2026-07-29T20:15:00Z,47,27.8,,,Provisional/Provisoire,,
05EA001,2026-07-29T20:20:00Z,47,27.5,,,Provisional/Provisoire,,
05EA001,2026-07-29T20:25:00Z,47,27.6,,,Provisional/Provisoire,,
05EA001,2026-07-29T20:30:00Z,47,27.6,,,Provisional/Provisoire,,
05EA001,2026-07-29T20:35:00Z,47,27.8,,,Provisional/Provisoire,,
05EA001,2026-07-29T20:40:00Z,47,27.5,,,Provisional/Provisoire,,
05EA001,2026-07-29T20:45:00Z,47,27.6,,,Provisional/Provisoire,,
05EA001,2026-07-29T20:50:00Z,47,27.5,,,Provisional/Provisoire,,
05EA001,2026-07-29T20:55:00Z,47,27.6,,,Provisional/Provisoire,,
05EA001,2026-07-29T21:00:00Z,47,27.5,,,Provisional/Provisoire,,
05EA001,2026-07-29T21:05:00Z,47,27.5,,,Provisional/Provisoire,,
05EA001,2026-07-29T21:10:00Z,47,27.6,,,Provisional/Provisoire,,
05EA001,2026-07-29T21:15:00Z,47,27.6,,,Provisional/Provisoire,,
05EA001,2026-07-29T21:20:00Z,47,27.6,,,Provisional/Provisoire,,
05EA001,2026-07-29T21:25:00Z,47,27.6,,,Provisional/Provisoire,,
05EA001,2026-07-29T21:30:00Z,47,27.6,,,Provisional/Provisoire,,
05EA001,2026-07-29T21:35:00Z,47,27.5,,,Provisional/Provisoire,,
05EA001,2026-07-29T21:40:00Z,47,27.5,,,Provisional/Provisoire,,
05EA001,2026-07-29T21:45:00Z,47,27.6,,,Provisional/Provisoire,,
05EA001,2026-07-29T21:50:00Z,47,27.6,,,Provisional/Provisoire,,
05EA001,2026-07-29T21:55:00Z,47,27.6,,,Provisional/Provisoire,,
05EA001,2026-07-29T22:00:00Z,47,27.5,,,Provisional/Provisoire,,
05EA001,2026-07-29T22:05:00Z,47,27.5,,,Provisional/Provisoire,,
05EA001,2026-07-29T22:10:00Z,47,27.6,,,Provisional/Provisoire,,
05EA001,2026-07-29T22:15:00Z,47,27.5,,,Provisional/Provisoire,,
05EA001,2026-07-29T22:20:00Z,47,27.6,,,Provisional/Provisoire,,
05EA001,2026-07-29T22:25:00Z,47,27.5,,,Provisional/Provisoire,,
05EA001,2026-07-29T22:30:00Z,47,27.6,,,Provisional/Provisoire,,
05EA001,2026-07-29T22:35:00Z,47,27.6,,,Provisional/Provisoire,,
05EA001,2026-07-29T22:40:00Z,47,27.6,,,Provisional/Provisoire,,
05EA001,2026-07-29T22:45:00Z,47,27.6,,,Provisional/Provisoire,,
05EA001,2026-07-29T22:50:00Z,47,27.5,,,Provisional/Provisoire,,
05EA001,2026-07-29T22:55:00Z,47,27.5,,,Provisional/Provisoire,,
05EA001,2026-07-29T23:00:00Z,47,27.5,,,Provisional/Provisoire,,
05EA001,2026-07-29T23:05:00Z,47,27.6,,,Provisional/Provisoire,,
05EA001,2026-07-29T23:10:00Z,47,27.5,,,Provisional/Provisoire,,
05EA001,2026-07-29T23:15:00Z,47,27.5,,,Provisional/Provisoire,,
05EA001,2026-07-29T23:20:00Z,47,27.5,,,Provisional/Provisoire,,
05EA001,2026-07-29T23:25:00Z,47,27.4,,,Provisional/Provisoire,,
05EA001,2026-07-29T23:30:00Z,47,27.5,,,Provisional/Provisoire,,
05EA001,2026-07-29T23:35:00Z,47,27.6,,,Provisional/Provisoire,,
05EA001,2026-07-29T23:40:00Z,47,27.5,,,Provisional/Provisoire,,
05EA001,2026-07-29T23:45:00Z,47,27.4,,,Provisional/Provisoire,,
05EA001,2026-07-29T23:50:00Z,47,27.5,,,Provisional/Provisoire,,
05EA001,2026-07-29T23:55:00Z,47,27.4,,,Provisional/Provisoire,,
05EA001,2026-07-30T00:00:00Z,47,27.4,,,Provisional/Provisoire,,
05EA001,2026-07-30T00:05:00Z,47,27.4,,,Provisional/Provisoire,,
05EA001,2026-07-30T00:10:00Z,47,27.4,,,Provisional/Provisoire,,
05EA001,2026-07-30T00:15:00Z,47,27.4,,,Provisional/Provisoire,,
05EA001,2026-07-30T00:20:00Z,47,27.4,,,Provisional/Provisoire,,
05EA001,2026-07-30T00:25:00Z,47,27.3,,,Provisional/Provisoire,,
05EA001,2026-07-30T00:30:00Z,47,27.3,,,Provisional/Provisoire,,
05EA001,2026-07-30T00:35:00Z,47,27.4,,,Provisional/Provisoire,,
05EA001,2026-07-30T00:40:00Z,47,27.4,,,Provisional/Provisoire,,
05EA001,2026-07-30T00:45:00Z,47,27.4,,,Provisional/Provisoire,,
05EA001,2026-07-30T00:50:00Z,47,27.4,,,Provisional/Provisoire,,
05EA001,2026-07-30T00:55:00Z,47,27.4,,,Provisional/Provisoire,,
05EA001,2026-07-30T01:00:00Z,47,27.4,,,Provisional/Provisoire,,
05EA001,2026-07-30T01:05:00Z,47,27.3,,,Provisional/Provisoire,,
05EA001,2026-07-30T01:10:00Z,47,27.4,,,Provisional/Provisoire,,
05EA001,2026-07-30T01:15:00Z,47,27.4,,,Provisional/Provisoire,,
05EA001,2026-07-30T01:20:00Z,47,27.4,,,Provisional/Provisoire,,
05EA001,2026-07-30T01:25:00Z,47,27.3,,,Provisional/Provisoire,,
05EA001,2026-07-30T01:30:00Z,47,27.3,,,Provisional/Provisoire,,
05EA001,2026-07-30T01:35:00Z,47,27.3,,,Provisional/Provisoire,,
05EA001,2026-07-30T01:40:00Z,47,27.4,,,Provisional/Provisoire,,
05EA001,2026-07-30T01:45:00Z,47,27.4,,,Provisional/Provisoire,,
05EA001,2026-07-30T01:50:00Z,47,27.4,,,Provisional/Provisoire,,
05EA001,2026-07-30T01:55:00Z,47,27.4,,,Provisional/Provisoire,,
05EA001,2026-07-30T02:00:00Z,47,27.4,,,Provisional/Provisoire,,
05EA001,2026-07-30T02:05:00Z,47,27.4,,,Provisional/Provisoire,,
05EA001,2026-07-30T02:10:00Z,47,27.3,,,Provisional/Provisoire,,
05EA001,2026-07-30T02:15:00Z,47,27.4,,,Provisional/Provisoire,,
05EA001,2026-07-30T02:20:00Z,47,27.4,,,Provisional/Provisoire,,
05EA001,2026-07-30T02:25:00Z,47,27.3,,,Provisional/Provisoire,,
05EA001,2026-07-30T02:30:00Z,47,27.4,,,Provisional/Provisoire,,
05EA001,2026-07-30T02:35:00Z,47,27.4,,,Provisional/Provisoire,,
05EA001,2026-07-30T02:40:00Z,47,27.4,,,Provisional/Provisoire,,
05EA001,2026-07-30T02:45:00Z,47,27.5,,,Provisional/Provisoire,,
05EA001,2026-07-30T02:50:00Z,47,27.2,,,Provisional/Provisoire,,
05EA001,2026-07-30T02:55:00Z,47,27.5,,,Provisional/Provisoire,,
05EA001,2026-07-30T03:00:00Z,47,27.4,,,Provisional/Provisoire,,
05EA001,2026-07-30T03:05:00Z,47,27.4,,,Provisional/Provisoire,,
05EA001,2026-07-30T03:10:00Z,47,27.4,,,Provisional/Provisoire,,
05EA001,2026-07-30T03:15:00Z,47,27.3,,,Provisional/Provisoire,,
05EA001,2026-07-30T03:20:00Z,47,27.3,,,Provisional/Provisoire,,
05EA001,2026-07-30T03:25:00Z,47,27.4,,,Provisional/Provisoire,,
05EA001,2026-07-30T03:30:00Z,47,27.4,,,Provisional/Provisoire,,
05EA001,2026-07-30T03:35:00Z,47,27.4,,,Provisional/Provisoire,,
05EA001,2026-07-30T03:40:00Z,47,27.2,,,Provisional/Provisoire,,
05EA001,2026-07-30T03:45:00Z,47,27.3,,,Provisional/Provisoire,,
05EA001,2026-07-30T03:50:00Z,47,27.2,,,Provisional/Provisoire,,
05EA001,2026-07-30T03:55:00Z,47,27.2,,,Provisional/Provisoire,,
05EA001,2026-07-30T04:00:00Z,47,27.2,,,Provisional/Provisoire,,
05EA001,2026-07-30T04:05:00Z,47,27.1,,,Provisional/Provisoire,,
05EA001,2026-07-30T04:10:00Z,47,27.1,,,Provisional/Provisoire,,
05EA001,2026-07-30T04:15:00Z,47,27.3,,,Provisional/Provisoire,,
05EA001,2026-07-30T04:20:00Z,47,27.2,,,Provisional/Provisoire,,
05EA001,2026-07-30T04:25:00Z,47,27.2,,,Provisional/Provisoire,,
05EA001,2026-07-30T04:30:00Z,47,27.1,,,Provisional/Provisoire,,
05EA001,2026-07-30T04:35:00Z,47,27.2,,,Provisional/Provisoire,,
05EA001,2026-07-30T04:40:00Z,47,27.1,,,Provisional/Provisoire,,
05EA001,2026-07-30T04:45:00Z,47,27.2,,,Provisional/Provisoire,,
05EA001,2026-07-30T04:50:00Z,47,27.1,,,Provisional/Provisoire,,
05EA001,2026-07-30T04:55:00Z,47,27.0,,,Provisional/Provisoire,,
05EA001,2026-07-30T05:00:00Z,47,27.1,,,Provisional/Provisoire,,
05EA001,2026-07-30T05:05:00Z,47,27.1,,,Provisional/Provisoire,,
05EA001,2026-07-30T05:10:00Z,47,26.9,,,Provisional/Provisoire,,
05EA001,2026-07-30T05:15:00Z,47,27.0,,,Provisional/Provisoire,,
05EA001,2026-07-30T05:20:00Z,47,27.1,,,Provisional/Provisoire,,
05EA001,2026-07-30T05:25:00Z,47,27.2,,,Provisional/Provisoire,,
05EA001,2026-07-30T05:30:00Z,47,27.1,,,Provisional/Provisoire,,
05EA001,2026-07-30T05:35:00Z,47,27.1,,,Provisional/Provisoire,,
05EA001,2026-07-30T05:40:00Z,47,27.1,,,Provisional/Provisoire,,
05EA001,2026-07-30T05:45:00Z,47,27.1,,,Provisional/Provisoire,,
05EA001,2026-07-30T05:50:00Z,47,26.9,,,Provisional/Provisoire,,
05EA001,2026-07-30T05:55:00Z,47,27.0,,,Provisional/Provisoire,,
05EA001,2026-07-30T06:00:00Z,47,27.0,,,Provisional/Provisoire,,
05EA001,2026-07-30T06:05:00Z,47,27.0,,,Provisional/Provisoire,,
05EA001,2026-07-30T06:10:00Z,47,27.1,,,Provisional/Provisoire,,
05EA001,2026-07-30T06:15:00Z,47,27.0,,,Provisional/Provisoire,,
05EA001,2026-07-30T06:20:00Z,47,26.9,,,Provisional/Provisoire,,
05EA001,2026-07-30T06:25:00Z,47,26.9,,,Provisional/Provisoire,,
05EA001,2026-07-30T06:30:00Z,47,27.0,,,Provisional/Provisoire,,
05EA001,2026-07-30T06:35:00Z,47,26.9,,,Provisional/Provisoire,,
05EA001,2026-07-30T06:40:00Z,47,26.9,,,Provisional/Provisoire,,
05EA001,2026-07-30T06:45:00Z,47,27.0,,,Provisional/Provisoire,,
05EA001,2026-07-30T06:50:00Z,47,26.9,,,Provisional/Provisoire,,
05EA001,2026-07-30T06:55:00Z,47,26.9,,,Provisional/Provisoire,,
05EA001,2026-07-30T07:00:00Z,47,27.0,,,Provisional/Provisoire,,
05EA001,2026-07-30T07:05:00Z,47,27.0,,,Provisional/Provisoire,,
05EA001,2026-07-30T07:10:00Z,47,26.9,,,Provisional/Provisoire,,
05EA001,2026-07-30T07:15:00Z,47,26.9,,,Provisional/Provisoire,,
05EA001,2026-07-30T07:20:00Z,47,26.9,,,Provisional/Provisoire,,
05EA001,2026-07-30T07:25:00Z,47,27.0,,,Provisional/Provisoire,,
05EA001,2026-07-30T07:30:00Z,47,27.0,,,Provisional/Provisoire,,
05EA001,2026-07-30T07:35:00Z,47,26.9,,,Provisional/Provisoire,,
05EA001,2026-07-30T07:40:00Z,47,26.9,,,Provisional/Provisoire,,
05EA001,2026-07-30T07:45:00Z,47,26.9,,,Provisional/Provisoire,,
05EA001,2026-07-30T07:50:00Z,47,26.8,,,Provisional/Provisoire,,
05EA001,2026-07-30T07:55:00Z,47,26.8,,,Provisional/Provisoire,,
05EA001,2026-07-30T08:00:00Z,47,26.9,,,Provisional/Provisoire,,
05EA001,2026-07-30T08:05:00Z,47,26.7,,,Provisional/Provisoire,,
05EA001,2026-07-30T08:10:00Z,47,26.9,,,Provisional/Provisoire,,
05EA001,2026-07-30T08:15:00Z,47,26.8,,,Provisional/Provisoire,,
05EA001,2026-07-30T08:20:00Z,47,26.9,,,Provisional/Provisoire,,
05EA001,2026-07-30T08:25:00Z,47,26.9,,,Provisional/Provisoire,,
05EA001,2026-07-30T08:30:00Z,47,26.8,,,Provisional/Provisoire,,
05EA001,2026-07-30T08:35:00Z,47,26.7,,,Provisional/Provisoire,,
05EA001,2026-07-30T08:40:00Z,47,26.9,,,Provisional/Provisoire,,
05EA001,2026-07-30T08:45:00Z,47,26.8,,,Provisional/Provisoire,,
05EA001,2026-07-30T08:50:00Z,47,26.9,,,Provisional/Provisoire,,
05EA001,2026-07-30T08:55:00Z,47,26.8,,,Provisional/Provisoire,,
05EA001,2026-07-30T09:00:00Z,47,26.9,,,Provisional/Provisoire,,
05EA001,2026-07-30T09:05:00Z,47,26.8,,,Provisional/Provisoire,,
05EA001,2026-07-30T09:10:00Z,47,26.6,,,Provisional/Provisoire,,
05EA001,2026-07-30T09:15:00Z,47,26.7,,,Provisional/Provisoire,,
05EA001,2026-07-30T09:20:00Z,47,26.7,,,Provisional/Provisoire,,
05EA001,2026-07-30T09:25:00Z,47,26.7,,,Provisional/Provisoire,,
05EA001,2026-07-30T09:30:00Z,47,26.7,,,Provisional/Provisoire,,
05EA001,2026-07-30T09:35:00Z,47,26.6,,,Provisional/Provisoire,,
05EA001,2026-07-30T09:40:00Z,47,26.7,,,Provisional/Provisoire,,
05EA001,2026-07-30T09:45:00Z,47,26.7,,,Provisional/Provisoire,,
05EA001,2026-07-30T09:50:00Z,47,26.8,,,Provisional/Provisoire,,
05EA001,2026-07-30T09:55:00Z,47,26.6,,,Provisional/Provisoire,,
05EA001,2026-07-30T10:00:00Z,47,26.7,,,Provisional/Provisoire,,
05EA001,2026-07-30T10:05:00Z,47,26.7,,,Provisional/Provisoire,,
05EA001,2026-07-30T10:10:00Z,47,26.8,,,Provisional/Provisoire,,
05EA001,2026-07-30T10:15:00Z,47,26.7,,,Provisional/Provisoire,,
05EA001,2026-07-30T10:20:00Z,47,26.6,,,Provisional/Provisoire,,
05EA001,2026-07-30T10:25:00Z,47,26.6,,,Provisional/Provisoire,,
05EA001,2026-07-30T10:30:00Z,47,26.6,,,Provisional/Provisoire,,
05EA001,2026-07-30T10:35:00Z,47,26.5,,,Provisional/Provisoire,,
05EA001,2026-07-30T10:40:00Z,47,26.5,,,Provisional/Provisoire,,
05EA001,2026-07-30T10:45:00Z,47,26.5,,,Provisional/Provisoire,,
05EA001,2026-07-30T10:50:00Z,47,26.4,,,Provisional/Provisoire,,
05EA001,2026-07-30T10:55:00Z,47,26.6,,,Provisional/Provisoire,,
05EA001,2026-07-30T11:00:00Z,47,26.5,,,Provisional/Provisoire,,
05EA001,2026-07-30T11:05:00Z,47,26.5,,,Provisional/Provisoire,,
05EA001,2026-07-30T11:10:00Z,47,26.5,,,Provisional/Provisoire,,
05EA001,2026-07-30T11:15:00Z,47,26.4,,,Provisional/Provisoire,,
05EA001,2026-07-30T11:20:00Z,47,26.5,,,Provisional/Provisoire,,
05EA001,2026-07-30T11:25:00Z,47,26.6,,,Provisional/Provisoire,,
05EA001,2026-07-30T11:30:00Z,47,26.4,,,Provisional/Provisoire,,
05EA001,2026-07-30T11:35:00Z,47,26.4,,,Provisional/Provisoire,,
05EA001,2026-07-30T11:40:00Z,47,26.5,,,Provisional/Provisoire,,
05EA001,2026-07-30T11:45:00Z,47,26.5,,,Provisional/Provisoire,,
05EA001,2026-07-30T11:50:00Z,47,26.5,,,Provisional/Provisoire,,
05EA001,2026-07-30T11:55:00Z,47,26.5,,,Provisional/Provisoire,,
05EA001,2026-07-30T12:00:00Z,47,26.4,,,Provisional/Provisoire,,
05EA001,2026-07-30T12:05:00Z,47,26.5,,,Provisional/Provisoire,,
05EA001,2026-07-30T12:10:00Z,47,26.5,,,Provisional/Provisoire,,
05EA001,2026-07-30T12:15:00Z,47,26.6,,,Provisional/Provisoire,,
05EA001,2026-07-30T12:20:00Z,47,26.6,,,Provisional/Provisoire,,
05EA001,2026-07-30T12:25:00Z,47,26.6,,,Provisional/Provisoire,,
05EA001,2026-07-30T12:30:00Z,47,26.5,,,Provisional/Provisoire,,
05EA001,2026-07-30T12:35:00Z,47,26.5,,,Provisional/Provisoire,,
05EA001,2026-07-30T12:40:00Z,47,26.4,,,Provisional/Provisoire,,
05EA001,2026-07-30T12:45:00Z,47,26.3,,,Provisional/Provisoire,,
05EA001,2026-07-30T12:50:00Z,47,26.5,,,Provisional/Provisoire,,
05EA001,2026-07-30T12:55:00Z,47,26.6,,,Provisional/Provisoire,,
05EA001,2026-07-30T13:00:00Z,47,26.5,,,Provisional/Provisoire,,
05EA001,2026-07-30T13:05:00Z,47,26.5,,,Provisional/Provisoire,,
05EA001,2026-07-30T13:10:00Z,47,26.4,,,Provisional/Provisoire,,
05EA001,2026-07-30T13:15:00Z,47,26.5,,,Provisional/Provisoire,,
05EA001,2026-07-30T13:20:00Z,47,26.4,,,Provisional/Provisoire,,
05EA001,2026-07-30T13:25:00Z,47,26.4,,,Provisional/Provisoire,,
05EA001,2026-07-30T13:30:00Z,47,26.5,,,Provisional/Provisoire,,
05EA001,2026-07-30T13:35:00Z,47,26.3,,,Provisional/Provisoire,,
05EA001,2026-07-30T13:40:00Z,47,26.5,,,Provisional/Provisoire,,
05EA001,2026-07-30T13:45:00Z,47,26.5,,,Provisional/Provisoire,,
05EA001,2026-07-30T13:50:00Z,47,26.4,,,Provisional/Provisoire,,
05EA001,2026-07-30T13:55:00Z,47,26.5,,,Provisional/Provisoire,,
05EA001,2026-07-30T14:00:00Z,47,26.5,,,Provisional/Provisoire,,
05EA001,2026-07-30T14:05:00Z,47,26.3,,,Provisional/Provisoire,,
05EA001,2026-07-30T14:10:00Z,47,26.3,,,Provisional/Provisoire,,
05EA001,2026-07-30T14:15:00Z,47,26.3,,,Provisional/Provisoire,,
05EA001,2026-07-30T14:20:00Z,47,26.3,,,Provisional/Provisoire,,
05EA001,2026-07-30T14:25:00Z,47,26.5,,,Provisional/Provisoire,,
05EA001,2026-07-30T14:30:00Z,47,26.4,,,Provisional/Provisoire,,
05EA001,2026-07-30T14:35:00Z,47,26.3,,,Provisional/Provisoire,,
05EA001,2026-07-30T14:40:00Z,47,26.4,,,Provisional/Provisoire,,
05EA001,2026-07-30T14:45:00Z,47,26.4,,,Provisional/Provisoire,,
05EA001,2026-07-30T14:50:00Z,47,26.4,,,Provisional/Provisoire,,
05EA001,2026-07-30T14:55:00Z,47,26.3,,,Provisional/Provisoire,,
05EA001,2026-07-30T15:00:00Z,47,26.3,,,Provisional/Provisoire,,
05EA001,2026-07-30T15:05:00Z,47,26.3,,,Provisional/Provisoire,,
05EA001,2026-07-30T15:10:00Z,47,26.2,,,Provisional/Provisoire,,
05EA001,2026-07-30T15:15:00Z,47,26.3,,,Provisional/Provisoire,,
05EA001,2026-07-30T15:20:00Z,47,26.3,,,Provisional/Provisoire,,
05EA001,2026-07-30T15:25:00Z,47,26.3,,,Provisional/Provisoire,,
05EA001,2026-07-30T15:30:00Z,47,26.3,,,Provisional/Provisoire,,
05EA001,2026-07-30T15:35:00Z,47,26.3,,,Provisional/Provisoire,,
05EA001,2026-07-30T15:40:00Z,47,26.3,,,Provisional/Provisoire,,
05EA001,2026-07-30T15:45:00Z,47,26.3,,,Provisional/Provisoire,,
05EA001,2026-07-30T15:50:00Z,47,26.3,,,Provisional/Provisoire,,
05EA001,2026-07-30T15:55:00Z,47,26.0,,,Provisional/Provisoire,,
05EA001,2026-07-30T16:00:00Z,47,26.2,,,Provisional/Provisoire,,
05EA001,2026-07-30T16:05:00Z,47,26.3,,,Provisional/Provisoire,,
05EA001,2026-07-30T16:10:00Z,47,26.1,,,Provisional/Provisoire,,
05EA001,2026-07-30T16:15:00Z,47,26.0,,,Provisional/Provisoire,,
05EA001,2026-07-30T16:20:00Z,47,26.2,,,Provisional/Provisoire,,
05EA001,2026-07-30T16:25:00Z,47,26.2,,,Provisional/Provisoire,,
05EA001,2026-07-30T16:30:00Z,47,26.1,,,Provisional/Provisoire,,
05EA001,2026-07-30T16:35:00Z,47,26.2,,,Provisional/Provisoire,,
05EA001,2026-07-30T16:40:00Z,47,26.2,,,Provisional/Provisoire,,
05EA001,2026-07-30T16:45:00Z,47,26.3,,,Provisional/Provisoire,,
05EA001,2026-07-30T16:50:00Z,47,26.3,,,Provisional/Provisoire,,
05EA001,2026-07-30T16:55:00Z,47,26.3,,,Provisional/Provisoire,,
05EA001,2026-07-30T17:00:00Z,47,26.2,,,Provisional/Provisoire,,
05EA001,2026-07-30T17:05:00Z,47,26.2,,,Provisional/Provisoire,,
05EA001,2026-07-30T17:10:00Z,47,26.3,,,Provisional/Provisoire,,
05EA001,2026-07-30T17:15:00Z,47,26.2,,,Provisional/Provisoire,,
05EA001,2026-07-30T17:20:00Z,47,26.2,,,Provisional/Provisoire,,
05EA001,2026-07-30T17:25:00Z,47,26.2,,,Provisional/Provisoire,,
05EA001,2026-07-30T17:30:00Z,47,25.8,,,Provisional/Provisoire,,
05EA001,2026-07-30T17:35:00Z,47,26.1,,,Provisional/Provisoire,,
05EA001,2026-07-30T17:40:00Z,47,26.2,,,Provisional/Provisoire,,
05EA001,2026-07-30T17:45:00Z,47,26.1,,,Provisional/Provisoire,,
05EA001,2026-07-30T17:50:00Z,47,26.3,,,Provisional/Provisoire,,
05EA001,2026-07-30T17:55:00Z,47,26.1,,,Provisional/Provisoire,,
05EA001,2026-07-30T18:00:00Z,47,26.2,,,Provisional/Provisoire,,
05EA001,2026-07-30T18:05:00Z,47,26.2,,,Provisional/Provisoire,,
05EA001,2026-07-30T18:10:00Z,47,26.2,,,Provisional/Provisoire,,
05EA001,2026-07-30T18:15:00Z,47,26.2,,,Provisional/Provisoire,,
05EA001,2026-07-30T18:20:00Z,47,26.1,,,Provisional/Provisoire,,
05EA001,2026-07-30T18:25:00Z,47,26.2,,,Provisional/Provisoire,,
05EA001,2026-07-30T18:30:00Z,47,26.2,,,Provisional/Provisoire,,
05EA001,2026-07-30T18:35:00Z,47,26.2,,,Provisional/Provisoire,,
05EA001,2026-07-30T18:40:00Z,47,26.1,,,Provisional/Provisoire,,
05EA001,2026-07-30T18:45:00Z,47,26.2,,,Provisional/Provisoire,,
05EA001,2026-07-30T18:50:00Z,47,26.0,,,Provisional/Provisoire,,
05EA001,2026-07-30T18:55:00Z,47,26.2,,,Provisional/Provisoire,,
05EA001,2026-07-30T19:00:00Z,47,26.1,,,Provisional/Provisoire,,
05EA001,2026-07-30T19:05:00Z,47,26.2,,,Provisional/Provisoire,,
05EA001,2026-07-30T19:10:00Z,47,26.0,,,Provisional/Provisoire,,
05EA001,2026-07-30T19:15:00Z,47,25.9,,,Provisional/Provisoire,,
05EA001,2026-07-30T19:20:00Z,47,26.1,,,Provisional/Provisoire,,
05EA001,2026-07-30T19:25:00Z,47,26.0,,,Provisional/Provisoire,,
05EA001,2026-07-30T19:30:00Z,47,25.9,,,Provisional/Provisoire,,
05EA001,2026-07-30T19:35:00Z,47,25.8,,,Provisional/Provisoire,,
05EA001,2026-07-30T19:40:00Z,47,26.0,,,Provisional/Provisoire,,
05EA001,2026-07-30T19:45:00Z,47,26.0,,,Provisional/Provisoire,,
05EA001,2026-07-30T19:50:00Z,47,25.9,,,Provisional/Provisoire,,
05EA001,2026-07-30T19:55:00Z,47,26.0,,,Provisional/Provisoire,,
05EA001,2026-07-30T20:00:00Z,47,25.9,,,Provisional/Provisoire,,
05EA001,2026-07-30T20:05:00Z,47,26.0,,,Provisional/Provisoire,,
05EA001,2026-07-30T20:10:00Z,47,25.9,,,Provisional/Provisoire,,
05EA001,2026-07-30T20:15:00Z,47,25.9,,,Provisional/Provisoire,,
05EA001,2026-07-30T20:20:00Z,47,26.0,,,Provisional/Provisoire,,
05EA001,2026-07-30T20:25:00Z,47,26.0,,,Provisional/Provisoire,,
05EA001,2026-07-30T20:30:00Z,47,26.0,,,Provisional/Provisoire,,
05EA001,2026-07-30T20:35:00Z,47,25.7,,,Provisional/Provisoire,,
05EA001,2026-07-30T20:40:00Z,47,25.9,,,Provisional/Provisoire,,
05EA001,2026-07-30T20:45:00Z,47,26.0,,,Provisional/Provisoire,,
05EA001,2026-07-30T20:50:00Z,47,25.9,,,Provisional/Provisoire,,
05EA001,2026-07-30T20:55:00Z,47,25.8,,,Provisional/Provisoire,,
05EA001,2026-07-30T21:00:00Z,47,25.9,,,Provisional/Provisoire,,
05EA001,2026-07-30T21:05:00Z,47,25.8,,,Provisional/Provisoire,,
05EA001,2026-07-30T21:10:00Z,47,25.8,,,Provisional/Provisoire,,
05EA001,2026-07-30T21:15:00Z,47,25.8,,,Provisional/Provisoire,,
05EA001,2026-07-30T21:20:00Z,47,25.9,,,Provisional/Provisoire,,
05EA001,2026-07-30T21:25:00Z,47,26.0,,,Provisional/Provisoire,,
05EA001,2026-07-30T21:30:00Z,47,25.9,,,Provisional/Provisoire,,
05EA001,2026-07-30T21:35:00Z,47,25.8,,,Provisional/Provisoire,,
05EA001,2026-07-30T21:40:00Z,47,25.8,,,Provisional/Provisoire,,
05EA001,2026-07-30T21:45:00Z,47,25.8,,,Provisional/Provisoire,,
05EA001,2026-07-30T21:50:00Z,47,25.8,,,Provisional/Provisoire,,
05EA001,2026-07-30T21:55:00Z,47,25.9,,,Provisional/Provisoire,,
05EA001,2026-07-30T22:00:00Z,47,25.8,,,Provisional/Provisoire,,
05EA001,2026-07-30T22:05:00Z,47,25.8,,,Provisional/Provisoire,,
05EA001,2026-07-30T22:10:00Z,47,25.8,,,Provisional/Provisoire,,
05EA001,2026-07-30T22:15:00Z,47,25.8,,,Provisional/Provisoire,,
05EA001,2026-07-30T22:20:00Z,47,25.9,,,Provisional/Provisoire,,
05EA001,2026-07-30T22:25:00Z,47,25.7,,,Provisional/Provisoire,,
05EA001,2026-07-30T22:30:00Z,47,25.6,,,Provisional/Provisoire,,
05EA001,2026-07-30T22:35:00Z,47,25.8,,,Provisional/Provisoire,,
05EA001,2026-07-30T22:40:00Z,47,25.8,,,Provisional/Provisoire,,
05EA001,2026-07-30T22:45:00Z,47,25.8,,,Provisional/Provisoire,,
05EA001,2026-07-30T22:50:00Z,47,25.8,,,Provisional/Provisoire,,
05EA001,2026-07-30T22:55:00Z,47,25.7,,,Provisional/Provisoire,,
05EA001,2026-07-30T23:00:00Z,47,25.8,,,Provisional/Provisoire,,
05EA001,2026-07-30T23:05:00Z,47,25.7,,,Provisional/Provisoire,,
05EA001,2026-07-30T23:10:00Z,47,25.7,,,Provisional/Provisoire,,
05EA001,2026-07-30T23:15:00Z,47,25.6,,,Provisional/Provisoire,,
05EA001,2026-07-30T23:20:00Z,47,25.8,,,Provisional/Provisoire,,
05EA001,2026-07-30T23:25:00Z,47,25.7,,,Provisional/Provisoire,,
05EA001,2026-07-30T23:30:00Z,47,25.6,,,Provisional/Provisoire,,
05EA001,2026-07-30T23:35:00Z,47,25.7,,,Provisional/Provisoire,,
05EA001,2026-07-30T23:40:00Z,47,25.6,,,Provisional/Provisoire,,
05EA001,2026-07-30T23:45:00Z,47,25.6,,,Provisional/Provisoire,,
05EA001,2026-07-30T23:50:00Z,47,25.8,,,Provisional/Provisoire,,
05EA001,2026-07-30T23:55:00Z,47,25.7,,,Provisional/Provisoire,,
05EA001,2026-07-31T00:00:00Z,47,25.6,,,Provisional/Provisoire,,
05EA001,2026-07-31T00:05:00Z,47,25.7,,,Provisional/Provisoire,,
05EA001,2026-07-31T00:10:00Z,47,25.5,,,Provisional/Provisoire,,
05EA001,2026-07-31T00:15:00Z,47,25.7,,,Provisional/Provisoire,,
05EA001,2026-07-31T00:20:00Z,47,25.7,,,Provisional/Provisoire,,
05EA001,2026-07-31T00:25:00Z,47,25.6,,,Provisional/Provisoire,,
05EA001,2026-07-31T00:30:00Z,47,25.6,,,Provisional/Provisoire,,
05EA001,2026-07-31T00:35:00Z,47,25.5,,,Provisional/Provisoire,,
05EA001,2026-07-31T00:40:00Z,47,25.5,,,Provisional/Provisoire,,
05EA001,2026-07-31T00:45:00Z,47,25.6,,,Provisional/Provisoire,,
05EA001,2026-07-31T00:50:00Z,47,25.5,,,Provisional/Provisoire,,
05EA001,2026-07-31T00:55:00Z,47,25.5,,,Provisional/Provisoire,,
05EA001,2026-07-31T01:00:00Z,47,25.5,,,Provisional/Provisoire,,
05EA001,2026-07-31T01:05:00Z,47,25.5,,,Provisional/Provisoire,,
05EA001,2026-07-31T01:10:00Z,47,25.7,,,Provisional/Provisoire,,
05EA001,2026-07-31T01:15:00Z,47,25.5,,,Provisional/Provisoire,,
05EA001,2026-07-31T01:20:00Z,47,25.5,,,Provisional/Provisoire,,
05EA001,2026-07-31T01:25:00Z,47,25.5,,,Provisional/Provisoire,,
05EA001,2026-07-31T01:30:00Z,47,25.5,,,Provisional/Provisoire,,
05EA001,2026-07-31T01:35:00Z,47,25.5,,,Provisional/Provisoire,,
05EA001,2026-07-31T01:40:00Z,47,25.4,,,Provisional/Provisoire,,
05EA001,2026-07-31T01:45:00Z,47,25.6,,,Provisional/Provisoire,,
05EA001,2026-07-31T01:50:00Z,47,25.5,,,Provisional/Provisoire,,
05EA001,2026-07-31T01:55:00Z,47,25.5,,,Provisional/Provisoire,,
05EA001,2026-07-31T02:00:00Z,47,25.7,,,Provisional/Provisoire,,
05EA001,2026-07-31T02:05:00Z,47,25.6,,,Provisional/Provisoire,,
05EA001,2026-07-31T02:10:00Z,47,25.5,,,Provisional/Provisoire,,
05EA001,2026-07-31T02:15:00Z,47,25.5,,,Provisional/Provisoire,,
05EA001,2026-07-31T02:20:00Z,47,25.5,,,Provisional/Provisoire,,
05EA001,2026-07-31T02:25:00Z,47,25.4,,,Provisional/Provisoire,,
05EA001,2026-07-31T02:30:00Z,47,25.5,,,Provisional/Provisoire,,
05EA001,2026-07-31T02:35:00Z,47,25.3,,,Provisional/Provisoire,,
05EA001,2026-07-31T02:40:00Z,47,25.4,,,Provisional/Provisoire,,
05EA001,2026-07-31T02:45:00Z,47,25.4,,,Provisional/Provisoire,,
05EA001,2026-07-31T02:50:00Z,47,25.4,,,Provisional/Provisoire,,
05EA001,2026-07-31T02:55:00Z,47,25.4,,,Provisional/Provisoire,,
05EA001,2026-07-31T03:00:00Z,47,25.4,,,Provisional/Provisoire,,
05EA001,2026-07-31T03:05:00Z,47,25.4,,,Provisional/Provisoire,,
05EA001,2026-07-31T03:10:00Z,47,25.4,,,Provisional/Provisoire,,
05EA001,2026-07-31T03:15:00Z,47,25.4,,,Provisional/Provisoire,,
05EA001,2026-07-31T03:20:00Z,47,25.5,,,Provisional/Provisoire,,
05EA001,2026-07-31T03:25:00Z,47,25.4,,,Provisional/Provisoire,,
05EA001,2026-07-31T03:30:00Z,47,25.5,,,Provisional/Provisoire,,
05EA001,2026-07-31T03:35:00Z,47,25.4,,,Provisional/Provisoire,,
05EA001,2026-07-31T03:40:00Z,47,25.3,,,Provisional/Provisoire,,
05EA001,2026-07-31T03:45:00Z,47,25.4,,,Provisional/Provisoire,,
05EA001,2026-07-31T03:50:00Z,47,25.3,,,Provisional/Provisoire,,
05EA001,2026-07-31T03:55:00Z,47,25.5,,,Provisional/Provisoire,,
05EA001,2026-07-31T04:00:00Z,47,25.2,,,Provisional/Provisoire,,
05EA001,2026-07-31T04:05:00Z,47,25.3,,,Provisional/Provisoire,,
05EA001,2026-07-31T04:10:00Z,47,25.3,,,Provisional/Provisoire,,
05EA001,2026-07-31T04:15:00Z,47,25.3,,,Provisional/Provisoire,,
05EA001,2026-07-31T04:20:00Z,47,25.1,,,Provisional/Provisoire,,
05EA001,2026-07-31T04:25:00Z,47,25.3,,,Provisional/Provisoire,,
05EA001,2026-07-31T04:30:00Z,47,25.3,,,Provisional/Provisoire,,
05EA001,2026-07-31T04:35:00Z,47,25.3,,,Provisional/Provisoire,,
05EA001,2026-07-31T04:40:00Z,47,25.3,,,Provisional/Provisoire,,
05EA001,2026-07-31T04:45:00Z,47,25.2,,,Provisional/Provisoire,,
05EA001,2026-07-31T04:50:00Z,47,25.3,,,Provisional/Provisoire,,
05EA001,2026-07-31T04:55:00Z,47,25.4,,,Provisional/Provisoire,,
05EA001,2026-07-31T05:00:00Z,47,25.2,,,Provisional/Provisoire,,
05EA001,2026-07-31T05:05:00Z,47,25.3,,,Provisional/Provisoire,,
05EA001,2026-07-31T05:10:00Z,47,25.3,,,Provisional/Provisoire,,
05EA001,2026-07-31T05:15:00Z,47,25.2,,,Provisional/Provisoire,,
05EA001,2026-07-31T05:20:00Z,47,25.3,,,Provisional/Provisoire,,
05EA001,2026-07-31T05:25:00Z,47,25.2,,,Provisional/Provisoire,,
05EA001,2026-07-31T05:30:00Z,47,25.2,,,Provisional/Provisoire,,
05EA001,2026-07-31T05:35:00Z,47,25.3,,,Provisional/Provisoire,,
05EA001,2026-07-31T05:40:00Z,47,25.1,,,Provisional/Provisoire,,
05EA001,2026-07-31T05:45:00Z,47,25.2,,,Provisional/Provisoire,,
05EA001,2026-07-31T05:50:00Z,47,25.3,,,Provisional/Provisoire,,
05EA001,2026-07-31T05:55:00Z,47,25.1,,,Provisional/Provisoire,,
05EA001,2026-07-31T06:00:00Z,47,25.1,,,Provisional/Provisoire,,
05EA001,2026-07-31T06:05:00Z,47,25.1,,,Provisional/Provisoire,,
05EA001,2026-07-31T06:10:00Z,47,25.2,,,Provisional/Provisoire,,
05EA001,2026-07-31T06:15:00Z,47,25.1,,,Provisional/Provisoire,,
05EA001,2026-07-31T06:20:00Z,47,25.1,,,Provisional/Provisoire,,
05EA001,2026-07-31T06:25:00Z,47,25.1,,,Provisional/Provisoire,,
05EA001,2026-07-31T06:30:00Z,47,25.1,,,Provisional/Provisoire,,
05EA001,2026-07-31T06:35:00Z,47,25.1,,,Provisional/Provisoire,,
05EA001,2026-07-31T06:40:00Z,47,25.0,,,Provisional/Provisoire,,
05EA001,2026-07-31T06:45:00Z,47,25.2,,,Provisional/Provisoire,,
05EA001,2026-07-31T06:50:00Z,47,25.0,,,Provisional/Provisoire,,
05EA001,2026-07-31T06:55:00Z,47,25.0,,,Provisional/Provisoire,,
05EA001,2026-07-31T07:00:00Z,47,25.2,,,Provisional/Provisoire,,
05EA001,2026-07-31T07:05:00Z,47,25.1,,,Provisional/Provisoire,,
05EA001,2026-07-31T07:10:00Z,47,25.0,,,Provisional/Provisoire,,
05EA001,2026-07-31T07:15:00Z,47,25.1,,,Provisional/Provisoire,,
05EA001,2026-07-31T07:20:00Z,47,25.2,,,Provisional/Provisoire,,
05EA001,2026-07-31T07:25:00Z,47,25.0,,,Provisional/Provisoire,,
05EA001,2026-07-31T07:30:00Z,47,25.1,,,Provisional/Provisoire,,
05EA001,2026-07-31T07:35:00Z,47,25.1,,,Provisional/Provisoire,,
05EA001,2026-07-31T07:40:00Z,47,25.0,,,Provisional/Provisoire,,
05EA001,2026-07-31T07:45:00Z,47,25.1,,,Provisional/Provisoire,,
05EA001,2026-07-31T07:50:00Z,47,25.1,,,Provisional/Provisoire,,
05EA001,2026-07-31T07:55:00Z,47,25.0,,,Provisional/Provisoire,,
05EA001,2026-07-31T08:00:00Z,47,24.9,,,Provisional/Provisoire,,
05EA001,2026-07-31T08:05:00Z,47,25.0,,,Provisional/Provisoire,,
05EA001,2026-07-31T08:10:00Z,47,25.0,,,Provisional/Provisoire,,
05EA001,2026-07-31T08:15:00Z,47,25.0,,,Provisional/Provisoire,,
05EA001,2026-07-31T08:20:00Z,47,25.0,,,Provisional/Provisoire,,
05EA001,2026-07-31T08:25:00Z,47,24.9,,,Provisional/Provisoire,,
05EA001,2026-07-31T08:30:00Z,47,25.0,,,Provisional/Provisoire,,
05EA001,2026-07-31T08:35:00Z,47,24.9,,,Provisional/Provisoire,,
05EA001,2026-07-31T08:40:00Z,47,25.0,,,Provisional/Provisoire,,
05EA001,2026-07-31T08:45:00Z,47,25.0,,,Provisional/Provisoire,,
05EA001,2026-07-31T08:50:00Z,47,24.9,,,Provisional/Provisoire,,
05EA001,2026-07-31T08:55:00Z,47,25.0,,,Provisional/Provisoire,,
05EA001,2026-07-31T09:00:00Z,47,25.0,,,Provisional/Provisoire,,
05EA001,2026-07-31T09:05:00Z,47,24.9,,,Provisional/Provisoire,,
05EA001,2026-07-31T09:10:00Z,47,24.8,,,Provisional/Provisoire,,
05EA001,2026-07-31T09:15:00Z,47,25.0,,,Provisional/Provisoire,,
05EA001,2026-07-31T09:20:00Z,47,25.0,,,Provisional/Provisoire,,
05EA001,2026-07-31T09:25:00Z,47,24.9,,,Provisional/Provisoire,,
05EA001,2026-07-31T09:30:00Z,47,24.8,,,Provisional/Provisoire,,
05EA001,2026-07-31T09:35:00Z,47,24.8,,,Provisional/Provisoire,,
05EA001,2026-07-31T09:40:00Z,47,24.8,,,Provisional/Provisoire,,
05EA001,2026-07-31T09:45:00Z,47,24.8,,,Provisional/Provisoire,,
05EA001,2026-07-31T09:50:00Z,47,24.9,,,Provisional/Provisoire,,
05EA001,2026-07-31T09:55:00Z,47,24.9,,,Provisional/Provisoire,,
05EA001,2026-07-31T10:00:00Z,47,24.9,,,Provisional/Provisoire,,
05EA001,2026-07-31T10:05:00Z,47,24.9,,,Provisional/Provisoire,,
05EA001,2026-07-31T10:10:00Z,47,24.9,,,Provisional/Provisoire,,
05EA001,2026-07-31T10:15:00Z,47,24.7,,,Provisional/Provisoire,,
05EA001,2026-07-31T10:20:00Z,47,24.9,,,Provisional/Provisoire,,
05EA001,2026-07-31T10:25:00Z,47,24.9,,,Provisional/Provisoire,,
05EA001,2026-07-31T10:30:00Z,47,24.8,,,Provisional/Provisoire,,
05EA001,2026-07-31T10:35:00Z,47,24.8,,,Provisional/Provisoire,,
05EA001,2026-07-31T10:40:00Z,47,24.9,,,Provisional/Provisoire,,
05EA001,2026-07-31T10:45:00Z,47,24.9,,,Provisional/Provisoire,,
05EA001,2026-07-31T10:50:00Z,47,24.9,,,Provisional/Provisoire,,
05EA001,2026-07-31T10:55:00Z,47,24.9,,,Provisional/Provisoire,,
05EA001,2026-07-31T11:00:00Z,47,24.7,,,Provisional/Provisoire,,
05EA001,2026-07-31T11:05:00Z,47,24.8,,,Provisional/Provisoire,,
05EA001,2026-07-31T11:10:00Z,47,24.8,,,Provisional/Provisoire,,
05EA001,2026-07-31T11:15:00Z,47,24.7,,,Provisional/Provisoire,,
05EA001,2026-07-31T11:20:00Z,47,24.8,,,Provisional/Provisoire,,
05EA001,2026-07-31T11:25:00Z,47,24.7,,,Provisional/Provisoire,,
05EA001,2026-07-31T11:30:00Z,47,24.8,,,Provisional/Provisoire,,
05EA001,2026-07-31T11:35:00Z,47,24.6,,,Provisional/Provisoire,,
05EA001,2026-07-31T11:40:00Z,47,24.6,,,Provisional/Provisoire,,
05EA001,2026-07-31T11:45:00Z,47,24.8,,,Provisional/Provisoire,,
05EA001,2026-07-31T11:50:00Z,47,24.8,,,Provisional/Provisoire,,
05EA001,2026-07-31T11:55:00Z,47,24.7,,,Provisional/Provisoire,,
05EA001,2026-07-31T12:00:00Z,47,24.8,,,Provisional/Provisoire,,
05EA001,2026-07-31T12:05:00Z,47,24.7,,,Provisional/Provisoire,,
05EA001,2026-07-31T12:10:00Z,47,24.7,,,Provisional/Provisoire,,
05EA001,2026-07-31T12:15:00Z,47,24.6,,,Provisional/Provisoire,,
05EA001,2026-07-31T12:20:00Z,47,24.7,,,Provisional/Provisoire,,
05EA001,2026-07-31T12:25:00Z,47,24.6,,,Provisional/Provisoire,,
05EA001,2026-07-31T12:30:00Z,47,24.8,,,Provisional/Provisoire,,
05EA001,2026-07-31T12:35:00Z,47,24.6,,,Provisional/Provisoire,,
05EA001,2026-07-31T12:40:00Z,47,24.7,,,Provisional/Provisoire,,
05EA001,2026-07-31T12:45:00Z,47,24.7,,,Provisional/Provisoire,,
05EA001,2026-07-31T12:50:00Z,47,24.7,,,Provisional/Provisoire,,
05EA001,2026-07-31T12:55:00Z,47,24.4,,,Provisional/Provisoire,,
05EA001,2026-07-31T13:00:00Z,47,24.5,,,Provisional/Provisoire,,
05EA001,2026-07-31T13:05:00Z,47,24.5,,,Provisional/Provisoire,,
05EA001,2026-07-31T13:10:00Z,47,24.5,,,Provisional/Provisoire,,
05EA001,2026-07-31T13:15:00Z,47,24.6,,,Provisional/Provisoire,,
05EA001,2026-07-31T13:20:00Z,47,24.6,,,Provisional/Provisoire,,
05EA001,2026-07-31T13:25:00Z,47,24.4,,,Provisional/Provisoire,,
05EA001,2026-07-31T13:30:00Z,47,24.6,,,Provisional/Provisoire,,
05EA001,2026-07-31T13:35:00Z,47,24.6,,,Provisional/Provisoire,,
05EA001,2026-07-31T13:40:00Z,47,24.6,,,Provisional/Provisoire,,
05EA001,2026-07-31T13:45:00Z,47,24.6,,,Provisional/Provisoire,,
05EA001,2026-07-31T13:50:00Z,47,24.5,,,Provisional/Provisoire,,
05EA001,2026-07-31T13:55:00Z,47,24.6,,,Provisional/Provisoire,,
05EA001,2026-07-31T14:00:00Z,47,24.4,,,Provisional/Provisoire,,
05EA001,2026-07-31T14:05:00Z,47,24.5,,,Provisional/Provisoire,,
05EA001,2026-07-31T14:10:00Z,47,24.6,,,Provisional/Provisoire,,
05EA001,2026-07-31T14:15:00Z,47,24.4,,,Provisional/Provisoire,,
05EA001,2026-07-31T14:20:00Z,47,24.5,,,Provisional/Provisoire,,
05EA001,2026-07-31T14:25:00Z,47,24.5,,,Provisional/Provisoire,,
05EA001,2026-07-31T14:30:00Z,47,24.6,,,Provisional/Provisoire,,
05EA001,2026-07-31T14:35:00Z,47,24.4,,,Provisional/Provisoire,,
05EA001,2026-07-31T14:40:00Z,47,24.4,,,Provisional/Provisoire,,
05EA001,2026-07-31T14:45:00Z,47,24.6,,,Provisional/Provisoire,,
05EA001,2026-07-31T14:50:00Z,47,24.4,,,Provisional/Provisoire,,
05EA001,2026-07-31T14:55:00Z,47,24.4,,,Provisional/Provisoire,,
05EA001,2026-07-31T15:00:00Z,47,24.5,,,Provisional/Provisoire,,
05EA001,2026-07-31T15:05:00Z,47,24.5,,,Provisional/Provisoire,,
05EA001,2026-07-31T15:10:00Z,47,24.4,,,Provisional/Provisoire,,
05EA001,2026-07-31T15:15:00Z,47,24.5,,,Provisional/Provisoire,,
05EA001,2026-07-31T15:20:00Z,47,24.6,,,Provisional/Provisoire,,
05EA001,2026-07-31T15:25:00Z,47,24.5,,,Provisional/Provisoire,,
05EA001,2026-07-31T15:30:00Z,47,24.5,,,Provisional/Provisoire,,
05EA001,2026-07-31T15:35:00Z,47,24.3,,,Provisional/Provisoire,,
05EA001,2026-07-31T15:40:00Z,47,24.4,,,Provisional/Provisoire,,
05EA001,2026-07-31T15:45:00Z,47,24.5,,,Provisional/Provisoire,,
05EA001,2026-07-31T15:50:00Z,47,24.4,,,Provisional/Provisoire,,
05EA001,2026-07-31T15:55:00Z,47,24.4,,,Provisional/Provisoire,,
05EA001,2026-07-31T16:00:00Z,47,24.5,,,Provisional/Provisoire,,
05EA001,2026-07-31T16:05:00Z,47,24.5,,,Provisional/Provisoire,,
05EA001,2026-07-31T16:10:00Z,47,24.5,,,Provisional/Provisoire,,
05EA001,2026-07-31T16:15:00Z,47,24.4,,,Provisional/Provisoire,,
05EA001,2026-07-31T16:20:00Z,47,24.4,,,Provisional/Provisoire,,
05EA001,2026-07-31T16:25:00Z,47,24.5,,,Provisional/Provisoire,,
05EA001,2026-07-31T16:30:00Z,47,24.3,,,Provisional/Provisoire,,
05EA001,2026-07-31T16:35:00Z,47,24.4,,,Provisional/Provisoire,,
05EA001,2026-07-31T16:40:00Z,47,24.2,,,Provisional/Provisoire,,
05EA001,2026-07-31T16:45:00Z,47,24.3,,,Provisional/Provisoire,,
05EA001,2026-07-31T16:50:00Z,47,24.3,,,Provisional/Provisoire,,
05EA001,2026-07-31T16:55:00Z,47,24.4,,,Provisional/Provisoire,,
05EA001,2026-07-31T17:00:00Z,47,24.4,,,Provisional/Provisoire,,
05EA001,2026-07-31T17:05:00Z,47,24.3,,,Provisional/Provisoire,,
05EA001,2026-07-31T17:10:00Z,47,24.3,,,Provisional/Provisoire,,
05EA001,2026-07-31T17:15:00Z,47,24.3,,,Provisional/Provisoire,,
05EA001,2026-07-31T17:20:00Z,47,24.3,,,Provisional/Provisoire,,
05EA001,2026-07-31T17:25:00Z,47,24.3,,,Provisional/Provisoire,,
05EA001,2026-07-31T17:30:00Z,47,24.2,,,Provisional/Provisoire,,
05EA001,2026-07-31T17:35:00Z,47,24.2,,,Provisional/Provisoire,,
05EA001,2026-07-31T17:40:00Z,47,24.3,,,Provisional/Provisoire,,
05EA001,2026-07-31T17:45:00Z,47,24.2,,,Provisional/Provisoire,,
05EA001,2026-07-31T17:50:00Z,47,24.2,,,Provisional/Provisoire,,
05EA001,2026-07-31T17:55:00Z,47,24.1,,,Provisional/Provisoire,,
05EA001,2026-07-31T18:00:00Z,47,24.1,,,Provisional/Provisoire,,
05EA001,2026-07-31T18:05:00Z,47,24.2,,,Provisional/Provisoire,,
05EA001,2026-07-31T18:10:00Z,47,24.4,,,Provisional/Provisoire,,
05EA001,2026-07-31T18:15:00Z,47,24.2,,,Provisional/Provisoire,,
05EA001,2026-07-31T18:20:00Z,47,24.1,,,Provisional/Provisoire,,
05EA001,2026-07-31T18:25:00Z,47,24.3,,,Provisional/Provisoire,,
05EA001,2026-07-31T18:30:00Z,47,24.2,,,Provisional/Provisoire,,
05EA001,2026-07-31T18:35:00Z,47,24.4,,,Provisional/Provisoire,,
05EA001,2026-07-31T18:40:00Z,47,24.3,,,Provisional/Provisoire,,
05EA001,2026-07-31T18:45:00Z,47,24.1,,,Provisional/Provisoire,,
05EA001,2026-07-31T18:50:00Z,47,24.3,,,Provisional/Provisoire,,
05EA001,2026-07-31T18:55:00Z,47,24.2,,,Provisional/Provisoire,,
05EA001,2026-07-31T19:00:00Z,47,24.3,,,Provisional/Provisoire,,
05EA001,2026-07-31T19:05:00Z,47,24.2,,,Provisional/Provisoire,,
05EA001,2026-07-31T19:10:00Z,47,24.2,,,Provisional/Provisoire,,
05EA001,2026-07-31T19:15:00Z,47,24.2,,,Provisional/Provisoire,,
05EA001,2026-07-31T19:20:00Z,47,24.2,,,Provisional/Provisoire,,
05EA001,2026-07-31T19:25:00Z,47,24.1,,,Provisional/Provisoire,,
05EA001,2026-07-31T19:30:00Z,47,24.0,,,Provisional/Provisoire,,
05EA001,2026-07-31T19:35:00Z,47,24.1,,,Provisional/Provisoire,,
05EA001,2026-07-31T19:40:00Z,47,24.1,,,Provisional/Provisoire,,
05EA001,2026-07-31T19:45:00Z,47,24.2,,,Provisional/Provisoire,,
05EA001,2026-07-31T19:50:00Z,47,24.0,,,Provisional/Provisoire,,
05EA001,2026-07-31T19:55:00Z,47,24.2,,,Provisional/Provisoire,,
05EA001,2026-07-31T20:00:00Z,47,24.1,,,Provisional/Provisoire,,
05EA001,2026-07-31T20:05:00Z,47,24.1,,,Provisional/Provisoire,,
05EA001,2026-07-31T20:10:00Z,47,24.1,,,Provisional/Provisoire,,
05EA001,2026-07-31T20:15:00Z,47,24.1,,,Provisional/Provisoire,,
05EA001,2026-07-31T20:20:00Z,47,24.2,,,Provisional/Provisoire,,
05EA001,2026-07-31T20:25:00Z,47,24.1,,,Provisional/Provisoire,,
05EA001,2026-07-31T20:30:00Z,47,24.1,,,Provisional/Provisoire,,
05EA001,2026-07-31T20:35:00Z,47,24.2,,,Provisional/Provisoire,,
05EA001,2026-07-31T20:40:00Z,47,24.0,,,Provisional/Provisoire,,
05EA001,2026-07-31T20:45:00Z,47,24.1,,,Provisional/Provisoire,,
05EA001,2026-07-31T20:50:00Z,47,24.2,,,Provisional/Provisoire,,
05EA001,2026-07-31T20:55:00Z,47,24.2,,,Provisional/Provisoire,,
05EA001,2026-07-31T21:00:00Z,47,24.2,,,Provisional/Provisoire,,
05EA001,2026-07-31T21:05:00Z,47,24.2,,,Provisional/Provisoire,,
05EA001,2026-07-31T21:10:00Z,47,24.0,,,Provisional/Provisoire,,
05EA001,2026-07-31T21:15:00Z,47,24.1,,,Provisional/Provisoire,,
05EA001,2026-07-31T21:20:00Z,47,23.9,,,Provisional/Provisoire,,
05EA001,2026-07-31T21:25:00Z,47,24.1,,,Provisional/Provisoire,,
05EA001,2026-07-31T21:30:00Z,47,24.1,,,Provisional/Provisoire,,
05EA001,2026-07-31T21:35:00Z,47,23.9,,,Provisional/Provisoire,,
05EA001,2026-07-31T21:40:00Z,47,23.9,,,Provisional/Provisoire,,
05EA001,2026-07-31T21:45:00Z,47,24.1,,,Provisional/Provisoire,,
05EA001,2026-07-31T21:50:00Z,47,24.0,,,Provisional/Provisoire,,
05EA001,2026-07-31T21:55:00Z,47,24.0,,,Provisional/Provisoire,,
05EA001,2026-07-31T22:00:00Z,47,24.0,,,Provisional/Provisoire,,
05EA001,2026-07-31T22:05:00Z,47,24.0,,,Provisional/Provisoire,,
05EA001,2026-07-31T22:10:00Z,47,23.9,,,Provisional/Provisoire,,
05EA001,2026-07-31T22:15:00Z,47,24.0,,,Provisional/Provisoire,,
05EA001,2026-07-31T22:20:00Z,47,24.0,,,Provisional/Provisoire,,
05EA001,2026-07-31T22:25:00Z,47,24.0,,,Provisional/Provisoire,,
05EA001,2026-07-31T22:30:00Z,47,23.9,,,Provisional/Provisoire,,
05EA001,2026-07-31T22:35:00Z,47,24.1,,,Provisional/Provisoire,,
05EA001,2026-07-31T22:40:00Z,47,24.1,,,Provisional/Provisoire,,
05EA001,2026-07-31T22:45:00Z,47,24.0,,,Provisional/Provisoire,,
05EA001,2026-07-31T22:50:00Z,47,23.8,,,Provisional/Provisoire,,
05EA001,2026-07-31T22:55:00Z,47,23.8,,,Provisional/Provisoire,,
05EA001,2026-07-31T23:00:00Z,47,24.0,,,Provisional/Provisoire,,
05EA001,2026-07-31T23:05:00Z,47,23.8,,,Provisional/Provisoire,,
05EA001,2026-07-31T23:10:00Z,47,24.0,,,Provisional/Provisoire,,
05EA001,2026-07-31T23:15:00Z,47,24.0,,,Provisional/Provisoire,,
05EA001,2026-07-31T23:20:00Z,47,23.8,,,Provisional/Provisoire,,
05EA001,2026-07-31T23:25:00Z,47,23.9,,,Provisional/Provisoire,,
05EA001,2026-07-31T23:30:00Z,47,24.0,,,Provisional/Provisoire,,
05EA001,2026-07-31T23:35:00Z,47,23.9,,,Provisional/Provisoire,,
05EA001,2026-07-31T23:40:00Z,47,24.0,,,Provisional/Provisoire,,
05EA001,2026-07-31T23:45:00Z,47,23.9,,,Provisional/Provisoire,,
05EA001,2026-07-31T23:50:00Z,47,23.8,,,Provisional/Provisoire,,
05EA001,2026-07-31T23:55:00Z,47,23.8,,,Provisional/Provisoire,,
05EA001,2026-08-01T00:00:00Z,47,23.9,,,Provisional/Provisoire,,
05EA001,2026-08-01T00:05:00Z,47,23.8,,,Provisional/Provisoire,,
05EA001,2026-08-01T00:10:00Z,47,24.0,,,Provisional/Provisoire,,
05EA001,2026-08-01T00:15:00Z,47,23.8,,,Provisional/Provisoire,,
05EA001,2026-08-01T00:20:00Z,47,23.8,,,Provisional/Provisoire,,
05EA001,2026-08-01T00:25:00Z,47,24.0,,,Provisional/Provisoire,,
05EA001,2026-08-01T00:30:00Z,47,23.8,,,Provisional/Provisoire,,
05EA001,2026-08-01T00:35:00Z,47,24.0,,,Provisional/Provisoire,,
05EA001,2026-08-01T00:40:00Z,47,23.9,,,Provisional/Provisoire,,
05EA001,2026-08-01T00:45:00Z,47,23.9,,,Provisional/Provisoire,,
05EA001,2026-08-01T00:50:00Z,47,23.7,,,Provisional/Provisoire,,
05EA001,2026-08-01T00:55:00Z,47,23.8,,,Provisional/Provisoire,,
05EA001,2026-08-01T01:00:00Z,47,23.8,,,Provisional/Provisoire,,
05EA001,2026-08-01T01:05:00Z,47,23.8,,,Provisional/Provisoire,,
05EA001,2026-08-01T01:10:00Z,47,23.8,,,Provisional/Provisoire,,
05EA001,2026-08-01T01:15:00Z,47,23.9,,,Provisional/Provisoire,,
05EA001,2026-08-01T01:20:00Z,47,23.7,,,Provisional/Provisoire,,
05EA001,2026-08-01T01:25:00Z,47,23.8,,,Provisional/Provisoire,,
05EA001,2026-08-01T01:30:00Z,47,23.7,,,Provisional/Provisoire,,
05EA001,2026-08-01T01:35:00Z,47,23.8,,,Provisional/Provisoire,,
05EA001,2026-08-01T01:40:00Z,47,23.8,,,Provisional/Provisoire,,
05EA001,2026-08-01T01:45:00Z,47,23.8,,,Provisional/Provisoire,,
05EA001,2026-08-01T01:50:00Z,47,23.8,,,Provisional/Provisoire,,
05EA001,2026-08-01T01:55:00Z,47,23.7,,,Provisional/Provisoire,,
05EA001,2026-08-01T02:00:00Z,47,23.7,,,Provisional/Provisoire,,
05EA001,2026-08-01T02:05:00Z,47,23.8,,,Provisional/Provisoire,,
05EA001,2026-08-01T02:10:00Z,47,23.7,,,Provisional/Provisoire,,
05EA001,2026-08-01T02:15:00Z,47,23.7,,,Provisional/Provisoire,,
05EA001,2026-08-01T02:20:00Z,47,23.8,,,Provisional/Provisoire,,
05EA001,2026-08-01T02:25:00Z,47,23.8,,,Provisional/Provisoire,,
05EA001,2026-08-01T02:30:00Z,47,23.8,,,Provisional/Provisoire,,
05EA001,2026-08-01T02:35:00Z,47,23.8,,,Provisional/Provisoire,,
05EA001,2026-08-01T02:40:00Z,47,23.7,,,Provisional/Provisoire,,
05EA001,2026-08-01T02:45:00Z,47,23.7,,,Provisional/Provisoire,,
05EA001,2026-08-01T02:50:00Z,47,23.7,,,Provisional/Provisoire,,
05EA001,2026-08-01T02:55:00Z,47,23.7,,,Provisional/Provisoire,,
05EA001,2026-08-01T03:00:00Z,47,23.8,,,Provisional/Provisoire,,
05EA001,2026-08-01T03:05:00Z,47,23.8,,,Provisional/Provisoire,,
05EA001,2026-08-01T03:10:00Z,47,23.7,,,Provisional/Provisoire,,
05EA001,2026-08-01T03:15:00Z,47,23.5,,,Provisional/Provisoire,,
05EA001,2026-08-01T03:20:00Z,47,23.8,,,Provisional/Provisoire,,
05EA001,2026-08-01T03:25:00Z,47,23.8,,,Provisional/Provisoire,,
05EA001,2026-08-01T03:30:00Z,47,23.7,,,Provisional/Provisoire,,
05EA001,2026-08-01T03:35:00Z,47,23.7,,,Provisional/Provisoire,,
05EA001,2026-08-01T03:40:00Z,47,23.7,,,Provisional/Provisoire,,
05EA001,2026-08-01T03:45:00Z,47,23.7,,,Provisional/Provisoire,,
05EA001,2026-08-01T03:50:00Z,47,23.5,,,Provisional/Provisoire,,
05EA001,2026-08-01T03:55:00Z,47,23.5,,,Provisional/Provisoire,,
05EA001,2026-08-01T04:00:00Z,47,23.7,,,Provisional/Provisoire,,
05EA001,2026-08-01T04:05:00Z,47,23.7,,,Provisional/Provisoire,,
05EA001,2026-08-01T04:10:00Z,47,23.6,,,Provisional/Provisoire,,
05EA001,2026-08-01T04:15:00Z,47,23.9,,,Provisional/Provisoire,,
05EA001,2026-08-01T04:20:00Z,47,23.7,,,Provisional/Provisoire,,
05EA001,2026-08-01T04:25:00Z,47,23.7,,,Provisional/Provisoire,,
05EA001,2026-08-01T04:30:00Z,47,23.7,,,Provisional/Provisoire,,
05EA001,2026-08-01T04:35:00Z,47,23.8,,,Provisional/Provisoire,,
05EA001,2026-08-01T04:40:00Z,47,23.7,,,Provisional/Provisoire,,
05EA001,2026-08-01T04:45:00Z,47,23.5,,,Provisional/Provisoire,,
05EA001,2026-08-01T04:50:00Z,47,23.7,,,Provisional/Provisoire,,
05EA001,2026-08-01T04:55:00Z,47,23.6,,,Provisional/Provisoire,,
05EA001,2026-08-01T05:00:00Z,47,23.4,,,Provisional/Provisoire,,
05EA001,2026-08-01T05:05:00Z,47,23.7,,,Provisional/Provisoire,,
05EA001,2026-08-01T05:10:00Z,47,23.3,,,Provisional/Provisoire,,
05EA001,2026-08-01T05:15:00Z,47,23.7,,,Provisional/Provisoire,,
05EA001,2026-08-01T05:20:00Z,47,23.7,,,Provisional/Provisoire,,
05EA001,2026-08-01T05:25:00Z,47,23.7,,,Provisional/Provisoire,,
05EA001,2026-08-01T05:30:00Z,47,23.7,,,Provisional/Provisoire,,
05EA001,2026-08-01T05:35:00Z,47,23.7,,,Provisional/Provisoire,,
05EA001,2026-08-01T05:40:00Z,47,23.6,,,Provisional/Provisoire,,
05EA001,2026-08-01T05:45:00Z,47,23.7,,,Provisional/Provisoire,,
05EA001,2026-08-01T05:50:00Z,47,23.7,,,Provisional/Provisoire,,
05EA001,2026-08-01T05:55:00Z,47,23.8,,,Provisional/Provisoire,,
05EA001,2026-08-01T06:00:00Z,47,23.7,,,Provisional/Provisoire,,
05EA001,2026-08-01T06:05:00Z,47,23.6,,,Provisional/Provisoire,,
05EA001,2026-08-01T06:10:00Z,47,23.5,,,Provisional/Provisoire,,
05EA001,2026-08-01T06:15:00Z,47,23.7,,,Provisional/Provisoire,,
05EA001,2026-08-01T06:20:00Z,47,23.5,,,Provisional/Provisoire,,
05EA001,2026-08-01T06:25:00Z,47,23.6,,,Provisional/Provisoire,,
05EA001,2026-08-01T06:30:00Z,47,23.9,,,Provisional/Provisoire,,
05EA001,2026-08-01T06:35:00Z,47,23.8,,,Provisional/Provisoire,,
05EA001,2026-08-01T06:40:00Z,47,23.8,,,Provisional/Provisoire,,
05EA001,2026-08-01T06:45:00Z,47,23.8,,,Provisional/Provisoire,,
05EA001,2026-08-01T06:50:00Z,47,23.5,,,Provisional/Provisoire,,
05EA001,2026-08-01T06:55:00Z,47,23.5,,,Provisional/Provisoire,,
05EA001,2026-08-01T07:00:00Z,47,23.8,,,Provisional/Provisoire,,
05EA001,2026-08-01T07:05:00Z,47,23.8,,,Provisional/Provisoire,,
05EA001,2026-08-01T07:10:00Z,47,23.6,,,Provisional/Provisoire,,
05EA001,2026-08-01T07:15:00Z,47,23.5,,,Provisional/Provisoire,,
05EA001,2026-08-01T07:20:00Z,47,23.4,,,Provisional/Provisoire,,
05EA001,2026-08-01T07:25:00Z,47,23.6,,,Provisional/Provisoire,,
05EA001,2026-08-01T07:30:00Z,47,23.6,,,Provisional/Provisoire,,
05EA001,2026-08-01T07:35:00Z,47,23.7,,,Provisional/Provisoire,,
05EA001,2026-08-01T07:40:00Z,47,23.6,,,Provisional/Provisoire,,
05EA001,2026-08-01T07:45:00Z,47,23.6,,,Provisional/Provisoire,,
05EA001,2026-08-01T07:50:00Z,47,23.7,,,Provisional/Provisoire,,
05EA001,2026-08-01T07:55:00Z,47,23.7,,,Provisional/Provisoire,,
05EA001,2026-08-01T08:00:00Z,47,23.4,,,Provisional/Provisoire,,
05EA001,2026-08-01T08:05:00Z,47,23.5,,,Provisional/Provisoire,,
05EA001,2026-08-01T08:10:00Z,47,23.5,,,Provisional/Provisoire,,
05EA001,2026-08-01T08:15:00Z,47,23.7,,,Provisional/Provisoire,,
05EA001,2026-08-01T08:20:00Z,47,23.5,,,Provisional/Provisoire,,
05EA001,2026-08-01T08:25:00Z,47,23.6,,,Provisional/Provisoire,,
05EA001,2026-08-01T08:30:00Z,47,23.5,,,Provisional/Provisoire,,
05EA001,2026-08-01T08:35:00Z,47,23.6,,,Provisional/Provisoire,,
05EA001,2026-08-01T08:40:00Z,47,23.4,,,Provisional/Provisoire,,
05EA001,2026-08-01T08:45:00Z,47,23.4,,,Provisional/Provisoire,,
05EA001,2026-08-01T08:50:00Z,47,23.4,,,Provisional/Provisoire,,
05EA001,2026-08-01T08:55:00Z,47,23.6,,,Provisional/Provisoire,,
05EA001,2026-08-01T09:00:00Z,47,23.5,,,Provisional/Provisoire,,
05EA001,2026-08-01T09:05:00Z,47,23.5,,,Provisional/Provisoire,,
05EA001,2026-08-01T09:10:00Z,47,23.7,,,Provisional/Provisoire,,
05EA001,2026-08-01T09:15:00Z,47,23.7,,,Provisional/Provisoire,,
05EA001,2026-08-01T09:20:00Z,47,23.5,,,Provisional/Provisoire,,
05EA001,2026-08-01T09:25:00Z,47,23.6,,,Provisional/Provisoire,,
05EA001,2026-08-01T09:30:00Z,47,23.3,,,Provisional/Provisoire,,
05EA001,2026-08-01T09:35:00Z,47,23.6,,,Provisional/Provisoire,,
05EA001,2026-08-01T09:40:00Z,47,23.2,,,Provisional/Provisoire,,
05EA001,2026-08-01T09:45:00Z,47,23.3,,,Provisional/Provisoire,,
05EA001,2026-08-01T09:50:00Z,47,23.4,,,Provisional/Provisoire,,
05EA001,2026-08-01T09:55:00Z,47,23.6,,,Provisional/Provisoire,,
05EA001,2026-08-01T10:00:00Z,47,23.5,,,Provisional/Provisoire,,
05EA001,2026-08-01T10:05:00Z,47,23.6,,,Provisional/Provisoire,,
05EA001,2026-08-01T10:10:00Z,47,23.4,,,Provisional/Provisoire,,
05EA001,2026-08-01T10:15:00Z,47,23.5,,,Provisional/Provisoire,,
05EA001,2026-08-01T10:20:00Z,47,23.4,,,Provisional/Provisoire,,
05EA001,2026-08-01T10:25:00Z,47,23.3,,,Provisional/Provisoire,,
05EA001,2026-08-01T10:30:00Z,47,23.5,,,Provisional/Provisoire,,
05EA001,2026-08-01T10:35:00Z,47,23.3,,,Provisional/Provisoire,,
05EA001,2026-08-01T10:40:00Z,47,23.2,,,Provisional/Provisoire,,
05EA001,2026-08-01T10:45:00Z,47,23.2,,,Provisional/Provisoire,,
05EA001,2026-08-01T10:50:00Z,47,23.5,,,Provisional/Provisoire,,
05EA001,2026-08-01T10:55:00Z,47,23.5,,,Provisional/Provisoire,,
05EA001,2026-08-01T11:00:00Z,47,23.3,,,Provisional/Provisoire,,
05EA001,2026-08-01T11:05:00Z,47,23.6,,,Provisional/Provisoire,,
05EA001,2026-08-01T11:10:00Z,47,23.4,,,Provisional/Provisoire,,
05EA001,2026-08-01T11:15:00Z,47,23.5,,,Provisional/Provisoire,,
05EA001,2026-08-01T11:20:00Z,47,23.3,,,Provisional/Provisoire,,
05EA001,2026-08-01T11:25:00Z,47,23.2,,,Provisional/Provisoire,,
05EA001,2026-08-01T11:30:00Z,47,23.2,,,Provisional/Provisoire,,
05EA001,2026-08-01T11:35:00Z,47,23.4,,,Provisional/Provisoire,,
05EA001,2026-08-01T11:40:00Z,47,23.3,,,Provisional/Provisoire,,
05EA001,2026-08-01T11:45:00Z,47,23.5,,,Provisional/Provisoire,,
05EA001,2026-08-01T11:50:00Z,47,23.3,,,Provisional/Provisoire,,
05EA001,2026-08-01T11:55:00Z,47,23.2,,,Provisional/Provisoire,,
05EA001,2026-08-01T12:00:00Z,47,23.4,,,Provisional/Provisoire,,
05EA001,2026-08-01T12:05:00Z,47,23.2,,,Provisional/Provisoire,,
05EA001,2026-08-01T12:10:00Z,47,23.4,,,Provisional/Provisoire,,
05EA001,2026-08-01T12:15:00Z,47,23.3,,,Provisional/Provisoire,,
05EA001,2026-08-01T12:20:00Z,47,23.6,,,Provisional/Provisoire,,
05EA001,2026-08-01T12:25:00Z,47,23.4,,,Provisional/Provisoire,,
05EA001,2026-08-01T12:30:00Z,47,23.4,,,Provisional/Provisoire,,
05EA001,2026-08-01T12:35:00Z,47,23.4,,,Provisional/Provisoire,,
05EA001,2026-08-01T12:40:00Z,47,23.2,,,Provisional/Provisoire,,
05EA001,2026-08-01T12:45:00Z,47,23.2,,,Provisional/Provisoire,,
05EA001,2026-08-01T12:50:00Z,47,23.5,,,Provisional/Provisoire,,
05EA001,2026-08-01T12:55:00Z,47,23.4,,,Provisional/Provisoire,,
05EA001,2026-08-01T13:00:00Z,47,23.5,,,Provisional/Provisoire,,
05EA001,2026-08-01T13:05:00Z,47,23.2,,,Provisional/Provisoire,,
05EA001,2026-08-01T13:10:00Z,47,23.3,,,Provisional/Provisoire,,
05EA001,2026-08-01T13:15:00Z,47,23.2,,,Provisional/Provisoire,,
05EA001,2026-08-01T13:20:00Z,47,23.2,,,Provisional/Provisoire,,
05EA001,2026-08-01T13:25:00Z,47,23.4,,,Provisional/Provisoire,,
05EA001,2026-08-01T13:30:00Z,47,23.1,,,Provisional/Provisoire,,
05EA001,2026-08-01T13:35:00Z,47,23.0,,,Provisional/Provisoire,,
05EA001,2026-08-01T13:40:00Z,47,23.2,,,Provisional/Provisoire,,
05EA001,2026-08-01T13:45:00Z,47,23.2,,,Provisional/Provisoire,,
05EA001,2026-08-01T13:50:00Z,47,23.2,,,Provisional/Provisoire,,
05EA001,2026-08-01T13:55:00Z,47,23.4,,,Provisional/Provisoire,,
05EA001,2026-08-01T14:00:00Z,47,23.0,,,Provisional/Provisoire,,
05EA001,2026-08-01T14:05:00Z,47,23.2,,,Provisional/Provisoire,,
05EA001,2026-08-01T14:10:00Z,47,23.4,,,Provisional/Provisoire,,
05EA001,2026-08-01T14:15:00Z,47,23.3,,,Provisional/Provisoire,,
05EA001,2026-08-01T14:20:00Z,47,23.3,,,Provisional/Provisoire,,
05EA001,2026-08-01T14:25:00Z,47,23.3,,,Provisional/Provisoire,,
05EA001,2026-08-01T14:30:00Z,47,23.2,,,Provisional/Provisoire,,
05EA001,2026-08-01T14:35:00Z,47,23.2,,,Provisional/Provisoire,,
05EA001,2026-08-01T14:40:00Z,47,23.2,,,Provisional/Provisoire,,
05EA001,2026-08-01T14:45:00Z,47,23.3,,,Provisional/Provisoire,,
05EA001,2026-08-01T14:50:00Z,47,23.2,,,Provisional/Provisoire,,
05EA001,2026-08-01T14:55:00Z,47,23.3,,,Provisional/Provisoire,,
05EA001,2026-08-01T15:00:00Z,47,23.0,,,Provisional/Provisoire,,
05EA001,2026-08-01T15:05:00Z,47,23.2,,,Provisional/Provisoire,,
05EA001,2026-08-01T15:10:00Z,47,23.4,,,Provisional/Provisoire,,
05EA001,2026-08-01T15:15:00Z,47,23.3,,,Provisional/Provisoire,,
05EA001,2026-08-01T15:20:00Z,47,23.1,,,Provisional/Provisoire,,
05EA001,2026-08-01T15:25:00Z,47,23.2,,,Provisional/Provisoire,,
05EA001,2026-08-01T15:30:00Z,47,23.3,,,Provisional/Provisoire,,
05EA001,2026-08-01T15:35:00Z,47,23.2,,,Provisional/Provisoire,,
05EA001,2026-08-01T15:40:00Z,47,23.3,,,Provisional/Provisoire,,
05EA001,2026-08-01T15:45:00Z,47,23.2,,,Provisional/Provisoire,,
05EA001,2026-08-01T15:50:00Z,47,23.3,,,Provisional/Provisoire,,
05EA001,2026-08-01T15:55:00Z,47,23.3,,,Provisional/Provisoire,,
05EA001,2026-08-01T16:00:00Z,47,23.3,,,Provisional/Provisoire,,
05EA001,2026-08-01T16:05:00Z,47,23.2,,,Provisional/Provisoire,,
05EA001,2026-08-01T16:10:00Z,47,23.2,,,Provisional/Provisoire,,
05EA001,2026-08-01T16:15:00Z,47,23.3,,,Provisional/Provisoire,,
05EA001,2026-08-01T16:20:00Z,47,23.1,,,Provisional/Provisoire,,
05EA001,2026-08-01T16:25:00Z,47,23.0,,,Provisional/Provisoire,,
05EA001,2026-08-01T16:30:00Z,47,23.3,,,Provisional/Provisoire,,
05EA001,2026-08-01T16:35:00Z,47,23.1,,,Provisional/Provisoire,,
05EA001,2026-08-01T16:40:00Z,47,23.1,,,Provisional/Provisoire,,
05EA001,2026-08-01T16:45:00Z,47,23.1,,,Provisional/Provisoire,,
05EA001,2026-08-01T16:50:00Z,47,23.3,,,Provisional/Provisoire,,
05EA001,2026-08-01T16:55:00Z,47,23.2,,,Provisional/Provisoire,,
05EA001,2026-08-01T17:00:00Z,47,23.2,,,Provisional/Provisoire,,
05EA001,2026-08-01T17:05:00Z,47,23.0,,,Provisional/Provisoire,,
05EA001,2026-08-01T17:10:00Z,47,23.3,,,Provisional/Provisoire,,
05EA001,2026-08-01T17:15:00Z,47,23.1,,,Provisional/Provisoire,,
05EA001,2026-08-01T17:20:00Z,47,23.2,,,Provisional/Provisoire,,
05EA001,2026-08-01T17:25:00Z,47,23.1,,,Provisional/Provisoire,,
05EA001,2026-08-01T17:30:00Z,47,23.1,,,Provisional/Provisoire,,
05EA001,2026-08-01T17:35:00Z,47,23.1,,,Provisional/Provisoire,,
05EA001,2026-08-01T17:40:00Z,47,23.2,,,Provisional/Provisoire,,
05EA001,2026-08-01T17:45:00Z,47,23.1,,,Provisional/Provisoire,,
05EA001,2026-08-01T17:50:00Z,47,23.0,,,Provisional/Provisoire,,
05EA001,2026-08-01T17:55:00Z,47,23.1,,,Provisional/Provisoire,,
05EA001,2026-08-01T18:00:00Z,47,23.2,,,Provisional/Provisoire,,
05EA001,2026-08-01T18:05:00Z,47,23.2,,,Provisional/Provisoire,,
05EA001,2026-08-01T18:10:00Z,47,23.0,,,Provisional/Provisoire,,
05EA001,2026-08-01T18:15:00Z,47,23.0,,,Provisional/Provisoire,,
05EA001,2026-08-01T18:20:00Z,47,23.1,,,Provisional/Provisoire,,
05EA001,2026-08-01T18:25:00Z,47,23.1,,,Provisional/Provisoire,,
05EA001,2026-08-01T18:30:00Z,47,22.9,,,Provisional/Provisoire,,
05EA001,2026-08-01T18:35:00Z,47,23.1,,,Provisional/Provisoire,,
05EA001,2026-08-01T18:40:00Z,47,23.2,,,Provisional/Provisoire,,
05EA001,2026-08-01T18:45:00Z,47,23.1,,,Provisional/Provisoire,,
05EA001,2026-08-01T18:50:00Z,47,23.1,,,Provisional/Provisoire,,
05EA001,2026-08-01T18:55:00Z,47,23.1,,,Provisional/Provisoire,,
05EA001,2026-08-01T19:00:00Z,47,23.1,,,Provisional/Provisoire,,
05EA001,2026-08-01T19:05:00Z,47,22.9,,,Provisional/Provisoire,,
05EA001,2026-08-01T19:10:00Z,47,23.1,,,Provisional/Provisoire,,
05EA001,2026-08-01T19:15:00Z,47,23.0,,,Provisional/Provisoire,,
05EA001,2026-08-01T19:20:00Z,47,23.2,,,Provisional/Provisoire,,
05EA001,2026-08-01T19:25:00Z,47,23.0,,,Provisional/Provisoire,,
05EA001,2026-08-01T19:30:00Z,47,23.0,,,Provisional/Provisoire,,
05EA001,2026-08-01T19:35:00Z,47,22.7,,,Provisional/Provisoire,,
05EA001,2026-08-01T19:40:00Z,47,23.0,,,Provisional/Provisoire,,
05EA001,2026-08-01T19:45:00Z,47,22.9,,,Provisional/Provisoire,,
05EA001,2026-08-01T19:50:00Z,47,23.1,,,Provisional/Provisoire,,
05EA001,2026-08-01T19:55:00Z,47,23.1,,,Provisional/Provisoire,,
05EA001,2026-08-01T20:00:00Z,47,23.2,,,Provisional/Provisoire,,
05EA001,2026-08-01T20:05:00Z,47,23.1,,,Provisional/Provisoire,,
05EA001,2026-08-01T20:10:00Z,47,23.2,,,Provisional/Provisoire,,
05EA001,2026-08-01T20:15:00Z,47,23.1,,,Provisional/Provisoire,,
05EA001,2026-08-01T20:20:00Z,47,23.1,,,Provisional/Provisoire,,
05EA001,2026-08-01T20:25:00Z,47,22.9,,,Provisional/Provisoire,,
05EA001,2026-08-01T20:30:00Z,47,23.1,,,Provisional/Provisoire,,
05EA001,2026-08-01T20:35:00Z,47,23.1,,,Provisional/Provisoire,,
05EA001,2026-08-01T20:40:00Z,47,22.9,,,Provisional/Provisoire,,
05EA001,2026-08-01T20:45:00Z,47,23.1,,,Provisional/Provisoire,,
05EA001,2026-08-01T20:50:00Z,47,23.0,,,Provisional/Provisoire,,
05EA001,2026-08-01T20:55:00Z,47,22.9,,,Provisional/Provisoire,,
05EA001,2026-08-01T21:00:00Z,47,23.0,,,Provisional/Provisoire,,
05EA001,2026-08-01T21:05:00Z,47,23.1,,,Provisional/Provisoire,,
05EA001,2026-08-01T21:10:00Z,47,22.9,,,Provisional/Provisoire,,
05EA001,2026-08-01T21:15:00Z,47,23.1,,,Provisional/Provisoire,,
05EA001,2026-08-01T21:20:00Z,47,23.0,,,Provisional/Provisoire,,
05EA001,2026-08-01T21:25:00Z,47,23.2,,,Provisional/Provisoire,,
05EA001,2026-08-01T21:30:00Z,47,23.0,,,Provisional/Provisoire,,
05EA001,2026-08-01T21:35:00Z,47,23.2,,,Provisional/Provisoire,,
05EA001,2026-08-01T21:40:00Z,47,23.1,,,Provisional/Provisoire,,
05EA001,2026-08-01T21:45:00Z,47,23.2,,,Provisional/Provisoire,,
05EA001,2026-08-01T21:50:00Z,47,23.2,,,Provisional/Provisoire,,
05EA001,2026-08-01T21:55:00Z,47,23.0,,,Provisional/Provisoire,,
05EA001,2026-08-01T22:00:00Z,47,23.0,,,Provisional/Provisoire,,
05EA001,2026-08-01T22:05:00Z,47,22.9,,,Provisional/Provisoire,,
05EA001,2026-08-01T22:10:00Z,47,22.9,,,Provisional/Provisoire,,
05EA001,2026-08-01T22:15:00Z,47,23.1,,,Provisional/Provisoire,,
05EA001,2026-08-01T22:20:00Z,47,22.8,,,Provisional/Provisoire,,
05EA001,2026-08-01T22:25:00Z,47,23.1,,,Provisional/Provisoire,,
05EA001,2026-08-01T22:30:00Z,47,22.8,,,Provisional/Provisoire,,
05EA001,2026-08-01T22:35:00Z,47,22.9,,,Provisional/Provisoire,,
05EA001,2026-08-01T22:40:00Z,47,22.8,,,Provisional/Provisoire,,
05EA001,2026-08-01T22:45:00Z,47,22.9,,,Provisional/Provisoire,,
05EA001,2026-08-01T22:50:00Z,47,23.1,,,Provisional/Provisoire,,
05EA001,2026-08-01T22:55:00Z,47,22.8,,,Provisional/Provisoire,,
05EA001,2026-08-01T23:00:00Z,47,22.6,,,Provisional/Provisoire,,
05EA001,2026-08-01T23:05:00Z,47,23.0,,,Provisional/Provisoire,,
05EA001,2026-08-01T23:10:00Z,47,23.0,,,Provisional/Provisoire,,
05EA001,2026-08-01T23:15:00Z,47,23.0,,,Provisional/Provisoire,,
05EA001,2026-08-01T23:20:00Z,47,22.9,,,Provisional/Provisoire,,
05EA001,2026-08-01T23:25:00Z,47,22.8,,,Provisional/Provisoire,,
05EA001,2026-08-01T23:30:00Z,47,23.0,,,Provisional/Provisoire,,
05EA001,2026-08-01T23:35:00Z,47,23.0,,,Provisional/Provisoire,,
05EA001,2026-08-01T23:40:00Z,47,22.8,,,Provisional/Provisoire,,
05EA001,2026-08-01T23:45:00Z,47,22.8,,,Provisional/Provisoire,,
05EA001,2026-08-01T23:50:00Z,47,23.1,,,Provisional/Provisoire,,
05EA001,2026-08-01T23:55:00Z,47,23.0,,,Provisional/Provisoire,,
05EA001,2026-08-02T00:00:00Z,47,22.8,,,Provisional/Provisoire,,
05EA001,2026-08-02T00:05:00Z,47,22.8,,,Provisional/Provisoire,,
05EA001,2026-08-02T00:10:00Z,47,22.8,,,Provisional/Provisoire,,
05EA001,2026-08-02T00:15:00Z,47,23.0,,,Provisional/Provisoire,,
05EA001,2026-08-02T00:20:00Z,47,23.0,,,Provisional/Provisoire,,
05EA001,2026-08-02T00:25:00Z,47,22.9,,,Provisional/Provisoire,,
05EA001,2026-08-02T00:30:00Z,47,22.9,,,Provisional/Provisoire,,
05EA001,2026-08-02T00:35:00Z,47,22.9,,,Provisional/Provisoire,,
05EA001,2026-08-02T00:40:00Z,47,22.9,,,Provisional/Provisoire,,
05EA001,2026-08-02T00:45:00Z,47,22.8,,,Provisional/Provisoire,,
05EA001,2026-08-02T00:50:00Z,47,22.9,,,Provisional/Provisoire,,
05EA001,2026-08-02T00:55:00Z,47,22.9,,,Provisional/Provisoire,,
05EA001,2026-08-02T01:00:00Z,47,22.8,,,Provisional/Provisoire,,
05EA001,2026-08-02T01:05:00Z,47,23.0,,,Provisional/Provisoire,,
05EA001,2026-08-02T01:10:00Z,47,22.9,,,Provisional/Provisoire,,
05EA001,2026-08-02T01:15:00Z,47,22.8,,,Provisional/Provisoire,,
05EA001,2026-08-02T01:20:00Z,47,22.9,,,Provisional/Provisoire,,
05EA001,2026-08-02T01:25:00Z,47,22.9,,,Provisional/Provisoire,,
05EA001,2026-08-02T01:30:00Z,47,22.8,,,Provisional/Provisoire,,
05EA001,2026-08-02T01:35:00Z,47,22.9,,,Provisional/Provisoire,,
05EA001,2026-08-02T01:40:00Z,47,22.8,,,Provisional/Provisoire,,
05EA001,2026-08-02T01:45:00Z,47,22.6,,,Provisional/Provisoire,,
05EA001,2026-08-02T01:50:00Z,47,22.8,,,Provisional/Provisoire,,
05EA001,2026-08-02T01:55:00Z,47,22.8,,,Provisional/Provisoire,,
05EA001,2026-08-02T02:00:00Z,47,22.7,,,Provisional/Provisoire,,
05EA001,2026-08-02T02:05:00Z,47,22.8,,,Provisional/Provisoire,,
05EA001,2026-08-02T02:10:00Z,47,22.8,,,Provisional/Provisoire,,
05EA001,2026-08-02T02:15:00Z,47,22.9,,,Provisional/Provisoire,,
05EA001,2026-08-02T02:20:00Z,47,22.8,,,Provisional/Provisoire,,
05EA001,2026-08-02T02:25:00Z,47,22.6,,,Provisional/Provisoire,,
05EA001,2026-08-02T02:30:00Z,47,22.8,,,Provisional/Provisoire,,
05EA001,2026-08-02T02:35:00Z,47,22.7,,,Provisional/Provisoire,,
05EA001,2026-08-02T02:40:00Z,47,22.8,,,Provisional/Provisoire,,
05EA001,2026-08-02T02:45:00Z,47,22.8,,,Provisional/Provisoire,,
05EA001,2026-08-02T02:50:00Z,47,22.5,,,Provisional/Provisoire,,
05EA001,2026-08-02T02:55:00Z,47,22.5,,,Provisional/Provisoire,,
05EA001,2026-08-02T03:00:00Z,47,22.7,,,Provisional/Provisoire,,
05EA001,2026-08-02T03:05:00Z,47,22.7,,,Provisional/Provisoire,,
05EA001,2026-08-02T03:10:00Z,47,22.6,,,Provisional/Provisoire,,
05EA001,2026-08-02T03:15:00Z,47,22.6,,,Provisional/Provisoire,,
05EA001,2026-08-02T03:20:00Z,47,22.8,,,Provisional/Provisoire,,
05EA001,2026-08-02T03:25:00Z,47,22.5,,,Provisional/Provisoire,,
05EA001,2026-08-02T03:30:00Z,47,22.8,,,Provisional/Provisoire,,
05EA001,2026-08-02T03:35:00Z,47,22.6,,,Provisional/Provisoire,,
05EA001,2026-08-02T03:40:00Z,47,22.7,,,Provisional/Provisoire,,
05EA001,2026-08-02T03:45:00Z,47,22.8,,,Provisional/Provisoire,,
05EA001,2026-08-02T03:50:00Z,47,22.8,,,Provisional/Provisoire,,
05EA001,2026-08-02T03:55:00Z,47,22.8,,,Provisional/Provisoire,,
05EA001,2026-08-02T04:00:00Z,47,22.8,,,Provisional/Provisoire,,
05EA001,2026-08-02T04:05:00Z,47,22.7,,,Provisional/Provisoire,,
05EA001,2026-08-02T04:10:00Z,47,22.5,,,Provisional/Provisoire,,
05EA001,2026-08-02T04:15:00Z,47,22.7,,,Provisional/Provisoire,,
05EA001,2026-08-02T04:20:00Z,47,22.6,,,Provisional/Provisoire,,
05EA001,2026-08-02T04:25:00Z,47,22.7,,,Provisional/Provisoire,,
05EA001,2026-08-02T04:30:00Z,47,22.7,,,Provisional/Provisoire,,
05EA001,2026-08-02T04:35:00Z,47,22.6,,,Provisional/Provisoire,,
05EA001,2026-08-02T04:40:00Z,47,22.5,,,Provisional/Provisoire,,
05EA001,2026-08-02T04:45:00Z,47,22.6,,,Provisional/Provisoire,,
05EA001,2026-08-02T04:50:00Z,47,22.7,,,Provisional/Provisoire,,
05EA001,2026-08-02T04:55:00Z,47,22.6,,,Provisional/Provisoire,,
05EA001,2026-08-02T05:00:00Z,47,22.6,,,Provisional/Provisoire,,
05EA001,2026-08-02T05:05:00Z,47,22.7,,,Provisional/Provisoire,,
05EA001,2026-08-02T05:10:00Z,47,22.5,,,Provisional/Provisoire,,
05EA001,2026-08-02T05:15:00Z,47,22.6,,,Provisional/Provisoire,,
05EA001,2026-08-02T05:20:00Z,47,22.6,,,Provisional/Provisoire,,
05EA001,2026-08-02T05:25:00Z,47,22.4,,,Provisional/Provisoire,,
05EA001,2026-08-02T05:30:00Z,47,22.6,,,Provisional/Provisoire,,
05EA001,2026-08-02T05:35:00Z,47,22.5,,,Provisional/Provisoire,,
05EA001,2026-08-02T05:40:00Z,47,22.5,,,Provisional/Provisoire,,
05EA001,2026-08-02T05:45:00Z,47,22.5,,,Provisional/Provisoire,,
05EA001,2026-08-02T05:50:00Z,47,22.6,,,Provisional/Provisoire,,
05EA001,2026-08-02T05:55:00Z,47,22.6,,,Provisional/Provisoire,,
05EA001,2026-08-02T06:00:00Z,47,22.7,,,Provisional/Provisoire,,
05EA001,2026-08-02T06:05:00Z,47,22.6,,,Provisional/Provisoire,,
05EA001,2026-08-02T06:10:00Z,47,22.5,,,Provisional/Provisoire,,
05EA001,2026-08-02T06:15:00Z,47,22.4,,,Provisional/Provisoire,,
05EA001,2026-08-02T06:20:00Z,47,22.4,,,Provisional/Provisoire,,
05EA001,2026-08-02T06:25:00Z,47,22.5,,,Provisional/Provisoire,,
05EA001,2026-08-02T06:30:00Z,47,22.5,,,Provisional/Provisoire,,
05EA001,2026-08-02T06:35:00Z,47,22.6,,,Provisional/Provisoire,,
05EA001,2026-08-02T06:40:00Z,47,22.5,,,Provisional/Provisoire,,
05EA001,2026-08-02T06:45:00Z,47,22.5,,,Provisional/Provisoire,,
05EA001,2026-08-02T06:50:00Z,47,22.4,,,Provisional/Provisoire,,
05EA001,2026-08-02T06:55:00Z,47,22.4,,,Provisional/Provisoire,,
05EA001,2026-08-02T07:00:00Z,47,22.6,,,Provisional/Provisoire,,
05EA001,2026-08-02T07:05:00Z,47,22.6,,,Provisional/Provisoire,,
05EA001,2026-08-02T07:10:00Z,47,22.5,,,Provisional/Provisoire,,
05EA001,2026-08-02T07:15:00Z,47,22.5,,,Provisional/Provisoire,,
05EA001,2026-08-02T07:20:00Z,47,22.4,,,Provisional/Provisoire,,
05EA001,2026-08-02T07:25:00Z,47,22.4,,,Provisional/Provisoire,,
05EA001,2026-08-02T07:30:00Z,47,22.5,,,Provisional/Provisoire,,
05EA001,2026-08-02T07:35:00Z,47,22.6,,,Provisional/Provisoire,,
05EA001,2026-08-02T07:40:00Z,47,22.4,,,Provisional/Provisoire,,
05EA001,2026-08-02T07:45:00Z,47,22.5,,,Provisional/Provisoire,,
05EA001,2026-08-02T07:50:00Z,47,22.5,,,Provisional/Provisoire,,
05EA001,2026-08-02T07:55:00Z,47,22.5,,,Provisional/Provisoire,,
05EA001,2026-08-02T08:00:00Z,47,22.5,,,Provisional/Provisoire,,
05EA001,2026-08-02T08:05:00Z,47,22.6,,,Provisional/Provisoire,,
05EA001,2026-08-02T08:10:00Z,47,22.4,,,Provisional/Provisoire,,
05EA001,2026-08-02T08:15:00Z,47,22.6,,,Provisional/Provisoire,,
05EA001,2026-08-02T08:20:00Z,47,22.6,,,Provisional/Provisoire,,
05EA001,2026-08-02T08:25:00Z,47,22.5,,,Provisional/Provisoire,,
05EA001,2026-08-02T08:30:00Z,47,22.6,,,Provisional/Provisoire,,
05EA001,2026-08-02T08:35:00Z,47,22.5,,,Provisional/Provisoire,,
05EA001,2026-08-02T08:40:00Z,47,22.4,,,Provisional/Provisoire,,
05EA001,2026-08-02T08:45:00Z,47,22.6,,,Provisional/Provisoire,,
05EA001,2026-08-02T08:50:00Z,47,22.4,,,Provisional/Provisoire,,
05EA001,2026-08-02T08:55:00Z,47,22.6,,,Provisional/Provisoire,,
05EA001,2026-08-02T09:00:00Z,47,22.6,,,Provisional/Provisoire,,
05EA001,2026-08-02T09:05:00Z,47,22.4,,,Provisional/Provisoire,,
05EA001,2026-08-02T09:10:00Z,47,22.7,,,Provisional/Provisoire,,
05EA001,2026-08-02T09:15:00Z,47,22.7,,,Provisional/Provisoire,,
05EA001,2026-08-02T09:20:00Z,47,22.5,,,Provisional/Provisoire,,
05EA001,2026-08-02T09:25:00Z,47,22.5,,,Provisional/Provisoire,,
05EA001,2026-08-02T09:30:00Z,47,22.6,,,Provisional/Provisoire,,
05EA001,2026-08-02T09:35:00Z,47,22.6,,,Provisional/Provisoire,,
05EA001,2026-08-02T09:40:00Z,47,22.6,,,Provisional/Provisoire,,
05EA001,2026-08-02T09:45:00Z,47,22.6,,,Provisional/Provisoire,,
05EA001,2026-08-02T09:50:00Z,47,22.5,,,Provisional/Provisoire,,
05EA001,2026-08-02T09:55:00Z,47,22.8,,,Provisional/Provisoire,,
05EA001,2026-08-02T10:00:00Z,47,22.7,,,Provisional/Provisoire,,
05EA001,2026-08-02T10:05:00Z,47,22.8,,,Provisional/Provisoire,,
05EA001,2026-08-02T10:10:00Z,47,22.7,,,Provisional/Provisoire,,
05EA001,2026-08-02T10:15:00Z,47,22.8,,,Provisional/Provisoire,,
05EA001,2026-08-02T10:20:00Z,47,22.9,,,Provisional/Provisoire,,
05EA001,2026-08-02T10:25:00Z,47,22.4,,,Provisional/Provisoire,,
05EA001,2026-08-02T10:30:00Z,47,22.8,,,Provisional/Provisoire,,
05EA001,2026-08-02T10:35:00Z,47,22.8,,,Provisional/Provisoire,,
05EA001,2026-08-02T10:40:00Z,47,23.1,,,Provisional/Provisoire,,
05EA001,2026-08-02T10:45:00Z,47,23.0,,,Provisional/Provisoire,,
05EA001,2026-08-02T10:50:00Z,47,23.0,,,Provisional/Provisoire,,
05EA001,2026-08-02T10:55:00Z,47,23.0,,,Provisional/Provisoire,,
05EA001,2026-08-02T11:00:00Z,47,22.9,,,Provisional/Provisoire,,
05EA001,2026-08-02T11:05:00Z,47,23.1,,,Provisional/Provisoire,,
05EA001,2026-08-02T11:10:00Z,47,23.1,,,Provisional/Provisoire,,
05EA001,2026-08-02T11:15:00Z,47,23.0,,,Provisional/Provisoire,,
05EA001,2026-08-02T11:20:00Z,47,23.0,,,Provisional/Provisoire,,
05EA001,2026-08-02T11:25:00Z,47,22.8,,,Provisional/Provisoire,,
05EA001,2026-08-02T11:30:00Z,47,22.8,,,Provisional/Provisoire,,
05EA001,2026-08-02T11:35:00Z,47,22.8,,,Provisional/Provisoire,,
05EA001,2026-08-02T11:40:00Z,47,22.8,,,Provisional/Provisoire,,
05EA001,2026-08-02T11:45:00Z,47,23.0,,,Provisional/Provisoire,,
05EA001,2026-08-02T11:50:00Z,47,22.9,,,Provisional/Provisoire,,
05EA001,2026-08-02T11:55:00Z,47,22.8,,,Provisional/Provisoire,,
05EA001,2026-08-02T12:00:00Z,47,22.9,,,Provisional/Provisoire,,
05EA001,2026-08-02T12:05:00Z,47,22.7,,,Provisional/Provisoire,,
05EA001,2026-08-02T12:10:00Z,47,22.9,,,Provisional/Provisoire,,
05EA001,2026-08-02T12:15:00Z,47,22.8,,,Provisional/Provisoire,,
05EA001,2026-08-02T12:20:00Z,47,22.8,,,Provisional/Provisoire,,
05EA001,2026-08-02T12:25:00Z,47,22.8,,,Provisional/Provisoire,,
05EA001,2026-08-02T12:30:00Z,47,22.6,,,Provisional/Provisoire,,
05EA001,2026-08-02T12:35:00Z,47,22.8,,,Provisional/Provisoire,,
05EA001,2026-08-02T12:40:00Z,47,22.6,,,Provisional/Provisoire,,
05EA001,2026-08-02T12:45:00Z,47,22.7,,,Provisional/Provisoire,,
05EA001,2026-08-02T12:50:00Z,47,22.7,,,Provisional/Provisoire,,
05EA001,2026-08-02T12:55:00Z,47,22.6,,,Provisional/Provisoire,,
05EA001,2026-08-02T13:00:00Z,47,22.5,,,Provisional/Provisoire,,
05EA001,2026-08-02T13:05:00Z,47,22.7,,,Provisional/Provisoire,,
05EA001,2026-08-02T13:10:00Z,47,22.7,,,Provisional/Provisoire,,
05EA001,2026-08-02T13:15:00Z,47,22.5,,,Provisional/Provisoire,,
05EA001,2026-08-02T13:20:00Z,47,22.8,,,Provisional/Provisoire,,
05EA001,2026-08-02T13:25:00Z,47,22.6,,,Provisional/Provisoire,,
05EA001,2026-08-02T13:30:00Z,47,22.4,,,Provisional/Provisoire,,
05EA001,2026-08-02T13:35:00Z,47,22.5,,,Provisional/Provisoire,,
05EA001,2026-08-02T13:40:00Z,47,22.5,,,Provisional/Provisoire,,
05EA001,2026-08-02T13:45:00Z,47,22.4,,,Provisional/Provisoire,,
05EA001,2026-08-02T13:50:00Z,47,22.5,,,Provisional/Provisoire,,
05EA001,2026-08-02T13:55:00Z,47,22.4,,,Provisional/Provisoire,,
05EA001,2026-08-02T14:00:00Z,47,22.4,,,Provisional/Provisoire,,
05EA001,2026-08-02T14:05:00Z,47,22.5,,,Provisional/Provisoire,,
05EA001,2026-08-02T14:10:00Z,47,22.7,,,Provisional/Provisoire,,
05EA001,2026-08-02T14:15:00Z,47,22.5,,,Provisional/Provisoire,,
05EA001,2026-08-02T14:20:00Z,47,22.6,,,Provisional/Provisoire,,
05EA001,2026-08-02T14:25:00Z,47,22.5,,,Provisional/Provisoire,,
05EA001,2026-08-02T14:30:00Z,47,22.4,,,Provisional/Provisoire,,
05EA001,2026-08-02T14:35:00Z,47,22.5,,,Provisional/Provisoire,,
05EA001,2026-08-02T14:40:00Z,47,22.3,,,Provisional/Provisoire,,
05EA001,2026-08-02T14:45:00Z,47,22.5,,,Provisional/Provisoire,,
05EA001,2026-08-02T14:50:00Z,47,22.3,,,Provisional/Provisoire,,
05EA001,2026-08-02T14:55:00Z,47,22.4,,,Provisional/Provisoire,,
05EA001,2026-08-02T15:00:00Z,47,22.5,,,Provisional/Provisoire,,
05EA001,2026-08-02T15:05:00Z,47,22.4,,,Provisional/Provisoire,,
05EA001,2026-08-02T15:10:00Z,47,22.4,,,Provisional/Provisoire,,
05EA001,2026-08-02T15:15:00Z,47,22.4,,,Provisional/Provisoire,,
05EA001,2026-08-02T15:20:00Z,47,22.3,,,Provisional/Provisoire,,
05EA001,2026-08-02T15:25:00Z,47,22.3,,,Provisional/Provisoire,,
05EA001,2026-08-02T15:30:00Z,47,22.4,,,Provisional/Provisoire,,
05EA001,2026-08-02T15:35:00Z,47,22.6,,,Provisional/Provisoire,,
05EA001,2026-08-02T15:40:00Z,47,22.3,,,Provisional/Provisoire,,
05EA001,2026-08-02T15:45:00Z,47,22.3,,,Provisional/Provisoire,,
05EA001,2026-08-02T15:50:00Z,47,22.2,,,Provisional/Provisoire,,
05EA001,2026-08-02T15:55:00Z,47,22.4,,,Provisional/Provisoire,,
05EA001,2026-08-02T16:00:00Z,47,22.4,,,Provisional/Provisoire,,
05EA001,2026-08-02T16:05:00Z,47,22.4,,,Provisional/Provisoire,,
05EA001,2026-08-02T16:10:00Z,47,22.4,,,Provisional/Provisoire,,
05EA001,2026-08-02T16:15:00Z,47,22.5,,,Provisional/Provisoire,,
05EA001,2026-08-02T16:20:00Z,47,22.3,,,Provisional/Provisoire,,
05EA001,2026-08-02T16:25:00Z,47,22.4,,,Provisional/Provisoire,,
05EA001,2026-08-02T16:30:00Z,47,22.4,,,Provisional/Provisoire,,
05EA001,2026-08-02T16:35:00Z,47,22.4,,,Provisional/Provisoire,,
05EA001,2026-08-02T16:40:00Z,47,22.4,,,Provisional/Provisoire,,
05EA001,2026-08-02T16:45:00Z,47,22.4,,,Provisional/Provisoire,,
05EA001,2026-08-02T16:50:00Z,47,22.4,,,Provisional/Provisoire,,
05EA001,2026-08-02T16:55:00Z,47,22.5,,,Provisional/Provisoire,,
05EA001,2026-08-02T17:00:00Z,47,22.2,,,Provisional/Provisoire,,
05EA001,2026-08-02T17:05:00Z,47,22.5,,,Provisional/Provisoire,,
05EA001,2026-08-02T17:10:00Z,47,22.3,,,Provisional/Provisoire,,
05EA001,2026-08-02T17:15:00Z,47,22.3,,,Provisional/Provisoire,,
05EA001,2026-08-02T17:20:00Z,47,22.4,,,Provisional/Provisoire,,
05EA001,2026-08-02T17:25:00Z,47,22.3,,,Provisional/Provisoire,,
05EA001,2026-08-02T17:30:00Z,47,22.3,,,Provisional/Provisoire,,
05EA001,2026-08-02T17:35:00Z,47,22.4,,,Provisional/Provisoire,,
05EA001,2026-08-02T17:40:00Z,47,22.2,,,Provisional/Provisoire,,
05EA001,2026-08-02T17:45:00Z,47,22.5,,,Provisional/Provisoire,,
05EA001,2026-08-02T17:50:00Z,47,22.5,,,Provisional/Provisoire,,
05EA001,2026-08-02T17:55:00Z,47,22.2,,,Provisional/Provisoire,,
05EA001,2026-08-02T18:00:00Z,47,22.4,,,Provisional/Provisoire,,
05EA001,2026-08-02T18:05:00Z,47,22.4,,,Provisional/Provisoire,,
05EA001,2026-08-02T18:10:00Z,47,22.3,,,Provisional/Provisoire,,
05EA001,2026-08-02T18:15:00Z,47,22.1,,,Provisional/Provisoire,,
05EA001,2026-08-02T18:20:00Z,47,22.3,,,Provisional/Provisoire,,
05EA001,2026-08-02T18:25:00Z,47,22.2,,,Provisional/Provisoire,,
05EA001,2026-08-02T18:30:00Z,47,22.3,,,Provisional/Provisoire,,
05EA001,2026-08-02T18:35:00Z,47,22.2,,,Provisional/Provisoire,,
05EA001,2026-08-02T18:40:00Z,47,22.3,,,Provisional/Provisoire,,
05EA001,2026-08-02T18:45:00Z,47,22.1,,,Provisional/Provisoire,,
05EA001,2026-08-02T18:50:00Z,47,22.1,,,Provisional/Provisoire,,
05EA001,2026-08-02T18:55:00Z,47,22.3,,,Provisional/Provisoire,,
05EA001,2026-08-02T19:00:00Z,47,22.2,,,Provisional/Provisoire,,
05EA001,2026-08-02T19:05:00Z,47,22.2,,,Provisional/Provisoire,,
05EA001,2026-08-02T19:10:00Z,47,22.4,,,Provisional/Provisoire,,
05EA001,2026-08-02T19:15:00Z,47,22.1,,,Provisional/Provisoire,,
05EA001,2026-08-02T19:20:00Z,47,22.3,,,Provisional/Provisoire,,
05EA001,2026-08-02T19:25:00Z,47,22.4,,,Provisional/Provisoire,,
05EA001,2026-08-02T19:30:00Z,47,22.2,,,Provisional/Provisoire,,
05EA001,2026-08-02T19:35:00Z,47,22.3,,,Provisional/Provisoire,,
05EA001,2026-08-02T19:40:00Z,47,22.3,,,Provisional/Provisoire,,
05EA001,2026-08-02T19:45:00Z,47,22.2,,,Provisional/Provisoire,,
05EA001,2026-08-02T19:50:00Z,47,22.1,,,Provisional/Provisoire,,
05EA001,2026-08-02T19:55:00Z,47,22.3,,,Provisional/Provisoire,,
05EA001,2026-08-02T20:00:00Z,47,22.3,,,Provisional/Provisoire,,
05EA001,2026-08-02T20:05:00Z,47,22.2,,,Provisional/Provisoire,,
05EA001,2026-08-02T20:10:00Z,47,22.1,,,Provisional/Provisoire,,
05EA001,2026-08-02T20:15:00Z,47,22.3,,,Provisional/Provisoire,,
05EA001,2026-08-02T20:20:00Z,47,22.1,,,Provisional/Provisoire,,
05EA001,2026-08-02T20:25:00Z,47,22.2,,,Provisional/Provisoire,,
05EA001,2026-08-02T20:30:00Z,47,22.1,,,Provisional/Provisoire,,
05EA001,2026-08-02T20:35:00Z,47,22.2,,,Provisional/Provisoire,,
05EA001,2026-08-02T20:40:00Z,47,22.1,,,Provisional/Provisoire,,
05EA001,2026-08-02T20:45:00Z,47,22.1,,,Provisional/Provisoire,,
05EA001,2026-08-02T20:50:00Z,47,22.1,,,Provisional/Provisoire,,
05EA001,2026-08-02T20:55:00Z,47,22.2,,,Provisional/Provisoire,,
05EA001,2026-08-02T21:00:00Z,47,22.0,,,Provisional/Provisoire,,
05EA001,2026-08-02T21:05:00Z,47,22.0,,,Provisional/Provisoire,,
05EA001,2026-08-02T21:10:00Z,47,22.1,,,Provisional/Provisoire,,
05EA001,2026-08-02T21:15:00Z,47,22.1,,,Provisional/Provisoire,,
05EA001,2026-08-02T21:20:00Z,47,22.2,,,Provisional/Provisoire,,
05EA001,2026-08-02T21:25:00Z,47,22.0,,,Provisional/Provisoire,,
05EA001,2026-08-02T21:30:00Z,47,22.0,,,Provisional/Provisoire,,
05EA001,2026-08-02T21:35:00Z,47,22.1,,,Provisional/Provisoire,,
05EA001,2026-08-02T21:40:00Z,47,22.0,,,Provisional/Provisoire,,
05EA001,2026-08-02T21:45:00Z,47,22.1,,,Provisional/Provisoire,,
05EA001,2026-08-02T21:50:00Z,47,22.1,,,Provisional/Provisoire,,
05EA001,2026-08-02T21:55:00Z,47,22.1,,,Provisional/Provisoire,,
05EA001,2026-08-02T22:00:00Z,47,22.0,,,Provisional/Provisoire,,
05EA001,2026-08-02T22:05:00Z,47,22.1,,,Provisional/Provisoire,,
05EA001,2026-08-02T22:10:00Z,47,22.0,,,Provisional/Provisoire,,
05EA001,2026-08-02T22:15:00Z,47,22.1,,,Provisional/Provisoire,,
05EA001,2026-08-02T22:20:00Z,47,22.0,,,Provisional/Provisoire,,
05EA001,2026-08-02T22:25:00Z,47,22.0,,,Provisional/Provisoire,,
05EA001,2026-08-02T22:30:00Z,47,22.0,,,Provisional/Provisoire,,
05EA001,2026-08-02T22:35:00Z,47,22.2,,,Provisional/Provisoire,,
05EA001,2026-08-02T22:40:00Z,47,21.9,,,Provisional/Provisoire,,
05EA001,2026-08-02T22:45:00Z,47,22.1,,,Provisional/Provisoire,,
05EA001,2026-08-02T22:50:00Z,47,21.8,,,Provisional/Provisoire,,
05EA001,2026-08-02T22:55:00Z,47,21.9,,,Provisional/Provisoire,,
05EA001,2026-08-02T23:00:00Z,47,22.1,,,Provisional/Provisoire,,
05EA001,2026-08-02T23:05:00Z,47,22.0,,,Provisional/Provisoire,,
05EA001,2026-08-02T23:10:00Z,47,22.1,,,Provisional/Provisoire,,
05EA001,2026-08-02T23:15:00Z,47,22.1,,,Provisional/Provisoire,,
05EA001,2026-08-02T23:20:00Z,47,22.1,,,Provisional/Provisoire,,
05EA001,2026-08-02T23:25:00Z,47,22.1,,,Provisional/Provisoire,,
05EA001,2026-08-02T23:30:00Z,47,21.9,,,Provisional/Provisoire,,
05EA001,2026-08-02T23:35:00Z,47,22.1,,,Provisional/Provisoire,,
05EA001,2026-08-02T23:40:00Z,47,21.9,,,Provisional/Provisoire,,
05EA001,2026-08-02T23:45:00Z,47,22.1,,,Provisional/Provisoire,,
05EA001,2026-08-02T23:50:00Z,47,22.1,,,Provisional/Provisoire,,
05EA001,2026-08-02T23:55:00Z,47,22.1,,,Provisional/Provisoire,,
05EA001,2026-08-03T00:00:00Z,47,22.0,,,Provisional/Provisoire,,
05EA001,2026-08-03T00:05:00Z,47,22.2,,,Provisional/Provisoire,,
05EA001,2026-08-03T00:10:00Z,47,21.9,,,Provisional/Provisoire,,
05EA001,2026-08-03T00:15:00Z,47,22.1,,,Provisional/Provisoire,,
05EA001,2026-08-03T00:20:00Z,47,22.1,,,Provisional/Provisoire,,
05EA001,2026-08-03T00:25:00Z,47,21.9,,,Provisional/Provisoire,,
05EA001,2026-08-03T00:30:00Z,47,21.9,,,Provisional/Provisoire,,
05EA001,2026-08-03T00:35:00Z,47,21.9,,,Provisional/Provisoire,,
05EA001,2026-08-03T00:40:00Z,47,22.1,,,Provisional/Provisoire,,
05EA001,2026-08-03T00:45:00Z,47,22.0,,,Provisional/Provisoire,,
05EA001,2026-08-03T00:50:00Z,47,22.0,,,Provisional/Provisoire,,
05EA001,2026-08-03T00:55:00Z,47,22.1,,,Provisional/Provisoire,,
05EA001,2026-08-03T01:00:00Z,47,22.2,,,Provisional/Provisoire,,
05EA001,2026-08-03T01:05:00Z,47,22.0,,,Provisional/Provisoire,,
05EA001,2026-08-03T01:10:00Z,47,22.2,,,Provisional/Provisoire,,
05EA001,2026-08-03T01:15:00Z,47,22.3,,,Provisional/Provisoire,,
05EA001,2026-08-03T01:20:00Z,47,22.1,,,Provisional/Provisoire,,
05EA001,2026-08-03T01:25:00Z,47,22.2,,,Provisional/Provisoire,,
05EA001,2026-08-03T01:30:00Z,47,22.2,,,Provisional/Provisoire,,
05EA001,2026-08-03T01:35:00Z,47,22.3,,,Provisional/Provisoire,,
05EA001,2026-08-03T01:40:00Z,47,22.1,,,Provisional/Provisoire,,
05EA001,2026-08-03T01:45:00Z,47,22.1,,,Provisional/Provisoire,,
05EA001,2026-08-03T01:50:00Z,47,22.0,,,Provisional/Provisoire,,
05EA001,2026-08-03T01:55:00Z,47,22.2,,,Provisional/Provisoire,,
05EA001,2026-08-03T02:00:00Z,47,22.3,,,Provisional/Provisoire,,
05EA001,2026-08-03T02:05:00Z,47,22.4,,,Provisional/Provisoire,,
05EA001,2026-08-03T02:10:00Z,47,22.3,,,Provisional/Provisoire,,
05EA001,2026-08-03T02:15:00Z,47,22.4,,,Provisional/Provisoire,,
05EA001,2026-08-03T02:20:00Z,47,22.2,,,Provisional/Provisoire,,
05EA001,2026-08-03T02:25:00Z,47,22.3,,,Provisional/Provisoire,,
05EA001,2026-08-03T02:30:00Z,47,22.4,,,Provisional/Provisoire,,
05EA001,2026-08-03T02:35:00Z,47,22.3,,,Provisional/Provisoire,,
05EA001,2026-08-03T02:40:00Z,47,22.4,,,Provisional/Provisoire,,
05EA001,2026-08-03T02:45:00Z,47,22.4,,,Provisional/Provisoire,,
05EA001,2026-08-03T02:50:00Z,47,22.3,,,Provisional/Provisoire,,
05EA001,2026-08-03T02:55:00Z,47,22.4,,,Provisional/Provisoire,,
05EA001,2026-08-03T03:00:00Z,47,22.2,,,Provisional/Provisoire,,
05EA001,2026-08-03T03:05:00Z,47,22.3,,,Provisional/Provisoire,,
05EA001,2026-08-03T03:10:00Z,47,22.3,,,Provisional/Provisoire,,
05EA001,2026-08-03T03:15:00Z,47,22.5,,,Provisional/Provisoire,,
05EA001,2026-08-03T03:20:00Z,47,22.3,,,Provisional/Provisoire,,
05EA001,2026-08-03T03:25:00Z,47,22.4,,,Provisional/Provisoire,,
05EA001,2026-08-03T03:30:00Z,47,22.5,,,Provisional/Provisoire,,
05EA001,2026-08-03T03:35:00Z,47,22.4,,,Provisional/Provisoire,,
05EA001,2026-08-03T03:40:00Z,47,22.4,,,Provisional/Provisoire,,
05EA001,2026-08-03T03:45:00Z,47,22.4,,,Provisional/Provisoire,,
05EA001,2026-08-03T03:50:00Z,47,22.4,,,Provisional/Provisoire,,
05EA001,2026-08-03T03:55:00Z,47,22.4,,,Provisional/Provisoire,,
05EA001,2026-08-03T04:00:00Z,47,22.5,,,Provisional/Provisoire,,
05EA001,2026-08-03T04:05:00Z,47,22.4,,,Provisional/Provisoire,,
05EA001,2026-08-03T04:10:00Z,47,22.2,,,Provisional/Provisoire,,
05EA001,2026-08-03T04:15:00Z,47,22.3,,,Provisional/Provisoire,,
05EA001,2026-08-03T04:20:00Z,47,22.2,,,Provisional/Provisoire,,
05EA001,2026-08-03T04:25:00Z,47,22.3,,,Provisional/Provisoire,,
05EA001,2026-08-03T04:30:00Z,47,22.4,,,Provisional/Provisoire,,
05EA001,2026-08-03T04:35:00Z,47,22.2,,,Provisional/Provisoire,,
05EA001,2026-08-03T04:40:00Z,47,22.4,,,Provisional/Provisoire,,
05EA001,2026-08-03T04:45:00Z,47,22.4,,,Provisional/Provisoire,,
05EA001,2026-08-03T04:50:00Z,47,22.3,,,Provisional/Provisoire,,
05EA001,2026-08-03T04:55:00Z,47,22.1,,,Provisional/Provisoire,,
05EA001,2026-08-03T05:00:00Z,47,22.3,,,Provisional/Provisoire,,
05EA001,2026-08-03T05:05:00Z,47,22.2,,,Provisional/Provisoire,,
05EA001,2026-08-03T05:10:00Z,47,22.2,,,Provisional/Provisoire,,
05EA001,2026-08-03T05:15:00Z,47,22.4,,,Provisional/Provisoire,,
05EA001,2026-08-03T05:20:00Z,47,22.3,,,Provisional/Provisoire,,
05EA001,2026-08-03T05:25:00Z,47,22.3,,,Provisional/Provisoire,,
05EA001,2026-08-03T05:30:00Z,47,22.1,,,Provisional/Provisoire,,
05EA001,2026-08-03T05:35:00Z,47,22.3,,,Provisional/Provisoire,,
05EA001,2026-08-03T05:40:00Z,47,22.4,,,Provisional/Provisoire,,
05EA001,2026-08-03T05:45:00Z,47,22.2,,,Provisional/Provisoire,,
05EA001,2026-08-03T05:50:00Z,47,22.2,,,Provisional/Provisoire,,
05EA001,2026-08-03T05:55:00Z,47,22.3,,,Provisional/Provisoire,,
05EA001,2026-08-03T06:00:00Z,47,22.0,,,Provisional/Provisoire,,
05EA001,2026-08-03T06:05:00Z,47,22.4,,,Provisional/Provisoire,,
05EA001,2026-08-03T06:10:00Z,47,22.2,,,Provisional/Provisoire,,
05EA001,2026-08-03T06:15:00Z,47,22.4,,,Provisional/Provisoire,,
05EA001,2026-08-03T06:20:00Z,47,22.4,,,Provisional/Provisoire,,
05EA001,2026-08-03T06:25:00Z,47,22.3,,,Provisional/Provisoire,,
05EA001,2026-08-03T06:30:00Z,47,22.2,,,Provisional/Provisoire,,
05EA001,2026-08-03T06:35:00Z,47,22.2,,,Provisional/Provisoire,,
05EA001,2026-08-03T06:40:00Z,47,22.2,,,Provisional/Provisoire,,
05EA001,2026-08-03T06:45:00Z,47,22.3,,,Provisional/Provisoire,,
05EA001,2026-08-03T06:50:00Z,47,22.3,,,Provisional/Provisoire,,
05EA001,2026-08-03T06:55:00Z,47,22.2,,,Provisional/Provisoire,,
05EA001,2026-08-03T07:00:00Z,47,22.2,,,Provisional/Provisoire,,
05EA001,2026-08-03T07:05:00Z,47,21.8,,,Provisional/Provisoire,,
05EA001,2026-08-03T07:10:00Z,47,22.1,,,Provisional/Provisoire,,
05EA001,2026-08-03T07:15:00Z,47,22.2,,,Provisional/Provisoire,,
05EA001,2026-08-03T07:20:00Z,47,22.3,,,Provisional/Provisoire,,
05EA001,2026-08-03T07:25:00Z,47,22.1,,,Provisional/Provisoire,,
05EA001,2026-08-03T07:30:00Z,47,22.2,,,Provisional/Provisoire,,
05EA001,2026-08-03T07:35:00Z,47,22.1,,,Provisional/Provisoire,,
05EA001,2026-08-03T07:40:00Z,47,22.2,,,Provisional/Provisoire,,
05EA001,2026-08-03T07:45:00Z,47,22.3,,,Provisional/Provisoire,,
05EA001,2026-08-03T07:50:00Z,47,22.1,,,Provisional/Provisoire,,
05EA001,2026-08-03T07:55:00Z,47,22.2,,,Provisional/Provisoire,,
05EA001,2026-08-03T08:00:00Z,47,22.2,,,Provisional/Provisoire,,
05EA001,2026-08-03T08:05:00Z,47,22.3,,,Provisional/Provisoire,,
05EA001,2026-08-03T08:10:00Z,47,22.2,,,Provisional/Provisoire,,
05EA001,2026-08-03T08:15:00Z,47,22.2,,,Provisional/Provisoire,,
05EA001,2026-08-03T08:20:00Z,47,22.2,,,Provisional/Provisoire,,
05EA001,2026-08-03T08:25:00Z,47,22.2,,,Provisional/Provisoire,,
05EA001,2026-08-03T08:30:00Z,47,22.2,,,Provisional/Provisoire,,
05EA001,2026-08-03T08:35:00Z,47,22.3,,,Provisional/Provisoire,,
05EA001,2026-08-03T08:40:00Z,47,22.2,,,Provisional/Provisoire,,
05EA001,2026-08-03T08:45:00Z,47,22.0,,,Provisional/Provisoire,,
05EA001,2026-08-03T08:50:00Z,47,22.3,,,Provisional/Provisoire,,
05EA001,2026-08-03T08:55:00Z,47,22.2,,,Provisional/Provisoire,,
05EA001,2026-08-03T09:00:00Z,47,22.2,,,Provisional/Provisoire,,
05EA001,2026-08-03T09:05:00Z,47,22.2,,,Provisional/Provisoire,,
05EA001,2026-08-03T09:10:00Z,47,22.0,,,Provisional/Provisoire,,
05EA001,2026-08-03T09:15:00Z,47,22.2,,,Provisional/Provisoire,,
05EA001,2026-08-03T09:20:00Z,47,22.1,,,Provisional/Provisoire,,
05EA001,2026-08-03T09:25:00Z,47,22.1,,,Provisional/Provisoire,,
05EA001,2026-08-03T09:30:00Z,47,22.3,,,Provisional/Provisoire,,
05EA001,2026-08-03T09:35:00Z,47,22.1,,,Provisional/Provisoire,,
05EA001,2026-08-03T09:40:00Z,47,22.2,,,Provisional/Provisoire,,
05EA001,2026-08-03T09:45:00Z,47,22.1,,,Provisional/Provisoire,,
05EA001,2026-08-03T09:50:00Z,47,22.2,,,Provisional/Provisoire,,
05EA001,2026-08-03T09:55:00Z,47,22.2,,,Provisional/Provisoire,,
05EA001,2026-08-03T10:00:00Z,47,22.1,,,Provisional/Provisoire,,
05EA001,2026-08-03T10:05:00Z,47,22.3,,,Provisional/Provisoire,,
05EA001,2026-08-03T10:10:00Z,47,22.2,,,Provisional/Provisoire,,
05EA001,2026-08-03T10:15:00Z,47,22.1,,,Provisional/Provisoire,,
05EA001,2026-08-03T10:20:00Z,47,22.1,,,Provisional/Provisoire,,
05EA001,2026-08-03T10:25:00Z,47,22.2,,,Provisional/Provisoire,,
05EA001,2026-08-03T10:30:00Z,47,22.1,,,Provisional/Provisoire,,
05EA001,2026-08-03T10:35:00Z,47,22.1,,,Provisional/Provisoire,,
05EA001,2026-08-03T10:40:00Z,47,22.1,,,Provisional/Provisoire,,
05EA001,2026-08-03T10:45:00Z,47,22.2,,,Provisional/Provisoire,,
05EA001,2026-08-03T10:50:00Z,47,22.2,,,Provisional/Provisoire,,
05EA001,2026-08-03T10:55:00Z,47,22.2,,,Provisional/Provisoire,,
05EA001,2026-08-03T11:00:00Z,47,22.1,,,Provisional/Provisoire,,
05EA001,2026-08-03T11:05:00Z,47,22.1,,,Provisional/Provisoire,,
05EA001,2026-08-03T11:10:00Z,47,22.1,,,Provisional/Provisoire,,
05EA001,2026-08-03T11:15:00Z,47,22.1,,,Provisional/Provisoire,,
05EA001,2026-08-03T11:20:00Z,47,22.4,,,Provisional/Provisoire,,
05EA001,2026-08-03T11:25:00Z,47,22.0,,,Provisional/Provisoire,,
05EA001,2026-08-03T11:30:00Z,47,22.3,,,Provisional/Provisoire,,
05EA001,2026-08-03T11:35:00Z,47,22.1,,,Provisional/Provisoire,,
05EA001,2026-08-03T11:40:00Z,47,22.0,,,Provisional/Provisoire,,
05EA001,2026-08-03T11:45:00Z,47,22.1,,,Provisional/Provisoire,,
05EA001,2026-08-03T11:50:00Z,47,22.1,,,Provisional/Provisoire,,
05EA001,2026-08-03T11:55:00Z,47,22.2,,,Provisional/Provisoire,,
05EA001,2026-08-03T12:00:00Z,47,22.2,,,Provisional/Provisoire,,
05EA001,2026-08-03T12:05:00Z,47,22.1,,,Provisional/Provisoire,,
05EA001,2026-08-03T12:10:00Z,47,22.1,,,Provisional/Provisoire,,
05EA001,2026-08-03T12:15:00Z,47,22.2,,,Provisional/Provisoire,,
05EA001,2026-08-03T12:20:00Z,47,22.1,,,Provisional/Provisoire,,
05EA001,2026-08-03T12:25:00Z,47,22.1,,,Provisional/Provisoire,,
05EA001,2026-08-03T12:30:00Z,47,22.0,,,Provisional/Provisoire,,
05EA001,2026-08-03T12:35:00Z,47,22.1,,,Provisional/Provisoire,,
05EA001,2026-08-03T12:40:00Z,47,22.0,,,Provisional/Provisoire,,
05EA001,2026-08-03T12:45:00Z,47,22.2,,,Provisional/Provisoire,,
05EA001,2026-08-03T12:50:00Z,47,22.0,,,Provisional/Provisoire,,
05EA001,2026-08-03T12:55:00Z,47,22.1,,,Provisional/Provisoire,,
05EA001,2026-08-03T13:00:00Z,47,22.1,,,Provisional/Provisoire,,
05EA001,2026-08-03T13:05:00Z,47,22.1,,,Provisional/Provisoire,,
05EA001,2026-08-03T13:10:00Z,47,22.1,,,Provisional/Provisoire,,
05EA001,2026-08-03T13:15:00Z,47,22.1,,,Provisional/Provisoire,,
05EA001,2026-08-03T13:20:00Z,47,22.1,,,Provisional/Provisoire,,
05EA001,2026-08-03T13:25:00Z,47,22.1,,,Provisional/Provisoire,,
05EA001,2026-08-03T13:30:00Z,47,22.1,,,Provisional/Provisoire,,
05EA001,2026-08-03T13:35:00Z,47,22.1,,,Provisional/Provisoire,,
05EA001,2026-08-03T13:40:00Z,47,22.1,,,Provisional/Provisoire,,
05EA001,2026-08-03T13:45:00Z,47,22.1,,,Provisional/Provisoire,,
05EA001,2026-08-03T13:50:00Z,47,22.2,,,Provisional/Provisoire,,
05EA001,2026-08-03T13:55:00Z,47,22.2,,,Provisional/Provisoire,,
05EA001,2026-08-03T14:00:00Z,47,22.1,,,Provisional/Provisoire,,
05EA001,2026-08-03T14:05:00Z,47,22.1,,,Provisional/Provisoire,,
05EA001,2026-08-03T14:10:00Z,47,22.2,,,Provisional/Provisoire,,
05EA001,2026-08-03T14:15:00Z,47,22.3,,,Provisional/Provisoire,,
05EA001,2026-08-03T14:20:00Z,47,22.1,,,Provisional/Provisoire,,
05EA001,2026-08-03T14:25:00Z,47,22.2,,,Provisional/Provisoire,,
05EA001,2026-08-03T14:30:00Z,47,22.2,,,Provisional/Provisoire,,
05EA001,2026-08-03T14:35:00Z,47,22.0,,,Provisional/Provisoire,,
05EA001,2026-08-03T14:40:00Z,47,22.0,,,Provisional/Provisoire,,
05EA001,2026-08-03T14:45:00Z,47,22.3,,,Provisional/Provisoire,,
05EA001,2026-08-03T14:50:00Z,47,22.2,,,Provisional/Provisoire,,
05EA001,2026-08-03T14:55:00Z,47,22.1,,,Provisional/Provisoire,,
05EA001,2026-08-03T15:00:00Z,47,22.2,,,Provisional/Provisoire,,
05EA001,2026-08-03T15:05:00Z,47,22.0,,,Provisional/Provisoire,,
05EA001,2026-08-03T15:10:00Z,47,22.1,,,Provisional/Provisoire,,
05EA001,2026-08-03T15:15:00Z,47,22.1,,,Provisional/Provisoire,,
05EA001,2026-08-03T15:20:00Z,47,22.2,,,Provisional/Provisoire,,
05EA001,2026-08-03T15:25:00Z,47,22.1,,,Provisional/Provisoire,,
05EA001,2026-08-03T15:30:00Z,47,22.1,,,Provisional/Provisoire,,
05EA001,2026-08-03T15:35:00Z,47,22.1,,,Provisional/Provisoire,,
05EA001,2026-08-03T15:40:00Z,47,22.1,,,Provisional/Provisoire,,
05EA001,2026-08-03T15:45:00Z,47,22.1,,,Provisional/Provisoire,,
05EA001,2026-08-03T15:50:00Z,47,22.1,,,Provisional/Provisoire,,
05EA001,2026-08-03T15:55:00Z,47,22.1,,,Provisional/Provisoire,,
05EA001,2026-08-03T16:00:00Z,47,22.2,,,Provisional/Provisoire,,
05EA001,2026-08-03T16:05:00Z,47,22.2,,,Provisional/Provisoire,,
05EA001,2026-08-03T16:10:00Z,47,22.0,,,Provisional/Provisoire,,
05EA001,2026-08-03T16:15:00Z,47,22.1,,,Provisional/Provisoire,,
05EA001,2026-08-03T16:20:00Z,47,22.2,,,Provisional/Provisoire,,
05EA001,2026-08-03T16:25:00Z,47,22.2,,,Provisional/Provisoire,,
05EA001,2026-08-03T16:30:00Z,47,22.2,,,Provisional/Provisoire,,
05EA001,2026-08-03T16:35:00Z,47,22.2,,,Provisional/Provisoire,,
05EA001,2026-08-03T16:40:00Z,47,22.1,,,Provisional/Provisoire,,
05EA001,2026-08-03T16:45:00Z,47,22.2,,,Provisional/Provisoire,,
05EA001,2026-08-03T16:50:00Z,47,22.1,,,Provisional/Provisoire,,
05EA001,2026-08-03T16:55:00Z,47,22.2,,,Provisional/Provisoire,,
05EA001,2026-08-03T17:00:00Z,47,22.2,,,Provisional/Provisoire,,
05EA001,2026-08-03T17:05:00Z,47,22.2,,,Provisional/Provisoire,,
05EA001,2026-08-03T17:10:00Z,47,22.2,,,Provisional/Provisoire,,
05EA001,2026-08-03T17:15:00Z,47,22.2,,,Provisional/Provisoire,,
05EA001,2026-08-03T17:20:00Z,47,22.2,,,Provisional/Provisoire,,
05EA001,2026-08-03T17:25:00Z,47,22.2,,,Provisional/Provisoire,,
05EA001,2026-08-03T17:30:00Z,47,22.2,,,Provisional/Provisoire,,
05EA001,2026-08-03T17:35:00Z,47,22.1,,,Provisional/Provisoire,,
05EA001,2026-08-03T17:40:00Z,47,22.1,,,Provisional/Provisoire,,
05EA001,2026-08-03T17:45:00Z,47,22.2,,,Provisional/Provisoire,,
05EA001,2026-08-03T17:50:00Z,47,22.3,,,Provisional/Provisoire,,
05EA001,2026-08-03T17:55:00Z,47,22.1,,,Provisional/Provisoire,,
05EA001,2026-08-03T18:00:00Z,47,22.2,,,Provisional/Provisoire,,
05EA001,2026-08-03T18:05:00Z,47,22.1,,,Provisional/Provisoire,,
05EA001,2026-08-03T18:10:00Z,47,22.1,,,Provisional/Provisoire,,
05EA001,2026-08-03T18:15:00Z,47,22.1,,,Provisional/Provisoire,,
05EA001,2026-08-03T18:20:00Z,47,22.2,,,Provisional/Provisoire,,
05EA001,2026-08-03T18:25:00Z,47,22.2,,,Provisional/Provisoire,,
05EA001,2026-08-03T18:30:00Z,47,22.1,,,Provisional/Provisoire,,
05EA001,2026-08-03T18:35:00Z,47,22.2,,,Provisional/Provisoire,,
05EA001,2026-08-03T18:40:00Z,47,22.3,,,Provisional/Provisoire,,
05EA001,2026-08-03T18:45:00Z,47,22.2,,,Provisional/Provisoire,,
05EA001,2026-08-03T18:50:00Z,47,22.2,,,Provisional/Provisoire,,
05EA001,2026-08-03T18:55:00Z,47,22.2,,,Provisional/Provisoire,,
05EA001,2026-08-03T19:00:00Z,47,22.2,,,Provisional/Provisoire,,
05EA001,2026-08-03T19:05:00Z,47,22.2,,,Provisional/Provisoire,,
05EA001,2026-08-03T19:10:00Z,47,22.1,,,Provisional/Provisoire,,
05EA001,2026-08-03T19:15:00Z,47,22.2,,,Provisional/Provisoire,,
05EA001,2026-08-03T19:20:00Z,47,22.2,,,Provisional/Provisoire,,
05EA001,2026-08-03T19:25:00Z,47,22.2,,,Provisional/Provisoire,,
05EA001,2026-08-03T19:30:00Z,47,22.2,,,Provisional/Provisoire,,
05EA001,2026-08-03T19:35:00Z,47,22.3,,,Provisional/Provisoire,,
05EA001,2026-08-03T19:40:00Z,47,22.2,,,Provisional/Provisoire,,
05EA001,2026-08-03T19:45:00Z,47,22.0,,,Provisional/Provisoire,,
05EA001,2026-08-03T19:50:00Z,47,22.2,,,Provisional/Provisoire,,
05EA001,2026-08-03T19:55:00Z,47,22.2,,,Provisional/Provisoire,,
05EA001,2026-08-03T20:00:00Z,47,22.3,,,Provisional/Provisoire,,
05EA001,2026-08-03T20:05:00Z,47,22.0,,,Provisional/Provisoire,,
05EA001,2026-08-03T20:10:00Z,47,22.2,,,Provisional/Provisoire,,
05EA001,2026-08-03T20:15:00Z,47,22.3,,,Provisional/Provisoire,,
05EA001,2026-08-03T20:20:00Z,47,22.1,,,Provisional/Provisoire,,
05EA001,2026-08-03T20:25:00Z,47,22.3,,,Provisional/Provisoire,,
05EA001,2026-08-03T20:30:00Z,47,22.2,,,Provisional/Provisoire,,
05EA001,2026-08-03T20:35:00Z,47,22.2,,,Provisional/Provisoire,,
05EA001,2026-08-03T20:40:00Z,47,22.4,,,Provisional/Provisoire,,
05EA001,2026-08-03T20:45:00Z,47,22.3,,,Provisional/Provisoire,,
05EA001,2026-08-03T20:50:00Z,47,22.2,,,Provisional/Provisoire,,
05EA001,2026-08-03T20:55:00Z,47,22.1,,,Provisional/Provisoire,,
05EA001,2026-08-03T21:00:00Z,47,22.2,,,Provisional/Provisoire,,
05EA001,2026-08-03T21:05:00Z,47,22.1,,,Provisional/Provisoire,,
05EA001,2026-08-03T21:10:00Z,47,22.1,,,Provisional/Provisoire,,
05EA001,2026-08-03T21:15:00Z,47,22.2,,,Provisional/Provisoire,,
05EA001,2026-08-03T21:20:00Z,47,22.1,,,Provisional/Provisoire,,
05EA001,2026-08-03T21:25:00Z,47,22.1,,,Provisional/Provisoire,,
05EA001,2026-08-03T21:30:00Z,47,22.2,,,Provisional/Provisoire,,
05EA001,2026-08-03T21:35:00Z,47,22.3,,,Provisional/Provisoire,,
05EA001,2026-08-03T21:40:00Z,47,22.1,,,Provisional/Provisoire,,
05EA001,2026-08-03T21:45:00Z,47,22.3,,,Provisional/Provisoire,,
05EA001,2026-08-03T21:50:00Z,47,22.1,,,Provisional/Provisoire,,
05EA001,2026-08-03T21:55:00Z,47,22.1,,,Provisional/Provisoire,,
05EA001,2026-08-03T22:00:00Z,47,22.3,,,Provisional/Provisoire,,
05EA001,2026-08-03T22:05:00Z,47,22.3,,,Provisional/Provisoire,,
05EA001,2026-08-03T22:10:00Z,47,22.3,,,Provisional/Provisoire,,
05EA001,2026-08-03T22:15:00Z,47,22.1,,,Provisional/Provisoire,,
05EA001,2026-08-03T22:20:00Z,47,22.0,,,Provisional/Provisoire,,
05EA001,2026-08-03T22:25:00Z,47,22.2,,,Provisional/Provisoire,,
05EA001,2026-08-03T22:30:00Z,47,22.1,,,Provisional/Provisoire,,
05EA001,2026-08-03T22:35:00Z,47,22.1,,,Provisional/Provisoire,,
05EA001,2026-08-03T22:40:00Z,47,22.1,,,Provisional/Provisoire,,
05EA001,2026-08-03T22:45:00Z,47,22.2,,,Provisional/Provisoire,,
05EA001,2026-08-03T22:50:00Z,47,22.1,,,Provisional/Provisoire,,
05EA001,2026-08-03T22:55:00Z,47,22.0,,,Provisional/Provisoire,,
05EA001,2026-08-03T23:00:00Z,47,22.1,,,Provisional/Provisoire,,
05EA001,2026-08-03T23:05:00Z,47,22.1,,,Provisional/Provisoire,,
05EA001,2026-08-03T23:10:00Z,47,22.1,,,Provisional/Provisoire,,
05EA001,2026-08-03T23:15:00Z,47,22.0,,,Provisional/Provisoire,,
05EA001,2026-08-03T23:20:00Z,47,22.2,,,Provisional/Provisoire,,
05EA001,2026-08-03T23:25:00Z,47,22.0,,,Provisional/Provisoire,,
05EA001,2026-08-03T23:30:00Z,47,22.1,,,Provisional/Provisoire,,
05EA001,2026-08-03T23:35:00Z,47,22.1,,,Provisional/Provisoire,,
05EA001,2026-08-03T23:40:00Z,47,22.1,,,Provisional/Provisoire,,
05EA001,2026-08-03T23:45:00Z,47,22.1,,,Provisional/Provisoire,,
05EA001,2026-08-03T23:50:00Z,47,22.0,,,Provisional/Provisoire,,
05EA001,2026-08-03T23:55:00Z,47,22.1,,,Provisional/Provisoire,,
05EA001,2026-08-04T00:00:00Z,47,22.2,,,Provisional/Provisoire,,
05EA001,2026-08-04T00:05:00Z,47,22.0,,,Provisional/Provisoire,,
05EA001,2026-08-04T00:10:00Z,47,22.2,,,Provisional/Provisoire,,
05EA001,2026-08-04T00:15:00Z,47,22.1,,,Provisional/Provisoire,,
05EA001,2026-08-04T00:20:00Z,47,22.0,,,Provisional/Provisoire,,
05EA001,2026-08-04T00:25:00Z,47,22.1,,,Provisional/Provisoire,,
05EA001,2026-08-04T00:30:00Z,47,22.0,,,Provisional/Provisoire,,
05EA001,2026-08-04T00:35:00Z,47,22.1,,,Provisional/Provisoire,,
05EA001,2026-08-04T00:40:00Z,47,22.1,,,Provisional/Provisoire,,
05EA001,2026-08-04T00:45:00Z,47,22.2,,,Provisional/Provisoire,,
05EA001,2026-08-04T00:50:00Z,47,22.1,,,Provisional/Provisoire,,
05EA001,2026-08-04T00:55:00Z,47,22.1,,,Provisional/Provisoire,,
05EA001,2026-08-04T01:00:00Z,47,22.2,,,Provisional/Provisoire,,
05EA001,2026-08-04T01:05:00Z,47,22.1,,,Provisional/Provisoire,,
05EA001,2026-08-04T01:10:00Z,47,22.1,,,Provisional/Provisoire,,
05EA001,2026-08-04T01:15:00Z,47,22.2,,,Provisional/Provisoire,,
05EA001,2026-08-04T01:20:00Z,47,22.1,,,Provisional/Provisoire,,
05EA001,2026-08-04T01:25:00Z,47,22.1,,,Provisional/Provisoire,,
05EA001,2026-08-04T01:30:00Z,47,22.1,,,Provisional/Provisoire,,
05EA001,2026-08-04T01:35:00Z,47,22.1,,,Provisional/Provisoire,,
05EA001,2026-08-04T01:40:00Z,47,22.1,,,Provisional/Provisoire,,
05EA001,2026-08-04T01:45:00Z,47,21.9,,,Provisional/Provisoire,,
05EA001,2026-08-04T01:50:00Z,47,22.2,,,Provisional/Provisoire,,
05EA001,2026-08-04T01:55:00Z,47,22.1,,,Provisional/Provisoire,,
05EA001,2026-08-04T02:00:00Z,47,22.1,,,Provisional/Provisoire,,
05EA001,2026-08-04T02:05:00Z,47,22.0,,,Provisional/Provisoire,,
05EA001,2026-08-04T02:10:00Z,47,22.1,,,Provisional/Provisoire,,
05EA001,2026-08-04T02:15:00Z,47,22.1,,,Provisional/Provisoire,,
05EA001,2026-08-04T02:20:00Z,47,22.1,,,Provisional/Provisoire,,
05EA001,2026-08-04T02:25:00Z,47,22.1,,,Provisional/Provisoire,,
05EA001,2026-08-04T02:30:00Z,47,22.0,,,Provisional/Provisoire,,
05EA001,2026-08-04T02:35:00Z,47,22.1,,,Provisional/Provisoire,,
05EA001,2026-08-04T02:40:00Z,47,22.1,,,Provisional/Provisoire,,
05EA001,2026-08-04T02:45:00Z,47,22.0,,,Provisional/Provisoire,,
05EA001,2026-08-04T02:50:00Z,47,21.9,,,Provisional/Provisoire,,
05EA001,2026-08-04T02:55:00Z,47,21.7,,,Provisional/Provisoire,,
05EA001,2026-08-04T03:00:00Z,47,21.9,,,Provisional/Provisoire,,
05EA001,2026-08-04T03:05:00Z,47,21.9,,,Provisional/Provisoire,,
05EA001,2026-08-04T03:10:00Z,47,21.9,,,Provisional/Provisoire,,
05EA001,2026-08-04T03:15:00Z,47,21.9,,,Provisional/Provisoire,,
05EA001,2026-08-04T03:20:00Z,47,21.9,,,Provisional/Provisoire,,
05EA001,2026-08-04T03:25:00Z,47,21.9,,,Provisional/Provisoire,,
05EA001,2026-08-04T03:30:00Z,47,22.0,,,Provisional/Provisoire,,
05EA001,2026-08-04T03:35:00Z,47,22.0,,,Provisional/Provisoire,,
05EA001,2026-08-04T03:40:00Z,47,22.0,,,Provisional/Provisoire,,
05EA001,2026-08-04T03:45:00Z,47,21.7,,,Provisional/Provisoire,,
05EA001,2026-08-04T03:50:00Z,47,21.9,,,Provisional/Provisoire,,
05EA001,2026-08-04T03:55:00Z,47,21.9,,,Provisional/Provisoire,,
05EA001,2026-08-04T04:00:00Z,47,21.9,,,Provisional/Provisoire,,
05EA001,2026-08-04T04:05:00Z,47,21.8,,,Provisional/Provisoire,,
05EA001,2026-08-04T04:10:00Z,47,22.0,,,Provisional/Provisoire,,
05EA001,2026-08-04T04:15:00Z,47,21.8,,,Provisional/Provisoire,,
05EA001,2026-08-04T04:20:00Z,47,21.9,,,Provisional/Provisoire,,
05EA001,2026-08-04T04:25:00Z,47,21.8,,,Provisional/Provisoire,,
05EA001,2026-08-04T04:30:00Z,47,22.0,,,Provisional/Provisoire,,
05EA001,2026-08-04T04:35:00Z,47,22.0,,,Provisional/Provisoire,,
05EA001,2026-08-04T04:40:00Z,47,21.9,,,Provisional/Provisoire,,
05EA001,2026-08-04T04:45:00Z,47,22.0,,,Provisional/Provisoire,,
05EA001,2026-08-04T04:50:00Z,47,22.0,,,Provisional/Provisoire,,
05EA001,2026-08-04T04:55:00Z,47,21.9,,,Provisional/Provisoire,,
05EA001,2026-08-04T05:00:00Z,47,21.9,,,Provisional/Provisoire,,
05EA001,2026-08-04T05:05:00Z,47,21.9,,,Provisional/Provisoire,,
05EA001,2026-08-04T05:10:00Z,47,21.8,,,Provisional/Provisoire,,
05EA001,2026-08-04T05:15:00Z,47,21.8,,,Provisional/Provisoire,,
05EA001,2026-08-04T05:20:00Z,47,21.9,,,Provisional/Provisoire,,
05EA001,2026-08-04T05:25:00Z,47,21.9,,,Provisional/Provisoire,,
05EA001,2026-08-04T05:30:00Z,47,21.8,,,Provisional/Provisoire,,
05EA001,2026-08-04T05:35:00Z,47,22.0,,,Provisional/Provisoire,,
05EA001,2026-08-04T05:40:00Z,47,21.8,,,Provisional/Provisoire,,
05EA001,2026-08-04T05:45:00Z,47,21.8,,,Provisional/Provisoire,,
05EA001,2026-08-04T05:50:00Z,47,21.8,,,Provisional/Provisoire,,
05EA001,2026-08-04T05:55:00Z,47,21.8,,,Provisional/Provisoire,,
05EA001,2026-08-04T06:00:00Z,47,21.8,,,Provisional/Provisoire,,
05EA001,2026-08-04T06:05:00Z,47,21.7,,,Provisional/Provisoire,,
05EA001,2026-08-04T06:10:00Z,47,21.9,,,Provisional/Provisoire,,
05EA001,2026-08-04T06:15:00Z,47,21.9,,,Provisional/Provisoire,,
05EA001,2026-08-04T06:20:00Z,47,21.8,,,Provisional/Provisoire,,
05EA001,2026-08-04T06:25:00Z,47,21.8,,,Provisional/Provisoire,,
05EA001,2026-08-04T06:30:00Z,47,22.0,,,Provisional/Provisoire,,
05EA001,2026-08-04T06:35:00Z,47,22.0,,,Provisional/Provisoire,,
05EA001,2026-08-04T06:40:00Z,47,21.9,,,Provisional/Provisoire,,
05EA001,2026-08-04T06:45:00Z,47,21.6,,,Provisional/Provisoire,,
05EA001,2026-08-04T06:50:00Z,47,21.7,,,Provisional/Provisoire,,
05EA001,2026-08-04T06:55:00Z,47,21.9,,,Provisional/Provisoire,,
05EA001,2026-08-04T07:00:00Z,47,21.9,,,Provisional/Provisoire,,
05EA001,2026-08-04T07:05:00Z,47,22.0,,,Provisional/Provisoire,,
05EA001,2026-08-04T07:10:00Z,47,21.8,,,Provisional/Provisoire,,
05EA001,2026-08-04T07:15:00Z,47,21.9,,,Provisional/Provisoire,,
05EA001,2026-08-04T07:20:00Z,47,21.6,,,Provisional/Provisoire,,
05EA001,2026-08-04T07:25:00Z,47,21.8,,,Provisional/Provisoire,,
05EA001,2026-08-04T07:30:00Z,47,21.9,,,Provisional/Provisoire,,
05EA001,2026-08-04T07:35:00Z,47,21.7,,,Provisional/Provisoire,,
05EA001,2026-08-04T07:40:00Z,47,21.9,,,Provisional/Provisoire,,
05EA001,2026-08-04T07:45:00Z,47,21.9,,,Provisional/Provisoire,,
05EA001,2026-08-04T07:50:00Z,47,21.7,,,Provisional/Provisoire,,
05EA001,2026-08-04T07:55:00Z,47,21.7,,,Provisional/Provisoire,,
05EA001,2026-08-04T08:00:00Z,47,21.8,,,Provisional/Provisoire,,
05EA001,2026-08-04T08:05:00Z,47,21.7,,,Provisional/Provisoire,,
05EA001,2026-08-04T08:10:00Z,47,21.7,,,Provisional/Provisoire,,
05EA001,2026-08-04T08:15:00Z,47,21.9,,,Provisional/Provisoire,,
05EA001,2026-08-04T08:20:00Z,47,21.9,,,Provisional/Provisoire,,
05EA001,2026-08-04T08:25:00Z,47,21.8,,,Provisional/Provisoire,,
05EA001,2026-08-04T08:30:00Z,47,21.9,,,Provisional/Provisoire,,
05EA001,2026-08-04T08:35:00Z,47,21.9,,,Provisional/Provisoire,,
05EA001,2026-08-04T08:40:00Z,47,21.8,,,Provisional/Provisoire,,
05EA001,2026-08-04T08:45:00Z,47,21.8,,,Provisional/Provisoire,,
05EA001,2026-08-04T08:50:00Z,47,21.7,,,Provisional/Provisoire,,
05EA001,2026-08-04T08:55:00Z,47,21.7,,,Provisional/Provisoire,,
05EA001,2026-08-04T09:00:00Z,47,21.7,,,Provisional/Provisoire,,
05EA001,2026-08-04T09:05:00Z,47,21.6,,,Provisional/Provisoire,,
05EA001,2026-08-04T09:10:00Z,47,21.7,,,Provisional/Provisoire,,
05EA001,2026-08-04T09:15:00Z,47,21.8,,,Provisional/Provisoire,,
05EA001,2026-08-04T09:20:00Z,47,21.7,,,Provisional/Provisoire,,
05EA001,2026-08-04T09:25:00Z,47,21.7,,,Provisional/Provisoire,,
05EA001,2026-08-04T09:30:00Z,47,21.7,,,Provisional/Provisoire,,
05EA001,2026-08-04T09:35:00Z,47,21.7,,,Provisional/Provisoire,,
05EA001,2026-08-04T09:40:00Z,47,21.6,,,Provisional/Provisoire,,
05EA001,2026-08-04T09:45:00Z,47,21.8,,,Provisional/Provisoire,,
05EA001,2026-08-04T09:50:00Z,47,21.7,,,Provisional/Provisoire,,
05EA001,2026-08-04T09:55:00Z,47,21.7,,,Provisional/Provisoire,,
05EA001,2026-08-04T10:00:00Z,47,21.7,,,Provisional/Provisoire,,
05EA001,2026-08-04T10:05:00Z,47,21.8,,,Provisional/Provisoire,,
05EA001,2026-08-04T10:10:00Z,47,21.9,,,Provisional/Provisoire,,
05EA001,2026-08-04T10:15:00Z,47,21.7,,,Provisional/Provisoire,,
05EA001,2026-08-04T10:20:00Z,47,21.5,,,Provisional/Provisoire,,
05EA001,2026-08-04T10:25:00Z,47,21.7,,,Provisional/Provisoire,,
05EA001,2026-08-04T10:30:00Z,47,21.5,,,Provisional/Provisoire,,
05EA001,2026-08-04T10:35:00Z,47,21.8,,,Provisional/Provisoire,,
05EA001,2026-08-04T10:40:00Z,47,21.5,,,Provisional/Provisoire,,
05EA001,2026-08-04T10:45:00Z,47,21.7,,,Provisional/Provisoire,,
05EA001,2026-08-04T10:50:00Z,47,21.7,,,Provisional/Provisoire,,
05EA001,2026-08-04T10:55:00Z,47,21.7,,,Provisional/Provisoire,,
05EA001,2026-08-04T11:00:00Z,47,21.6,,,Provisional/Provisoire,,
05EA001,2026-08-04T11:05:00Z,47,21.7,,,Provisional/Provisoire,,
05EA001,2026-08-04T11:10:00Z,47,21.6,,,Provisional/Provisoire,,
05EA001,2026-08-04T11:15:00Z,47,21.6,,,Provisional/Provisoire,,
05EA001,2026-08-04T11:20:00Z,47,21.7,,,Provisional/Provisoire,,
05EA001,2026-08-04T11:25:00Z,47,21.6,,,Provisional/Provisoire,,
05EA001,2026-08-04T11:30:00Z,47,21.7,,,Provisional/Provisoire,,
05EA001,2026-08-04T11:35:00Z,47,21.5,,,Provisional/Provisoire,,
05EA001,2026-08-04T11:40:00Z,47,21.7,,,Provisional/Provisoire,,
05EA001,2026-08-04T11:45:00Z,47,21.5,,,Provisional/Provisoire,,
05EA001,2026-08-04T11:50:00Z,47,21.5,,,Provisional/Provisoire,,
05EA001,2026-08-04T11:55:00Z,47,21.7,,,Provisional/Provisoire,,
05EA001,2026-08-04T12:00:00Z,47,21.7,,,Provisional/Provisoire,,
05EA001,2026-08-04T12:05:00Z,47,21.6,,,Provisional/Provisoire,,
05EA001,2026-08-04T12:10:00Z,47,21.6,,,Provisional/Provisoire,,
05EA001,2026-08-04T12:15:00Z,47,21.7,,,Provisional/Provisoire,,
05EA001,2026-08-04T12:20:00Z,47,21.6,,,Provisional/Provisoire,,
05EA001,2026-08-04T12:25:00Z,47,21.6,,,Provisional/Provisoire,,
05EA001,2026-08-04T12:30:00Z,47,21.7,,,Provisional/Provisoire,,
05EA001,2026-08-04T12:35:00Z,47,21.6,,,Provisional/Provisoire,,
05EA001,2026-08-04T12:40:00Z,47,21.5,,,Provisional/Provisoire,,
05EA001,2026-08-04T12:45:00Z,47,21.5,,,Provisional/Provisoire,,
05EA001,2026-08-04T12:50:00Z,47,21.6,,,Provisional/Provisoire,,
05EA001,2026-08-04T12:55:00Z,47,21.6,,,Provisional/Provisoire,,
05EA001,2026-08-04T13:00:00Z,47,21.6,,,Provisional/Provisoire,,
05EA001,2026-08-04T13:05:00Z,47,21.5,,,Provisional/Provisoire,,
05EA001,2026-08-04T13:10:00Z,47,21.5,,,Provisional/Provisoire,,
05EA001,2026-08-04T13:15:00Z,47,21.5,,,Provisional/Provisoire,,
05EA001,2026-08-04T13:20:00Z,47,21.5,,,Provisional/Provisoire,,
05EA001,2026-08-04T13:25:00Z,47,21.4,,,Provisional/Provisoire,,
05EA001,2026-08-04T13:30:00Z,47,21.5,,,Provisional/Provisoire,,
05EA001,2026-08-04T13:35:00Z,47,21.5,,,Provisional/Provisoire,,
05EA001,2026-08-04T13:40:00Z,47,21.4,,,Provisional/Provisoire,,
05EA001,2026-08-04T13:45:00Z,47,21.4,,,Provisional/Provisoire,,
05EA001,2026-08-04T13:50:00Z,47,21.4,,,Provisional/Provisoire,,
05EA001,2026-08-04T13:55:00Z,47,21.5,,,Provisional/Provisoire,,
05EA001,2026-08-04T14:00:00Z,47,21.2,,,Provisional/Provisoire,,
05EA001,2026-08-04T14:05:00Z,47,21.5,,,Provisional/Provisoire,,
05EA001,2026-08-04T14:10:00Z,47,21.5,,,Provisional/Provisoire,,
05EA001,2026-08-04T14:15:00Z,47,21.4,,,Provisional/Provisoire,,
05EA001,2026-08-04T14:20:00Z,47,21.4,,,Provisional/Provisoire,,
05EA001,2026-08-04T14:25:00Z,47,21.5,,,Provisional/Provisoire,,
05EA001,2026-08-04T14:30:00Z,47,21.5,,,Provisional/Provisoire,,
05EA001,2026-08-04T14:35:00Z,47,21.5,,,Provisional/Provisoire,,
05EA001,2026-08-04T14:40:00Z,47,21.3,,,Provisional/Provisoire,,
05EA001,2026-08-04T14:45:00Z,47,21.4,,,Provisional/Provisoire,,
05EA001,2026-08-04T14:50:00Z,47,21.5,,,Provisional/Provisoire,,
05EA001,2026-08-04T14:55:00Z,47,21.4,,,Provisional/Provisoire,,
05EA001,2026-08-04T15:00:00Z,47,21.3,,,Provisional/Provisoire,,
05EA001,2026-08-04T15:05:00Z,47,21.4,,,Provisional/Provisoire,,
05EA001,2026-08-04T15:10:00Z,47,21.2,,,Provisional/Provisoire,,
05EA001,2026-08-04T15:15:00Z,47,21.2,,,Provisional/Provisoire,,
05EA001,2026-08-04T15:20:00Z,47,21.2,,,Provisional/Provisoire,,
05EA001,2026-08-04T15:25:00Z,47,21.4,,,Provisional/Provisoire,,
05EA001,2026-08-04T15:30:00Z,47,21.5,,,Provisional/Provisoire,,
05EA001,2026-08-04T15:35:00Z,47,21.4,,,Provisional/Provisoire,,
05EA001,2026-08-04T15:40:00Z,47,21.3,,,Provisional/Provisoire,,
05EA001,2026-08-04T15:45:00Z,47,21.3,,,Provisional/Provisoire,,
05EA001,2026-08-04T15:50:00Z,47,21.4,,,Provisional/Provisoire,,
05EA001,2026-08-04T15:55:00Z,47,21.3,,,Provisional/Provisoire,,
05EA001,2026-08-04T16:00:00Z,47,21.4,,,Provisional/Provisoire,,
05EA001,2026-08-04T16:05:00Z,47,21.3,,,Provisional/Provisoire,,
05EA001,2026-08-04T16:10:00Z,47,21.4,,,Provisional/Provisoire,,
05EA001,2026-08-04T16:15:00Z,47,21.3,,,Provisional/Provisoire,,
05EA001,2026-08-04T16:20:00Z,47,21.3,,,Provisional/Provisoire,,
05EA001,2026-08-04T16:25:00Z,47,21.4,,,Provisional/Provisoire,,
05EA001,2026-08-04T16:30:00Z,47,21.3,,,Provisional/Provisoire,,
05EA001,2026-08-04T16:35:00Z,47,21.3,,,Provisional/Provisoire,,
05EA001,2026-08-04T16:40:00Z,47,21.3,,,Provisional/Provisoire,,
05EA001,2026-08-04T16:45:00Z,47,21.3,,,Provisional/Provisoire,,
05EA001,2026-08-04T16:50:00Z,47,21.3,,,Provisional/Provisoire,,
05EA001,2026-08-04T16:55:00Z,47,21.2,,,Provisional/Provisoire,,
05EA001,2026-08-04T17:00:00Z,47,21.3,,,Provisional/Provisoire,,
05EA001,2026-08-04T17:05:00Z,47,21.2,,,Provisional/Provisoire,,
05EA001,2026-08-04T17:10:00Z,47,21.4,,,Provisional/Provisoire,,
05EA001,2026-08-04T17:15:00Z,47,21.3,,,Provisional/Provisoire,,
05EA001,2026-08-04T17:20:00Z,47,21.3,,,Provisional/Provisoire,,
05EA001,2026-08-04T17:25:00Z,47,21.3,,,Provisional/Provisoire,,
05EA001,2026-08-04T17:30:00Z,47,21.3,,,Provisional/Provisoire,,
05EA001,2026-08-04T17:35:00Z,47,21.2,,,Provisional/Provisoire,,
05EA001,2026-08-04T17:40:00Z,47,21.2,,,Provisional/Provisoire,,
05EA001,2026-08-04T17:45:00Z,47,21.3,,,Provisional/Provisoire,,
05EA001,2026-08-04T17:50:00Z,47,21.2,,,Provisional/Provisoire,,
05EA001,2026-08-04T17:55:00Z,47,21.2,,,Provisional/Provisoire,,
05EA001,2026-08-04T18:00:00Z,47,21.3,,,Provisional/Provisoire,,
05EA001,2026-08-04T18:05:00Z,47,20.9,,,Provisional/Provisoire,,
05EA001,2026-08-04T18:10:00Z,47,21.2,,,Provisional/Provisoire,,
05EA001,2026-08-04T18:15:00Z,47,21.4,,,Provisional/Provisoire,,
05EA001,2026-08-04T18:20:00Z,47,21.2,,,Provisional/Provisoire,,
05EA001,2026-08-04T18:25:00Z,47,21.2,,,Provisional/Provisoire,,
05EA001,2026-08-04T18:30:00Z,47,21.1,,,Provisional/Provisoire,,
05EA001,2026-08-04T18:35:00Z,47,21.2,,,Provisional/Provisoire,,
05EA001,2026-08-04T18:40:00Z,47,21.2,,,Provisional/Provisoire,,
05EA001,2026-08-04T18:45:00Z,47,21.3,,,Provisional/Provisoire,,
05EA001,2026-08-04T18:50:00Z,47,21.2,,,Provisional/Provisoire,,
05EA001,2026-08-04T18:55:00Z,47,21.2,,,Provisional/Provisoire,,
05EA001,2026-08-04T19:00:00Z,47,21.2,,,Provisional/Provisoire,,
05EA001,2026-08-04T19:05:00Z,47,21.1,,,Provisional/Provisoire,,
05EA001,2026-08-04T19:10:00Z,47,21.1,,,Provisional/Provisoire,,
05EA001,2026-08-04T19:15:00Z,47,21.3,,,Provisional/Provisoire,,
05EA001,2026-08-04T19:20:00Z,47,20.9,,,Provisional/Provisoire,,
05EA001,2026-08-04T19:25:00Z,47,21.2,,,Provisional/Provisoire,,
05EA001,2026-08-04T19:30:00Z,47,21.3,,,Provisional/Provisoire,,
05EA001,2026-08-04T19:35:00Z,47,21.2,,,Provisional/Provisoire,,
05EA001,2026-08-04T19:40:00Z,47,21.2,,,Provisional/Provisoire,,
05EA001,2026-08-04T19:45:00Z,47,21.2,,,Provisional/Provisoire,,
05EA001,2026-08-04T19:50:00Z,47,21.2,,,Provisional/Provisoire,,
05EA001,2026-08-04T19:55:00Z,47,21.1,,,Provisional/Provisoire,,
05EA001,2026-08-04T20:00:00Z,47,21.1,,,Provisional/Provisoire,,
05EA001,2026-08-04T20:05:00Z,47,21.2,,,Provisional/Provisoire,,
05EA001,2026-08-04T20:10:00Z,47,21.2,,,Provisional/Provisoire,,
05EA001,2026-08-04T20:15:00Z,47,21.2,,,Provisional/Provisoire,,
05EA001,2026-08-04T20:20:00Z,47,20.9,,,Provisional/Provisoire,,
05EA001,2026-08-04T20:25:00Z,47,20.9,,,Provisional/Provisoire,,
05EA001,2026-08-04T20:30:00Z,47,21.2,,,Provisional/Provisoire,,
05EA001,2026-08-04T20:35:00Z,47,21.1,,,Provisional/Provisoire,,
05EA001,2026-08-04T20:40:00Z,47,21.0,,,Provisional/Provisoire,,
05EA001,2026-08-04T20:45:00Z,47,21.0,,,Provisional/Provisoire,,
05EA001,2026-08-04T20:50:00Z,47,20.9,,,Provisional/Provisoire,,
05EA001,2026-08-04T20:55:00Z,47,21.0,,,Provisional/Provisoire,,
05EA001,2026-08-04T21:00:00Z,47,21.0,,,Provisional/Provisoire,,
05EA001,2026-08-04T21:05:00Z,47,21.1,,,Provisional/Provisoire,,
05EA001,2026-08-04T21:10:00Z,47,20.9,,,Provisional/Provisoire,,
05EA001,2026-08-04T21:15:00Z,47,21.0,,,Provisional/Provisoire,,
05EA001,2026-08-04T21:20:00Z,47,21.0,,,Provisional/Provisoire,,
05EA001,2026-08-04T21:25:00Z,47,21.1,,,Provisional/Provisoire,,
05EA001,2026-08-04T21:30:00Z,47,21.0,,,Provisional/Provisoire,,
05EA001,2026-08-04T21:35:00Z,47,21.1,,,Provisional/Provisoire,,
05EA001,2026-08-04T21:40:00Z,47,20.9,,,Provisional/Provisoire,,
05EA001,2026-08-04T21:45:00Z,47,21.0,,,Provisional/Provisoire,,
05EA001,2026-08-04T21:50:00Z,47,20.9,,,Provisional/Provisoire,,
05EA001,2026-08-04T21:55:00Z,47,20.8,,,Provisional/Provisoire,,
05EA001,2026-08-04T22:00:00Z,47,20.8,,,Provisional/Provisoire,,
05EA001,2026-08-04T22:05:00Z,47,20.9,,,Provisional/Provisoire,,
05EA001,2026-08-04T22:10:00Z,47,20.9,,,Provisional/Provisoire,,
05EA001,2026-08-04T22:15:00Z,47,21.0,,,Provisional/Provisoire,,
05EA001,2026-08-04T22:20:00Z,47,20.9,,,Provisional/Provisoire,,
05EA001,2026-08-04T22:25:00Z,47,20.8,,,Provisional/Provisoire,,
05EA001,2026-08-04T22:30:00Z,47,20.9,,,Provisional/Provisoire,,
05EA001,2026-08-04T22:35:00Z,47,20.9,,,Provisional/Provisoire,,
05EA001,2026-08-04T22:40:00Z,47,20.8,,,Provisional/Provisoire,,
05EA001,2026-08-04T22:45:00Z,47,20.9,,,Provisional/Provisoire,,
05EA001,2026-08-04T22:50:00Z,47,21.0,,,Provisional/Provisoire,,
05EA001,2026-08-04T22:55:00Z,47,20.9,,,Provisional/Provisoire,,
05EA001,2026-08-04T23:00:00Z,47,20.8,,,Provisional/Provisoire,,
05EA001,2026-08-04T23:05:00Z,47,20.9,,,Provisional/Provisoire,,
05EA001,2026-08-04T23:10:00Z,47,20.9,,,Provisional/Provisoire,,
05EA001,2026-08-04T23:15:00Z,47,21.0,,,Provisional/Provisoire,,
05EA001,2026-08-04T23:20:00Z,47,21.0,,,Provisional/Provisoire,,
05EA001,2026-08-04T23:25:00Z,47,20.8,,,Provisional/Provisoire,,
05EA001,2026-08-04T23:30:00Z,47,20.8,,,Provisional/Provisoire,,
05EA001,2026-08-04T23:35:00Z,47,21.0,,,Provisional/Provisoire,,
05EA001,2026-08-04T23:40:00Z,47,20.8,,,Provisional/Provisoire,,
05EA001,2026-08-04T23:45:00Z,47,20.9,,,Provisional/Provisoire,,
05EA001,2026-08-04T23:50:00Z,47,21.0,,,Provisional/Provisoire,,
05EA001,2026-08-04T23:55:00Z,47,20.9,,,Provisional/Provisoire,,
05EA001,2026-08-05T00:00:00Z,47,21.0,,,Provisional/Provisoire,,
05EA001,2026-08-05T00:05:00Z,47,20.9,,,Provisional/Provisoire,,
05EA001,2026-08-05T00:10:00Z,47,21.0,,,Provisional/Provisoire,,
05EA001,2026-08-05T00:15:00Z,47,20.9,,,Provisional/Provisoire,,
05EA001,2026-08-05T00:20:00Z,47,20.9,,,Provisional/Provisoire,,
05EA001,2026-08-05T00:25:00Z,47,21.0,,,Provisional/Provisoire,,
05EA001,2026-08-05T00:30:00Z,47,21.0,,,Provisional/Provisoire,,
05EA001,2026-08-05T00:35:00Z,47,20.9,,,Provisional/Provisoire,,
05EA001,2026-08-05T00:40:00Z,47,20.9,,,Provisional/Provisoire,,
05EA001,2026-08-05T00:45:00Z,47,20.9,,,Provisional/Provisoire,,
05EA001,2026-08-05T00:50:00Z,47,20.9,,,Provisional/Provisoire,,
05EA001,2026-08-05T00:55:00Z,47,21.1,,,Provisional/Provisoire,,
05EA001,2026-08-05T01:00:00Z,47,20.9,,,Provisional/Provisoire,,
05EA001,2026-08-05T01:05:00Z,47,21.0,,,Provisional/Provisoire,,
05EA001,2026-08-05T01:10:00Z,47,20.9,,,Provisional/Provisoire,,
05EA001,2026-08-05T01:15:00Z,47,21.0,,,Provisional/Provisoire,,
05EA001,2026-08-05T01:20:00Z,47,20.9,,,Provisional/Provisoire,,
05EA001,2026-08-05T01:25:00Z,47,21.1,,,Provisional/Provisoire,,
05EA001,2026-08-05T01:30:00Z,47,20.9,,,Provisional/Provisoire,,
05EA001,2026-08-05T01:35:00Z,47,20.9,,,Provisional/Provisoire,,
05EA001,2026-08-05T01:40:00Z,47,20.9,,,Provisional/Provisoire,,
05EA001,2026-08-05T01:45:00Z,47,21.0,,,Provisional/Provisoire,,
05EA001,2026-08-05T01:50:00Z,47,20.8,,,Provisional/Provisoire,,
05EA001,2026-08-05T01:55:00Z,47,21.0,,,Provisional/Provisoire,,
05EA001,2026-08-05T02:00:00Z,47,21.0,,,Provisional/Provisoire,,
05EA001,2026-08-05T02:05:00Z,47,21.1,,,Provisional/Provisoire,,
05EA001,2026-08-05T02:10:00Z,47,21.0,,,Provisional/Provisoire,,
05EA001,2026-08-05T02:15:00Z,47,20.9,,,Provisional/Provisoire,,
05EA001,2026-08-05T02:20:00Z,47,21.2,,,Provisional/Provisoire,,
05EA001,2026-08-05T02:25:00Z,47,21.0,,,Provisional/Provisoire,,
05EA001,2026-08-05T02:30:00Z,47,20.9,,,Provisional/Provisoire,,
05EA001,2026-08-05T02:35:00Z,47,21.1,,,Provisional/Provisoire,,
05EA001,2026-08-05T02:40:00Z,47,21.1,,,Provisional/Provisoire,,
05EA001,2026-08-05T02:45:00Z,47,21.0,,,Provisional/Provisoire,,
05EA001,2026-08-05T02:50:00Z,47,21.2,,,Provisional/Provisoire,,
05EA001,2026-08-05T02:55:00Z,47,21.1,,,Provisional/Provisoire,,
05EA001,2026-08-05T03:00:00Z,47,21.0,,,Provisional/Provisoire,,
05EA001,2026-08-05T03:05:00Z,47,21.1,,,Provisional/Provisoire,,
05EA001,2026-08-05T03:10:00Z,47,21.0,,,Provisional/Provisoire,,
05EA001,2026-08-05T03:15:00Z,47,20.9,,,Provisional/Provisoire,,
05EA001,2026-08-05T03:20:00Z,47,21.0,,,Provisional/Provisoire,,
05EA001,2026-08-05T03:25:00Z,47,20.9,,,Provisional/Provisoire,,
05EA001,2026-08-05T03:30:00Z,47,20.9,,,Provisional/Provisoire,,
05EA001,2026-08-05T03:35:00Z,47,21.0,,,Provisional/Provisoire,,
05EA001,2026-08-05T03:40:00Z,47,21.0,,,Provisional/Provisoire,,
05EA001,2026-08-05T03:45:00Z,47,20.9,,,Provisional/Provisoire,,
05EA001,2026-08-05T03:50:00Z,47,20.9,,,Provisional/Provisoire,,
05EA001,2026-08-05T03:55:00Z,47,21.0,,,Provisional/Provisoire,,
05EA001,2026-08-05T04:00:00Z,47,20.9,,,Provisional/Provisoire,,
05EA001,2026-08-05T04:05:00Z,47,20.9,,,Provisional/Provisoire,,
05EA001,2026-08-05T04:10:00Z,47,21.0,,,Provisional/Provisoire,,
05EA001,2026-08-05T04:15:00Z,47,20.9,,,Provisional/Provisoire,,
05EA001,2026-08-05T04:20:00Z,47,20.7,,,Provisional/Provisoire,,
05EA001,2026-08-05T04:25:00Z,47,20.9,,,Provisional/Provisoire,,
05EA001,2026-08-05T04:30:00Z,47,20.7,,,Provisional/Provisoire,,
05EA001,2026-08-05T04:35:00Z,47,20.9,,,Provisional/Provisoire,,
05EA001,2026-08-05T04:40:00Z,47,20.9,,,Provisional/Provisoire,,
05EA001,2026-08-05T04:45:00Z,47,20.7,,,Provisional/Provisoire,,
05EA001,2026-08-05T04:50:00Z,47,20.9,,,Provisional/Provisoire,,
05EA001,2026-08-05T04:55:00Z,47,21.0,,,Provisional/Provisoire,,
05EA001,2026-08-05T05:00:00Z,47,20.8,,,Provisional/Provisoire,,
05EA001,2026-08-05T05:05:00Z,47,20.8,,,Provisional/Provisoire,,
05EA001,2026-08-05T05:10:00Z,47,20.7,,,Provisional/Provisoire,,
05EA001,2026-08-05T05:15:00Z,47,20.9,,,Provisional/Provisoire,,
05EA001,2026-08-05T05:20:00Z,47,20.7,,,Provisional/Provisoire,,
05EA001,2026-08-05T05:25:00Z,47,20.9,,,Provisional/Provisoire,,
05EA001,2026-08-05T05:30:00Z,47,20.9,,,Provisional/Provisoire,,
05EA001,2026-08-05T05:35:00Z,47,20.7,,,Provisional/Provisoire,,
05EA001,2026-08-05T05:40:00Z,47,21.0,,,Provisional/Provisoire,,
05EA001,2026-08-05T05:45:00Z,47,20.7,,,Provisional/Provisoire,,
05EA001,2026-08-05T05:50:00Z,47,20.7,,,Provisional/Provisoire,,
05EA001,2026-08-05T05:55:00Z,47,20.7,,,Provisional/Provisoire,,
05EA001,2026-08-05T06:00:00Z,47,20.7,,,Provisional/Provisoire,,
05EA001,2026-08-05T06:05:00Z,47,20.7,,,Provisional/Provisoire,,
05EA001,2026-08-05T06:10:00Z,47,20.8,,,Provisional/Provisoire,,
05EA001,2026-08-05T06:15:00Z,47,20.8,,,Provisional/Provisoire,,
05EA001,2026-08-05T06:20:00Z,47,20.7,,,Provisional/Provisoire,,
05EA001,2026-08-05T06:25:00Z,47,20.9,,,Provisional/Provisoire,,
05EA001,2026-08-05T06:30:00Z,47,20.7,,,Provisional/Provisoire,,
05EA001,2026-08-05T06:35:00Z,47,20.7,,,Provisional/Provisoire,,
05EA001,2026-08-05T06:40:00Z,47,20.9,,,Provisional/Provisoire,,
05EA001,2026-08-05T06:45:00Z,47,20.7,,,Provisional/Provisoire,,
05EA001,2026-08-05T06:50:00Z,47,20.7,,,Provisional/Provisoire,,
05EA001,2026-08-05T06:55:00Z,47,20.7,,,Provisional/Provisoire,,
05EA001,2026-08-05T07:00:00Z,47,20.7,,,Provisional/Provisoire,,
05EA001,2026-08-05T07:05:00Z,47,20.9,,,Provisional/Provisoire,,
05EA001,2026-08-05T07:10:00Z,47,20.8,,,Provisional/Provisoire,,
05EA001,2026-08-05T07:15:00Z,47,20.8,,,Provisional/Provisoire,,
05EA001,2026-08-05T07:20:00Z,47,20.8,,,Provisional/Provisoire,,
05EA001,2026-08-05T07:25:00Z,47,20.8,,,Provisional/Provisoire,,
05EA001,2026-08-05T07:30:00Z,47,20.6,,,Provisional/Provisoire,,
05EA001,2026-08-05T07:35:00Z,47,20.8,,,Provisional/Provisoire,,
05EA001,2026-08-05T07:40:00Z,47,20.7,,,Provisional/Provisoire,,
05EA001,2026-08-05T07:45:00Z,47,20.8,,,Provisional/Provisoire,,
05EA001,2026-08-05T07:50:00Z,47,20.7,,,Provisional/Provisoire,,
05EA001,2026-08-05T07:55:00Z,47,20.7,,,Provisional/Provisoire,,
05EA001,2026-08-05T08:00:00Z,47,20.7,,,Provisional/Provisoire,,
05EA001,2026-08-05T08:05:00Z,47,20.6,,,Provisional/Provisoire,,
05EA001,2026-08-05T08:10:00Z,47,20.6,,,Provisional/Provisoire,,
05EA001,2026-08-05T08:15:00Z,47,20.9,,,Provisional/Provisoire,,
05EA001,2026-08-05T08:20:00Z,47,20.5,,,Provisional/Provisoire,,
05EA001,2026-08-05T08:25:00Z,47,20.6,,,Provisional/Provisoire,,
05EA001,2026-08-05T08:30:00Z,47,20.7,,,Provisional/Provisoire,,
05EA001,2026-08-05T08:35:00Z,47,20.6,,,Provisional/Provisoire,,
05EA001,2026-08-05T08:40:00Z,47,20.6,,,Provisional/Provisoire,,
05EA001,2026-08-05T08:45:00Z,47,20.6,,,Provisional/Provisoire,,
05EA001,2026-08-05T08:50:00Z,47,20.7,,,Provisional/Provisoire,,
05EA001,2026-08-05T08:55:00Z,47,20.6,,,Provisional/Provisoire,,
05EA001,2026-08-05T09:00:00Z,47,20.6,,,Provisional/Provisoire,,
05EA001,2026-08-05T09:05:00Z,47,20.6,,,Provisional/Provisoire,,
05EA001,2026-08-05T09:10:00Z,47,20.7,,,Provisional/Provisoire,,
05EA001,2026-08-05T09:15:00Z,47,20.7,,,Provisional/Provisoire,,
05EA001,2026-08-05T09:20:00Z,47,20.6,,,Provisional/Provisoire,,
05EA001,2026-08-05T09:25:00Z,47,20.6,,,Provisional/Provisoire,,
05EA001,2026-08-05T09:30:00Z,47,20.6,,,Provisional/Provisoire,,
05EA001,2026-08-05T09:35:00Z,47,20.5,,,Provisional/Provisoire,,
05EA001,2026-08-05T09:40:00Z,47,20.7,,,Provisional/Provisoire,,
05EA001,2026-08-05T09:45:00Z,47,20.6,,,Provisional/Provisoire,,
05EA001,2026-08-05T09:50:00Z,47,20.6,,,Provisional/Provisoire,,
05EA001,2026-08-05T09:55:00Z,47,20.6,,,Provisional/Provisoire,,
05EA001,2026-08-05T10:00:00Z,47,20.6,,,Provisional/Provisoire,,
05EA001,2026-08-05T10:05:00Z,47,20.5,,,Provisional/Provisoire,,
05EA001,2026-08-05T10:10:00Z,47,20.7,,,Provisional/Provisoire,,
05EA001,2026-08-05T10:15:00Z,47,20.5,,,Provisional/Provisoire,,
05EA001,2026-08-05T10:20:00Z,47,20.5,,,Provisional/Provisoire,,
05EA001,2026-08-05T10:25:00Z,47,20.6,,,Provisional/Provisoire,,
05EA001,2026-08-05T10:30:00Z,47,20.6,,,Provisional/Provisoire,,
05EA001,2026-08-05T10:35:00Z,47,20.6,,,Provisional/Provisoire,,
05EA001,2026-08-05T10:40:00Z,47,20.6,,,Provisional/Provisoire,,
05EA001,2026-08-05T10:45:00Z,47,20.5,,,Provisional/Provisoire,,
05EA001,2026-08-05T10:50:00Z,47,20.5,,,Provisional/Provisoire,,
05EA001,2026-08-05T10:55:00Z,47,20.5,,,Provisional/Provisoire,,
05EA001,2026-08-05T11:00:00Z,47,20.5,,,Provisional/Provisoire,,
05EA001,2026-08-05T11:05:00Z,47,20.5,,,Provisional/Provisoire,,
05EA001,2026-08-05T11:10:00Z,47,20.5,,,Provisional/Provisoire,,
05EA001,2026-08-05T11:15:00Z,47,20.4,,,Provisional/Provisoire,,
05EA001,2026-08-05T11:20:00Z,47,20.5,,,Provisional/Provisoire,,
05EA001,2026-08-05T11:25:00Z,47,20.5,,,Provisional/Provisoire,,
05EA001,2026-08-05T11:30:00Z,47,20.5,,,Provisional/Provisoire,,
05EA001,2026-08-05T11:35:00Z,47,20.3,,,Provisional/Provisoire,,
05EA001,2026-08-05T11:40:00Z,47,20.4,,,Provisional/Provisoire,,
05EA001,2026-08-05T11:45:00Z,47,20.4,,,Provisional/Provisoire,,
05EA001,2026-08-05T11:50:00Z,47,20.3,,,Provisional/Provisoire,,
05EA001,2026-08-05T11:55:00Z,47,20.4,,,Provisional/Provisoire,,
05EA001,2026-08-05T12:00:00Z,47,20.3,,,Provisional/Provisoire,,
05EA001,2026-08-05T12:05:00Z,47,20.5,,,Provisional/Provisoire,,
05EA001,2026-08-05T12:10:00Z,47,20.4,,,Provisional/Provisoire,,
05EA001,2026-08-05T12:15:00Z,47,20.5,,,Provisional/Provisoire,,
05EA001,2026-08-05T12:20:00Z,47,20.5,,,Provisional/Provisoire,,
05EA001,2026-08-05T12:25:00Z,47,20.4,,,Provisional/Provisoire,,
05EA001,2026-08-05T12:30:00Z,47,20.4,,,Provisional/Provisoire,,
05EA001,2026-08-05T12:35:00Z,47,20.5,,,Provisional/Provisoire,,
05EA001,2026-08-05T12:40:00Z,47,20.5,,,Provisional/Provisoire,,
05EA001,2026-08-05T12:45:00Z,47,20.4,,,Provisional/Provisoire,,
05EA001,2026-08-05T12:50:00Z,47,20.5,,,Provisional/Provisoire,,
05EA001,2026-08-05T12:55:00Z,47,20.4,,,Provisional/Provisoire,,
05EA001,2026-08-05T13:00:00Z,47,20.4,,,Provisional/Provisoire,,