 ID,Date,Parameter/Paramètre,Value/Valeur,Qualifier/Qualificatif,Symbol/Symbole,Approval/Approbation,Grade/Classification,Qualifiers/Qualificatifs
05EA012,2026-07-27T00:00:00Z,46,8.793,,,Provisional/Provisoire,,
05EA012,2026-07-27T00:05:00Z,46,8.795,,,Provisional/Provisoire,,
05EA012,2026-07-27T00:10:00Z,46,8.795,,,Provisional/Provisoire,,
05EA012,2026-07-27T00:15:00Z,46,8.795,,,Provisional/Provisoire,,
05EA012,2026-07-27T00:20:00Z,46,8.796,,,Provisional/Provisoire,,
05EA012,2026-07-27T00:25:00Z,46,8.796,,,Provisional/Provisoire,,
05EA012,2026-07-27T00:30:00Z,46,8.793,,,Provisional/Provisoire,,
05EA012,2026-07-27T00:35:00Z,46,8.797,,,Provisional/Provisoire,,
05EA012,2026-07-27T00:40:00Z,46,8.799,,,Provisional/Provisoire,,
05EA012,2026-07-27T00:45:00Z,46,8.797,,,Provisional/Provisoire,,
05EA012,2026-07-27T00:50:00Z,46,8.796,,,Provisional/Provisoire,,
05EA012,2026-07-27T00:55:00Z,46,8.796,,,Provisional/Provisoire,,
05EA012,2026-07-27T01:00:00Z,46,8.795,,,Provisional/Provisoire,,
05EA012,2026-07-27T01:05:00Z,46,8.796,,,Provisional/Provisoire,,
05EA012,2026-07-27T01:10:00Z,46,8.795,,,Provisional/Provisoire,,
05EA012,2026-07-27T01:15:00Z,46,8.797,,,Provisional/Provisoire,,
05EA012,2026-07-27T01:20:00Z,46,8.796,,,Provisional/Provisoire,,
05EA012,2026-07-27T01:25:00Z,46,8.796,,,Provisional/Provisoire,,
05EA012,2026-07-27T01:30:00Z,46,8.797,,,Provisional/Provisoire,,
05EA012,2026-07-27T01:35:00Z,46,8.795,,,Provisional/Provisoire,,
05EA012,2026-07-27T01:40:00Z,46,8.794,,,Provisional/Provisoire,,
05EA012,2026-07-27T01:45:00Z,46,8.796,,,Provisional/Provisoire,,
05EA012,2026-07-27T01:50:00Z,46,8.795,,,Provisional/Provisoire,,
05EA012,2026-07-27T01:55:00Z,46,8.797,,,Provisional/Provisoire,,
05EA012,2026-07-27T02:00:00Z,46,8.798,,,Provisional/Provisoire,,
05EA012,2026-07-27T02:05:00Z,46,8.796,,,Provisional/Provisoire,,
05EA012,2026-07-27T02:10:00Z,46,8.796,,,Provisional/Provisoire,,
05EA012,2026-07-27T02:15:00Z,46,8.797,,,Provisional/Provisoire,,
05EA012,2026-07-27T02:20:00Z,46,8.796,,,Provisional/Provisoire,,
05EA012,2026-07-27T02:25:00Z,46,8.797,,,Provisional/Provisoire,,
05EA012,2026-07-27T02:30:00Z,46,8.797,,,Provisional/Provisoire,,
05EA012,2026-07-27T02:35:00Z,46,8.793,,,Provisional/Provisoire,,
05EA012,2026-07-27T02:40:00Z,46,8.795,,,Provisional/Provisoire,,
05EA012,2026-07-27T02:45:00Z,46,8.793,,,Provisional/Provisoire,,
05EA012,2026-07-27T02:50:00Z,46,8.793,,,Provisional/Provisoire,,
05EA012,2026-07-27T02:55:00Z,46,8.796,,,Provisional/Provisoire,,
05EA012,2026-07-27T03:00:00Z,46,8.794,,,Provisional/Provisoire,,
05EA012,2026-07-27T03:05:00Z,46,8.793,,,Provisional/Provisoire,,
05EA012,2026-07-27T03:10:00Z,46,8.796,,,Provisional/Provisoire,,
05EA012,2026-07-27T03:15:00Z,46,8.795,,,Provisional/Provisoire,,
05EA012,2026-07-27T03:20:00Z,46,8.795,,,Provisional/Provisoire,,
05EA012,2026-07-27T03:25:00Z,46,8.793,,,Provisional/Provisoire,,
05EA012,2026-07-27T03:30:00Z,46,8.794,,,Provisional/Provisoire,,
05EA012,2026-07-27T03:35:00Z,46,8.792,,,Provisional/Provisoire,,
05EA012,2026-07-27T03:40:00Z,46,8.792,,,Provisional/Provisoire,,
05EA012,2026-07-27T03:45:00Z,46,8.793,,,Provisional/Provisoire,,
05EA012,2026-07-27T03:50:00Z,46,8.792,,,Provisional/Provisoire,,
05EA012,2026-07-27T03:55:00Z,46,8.788,,,Provisional/Provisoire,,
05EA012,2026-07-27T04:00:00Z,46,8.792,,,Provisional/Provisoire,,
05EA012,2026-07-27T04:05:00Z,46,8.793,,,Provisional/Provisoire,,
05EA012,2026-07-27T04:10:00Z,46,8.790,,,Provisional/Provisoire,,
05EA012,2026-07-27T04:15:00Z,46,8.793,,,Provisional/Provisoire,,
05EA012,2026-07-27T04:20:00Z,46,8.792,,,Provisional/Provisoire,,
05EA012,2026-07-27T04:25:00Z,46,8.791,,,Provisional/Provisoire,,
05EA012,2026-07-27T04:30:00Z,46,8.792,,,Provisional/Provisoire,,
05EA012,2026-07-27T04:35:00Z,46,8.788,,,Provisional/Provisoire,,
05EA012,2026-07-27T04:40:00Z,46,8.791,,,Provisional/Provisoire,,
05EA012,2026-07-27T04:45:00Z,46,8.789,,,Provisional/Provisoire,,
05EA012,2026-07-27T04:50:00Z,46,8.787,,,Provisional/Provisoire,,
05EA012,2026-07-27T04:55:00Z,46,8.790,,,Provisional/Provisoire,,
05EA012,2026-07-27T05:00:00Z,46,8.788,,,Provisional/Provisoire,,
05EA012,2026-07-27T05:05:00Z,46,8.788,,,Provisional/Provisoire,,
05EA012,2026-07-27T05:10:00Z,46,8.789,,,Provisional/Provisoire,,
05EA012,2026-07-27T05:15:00Z,46,8.788,,,Provisional/Provisoire,,
05EA012,2026-07-27T05:20:00Z,46,8.786,,,Provisional/Provisoire,,
05EA012,2026-07-27T05:25:00Z,46,8.787,,,Provisional/Provisoire,,
05EA012,2026-07-27T05:30:00Z,46,8.785,,,Provisional/Provisoire,,
05EA012,2026-07-27T05:35:00Z,46,8.786,,,Provisional/Provisoire,,
05EA012,2026-07-27T05:40:00Z,46,8.785,,,Provisional/Provisoire,,
05EA012,2026-07-27T05:45:00Z,46,8.784,,,Provisional/Provisoire,,
05EA012,2026-07-27T05:50:00Z,46,8.787,,,Provisional/Provisoire,,
05EA012,2026-07-27T05:55:00Z,46,8.785,,,Provisional/Provisoire,,
05EA012,2026-07-27T06:00:00Z,46,8.784,,,Provisional/Provisoire,,
05EA012,2026-07-27T06:05:00Z,46,8.784,,,Provisional/Provisoire,,
05EA012,2026-07-27T06:10:00Z,46,8.786,,,Provisional/Provisoire,,
05EA012,2026-07-27T06:15:00Z,46,8.784,,,Provisional/Provisoire,,
05EA012,2026-07-27T06:20:00Z,46,8.784,,,Provisional/Provisoire,,
05EA012,2026-07-27T06:25:00Z,46,8.784,,,Provisional/Provisoire,,
05EA012,2026-07-27T06:30:00Z,46,8.783,,,Provisional/Provisoire,,
05EA012,2026-07-27T06:35:00Z,46,8.784,,,Provisional/Provisoire,,
05EA012,2026-07-27T06:40:00Z,46,8.782,,,Provisional/Provisoire,,
05EA012,2026-07-27T06:45:00Z,46,8.783,,,Provisional/Provisoire,,
05EA012,2026-07-27T06:50:00Z,46,8.781,,,Provisional/Provisoire,,
05EA012,2026-07-27T06:55:00Z,46,8.783,,,Provisional/Provisoire,,
05EA012,2026-07-27T07:00:00Z,46,8.782,,,Provisional/Provisoire,,
05EA012,2026-07-27T07:05:00Z,46,8.780,,,Provisional/Provisoire,,
05EA012,2026-07-27T07:10:00Z,46,8.780,,,Provisional/Provisoire,,
05EA012,2026-07-27T07:15:00Z,46,8.781,,,Provisional/Provisoire,,
05EA012,2026-07-27T07:20:00Z,46,8.779,,,Provisional/Provisoire,,
05EA012,2026-07-27T07:25:00Z,46,8.779,,,Provisional/Provisoire,,
05EA012,2026-07-27T07:30:00Z,46,8.780,,,Provisional/Provisoire,,
05EA012,2026-07-27T07:35:00Z,46,8.779,,,Provisional/Provisoire,,
05EA012,2026-07-27T07:40:00Z,46,8.780,,,Provisional/Provisoire,,
05EA012,2026-07-27T07:45:00Z,46,8.780,,,Provisional/Provisoire,,
05EA012,2026-07-27T07:50:00Z,46,8.779,,,Provisional/Provisoire,,
05EA012,2026-07-27T07:55:00Z,46,8.777,,,Provisional/Provisoire,,
05EA012,2026-07-27T08:00:00Z,46,8.779,,,Provisional/Provisoire,,
05EA012,2026-07-27T08:05:00Z,46,8.779,,,Provisional/Provisoire,,
05EA012,2026-07-27T08:10:00Z,46,8.777,,,Provisional/Provisoire,,
05EA012,2026-07-27T08:15:00Z,46,8.776,,,Provisional/Provisoire,,
05EA012,2026-07-27T08:20:00Z,46,8.776,,,Provisional/Provisoire,,
05EA012,2026-07-27T08:25:00Z,46,8.776,,,Provisional/Provisoire,,
05EA012,2026-07-27T08:30:00Z,46,8.775,,,Provisional/Provisoire,,
05EA012,2026-07-27T08:35:00Z,46,8.775,,,Provisional/Provisoire,,
05EA012,2026-07-27T08:40:00Z,46,8.774,,,Provisional/Provisoire,,
05EA012,2026-07-27T08:45:00Z,46,8.774,,,Provisional/Provisoire,,
05EA012,2026-07-27T08:50:00Z,46,8.776,,,Provisional/Provisoire,,
05EA012,2026-07-27T08:55:00Z,46,8.775,,,Provisional/Provisoire,,
05EA012,2026-07-27T09:00:00Z,46,8.774,,,Provisional/Provisoire,,
05EA012,2026-07-27T09:05:00Z,46,8.773,,,Provisional/Provisoire,,
05EA012,2026-07-27T09:10:00Z,46,8.774,,,Provisional/Provisoire,,
05EA012,2026-07-27T09:15:00Z,46,8.773,,,Provisional/Provisoire,,
05EA012,2026-07-27T09:20:00Z,46,8.772,,,Provisional/Provisoire,,
05EA012,2026-07-27T09:25:00Z,46,8.772,,,Provisional/Provisoire,,
05EA012,2026-07-27T09:30:00Z,46,8.771,,,Provisional/Provisoire,,
05EA012,2026-07-27T09:35:00Z,46,8.771,,,Provisional/Provisoire,,
05EA012,2026-07-27T09:40:00Z,46,8.770,,,Provisional/Provisoire,,
05EA012,2026-07-27T09:45:00Z,46,8.771,,,Provisional/Provisoire,,
05EA012,2026-07-27T09:50:00Z,46,8.770,,,Provisional/Provisoire,,
05EA012,2026-07-27T09:55:00Z,46,8.768,,,Provisional/Provisoire,,
05EA012,2026-07-27T10:00:00Z,46,8.767,,,Provisional/Provisoire,,
05EA012,2026-07-27T10:05:00Z,46,8.768,,,Provisional/Provisoire,,
05EA012,2026-07-27T10:10:00Z,46,8.768,,,Provisional/Provisoire,,
05EA012,2026-07-27T10:15:00Z,46,8.768,,,Provisional/Provisoire,,
05EA012,2026-07-27T10:20:00Z,46,8.768,,,Provisional/Provisoire,,
05EA012,2026-07-27T10:25:00Z,46,8.769,,,Provisional/Provisoire,,
05EA012,2026-07-27T10:30:00Z,46,8.769,,,Provisional/Provisoire,,
05EA012,2026-07-27T10:35:00Z,46,8.768,,,Provisional/Provisoire,,
05EA012,2026-07-27T10:40:00Z,46,8.765,,,Provisional/Provisoire,,
05EA012,2026-07-27T10:45:00Z,46,8.766,,,Provisional/Provisoire,,
05EA012,2026-07-27T10:50:00Z,46,8.765,,,Provisional/Provisoire,,
05EA012,2026-07-27T10:55:00Z,46,8.765,,,Provisional/Provisoire,,
05EA012,2026-07-27T11:00:00Z,46,8.765,,,Provisional/Provisoire,,
05EA012,2026-07-27T11:05:00Z,46,8.765,,,Provisional/Provisoire,,
05EA012,2026-07-27T11:10:00Z,46,8.765,,,Provisional/Provisoire,,
05EA012,2026-07-27T11:15:00Z,46,8.763,,,Provisional/Provisoire,,
05EA012,2026-07-27T11:20:00Z,46,8.764,,,Provisional/Provisoire,,
05EA012,2026-07-27T11:25:00Z,46,8.762,,,Provisional/Provisoire,,
05EA012,2026-07-27T11:30:00Z,46,8.763,,,Provisional/Provisoire,,
05EA012,2026-07-27T11:35:00Z,46,8.760,,,Provisional/Provisoire,,
05EA012,2026-07-27T11:40:00Z,46,8.762,,,Provisional/Provisoire,,
05EA012,2026-07-27T11:45:00Z,46,8.760,,,Provisional/Provisoire,,
05EA012,2026-07-27T11:50:00Z,46,8.759,,,Provisional/Provisoire,,
05EA012,2026-07-27T11:55:00Z,46,8.761,,,Provisional/Provisoire,,
05EA012,2026-07-27T12:00:00Z,46,8.760,,,Provisional/Provisoire,,
05EA012,2026-07-27T12:05:00Z,46,8.760,,,Provisional/Provisoire,,
05EA012,2026-07-27T12:10:00Z,46,8.757,,,Provisional/Provisoire,,
05EA012,2026-07-27T12:15:00Z,46,8.757,,,Provisional/Provisoire,,
05EA012,2026-07-27T12:20:00Z,46,8.757,,,Provisional/Provisoire,,
05EA012,2026-07-27T12:25:00Z,46,8.756,,,Provisional/Provisoire,,
05EA012,2026-07-27T12:30:00Z,46,8.755,,,Provisional/Provisoire,,
05EA012,2026-07-27T12:35:00Z,46,8.755,,,Provisional/Provisoire,,
05EA012,2026-07-27T12:40:00Z,46,8.755,,,Provisional/Provisoire,,
05EA012,2026-07-27T12:45:00Z,46,8.753,,,Provisional/Provisoire,,
05EA012,2026-07-27T12:50:00Z,46,8.753,,,Provisional/Provisoire,,
05EA012,2026-07-27T12:55:00Z,46,8.755,,,Provisional/Provisoire,,
05EA012,2026-07-27T13:00:00Z,46,8.752,,,Provisional/Provisoire,,
05EA012,2026-07-27T13:05:00Z,46,8.752,,,Provisional/Provisoire,,
05EA012,2026-07-27T13:10:00Z,46,8.752,,,Provisional/Provisoire,,
05EA012,2026-07-27T13:15:00Z,46,8.751,,,Provisional/Provisoire,,
05EA012,2026-07-27T13:20:00Z,46,8.751,,,Provisional/Provisoire,,
05EA012,2026-07-27T13:25:00Z,46,8.749,,,Provisional/Provisoire,,
05EA012,2026-07-27T13:30:00Z,46,8.750,,,Provisional/Provisoire,,
05EA012,2026-07-27T13:35:00Z,46,8.749,,,Provisional/Provisoire,,
05EA012,2026-07-27T13:40:00Z,46,8.749,,,Provisional/Provisoire,,
05EA012,2026-07-27T13:45:00Z,46,8.751,,,Provisional/Provisoire,,
05EA012,2026-07-27T13:50:00Z,46,8.749,,,Provisional/Provisoire,,
05EA012,2026-07-27T13:55:00Z,46,8.748,,,Provisional/Provisoire,,
05EA012,2026-07-27T14:00:00Z,46,8.751,,,Provisional/Provisoire,,
05EA012,2026-07-27T14:05:00Z,46,8.749,,,Provisional/Provisoire,,
05EA012,2026-07-27T14:10:00Z,46,8.751,,,Provisional/Provisoire,,
05EA012,2026-07-27T14:15:00Z,46,8.749,,,Provisional/Provisoire,,
05EA012,2026-07-27T14:20:00Z,46,8.748,,,Provisional/Provisoire,,
05EA012,2026-07-27T14:25:00Z,46,8.749,,,Provisional/Provisoire,,
05EA012,2026-07-27T14:30:00Z,46,8.750,,,Provisional/Provisoire,,
05EA012,2026-07-27T14:35:00Z,46,8.750,,,Provisional/Provisoire,,
05EA012,2026-07-27T14:40:00Z,46,8.748,,,Provisional/Provisoire,,
05EA012,2026-07-27T14:45:00Z,46,8.747,,,Provisional/Provisoire,,
05EA012,2026-07-27T14:50:00Z,46,8.749,,,Provisional/Provisoire,,
05EA012,2026-07-27T14:55:00Z,46,8.748,,,Provisional/Provisoire,,
05EA012,2026-07-27T15:00:00Z,46,8.747,,,Provisional/Provisoire,,
05EA012,2026-07-27T15:05:00Z,46,8.749,,,Provisional/Provisoire,,
05EA012,2026-07-27T15:10:00Z,46,8.747,,,Provisional/Provisoire,,
05EA012,2026-07-27T15:15:00Z,46,8.747,,,Provisional/Provisoire,,
05EA012,2026-07-27T15:20:00Z,46,8.746,,,Provisional/Provisoire,,
05EA012,2026-07-27T15:25:00Z,46,8.746,,,Provisional/Provisoire,,
05EA012,2026-07-27T15:30:00Z,46,8.746,,,Provisional/Provisoire,,
05EA012,2026-07-27T15:35:00Z,46,8.747,,,Provisional/Provisoire,,
05EA012,2026-07-27T15:40:00Z,46,8.746,,,Provisional/Provisoire,,
05EA012,2026-07-27T15:45:00Z,46,8.746,,,Provisional/Provisoire,,
05EA012,2026-07-27T15:50:00Z,46,8.747,,,Provisional/Provisoire,,
05EA012,2026-07-27T15:55:00Z,46,8.745,,,Provisional/Provisoire,,
05EA012,2026-07-27T16:00:00Z,46,8.746,,,Provisional/Provisoire,,
05EA012,2026-07-27T16:05:00Z,46,8.746,,,Provisional/Provisoire,,
05EA012,2026-07-27T16:10:00Z,46,8.745,,,Provisional/Provisoire,,
05EA012,2026-07-27T16:15:00Z,46,8.745,,,Provisional/Provisoire,,
05EA012,2026-07-27T16:20:00Z,46,8.743,,,Provisional/Provisoire,,
05EA012,2026-07-27T16:25:00Z,46,8.745,,,Provisional/Provisoire,,
05EA012,2026-07-27T16:30:00Z,46,8.742,,,Provisional/Provisoire,,
05EA012,2026-07-27T16:35:00Z,46,8.742,,,Provisional/Provisoire,,
05EA012,2026-07-27T16:40:00Z,46,8.743,,,Provisional/Provisoire,,
05EA012,2026-07-27T16:45:00Z,46,8.743,,,Provisional/Provisoire,,
05EA012,2026-07-27T16:50:00Z,46,8.741,,,Provisional/Provisoire,,
05EA012,2026-07-27T16:55:00Z,46,8.741,,,Provisional/Provisoire,,
05EA012,2026-07-27T17:00:00Z,46,8.741,,,Provisional/Provisoire,,
05EA012,2026-07-27T17:05:00Z,46,8.740,,,Provisional/Provisoire,,
05EA012,2026-07-27T17:10:00Z,46,8.741,,,Provisional/Provisoire,,
05EA012,2026-07-27T17:15:00Z,46,8.741,,,Provisional/Provisoire,,
05EA012,2026-07-27T17:20:00Z,46,8.741,,,Provisional/Provisoire,,
05EA012,2026-07-27T17:25:00Z,46,8.740,,,Provisional/Provisoire,,
05EA012,2026-07-27T17:30:00Z,46,8.739,,,Provisional/Provisoire,,
05EA012,2026-07-27T17:35:00Z,46,8.741,,,Provisional/Provisoire,,
05EA012,2026-07-27T17:40:00Z,46,8.738,,,Provisional/Provisoire,,
05EA012,2026-07-27T17:45:00Z,46,8.738,,,Provisional/Provisoire,,
05EA012,2026-07-27T17:50:00Z,46,8.740,,,Provisional/Provisoire,,
05EA012,2026-07-27T17:55:00Z,46,8.737,,,Provisional/Provisoire,,
05EA012,2026-07-27T18:00:00Z,46,8.739,,,Provisional/Provisoire,,
05EA012,2026-07-27T18:05:00Z,46,8.738,,,Provisional/Provisoire,,
05EA012,2026-07-27T18:10:00Z,46,8.737,,,Provisional/Provisoire,,
05EA012,2026-07-27T18:15:00Z,46,8.738,,,Provisional/Provisoire,,
05EA012,2026-07-27T18:20:00Z,46,8.736,,,Provisional/Provisoire,,
05EA012,2026-07-27T18:25:00Z,46,8.737,,,Provisional/Provisoire,,
05EA012,2026-07-27T18:30:00Z,46,8.737,,,Provisional/Provisoire,,
05EA012,2026-07-27T18:35:00Z,46,8.738,,,Provisional/Provisoire,,
05EA012,2026-07-27T18:40:00Z,46,8.736,,,Provisional/Provisoire,,
05EA012,2026-07-27T18:45:00Z,46,8.736,,,Provisional/Provisoire,,
05EA012,2026-07-27T18:50:00Z,46,8.735,,,Provisional/Provisoire,,
05EA012,2026-07-27T18:55:00Z,46,8.736,,,Provisional/Provisoire,,
05EA012,2026-07-27T19:00:00Z,46,8.736,,,Provisional/Provisoire,,
05EA012,2026-07-27T19:05:00Z,46,8.737,,,Provisional/Provisoire,,
05EA012,2026-07-27T19:10:00Z,46,8.736,,,Provisional/Provisoire,,
05EA012,2026-07-27T19:15:00Z,46,8.736,,,Provisional/Provisoire,,
05EA012,2026-07-27T19:20:00Z,46,8.738,,,Provisional/Provisoire,,
05EA012,2026-07-27T19:25:00Z,46,8.738,,,Provisional/Provisoire,,
05EA012,2026-07-27T19:30:00Z,46,8.739,,,Provisional/Provisoire,,
05EA012,2026-07-27T19:35:00Z,46,8.738,,,Provisional/Provisoire,,
05EA012,2026-07-27T19:40:00Z,46,8.740,,,Provisional/Provisoire,,
05EA012,2026-07-27T19:45:00Z,46,8.739,,,Provisional/Provisoire,,
05EA012,2026-07-27T19:50:00Z,46,8.742,,,Provisional/Provisoire,,
05EA012,2026-07-27T19:55:00Z,46,8.744,,,Provisional/Provisoire,,
05EA012,2026-07-27T20:00:00Z,46,8.746,,,Provisional/Provisoire,,
05EA012,2026-07-27T20:05:00Z,46,8.748,,,Provisional/Provisoire,,
05EA012,2026-07-27T20:10:00Z,46,8.750,,,Provisional/Provisoire,,
05EA012,2026-07-27T20:15:00Z,46,8.748,,,Provisional/Provisoire,,
05EA012,2026-07-27T20:20:00Z,46,8.746,,,Provisional/Provisoire,,
05EA012,2026-07-27T20:25:00Z,46,8.748,,,Provisional/Provisoire,,
05EA012,2026-07-27T20:30:00Z,46,8.750,,,Provisional/Provisoire,,
05EA012,2026-07-27T20:35:00Z,46,8.750,,,Provisional/Provisoire,,
05EA012,2026-07-27T20:40:00Z,46,8.748,,,Provisional/Provisoire,,
05EA012,2026-07-27T20:45:00Z,46,8.751,,,Provisional/Provisoire,,
05EA012,2026-07-27T20:50:00Z,46,8.751,,,Provisional/Provisoire,,
05EA012,2026-07-27T20:55:00Z,46,8.751,,,Provisional/Provisoire,,
05EA012,2026-07-27T21:00:00Z,46,8.750,,,Provisional/Provisoire,,
05EA012,2026-07-27T21:05:00Z,46,8.750,,,Provisional/Provisoire,,
05EA012,2026-07-27T21:10:00Z,46,8.748,,,Provisional/Provisoire,,
05EA012,2026-07-27T21:15:00Z,46,8.751,,,Provisional/Provisoire,,
05EA012,2026-07-27T21:20:00Z,46,8.751,,,Provisional/Provisoire,,
05EA012,2026-07-27T21:25:00Z,46,8.751,,,Provisional/Provisoire,,
05EA012,2026-07-27T21:30:00Z,46,8.752,,,Provisional/Provisoire,,
05EA012,2026-07-27T21:35:00Z,46,8.755,,,Provisional/Provisoire,,
05EA012,2026-07-27T21:40:00Z,46,8.755,,,Provisional/Provisoire,,
05EA012,2026-07-27T21:45:00Z,46,8.755,,,Provisional/Provisoire,,
05EA012,2026-07-27T21:50:00Z,46,8.757,,,Provisional/Provisoire,,
05EA012,2026-07-27T21:55:00Z,46,8.758,,,Provisional/Provisoire,,
05EA012,2026-07-27T22:00:00Z,46,8.759,,,Provisional/Provisoire,,
05EA012,2026-07-27T22:05:00Z,46,8.760,,,Provisional/Provisoire,,
05EA012,2026-07-27T22:10:00Z,46,8.760,,,Provisional/Provisoire,,
05EA012,2026-07-27T22:15:00Z,46,8.762,,,Provisional/Provisoire,,
05EA012,2026-07-27T22:20:00Z,46,8.761,,,Provisional/Provisoire,,
05EA012,2026-07-27T22:25:00Z,46,8.763,,,Provisional/Provisoire,,
05EA012,2026-07-27T22:30:00Z,46,8.763,,,Provisional/Provisoire,,
05EA012,2026-07-27T22:35:00Z,46,8.765,,,Provisional/Provisoire,,
05EA012,2026-07-27T22:40:00Z,46,8.766,,,Provisional/Provisoire,,
05EA012,2026-07-27T22:45:00Z,46,8.766,,,Provisional/Provisoire,,
05EA012,2026-07-27T22:50:00Z,46,8.765,,,Provisional/Provisoire,,
05EA012,2026-07-27T22:55:00Z,46,8.767,,,Provisional/Provisoire,,
05EA012,2026-07-27T23:00:00Z,46,8.768,,,Provisional/Provisoire,,
05EA012,2026-07-27T23:05:00Z,46,8.771,,,Provisional/Provisoire,,
05EA012,2026-07-27T23:10:00Z,46,8.772,,,Provisional/Provisoire,,
05EA012,2026-07-27T23:15:00Z,46,8.772,,,Provisional/Provisoire,,
05EA012,2026-07-27T23:20:00Z,46,8.773,,,Provisional/Provisoire,,
05EA012,2026-07-27T23:25:00Z,46,8.772,,,Provisional/Provisoire,,
05EA012,2026-07-27T23:30:00Z,46,8.777,,,Provisional/Provisoire,,
05EA012,2026-07-27T23:35:00Z,46,8.778,,,Provisional/Provisoire,,
05EA012,2026-07-27T23:40:00Z,46,8.776,,,Provisional/Provisoire,,
05EA012,2026-07-27T23:45:00Z,46,8.779,,,Provisional/Provisoire,,
05EA012,2026-07-27T23:50:00Z,46,8.781,,,Provisional/Provisoire,,
05EA012,2026-07-27T23:55:00Z,46,8.779,,,Provisional/Provisoire,,
05EA012,2026-07-28T00:00:00Z,46,8.782,,,Provisional/Provisoire,,
05EA012,2026-07-28T00:05:00Z,46,8.781,,,Provisional/Provisoire,,
05EA012,2026-07-28T00:10:00Z,46,8.784,,,Provisional/Provisoire,,
05EA012,2026-07-28T00:15:00Z,46,8.786,,,Provisional/Provisoire,,
05EA012,2026-07-28T00:20:00Z,46,8.783,,,Provisional/Provisoire,,
05EA012,2026-07-28T00:25:00Z,46,8.786,,,Provisional/Provisoire,,
05EA012,2026-07-28T00:30:00Z,46,8.787,,,Provisional/Provisoire,,
05EA012,2026-07-28T00:35:00Z,46,8.786,,,Provisional/Provisoire,,
05EA012,2026-07-28T00:40:00Z,46,8.787,,,Provisional/Provisoire,,
05EA012,2026-07-28T00:45:00Z,46,8.788,,,Provisional/Provisoire,,
05EA012,2026-07-28T00:50:00Z,46,8.787,,,Provisional/Provisoire,,
05EA012,2026-07-28T00:55:00Z,46,8.785,,,Provisional/Provisoire,,
05EA012,2026-07-28T01:00:00Z,46,8.787,,,Provisional/Provisoire,,
05EA012,2026-07-28T01:05:00Z,46,8.786,,,Provisional/Provisoire,,
05EA012,2026-07-28T01:10:00Z,46,8.787,,,Provisional/Provisoire,,
05EA012,2026-07-28T01:15:00Z,46,8.788,,,Provisional/Provisoire,,
05EA012,2026-07-28T01:20:00Z,46,8.789,,,Provisional/Provisoire,,
05EA012,2026-07-28T01:25:00Z,46,8.789,,,Provisional/Provisoire,,
05EA012,2026-07-28T01:30:00Z,46,8.788,,,Provisional/Provisoire,,
05EA012,2026-07-28T01:35:00Z,46,8.787,,,Provisional/Provisoire,,
05EA012,2026-07-28T01:40:00Z,46,8.787,,,Provisional/Provisoire,,
05EA012,2026-07-28T01:45:00Z,46,8.788,,,Provisional/Provisoire,,
05EA012,2026-07-28T01:50:00Z,46,8.787,,,Provisional/Provisoire,,
05EA012,2026-07-28T01:55:00Z,46,8.788,,,Provisional/Provisoire,,
05EA012,2026-07-28T02:00:00Z,46,8.787,,,Provisional/Provisoire,,
05EA012,2026-07-28T02:05:00Z,46,8.788,,,Provisional/Provisoire,,
05EA012,2026-07-28T02:10:00Z,46,8.788,,,Provisional/Provisoire,,
05EA012,2026-07-28T02:15:00Z,46,8.787,,,Provisional/Provisoire,,
05EA012,2026-07-28T02:20:00Z,46,8.787,,,Provisional/Provisoire,,
05EA012,2026-07-28T02:25:00Z,46,8.789,,,Provisional/Provisoire,,
05EA012,2026-07-28T02:30:00Z,46,8.787,,,Provisional/Provisoire,,
05EA012,2026-07-28T02:35:00Z,46,8.785,,,Provisional/Provisoire,,
05EA012,2026-07-28T02:40:00Z,46,8.786,,,Provisional/Provisoire,,
05EA012,2026-07-28T02:45:00Z,46,8.787,,,Provisional/Provisoire,,
05EA012,2026-07-28T02:50:00Z,46,8.788,,,Provisional/Provisoire,,
05EA012,2026-07-28T02:55:00Z,46,8.786,,,Provisional/Provisoire,,
05EA012,2026-07-28T03:00:00Z,46,8.788,,,Provisional/Provisoire,,
05EA012,2026-07-28T03:05:00Z,46,8.787,,,Provisional/Provisoire,,
05EA012,2026-07-28T03:10:00Z,46,8.788,,,Provisional/Provisoire,,
05EA012,2026-07-28T03:15:00Z,46,8.786,,,Provisional/Provisoire,,
05EA012,2026-07-28T03:20:00Z,46,8.788,,,Provisional/Provisoire,,
05EA012,2026-07-28T03:25:00Z,46,8.786,,,Provisional/Provisoire,,
05EA012,2026-07-28T03:30:00Z,46,8.788,,,Provisional/Provisoire,,
05EA012,2026-07-28T03:35:00Z,46,8.785,,,Provisional/Provisoire,,
05EA012,2026-07-28T03:40:00Z,46,8.786,,,Provisional/Provisoire,,
05EA012,2026-07-28T03:45:00Z,46,8.786,,,Provisional/Provisoire,,
05EA012,2026-07-28T03:50:00Z,46,8.788,,,Provisional/Provisoire,,
05EA012,2026-07-28T03:55:00Z,46,8.788,,,Provisional/Provisoire,,
05EA012,2026-07-28T04:00:00Z,46,8.786,,,Provisional/Provisoire,,
05EA012,2026-07-28T04:05:00Z,46,8.788,,,Provisional/Provisoire,,
05EA012,2026-07-28T04:10:00Z,46,8.787,,,Provisional/Provisoire,,
05EA012,2026-07-28T04:15:00Z,46,8.788,,,Provisional/Provisoire,,
05EA012,2026-07-28T04:20:00Z,46,8.788,,,Provisional/Provisoire,,
05EA012,2026-07-28T04:25:00Z,46,8.787,,,Provisional/Provisoire,,
05EA012,2026-07-28T04:30:00Z,46,8.787,,,Provisional/Provisoire,,
05EA012,2026-07-28T04:35:00Z,46,8.785,,,Provisional/Provisoire,,
05EA012,2026-07-28T04:40:00Z,46,8.789,,,Provisional/Provisoire,,
05EA012,2026-07-28T04:45:00Z,46,8.788,,,Provisional/Provisoire,,
05EA012,2026-07-28T04:50:00Z,46,8.787,,,Provisional/Provisoire,,
05EA012,2026-07-28T04:55:00Z,46,8.788,,,Provisional/Provisoire,,
05EA012,2026-07-28T05:00:00Z,46,8.787,,,Provisional/Provisoire,,
05EA012,2026-07-28T05:05:00Z,46,8.787,,,Provisional/Provisoire,,
05EA012,2026-07-28T05:10:00Z,46,8.788,,,Provisional/Provisoire,,
05EA012,2026-07-28T05:15:00Z,46,8.786,,,Provisional/Provisoire,,
05EA012,2026-07-28T05:20:00Z,46,8.786,,,Provisional/Provisoire,,
05EA012,2026-07-28T05:25:00Z,46,8.787,,,Provisional/Provisoire,,
05EA012,2026-07-28T05:30:00Z,46,8.787,,,Provisional/Provisoire,,
05EA012,2026-07-28T05:35:00Z,46,8.789,,,Provisional/Provisoire,,
05EA012,2026-07-28T05:40:00Z,46,8.784,,,Provisional/Provisoire,,
05EA012,2026-07-28T05:45:00Z,46,8.787,,,Provisional/Provisoire,,
05EA012,2026-07-28T05:50:00Z,46,8.787,,,Provisional/Provisoire,,
05EA012,2026-07-28T05:55:00Z,46,8.787,,,Provisional/Provisoire,,
05EA012,2026-07-28T06:00:00Z,46,8.786,,,Provisional/Provisoire,,
05EA012,2026-07-28T06:05:00Z,46,8.788,,,Provisional/Provisoire,,
05EA012,2026-07-28T06:10:00Z,46,8.788,,,Provisional/Provisoire,,
05EA012,2026-07-28T06:15:00Z,46,8.790,,,Provisional/Provisoire,,
05EA012,2026-07-28T06:20:00Z,46,8.790,,,Provisional/Provisoire,,
05EA012,2026-07-28T06:25:00Z,46,8.790,,,Provisional/Provisoire,,
05EA012,2026-07-28T06:30:00Z,46,8.789,,,Provisional/Provisoire,,
05EA012,2026-07-28T06:35:00Z,46,8.790,,,Provisional/Provisoire,,
05EA012,2026-07-28T06:40:00Z,46,8.789,,,Provisional/Provisoire,,
05EA012,2026-07-28T06:45:00Z,46,8.789,,,Provisional/Provisoire,,
05EA012,2026-07-28T06:50:00Z,46,8.791,,,Provisional/Provisoire,,
05EA012,2026-07-28T06:55:00Z,46,8.790,,,Provisional/Provisoire,,
05EA012,2026-07-28T07:00:00Z,46,8.790,,,Provisional/Provisoire,,
05EA012,2026-07-28T07:05:00Z,46,8.791,,,Provisional/Provisoire,,
05EA012,2026-07-28T07:10:00Z,46,8.792,,,Provisional/Provisoire,,
05EA012,2026-07-28T07:15:00Z,46,8.791,,,Provisional/Provisoire,,
05EA012,2026-07-28T07:20:00Z,46,8.791,,,Provisional/Provisoire,,
05EA012,2026-07-28T07:25:00Z,46,8.790,,,Provisional/Provisoire,,
05EA012,2026-07-28T07:30:00Z,46,8.792,,,Provisional/Provisoire,,
05EA012,2026-07-28T07:35:00Z,46,8.793,,,Provisional/Provisoire,,
05EA012,2026-07-28T07:40:00Z,46,8.791,,,Provisional/Provisoire,,
05EA012,2026-07-28T07:45:00Z,46,8.794,,,Provisional/Provisoire,,
05EA012,2026-07-28T07:50:00Z,46,8.794,,,Provisional/Provisoire,,
05EA012,2026-07-28T07:55:00Z,46,8.792,,,Provisional/Provisoire,,
05EA012,2026-07-28T08:00:00Z,46,8.793,,,Provisional/Provisoire,,
05EA012,2026-07-28T08:05:00Z,46,8.793,,,Provisional/Provisoire,,
05EA012,2026-07-28T08:10:00Z,46,8.792,,,Provisional/Provisoire,,
05EA012,2026-07-28T08:15:00Z,46,8.793,,,Provisional/Provisoire,,
05EA012,2026-07-28T08:20:00Z,46,8.795,,,Provisional/Provisoire,,
05EA012,2026-07-28T08:25:00Z,46,8.796,,,Provisional/Provisoire,,
05EA012,2026-07-28T08:30:00Z,46,8.795,,,Provisional/Provisoire,,
05EA012,2026-07-28T08:35:00Z,46,8.796,,,Provisional/Provisoire,,
05EA012,2026-07-28T08:40:00Z,46,8.796,,,Provisional/Provisoire,,
05EA012,2026-07-28T08:45:00Z,46,8.797,,,Provisional/Provisoire,,
05EA012,2026-07-28T08:50:00Z,46,8.795,,,Provisional/Provisoire,,
05EA012,2026-07-28T08:55:00Z,46,8.798,,,Provisional/Provisoire,,
05EA012,2026-07-28T09:00:00Z,46,8.798,,,Provisional/Provisoire,,
05EA012,2026-07-28T09:05:00Z,46,8.799,,,Provisional/Provisoire,,
05EA012,2026-07-28T09:10:00Z,46,8.799,,,Provisional/Provisoire,,
05EA012,2026-07-28T09:15:00Z,46,8.798,,,Provisional/Provisoire,,
05EA012,2026-07-28T09:20:00Z,46,8.799,,,Provisional/Provisoire,,
05EA012,2026-07-28T09:25:00Z,46,8.797,,,Provisional/Provisoire,,
05EA012,2026-07-28T09:30:00Z,46,8.799,,,Provisional/Provisoire,,
05EA012,2026-07-28T09:35:00Z,46,8.798,,,Provisional/Provisoire,,
05EA012,2026-07-28T09:40:00Z,46,8.801,,,Provisional/Provisoire,,
05EA012,2026-07-28T09:45:00Z,46,8.801,,,Provisional/Provisoire,,
05EA012,2026-07-28T09:50:00Z,46,8.797,,,Provisional/Provisoire,,
05EA012,2026-07-28T09:55:00Z,46,8.800,,,Provisional/Provisoire,,
05EA012,2026-07-28T10:00:00Z,46,8.801,,,Provisional/Provisoire,,
05EA012,2026-07-28T10:05:00Z,46,8.800,,,Provisional/Provisoire,,
05EA012,2026-07-28T10:10:00Z,46,8.799,,,Provisional/Provisoire,,
05EA012,2026-07-28T10:15:00Z,46,8.800,,,Provisional/Provisoire,,
05EA012,2026-07-28T10:20:00Z,46,8.802,,,Provisional/Provisoire,,
05EA012,2026-07-28T10:25:00Z,46,8.803,,,Provisional/Provisoire,,
05EA012,2026-07-28T10:30:00Z,46,8.802,,,Provisional/Provisoire,,
05EA012,2026-07-28T10:35:00Z,46,8.804,,,Provisional/Provisoire,,
05EA012,2026-07-28T10:40:00Z,46,8.805,,,Provisional/Provisoire,,
05EA012,2026-07-28T10:45:00Z,46,8.805,,,Provisional/Provisoire,,
05EA012,2026-07-28T10:50:00Z,46,8.806,,,Provisional/Provisoire,,
05EA012,2026-07-28T10:55:00Z,46,8.809,,,Provisional/Provisoire,,
05EA012,2026-07-28T11:00:00Z,46,8.811,,,Provisional/Provisoire,,
05EA012,2026-07-28T11:05:00Z,46,8.810,,,Provisional/Provisoire,,
05EA012,2026-07-28T11:10:00Z,46,8.813,,,Provisional/Provisoire,,
05EA012,2026-07-28T11:15:00Z,46,8.812,,,Provisional/Provisoire,,
05EA012,2026-07-28T11:20:00Z,46,8.813,,,Provisional/Provisoire,,
05EA012,2026-07-28T11:25:00Z,46,8.816,,,Provisional/Provisoire,,
05EA012,2026-07-28T11:30:00Z,46,8.816,,,Provisional/Provisoire,,
05EA012,2026-07-28T11:35:00Z,46,8.815,,,Provisional/Provisoire,,
05EA012,2026-07-28T11:40:00Z,46,8.819,,,Provisional/Provisoire,,
05EA012,2026-07-28T11:45:00Z,46,8.819,,,Provisional/Provisoire,,
05EA012,2026-07-28T11:50:00Z,46,8.821,,,Provisional/Provisoire,,
05EA012,2026-07-28T11:55:00Z,46,8.822,,,Provisional/Provisoire,,
05EA012,2026-07-28T12:00:00Z,46,8.826,,,Provisional/Provisoire,,
05EA012,2026-07-28T12:05:00Z,46,8.825,,,Provisional/Provisoire,,
05EA012,2026-07-28T12:10:00Z,46,8.827,,,Provisional/Provisoire,,
05EA012,2026-07-28T12:15:00Z,46,8.828,,,Provisional/Provisoire,,
05EA012,2026-07-28T12:20:00Z,46,8.830,,,Provisional/Provisoire,,
05EA012,2026-07-28T12:25:00Z,46,8.831,,,Provisional/Provisoire,,
05EA012,2026-07-28T12:30:00Z,46,8.835,,,Provisional/Provisoire,,
05EA012,2026-07-28T12:35:00Z,46,8.839,,,Provisional/Provisoire,,
05EA012,2026-07-28T12:40:00Z,46,8.839,,,Provisional/Provisoire,,
05EA012,2026-07-28T12:45:00Z,46,8.839,,,Provisional/Provisoire,,
05EA012,2026-07-28T12:50:00Z,46,8.841,,,Provisional/Provisoire,,
05EA012,2026-07-28T12:55:00Z,46,8.843,,,Provisional/Provisoire,,
05EA012,2026-07-28T13:00:00Z,46,8.845,,,Provisional/Provisoire,,
05EA012,2026-07-28T13:05:00Z,46,8.846,,,Provisional/Provisoire,,
05EA012,2026-07-28T13:10:00Z,46,8.849,,,Provisional/Provisoire,,
05EA012,2026-07-28T13:15:00Z,46,8.849,,,Provisional/Provisoire,,
05EA012,2026-07-28T13:20:00Z,46,8.851,,,Provisional/Provisoire,,
05EA012,2026-07-28T13:25:00Z,46,8.854,,,Provisional/Provisoire,,
05EA012,2026-07-28T13:30:00Z,46,8.852,,,Provisional/Provisoire,,
05EA012,2026-07-28T13:35:00Z,46,8.855,,,Provisional/Provisoire,,
05EA012,2026-07-28T13:40:00Z,46,8.858,,,Provisional/Provisoire,,
05EA012,2026-07-28T13:45:00Z,46,8.855,,,Provisional/Provisoire,,
05EA012,2026-07-28T13:50:00Z,46,8.862,,,Provisional/Provisoire,,
05EA012,2026-07-28T13:55:00Z,46,8.864,,,Provisional/Provisoire,,
05EA012,2026-07-28T14:00:00Z,46,8.863,,,Provisional/Provisoire,,
05EA012,2026-07-28T14:05:00Z,46,8.868,,,Provisional/Provisoire,,
05EA012,2026-07-28T14:10:00Z,46,8.863,,,Provisional/Provisoire,,
05EA012,2026-07-28T14:15:00Z,46,8.869,,,Provisional/Provisoire,,
05EA012,2026-07-28T14:20:00Z,46,8.868,,,Provisional/Provisoire,,
05EA012,2026-07-28T14:25:00Z,46,8.870,,,Provisional/Provisoire,,
05EA012,2026-07-28T14:30:00Z,46,8.875,,,Provisional/Provisoire,,
05EA012,2026-07-28T14:35:00Z,46,8.878,,,Provisional/Provisoire,,
05EA012,2026-07-28T14:40:00Z,46,8.871,,,Provisional/Provisoire,,
05EA012,2026-07-28T14:45:00Z,46,8.877,,,Provisional/Provisoire,,
05EA012,2026-07-28T14:50:00Z,46,8.879,,,Provisional/Provisoire,,
05EA012,2026-07-28T14:55:00Z,46,8.883,,,Provisional/Provisoire,,
05EA012,2026-07-28T15:00:00Z,46,8.879,,,Provisional/Provisoire,,
05EA012,2026-07-28T15:05:00Z,46,8.877,,,Provisional/Provisoire,,
05EA012,2026-07-28T15:10:00Z,46,8.887,,,Provisional/Provisoire,,
05EA012,2026-07-28T15:15:00Z,46,8.886,,,Provisional/Provisoire,,
05EA012,2026-07-28T15:20:00Z,46,8.888,,,Provisional/Provisoire,,
05EA012,2026-07-28T15:25:00Z,46,8.890,,,Provisional/Provisoire,,
05EA012,2026-07-28T15:30:00Z,46,8.892,,,Provisional/Provisoire,,
05EA012,2026-07-28T15:35:00Z,46,8.884,,,Provisional/Provisoire,,
05EA012,2026-07-28T15:40:00Z,46,8.892,,,Provisional/Provisoire,,
05EA012,2026-07-28T15:45:00Z,46,8.893,,,Provisional/Provisoire,,
05EA012,2026-07-28T15:50:00Z,46,8.891,,,Provisional/Provisoire,,
05EA012,2026-07-28T15:55:00Z,46,8.897,,,Provisional/Provisoire,,
05EA012,2026-07-28T16:00:00Z,46,8.899,,,Provisional/Provisoire,,
05EA012,2026-07-28T16:05:00Z,46,8.892,,,Provisional/Provisoire,,
05EA012,2026-07-28T16:10:00Z,46,8.899,,,Provisional/Provisoire,,
05EA012,2026-07-28T16:15:00Z,46,8.899,,,Provisional/Provisoire,,
05EA012,2026-07-28T16:20:00Z,46,8.899,,,Provisional/Provisoire,,
05EA012,2026-07-28T16:25:00Z,46,8.902,,,Provisional/Provisoire,,
05EA012,2026-07-28T16:30:00Z,46,8.904,,,Provisional/Provisoire,,
05EA012,2026-07-28T16:35:00Z,46,8.901,,,Provisional/Provisoire,,
05EA012,2026-07-28T16:40:00Z,46,8.902,,,Provisional/Provisoire,,
05EA012,2026-07-28T16:45:00Z,46,8.903,,,Provisional/Provisoire,,
05EA012,2026-07-28T16:50:00Z,46,8.902,,,Provisional/Provisoire,,
05EA012,2026-07-28T16:55:00Z,46,8.906,,,Provisional/Provisoire,,
05EA012,2026-07-28T17:00:00Z,46,8.907,,,Provisional/Provisoire,,
05EA012,2026-07-28T17:05:00Z,46,8.904,,,Provisional/Provisoire,,
05EA012,2026-07-28T17:10:00Z,46,8.910,,,Provisional/Provisoire,,
05EA012,2026-07-28T17:15:00Z,46,8.906,,,Provisional/Provisoire,,
05EA012,2026-07-28T17:20:00Z,46,8.909,,,Provisional/Provisoire,,
05EA012,2026-07-28T17:25:00Z,46,8.910,,,Provisional/Provisoire,,
05EA012,2026-07-28T17:30:00Z,46,8.913,,,Provisional/Provisoire,,
05EA012,2026-07-28T17:35:00Z,46,8.911,,,Provisional/Provisoire,,
05EA012,2026-07-28T17:40:00Z,46,8.912,,,Provisional/Provisoire,,
05EA012,2026-07-28T17:45:00Z,46,8.915,,,Provisional/Provisoire,,
05EA012,2026-07-28T17:50:00Z,46,8.914,,,Provisional/Provisoire,,
05EA012,2026-07-28T17:55:00Z,46,8.910,,,Provisional/Provisoire,,
05EA012,2026-07-28T18:00:00Z,46,8.915,,,Provisional/Provisoire,,
05EA012,2026-07-28T18:05:00Z,46,8.913,,,Provisional/Provisoire,,
05EA012,2026-07-28T18:10:00Z,46,8.914,,,Provisional/Provisoire,,
05EA012,2026-07-28T18:15:00Z,46,8.914,,,Provisional/Provisoire,,
05EA012,2026-07-28T18:20:00Z,46,8.918,,,Provisional/Provisoire,,
05EA012,2026-07-28T18:25:00Z,46,8.915,,,Provisional/Provisoire,,
05EA012,2026-07-28T18:30:00Z,46,8.916,,,Provisional/Provisoire,,
05EA012,2026-07-28T18:35:00Z,46,8.914,,,Provisional/Provisoire,,
05EA012,2026-07-28T18:40:00Z,46,8.915,,,Provisional/Provisoire,,
05EA012,2026-07-28T18:45:00Z,46,8.919,,,Provisional/Provisoire,,
05EA012,2026-07-28T18:50:00Z,46,8.915,,,Provisional/Provisoire,,
05EA012,2026-07-28T18:55:00Z,46,8.917,,,Provisional/Provisoire,,
05EA012,2026-07-28T19:00:00Z,46,8.914,,,Provisional/Provisoire,,
05EA012,2026-07-28T19:05:00Z,46,8.912,,,Provisional/Provisoire,,
05EA012,2026-07-28T19:10:00Z,46,8.915,,,Provisional/Provisoire,,
05EA012,2026-07-28T19:15:00Z,46,8.913,,,Provisional/Provisoire,,
05EA012,2026-07-28T19:20:00Z,46,8.916,,,Provisional/Provisoire,,
05EA012,2026-07-28T19:25:00Z,46,8.918,,,Provisional/Provisoire,,
05EA012,2026-07-28T19:30:00Z,46,8.916,,,Provisional/Provisoire,,
05EA012,2026-07-28T19:35:00Z,46,8.913,,,Provisional/Provisoire,,
05EA012,2026-07-28T19:40:00Z,46,8.915,,,Provisional/Provisoire,,
05EA012,2026-07-28T19:45:00Z,46,8.912,,,Provisional/Provisoire,,
05EA012,2026-07-28T19:50:00Z,46,8.915,,,Provisional/Provisoire,,
05EA012,2026-07-28T19:55:00Z,46,8.915,,,Provisional/Provisoire,,
05EA012,2026-07-28T20:00:00Z,46,8.912,,,Provisional/Provisoire,,
05EA012,2026-07-28T20:05:00Z,46,8.915,,,Provisional/Provisoire,,
05EA012,2026-07-28T20:10:00Z,46,8.913,,,Provisional/Provisoire,,
05EA012,2026-07-28T20:15:00Z,46,8.909,,,Provisional/Provisoire,,
05EA012,2026-07-28T20:20:00Z,46,8.913,,,Provisional/Provisoire,,
05EA012,2026-07-28T20:25:00Z,46,8.911,,,Provisional/Provisoire,,
05EA012,2026-07-28T20:30:00Z,46,8.911,,,Provisional/Provisoire,,
05EA012,2026-07-28T20:35:00Z,46,8.911,,,Provisional/Provisoire,,
05EA012,2026-07-28T20:40:00Z,46,8.905,,,Provisional/Provisoire,,
05EA012,2026-07-28T20:45:00Z,46,8.898,,,Provisional/Provisoire,,
05EA012,2026-07-28T20:50:00Z,46,8.909,,,Provisional/Provisoire,,
05EA012,2026-07-28T20:55:00Z,46,8.907,,,Provisional/Provisoire,,
05EA012,2026-07-28T21:00:00Z,46,8.910,,,Provisional/Provisoire,,
05EA012,2026-07-28T21:05:00Z,46,8.908,,,Provisional/Provisoire,,
05EA012,2026-07-28T21:10:00Z,46,8.906,,,Provisional/Provisoire,,
05EA012,2026-07-28T21:15:00Z,46,8.904,,,Provisional/Provisoire,,
05EA012,2026-07-28T21:20:00Z,46,8.907,,,Provisional/Provisoire,,
05EA012,2026-07-28T21:25:00Z,46,8.903,,,Provisional/Provisoire,,
05EA012,2026-07-28T21:30:00Z,46,8.904,,,Provisional/Provisoire,,
05EA012,2026-07-28T21:35:00Z,46,8.898,,,Provisional/Provisoire,,
05EA012,2026-07-28T21:40:00Z,46,8.903,,,Provisional/Provisoire,,
05EA012,2026-07-28T21:45:00Z,46,8.902,,,Provisional/Provisoire,,
05EA012,2026-07-28T21:50:00Z,46,8.895,,,Provisional/Provisoire,,
05EA012,2026-07-28T21:55:00Z,46,8.895,,,Provisional/Provisoire,,
05EA012,2026-07-28T22:00:00Z,46,8.901,,,Provisional/Provisoire,,
05EA012,2026-07-28T22:05:00Z,46,8.896,,,Provisional/Provisoire,,
05EA012,2026-07-28T22:10:00Z,46,8.900,,,Provisional/Provisoire,,
05EA012,2026-07-28T22:15:00Z,46,8.899,,,Provisional/Provisoire,,
05EA012,2026-07-28T22:20:00Z,46,8.901,,,Provisional/Provisoire,,
05EA012,2026-07-28T22:25:00Z,46,8.897,,,Provisional/Provisoire,,
05EA012,2026-07-28T22:30:00Z,46,8.896,,,Provisional/Provisoire,,
05EA012,2026-07-28T22:35:00Z,46,8.896,,,Provisional/Provisoire,,
05EA012,2026-07-28T22:40:00Z,46,8.895,,,Provisional/Provisoire,,
05EA012,2026-07-28T22:45:00Z,46,8.895,,,Provisional/Provisoire,,
05EA012,2026-07-28T22:50:00Z,46,8.896,,,Provisional/Provisoire,,
05EA012,2026-07-28T22:55:00Z,46,8.892,,,Provisional/Provisoire,,
05EA012,2026-07-28T23:00:00Z,46,8.891,,,Provisional/Provisoire,,
05EA012,2026-07-28T23:05:00Z,46,8.889,,,Provisional/Provisoire,,
05EA012,2026-07-28T23:10:00Z,46,8.890,,,Provisional/Provisoire,,
05EA012,2026-07-28T23:15:00Z,46,8.890,,,Provisional/Provisoire,,
05EA012,2026-07-28T23:20:00Z,46,8.886,,,Provisional/Provisoire,,
05EA012,2026-07-28T23:25:00Z,46,8.890,,,Provisional/Provisoire,,
05EA012,2026-07-28T23:30:00Z,46,8.888,,,Provisional/Provisoire,,
05EA012,2026-07-28T23:35:00Z,46,8.882,,,Provisional/Provisoire,,
05EA012,2026-07-28T23:40:00Z,46,8.888,,,Provisional/Provisoire,,
05EA012,2026-07-28T23:45:00Z,46,8.883,,,Provisional/Provisoire,,
05EA012,2026-07-28T23:50:00Z,46,8.883,,,Provisional/Provisoire,,
05EA012,2026-07-28T23:55:00Z,46,8.883,,,Provisional/Provisoire,,
05EA012,2026-07-29T00:00:00Z,46,8.882,,,Provisional/Provisoire,,
05EA012,2026-07-29T00:05:00Z,46,8.880,,,Provisional/Provisoire,,
05EA012,2026-07-29T00:10:00Z,46,8.879,,,Provisional/Provisoire,,
05EA012,2026-07-29T00:15:00Z,46,8.880,,,Provisional/Provisoire,,
05EA012,2026-07-29T00:20:00Z,46,8.877,,,Provisional/Provisoire,,
05EA012,2026-07-29T00:25:00Z,46,8.874,,,Provisional/Provisoire,,
05EA012,2026-07-29T00:30:00Z,46,8.877,,,Provisional/Provisoire,,
05EA012,2026-07-29T00:35:00Z,46,8.876,,,Provisional/Provisoire,,
05EA012,2026-07-29T00:40:00Z,46,8.877,,,Provisional/Provisoire,,
05EA012,2026-07-29T00:45:00Z,46,8.875,,,Provisional/Provisoire,,
05EA012,2026-07-29T00:50:00Z,46,8.874,,,Provisional/Provisoire,,
05EA012,2026-07-29T00:55:00Z,46,8.867,,,Provisional/Provisoire,,
05EA012,2026-07-29T01:00:00Z,46,8.868,,,Provisional/Provisoire,,
05EA012,2026-07-29T01:05:00Z,46,8.873,,,Provisional/Provisoire,,
05EA012,2026-07-29T01:10:00Z,46,8.871,,,Provisional/Provisoire,,
05EA012,2026-07-29T01:15:00Z,46,8.867,,,Provisional/Provisoire,,
05EA012,2026-07-29T01:20:00Z,46,8.867,,,Provisional/Provisoire,,
05EA012,2026-07-29T01:25:00Z,46,8.866,,,Provisional/Provisoire,,
05EA012,2026-07-29T01:30:00Z,46,8.870,,,Provisional/Provisoire,,
05EA012,2026-07-29T01:35:00Z,46,8.868,,,Provisional/Provisoire,,
05EA012,2026-07-29T01:40:00Z,46,8.875,,,Provisional/Provisoire,,
05EA012,2026-07-29T01:45:00Z,46,8.873,,,Provisional/Provisoire,,
05EA012,2026-07-29T01:50:00Z,46,8.870,,,Provisional/Provisoire,,
05EA012,2026-07-29T01:55:00Z,46,8.871,,,Provisional/Provisoire,,
05EA012,2026-07-29T02:00:00Z,46,8.873,,,Provisional/Provisoire,,
05EA012,2026-07-29T02:05:00Z,46,8.872,,,Provisional/Provisoire,,
05EA012,2026-07-29T02:10:00Z,46,8.868,,,Provisional/Provisoire,,
05EA012,2026-07-29T02:15:00Z,46,8.864,,,Provisional/Provisoire,,
05EA012,2026-07-29T02:20:00Z,46,8.871,,,Provisional/Provisoire,,
05EA012,2026-07-29T02:25:00Z,46,8.870,,,Provisional/Provisoire,,
05EA012,2026-07-29T02:30:00Z,46,8.867,,,Provisional/Provisoire,,
05EA012,2026-07-29T02:35:00Z,46,8.868,,,Provisional/Provisoire,,
05EA012,2026-07-29T02:40:00Z,46,8.867,,,Provisional/Provisoire,,
05EA012,2026-07-29T02:45:00Z,46,8.867,,,Provisional/Provisoire,,
05EA012,2026-07-29T02:50:00Z,46,8.870,,,Provisional/Provisoire,,
05EA012,2026-07-29T02:55:00Z,46,8.868,,,Provisional/Provisoire,,
05EA012,2026-07-29T03:00:00Z,46,8.868,,,Provisional/Provisoire,,
05EA012,2026-07-29T03:05:00Z,46,8.865,,,Provisional/Provisoire,,
05EA012,2026-07-29T03:10:00Z,46,8.868,,,Provisional/Provisoire,,
05EA012,2026-07-29T03:15:00Z,46,8.868,,,Provisional/Provisoire,,
05EA012,2026-07-29T03:20:00Z,46,8.866,,,Provisional/Provisoire,,
05EA012,2026-07-29T03:25:00Z,46,8.866,,,Provisional/Provisoire,,
05EA012,2026-07-29T03:30:00Z,46,8.866,,,Provisional/Provisoire,,
05EA012,2026-07-29T03:35:00Z,46,8.868,,,Provisional/Provisoire,,
05EA012,2026-07-29T03:40:00Z,46,8.864,,,Provisional/Provisoire,,
05EA012,2026-07-29T03:45:00Z,46,8.866,,,Provisional/Provisoire,,
05EA012,2026-07-29T03:50:00Z,46,8.865,,,Provisional/Provisoire,,
05EA012,2026-07-29T03:55:00Z,46,8.866,,,Provisional/Provisoire,,
05EA012,2026-07-29T04:00:00Z,46,8.866,,,Provisional/Provisoire,,
05EA012,2026-07-29T04:05:00Z,46,8.866,,,Provisional/Provisoire,,
05EA012,2026-07-29T04:10:00Z,46,8.867,,,Provisional/Provisoire,,
05EA012,2026-07-29T04:15:00Z,46,8.866,,,Provisional/Provisoire,,
05EA012,2026-07-29T04:20:00Z,46,8.867,,,Provisional/Provisoire,,
05EA012,2026-07-29T04:25:00Z,46,8.866,,,Provisional/Provisoire,,
05EA012,2026-07-29T04:30:00Z,46,8.865,,,Provisional/Provisoire,,
05EA012,2026-07-29T04:35:00Z,46,8.864,,,Provisional/Provisoire,,
05EA012,2026-07-29T04:40:00Z,46,8.866,,,Provisional/Provisoire,,
05EA012,2026-07-29T04:45:00Z,46,8.864,,,Provisional/Provisoire,,
05EA012,2026-07-29T04:50:00Z,46,8.867,,,Provisional/Provisoire,,
05EA012,2026-07-29T04:55:00Z,46,8.864,,,Provisional/Provisoire,,
05EA012,2026-07-29T05:00:00Z,46,8.867,,,Provisional/Provisoire,,
05EA012,2026-07-29T05:05:00Z,46,8.865,,,Provisional/Provisoire,,
05EA012,2026-07-29T05:10:00Z,46,8.863,,,Provisional/Provisoire,,
05EA012,2026-07-29T05:15:00Z,46,8.866,,,Provisional/Provisoire,,
05EA012,2026-07-29T05:20:00Z,46,8.868,,,Provisional/Provisoire,,
05EA012,2026-07-29T05:25:00Z,46,8.870,,,Provisional/Provisoire,,
05EA012,2026-07-29T05:30:00Z,46,8.867,,,Provisional/Provisoire,,
05EA012,2026-07-29T05:35:00Z,46,8.868,,,Provisional/Provisoire,,
05EA012,2026-07-29T05:40:00Z,46,8.867,,,Provisional/Provisoire,,
05EA012,2026-07-29T05:45:00Z,46,8.867,,,Provisional/Provisoire,,
05EA012,2026-07-29T05:50:00Z,46,8.866,,,Provisional/Provisoire,,
05EA012,2026-07-29T05:55:00Z,46,8.868,,,Provisional/Provisoire,,
05EA012,2026-07-29T06:00:00Z,46,8.870,,,Provisional/Provisoire,,
05EA012,2026-07-29T06:05:00Z,46,8.870,,,Provisional/Provisoire,,
05EA012,2026-07-29T06:10:00Z,46,8.867,,,Provisional/Provisoire,,
05EA012,2026-07-29T06:15:00Z,46,8.871,,,Provisional/Provisoire,,
05EA012,2026-07-29T06:20:00Z,46,8.866,,,Provisional/Provisoire,,
05EA012,2026-07-29T06:25:00Z,46,8.868,,,Provisional/Provisoire,,
05EA012,2026-07-29T06:30:00Z,46,8.868,,,Provisional/Provisoire,,
05EA012,2026-07-29T06:35:00Z,46,8.869,,,Provisional/Provisoire,,
05EA012,2026-07-29T06:40:00Z,46,8.867,,,Provisional/Provisoire,,
05EA012,2026-07-29T06:45:00Z,46,8.872,,,Provisional/Provisoire,,
05EA012,2026-07-29T06:50:00Z,46,8.868,,,Provisional/Provisoire,,
05EA012,2026-07-29T06:55:00Z,46,8.869,,,Provisional/Provisoire,,
05EA012,2026-07-29T07:00:00Z,46,8.872,,,Provisional/Provisoire,,
05EA012,2026-07-29T07:05:00Z,46,8.865,,,Provisional/Provisoire,,
05EA012,2026-07-29T07:10:00Z,46,8.869,,,Provisional/Provisoire,,
05EA012,2026-07-29T07:15:00Z,46,8.871,,,Provisional/Provisoire,,
05EA012,2026-07-29T07:20:00Z,46,8.872,,,Provisional/Provisoire,,
05EA012,2026-07-29T07:25:00Z,46,8.863,,,Provisional/Provisoire,,
05EA012,2026-07-29T07:30:00Z,46,8.868,,,Provisional/Provisoire,,
05EA012,2026-07-29T07:35:00Z,46,8.869,,,Provisional/Provisoire,,
05EA012,2026-07-29T07:40:00Z,46,8.871,,,Provisional/Provisoire,,
05EA012,2026-07-29T07:45:00Z,46,8.865,,,Provisional/Provisoire,,
05EA012,2026-07-29T07:50:00Z,46,8.869,,,Provisional/Provisoire,,
05EA012,2026-07-29T07:55:00Z,46,8.870,,,Provisional/Provisoire,,
05EA012,2026-07-29T08:00:00Z,46,8.867,,,Provisional/Provisoire,,
05EA012,2026-07-29T08:05:00Z,46,8.867,,,Provisional/Provisoire,,
05EA012,2026-07-29T08:10:00Z,46,8.868,,,Provisional/Provisoire,,
05EA012,2026-07-29T08:15:00Z,46,8.868,,,Provisional/Provisoire,,
05EA012,2026-07-29T08:20:00Z,46,8.870,,,Provisional/Provisoire,,
05EA012,2026-07-29T08:25:00Z,46,8.865,,,Provisional/Provisoire,,
05EA012,2026-07-29T08:30:00Z,46,8.869,,,Provisional/Provisoire,,
05EA012,2026-07-29T08:35:00Z,46,8.867,,,Provisional/Provisoire,,
05EA012,2026-07-29T08:40:00Z,46,8.869,,,Provisional/Provisoire,,
05EA012,2026-07-29T08:45:00Z,46,8.867,,,Provisional/Provisoire,,
05EA012,2026-07-29T08:50:00Z,46,8.866,,,Provisional/Provisoire,,
05EA012,2026-07-29T08:55:00Z,46,8.866,,,Provisional/Provisoire,,
05EA012,2026-07-29T09:00:00Z,46,8.867,,,Provisional/Provisoire,,
05EA012,2026-07-29T09:05:00Z,46,8.867,,,Provisional/Provisoire,,
05EA012,2026-07-29T09:10:00Z,46,8.865,,,Provisional/Provisoire,,
05EA012,2026-07-29T09:15:00Z,46,8.866,,,Provisional/Provisoire,,
05EA012,2026-07-29T09:20:00Z,46,8.864,,,Provisional/Provisoire,,
05EA012,2026-07-29T09:25:00Z,46,8.868,,,Provisional/Provisoire,,
05EA012,2026-07-29T09:30:00Z,46,8.868,,,Provisional/Provisoire,,
05EA012,2026-07-29T09:35:00Z,46,8.867,,,Provisional/Provisoire,,
05EA012,2026-07-29T09:40:00Z,46,8.865,,,Provisional/Provisoire,,
05EA012,2026-07-29T09:45:00Z,46,8.865,,,Provisional/Provisoire,,
05EA012,2026-07-29T09:50:00Z,46,8.866,,,Provisional/Provisoire,,
05EA012,2026-07-29T09:55:00Z,46,8.864,,,Provisional/Provisoire,,
05EA012,2026-07-29T10:00:00Z,46,8.861,,,Provisional/Provisoire,,
05EA012,2026-07-29T10:05:00Z,46,8.865,,,Provisional/Provisoire,,
05EA012,2026-07-29T10:10:00Z,46,8.864,,,Provisional/Provisoire,,
05EA012,2026-07-29T10:15:00Z,46,8.862,,,Provisional/Provisoire,,
05EA012,2026-07-29T10:20:00Z,46,8.864,,,Provisional/Provisoire,,
05EA012,2026-07-29T10:25:00Z,46,8.862,,,Provisional/Provisoire,,
05EA012,2026-07-29T10:30:00Z,46,8.863,,,Provisional/Provisoire,,
05EA012,2026-07-29T10:35:00Z,46,8.863,,,Provisional/Provisoire,,
05EA012,2026-07-29T10:40:00Z,46,8.863,,,Provisional/Provisoire,,
05EA012,2026-07-29T10:45:00Z,46,8.864,,,Provisional/Provisoire,,
05EA012,2026-07-29T10:50:00Z,46,8.862,,,Provisional/Provisoire,,
05EA012,2026-07-29T10:55:00Z,46,8.863,,,Provisional/Provisoire,,
05EA012,2026-07-29T11:00:00Z,46,8.866,,,Provisional/Provisoire,,
05EA012,2026-07-29T11:05:00Z,46,8.863,,,Provisional/Provisoire,,
05EA012,2026-07-29T11:10:00Z,46,8.866,,,Provisional/Provisoire,,
05EA012,2026-07-29T11:15:00Z,46,8.861,,,Provisional/Provisoire,,
05EA012,2026-07-29T11:20:00Z,46,8.863,,,Provisional/Provisoire,,
05EA012,2026-07-29T11:25:00Z,46,8.863,,,Provisional/Provisoire,,
05EA012,2026-07-29T11:30:00Z,46,8.860,,,Provisional/Provisoire,,
05EA012,2026-07-29T11:35:00Z,46,8.860,,,Provisional/Provisoire,,
05EA012,2026-07-29T11:40:00Z,46,8.856,,,Provisional/Provisoire,,
05EA012,2026-07-29T11:45:00Z,46,8.862,,,Provisional/Provisoire,,
05EA012,2026-07-29T11:50:00Z,46,8.861,,,Provisional/Provisoire,,
05EA012,2026-07-29T11:55:00Z,46,8.863,,,Provisional/Provisoire,,
05EA012,2026-07-29T12:00:00Z,46,8.862,,,Provisional/Provisoire,,
05EA012,2026-07-29T12:05:00Z,46,8.860,,,Provisional/Provisoire,,
05EA012,2026-07-29T12:10:00Z,46,8.861,,,Provisional/Provisoire,,
05EA012,2026-07-29T12:15:00Z,46,8.858,,,Provisional/Provisoire,,
05EA012,2026-07-29T12:20:00Z,46,8.860,,,Provisional/Provisoire,,
05EA012,2026-07-29T12:25:00Z,46,8.861,,,Provisional/Provisoire,,
05EA012,2026-07-29T12:30:00Z,46,8.860,,,Provisional/Provisoire,,
05EA012,2026-07-29T12:35:00Z,46,8.859,,,Provisional/Provisoire,,
05EA012,2026-07-29T12:40:00Z,46,8.862,,,Provisional/Provisoire,,
05EA012,2026-07-29T12:45:00Z,46,8.861,,,Provisional/Provisoire,,
05EA012,2026-07-29T12:50:00Z,46,8.860,,,Provisional/Provisoire,,
05EA012,2026-07-29T12:55:00Z,46,8.859,,,Provisional/Provisoire,,
05EA012,2026-07-29T13:00:00Z,46,8.863,,,Provisional/Provisoire,,
05EA012,2026-07-29T13:05:00Z,46,8.858,,,Provisional/Provisoire,,
05EA012,2026-07-29T13:10:00Z,46,8.863,,,Provisional/Provisoire,,
05EA012,2026-07-29T13:15:00Z,46,8.862,,,Provisional/Provisoire,,
05EA012,2026-07-29T13:20:00Z,46,8.863,,,Provisional/Provisoire,,
05EA012,2026-07-29T13:25:00Z,46,8.862,,,Provisional/Provisoire,,
05EA012,2026-07-29T13:30:00Z,46,8.862,,,Provisional/Provisoire,,
05EA012,2026-07-29T13:35:00Z,46,8.863,,,Provisional/Provisoire,,
05EA012,2026-07-29T13:40:00Z,46,8.860,,,Provisional/Provisoire,,
05EA012,2026-07-29T13:45:00Z,46,8.862,,,Provisional/Provisoire,,
05EA012,2026-07-29T13:50:00Z,46,8.858,,,Provisional/Provisoire,,
05EA012,2026-07-29T13:55:00Z,46,8.866,,,Provisional/Provisoire,,
05EA012,2026-07-29T14:00:00Z,46,8.863,,,Provisional/Provisoire,,
05EA012,2026-07-29T14:05:00Z,46,8.863,,,Provisional/Provisoire,,
05EA012,2026-07-29T14:10:00Z,46,8.865,,,Provisional/Provisoire,,
05EA012,2026-07-29T14:15:00Z,46,8.862,,,Provisional/Provisoire,,
05EA012,2026-07-29T14:20:00Z,46,8.867,,,Provisional/Provisoire,,
05EA012,2026-07-29T14:25:00Z,46,8.863,,,Provisional/Provisoire,,
05EA012,2026-07-29T14:30:00Z,46,8.864,,,Provisional/Provisoire,,
05EA012,2026-07-29T14:35:00Z,46,8.865,,,Provisional/Provisoire,,
05EA012,2026-07-29T14:40:00Z,46,8.867,,,Provisional/Provisoire,,
05EA012,2026-07-29T14:45:00Z,46,8.867,,,Provisional/Provisoire,,
05EA012,2026-07-29T14:50:00Z,46,8.861,,,Provisional/Provisoire,,
05EA012,2026-07-29T14:55:00Z,46,8.869,,,Provisional/Provisoire,,
05EA012,2026-07-29T15:00:00Z,46,8.869,,,Provisional/Provisoire,,
05EA012,2026-07-29T15:05:00Z,46,8.870,,,Provisional/Provisoire,,
05EA012,2026-07-29T15:10:00Z,46,8.866,,,Provisional/Provisoire,,
05EA012,2026-07-29T15:15:00Z,46,8.871,,,Provisional/Provisoire,,
05EA012,2026-07-29T15:20:00Z,46,8.869,,,Provisional/Provisoire,,
05EA012,2026-07-29T15:25:00Z,46,8.871,,,Provisional/Provisoire,,
05EA012,2026-07-29T15:30:00Z,46,8.871,,,Provisional/Provisoire,,
05EA012,2026-07-29T15:35:00Z,46,8.872,,,Provisional/Provisoire,,
05EA012,2026-07-29T15:40:00Z,46,8.871,,,Provisional/Provisoire,,
05EA012,2026-07-29T15:45:00Z,46,8.872,,,Provisional/Provisoire,,
05EA012,2026-07-29T15:50:00Z,46,8.878,,,Provisional/Provisoire,,
05EA012,2026-07-29T15:55:00Z,46,8.875,,,Provisional/Provisoire,,
05EA012,2026-07-29T16:00:00Z,46,8.872,,,Provisional/Provisoire,,
05EA012,2026-07-29T16:05:00Z,46,8.875,,,Provisional/Provisoire,,
05EA012,2026-07-29T16:10:00Z,46,8.876,,,Provisional/Provisoire,,
05EA012,2026-07-29T16:15:00Z,46,8.875,,,Provisional/Provisoire,,
05EA012,2026-07-29T16:20:00Z,46,8.881,,,Provisional/Provisoire,,
05EA012,2026-07-29T16:25:00Z,46,8.880,,,Provisional/Provisoire,,
05EA012,2026-07-29T16:30:00Z,46,8.883,,,Provisional/Provisoire,,
05EA012,2026-07-29T16:35:00Z,46,8.883,,,Provisional/Provisoire,,
05EA012,2026-07-29T16:40:00Z,46,8.883,,,Provisional/Provisoire,,
05EA012,2026-07-29T16:45:00Z,46,8.889,,,Provisional/Provisoire,,
05EA012,2026-07-29T16:50:00Z,46,8.883,,,Provisional/Provisoire,,
05EA012,2026-07-29T16:55:00Z,46,8.891,,,Provisional/Provisoire,,
05EA012,2026-07-29T17:00:00Z,46,8.891,,,Provisional/Provisoire,,
05EA012,2026-07-29T17:05:00Z,46,8.889,,,Provisional/Provisoire,,
05EA012,2026-07-29T17:10:00Z,46,8.894,,,Provisional/Provisoire,,
05EA012,2026-07-29T17:15:00Z,46,8.894,,,Provisional/Provisoire,,
05EA012,2026-07-29T17:20:00Z,46,8.893,,,Provisional/Provisoire,,
05EA012,2026-07-29T17:25:00Z,46,8.899,,,Provisional/Provisoire,,
05EA012,2026-07-29T17:30:00Z,46,8.900,,,Provisional/Provisoire,,
05EA012,2026-07-29T17:35:00Z,46,8.905,,,Provisional/Provisoire,,
05EA012,2026-07-29T17:40:00Z,46,8.903,,,Provisional/Provisoire,,
05EA012,2026-07-29T17:45:00Z,46,8.906,,,Provisional/Provisoire,,
05EA012,2026-07-29T17:50:00Z,46,8.905,,,Provisional/Provisoire,,
05EA012,2026-07-29T17:55:00Z,46,8.907,,,Provisional/Provisoire,,
05EA012,2026-07-29T18:00:00Z,46,8.912,,,Provisional/Provisoire,,
05EA012,2026-07-29T18:05:00Z,46,8.909,,,Provisional/Provisoire,,
05EA012,2026-07-29T18:10:00Z,46,8.911,,,Provisional/Provisoire,,
05EA012,2026-07-29T18:15:00Z,46,8.917,,,Provisional/Provisoire,,
05EA012,2026-07-29T18:20:00Z,46,8.916,,,Provisional/Provisoire,,
05EA012,2026-07-29T18:25:00Z,46,8.916,,,Provisional/Provisoire,,
05EA012,2026-07-29T18:30:00Z,46,8.919,,,Provisional/Provisoire,,
05EA012,2026-07-29T18:35:00Z,46,8.918,,,Provisional/Provisoire,,
05EA012,2026-07-29T18:40:00Z,46,8.924,,,Provisional/Provisoire,,
05EA012,2026-07-29T18:45:00Z,46,8.923,,,Provisional/Provisoire,,
05EA012,2026-07-29T18:50:00Z,46,8.922,,,Provisional/Provisoire,,
05EA012,2026-07-29T18:55:00Z,46,8.927,,,Provisional/Provisoire,,
05EA012,2026-07-29T19:00:00Z,46,8.933,,,Provisional/Provisoire,,
05EA012,2026-07-29T19:05:00Z,46,8.932,,,Provisional/Provisoire,,
05EA012,2026-07-29T19:10:00Z,46,8.932,,,Provisional/Provisoire,,
05EA012,2026-07-29T19:15:00Z,46,8.937,,,Provisional/Provisoire,,
05EA012,2026-07-29T19:20:00Z,46,8.935,,,Provisional/Provisoire,,
05EA012,2026-07-29T19:25:00Z,46,8.943,,,Provisional/Provisoire,,
05EA012,2026-07-29T19:30:00Z,46,8.940,,,Provisional/Provisoire,,
05EA012,2026-07-29T19:35:00Z,46,8.948,,,Provisional/Provisoire,,
05EA012,2026-07-29T19:40:00Z,46,8.950,,,Provisional/Provisoire,,
05EA012,2026-07-29T19:45:00Z,46,8.946,,,Provisional/Provisoire,,
05EA012,2026-07-29T19:50:00Z,46,8.955,,,Provisional/Provisoire,,
05EA012,2026-07-29T19:55:00Z,46,8.956,,,Provisional/Provisoire,,
05EA012,2026-07-29T20:00:00Z,46,8.954,,,Provisional/Provisoire,,
05EA012,2026-07-29T20:05:00Z,46,8.959,,,Provisional/Provisoire,,
05EA012,2026-07-29T20:10:00Z,46,8.957,,,Provisional/Provisoire,,
05EA012,2026-07-29T20:15:00Z,46,8.958,,,Provisional/Provisoire,,
05EA012,2026-07-29T20:20:00Z,46,8.966,,,Provisional/Provisoire,,
05EA012,2026-07-29T20:25:00Z,46,8.963,,,Provisional/Provisoire,,
05EA012,2026-07-29T20:30:00Z,46,8.961,,,Provisional/Provisoire,,
05EA012,2026-07-29T20:35:00Z,46,8.964,,,Provisional/Provisoire,,
05EA012,2026-07-29T20:40:00Z,46,8.968,,,Provisional/Provisoire,,
05EA012,2026-07-29T20:45:00Z,46,8.973,,,Provisional/Provisoire,,
05EA012,2026-07-29T20:50:00Z,46,8.969,,,Provisional/Provisoire,,
05EA012,2026-07-29T20:55:00Z,46,8.974,,,Provisional/Provisoire,,
05EA012,2026-07-29T21:00:00Z,46,8.977,,,Provisional/Provisoire,,
05EA012,2026-07-29T21:05:00Z,46,8.978,,,Provisional/Provisoire,,
05EA012,2026-07-29T21:10:00Z,46,8.981,,,Provisional/Provisoire,,
05EA012,2026-07-29T21:15:00Z,46,8.983,,,Provisional/Provisoire,,
05EA012,2026-07-29T21:20:00Z,46,8.983,,,Provisional/Provisoire,,
05EA012,2026-07-29T21:25:00Z,46,8.979,,,Provisional/Provisoire,,
05EA012,2026-07-29T21:30:00Z,46,8.985,,,Provisional/Provisoire,,
05EA012,2026-07-29T21:35:00Z,46,8.986,,,Provisional/Provisoire,,
05EA012,2026-07-29T21:40:00Z,46,8.984,,,Provisional/Provisoire,,
05EA012,2026-07-29T21:45:00Z,46,8.986,,,Provisional/Provisoire,,
05EA012,2026-07-29T21:50:00Z,46,8.995,,,Provisional/Provisoire,,
05EA012,2026-07-29T21:55:00Z,46,8.995,,,Provisional/Provisoire,,
05EA012,2026-07-29T22:00:00Z,46,8.996,,,Provisional/Provisoire,,
05EA012,2026-07-29T22:05:00Z,46,8.999,,,Provisional/Provisoire,,
05EA012,2026-07-29T22:10:00Z,46,9.001,,,Provisional/Provisoire,,
05EA012,2026-07-29T22:15:00Z,46,8.997,,,Provisional/Provisoire,,
05EA012,2026-07-29T22:20:00Z,46,9.004,,,Provisional/Provisoire,,
05EA012,2026-07-29T22:25:00Z,46,8.996,,,Provisional/Provisoire,,
05EA012,2026-07-29T22:30:00Z,46,8.998,,,Provisional/Provisoire,,
05EA012,2026-07-29T22:35:00Z,46,9.009,,,Provisional/Provisoire,,
05EA012,2026-07-29T22:40:00Z,46,9.008,,,Provisional/Provisoire,,
05EA012,2026-07-29T22:45:00Z,46,8.999,,,Provisional/Provisoire,,
05EA012,2026-07-29T22:50:00Z,46,9.006,,,Provisional/Provisoire,,
05EA012,2026-07-29T22:55:00Z,46,9.016,,,Provisional/Provisoire,,
05EA012,2026-07-29T23:00:00Z,46,9.017,,,Provisional/Provisoire,,
05EA012,2026-07-29T23:05:00Z,46,9.020,,,Provisional/Provisoire,,
05EA012,2026-07-29T23:10:00Z,46,9.019,,,Provisional/Provisoire,,
05EA012,2026-07-29T23:15:00Z,46,9.017,,,Provisional/Provisoire,,
05EA012,2026-07-29T23:20:00Z,46,9.023,,,Provisional/Provisoire,,
05EA012,2026-07-29T23:25:00Z,46,9.019,,,Provisional/Provisoire,,
05EA012,2026-07-29T23:30:00Z,46,9.020,,,Provisional/Provisoire,,
05EA012,2026-07-29T23:35:00Z,46,9.026,,,Provisional/Provisoire,,
05EA012,2026-07-29T23:40:00Z,46,9.028,,,Provisional/Provisoire,,
05EA012,2026-07-29T23:45:00Z,46,9.027,,,Provisional/Provisoire,,
05EA012,2026-07-29T23:50:00Z,46,9.027,,,Provisional/Provisoire,,
05EA012,2026-07-29T23:55:00Z,46,9.028,,,Provisional/Provisoire,,
05EA012,2026-07-30T00:00:00Z,46,9.028,,,Provisional/Provisoire,,
05EA012,2026-07-30T00:05:00Z,46,9.029,,,Provisional/Provisoire,,
05EA012,2026-07-30T00:10:00Z,46,9.031,,,Provisional/Provisoire,,
05EA012,2026-07-30T00:15:00Z,46,9.025,,,Provisional/Provisoire,,
05EA012,2026-07-30T00:20:00Z,46,9.031,,,Provisional/Provisoire,,
05EA012,2026-07-30T00:25:00Z,46,9.020,,,Provisional/Provisoire,,
05EA012,2026-07-30T00:30:00Z,46,9.035,,,Provisional/Provisoire,,
05EA012,2026-07-30T00:35:00Z,46,9.034,,,Provisional/Provisoire,,
05EA012,2026-07-30T00:40:00Z,46,9.011,,,Provisional/Provisoire,,
05EA012,2026-07-30T00:45:00Z,46,9.036,,,Provisional/Provisoire,,
05EA012,2026-07-30T00:50:00Z,46,9.026,,,Provisional/Provisoire,,
05EA012,2026-07-30T00:55:00Z,46,9.033,,,Provisional/Provisoire,,
05EA012,2026-07-30T01:00:00Z,46,9.031,,,Provisional/Provisoire,,
05EA012,2026-07-30T01:05:00Z,46,9.035,,,Provisional/Provisoire,,
05EA012,2026-07-30T01:10:00Z,46,9.040,,,Provisional/Provisoire,,
05EA012,2026-07-30T01:15:00Z,46,9.028,,,Provisional/Provisoire,,
05EA012,2026-07-30T01:20:00Z,46,9.041,,,Provisional/Provisoire,,
05EA012,2026-07-30T01:25:00Z,46,9.035,,,Provisional/Provisoire,,
05EA012,2026-07-30T01:30:00Z,46,9.037,,,Provisional/Provisoire,,
05EA012,2026-07-30T01:35:00Z,46,9.033,,,Provisional/Provisoire,,
05EA012,2026-07-30T01:40:00Z,46,9.035,,,Provisional/Provisoire,,
05EA012,2026-07-30T01:45:00Z,46,9.041,,,Provisional/Provisoire,,
05EA012,2026-07-30T01:50:00Z,46,9.038,,,Provisional/Provisoire,,
05EA012,2026-07-30T01:55:00Z,46,9.027,,,Provisional/Provisoire,,
05EA012,2026-07-30T02:00:00Z,46,9.029,,,Provisional/Provisoire,,
05EA012,2026-07-30T02:05:00Z,46,9.035,,,Provisional/Provisoire,,
05EA012,2026-07-30T02:10:00Z,46,9.031,,,Provisional/Provisoire,,
05EA012,2026-07-30T02:15:00Z,46,9.039,,,Provisional/Provisoire,,
05EA012,2026-07-30T02:20:00Z,46,9.034,,,Provisional/Provisoire,,
05EA012,2026-07-30T02:25:00Z,46,9.033,,,Provisional/Provisoire,,
05EA012,2026-07-30T02:30:00Z,46,9.030,,,Provisional/Provisoire,,
05EA012,2026-07-30T02:35:00Z,46,9.038,,,Provisional/Provisoire,,
05EA012,2026-07-30T02:40:00Z,46,9.027,,,Provisional/Provisoire,,
05EA012,2026-07-30T02:45:00Z,46,9.035,,,Provisional/Provisoire,,
05EA012,2026-07-30T02:50:00Z,46,9.033,,,Provisional/Provisoire,,
05EA012,2026-07-30T02:55:00Z,46,9.033,,,Provisional/Provisoire,,
05EA012,2026-07-30T03:00:00Z,46,9.035,,,Provisional/Provisoire,,
05EA012,2026-07-30T03:05:00Z,46,9.028,,,Provisional/Provisoire,,
05EA012,2026-07-30T03:10:00Z,46,9.032,,,Provisional/Provisoire,,
05EA012,2026-07-30T03:15:00Z,46,9.033,,,Provisional/Provisoire,,
05EA012,2026-07-30T03:20:00Z,46,9.034,,,Provisional/Provisoire,,
05EA012,2026-07-30T03:25:00Z,46,9.033,,,Provisional/Provisoire,,
05EA012,2026-07-30T03:30:00Z,46,9.013,,,Provisional/Provisoire,,
05EA012,2026-07-30T03:35:00Z,46,9.016,,,Provisional/Provisoire,,
05EA012,2026-07-30T03:40:00Z,46,9.027,,,Provisional/Provisoire,,
05EA012,2026-07-30T03:45:00Z,46,9.017,,,Provisional/Provisoire,,
05EA012,2026-07-30T03:50:00Z,46,9.030,,,Provisional/Provisoire,,
05EA012,2026-07-30T03:55:00Z,46,9.029,,,Provisional/Provisoire,,
05EA012,2026-07-30T04:00:00Z,46,9.022,,,Provisional/Provisoire,,
05EA012,2026-07-30T04:05:00Z,46,9.028,,,Provisional/Provisoire,,
05EA012,2026-07-30T04:10:00Z,46,9.024,,,Provisional/Provisoire,,
05EA012,2026-07-30T04:15:00Z,46,9.023,,,Provisional/Provisoire,,
05EA012,2026-07-30T04:20:00Z,46,9.025,,,Provisional/Provisoire,,
05EA012,2026-07-30T04:25:00Z,46,9.013,,,Provisional/Provisoire,,
05EA012,2026-07-30T04:30:00Z,46,9.021,,,Provisional/Provisoire,,
05EA012,2026-07-30T04:35:00Z,46,9.024,,,Provisional/Provisoire,,
05EA012,2026-07-30T04:40:00Z,46,9.016,,,Provisional/Provisoire,,
05EA012,2026-07-30T04:45:00Z,46,9.015,,,Provisional/Provisoire,,
05EA012,2026-07-30T04:50:00Z,46,9.017,,,Provisional/Provisoire,,
05EA012,2026-07-30T04:55:00Z,46,9.016,,,Provisional/Provisoire,,
05EA012,2026-07-30T05:00:00Z,46,9.011,,,Provisional/Provisoire,,
05EA012,2026-07-30T05:05:00Z,46,9.015,,,Provisional/Provisoire,,
05EA012,2026-07-30T05:10:00Z,46,9.010,,,Provisional/Provisoire,,
05EA012,2026-07-30T05:15:00Z,46,9.011,,,Provisional/Provisoire,,
05EA012,2026-07-30T05:20:00Z,46,9.008,,,Provisional/Provisoire,,
05EA012,2026-07-30T05:25:00Z,46,9.003,,,Provisional/Provisoire,,
05EA012,2026-07-30T05:30:00Z,46,9.005,,,Provisional/Provisoire,,
05EA012,2026-07-30T05:35:00Z,46,9.003,,,Provisional/Provisoire,,
05EA012,2026-07-30T05:40:00Z,46,9.005,,,Provisional/Provisoire,,
05EA012,2026-07-30T05:45:00Z,46,9.001,,,Provisional/Provisoire,,
05EA012,2026-07-30T05:50:00Z,46,9.002,,,Provisional/Provisoire,,
05EA012,2026-07-30T05:55:00Z,46,8.993,,,Provisional/Provisoire,,
05EA012,2026-07-30T06:00:00Z,46,8.996,,,Provisional/Provisoire,,
05EA012,2026-07-30T06:05:00Z,46,9.000,,,Provisional/Provisoire,,
05EA012,2026-07-30T06:10:00Z,46,8.997,,,Provisional/Provisoire,,
05EA012,2026-07-30T06:15:00Z,46,8.997,,,Provisional/Provisoire,,
05EA012,2026-07-30T06:20:00Z,46,8.989,,,Provisional/Provisoire,,
05EA012,2026-07-30T06:25:00Z,46,8.994,,,Provisional/Provisoire,,
05EA012,2026-07-30T06:30:00Z,46,8.993,,,Provisional/Provisoire,,
05EA012,2026-07-30T06:35:00Z,46,8.989,,,Provisional/Provisoire,,
05EA012,2026-07-30T06:40:00Z,46,8.985,,,Provisional/Provisoire,,
05EA012,2026-07-30T06:45:00Z,46,8.982,,,Provisional/Provisoire,,
05EA012,2026-07-30T06:50:00Z,46,8.987,,,Provisional/Provisoire,,
05EA012,2026-07-30T06:55:00Z,46,8.977,,,Provisional/Provisoire,,
05EA012,2026-07-30T07:00:00Z,46,8.979,,,Provisional/Provisoire,,
05EA012,2026-07-30T07:05:00Z,46,8.985,,,Provisional/Provisoire,,
05EA012,2026-07-30T07:10:00Z,46,8.981,,,Provisional/Provisoire,,
05EA012,2026-07-30T07:15:00Z,46,8.981,,,Provisional/Provisoire,,
05EA012,2026-07-30T07:20:00Z,46,8.979,,,Provisional/Provisoire,,
05EA012,2026-07-30T07:25:00Z,46,8.980,,,Provisional/Provisoire,,
05EA012,2026-07-30T07:30:00Z,46,8.977,,,Provisional/Provisoire,,
05EA012,2026-07-30T07:35:00Z,46,8.974,,,Provisional/Provisoire,,
05EA012,2026-07-30T07:40:00Z,46,8.978,,,Provisional/Provisoire,,
05EA012,2026-07-30T07:45:00Z,46,8.977,,,Provisional/Provisoire,,
05EA012,2026-07-30T07:50:00Z,46,8.972,,,Provisional/Provisoire,,
05EA012,2026-07-30T07:55:00Z,46,8.973,,,Provisional/Provisoire,,
05EA012,2026-07-30T08:00:00Z,46,8.971,,,Provisional/Provisoire,,
05EA012,2026-07-30T08:05:00Z,46,8.972,,,Provisional/Provisoire,,
05EA012,2026-07-30T08:10:00Z,46,8.971,,,Provisional/Provisoire,,
05EA012,2026-07-30T08:15:00Z,46,8.971,,,Provisional/Provisoire,,
05EA012,2026-07-30T08:20:00Z,46,8.959,,,Provisional/Provisoire,,
05EA012,2026-07-30T08:25:00Z,46,8.968,,,Provisional/Provisoire,,
05EA012,2026-07-30T08:30:00Z,46,8.964,,,Provisional/Provisoire,,
05EA012,2026-07-30T08:35:00Z,46,8.962,,,Provisional/Provisoire,,
05EA012,2026-07-30T08:40:00Z,46,8.965,,,Provisional/Provisoire,,
05EA012,2026-07-30T08:45:00Z,46,8.961,,,Provisional/Provisoire,,
05EA012,2026-07-30T08:50:00Z,46,8.950,,,Provisional/Provisoire,,
05EA012,2026-07-30T08:55:00Z,46,8.951,,,Provisional/Provisoire,,
05EA012,2026-07-30T09:00:00Z,46,8.956,,,Provisional/Provisoire,,
05EA012,2026-07-30T09:05:00Z,46,8.958,,,Provisional/Provisoire,,
05EA012,2026-07-30T09:10:00Z,46,8.954,,,Provisional/Provisoire,,
05EA012,2026-07-30T09:15:00Z,46,8.958,,,Provisional/Provisoire,,
05EA012,2026-07-30T09:20:00Z,46,8.954,,,Provisional/Provisoire,,
05EA012,2026-07-30T09:25:00Z,46,8.953,,,Provisional/Provisoire,,
05EA012,2026-07-30T09:30:00Z,46,8.953,,,Provisional/Provisoire,,
05EA012,2026-07-30T09:35:00Z,46,8.952,,,Provisional/Provisoire,,
05EA012,2026-07-30T09:40:00Z,46,8.948,,,Provisional/Provisoire,,
05EA012,2026-07-30T09:45:00Z,46,8.948,,,Provisional/Provisoire,,
05EA012,2026-07-30T09:50:00Z,46,8.949,,,Provisional/Provisoire,,
05EA012,2026-07-30T09:55:00Z,46,8.945,,,Provisional/Provisoire,,
05EA012,2026-07-30T10:00:00Z,46,8.943,,,Provisional/Provisoire,,
05EA012,2026-07-30T10:05:00Z,46,8.946,,,Provisional/Provisoire,,
05EA012,2026-07-30T10:10:00Z,46,8.948,,,Provisional/Provisoire,,
05EA012,2026-07-30T10:15:00Z,46,8.940,,,Provisional/Provisoire,,
05EA012,2026-07-30T10:20:00Z,46,8.943,,,Provisional/Provisoire,,
05EA012,2026-07-30T10:25:00Z,46,8.938,,,Provisional/Provisoire,,
05EA012,2026-07-30T10:30:00Z,46,8.942,,,Provisional/Provisoire,,
05EA012,2026-07-30T10:35:00Z,46,8.938,,,Provisional/Provisoire,,
05EA012,2026-07-30T10:40:00Z,46,8.938,,,Provisional/Provisoire,,
05EA012,2026-07-30T10:45:00Z,46,8.937,,,Provisional/Provisoire,,
05EA012,2026-07-30T10:50:00Z,46,8.939,,,Provisional/Provisoire,,
05EA012,2026-07-30T10:55:00Z,46,8.938,,,Provisional/Provisoire,,
05EA012,2026-07-30T11:00:00Z,46,8.936,,,Provisional/Provisoire,,
05EA012,2026-07-30T11:05:00Z,46,8.932,,,Provisional/Provisoire,,
05EA012,2026-07-30T11:10:00Z,46,8.933,,,Provisional/Provisoire,,
05EA012,2026-07-30T11:15:00Z,46,8.936,,,Provisional/Provisoire,,
05EA012,2026-07-30T11:20:00Z,46,8.932,,,Provisional/Provisoire,,
05EA012,2026-07-30T11:25:00Z,46,8.929,,,Provisional/Provisoire,,
05EA012,2026-07-30T11:30:00Z,46,8.933,,,Provisional/Provisoire,,
05EA012,2026-07-30T11:35:00Z,46,8.932,,,Provisional/Provisoire,,
05EA012,2026-07-30T11:40:00Z,46,8.920,,,Provisional/Provisoire,,
05EA012,2026-07-30T11:45:00Z,46,8.923,,,Provisional/Provisoire,,
05EA012,2026-07-30T11:50:00Z,46,8.927,,,Provisional/Provisoire,,
05EA012,2026-07-30T11:55:00Z,46,8.926,,,Provisional/Provisoire,,
05EA012,2026-07-30T12:00:00Z,46,8.926,,,Provisional/Provisoire,,
05EA012,2026-07-30T12:05:00Z,46,8.924,,,Provisional/Provisoire,,
05EA012,2026-07-30T12:10:00Z,46,8.923,,,Provisional/Provisoire,,
05EA012,2026-07-30T12:15:00Z,46,8.921,,,Provisional/Provisoire,,
05EA012,2026-07-30T12:20:00Z,46,8.920,,,Provisional/Provisoire,,
05EA012,2026-07-30T12:25:00Z,46,8.922,,,Provisional/Provisoire,,
05EA012,2026-07-30T12:30:00Z,46,8.915,,,Provisional/Provisoire,,
05EA012,2026-07-30T12:35:00Z,46,8.916,,,Provisional/Provisoire,,
05EA012,2026-07-30T12:40:00Z,46,8.921,,,Provisional/Provisoire,,
05EA012,2026-07-30T12:45:00Z,46,8.914,,,Provisional/Provisoire,,
05EA012,2026-07-30T12:50:00Z,46,8.916,,,Provisional/Provisoire,,
05EA012,2026-07-30T12:55:00Z,46,8.915,,,Provisional/Provisoire,,
05EA012,2026-07-30T13:00:00Z,46,8.912,,,Provisional/Provisoire,,
05EA012,2026-07-30T13:05:00Z,46,8.915,,,Provisional/Provisoire,,
05EA012,2026-07-30T13:10:00Z,46,8.916,,,Provisional/Provisoire,,
05EA012,2026-07-30T13:15:00Z,46,8.915,,,Provisional/Provisoire,,
05EA012,2026-07-30T13:20:00Z,46,8.911,,,Provisional/Provisoire,,
05EA012,2026-07-30T13:25:00Z,46,8.915,,,Provisional/Provisoire,,
05EA012,2026-07-30T13:30:00Z,46,8.912,,,Provisional/Provisoire,,
05EA012,2026-07-30T13:35:00Z,46,8.911,,,Provisional/Provisoire,,
05EA012,2026-07-30T13:40:00Z,46,8.911,,,Provisional/Provisoire,,
05EA012,2026-07-30T13:45:00Z,46,8.905,,,Provisional/Provisoire,,
05EA012,2026-07-30T13:50:00Z,46,8.906,,,Provisional/Provisoire,,
05EA012,2026-07-30T13:55:00Z,46,8.905,,,Provisional/Provisoire,,
05EA012,2026-07-30T14:00:00Z,46,8.909,,,Provisional/Provisoire,,
05EA012,2026-07-30T14:05:00Z,46,8.909,,,Provisional/Provisoire,,
05EA012,2026-07-30T14:10:00Z,46,8.907,,,Provisional/Provisoire,,
05EA012,2026-07-30T14:15:00Z,46,8.905,,,Provisional/Provisoire,,
05EA012,2026-07-30T14:20:00Z,46,8.905,,,Provisional/Provisoire,,
05EA012,2026-07-30T14:25:00Z,46,8.905,,,Provisional/Provisoire,,
05EA012,2026-07-30T14:30:00Z,46,8.904,,,Provisional/Provisoire,,
05EA012,2026-07-30T14:35:00Z,46,8.897,,,Provisional/Provisoire,,
05EA012,2026-07-30T14:40:00Z,46,8.900,,,Provisional/Provisoire,,
05EA012,2026-07-30T14:45:00Z,46,8.901,,,Provisional/Provisoire,,
05EA012,2026-07-30T14:50:00Z,46,8.902,,,Provisional/Provisoire,,
05EA012,2026-07-30T14:55:00Z,46,8.902,,,Provisional/Provisoire,,
05EA012,2026-07-30T15:00:00Z,46,8.898,,,Provisional/Provisoire,,
05EA012,2026-07-30T15:05:00Z,46,8.897,,,Provisional/Provisoire,,
05EA012,2026-07-30T15:10:00Z,46,8.893,,,Provisional/Provisoire,,
05EA012,2026-07-30T15:15:00Z,46,8.898,,,Provisional/Provisoire,,
05EA012,2026-07-30T15:20:00Z,46,8.896,,,Provisional/Provisoire,,
05EA012,2026-07-30T15:25:00Z,46,8.894,,,Provisional/Provisoire,,
05EA012,2026-07-30T15:30:00Z,46,8.894,,,Provisional/Provisoire,,
05EA012,2026-07-30T15:35:00Z,46,8.890,,,Provisional/Provisoire,,
05EA012,2026-07-30T15:40:00Z,46,8.894,,,Provisional/Provisoire,,
05EA012,2026-07-30T15:45:00Z,46,8.894,,,Provisional/Provisoire,,
05EA012,2026-07-30T15:50:00Z,46,8.891,,,Provisional/Provisoire,,
05EA012,2026-07-30T15:55:00Z,46,8.891,,,Provisional/Provisoire,,
05EA012,2026-07-30T16:00:00Z,46,8.894,,,Provisional/Provisoire,,
05EA012,2026-07-30T16:05:00Z,46,8.892,,,Provisional/Provisoire,,
05EA012,2026-07-30T16:10:00Z,46,8.887,,,Provisional/Provisoire,,
05EA012,2026-07-30T16:15:00Z,46,8.890,,,Provisional/Provisoire,,
05EA012,2026-07-30T16:20:00Z,46,8.891,,,Provisional/Provisoire,,
05EA012,2026-07-30T16:25:00Z,46,8.889,,,Provisional/Provisoire,,
05EA012,2026-07-30T16:30:00Z,46,8.888,,,Provisional/Provisoire,,
05EA012,2026-07-30T16:35:00Z,46,8.888,,,Provisional/Provisoire,,
05EA012,2026-07-30T16:40:00Z,46,8.883,,,Provisional/Provisoire,,
05EA012,2026-07-30T16:45:00Z,46,8.886,,,Provisional/Provisoire,,
05EA012,2026-07-30T16:50:00Z,46,8.886,,,Provisional/Provisoire,,
05EA012,2026-07-30T16:55:00Z,46,8.886,,,Provisional/Provisoire,,
05EA012,2026-07-30T17:00:00Z,46,8.885,,,Provisional/Provisoire,,
05EA012,2026-07-30T17:05:00Z,46,8.883,,,Provisional/Provisoire,,
05EA012,2026-07-30T17:10:00Z,46,8.887,,,Provisional/Provisoire,,
05EA012,2026-07-30T17:15:00Z,46,8.878,,,Provisional/Provisoire,,
05EA012,2026-07-30T17:20:00Z,46,8.880,,,Provisional/Provisoire,,
05EA012,2026-07-30T17:25:00Z,46,8.883,,,Provisional/Provisoire,,
05EA012,2026-07-30T17:30:00Z,46,8.884,,,Provisional/Provisoire,,
05EA012,2026-07-30T17:35:00Z,46,8.883,,,Provisional/Provisoire,,
05EA012,2026-07-30T17:40:00Z,46,8.883,,,Provisional/Provisoire,,
05EA012,2026-07-30T17:45:00Z,46,8.882,,,Provisional/Provisoire,,
05EA012,2026-07-30T17:50:00Z,46,8.880,,,Provisional/Provisoire,,
05EA012,2026-07-30T17:55:00Z,46,8.880,,,Provisional/Provisoire,,
05EA012,2026-07-30T18:00:00Z,46,8.882,,,Provisional/Provisoire,,
05EA012,2026-07-30T18:05:00Z,46,8.881,,,Provisional/Provisoire,,
05EA012,2026-07-30T18:10:00Z,46,8.878,,,Provisional/Provisoire,,
05EA012,2026-07-30T18:15:00Z,46,8.878,,,Provisional/Provisoire,,
05EA012,2026-07-30T18:20:00Z,46,8.875,,,Provisional/Provisoire,,
05EA012,2026-07-30T18:25:00Z,46,8.876,,,Provisional/Provisoire,,
05EA012,2026-07-30T18:30:00Z,46,8.875,,,Provisional/Provisoire,,
05EA012,2026-07-30T18:35:00Z,46,8.874,,,Provisional/Provisoire,,
05EA012,2026-07-30T18:40:00Z,46,8.875,,,Provisional/Provisoire,,
05EA012,2026-07-30T18:45:00Z,46,8.871,,,Provisional/Provisoire,,
05EA012,2026-07-30T18:50:00Z,46,8.875,,,Provisional/Provisoire,,
05EA012,2026-07-30T18:55:00Z,46,8.872,,,Provisional/Provisoire,,
05EA012,2026-07-30T19:00:00Z,46,8.874,,,Provisional/Provisoire,,
05EA012,2026-07-30T19:05:00Z,46,8.874,,,Provisional/Provisoire,,
05EA012,2026-07-30T19:10:00Z,46,8.875,,,Provisional/Provisoire,,
05EA012,2026-07-30T19:15:00Z,46,8.874,,,Provisional/Provisoire,,
05EA012,2026-07-30T19:20:00Z,46,8.872,,,Provisional/Provisoire,,
05EA012,2026-07-30T19:25:00Z,46,8.874,,,Provisional/Provisoire,,
05EA012,2026-07-30T19:30:00Z,46,8.868,,,Provisional/Provisoire,,
05EA012,2026-07-30T19:35:00Z,46,8.871,,,Provisional/Provisoire,,
05EA012,2026-07-30T19:40:00Z,46,8.870,,,Provisional/Provisoire,,
05EA012,2026-07-30T19:45:00Z,46,8.870,,,Provisional/Provisoire,,
05EA012,2026-07-30T19:50:00Z,46,8.864,,,Provisional/Provisoire,,
05EA012,2026-07-30T19:55:00Z,46,8.869,,,Provisional/Provisoire,,
05EA012,2026-07-30T20:00:00Z,46,8.865,,,Provisional/Provisoire,,
05EA012,2026-07-30T20:05:00Z,46,8.868,,,Provisional/Provisoire,,
05EA012,2026-07-30T20:10:00Z,46,8.866,,,Provisional/Provisoire,,
05EA012,2026-07-30T20:15:00Z,46,8.865,,,Provisional/Provisoire,,
05EA012,2026-07-30T20:20:00Z,46,8.867,,,Provisional/Provisoire,,
05EA012,2026-07-30T20:25:00Z,46,8.866,,,Provisional/Provisoire,,
05EA012,2026-07-30T20:30:00Z,46,8.861,,,Provisional/Provisoire,,
05EA012,2026-07-30T20:35:00Z,46,8.865,,,Provisional/Provisoire,,
05EA012,2026-07-30T20:40:00Z,46,8.864,,,Provisional/Provisoire,,
05EA012,2026-07-30T20:45:00Z,46,8.862,,,Provisional/Provisoire,,
05EA012,2026-07-30T20:50:00Z,46,8.863,,,Provisional/Provisoire,,
05EA012,2026-07-30T20:55:00Z,46,8.864,,,Provisional/Provisoire,,
05EA012,2026-07-30T21:00:00Z,46,8.863,,,Provisional/Provisoire,,
05EA012,2026-07-30T21:05:00Z,46,8.860,,,Provisional/Provisoire,,
05EA012,2026-07-30T21:10:00Z,46,8.862,,,Provisional/Provisoire,,
05EA012,2026-07-30T21:15:00Z,46,8.860,,,Provisional/Provisoire,,
05EA012,2026-07-30T21:20:00Z,46,8.859,,,Provisional/Provisoire,,
05EA012,2026-07-30T21:25:00Z,46,8.858,,,Provisional/Provisoire,,
05EA012,2026-07-30T21:30:00Z,46,8.856,,,Provisional/Provisoire,,
05EA012,2026-07-30T21:35:00Z,46,8.853,,,Provisional/Provisoire,,
05EA012,2026-07-30T21:40:00Z,46,8.858,,,Provisional/Provisoire,,
05EA012,2026-07-30T21:45:00Z,46,8.857,,,Provisional/Provisoire,,
05EA012,2026-07-30T21:50:00Z,46,8.860,,,Provisional/Provisoire,,
05EA012,2026-07-30T21:55:00Z,46,8.858,,,Provisional/Provisoire,,
05EA012,2026-07-30T22:00:00Z,46,8.855,,,Provisional/Provisoire,,
05EA012,2026-07-30T22:05:00Z,46,8.855,,,Provisional/Provisoire,,
05EA012,2026-07-30T22:10:00Z,46,8.857,,,Provisional/Provisoire,,
05EA012,2026-07-30T22:15:00Z,46,8.854,,,Provisional/Provisoire,,
05EA012,2026-07-30T22:20:00Z,46,8.854,,,Provisional/Provisoire,,
05EA012,2026-07-30T22:25:00Z,46,8.853,,,Provisional/Provisoire,,
05EA012,2026-07-30T22:30:00Z,46,8.855,,,Provisional/Provisoire,,
05EA012,2026-07-30T22:35:00Z,46,8.849,,,Provisional/Provisoire,,
05EA012,2026-07-30T22:40:00Z,46,8.851,,,Provisional/Provisoire,,
05EA012,2026-07-30T22:45:00Z,46,8.851,,,Provisional/Provisoire,,
05EA012,2026-07-30T22:50:00Z,46,8.851,,,Provisional/Provisoire,,
05EA012,2026-07-30T22:55:00Z,46,8.849,,,Provisional/Provisoire,,
05EA012,2026-07-30T23:00:00Z,46,8.850,,,Provisional/Provisoire,,
05EA012,2026-07-30T23:05:00Z,46,8.848,,,Provisional/Provisoire,,
05EA012,2026-07-30T23:10:00Z,46,8.850,,,Provisional/Provisoire,,
05EA012,2026-07-30T23:15:00Z,46,8.847,,,Provisional/Provisoire,,
05EA012,2026-07-30T23:20:00Z,46,8.848,,,Provisional/Provisoire,,
05EA012,2026-07-30T23:25:00Z,46,8.846,,,Provisional/Provisoire,,
05EA012,2026-07-30T23:30:00Z,46,8.844,,,Provisional/Provisoire,,
05EA012,2026-07-30T23:35:00Z,46,8.846,,,Provisional/Provisoire,,
05EA012,2026-07-30T23:40:00Z,46,8.847,,,Provisional/Provisoire,,
05EA012,2026-07-30T23:45:00Z,46,8.842,,,Provisional/Provisoire,,
05EA012,2026-07-30T23:50:00Z,46,8.845,,,Provisional/Provisoire,,
05EA012,2026-07-30T23:55:00Z,46,8.845,,,Provisional/Provisoire,,
05EA012,2026-07-31T00:00:00Z,46,8.846,,,Provisional/Provisoire,,
05EA012,2026-07-31T00:05:00Z,46,8.844,,,Provisional/Provisoire,,
05EA012,2026-07-31T00:10:00Z,46,8.843,,,Provisional/Provisoire,,
05EA012,2026-07-31T00:15:00Z,46,8.844,,,Provisional/Provisoire,,
05EA012,2026-07-31T00:20:00Z,46,8.844,,,Provisional/Provisoire,,
05EA012,2026-07-31T00:25:00Z,46,8.844,,,Provisional/Provisoire,,
05EA012,2026-07-31T00:30:00Z,46,8.843,,,Provisional/Provisoire,,
05EA012,2026-07-31T00:35:00Z,46,8.841,,,Provisional/Provisoire,,
05EA012,2026-07-31T00:40:00Z,46,8.841,,,Provisional/Provisoire,,
05EA012,2026-07-31T00:45:00Z,46,8.840,,,Provisional/Provisoire,,
05EA012,2026-07-31T00:50:00Z,46,8.841,,,Provisional/Provisoire,,
05EA012,2026-07-31T00:55:00Z,46,8.836,,,Provisional/Provisoire,,
05EA012,2026-07-31T01:00:00Z,46,8.840,,,Provisional/Provisoire,,
05EA012,2026-07-31T01:05:00Z,46,8.839,,,Provisional/Provisoire,,
05EA012,2026-07-31T01:10:00Z,46,8.839,,,Provisional/Provisoire,,
05EA012,2026-07-31T01:15:00Z,46,8.837,,,Provisional/Provisoire,,
05EA012,2026-07-31T01:20:00Z,46,8.838,,,Provisional/Provisoire,,
05EA012,2026-07-31T01:25:00Z,46,8.836,,,Provisional/Provisoire,,
05EA012,2026-07-31T01:30:00Z,46,8.835,,,Provisional/Provisoire,,
05EA012,2026-07-31T01:35:00Z,46,8.836,,,Provisional/Provisoire,,
05EA012,2026-07-31T01:40:00Z,46,8.835,,,Provisional/Provisoire,,
05EA012,2026-07-31T01:45:00Z,46,8.834,,,Provisional/Provisoire,,
05EA012,2026-07-31T01:50:00Z,46,8.835,,,Provisional/Provisoire,,
05EA012,2026-07-31T01:55:00Z,46,8.834,,,Provisional/Provisoire,,
05EA012,2026-07-31T02:00:00Z,46,8.833,,,Provisional/Provisoire,,
05EA012,2026-07-31T02:05:00Z,46,8.830,,,Provisional/Provisoire,,
05EA012,2026-07-31T02:10:00Z,46,8.834,,,Provisional/Provisoire,,
05EA012,2026-07-31T02:15:00Z,46,8.832,,,Provisional/Provisoire,,
05EA012,2026-07-31T02:20:00Z,46,8.832,,,Provisional/Provisoire,,
05EA012,2026-07-31T02:25:00Z,46,8.831,,,Provisional/Provisoire,,
05EA012,2026-07-31T02:30:00Z,46,8.826,,,Provisional/Provisoire,,
05EA012,2026-07-31T02:35:00Z,46,8.831,,,Provisional/Provisoire,,
05EA012,2026-07-31T02:40:00Z,46,8.829,,,Provisional/Provisoire,,
05EA012,2026-07-31T02:45:00Z,46,8.829,,,Provisional/Provisoire,,
05EA012,2026-07-31T02:50:00Z,46,8.832,,,Provisional/Provisoire,,
05EA012,2026-07-31T02:55:00Z,46,8.832,,,Provisional/Provisoire,,
05EA012,2026-07-31T03:00:00Z,46,8.829,,,Provisional/Provisoire,,
05EA012,2026-07-31T03:05:00Z,46,8.828,,,Provisional/Provisoire,,
05EA012,2026-07-31T03:10:00Z,46,8.828,,,Provisional/Provisoire,,
05EA012,2026-07-31T03:15:00Z,46,8.829,,,Provisional/Provisoire,,
05EA012,2026-07-31T03:20:00Z,46,8.830,,,Provisional/Provisoire,,
05EA012,2026-07-31T03:25:00Z,46,8.827,,,Provisional/Provisoire,,
05EA012,2026-07-31T03:30:00Z,46,8.824,,,Provisional/Provisoire,,
05EA012,2026-07-31T03:35:00Z,46,8.827,,,Provisional/Provisoire,,
05EA012,2026-07-31T03:40:00Z,46,8.823,,,Provisional/Provisoire,,
05EA012,2026-07-31T03:45:00Z,46,8.826,,,Provisional/Provisoire,,
05EA012,2026-07-31T03:50:00Z,46,8.826,,,Provisional/Provisoire,,
05EA012,2026-07-31T03:55:00Z,46,8.823,,,Provisional/Provisoire,,
05EA012,2026-07-31T04:00:00Z,46,8.827,,,Provisional/Provisoire,,
05EA012,2026-07-31T04:05:00Z,46,8.825,,,Provisional/Provisoire,,
05EA012,2026-07-31T04:10:00Z,46,8.825,,,Provisional/Provisoire,,
05EA012,2026-07-31T04:15:00Z,46,8.823,,,Provisional/Provisoire,,
05EA012,2026-07-31T04:20:00Z,46,8.827,,,Provisional/Provisoire,,
05EA012,2026-07-31T04:25:00Z,46,8.823,,,Provisional/Provisoire,,
05EA012,2026-07-31T04:30:00Z,46,8.824,,,Provisional/Provisoire,,
05EA012,2026-07-31T04:35:00Z,46,8.825,,,Provisional/Provisoire,,
05EA012,2026-07-31T04:40:00Z,46,8.824,,,Provisional/Provisoire,,
05EA012,2026-07-31T04:45:00Z,46,8.824,,,Provisional/Provisoire,,
05EA012,2026-07-31T04:50:00Z,46,8.822,,,Provisional/Provisoire,,
05EA012,2026-07-31T04:55:00Z,46,8.823,,,Provisional/Provisoire,,
05EA012,2026-07-31T05:00:00Z,46,8.822,,,Provisional/Provisoire,,
05EA012,2026-07-31T05:05:00Z,46,8.821,,,Provisional/Provisoire,,
05EA012,2026-07-31T05:10:00Z,46,8.822,,,Provisional/Provisoire,,
05EA012,2026-07-31T05:15:00Z,46,8.820,,,Provisional/Provisoire,,
05EA012,2026-07-31T05:20:00Z,46,8.818,,,Provisional/Provisoire,,
05EA012,2026-07-31T05:25:00Z,46,8.820,,,Provisional/Provisoire,,
05EA012,2026-07-31T05:30:00Z,46,8.822,,,Provisional/Provisoire,,
05EA012,2026-07-31T05:35:00Z,46,8.821,,,Provisional/Provisoire,,
05EA012,2026-07-31T05:40:00Z,46,8.819,,,Provisional/Provisoire,,
05EA012,2026-07-31T05:45:00Z,46,8.814,,,Provisional/Provisoire,,
05EA012,2026-07-31T05:50:00Z,46,8.820,,,Provisional/Provisoire,,
05EA012,2026-07-31T05:55:00Z,46,8.819,,,Provisional/Provisoire,,
05EA012,2026-07-31T06:00:00Z,46,8.819,,,Provisional/Provisoire,,
05EA012,2026-07-31T06:05:00Z,46,8.816,,,Provisional/Provisoire,,
05EA012,2026-07-31T06:10:00Z,46,8.818,,,Provisional/Provisoire,,
05EA012,2026-07-31T06:15:00Z,46,8.815,,,Provisional/Provisoire,,
05EA012,2026-07-31T06:20:00Z,46,8.819,,,Provisional/Provisoire,,
05EA012,2026-07-31T06:25:00Z,46,8.815,,,Provisional/Provisoire,,
05EA012,2026-07-31T06:30:00Z,46,8.816,,,Provisional/Provisoire,,
05EA012,2026-07-31T06:35:00Z,46,8.816,,,Provisional/Provisoire,,
05EA012,2026-07-31T06:40:00Z,46,8.816,,,Provisional/Provisoire,,
05EA012,2026-07-31T06:45:00Z,46,8.817,,,Provisional/Provisoire,,
05EA012,2026-07-31T06:50:00Z,46,8.814,,,Provisional/Provisoire,,
05EA012,2026-07-31T06:55:00Z,46,8.816,,,Provisional/Provisoire,,
05EA012,2026-07-31T07:00:00Z,46,8.815,,,Provisional/Provisoire,,
05EA012,2026-07-31T07:05:00Z,46,8.814,,,Provisional/Provisoire,,
05EA012,2026-07-31T07:10:00Z,46,8.813,,,Provisional/Provisoire,,
05EA012,2026-07-31T07:15:00Z,46,8.815,,,Provisional/Provisoire,,
05EA012,2026-07-31T07:20:00Z,46,8.814,,,Provisional/Provisoire,,
05EA012,2026-07-31T07:25:00Z,46,8.814,,,Provisional/Provisoire,,
05EA012,2026-07-31T07:30:00Z,46,8.815,,,Provisional/Provisoire,,
05EA012,2026-07-31T07:35:00Z,46,8.812,,,Provisional/Provisoire,,
05EA012,2026-07-31T07:40:00Z,46,8.814,,,Provisional/Provisoire,,
05EA012,2026-07-31T07:45:00Z,46,8.814,,,Provisional/Provisoire,,
05EA012,2026-07-31T07:50:00Z,46,8.812,,,Provisional/Provisoire,,
05EA012,2026-07-31T07:55:00Z,46,8.812,,,Provisional/Provisoire,,
05EA012,2026-07-31T08:00:00Z,46,8.812,,,Provisional/Provisoire,,
05EA012,2026-07-31T08:05:00Z,46,8.813,,,Provisional/Provisoire,,
05EA012,2026-07-31T08:10:00Z,46,8.812,,,Provisional/Provisoire,,
05EA012,2026-07-31T08:15:00Z,46,8.811,,,Provisional/Provisoire,,
05EA012,2026-07-31T08:20:00Z,46,8.812,,,Provisional/Provisoire,,
05EA012,2026-07-31T08:25:00Z,46,8.810,,,Provisional/Provisoire,,
05EA012,2026-07-31T08:30:00Z,46,8.813,,,Provisional/Provisoire,,
05EA012,2026-07-31T08:35:00Z,46,8.812,,,Provisional/Provisoire,,
05EA012,2026-07-31T08:40:00Z,46,8.811,,,Provisional/Provisoire,,
05EA012,2026-07-31T08:45:00Z,46,8.810,,,Provisional/Provisoire,,
05EA012,2026-07-31T08:50:00Z,46,8.809,,,Provisional/Provisoire,,
05EA012,2026-07-31T08:55:00Z,46,8.811,,,Provisional/Provisoire,,
05EA012,2026-07-31T09:00:00Z,46,8.808,,,Provisional/Provisoire,,
05EA012,2026-07-31T09:05:00Z,46,8.809,,,Provisional/Provisoire,,
05EA012,2026-07-31T09:10:00Z,46,8.809,,,Provisional/Provisoire,,
05EA012,2026-07-31T09:15:00Z,46,8.803,,,Provisional/Provisoire,,
05EA012,2026-07-31T09:20:00Z,46,8.809,,,Provisional/Provisoire,,
05EA012,2026-07-31T09:25:00Z,46,8.806,,,Provisional/Provisoire,,
05EA012,2026-07-31T09:30:00Z,46,8.806,,,Provisional/Provisoire,,
05EA012,2026-07-31T09:35:00Z,46,8.805,,,Provisional/Provisoire,,
05EA012,2026-07-31T09:40:00Z,46,8.802,,,Provisional/Provisoire,,
05EA012,2026-07-31T09:45:00Z,46,8.806,,,Provisional/Provisoire,,
05EA012,2026-07-31T09:50:00Z,46,8.807,,,Provisional/Provisoire,,
05EA012,2026-07-31T09:55:00Z,46,8.804,,,Provisional/Provisoire,,
05EA012,2026-07-31T10:00:00Z,46,8.804,,,Provisional/Provisoire,,
05EA012,2026-07-31T10:05:00Z,46,8.800,,,Provisional/Provisoire,,
05EA012,2026-07-31T10:10:00Z,46,8.805,,,Provisional/Provisoire,,
05EA012,2026-07-31T10:15:00Z,46,8.804,,,Provisional/Provisoire,,
05EA012,2026-07-31T10:20:00Z,46,8.802,,,Provisional/Provisoire,,
05EA012,2026-07-31T10:25:00Z,46,8.802,,,Provisional/Provisoire,,
05EA012,2026-07-31T10:30:00Z,46,8.804,,,Provisional/Provisoire,,
05EA012,2026-07-31T10:35:00Z,46,8.804,,,Provisional/Provisoire,,
05EA012,2026-07-31T10:40:00Z,46,8.802,,,Provisional/Provisoire,,
05EA012,2026-07-31T10:45:00Z,46,8.800,,,Provisional/Provisoire,,
05EA012,2026-07-31T10:50:00Z,46,8.799,,,Provisional/Provisoire,,
05EA012,2026-07-31T10:55:00Z,46,8.803,,,Provisional/Provisoire,,
05EA012,2026-07-31T11:00:00Z,46,8.799,,,Provisional/Provisoire,,
05EA012,2026-07-31T11:05:00Z,46,8.801,,,Provisional/Provisoire,,
05EA012,2026-07-31T11:10:00Z,46,8.801,,,Provisional/Provisoire,,
05EA012,2026-07-31T11:15:00Z,46,8.798,,,Provisional/Provisoire,,
05EA012,2026-07-31T11:20:00Z,46,8.800,,,Provisional/Provisoire,,
05EA012,2026-07-31T11:25:00Z,46,8.800,,,Provisional/Provisoire,,
05EA012,2026-07-31T11:30:00Z,46,8.797,,,Provisional/Provisoire,,
05EA012,2026-07-31T11:35:00Z,46,8.798,,,Provisional/Provisoire,,
05EA012,2026-07-31T11:40:00Z,46,8.797,,,Provisional/Provisoire,,
05EA012,2026-07-31T11:45:00Z,46,8.796,,,Provisional/Provisoire,,
05EA012,2026-07-31T11:50:00Z,46,8.797,,,Provisional/Provisoire,,
05EA012,2026-07-31T11:55:00Z,46,8.796,,,Provisional/Provisoire,,
05EA012,2026-07-31T12:00:00Z,46,8.794,,,Provisional/Provisoire,,
05EA012,2026-07-31T12:05:00Z,46,8.793,,,Provisional/Provisoire,,
05EA012,2026-07-31T12:10:00Z,46,8.796,,,Provisional/Provisoire,,
05EA012,2026-07-31T12:15:00Z,46,8.796,,,Provisional/Provisoire,,
05EA012,2026-07-31T12:20:00Z,46,8.795,,,Provisional/Provisoire,,
05EA012,2026-07-31T12:25:00Z,46,8.793,,,Provisional/Provisoire,,
05EA012,2026-07-31T12:30:00Z,46,8.789,,,Provisional/Provisoire,,
05EA012,2026-07-31T12:35:00Z,46,8.792,,,Provisional/Provisoire,,
05EA012,2026-07-31T12:40:00Z,46,8.792,,,Provisional/Provisoire,,
05EA012,2026-07-31T12:45:00Z,46,8.790,,,Provisional/Provisoire,,
05EA012,2026-07-31T12:50:00Z,46,8.790,,,Provisional/Provisoire,,
05EA012,2026-07-31T12:55:00Z,46,8.790,,,Provisional/Provisoire,,
05EA012,2026-07-31T13:00:00Z,46,8.790,,,Provisional/Provisoire,,
05EA012,2026-07-31T13:05:00Z,46,8.789,,,Provisional/Provisoire,,
05EA012,2026-07-31T13:10:00Z,46,8.790,,,Provisional/Provisoire,,
05EA012,2026-07-31T13:15:00Z,46,8.786,,,Provisional/Provisoire,,
05EA012,2026-07-31T13:20:00Z,46,8.787,,,Provisional/Provisoire,,
05EA012,2026-07-31T13:25:00Z,46,8.789,,,Provisional/Provisoire,,
05EA012,2026-07-31T13:30:00Z,46,8.787,,,Provisional/Provisoire,,
05EA012,2026-07-31T13:35:00Z,46,8.788,,,Provisional/Provisoire,,
05EA012,2026-07-31T13:40:00Z,46,8.787,,,Provisional/Provisoire,,
05EA012,2026-07-31T13:45:00Z,46,8.787,,,Provisional/Provisoire,,
05EA012,2026-07-31T13:50:00Z,46,8.787,,,Provisional/Provisoire,,
05EA012,2026-07-31T13:55:00Z,46,8.785,,,Provisional/Provisoire,,
05EA012,2026-07-31T14:00:00Z,46,8.785,,,Provisional/Provisoire,,
05EA012,2026-07-31T14:05:00Z,46,8.783,,,Provisional/Provisoire,,
05EA012,2026-07-31T14:10:00Z,46,8.785,,,Provisional/Provisoire,,
05EA012,2026-07-31T14:15:00Z,46,8.783,,,Provisional/Provisoire,,
05EA012,2026-07-31T14:20:00Z,46,8.784,,,Provisional/Provisoire,,
05EA012,2026-07-31T14:25:00Z,46,8.784,,,Provisional/Provisoire,,
05EA012,2026-07-31T14:30:00Z,46,8.782,,,Provisional/Provisoire,,
05EA012,2026-07-31T14:35:00Z,46,8.782,,,Provisional/Provisoire,,
05EA012,2026-07-31T14:40:00Z,46,8.783,,,Provisional/Provisoire,,
05EA012,2026-07-31T14:45:00Z,46,8.781,,,Provisional/Provisoire,,
05EA012,2026-07-31T14:50:00Z,46,8.781,,,Provisional/Provisoire,,
05EA012,2026-07-31T14:55:00Z,46,8.779,,,Provisional/Provisoire,,
05EA012,2026-07-31T15:00:00Z,46,8.781,,,Provisional/Provisoire,,
05EA012,2026-07-31T15:05:00Z,46,8.779,,,Provisional/Provisoire,,
05EA012,2026-07-31T15:10:00Z,46,8.782,,,Provisional/Provisoire,,
05EA012,2026-07-31T15:15:00Z,46,8.781,,,Provisional/Provisoire,,
05EA012,2026-07-31T15:20:00Z,46,8.781,,,Provisional/Provisoire,,
05EA012,2026-07-31T15:25:00Z,46,8.782,,,Provisional/Provisoire,,
05EA012,2026-07-31T15:30:00Z,46,8.780,,,Provisional/Provisoire,,
05EA012,2026-07-31T15:35:00Z,46,8.781,,,Provisional/Provisoire,,
05EA012,2026-07-31T15:40:00Z,46,8.782,,,Provisional/Provisoire,,
05EA012,2026-07-31T15:45:00Z,46,8.781,,,Provisional/Provisoire,,
05EA012,2026-07-31T15:50:00Z,46,8.777,,,Provisional/Provisoire,,
05EA012,2026-07-31T15:55:00Z,46,8.779,,,Provisional/Provisoire,,
05EA012,2026-07-31T16:00:00Z,46,8.778,,,Provisional/Provisoire,,
05EA012,2026-07-31T16:05:00Z,46,8.778,,,Provisional/Provisoire,,
05EA012,2026-07-31T16:10:00Z,46,8.778,,,Provisional/Provisoire,,
05EA012,2026-07-31T16:15:00Z,46,8.777,,,Provisional/Provisoire,,
05EA012,2026-07-31T16:20:00Z,46,8.778,,,Provisional/Provisoire,,
05EA012,2026-07-31T16:25:00Z,46,8.778,,,Provisional/Provisoire,,
05EA012,2026-07-31T16:30:00Z,46,8.776,,,Provisional/Provisoire,,
05EA012,2026-07-31T16:35:00Z,46,8.776,,,Provisional/Provisoire,,
05EA012,2026-07-31T16:40:00Z,46,8.776,,,Provisional/Provisoire,,
05EA012,2026-07-31T16:45:00Z,46,8.777,,,Provisional/Provisoire,,
05EA012,2026-07-31T16:50:00Z,46,8.776,,,Provisional/Provisoire,,
05EA012,2026-07-31T16:55:00Z,46,8.774,,,Provisional/Provisoire,,
05EA012,2026-07-31T17:00:00Z,46,8.776,,,Provisional/Provisoire,,
05EA012,2026-07-31T17:05:00Z,46,8.774,,,Provisional/Provisoire,,
05EA012,2026-07-31T17:10:00Z,46,8.774,,,Provisional/Provisoire,,
05EA012,2026-07-31T17:15:00Z,46,8.774,,,Provisional/Provisoire,,
05EA012,2026-07-31T17:20:00Z,46,8.773,,,Provisional/Provisoire,,
05EA012,2026-07-31T17:25:00Z,46,8.773,,,Provisional/Provisoire,,
05EA012,2026-07-31T17:30:00Z,46,8.774,,,Provisional/Provisoire,,
05EA012,2026-07-31T17:35:00Z,46,8.774,,,Provisional/Provisoire,,
05EA012,2026-07-31T17:40:00Z,46,8.772,,,Provisional/Provisoire,,
05EA012,2026-07-31T17:45:00Z,46,8.771,,,Provisional/Provisoire,,
05EA012,2026-07-31T17:50:00Z,46,8.773,,,Provisional/Provisoire,,
05EA012,2026-07-31T17:55:00Z,46,8.767,,,Provisional/Provisoire,,
05EA012,2026-07-31T18:00:00Z,46,8.772,,,Provisional/Provisoire,,
05EA012,2026-07-31T18:05:00Z,46,8.772,,,Provisional/Provisoire,,
05EA012,2026-07-31T18:10:00Z,46,8.769,,,Provisional/Provisoire,,
05EA012,2026-07-31T18:15:00Z,46,8.771,,,Provisional/Provisoire,,
05EA012,2026-07-31T18:20:00Z,46,8.771,,,Provisional/Provisoire,,
05EA012,2026-07-31T18:25:00Z,46,8.769,,,Provisional/Provisoire,,
05EA012,2026-07-31T18:30:00Z,46,8.767,,,Provisional/Provisoire,,
05EA012,2026-07-31T18:35:00Z,46,8.770,,,Provisional/Provisoire,,
05EA012,2026-07-31T18:40:00Z,46,8.769,,,Provisional/Provisoire,,
05EA012,2026-07-31T18:45:00Z,46,8.766,,,Provisional/Provisoire,,
05EA012,2026-07-31T18:50:00Z,46,8.766,,,Provisional/Provisoire,,
05EA012,2026-07-31T18:55:00Z,46,8.769,,,Provisional/Provisoire,,
05EA012,2026-07-31T19:00:00Z,46,8.766,,,Provisional/Provisoire,,
05EA012,2026-07-31T19:05:00Z,46,8.765,,,Provisional/Provisoire,,
05EA012,2026-07-31T19:10:00Z,46,8.764,,,Provisional/Provisoire,,
05EA012,2026-07-31T19:15:00Z,46,8.768,,,Provisional/Provisoire,,
05EA012,2026-07-31T19:20:00Z,46,8.766,,,Provisional/Provisoire,,
05EA012,2026-07-31T19:25:00Z,46,8.765,,,Provisional/Provisoire,,
05EA012,2026-07-31T19:30:00Z,46,8.766,,,Provisional/Provisoire,,
05EA012,2026-07-31T19:35:00Z,46,8.764,,,Provisional/Provisoire,,
05EA012,2026-07-31T19:40:00Z,46,8.764,,,Provisional/Provisoire,,
05EA012,2026-07-31T19:45:00Z,46,8.764,,,Provisional/Provisoire,,
05EA012,2026-07-31T19:50:00Z,46,8.764,,,Provisional/Provisoire,,
05EA012,2026-07-31T19:55:00Z,46,8.764,,,Provisional/Provisoire,,
05EA012,2026-07-31T20:00:00Z,46,8.766,,,Provisional/Provisoire,,
05EA012,2026-07-31T20:05:00Z,46,8.762,,,Provisional/Provisoire,,
05EA012,2026-07-31T20:10:00Z,46,8.764,,,Provisional/Provisoire,,
05EA012,2026-07-31T20:15:00Z,46,8.763,,,Provisional/Provisoire,,
05EA012,2026-07-31T20:20:00Z,46,8.764,,,Provisional/Provisoire,,
05EA012,2026-07-31T20:25:00Z,46,8.764,,,Provisional/Provisoire,,
05EA012,2026-07-31T20:30:00Z,46,8.764,,,Provisional/Provisoire,,
05EA012,2026-07-31T20:35:00Z,46,8.764,,,Provisional/Provisoire,,
05EA012,2026-07-31T20:40:00Z,46,8.762,,,Provisional/Provisoire,,
05EA012,2026-07-31T20:45:00Z,46,8.762,,,Provisional/Provisoire,,
05EA012,2026-07-31T20:50:00Z,46,8.762,,,Provisional/Provisoire,,
05EA012,2026-07-31T20:55:00Z,46,8.762,,,Provisional/Provisoire,,
05EA012,2026-07-31T21:00:00Z,46,8.761,,,Provisional/Provisoire,,
05EA012,2026-07-31T21:05:00Z,46,8.761,,,Provisional/Provisoire,,
05EA012,2026-07-31T21:10:00Z,46,8.763,,,Provisional/Provisoire,,
05EA012,2026-07-31T21:15:00Z,46,8.761,,,Provisional/Provisoire,,
05EA012,2026-07-31T21:20:00Z,46,8.760,,,Provisional/Provisoire,,
05EA012,2026-07-31T21:25:00Z,46,8.762,,,Provisional/Provisoire,,
05EA012,2026-07-31T21:30:00Z,46,8.760,,,Provisional/Provisoire,,
05EA012,2026-07-31T21:35:00Z,46,8.761,,,Provisional/Provisoire,,
05EA012,2026-07-31T21:40:00Z,46,8.761,,,Provisional/Provisoire,,
05EA012,2026-07-31T21:45:00Z,46,8.759,,,Provisional/Provisoire,,
05EA012,2026-07-31T21:50:00Z,46,8.760,,,Provisional/Provisoire,,
05EA012,2026-07-31T21:55:00Z,46,8.760,,,Provisional/Provisoire,,
05EA012,2026-07-31T22:00:00Z,46,8.761,,,Provisional/Provisoire,,
05EA012,2026-07-31T22:05:00Z,46,8.761,,,Provisional/Provisoire,,
05EA012,2026-07-31T22:10:00Z,46,8.760,,,Provisional/Provisoire,,
05EA012,2026-07-31T22:15:00Z,46,8.757,,,Provisional/Provisoire,,
05EA012,2026-07-31T22:20:00Z,46,8.760,,,Provisional/Provisoire,,
05EA012,2026-07-31T22:25:00Z,46,8.758,,,Provisional/Provisoire,,
05EA012,2026-07-31T22:30:00Z,46,8.760,,,Provisional/Provisoire,,
05EA012,2026-07-31T22:35:00Z,46,8.760,,,Provisional/Provisoire,,
05EA012,2026-07-31T22:40:00Z,46,8.759,,,Provisional/Provisoire,,
05EA012,2026-07-31T22:45:00Z,46,8.760,,,Provisional/Provisoire,,
05EA012,2026-07-31T22:50:00Z,46,8.759,,,Provisional/Provisoire,,
05EA012,2026-07-31T22:55:00Z,46,8.757,,,Provisional/Provisoire,,
05EA012,2026-07-31T23:00:00Z,46,8.756,,,Provisional/Provisoire,,
05EA012,2026-07-31T23:05:00Z,46,8.757,,,Provisional/Provisoire,,
05EA012,2026-07-31T23:10:00Z,46,8.757,,,Provisional/Provisoire,,
05EA012,2026-07-31T23:15:00Z,46,8.756,,,Provisional/Provisoire,,
05EA012,2026-07-31T23:20:00Z,46,8.757,,,Provisional/Provisoire,,
05EA012,2026-07-31T23:25:00Z,46,8.757,,,Provisional/Provisoire,,
05EA012,2026-07-31T23:30:00Z,46,8.755,,,Provisional/Provisoire,,
05EA012,2026-07-31T23:35:00Z,46,8.755,,,Provisional/Provisoire,,
05EA012,2026-07-31T23:40:00Z,46,8.755,,,Provisional/Provisoire,,
05EA012,2026-07-31T23:45:00Z,46,8.754,,,Provisional/Provisoire,,
05EA012,2026-07-31T23:50:00Z,46,8.755,,,Provisional/Provisoire,,
05EA012,2026-07-31T23:55:00Z,46,8.753,,,Provisional/Provisoire,,
05EA012,2026-08-01T00:00:00Z,46,8.755,,,Provisional/Provisoire,,
05EA012,2026-08-01T00:05:00Z,46,8.753,,,Provisional/Provisoire,,
05EA012,2026-08-01T00:10:00Z,46,8.755,,,Provisional/Provisoire,,
05EA012,2026-08-01T00:15:00Z,46,8.754,,,Provisional/Provisoire,,
05EA012,2026-08-01T00:20:00Z,46,8.753,,,Provisional/Provisoire,,
05EA012,2026-08-01T00:25:00Z,46,8.752,,,Provisional/Provisoire,,
05EA012,2026-08-01T00:30:00Z,46,8.754,,,Provisional/Provisoire,,
05EA012,2026-08-01T00:35:00Z,46,8.753,,,Provisional/Provisoire,,
05EA012,2026-08-01T00:40:00Z,46,8.752,,,Provisional/Provisoire,,
05EA012,2026-08-01T00:45:00Z,46,8.752,,,Provisional/Provisoire,,
05EA012,2026-08-01T00:50:00Z,46,8.753,,,Provisional/Provisoire,,
05EA012,2026-08-01T00:55:00Z,46,8.751,,,Provisional/Provisoire,,
05EA012,2026-08-01T01:00:00Z,46,8.753,,,Provisional/Provisoire,,
05EA012,2026-08-01T01:05:00Z,46,8.752,,,Provisional/Provisoire,,
05EA012,2026-08-01T01:10:00Z,46,8.751,,,Provisional/Provisoire,,
05EA012,2026-08-01T01:15:00Z,46,8.752,,,Provisional/Provisoire,,
05EA012,2026-08-01T01:20:00Z,46,8.751,,,Provisional/Provisoire,,
05EA012,2026-08-01T01:25:00Z,46,8.749,,,Provisional/Provisoire,,
05EA012,2026-08-01T01:30:00Z,46,8.750,,,Provisional/Provisoire,,
05EA012,2026-08-01T01:35:00Z,46,8.750,,,Provisional/Provisoire,,
05EA012,2026-08-01T01:40:00Z,46,8.751,,,Provisional/Provisoire,,
05EA012,2026-08-01T01:45:00Z,46,8.751,,,Provisional/Provisoire,,
05EA012,2026-08-01T01:50:00Z,46,8.749,,,Provisional/Provisoire,,
05EA012,2026-08-01T01:55:00Z,46,8.749,,,Provisional/Provisoire,,
05EA012,2026-08-01T02:00:00Z,46,8.748,,,Provisional/Provisoire,,
05EA012,2026-08-01T02:05:00Z,46,8.750,,,Provisional/Provisoire,,
05EA012,2026-08-01T02:10:00Z,46,8.749,,,Provisional/Provisoire,,
05EA012,2026-08-01T02:15:00Z,46,8.747,,,Provisional/Provisoire,,
05EA012,2026-08-01T02:20:00Z,46,8.748,,,Provisional/Provisoire,,
05EA012,2026-08-01T02:25:00Z,46,8.746,,,Provisional/Provisoire,,
05EA012,2026-08-01T02:30:00Z,46,8.745,,,Provisional/Provisoire,,
05EA012,2026-08-01T02:35:00Z,46,8.746,,,Provisional/Provisoire,,
05EA012,2026-08-01T02:40:00Z,46,8.746,,,Provisional/Provisoire,,
05EA012,2026-08-01T02:45:00Z,46,8.747,,,Provisional/Provisoire,,
05EA012,2026-08-01T02:50:00Z,46,8.744,,,Provisional/Provisoire,,
05EA012,2026-08-01T02:55:00Z,46,8.746,,,Provisional/Provisoire,,
05EA012,2026-08-01T03:00:00Z,46,8.745,,,Provisional/Provisoire,,
05EA012,2026-08-01T03:05:00Z,46,8.744,,,Provisional/Provisoire,,
05EA012,2026-08-01T03:10:00Z,46,8.745,,,Provisional/Provisoire,,
05EA012,2026-08-01T03:15:00Z,46,8.743,,,Provisional/Provisoire,,
05EA012,2026-08-01T03:20:00Z,46,8.743,,,Provisional/Provisoire,,
05EA012,2026-08-01T03:25:00Z,46,8.743,,,Provisional/Provisoire,,
05EA012,2026-08-01T03:30:00Z,46,8.742,,,Provisional/Provisoire,,
05EA012,2026-08-01T03:35:00Z,46,8.741,,,Provisional/Provisoire,,
05EA012,2026-08-01T03:40:00Z,46,8.743,,,Provisional/Provisoire,,
05EA012,2026-08-01T03:45:00Z,46,8.743,,,Provisional/Provisoire,,
05EA012,2026-08-01T03:50:00Z,46,8.741,,,Provisional/Provisoire,,
05EA012,2026-08-01T03:55:00Z,46,8.740,,,Provisional/Provisoire,,
05EA012,2026-08-01T04:00:00Z,46,8.740,,,Provisional/Provisoire,,
05EA012,2026-08-01T04:05:00Z,46,8.740,,,Provisional/Provisoire,,
05EA012,2026-08-01T04:10:00Z,46,8.741,,,Provisional/Provisoire,,
05EA012,2026-08-01T04:15:00Z,46,8.739,,,Provisional/Provisoire,,
05EA012,2026-08-01T04:20:00Z,46,8.740,,,Provisional/Provisoire,,
05EA012,2026-08-01T04:25:00Z,46,8.739,,,Provisional/Provisoire,,
05EA012,2026-08-01T04:30:00Z,46,8.740,,,Provisional/Provisoire,,
05EA012,2026-08-01T04:35:00Z,46,8.740,,,Provisional/Provisoire,,
05EA012,2026-08-01T04:40:00Z,46,8.741,,,Provisional/Provisoire,,
05EA012,2026-08-01T04:45:00Z,46,8.739,,,Provisional/Provisoire,,
05EA012,2026-08-01T04:50:00Z,46,8.740,,,Provisional/Provisoire,,
05EA012,2026-08-01T04:55:00Z,46,8.741,,,Provisional/Provisoire,,
05EA012,2026-08-01T05:00:00Z,46,8.738,,,Provisional/Provisoire,,
05EA012,2026-08-01T05:05:00Z,46,8.739,,,Provisional/Provisoire,,
05EA012,2026-08-01T05:10:00Z,46,8.739,,,Provisional/Provisoire,,
05EA012,2026-08-01T05:15:00Z,46,8.740,,,Provisional/Provisoire,,
05EA012,2026-08-01T05:20:00Z,46,8.738,,,Provisional/Provisoire,,
05EA012,2026-08-01T05:25:00Z,46,8.738,,,Provisional/Provisoire,,
05EA012,2026-08-01T05:30:00Z,46,8.739,,,Provisional/Provisoire,,
05EA012,2026-08-01T05:35:00Z,46,8.738,,,Provisional/Provisoire,,
05EA012,2026-08-01T05:40:00Z,46,8.737,,,Provisional/Provisoire,,
05EA012,2026-08-01T05:45:00Z,46,8.737,,,Provisional/Provisoire,,
05EA012,2026-08-01T05:50:00Z,46,8.738,,,Provisional/Provisoire,,
05EA012,2026-08-01T05:55:00Z,46,8.739,,,Provisional/Provisoire,,
05EA012,2026-08-01T06:00:00Z,46,8.739,,,Provisional/Provisoire,,
05EA012,2026-08-01T06:05:00Z,46,8.737,,,Provisional/Provisoire,,
05EA012,2026-08-01T06:10:00Z,46,8.738,,,Provisional/Provisoire,,
05EA012,2026-08-01T06:15:00Z,46,8.739,,,Provisional/Provisoire,,
05EA012,2026-08-01T06:20:00Z,46,8.737,,,Provisional/Provisoire,,
05EA012,2026-08-01T06:25:00Z,46,8.739,,,Provisional/Provisoire,,
05EA012,2026-08-01T06:30:00Z,46,8.739,,,Provisional/Provisoire,,
05EA012,2026-08-01T06:35:00Z,46,8.738,,,Provisional/Provisoire,,
05EA012,2026-08-01T06:40:00Z,46,8.738,,,Provisional/Provisoire,,
05EA012,2026-08-01T06:45:00Z,46,8.736,,,Provisional/Provisoire,,
05EA012,2026-08-01T06:50:00Z,46,8.736,,,Provisional/Provisoire,,
05EA012,2026-08-01T06:55:00Z,46,8.738,,,Provisional/Provisoire,,
05EA012,2026-08-01T07:00:00Z,46,8.735,,,Provisional/Provisoire,,
05EA012,2026-08-01T07:05:00Z,46,8.737,,,Provisional/Provisoire,,
05EA012,2026-08-01T07:10:00Z,46,8.735,,,Provisional/Provisoire,,
05EA012,2026-08-01T07:15:00Z,46,8.738,,,Provisional/Provisoire,,
05EA012,2026-08-01T07:20:00Z,46,8.736,,,Provisional/Provisoire,,
05EA012,2026-08-01T07:25:00Z,46,8.736,,,Provisional/Provisoire,,
05EA012,2026-08-01T07:30:00Z,46,8.737,,,Provisional/Provisoire,,
05EA012,2026-08-01T07:35:00Z,46,8.736,,,Provisional/Provisoire,,
05EA012,2026-08-01T07:40:00Z,46,8.737,,,Provisional/Provisoire,,
05EA012,2026-08-01T07:45:00Z,46,8.737,,,Provisional/Provisoire,,
05EA012,2026-08-01T07:50:00Z,46,8.736,,,Provisional/Provisoire,,
05EA012,2026-08-01T07:55:00Z,46,8.736,,,Provisional/Provisoire,,
05EA012,2026-08-01T08:00:00Z,46,8.738,,,Provisional/Provisoire,,
05EA012,2026-08-01T08:05:00Z,46,8.738,,,Provisional/Provisoire,,
05EA012,2026-08-01T08:10:00Z,46,8.737,,,Provisional/Provisoire,,
05EA012,2026-08-01T08:15:00Z,46,8.737,,,Provisional/Provisoire,,
05EA012,2026-08-01T08:20:00Z,46,8.736,,,Provisional/Provisoire,,
05EA012,2026-08-01T08:25:00Z,46,8.735,,,Provisional/Provisoire,,
05EA012,2026-08-01T08:30:00Z,46,8.735,,,Provisional/Provisoire,,
05EA012,2026-08-01T08:35:00Z,46,8.734,,,Provisional/Provisoire,,
05EA012,2026-08-01T08:40:00Z,46,8.736,,,Provisional/Provisoire,,
05EA012,2026-08-01T08:45:00Z,46,8.736,,,Provisional/Provisoire,,
05EA012,2026-08-01T08:50:00Z,46,8.734,,,Provisional/Provisoire,,
05EA012,2026-08-01T08:55:00Z,46,8.736,,,Provisional/Provisoire,,
05EA012,2026-08-01T09:00:00Z,46,8.734,,,Provisional/Provisoire,,
05EA012,2026-08-01T09:05:00Z,46,8.734,,,Provisional/Provisoire,,
05EA012,2026-08-01T09:10:00Z,46,8.734,,,Provisional/Provisoire,,
05EA012,2026-08-01T09:15:00Z,46,8.733,,,Provisional/Provisoire,,
05EA012,2026-08-01T09:20:00Z,46,8.732,,,Provisional/Provisoire,,
05EA012,2026-08-01T09:25:00Z,46,8.734,,,Provisional/Provisoire,,
05EA012,2026-08-01T09:30:00Z,46,8.733,,,Provisional/Provisoire,,
05EA012,2026-08-01T09:35:00Z,46,8.733,,,Provisional/Provisoire,,
05EA012,2026-08-01T09:40:00Z,46,8.732,,,Provisional/Provisoire,,
05EA012,2026-08-01T09:45:00Z,46,8.731,,,Provisional/Provisoire,,
05EA012,2026-08-01T09:50:00Z,46,8.733,,,Provisional/Provisoire,,
05EA012,2026-08-01T09:55:00Z,46,8.731,,,Provisional/Provisoire,,
05EA012,2026-08-01T10:00:00Z,46,8.731,,,Provisional/Provisoire,,
05EA012,2026-08-01T10:05:00Z,46,8.731,,,Provisional/Provisoire,,
05EA012,2026-08-01T10:10:00Z,46,8.732,,,Provisional/Provisoire,,
05EA012,2026-08-01T10:15:00Z,46,8.730,,,Provisional/Provisoire,,
05EA012,2026-08-01T10:20:00Z,46,8.730,,,Provisional/Provisoire,,
05EA012,2026-08-01T10:25:00Z,46,8.731,,,Provisional/Provisoire,,
05EA012,2026-08-01T10:30:00Z,46,8.731,,,Provisional/Provisoire,,
05EA012,2026-08-01T10:35:00Z,46,8.729,,,Provisional/Provisoire,,
05EA012,2026-08-01T10:40:00Z,46,8.729,,,Provisional/Provisoire,,
05EA012,2026-08-01T10:45:00Z,46,8.731,,,Provisional/Provisoire,,
05EA012,2026-08-01T10:50:00Z,46,8.730,,,Provisional/Provisoire,,
05EA012,2026-08-01T10:55:00Z,46,8.730,,,Provisional/Provisoire,,
05EA012,2026-08-01T11:00:00Z,46,8.729,,,Provisional/Provisoire,,
05EA012,2026-08-01T11:05:00Z,46,8.729,,,Provisional/Provisoire,,
05EA012,2026-08-01T11:10:00Z,46,8.730,,,Provisional/Provisoire,,
05EA012,2026-08-01T11:15:00Z,46,8.729,,,Provisional/Provisoire,,
05EA012,2026-08-01T11:20:00Z,46,8.730,,,Provisional/Provisoire,,
05EA012,2026-08-01T11:25:00Z,46,8.729,,,Provisional/Provisoire,,
05EA012,2026-08-01T11:30:00Z,46,8.726,,,Provisional/Provisoire,,
05EA012,2026-08-01T11:35:00Z,46,8.727,,,Provisional/Provisoire,,
05EA012,2026-08-01T11:40:00Z,46,8.728,,,Provisional/Provisoire,,
05EA012,2026-08-01T11:45:00Z,46,8.728,,,Provisional/Provisoire,,
05EA012,2026-08-01T11:50:00Z,46,8.726,,,Provisional/Provisoire,,
05EA012,2026-08-01T11:55:00Z,46,8.727,,,Provisional/Provisoire,,
05EA012,2026-08-01T12:00:00Z,46,8.725,,,Provisional/Provisoire,,
05EA012,2026-08-01T12:05:00Z,46,8.724,,,Provisional/Provisoire,,
05EA012,2026-08-01T12:10:00Z,46,8.725,,,Provisional/Provisoire,,
05EA012,2026-08-01T12:15:00Z,46,8.725,,,Provisional/Provisoire,,
05EA012,2026-08-01T12:20:00Z,46,8.724,,,Provisional/Provisoire,,
05EA012,2026-08-01T12:25:00Z,46,8.724,,,Provisional/Provisoire,,
05EA012,2026-08-01T12:30:00Z,46,8.725,,,Provisional/Provisoire,,
05EA012,2026-08-01T12:35:00Z,46,8.723,,,Provisional/Provisoire,,
05EA012,2026-08-01T12:40:00Z,46,8.723,,,Provisional/Provisoire,,
05EA012,2026-08-01T12:45:00Z,46,8.722,,,Provisional/Provisoire,,
05EA012,2026-08-01T12:50:00Z,46,8.722,,,Provisional/Provisoire,,
05EA012,2026-08-01T12:55:00Z,46,8.724,,,Provisional/Provisoire,,
05EA012,2026-08-01T13:00:00Z,46,8.722,,,Provisional/Provisoire,,
05EA012,2026-08-01T13:05:00Z,46,8.723,,,Provisional/Provisoire,,
05EA012,2026-08-01T13:10:00Z,46,8.724,,,Provisional/Provisoire,,
05EA012,2026-08-01T13:15:00Z,46,8.722,,,Provisional/Provisoire,,
05EA012,2026-08-01T13:20:00Z,46,8.721,,,Provisional/Provisoire,,
05EA012,2026-08-01T13:25:00Z,46,8.721,,,Provisional/Provisoire,,
05EA012,2026-08-01T13:30:00Z,46,8.721,,,Provisional/Provisoire,,
05EA012,2026-08-01T13:35:00Z,46,8.722,,,Provisional/Provisoire,,
05EA012,2026-08-01T13:40:00Z,46,8.723,,,Provisional/Provisoire,,
05EA012,2026-08-01T13:45:00Z,46,8.722,,,Provisional/Provisoire,,
05EA012,2026-08-01T13:50:00Z,46,8.722,,,Provisional/Provisoire,,
05EA012,2026-08-01T13:55:00Z,46,8.721,,,Provisional/Provisoire,,
05EA012,2026-08-01T14:00:00Z,46,8.720,,,Provisional/Provisoire,,
05EA012,2026-08-01T14:05:00Z,46,8.721,,,Provisional/Provisoire,,
05EA012,2026-08-01T14:10:00Z,46,8.720,,,Provisional/Provisoire,,
05EA012,2026-08-01T14:15:00Z,46,8.719,,,Provisional/Provisoire,,
05EA012,2026-08-01T14:20:00Z,46,8.719,,,Provisional/Provisoire,,
05EA012,2026-08-01T14:25:00Z,46,8.720,,,Provisional/Provisoire,,
05EA012,2026-08-01T14:30:00Z,46,8.718,,,Provisional/Provisoire,,
05EA012,2026-08-01T14:35:00Z,46,8.720,,,Provisional/Provisoire,,
05EA012,2026-08-01T14:40:00Z,46,8.717,,,Provisional/Provisoire,,
05EA012,2026-08-01T14:45:00Z,46,8.718,,,Provisional/Provisoire,,
05EA012,2026-08-01T14:50:00Z,46,8.718,,,Provisional/Provisoire,,
05EA012,2026-08-01T14:55:00Z,46,8.718,,,Provisional/Provisoire,,
05EA012,2026-08-01T15:00:00Z,46,8.718,,,Provisional/Provisoire,,
05EA012,2026-08-01T15:05:00Z,46,8.719,,,Provisional/Provisoire,,
05EA012,2026-08-01T15:10:00Z,46,8.718,,,Provisional/Provisoire,,
05EA012,2026-08-01T15:15:00Z,46,8.717,,,Provisional/Provisoire,,
05EA012,2026-08-01T15:20:00Z,46,8.717,,,Provisional/Provisoire,,
05EA012,2026-08-01T15:25:00Z,46,8.717,,,Provisional/Provisoire,,
05EA012,2026-08-01T15:30:00Z,46,8.717,,,Provisional/Provisoire,,
05EA012,2026-08-01T15:35:00Z,46,8.718,,,Provisional/Provisoire,,
05EA012,2026-08-01T15:40:00Z,46,8.718,,,Provisional/Provisoire,,
05EA012,2026-08-01T15:45:00Z,46,8.717,,,Provisional/Provisoire,,
05EA012,2026-08-01T15:50:00Z,46,8.716,,,Provisional/Provisoire,,
05EA012,2026-08-01T15:55:00Z,46,8.715,,,Provisional/Provisoire,,
05EA012,2026-08-01T16:00:00Z,46,8.716,,,Provisional/Provisoire,,
05EA012,2026-08-01T16:05:00Z,46,8.715,,,Provisional/Provisoire,,
05EA012,2026-08-01T16:10:00Z,46,8.717,,,Provisional/Provisoire,,
05EA012,2026-08-01T16:15:00Z,46,8.717,,,Provisional/Provisoire,,
05EA012,2026-08-01T16:20:00Z,46,8.716,,,Provisional/Provisoire,,
05EA012,2026-08-01T16:25:00Z,46,8.715,,,Provisional/Provisoire,,
05EA012,2026-08-01T16:30:00Z,46,8.717,,,Provisional/Provisoire,,
05EA012,2026-08-01T16:35:00Z,46,8.715,,,Provisional/Provisoire,,
05EA012,2026-08-01T16:40:00Z,46,8.714,,,Provisional/Provisoire,,
05EA012,2026-08-01T16:45:00Z,46,8.714,,,Provisional/Provisoire,,
05EA012,2026-08-01T16:50:00Z,46,8.715,,,Provisional/Provisoire,,
05EA012,2026-08-01T16:55:00Z,46,8.714,,,Provisional/Provisoire,,
05EA012,2026-08-01T17:00:00Z,46,8.715,,,Provisional/Provisoire,,
05EA012,2026-08-01T17:05:00Z,46,8.713,,,Provisional/Provisoire,,
05EA012,2026-08-01T17:10:00Z,46,8.715,,,Provisional/Provisoire,,
05EA012,2026-08-01T17:15:00Z,46,8.714,,,Provisional/Provisoire,,
05EA012,2026-08-01T17:20:00Z,46,8.713,,,Provisional/Provisoire,,
05EA012,2026-08-01T17:25:00Z,46,8.714,,,Provisional/Provisoire,,
05EA012,2026-08-01T17:30:00Z,46,8.713,,,Provisional/Provisoire,,
05EA012,2026-08-01T17:35:00Z,46,8.712,,,Provisional/Provisoire,,
05EA012,2026-08-01T17:40:00Z,46,8.712,,,Provisional/Provisoire,,
05EA012,2026-08-01T17:45:00Z,46,8.712,,,Provisional/Provisoire,,
05EA012,2026-08-01T17:50:00Z,46,8.712,,,Provisional/Provisoire,,
05EA012,2026-08-01T17:55:00Z,46,8.712,,,Provisional/Provisoire,,
05EA012,2026-08-01T18:00:00Z,46,8.713,,,Provisional/Provisoire,,
05EA012,2026-08-01T18:05:00Z,46,8.712,,,Provisional/Provisoire,,
05EA012,2026-08-01T18:10:00Z,46,8.712,,,Provisional/Provisoire,,
05EA012,2026-08-01T18:15:00Z,46,8.711,,,Provisional/Provisoire,,
05EA012,2026-08-01T18:20:00Z,46,8.712,,,Provisional/Provisoire,,
05EA012,2026-08-01T18:25:00Z,46,8.711,,,Provisional/Provisoire,,
05EA012,2026-08-01T18:30:00Z,46,8.711,,,Provisional/Provisoire,,
05EA012,2026-08-01T18:35:00Z,46,8.711,,,Provisional/Provisoire,,
05EA012,2026-08-01T18:40:00Z,46,8.710,,,Provisional/Provisoire,,
05EA012,2026-08-01T18:45:00Z,46,8.710,,,Provisional/Provisoire,,
05EA012,2026-08-01T18:50:00Z,46,8.712,,,Provisional/Provisoire,,
05EA012,2026-08-01T18:55:00Z,46,8.710,,,Provisional/Provisoire,,
05EA012,2026-08-01T19:00:00Z,46,8.712,,,Provisional/Provisoire,,
05EA012,2026-08-01T19:05:00Z,46,8.710,,,Provisional/Provisoire,,
05EA012,2026-08-01T19:10:00Z,46,8.710,,,Provisional/Provisoire,,
05EA012,2026-08-01T19:15:00Z,46,8.709,,,Provisional/Provisoire,,
05EA012,2026-08-01T19:20:00Z,46,8.711,,,Provisional/Provisoire,,
05EA012,2026-08-01T19:25:00Z,46,8.710,,,Provisional/Provisoire,,
05EA012,2026-08-01T19:30:00Z,46,8.710,,,Provisional/Provisoire,,
05EA012,2026-08-01T19:35:00Z,46,8.709,,,Provisional/Provisoire,,
05EA012,2026-08-01T19:40:00Z,46,8.711,,,Provisional/Provisoire,,
05EA012,2026-08-01T19:45:00Z,46,8.710,,,Provisional/Provisoire,,
05EA012,2026-08-01T19:50:00Z,46,8.709,,,Provisional/Provisoire,,
05EA012,2026-08-01T19:55:00Z,46,8.711,,,Provisional/Provisoire,,
05EA012,2026-08-01T20:00:00Z,46,8.710,,,Provisional/Provisoire,,
05EA012,2026-08-01T20:05:00Z,46,8.709,,,Provisional/Provisoire,,
05EA012,2026-08-01T20:10:00Z,46,8.710,,,Provisional/Provisoire,,
05EA012,2026-08-01T20:15:00Z,46,8.709,,,Provisional/Provisoire,,
05EA012,2026-08-01T20:20:00Z,46,8.711,,,Provisional/Provisoire,,
05EA012,2026-08-01T20:25:00Z,46,8.710,,,Provisional/Provisoire,,
05EA012,2026-08-01T20:30:00Z,46,8.709,,,Provisional/Provisoire,,
05EA012,2026-08-01T20:35:00Z,46,8.709,,,Provisional/Provisoire,,
05EA012,2026-08-01T20:40:00Z,46,8.710,,,Provisional/Provisoire,,
05EA012,2026-08-01T20:45:00Z,46,8.709,,,Provisional/Provisoire,,
05EA012,2026-08-01T20:50:00Z,46,8.709,,,Provisional/Provisoire,,
05EA012,2026-08-01T20:55:00Z,46,8.710,,,Provisional/Provisoire,,
05EA012,2026-08-01T21:00:00Z,46,8.708,,,Provisional/Provisoire,,
05EA012,2026-08-01T21:05:00Z,46,8.708,,,Provisional/Provisoire,,
05EA012,2026-08-01T21:10:00Z,46,8.710,,,Provisional/Provisoire,,
05EA012,2026-08-01T21:15:00Z,46,8.709,,,Provisional/Provisoire,,
05EA012,2026-08-01T21:20:00Z,46,8.709,,,Provisional/Provisoire,,
05EA012,2026-08-01T21:25:00Z,46,8.708,,,Provisional/Provisoire,,
05EA012,2026-08-01T21:30:00Z,46,8.709,,,Provisional/Provisoire,,
05EA012,2026-08-01T21:35:00Z,46,8.708,,,Provisional/Provisoire,,
05EA012,2026-08-01T21:40:00Z,46,8.710,,,Provisional/Provisoire,,
05EA012,2026-08-01T21:45:00Z,46,8.710,,,Provisional/Provisoire,,
05EA012,2026-08-01T21:50:00Z,46,8.708,,,Provisional/Provisoire,,
05EA012,2026-08-01T21:55:00Z,46,8.707,,,Provisional/Provisoire,,
05EA012,2026-08-01T22:00:00Z,46,8.710,,,Provisional/Provisoire,,
05EA012,2026-08-01T22:05:00Z,46,8.708,,,Provisional/Provisoire,,
05EA012,2026-08-01T22:10:00Z,46,8.708,,,Provisional/Provisoire,,
05EA012,2026-08-01T22:15:00Z,46,8.707,,,Provisional/Provisoire,,
05EA012,2026-08-01T22:20:00Z,46,8.710,,,Provisional/Provisoire,,
05EA012,2026-08-01T22:25:00Z,46,8.707,,,Provisional/Provisoire,,
05EA012,2026-08-01T22:30:00Z,46,8.708,,,Provisional/Provisoire,,
05EA012,2026-08-01T22:35:00Z,46,8.708,,,Provisional/Provisoire,,
05EA012,2026-08-01T22:40:00Z,46,8.709,,,Provisional/Provisoire,,
05EA012,2026-08-01T22:45:00Z,46,8.709,,,Provisional/Provisoire,,
05EA012,2026-08-01T22:50:00Z,46,8.707,,,Provisional/Provisoire,,
05EA012,2026-08-01T22:55:00Z,46,8.707,,,Provisional/Provisoire,,
05EA012,2026-08-01T23:00:00Z,46,8.708,,,Provisional/Provisoire,,
05EA012,2026-08-01T23:05:00Z,46,8.707,,,Provisional/Provisoire,,
05EA012,2026-08-01T23:10:00Z,46,8.707,,,Provisional/Provisoire,,
05EA012,2026-08-01T23:15:00Z,46,8.707,,,Provisional/Provisoire,,
05EA012,2026-08-01T23:20:00Z,46,8.708,,,Provisional/Provisoire,,
05EA012,2026-08-01T23:25:00Z,46,8.708,,,Provisional/Provisoire,,
05EA012,2026-08-01T23:30:00Z,46,8.707,,,Provisional/Provisoire,,
05EA012,2026-08-01T23:35:00Z,46,8.707,,,Provisional/Provisoire,,
05EA012,2026-08-01T23:40:00Z,46,8.709,,,Provisional/Provisoire,,
05EA012,2026-08-01T23:45:00Z,46,8.707,,,Provisional/Provisoire,,
05EA012,2026-08-01T23:50:00Z,46,8.707,,,Provisional/Provisoire,,
05EA012,2026-08-01T23:55:00Z,46,8.709,,,Provisional/Provisoire,,
05EA012,2026-08-02T00:00:00Z,46,8.708,,,Provisional/Provisoire,,
05EA012,2026-08-02T00:05:00Z,46,8.707,,,Provisional/Provisoire,,
05EA012,2026-08-02T00:10:00Z,46,8.707,,,Provisional/Provisoire,,
05EA012,2026-08-02T00:15:00Z,46,8.707,,,Provisional/Provisoire,,
05EA012,2026-08-02T00:20:00Z,46,8.709,,,Provisional/Provisoire,,
05EA012,2026-08-02T00:25:00Z,46,8.709,,,Provisional/Provisoire,,
05EA012,2026-08-02T00:30:00Z,46,8.708,,,Provisional/Provisoire,,
05EA012,2026-08-02T00:35:00Z,46,8.708,,,Provisional/Provisoire,,
05EA012,2026-08-02T00:40:00Z,46,8.708,,,Provisional/Provisoire,,
05EA012,2026-08-02T00:45:00Z,46,8.706,,,Provisional/Provisoire,,
05EA012,2026-08-02T00:50:00Z,46,8.707,,,Provisional/Provisoire,,
05EA012,2026-08-02T00:55:00Z,46,8.706,,,Provisional/Provisoire,,
05EA012,2026-08-02T01:00:00Z,46,8.708,,,Provisional/Provisoire,,
05EA012,2026-08-02T01:05:00Z,46,8.708,,,Provisional/Provisoire,,
05EA012,2026-08-02T01:10:00Z,46,8.708,,,Provisional/Provisoire,,
05EA012,2026-08-02T01:15:00Z,46,8.706,,,Provisional/Provisoire,,
05EA012,2026-08-02T01:20:00Z,46,8.707,,,Provisional/Provisoire,,
05EA012,2026-08-02T01:25:00Z,46,8.706,,,Provisional/Provisoire,,
05EA012,2026-08-02T01:30:00Z,46,8.708,,,Provisional/Provisoire,,
05EA012,2026-08-02T01:35:00Z,46,8.708,,,Provisional/Provisoire,,
05EA012,2026-08-02T01:40:00Z,46,8.706,,,Provisional/Provisoire,,
05EA012,2026-08-02T01:45:00Z,46,8.705,,,Provisional/Provisoire,,
05EA012,2026-08-02T01:50:00Z,46,8.706,,,Provisional/Provisoire,,
05EA012,2026-08-02T01:55:00Z,46,8.707,,,Provisional/Provisoire,,
05EA012,2026-08-02T02:00:00Z,46,8.707,,,Provisional/Provisoire,,
05EA012,2026-08-02T02:05:00Z,46,8.707,,,Provisional/Provisoire,,
05EA012,2026-08-02T02:10:00Z,46,8.707,,,Provisional/Provisoire,,
05EA012,2026-08-02T02:15:00Z,46,8.706,,,Provisional/Provisoire,,
05EA012,2026-08-02T02:20:00Z,46,8.706,,,Provisional/Provisoire,,
05EA012,2026-08-02T02:25:00Z,46,8.706,,,Provisional/Provisoire,,
05EA012,2026-08-02T02:30:00Z,46,8.705,,,Provisional/Provisoire,,
05EA012,2026-08-02T02:35:00Z,46,8.705,,,Provisional/Provisoire,,
05EA012,2026-08-02T02:40:00Z,46,8.707,,,Provisional/Provisoire,,
05EA012,2026-08-02T02:45:00Z,46,8.706,,,Provisional/Provisoire,,
05EA012,2026-08-02T02:50:00Z,46,8.706,,,Provisional/Provisoire,,
05EA012,2026-08-02T02:55:00Z,46,8.704,,,Provisional/Provisoire,,
05EA012,2026-08-02T03:00:00Z,46,8.704,,,Provisional/Provisoire,,
05EA012,2026-08-02T03:05:00Z,46,8.706,,,Provisional/Provisoire,,
05EA012,2026-08-02T03:10:00Z,46,8.704,,,Provisional/Provisoire,,
05EA012,2026-08-02T03:15:00Z,46,8.704,,,Provisional/Provisoire,,
05EA012,2026-08-02T03:20:00Z,46,8.705,,,Provisional/Provisoire,,
05EA012,2026-08-02T03:25:00Z,46,8.704,,,Provisional/Provisoire,,
05EA012,2026-08-02T03:30:00Z,46,8.704,,,Provisional/Provisoire,,
05EA012,2026-08-02T03:35:00Z,46,8.703,,,Provisional/Provisoire,,
05EA012,2026-08-02T03:40:00Z,46,8.704,,,Provisional/Provisoire,,
05EA012,2026-08-02T03:45:00Z,46,8.703,,,Provisional/Provisoire,,
05EA012,2026-08-02T03:50:00Z,46,8.704,,,Provisional/Provisoire,,
05EA012,2026-08-02T03:55:00Z,46,8.704,,,Provisional/Provisoire,,
05EA012,2026-08-02T04:00:00Z,46,8.704,,,Provisional/Provisoire,,
05EA012,2026-08-02T04:05:00Z,46,8.703,,,Provisional/Provisoire,,
05EA012,2026-08-02T04:10:00Z,46,8.705,,,Provisional/Provisoire,,
05EA012,2026-08-02T04:15:00Z,46,8.703,,,Provisional/Provisoire,,
05EA012,2026-08-02T04:20:00Z,46,8.705,,,Provisional/Provisoire,,
05EA012,2026-08-02T04:25:00Z,46,8.705,,,Provisional/Provisoire,,
05EA012,2026-08-02T04:30:00Z,46,8.704,,,Provisional/Provisoire,,
05EA012,2026-08-02T04:35:00Z,46,8.705,,,Provisional/Provisoire,,
05EA012,2026-08-02T04:40:00Z,46,8.704,,,Provisional/Provisoire,,
05EA012,2026-08-02T04:45:00Z,46,8.705,,,Provisional/Provisoire,,
05EA012,2026-08-02T04:50:00Z,46,8.704,,,Provisional/Provisoire,,
05EA012,2026-08-02T04:55:00Z,46,8.703,,,Provisional/Provisoire,,
05EA012,2026-08-02T05:00:00Z,46,8.703,,,Provisional/Provisoire,,
05EA012,2026-08-02T05:05:00Z,46,8.704,,,Provisional/Provisoire,,
05EA012,2026-08-02T05:10:00Z,46,8.704,,,Provisional/Provisoire,,
05EA012,2026-08-02T05:15:00Z,46,8.703,,,Provisional/Provisoire,,
05EA012,2026-08-02T05:20:00Z,46,8.703,,,Provisional/Provisoire,,
05EA012,2026-08-02T05:25:00Z,46,8.702,,,Provisional/Provisoire,,
05EA012,2026-08-02T05:30:00Z,46,8.701,,,Provisional/Provisoire,,
05EA012,2026-08-02T05:35:00Z,46,8.704,,,Provisional/Provisoire,,
05EA012,2026-08-02T05:40:00Z,46,8.703,,,Provisional/Provisoire,,
05EA012,2026-08-02T05:45:00Z,46,8.703,,,Provisional/Provisoire,,
05EA012,2026-08-02T05:50:00Z,46,8.703,,,Provisional/Provisoire,,
05EA012,2026-08-02T05:55:00Z,46,8.704,,,Provisional/Provisoire,,
05EA012,2026-08-02T06:00:00Z,46,8.704,,,Provisional/Provisoire,,
05EA012,2026-08-02T06:05:00Z,46,8.703,,,Provisional/Provisoire,,
05EA012,2026-08-02T06:10:00Z,46,8.703,,,Provisional/Provisoire,,
05EA012,2026-08-02T06:15:00Z,46,8.704,,,Provisional/Provisoire,,
05EA012,2026-08-02T06:20:00Z,46,8.703,,,Provisional/Provisoire,,
05EA012,2026-08-02T06:25:00Z,46,8.704,,,Provisional/Provisoire,,
05EA012,2026-08-02T06:30:00Z,46,8.703,,,Provisional/Provisoire,,
05EA012,2026-08-02T06:35:00Z,46,8.703,,,Provisional/Provisoire,,
05EA012,2026-08-02T06:40:00Z,46,8.703,,,Provisional/Provisoire,,
05EA012,2026-08-02T06:45:00Z,46,8.704,,,Provisional/Provisoire,,
05EA012,2026-08-02T06:50:00Z,46,8.704,,,Provisional/Provisoire,,
05EA012,2026-08-02T06:55:00Z,46,8.704,,,Provisional/Provisoire,,
05EA012,2026-08-02T07:00:00Z,46,8.702,,,Provisional/Provisoire,,
05EA012,2026-08-02T07:05:00Z,46,8.702,,,Provisional/Provisoire,,
05EA012,2026-08-02T07:10:00Z,46,8.701,,,Provisional/Provisoire,,
05EA012,2026-08-02T07:15:00Z,46,8.704,,,Provisional/Provisoire,,
05EA012,2026-08-02T07:20:00Z,46,8.704,,,Provisional/Provisoire,,
05EA012,2026-08-02T07:25:00Z,46,8.704,,,Provisional/Provisoire,,
05EA012,2026-08-02T07:30:00Z,46,8.704,,,Provisional/Provisoire,,
05EA012,2026-08-02T07:35:00Z,46,8.704,,,Provisional/Provisoire,,
05EA012,2026-08-02T07:40:00Z,46,8.702,,,Provisional/Provisoire,,
05EA012,2026-08-02T07:45:00Z,46,8.702,,,Provisional/Provisoire,,
05EA012,2026-08-02T07:50:00Z,46,8.703,,,Provisional/Provisoire,,
05EA012,2026-08-02T07:55:00Z,46,8.704,,,Provisional/Provisoire,,
05EA012,2026-08-02T08:00:00Z,46,8.702,,,Provisional/Provisoire,,
05EA012,2026-08-02T08:05:00Z,46,8.702,,,Provisional/Provisoire,,
05EA012,2026-08-02T08:10:00Z,46,8.702,,,Provisional/Provisoire,,
05EA012,2026-08-02T08:15:00Z,46,8.704,,,Provisional/Provisoire,,
05EA012,2026-08-02T08:20:00Z,46,8.702,,,Provisional/Provisoire,,
05EA012,2026-08-02T08:25:00Z,46,8.701,,,Provisional/Provisoire,,
05EA012,2026-08-02T08:30:00Z,46,8.703,,,Provisional/Provisoire,,
05EA012,2026-08-02T08:35:00Z,46,8.701,,,Provisional/Provisoire,,
05EA012,2026-08-02T08:40:00Z,46,8.702,,,Provisional/Provisoire,,
05EA012,2026-08-02T08:45:00Z,46,8.703,,,Provisional/Provisoire,,
05EA012,2026-08-02T08:50:00Z,46,8.703,,,Provisional/Provisoire,,
05EA012,2026-08-02T08:55:00Z,46,8.702,,,Provisional/Provisoire,,
05EA012,2026-08-02T09:00:00Z,46,8.703,,,Provisional/Provisoire,,
05EA012,2026-08-02T09:05:00Z,46,8.702,,,Provisional/Provisoire,,
05EA012,2026-08-02T09:10:00Z,46,8.703,,,Provisional/Provisoire,,
05EA012,2026-08-02T09:15:00Z,46,8.702,,,Provisional/Provisoire,,
05EA012,2026-08-02T09:20:00Z,46,8.703,,,Provisional/Provisoire,,
05EA012,2026-08-02T09:25:00Z,46,8.702,,,Provisional/Provisoire,,
05EA012,2026-08-02T09:30:00Z,46,8.703,,,Provisional/Provisoire,,
05EA012,2026-08-02T09:35:00Z,46,8.701,,,Provisional/Provisoire,,
05EA012,2026-08-02T09:40:00Z,46,8.700,,,Provisional/Provisoire,,
05EA012,2026-08-02T09:45:00Z,46,8.702,,,Provisional/Provisoire,,
05EA012,2026-08-02T09:50:00Z,46,8.700,,,Provisional/Provisoire,,
05EA012,2026-08-02T09:55:00Z,46,8.701,,,Provisional/Provisoire,,
05EA012,2026-08-02T10:00:00Z,46,8.700,,,Provisional/Provisoire,,
05EA012,2026-08-02T10:05:00Z,46,8.700,,,Provisional/Provisoire,,
05EA012,2026-08-02T10:10:00Z,46,8.700,,,Provisional/Provisoire,,
05EA012,2026-08-02T10:15:00Z,46,8.702,,,Provisional/Provisoire,,
05EA012,2026-08-02T10:20:00Z,46,8.702,,,Provisional/Provisoire,,
05EA012,2026-08-02T10:25:00Z,46,8.700,,,Provisional/Provisoire,,
05EA012,2026-08-02T10:30:00Z,46,8.699,,,Provisional/Provisoire,,
05EA012,2026-08-02T10:35:00Z,46,8.699,,,Provisional/Provisoire,,
05EA012,2026-08-02T10:40:00Z,46,8.700,,,Provisional/Provisoire,,
05EA012,2026-08-02T10:45:00Z,46,8.700,,,Provisional/Provisoire,,
05EA012,2026-08-02T10:50:00Z,46,8.701,,,Provisional/Provisoire,,
05EA012,2026-08-02T10:55:00Z,46,8.700,,,Provisional/Provisoire,,
05EA012,2026-08-02T11:00:00Z,46,8.700,,,Provisional/Provisoire,,
05EA012,2026-08-02T11:05:00Z,46,8.701,,,Provisional/Provisoire,,
05EA012,2026-08-02T11:10:00Z,46,8.700,,,Provisional/Provisoire,,
05EA012,2026-08-02T11:15:00Z,46,8.699,,,Provisional/Provisoire,,
05EA012,2026-08-02T11:20:00Z,46,8.699,,,Provisional/Provisoire,,
05EA012,2026-08-02T11:25:00Z,46,8.700,,,Provisional/Provisoire,,
05EA012,2026-08-02T11:30:00Z,46,8.698,,,Provisional/Provisoire,,
05EA012,2026-08-02T11:35:00Z,46,8.699,,,Provisional/Provisoire,,
05EA012,2026-08-02T11:40:00Z,46,8.699,,,Provisional/Provisoire,,
05EA012,2026-08-02T11:45:00Z,46,8.699,,,Provisional/Provisoire,,
05EA012,2026-08-02T11:50:00Z,46,8.700,,,Provisional/Provisoire,,
05EA012,2026-08-02T11:55:00Z,46,8.699,,,Provisional/Provisoire,,
05EA012,2026-08-02T12:00:00Z,46,8.698,,,Provisional/Provisoire,,
05EA012,2026-08-02T12:05:00Z,46,8.698,,,Provisional/Provisoire,,
05EA012,2026-08-02T12:10:00Z,46,8.698,,,Provisional/Provisoire,,
05EA012,2026-08-02T12:15:00Z,46,8.698,,,Provisional/Provisoire,,
05EA012,2026-08-02T12:20:00Z,46,8.698,,,Provisional/Provisoire,,
05EA012,2026-08-02T12:25:00Z,46,8.698,,,Provisional/Provisoire,,
05EA012,2026-08-02T12:30:00Z,46,8.699,,,Provisional/Provisoire,,
05EA012,2026-08-02T12:35:00Z,46,8.697,,,Provisional/Provisoire,,
05EA012,2026-08-02T12:40:00Z,46,8.698,,,Provisional/Provisoire,,
05EA012,2026-08-02T12:45:00Z,46,8.699,,,Provisional/Provisoire,,
05EA012,2026-08-02T12:50:00Z,46,8.697,,,Provisional/Provisoire,,
05EA012,2026-08-02T12:55:00Z,46,8.696,,,Provisional/Provisoire,,
05EA012,2026-08-02T13:00:00Z,46,8.698,,,Provisional/Provisoire,,
05EA012,2026-08-02T13:05:00Z,46,8.698,,,Provisional/Provisoire,,
05EA012,2026-08-02T13:10:00Z,46,8.698,,,Provisional/Provisoire,,
05EA012,2026-08-02T13:15:00Z,46,8.699,,,Provisional/Provisoire,,
05EA012,2026-08-02T13:20:00Z,46,8.697,,,Provisional/Provisoire,,
05EA012,2026-08-02T13:25:00Z,46,8.697,,,Provisional/Provisoire,,
05EA012,2026-08-02T13:30:00Z,46,8.696,,,Provisional/Provisoire,,
05EA012,2026-08-02T13:35:00Z,46,8.696,,,Provisional/Provisoire,,
05EA012,2026-08-02T13:40:00Z,46,8.697,,,Provisional/Provisoire,,
05EA012,2026-08-02T13:45:00Z,46,8.697,,,Provisional/Provisoire,,
05EA012,2026-08-02T13:50:00Z,46,8.696,,,Provisional/Provisoire,,
05EA012,2026-08-02T13:55:00Z,46,8.697,,,Provisional/Provisoire,,
05EA012,2026-08-02T14:00:00Z,46,8.698,,,Provisional/Provisoire,,
05EA012,2026-08-02T14:05:00Z,46,8.697,,,Provisional/Provisoire,,
05EA012,2026-08-02T14:10:00Z,46,8.697,,,Provisional/Provisoire,,
05EA012,2026-08-02T14:15:00Z,46,8.696,,,Provisional/Provisoire,,
05EA012,2026-08-02T14:20:00Z,46,8.696,,,Provisional/Provisoire,,
05EA012,2026-08-02T14:25:00Z,46,8.696,,,Provisional/Provisoire,,
05EA012,2026-08-02T14:30:00Z,46,8.698,,,Provisional/Provisoire,,
05EA012,2026-08-02T14:35:00Z,46,8.695,,,Provisional/Provisoire,,
05EA012,2026-08-02T14:40:00Z,46,8.696,,,Provisional/Provisoire,,
05EA012,2026-08-02T14:45:00Z,46,8.696,,,Provisional/Provisoire,,
05EA012,2026-08-02T14:50:00Z,46,8.697,,,Provisional/Provisoire,,
05EA012,2026-08-02T14:55:00Z,46,8.696,,,Provisional/Provisoire,,
05EA012,2026-08-02T15:00:00Z,46,8.697,,,Provisional/Provisoire,,
05EA012,2026-08-02T15:05:00Z,46,8.696,,,Provisional/Provisoire,,
05EA012,2026-08-02T15:10:00Z,46,8.696,,,Provisional/Provisoire,,
05EA012,2026-08-02T15:15:00Z,46,8.697,,,Provisional/Provisoire,,
05EA012,2026-08-02T15:20:00Z,46,8.695,,,Provisional/Provisoire,,
05EA012,2026-08-02T15:25:00Z,46,8.697,,,Provisional/Provisoire,,
05EA012,2026-08-02T15:30:00Z,46,8.696,,,Provisional/Provisoire,,
05EA012,2026-08-02T15:35:00Z,46,8.695,,,Provisional/Provisoire,,
05EA012,2026-08-02T15:40:00Z,46,8.695,,,Provisional/Provisoire,,
05EA012,2026-08-02T15:45:00Z,46,8.697,,,Provisional/Provisoire,,
05EA012,2026-08-02T15:50:00Z,46,8.697,,,Provisional/Provisoire,,
05EA012,2026-08-02T15:55:00Z,46,8.696,,,Provisional/Provisoire,,
05EA012,2026-08-02T16:00:00Z,46,8.698,,,Provisional/Provisoire,,
05EA012,2026-08-02T16:05:00Z,46,8.697,,,Provisional/Provisoire,,
05EA012,2026-08-02T16:10:00Z,46,8.697,,,Provisional/Provisoire,,
05EA012,2026-08-02T16:15:00Z,46,8.699,,,Provisional/Provisoire,,
05EA012,2026-08-02T16:20:00Z,46,8.698,,,Provisional/Provisoire,,
05EA012,2026-08-02T16:25:00Z,46,8.699,,,Provisional/Provisoire,,
05EA012,2026-08-02T16:30:00Z,46,8.698,,,Provisional/Provisoire,,
05EA012,2026-08-02T16:35:00Z,46,8.700,,,Provisional/Provisoire,,
05EA012,2026-08-02T16:40:00Z,46,8.698,,,Provisional/Provisoire,,
05EA012,2026-08-02T16:45:00Z,46,8.698,,,Provisional/Provisoire,,
05EA012,2026-08-02T16:50:00Z,46,8.698,,,Provisional/Provisoire,,
05EA012,2026-08-02T16:55:00Z,46,8.698,,,Provisional/Provisoire,,
05EA012,2026-08-02T17:00:00Z,46,8.698,,,Provisional/Provisoire,,
05EA012,2026-08-02T17:05:00Z,46,8.699,,,Provisional/Provisoire,,
05EA012,2026-08-02T17:10:00Z,46,8.698,,,Provisional/Provisoire,,
05EA012,2026-08-02T17:15:00Z,46,8.698,,,Provisional/Provisoire,,
05EA012,2026-08-02T17:20:00Z,46,8.699,,,Provisional/Provisoire,,
05EA012,2026-08-02T17:25:00Z,46,8.701,,,Provisional/Provisoire,,
05EA012,2026-08-02T17:30:00Z,46,8.697,,,Provisional/Provisoire,,
05EA012,2026-08-02T17:35:00Z,46,8.698,,,Provisional/Provisoire,,
05EA012,2026-08-02T17:40:00Z,46,8.696,,,Provisional/Provisoire,,
05EA012,2026-08-02T17:45:00Z,46,8.697,,,Provisional/Provisoire,,
05EA012,2026-08-02T17:50:00Z,46,8.696,,,Provisional/Provisoire,,
05EA012,2026-08-02T17:55:00Z,46,8.696,,,Provisional/Provisoire,,
05EA012,2026-08-02T18:00:00Z,46,8.695,,,Provisional/Provisoire,,
05EA012,2026-08-02T18:05:00Z,46,8.696,,,Provisional/Provisoire,,
05EA012,2026-08-02T18:10:00Z,46,8.695,,,Provisional/Provisoire,,
05EA012,2026-08-02T18:15:00Z,46,8.695,,,Provisional/Provisoire,,
05EA012,2026-08-02T18:20:00Z,46,8.696,,,Provisional/Provisoire,,
05EA012,2026-08-02T18:25:00Z,46,8.697,,,Provisional/Provisoire,,
05EA012,2026-08-02T18:30:00Z,46,8.694,,,Provisional/Provisoire,,
05EA012,2026-08-02T18:35:00Z,46,8.697,,,Provisional/Provisoire,,
05EA012,2026-08-02T18:40:00Z,46,8.695,,,Provisional/Provisoire,,
05EA012,2026-08-02T18:45:00Z,46,8.697,,,Provisional/Provisoire,,
05EA012,2026-08-02T18:50:00Z,46,8.694,,,Provisional/Provisoire,,
05EA012,2026-08-02T18:55:00Z,46,8.695,,,Provisional/Provisoire,,
05EA012,2026-08-02T19:00:00Z,46,8.696,,,Provisional/Provisoire,,
05EA012,2026-08-02T19:05:00Z,46,8.694,,,Provisional/Provisoire,,
05EA012,2026-08-02T19:10:00Z,46,8.697,,,Provisional/Provisoire,,
05EA012,2026-08-02T19:15:00Z,46,8.695,,,Provisional/Provisoire,,
05EA012,2026-08-02T19:20:00Z,46,8.698,,,Provisional/Provisoire,,
05EA012,2026-08-02T19:25:00Z,46,8.696,,,Provisional/Provisoire,,
05EA012,2026-08-02T19:30:00Z,46,8.698,,,Provisional/Provisoire,,
05EA012,2026-08-02T19:35:00Z,46,8.699,,,Provisional/Provisoire,,
05EA012,2026-08-02T19:40:00Z,46,8.699,,,Provisional/Provisoire,,
05EA012,2026-08-02T19:45:00Z,46,8.696,,,Provisional/Provisoire,,
05EA012,2026-08-02T19:50:00Z,46,8.698,,,Provisional/Provisoire,,
05EA012,2026-08-02T19:55:00Z,46,8.698,,,Provisional/Provisoire,,
05EA012,2026-08-02T20:00:00Z,46,8.699,,,Provisional/Provisoire,,
05EA012,2026-08-02T20:05:00Z,46,8.697,,,Provisional/Provisoire,,
05EA012,2026-08-02T20:10:00Z,46,8.697,,,Provisional/Provisoire,,
05EA012,2026-08-02T20:15:00Z,46,8.698,,,Provisional/Provisoire,,
05EA012,2026-08-02T20:20:00Z,46,8.697,,,Provisional/Provisoire,,
05EA012,2026-08-02T20:25:00Z,46,8.697,,,Provisional/Provisoire,,
05EA012,2026-08-02T20:30:00Z,46,8.697,,,Provisional/Provisoire,,
05EA012,2026-08-02T20:35:00Z,46,8.699,,,Provisional/Provisoire,,
05EA012,2026-08-02T20:40:00Z,46,8.697,,,Provisional/Provisoire,,
05EA012,2026-08-02T20:45:00Z,46,8.698,,,Provisional/Provisoire,,
05EA012,2026-08-02T20:50:00Z,46,8.698,,,Provisional/Provisoire,,
05EA012,2026-08-02T20:55:00Z,46,8.700,,,Provisional/Provisoire,,
05EA012,2026-08-02T21:00:00Z,46,8.699,,,Provisional/Provisoire,,
05EA012,2026-08-02T21:05:00Z,46,8.698,,,Provisional/Provisoire,,
05EA012,2026-08-02T21:10:00Z,46,8.696,,,Provisional/Provisoire,,
05EA012,2026-08-02T21:15:00Z,46,8.697,,,Provisional/Provisoire,,
05EA012,2026-08-02T21:20:00Z,46,8.697,,,Provisional/Provisoire,,
05EA012,2026-08-02T21:25:00Z,46,8.698,,,Provisional/Provisoire,,
05EA012,2026-08-02T21:30:00Z,46,8.698,,,Provisional/Provisoire,,
05EA012,2026-08-02T21:35:00Z,46,8.697,,,Provisional/Provisoire,,
05EA012,2026-08-02T21:40:00Z,46,8.698,,,Provisional/Provisoire,,
05EA012,2026-08-02T21:45:00Z,46,8.699,,,Provisional/Provisoire,,
05EA012,2026-08-02T21:50:00Z,46,8.698,,,Provisional/Provisoire,,
05EA012,2026-08-02T21:55:00Z,46,8.696,,,Provisional/Provisoire,,
05EA012,2026-08-02T22:00:00Z,46,8.697,,,Provisional/Provisoire,,
05EA012,2026-08-02T22:05:00Z,46,8.698,,,Provisional/Provisoire,,
05EA012,2026-08-02T22:10:00Z,46,8.697,,,Provisional/Provisoire,,
05EA012,2026-08-02T22:15:00Z,46,8.696,,,Provisional/Provisoire,,
05EA012,2026-08-02T22:20:00Z,46,8.698,,,Provisional/Provisoire,,
05EA012,2026-08-02T22:25:00Z,46,8.696,,,Provisional/Provisoire,,
05EA012,2026-08-02T22:30:00Z,46,8.697,,,Provisional/Provisoire,,
05EA012,2026-08-02T22:35:00Z,46,8.698,,,Provisional/Provisoire,,
05EA012,2026-08-02T22:40:00Z,46,8.698,,,Provisional/Provisoire,,
05EA012,2026-08-02T22:45:00Z,46,8.698,,,Provisional/Provisoire,,
05EA012,2026-08-02T22:50:00Z,46,8.696,,,Provisional/Provisoire,,
05EA012,2026-08-02T22:55:00Z,46,8.697,,,Provisional/Provisoire,,
05EA012,2026-08-02T23:00:00Z,46,8.697,,,Provisional/Provisoire,,
05EA012,2026-08-02T23:05:00Z,46,8.696,,,Provisional/Provisoire,,
05EA012,2026-08-02T23:10:00Z,46,8.697,,,Provisional/Provisoire,,
05EA012,2026-08-02T23:15:00Z,46,8.697,,,Provisional/Provisoire,,
05EA012,2026-08-02T23:20:00Z,46,8.699,,,Provisional/Provisoire,,
05EA012,2026-08-02T23:25:00Z,46,8.697,,,Provisional/Provisoire,,
05EA012,2026-08-02T23:30:00Z,46,8.698,,,Provisional/Provisoire,,
05EA012,2026-08-02T23:35:00Z,46,8.699,,,Provisional/Provisoire,,
05EA012,2026-08-02T23:40:00Z,46,8.697,,,Provisional/Provisoire,,
05EA012,2026-08-02T23:45:00Z,46,8.697,,,Provisional/Provisoire,,
05EA012,2026-08-02T23:50:00Z,46,8.698,,,Provisional/Provisoire,,
05EA012,2026-08-02T23:55:00Z,46,8.697,,,Provisional/Provisoire,,
05EA012,2026-08-03T00:00:00Z,46,8.697,,,Provisional/Provisoire,,
05EA012,2026-08-03T00:05:00Z,46,8.697,,,Provisional/Provisoire,,
05EA012,2026-08-03T00:10:00Z,46,8.697,,,Provisional/Provisoire,,
05EA012,2026-08-03T00:15:00Z,46,8.698,,,Provisional/Provisoire,,
05EA012,2026-08-03T00:20:00Z,46,8.699,,,Provisional/Provisoire,,
05EA012,2026-08-03T00:25:00Z,46,8.699,,,Provisional/Provisoire,,
05EA012,2026-08-03T00:30:00Z,46,8.698,,,Provisional/Provisoire,,
05EA012,2026-08-03T00:35:00Z,46,8.698,,,Provisional/Provisoire,,
05EA012,2026-08-03T00:40:00Z,46,8.698,,,Provisional/Provisoire,,
05EA012,2026-08-03T00:45:00Z,46,8.699,,,Provisional/Provisoire,,
05EA012,2026-08-03T00:50:00Z,46,8.698,,,Provisional/Provisoire,,
05EA012,2026-08-03T00:55:00Z,46,8.700,,,Provisional/Provisoire,,
05EA012,2026-08-03T01:00:00Z,46,8.700,,,Provisional/Provisoire,,
05EA012,2026-08-03T01:05:00Z,46,8.700,,,Provisional/Provisoire,,
05EA012,2026-08-03T01:10:00Z,46,8.700,,,Provisional/Provisoire,,
05EA012,2026-08-03T01:15:00Z,46,8.699,,,Provisional/Provisoire,,
05EA012,2026-08-03T01:20:00Z,46,8.699,,,Provisional/Provisoire,,
05EA012,2026-08-03T01:25:00Z,46,8.699,,,Provisional/Provisoire,,
05EA012,2026-08-03T01:30:00Z,46,8.700,,,Provisional/Provisoire,,
05EA012,2026-08-03T01:35:00Z,46,8.701,,,Provisional/Provisoire,,
05EA012,2026-08-03T01:40:00Z,46,8.700,,,Provisional/Provisoire,,
05EA012,2026-08-03T01:45:00Z,46,8.700,,,Provisional/Provisoire,,
05EA012,2026-08-03T01:50:00Z,46,8.701,,,Provisional/Provisoire,,
05EA012,2026-08-03T01:55:00Z,46,8.702,,,Provisional/Provisoire,,
05EA012,2026-08-03T02:00:00Z,46,8.701,,,Provisional/Provisoire,,
05EA012,2026-08-03T02:05:00Z,46,8.702,,,Provisional/Provisoire,,
05EA012,2026-08-03T02:10:00Z,46,8.701,,,Provisional/Provisoire,,
05EA012,2026-08-03T02:15:00Z,46,8.703,,,Provisional/Provisoire,,
05EA012,2026-08-03T02:20:00Z,46,8.704,,,Provisional/Provisoire,,
05EA012,2026-08-03T02:25:00Z,46,8.703,,,Provisional/Provisoire,,
05EA012,2026-08-03T02:30:00Z,46,8.704,,,Provisional/Provisoire,,
05EA012,2026-08-03T02:35:00Z,46,8.704,,,Provisional/Provisoire,,
05EA012,2026-08-03T02:40:00Z,46,8.703,,,Provisional/Provisoire,,
05EA012,2026-08-03T02:45:00Z,46,8.704,,,Provisional/Provisoire,,
05EA012,2026-08-03T02:50:00Z,46,8.704,,,Provisional/Provisoire,,
05EA012,2026-08-03T02:55:00Z,46,8.706,,,Provisional/Provisoire,,
05EA012,2026-08-03T03:00:00Z,46,8.707,,,Provisional/Provisoire,,
05EA012,2026-08-03T03:05:00Z,46,8.706,,,Provisional/Provisoire,,
05EA012,2026-08-03T03:10:00Z,46,8.706,,,Provisional/Provisoire,,
05EA012,2026-08-03T03:15:00Z,46,8.706,,,Provisional/Provisoire,,
05EA012,2026-08-03T03:20:00Z,46,8.709,,,Provisional/Provisoire,,
05EA012,2026-08-03T03:25:00Z,46,8.708,,,Provisional/Provisoire,,
05EA012,2026-08-03T03:30:00Z,46,8.708,,,Provisional/Provisoire,,
05EA012,2026-08-03T03:35:00Z,46,8.709,,,Provisional/Provisoire,,
05EA012,2026-08-03T03:40:00Z,46,8.710,,,Provisional/Provisoire,,
05EA012,2026-08-03T03:45:00Z,46,8.710,,,Provisional/Provisoire,,
05EA012,2026-08-03T03:50:00Z,46,8.711,,,Provisional/Provisoire,,
05EA012,2026-08-03T03:55:00Z,46,8.711,,,Provisional/Provisoire,,
05EA012,2026-08-03T04:00:00Z,46,8.714,,,Provisional/Provisoire,,
05EA012,2026-08-03T04:05:00Z,46,8.714,,,Provisional/Provisoire,,
05EA012,2026-08-03T04:10:00Z,46,8.715,,,Provisional/Provisoire,,
05EA012,2026-08-03T04:15:00Z,46,8.714,,,Provisional/Provisoire,,
05EA012,2026-08-03T04:20:00Z,46,8.715,,,Provisional/Provisoire,,
05EA012,2026-08-03T04:25:00Z,46,8.716,,,Provisional/Provisoire,,
05EA012,2026-08-03T04:30:00Z,46,8.716,,,Provisional/Provisoire,,
05EA012,2026-08-03T04:35:00Z,46,8.717,,,Provisional/Provisoire,,
05EA012,2026-08-03T04:40:00Z,46,8.716,,,Provisional/Provisoire,,
05EA012,2026-08-03T04:45:00Z,46,8.717,,,Provisional/Provisoire,,
05EA012,2026-08-03T04:50:00Z,46,8.718,,,Provisional/Provisoire,,
05EA012,2026-08-03T04:55:00Z,46,8.719,,,Provisional/Provisoire,,
05EA012,2026-08-03T05:00:00Z,46,8.721,,,Provisional/Provisoire,,
05EA012,2026-08-03T05:05:00Z,46,8.721,,,Provisional/Provisoire,,
05EA012,2026-08-03T05:10:00Z,46,8.722,,,Provisional/Provisoire,,
05EA012,2026-08-03T05:15:00Z,46,8.721,,,Provisional/Provisoire,,
05EA012,2026-08-03T05:20:00Z,46,8.722,,,Provisional/Provisoire,,
05EA012,2026-08-03T05:25:00Z,46,8.724,,,Provisional/Provisoire,,
05EA012,2026-08-03T05:30:00Z,46,8.725,,,Provisional/Provisoire,,
05EA012,2026-08-03T05:35:00Z,46,8.724,,,Provisional/Provisoire,,
05EA012,2026-08-03T05:40:00Z,46,8.725,,,Provisional/Provisoire,,
05EA012,2026-08-03T05:45:00Z,46,8.725,,,Provisional/Provisoire,,
05EA012,2026-08-03T05:50:00Z,46,8.727,,,Provisional/Provisoire,,
05EA012,2026-08-03T05:55:00Z,46,8.728,,,Provisional/Provisoire,,
05EA012,2026-08-03T06:00:00Z,46,8.728,,,Provisional/Provisoire,,
05EA012,2026-08-03T06:05:00Z,46,8.728,,,Provisional/Provisoire,,
05EA012,2026-08-03T06:10:00Z,46,8.730,,,Provisional/Provisoire,,
05EA012,2026-08-03T06:15:00Z,46,8.730,,,Provisional/Provisoire,,
05EA012,2026-08-03T06:20:00Z,46,8.731,,,Provisional/Provisoire,,
05EA012,2026-08-03T06:25:00Z,46,8.732,,,Provisional/Provisoire,,
05EA012,2026-08-03T06:30:00Z,46,8.734,,,Provisional/Provisoire,,
05EA012,2026-08-03T06:35:00Z,46,8.735,,,Provisional/Provisoire,,
05EA012,2026-08-03T06:40:00Z,46,8.733,,,Provisional/Provisoire,,
05EA012,2026-08-03T06:45:00Z,46,8.736,,,Provisional/Provisoire,,
05EA012,2026-08-03T06:50:00Z,46,8.736,,,Provisional/Provisoire,,
05EA012,2026-08-03T06:55:00Z,46,8.737,,,Provisional/Provisoire,,
05EA012,2026-08-03T07:00:00Z,46,8.737,,,Provisional/Provisoire,,
05EA012,2026-08-03T07:05:00Z,46,8.736,,,Provisional/Provisoire,,
05EA012,2026-08-03T07:10:00Z,46,8.738,,,Provisional/Provisoire,,
05EA012,2026-08-03T07:15:00Z,46,8.738,,,Provisional/Provisoire,,
05EA012,2026-08-03T07:20:00Z,46,8.741,,,Provisional/Provisoire,,
05EA012,2026-08-03T07:25:00Z,46,8.740,,,Provisional/Provisoire,,
05EA012,2026-08-03T07:30:00Z,46,8.743,,,Provisional/Provisoire,,
05EA012,2026-08-03T07:35:00Z,46,8.742,,,Provisional/Provisoire,,
05EA012,2026-08-03T07:40:00Z,46,8.744,,,Provisional/Provisoire,,
05EA012,2026-08-03T07:45:00Z,46,8.743,,,Provisional/Provisoire,,
05EA012,2026-08-03T07:50:00Z,46,8.743,,,Provisional/Provisoire,,
05EA012,2026-08-03T07:55:00Z,46,8.746,,,Provisional/Provisoire,,
05EA012,2026-08-03T08:00:00Z,46,8.746,,,Provisional/Provisoire,,
05EA012,2026-08-03T08:05:00Z,46,8.747,,,Provisional/Provisoire,,
05EA012,2026-08-03T08:10:00Z,46,8.746,,,Provisional/Provisoire,,
05EA012,2026-08-03T08:15:00Z,46,8.746,,,Provisional/Provisoire,,
05EA012,2026-08-03T08:20:00Z,46,8.747,,,Provisional/Provisoire,,
05EA012,2026-08-03T08:25:00Z,46,8.748,,,Provisional/Provisoire,,
05EA012,2026-08-03T08:30:00Z,46,8.750,,,Provisional/Provisoire,,
05EA012,2026-08-03T08:35:00Z,46,8.750,,,Provisional/Provisoire,,
05EA012,2026-08-03T08:40:00Z,46,8.750,,,Provisional/Provisoire,,
05EA012,2026-08-03T08:45:00Z,46,8.751,,,Provisional/Provisoire,,
05EA012,2026-08-03T08:50:00Z,46,8.753,,,Provisional/Provisoire,,
05EA012,2026-08-03T08:55:00Z,46,8.755,,,Provisional/Provisoire,,
05EA012,2026-08-03T09:00:00Z,46,8.756,,,Provisional/Provisoire,,
05EA012,2026-08-03T09:05:00Z,46,8.756,,,Provisional/Provisoire,,
05EA012,2026-08-03T09:10:00Z,46,8.757,,,Provisional/Provisoire,,
05EA012,2026-08-03T09:15:00Z,46,8.757,,,Provisional/Provisoire,,
05EA012,2026-08-03T09:20:00Z,46,8.758,,,Provisional/Provisoire,,
05EA012,2026-08-03T09:25:00Z,46,8.756,,,Provisional/Provisoire,,
05EA012,2026-08-03T09:30:00Z,46,8.758,,,Provisional/Provisoire,,
05EA012,2026-08-03T09:35:00Z,46,8.760,,,Provisional/Provisoire,,
05EA012,2026-08-03T09:40:00Z,46,8.761,,,Provisional/Provisoire,,
05EA012,2026-08-03T09:45:00Z,46,8.760,,,Provisional/Provisoire,,
05EA012,2026-08-03T09:50:00Z,46,8.761,,,Provisional/Provisoire,,
05EA012,2026-08-03T09:55:00Z,46,8.764,,,Provisional/Provisoire,,
05EA012,2026-08-03T10:00:00Z,46,8.763,,,Provisional/Provisoire,,
05EA012,2026-08-03T10:05:00Z,46,8.762,,,Provisional/Provisoire,,
05EA012,2026-08-03T10:10:00Z,46,8.763,,,Provisional/Provisoire,,
05EA012,2026-08-03T10:15:00Z,46,8.766,,,Provisional/Provisoire,,
05EA012,2026-08-03T10:20:00Z,46,8.765,,,Provisional/Provisoire,,
05EA012,2026-08-03T10:25:00Z,46,8.767,,,Provisional/Provisoire,,
05EA012,2026-08-03T10:30:00Z,46,8.766,,,Provisional/Provisoire,,
05EA012,2026-08-03T10:35:00Z,46,8.768,,,Provisional/Provisoire,,
05EA012,2026-08-03T10:40:00Z,46,8.767,,,Provisional/Provisoire,,
05EA012,2026-08-03T10:45:00Z,46,8.768,,,Provisional/Provisoire,,
05EA012,2026-08-03T10:50:00Z,46,8.770,,,Provisional/Provisoire,,
05EA012,2026-08-03T10:55:00Z,46,8.769,,,Provisional/Provisoire,,
05EA012,2026-08-03T11:00:00Z,46,8.772,,,Provisional/Provisoire,,
05EA012,2026-08-03T11:05:00Z,46,8.771,,,Provisional/Provisoire,,
05EA012,2026-08-03T11:10:00Z,46,8.773,,,Provisional/Provisoire,,
05EA012,2026-08-03T11:15:00Z,46,8.773,,,Provisional/Provisoire,,
05EA012,2026-08-03T11:20:00Z,46,8.774,,,Provisional/Provisoire,,
05EA012,2026-08-03T11:25:00Z,46,8.772,,,Provisional/Provisoire,,
05EA012,2026-08-03T11:30:00Z,46,8.773,,,Provisional/Provisoire,,
05EA012,2026-08-03T11:35:00Z,46,8.773,,,Provisional/Provisoire,,
05EA012,2026-08-03T11:40:00Z,46,8.775,,,Provisional/Provisoire,,
05EA012,2026-08-03T11:45:00Z,46,8.776,,,Provisional/Provisoire,,
05EA012,2026-08-03T11:50:00Z,46,8.774,,,Provisional/Provisoire,,
05EA012,2026-08-03T11:55:00Z,46,8.776,,,Provisional/Provisoire,,
05EA012,2026-08-03T12:00:00Z,46,8.777,,,Provisional/Provisoire,,
05EA012,2026-08-03T12:05:00Z,46,8.777,,,Provisional/Provisoire,,
05EA012,2026-08-03T12:10:00Z,46,8.777,,,Provisional/Provisoire,,
05EA012,2026-08-03T12:15:00Z,46,8.777,,,Provisional/Provisoire,,
05EA012,2026-08-03T12:20:00Z,46,8.779,,,Provisional/Provisoire,,
05EA012,2026-08-03T12:25:00Z,46,8.779,,,Provisional/Provisoire,,
05EA012,2026-08-03T12:30:00Z,46,8.778,,,Provisional/Provisoire,,
05EA012,2026-08-03T12:35:00Z,46,8.779,,,Provisional/Provisoire,,
05EA012,2026-08-03T12:40:00Z,46,8.779,,,Provisional/Provisoire,,
05EA012,2026-08-03T12:45:00Z,46,8.778,,,Provisional/Provisoire,,
05EA012,2026-08-03T12:50:00Z,46,8.780,,,Provisional/Provisoire,,
05EA012,2026-08-03T12:55:00Z,46,8.778,,,Provisional/Provisoire,,
05EA012,2026-08-03T13:00:00Z,46,8.778,,,Provisional/Provisoire,,
05EA012,2026-08-03T13:05:00Z,46,8.778,,,Provisional/Provisoire,,
05EA012,2026-08-03T13:10:00Z,46,8.778,,,Provisional/Provisoire,,
05EA012,2026-08-03T13:15:00Z,46,8.778,,,Provisional/Provisoire,,
05EA012,2026-08-03T13:20:00Z,46,8.780,,,Provisional/Provisoire,,
05EA012,2026-08-03T13:25:00Z,46,8.780,,,Provisional/Provisoire,,
05EA012,2026-08-03T13:30:00Z,46,8.779,,,Provisional/Provisoire,,
05EA012,2026-08-03T13:35:00Z,46,8.780,,,Provisional/Provisoire,,
05EA012,2026-08-03T13:40:00Z,46,8.780,,,Provisional/Provisoire,,
05EA012,2026-08-03T13:45:00Z,46,8.778,,,Provisional/Provisoire,,
05EA012,2026-08-03T13:50:00Z,46,8.781,,,Provisional/Provisoire,,
05EA012,2026-08-03T13:55:00Z,46,8.781,,,Provisional/Provisoire,,
05EA012,2026-08-03T14:00:00Z,46,8.779,,,Provisional/Provisoire,,
05EA012,2026-08-03T14:05:00Z,46,8.780,,,Provisional/Provisoire,,
05EA012,2026-08-03T14:10:00Z,46,8.780,,,Provisional/Provisoire,,
05EA012,2026-08-03T14:15:00Z,46,8.781,,,Provisional/Provisoire,,
05EA012,2026-08-03T14:20:00Z,46,8.779,,,Provisional/Provisoire,,
05EA012,2026-08-03T14:25:00Z,46,8.780,,,Provisional/Provisoire,,
05EA012,2026-08-03T14:30:00Z,46,8.781,,,Provisional/Provisoire,,
05EA012,2026-08-03T14:35:00Z,46,8.778,,,Provisional/Provisoire,,
05EA012,2026-08-03T14:40:00Z,46,8.780,,,Provisional/Provisoire,,
05EA012,2026-08-03T14:45:00Z,46,8.779,,,Provisional/Provisoire,,
05EA012,2026-08-03T14:50:00Z,46,8.778,,,Provisional/Provisoire,,
05EA012,2026-08-03T14:55:00Z,46,8.779,,,Provisional/Provisoire,,
05EA012,2026-08-03T15:00:00Z,46,8.782,,,Provisional/Provisoire,,
05EA012,2026-08-03T15:05:00Z,46,8.779,,,Provisional/Provisoire,,
05EA012,2026-08-03T15:10:00Z,46,8.778,,,Provisional/Provisoire,,
05EA012,2026-08-03T15:15:00Z,46,8.777,,,Provisional/Provisoire,,
05EA012,2026-08-03T15:20:00Z,46,8.780,,,Provisional/Provisoire,,
05EA012,2026-08-03T15:25:00Z,46,8.779,,,Provisional/Provisoire,,
05EA012,2026-08-03T15:30:00Z,46,8.780,,,Provisional/Provisoire,,
05EA012,2026-08-03T15:35:00Z,46,8.778,,,Provisional/Provisoire,,
05EA012,2026-08-03T15:40:00Z,46,8.778,,,Provisional/Provisoire,,
05EA012,2026-08-03T15:45:00Z,46,8.777,,,Provisional/Provisoire,,
05EA012,2026-08-03T15:50:00Z,46,8.780,,,Provisional/Provisoire,,
05EA012,2026-08-03T15:55:00Z,46,8.778,,,Provisional/Provisoire,,
05EA012,2026-08-03T16:00:00Z,46,8.779,,,Provisional/Provisoire,,
05EA012,2026-08-03T16:05:00Z,46,8.778,,,Provisional/Provisoire,,
05EA012,2026-08-03T16:10:00Z,46,8.777,,,Provisional/Provisoire,,
05EA012,2026-08-03T16:15:00Z,46,8.778,,,Provisional/Provisoire,,
05EA012,2026-08-03T16:20:00Z,46,8.776,,,Provisional/Provisoire,,
05EA012,2026-08-03T16:25:00Z,46,8.778,,,Provisional/Provisoire,,
05EA012,2026-08-03T16:30:00Z,46,8.776,,,Provisional/Provisoire,,
05EA012,2026-08-03T16:35:00Z,46,8.777,,,Provisional/Provisoire,,
05EA012,2026-08-03T16:40:00Z,46,8.778,,,Provisional/Provisoire,,
05EA012,2026-08-03T16:45:00Z,46,8.778,,,Provisional/Provisoire,,
05EA012,2026-08-03T16:50:00Z,46,8.777,,,Provisional/Provisoire,,
05EA012,2026-08-03T16:55:00Z,46,8.779,,,Provisional/Provisoire,,
05EA012,2026-08-03T17:00:00Z,46,8.777,,,Provisional/Provisoire,,
05EA012,2026-08-03T17:05:00Z,46,8.775,,,Provisional/Provisoire,,
05EA012,2026-08-03T17:10:00Z,46,8.775,,,Provisional/Provisoire,,
05EA012,2026-08-03T17:15:00Z,46,8.777,,,Provisional/Provisoire,,
05EA012,2026-08-03T17:20:00Z,46,8.777,,,Provisional/Provisoire,,
05EA012,2026-08-03T17:25:00Z,46,8.775,,,Provisional/Provisoire,,
05EA012,2026-08-03T17:30:00Z,46,8.776,,,Provisional/Provisoire,,
05EA012,2026-08-03T17:35:00Z,46,8.776,,,Provisional/Provisoire,,
05EA012,2026-08-03T17:40:00Z,46,8.777,,,Provisional/Provisoire,,
05EA012,2026-08-03T17:45:00Z,46,8.777,,,Provisional/Provisoire,,
05EA012,2026-08-03T17:50:00Z,46,8.775,,,Provisional/Provisoire,,
05EA012,2026-08-03T17:55:00Z,46,8.776,,,Provisional/Provisoire,,
05EA012,2026-08-03T18:00:00Z,46,8.774,,,Provisional/Provisoire,,
05EA012,2026-08-03T18:05:00Z,46,8.776,,,Provisional/Provisoire,,
05EA012,2026-08-03T18:10:00Z,46,8.775,,,Provisional/Provisoire,,
05EA012,2026-08-03T18:15:00Z,46,8.773,,,Provisional/Provisoire,,
05EA012,2026-08-03T18:20:00Z,46,8.777,,,Provisional/Provisoire,,
05EA012,2026-08-03T18:25:00Z,46,8.777,,,Provisional/Provisoire,,
05EA012,2026-08-03T18:30:00Z,46,8.775,,,Provisional/Provisoire,,
05EA012,2026-08-03T18:35:00Z,46,8.776,,,Provisional/Provisoire,,
05EA012,2026-08-03T18:40:00Z,46,8.776,,,Provisional/Provisoire,,
05EA012,2026-08-03T18:45:00Z,46,8.775,,,Provisional/Provisoire,,
05EA012,2026-08-03T18:50:00Z,46,8.776,,,Provisional/Provisoire,,
05EA012,2026-08-03T18:55:00Z,46,8.776,,,Provisional/Provisoire,,
05EA012,2026-08-03T19:00:00Z,46,8.777,,,Provisional/Provisoire,,
05EA012,2026-08-03T19:05:00Z,46,8.778,,,Provisional/Provisoire,,
05EA012,2026-08-03T19:10:00Z,46,8.775,,,Provisional/Provisoire,,
05EA012,2026-08-03T19:15:00Z,46,8.776,,,Provisional/Provisoire,,
05EA012,2026-08-03T19:20:00Z,46,8.779,,,Provisional/Provisoire,,
05EA012,2026-08-03T19:25:00Z,46,8.778,,,Provisional/Provisoire,,
05EA012,2026-08-03T19:30:00Z,46,8.778,,,Provisional/Provisoire,,
05EA012,2026-08-03T19:35:00Z,46,8.779,,,Provisional/Provisoire,,
05EA012,2026-08-03T19:40:00Z,46,8.778,,,Provisional/Provisoire,,
05EA012,2026-08-03T19:45:00Z,46,8.780,,,Provisional/Provisoire,,
05EA012,2026-08-03T19:50:00Z,46,8.780,,,Provisional/Provisoire,,
05EA012,2026-08-03T19:55:00Z,46,8.780,,,Provisional/Provisoire,,
05EA012,2026-08-03T20:00:00Z,46,8.779,,,Provisional/Provisoire,,
05EA012,2026-08-03T20:05:00Z,46,8.779,,,Provisional/Provisoire,,
05EA012,2026-08-03T20:10:00Z,46,8.779,,,Provisional/Provisoire,,
05EA012,2026-08-03T20:15:00Z,46,8.781,,,Provisional/Provisoire,,
05EA012,2026-08-03T20:20:00Z,46,8.782,,,Provisional/Provisoire,,
05EA012,2026-08-03T20:25:00Z,46,8.781,,,Provisional/Provisoire,,
05EA012,2026-08-03T20:30:00Z,46,8.782,,,Provisional/Provisoire,,
05EA012,2026-08-03T20:35:00Z,46,8.781,,,Provisional/Provisoire,,
05EA012,2026-08-03T20:40:00Z,46,8.782,,,Provisional/Provisoire,,
05EA012,2026-08-03T20:45:00Z,46,8.781,,,Provisional/Provisoire,,
05EA012,2026-08-03T20:50:00Z,46,8.782,,,Provisional/Provisoire,,
05EA012,2026-08-03T20:55:00Z,46,8.784,,,Provisional/Provisoire,,
05EA012,2026-08-03T21:00:00Z,46,8.783,,,Provisional/Provisoire,,
05EA012,2026-08-03T21:05:00Z,46,8.783,,,Provisional/Provisoire,,
05EA012,2026-08-03T21:10:00Z,46,8.784,,,Provisional/Provisoire,,
05EA012,2026-08-03T21:15:00Z,46,8.783,,,Provisional/Provisoire,,
05EA012,2026-08-03T21:20:00Z,46,8.785,,,Provisional/Provisoire,,
05EA012,2026-08-03T21:25:00Z,46,8.786,,,Provisional/Provisoire,,
05EA012,2026-08-03T21:30:00Z,46,8.785,,,Provisional/Provisoire,,
05EA012,2026-08-03T21:35:00Z,46,8.786,,,Provisional/Provisoire,,
05EA012,2026-08-03T21:40:00Z,46,8.784,,,Provisional/Provisoire,,
05EA012,2026-08-03T21:45:00Z,46,8.786,,,Provisional/Provisoire,,
05EA012,2026-08-03T21:50:00Z,46,8.785,,,Provisional/Provisoire,,
05EA012,2026-08-03T21:55:00Z,46,8.783,,,Provisional/Provisoire,,
05EA012,2026-08-03T22:00:00Z,46,8.786,,,Provisional/Provisoire,,
05EA012,2026-08-03T22:05:00Z,46,8.785,,,Provisional/Provisoire,,
05EA012,2026-08-03T22:10:00Z,46,8.788,,,Provisional/Provisoire,,
05EA012,2026-08-03T22:15:00Z,46,8.786,,,Provisional/Provisoire,,
05EA012,2026-08-03T22:20:00Z,46,8.788,,,Provisional/Provisoire,,
05EA012,2026-08-03T22:25:00Z,46,8.783,,,Provisional/Provisoire,,
05EA012,2026-08-03T22:30:00Z,46,8.786,,,Provisional/Provisoire,,
05EA012,2026-08-03T22:35:00Z,46,8.785,,,Provisional/Provisoire,,
05EA012,2026-08-03T22:40:00Z,46,8.786,,,Provisional/Provisoire,,
05EA012,2026-08-03T22:45:00Z,46,8.788,,,Provisional/Provisoire,,
05EA012,2026-08-03T22:50:00Z,46,8.786,,,Provisional/Provisoire,,
05EA012,2026-08-03T22:55:00Z,46,8.785,,,Provisional/Provisoire,,
05EA012,2026-08-03T23:00:00Z,46,8.785,,,Provisional/Provisoire,,
05EA012,2026-08-03T23:05:00Z,46,8.786,,,Provisional/Provisoire,,
05EA012,2026-08-03T23:10:00Z,46,8.787,,,Provisional/Provisoire,,
05EA012,2026-08-03T23:15:00Z,46,8.788,,,Provisional/Provisoire,,
05EA012,2026-08-03T23:20:00Z,46,8.788,,,Provisional/Provisoire,,
05EA012,2026-08-03T23:25:00Z,46,8.787,,,Provisional/Provisoire,,
05EA012,2026-08-03T23:30:00Z,46,8.784,,,Provisional/Provisoire,,
05EA012,2026-08-03T23:35:00Z,46,8.787,,,Provisional/Provisoire,,
05EA012,2026-08-03T23:40:00Z,46,8.786,,,Provisional/Provisoire,,
05EA012,2026-08-03T23:45:00Z,46,8.787,,,Provisional/Provisoire,,
05EA012,2026-08-03T23:50:00Z,46,8.785,,,Provisional/Provisoire,,
05EA012,2026-08-03T23:55:00Z,46,8.784,,,Provisional/Provisoire,,
05EA012,2026-08-04T00:00:00Z,46,8.786,,,Provisional/Provisoire,,
05EA012,2026-08-04T00:05:00Z,46,8.786,,,Provisional/Provisoire,,
05EA012,2026-08-04T00:10:00Z,46,8.785,,,Provisional/Provisoire,,
05EA012,2026-08-04T00:15:00Z,46,8.785,,,Provisional/Provisoire,,
05EA012,2026-08-04T00:20:00Z,46,8.784,,,Provisional/Provisoire,,
05EA012,2026-08-04T00:25:00Z,46,8.784,,,Provisional/Provisoire,,
05EA012,2026-08-04T00:30:00Z,46,8.784,,,Provisional/Provisoire,,
05EA012,2026-08-04T00:35:00Z,46,8.783,,,Provisional/Provisoire,,
05EA012,2026-08-04T00:40:00Z,46,8.785,,,Provisional/Provisoire,,
05EA012,2026-08-04T00:45:00Z,46,8.785,,,Provisional/Provisoire,,
05EA012,2026-08-04T00:50:00Z,46,8.783,,,Provisional/Provisoire,,
05EA012,2026-08-04T00:55:00Z,46,8.781,,,Provisional/Provisoire,,
05EA012,2026-08-04T01:00:00Z,46,8.781,,,Provisional/Provisoire,,
05EA012,2026-08-04T01:05:00Z,46,8.782,,,Provisional/Provisoire,,
05EA012,2026-08-04T01:10:00Z,46,8.779,,,Provisional/Provisoire,,
05EA012,2026-08-04T01:15:00Z,46,8.780,,,Provisional/Provisoire,,
05EA012,2026-08-04T01:20:00Z,46,8.783,,,Provisional/Provisoire,,
05EA012,2026-08-04T01:25:00Z,46,8.782,,,Provisional/Provisoire,,
05EA012,2026-08-04T01:30:00Z,46,8.782,,,Provisional/Provisoire,,
05EA012,2026-08-04T01:35:00Z,46,8.780,,,Provisional/Provisoire,,
05EA012,2026-08-04T01:40:00Z,46,8.781,,,Provisional/Provisoire,,
05EA012,2026-08-04T01:45:00Z,46,8.777,,,Provisional/Provisoire,,
05EA012,2026-08-04T01:50:00Z,46,8.780,,,Provisional/Provisoire,,
05EA012,2026-08-04T01:55:00Z,46,8.777,,,Provisional/Provisoire,,
05EA012,2026-08-04T02:00:00Z,46,8.777,,,Provisional/Provisoire,,
05EA012,2026-08-04T02:05:00Z,46,8.777,,,Provisional/Provisoire,,
05EA012,2026-08-04T02:10:00Z,46,8.777,,,Provisional/Provisoire,,
05EA012,2026-08-04T02:15:00Z,46,8.778,,,Provisional/Provisoire,,
05EA012,2026-08-04T02:20:00Z,46,8.775,,,Provisional/Provisoire,,
05EA012,2026-08-04T02:25:00Z,46,8.778,,,Provisional/Provisoire,,
05EA012,2026-08-04T02:30:00Z,46,8.775,,,Provisional/Provisoire,,
05EA012,2026-08-04T02:35:00Z,46,8.775,,,Provisional/Provisoire,,
05EA012,2026-08-04T02:40:00Z,46,8.776,,,Provisional/Provisoire,,
05EA012,2026-08-04T02:45:00Z,46,8.774,,,Provisional/Provisoire,,
05EA012,2026-08-04T02:50:00Z,46,8.774,,,Provisional/Provisoire,,
05EA012,2026-08-04T02:55:00Z,46,8.773,,,Provisional/Provisoire,,
05EA012,2026-08-04T03:00:00Z,46,8.775,,,Provisional/Provisoire,,
05EA012,2026-08-04T03:05:00Z,46,8.774,,,Provisional/Provisoire,,
05EA012,2026-08-04T03:10:00Z,46,8.771,,,Provisional/Provisoire,,
05EA012,2026-08-04T03:15:00Z,46,8.771,,,Provisional/Provisoire,,
05EA012,2026-08-04T03:20:00Z,46,8.771,,,Provisional/Provisoire,,
05EA012,2026-08-04T03:25:00Z,46,8.769,,,Provisional/Provisoire,,
05EA012,2026-08-04T03:30:00Z,46,8.770,,,Provisional/Provisoire,,
05EA012,2026-08-04T03:35:00Z,46,8.770,,,Provisional/Provisoire,,
05EA012,2026-08-04T03:40:00Z,46,8.768,,,Provisional/Provisoire,,
05EA012,2026-08-04T03:45:00Z,46,8.769,,,Provisional/Provisoire,,
05EA012,2026-08-04T03:50:00Z,46,8.769,,,Provisional/Provisoire,,
05EA012,2026-08-04T03:55:00Z,46,8.767,,,Provisional/Provisoire,,
05EA012,2026-08-04T04:00:00Z,46,8.767,,,Provisional/Provisoire,,
05EA012,2026-08-04T04:05:00Z,46,8.766,,,Provisional/Provisoire,,
05EA012,2026-08-04T04:10:00Z,46,8.765,,,Provisional/Provisoire,,
05EA012,2026-08-04T04:15:00Z,46,8.767,,,Provisional/Provisoire,,
05EA012,2026-08-04T04:20:00Z,46,8.765,,,Provisional/Provisoire,,
05EA012,2026-08-04T04:25:00Z,46,8.763,,,Provisional/Provisoire,,
05EA012,2026-08-04T04:30:00Z,46,8.766,,,Provisional/Provisoire,,
05EA012,2026-08-04T04:35:00Z,46,8.765,,,Provisional/Provisoire,,
05EA012,2026-08-04T04:40:00Z,46,8.763,,,Provisional/Provisoire,,
05EA012,2026-08-04T04:45:00Z,46,8.763,,,Provisional/Provisoire,,
05EA012,2026-08-04T04:50:00Z,46,8.762,,,Provisional/Provisoire,,
05EA012,2026-08-04T04:55:00Z,46,8.764,,,Provisional/Provisoire,,
05EA012,2026-08-04T05:00:00Z,46,8.763,,,Provisional/Provisoire,,
05EA012,2026-08-04T05:05:00Z,46,8.761,,,Provisional/Provisoire,,
05EA012,2026-08-04T05:10:00Z,46,8.762,,,Provisional/Provisoire,,
05EA012,2026-08-04T05:15:00Z,46,8.760,,,Provisional/Provisoire,,
05EA012,2026-08-04T05:20:00Z,46,8.762,,,Provisional/Provisoire,,
05EA012,2026-08-04T05:25:00Z,46,8.761,,,Provisional/Provisoire,,
05EA012,2026-08-04T05:30:00Z,46,8.760,,,Provisional/Provisoire,,
05EA012,2026-08-04T05:35:00Z,46,8.759,,,Provisional/Provisoire,,
05EA012,2026-08-04T05:40:00Z,46,8.760,,,Provisional/Provisoire,,
05EA012,2026-08-04T05:45:00Z,46,8.758,,,Provisional/Provisoire,,
05EA012,2026-08-04T05:50:00Z,46,8.756,,,Provisional/Provisoire,,
05EA012,2026-08-04T05:55:00Z,46,8.758,,,Provisional/Provisoire,,
05EA012,2026-08-04T06:00:00Z,46,8.757,,,Provisional/Provisoire,,
05EA012,2026-08-04T06:05:00Z,46,8.757,,,Provisional/Provisoire,,
05EA012,2026-08-04T06:10:00Z,46,8.756,,,Provisional/Provisoire,,
05EA012,2026-08-04T06:15:00Z,46,8.757,,,Provisional/Provisoire,,
05EA012,2026-08-04T06:20:00Z,46,8.757,,,Provisional/Provisoire,,
05EA012,2026-08-04T06:25:00Z,46,8.756,,,Provisional/Provisoire,,
05EA012,2026-08-04T06:30:00Z,46,8.755,,,Provisional/Provisoire,,
05EA012,2026-08-04T06:35:00Z,46,8.755,,,Provisional/Provisoire,,
05EA012,2026-08-04T06:40:00Z,46,8.756,,,Provisional/Provisoire,,
05EA012,2026-08-04T06:45:00Z,46,8.755,,,Provisional/Provisoire,,
05EA012,2026-08-04T06:50:00Z,46,8.754,,,Provisional/Provisoire,,
05EA012,2026-08-04T06:55:00Z,46,8.754,,,Provisional/Provisoire,,
05EA012,2026-08-04T07:00:00Z,46,8.754,,,Provisional/Provisoire,,
05EA012,2026-08-04T07:05:00Z,46,8.752,,,Provisional/Provisoire,,
05EA012,2026-08-04T07:10:00Z,46,8.753,,,Provisional/Provisoire,,
05EA012,2026-08-04T07:15:00Z,46,8.752,,,Provisional/Provisoire,,
05EA012,2026-08-04T07:20:00Z,46,8.753,,,Provisional/Provisoire,,
05EA012,2026-08-04T07:25:00Z,46,8.751,,,Provisional/Provisoire,,
05EA012,2026-08-04T07:30:00Z,46,8.752,,,Provisional/Provisoire,,
05EA012,2026-08-04T07:35:00Z,46,8.753,,,Provisional/Provisoire,,
05EA012,2026-08-04T07:40:00Z,46,8.750,,,Provisional/Provisoire,,
05EA012,2026-08-04T07:45:00Z,46,8.752,,,Provisional/Provisoire,,
05EA012,2026-08-04T07:50:00Z,46,8.750,,,Provisional/Provisoire,,
05EA012,2026-08-04T07:55:00Z,46,8.751,,,Provisional/Provisoire,,
05EA012,2026-08-04T08:00:00Z,46,8.750,,,Provisional/Provisoire,,
05EA012,2026-08-04T08:05:00Z,46,8.750,,,Provisional/Provisoire,,
05EA012,2026-08-04T08:10:00Z,46,8.750,,,Provisional/Provisoire,,
05EA012,2026-08-04T08:15:00Z,46,8.748,,,Provisional/Provisoire,,
05EA012,2026-08-04T08:20:00Z,46,8.750,,,Provisional/Provisoire,,
05EA012,2026-08-04T08:25:00Z,46,8.748,,,Provisional/Provisoire,,
05EA012,2026-08-04T08:30:00Z,46,8.749,,,Provisional/Provisoire,,
05EA012,2026-08-04T08:35:00Z,46,8.748,,,Provisional/Provisoire,,
05EA012,2026-08-04T08:40:00Z,46,8.748,,,Provisional/Provisoire,,
05EA012,2026-08-04T08:45:00Z,46,8.749,,,Provisional/Provisoire,,
05EA012,2026-08-04T08:50:00Z,46,8.747,,,Provisional/Provisoire,,
05EA012,2026-08-04T08:55:00Z,46,8.749,,,Provisional/Provisoire,,
05EA012,2026-08-04T09:00:00Z,46,8.747,,,Provisional/Provisoire,,
05EA012,2026-08-04T09:05:00Z,46,8.747,,,Provisional/Provisoire,,
05EA012,2026-08-04T09:10:00Z,46,8.748,,,Provisional/Provisoire,,
05EA012,2026-08-04T09:15:00Z,46,8.746,,,Provisional/Provisoire,,
05EA012,2026-08-04T09:20:00Z,46,8.747,,,Provisional/Provisoire,,
05EA012,2026-08-04T09:25:00Z,46,8.747,,,Provisional/Provisoire,,
05EA012,2026-08-04T09:30:00Z,46,8.745,,,Provisional/Provisoire,,
05EA012,2026-08-04T09:35:00Z,46,8.748,,,Provisional/Provisoire,,
05EA012,2026-08-04T09:40:00Z,46,8.747,,,Provisional/Provisoire,,
05EA012,2026-08-04T09:45:00Z,46,8.747,,,Provisional/Provisoire,,
05EA012,2026-08-04T09:50:00Z,46,8.746,,,Provisional/Provisoire,,
05EA012,2026-08-04T09:55:00Z,46,8.746,,,Provisional/Provisoire,,
05EA012,2026-08-04T10:00:00Z,46,8.746,,,Provisional/Provisoire,,
05EA012,2026-08-04T10:05:00Z,46,8.745,,,Provisional/Provisoire,,
05EA012,2026-08-04T10:10:00Z,46,8.744,,,Provisional/Provisoire,,
05EA012,2026-08-04T10:15:00Z,46,8.744,,,Provisional/Provisoire,,
05EA012,2026-08-04T10:20:00Z,46,8.745,,,Provisional/Provisoire,,
05EA012,2026-08-04T10:25:00Z,46,8.746,,,Provisional/Provisoire,,
05EA012,2026-08-04T10:30:00Z,46,8.745,,,Provisional/Provisoire,,
05EA012,2026-08-04T10:35:00Z,46,8.744,,,Provisional/Provisoire,,
05EA012,2026-08-04T10:40:00Z,46,8.743,,,Provisional/Provisoire,,
05EA012,2026-08-04T10:45:00Z,46,8.744,,,Provisional/Provisoire,,
05EA012,2026-08-04T10:50:00Z,46,8.742,,,Provisional/Provisoire,,
05EA012,2026-08-04T10:55:00Z,46,8.743,,,Provisional/Provisoire,,
05EA012,2026-08-04T11:00:00Z,46,8.742,,,Provisional/Provisoire,,
05EA012,2026-08-04T11:05:00Z,46,8.744,,,Provisional/Provisoire,,
05EA012,2026-08-04T11:10:00Z,46,8.744,,,Provisional/Provisoire,,
05EA012,2026-08-04T11:15:00Z,46,8.740,,,Provisional/Provisoire,,
05EA012,2026-08-04T11:20:00Z,46,8.743,,,Provisional/Provisoire,,
05EA012,2026-08-04T11:25:00Z,46,8.741,,,Provisional/Provisoire,,
05EA012,2026-08-04T11:30:00Z,46,8.743,,,Provisional/Provisoire,,
05EA012,2026-08-04T11:35:00Z,46,8.742,,,Provisional/Provisoire,,
05EA012,2026-08-04T11:40:00Z,46,8.740,,,Provisional/Provisoire,,
05EA012,2026-08-04T11:45:00Z,46,8.741,,,Provisional/Provisoire,,
05EA012,2026-08-04T11:50:00Z,46,8.742,,,Provisional/Provisoire,,
05EA012,2026-08-04T11:55:00Z,46,8.739,,,Provisional/Provisoire,,
05EA012,2026-08-04T12:00:00Z,46,8.741,,,Provisional/Provisoire,,
05EA012,2026-08-04T12:05:00Z,46,8.742,,,Provisional/Provisoire,,
05EA012,2026-08-04T12:10:00Z,46,8.741,,,Provisional/Provisoire,,
05EA012,2026-08-04T12:15:00Z,46,8.739,,,Provisional/Provisoire,,
05EA012,2026-08-04T12:20:00Z,46,8.741,,,Provisional/Provisoire,,
05EA012,2026-08-04T12:25:00Z,46,8.741,,,Provisional/Provisoire,,
05EA012,2026-08-04T12:30:00Z,46,8.739,,,Provisional/Provisoire,,
05EA012,2026-08-04T12:35:00Z,46,8.740,,,Provisional/Provisoire,,
05EA012,2026-08-04T12:40:00Z,46,8.739,,,Provisional/Provisoire,,
05EA012,2026-08-04T12:45:00Z,46,8.740,,,Provisional/Provisoire,,
05EA012,2026-08-04T12:50:00Z,46,8.738,,,Provisional/Provisoire,,
05EA012,2026-08-04T12:55:00Z,46,8.738,,,Provisional/Provisoire,,
05EA012,2026-08-04T13:00:00Z,46,8.738,,,Provisional/Provisoire,,
05EA012,2026-08-04T13:05:00Z,46,8.739,,,Provisional/Provisoire,,
05EA012,2026-08-04T13:10:00Z,46,8.737,,,Provisional/Provisoire,,
05EA012,2026-08-04T13:15:00Z,46,8.737,,,Provisional/Provisoire,,
05EA012,2026-08-04T13:20:00Z,46,8.736,,,Provisional/Provisoire,,
05EA012,2026-08-04T13:25:00Z,46,8.738,,,Provisional/Provisoire,,
05EA012,2026-08-04T13:30:00Z,46,8.738,,,Provisional/Provisoire,,
05EA012,2026-08-04T13:35:00Z,46,8.736,,,Provisional/Provisoire,,
05EA012,2026-08-04T13:40:00Z,46,8.737,,,Provisional/Provisoire,,
05EA012,2026-08-04T13:45:00Z,46,8.737,,,Provisional/Provisoire,,
05EA012,2026-08-04T13:50:00Z,46,8.735,,,Provisional/Provisoire,,
05EA012,2026-08-04T13:55:00Z,46,8.736,,,Provisional/Provisoire,,
05EA012,2026-08-04T14:00:00Z,46,8.737,,,Provisional/Provisoire,,
05EA012,2026-08-04T14:05:00Z,46,8.737,,,Provisional/Provisoire,,
05EA012,2026-08-04T14:10:00Z,46,8.736,,,Provisional/Provisoire,,
05EA012,2026-08-04T14:15:00Z,46,8.735,,,Provisional/Provisoire,,
05EA012,2026-08-04T14:20:00Z,46,8.736,,,Provisional/Provisoire,,
05EA012,2026-08-04T14:25:00Z,46,8.736,,,Provisional/Provisoire,,
05EA012,2026-08-04T14:30:00Z,46,8.735,,,Provisional/Provisoire,,
05EA012,2026-08-04T14:35:00Z,46,8.735,,,Provisional/Provisoire,,
05EA012,2026-08-04T14:40:00Z,46,8.735,,,Provisional/Provisoire,,
05EA012,2026-08-04T14:45:00Z,46,8.735,,,Provisional/Provisoire,,
05EA012,2026-08-04T14:50:00Z,46,8.732,,,Provisional/Provisoire,,
05EA012,2026-08-04T14:55:00Z,46,8.733,,,Provisional/Provisoire,,
05EA012,2026-08-04T15:00:00Z,46,8.734,,,Provisional/Provisoire,,
05EA012,2026-08-04T15:05:00Z,46,8.732,,,Provisional/Provisoire,,
05EA012,2026-08-04T15:10:00Z,46,8.732,,,Provisional/Provisoire,,
05EA012,2026-08-04T15:15:00Z,46,8.732,,,Provisional/Provisoire,,
05EA012,2026-08-04T15:20:00Z,46,8.733,,,Provisional/Provisoire,,
05EA012,2026-08-04T15:25:00Z,46,8.732,,,Provisional/Provisoire,,
05EA012,2026-08-04T15:30:00Z,46,8.731,,,Provisional/Provisoire,,
05EA012,2026-08-04T15:35:00Z,46,8.732,,,Provisional/Provisoire,,
05EA012,2026-08-04T15:40:00Z,46,8.732,,,Provisional/Provisoire,,
05EA012,2026-08-04T15:45:00Z,46,8.732,,,Provisional/Provisoire,,
05EA012,2026-08-04T15:50:00Z,46,8.731,,,Provisional/Provisoire,,
05EA012,2026-08-04T15:55:00Z,46,8.730,,,Provisional/Provisoire,,
05EA012,2026-08-04T16:00:00Z,46,8.729,,,Provisional/Provisoire,,
05EA012,2026-08-04T16:05:00Z,46,8.731,,,Provisional/Provisoire,,
05EA012,2026-08-04T16:10:00Z,46,8.730,,,Provisional/Provisoire,,
05EA012,2026-08-04T16:15:00Z,46,8.729,,,Provisional/Provisoire,,
05EA012,2026-08-04T16:20:00Z,46,8.728,,,Provisional/Provisoire,,
05EA012,2026-08-04T16:25:00Z,46,8.728,,,Provisional/Provisoire,,
05EA012,2026-08-04T16:30:00Z,46,8.730,,,Provisional/Provisoire,,
05EA012,2026-08-04T16:35:00Z,46,8.728,,,Provisional/Provisoire,,
05EA012,2026-08-04T16:40:00Z,46,8.729,,,Provisional/Provisoire,,
05EA012,2026-08-04T16:45:00Z,46,8.728,,,Provisional/Provisoire,,
05EA012,2026-08-04T16:50:00Z,46,8.728,,,Provisional/Provisoire,,
05EA012,2026-08-04T16:55:00Z,46,8.728,,,Provisional/Provisoire,,
05EA012,2026-08-04T17:00:00Z,46,8.728,,,Provisional/Provisoire,,
05EA012,2026-08-04T17:05:00Z,46,8.727,,,Provisional/Provisoire,,
05EA012,2026-08-04T17:10:00Z,46,8.727,,,Provisional/Provisoire,,
05EA012,2026-08-04T17:15:00Z,46,8.725,,,Provisional/Provisoire,,
05EA012,2026-08-04T17:20:00Z,46,8.726,,,Provisional/Provisoire,,
05EA012,2026-08-04T17:25:00Z,46,8.728,,,Provisional/Provisoire,,
05EA012,2026-08-04T17:30:00Z,46,8.727,,,Provisional/Provisoire,,
05EA012,2026-08-04T17:35:00Z,46,8.725,,,Provisional/Provisoire,,
05EA012,2026-08-04T17:40:00Z,46,8.725,,,Provisional/Provisoire,,
05EA012,2026-08-04T17:45:00Z,46,8.725,,,Provisional/Provisoire,,
05EA012,2026-08-04T17:50:00Z,46,8.726,,,Provisional/Provisoire,,
05EA012,2026-08-04T17:55:00Z,46,8.725,,,Provisional/Provisoire,,
05EA012,2026-08-04T18:00:00Z,46,8.726,,,Provisional/Provisoire,,
05EA012,2026-08-04T18:05:00Z,46,8.727,,,Provisional/Provisoire,,
05EA012,2026-08-04T18:10:00Z,46,8.724,,,Provisional/Provisoire,,
05EA012,2026-08-04T18:15:00Z,46,8.724,,,Provisional/Provisoire,,
05EA012,2026-08-04T18:20:00Z,46,8.724,,,Provisional/Provisoire,,
05EA012,2026-08-04T18:25:00Z,46,8.725,,,Provisional/Provisoire,,
05EA012,2026-08-04T18:30:00Z,46,8.722,,,Provisional/Provisoire,,
05EA012,2026-08-04T18:35:00Z,46,8.724,,,Provisional/Provisoire,,
05EA012,2026-08-04T18:40:00Z,46,8.725,,,Provisional/Provisoire,,
05EA012,2026-08-04T18:45:00Z,46,8.725,,,Provisional/Provisoire,,
05EA012,2026-08-04T18:50:00Z,46,8.725,,,Provisional/Provisoire,,
05EA012,2026-08-04T18:55:00Z,46,8.724,,,Provisional/Provisoire,,
05EA012,2026-08-04T19:00:00Z,46,8.723,,,Provisional/Provisoire,,
05EA012,2026-08-04T19:05:00Z,46,8.725,,,Provisional/Provisoire,,
05EA012,2026-08-04T19:10:00Z,46,8.725,,,Provisional/Provisoire,,
05EA012,2026-08-04T19:15:00Z,46,8.724,,,Provisional/Provisoire,,
05EA012,2026-08-04T19:20:00Z,46,8.722,,,Provisional/Provisoire,,
05EA012,2026-08-04T19:25:00Z,46,8.723,,,Provisional/Provisoire,,
05EA012,2026-08-04T19:30:00Z,46,8.722,,,Provisional/Provisoire,,
05EA012,2026-08-04T19:35:00Z,46,8.722,,,Provisional/Provisoire,,
05EA012,2026-08-04T19:40:00Z,46,8.722,,,Provisional/Provisoire,,
05EA012,2026-08-04T19:45:00Z,46,8.723,,,Provisional/Provisoire,,
05EA012,2026-08-04T19:50:00Z,46,8.721,,,Provisional/Provisoire,,
05EA012,2026-08-04T19:55:00Z,46,8.722,,,Provisional/Provisoire,,
05EA012,2026-08-04T20:00:00Z,46,8.720,,,Provisional/Provisoire,,
05EA012,2026-08-04T20:05:00Z,46,8.723,,,Provisional/Provisoire,,
05EA012,2026-08-04T20:10:00Z,46,8.720,,,Provisional/Provisoire,,
05EA012,2026-08-04T20:15:00Z,46,8.722,,,Provisional/Provisoire,,
05EA012,2026-08-04T20:20:00Z,46,8.722,,,Provisional/Provisoire,,
05EA012,2026-08-04T20:25:00Z,46,8.720,,,Provisional/Provisoire,,
05EA012,2026-08-04T20:30:00Z,46,8.720,,,Provisional/Provisoire,,
05EA012,2026-08-04T20:35:00Z,46,8.720,,,Provisional/Provisoire,,
05EA012,2026-08-04T20:40:00Z,46,8.721,,,Provisional/Provisoire,,
05EA012,2026-08-04T20:45:00Z,46,8.721,,,Provisional/Provisoire,,
05EA012,2026-08-04T20:50:00Z,46,8.720,,,Provisional/Provisoire,,
05EA012,2026-08-04T20:55:00Z,46,8.719,,,Provisional/Provisoire,,
05EA012,2026-08-04T21:00:00Z,46,8.719,,,Provisional/Provisoire,,
05EA012,2026-08-04T21:05:00Z,46,8.720,,,Provisional/Provisoire,,
05EA012,2026-08-04T21:10:00Z,46,8.718,,,Provisional/Provisoire,,
05EA012,2026-08-04T21:15:00Z,46,8.718,,,Provisional/Provisoire,,
05EA012,2026-08-04T21:20:00Z,46,8.717,,,Provisional/Provisoire,,
05EA012,2026-08-04T21:25:00Z,46,8.718,,,Provisional/Provisoire,,
05EA012,2026-08-04T21:30:00Z,46,8.719,,,Provisional/Provisoire,,
05EA012,2026-08-04T21:35:00Z,46,8.717,,,Provisional/Provisoire,,
05EA012,2026-08-04T21:40:00Z,46,8.718,,,Provisional/Provisoire,,
05EA012,2026-08-04T21:45:00Z,46,8.720,,,Provisional/Provisoire,,
05EA012,2026-08-04T21:50:00Z,46,8.716,,,Provisional/Provisoire,,
05EA012,2026-08-04T21:55:00Z,46,8.717,,,Provisional/Provisoire,,
05EA012,2026-08-04T22:00:00Z,46,8.716,,,Provisional/Provisoire,,
05EA012,2026-08-04T22:05:00Z,46,8.716,,,Provisional/Provisoire,,
05EA012,2026-08-04T22:10:00Z,46,8.716,,,Provisional/Provisoire,,
05EA012,2026-08-04T22:15:00Z,46,8.716,,,Provisional/Provisoire,,
05EA012,2026-08-04T22:20:00Z,46,8.717,,,Provisional/Provisoire,,
05EA012,2026-08-04T22:25:00Z,46,8.716,,,Provisional/Provisoire,,
05EA012,2026-08-04T22:30:00Z,46,8.715,,,Provisional/Provisoire,,
05EA012,2026-08-04T22:35:00Z,46,8.715,,,Provisional/Provisoire,,
05EA012,2026-08-04T22:40:00Z,46,8.716,,,Provisional/Provisoire,,
05EA012,2026-08-04T22:45:00Z,46,8.717,,,Provisional/Provisoire,,
05EA012,2026-08-04T22:50:00Z,46,8.715,,,Provisional/Provisoire,,
05EA012,2026-08-04T22:55:00Z,46,8.715,,,Provisional/Provisoire,,
05EA012,2026-08-04T23:00:00Z,46,8.716,,,Provisional/Provisoire,,
05EA012,2026-08-04T23:05:00Z,46,8.715,,,Provisional/Provisoire,,
05EA012,2026-08-04T23:10:00Z,46,8.716,,,Provisional/Provisoire,,
05EA012,2026-08-04T23:15:00Z,46,8.715,,,Provisional/Provisoire,,
05EA012,2026-08-04T23:20:00Z,46,8.716,,,Provisional/Provisoire,,
05EA012,2026-08-04T23:25:00Z,46,8.717,,,Provisional/Provisoire,,
05EA012,2026-08-04T23:30:00Z,46,8.715,,,Provisional/Provisoire,,
05EA012,2026-08-04T23:35:00Z,46,8.714,,,Provisional/Provisoire,,
05EA012,2026-08-04T23:40:00Z,46,8.716,,,Provisional/Provisoire,,
05EA012,2026-08-04T23:45:00Z,46,8.714,,,Provisional/Provisoire,,
05EA012,2026-08-04T23:50:00Z,46,8.714,,,Provisional/Provisoire,,
05EA012,2026-08-04T23:55:00Z,46,8.714,,,Provisional/Provisoire,,
05EA012,2026-08-05T00:00:00Z,46,8.714,,,Provisional/Provisoire,,
05EA012,2026-08-05T00:05:00Z,46,8.713,,,Provisional/Provisoire,,
05EA012,2026-08-05T00:10:00Z,46,8.712,,,Provisional/Provisoire,,
05EA012,2026-08-05T00:15:00Z,46,8.714,,,Provisional/Provisoire,,
05EA012,2026-08-05T00:20:00Z,46,8.714,,,Provisional/Provisoire,,
05EA012,2026-08-05T00:25:00Z,46,8.712,,,Provisional/Provisoire,,
05EA012,2026-08-05T00:30:00Z,46,8.712,,,Provisional/Provisoire,,
05EA012,2026-08-05T00:35:00Z,46,8.711,,,Provisional/Provisoire,,
05EA012,2026-08-05T00:40:00Z,46,8.711,,,Provisional/Provisoire,,
05EA012,2026-08-05T00:45:00Z,46,8.711,,,Provisional/Provisoire,,
05EA012,2026-08-05T00:50:00Z,46,8.713,,,Provisional/Provisoire,,
05EA012,2026-08-05T00:55:00Z,46,8.710,,,Provisional/Provisoire,,
05EA012,2026-08-05T01:00:00Z,46,8.710,,,Provisional/Provisoire,,
05EA012,2026-08-05T01:05:00Z,46,8.710,,,Provisional/Provisoire,,
05EA012,2026-08-05T01:10:00Z,46,8.712,,,Provisional/Provisoire,,
05EA012,2026-08-05T01:15:00Z,46,8.711,,,Provisional/Provisoire,,
05EA012,2026-08-05T01:20:00Z,46,8.711,,,Provisional/Provisoire,,
05EA012,2026-08-05T01:25:00Z,46,8.711,,,Provisional/Provisoire,,
05EA012,2026-08-05T01:30:00Z,46,8.711,,,Provisional/Provisoire,,
05EA012,2026-08-05T01:35:00Z,46,8.711,,,Provisional/Provisoire,,
05EA012,2026-08-05T01:40:00Z,46,8.711,,,Provisional/Provisoire,,
05EA012,2026-08-05T01:45:00Z,46,8.710,,,Provisional/Provisoire,,
05EA012,2026-08-05T01:50:00Z,46,8.710,,,Provisional/Provisoire,,
05EA012,2026-08-05T01:55:00Z,46,8.710,,,Provisional/Provisoire,,
05EA012,2026-08-05T02:00:00Z,46,8.710,,,Provisional/Provisoire,,
05EA012,2026-08-05T02:05:00Z,46,8.708,,,Provisional/Provisoire,,
05EA012,2026-08-05T02:10:00Z,46,8.710,,,Provisional/Provisoire,,
05EA012,2026-08-05T02:15:00Z,46,8.708,,,Provisional/Provisoire,,
05EA012,2026-08-05T02:20:00Z,46,8.708,,,Provisional/Provisoire,,
05EA012,2026-08-05T02:25:00Z,46,8.707,,,Provisional/Provisoire,,
05EA012,2026-08-05T02:30:00Z,46,8.709,,,Provisional/Provisoire,,
05EA012,2026-08-05T02:35:00Z,46,8.708,,,Provisional/Provisoire,,
05EA012,2026-08-05T02:40:00Z,46,8.707,,,Provisional/Provisoire,,
05EA012,2026-08-05T02:45:00Z,46,8.706,,,Provisional/Provisoire,,
05EA012,2026-08-05T02:50:00Z,46,8.707,,,Provisional/Provisoire,,
05EA012,2026-08-05T02:55:00Z,46,8.708,,,Provisional/Provisoire,,
05EA012,2026-08-05T03:00:00Z,46,8.707,,,Provisional/Provisoire,,
05EA012,2026-08-05T03:05:00Z,46,8.708,,,Provisional/Provisoire,,
05EA012,2026-08-05T03:10:00Z,46,8.706,,,Provisional/Provisoire,,
05EA012,2026-08-05T03:15:00Z,46,8.705,,,Provisional/Provisoire,,
05EA012,2026-08-05T03:20:00Z,46,8.705,,,Provisional/Provisoire,,
05EA012,2026-08-05T03:25:00Z,46,8.706,,,Provisional/Provisoire,,
05EA012,2026-08-05T03:30:00Z,46,8.706,,,Provisional/Provisoire,,
05EA012,2026-08-05T03:35:00Z,46,8.705,,,Provisional/Provisoire,,
05EA012,2026-08-05T03:40:00Z,46,8.703,,,Provisional/Provisoire,,
05EA012,2026-08-05T03:45:00Z,46,8.705,,,Provisional/Provisoire,,
05EA012,2026-08-05T03:50:00Z,46,8.705,,,Provisional/Provisoire,,
05EA012,2026-08-05T03:55:00Z,46,8.705,,,Provisional/Provisoire,,
05EA012,2026-08-05T04:00:00Z,46,8.706,,,Provisional/Provisoire,,
05EA012,2026-08-05T04:05:00Z,46,8.705,,,Provisional/Provisoire,,
05EA012,2026-08-05T04:10:00Z,46,8.703,,,Provisional/Provisoire,,
05EA012,2026-08-05T04:15:00Z,46,8.705,,,Provisional/Provisoire,,
05EA012,2026-08-05T04:20:00Z,46,8.705,,,Provisional/Provisoire,,
05EA012,2026-08-05T04:25:00Z,46,8.706,,,Provisional/Provisoire,,
05EA012,2026-08-05T04:30:00Z,46,8.704,,,Provisional/Provisoire,,
05EA012,2026-08-05T04:35:00Z,46,8.706,,,Provisional/Provisoire,,
05EA012,2026-08-05T04:40:00Z,46,8.706,,,Provisional/Provisoire,,
05EA012,2026-08-05T04:45:00Z,46,8.704,,,Provisional/Provisoire,,
05EA012,2026-08-05T04:50:00Z,46,8.706,,,Provisional/Provisoire,,
05EA012,2026-08-05T04:55:00Z,46,8.704,,,Provisional/Provisoire,,
05EA012,2026-08-05T05:00:00Z,46,8.705,,,Provisional/Provisoire,,
05EA012,2026-08-05T05:05:00Z,46,8.704,,,Provisional/Provisoire,,
05EA012,2026-08-05T05:10:00Z,46,8.706,,,Provisional/Provisoire,,
05EA012,2026-08-05T05:15:00Z,46,8.705,,,Provisional/Provisoire,,
05EA012,2026-08-05T05:20:00Z,46,8.705,,,Provisional/Provisoire,,
05EA012,2026-08-05T05:25:00Z,46,8.704,,,Provisional/Provisoire,,
05EA012,2026-08-05T05:30:00Z,46,8.702,,,Provisional/Provisoire,,
05EA012,2026-08-05T05:35:00Z,46,8.705,,,Provisional/Provisoire,,
05EA012,2026-08-05T05:40:00Z,46,8.704,,,Provisional/Provisoire,,
05EA012,2026-08-05T05:45:00Z,46,8.702,,,Provisional/Provisoire,,
05EA012,2026-08-05T05:50:00Z,46,8.704,,,Provisional/Provisoire,,
05EA012,2026-08-05T05:55:00Z,46,8.704,,,Provisional/Provisoire,,
05EA012,2026-08-05T06:00:00Z,46,8.705,,,Provisional/Provisoire,,
05EA012,2026-08-05T06:05:00Z,46,8.704,,,Provisional/Provisoire,,
05EA012,2026-08-05T06:10:00Z,46,8.704,,,Provisional/Provisoire,,
05EA012,2026-08-05T06:15:00Z,46,8.705,,,Provisional/Provisoire,,
05EA012,2026-08-05T06:20:00Z,46,8.703,,,Provisional/Provisoire,,
05EA012,2026-08-05T06:25:00Z,46,8.705,,,Provisional/Provisoire,,
05EA012,2026-08-05T06:30:00Z,46,8.706,,,Provisional/Provisoire,,
05EA012,2026-08-05T06:35:00Z,46,8.707,,,Provisional/Provisoire,,
05EA012,2026-08-05T06:40:00Z,46,8.705,,,Provisional/Provisoire,,
05EA012,2026-08-05T06:45:00Z,46,8.707,,,Provisional/Provisoire,,
05EA012,2026-08-05T06:50:00Z,46,8.707,,,Provisional/Provisoire,,
05EA012,2026-08-05T06:55:00Z,46,8.707,,,Provisional/Provisoire,,
05EA012,2026-08-05T07:00:00Z,46,8.707,,,Provisional/Provisoire,,
05EA012,2026-08-05T07:05:00Z,46,8.708,,,Provisional/Provisoire,,
05EA012,2026-08-05T07:10:00Z,46,8.708,,,Provisional/Provisoire,,
05EA012,2026-08-05T07:15:00Z,46,8.707,,,Provisional/Provisoire,,
05EA012,2026-08-05T07:20:00Z,46,8.708,,,Provisional/Provisoire,,
05EA012,2026-08-05T07:25:00Z,46,8.709,,,Provisional/Provisoire,,
05EA012,2026-08-05T07:30:00Z,46,8.707,,,Provisional/Provisoire,,
05EA012,2026-08-05T07:35:00Z,46,8.706,,,Provisional/Provisoire,,
05EA012,2026-08-05T07:40:00Z,46,8.708,,,Provisional/Provisoire,,
05EA012,2026-08-05T07:45:00Z,46,8.709,,,Provisional/Provisoire,,
05EA012,2026-08-05T07:50:00Z,46,8.709,,,Provisional/Provisoire,,
05EA012,2026-08-05T07:55:00Z,46,8.707,,,Provisional/Provisoire,,
05EA012,2026-08-05T08:00:00Z,46,8.708,,,Provisional/Provisoire,,
05EA012,2026-08-05T08:05:00Z,46,8.707,,,Provisional/Provisoire,,
05EA012,2026-08-05T08:10:00Z,46,8.709,,,Provisional/Provisoire,,
05EA012,2026-08-05T08:15:00Z,46,8.710,,,Provisional/Provisoire,,
05EA012,2026-08-05T08:20:00Z,46,8.708,,,Provisional/Provisoire,,
05EA012,2026-08-05T08:25:00Z,46,8.708,,,Provisional/Provisoire,,
05EA012,2026-08-05T08:30:00Z,46,8.711,,,Provisional/Provisoire,,
05EA012,2026-08-05T08:35:00Z,46,8.709,,,Provisional/Provisoire,,
05EA012,2026-08-05T08:40:00Z,46,8.710,,,Provisional/Provisoire,,
05EA012,2026-08-05T08:45:00Z,46,8.710,,,Provisional/Provisoire,,
05EA012,2026-08-05T08:50:00Z,46,8.712,,,Provisional/Provisoire,,
05EA012,2026-08-05T08:55:00Z,46,8.711,,,Provisional/Provisoire,,
05EA012,2026-08-05T09:00:00Z,46,8.712,,,Provisional/Provisoire,,
05EA012,2026-08-05T09:05:00Z,46,8.712,,,Provisional/Provisoire,,
05EA012,2026-08-05T09:10:00Z,46,8.713,,,Provisional/Provisoire,,
05EA012,2026-08-05T09:15:00Z,46,8.711,,,Provisional/Provisoire,,
05EA012,2026-08-05T09:20:00Z,46,8.714,,,Provisional/Provisoire,,
05EA012,2026-08-05T09:25:00Z,46,8.714,,,Provisional/Provisoire,,
05EA012,2026-08-05T09:30:00Z,46,8.712,,,Provisional/Provisoire,,
05EA012,2026-08-05T09:35:00Z,46,8.712,,,Provisional/Provisoire,,
05EA012,2026-08-05T09:40:00Z,46,8.713,,,Provisional/Provisoire,,
05EA012,2026-08-05T09:45:00Z,46,8.714,,,Provisional/Provisoire,,
05EA012,2026-08-05T09:50:00Z,46,8.713,,,Provisional/Provisoire,,
05EA012,2026-08-05T09:55:00Z,46,8.712,,,Provisional/Provisoire,,
05EA012,2026-08-05T10:00:00Z,46,8.714,,,Provisional/Provisoire,,
05EA012,2026-08-05T10:05:00Z,46,8.714,,,Provisional/Provisoire,,
05EA012,2026-08-05T10:10:00Z,46,8.714,,,Provisional/Provisoire,,
05EA012,2026-08-05T10:15:00Z,46,8.714,,,Provisional/Provisoire,,
05EA012,2026-08-05T10:20:00Z,46,8.713,,,Provisional/Provisoire,,
05EA012,2026-08-05T10:25:00Z,46,8.713,,,Provisional/Provisoire,,
05EA012,2026-08-05T10:30:00Z,46,8.713,,,Provisional/Provisoire,,
05EA012,2026-08-05T10:35:00Z,46,8.714,,,Provisional/Provisoire,,
05EA012,2026-08-05T10:40:00Z,46,8.713,,,Provisional/Provisoire,,
05EA012,2026-08-05T10:45:00Z,46,8.714,,,Provisional/Provisoire,,
05EA012,2026-08-05T10:50:00Z,46,8.714,,,Provisional/Provisoire,,
05EA012,2026-08-05T10:55:00Z,46,8.712,,,Provisional/Provisoire,,
05EA012,2026-08-05T11:00:00Z,46,8.712,,,Provisional/Provisoire,,
05EA012,2026-08-05T11:05:00Z,46,8.712,,,Provisional/Provisoire,,
05EA012,2026-08-05T11:10:00Z,46,8.712,,,Provisional/Provisoire,,
05EA012,2026-08-05T11:15:00Z,46,8.714,,,Provisional/Provisoire,,
05EA012,2026-08-05T11:20:00Z,46,8.712,,,Provisional/Provisoire,,
05EA012,2026-08-05T11:25:00Z,46,8.712,,,Provisional/Provisoire,,
05EA012,2026-08-05T11:30:00Z,46,8.713,,,Provisional/Provisoire,,
05EA012,2026-08-05T11:35:00Z,46,8.712,,,Provisional/Provisoire,,
05EA012,2026-08-05T11:40:00Z,46,8.713,,,Provisional/Provisoire,,
05EA012,2026-08-05T11:45:00Z,46,8.712,,,Provisional/Provisoire,,
05EA012,2026-08-05T11:50:00Z,46,8.710,,,Provisional/Provisoire,,
05EA012,2026-08-05T11:55:00Z,46,8.713,,,Provisional/Provisoire,,
05EA012,2026-08-05T12:00:00Z,46,8.712,,,Provisional/Provisoire,,
05EA012,2026-08-05T12:05:00Z,46,8.711,,,Provisional/Provisoire,,
05EA012,2026-08-05T12:10:00Z,46,8.711,,,Provisional/Provisoire,,
05EA012,2026-08-05T12:15:00Z,46,8.711,,,Provisional/Provisoire,,
05EA012,2026-08-05T12:20:00Z,46,8.709,,,Provisional/Provisoire,,
05EA012,2026-08-05T12:25:00Z,46,8.712,,,Provisional/Provisoire,,
05EA012,2026-08-05T12:30:00Z,46,8.712,,,Provisional/Provisoire,,
05EA012,2026-08-05T12:35:00Z,46,8.711,,,Provisional/Provisoire,,
05EA012,2026-08-05T12:40:00Z,46,8.710,,,Provisional/Provisoire,,
05EA012,2026-08-05T12:45:00Z,46,8.711,,,Provisional/Provisoire,,
05EA012,2026-08-05T12:50:00Z,46,8.711,,,Provisional/Provisoire,,
05EA012,2026-08-05T12:55:00Z,46,8.711,,,Provisional/Provisoire,,
05EA012,2026-08-05T13:00:00Z,46,8.709,,,Provisional/Provisoire,,
05EA012,2026-08-05T13:05:00Z,46,8.711,,,Provisional/Provisoire,,
05EA012,2026-08-05T13:10:00Z,46,8.711,,,Provisional/Provisoire,,
05EA012,2026-08-05T13:15:00Z,46,8.709,,,Provisional/Provisoire,,
05EA012,2026-08-05T13:20:00Z,46,8.709,,,Provisional/Provisoire,,
05EA012,2026-08-05T13:25:00Z,46,8.709,,,Provisional/Provisoire,,
05EA012,2026-08-05T13:30:00Z,46,8.708,,,Provisional/Provisoire,,
05EA012,2026-08-05T13:35:00Z,46,8.709,,,Provisional/Provisoire,,
05EA012,2026-08-05T13:40:00Z,46,8.710,,,Provisional/Provisoire,,
05EA012,2026-08-05T13:45:00Z,46,8.709,,,Provisional/Provisoire,,
05EA012,2026-08-05T13:50:00Z,46,8.709,,,Provisional/Provisoire,,
05EA012,2026-08-05T13:55:00Z,46,8.709,,,Provisional/Provisoire,,
05EA012,2026-08-05T14:00:00Z,46,8.708,,,Provisional/Provisoire,,
05EA012,2026-08-05T14:05:00Z,46,8.710,,,Provisional/Provisoire,,
05EA012,2026-08-05T14:10:00Z,46,8.709,,,Provisional/Provisoire,,
05EA012,2026-08-05T14:15:00Z,46,8.711,,,Provisional/Provisoire,,
05EA012,2026-08-05T14:20:00Z,46,8.711,,,Provisional/Provisoire,,
05EA012,2026-08-05T14:25:00Z,46,8.710,,,Provisional/Provisoire,,
05EA012,2026-08-05T14:30:00Z,46,8.709,,,Provisional/Provisoire,,
05EA012,2026-08-05T14:35:00Z,46,8.711,,,Provisional/Provisoire,,
05EA012,2026-08-05T14:40:00Z,46,8.710,,,Provisional/Provisoire,,
05EA012,2026-08-05T14:45:00Z,46,8.709,,,Provisional/Provisoire,,
05EA012,2026-08-05T14:50:00Z,46,8.711,,,Provisional/Provisoire,,
05EA012,2026-08-05T14:55:00Z,46,8.711,,,Provisional/Provisoire,,
05EA012,2026-08-05T15:00:00Z,46,8.711,,,Provisional/Provisoire,,
05EA012,2026-08-05T15:05:00Z,46,8.710,,,Provisional/Provisoire,,
05EA012,2026-08-05T15:10:00Z,46,8.710,,,Provisional/Provisoire,,
05EA012,2026-08-05T15:15:00Z,46,8.709,,,Provisional/Provisoire,,
05EA012,2026-08-05T15:20:00Z,46,8.710,,,Provisional/Provisoire,,
05EA012,2026-08-05T15:25:00Z,46,8.710,,,Provisional/Provisoire,,
05EA012,2026-08-05T15:30:00Z,46,8.709,,,Provisional/Provisoire,,
05EA012,2026-08-05T15:35:00Z,46,8.711,,,Provisional/Provisoire,,
05EA012,2026-08-05T15:40:00Z,46,8.710,,,Provisional/Provisoire,,
05EA012,2026-08-05T15:45:00Z,46,8.711,,,Provisional/Provisoire,,
05EA012,2026-08-05T15:50:00Z,46,8.712,,,Provisional/Provisoire,,
05EA012,2026-08-05T15:55:00Z,46,8.711,,,Provisional/Provisoire,,
05EA012,2026-08-05T16:00:00Z,46,8.711,,,Provisional/Provisoire,,
05EA012,2026-08-05T16:05:00Z,46,8.714,,,Provisional/Provisoire,,
05EA012,2026-08-05T16:10:00Z,46,8.714,,,Provisional/Provisoire,,
05EA012,2026-08-05T16:15:00Z,46,8.718,,,Provisional/Provisoire,,
05EA012,2026-08-05T16:20:00Z,46,8.716,,,Provisional/Provisoire,,
05EA012,2026-08-05T16:25:00Z,46,8.716,,,Provisional/Provisoire,,
05EA012,2026-08-05T16:30:00Z,46,8.718,,,Provisional/Provisoire,,
05EA012,2026-08-05T16:35:00Z,46,8.717,,,Provisional/Provisoire,,
05EA012,2026-08-05T16:40:00Z,46,8.718,,,Provisional/Provisoire,,
05EA012,2026-08-05T16:45:00Z,46,8.719,,,Provisional/Provisoire,,
05EA012,2026-08-05T16:50:00Z,46,8.717,,,Provisional/Provisoire,,
05EA012,2026-08-05T16:55:00Z,46,8.714,,,Provisional/Provisoire,,
05EA012,2026-08-05T17:00:00Z,46,8.714,,,Provisional/Provisoire,,
05EA012,2026-08-05T17:05:00Z,46,8.714,,,Provisional/Provisoire,,
05EA012,2026-08-05T17:10:00Z,46,8.714,,,Provisional/Provisoire,,
05EA012,2026-08-05T17:15:00Z,46,8.714,,,Provisional/Provisoire,,
05EA012,2026-08-05T17:20:00Z,46,8.714,,,Provisional/Provisoire,,
05EA012,2026-08-05T17:25:00Z,46,8.713,,,Provisional/Provisoire,,
05EA012,2026-08-05T17:30:00Z,46,8.714,,,Provisional/Provisoire,,
05EA012,2026-08-05T17:35:00Z,46,8.715,,,Provisional/Provisoire,,
05EA012,2026-08-05T17:40:00Z,46,8.716,,,Provisional/Provisoire,,
05EA012,2026-08-05T17:45:00Z,46,8.714,,,Provisional/Provisoire,,
05EA012,2026-08-05T17:50:00Z,46,8.716,,,Provisional/Provisoire,,
05EA012,2026-08-05T17:55:00Z,46,8.715,,,Provisional/Provisoire,,
05EA012,2026-08-05T18:00:00Z,46,8.715,,,Provisional/Provisoire,,
05EA012,2026-08-05T18:05:00Z,46,8.717,,,Provisional/Provisoire,,
05EA012,2026-08-05T18:10:00Z,46,8.715,,,Provisional/Provisoire,,
05EA012,2026-08-05T18:15:00Z,46,8.717,,,Provisional/Provisoire,,
05EA012,2026-08-05T18:20:00Z,46,8.719,,,Provisional/Provisoire,,
05EA012,2026-08-05T18:25:00Z,46,8.717,,,Provisional/Provisoire,,
05EA012,2026-08-05T18:30:00Z,46,8.719,,,Provisional/Provisoire,,
05EA012,2026-08-05T18:35:00Z,46,8.719,,,Provisional/Provisoire,,
05EA012,2026-08-05T18:40:00Z,46,8.720,,,Provisional/Provisoire,,
05EA012,2026-08-05T18:45:00Z,46,8.718,,,Provisional/Provisoire,,
05EA012,2026-08-05T18:50:00Z,46,8.719,,,Provisional/Provisoire,,
05EA012,2026-08-05T18:55:00Z,46,8.721,,,Provisional/Provisoire,,
05EA012,2026-08-05T19:00:00Z,46,8.722,,,Provisional/Provisoire,,
05EA012,2026-08-05T19:05:00Z,46,8.722,,,Provisional/Provisoire,,
05EA012,2026-08-05T19:10:00Z,46,8.723,,,Provisional/Provisoire,,
05EA012,2026-08-05T19:15:00Z,46,8.721,,,Provisional/Provisoire,,
05EA012,2026-08-05T19:20:00Z,46,8.723,,,Provisional/Provisoire,,
05EA012,2026-08-05T19:25:00Z,46,8.724,,,Provisional/Provisoire,,
05EA012,2026-08-05T19:30:00Z,46,8.723,,,Provisional/Provisoire,,
05EA012,2026-08-05T19:35:00Z,46,8.725,,,Provisional/Provisoire,,
05EA012,2026-08-05T19:40:00Z,46,8.727,,,Provisional/Provisoire,,
05EA012,2026-08-05T19:45:00Z,46,8.727,,,Provisional/Provisoire,,
05EA012,2026-08-05T19:50:00Z,46,8.727,,,Provisional/Provisoire,,
05EA012,2026-08-05T19:55:00Z,46,8.728,,,Provisional/Provisoire,,
05EA012,2026-08-05T20:00:00Z,46,8.730,,,Provisional/Provisoire,,
05EA012,2026-08-05T20:05:00Z,46,8.730,,,Provisional/Provisoire,,
05EA012,2026-08-05T20:10:00Z,46,8.733,,,Provisional/Provisoire,,
05EA012,2026-08-05T20:15:00Z,46,8.732,,,Provisional/Provisoire,,
05EA012,2026-08-05T20:20:00Z,46,8.733,,,Provisional/Provisoire,,
05EA012,2026-08-05T20:25:00Z,46,8.735,,,Provisional/Provisoire,,
05EA012,2026-08-05T20:30:00Z,46,8.738,,,Provisional/Provisoire,,
05EA012,2026-08-05T20:35:00Z,46,8.738,,,Provisional/Provisoire,,
05EA012,2026-08-05T20:40:00Z,46,8.741,,,Provisional/Provisoire,,
05EA012,2026-08-05T20:45:00Z,46,8.742,,,Provisional/Provisoire,,
05EA012,2026-08-05T20:50:00Z,46,8.744,,,Provisional/Provisoire,,
05EA012,2026-08-05T20:55:00Z,46,8.744,,,Provisional/Provisoire,,
05EA012,2026-08-05T21:00:00Z,46,8.746,,,Provisional/Provisoire,,
05EA012,2026-08-05T21:05:00Z,46,8.750,,,Provisional/Provisoire,,
05EA012,2026-08-05T21:10:00Z,46,8.751,,,Provisional/Provisoire,,
05EA012,2026-08-05T21:15:00Z,46,8.753,,,Provisional/Provisoire,,
05EA012,2026-08-05T21:20:00Z,46,8.754,,,Provisional/Provisoire,,
05EA012,2026-08-05T21:25:00Z,46,8.756,,,Provisional/Provisoire,,
05EA012,2026-08-05T21:30:00Z,46,8.759,,,Provisional/Provisoire,,
05EA012,2026-08-05T21:35:00Z,46,8.760,,,Provisional/Provisoire,,
05EA012,2026-08-05T21:40:00Z,46,8.761,,,Provisional/Provisoire,,
05EA012,2026-08-05T21:45:00Z,46,8.765,,,Provisional/Provisoire,,
05EA012,2026-08-05T21:50:00Z,46,8.766,,,Provisional/Provisoire,,
05EA012,2026-08-05T21:55:00Z,46,8.768,,,Provisional/Provisoire,,
05EA012,2026-08-05T22:00:00Z,46,8.770,,,Provisional/Provisoire,,
05EA012,2026-08-05T22:05:00Z,46,8.774,,,Provisional/Provisoire,,
05EA012,2026-08-05T22:10:00Z,46,8.773,,,Provisional/Provisoire,,
05EA012,2026-08-05T22:15:00Z,46,8.775,,,Provisional/Provisoire,,
05EA012,2026-08-05T22:20:00Z,46,8.780,,,Provisional/Provisoire,,
05EA012,2026-08-05T22:25:00Z,46,8.782,,,Provisional/Provisoire,,
05EA012,2026-08-05T22:30:00Z,46,8.782,,,Provisional/Provisoire,,
05EA012,2026-08-05T22:35:00Z,46,8.785,,,Provisional/Provisoire,,
05EA012,2026-08-05T22:40:00Z,46,8.783,,,Provisional/Provisoire,,
05EA012,2026-08-05T22:45:00Z,46,8.787,,,Provisional/Provisoire,,
05EA012,2026-08-05T22:50:00Z,46,8.790,,,Provisional/Provisoire,,
05EA012,2026-08-05T22:55:00Z,46,8.793,,,Provisional/Provisoire,,
05EA012,2026-08-05T23:00:00Z,46,8.794,,,Provisional/Provisoire,,
05EA012,2026-08-05T23:05:00Z,46,8.793,,,Provisional/Provisoire,,
05EA012,2026-08-05T23:10:00Z,46,8.795,,,Provisional/Provisoire,,
05EA012,2026-08-05T23:15:00Z,46,8.798,,,Provisional/Provisoire,,
05EA012,2026-08-05T23:20:00Z,46,8.801,,,Provisional/Provisoire,,
05EA012,2026-08-05T23:25:00Z,46,8.804,,,Provisional/Provisoire,,
05EA012,2026-08-05T23:30:00Z,46,8.802,,,Provisional/Provisoire,,
05EA012,2026-08-05T23:35:00Z,46,8.805,,,Provisional/Provisoire,,
05EA012,2026-08-05T23:40:00Z,46,8.807,,,Provisional/Provisoire,,
05EA012,2026-08-05T23:45:00Z,46,8.806,,,Provisional/Provisoire,,
05EA012,2026-08-05T23:50:00Z,46,8.811,,,Provisional/Provisoire,,
05EA012,2026-08-05T23:55:00Z,46,8.810,,,Provisional/Provisoire,,
05EA012,2026-08-06T00:00:00Z,46,8.812,,,Provisional/Provisoire,,
05EA012,2026-08-06T00:05:00Z,46,8.813,,,Provisional/Provisoire,,
05EA012,2026-08-06T00:10:00Z,46,8.816,,,Provisional/Provisoire,,
05EA012,2026-08-06T00:15:00Z,46,8.817,,,Provisional/Provisoire,,
05EA012,2026-08-06T00:20:00Z,46,8.816,,,Provisional/Provisoire,,
05EA012,2026-08-06T00:25:00Z,46,8.822,,,Provisional/Provisoire,,
05EA012,2026-08-06T00:30:00Z,46,8.823,,,Provisional/Provisoire,,
05EA012,2026-08-06T00:35:00Z,46,8.822,,,Provisional/Provisoire,,
05EA012,2026-08-06T00:40:00Z,46,8.822,,,Provisional/Provisoire,,
05EA012,2026-08-06T00:45:00Z,46,8.824,,,Provisional/Provisoire,,
05EA012,2026-08-06T00:50:00Z,46,8.826,,,Provisional/Provisoire,,
05EA012,2026-08-06T00:55:00Z,46,8.827,,,Provisional/Provisoire,,
05EA012,2026-08-06T01:00:00Z,46,8.828,,,Provisional/Provisoire,,
05EA012,2026-08-06T01:05:00Z,46,8.830,,,Provisional/Provisoire,,
05EA012,2026-08-06T01:10:00Z,46,8.829,,,Provisional/Provisoire,,
05EA012,2026-08-06T01:15:00Z,46,8.831,,,Provisional/Provisoire,,
05EA012,2026-08-06T01:20:00Z,46,8.830,,,Provisional/Provisoire,,
05EA012,2026-08-06T01:25:00Z,46,8.834,,,Provisional/Provisoire,,
05EA012,2026-08-06T01:30:00Z,46,8.834,,,Provisional/Provisoire,,
05EA012,2026-08-06T01:35:00Z,46,8.835,,,Provisional/Provisoire,,
05EA012,2026-08-06T01:40:00Z,46,8.834,,,Provisional/Provisoire,,
05EA012,2026-08-06T01:45:00Z,46,8.837,,,Provisional/Provisoire,,
05EA012,2026-08-06T01:50:00Z,46,8.837,,,Provisional/Provisoire,,
05EA012,2026-08-06T01:55:00Z,46,8.837,,,Provisional/Provisoire,,
05EA012,2026-08-06T02:00:00Z,46,8.839,,,Provisional/Provisoire,,
05EA012,2026-08-06T02:05:00Z,46,8.840,,,Provisional/Provisoire,,
05EA012,2026-08-06T02:10:00Z,46,8.841,,,Provisional/Provisoire,,
05EA012,2026-08-06T02:15:00Z,46,8.841,,,Provisional/Provisoire,,
05EA012,2026-08-06T02:20:00Z,46,8.838,,,Provisional/Provisoire,,
05EA012,2026-08-06T02:25:00Z,46,8.841,,,Provisional/Provisoire,,
05EA012,2026-08-06T02:30:00Z,46,8.840,,,Provisional/Provisoire,,
05EA012,2026-08-06T02:35:00Z,46,8.845,,,Provisional/Provisoire,,
05EA012,2026-08-06T02:40:00Z,46,8.843,,,Provisional/Provisoire,,
05EA012,2026-08-06T02:45:00Z,46,8.845,,,Provisional/Provisoire,,
05EA012,2026-08-06T02:50:00Z,46,8.843,,,Provisional/Provisoire,,
05EA012,2026-08-06T02:55:00Z,46,8.845,,,Provisional/Provisoire,,
05EA012,2026-08-06T03:00:00Z,46,8.847,,,Provisional/Provisoire,,
05EA012,2026-08-06T03:05:00Z,46,8.844,,,Provisional/Provisoire,,
05EA012,2026-08-06T03:10:00Z,46,8.848,,,Provisional/Provisoire,,
05EA012,2026-08-06T03:15:00Z,46,8.848,,,Provisional/Provisoire,,
05EA012,2026-08-06T03:20:00Z,46,8.848,,,Provisional/Provisoire,,
05EA012,2026-08-06T03:25:00Z,46,8.847,,,Provisional/Provisoire,,
05EA012,2026-08-06T03:30:00Z,46,8.848,,,Provisional/Provisoire,,
05EA012,2026-08-06T03:35:00Z,46,8.847,,,Provisional/Provisoire,,
05EA012,2026-08-06T03:40:00Z,46,8.849,,,Provisional/Provisoire,,
05EA012,2026-08-06T03:45:00Z,46,8.848,,,Provisional/Provisoire,,
05EA012,2026-08-06T03:50:00Z,46,8.848,,,Provisional/Provisoire,,
05EA012,2026-08-06T03:55:00Z,46,8.847,,,Provisional/Provisoire,,
05EA012,2026-08-06T04:00:00Z,46,8.849,,,Provisional/Provisoire,,
05EA012,2026-08-06T04:05:00Z,46,8.849,,,Provisional/Provisoire,,
05EA012,2026-08-06T04:10:00Z,46,8.849,,,Provisional/Provisoire,,
05EA012,2026-08-06T04:15:00Z,46,8.850,,,Provisional/Provisoire,,
05EA012,2026-08-06T04:20:00Z,46,8.847,,,Provisional/Provisoire,,
05EA012,2026-08-06T04:25:00Z,46,8.849,,,Provisional/Provisoire,,
05EA012,2026-08-06T04:30:00Z,46,8.848,,,Provisional/Provisoire,,
05EA012,2026-08-06T04:35:00Z,46,8.850,,,Provisional/Provisoire,,
05EA012,2026-08-06T04:40:00Z,46,8.847,,,Provisional/Provisoire,,
05EA012,2026-08-06T04:45:00Z,46,8.850,,,Provisional/Provisoire,,
05EA012,2026-08-06T04:50:00Z,46,8.850,,,Provisional/Provisoire,,
05EA012,2026-08-06T04:55:00Z,46,8.847,,,Provisional/Provisoire,,
05EA012,2026-08-06T05:00:00Z,46,8.847,,,Provisional/Provisoire,,
05EA012,2026-08-06T05:05:00Z,46,8.847,,,Provisional/Provisoire,,
05EA012,2026-08-06T05:10:00Z,46,8.848,,,Provisional/Provisoire,,
05EA012,2026-08-06T05:15:00Z,46,8.845,,,Provisional/Provisoire,,
05EA012,2026-08-06T05:20:00Z,46,8.845,,,Provisional/Provisoire,,
05EA012,2026-08-06T05:25:00Z,46,8.847,,,Provisional/Provisoire,,
05EA012,2026-08-06T05:30:00Z,46,8.845,,,Provisional/Provisoire,,
05EA012,2026-08-06T05:35:00Z,46,8.847,,,Provisional/Provisoire,,
05EA012,2026-08-06T05:40:00Z,46,8.845,,,Provisional/Provisoire,,
05EA012,2026-08-06T05:45:00Z,46,8.845,,,Provisional/Provisoire,,
05EA012,2026-08-06T05:50:00Z,46,8.843,,,Provisional/Provisoire,,
05EA012,2026-08-06T05:55:00Z,46,8.844,,,Provisional/Provisoire,,
05EA012,2026-08-06T06:00:00Z,46,8.842,,,Provisional/Provisoire,,
05EA012,2026-08-06T06:05:00Z,46,8.845,,,Provisional/Provisoire,,
05EA012,2026-08-06T06:10:00Z,46,8.842,,,Provisional/Provisoire,,
05EA012,2026-08-06T06:15:00Z,46,8.841,,,Provisional/Provisoire,,
05EA012,2026-08-06T06:20:00Z,46,8.843,,,Provisional/Provisoire,,
05EA012,2026-08-06T06:25:00Z,46,8.842,,,Provisional/Provisoire,,
05EA012,2026-08-06T06:30:00Z,46,8.840,,,Provisional/Provisoire,,
05EA012,2026-08-06T06:35:00Z,46,8.840,,,Provisional/Provisoire,,
05EA012,2026-08-06T06:40:00Z,46,8.840,,,Provisional/Provisoire,,
05EA012,2026-08-06T06:45:00Z,46,8.839,,,Provisional/Provisoire,,
05EA012,2026-08-06T06:50:00Z,46,8.839,,,Provisional/Provisoire,,
05EA012,2026-08-06T06:55:00Z,46,8.836,,,Provisional/Provisoire,,
05EA012,2026-08-06T07:00:00Z,46,8.837,,,Provisional/Provisoire,,
05EA012,2026-08-06T07:05:00Z,46,8.835,,,Provisional/Provisoire,,
05EA012,2026-08-06T07:10:00Z,46,8.838,,,Provisional/Provisoire,,
05EA012,2026-08-06T07:15:00Z,46,8.834,,,Provisional/Provisoire,,
05EA012,2026-08-06T07:20:00Z,46,8.833,,,Provisional/Provisoire,,
05EA012,2026-08-06T07:25:00Z,46,8.835,,,Provisional/Provisoire,,
05EA012,2026-08-06T07:30:00Z,46,8.833,,,Provisional/Provisoire,,
05EA012,2026-08-06T07:35:00Z,46,8.833,,,Provisional/Provisoire,,
05EA012,2026-08-06T07:40:00Z,46,8.832,,,Provisional/Provisoire,,
05EA012,2026-08-06T07:45:00Z,46,8.830,,,Provisional/Provisoire,,
05EA012,2026-08-06T07:50:00Z,46,8.830,,,Provisional/Provisoire,,
05EA012,2026-08-06T07:55:00Z,46,8.832,,,Provisional/Provisoire,,
05EA012,2026-08-06T08:00:00Z,46,8.831,,,Provisional/Provisoire,,
05EA012,2026-08-06T08:05:00Z,46,8.832,,,Provisional/Provisoire,,
05EA012,2026-08-06T08:10:00Z,46,8.828,,,Provisional/Provisoire,,
05EA012,2026-08-06T08:15:00Z,46,8.827,,,Provisional/Provisoire,,
05EA012,2026-08-06T08:20:00Z,46,8.826,,,Provisional/Provisoire,,
05EA012,2026-08-06T08:25:00Z,46,8.825,,,Provisional/Provisoire,,
05EA012,2026-08-06T08:30:00Z,46,8.827,,,Provisional/Provisoire,,
05EA012,2026-08-06T08:35:00Z,46,8.827,,,Provisional/Provisoire,,
05EA012,2026-08-06T08:40:00Z,46,8.826,,,Provisional/Provisoire,,
05EA012,2026-08-06T08:45:00Z,46,8.823,,,Provisional/Provisoire,,
05EA012,2026-08-06T08:50:00Z,46,8.824,,,Provisional/Provisoire,,
05EA012,2026-08-06T08:55:00Z,46,8.820,,,Provisional/Provisoire,,
05EA012,2026-08-06T09:00:00Z,46,8.822,,,Provisional/Provisoire,,
05EA012,2026-08-06T09:05:00Z,46,8.819,,,Provisional/Provisoire,,
05EA012,2026-08-06T09:10:00Z,46,8.818,,,Provisional/Provisoire,,
05EA012,2026-08-06T09:15:00Z,46,8.819,,,Provisional/Provisoire,,
05EA012,2026-08-06T09:20:00Z,46,8.818,,,Provisional/Provisoire,,
05EA012,2026-08-06T09:25:00Z,46,8.820,,,Provisional/Provisoire,,
05EA012,2026-08-06T09:30:00Z,46,8.820,,,Provisional/Provisoire,,
05EA012,2026-08-06T09:35:00Z,46,8.816,,,Provisional/Provisoire,,
05EA012,2026-08-06T09:40:00Z,46,8.816,,,Provisional/Provisoire,,
05EA012,2026-08-06T09:45:00Z,46,8.816,,,Provisional/Provisoire,,
05EA012,2026-08-06T09:50:00Z,46,8.814,,,Provisional/Provisoire,,
05EA012,2026-08-06T09:55:00Z,46,8.815,,,Provisional/Provisoire,,
05EA012,2026-08-06T10:00:00Z,46,8.814,,,Provisional/Provisoire,,
05EA012,2026-08-06T10:05:00Z,46,8.815,,,Provisional/Provisoire,,
05EA012,2026-08-06T10:10:00Z,46,8.813,,,Provisional/Provisoire,,
05EA012,2026-08-06T10:15:00Z,46,8.811,,,Provisional/Provisoire,,
05EA012,2026-08-06T10:20:00Z,46,8.812,,,Provisional/Provisoire,,
05EA012,2026-08-06T10:25:00Z,46,8.811,,,Provisional/Provisoire,,
05EA012,2026-08-06T10:30:00Z,46,8.811,,,Provisional/Provisoire,,
05EA012,2026-08-06T10:35:00Z,46,8.810,,,Provisional/Provisoire,,
05EA012,2026-08-06T10:40:00Z,46,8.811,,,Provisional/Provisoire,,
05EA012,2026-08-06T10:45:00Z,46,8.806,,,Provisional/Provisoire,,
05EA012,2026-08-06T10:50:00Z,46,8.808,,,Provisional/Provisoire,,
05EA012,2026-08-06T10:55:00Z,46,8.806,,,Provisional/Provisoire,,
05EA012,2026-08-06T11:00:00Z,46,8.804,,,Provisional/Provisoire,,
05EA012,2026-08-06T11:05:00Z,46,8.805,,,Provisional/Provisoire,,
05EA012,2026-08-06T11:10:00Z,46,8.802,,,Provisional/Provisoire,,
05EA012,2026-08-06T11:15:00Z,46,8.799,,,Provisional/Provisoire,,
05EA012,2026-08-06T11:20:00Z,46,8.802,,,Provisional/Provisoire,,
05EA012,2026-08-06T11:25:00Z,46,8.802,,,Provisional/Provisoire,,
05EA012,2026-08-06T11:30:00Z,46,8.804,,,Provisional/Provisoire,,
05EA012,2026-08-06T11:35:00Z,46,8.803,,,Provisional/Provisoire,,
05EA012,2026-08-06T11:40:00Z,46,8.802,,,Provisional/Provisoire,,
05EA012,2026-08-06T11:45:00Z,46,8.802,,,Provisional/Provisoire,,
05EA012,2026-08-06T11:50:00Z,46,8.798,,,Provisional/Provisoire,,
05EA012,2026-08-06T11:55:00Z,46,8.800,,,Provisional/Provisoire,,
05EA012,2026-08-06T12:00:00Z,46,8.800,,,Provisional/Provisoire,,
05EA012,2026-08-06T12:05:00Z,46,8.799,,,Provisional/Provisoire,,
05EA012,2026-08-06T12:10:00Z,46,8.799,,,Provisional/Provisoire,,
05EA012,2026-08-06T12:15:00Z,46,8.799,,,Provisional/Provisoire,,
05EA012,2026-08-06T12:20:00Z,46,8.797,,,Provisional/Provisoire,,
05EA012,2026-08-06T12:25:00Z,46,8.797,,,Provisional/Provisoire,,
05EA012,2026-08-06T12:30:00Z,46,8.796,,,Provisional/Provisoire,,
05EA012,2026-08-06T12:35:00Z,46,8.794,,,Provisional/Provisoire,,
05EA012,2026-08-06T12:40:00Z,46,8.796,,,Provisional/Provisoire,,
05EA012,2026-08-06T12:45:00Z,46,8.795,,,Provisional/Provisoire,,
05EA012,2026-08-06T12:50:00Z,46,8.794,,,Provisional/Provisoire,,
05EA012,2026-08-06T12:55:00Z,46,8.794,,,Provisional/Provisoire,,
05EA012,2026-08-06T13:00:00Z,46,8.792,,,Provisional/Provisoire,,
05EA012,2026-08-06T13:05:00Z,46,8.793,,,Provisional/Provisoire,,
05EA012,2026-08-06T13:10:00Z,46,8.792,,,Provisional/Provisoire,,
05EA012,2026-08-06T13:15:00Z,46,8.792,,,Provisional/Provisoire,,
05EA012,2026-08-06T13:20:00Z,46,8.790,,,Provisional/Provisoire,,
05EA012,2026-08-06T13:25:00Z,46,8.793,,,Provisional/Provisoire,,
05EA012,2026-08-06T13:30:00Z,46,8.790,,,Provisional/Provisoire,,
05EA012,2026-08-06T13:35:00Z,46,8.792,,,Provisional/Provisoire,,
05EA012,2026-08-06T13:40:00Z,46,8.790,,,Provisional/Provisoire,,
05EA012,2026-08-06T13:45:00Z,46,8.788,,,Provisional/Provisoire,,
05EA012,2026-08-06T13:50:00Z,46,8.790,,,Provisional/Provisoire,,
05EA012,2026-08-06T13:55:00Z,46,8.790,,,Provisional/Provisoire,,
05EA012,2026-08-06T14:00:00Z,46,8.788,,,Provisional/Provisoire,,
05EA012,2026-08-06T14:05:00Z,46,8.786,,,Provisional/Provisoire,,
05EA012,2026-08-06T14:10:00Z,46,8.787,,,Provisional/Provisoire,,
05EA012,2026-08-06T14:15:00Z,46,8.788,,,Provisional/Provisoire,,
05EA012,2026-08-06T14:20:00Z,46,8.786,,,Provisional/Provisoire,,
05EA012,2026-08-06T14:25:00Z,46,8.785,,,Provisional/Provisoire,,
05EA012,2026-08-06T14:30:00Z,46,8.788,,,Provisional/Provisoire,,
05EA012,2026-08-06T14:35:00Z,46,8.785,,,Provisional/Provisoire,,
05EA012,2026-08-06T14:40:00Z,46,8.785,,,Provisional/Provisoire,,
05EA012,2026-08-06T14:45:00Z,46,8.784,,,Provisional/Provisoire,,
05EA012,2026-08-06T14:50:00Z,46,8.783,,,Provisional/Provisoire,,
05EA012,2026-08-06T14:55:00Z,46,8.786,,,Provisional/Provisoire,,
05EA012,2026-08-06T15:00:00Z,46,8.783,,,Provisional/Provisoire,,
05EA012,2026-08-06T15:05:00Z,46,8.783,,,Provisional/Provisoire,,
05EA012,2026-08-06T15:10:00Z,46,8.784,,,Provisional/Provisoire,,
05EA012,2026-08-06T15:15:00Z,46,8.784,,,Provisional/Provisoire,,
05EA012,2026-08-06T15:20:00Z,46,8.780,,,Provisional/Provisoire,,
05EA012,2026-08-06T15:25:00Z,46,8.781,,,Provisional/Provisoire,,
05EA012,2026-08-06T15:30:00Z,46,8.782,,,Provisional/Provisoire,,
05EA012,2026-08-06T15:35:00Z,46,8.780,,,Provisional/Provisoire,,
05EA012,2026-08-06T15:40:00Z,46,8.781,,,Provisional/Provisoire,,
05EA012,2026-08-06T15:45:00Z,46,8.781,,,Provisional/Provisoire,,
05EA012,2026-08-06T15:50:00Z,46,8.780,,,Provisional/Provisoire,,
05EA012,2026-08-06T15:55:00Z,46,8.778,,,Provisional/Provisoire,,
05EA012,2026-08-06T16:00:00Z,46,8.780,,,Provisional/Provisoire,,
05EA012,2026-08-06T16:05:00Z,46,8.778,,,Provisional/Provisoire,,
05EA012,2026-08-06T16:10:00Z,46,8.779,,,Provisional/Provisoire,,
05EA012,2026-08-06T16:15:00Z,46,8.776,,,Provisional/Provisoire,,
05EA012,2026-08-06T16:20:00Z,46,8.778,,,Provisional/Provisoire,,
05EA012,2026-08-06T16:25:00Z,46,8.778,,,Provisional/Provisoire,,
05EA012,2026-08-06T16:30:00Z,46,8.776,,,Provisional/Provisoire,,
05EA012,2026-08-06T16:35:00Z,46,8.774,,,Provisional/Provisoire,,
05EA012,2026-08-06T16:40:00Z,46,8.775,,,Provisional/Provisoire,,
05EA012,2026-08-06T16:45:00Z,46,8.776,,,Provisional/Provisoire,,
05EA012,2026-08-06T16:50:00Z,46,8.776,,,Provisional/Provisoire,,
05EA012,2026-08-06T16:55:00Z,46,8.774,,,Provisional/Provisoire,,
05EA012,2026-08-06T17:00:00Z,46,8.775,,,Provisional/Provisoire,,
05EA012,2026-08-06T17:05:00Z,46,8.774,,,Provisional/Provisoire,,
05EA012,2026-08-06T17:10:00Z,46,8.773,,,Provisional/Provisoire,,
05EA012,2026-08-06T17:15:00Z,46,8.773,,,Provisional/Provisoire,,
05EA012,2026-08-06T17:20:00Z,46,8.773,,,Provisional/Provisoire,,
05EA012,2026-08-06T17:25:00Z,46,8.773,,,Provisional/Provisoire,,
05EA012,2026-08-06T17:30:00Z,46,8.773,,,Provisional/Provisoire,,
05EA012,2026-08-06T17:35:00Z,46,8.772,,,Provisional/Provisoire,,
05EA012,2026-08-06T17:40:00Z,46,8.771,,,Provisional/Provisoire,,
05EA012,2026-08-06T17:45:00Z,46,8.770,,,Provisional/Provisoire,,
05EA012,2026-08-06T17:50:00Z,46,8.770,,,Provisional/Provisoire,,
05EA012,2026-08-06T17:55:00Z,46,8.768,,,Provisional/Provisoire,,
05EA012,2026-08-06T18:00:00Z,46,8.768,,,Provisional/Provisoire,,
05EA012,2026-08-06T18:05:00Z,46,8.768,,,Provisional/Provisoire,,
05EA012,2026-08-06T18:10:00Z,46,8.769,,,Provisional/Provisoire,,
05EA012,2026-08-06T18:15:00Z,46,8.769,,,Provisional/Provisoire,,
05EA012,2026-08-06T18:20:00Z,46,8.766,,,Provisional/Provisoire,,
05EA012,2026-08-06T18:25:00Z,46,8.766,,,Provisional/Provisoire,,
05EA012,2026-08-06T18:30:00Z,46,8.764,,,Provisional/Provisoire,,
05EA012,2026-08-06T18:35:00Z,46,8.767,,,Provisional/Provisoire,,
05EA012,2026-08-06T18:40:00Z,46,8.767,,,Provisional/Provisoire,,
05EA012,2026-08-06T18:45:00Z,46,8.767,,,Provisional/Provisoire,,
05EA012,2026-08-06T18:50:00Z,46,8.764,,,Provisional/Provisoire,,
05EA012,2026-08-06T18:55:00Z,46,8.764,,,Provisional/Provisoire,,
05EA012,2026-08-06T19:00:00Z,46,8.763,,,Provisional/Provisoire,,
05EA012,2026-08-06T19:05:00Z,46,8.763,,,Provisional/Provisoire,,
05EA012,2026-08-06T19:10:00Z,46,8.764,,,Provisional/Provisoire,,
05EA012,2026-08-06T19:15:00Z,46,8.765,,,Provisional/Provisoire,,
05EA012,2026-08-06T19:20:00Z,46,8.762,,,Provisional/Provisoire,,
05EA012,2026-08-06T19:25:00Z,46,8.762,,,Provisional/Provisoire,,
05EA012,2026-08-06T19:30:00Z,46,8.763,,,Provisional/Provisoire,,
05EA012,2026-08-06T19:35:00Z,46,8.761,,,Provisional/Provisoire,,
05EA012,2026-08-06T19:40:00Z,46,8.763,,,Provisional/Provisoire,,
05EA012,2026-08-06T19:45:00Z,46,8.763,,,Provisional/Provisoire,,
05EA012,2026-08-06T19:50:00Z,46,8.763,,,Provisional/Provisoire,,
05EA012,2026-08-06T19:55:00Z,46,8.760,,,Provisional/Provisoire,,
05EA012,2026-08-06T20:00:00Z,46,8.762,,,Provisional/Provisoire,,
05EA012,2026-08-06T20:05:00Z,46,8.760,,,Provisional/Provisoire,,
05EA012,2026-08-06T20:10:00Z,46,8.761,,,Provisional/Provisoire,,
05EA012,2026-08-06T20:15:00Z,46,8.761,,,Provisional/Provisoire,,
05EA012,2026-08-06T20:20:00Z,46,8.759,,,Provisional/Provisoire,,
05EA012,2026-08-06T20:25:00Z,46,8.760,,,Provisional/Provisoire,,
05EA012,2026-08-06T20:30:00Z,46,8.759,,,Provisional/Provisoire,,
05EA012,2026-08-06T20:35:00Z,46,8.760,,,Provisional/Provisoire,,
05EA012,2026-08-06T20:40:00Z,46,8.760,,,Provisional/Provisoire,,
05EA012,2026-08-06T20:45:00Z,46,8.758,,,Provisional/Provisoire,,
05EA012,2026-08-06T20:50:00Z,46,8.758,,,Provisional/Provisoire,,
05EA012,2026-08-06T20:55:00Z,46,8.758,,,Provisional/Provisoire,,
05EA012,2026-08-06T21:00:00Z,46,8.756,,,Provisional/Provisoire,,
05EA012,2026-08-06T21:05:00Z,46,8.757,,,Provisional/Provisoire,,
05EA012,2026-08-06T21:10:00Z,46,8.756,,,Provisional/Provisoire,,
05EA012,2026-08-06T21:15:00Z,46,8.758,,,Provisional/Provisoire,,
05EA012,2026-08-06T21:20:00Z,46,8.756,,,Provisional/Provisoire,,
05EA012,2026-08-06T21:25:00Z,46,8.758,,,Provisional/Provisoire,,
05EA012,2026-08-06T21:30:00Z,46,8.758,,,Provisional/Provisoire,,
05EA012,2026-08-06T21:35:00Z,46,8.756,,,Provisional/Provisoire,,
05EA012,2026-08-06T21:40:00Z,46,8.757,,,Provisional/Provisoire,,
05EA012,2026-08-06T21:45:00Z,46,8.756,,,Provisional/Provisoire,,
05EA012,2026-08-06T21:50:00Z,46,8.755,,,Provisional/Provisoire,,
05EA012,2026-08-06T21:55:00Z,46,8.755,,,Provisional/Provisoire,,
05EA012,2026-08-06T22:00:00Z,46,8.756,,,Provisional/Provisoire,,
05EA012,2026-08-06T22:05:00Z,46,8.755,,,Provisional/Provisoire,,
05EA012,2026-08-06T22:10:00Z,46,8.753,,,Provisional/Provisoire,,
05EA012,2026-08-06T22:15:00Z,46,8.753,,,Provisional/Provisoire,,
05EA012,2026-08-06T22:20:00Z,46,8.755,,,Provisional/Provisoire,,
05EA012,2026-08-06T22:25:00Z,46,8.753,,,Provisional/Provisoire,,
05EA012,2026-08-06T22:30:00Z,46,8.753,,,Provisional/Provisoire,,
05EA012,2026-08-06T22:35:00Z,46,8.753,,,Provisional/Provisoire,,
05EA012,2026-08-06T22:40:00Z,46,8.753,,,Provisional/Provisoire,,
05EA012,2026-08-06T22:45:00Z,46,8.754,,,Provisional/Provisoire,,
05EA012,2026-08-06T22:50:00Z,46,8.754,,,Provisional/Provisoire,,
05EA012,2026-08-06T22:55:00Z,46,8.754,,,Provisional/Provisoire,,
05EA012,2026-08-06T23:00:00Z,46,8.752,,,Provisional/Provisoire,,
05EA012,2026-08-06T23:05:00Z,46,8.752,,,Provisional/Provisoire,,
05EA012,2026-08-06T23:10:00Z,46,8.753,,,Provisional/Provisoire,,
05EA012,2026-08-06T23:15:00Z,46,8.752,,,Provisional/Provisoire,,
05EA012,2026-08-06T23:20:00Z,46,8.752,,,Provisional/Provisoire,,
05EA012,2026-08-06T23:25:00Z,46,8.751,,,Provisional/Provisoire,,
05EA012,2026-08-06T23:30:00Z,46,8.750,,,Provisional/Provisoire,,
05EA012,2026-08-06T23:35:00Z,46,8.751,,,Provisional/Provisoire,,
05EA012,2026-08-06T23:40:00Z,46,8.749,,,Provisional/Provisoire,,
05EA012,2026-08-06T23:45:00Z,46,8.751,,,Provisional/Provisoire,,
05EA012,2026-08-06T23:50:00Z,46,8.748,,,Provisional/Provisoire,,
05EA012,2026-08-06T23:55:00Z,46,8.750,,,Provisional/Provisoire,,
05EA012,2026-08-07T00:00:00Z,46,8.748,,,Provisional/Provisoire,,
05EA012,2026-08-07T00:05:00Z,46,8.750,,,Provisional/Provisoire,,
05EA012,2026-08-07T00:10:00Z,46,8.749,,,Provisional/Provisoire,,
05EA012,2026-08-07T00:15:00Z,46,8.747,,,Provisional/Provisoire,,
05EA012,2026-08-07T00:20:00Z,46,8.748,,,Provisional/Provisoire,,
05EA012,2026-08-07T00:25:00Z,46,8.748,,,Provisional/Provisoire,,
05EA012,2026-08-07T00:30:00Z,46,8.748,,,Provisional/Provisoire,,
05EA012,2026-08-07T00:35:00Z,46,8.749,,,Provisional/Provisoire,,
05EA012,2026-08-07T00:40:00Z,46,8.747,,,Provisional/Provisoire,,
05EA012,2026-08-07T00:45:00Z,46,8.747,,,Provisional/Provisoire,,
05EA012,2026-08-07T00:50:00Z,46,8.748,,,Provisional/Provisoire,,
05EA012,2026-08-07T00:55:00Z,46,8.746,,,Provisional/Provisoire,,
05EA012,2026-08-07T01:00:00Z,46,8.746,,,Provisional/Provisoire,,
05EA012,2026-08-07T01:05:00Z,46,8.747,,,Provisional/Provisoire,,
05EA012,2026-08-07T01:10:00Z,46,8.745,,,Provisional/Provisoire,,
05EA012,2026-08-07T01:15:00Z,46,8.745,,,Provisional/Provisoire,,
05EA012,2026-08-07T01:20:00Z,46,8.747,,,Provisional/Provisoire,,
05EA012,2026-08-07T01:25:00Z,46,8.746,,,Provisional/Provisoire,,
05EA012,2026-08-07T01:30:00Z,46,8.747,,,Provisional/Provisoire,,
05EA012,2026-08-07T01:35:00Z,46,8.744,,,Provisional/Provisoire,,
05EA012,2026-08-07T01:40:00Z,46,8.744,,,Provisional/Provisoire,,
05EA012,2026-08-07T01:45:00Z,46,8.746,,,Provisional/Provisoire,,
05EA012,2026-08-07T01:50:00Z,46,8.744,,,Provisional/Provisoire,,
05EA012,2026-08-07T01:55:00Z,46,8.743,,,Provisional/Provisoire,,
05EA012,2026-08-07T02:00:00Z,46,8.745,,,Provisional/Provisoire,,
05EA012,2026-08-07T02:05:00Z,46,8.744,,,Provisional/Provisoire,,
05EA012,2026-08-07T02:10:00Z,46,8.743,,,Provisional/Provisoire,,
05EA012,2026-08-07T02:15:00Z,46,8.743,,,Provisional/Provisoire,,
05EA012,2026-08-07T02:20:00Z,46,8.744,,,Provisional/Provisoire,,
05EA012,2026-08-07T02:25:00Z,46,8.744,,,Provisional/Provisoire,,
05EA012,2026-08-07T02:30:00Z,46,8.741,,,Provisional/Provisoire,,
05EA012,2026-08-07T02:35:00Z,46,8.742,,,Provisional/Provisoire,,
05EA012,2026-08-07T02:40:00Z,46,8.742,,,Provisional/Provisoire,,
05EA012,2026-08-07T02:45:00Z,46,8.741,,,Provisional/Provisoire,,
05EA012,2026-08-07T02:50:00Z,46,8.741,,,Provisional/Provisoire,,
05EA012,2026-08-07T02:55:00Z,46,8.742,,,Provisional/Provisoire,,
05EA012,2026-08-07T03:00:00Z,46,8.741,,,Provisional/Provisoire,,
05EA012,2026-08-07T03:05:00Z,46,8.742,,,Provisional/Provisoire,,
05EA012,2026-08-07T03:10:00Z,46,8.740,,,Provisional/Provisoire,,
05EA012,2026-08-07T03:15:00Z,46,8.740,,,Provisional/Provisoire,,
05EA012,2026-08-07T03:20:00Z,46,8.741,,,Provisional/Provisoire,,
05EA012,2026-08-07T03:25:00Z,46,8.742,,,Provisional/Provisoire,,
05EA012,2026-08-07T03:30:00Z,46,8.742,,,Provisional/Provisoire,,
05EA012,2026-08-07T03:35:00Z,46,8.741,,,Provisional/Provisoire,,
05EA012,2026-08-07T03:40:00Z,46,8.740,,,Provisional/Provisoire,,
05EA012,2026-08-07T03:45:00Z,46,8.741,,,Provisional/Provisoire,,
05EA012,2026-08-07T03:50:00Z,46,8.740,,,Provisional/Provisoire,,
05EA012,2026-08-07T03:55:00Z,46,8.740,,,Provisional/Provisoire,,
05EA012,2026-08-07T04:00:00Z,46,8.739,,,Provisional/Provisoire,,
05EA012,2026-08-07T04:05:00Z,46,8.739,,,Provisional/Provisoire,,
05EA012,2026-08-07T04:10:00Z,46,8.739,,,Provisional/Provisoire,,
05EA012,2026-08-07T04:15:00Z,46,8.738,,,Provisional/Provisoire,,
05EA012,2026-08-07T04:20:00Z,46,8.739,,,Provisional/Provisoire,,
05EA012,2026-08-07T04:25:00Z,46,8.737,,,Provisional/Provisoire,,
05EA012,2026-08-07T04:30:00Z,46,8.738,,,Provisional/Provisoire,,
05EA012,2026-08-07T04:35:00Z,46,8.738,,,Provisional/Provisoire,,
05EA012,2026-08-07T04:40:00Z,46,8.739,,,Provisional/Provisoire,,
05EA012,2026-08-07T04:45:00Z,46,8.737,,,Provisional/Provisoire,,
05EA012,2026-08-07T04:50:00Z,46,8.735,,,Provisional/Provisoire,,
05EA012,2026-08-07T04:55:00Z,46,8.736,,,Provisional/Provisoire,,
05EA012,2026-08-07T05:00:00Z,46,8.738,,,Provisional/Provisoire,,
05EA012,2026-08-07T05:05:00Z,46,8.736,,,Provisional/Provisoire,,
05EA012,2026-08-07T05:10:00Z,46,8.735,,,Provisional/Provisoire,,
05EA012,2026-08-07T05:15:00Z,46,8.737,,,Provisional/Provisoire,,
05EA012,2026-08-07T05:20:00Z,46,8.736,,,Provisional/Provisoire,,
05EA012,2026-08-07T05:25:00Z,46,8.736,,,Provisional/Provisoire,,
05EA012,2026-08-07T05:30:00Z,46,8.736,,,Provisional/Provisoire,,
05EA012,2026-08-07T05:35:00Z,46,8.736,,,Provisional/Provisoire,,
05EA012,2026-08-07T05:40:00Z,46,8.735,,,Provisional/Provisoire,,
05EA012,2026-08-07T05:45:00Z,46,8.734,,,Provisional/Provisoire,,
05EA012,2026-08-07T05:50:00Z,46,8.735,,,Provisional/Provisoire,,
05EA012,2026-08-07T05:55:00Z,46,8.735,,,Provisional/Provisoire,,
05EA012,2026-08-07T06:00:00Z,46,8.735,,,Provisional/Provisoire,,
05EA012,2026-08-07T06:05:00Z,46,8.731,,,Provisional/Provisoire,,
05EA012,2026-08-07T06:10:00Z,46,8.733,,,Provisional/Provisoire,,
05EA012,2026-08-07T06:15:00Z,46,8.735,,,Provisional/Provisoire,,
05EA012,2026-08-07T06:20:00Z,46,8.734,,,Provisional/Provisoire,,
05EA012,2026-08-07T06:25:00Z,46,8.734,,,Provisional/Provisoire,,
05EA012,2026-08-07T06:30:00Z,46,8.734,,,Provisional/Provisoire,,
05EA012,2026-08-07T06:35:00Z,46,8.733,,,Provisional/Provisoire,,
05EA012,2026-08-07T06:40:00Z,46,8.732,,,Provisional/Provisoire,,
05EA012,2026-08-07T06:45:00Z,46,8.733,,,Provisional/Provisoire,,
05EA012,2026-08-07T06:50:00Z,46,8.731,,,Provisional/Provisoire,,
05EA012,2026-08-07T06:55:00Z,46,8.733,,,Provisional/Provisoire,,
05EA012,2026-08-07T07:00:00Z,46,8.733,,,Provisional/Provisoire,,
05EA012,2026-08-07T07:05:00Z,46,8.731,,,Provisional/Provisoire,,
05EA012,2026-08-07T07:10:00Z,46,8.731,,,Provisional/Provisoire,,
05EA012,2026-08-07T07:15:00Z,46,8.732,,,Provisional/Provisoire,,
05EA012,2026-08-07T07:20:00Z,46,8.732,,,Provisional/Provisoire,,
05EA012,2026-08-07T07:25:00Z,46,8.731,,,Provisional/Provisoire,,
05EA012,2026-08-07T07:30:00Z,46,8.730,,,Provisional/Provisoire,,
05EA012,2026-08-07T07:35:00Z,46,8.730,,,Provisional/Provisoire,,
05EA012,2026-08-07T07:40:00Z,46,8.731,,,Provisional/Provisoire,,
05EA012,2026-08-07T07:45:00Z,46,8.730,,,Provisional/Provisoire,,
05EA012,2026-08-07T07:50:00Z,46,8.727,,,Provisional/Provisoire,,
05EA012,2026-08-07T07:55:00Z,46,8.729,,,Provisional/Provisoire,,
05EA012,2026-08-07T08:00:00Z,46,8.728,,,Provisional/Provisoire,,
05EA012,2026-08-07T08:05:00Z,46,8.727,,,Provisional/Provisoire,,
05EA012,2026-08-07T08:10:00Z,46,8.728,,,Provisional/Provisoire,,
05EA012,2026-08-07T08:15:00Z,46,8.726,,,Provisional/Provisoire,,
05EA012,2026-08-07T08:20:00Z,46,8.728,,,Provisional/Provisoire,,
05EA012,2026-08-07T08:25:00Z,46,8.727,,,Provisional/Provisoire,,
05EA012,2026-08-07T08:30:00Z,46,8.726,,,Provisional/Provisoire,,
05EA012,2026-08-07T08:35:00Z,46,8.725,,,Provisional/Provisoire,,
05EA012,2026-08-07T08:40:00Z,46,8.727,,,Provisional/Provisoire,,
05EA012,2026-08-07T08:45:00Z,46,8.727,,,Provisional/Provisoire,,
05EA012,2026-08-07T08:50:00Z,46,8.727,,,Provisional/Provisoire,,
05EA012,2026-08-07T08:55:00Z,46,8.726,,,Provisional/Provisoire,,
05EA012,2026-08-07T09:00:00Z,46,8.724,,,Provisional/Provisoire,,
05EA012,2026-08-07T09:05:00Z,46,8.726,,,Provisional/Provisoire,,
05EA012,2026-08-07T09:10:00Z,46,8.723,,,Provisional/Provisoire,,
05EA012,2026-08-07T09:15:00Z,46,8.723,,,Provisional/Provisoire,,
05EA012,2026-08-07T09:20:00Z,46,8.723,,,Provisional/Provisoire,,
05EA012,2026-08-07T09:25:00Z,46,8.724,,,Provisional/Provisoire,,
05EA012,2026-08-07T09:30:00Z,46,8.724,,,Provisional/Provisoire,,
05EA012,2026-08-07T09:35:00Z,46,8.723,,,Provisional/Provisoire,,
05EA012,2026-08-07T09:40:00Z,46,8.723,,,Provisional/Provisoire,,
05EA012,2026-08-07T09:45:00Z,46,8.724,,,Provisional/Provisoire,,
05EA012,2026-08-07T09:50:00Z,46,8.722,,,Provisional/Provisoire,,
05EA012,2026-08-07T09:55:00Z,46,8.722,,,Provisional/Provisoire,,
05EA012,2026-08-07T10:00:00Z,46,8.723,,,Provisional/Provisoire,,
05EA012,2026-08-07T10:05:00Z,46,8.722,,,Provisional/Provisoire,,
05EA012,2026-08-07T10:10:00Z,46,8.721,,,Provisional/Provisoire,,
05EA012,2026-08-07T10:15:00Z,46,8.723,,,Provisional/Provisoire,,
05EA012,2026-08-07T10:20:00Z,46,8.721,,,Provisional/Provisoire,,
05EA012,2026-08-07T10:25:00Z,46,8.721,,,Provisional/Provisoire,,
05EA012,2026-08-07T10:30:00Z,46,8.721,,,Provisional/Provisoire,,
05EA012,2026-08-07T10:35:00Z,46,8.720,,,Provisional/Provisoire,,
05EA012,2026-08-07T10:40:00Z,46,8.721,,,Provisional/Provisoire,,
05EA012,2026-08-07T10:45:00Z,46,8.723,,,Provisional/Provisoire,,
05EA012,2026-08-07T10:50:00Z,46,8.722,,,Provisional/Provisoire,,
05EA012,2026-08-07T10:55:00Z,46,8.722,,,Provisional/Provisoire,,
05EA012,2026-08-07T11:00:00Z,46,8.721,,,Provisional/Provisoire,,
05EA012,2026-08-07T11:05:00Z,46,8.720,,,Provisional/Provisoire,,
05EA012,2026-08-07T11:10:00Z,46,8.720,,,Provisional/Provisoire,,
05EA012,2026-08-07T11:15:00Z,46,8.720,,,Provisional/Provisoire,,
05EA012,2026-08-07T11:20:00Z,46,8.720,,,Provisional/Provisoire,,
05EA012,2026-08-07T11:25:00Z,46,8.721,,,Provisional/Provisoire,,
05EA012,2026-08-07T11:30:00Z,46,8.720,,,Provisional/Provisoire,,
05EA012,2026-08-07T11:35:00Z,46,8.721,,,Provisional/Provisoire,,
05EA012,2026-08-07T11:40:00Z,46,8.720,,,Provisional/Provisoire,,
05EA012,2026-08-07T11:45:00Z,46,8.721,,,Provisional/Provisoire,,
05EA012,2026-08-07T11:50:00Z,46,8.720,,,Provisional/Provisoire,,
05EA012,2026-08-07T11:55:00Z,46,8.718,,,Provisional/Provisoire,,
05EA012,2026-08-07T12:00:00Z,46,8.718,,,Provisional/Provisoire,,
05EA012,2026-08-07T12:05:00Z,46,8.720,,,Provisional/Provisoire,,
05EA012,2026-08-07T12:10:00Z,46,8.717,,,Provisional/Provisoire,,
05EA012,2026-08-07T12:15:00Z,46,8.717,,,Provisional/Provisoire,,
05EA012,2026-08-07T12:20:00Z,46,8.717,,,Provisional/Provisoire,,
05EA012,2026-08-07T12:25:00Z,46,8.717,,,Provisional/Provisoire,,
05EA012,2026-08-07T12:30:00Z,46,8.718,,,Provisional/Provisoire,,
05EA012,2026-08-07T12:35:00Z,46,8.718,,,Provisional/Provisoire,,
05EA012,2026-08-07T12:40:00Z,46,8.716,,,Provisional/Provisoire,,
05EA012,2026-08-07T12:45:00Z,46,8.717,,,Provisional/Provisoire,,
05EA012,2026-08-07T12:50:00Z,46,8.716,,,Provisional/Provisoire,,
05EA012,2026-08-07T12:55:00Z,46,8.716,,,Provisional/Provisoire,,
05EA012,2026-08-07T13:00:00Z,46,8.716,,,Provisional/Provisoire,,
05EA012,2026-08-07T13:05:00Z,46,8.715,,,Provisional/Provisoire,,
05EA012,2026-08-07T13:10:00Z,46,8.715,,,Provisional/Provisoire,,
05EA012,2026-08-07T13:15:00Z,46,8.714,,,Provisional/Provisoire,,
05EA012,2026-08-07T13:20:00Z,46,8.714,,,Provisional/Provisoire,,
05EA012,2026-08-07T13:25:00Z,46,8.713,,,Provisional/Provisoire,,
05EA012,2026-08-07T13:30:00Z,46,8.714,,,Provisional/Provisoire,,
05EA012,2026-08-07T13:35:00Z,46,8.714,,,Provisional/Provisoire,,
05EA012,2026-08-07T13:40:00Z,46,8.714,,,Provisional/Provisoire,,
05EA012,2026-08-07T13:45:00Z,46,8.715,,,Provisional/Provisoire,,
05EA012,2026-08-07T13:50:00Z,46,8.713,,,Provisional/Provisoire,,
05EA012,2026-08-07T13:55:00Z,46,8.714,,,Provisional/Provisoire,,
05EA012,2026-08-07T14:00:00Z,46,8.714,,,Provisional/Provisoire,,
05EA012,2026-08-07T14:05:00Z,46,8.711,,,Provisional/Provisoire,,
05EA012,2026-08-07T14:10:00Z,46,8.713,,,Provisional/Provisoire,,
05EA012,2026-08-07T14:15:00Z,46,8.712,,,Provisional/Provisoire,,
05EA012,2026-08-07T14:20:00Z,46,8.711,,,Provisional/Provisoire,,
05EA012,2026-08-07T14:25:00Z,46,8.713,,,Provisional/Provisoire,,
05EA012,2026-08-07T14:30:00Z,46,8.713,,,Provisional/Provisoire,,
05EA012,2026-08-07T14:35:00Z,46,8.712,,,Provisional/Provisoire,,
05EA012,2026-08-07T14:40:00Z,46,8.712,,,Provisional/Provisoire,,
05EA012,2026-08-07T14:45:00Z,46,8.712,,,Provisional/Provisoire,,
05EA012,2026-08-07T14:50:00Z,46,8.711,,,Provisional/Provisoire,,
05EA012,2026-08-07T14:55:00Z,46,8.711,,,Provisional/Provisoire,,
05EA012,2026-08-07T15:00:00Z,46,8.712,,,Provisional/Provisoire,,
05EA012,2026-08-07T15:05:00Z,46,8.710,,,Provisional/Provisoire,,
05EA012,2026-08-07T15:10:00Z,46,8.711,,,Provisional/Provisoire,,
05EA012,2026-08-07T15:15:00Z,46,8.710,,,Provisional/Provisoire,,
05EA012,2026-08-07T15:20:00Z,46,8.710,,,Provisional/Provisoire,,
05EA012,2026-08-07T15:25:00Z,46,8.711,,,Provisional/Provisoire,,
05EA012,2026-08-07T15:30:00Z,46,8.710,,,Provisional/Provisoire,,
05EA012,2026-08-07T15:35:00Z,46,8.710,,,Provisional/Provisoire,,
05EA012,2026-08-07T15:40:00Z,46,8.710,,,Provisional/Provisoire,,
05EA012,2026-08-07T15:45:00Z,46,8.708,,,Provisional/Provisoire,,
05EA012,2026-08-07T15:50:00Z,46,8.710,,,Provisional/Provisoire,,
05EA012,2026-08-07T15:55:00Z,46,8.710,,,Provisional/Provisoire,,
05EA012,2026-08-07T16:00:00Z,46,8.710,,,Provisional/Provisoire,,
05EA012,2026-08-07T16:05:00Z,46,8.709,,,Provisional/Provisoire,,
05EA012,2026-08-07T16:10:00Z,46,8.709,,,Provisional/Provisoire,,
05EA012,2026-08-07T16:15:00Z,46,8.708,,,Provisional/Provisoire,,
05EA012,2026-08-07T16:20:00Z,46,8.707,,,Provisional/Provisoire,,
05EA012,2026-08-07T16:25:00Z,46,8.708,,,Provisional/Provisoire,,
05EA012,2026-08-07T16:30:00Z,46,8.708,,,Provisional/Provisoire,,
05EA012,2026-08-07T16:35:00Z,46,8.706,,,Provisional/Provisoire,,
05EA012,2026-08-07T16:40:00Z,46,8.706,,,Provisional/Provisoire,,
05EA012,2026-08-07T16:45:00Z,46,8.707,,,Provisional/Provisoire,,
05EA012,2026-08-07T16:50:00Z,46,8.705,,,Provisional/Provisoire,,
05EA012,2026-08-07T16:55:00Z,46,8.707,,,Provisional/Provisoire,,
05EA012,2026-08-07T17:00:00Z,46,8.706,,,Provisional/Provisoire,,
05EA012,2026-08-07T17:05:00Z,46,8.704,,,Provisional/Provisoire,,
05EA012,2026-08-07T17:10:00Z,46,8.705,,,Provisional/Provisoire,,
05EA012,2026-08-07T17:15:00Z,46,8.703,,,Provisional/Provisoire,,
05EA012,2026-08-07T17:20:00Z,46,8.705,,,Provisional/Provisoire,,
05EA012,2026-08-07T17:25:00Z,46,8.702,,,Provisional/Provisoire,,
05EA012,2026-08-07T17:30:00Z,46,8.702,,,Provisional/Provisoire,,
05EA012,2026-08-07T17:35:00Z,46,8.703,,,Provisional/Provisoire,,
05EA012,2026-08-07T17:40:00Z,46,8.703,,,Provisional/Provisoire,,
05EA012,2026-08-07T17:45:00Z,46,8.702,,,Provisional/Provisoire,,
05EA012,2026-08-07T17:50:00Z,46,8.702,,,Provisional/Provisoire,,
05EA012,2026-08-07T17:55:00Z,46,8.701,,,Provisional/Provisoire,,
05EA012,2026-08-07T18:00:00Z,46,8.701,,,Provisional/Provisoire,,
05EA012,2026-08-07T18:05:00Z,46,8.701,,,Provisional/Provisoire,,
05EA012,2026-08-07T18:10:00Z,46,8.699,,,Provisional/Provisoire,,
05EA012,2026-08-07T18:15:00Z,46,8.701,,,Provisional/Provisoire,,
05EA012,2026-08-07T18:20:00Z,46,8.699,,,Provisional/Provisoire,,
05EA012,2026-08-07T18:25:00Z,46,8.699,,,Provisional/Provisoire,,
05EA012,2026-08-07T18:30:00Z,46,8.698,,,Provisional/Provisoire,,
05EA012,2026-08-07T18:35:00Z,46,8.698,,,Provisional/Provisoire,,
05EA012,2026-08-07T18:40:00Z,46,8.699,,,Provisional/Provisoire,,
05EA012,2026-08-07T18:45:00Z,46,8.697,,,Provisional/Provisoire,,
05EA012,2026-08-07T18:50:00Z,46,8.698,,,Provisional/Provisoire,,
05EA012,2026-08-07T18:55:00Z,46,8.696,,,Provisional/Provisoire,,
05EA012,2026-08-07T19:00:00Z,46,8.695,,,Provisional/Provisoire,,
05EA012,2026-08-07T19:05:00Z,46,8.696,,,Provisional/Provisoire,,
05EA012,2026-08-07T19:10:00Z,46,8.697,,,Provisional/Provisoire,,
05EA012,2026-08-07T19:15:00Z,46,8.695,,,Provisional/Provisoire,,
05EA012,2026-08-07T19:20:00Z,46,8.694,,,Provisional/Provisoire,,
05EA012,2026-08-07T19:25:00Z,46,8.694,,,Provisional/Provisoire,,
05EA012,2026-08-07T19:30:00Z,46,8.694,,,Provisional/Provisoire,,
05EA012,2026-08-07T19:35:00Z,46,8.695,,,Provisional/Provisoire,,
05EA012,2026-08-07T19:40:00Z,46,8.693,,,Provisional/Provisoire,,
05EA012,2026-08-07T19:45:00Z,46,8.693,,,Provisional/Provisoire,,
05EA012,2026-08-07T19:50:00Z,46,8.694,,,Provisional/Provisoire,,
05EA012,2026-08-07T19:55:00Z,46,8.692,,,Provisional/Provisoire,,
05EA012,2026-08-07T20:00:00Z,46,8.692,,,Provisional/Provisoire,,
05EA012,2026-08-07T20:05:00Z,46,8.693,,,Provisional/Provisoire,,
05EA012,2026-08-07T20:10:00Z,46,8.693,,,Provisional/Provisoire,,
05EA012,2026-08-07T20:15:00Z,46,8.692,,,Provisional/Provisoire,,
05EA012,2026-08-07T20:20:00Z,46,8.691,,,Provisional/Provisoire,,
05EA012,2026-08-07T20:25:00Z,46,8.690,,,Provisional/Provisoire,,
05EA012,2026-08-07T20:30:00Z,46,8.692,,,Provisional/Provisoire,,
05EA012,2026-08-07T20:35:00Z,46,8.690,,,Provisional/Provisoire,,
05EA012,2026-08-07T20:40:00Z,46,8.691,,,Provisional/Provisoire,,
05EA012,2026-08-07T20:45:00Z,46,8.689,,,Provisional/Provisoire,,
05EA012,2026-08-07T20:50:00Z,46,8.691,,,Provisional/Provisoire,,
05EA012,2026-08-07T20:55:00Z,46,8.689,,,Provisional/Provisoire,,
05EA012,2026-08-07T21:00:00Z,46,8.688,,,Provisional/Provisoire,,
05EA012,2026-08-07T21:05:00Z,46,8.690,,,Provisional/Provisoire,,
05EA012,2026-08-07T21:10:00Z,46,8.688,,,Provisional/Provisoire,,
05EA012,2026-08-07T21:15:00Z,46,8.688,,,Provisional/Provisoire,,
05EA012,2026-08-07T21:20:00Z,46,8.689,,,Provisional/Provisoire,,
05EA012,2026-08-07T21:25:00Z,46,8.688,,,Provisional/Provisoire,,
05EA012,2026-08-07T21:30:00Z,46,8.688,,,Provisional/Provisoire,,
05EA012,2026-08-07T21:35:00Z,46,8.688,,,Provisional/Provisoire,,
05EA012,2026-08-07T21:40:00Z,46,8.688,,,Provisional/Provisoire,,
05EA012,2026-08-07T21:45:00Z,46,8.690,,,Provisional/Provisoire,,
05EA012,2026-08-07T21:50:00Z,46,8.689,,,Provisional/Provisoire,,
05EA012,2026-08-07T21:55:00Z,46,8.689,,,Provisional/Provisoire,,
05EA012,2026-08-07T22:00:00Z,46,8.690,,,Provisional/Provisoire,,
05EA012,2026-08-07T22:05:00Z,46,8.690,,,Provisional/Provisoire,,
05EA012,2026-08-07T22:10:00Z,46,8.688,,,Provisional/Provisoire,,
05EA012,2026-08-07T22:15:00Z,46,8.687,,,Provisional/Provisoire,,
05EA012,2026-08-07T22:20:00Z,46,8.689,,,Provisional/Provisoire,,
05EA012,2026-08-07T22:25:00Z,46,8.689,,,Provisional/Provisoire,,
05EA012,2026-08-07T22:30:00Z,46,8.688,,,Provisional/Provisoire,,
05EA012,2026-08-07T22:35:00Z,46,8.689,,,Provisional/Provisoire,,
05EA012,2026-08-07T22:40:00Z,46,8.690,,,Provisional/Provisoire,,
05EA012,2026-08-07T22:45:00Z,46,8.688,,,Provisional/Provisoire,,
05EA012,2026-08-07T22:50:00Z,46,8.688,,,Provisional/Provisoire,,
05EA012,2026-08-07T22:55:00Z,46,8.689,,,Provisional/Provisoire,,
05EA012,2026-08-07T23:00:00Z,46,8.688,,,Provisional/Provisoire,,
05EA012,2026-08-07T23:05:00Z,46,8.690,,,Provisional/Provisoire,,
05EA012,2026-08-07T23:10:00Z,46,8.689,,,Provisional/Provisoire,,
05EA012,2026-08-07T23:15:00Z,46,8.690,,,Provisional/Provisoire,,
05EA012,2026-08-07T23:20:00Z,46,8.689,,,Provisional/Provisoire,,
05EA012,2026-08-07T23:25:00Z,46,8.690,,,Provisional/Provisoire,,
05EA012,2026-08-07T23:30:00Z,46,8.689,,,Provisional/Provisoire,,
05EA012,2026-08-07T23:35:00Z,46,8.690,,,Provisional/Provisoire,,
05EA012,2026-08-07T23:40:00Z,46,8.691,,,Provisional/Provisoire,,
05EA012,2026-08-07T23:45:00Z,46,8.689,,,Provisional/Provisoire,,
05EA012,2026-08-07T23:50:00Z,46,8.689,,,Provisional/Provisoire,,
05EA012,2026-08-07T23:55:00Z,46,8.691,,,Provisional/Provisoire,,
05EA012,2026-08-08T00:00:00Z,46,8.689,,,Provisional/Provisoire,,
05EA012,2026-08-08T00:05:00Z,46,8.691,,,Provisional/Provisoire,,
05EA012,2026-08-08T00:10:00Z,46,8.691,,,Provisional/Provisoire,,
05EA012,2026-08-08T00:15:00Z,46,8.690,,,Provisional/Provisoire,,
05EA012,2026-08-08T00:20:00Z,46,8.691,,,Provisional/Provisoire,,
05EA012,2026-08-08T00:25:00Z,46,8.690,,,Provisional/Provisoire,,
05EA012,2026-08-08T00:30:00Z,46,8.691,,,Provisional/Provisoire,,
05EA012,2026-08-08T00:35:00Z,46,8.691,,,Provisional/Provisoire,,
05EA012,2026-08-08T00:40:00Z,46,8.691,,,Provisional/Provisoire,,
05EA012,2026-08-08T00:45:00Z,46,8.690,,,Provisional/Provisoire,,
05EA012,2026-08-08T00:50:00Z,46,8.691,,,Provisional/Provisoire,,
05EA012,2026-08-08T00:55:00Z,46,8.692,,,Provisional/Provisoire,,
05EA012,2026-08-08T01:00:00Z,46,8.692,,,Provisional/Provisoire,,
05EA012,2026-08-08T01:05:00Z,46,8.690,,,Provisional/Provisoire,,
05EA012,2026-08-08T01:10:00Z,46,8.690,,,Provisional/Provisoire,,
05EA012,2026-08-08T01:15:00Z,46,8.691,,,Provisional/Provisoire,,
05EA012,2026-08-08T01:20:00Z,46,8.691,,,Provisional/Provisoire,,
05EA012,2026-08-08T01:25:00Z,46,8.690,,,Provisional/Provisoire,,
05EA012,2026-08-08T01:30:00Z,46,8.692,,,Provisional/Provisoire,,
05EA012,2026-08-08T01:35:00Z,46,8.690,,,Provisional/Provisoire,,
05EA012,2026-08-08T01:40:00Z,46,8.692,,,Provisional/Provisoire,,
05EA012,2026-08-08T01:45:00Z,46,8.690,,,Provisional/Provisoire,,
05EA012,2026-08-08T01:50:00Z,46,8.690,,,Provisional/Provisoire,,
05EA012,2026-08-08T01:55:00Z,46,8.692,,,Provisional/Provisoire,,
05EA012,2026-08-08T02:00:00Z,46,8.692,,,Provisional/Provisoire,,
05EA012,2026-08-08T02:05:00Z,46,8.692,,,Provisional/Provisoire,,
05EA012,2026-08-08T02:10:00Z,46,8.691,,,Provisional/Provisoire,,
05EA012,2026-08-08T02:15:00Z,46,8.692,,,Provisional/Provisoire,,
05EA012,2026-08-08T02:20:00Z,46,8.691,,,Provisional/Provisoire,,
05EA012,2026-08-08T02:25:00Z,46,8.692,,,Provisional/Provisoire,,
05EA012,2026-08-08T02:30:00Z,46,8.692,,,Provisional/Provisoire,,
05EA012,2026-08-08T02:35:00Z,46,8.691,,,Provisional/Provisoire,,
05EA012,2026-08-08T02:40:00Z,46,8.691,,,Provisional/Provisoire,,
05EA012,2026-08-08T02:45:00Z,46,8.691,,,Provisional/Provisoire,,
05EA012,2026-08-08T02:50:00Z,46,8.693,,,Provisional/Provisoire,,
05EA012,2026-08-08T02:55:00Z,46,8.693,,,Provisional/Provisoire,,
05EA012,2026-08-08T03:00:00Z,46,8.691,,,Provisional/Provisoire,,
05EA012,2026-08-08T03:05:00Z,46,8.690,,,Provisional/Provisoire,,
05EA012,2026-08-08T03:10:00Z,46,8.691,,,Provisional/Provisoire,,
05EA012,2026-08-08T03:15:00Z,46,8.692,,,Provisional/Provisoire,,
05EA012,2026-08-08T03:20:00Z,46,8.692,,,Provisional/Provisoire,,
05EA012,2026-08-08T03:25:00Z,46,8.692,,,Provisional/Provisoire,,
05EA012,2026-08-08T03:30:00Z,46,8.691,,,Provisional/Provisoire,,
05EA012,2026-08-08T03:35:00Z,46,8.693,,,Provisional/Provisoire,,
05EA012,2026-08-08T03:40:00Z,46,8.691,,,Provisional/Provisoire,,
05EA012,2026-08-08T03:45:00Z,46,8.692,,,Provisional/Provisoire,,
05EA012,2026-08-08T03:50:00Z,46,8.692,,,Provisional/Provisoire,,
05EA012,2026-08-08T03:55:00Z,46,8.692,,,Provisional/Provisoire,,
05EA012,2026-08-08T04:00:00Z,46,8.690,,,Provisional/Provisoire,,
05EA012,2026-08-08T04:05:00Z,46,8.692,,,Provisional/Provisoire,,
05EA012,2026-08-08T04:10:00Z,46,8.690,,,Provisional/Provisoire,,
05EA012,2026-08-08T04:15:00Z,46,8.690,,,Provisional/Provisoire,,
05EA012,2026-08-08T04:20:00Z,46,8.691,,,Provisional/Provisoire,,
05EA012,2026-08-08T04:25:00Z,46,8.689,,,Provisional/Provisoire,,
05EA012,2026-08-08T04:30:00Z,46,8.690,,,Provisional/Provisoire,,
05EA012,2026-08-08T04:35:00Z,46,8.688,,,Provisional/Provisoire,,
05EA012,2026-08-08T04:40:00Z,46,8.688,,,Provisional/Provisoire,,
05EA012,2026-08-08T04:45:00Z,46,8.688,,,Provisional/Provisoire,,
05EA012,2026-08-08T04:50:00Z,46,8.688,,,Provisional/Provisoire,,
05EA012,2026-08-08T04:55:00Z,46,8.687,,,Provisional/Provisoire,,
05EA012,2026-08-08T05:00:00Z,46,8.687,,,Provisional/Provisoire,,
05EA012,2026-08-08T05:05:00Z,46,8.688,,,Provisional/Provisoire,,
05EA012,2026-08-08T05:10:00Z,46,8.687,,,Provisional/Provisoire,,
05EA012,2026-08-08T05:15:00Z,46,8.687,,,Provisional/Provisoire,,
05EA012,2026-08-08T05:20:00Z,46,8.688,,,Provisional/Provisoire,,
05EA012,2026-08-08T05:25:00Z,46,8.688,,,Provisional/Provisoire,,
05EA012,2026-08-08T05:30:00Z,46,8.689,,,Provisional/Provisoire,,
05EA012,2026-08-08T05:35:00Z,46,8.689,,,Provisional/Provisoire,,
05EA012,2026-08-08T05:40:00Z,46,8.690,,,Provisional/Provisoire,,
05EA012,2026-08-08T05:45:00Z,46,8.688,,,Provisional/Provisoire,,
05EA012,2026-08-08T05:50:00Z,46,8.689,,,Provisional/Provisoire,,
05EA012,2026-08-08T05:55:00Z,46,8.688,,,Provisional/Provisoire,,
05EA012,2026-08-08T06:00:00Z,46,8.690,,,Provisional/Provisoire,,
05EA012,2026-08-08T06:05:00Z,46,8.689,,,Provisional/Provisoire,,
05EA012,2026-08-08T06:10:00Z,46,8.689,,,Provisional/Provisoire,,
05EA012,2026-08-08T06:15:00Z,46,8.689,,,Provisional/Provisoire,,
05EA012,2026-08-08T06:20:00Z,46,8.689,,,Provisional/Provisoire,,
05EA012,2026-08-08T06:25:00Z,46,8.689,,,Provisional/Provisoire,,
05EA012,2026-08-08T06:30:00Z,46,8.688,,,Provisional/Provisoire,,
05EA012,2026-08-08T06:35:00Z,46,8.688,,,Provisional/Provisoire,,
05EA012,2026-08-08T06:40:00Z,46,8.688,,,Provisional/Provisoire,,
05EA012,2026-08-08T06:45:00Z,46,8.689,,,Provisional/Provisoire,,
05EA012,2026-08-08T06:50:00Z,46,8.687,,,Provisional/Provisoire,,
05EA012,2026-08-08T06:55:00Z,46,8.687,,,Provisional/Provisoire,,
05EA012,2026-08-08T07:00:00Z,46,8.687,,,Provisional/Provisoire,,
05EA012,2026-08-08T07:05:00Z,46,8.689,,,Provisional/Provisoire,,
05EA012,2026-08-08T07:10:00Z,46,8.689,,,Provisional/Provisoire,,
05EA012,2026-08-08T07:15:00Z,46,8.688,,,Provisional/Provisoire,,
05EA012,2026-08-08T07:20:00Z,46,8.687,,,Provisional/Provisoire,,
05EA012,2026-08-08T07:25:00Z,46,8.689,,,Provisional/Provisoire,,
05EA012,2026-08-08T07:30:00Z,46,8.687,,,Provisional/Provisoire,,
05EA012,2026-08-08T07:35:00Z,46,8.688,,,Provisional/Provisoire,,
05EA012,2026-08-08T07:40:00Z,46,8.689,,,Provisional/Provisoire,,
05EA012,2026-08-08T07:45:00Z,46,8.688,,,Provisional/Provisoire,,
05EA012,2026-08-08T07:50:00Z,46,8.690,,,Provisional/Provisoire,,
05EA012,2026-08-08T07:55:00Z,46,8.687,,,Provisional/Provisoire,,
05EA012,2026-08-08T08:00:00Z,46,8.689,,,Provisional/Provisoire,,
05EA012,2026-08-08T08:05:00Z,46,8.688,,,Provisional/Provisoire,,
05EA012,2026-08-08T08:10:00Z,46,8.688,,,Provisional/Provisoire,,
05EA012,2026-08-08T08:15:00Z,46,8.688,,,Provisional/Provisoire,,
05EA012,2026-08-08T08:20:00Z,46,8.688,,,Provisional/Provisoire,,
05EA012,2026-08-08T08:25:00Z,46,8.688,,,Provisional/Provisoire,,
05EA012,2026-08-08T08:30:00Z,46,8.689,,,Provisional/Provisoire,,
05EA012,2026-08-08T08:35:00Z,46,8.687,,,Provisional/Provisoire,,
05EA012,2026-08-08T08:40:00Z,46,8.689,,,Provisional/Provisoire,,
05EA012,2026-08-08T08:45:00Z,46,8.689,,,Provisional/Provisoire,,
05EA012,2026-08-08T08:50:00Z,46,8.688,,,Provisional/Provisoire,,
05EA012,2026-08-08T08:55:00Z,46,8.687,,,Provisional/Provisoire,,
05EA012,2026-08-08T09:00:00Z,46,8.687,,,Provisional/Provisoire,,
05EA012,2026-08-08T09:05:00Z,46,8.687,,,Provisional/Provisoire,,
05EA012,2026-08-08T09:10:00Z,46,8.689,,,Provisional/Provisoire,,
05EA012,2026-08-08T09:15:00Z,46,8.688,,,Provisional/Provisoire,,
05EA012,2026-08-08T09:20:00Z,46,8.686,,,Provisional/Provisoire,,
05EA012,2026-08-08T09:25:00Z,46,8.687,,,Provisional/Provisoire,,
05EA012,2026-08-08T09:30:00Z,46,8.688,,,Provisional/Provisoire,,
05EA012,2026-08-08T09:35:00Z,46,8.686,,,Provisional/Provisoire,,
05EA012,2026-08-08T09:40:00Z,46,8.687,,,Provisional/Provisoire,,
05EA012,2026-08-08T09:45:00Z,46,8.687,,,Provisional/Provisoire,,
05EA012,2026-08-08T09:50:00Z,46,8.686,,,Provisional/Provisoire,,
05EA012,2026-08-08T09:55:00Z,46,8.685,,,Provisional/Provisoire,,
05EA012,2026-08-08T10:00:00Z,46,8.686,,,Provisional/Provisoire,,
05EA012,2026-08-08T10:05:00Z,46,8.684,,,Provisional/Provisoire,,
05EA012,2026-08-08T10:10:00Z,46,8.684,,,Provisional/Provisoire,,
05EA012,2026-08-08T10:15:00Z,46,8.684,,,Provisional/Provisoire,,
05EA012,2026-08-08T10:20:00Z,46,8.685,,,Provisional/Provisoire,,
05EA012,2026-08-08T10:25:00Z,46,8.683,,,Provisional/Provisoire,,
05EA012,2026-08-08T10:30:00Z,46,8.685,,,Provisional/Provisoire,,
05EA012,2026-08-08T10:35:00Z,46,8.683,,,Provisional/Provisoire,,
05EA012,2026-08-08T10:40:00Z,46,8.683,,,Provisional/Provisoire,,
05EA012,2026-08-08T10:45:00Z,46,8.683,,,Provisional/Provisoire,,
05EA012,2026-08-08T10:50:00Z,46,8.682,,,Provisional/Provisoire,,
05EA012,2026-08-08T10:55:00Z,46,8.682,,,Provisional/Provisoire,,
05EA012,2026-08-08T11:00:00Z,46,8.684,,,Provisional/Provisoire,,
05EA012,2026-08-08T11:05:00Z,46,8.684,,,Provisional/Provisoire,,
05EA012,2026-08-08T11:10:00Z,46,8.684,,,Provisional/Provisoire,,
05EA012,2026-08-08T11:15:00Z,46,8.681,,,Provisional/Provisoire,,
05EA012,2026-08-08T11:20:00Z,46,8.683,,,Provisional/Provisoire,,
05EA012,2026-08-08T11:25:00Z,46,8.681,,,Provisional/Provisoire,,
05EA012,2026-08-08T11:30:00Z,46,8.681,,,Provisional/Provisoire,,
05EA012,2026-08-08T11:35:00Z,46,8.682,,,Provisional/Provisoire,,
05EA012,2026-08-08T11:40:00Z,46,8.681,,,Provisional/Provisoire,,
05EA012,2026-08-08T11:45:00Z,46,8.683,,,Provisional/Provisoire,,
05EA012,2026-08-08T11:50:00Z,46,8.681,,,Provisional/Provisoire,,
05EA012,2026-08-08T11:55:00Z,46,8.682,,,Provisional/Provisoire,,
05EA012,2026-08-08T12:00:00Z,46,8.682,,,Provisional/Provisoire,,
05EA012,2026-08-08T12:05:00Z,46,8.680,,,Provisional/Provisoire,,
05EA012,2026-08-08T12:10:00Z,46,8.682,,,Provisional/Provisoire,,
05EA012,2026-08-08T12:15:00Z,46,8.682,,,Provisional/Provisoire,,
05EA012,2026-08-08T12:20:00Z,46,8.680,,,Provisional/Provisoire,,
05EA012,2026-08-08T12:25:00Z,46,8.681,,,Provisional/Provisoire,,
05EA012,2026-08-08T12:30:00Z,46,8.680,,,Provisional/Provisoire,,
05EA012,2026-08-08T12:35:00Z,46,8.682,,,Provisional/Provisoire,,
05EA012,2026-08-08T12:40:00Z,46,8.680,,,Provisional/Provisoire,,
05EA012,2026-08-08T12:45:00Z,46,8.681,,,Provisional/Provisoire,,
05EA012,2026-08-08T12:50:00Z,46,8.682,,,Provisional/Provisoire,,
05EA012,2026-08-08T12:55:00Z,46,8.681,,,Provisional/Provisoire,,
05EA012,2026-08-08T13:00:00Z,46,8.679,,,Provisional/Provisoire,,
05EA012,2026-08-08T13:05:00Z,46,8.679,,,Provisional/Provisoire,,
05EA012,2026-08-08T13:10:00Z,46,8.680,,,Provisional/Provisoire,,
05EA012,2026-08-08T13:15:00Z,46,8.678,,,Provisional/Provisoire,,
05EA012,2026-08-08T13:20:00Z,46,8.679,,,Provisional/Provisoire,,
05EA012,2026-08-08T13:25:00Z,46,8.678,,,Provisional/Provisoire,,
05EA012,2026-08-08T13:30:00Z,46,8.679,,,Provisional/Provisoire,,
05EA012,2026-08-08T13:35:00Z,46,8.676,,,Provisional/Provisoire,,
05EA012,2026-08-08T13:40:00Z,46,8.678,,,Provisional/Provisoire,,
05EA012,2026-08-08T13:45:00Z,46,8.677,,,Provisional/Provisoire,,
05EA012,2026-08-08T13:50:00Z,46,8.678,,,Provisional/Provisoire,,
05EA012,2026-08-08T13:55:00Z,46,8.677,,,Provisional/Provisoire,,
05EA012,2026-08-08T14:00:00Z,46,8.677,,,Provisional/Provisoire,,
05EA012,2026-08-08T14:05:00Z,46,8.676,,,Provisional/Provisoire,,
05EA012,2026-08-08T14:10:00Z,46,8.677,,,Provisional/Provisoire,,
05EA012,2026-08-08T14:15:00Z,46,8.677,,,Provisional/Provisoire,,
05EA012,2026-08-08T14:20:00Z,46,8.677,,,Provisional/Provisoire,,
05EA012,2026-08-08T14:25:00Z,46,8.678,,,Provisional/Provisoire,,
05EA012,2026-08-08T14:30:00Z,46,8.677,,,Provisional/Provisoire,,
05EA012,2026-08-08T14:35:00Z,46,8.677,,,Provisional/Provisoire,,
05EA012,2026-08-08T14:40:00Z,46,8.678,,,Provisional/Provisoire,,
05EA012,2026-08-08T14:45:00Z,46,8.678,,,Provisional/Provisoire,,
05EA012,2026-08-08T14:50:00Z,46,8.677,,,Provisional/Provisoire,,
05EA012,2026-08-08T14:55:00Z,46,8.677,,,Provisional/Provisoire,,
05EA012,2026-08-08T15:00:00Z,46,8.677,,,Provisional/Provisoire,,
05EA012,2026-08-08T15:05:00Z,46,8.678,,,Provisional/Provisoire,,
05EA012,2026-08-08T15:10:00Z,46,8.678,,,Provisional/Provisoire,,
05EA012,2026-08-08T15:15:00Z,46,8.678,,,Provisional/Provisoire,,
05EA012,2026-08-08T15:20:00Z,46,8.680,,,Provisional/Provisoire,,
05EA012,2026-08-08T15:25:00Z,46,8.680,,,Provisional/Provisoire,,
05EA012,2026-08-08T15:30:00Z,46,8.680,,,Provisional/Provisoire,,
05EA012,2026-08-08T15:35:00Z,46,8.679,,,Provisional/Provisoire,,
05EA012,2026-08-08T15:40:00Z,46,8.679,,,Provisional/Provisoire,,
05EA012,2026-08-08T15:45:00Z,46,8.679,,,Provisional/Provisoire,,
05EA012,2026-08-08T15:50:00Z,46,8.678,,,Provisional/Provisoire,,
05EA012,2026-08-08T15:55:00Z,46,8.681,,,Provisional/Provisoire,,
05EA012,2026-08-08T16:00:00Z,46,8.680,,,Provisional/Provisoire,,
05EA012,2026-08-08T16:05:00Z,46,8.681,,,Provisional/Provisoire,,
05EA012,2026-08-08T16:10:00Z,46,8.680,,,Provisional/Provisoire,,
05EA012,2026-08-08T16:15:00Z,46,8.680,,,Provisional/Provisoire,,
05EA012,2026-08-08T16:20:00Z,46,8.680,,,Provisional/Provisoire,,
05EA012,2026-08-08T16:25:00Z,46,8.680,,,Provisional/Provisoire,,
05EA012,2026-08-08T16:30:00Z,46,8.681,,,Provisional/Provisoire,,
05EA012,2026-08-08T16:35:00Z,46,8.681,,,Provisional/Provisoire,,
05EA012,2026-08-08T16:40:00Z,46,8.680,,,Provisional/Provisoire,,
05EA012,2026-08-08T16:45:00Z,46,8.681,,,Provisional/Provisoire,,
05EA012,2026-08-08T16:50:00Z,46,8.681,,,Provisional/Provisoire,,
05EA012,2026-08-08T16:55:00Z,46,8.680,,,Provisional/Provisoire,,
05EA012,2026-08-08T17:00:00Z,46,8.679,,,Provisional/Provisoire,,
05EA012,2026-08-08T17:05:00Z,46,8.681,,,Provisional/Provisoire,,
05EA012,2026-08-08T17:10:00Z,46,8.681,,,Provisional/Provisoire,,
05EA012,2026-08-08T17:15:00Z,46,8.679,,,Provisional/Provisoire,,
05EA012,2026-08-08T17:20:00Z,46,8.679,,,Provisional/Provisoire,,
05EA012,2026-08-08T17:25:00Z,46,8.680,,,Provisional/Provisoire,,
05EA012,2026-08-08T17:30:00Z,46,8.679,,,Provisional/Provisoire,,
05EA012,2026-08-08T17:35:00Z,46,8.680,,,Provisional/Provisoire,,
05EA012,2026-08-08T17:40:00Z,46,8.679,,,Provisional/Provisoire,,
05EA012,2026-08-08T17:45:00Z,46,8.680,,,Provisional/Provisoire,,
05EA012,2026-08-08T17:50:00Z,46,8.679,,,Provisional/Provisoire,,
05EA012,2026-08-08T17:55:00Z,46,8.679,,,Provisional/Provisoire,,
05EA012,2026-08-08T18:00:00Z,46,8.680,,,Provisional/Provisoire,,
05EA012,2026-08-08T18:05:00Z,46,8.678,,,Provisional/Provisoire,,
05EA012,2026-08-08T18:10:00Z,46,8.679,,,Provisional/Provisoire,,
05EA012,2026-08-08T18:15:00Z,46,8.679,,,Provisional/Provisoire,,
05EA012,2026-08-08T18:20:00Z,46,8.678,,,Provisional/Provisoire,,
05EA012,2026-08-08T18:25:00Z,46,8.679,,,Provisional/Provisoire,,
05EA012,2026-08-08T18:30:00Z,46,8.678,,,Provisional/Provisoire,,
05EA012,2026-08-08T18:35:00Z,46,8.678,,,Provisional/Provisoire,,
05EA012,2026-08-08T18:40:00Z,46,8.676,,,Provisional/Provisoire,,
05EA012,2026-08-08T18:45:00Z,46,8.678,,,Provisional/Provisoire,,
05EA012,2026-08-08T18:50:00Z,46,8.678,,,Provisional/Provisoire,,
05EA012,2026-08-08T18:55:00Z,46,8.676,,,Provisional/Provisoire,,
05EA012,2026-08-08T19:00:00Z,46,8.677,,,Provisional/Provisoire,,
05EA012,2026-08-08T19:05:00Z,46,8.676,,,Provisional/Provisoire,,
05EA012,2026-08-08T19:10:00Z,46,8.676,,,Provisional/Provisoire,,
05EA012,2026-08-08T19:15:00Z,46,8.676,,,Provisional/Provisoire,,
05EA012,2026-08-08T19:20:00Z,46,8.677,,,Provisional/Provisoire,,
05EA012,2026-08-08T19:25:00Z,46,8.677,,,Provisional/Provisoire,,
05EA012,2026-08-08T19:30:00Z,46,8.677,,,Provisional/Provisoire,,
05EA012,2026-08-08T19:35:00Z,46,8.677,,,Provisional/Provisoire,,
05EA012,2026-08-08T19:40:00Z,46,8.678,,,Provisional/Provisoire,,
05EA012,2026-08-08T19:45:00Z,46,8.676,,,Provisional/Provisoire,,
05EA012,2026-08-08T19:50:00Z,46,8.676,,,Provisional/Provisoire,,
05EA012,2026-08-08T19:55:00Z,46,8.676,,,Provisional/Provisoire,,
05EA012,2026-08-08T20:00:00Z,46,8.677,,,Provisional/Provisoire,,
05EA012,2026-08-08T20:05:00Z,46,8.676,,,Provisional/Provisoire,,
05EA012,2026-08-08T20:10:00Z,46,8.675,,,Provisional/Provisoire,,
05EA012,2026-08-08T20:15:00Z,46,8.676,,,Provisional/Provisoire,,
05EA012,2026-08-08T20:20:00Z,46,8.675,,,Provisional/Provisoire,,
05EA012,2026-08-08T20:25:00Z,46,8.675,,,Provisional/Provisoire,,
05EA012,2026-08-08T20:30:00Z,46,8.677,,,Provisional/Provisoire,,
05EA012,2026-08-08T20:35:00Z,46,8.675,,,Provisional/Provisoire,,
05EA012,2026-08-08T20:40:00Z,46,8.675,,,Provisional/Provisoire,,
05EA012,2026-08-08T20:45:00Z,46,8.675,,,Provisional/Provisoire,,
05EA012,2026-08-08T20:50:00Z,46,8.676,,,Provisional/Provisoire,,
05EA012,2026-08-08T20:55:00Z,46,8.675,,,Provisional/Provisoire,,
05EA012,2026-08-08T21:00:00Z,46,8.676,,,Provisional/Provisoire,,
05EA012,2026-08-08T21:05:00Z,46,8.676,,,Provisional/Provisoire,,
05EA012,2026-08-08T21:10:00Z,46,8.675,,,Provisional/Provisoire,,
05EA012,2026-08-08T21:15:00Z,46,8.674,,,Provisional/Provisoire,,
05EA012,2026-08-08T21:20:00Z,46,8.676,,,Provisional/Provisoire,,
05EA012,2026-08-08T21:25:00Z,46,8.674,,,Provisional/Provisoire,,
05EA012,2026-08-08T21:30:00Z,46,8.676,,,Provisional/Provisoire,,
05EA012,2026-08-08T21:35:00Z,46,8.675,,,Provisional/Provisoire,,
05EA012,2026-08-08T21:40:00Z,46,8.675,,,Provisional/Provisoire,,
05EA012,2026-08-08T21:45:00Z,46,8.675,,,Provisional/Provisoire,,
05EA012,2026-08-08T21:50:00Z,46,8.674,,,Provisional/Provisoire,,
05EA012,2026-08-08T21:55:00Z,46,8.675,,,Provisional/Provisoire,,
05EA012,2026-08-08T22:00:00Z,46,8.674,,,Provisional/Provisoire,,
05EA012,2026-08-08T22:05:00Z,46,8.674,,,Provisional/Provisoire,,
05EA012,2026-08-08T22:10:00Z,46,8.676,,,Provisional/Provisoire,,
05EA012,2026-08-08T22:15:00Z,46,8.674,,,Provisional/Provisoire,,
05EA012,2026-08-08T22:20:00Z,46,8.675,,,Provisional/Provisoire,,
05EA012,2026-08-08T22:25:00Z,46,8.674,,,Provisional/Provisoire,,
05EA012,2026-08-08T22:30:00Z,46,8.674,,,Provisional/Provisoire,,
05EA012,2026-08-08T22:35:00Z,46,8.674,,,Provisional/Provisoire,,
05EA012,2026-08-08T22:40:00Z,46,8.675,,,Provisional/Provisoire,,
05EA012,2026-08-08T22:45:00Z,46,8.675,,,Provisional/Provisoire,,
05EA012,2026-08-08T22:50:00Z,46,8.674,,,Provisional/Provisoire,,
05EA012,2026-08-08T22:55:00Z,46,8.675,,,Provisional/Provisoire,,
05EA012,2026-08-08T23:00:00Z,46,8.675,,,Provisional/Provisoire,,
05EA012,2026-08-08T23:05:00Z,46,8.676,,,Provisional/Provisoire,,
05EA012,2026-08-08T23:10:00Z,46,8.676,,,Provisional/Provisoire,,
05EA012,2026-08-08T23:15:00Z,46,8.674,,,Provisional/Provisoire,,
05EA012,2026-08-08T23:20:00Z,46,8.674,,,Provisional/Provisoire,,
05EA012,2026-08-08T23:25:00Z,46,8.674,,,Provisional/Provisoire,,
05EA012,2026-08-08T23:30:00Z,46,8.674,,,Provisional/Provisoire,,
05EA012,2026-08-08T23:35:00Z,46,8.674,,,Provisional/Provisoire,,
05EA012,2026-08-08T23:40:00Z,46,8.676,,,Provisional/Provisoire,,
05EA012,2026-08-08T23:45:00Z,46,8.676,,,Provisional/Provisoire,,
05EA012,2026-08-08T23:50:00Z,46,8.674,,,Provisional/Provisoire,,
05EA012,2026-08-08T23:55:00Z,46,8.675,,,Provisional/Provisoire,,
05EA012,2026-08-09T00:00:00Z,46,8.675,,,Provisional/Provisoire,,
05EA012,2026-08-09T00:05:00Z,46,8.674,,,Provisional/Provisoire,,
05EA012,2026-08-09T00:10:00Z,46,8.674,,,Provisional/Provisoire,,
05EA012,2026-08-09T00:15:00Z,46,8.676,,,Provisional/Provisoire,,
05EA012,2026-08-09T00:20:00Z,46,8.675,,,Provisional/Provisoire,,
05EA012,2026-08-09T00:25:00Z,46,8.676,,,Provisional/Provisoire,,
05EA012,2026-08-09T00:30:00Z,46,8.676,,,Provisional/Provisoire,,
05EA012,2026-08-09T00:35:00Z,46,8.675,,,Provisional/Provisoire,,
05EA012,2026-08-09T00:40:00Z,46,8.675,,,Provisional/Provisoire,,
05EA012,2026-08-09T00:45:00Z,46,8.676,,,Provisional/Provisoire,,
05EA012,2026-08-09T00:50:00Z,46,8.675,,,Provisional/Provisoire,,
05EA012,2026-08-09T00:55:00Z,46,8.675,,,Provisional/Provisoire,,
05EA012,2026-08-09T01:00:00Z,46,8.675,,,Provisional/Provisoire,,
05EA012,2026-08-09T01:05:00Z,46,8.677,,,Provisional/Provisoire,,
05EA012,2026-08-09T01:10:00Z,46,8.676,,,Provisional/Provisoire,,
05EA012,2026-08-09T01:15:00Z,46,8.677,,,Provisional/Provisoire,,
05EA012,2026-08-09T01:20:00Z,46,8.675,,,Provisional/Provisoire,,
05EA012,2026-08-09T01:25:00Z,46,8.675,,,Provisional/Provisoire,,
05EA012,2026-08-09T01:30:00Z,46,8.677,,,Provisional/Provisoire,,
05EA012,2026-08-09T01:35:00Z,46,8.677,,,Provisional/Provisoire,,
05EA012,2026-08-09T01:40:00Z,46,8.677,,,Provisional/Provisoire,,
05EA012,2026-08-09T01:45:00Z,46,8.675,,,Provisional/Provisoire,,
05EA012,2026-08-09T01:50:00Z,46,8.675,,,Provisional/Provisoire,,
05EA012,2026-08-09T01:55:00Z,46,8.676,,,Provisional/Provisoire,,
05EA012,2026-08-09T02:00:00Z,46,8.675,,,Provisional/Provisoire,,
05EA012,2026-08-09T02:05:00Z,46,8.676,,,Provisional/Provisoire,,
05EA012,2026-08-09T02:10:00Z,46,8.677,,,Provisional/Provisoire,,
05EA012,2026-08-09T02:15:00Z,46,8.677,,,Provisional/Provisoire,,
05EA012,2026-08-09T02:20:00Z,46,8.677,,,Provisional/Provisoire,,
05EA012,2026-08-09T02:25:00Z,46,8.677,,,Provisional/Provisoire,,
05EA012,2026-08-09T02:30:00Z,46,8.675,,,Provisional/Provisoire,,
05EA012,2026-08-09T02:35:00Z,46,8.677,,,Provisional/Provisoire,,
05EA012,2026-08-09T02:40:00Z,46,8.677,,,Provisional/Provisoire,,
05EA012,2026-08-09T02:45:00Z,46,8.676,,,Provisional/Provisoire,,
05EA012,2026-08-09T02:50:00Z,46,8.676,,,Provisional/Provisoire,,
05EA012,2026-08-09T02:55:00Z,46,8.677,,,Provisional/Provisoire,,
05EA012,2026-08-09T03:00:00Z,46,8.678,,,Provisional/Provisoire,,
05EA012,2026-08-09T03:05:00Z,46,8.676,,,Provisional/Provisoire,,
05EA012,2026-08-09T03:10:00Z,46,8.676,,,Provisional/Provisoire,,
05EA012,2026-08-09T03:15:00Z,46,8.676,,,Provisional/Provisoire,,
05EA012,2026-08-09T03:20:00Z,46,8.676,,,Provisional/Provisoire,,
05EA012,2026-08-09T03:25:00Z,46,8.676,,,Provisional/Provisoire,,
05EA012,2026-08-09T03:30:00Z,46,8.677,,,Provisional/Provisoire,,
05EA012,2026-08-09T03:35:00Z,46,8.677,,,Provisional/Provisoire,,
05EA012,2026-08-09T03:40:00Z,46,8.676,,,Provisional/Provisoire,,
05EA012,2026-08-09T03:45:00Z,46,8.676,,,Provisional/Provisoire,,
05EA012,2026-08-09T03:50:00Z,46,8.676,,,Provisional/Provisoire,,
05EA012,2026-08-09T03:55:00Z,46,8.675,,,Provisional/Provisoire,,
05EA012,2026-08-09T04:00:00Z,46,8.675,,,Provisional/Provisoire,,
05EA012,2026-08-09T04:05:00Z,46,8.675,,,Provisional/Provisoire,,
05EA012,2026-08-09T04:10:00Z,46,8.675,,,Provisional/Provisoire,,
05EA012,2026-08-09T04:15:00Z,46,8.675,,,Provisional/Provisoire,,
05EA012,2026-08-09T04:20:00Z,46,8.676,,,Provisional/Provisoire,,
05EA012,2026-08-09T04:25:00Z,46,8.677,,,Provisional/Provisoire,,
05EA012,2026-08-09T04:30:00Z,46,8.675,,,Provisional/Provisoire,,
05EA012,2026-08-09T04:35:00Z,46,8.676,,,Provisional/Provisoire,,
05EA012,2026-08-09T04:40:00Z,46,8.676,,,Provisional/Provisoire,,
05EA012,2026-08-09T04:45:00Z,46,8.676,,,Provisional/Provisoire,,
05EA012,2026-08-09T04:50:00Z,46,8.675,,,Provisional/Provisoire,,
05EA012,2026-08-09T04:55:00Z,46,8.674,,,Provisional/Provisoire,,
05EA012,2026-08-09T05:00:00Z,46,8.676,,,Provisional/Provisoire,,
05EA012,2026-08-09T05:05:00Z,46,8.675,,,Provisional/Provisoire,,
05EA012,2026-08-09T05:10:00Z,46,8.674,,,Provisional/Provisoire,,
05EA012,2026-08-09T05:15:00Z,46,8.675,,,Provisional/Provisoire,,
05EA012,2026-08-09T05:20:00Z,46,8.675,,,Provisional/Provisoire,,
05EA012,2026-08-09T05:25:00Z,46,8.673,,,Provisional/Provisoire,,
05EA012,2026-08-09T05:30:00Z,46,8.673,,,Provisional/Provisoire,,
05EA012,2026-08-09T05:35:00Z,46,8.673,,,Provisional/Provisoire,,
05EA012,2026-08-09T05:40:00Z,46,8.673,,,Provisional/Provisoire,,
05EA012,2026-08-09T05:45:00Z,46,8.673,,,Provisional/Provisoire,,
05EA012,2026-08-09T05:50:00Z,46,8.671,,,Provisional/Provisoire,,
05EA012,2026-08-09T05:55:00Z,46,8.670,,,Provisional/Provisoire,,
05EA012,2026-08-09T06:00:00Z,46,8.670,,,Provisional/Provisoire,,
05EA012,2026-08-09T06:05:00Z,46,8.671,,,Provisional/Provisoire,,
05EA012,2026-08-09T06:10:00Z,46,8.671,,,Provisional/Provisoire,,
05EA012,2026-08-09T06:15:00Z,46,8.669,,,Provisional/Provisoire,,
05EA012,2026-08-09T06:20:00Z,46,8.669,,,Provisional/Provisoire,,
05EA012,2026-08-09T06:25:00Z,46,8.669,,,Provisional/Provisoire,,
05EA012,2026-08-09T06:30:00Z,46,8.669,,,Provisional/Provisoire,,
05EA012,2026-08-09T06:35:00Z,46,8.670,,,Provisional/Provisoire,,
05EA012,2026-08-09T06:40:00Z,46,8.670,,,Provisional/Provisoire,,
05EA012,2026-08-09T06:45:00Z,46,8.668,,,Provisional/Provisoire,,
05EA012,2026-08-09T06:50:00Z,46,8.669,,,Provisional/Provisoire,,
05EA012,2026-08-09T06:55:00Z,46,8.669,,,Provisional/Provisoire,,
05EA012,2026-08-09T07:00:00Z,46,8.671,,,Provisional/Provisoire,,
05EA012,2026-08-09T07:05:00Z,46,8.669,,,Provisional/Provisoire,,
05EA012,2026-08-09T07:10:00Z,46,8.672,,,Provisional/Provisoire,,
05EA012,2026-08-09T07:15:00Z,46,8.670,,,Provisional/Provisoire,,
05EA012,2026-08-09T07:20:00Z,46,8.672,,,Provisional/Provisoire,,
05EA012,2026-08-09T07:25:00Z,46,8.672,,,Provisional/Provisoire,,
05EA012,2026-08-09T07:30:00Z,46,8.672,,,Provisional/Provisoire,,
05EA012,2026-08-09T07:35:00Z,46,8.671,,,Provisional/Provisoire,,
05EA012,2026-08-09T07:40:00Z,46,8.672,,,Provisional/Provisoire,,
05EA012,2026-08-09T07:45:00Z,46,8.673,,,Provisional/Provisoire,,
05EA012,2026-08-09T07:50:00Z,46,8.673,,,Provisional/Provisoire,,
05EA012,2026-08-09T07:55:00Z,46,8.673,,,Provisional/Provisoire,,
05EA012,2026-08-09T08:00:00Z,46,8.672,,,Provisional/Provisoire,,
05EA012,2026-08-09T08:05:00Z,46,8.672,,,Provisional/Provisoire,,
05EA012,2026-08-09T08:10:00Z,46,8.673,,,Provisional/Provisoire,,
05EA012,2026-08-09T08:15:00Z,46,8.671,,,Provisional/Provisoire,,
05EA012,2026-08-09T08:20:00Z,46,8.672,,,Provisional/Provisoire,,
05EA012,2026-08-09T08:25:00Z,46,8.670,,,Provisional/Provisoire,,
05EA012,2026-08-09T08:30:00Z,46,8.671,,,Provisional/Provisoire,,
05EA012,2026-08-09T08:35:00Z,46,8.669,,,Provisional/Provisoire,,
05EA012,2026-08-09T08:40:00Z,46,8.670,,,Provisional/Provisoire,,
05EA012,2026-08-09T08:45:00Z,46,8.669,,,Provisional/Provisoire,,
05EA012,2026-08-09T08:50:00Z,46,8.670,,,Provisional/Provisoire,,
05EA012,2026-08-09T08:55:00Z,46,8.668,,,Provisional/Provisoire,,
05EA012,2026-08-09T09:00:00Z,46,8.670,,,Provisional/Provisoire,,
05EA012,2026-08-09T09:05:00Z,46,8.669,,,Provisional/Provisoire,,
05EA012,2026-08-09T09:10:00Z,46,8.668,,,Provisional/Provisoire,,
05EA012,2026-08-09T09:15:00Z,46,8.668,,,Provisional/Provisoire,,
05EA012,2026-08-09T09:20:00Z,46,8.669,,,Provisional/Provisoire,,
05EA012,2026-08-09T09:25:00Z,46,8.669,,,Provisional/Provisoire,,
05EA012,2026-08-09T09:30:00Z,46,8.669,,,Provisional/Provisoire,,
05EA012,2026-08-09T09:35:00Z,46,8.668,,,Provisional/Provisoire,,
05EA012,2026-08-09T09:40:00Z,46,8.669,,,Provisional/Provisoire,,
05EA012,2026-08-09T09:45:00Z,46,8.668,,,Provisional/Provisoire,,
05EA012,2026-08-09T09:50:00Z,46,8.670,,,Provisional/Provisoire,,
05EA012,2026-08-09T09:55:00Z,46,8.669,,,Provisional/Provisoire,,
05EA012,2026-08-09T10:00:00Z,46,8.669,,,Provisional/Provisoire,,
05EA012,2026-08-09T10:05:00Z,46,8.671,,,Provisional/Provisoire,,
05EA012,2026-08-09T10:10:00Z,46,8.670,,,Provisional/Provisoire,,
05EA012,2026-08-09T10:15:00Z,46,8.670,,,Provisional/Provisoire,,
05EA012,2026-08-09T10:20:00Z,46,8.671,,,Provisional/Provisoire,,
05EA012,2026-08-09T10:25:00Z,46,8.671,,,Provisional/Provisoire,,
05EA012,2026-08-09T10:30:00Z,46,8.671,,,Provisional/Provisoire,,
05EA012,2026-08-09T10:35:00Z,46,8.672,,,Provisional/Provisoire,,
05EA012,2026-08-09T10:40:00Z,46,8.673,,,Provisional/Provisoire,,
05EA012,2026-08-09T10:45:00Z,46,8.673,,,Provisional/Provisoire,,
05EA012,2026-08-09T10:50:00Z,46,8.671,,,Provisional/Provisoire,,
05EA012,2026-08-09T10:55:00Z,46,8.672,,,Provisional/Provisoire,,
05EA012,2026-08-09T11:00:00Z,46,8.672,,,Provisional/Provisoire,,
05EA012,2026-08-09T11:05:00Z,46,8.672,,,Provisional/Provisoire,,
05EA012,2026-08-09T11:10:00Z,46,8.670,,,Provisional/Provisoire,,
05EA012,2026-08-09T11:15:00Z,46,8.670,,,Provisional/Provisoire,,
05EA012,2026-08-09T11:20:00Z,46,8.670,,,Provisional/Provisoire,,
05EA012,2026-08-09T11:25:00Z,46,8.671,,,Provisional/Provisoire,,
05EA012,2026-08-09T11:30:00Z,46,8.671,,,Provisional/Provisoire,,
05EA012,2026-08-09T11:35:00Z,46,8.670,,,Provisional/Provisoire,,
05EA012,2026-08-09T11:40:00Z,46,8.671,,,Provisional/Provisoire,,
05EA012,2026-08-09T11:45:00Z,46,8.670,,,Provisional/Provisoire,,
05EA012,2026-08-09T11:50:00Z,46,8.669,,,Provisional/Provisoire,,
05EA012,2026-08-09T11:55:00Z,46,8.671,,,Provisional/Provisoire,,
05EA012,2026-08-09T12:00:00Z,46,8.671,,,Provisional/Provisoire,,
05EA012,2026-08-09T12:05:00Z,46,8.670,,,Provisional/Provisoire,,
05EA012,2026-08-09T12:10:00Z,46,8.671,,,Provisional/Provisoire,,
05EA012,2026-08-09T12:15:00Z,46,8.670,,,Provisional/Provisoire,,
05EA012,2026-08-09T12:20:00Z,46,8.671,,,Provisional/Provisoire,,
05EA012,2026-08-09T12:25:00Z,46,8.670,,,Provisional/Provisoire,,
05EA012,2026-08-09T12:30:00Z,46,8.672,,,Provisional/Provisoire,,
05EA012,2026-08-09T12:35:00Z,46,8.672,,,Provisional/Provisoire,,
05EA012,2026-08-09T12:40:00Z,46,8.672,,,Provisional/Provisoire,,
05EA012,2026-08-09T12:45:00Z,46,8.673,,,Provisional/Provisoire,,
05EA012,2026-08-09T12:50:00Z,46,8.673,,,Provisional/Provisoire,,
05EA012,2026-08-09T12:55:00Z,46,8.673,,,Provisional/Provisoire,,
05EA012,2026-08-09T13:00:00Z,46,8.671,,,Provisional/Provisoire,,
05EA012,2026-08-09T13:05:00Z,46,8.673,,,Provisional/Provisoire,,
05EA012,2026-08-09T13:10:00Z,46,8.673,,,Provisional/Provisoire,,
05EA012,2026-08-09T13:15:00Z,46,8.673,,,Provisional/Provisoire,,
05EA012,2026-08-09T13:20:00Z,46,8.673,,,Provisional/Provisoire,,
05EA012,2026-08-09T13:25:00Z,46,8.673,,,Provisional/Provisoire,,
05EA012,2026-08-09T13:30:00Z,46,8.672,,,Provisional/Provisoire,,
05EA012,2026-08-09T13:35:00Z,46,8.671,,,Provisional/Provisoire,,
05EA012,2026-08-09T13:40:00Z,46,8.672,,,Provisional/Provisoire,,
05EA012,2026-08-09T13:45:00Z,46,8.672,,,Provisional/Provisoire,,
05EA012,2026-08-09T13:50:00Z,46,8.671,,,Provisional/Provisoire,,
05EA012,2026-08-09T13:55:00Z,46,8.671,,,Provisional/Provisoire,,
05EA012,2026-08-09T14:00:00Z,46,8.673,,,Provisional/Provisoire,,
05EA012,2026-08-09T14:05:00Z,46,8.671,,,Provisional/Provisoire,,
05EA012,2026-08-09T14:10:00Z,46,8.672,,,Provisional/Provisoire,,
05EA012,2026-08-09T14:15:00Z,46,8.672,,,Provisional/Provisoire,,
05EA012,2026-08-09T14:20:00Z,46,8.672,,,Provisional/Provisoire,,
05EA012,2026-08-09T14:25:00Z,46,8.673,,,Provisional/Provisoire,,
05EA012,2026-08-09T14:30:00Z,46,8.674,,,Provisional/Provisoire,,
05EA012,2026-08-09T14:35:00Z,46,8.673,,,Provisional/Provisoire,,
05EA012,2026-08-09T14:40:00Z,46,8.674,,,Provisional/Provisoire,,
05EA012,2026-08-09T14:45:00Z,46,8.673,,,Provisional/Provisoire,,
05EA012,2026-08-09T14:50:00Z,46,8.675,,,Provisional/Provisoire,,
05EA012,2026-08-09T14:55:00Z,46,8.675,,,Provisional/Provisoire,,
05EA012,2026-08-09T15:00:00Z,46,8.674,,,Provisional/Provisoire,,
05EA012,2026-08-09T15:05:00Z,46,8.674,,,Provisional/Provisoire,,
05EA012,2026-08-09T15:10:00Z,46,8.675,,,Provisional/Provisoire,,
05EA012,2026-08-09T15:15:00Z,46,8.676,,,Provisional/Provisoire,,
05EA012,2026-08-09T15:20:00Z,46,8.675,,,Provisional/Provisoire,,
05EA012,2026-08-09T15:25:00Z,46,8.675,,,Provisional/Provisoire,,
05EA012,2026-08-09T15:30:00Z,46,8.675,,,Provisional/Provisoire,,
05EA012,2026-08-09T15:35:00Z,46,8.675,,,Provisional/Provisoire,,
05EA012,2026-08-09T15:40:00Z,46,8.676,,,Provisional/Provisoire,,
05EA012,2026-08-09T15:45:00Z,46,8.676,,,Provisional/Provisoire,,
05EA012,2026-08-09T15:50:00Z,46,8.677,,,Provisional/Provisoire,,
05EA012,2026-08-09T15:55:00Z,46,8.677,,,Provisional/Provisoire,,
05EA012,2026-08-09T16:00:00Z,46,8.676,,,Provisional/Provisoire,,
05EA012,2026-08-09T16:05:00Z,46,8.677,,,Provisional/Provisoire,,
05EA012,2026-08-09T16:10:00Z,46,8.675,,,Provisional/Provisoire,,
05EA012,2026-08-09T16:15:00Z,46,8.677,,,Provisional/Provisoire,,
05EA012,2026-08-09T16:20:00Z,46,8.676,,,Provisional/Provisoire,,
05EA012,2026-08-09T16:25:00Z,46,8.675,,,Provisional/Provisoire,,
05EA012,2026-08-09T16:30:00Z,46,8.675,,,Provisional/Provisoire,,
05EA012,2026-08-09T16:35:00Z,46,8.676,,,Provisional/Provisoire,,
05EA012,2026-08-09T16:40:00Z,46,8.677,,,Provisional/Provisoire,,
05EA012,2026-08-09T16:45:00Z,46,8.675,,,Provisional/Provisoire,,
05EA012,2026-08-09T16:50:00Z,46,8.676,,,Provisional/Provisoire,,
05EA012,2026-08-09T16:55:00Z,46,8.676,,,Provisional/Provisoire,,
05EA012,2026-08-09T17:00:00Z,46,8.677,,,Provisional/Provisoire,,
05EA012,2026-08-09T17:05:00Z,46,8.676,,,Provisional/Provisoire,,
05EA012,2026-08-09T17:10:00Z,46,8.675,,,Provisional/Provisoire,,
05EA012,2026-08-09T17:15:00Z,46,8.677,,,Provisional/Provisoire,,
05EA012,2026-08-09T17:20:00Z,46,8.677,,,Provisional/Provisoire,,
05EA012,2026-08-09T17:25:00Z,46,8.677,,,Provisional/Provisoire,,
05EA012,2026-08-09T17:30:00Z,46,8.677,,,Provisional/Provisoire,,
05EA012,2026-08-09T17:35:00Z,46,8.676,,,Provisional/Provisoire,,
05EA012,2026-08-09T17:40:00Z,46,8.675,,,Provisional/Provisoire,,
05EA012,2026-08-09T17:45:00Z,46,8.675,,,Provisional/Provisoire,,
05EA012,2026-08-09T17:50:00Z,46,8.675,,,Provisional/Provisoire,,
05EA012,2026-08-09T17:55:00Z,46,8.675,,,Provisional/Provisoire,,
05EA012,2026-08-09T18:00:00Z,46,8.674,,,Provisional/Provisoire,,
05EA012,2026-08-09T18:05:00Z,46,8.675,,,Provisional/Provisoire,,
05EA012,2026-08-09T18:10:00Z,46,8.675,,,Provisional/Provisoire,,
05EA012,2026-08-09T18:15:00Z,46,8.675,,,Provisional/Provisoire,,
05EA012,2026-08-09T18:20:00Z,46,8.676,,,Provisional/Provisoire,,
05EA012,2026-08-09T18:25:00Z,46,8.674,,,Provisional/Provisoire,,
05EA012,2026-08-09T18:30:00Z,46,8.674,,,Provisional/Provisoire,,
05EA012,2026-08-09T18:35:00Z,46,8.674,,,Provisional/Provisoire,,
05EA012,2026-08-09T18:40:00Z,46,8.675,,,Provisional/Provisoire,,
05EA012,2026-08-09T18:45:00Z,46,8.675,,,Provisional/Provisoire,,
05EA012,2026-08-09T18:50:00Z,46,8.675,,,Provisional/Provisoire,,
05EA012,2026-08-09T18:55:00Z,46,8.675,,,Provisional/Provisoire,,
05EA012,2026-08-09T19:00:00Z,46,8.674,,,Provisional/Provisoire,,
05EA012,2026-08-09T19:05:00Z,46,8.675,,,Provisional/Provisoire,,
05EA012,2026-08-09T19:10:00Z,46,8.673,,,Provisional/Provisoire,,
05EA012,2026-08-09T19:15:00Z,46,8.673,,,Provisional/Provisoire,,
05EA012,2026-08-09T19:20:00Z,46,8.673,,,Provisional/Provisoire,,
05EA012,2026-08-09T19:25:00Z,46,8.673,,,Provisional/Provisoire,,
05EA012,2026-08-09T19:30:00Z,46,8.674,,,Provisional/Provisoire,,
05EA012,2026-08-09T19:35:00Z,46,8.673,,,Provisional/Provisoire,,
05EA012,2026-08-09T19:40:00Z,46,8.674,,,Provisional/Provisoire,,
05EA012,2026-08-09T19:45:00Z,46,8.674,,,Provisional/Provisoire,,
05EA012,2026-08-09T19:50:00Z,46,8.673,,,Provisional/Provisoire,,
05EA012,2026-08-09T19:55:00Z,46,8.672,,,Provisional/Provisoire,,
05EA012,2026-08-09T20:00:00Z,46,8.672,,,Provisional/Provisoire,,
05EA012,2026-08-09T20:05:00Z,46,8.672,,,Provisional/Provisoire,,
05EA012,2026-08-09T20:10:00Z,46,8.673,,,Provisional/Provisoire,,
05EA012,2026-08-09T20:15:00Z,46,8.672,,,Provisional/Provisoire,,
05EA012,2026-08-09T20:20:00Z,46,8.672,,,Provisional/Provisoire,,
05EA012,2026-08-09T20:25:00Z,46,8.673,,,Provisional/Provisoire,,
05EA012,2026-08-09T20:30:00Z,46,8.673,,,Provisional/Provisoire,,
05EA012,2026-08-09T20:35:00Z,46,8.671,,,Provisional/Provisoire,,
05EA012,2026-08-09T20:40:00Z,46,8.671,,,Provisional/Provisoire,,
05EA012,2026-08-09T20:45:00Z,46,8.672,,,Provisional/Provisoire,,
05EA012,2026-08-09T20:50:00Z,46,8.671,,,Provisional/Provisoire,,
05EA012,2026-08-09T20:55:00Z,46,8.672,,,Provisional/Provisoire,,
05EA012,2026-08-09T21:00:00Z,46,8.672,,,Provisional/Provisoire,,
05EA012,2026-08-09T21:05:00Z,46,8.672,,,Provisional/Provisoire,,
05EA012,2026-08-09T21:10:00Z,46,8.671,,,Provisional/Provisoire,,
05EA012,2026-08-09T21:15:00Z,46,8.670,,,Provisional/Provisoire,,
05EA012,2026-08-09T21:20:00Z,46,8.672,,,Provisional/Provisoire,,
05EA012,2026-08-09T21:25:00Z,46,8.670,,,Provisional/Provisoire,,
05EA012,2026-08-09T21:30:00Z,46,8.671,,,Provisional/Provisoire,,
05EA012,2026-08-09T21:35:00Z,46,8.670,,,Provisional/Provisoire,,
05EA012,2026-08-09T21:40:00Z,46,8.671,,,Provisional/Provisoire,,
05EA012,2026-08-09T21:45:00Z,46,8.671,,,Provisional/Provisoire,,
05EA012,2026-08-09T21:50:00Z,46,8.671,,,Provisional/Provisoire,,
05EA012,2026-08-09T21:55:00Z,46,8.671,,,Provisional/Provisoire,,
05EA012,2026-08-09T22:00:00Z,46,8.669,,,Provisional/Provisoire,,
05EA012,2026-08-09T22:05:00Z,46,8.669,,,Provisional/Provisoire,,
05EA012,2026-08-09T22:10:00Z,46,8.671,,,Provisional/Provisoire,,
05EA012,2026-08-09T22:15:00Z,46,8.669,,,Provisional/Provisoire,,
05EA012,2026-08-09T22:20:00Z,46,8.671,,,Provisional/Provisoire,,
05EA012,2026-08-09T22:25:00Z,46,8.670,,,Provisional/Provisoire,,
05EA012,2026-08-09T22:30:00Z,46,8.669,,,Provisional/Provisoire,,
05EA012,2026-08-09T22:35:00Z,46,8.671,,,Provisional/Provisoire,,
05EA012,2026-08-09T22:40:00Z,46,8.669,,,Provisional/Provisoire,,
05EA012,2026-08-09T22:45:00Z,46,8.669,,,Provisional/Provisoire,,
05EA012,2026-08-09T22:50:00Z,46,8.670,,,Provisional/Provisoire,,
05EA012,2026-08-09T22:55:00Z,46,8.669,,,Provisional/Provisoire,,
05EA012,2026-08-09T23:00:00Z,46,8.670,,,Provisional/Provisoire,,
05EA012,2026-08-09T23:05:00Z,46,8.670,,,Provisional/Provisoire,,
05EA012,2026-08-09T23:10:00Z,46,8.668,,,Provisional/Provisoire,,
05EA012,2026-08-09T23:15:00Z,46,8.671,,,Provisional/Provisoire,,
05EA012,2026-08-09T23:20:00Z,46,8.669,,,Provisional/Provisoire,,
05EA012,2026-08-09T23:25:00Z,46,8.670,,,Provisional/Provisoire,,
05EA012,2026-08-09T23:30:00Z,46,8.668,,,Provisional/Provisoire,,
05EA012,2026-08-09T23:35:00Z,46,8.669,,,Provisional/Provisoire,,
05EA012,2026-08-09T23:40:00Z,46,8.669,,,Provisional/Provisoire,,
05EA012,2026-08-09T23:45:00Z,46,8.668,,,Provisional/Provisoire,,
05EA012,2026-08-09T23:50:00Z,46,8.669,,,Provisional/Provisoire,,
05EA012,2026-08-09T23:55:00Z,46,8.669,,,Provisional/Provisoire,,
05EA012,2026-08-10T00:00:00Z,46,8.669,,,Provisional/Provisoire,,
05EA012,2026-08-10T00:05:00Z,46,8.670,,,Provisional/Provisoire,,
05EA012,2026-08-10T00:10:00Z,46,8.670,,,Provisional/Provisoire,,
05EA012,2026-08-10T00:15:00Z,46,8.669,,,Provisional/Provisoire,,
05EA012,2026-08-10T00:20:00Z,46,8.671,,,Provisional/Provisoire,,
05EA012,2026-08-10T00:25:00Z,46,8.668,,,Provisional/Provisoire,,
05EA012,2026-08-10T00:30:00Z,46,8.669,,,Provisional/Provisoire,,
05EA012,2026-08-10T00:35:00Z,46,8.670,,,Provisional/Provisoire,,
05EA012,2026-08-10T00:40:00Z,46,8.670,,,Provisional/Provisoire,,
05EA012,2026-08-10T00:45:00Z,46,8.668,,,Provisional/Provisoire,,
05EA012,2026-08-10T00:50:00Z,46,8.670,,,Provisional/Provisoire,,
05EA012,2026-08-10T00:55:00Z,46,8.670,,,Provisional/Provisoire,,
05EA012,2026-08-10T01:00:00Z,46,8.670,,,Provisional/Provisoire,,
05EA012,2026-08-10T01:05:00Z,46,8.669,,,Provisional/Provisoire,,
05EA012,2026-08-10T01:10:00Z,46,8.668,,,Provisional/Provisoire,,
05EA012,2026-08-10T01:15:00Z,46,8.670,,,Provisional/Provisoire,,
05EA012,2026-08-10T01:20:00Z,46,8.669,,,Provisional/Provisoire,,
05EA012,2026-08-10T01:25:00Z,46,8.668,,,Provisional/Provisoire,,
05EA012,2026-08-10T01:30:00Z,46,8.670,,,Provisional/Provisoire,,
05EA012,2026-08-10T01:35:00Z,46,8.670,,,Provisional/Provisoire,,
05EA012,2026-08-10T01:40:00Z,46,8.669,,,Provisional/Provisoire,,
05EA012,2026-08-10T01:45:00Z,46,8.670,,,Provisional/Provisoire,,
05EA012,2026-08-10T01:50:00Z,46,8.670,,,Provisional/Provisoire,,
05EA012,2026-08-10T01:55:00Z,46,8.669,,,Provisional/Provisoire,,
05EA012,2026-08-10T02:00:00Z,46,8.670,,,Provisional/Provisoire,,
05EA012,2026-08-10T02:05:00Z,46,8.669,,,Provisional/Provisoire,,
05EA012,2026-08-10T02:10:00Z,46,8.668,,,Provisional/Provisoire,,
05EA012,2026-08-10T02:15:00Z,46,8.669,,,Provisional/Provisoire,,
05EA012,2026-08-10T02:20:00Z,46,8.670,,,Provisional/Provisoire,,
05EA012,2026-08-10T02:25:00Z,46,8.669,,,Provisional/Provisoire,,
05EA012,2026-08-10T02:30:00Z,46,8.668,,,Provisional/Provisoire,,
05EA012,2026-08-10T02:35:00Z,46,8.670,,,Provisional/Provisoire,,
05EA012,2026-08-10T02:40:00Z,46,8.668,,,Provisional/Provisoire,,
05EA012,2026-08-10T02:45:00Z,46,8.670,,,Provisional/Provisoire,,
05EA012,2026-08-10T02:50:00Z,46,8.668,,,Provisional/Provisoire,,
05EA012,2026-08-10T02:55:00Z,46,8.668,,,Provisional/Provisoire,,
05EA012,2026-08-10T03:00:00Z,46,8.669,,,Provisional/Provisoire,,
05EA012,2026-08-10T03:05:00Z,46,8.669,,,Provisional/Provisoire,,
05EA012,2026-08-10T03:10:00Z,46,8.669,,,Provisional/Provisoire,,
05EA012,2026-08-10T03:15:00Z,46,8.669,,,Provisional/Provisoire,,
05EA012,2026-08-10T03:20:00Z,46,8.669,,,Provisional/Provisoire,,
05EA012,2026-08-10T03:25:00Z,46,8.667,,,Provisional/Provisoire,,
05EA012,2026-08-10T03:30:00Z,46,8.668,,,Provisional/Provisoire,,
05EA012,2026-08-10T03:35:00Z,46,8.667,,,Provisional/Provisoire,,
05EA012,2026-08-10T03:40:00Z,46,8.666,,,Provisional/Provisoire,,
05EA012,2026-08-10T03:45:00Z,46,8.666,,,Provisional/Provisoire,,
05EA012,2026-08-10T03:50:00Z,46,8.665,,,Provisional/Provisoire,,
05EA012,2026-08-10T03:55:00Z,46,8.665,,,Provisional/Provisoire,,
05EA012,2026-08-10T04:00:00Z,46,8.665,,,Provisional/Provisoire,,
05EA012,2026-08-10T04:05:00Z,46,8.665,,,Provisional/Provisoire,,
05EA012,2026-08-10T04:10:00Z,46,8.666,,,Provisional/Provisoire,,
05EA012,2026-08-10T04:15:00Z,46,8.666,,,Provisional/Provisoire,,
05EA012,2026-08-10T04:20:00Z,46,8.666,,,Provisional/Provisoire,,
05EA012,2026-08-10T04:25:00Z,46,8.665,,,Provisional/Provisoire,,
05EA012,2026-08-10T04:30:00Z,46,8.664,,,Provisional/Provisoire,,
05EA012,2026-08-10T04:35:00Z,46,8.665,,,Provisional/Provisoire,,
05EA012,2026-08-10T04:40:00Z,46,8.666,,,Provisional/Provisoire,,
05EA012,2026-08-10T04:45:00Z,46,8.665,,,Provisional/Provisoire,,
05EA012,2026-08-10T04:50:00Z,46,8.666,,,Provisional/Provisoire,,
05EA012,2026-08-10T04:55:00Z,46,8.665,,,Provisional/Provisoire,,
05EA012,2026-08-10T05:00:00Z,46,8.665,,,Provisional/Provisoire,,
05EA012,2026-08-10T05:05:00Z,46,8.667,,,Provisional/Provisoire,,
05EA012,2026-08-10T05:10:00Z,46,8.666,,,Provisional/Provisoire,,
05EA012,2026-08-10T05:15:00Z,46,8.666,,,Provisional/Provisoire,,
05EA012,2026-08-10T05:20:00Z,46,8.666,,,Provisional/Provisoire,,
05EA012,2026-08-10T05:25:00Z,46,8.667,,,Provisional/Provisoire,,
05EA012,2026-08-10T05:30:00Z,46,8.666,,,Provisional/Provisoire,,
05EA012,2026-08-10T05:35:00Z,46,8.665,,,Provisional/Provisoire,,
05EA012,2026-08-10T05:40:00Z,46,8.665,,,Provisional/Provisoire,,
05EA012,2026-08-10T05:45:00Z,46,8.665,,,Provisional/Provisoire,,
05EA012,2026-08-10T05:50:00Z,46,8.666,,,Provisional/Provisoire,,
05EA012,2026-08-10T05:55:00Z,46,8.666,,,Provisional/Provisoire,,
05EA012,2026-08-10T06:00:00Z,46,8.664,,,Provisional/Provisoire,,
05EA012,2026-08-10T06:05:00Z,46,8.663,,,Provisional/Provisoire,,
05EA012,2026-08-10T06:10:00Z,46,8.665,,,Provisional/Provisoire,,
05EA012,2026-08-10T06:15:00Z,46,8.662,,,Provisional/Provisoire,,
05EA012,2026-08-10T06:20:00Z,46,8.664,,,Provisional/Provisoire,,
05EA012,2026-08-10T06:25:00Z,46,8.663,,,Provisional/Provisoire,,
05EA012,2026-08-10T06:30:00Z,46,8.663,,,Provisional/Provisoire,,
05EA012,2026-08-10T06:35:00Z,46,8.663,,,Provisional/Provisoire,,
05EA012,2026-08-10T06:40:00Z,46,8.662,,,Provisional/Provisoire,,
05EA012,2026-08-10T06:45:00Z,46,8.663,,,Provisional/Provisoire,,
05EA012,2026-08-10T06:50:00Z,46,8.662,,,Provisional/Provisoire,,
05EA012,2026-08-10T06:55:00Z,46,8.661,,,Provisional/Provisoire,,
05EA012,2026-08-10T07:00:00Z,46,8.663,,,Provisional/Provisoire,,
05EA012,2026-08-10T07:05:00Z,46,8.663,,,Provisional/Provisoire,,
05EA012,2026-08-10T07:10:00Z,46,8.661,,,Provisional/Provisoire,,
05EA012,2026-08-10T07:15:00Z,46,8.662,,,Provisional/Provisoire,,
05EA012,2026-08-10T07:20:00Z,46,8.663,,,Provisional/Provisoire,,
05EA012,2026-08-10T07:25:00Z,46,8.664,,,Provisional/Provisoire,,
05EA012,2026-08-10T07:30:00Z,46,8.664,,,Provisional/Provisoire,,
05EA012,2026-08-10T07:35:00Z,46,8.663,,,Provisional/Provisoire,,
05EA012,2026-08-10T07:40:00Z,46,8.665,,,Provisional/Provisoire,,
05EA012,2026-08-10T07:45:00Z,46,8.666,,,Provisional/Provisoire,,
05EA012,2026-08-10T07:50:00Z,46,8.664,,,Provisional/Provisoire,,
05EA012,2026-08-10T07:55:00Z,46,8.666,,,Provisional/Provisoire,,
05EA012,2026-08-10T08:00:00Z,46,8.667,,,Provisional/Provisoire,,
05EA012,2026-08-10T08:05:00Z,46,8.667,,,Provisional/Provisoire,,
05EA012,2026-08-10T08:10:00Z,46,8.666,,,Provisional/Provisoire,,
05EA012,2026-08-10T08:15:00Z,46,8.668,,,Provisional/Provisoire,,
05EA012,2026-08-10T08:20:00Z,46,8.668,,,Provisional/Provisoire,,
05EA012,2026-08-10T08:25:00Z,46,8.667,,,Provisional/Provisoire,,
05EA012,2026-08-10T08:30:00Z,46,8.669,,,Provisional/Provisoire,,
05EA012,2026-08-10T08:35:00Z,46,8.669,,,Provisional/Provisoire,,
05EA012,2026-08-10T08:40:00Z,46,8.669,,,Provisional/Provisoire,,
05EA012,2026-08-10T08:45:00Z,46,8.668,,,Provisional/Provisoire,,
05EA012,2026-08-10T08:50:00Z,46,8.668,,,Provisional/Provisoire,,
05EA012,2026-08-10T08:55:00Z,46,8.669,,,Provisional/Provisoire,,
05EA012,2026-08-10T09:00:00Z,46,8.669,,,Provisional/Provisoire,,
05EA012,2026-08-10T09:05:00Z,46,8.667,,,Provisional/Provisoire,,
05EA012,2026-08-10T09:10:00Z,46,8.667,,,Provisional/Provisoire,,
05EA012,2026-08-10T09:15:00Z,46,8.669,,,Provisional/Provisoire,,
05EA012,2026-08-10T09:20:00Z,46,8.668,,,Provisional/Provisoire,,
05EA012,2026-08-10T09:25:00Z,46,8.667,,,Provisional/Provisoire,,
05EA012,2026-08-10T09:30:00Z,46,8.668,,,Provisional/Provisoire,,
05EA012,2026-08-10T09:35:00Z,46,8.668,,,Provisional/Provisoire,,
05EA012,2026-08-10T09:40:00Z,46,8.668,,,Provisional/Provisoire,,
05EA012,2026-08-10T09:45:00Z,46,8.667,,,Provisional/Provisoire,,
05EA012,2026-08-10T09:50:00Z,46,8.667,,,Provisional/Provisoire,,
05EA012,2026-08-10T09:55:00Z,46,8.667,,,Provisional/Provisoire,,
05EA012,2026-08-10T10:00:00Z,46,8.667,,,Provisional/Provisoire,,
05EA012,2026-08-10T10:05:00Z,46,8.667,,,Provisional/Provisoire,,
05EA012,2026-08-10T10:10:00Z,46,8.665,,,Provisional/Provisoire,,
05EA012,2026-08-10T10:15:00Z,46,8.665,,,Provisional/Provisoire,,
05EA012,2026-08-10T10:20:00Z,46,8.665,,,Provisional/Provisoire,,
05EA012,2026-08-10T10:25:00Z,46,8.667,,,Provisional/Provisoire,,
05EA012,2026-08-10T10:30:00Z,46,8.667,,,Provisional/Provisoire,,
05EA012,2026-08-10T10:35:00Z,46,8.665,,,Provisional/Provisoire,,
05EA012,2026-08-10T10:40:00Z,46,8.666,,,Provisional/Provisoire,,
05EA012,2026-08-10T10:45:00Z,46,8.666,,,Provisional/Provisoire,,
05EA012,2026-08-10T10:50:00Z,46,8.664,,,Provisional/Provisoire,,
05EA012,2026-08-10T10:55:00Z,46,8.664,,,Provisional/Provisoire,,
05EA012,2026-08-10T11:00:00Z,46,8.664,,,Provisional/Provisoire,,
05EA012,2026-08-10T11:05:00Z,46,8.665,,,Provisional/Provisoire,,
05EA012,2026-08-10T11:10:00Z,46,8.663,,,Provisional/Provisoire,,
05EA012,2026-08-10T11:15:00Z,46,8.664,,,Provisional/Provisoire,,
05EA012,2026-08-10T11:20:00Z,46,8.663,,,Provisional/Provisoire,,
05EA012,2026-08-10T11:25:00Z,46,8.663,,,Provisional/Provisoire,,
05EA012,2026-08-10T11:30:00Z,46,8.663,,,Provisional/Provisoire,,
05EA012,2026-08-10T11:35:00Z,46,8.663,,,Provisional/Provisoire,,
05EA012,2026-08-10T11:40:00Z,46,8.664,,,Provisional/Provisoire,,
05EA012,2026-08-10T11:45:00Z,46,8.664,,,Provisional/Provisoire,,
05EA012,2026-08-10T11:50:00Z,46,8.665,,,Provisional/Provisoire,,
05EA012,2026-08-10T11:55:00Z,46,8.664,,,Provisional/Provisoire,,
05EA012,2026-08-10T12:00:00Z,46,8.666,,,Provisional/Provisoire,,
05EA012,2026-08-10T12:05:00Z,46,8.666,,,Provisional/Provisoire,,
05EA012,2026-08-10T12:10:00Z,46,8.665,,,Provisional/Provisoire,,
05EA012,2026-08-10T12:15:00Z,46,8.667,,,Provisional/Provisoire,,
05EA012,2026-08-10T12:20:00Z,46,8.665,,,Provisional/Provisoire,,
05EA012,2026-08-10T12:25:00Z,46,8.667,,,Provisional/Provisoire,,
05EA012,2026-08-10T12:30:00Z,46,8.666,,,Provisional/Provisoire,,
05EA012,2026-08-10T12:35:00Z,46,8.665,,,Provisional/Provisoire,,
05EA012,2026-08-10T12:40:00Z,46,8.665,,,Provisional/Provisoire,,
05EA012,2026-08-10T12:45:00Z,46,8.666,,,Provisional/Provisoire,,
05EA012,2026-08-10T12:50:00Z,46,8.666,,,Provisional/Provisoire,,
05EA012,2026-08-10T12:55:00Z,46,8.666,,,Provisional/Provisoire,,
05EA012,2026-08-10T13:00:00Z,46,8.664,,,Provisional/Provisoire,,
05EA012,2026-08-10T13:05:00Z,46,8.664,,,Provisional/Provisoire,,
05EA012,2026-07-27T00:00:00Z,47,2.21,,,Provisional/Provisoire,,
05EA012,2026-07-27T00:05:00Z,47,2.22,,,Provisional/Provisoire,,
05EA012,2026-07-27T00:10:00Z,47,2.22,,,Provisional/Provisoire,,
05EA012,2026-07-27T00:15:00Z,47,2.22,,,Provisional/Provisoire,,
05EA012,2026-07-27T00:20:00Z,47,2.22,,,Provisional/Provisoire,,
05EA012,2026-07-27T00:25:00Z,47,2.22,,,Provisional/Provisoire,,
05EA012,2026-07-27T00:30:00Z,47,2.21,,,Provisional/Provisoire,,
05EA012,2026-07-27T00:35:00Z,47,2.23,,,Provisional/Provisoire,,
05EA012,2026-07-27T00:40:00Z,47,2.23,,,Provisional/Provisoire,,
05EA012,2026-07-27T00:45:00Z,47,2.23,,,Provisional/Provisoire,,
05EA012,2026-07-27T00:50:00Z,47,2.22,,,Provisional/Provisoire,,
05EA012,2026-07-27T00:55:00Z,47,2.22,,,Provisional/Provisoire,,
05EA012,2026-07-27T01:00:00Z,47,2.22,,,Provisional/Provisoire,,
05EA012,2026-07-27T01:05:00Z,47,2.22,,,Provisional/Provisoire,,
05EA012,2026-07-27T01:10:00Z,47,2.22,,,Provisional/Provisoire,,
05EA012,2026-07-27T01:15:00Z,47,2.23,,,Provisional/Provisoire,,
05EA012,2026-07-27T01:20:00Z,47,2.22,,,Provisional/Provisoire,,
05EA012,2026-07-27T01:25:00Z,47,2.22,,,Provisional/Provisoire,,
05EA012,2026-07-27T01:30:00Z,47,2.23,,,Provisional/Provisoire,,
05EA012,2026-07-27T01:35:00Z,47,2.22,,,Provisional/Provisoire,,
05EA012,2026-07-27T01:40:00Z,47,2.21,,,Provisional/Provisoire,,
05EA012,2026-07-27T01:45:00Z,47,2.22,,,Provisional/Provisoire,,
05EA012,2026-07-27T01:50:00Z,47,2.22,,,Provisional/Provisoire,,
05EA012,2026-07-27T01:55:00Z,47,2.23,,,Provisional/Provisoire,,
05EA012,2026-07-27T02:00:00Z,47,2.23,,,Provisional/Provisoire,,
05EA012,2026-07-27T02:05:00Z,47,2.22,,,Provisional/Provisoire,,
05EA012,2026-07-27T02:10:00Z,47,2.22,,,Provisional/Provisoire,,
05EA012,2026-07-27T02:15:00Z,47,2.23,,,Provisional/Provisoire,,
05EA012,2026-07-27T02:20:00Z,47,2.22,,,Provisional/Provisoire,,
05EA012,2026-07-27T02:25:00Z,47,2.23,,,Provisional/Provisoire,,
05EA012,2026-07-27T02:30:00Z,47,2.23,,,Provisional/Provisoire,,
05EA012,2026-07-27T02:35:00Z,47,2.21,,,Provisional/Provisoire,,
05EA012,2026-07-27T02:40:00Z,47,2.22,,,Provisional/Provisoire,,
05EA012,2026-07-27T02:45:00Z,47,2.21,,,Provisional/Provisoire,,
05EA012,2026-07-27T02:50:00Z,47,2.21,,,Provisional/Provisoire,,
05EA012,2026-07-27T02:55:00Z,47,2.22,,,Provisional/Provisoire,,
05EA012,2026-07-27T03:00:00Z,47,2.21,,,Provisional/Provisoire,,
05EA012,2026-07-27T03:05:00Z,47,2.21,,,Provisional/Provisoire,,
05EA012,2026-07-27T03:10:00Z,47,2.22,,,Provisional/Provisoire,,
05EA012,2026-07-27T03:15:00Z,47,2.22,,,Provisional/Provisoire,,
05EA012,2026-07-27T03:20:00Z,47,2.22,,,Provisional/Provisoire,,
05EA012,2026-07-27T03:25:00Z,47,2.21,,,Provisional/Provisoire,,
05EA012,2026-07-27T03:30:00Z,47,2.21,,,Provisional/Provisoire,,
05EA012,2026-07-27T03:35:00Z,47,2.20,,,Provisional/Provisoire,,
05EA012,2026-07-27T03:40:00Z,47,2.20,,,Provisional/Provisoire,,
05EA012,2026-07-27T03:45:00Z,47,2.21,,,Provisional/Provisoire,,
05EA012,2026-07-27T03:50:00Z,47,2.20,,,Provisional/Provisoire,,
05EA012,2026-07-27T03:55:00Z,47,2.19,,,Provisional/Provisoire,,
05EA012,2026-07-27T04:00:00Z,47,2.20,,,Provisional/Provisoire,,
05EA012,2026-07-27T04:05:00Z,47,2.21,,,Provisional/Provisoire,,
05EA012,2026-07-27T04:10:00Z,47,2.20,,,Provisional/Provisoire,,
05EA012,2026-07-27T04:15:00Z,47,2.21,,,Provisional/Provisoire,,
05EA012,2026-07-27T04:20:00Z,47,2.20,,,Provisional/Provisoire,,
05EA012,2026-07-27T04:25:00Z,47,2.20,,,Provisional/Provisoire,,
05EA012,2026-07-27T04:30:00Z,47,2.20,,,Provisional/Provisoire,,
05EA012,2026-07-27T04:35:00Z,47,2.19,,,Provisional/Provisoire,,
05EA012,2026-07-27T04:40:00Z,47,2.20,,,Provisional/Provisoire,,
05EA012,2026-07-27T04:45:00Z,47,2.19,,,Provisional/Provisoire,,
05EA012,2026-07-27T04:50:00Z,47,2.18,,,Provisional/Provisoire,,
05EA012,2026-07-27T04:55:00Z,47,2.20,,,Provisional/Provisoire,,
05EA012,2026-07-27T05:00:00Z,47,2.19,,,Provisional/Provisoire,,
05EA012,2026-07-27T05:05:00Z,47,2.19,,,Provisional/Provisoire,,
05EA012,2026-07-27T05:10:00Z,47,2.19,,,Provisional/Provisoire,,
05EA012,2026-07-27T05:15:00Z,47,2.19,,,Provisional/Provisoire,,
05EA012,2026-07-27T05:20:00Z,47,2.18,,,Provisional/Provisoire,,
05EA012,2026-07-27T05:25:00Z,47,2.18,,,Provisional/Provisoire,,
05EA012,2026-07-27T05:30:00Z,47,2.18,,,Provisional/Provisoire,,
05EA012,2026-07-27T05:35:00Z,47,2.18,,,Provisional/Provisoire,,
05EA012,2026-07-27T05:40:00Z,47,2.18,,,Provisional/Provisoire,,
05EA012,2026-07-27T05:45:00Z,47,2.17,,,Provisional/Provisoire,,
05EA012,2026-07-27T05:50:00Z,47,2.18,,,Provisional/Provisoire,,
05EA012,2026-07-27T05:55:00Z,47,2.18,,,Provisional/Provisoire,,
05EA012,2026-07-27T06:00:00Z,47,2.17,,,Provisional/Provisoire,,
05EA012,2026-07-27T06:05:00Z,47,2.17,,,Provisional/Provisoire,,
05EA012,2026-07-27T06:10:00Z,47,2.18,,,Provisional/Provisoire,,
05EA012,2026-07-27T06:15:00Z,47,2.17,,,Provisional/Provisoire,,
05EA012,2026-07-27T06:20:00Z,47,2.17,,,Provisional/Provisoire,,
05EA012,2026-07-27T06:25:00Z,47,2.17,,,Provisional/Provisoire,,
05EA012,2026-07-27T06:30:00Z,47,2.17,,,Provisional/Provisoire,,
05EA012,2026-07-27T06:35:00Z,47,2.17,,,Provisional/Provisoire,,
05EA012,2026-07-27T06:40:00Z,47,2.16,,,Provisional/Provisoire,,
05EA012,2026-07-27T06:45:00Z,47,2.17,,,Provisional/Provisoire,,
05EA012,2026-07-27T06:50:00Z,47,2.16,,,Provisional/Provisoire,,
05EA012,2026-07-27T06:55:00Z,47,2.17,,,Provisional/Provisoire,,
05EA012,2026-07-27T07:00:00Z,47,2.16,,,Provisional/Provisoire,,
05EA012,2026-07-27T07:05:00Z,47,2.16,,,Provisional/Provisoire,,
05EA012,2026-07-27T07:10:00Z,47,2.16,,,Provisional/Provisoire,,
05EA012,2026-07-27T07:15:00Z,47,2.16,,,Provisional/Provisoire,,
05EA012,2026-07-27T07:20:00Z,47,2.15,,,Provisional/Provisoire,,
05EA012,2026-07-27T07:25:00Z,47,2.15,,,Provisional/Provisoire,,
05EA012,2026-07-27T07:30:00Z,47,2.16,,,Provisional/Provisoire,,
05EA012,2026-07-27T07:35:00Z,47,2.15,,,Provisional/Provisoire,,
05EA012,2026-07-27T07:40:00Z,47,2.16,,,Provisional/Provisoire,,
05EA012,2026-07-27T07:45:00Z,47,2.16,,,Provisional/Provisoire,,
05EA012,2026-07-27T07:50:00Z,47,2.15,,,Provisional/Provisoire,,
05EA012,2026-07-27T07:55:00Z,47,2.14,,,Provisional/Provisoire,,
05EA012,2026-07-27T08:00:00Z,47,2.15,,,Provisional/Provisoire,,
05EA012,2026-07-27T08:05:00Z,47,2.15,,,Provisional/Provisoire,,
05EA012,2026-07-27T08:10:00Z,47,2.14,,,Provisional/Provisoire,,
05EA012,2026-07-27T08:15:00Z,47,2.14,,,Provisional/Provisoire,,
05EA012,2026-07-27T08:20:00Z,47,2.14,,,Provisional/Provisoire,,
05EA012,2026-07-27T08:25:00Z,47,2.14,,,Provisional/Provisoire,,
05EA012,2026-07-27T08:30:00Z,47,2.14,,,Provisional/Provisoire,,
05EA012,2026-07-27T08:35:00Z,47,2.14,,,Provisional/Provisoire,,
05EA012,2026-07-27T08:40:00Z,47,2.13,,,Provisional/Provisoire,,
05EA012,2026-07-27T08:45:00Z,47,2.13,,,Provisional/Provisoire,,
05EA012,2026-07-27T08:50:00Z,47,2.14,,,Provisional/Provisoire,,
05EA012,2026-07-27T08:55:00Z,47,2.14,,,Provisional/Provisoire,,
05EA012,2026-07-27T09:00:00Z,47,2.13,,,Provisional/Provisoire,,
05EA012,2026-07-27T09:05:00Z,47,2.13,,,Provisional/Provisoire,,
05EA012,2026-07-27T09:10:00Z,47,2.13,,,Provisional/Provisoire,,
05EA012,2026-07-27T09:15:00Z,47,2.13,,,Provisional/Provisoire,,
05EA012,2026-07-27T09:20:00Z,47,2.12,,,Provisional/Provisoire,,
05EA012,2026-07-27T09:25:00Z,47,2.12,,,Provisional/Provisoire,,
05EA012,2026-07-27T09:30:00Z,47,2.12,,,Provisional/Provisoire,,
05EA012,2026-07-27T09:35:00Z,47,2.12,,,Provisional/Provisoire,,
05EA012,2026-07-27T09:40:00Z,47,2.12,,,Provisional/Provisoire,,
05EA012,2026-07-27T09:45:00Z,47,2.12,,,Provisional/Provisoire,,
05EA012,2026-07-27T09:50:00Z,47,2.12,,,Provisional/Provisoire,,
05EA012,2026-07-27T09:55:00Z,47,2.11,,,Provisional/Provisoire,,
05EA012,2026-07-27T10:00:00Z,47,2.10,,,Provisional/Provisoire,,
05EA012,2026-07-27T10:05:00Z,47,2.11,,,Provisional/Provisoire,,
05EA012,2026-07-27T10:10:00Z,47,2.11,,,Provisional/Provisoire,,
05EA012,2026-07-27T10:15:00Z,47,2.11,,,Provisional/Provisoire,,
05EA012,2026-07-27T10:20:00Z,47,2.11,,,Provisional/Provisoire,,
05EA012,2026-07-27T10:25:00Z,47,2.11,,,Provisional/Provisoire,,
05EA012,2026-07-27T10:30:00Z,47,2.11,,,Provisional/Provisoire,,
05EA012,2026-07-27T10:35:00Z,47,2.11,,,Provisional/Provisoire,,
05EA012,2026-07-27T10:40:00Z,47,2.10,,,Provisional/Provisoire,,
05EA012,2026-07-27T10:45:00Z,47,2.10,,,Provisional/Provisoire,,
05EA012,2026-07-27T10:50:00Z,47,2.10,,,Provisional/Provisoire,,
05EA012,2026-07-27T10:55:00Z,47,2.10,,,Provisional/Provisoire,,
05EA012,2026-07-27T11:00:00Z,47,2.10,,,Provisional/Provisoire,,
05EA012,2026-07-27T11:05:00Z,47,2.10,,,Provisional/Provisoire,,
05EA012,2026-07-27T11:10:00Z,47,2.10,,,Provisional/Provisoire,,
05EA012,2026-07-27T11:15:00Z,47,2.09,,,Provisional/Provisoire,,
05EA012,2026-07-27T11:20:00Z,47,2.09,,,Provisional/Provisoire,,
05EA012,2026-07-27T11:25:00Z,47,2.08,,,Provisional/Provisoire,,
05EA012,2026-07-27T11:30:00Z,47,2.09,,,Provisional/Provisoire,,
05EA012,2026-07-27T11:35:00Z,47,2.08,,,Provisional/Provisoire,,
05EA012,2026-07-27T11:40:00Z,47,2.08,,,Provisional/Provisoire,,
05EA012,2026-07-27T11:45:00Z,47,2.08,,,Provisional/Provisoire,,
05EA012,2026-07-27T11:50:00Z,47,2.07,,,Provisional/Provisoire,,
05EA012,2026-07-27T11:55:00Z,47,2.08,,,Provisional/Provisoire,,
05EA012,2026-07-27T12:00:00Z,47,2.08,,,Provisional/Provisoire,,
05EA012,2026-07-27T12:05:00Z,47,2.08,,,Provisional/Provisoire,,
05EA012,2026-07-27T12:10:00Z,47,2.06,,,Provisional/Provisoire,,
05EA012,2026-07-27T12:15:00Z,47,2.06,,,Provisional/Provisoire,,
05EA012,2026-07-27T12:20:00Z,47,2.06,,,Provisional/Provisoire,,
05EA012,2026-07-27T12:25:00Z,47,2.06,,,Provisional/Provisoire,,
05EA012,2026-07-27T12:30:00Z,47,2.06,,,Provisional/Provisoire,,
05EA012,2026-07-27T12:35:00Z,47,2.06,,,Provisional/Provisoire,,
05EA012,2026-07-27T12:40:00Z,47,2.06,,,Provisional/Provisoire,,
05EA012,2026-07-27T12:45:00Z,47,2.05,,,Provisional/Provisoire,,
05EA012,2026-07-27T12:50:00Z,47,2.05,,,Provisional/Provisoire,,
05EA012,2026-07-27T12:55:00Z,47,2.06,,,Provisional/Provisoire,,
05EA012,2026-07-27T13:00:00Z,47,2.05,,,Provisional/Provisoire,,
05EA012,2026-07-27T13:05:00Z,47,2.05,,,Provisional/Provisoire,,
05EA012,2026-07-27T13:10:00Z,47,2.05,,,Provisional/Provisoire,,
05EA012,2026-07-27T13:15:00Z,47,2.04,,,Provisional/Provisoire,,
05EA012,2026-07-27T13:20:00Z,47,2.04,,,Provisional/Provisoire,,
05EA012,2026-07-27T13:25:00Z,47,2.03,,,Provisional/Provisoire,,
05EA012,2026-07-27T13:30:00Z,47,2.04,,,Provisional/Provisoire,,
05EA012,2026-07-27T13:35:00Z,47,2.03,,,Provisional/Provisoire,,
05EA012,2026-07-27T13:40:00Z,47,2.03,,,Provisional/Provisoire,,
05EA012,2026-07-27T13:45:00Z,47,2.04,,,Provisional/Provisoire,,
05EA012,2026-07-27T13:50:00Z,47,2.03,,,Provisional/Provisoire,,
05EA012,2026-07-27T13:55:00Z,47,2.03,,,Provisional/Provisoire,,
05EA012,2026-07-27T14:00:00Z,47,2.04,,,Provisional/Provisoire,,
05EA012,2026-07-27T14:05:00Z,47,2.03,,,Provisional/Provisoire,,
05EA012,2026-07-27T14:10:00Z,47,2.04,,,Provisional/Provisoire,,
05EA012,2026-07-27T14:15:00Z,47,2.03,,,Provisional/Provisoire,,
05EA012,2026-07-27T14:20:00Z,47,2.03,,,Provisional/Provisoire,,
05EA012,2026-07-27T14:25:00Z,47,2.03,,,Provisional/Provisoire,,
05EA012,2026-07-27T14:30:00Z,47,2.04,,,Provisional/Provisoire,,
05EA012,2026-07-27T14:35:00Z,47,2.04,,,Provisional/Provisoire,,
05EA012,2026-07-27T14:40:00Z,47,2.03,,,Provisional/Provisoire,,
05EA012,2026-07-27T14:45:00Z,47,2.03,,,Provisional/Provisoire,,
05EA012,2026-07-27T14:50:00Z,47,2.03,,,Provisional/Provisoire,,
05EA012,2026-07-27T14:55:00Z,47,2.03,,,Provisional/Provisoire,,
05EA012,2026-07-27T15:00:00Z,47,2.03,,,Provisional/Provisoire,,
05EA012,2026-07-27T15:05:00Z,47,2.03,,,Provisional/Provisoire,,
05EA012,2026-07-27T15:10:00Z,47,2.03,,,Provisional/Provisoire,,
05EA012,2026-07-27T15:15:00Z,47,2.03,,,Provisional/Provisoire,,
05EA012,2026-07-27T15:20:00Z,47,2.02,,,Provisional/Provisoire,,
05EA012,2026-07-27T15:25:00Z,47,2.02,,,Provisional/Provisoire,,
05EA012,2026-07-27T15:30:00Z,47,2.02,,,Provisional/Provisoire,,
05EA012,2026-07-27T15:35:00Z,47,2.03,,,Provisional/Provisoire,,
05EA012,2026-07-27T15:40:00Z,47,2.02,,,Provisional/Provisoire,,
05EA012,2026-07-27T15:45:00Z,47,2.02,,,Provisional/Provisoire,,
05EA012,2026-07-27T15:50:00Z,47,2.03,,,Provisional/Provisoire,,
05EA012,2026-07-27T15:55:00Z,47,2.02,,,Provisional/Provisoire,,
05EA012,2026-07-27T16:00:00Z,47,2.02,,,Provisional/Provisoire,,
05EA012,2026-07-27T16:05:00Z,47,2.02,,,Provisional/Provisoire,,
05EA012,2026-07-27T16:10:00Z,47,2.02,,,Provisional/Provisoire,,
05EA012,2026-07-27T16:15:00Z,47,2.02,,,Provisional/Provisoire,,
05EA012,2026-07-27T16:20:00Z,47,2.01,,,Provisional/Provisoire,,
05EA012,2026-07-27T16:25:00Z,47,2.02,,,Provisional/Provisoire,,
05EA012,2026-07-27T16:30:00Z,47,2.01,,,Provisional/Provisoire,,
05EA012,2026-07-27T16:35:00Z,47,2.01,,,Provisional/Provisoire,,
05EA012,2026-07-27T16:40:00Z,47,2.01,,,Provisional/Provisoire,,
05EA012,2026-07-27T16:45:00Z,47,2.01,,,Provisional/Provisoire,,
05EA012,2026-07-27T16:50:00Z,47,2.00,,,Provisional/Provisoire,,
05EA012,2026-07-27T16:55:00Z,47,2.00,,,Provisional/Provisoire,,
05EA012,2026-07-27T17:00:00Z,47,2.00,,,Provisional/Provisoire,,
05EA012,2026-07-27T17:05:00Z,47,2.00,,,Provisional/Provisoire,,
05EA012,2026-07-27T17:10:00Z,47,2.00,,,Provisional/Provisoire,,
05EA012,2026-07-27T17:15:00Z,47,2.00,,,Provisional/Provisoire,,
05EA012,2026-07-27T17:20:00Z,47,2.00,,,Provisional/Provisoire,,
05EA012,2026-07-27T17:25:00Z,47,2.00,,,Provisional/Provisoire,,
05EA012,2026-07-27T17:30:00Z,47,1.99,,,Provisional/Provisoire,,
05EA012,2026-07-27T17:35:00Z,47,2.00,,,Provisional/Provisoire,,
05EA012,2026-07-27T17:40:00Z,47,1.99,,,Provisional/Provisoire,,
05EA012,2026-07-27T17:45:00Z,47,1.99,,,Provisional/Provisoire,,
05EA012,2026-07-27T17:50:00Z,47,2.00,,,Provisional/Provisoire,,
05EA012,2026-07-27T17:55:00Z,47,1.99,,,Provisional/Provisoire,,
05EA012,2026-07-27T18:00:00Z,47,1.99,,,Provisional/Provisoire,,
05EA012,2026-07-27T18:05:00Z,47,1.99,,,Provisional/Provisoire,,
05EA012,2026-07-27T18:10:00Z,47,1.99,,,Provisional/Provisoire,,
05EA012,2026-07-27T18:15:00Z,47,1.99,,,Provisional/Provisoire,,
05EA012,2026-07-27T18:20:00Z,47,1.98,,,Provisional/Provisoire,,
05EA012,2026-07-27T18:25:00Z,47,1.99,,,Provisional/Provisoire,,
05EA012,2026-07-27T18:30:00Z,47,1.99,,,Provisional/Provisoire,,
05EA012,2026-07-27T18:35:00Z,47,1.99,,,Provisional/Provisoire,,
05EA012,2026-07-27T18:40:00Z,47,1.98,,,Provisional/Provisoire,,
05EA012,2026-07-27T18:45:00Z,47,1.98,,,Provisional/Provisoire,,
05EA012,2026-07-27T18:50:00Z,47,1.98,,,Provisional/Provisoire,,
05EA012,2026-07-27T18:55:00Z,47,1.98,,,Provisional/Provisoire,,
05EA012,2026-07-27T19:00:00Z,47,1.98,,,Provisional/Provisoire,,
05EA012,2026-07-27T19:05:00Z,47,1.99,,,Provisional/Provisoire,,
05EA012,2026-07-27T19:10:00Z,47,1.98,,,Provisional/Provisoire,,
05EA012,2026-07-27T19:15:00Z,47,1.98,,,Provisional/Provisoire,,
05EA012,2026-07-27T19:20:00Z,47,1.99,,,Provisional/Provisoire,,
05EA012,2026-07-27T19:25:00Z,47,1.99,,,Provisional/Provisoire,,
05EA012,2026-07-27T19:30:00Z,47,1.99,,,Provisional/Provisoire,,
05EA012,2026-07-27T19:35:00Z,47,1.99,,,Provisional/Provisoire,,
05EA012,2026-07-27T19:40:00Z,47,2.00,,,Provisional/Provisoire,,
05EA012,2026-07-27T19:45:00Z,47,1.99,,,Provisional/Provisoire,,
05EA012,2026-07-27T19:50:00Z,47,2.01,,,Provisional/Provisoire,,
05EA012,2026-07-27T19:55:00Z,47,2.01,,,Provisional/Provisoire,,
05EA012,2026-07-27T20:00:00Z,47,2.02,,,Provisional/Provisoire,,
05EA012,2026-07-27T20:05:00Z,47,2.03,,,Provisional/Provisoire,,
05EA012,2026-07-27T20:10:00Z,47,2.04,,,Provisional/Provisoire,,
05EA012,2026-07-27T20:15:00Z,47,2.03,,,Provisional/Provisoire,,
05EA012,2026-07-27T20:20:00Z,47,2.02,,,Provisional/Provisoire,,
05EA012,2026-07-27T20:25:00Z,47,2.03,,,Provisional/Provisoire,,
05EA012,2026-07-27T20:30:00Z,47,2.04,,,Provisional/Provisoire,,
05EA012,2026-07-27T20:35:00Z,47,2.04,,,Provisional/Provisoire,,
05EA012,2026-07-27T20:40:00Z,47,2.03,,,Provisional/Provisoire,,
05EA012,2026-07-27T20:45:00Z,47,2.04,,,Provisional/Provisoire,,
05EA012,2026-07-27T20:50:00Z,47,2.04,,,Provisional/Provisoire,,
05EA012,2026-07-27T20:55:00Z,47,2.04,,,Provisional/Provisoire,,
05EA012,2026-07-27T21:00:00Z,47,2.04,,,Provisional/Provisoire,,
05EA012,2026-07-27T21:05:00Z,47,2.04,,,Provisional/Provisoire,,
05EA012,2026-07-27T21:10:00Z,47,2.03,,,Provisional/Provisoire,,
05EA012,2026-07-27T21:15:00Z,47,2.04,,,Provisional/Provisoire,,
05EA012,2026-07-27T21:20:00Z,47,2.04,,,Provisional/Provisoire,,
05EA012,2026-07-27T21:25:00Z,47,2.04,,,Provisional/Provisoire,,
05EA012,2026-07-27T21:30:00Z,47,2.05,,,Provisional/Provisoire,,
05EA012,2026-07-27T21:35:00Z,47,2.06,,,Provisional/Provisoire,,
05EA012,2026-07-27T21:40:00Z,47,2.06,,,Provisional/Provisoire,,
05EA012,2026-07-27T21:45:00Z,47,2.06,,,Provisional/Provisoire,,
05EA012,2026-07-27T21:50:00Z,47,2.06,,,Provisional/Provisoire,,
05EA012,2026-07-27T21:55:00Z,47,2.07,,,Provisional/Provisoire,,
05EA012,2026-07-27T22:00:00Z,47,2.07,,,Provisional/Provisoire,,
05EA012,2026-07-27T22:05:00Z,47,2.08,,,Provisional/Provisoire,,
05EA012,2026-07-27T22:10:00Z,47,2.08,,,Provisional/Provisoire,,
05EA012,2026-07-27T22:15:00Z,47,2.08,,,Provisional/Provisoire,,
05EA012,2026-07-27T22:20:00Z,47,2.08,,,Provisional/Provisoire,,
05EA012,2026-07-27T22:25:00Z,47,2.09,,,Provisional/Provisoire,,
05EA012,2026-07-27T22:30:00Z,47,2.09,,,Provisional/Provisoire,,
05EA012,2026-07-27T22:35:00Z,47,2.10,,,Provisional/Provisoire,,
05EA012,2026-07-27T22:40:00Z,47,2.10,,,Provisional/Provisoire,,
05EA012,2026-07-27T22:45:00Z,47,2.10,,,Provisional/Provisoire,,
05EA012,2026-07-27T22:50:00Z,47,2.10,,,Provisional/Provisoire,,
05EA012,2026-07-27T22:55:00Z,47,2.10,,,Provisional/Provisoire,,
05EA012,2026-07-27T23:00:00Z,47,2.11,,,Provisional/Provisoire,,
05EA012,2026-07-27T23:05:00Z,47,2.12,,,Provisional/Provisoire,,
05EA012,2026-07-27T23:10:00Z,47,2.12,,,Provisional/Provisoire,,
05EA012,2026-07-27T23:15:00Z,47,2.12,,,Provisional/Provisoire,,
05EA012,2026-07-27T23:20:00Z,47,2.13,,,Provisional/Provisoire,,
05EA012,2026-07-27T23:25:00Z,47,2.12,,,Provisional/Provisoire,,
05EA012,2026-07-27T23:30:00Z,47,2.14,,,Provisional/Provisoire,,
05EA012,2026-07-27T23:35:00Z,47,2.15,,,Provisional/Provisoire,,
05EA012,2026-07-27T23:40:00Z,47,2.14,,,Provisional/Provisoire,,
05EA012,2026-07-27T23:45:00Z,47,2.15,,,Provisional/Provisoire,,
05EA012,2026-07-27T23:50:00Z,47,2.16,,,Provisional/Provisoire,,
05EA012,2026-07-27T23:55:00Z,47,2.15,,,Provisional/Provisoire,,
05EA012,2026-07-28T00:00:00Z,47,2.16,,,Provisional/Provisoire,,
05EA012,2026-07-28T00:05:00Z,47,2.16,,,Provisional/Provisoire,,
05EA012,2026-07-28T00:10:00Z,47,2.17,,,Provisional/Provisoire,,
05EA012,2026-07-28T00:15:00Z,47,2.18,,,Provisional/Provisoire,,
05EA012,2026-07-28T00:20:00Z,47,2.17,,,Provisional/Provisoire,,
05EA012,2026-07-28T00:25:00Z,47,2.18,,,Provisional/Provisoire,,
05EA012,2026-07-28T00:30:00Z,47,2.18,,,Provisional/Provisoire,,
05EA012,2026-07-28T00:35:00Z,47,2.18,,,Provisional/Provisoire,,
05EA012,2026-07-28T00:40:00Z,47,2.18,,,Provisional/Provisoire,,
05EA012,2026-07-28T00:45:00Z,47,2.19,,,Provisional/Provisoire,,
05EA012,2026-07-28T00:50:00Z,47,2.18,,,Provisional/Provisoire,,
05EA012,2026-07-28T00:55:00Z,47,2.18,,,Provisional/Provisoire,,
05EA012,2026-07-28T01:00:00Z,47,2.18,,,Provisional/Provisoire,,
05EA012,2026-07-28T01:05:00Z,47,2.18,,,Provisional/Provisoire,,
05EA012,2026-07-28T01:10:00Z,47,2.18,,,Provisional/Provisoire,,
05EA012,2026-07-28T01:15:00Z,47,2.19,,,Provisional/Provisoire,,
05EA012,2026-07-28T01:20:00Z,47,2.19,,,Provisional/Provisoire,,
05EA012,2026-07-28T01:25:00Z,47,2.19,,,Provisional/Provisoire,,
05EA012,2026-07-28T01:30:00Z,47,2.19,,,Provisional/Provisoire,,
05EA012,2026-07-28T01:35:00Z,47,2.18,,,Provisional/Provisoire,,
05EA012,2026-07-28T01:40:00Z,47,2.18,,,Provisional/Provisoire,,
05EA012,2026-07-28T01:45:00Z,47,2.19,,,Provisional/Provisoire,,
05EA012,2026-07-28T01:50:00Z,47,2.18,,,Provisional/Provisoire,,
05EA012,2026-07-28T01:55:00Z,47,2.19,,,Provisional/Provisoire,,
05EA012,2026-07-28T02:00:00Z,47,2.18,,,Provisional/Provisoire,,
05EA012,2026-07-28T02:05:00Z,47,2.19,,,Provisional/Provisoire,,
05EA012,2026-07-28T02:10:00Z,47,2.19,,,Provisional/Provisoire,,
05EA012,2026-07-28T02:15:00Z,47,2.18,,,Provisional/Provisoire,,
05EA012,2026-07-28T02:20:00Z,47,2.18,,,Provisional/Provisoire,,
05EA012,2026-07-28T02:25:00Z,47,2.19,,,Provisional/Provisoire,,
05EA012,2026-07-28T02:30:00Z,47,2.18,,,Provisional/Provisoire,,
05EA012,2026-07-28T02:35:00Z,47,2.18,,,Provisional/Provisoire,,
05EA012,2026-07-28T02:40:00Z,47,2.18,,,Provisional/Provisoire,,
05EA012,2026-07-28T02:45:00Z,47,2.18,,,Provisional/Provisoire,,
05EA012,2026-07-28T02:50:00Z,47,2.19,,,Provisional/Provisoire,,
05EA012,2026-07-28T02:55:00Z,47,2.18,,,Provisional/Provisoire,,
05EA012,2026-07-28T03:00:00Z,47,2.19,,,Provisional/Provisoire,,
05EA012,2026-07-28T03:05:00Z,47,2.18,,,Provisional/Provisoire,,
05EA012,2026-07-28T03:10:00Z,47,2.19,,,Provisional/Provisoire,,
05EA012,2026-07-28T03:15:00Z,47,2.18,,,Provisional/Provisoire,,
05EA012,2026-07-28T03:20:00Z,47,2.19,,,Provisional/Provisoire,,
05EA012,2026-07-28T03:25:00Z,47,2.18,,,Provisional/Provisoire,,
05EA012,2026-07-28T03:30:00Z,47,2.19,,,Provisional/Provisoire,,
05EA012,2026-07-28T03:35:00Z,47,2.18,,,Provisional/Provisoire,,
05EA012,2026-07-28T03:40:00Z,47,2.18,,,Provisional/Provisoire,,
05EA012,2026-07-28T03:45:00Z,47,2.18,,,Provisional/Provisoire,,
05EA012,2026-07-28T03:50:00Z,47,2.19,,,Provisional/Provisoire,,
05EA012,2026-07-28T03:55:00Z,47,2.19,,,Provisional/Provisoire,,
05EA012,2026-07-28T04:00:00Z,47,2.18,,,Provisional/Provisoire,,
05EA012,2026-07-28T04:05:00Z,47,2.19,,,Provisional/Provisoire,,
05EA012,2026-07-28T04:10:00Z,47,2.18,,,Provisional/Provisoire,,
05EA012,2026-07-28T04:15:00Z,47,2.19,,,Provisional/Provisoire,,
05EA012,2026-07-28T04:20:00Z,47,2.19,,,Provisional/Provisoire,,
05EA012,2026-07-28T04:25:00Z,47,2.18,,,Provisional/Provisoire,,
05EA012,2026-07-28T04:30:00Z,47,2.18,,,Provisional/Provisoire,,
05EA012,2026-07-28T04:35:00Z,47,2.18,,,Provisional/Provisoire,,
05EA012,2026-07-28T04:40:00Z,47,2.19,,,Provisional/Provisoire,,
05EA012,2026-07-28T04:45:00Z,47,2.19,,,Provisional/Provisoire,,
05EA012,2026-07-28T04:50:00Z,47,2.18,,,Provisional/Provisoire,,
05EA012,2026-07-28T04:55:00Z,47,2.19,,,Provisional/Provisoire,,
05EA012,2026-07-28T05:00:00Z,47,2.18,,,Provisional/Provisoire,,
05EA012,2026-07-28T05:05:00Z,47,2.18,,,Provisional/Provisoire,,
05EA012,2026-07-28T05:10:00Z,47,2.19,,,Provisional/Provisoire,,
05EA012,2026-07-28T05:15:00Z,47,2.18,,,Provisional/Provisoire,,
05EA012,2026-07-28T05:20:00Z,47,2.18,,,Provisional/Provisoire,,
05EA012,2026-07-28T05:25:00Z,47,2.18,,,Provisional/Provisoire,,
05EA012,2026-07-28T05:30:00Z,47,2.18,,,Provisional/Provisoire,,
05EA012,2026-07-28T05:35:00Z,47,2.19,,,Provisional/Provisoire,,
05EA012,2026-07-28T05:40:00Z,47,2.17,,,Provisional/Provisoire,,
05EA012,2026-07-28T05:45:00Z,47,2.18,,,Provisional/Provisoire,,
05EA012,2026-07-28T05:50:00Z,47,2.18,,,Provisional/Provisoire,,
05EA012,2026-07-28T05:55:00Z,47,2.18,,,Provisional/Provisoire,,
05EA012,2026-07-28T06:00:00Z,47,2.18,,,Provisional/Provisoire,,
05EA012,2026-07-28T06:05:00Z,47,2.19,,,Provisional/Provisoire,,
05EA012,2026-07-28T06:10:00Z,47,2.19,,,Provisional/Provisoire,,
05EA012,2026-07-28T06:15:00Z,47,2.20,,,Provisional/Provisoire,,
05EA012,2026-07-28T06:20:00Z,47,2.20,,,Provisional/Provisoire,,
05EA012,2026-07-28T06:25:00Z,47,2.20,,,Provisional/Provisoire,,
05EA012,2026-07-28T06:30:00Z,47,2.19,,,Provisional/Provisoire,,
05EA012,2026-07-28T06:35:00Z,47,2.20,,,Provisional/Provisoire,,
05EA012,2026-07-28T06:40:00Z,47,2.19,,,Provisional/Provisoire,,
05EA012,2026-07-28T06:45:00Z,47,2.19,,,Provisional/Provisoire,,
05EA012,2026-07-28T06:50:00Z,47,2.20,,,Provisional/Provisoire,,
05EA012,2026-07-28T06:55:00Z,47,2.20,,,Provisional/Provisoire,,
05EA012,2026-07-28T07:00:00Z,47,2.20,,,Provisional/Provisoire,,
05EA012,2026-07-28T07:05:00Z,47,2.20,,,Provisional/Provisoire,,
05EA012,2026-07-28T07:10:00Z,47,2.20,,,Provisional/Provisoire,,
05EA012,2026-07-28T07:15:00Z,47,2.20,,,Provisional/Provisoire,,
05EA012,2026-07-28T07:20:00Z,47,2.20,,,Provisional/Provisoire,,
05EA012,2026-07-28T07:25:00Z,47,2.20,,,Provisional/Provisoire,,
05EA012,2026-07-28T07:30:00Z,47,2.20,,,Provisional/Provisoire,,
05EA012,2026-07-28T07:35:00Z,47,2.21,,,Provisional/Provisoire,,
05EA012,2026-07-28T07:40:00Z,47,2.20,,,Provisional/Provisoire,,
05EA012,2026-07-28T07:45:00Z,47,2.21,,,Provisional/Provisoire,,
05EA012,2026-07-28T07:50:00Z,47,2.21,,,Provisional/Provisoire,,
05EA012,2026-07-28T07:55:00Z,47,2.20,,,Provisional/Provisoire,,
05EA012,2026-07-28T08:00:00Z,47,2.21,,,Provisional/Provisoire,,
05EA012,2026-07-28T08:05:00Z,47,2.21,,,Provisional/Provisoire,,
05EA012,2026-07-28T08:10:00Z,47,2.20,,,Provisional/Provisoire,,
05EA012,2026-07-28T08:15:00Z,47,2.21,,,Provisional/Provisoire,,
05EA012,2026-07-28T08:20:00Z,47,2.22,,,Provisional/Provisoire,,
05EA012,2026-07-28T08:25:00Z,47,2.22,,,Provisional/Provisoire,,
05EA012,2026-07-28T08:30:00Z,47,2.22,,,Provisional/Provisoire,,
05EA012,2026-07-28T08:35:00Z,47,2.22,,,Provisional/Provisoire,,
05EA012,2026-07-28T08:40:00Z,47,2.22,,,Provisional/Provisoire,,
05EA012,2026-07-28T08:45:00Z,47,2.23,,,Provisional/Provisoire,,
05EA012,2026-07-28T08:50:00Z,47,2.22,,,Provisional/Provisoire,,
05EA012,2026-07-28T08:55:00Z,47,2.23,,,Provisional/Provisoire,,
05EA012,2026-07-28T09:00:00Z,47,2.23,,,Provisional/Provisoire,,
05EA012,2026-07-28T09:05:00Z,47,2.23,,,Provisional/Provisoire,,
05EA012,2026-07-28T09:10:00Z,47,2.23,,,Provisional/Provisoire,,
05EA012,2026-07-28T09:15:00Z,47,2.23,,,Provisional/Provisoire,,
05EA012,2026-07-28T09:20:00Z,47,2.23,,,Provisional/Provisoire,,
05EA012,2026-07-28T09:25:00Z,47,2.23,,,Provisional/Provisoire,,
05EA012,2026-07-28T09:30:00Z,47,2.23,,,Provisional/Provisoire,,
05EA012,2026-07-28T09:35:00Z,47,2.23,,,Provisional/Provisoire,,
05EA012,2026-07-28T09:40:00Z,47,2.24,,,Provisional/Provisoire,,
05EA012,2026-07-28T09:45:00Z,47,2.24,,,Provisional/Provisoire,,
05EA012,2026-07-28T09:50:00Z,47,2.23,,,Provisional/Provisoire,,
05EA012,2026-07-28T09:55:00Z,47,2.24,,,Provisional/Provisoire,,
05EA012,2026-07-28T10:00:00Z,47,2.24,,,Provisional/Provisoire,,
05EA012,2026-07-28T10:05:00Z,47,2.24,,,Provisional/Provisoire,,
05EA012,2026-07-28T10:10:00Z,47,2.23,,,Provisional/Provisoire,,
05EA012,2026-07-28T10:15:00Z,47,2.24,,,Provisional/Provisoire,,
05EA012,2026-07-28T10:20:00Z,47,2.25,,,Provisional/Provisoire,,
05EA012,2026-07-28T10:25:00Z,47,2.25,,,Provisional/Provisoire,,
05EA012,2026-07-28T10:30:00Z,47,2.25,,,Provisional/Provisoire,,
05EA012,2026-07-28T10:35:00Z,47,2.25,,,Provisional/Provisoire,,
05EA012,2026-07-28T10:40:00Z,47,2.26,,,Provisional/Provisoire,,
05EA012,2026-07-28T10:45:00Z,47,2.26,,,Provisional/Provisoire,,
05EA012,2026-07-28T10:50:00Z,47,2.26,,,Provisional/Provisoire,,
05EA012,2026-07-28T10:55:00Z,47,2.27,,,Provisional/Provisoire,,
05EA012,2026-07-28T11:00:00Z,47,2.28,,,Provisional/Provisoire,,
05EA012,2026-07-28T11:05:00Z,47,2.28,,,Provisional/Provisoire,,
05EA012,2026-07-28T11:10:00Z,47,2.29,,,Provisional/Provisoire,,
05EA012,2026-07-28T11:15:00Z,47,2.29,,,Provisional/Provisoire,,
05EA012,2026-07-28T11:20:00Z,47,2.29,,,Provisional/Provisoire,,
05EA012,2026-07-28T11:25:00Z,47,2.30,,,Provisional/Provisoire,,
05EA012,2026-07-28T11:30:00Z,47,2.30,,,Provisional/Provisoire,,
05EA012,2026-07-28T11:35:00Z,47,2.30,,,Provisional/Provisoire,,
05EA012,2026-07-28T11:40:00Z,47,2.31,,,Provisional/Provisoire,,
05EA012,2026-07-28T11:45:00Z,47,2.31,,,Provisional/Provisoire,,
05EA012,2026-07-28T11:50:00Z,47,2.32,,,Provisional/Provisoire,,
05EA012,2026-07-28T11:55:00Z,47,2.33,,,Provisional/Provisoire,,
05EA012,2026-07-28T12:00:00Z,47,2.34,,,Provisional/Provisoire,,
05EA012,2026-07-28T12:05:00Z,47,2.34,,,Provisional/Provisoire,,
05EA012,2026-07-28T12:10:00Z,47,2.35,,,Provisional/Provisoire,,
05EA012,2026-07-28T12:15:00Z,47,2.35,,,Provisional/Provisoire,,
05EA012,2026-07-28T12:20:00Z,47,2.36,,,Provisional/Provisoire,,
05EA012,2026-07-28T12:25:00Z,47,2.36,,,Provisional/Provisoire,,
05EA012,2026-07-28T12:30:00Z,47,2.38,,,Provisional/Provisoire,,
05EA012,2026-07-28T12:35:00Z,47,2.40,,,Provisional/Provisoire,,
05EA012,2026-07-28T12:40:00Z,47,2.40,,,Provisional/Provisoire,,
05EA012,2026-07-28T12:45:00Z,47,2.40,,,Provisional/Provisoire,,
05EA012,2026-07-28T12:50:00Z,47,2.40,,,Provisional/Provisoire,,
05EA012,2026-07-28T12:55:00Z,47,2.41,,,Provisional/Provisoire,,
05EA012,2026-07-28T13:00:00Z,47,2.42,,,Provisional/Provisoire,,
05EA012,2026-07-28T13:05:00Z,47,2.43,,,Provisional/Provisoire,,
05EA012,2026-07-28T13:10:00Z,47,2.44,,,Provisional/Provisoire,,
05EA012,2026-07-28T13:15:00Z,47,2.44,,,Provisional/Provisoire,,
05EA012,2026-07-28T13:20:00Z,47,2.45,,,Provisional/Provisoire,,
05EA012,2026-07-28T13:25:00Z,47,2.46,,,Provisional/Provisoire,,
05EA012,2026-07-28T13:30:00Z,47,2.45,,,Provisional/Provisoire,,
05EA012,2026-07-28T13:35:00Z,47,2.46,,,Provisional/Provisoire,,
05EA012,2026-07-28T13:40:00Z,47,2.47,,,Provisional/Provisoire,,
05EA012,2026-07-28T13:45:00Z,47,2.46,,,Provisional/Provisoire,,
05EA012,2026-07-28T13:50:00Z,47,2.49,,,Provisional/Provisoire,,
05EA012,2026-07-28T13:55:00Z,47,2.50,,,Provisional/Provisoire,,
05EA012,2026-07-28T14:00:00Z,47,2.50,,,Provisional/Provisoire,,
05EA012,2026-07-28T14:05:00Z,47,2.52,,,Provisional/Provisoire,,
05EA012,2026-07-28T14:10:00Z,47,2.50,,,Provisional/Provisoire,,
05EA012,2026-07-28T14:15:00Z,47,2.52,,,Provisional/Provisoire,,
05EA012,2026-07-28T14:20:00Z,47,2.52,,,Provisional/Provisoire,,
05EA012,2026-07-28T14:25:00Z,47,2.52,,,Provisional/Provisoire,,
05EA012,2026-07-28T14:30:00Z,47,2.55,,,Provisional/Provisoire,,
05EA012,2026-07-28T14:35:00Z,47,2.56,,,Provisional/Provisoire,,
05EA012,2026-07-28T14:40:00Z,47,2.53,,,Provisional/Provisoire,,
05EA012,2026-07-28T14:45:00Z,47,2.55,,,Provisional/Provisoire,,
05EA012,2026-07-28T14:50:00Z,47,2.56,,,Provisional/Provisoire,,
05EA012,2026-07-28T14:55:00Z,47,2.58,,,Provisional/Provisoire,,
05EA012,2026-07-28T15:00:00Z,47,2.56,,,Provisional/Provisoire,,
05EA012,2026-07-28T15:05:00Z,47,2.55,,,Provisional/Provisoire,,
05EA012,2026-07-28T15:10:00Z,47,2.60,,,Provisional/Provisoire,,
05EA012,2026-07-28T15:15:00Z,47,2.59,,,Provisional/Provisoire,,
05EA012,2026-07-28T15:20:00Z,47,2.60,,,Provisional/Provisoire,,
05EA012,2026-07-28T15:25:00Z,47,2.61,,,Provisional/Provisoire,,
05EA012,2026-07-28T15:30:00Z,47,2.62,,,Provisional/Provisoire,,
05EA012,2026-07-28T15:35:00Z,47,2.58,,,Provisional/Provisoire,,
05EA012,2026-07-28T15:40:00Z,47,2.62,,,Provisional/Provisoire,,
05EA012,2026-07-28T15:45:00Z,47,2.62,,,Provisional/Provisoire,,
05EA012,2026-07-28T15:50:00Z,47,2.61,,,Provisional/Provisoire,,
05EA012,2026-07-28T15:55:00Z,47,2.64,,,Provisional/Provisoire,,
05EA012,2026-07-28T16:00:00Z,47,2.65,,,Provisional/Provisoire,,
05EA012,2026-07-28T16:05:00Z,47,2.62,,,Provisional/Provisoire,,
05EA012,2026-07-28T16:10:00Z,47,2.65,,,Provisional/Provisoire,,
05EA012,2026-07-28T16:15:00Z,47,2.65,,,Provisional/Provisoire,,
05EA012,2026-07-28T16:20:00Z,47,2.65,,,Provisional/Provisoire,,
05EA012,2026-07-28T16:25:00Z,47,2.66,,,Provisional/Provisoire,,
05EA012,2026-07-28T16:30:00Z,47,2.67,,,Provisional/Provisoire,,
05EA012,2026-07-28T16:35:00Z,47,2.65,,,Provisional/Provisoire,,
05EA012,2026-07-28T16:40:00Z,47,2.66,,,Provisional/Provisoire,,
05EA012,2026-07-28T16:45:00Z,47,2.66,,,Provisional/Provisoire,,
05EA012,2026-07-28T16:50:00Z,47,2.66,,,Provisional/Provisoire,,
05EA012,2026-07-28T16:55:00Z,47,2.68,,,Provisional/Provisoire,,
05EA012,2026-07-28T17:00:00Z,47,2.68,,,Provisional/Provisoire,,
05EA012,2026-07-28T17:05:00Z,47,2.67,,,Provisional/Provisoire,,
05EA012,2026-07-28T17:10:00Z,47,2.69,,,Provisional/Provisoire,,
05EA012,2026-07-28T17:15:00Z,47,2.68,,,Provisional/Provisoire,,
05EA012,2026-07-28T17:20:00Z,47,2.69,,,Provisional/Provisoire,,
05EA012,2026-07-28T17:25:00Z,47,2.69,,,Provisional/Provisoire,,
05EA012,2026-07-28T17:30:00Z,47,2.70,,,Provisional/Provisoire,,
05EA012,2026-07-28T17:35:00Z,47,2.70,,,Provisional/Provisoire,,
05EA012,2026-07-28T17:40:00Z,47,2.70,,,Provisional/Provisoire,,
05EA012,2026-07-28T17:45:00Z,47,2.71,,,Provisional/Provisoire,,
05EA012,2026-07-28T17:50:00Z,47,2.71,,,Provisional/Provisoire,,
05EA012,2026-07-28T17:55:00Z,47,2.69,,,Provisional/Provisoire,,
05EA012,2026-07-28T18:00:00Z,47,2.71,,,Provisional/Provisoire,,
05EA012,2026-07-28T18:05:00Z,47,2.70,,,Provisional/Provisoire,,
05EA012,2026-07-28T18:10:00Z,47,2.71,,,Provisional/Provisoire,,
05EA012,2026-07-28T18:15:00Z,47,2.71,,,Provisional/Provisoire,,
05EA012,2026-07-28T18:20:00Z,47,2.73,,,Provisional/Provisoire,,
05EA012,2026-07-28T18:25:00Z,47,2.71,,,Provisional/Provisoire,,
05EA012,2026-07-28T18:30:00Z,47,2.72,,,Provisional/Provisoire,,
05EA012,2026-07-28T18:35:00Z,47,2.71,,,Provisional/Provisoire,,
05EA012,2026-07-28T18:40:00Z,47,2.71,,,Provisional/Provisoire,,
05EA012,2026-07-28T18:45:00Z,47,2.73,,,Provisional/Provisoire,,
05EA012,2026-07-28T18:50:00Z,47,2.71,,,Provisional/Provisoire,,
05EA012,2026-07-28T18:55:00Z,47,2.72,,,Provisional/Provisoire,,
05EA012,2026-07-28T19:00:00Z,47,2.71,,,Provisional/Provisoire,,
05EA012,2026-07-28T19:05:00Z,47,2.70,,,Provisional/Provisoire,,
05EA012,2026-07-28T19:10:00Z,47,2.71,,,Provisional/Provisoire,,
05EA012,2026-07-28T19:15:00Z,47,2.70,,,Provisional/Provisoire,,
05EA012,2026-07-28T19:20:00Z,47,2.72,,,Provisional/Provisoire,,
05EA012,2026-07-28T19:25:00Z,47,2.73,,,Provisional/Provisoire,,
05EA012,2026-07-28T19:30:00Z,47,2.72,,,Provisional/Provisoire,,
05EA012,2026-07-28T19:35:00Z,47,2.70,,,Provisional/Provisoire,,
05EA012,2026-07-28T19:40:00Z,47,2.71,,,Provisional/Provisoire,,
05EA012,2026-07-28T19:45:00Z,47,2.70,,,Provisional/Provisoire,,
05EA012,2026-07-28T19:50:00Z,47,2.71,,,Provisional/Provisoire,,
05EA012,2026-07-28T19:55:00Z,47,2.71,,,Provisional/Provisoire,,
05EA012,2026-07-28T20:00:00Z,47,2.70,,,Provisional/Provisoire,,
05EA012,2026-07-28T20:05:00Z,47,2.71,,,Provisional/Provisoire,,
05EA012,2026-07-28T20:10:00Z,47,2.70,,,Provisional/Provisoire,,
05EA012,2026-07-28T20:15:00Z,47,2.69,,,Provisional/Provisoire,,
05EA012,2026-07-28T20:20:00Z,47,2.70,,,Provisional/Provisoire,,
05EA012,2026-07-28T20:25:00Z,47,2.70,,,Provisional/Provisoire,,
05EA012,2026-07-28T20:30:00Z,47,2.70,,,Provisional/Provisoire,,
05EA012,2026-07-28T20:35:00Z,47,2.70,,,Provisional/Provisoire,,
05EA012,2026-07-28T20:40:00Z,47,2.67,,,Provisional/Provisoire,,
05EA012,2026-07-28T20:45:00Z,47,2.64,,,Provisional/Provisoire,,
05EA012,2026-07-28T20:50:00Z,47,2.69,,,Provisional/Provisoire,,
05EA012,2026-07-28T20:55:00Z,47,2.68,,,Provisional/Provisoire,,
05EA012,2026-07-28T21:00:00Z,47,2.69,,,Provisional/Provisoire,,
05EA012,2026-07-28T21:05:00Z,47,2.68,,,Provisional/Provisoire,,
05EA012,2026-07-28T21:10:00Z,47,2.68,,,Provisional/Provisoire,,
05EA012,2026-07-28T21:15:00Z,47,2.67,,,Provisional/Provisoire,,
05EA012,2026-07-28T21:20:00Z,47,2.68,,,Provisional/Provisoire,,
05EA012,2026-07-28T21:25:00Z,47,2.66,,,Provisional/Provisoire,,
05EA012,2026-07-28T21:30:00Z,47,2.67,,,Provisional/Provisoire,,
05EA012,2026-07-28T21:35:00Z,47,2.64,,,Provisional/Provisoire,,
05EA012,2026-07-28T21:40:00Z,47,2.66,,,Provisional/Provisoire,,
05EA012,2026-07-28T21:45:00Z,47,2.66,,,Provisional/Provisoire,,
05EA012,2026-07-28T21:50:00Z,47,2.63,,,Provisional/Provisoire,,
05EA012,2026-07-28T21:55:00Z,47,2.63,,,Provisional/Provisoire,,
05EA012,2026-07-28T22:00:00Z,47,2.65,,,Provisional/Provisoire,,
05EA012,2026-07-28T22:05:00Z,47,2.63,,,Provisional/Provisoire,,
05EA012,2026-07-28T22:10:00Z,47,2.65,,,Provisional/Provisoire,,
05EA012,2026-07-28T22:15:00Z,47,2.65,,,Provisional/Provisoire,,
05EA012,2026-07-28T22:20:00Z,47,2.65,,,Provisional/Provisoire,,
05EA012,2026-07-28T22:25:00Z,47,2.64,,,Provisional/Provisoire,,
05EA012,2026-07-28T22:30:00Z,47,2.63,,,Provisional/Provisoire,,
05EA012,2026-07-28T22:35:00Z,47,2.63,,,Provisional/Provisoire,,
05EA012,2026-07-28T22:40:00Z,47,2.63,,,Provisional/Provisoire,,
05EA012,2026-07-28T22:45:00Z,47,2.63,,,Provisional/Provisoire,,
05EA012,2026-07-28T22:50:00Z,47,2.63,,,Provisional/Provisoire,,
05EA012,2026-07-28T22:55:00Z,47,2.62,,,Provisional/Provisoire,,
05EA012,2026-07-28T23:00:00Z,47,2.61,,,Provisional/Provisoire,,
05EA012,2026-07-28T23:05:00Z,47,2.60,,,Provisional/Provisoire,,
05EA012,2026-07-28T23:10:00Z,47,2.61,,,Provisional/Provisoire,,
05EA012,2026-07-28T23:15:00Z,47,2.61,,,Provisional/Provisoire,,
05EA012,2026-07-28T23:20:00Z,47,2.59,,,Provisional/Provisoire,,
05EA012,2026-07-28T23:25:00Z,47,2.61,,,Provisional/Provisoire,,
05EA012,2026-07-28T23:30:00Z,47,2.60,,,Provisional/Provisoire,,
05EA012,2026-07-28T23:35:00Z,47,2.57,,,Provisional/Provisoire,,
05EA012,2026-07-28T23:40:00Z,47,2.60,,,Provisional/Provisoire,,
05EA012,2026-07-28T23:45:00Z,47,2.58,,,Provisional/Provisoire,,
05EA012,2026-07-28T23:50:00Z,47,2.58,,,Provisional/Provisoire,,
05EA012,2026-07-28T23:55:00Z,47,2.58,,,Provisional/Provisoire,,
05EA012,2026-07-29T00:00:00Z,47,2.57,,,Provisional/Provisoire,,
05EA012,2026-07-29T00:05:00Z,47,2.57,,,Provisional/Provisoire,,
05EA012,2026-07-29T00:10:00Z,47,2.56,,,Provisional/Provisoire,,
05EA012,2026-07-29T00:15:00Z,47,2.57,,,Provisional/Provisoire,,
05EA012,2026-07-29T00:20:00Z,47,2.55,,,Provisional/Provisoire,,
05EA012,2026-07-29T00:25:00Z,47,2.54,,,Provisional/Provisoire,,
05EA012,2026-07-29T00:30:00Z,47,2.55,,,Provisional/Provisoire,,
05EA012,2026-07-29T00:35:00Z,47,2.55,,,Provisional/Provisoire,,
05EA012,2026-07-29T00:40:00Z,47,2.55,,,Provisional/Provisoire,,
05EA012,2026-07-29T00:45:00Z,47,2.55,,,Provisional/Provisoire,,
05EA012,2026-07-29T00:50:00Z,47,2.54,,,Provisional/Provisoire,,
05EA012,2026-07-29T00:55:00Z,47,2.51,,,Provisional/Provisoire,,
05EA012,2026-07-29T01:00:00Z,47,2.52,,,Provisional/Provisoire,,
05EA012,2026-07-29T01:05:00Z,47,2.54,,,Provisional/Provisoire,,
05EA012,2026-07-29T01:10:00Z,47,2.53,,,Provisional/Provisoire,,
05EA012,2026-07-29T01:15:00Z,47,2.51,,,Provisional/Provisoire,,
05EA012,2026-07-29T01:20:00Z,47,2.51,,,Provisional/Provisoire,,
05EA012,2026-07-29T01:25:00Z,47,2.51,,,Provisional/Provisoire,,
05EA012,2026-07-29T01:30:00Z,47,2.52,,,Provisional/Provisoire,,
05EA012,2026-07-29T01:35:00Z,47,2.52,,,Provisional/Provisoire,,
05EA012,2026-07-29T01:40:00Z,47,2.55,,,Provisional/Provisoire,,
05EA012,2026-07-29T01:45:00Z,47,2.54,,,Provisional/Provisoire,,
05EA012,2026-07-29T01:50:00Z,47,2.52,,,Provisional/Provisoire,,
05EA012,2026-07-29T01:55:00Z,47,2.53,,,Provisional/Provisoire,,
05EA012,2026-07-29T02:00:00Z,47,2.54,,,Provisional/Provisoire,,
05EA012,2026-07-29T02:05:00Z,47,2.53,,,Provisional/Provisoire,,
05EA012,2026-07-29T02:10:00Z,47,2.52,,,Provisional/Provisoire,,
05EA012,2026-07-29T02:15:00Z,47,2.50,,,Provisional/Provisoire,,
05EA012,2026-07-29T02:20:00Z,47,2.53,,,Provisional/Provisoire,,
05EA012,2026-07-29T02:25:00Z,47,2.52,,,Provisional/Provisoire,,
05EA012,2026-07-29T02:30:00Z,47,2.51,,,Provisional/Provisoire,,
05EA012,2026-07-29T02:35:00Z,47,2.52,,,Provisional/Provisoire,,
05EA012,2026-07-29T02:40:00Z,47,2.51,,,Provisional/Provisoire,,
05EA012,2026-07-29T02:45:00Z,47,2.51,,,Provisional/Provisoire,,
05EA012,2026-07-29T02:50:00Z,47,2.52,,,Provisional/Provisoire,,
05EA012,2026-07-29T02:55:00Z,47,2.52,,,Provisional/Provisoire,,
05EA012,2026-07-29T03:00:00Z,47,2.52,,,Provisional/Provisoire,,
05EA012,2026-07-29T03:05:00Z,47,2.50,,,Provisional/Provisoire,,
05EA012,2026-07-29T03:10:00Z,47,2.52,,,Provisional/Provisoire,,
05EA012,2026-07-29T03:15:00Z,47,2.52,,,Provisional/Provisoire,,
05EA012,2026-07-29T03:20:00Z,47,2.51,,,Provisional/Provisoire,,
05EA012,2026-07-29T03:25:00Z,47,2.51,,,Provisional/Provisoire,,
05EA012,2026-07-29T03:30:00Z,47,2.51,,,Provisional/Provisoire,,
05EA012,2026-07-29T03:35:00Z,47,2.52,,,Provisional/Provisoire,,
05EA012,2026-07-29T03:40:00Z,47,2.50,,,Provisional/Provisoire,,
05EA012,2026-07-29T03:45:00Z,47,2.51,,,Provisional/Provisoire,,
05EA012,2026-07-29T03:50:00Z,47,2.50,,,Provisional/Provisoire,,
05EA012,2026-07-29T03:55:00Z,47,2.51,,,Provisional/Provisoire,,
05EA012,2026-07-29T04:00:00Z,47,2.51,,,Provisional/Provisoire,,
05EA012,2026-07-29T04:05:00Z,47,2.51,,,Provisional/Provisoire,,
05EA012,2026-07-29T04:10:00Z,47,2.51,,,Provisional/Provisoire,,
05EA012,2026-07-29T04:15:00Z,47,2.51,,,Provisional/Provisoire,,
05EA012,2026-07-29T04:20:00Z,47,2.51,,,Provisional/Provisoire,,
05EA012,2026-07-29T04:25:00Z,47,2.51,,,Provisional/Provisoire,,
05EA012,2026-07-29T04:30:00Z,47,2.50,,,Provisional/Provisoire,,
05EA012,2026-07-29T04:35:00Z,47,2.50,,,Provisional/Provisoire,,
05EA012,2026-07-29T04:40:00Z,47,2.51,,,Provisional/Provisoire,,
05EA012,2026-07-29T04:45:00Z,47,2.50,,,Provisional/Provisoire,,
05EA012,2026-07-29T04:50:00Z,47,2.51,,,Provisional/Provisoire,,
05EA012,2026-07-29T04:55:00Z,47,2.50,,,Provisional/Provisoire,,
05EA012,2026-07-29T05:00:00Z,47,2.51,,,Provisional/Provisoire,,
05EA012,2026-07-29T05:05:00Z,47,2.50,,,Provisional/Provisoire,,
05EA012,2026-07-29T05:10:00Z,47,2.50,,,Provisional/Provisoire,,
05EA012,2026-07-29T05:15:00Z,47,2.51,,,Provisional/Provisoire,,
05EA012,2026-07-29T05:20:00Z,47,2.52,,,Provisional/Provisoire,,
05EA012,2026-07-29T05:25:00Z,47,2.52,,,Provisional/Provisoire,,
05EA012,2026-07-29T05:30:00Z,47,2.51,,,Provisional/Provisoire,,
05EA012,2026-07-29T05:35:00Z,47,2.52,,,Provisional/Provisoire,,
05EA012,2026-07-29T05:40:00Z,47,2.51,,,Provisional/Provisoire,,
05EA012,2026-07-29T05:45:00Z,47,2.51,,,Provisional/Provisoire,,
05EA012,2026-07-29T05:50:00Z,47,2.51,,,Provisional/Provisoire,,
05EA012,2026-07-29T05:55:00Z,47,2.52,,,Provisional/Provisoire,,
05EA012,2026-07-29T06:00:00Z,47,2.52,,,Provisional/Provisoire,,
05EA012,2026-07-29T06:05:00Z,47,2.52,,,Provisional/Provisoire,,
05EA012,2026-07-29T06:10:00Z,47,2.51,,,Provisional/Provisoire,,
05EA012,2026-07-29T06:15:00Z,47,2.53,,,Provisional/Provisoire,,
05EA012,2026-07-29T06:20:00Z,47,2.51,,,Provisional/Provisoire,,
05EA012,2026-07-29T06:25:00Z,47,2.52,,,Provisional/Provisoire,,
05EA012,2026-07-29T06:30:00Z,47,2.52,,,Provisional/Provisoire,,
05EA012,2026-07-29T06:35:00Z,47,2.52,,,Provisional/Provisoire,,
05EA012,2026-07-29T06:40:00Z,47,2.51,,,Provisional/Provisoire,,
05EA012,2026-07-29T06:45:00Z,47,2.53,,,Provisional/Provisoire,,
05EA012,2026-07-29T06:50:00Z,47,2.52,,,Provisional/Provisoire,,
05EA012,2026-07-29T06:55:00Z,47,2.52,,,Provisional/Provisoire,,
05EA012,2026-07-29T07:00:00Z,47,2.53,,,Provisional/Provisoire,,
05EA012,2026-07-29T07:05:00Z,47,2.50,,,Provisional/Provisoire,,
05EA012,2026-07-29T07:10:00Z,47,2.52,,,Provisional/Provisoire,,
05EA012,2026-07-29T07:15:00Z,47,2.53,,,Provisional/Provisoire,,
05EA012,2026-07-29T07:20:00Z,47,2.53,,,Provisional/Provisoire,,
05EA012,2026-07-29T07:25:00Z,47,2.50,,,Provisional/Provisoire,,
05EA012,2026-07-29T07:30:00Z,47,2.52,,,Provisional/Provisoire,,
05EA012,2026-07-29T07:35:00Z,47,2.52,,,Provisional/Provisoire,,
05EA012,2026-07-29T07:40:00Z,47,2.53,,,Provisional/Provisoire,,
05EA012,2026-07-29T07:45:00Z,47,2.50,,,Provisional/Provisoire,,
05EA012,2026-07-29T07:50:00Z,47,2.52,,,Provisional/Provisoire,,
05EA012,2026-07-29T07:55:00Z,47,2.52,,,Provisional/Provisoire,,
05EA012,2026-07-29T08:00:00Z,47,2.51,,,Provisional/Provisoire,,
05EA012,2026-07-29T08:05:00Z,47,2.51,,,Provisional/Provisoire,,
05EA012,2026-07-29T08:10:00Z,47,2.52,,,Provisional/Provisoire,,
05EA012,2026-07-29T08:15:00Z,47,2.52,,,Provisional/Provisoire,,
05EA012,2026-07-29T08:20:00Z,47,2.52,,,Provisional/Provisoire,,
05EA012,2026-07-29T08:25:00Z,47,2.50,,,Provisional/Provisoire,,
05EA012,2026-07-29T08:30:00Z,47,2.52,,,Provisional/Provisoire,,
05EA012,2026-07-29T08:35:00Z,47,2.51,,,Provisional/Provisoire,,
05EA012,2026-07-29T08:40:00Z,47,2.52,,,Provisional/Provisoire,,
05EA012,2026-07-29T08:45:00Z,47,2.51,,,Provisional/Provisoire,,
05EA012,2026-07-29T08:50:00Z,47,2.51,,,Provisional/Provisoire,,
05EA012,2026-07-29T08:55:00Z,47,2.51,,,Provisional/Provisoire,,
05EA012,2026-07-29T09:00:00Z,47,2.51,,,Provisional/Provisoire,,
05EA012,2026-07-29T09:05:00Z,47,2.51,,,Provisional/Provisoire,,
05EA012,2026-07-29T09:10:00Z,47,2.50,,,Provisional/Provisoire,,
05EA012,2026-07-29T09:15:00Z,47,2.51,,,Provisional/Provisoire,,
05EA012,2026-07-29T09:20:00Z,47,2.50,,,Provisional/Provisoire,,
05EA012,2026-07-29T09:25:00Z,47,2.52,,,Provisional/Provisoire,,
05EA012,2026-07-29T09:30:00Z,47,2.52,,,Provisional/Provisoire,,
05EA012,2026-07-29T09:35:00Z,47,2.51,,,Provisional/Provisoire,,
05EA012,2026-07-29T09:40:00Z,47,2.50,,,Provisional/Provisoire,,
05EA012,2026-07-29T09:45:00Z,47,2.50,,,Provisional/Provisoire,,
05EA012,2026-07-29T09:50:00Z,47,2.51,,,Provisional/Provisoire,,
05EA012,2026-07-29T09:55:00Z,47,2.50,,,Provisional/Provisoire,,
05EA012,2026-07-29T10:00:00Z,47,2.49,,,Provisional/Provisoire,,
05EA012,2026-07-29T10:05:00Z,47,2.50,,,Provisional/Provisoire,,
05EA012,2026-07-29T10:10:00Z,47,2.50,,,Provisional/Provisoire,,
05EA012,2026-07-29T10:15:00Z,47,2.49,,,Provisional/Provisoire,,
05EA012,2026-07-29T10:20:00Z,47,2.50,,,Provisional/Provisoire,,
05EA012,2026-07-29T10:25:00Z,47,2.49,,,Provisional/Provisoire,,
05EA012,2026-07-29T10:30:00Z,47,2.50,,,Provisional/Provisoire,,
05EA012,2026-07-29T10:35:00Z,47,2.50,,,Provisional/Provisoire,,
05EA012,2026-07-29T10:40:00Z,47,2.50,,,Provisional/Provisoire,,
05EA012,2026-07-29T10:45:00Z,47,2.50,,,Provisional/Provisoire,,
05EA012,2026-07-29T10:50:00Z,47,2.49,,,Provisional/Provisoire,,
05EA012,2026-07-29T10:55:00Z,47,2.50,,,Provisional/Provisoire,,
05EA012,2026-07-29T11:00:00Z,47,2.51,,,Provisional/Provisoire,,
05EA012,2026-07-29T11:05:00Z,47,2.50,,,Provisional/Provisoire,,
05EA012,2026-07-29T11:10:00Z,47,2.51,,,Provisional/Provisoire,,
05EA012,2026-07-29T11:15:00Z,47,2.49,,,Provisional/Provisoire,,
05EA012,2026-07-29T11:20:00Z,47,2.50,,,Provisional/Provisoire,,
05EA012,2026-07-29T11:25:00Z,47,2.50,,,Provisional/Provisoire,,
05EA012,2026-07-29T11:30:00Z,47,2.48,,,Provisional/Provisoire,,
05EA012,2026-07-29T11:35:00Z,47,2.48,,,Provisional/Provisoire,,
05EA012,2026-07-29T11:40:00Z,47,2.47,,,Provisional/Provisoire,,
05EA012,2026-07-29T11:45:00Z,47,2.49,,,Provisional/Provisoire,,
05EA012,2026-07-29T11:50:00Z,47,2.49,,,Provisional/Provisoire,,
05EA012,2026-07-29T11:55:00Z,47,2.50,,,Provisional/Provisoire,,
05EA012,2026-07-29T12:00:00Z,47,2.49,,,Provisional/Provisoire,,
05EA012,2026-07-29T12:05:00Z,47,2.48,,,Provisional/Provisoire,,
05EA012,2026-07-29T12:10:00Z,47,2.49,,,Provisional/Provisoire,,
05EA012,2026-07-29T12:15:00Z,47,2.47,,,Provisional/Provisoire,,
05EA012,2026-07-29T12:20:00Z,47,2.48,,,Provisional/Provisoire,,
05EA012,2026-07-29T12:25:00Z,47,2.49,,,Provisional/Provisoire,,
05EA012,2026-07-29T12:30:00Z,47,2.48,,,Provisional/Provisoire,,
05EA012,2026-07-29T12:35:00Z,47,2.48,,,Provisional/Provisoire,,
05EA012,2026-07-29T12:40:00Z,47,2.49,,,Provisional/Provisoire,,
05EA012,2026-07-29T12:45:00Z,47,2.49,,,Provisional/Provisoire,,
05EA012,2026-07-29T12:50:00Z,47,2.48,,,Provisional/Provisoire,,
05EA012,2026-07-29T12:55:00Z,47,2.48,,,Provisional/Provisoire,,
05EA012,2026-07-29T13:00:00Z,47,2.50,,,Provisional/Provisoire,,
05EA012,2026-07-29T13:05:00Z,47,2.47,,,Provisional/Provisoire,,
05EA012,2026-07-29T13:10:00Z,47,2.50,,,Provisional/Provisoire,,
05EA012,2026-07-29T13:15:00Z,47,2.49,,,Provisional/Provisoire,,
05EA012,2026-07-29T13:20:00Z,47,2.50,,,Provisional/Provisoire,,
05EA012,2026-07-29T13:25:00Z,47,2.49,,,Provisional/Provisoire,,
05EA012,2026-07-29T13:30:00Z,47,2.49,,,Provisional/Provisoire,,
05EA012,2026-07-29T13:35:00Z,47,2.50,,,Provisional/Provisoire,,
05EA012,2026-07-29T13:40:00Z,47,2.48,,,Provisional/Provisoire,,
05EA012,2026-07-29T13:45:00Z,47,2.49,,,Provisional/Provisoire,,
05EA012,2026-07-29T13:50:00Z,47,2.47,,,Provisional/Provisoire,,
05EA012,2026-07-29T13:55:00Z,47,2.51,,,Provisional/Provisoire,,
05EA012,2026-07-29T14:00:00Z,47,2.50,,,Provisional/Provisoire,,
05EA012,2026-07-29T14:05:00Z,47,2.50,,,Provisional/Provisoire,,
05EA012,2026-07-29T14:10:00Z,47,2.50,,,Provisional/Provisoire,,
05EA012,2026-07-29T14:15:00Z,47,2.49,,,Provisional/Provisoire,,
05EA012,2026-07-29T14:20:00Z,47,2.51,,,Provisional/Provisoire,,
05EA012,2026-07-29T14:25:00Z,47,2.50,,,Provisional/Provisoire,,
05EA012,2026-07-29T14:30:00Z,47,2.50,,,Provisional/Provisoire,,
05EA012,2026-07-29T14:35:00Z,47,2.50,,,Provisional/Provisoire,,
05EA012,2026-07-29T14:40:00Z,47,2.51,,,Provisional/Provisoire,,
05EA012,2026-07-29T14:45:00Z,47,2.51,,,Provisional/Provisoire,,
05EA012,2026-07-29T14:50:00Z,47,2.49,,,Provisional/Provisoire,,
05EA012,2026-07-29T14:55:00Z,47,2.52,,,Provisional/Provisoire,,
05EA012,2026-07-29T15:00:00Z,47,2.52,,,Provisional/Provisoire,,
05EA012,2026-07-29T15:05:00Z,47,2.52,,,Provisional/Provisoire,,
05EA012,2026-07-29T15:10:00Z,47,2.51,,,Provisional/Provisoire,,
05EA012,2026-07-29T15:15:00Z,47,2.53,,,Provisional/Provisoire,,
05EA012,2026-07-29T15:20:00Z,47,2.52,,,Provisional/Provisoire,,
05EA012,2026-07-29T15:25:00Z,47,2.53,,,Provisional/Provisoire,,
05EA012,2026-07-29T15:30:00Z,47,2.53,,,Provisional/Provisoire,,
05EA012,2026-07-29T15:35:00Z,47,2.53,,,Provisional/Provisoire,,
05EA012,2026-07-29T15:40:00Z,47,2.53,,,Provisional/Provisoire,,
05EA012,2026-07-29T15:45:00Z,47,2.53,,,Provisional/Provisoire,,
05EA012,2026-07-29T15:50:00Z,47,2.56,,,Provisional/Provisoire,,
05EA012,2026-07-29T15:55:00Z,47,2.55,,,Provisional/Provisoire,,
05EA012,2026-07-29T16:00:00Z,47,2.53,,,Provisional/Provisoire,,
05EA012,2026-07-29T16:05:00Z,47,2.55,,,Provisional/Provisoire,,
05EA012,2026-07-29T16:10:00Z,47,2.55,,,Provisional/Provisoire,,
05EA012,2026-07-29T16:15:00Z,47,2.55,,,Provisional/Provisoire,,
05EA012,2026-07-29T16:20:00Z,47,2.57,,,Provisional/Provisoire,,
05EA012,2026-07-29T16:25:00Z,47,2.57,,,Provisional/Provisoire,,
05EA012,2026-07-29T16:30:00Z,47,2.58,,,Provisional/Provisoire,,
05EA012,2026-07-29T16:35:00Z,47,2.58,,,Provisional/Provisoire,,
05EA012,2026-07-29T16:40:00Z,47,2.58,,,Provisional/Provisoire,,
05EA012,2026-07-29T16:45:00Z,47,2.60,,,Provisional/Provisoire,,
05EA012,2026-07-29T16:50:00Z,47,2.58,,,Provisional/Provisoire,,
05EA012,2026-07-29T16:55:00Z,47,2.61,,,Provisional/Provisoire,,
05EA012,2026-07-29T17:00:00Z,47,2.61,,,Provisional/Provisoire,,
05EA012,2026-07-29T17:05:00Z,47,2.60,,,Provisional/Provisoire,,
05EA012,2026-07-29T17:10:00Z,47,2.62,,,Provisional/Provisoire,,
05EA012,2026-07-29T17:15:00Z,47,2.62,,,Provisional/Provisoire,,
05EA012,2026-07-29T17:20:00Z,47,2.62,,,Provisional/Provisoire,,
05EA012,2026-07-29T17:25:00Z,47,2.65,,,Provisional/Provisoire,,
05EA012,2026-07-29T17:30:00Z,47,2.65,,,Provisional/Provisoire,,
05EA012,2026-07-29T17:35:00Z,47,2.67,,,Provisional/Provisoire,,
05EA012,2026-07-29T17:40:00Z,47,2.66,,,Provisional/Provisoire,,
05EA012,2026-07-29T17:45:00Z,47,2.68,,,Provisional/Provisoire,,
05EA012,2026-07-29T17:50:00Z,47,2.67,,,Provisional/Provisoire,,
05EA012,2026-07-29T17:55:00Z,47,2.68,,,Provisional/Provisoire,,
05EA012,2026-07-29T18:00:00Z,47,2.70,,,Provisional/Provisoire,,
05EA012,2026-07-29T18:05:00Z,47,2.69,,,Provisional/Provisoire,,
05EA012,2026-07-29T18:10:00Z,47,2.70,,,Provisional/Provisoire,,
05EA012,2026-07-29T18:15:00Z,47,2.72,,,Provisional/Provisoire,,
05EA012,2026-07-29T18:20:00Z,47,2.72,,,Provisional/Provisoire,,
05EA012,2026-07-29T18:25:00Z,47,2.72,,,Provisional/Provisoire,,
05EA012,2026-07-29T18:30:00Z,47,2.73,,,Provisional/Provisoire,,
05EA012,2026-07-29T18:35:00Z,47,2.73,,,Provisional/Provisoire,,
05EA012,2026-07-29T18:40:00Z,47,2.75,,,Provisional/Provisoire,,
05EA012,2026-07-29T18:45:00Z,47,2.75,,,Provisional/Provisoire,,
05EA012,2026-07-29T18:50:00Z,47,2.74,,,Provisional/Provisoire,,
05EA012,2026-07-29T18:55:00Z,47,2.76,,,Provisional/Provisoire,,
05EA012,2026-07-29T19:00:00Z,47,2.79,,,Provisional/Provisoire,,
05EA012,2026-07-29T19:05:00Z,47,2.79,,,Provisional/Provisoire,,
05EA012,2026-07-29T19:10:00Z,47,2.79,,,Provisional/Provisoire,,
05EA012,2026-07-29T19:15:00Z,47,2.81,,,Provisional/Provisoire,,
05EA012,2026-07-29T19:20:00Z,47,2.80,,,Provisional/Provisoire,,
05EA012,2026-07-29T19:25:00Z,47,2.83,,,Provisional/Provisoire,,
05EA012,2026-07-29T19:30:00Z,47,2.82,,,Provisional/Provisoire,,
05EA012,2026-07-29T19:35:00Z,47,2.85,,,Provisional/Provisoire,,
05EA012,2026-07-29T19:40:00Z,47,2.86,,,Provisional/Provisoire,,
05EA012,2026-07-29T19:45:00Z,47,2.85,,,Provisional/Provisoire,,
05EA012,2026-07-29T19:50:00Z,47,2.88,,,Provisional/Provisoire,,
05EA012,2026-07-29T19:55:00Z,47,2.89,,,Provisional/Provisoire,,
05EA012,2026-07-29T20:00:00Z,47,2.88,,,Provisional/Provisoire,,
05EA012,2026-07-29T20:05:00Z,47,2.90,,,Provisional/Provisoire,,
05EA012,2026-07-29T20:10:00Z,47,2.89,,,Provisional/Provisoire,,
05EA012,2026-07-29T20:15:00Z,47,2.90,,,Provisional/Provisoire,,
05EA012,2026-07-29T20:20:00Z,47,2.93,,,Provisional/Provisoire,,
05EA012,2026-07-29T20:25:00Z,47,2.92,,,Provisional/Provisoire,,
05EA012,2026-07-29T20:30:00Z,47,2.91,,,Provisional/Provisoire,,
05EA012,2026-07-29T20:35:00Z,47,2.92,,,Provisional/Provisoire,,
05EA012,2026-07-29T20:40:00Z,47,2.94,,,Provisional/Provisoire,,
05EA012,2026-07-29T20:45:00Z,47,2.96,,,Provisional/Provisoire,,
05EA012,2026-07-29T20:50:00Z,47,2.94,,,Provisional/Provisoire,,
05EA012,2026-07-29T20:55:00Z,47,2.97,,,Provisional/Provisoire,,
05EA012,2026-07-29T21:00:00Z,47,2.98,,,Provisional/Provisoire,,
05EA012,2026-07-29T21:05:00Z,47,2.98,,,Provisional/Provisoire,,
05EA012,2026-07-29T21:10:00Z,47,3.00,,,Provisional/Provisoire,,
05EA012,2026-07-29T21:15:00Z,47,3.00,,,Provisional/Provisoire,,
05EA012,2026-07-29T21:20:00Z,47,3.00,,,Provisional/Provisoire,,
05EA012,2026-07-29T21:25:00Z,47,2.99,,,Provisional/Provisoire,,
05EA012,2026-07-29T21:30:00Z,47,3.01,,,Provisional/Provisoire,,
05EA012,2026-07-29T21:35:00Z,47,3.02,,,Provisional/Provisoire,,
05EA012,2026-07-29T21:40:00Z,47,3.01,,,Provisional/Provisoire,,
05EA012,2026-07-29T21:45:00Z,47,3.02,,,Provisional/Provisoire,,
05EA012,2026-07-29T21:50:00Z,47,3.06,,,Provisional/Provisoire,,
05EA012,2026-07-29T21:55:00Z,47,3.06,,,Provisional/Provisoire,,
05EA012,2026-07-29T22:00:00Z,47,3.06,,,Provisional/Provisoire,,
05EA012,2026-07-29T22:05:00Z,47,3.07,,,Provisional/Provisoire,,
05EA012,2026-07-29T22:10:00Z,47,3.08,,,Provisional/Provisoire,,
05EA012,2026-07-29T22:15:00Z,47,3.07,,,Provisional/Provisoire,,
05EA012,2026-07-29T22:20:00Z,47,3.10,,,Provisional/Provisoire,,
05EA012,2026-07-29T22:25:00Z,47,3.06,,,Provisional/Provisoire,,
05EA012,2026-07-29T22:30:00Z,47,3.07,,,Provisional/Provisoire,,
05EA012,2026-07-29T22:35:00Z,47,3.12,,,Provisional/Provisoire,,
05EA012,2026-07-29T22:40:00Z,47,3.11,,,Provisional/Provisoire,,
05EA012,2026-07-29T22:45:00Z,47,3.07,,,Provisional/Provisoire,,
05EA012,2026-07-29T22:50:00Z,47,3.10,,,Provisional/Provisoire,,
05EA012,2026-07-29T22:55:00Z,47,3.15,,,Provisional/Provisoire,,
05EA012,2026-07-29T23:00:00Z,47,3.15,,,Provisional/Provisoire,,
05EA012,2026-07-29T23:05:00Z,47,3.17,,,Provisional/Provisoire,,
05EA012,2026-07-29T23:10:00Z,47,3.16,,,Provisional/Provisoire,,
05EA012,2026-07-29T23:15:00Z,47,3.15,,,Provisional/Provisoire,,
05EA012,2026-07-29T23:20:00Z,47,3.18,,,Provisional/Provisoire,,
05EA012,2026-07-29T23:25:00Z,47,3.16,,,Provisional/Provisoire,,
05EA012,2026-07-29T23:30:00Z,47,3.17,,,Provisional/Provisoire,,
05EA012,2026-07-29T23:35:00Z,47,3.19,,,Provisional/Provisoire,,
05EA012,2026-07-29T23:40:00Z,47,3.20,,,Provisional/Provisoire,,
05EA012,2026-07-29T23:45:00Z,47,3.20,,,Provisional/Provisoire,,
05EA012,2026-07-29T23:50:00Z,47,3.20,,,Provisional/Provisoire,,
05EA012,2026-07-29T23:55:00Z,47,3.20,,,Provisional/Provisoire,,
05EA012,2026-07-30T00:00:00Z,47,3.20,,,Provisional/Provisoire,,
05EA012,2026-07-30T00:05:00Z,47,3.21,,,Provisional/Provisoire,,
05EA012,2026-07-30T00:10:00Z,47,3.21,,,Provisional/Provisoire,,
05EA012,2026-07-30T00:15:00Z,47,3.19,,,Provisional/Provisoire,,
05EA012,2026-07-30T00:20:00Z,47,3.21,,,Provisional/Provisoire,,
05EA012,2026-07-30T00:25:00Z,47,3.17,,,Provisional/Provisoire,,
05EA012,2026-07-30T00:30:00Z,47,3.23,,,Provisional/Provisoire,,
05EA012,2026-07-30T00:35:00Z,47,3.23,,,Provisional/Provisoire,,
05EA012,2026-07-30T00:40:00Z,47,3.13,,,Provisional/Provisoire,,
05EA012,2026-07-30T00:45:00Z,47,3.24,,,Provisional/Provisoire,,
05EA012,2026-07-30T00:50:00Z,47,3.19,,,Provisional/Provisoire,,
05EA012,2026-07-30T00:55:00Z,47,3.22,,,Provisional/Provisoire,,
05EA012,2026-07-30T01:00:00Z,47,3.21,,,Provisional/Provisoire,,
05EA012,2026-07-30T01:05:00Z,47,3.23,,,Provisional/Provisoire,,
05EA012,2026-07-30T01:10:00Z,47,3.25,,,Provisional/Provisoire,,
05EA012,2026-07-30T01:15:00Z,47,3.20,,,Provisional/Provisoire,,
05EA012,2026-07-30T01:20:00Z,47,3.26,,,Provisional/Provisoire,,
05EA012,2026-07-30T01:25:00Z,47,3.23,,,Provisional/Provisoire,,
05EA012,2026-07-30T01:30:00Z,47,3.24,,,Provisional/Provisoire,,
05EA012,2026-07-30T01:35:00Z,47,3.22,,,Provisional/Provisoire,,
05EA012,2026-07-30T01:40:00Z,47,3.23,,,Provisional/Provisoire,,
05EA012,2026-07-30T01:45:00Z,47,3.26,,,Provisional/Provisoire,,
05EA012,2026-07-30T01:50:00Z,47,3.24,,,Provisional/Provisoire,,
05EA012,2026-07-30T01:55:00Z,47,3.20,,,Provisional/Provisoire,,
05EA012,2026-07-30T02:00:00Z,47,3.21,,,Provisional/Provisoire,,
05EA012,2026-07-30T02:05:00Z,47,3.23,,,Provisional/Provisoire,,
05EA012,2026-07-30T02:10:00Z,47,3.21,,,Provisional/Provisoire,,
05EA012,2026-07-30T02:15:00Z,47,3.25,,,Provisional/Provisoire,,
05EA012,2026-07-30T02:20:00Z,47,3.23,,,Provisional/Provisoire,,
05EA012,2026-07-30T02:25:00Z,47,3.22,,,Provisional/Provisoire,,
05EA012,2026-07-30T02:30:00Z,47,3.21,,,Provisional/Provisoire,,
05EA012,2026-07-30T02:35:00Z,47,3.24,,,Provisional/Provisoire,,
05EA012,2026-07-30T02:40:00Z,47,3.20,,,Provisional/Provisoire,,
05EA012,2026-07-30T02:45:00Z,47,3.23,,,Provisional/Provisoire,,
05EA012,2026-07-30T02:50:00Z,47,3.22,,,Provisional/Provisoire,,
05EA012,2026-07-30T02:55:00Z,47,3.22,,,Provisional/Provisoire,,
05EA012,2026-07-30T03:00:00Z,47,3.23,,,Provisional/Provisoire,,
05EA012,2026-07-30T03:05:00Z,47,3.20,,,Provisional/Provisoire,,
05EA012,2026-07-30T03:10:00Z,47,3.22,,,Provisional/Provisoire,,
05EA012,2026-07-30T03:15:00Z,47,3.22,,,Provisional/Provisoire,,
05EA012,2026-07-30T03:20:00Z,47,3.23,,,Provisional/Provisoire,,
05EA012,2026-07-30T03:25:00Z,47,3.22,,,Provisional/Provisoire,,
05EA012,2026-07-30T03:30:00Z,47,3.14,,,Provisional/Provisoire,,
05EA012,2026-07-30T03:35:00Z,47,3.15,,,Provisional/Provisoire,,
05EA012,2026-07-30T03:40:00Z,47,3.20,,,Provisional/Provisoire,,
05EA012,2026-07-30T03:45:00Z,47,3.15,,,Provisional/Provisoire,,
05EA012,2026-07-30T03:50:00Z,47,3.21,,,Provisional/Provisoire,,
05EA012,2026-07-30T03:55:00Z,47,3.21,,,Provisional/Provisoire,,
05EA012,2026-07-30T04:00:00Z,47,3.17,,,Provisional/Provisoire,,
05EA012,2026-07-30T04:05:00Z,47,3.20,,,Provisional/Provisoire,,
05EA012,2026-07-30T04:10:00Z,47,3.18,,,Provisional/Provisoire,,
05EA012,2026-07-30T04:15:00Z,47,3.18,,,Provisional/Provisoire,,
05EA012,2026-07-30T04:20:00Z,47,3.19,,,Provisional/Provisoire,,
05EA012,2026-07-30T04:25:00Z,47,3.14,,,Provisional/Provisoire,,
05EA012,2026-07-30T04:30:00Z,47,3.17,,,Provisional/Provisoire,,
05EA012,2026-07-30T04:35:00Z,47,3.18,,,Provisional/Provisoire,,
05EA012,2026-07-30T04:40:00Z,47,3.15,,,Provisional/Provisoire,,
05EA012,2026-07-30T04:45:00Z,47,3.14,,,Provisional/Provisoire,,
05EA012,2026-07-30T04:50:00Z,47,3.15,,,Provisional/Provisoire,,
05EA012,2026-07-30T04:55:00Z,47,3.15,,,Provisional/Provisoire,,
05EA012,2026-07-30T05:00:00Z,47,3.13,,,Provisional/Provisoire,,
05EA012,2026-07-30T05:05:00Z,47,3.14,,,Provisional/Provisoire,,
05EA012,2026-07-30T05:10:00Z,47,3.12,,,Provisional/Provisoire,,
05EA012,2026-07-30T05:15:00Z,47,3.13,,,Provisional/Provisoire,,
05EA012,2026-07-30T05:20:00Z,47,3.11,,,Provisional/Provisoire,,
05EA012,2026-07-30T05:25:00Z,47,3.09,,,Provisional/Provisoire,,
05EA012,2026-07-30T05:30:00Z,47,3.10,,,Provisional/Provisoire,,
05EA012,2026-07-30T05:35:00Z,47,3.09,,,Provisional/Provisoire,,
05EA012,2026-07-30T05:40:00Z,47,3.10,,,Provisional/Provisoire,,
05EA012,2026-07-30T05:45:00Z,47,3.08,,,Provisional/Provisoire,,
05EA012,2026-07-30T05:50:00Z,47,3.09,,,Provisional/Provisoire,,
05EA012,2026-07-30T05:55:00Z,47,3.05,,,Provisional/Provisoire,,
05EA012,2026-07-30T06:00:00Z,47,3.06,,,Provisional/Provisoire,,
05EA012,2026-07-30T06:05:00Z,47,3.08,,,Provisional/Provisoire,,
05EA012,2026-07-30T06:10:00Z,47,3.07,,,Provisional/Provisoire,,
05EA012,2026-07-30T06:15:00Z,47,3.07,,,Provisional/Provisoire,,
05EA012,2026-07-30T06:20:00Z,47,3.03,,,Provisional/Provisoire,,
05EA012,2026-07-30T06:25:00Z,47,3.05,,,Provisional/Provisoire,,
05EA012,2026-07-30T06:30:00Z,47,3.05,,,Provisional/Provisoire,,
05EA012,2026-07-30T06:35:00Z,47,3.03,,,Provisional/Provisoire,,
05EA012,2026-07-30T06:40:00Z,47,3.01,,,Provisional/Provisoire,,
05EA012,2026-07-30T06:45:00Z,47,3.00,,,Provisional/Provisoire,,
05EA012,2026-07-30T06:50:00Z,47,3.02,,,Provisional/Provisoire,,
05EA012,2026-07-30T06:55:00Z,47,2.98,,,Provisional/Provisoire,,
05EA012,2026-07-30T07:00:00Z,47,2.99,,,Provisional/Provisoire,,
05EA012,2026-07-30T07:05:00Z,47,3.01,,,Provisional/Provisoire,,
05EA012,2026-07-30T07:10:00Z,47,3.00,,,Provisional/Provisoire,,
05EA012,2026-07-30T07:15:00Z,47,3.00,,,Provisional/Provisoire,,
05EA012,2026-07-30T07:20:00Z,47,2.99,,,Provisional/Provisoire,,
05EA012,2026-07-30T07:25:00Z,47,2.99,,,Provisional/Provisoire,,
05EA012,2026-07-30T07:30:00Z,47,2.98,,,Provisional/Provisoire,,
05EA012,2026-07-30T07:35:00Z,47,2.97,,,Provisional/Provisoire,,
05EA012,2026-07-30T07:40:00Z,47,2.98,,,Provisional/Provisoire,,
05EA012,2026-07-30T07:45:00Z,47,2.98,,,Provisional/Provisoire,,
05EA012,2026-07-30T07:50:00Z,47,2.96,,,Provisional/Provisoire,,
05EA012,2026-07-30T07:55:00Z,47,2.96,,,Provisional/Provisoire,,
05EA012,2026-07-30T08:00:00Z,47,2.95,,,Provisional/Provisoire,,
05EA012,2026-07-30T08:05:00Z,47,2.96,,,Provisional/Provisoire,,
05EA012,2026-07-30T08:10:00Z,47,2.95,,,Provisional/Provisoire,,
05EA012,2026-07-30T08:15:00Z,47,2.95,,,Provisional/Provisoire,,
05EA012,2026-07-30T08:20:00Z,47,2.90,,,Provisional/Provisoire,,
05EA012,2026-07-30T08:25:00Z,47,2.94,,,Provisional/Provisoire,,
05EA012,2026-07-30T08:30:00Z,47,2.92,,,Provisional/Provisoire,,
05EA012,2026-07-30T08:35:00Z,47,2.91,,,Provisional/Provisoire,,
05EA012,2026-07-30T08:40:00Z,47,2.93,,,Provisional/Provisoire,,
05EA012,2026-07-30T08:45:00Z,47,2.91,,,Provisional/Provisoire,,
05EA012,2026-07-30T08:50:00Z,47,2.86,,,Provisional/Provisoire,,
05EA012,2026-07-30T08:55:00Z,47,2.87,,,Provisional/Provisoire,,
05EA012,2026-07-30T09:00:00Z,47,2.89,,,Provisional/Provisoire,,
05EA012,2026-07-30T09:05:00Z,47,2.90,,,Provisional/Provisoire,,
05EA012,2026-07-30T09:10:00Z,47,2.88,,,Provisional/Provisoire,,
05EA012,2026-07-30T09:15:00Z,47,2.90,,,Provisional/Provisoire,,
05EA012,2026-07-30T09:20:00Z,47,2.88,,,Provisional/Provisoire,,
05EA012,2026-07-30T09:25:00Z,47,2.88,,,Provisional/Provisoire,,
05EA012,2026-07-30T09:30:00Z,47,2.88,,,Provisional/Provisoire,,
05EA012,2026-07-30T09:35:00Z,47,2.87,,,Provisional/Provisoire,,
05EA012,2026-07-30T09:40:00Z,47,2.85,,,Provisional/Provisoire,,
05EA012,2026-07-30T09:45:00Z,47,2.85,,,Provisional/Provisoire,,
05EA012,2026-07-30T09:50:00Z,47,2.86,,,Provisional/Provisoire,,
05EA012,2026-07-30T09:55:00Z,47,2.84,,,Provisional/Provisoire,,
05EA012,2026-07-30T10:00:00Z,47,2.83,,,Provisional/Provisoire,,
05EA012,2026-07-30T10:05:00Z,47,2.85,,,Provisional/Provisoire,,
05EA012,2026-07-30T10:10:00Z,47,2.85,,,Provisional/Provisoire,,
05EA012,2026-07-30T10:15:00Z,47,2.82,,,Provisional/Provisoire,,
05EA012,2026-07-30T10:20:00Z,47,2.83,,,Provisional/Provisoire,,
05EA012,2026-07-30T10:25:00Z,47,2.81,,,Provisional/Provisoire,,
05EA012,2026-07-30T10:30:00Z,47,2.83,,,Provisional/Provisoire,,
05EA012,2026-07-30T10:35:00Z,47,2.81,,,Provisional/Provisoire,,
05EA012,2026-07-30T10:40:00Z,47,2.81,,,Provisional/Provisoire,,
05EA012,2026-07-30T10:45:00Z,47,2.81,,,Provisional/Provisoire,,
05EA012,2026-07-30T10:50:00Z,47,2.82,,,Provisional/Provisoire,,
05EA012,2026-07-30T10:55:00Z,47,2.81,,,Provisional/Provisoire,,
05EA012,2026-07-30T11:00:00Z,47,2.80,,,Provisional/Provisoire,,
05EA012,2026-07-30T11:05:00Z,47,2.79,,,Provisional/Provisoire,,
05EA012,2026-07-30T11:10:00Z,47,2.79,,,Provisional/Provisoire,,
05EA012,2026-07-30T11:15:00Z,47,2.80,,,Provisional/Provisoire,,
05EA012,2026-07-30T11:20:00Z,47,2.79,,,Provisional/Provisoire,,
05EA012,2026-07-30T11:25:00Z,47,2.77,,,Provisional/Provisoire,,
05EA012,2026-07-30T11:30:00Z,47,2.79,,,Provisional/Provisoire,,
05EA012,2026-07-30T11:35:00Z,47,2.79,,,Provisional/Provisoire,,
05EA012,2026-07-30T11:40:00Z,47,2.73,,,Provisional/Provisoire,,
05EA012,2026-07-30T11:45:00Z,47,2.75,,,Provisional/Provisoire,,
05EA012,2026-07-30T11:50:00Z,47,2.76,,,Provisional/Provisoire,,
05EA012,2026-07-30T11:55:00Z,47,2.76,,,Provisional/Provisoire,,
05EA012,2026-07-30T12:00:00Z,47,2.76,,,Provisional/Provisoire,,
05EA012,2026-07-30T12:05:00Z,47,2.75,,,Provisional/Provisoire,,
05EA012,2026-07-30T12:10:00Z,47,2.75,,,Provisional/Provisoire,,
05EA012,2026-07-30T12:15:00Z,47,2.74,,,Provisional/Provisoire,,
05EA012,2026-07-30T12:20:00Z,47,2.73,,,Provisional/Provisoire,,
05EA012,2026-07-30T12:25:00Z,47,2.74,,,Provisional/Provisoire,,
05EA012,2026-07-30T12:30:00Z,47,2.71,,,Provisional/Provisoire,,
05EA012,2026-07-30T12:35:00Z,47,2.72,,,Provisional/Provisoire,,
05EA012,2026-07-30T12:40:00Z,47,2.74,,,Provisional/Provisoire,,
05EA012,2026-07-30T12:45:00Z,47,2.71,,,Provisional/Provisoire,,
05EA012,2026-07-30T12:50:00Z,47,2.72,,,Provisional/Provisoire,,
05EA012,2026-07-30T12:55:00Z,47,2.71,,,Provisional/Provisoire,,
05EA012,2026-07-30T13:00:00Z,47,2.70,,,Provisional/Provisoire,,
05EA012,2026-07-30T13:05:00Z,47,2.71,,,Provisional/Provisoire,,
05EA012,2026-07-30T13:10:00Z,47,2.72,,,Provisional/Provisoire,,
05EA012,2026-07-30T13:15:00Z,47,2.71,,,Provisional/Provisoire,,
05EA012,2026-07-30T13:20:00Z,47,2.70,,,Provisional/Provisoire,,
05EA012,2026-07-30T13:25:00Z,47,2.71,,,Provisional/Provisoire,,
05EA012,2026-07-30T13:30:00Z,47,2.70,,,Provisional/Provisoire,,
05EA012,2026-07-30T13:35:00Z,47,2.70,,,Provisional/Provisoire,,
05EA012,2026-07-30T13:40:00Z,47,2.70,,,Provisional/Provisoire,,
05EA012,2026-07-30T13:45:00Z,47,2.67,,,Provisional/Provisoire,,
05EA012,2026-07-30T13:50:00Z,47,2.68,,,Provisional/Provisoire,,
05EA012,2026-07-30T13:55:00Z,47,2.67,,,Provisional/Provisoire,,
05EA012,2026-07-30T14:00:00Z,47,2.69,,,Provisional/Provisoire,,
05EA012,2026-07-30T14:05:00Z,47,2.69,,,Provisional/Provisoire,,
05EA012,2026-07-30T14:10:00Z,47,2.68,,,Provisional/Provisoire,,
05EA012,2026-07-30T14:15:00Z,47,2.67,,,Provisional/Provisoire,,
05EA012,2026-07-30T14:20:00Z,47,2.67,,,Provisional/Provisoire,,
05EA012,2026-07-30T14:25:00Z,47,2.67,,,Provisional/Provisoire,,
05EA012,2026-07-30T14:30:00Z,47,2.67,,,Provisional/Provisoire,,
05EA012,2026-07-30T14:35:00Z,47,2.64,,,Provisional/Provisoire,,
05EA012,2026-07-30T14:40:00Z,47,2.65,,,Provisional/Provisoire,,
05EA012,2026-07-30T14:45:00Z,47,2.65,,,Provisional/Provisoire,,
05EA012,2026-07-30T14:50:00Z,47,2.66,,,Provisional/Provisoire,,
05EA012,2026-07-30T14:55:00Z,47,2.66,,,Provisional/Provisoire,,
05EA012,2026-07-30T15:00:00Z,47,2.64,,,Provisional/Provisoire,,
05EA012,2026-07-30T15:05:00Z,47,2.64,,,Provisional/Provisoire,,
05EA012,2026-07-30T15:10:00Z,47,2.62,,,Provisional/Provisoire,,
05EA012,2026-07-30T15:15:00Z,47,2.64,,,Provisional/Provisoire,,
05EA012,2026-07-30T15:20:00Z,47,2.63,,,Provisional/Provisoire,,
05EA012,2026-07-30T15:25:00Z,47,2.62,,,Provisional/Provisoire,,
05EA012,2026-07-30T15:30:00Z,47,2.62,,,Provisional/Provisoire,,
05EA012,2026-07-30T15:35:00Z,47,2.61,,,Provisional/Provisoire,,
05EA012,2026-07-30T15:40:00Z,47,2.62,,,Provisional/Provisoire,,
05EA012,2026-07-30T15:45:00Z,47,2.62,,,Provisional/Provisoire,,
05EA012,2026-07-30T15:50:00Z,47,2.61,,,Provisional/Provisoire,,
05EA012,2026-07-30T15:55:00Z,47,2.61,,,Provisional/Provisoire,,
05EA012,2026-07-30T16:00:00Z,47,2.62,,,Provisional/Provisoire,,
05EA012,2026-07-30T16:05:00Z,47,2.62,,,Provisional/Provisoire,,
05EA012,2026-07-30T16:10:00Z,47,2.60,,,Provisional/Provisoire,,
05EA012,2026-07-30T16:15:00Z,47,2.61,,,Provisional/Provisoire,,
05EA012,2026-07-30T16:20:00Z,47,2.61,,,Provisional/Provisoire,,
05EA012,2026-07-30T16:25:00Z,47,2.60,,,Provisional/Provisoire,,
05EA012,2026-07-30T16:30:00Z,47,2.60,,,Provisional/Provisoire,,
05EA012,2026-07-30T16:35:00Z,47,2.60,,,Provisional/Provisoire,,
05EA012,2026-07-30T16:40:00Z,47,2.58,,,Provisional/Provisoire,,
05EA012,2026-07-30T16:45:00Z,47,2.59,,,Provisional/Provisoire,,
05EA012,2026-07-30T16:50:00Z,47,2.59,,,Provisional/Provisoire,,
05EA012,2026-07-30T16:55:00Z,47,2.59,,,Provisional/Provisoire,,
05EA012,2026-07-30T17:00:00Z,47,2.59,,,Provisional/Provisoire,,
05EA012,2026-07-30T17:05:00Z,47,2.58,,,Provisional/Provisoire,,
05EA012,2026-07-30T17:10:00Z,47,2.60,,,Provisional/Provisoire,,
05EA012,2026-07-30T17:15:00Z,47,2.56,,,Provisional/Provisoire,,
05EA012,2026-07-30T17:20:00Z,47,2.57,,,Provisional/Provisoire,,
05EA012,2026-07-30T17:25:00Z,47,2.58,,,Provisional/Provisoire,,
05EA012,2026-07-30T17:30:00Z,47,2.58,,,Provisional/Provisoire,,
05EA012,2026-07-30T17:35:00Z,47,2.58,,,Provisional/Provisoire,,
05EA012,2026-07-30T17:40:00Z,47,2.58,,,Provisional/Provisoire,,
05EA012,2026-07-30T17:45:00Z,47,2.57,,,Provisional/Provisoire,,
05EA012,2026-07-30T17:50:00Z,47,2.57,,,Provisional/Provisoire,,
05EA012,2026-07-30T17:55:00Z,47,2.57,,,Provisional/Provisoire,,
05EA012,2026-07-30T18:00:00Z,47,2.57,,,Provisional/Provisoire,,
05EA012,2026-07-30T18:05:00Z,47,2.57,,,Provisional/Provisoire,,
05EA012,2026-07-30T18:10:00Z,47,2.56,,,Provisional/Provisoire,,
05EA012,2026-07-30T18:15:00Z,47,2.56,,,Provisional/Provisoire,,
05EA012,2026-07-30T18:20:00Z,47,2.55,,,Provisional/Provisoire,,
05EA012,2026-07-30T18:25:00Z,47,2.55,,,Provisional/Provisoire,,
05EA012,2026-07-30T18:30:00Z,47,2.55,,,Provisional/Provisoire,,
05EA012,2026-07-30T18:35:00Z,47,2.54,,,Provisional/Provisoire,,
05EA012,2026-07-30T18:40:00Z,47,2.55,,,Provisional/Provisoire,,
05EA012,2026-07-30T18:45:00Z,47,2.53,,,Provisional/Provisoire,,
05EA012,2026-07-30T18:50:00Z,47,2.55,,,Provisional/Provisoire,,
05EA012,2026-07-30T18:55:00Z,47,2.53,,,Provisional/Provisoire,,
05EA012,2026-07-30T19:00:00Z,47,2.54,,,Provisional/Provisoire,,
05EA012,2026-07-30T19:05:00Z,47,2.54,,,Provisional/Provisoire,,
05EA012,2026-07-30T19:10:00Z,47,2.55,,,Provisional/Provisoire,,
05EA012,2026-07-30T19:15:00Z,47,2.54,,,Provisional/Provisoire,,
05EA012,2026-07-30T19:20:00Z,47,2.53,,,Provisional/Provisoire,,
05EA012,2026-07-30T19:25:00Z,47,2.54,,,Provisional/Provisoire,,
05EA012,2026-07-30T19:30:00Z,47,2.52,,,Provisional/Provisoire,,
05EA012,2026-07-30T19:35:00Z,47,2.53,,,Provisional/Provisoire,,
05EA012,2026-07-30T19:40:00Z,47,2.52,,,Provisional/Provisoire,,
05EA012,2026-07-30T19:45:00Z,47,2.52,,,Provisional/Provisoire,,
05EA012,2026-07-30T19:50:00Z,47,2.50,,,Provisional/Provisoire,,
05EA012,2026-07-30T19:55:00Z,47,2.52,,,Provisional/Provisoire,,
05EA012,2026-07-30T20:00:00Z,47,2.50,,,Provisional/Provisoire,,
05EA012,2026-07-30T20:05:00Z,47,2.52,,,Provisional/Provisoire,,
05EA012,2026-07-30T20:10:00Z,47,2.51,,,Provisional/Provisoire,,
05EA012,2026-07-30T20:15:00Z,47,2.50,,,Provisional/Provisoire,,
05EA012,2026-07-30T20:20:00Z,47,2.51,,,Provisional/Provisoire,,
05EA012,2026-07-30T20:25:00Z,47,2.51,,,Provisional/Provisoire,,
05EA012,2026-07-30T20:30:00Z,47,2.49,,,Provisional/Provisoire,,
05EA012,2026-07-30T20:35:00Z,47,2.50,,,Provisional/Provisoire,,
05EA012,2026-07-30T20:40:00Z,47,2.50,,,Provisional/Provisoire,,
05EA012,2026-07-30T20:45:00Z,47,2.49,,,Provisional/Provisoire,,
05EA012,2026-07-30T20:50:00Z,47,2.50,,,Provisional/Provisoire,,
05EA012,2026-07-30T20:55:00Z,47,2.50,,,Provisional/Provisoire,,
05EA012,2026-07-30T21:00:00Z,47,2.50,,,Provisional/Provisoire,,
05EA012,2026-07-30T21:05:00Z,47,2.48,,,Provisional/Provisoire,,
05EA012,2026-07-30T21:10:00Z,47,2.49,,,Provisional/Provisoire,,
05EA012,2026-07-30T21:15:00Z,47,2.48,,,Provisional/Provisoire,,
05EA012,2026-07-30T21:20:00Z,47,2.48,,,Provisional/Provisoire,,
05EA012,2026-07-30T21:25:00Z,47,2.47,,,Provisional/Provisoire,,
05EA012,2026-07-30T21:30:00Z,47,2.47,,,Provisional/Provisoire,,
05EA012,2026-07-30T21:35:00Z,47,2.45,,,Provisional/Provisoire,,
05EA012,2026-07-30T21:40:00Z,47,2.47,,,Provisional/Provisoire,,
05EA012,2026-07-30T21:45:00Z,47,2.47,,,Provisional/Provisoire,,
05EA012,2026-07-30T21:50:00Z,47,2.48,,,Provisional/Provisoire,,
05EA012,2026-07-30T21:55:00Z,47,2.47,,,Provisional/Provisoire,,
05EA012,2026-07-30T22:00:00Z,47,2.46,,,Provisional/Provisoire,,
05EA012,2026-07-30T22:05:00Z,47,2.46,,,Provisional/Provisoire,,
05EA012,2026-07-30T22:10:00Z,47,2.47,,,Provisional/Provisoire,,
05EA012,2026-07-30T22:15:00Z,47,2.46,,,Provisional/Provisoire,,
05EA012,2026-07-30T22:20:00Z,47,2.46,,,Provisional/Provisoire,,
05EA012,2026-07-30T22:25:00Z,47,2.45,,,Provisional/Provisoire,,
05EA012,2026-07-30T22:30:00Z,47,2.46,,,Provisional/Provisoire,,
05EA012,2026-07-30T22:35:00Z,47,2.44,,,Provisional/Provisoire,,
05EA012,2026-07-30T22:40:00Z,47,2.45,,,Provisional/Provisoire,,
05EA012,2026-07-30T22:45:00Z,47,2.45,,,Provisional/Provisoire,,
05EA012,2026-07-30T22:50:00Z,47,2.45,,,Provisional/Provisoire,,
05EA012,2026-07-30T22:55:00Z,47,2.44,,,Provisional/Provisoire,,
05EA012,2026-07-30T23:00:00Z,47,2.44,,,Provisional/Provisoire,,
05EA012,2026-07-30T23:05:00Z,47,2.43,,,Provisional/Provisoire,,
05EA012,2026-07-30T23:10:00Z,47,2.44,,,Provisional/Provisoire,,
05EA012,2026-07-30T23:15:00Z,47,2.43,,,Provisional/Provisoire,,
05EA012,2026-07-30T23:20:00Z,47,2.43,,,Provisional/Provisoire,,
05EA012,2026-07-30T23:25:00Z,47,2.43,,,Provisional/Provisoire,,
05EA012,2026-07-30T23:30:00Z,47,2.42,,,Provisional/Provisoire,,
05EA012,2026-07-30T23:35:00Z,47,2.43,,,Provisional/Provisoire,,
05EA012,2026-07-30T23:40:00Z,47,2.43,,,Provisional/Provisoire,,
05EA012,2026-07-30T23:45:00Z,47,2.41,,,Provisional/Provisoire,,
05EA012,2026-07-30T23:50:00Z,47,2.42,,,Provisional/Provisoire,,
05EA012,2026-07-30T23:55:00Z,47,2.42,,,Provisional/Provisoire,,
05EA012,2026-07-31T00:00:00Z,47,2.43,,,Provisional/Provisoire,,
05EA012,2026-07-31T00:05:00Z,47,2.42,,,Provisional/Provisoire,,
05EA012,2026-07-31T00:10:00Z,47,2.41,,,Provisional/Provisoire,,
05EA012,2026-07-31T00:15:00Z,47,2.42,,,Provisional/Provisoire,,
05EA012,2026-07-31T00:20:00Z,47,2.42,,,Provisional/Provisoire,,
05EA012,2026-07-31T00:25:00Z,47,2.42,,,Provisional/Provisoire,,
05EA012,2026-07-31T00:30:00Z,47,2.41,,,Provisional/Provisoire,,
05EA012,2026-07-31T00:35:00Z,47,2.40,,,Provisional/Provisoire,,
05EA012,2026-07-31T00:40:00Z,47,2.40,,,Provisional/Provisoire,,
05EA012,2026-07-31T00:45:00Z,47,2.40,,,Provisional/Provisoire,,
05EA012,2026-07-31T00:50:00Z,47,2.40,,,Provisional/Provisoire,,
05EA012,2026-07-31T00:55:00Z,47,2.38,,,Provisional/Provisoire,,
05EA012,2026-07-31T01:00:00Z,47,2.40,,,Provisional/Provisoire,,
05EA012,2026-07-31T01:05:00Z,47,2.40,,,Provisional/Provisoire,,
05EA012,2026-07-31T01:10:00Z,47,2.40,,,Provisional/Provisoire,,
05EA012,2026-07-31T01:15:00Z,47,2.39,,,Provisional/Provisoire,,
05EA012,2026-07-31T01:20:00Z,47,2.39,,,Provisional/Provisoire,,
05EA012,2026-07-31T01:25:00Z,47,2.38,,,Provisional/Provisoire,,
05EA012,2026-07-31T01:30:00Z,47,2.38,,,Provisional/Provisoire,,
05EA012,2026-07-31T01:35:00Z,47,2.38,,,Provisional/Provisoire,,
05EA012,2026-07-31T01:40:00Z,47,2.38,,,Provisional/Provisoire,,
05EA012,2026-07-31T01:45:00Z,47,2.38,,,Provisional/Provisoire,,
05EA012,2026-07-31T01:50:00Z,47,2.38,,,Provisional/Provisoire,,
05EA012,2026-07-31T01:55:00Z,47,2.38,,,Provisional/Provisoire,,
05EA012,2026-07-31T02:00:00Z,47,2.37,,,Provisional/Provisoire,,
05EA012,2026-07-31T02:05:00Z,47,2.36,,,Provisional/Provisoire,,
05EA012,2026-07-31T02:10:00Z,47,2.38,,,Provisional/Provisoire,,
05EA012,2026-07-31T02:15:00Z,47,2.37,,,Provisional/Provisoire,,
05EA012,2026-07-31T02:20:00Z,47,2.37,,,Provisional/Provisoire,,
05EA012,2026-07-31T02:25:00Z,47,2.36,,,Provisional/Provisoire,,
05EA012,2026-07-31T02:30:00Z,47,2.34,,,Provisional/Provisoire,,
05EA012,2026-07-31T02:35:00Z,47,2.36,,,Provisional/Provisoire,,
05EA012,2026-07-31T02:40:00Z,47,2.36,,,Provisional/Provisoire,,
05EA012,2026-07-31T02:45:00Z,47,2.36,,,Provisional/Provisoire,,
05EA012,2026-07-31T02:50:00Z,47,2.37,,,Provisional/Provisoire,,
05EA012,2026-07-31T02:55:00Z,47,2.37,,,Provisional/Provisoire,,
05EA012,2026-07-31T03:00:00Z,47,2.36,,,Provisional/Provisoire,,
05EA012,2026-07-31T03:05:00Z,47,2.35,,,Provisional/Provisoire,,
05EA012,2026-07-31T03:10:00Z,47,2.35,,,Provisional/Provisoire,,
05EA012,2026-07-31T03:15:00Z,47,2.36,,,Provisional/Provisoire,,
05EA012,2026-07-31T03:20:00Z,47,2.36,,,Provisional/Provisoire,,
05EA012,2026-07-31T03:25:00Z,47,2.35,,,Provisional/Provisoire,,
05EA012,2026-07-31T03:30:00Z,47,2.33,,,Provisional/Provisoire,,
05EA012,2026-07-31T03:35:00Z,47,2.35,,,Provisional/Provisoire,,
05EA012,2026-07-31T03:40:00Z,47,2.33,,,Provisional/Provisoire,,
05EA012,2026-07-31T03:45:00Z,47,2.34,,,Provisional/Provisoire,,
05EA012,2026-07-31T03:50:00Z,47,2.34,,,Provisional/Provisoire,,
05EA012,2026-07-31T03:55:00Z,47,2.33,,,Provisional/Provisoire,,
05EA012,2026-07-31T04:00:00Z,47,2.35,,,Provisional/Provisoire,,
05EA012,2026-07-31T04:05:00Z,47,2.34,,,Provisional/Provisoire,,
05EA012,2026-07-31T04:10:00Z,47,2.34,,,Provisional/Provisoire,,
05EA012,2026-07-31T04:15:00Z,47,2.33,,,Provisional/Provisoire,,
05EA012,2026-07-31T04:20:00Z,47,2.35,,,Provisional/Provisoire,,
05EA012,2026-07-31T04:25:00Z,47,2.33,,,Provisional/Provisoire,,
05EA012,2026-07-31T04:30:00Z,47,2.33,,,Provisional/Provisoire,,
05EA012,2026-07-31T04:35:00Z,47,2.34,,,Provisional/Provisoire,,
05EA012,2026-07-31T04:40:00Z,47,2.33,,,Provisional/Provisoire,,
05EA012,2026-07-31T04:45:00Z,47,2.33,,,Provisional/Provisoire,,
05EA012,2026-07-31T04:50:00Z,47,2.33,,,Provisional/Provisoire,,
05EA012,2026-07-31T04:55:00Z,47,2.33,,,Provisional/Provisoire,,
05EA012,2026-07-31T05:00:00Z,47,2.33,,,Provisional/Provisoire,,
05EA012,2026-07-31T05:05:00Z,47,2.32,,,Provisional/Provisoire,,
05EA012,2026-07-31T05:10:00Z,47,2.33,,,Provisional/Provisoire,,
05EA012,2026-07-31T05:15:00Z,47,2.32,,,Provisional/Provisoire,,
05EA012,2026-07-31T05:20:00Z,47,2.31,,,Provisional/Provisoire,,
05EA012,2026-07-31T05:25:00Z,47,2.32,,,Provisional/Provisoire,,
05EA012,2026-07-31T05:30:00Z,47,2.33,,,Provisional/Provisoire,,
05EA012,2026-07-31T05:35:00Z,47,2.32,,,Provisional/Provisoire,,
05EA012,2026-07-31T05:40:00Z,47,2.31,,,Provisional/Provisoire,,
05EA012,2026-07-31T05:45:00Z,47,2.29,,,Provisional/Provisoire,,
05EA012,2026-07-31T05:50:00Z,47,2.32,,,Provisional/Provisoire,,
05EA012,2026-07-31T05:55:00Z,47,2.31,,,Provisional/Provisoire,,
05EA012,2026-07-31T06:00:00Z,47,2.31,,,Provisional/Provisoire,,
05EA012,2026-07-31T06:05:00Z,47,2.30,,,Provisional/Provisoire,,
05EA012,2026-07-31T06:10:00Z,47,2.31,,,Provisional/Provisoire,,
05EA012,2026-07-31T06:15:00Z,47,2.30,,,Provisional/Provisoire,,
05EA012,2026-07-31T06:20:00Z,47,2.31,,,Provisional/Provisoire,,
05EA012,2026-07-31T06:25:00Z,47,2.30,,,Provisional/Provisoire,,
05EA012,2026-07-31T06:30:00Z,47,2.30,,,Provisional/Provisoire,,
05EA012,2026-07-31T06:35:00Z,47,2.30,,,Provisional/Provisoire,,
05EA012,2026-07-31T06:40:00Z,47,2.30,,,Provisional/Provisoire,,
05EA012,2026-07-31T06:45:00Z,47,2.31,,,Provisional/Provisoire,,
05EA012,2026-07-31T06:50:00Z,47,2.29,,,Provisional/Provisoire,,
05EA012,2026-07-31T06:55:00Z,47,2.30,,,Provisional/Provisoire,,
05EA012,2026-07-31T07:00:00Z,47,2.30,,,Provisional/Provisoire,,
05EA012,2026-07-31T07:05:00Z,47,2.29,,,Provisional/Provisoire,,
05EA012,2026-07-31T07:10:00Z,47,2.29,,,Provisional/Provisoire,,
05EA012,2026-07-31T07:15:00Z,47,2.30,,,Provisional/Provisoire,,
05EA012,2026-07-31T07:20:00Z,47,2.29,,,Provisional/Provisoire,,
05EA012,2026-07-31T07:25:00Z,47,2.29,,,Provisional/Provisoire,,
05EA012,2026-07-31T07:30:00Z,47,2.30,,,Provisional/Provisoire,,
05EA012,2026-07-31T07:35:00Z,47,2.29,,,Provisional/Provisoire,,
05EA012,2026-07-31T07:40:00Z,47,2.29,,,Provisional/Provisoire,,
05EA012,2026-07-31T07:45:00Z,47,2.29,,,Provisional/Provisoire,,
05EA012,2026-07-31T07:50:00Z,47,2.29,,,Provisional/Provisoire,,
05EA012,2026-07-31T07:55:00Z,47,2.29,,,Provisional/Provisoire,,
05EA012,2026-07-31T08:00:00Z,47,2.29,,,Provisional/Provisoire,,
05EA012,2026-07-31T08:05:00Z,47,2.29,,,Provisional/Provisoire,,
05EA012,2026-07-31T08:10:00Z,47,2.29,,,Provisional/Provisoire,,
05EA012,2026-07-31T08:15:00Z,47,2.28,,,Provisional/Provisoire,,
05EA012,2026-07-31T08:20:00Z,47,2.29,,,Provisional/Provisoire,,
05EA012,2026-07-31T08:25:00Z,47,2.28,,,Provisional/Provisoire,,
05EA012,2026-07-31T08:30:00Z,47,2.29,,,Provisional/Provisoire,,
05EA012,2026-07-31T08:35:00Z,47,2.29,,,Provisional/Provisoire,,
05EA012,2026-07-31T08:40:00Z,47,2.28,,,Provisional/Provisoire,,
05EA012,2026-07-31T08:45:00Z,47,2.28,,,Provisional/Provisoire,,
05EA012,2026-07-31T08:50:00Z,47,2.27,,,Provisional/Provisoire,,
05EA012,2026-07-31T08:55:00Z,47,2.28,,,Provisional/Provisoire,,
05EA012,2026-07-31T09:00:00Z,47,2.27,,,Provisional/Provisoire,,
05EA012,2026-07-31T09:05:00Z,47,2.27,,,Provisional/Provisoire,,
05EA012,2026-07-31T09:10:00Z,47,2.27,,,Provisional/Provisoire,,
05EA012,2026-07-31T09:15:00Z,47,2.25,,,Provisional/Provisoire,,
05EA012,2026-07-31T09:20:00Z,47,2.27,,,Provisional/Provisoire,,
05EA012,2026-07-31T09:25:00Z,47,2.26,,,Provisional/Provisoire,,
05EA012,2026-07-31T09:30:00Z,47,2.26,,,Provisional/Provisoire,,
05EA012,2026-07-31T09:35:00Z,47,2.26,,,Provisional/Provisoire,,
05EA012,2026-07-31T09:40:00Z,47,2.25,,,Provisional/Provisoire,,
05EA012,2026-07-31T09:45:00Z,47,2.26,,,Provisional/Provisoire,,
05EA012,2026-07-31T09:50:00Z,47,2.27,,,Provisional/Provisoire,,
05EA012,2026-07-31T09:55:00Z,47,2.25,,,Provisional/Provisoire,,
05EA012,2026-07-31T10:00:00Z,47,2.25,,,Provisional/Provisoire,,
05EA012,2026-07-31T10:05:00Z,47,2.24,,,Provisional/Provisoire,,
05EA012,2026-07-31T10:10:00Z,47,2.26,,,Provisional/Provisoire,,
05EA012,2026-07-31T10:15:00Z,47,2.25,,,Provisional/Provisoire,,
05EA012,2026-07-31T10:20:00Z,47,2.25,,,Provisional/Provisoire,,
05EA012,2026-07-31T10:25:00Z,47,2.25,,,Provisional/Provisoire,,
05EA012,2026-07-31T10:30:00Z,47,2.25,,,Provisional/Provisoire,,
05EA012,2026-07-31T10:35:00Z,47,2.25,,,Provisional/Provisoire,,
05EA012,2026-07-31T10:40:00Z,47,2.25,,,Provisional/Provisoire,,
05EA012,2026-07-31T10:45:00Z,47,2.24,,,Provisional/Provisoire,,
05EA012,2026-07-31T10:50:00Z,47,2.23,,,Provisional/Provisoire,,
05EA012,2026-07-31T10:55:00Z,47,2.25,,,Provisional/Provisoire,,
05EA012,2026-07-31T11:00:00Z,47,2.23,,,Provisional/Provisoire,,
05EA012,2026-07-31T11:05:00Z,47,2.24,,,Provisional/Provisoire,,
05EA012,2026-07-31T11:10:00Z,47,2.24,,,Provisional/Provisoire,,
05EA012,2026-07-31T11:15:00Z,47,2.23,,,Provisional/Provisoire,,
05EA012,2026-07-31T11:20:00Z,47,2.24,,,Provisional/Provisoire,,
05EA012,2026-07-31T11:25:00Z,47,2.24,,,Provisional/Provisoire,,
05EA012,2026-07-31T11:30:00Z,47,2.23,,,Provisional/Provisoire,,
05EA012,2026-07-31T11:35:00Z,47,2.23,,,Provisional/Provisoire,,
05EA012,2026-07-31T11:40:00Z,47,2.23,,,Provisional/Provisoire,,
05EA012,2026-07-31T11:45:00Z,47,2.22,,,Provisional/Provisoire,,
05EA012,2026-07-31T11:50:00Z,47,2.23,,,Provisional/Provisoire,,
05EA012,2026-07-31T11:55:00Z,47,2.22,,,Provisional/Provisoire,,
05EA012,2026-07-31T12:00:00Z,47,2.21,,,Provisional/Provisoire,,
05EA012,2026-07-31T12:05:00Z,47,2.21,,,Provisional/Provisoire,,
05EA012,2026-07-31T12:10:00Z,47,2.22,,,Provisional/Provisoire,,
05EA012,2026-07-31T12:15:00Z,47,2.22,,,Provisional/Provisoire,,
05EA012,2026-07-31T12:20:00Z,47,2.22,,,Provisional/Provisoire,,
05EA012,2026-07-31T12:25:00Z,47,2.21,,,Provisional/Provisoire,,
05EA012,2026-07-31T12:30:00Z,47,2.19,,,Provisional/Provisoire,,
05EA012,2026-07-31T12:35:00Z,47,2.20,,,Provisional/Provisoire,,
05EA012,2026-07-31T12:40:00Z,47,2.20,,,Provisional/Provisoire,,
05EA012,2026-07-31T12:45:00Z,47,2.20,,,Provisional/Provisoire,,
05EA012,2026-07-31T12:50:00Z,47,2.20,,,Provisional/Provisoire,,
05EA012,2026-07-31T12:55:00Z,47,2.20,,,Provisional/Provisoire,,
05EA012,2026-07-31T13:00:00Z,47,2.20,,,Provisional/Provisoire,,
05EA012,2026-07-31T13:05:00Z,47,2.19,,,Provisional/Provisoire,,
05EA012,2026-07-31T13:10:00Z,47,2.20,,,Provisional/Provisoire,,
05EA012,2026-07-31T13:15:00Z,47,2.18,,,Provisional/Provisoire,,
05EA012,2026-07-31T13:20:00Z,47,2.18,,,Provisional/Provisoire,,
05EA012,2026-07-31T13:25:00Z,47,2.19,,,Provisional/Provisoire,,
05EA012,2026-07-31T13:30:00Z,47,2.18,,,Provisional/Provisoire,,
05EA012,2026-07-31T13:35:00Z,47,2.19,,,Provisional/Provisoire,,
05EA012,2026-07-31T13:40:00Z,47,2.18,,,Provisional/Provisoire,,
05EA012,2026-07-31T13:45:00Z,47,2.18,,,Provisional/Provisoire,,
05EA012,2026-07-31T13:50:00Z,47,2.18,,,Provisional/Provisoire,,
05EA012,2026-07-31T13:55:00Z,47,2.18,,,Provisional/Provisoire,,
05EA012,2026-07-31T14:00:00Z,47,2.18,,,Provisional/Provisoire,,
05EA012,2026-07-31T14:05:00Z,47,2.17,,,Provisional/Provisoire,,
05EA012,2026-07-31T14:10:00Z,47,2.18,,,Provisional/Provisoire,,
05EA012,2026-07-31T14:15:00Z,47,2.17,,,Provisional/Provisoire,,
05EA012,2026-07-31T14:20:00Z,47,2.17,,,Provisional/Provisoire,,
05EA012,2026-07-31T14:25:00Z,47,2.17,,,Provisional/Provisoire,,
05EA012,2026-07-31T14:30:00Z,47,2.16,,,Provisional/Provisoire,,
05EA012,2026-07-31T14:35:00Z,47,2.16,,,Provisional/Provisoire,,
05EA012,2026-07-31T14:40:00Z,47,2.17,,,Provisional/Provisoire,,
05EA012,2026-07-31T14:45:00Z,47,2.16,,,Provisional/Provisoire,,
05EA012,2026-07-31T14:50:00Z,47,2.16,,,Provisional/Provisoire,,
05EA012,2026-07-31T14:55:00Z,47,2.15,,,Provisional/Provisoire,,
05EA012,2026-07-31T15:00:00Z,47,2.16,,,Provisional/Provisoire,,
05EA012,2026-07-31T15:05:00Z,47,2.15,,,Provisional/Provisoire,,
05EA012,2026-07-31T15:10:00Z,47,2.16,,,Provisional/Provisoire,,
05EA012,2026-07-31T15:15:00Z,47,2.16,,,Provisional/Provisoire,,
05EA012,2026-07-31T15:20:00Z,47,2.16,,,Provisional/Provisoire,,
05EA012,2026-07-31T15:25:00Z,47,2.16,,,Provisional/Provisoire,,
05EA012,2026-07-31T15:30:00Z,47,2.16,,,Provisional/Provisoire,,
05EA012,2026-07-31T15:35:00Z,47,2.16,,,Provisional/Provisoire,,
05EA012,2026-07-31T15:40:00Z,47,2.16,,,Provisional/Provisoire,,
05EA012,2026-07-31T15:45:00Z,47,2.16,,,Provisional/Provisoire,,
05EA012,2026-07-31T15:50:00Z,47,2.14,,,Provisional/Provisoire,,
05EA012,2026-07-31T15:55:00Z,47,2.15,,,Provisional/Provisoire,,
05EA012,2026-07-31T16:00:00Z,47,2.15,,,Provisional/Provisoire,,
05EA012,2026-07-31T16:05:00Z,47,2.15,,,Provisional/Provisoire,,
05EA012,2026-07-31T16:10:00Z,47,2.15,,,Provisional/Provisoire,,
05EA012,2026-07-31T16:15:00Z,47,2.14,,,Provisional/Provisoire,,
05EA012,2026-07-31T16:20:00Z,47,2.15,,,Provisional/Provisoire,,
05EA012,2026-07-31T16:25:00Z,47,2.15,,,Provisional/Provisoire,,
05EA012,2026-07-31T16:30:00Z,47,2.14,,,Provisional/Provisoire,,
05EA012,2026-07-31T16:35:00Z,47,2.14,,,Provisional/Provisoire,,
05EA012,2026-07-31T16:40:00Z,47,2.14,,,Provisional/Provisoire,,
05EA012,2026-07-31T16:45:00Z,47,2.14,,,Provisional/Provisoire,,
05EA012,2026-07-31T16:50:00Z,47,2.14,,,Provisional/Provisoire,,
05EA012,2026-07-31T16:55:00Z,47,2.13,,,Provisional/Provisoire,,
05EA012,2026-07-31T17:00:00Z,47,2.14,,,Provisional/Provisoire,,
05EA012,2026-07-31T17:05:00Z,47,2.13,,,Provisional/Provisoire,,
05EA012,2026-07-31T17:10:00Z,47,2.13,,,Provisional/Provisoire,,
05EA012,2026-07-31T17:15:00Z,47,2.13,,,Provisional/Provisoire,,
05EA012,2026-07-31T17:20:00Z,47,2.13,,,Provisional/Provisoire,,
05EA012,2026-07-31T17:25:00Z,47,2.13,,,Provisional/Provisoire,,
05EA012,2026-07-31T17:30:00Z,47,2.13,,,Provisional/Provisoire,,
05EA012,2026-07-31T17:35:00Z,47,2.13,,,Provisional/Provisoire,,
05EA012,2026-07-31T17:40:00Z,47,2.12,,,Provisional/Provisoire,,
05EA012,2026-07-31T17:45:00Z,47,2.12,,,Provisional/Provisoire,,
05EA012,2026-07-31T17:50:00Z,47,2.13,,,Provisional/Provisoire,,
05EA012,2026-07-31T17:55:00Z,47,2.10,,,Provisional/Provisoire,,
05EA012,2026-07-31T18:00:00Z,47,2.12,,,Provisional/Provisoire,,
05EA012,2026-07-31T18:05:00Z,47,2.12,,,Provisional/Provisoire,,
05EA012,2026-07-31T18:10:00Z,47,2.11,,,Provisional/Provisoire,,
05EA012,2026-07-31T18:15:00Z,47,2.12,,,Provisional/Provisoire,,
05EA012,2026-07-31T18:20:00Z,47,2.12,,,Provisional/Provisoire,,
05EA012,2026-07-31T18:25:00Z,47,2.11,,,Provisional/Provisoire,,
05EA012,2026-07-31T18:30:00Z,47,2.10,,,Provisional/Provisoire,,
05EA012,2026-07-31T18:35:00Z,47,2.12,,,Provisional/Provisoire,,
05EA012,2026-07-31T18:40:00Z,47,2.11,,,Provisional/Provisoire,,
05EA012,2026-07-31T18:45:00Z,47,2.10,,,Provisional/Provisoire,,
05EA012,2026-07-31T18:50:00Z,47,2.10,,,Provisional/Provisoire,,
05EA012,2026-07-31T18:55:00Z,47,2.11,,,Provisional/Provisoire,,
05EA012,2026-07-31T19:00:00Z,47,2.10,,,Provisional/Provisoire,,
05EA012,2026-07-31T19:05:00Z,47,2.10,,,Provisional/Provisoire,,
05EA012,2026-07-31T19:10:00Z,47,2.09,,,Provisional/Provisoire,,
05EA012,2026-07-31T19:15:00Z,47,2.11,,,Provisional/Provisoire,,
05EA012,2026-07-31T19:20:00Z,47,2.10,,,Provisional/Provisoire,,
05EA012,2026-07-31T19:25:00Z,47,2.10,,,Provisional/Provisoire,,
05EA012,2026-07-31T19:30:00Z,47,2.10,,,Provisional/Provisoire,,
05EA012,2026-07-31T19:35:00Z,47,2.09,,,Provisional/Provisoire,,
05EA012,2026-07-31T19:40:00Z,47,2.09,,,Provisional/Provisoire,,
05EA012,2026-07-31T19:45:00Z,47,2.09,,,Provisional/Provisoire,,
05EA012,2026-07-31T19:50:00Z,47,2.09,,,Provisional/Provisoire,,
05EA012,2026-07-31T19:55:00Z,47,2.09,,,Provisional/Provisoire,,
05EA012,2026-07-31T20:00:00Z,47,2.10,,,Provisional/Provisoire,,
05EA012,2026-07-31T20:05:00Z,47,2.08,,,Provisional/Provisoire,,
05EA012,2026-07-31T20:10:00Z,47,2.09,,,Provisional/Provisoire,,
05EA012,2026-07-31T20:15:00Z,47,2.09,,,Provisional/Provisoire,,
05EA012,2026-07-31T20:20:00Z,47,2.09,,,Provisional/Provisoire,,
05EA012,2026-07-31T20:25:00Z,47,2.09,,,Provisional/Provisoire,,
05EA012,2026-07-31T20:30:00Z,47,2.09,,,Provisional/Provisoire,,
05EA012,2026-07-31T20:35:00Z,47,2.09,,,Provisional/Provisoire,,
05EA012,2026-07-31T20:40:00Z,47,2.08,,,Provisional/Provisoire,,
05EA012,2026-07-31T20:45:00Z,47,2.08,,,Provisional/Provisoire,,
05EA012,2026-07-31T20:50:00Z,47,2.08,,,Provisional/Provisoire,,
05EA012,2026-07-31T20:55:00Z,47,2.08,,,Provisional/Provisoire,,
05EA012,2026-07-31T21:00:00Z,47,2.08,,,Provisional/Provisoire,,
05EA012,2026-07-31T21:05:00Z,47,2.08,,,Provisional/Provisoire,,
05EA012,2026-07-31T21:10:00Z,47,2.09,,,Provisional/Provisoire,,
05EA012,2026-07-31T21:15:00Z,47,2.08,,,Provisional/Provisoire,,
05EA012,2026-07-31T21:20:00Z,47,2.08,,,Provisional/Provisoire,,
05EA012,2026-07-31T21:25:00Z,47,2.08,,,Provisional/Provisoire,,
05EA012,2026-07-31T21:30:00Z,47,2.08,,,Provisional/Provisoire,,
05EA012,2026-07-31T21:35:00Z,47,2.08,,,Provisional/Provisoire,,
05EA012,2026-07-31T21:40:00Z,47,2.08,,,Provisional/Provisoire,,
05EA012,2026-07-31T21:45:00Z,47,2.07,,,Provisional/Provisoire,,
05EA012,2026-07-31T21:50:00Z,47,2.08,,,Provisional/Provisoire,,
05EA012,2026-07-31T21:55:00Z,47,2.08,,,Provisional/Provisoire,,
05EA012,2026-07-31T22:00:00Z,47,2.08,,,Provisional/Provisoire,,
05EA012,2026-07-31T22:05:00Z,47,2.08,,,Provisional/Provisoire,,
05EA012,2026-07-31T22:10:00Z,47,2.08,,,Provisional/Provisoire,,
05EA012,2026-07-31T22:15:00Z,47,2.06,,,Provisional/Provisoire,,
05EA012,2026-07-31T22:20:00Z,47,2.08,,,Provisional/Provisoire,,
05EA012,2026-07-31T22:25:00Z,47,2.07,,,Provisional/Provisoire,,
05EA012,2026-07-31T22:30:00Z,47,2.08,,,Provisional/Provisoire,,
05EA012,2026-07-31T22:35:00Z,47,2.08,,,Provisional/Provisoire,,
05EA012,2026-07-31T22:40:00Z,47,2.07,,,Provisional/Provisoire,,
05EA012,2026-07-31T22:45:00Z,47,2.08,,,Provisional/Provisoire,,
05EA012,2026-07-31T22:50:00Z,47,2.07,,,Provisional/Provisoire,,
05EA012,2026-07-31T22:55:00Z,47,2.06,,,Provisional/Provisoire,,
05EA012,2026-07-31T23:00:00Z,47,2.06,,,Provisional/Provisoire,,
05EA012,2026-07-31T23:05:00Z,47,2.06,,,Provisional/Provisoire,,
05EA012,2026-07-31T23:10:00Z,47,2.06,,,Provisional/Provisoire,,
05EA012,2026-07-31T23:15:00Z,47,2.06,,,Provisional/Provisoire,,
05EA012,2026-07-31T23:20:00Z,47,2.06,,,Provisional/Provisoire,,
05EA012,2026-07-31T23:25:00Z,47,2.06,,,Provisional/Provisoire,,
05EA012,2026-07-31T23:30:00Z,47,2.06,,,Provisional/Provisoire,,
05EA012,2026-07-31T23:35:00Z,47,2.06,,,Provisional/Provisoire,,
05EA012,2026-07-31T23:40:00Z,47,2.06,,,Provisional/Provisoire,,
05EA012,2026-07-31T23:45:00Z,47,2.05,,,Provisional/Provisoire,,
05EA012,2026-07-31T23:50:00Z,47,2.06,,,Provisional/Provisoire,,
05EA012,2026-07-31T23:55:00Z,47,2.05,,,Provisional/Provisoire,,
05EA012,2026-08-01T00:00:00Z,47,2.06,,,Provisional/Provisoire,,
05EA012,2026-08-01T00:05:00Z,47,2.05,,,Provisional/Provisoire,,
05EA012,2026-08-01T00:10:00Z,47,2.06,,,Provisional/Provisoire,,
05EA012,2026-08-01T00:15:00Z,47,2.05,,,Provisional/Provisoire,,
05EA012,2026-08-01T00:20:00Z,47,2.05,,,Provisional/Provisoire,,
05EA012,2026-08-01T00:25:00Z,47,2.05,,,Provisional/Provisoire,,
05EA012,2026-08-01T00:30:00Z,47,2.05,,,Provisional/Provisoire,,
05EA012,2026-08-01T00:35:00Z,47,2.05,,,Provisional/Provisoire,,
05EA012,2026-08-01T00:40:00Z,47,2.05,,,Provisional/Provisoire,,
05EA012,2026-08-01T00:45:00Z,47,2.05,,,Provisional/Provisoire,,
05EA012,2026-08-01T00:50:00Z,47,2.05,,,Provisional/Provisoire,,
05EA012,2026-08-01T00:55:00Z,47,2.04,,,Provisional/Provisoire,,
05EA012,2026-08-01T01:00:00Z,47,2.05,,,Provisional/Provisoire,,
05EA012,2026-08-01T01:05:00Z,47,2.05,,,Provisional/Provisoire,,
05EA012,2026-08-01T01:10:00Z,47,2.04,,,Provisional/Provisoire,,
05EA012,2026-08-01T01:15:00Z,47,2.05,,,Provisional/Provisoire,,
05EA012,2026-08-01T01:20:00Z,47,2.04,,,Provisional/Provisoire,,
05EA012,2026-08-01T01:25:00Z,47,2.03,,,Provisional/Provisoire,,
05EA012,2026-08-01T01:30:00Z,47,2.04,,,Provisional/Provisoire,,
05EA012,2026-08-01T01:35:00Z,47,2.04,,,Provisional/Provisoire,,
05EA012,2026-08-01T01:40:00Z,47,2.04,,,Provisional/Provisoire,,
05EA012,2026-08-01T01:45:00Z,47,2.04,,,Provisional/Provisoire,,
05EA012,2026-08-01T01:50:00Z,47,2.03,,,Provisional/Provisoire,,
05EA012,2026-08-01T01:55:00Z,47,2.03,,,Provisional/Provisoire,,
05EA012,2026-08-01T02:00:00Z,47,2.03,,,Provisional/Provisoire,,
05EA012,2026-08-01T02:05:00Z,47,2.04,,,Provisional/Provisoire,,
05EA012,2026-08-01T02:10:00Z,47,2.03,,,Provisional/Provisoire,,
05EA012,2026-08-01T02:15:00Z,47,2.03,,,Provisional/Provisoire,,
05EA012,2026-08-01T02:20:00Z,47,2.03,,,Provisional/Provisoire,,
05EA012,2026-08-01T02:25:00Z,47,2.02,,,Provisional/Provisoire,,
05EA012,2026-08-01T02:30:00Z,47,2.02,,,Provisional/Provisoire,,
05EA012,2026-08-01T02:35:00Z,47,2.02,,,Provisional/Provisoire,,
05EA012,2026-08-01T02:40:00Z,47,2.02,,,Provisional/Provisoire,,
05EA012,2026-08-01T02:45:00Z,47,2.03,,,Provisional/Provisoire,,
05EA012,2026-08-01T02:50:00Z,47,2.01,,,Provisional/Provisoire,,
05EA012,2026-08-01T02:55:00Z,47,2.02,,,Provisional/Provisoire,,
05EA012,2026-08-01T03:00:00Z,47,2.02,,,Provisional/Provisoire,,
05EA012,2026-08-01T03:05:00Z,47,2.01,,,Provisional/Provisoire,,
05EA012,2026-08-01T03:10:00Z,47,2.02,,,Provisional/Provisoire,,
05EA012,2026-08-01T03:15:00Z,47,2.01,,,Provisional/Provisoire,,
05EA012,2026-08-01T03:20:00Z,47,2.01,,,Provisional/Provisoire,,
05EA012,2026-08-01T03:25:00Z,47,2.01,,,Provisional/Provisoire,,
05EA012,2026-08-01T03:30:00Z,47,2.01,,,Provisional/Provisoire,,
05EA012,2026-08-01T03:35:00Z,47,2.00,,,Provisional/Provisoire,,
05EA012,2026-08-01T03:40:00Z,47,2.01,,,Provisional/Provisoire,,
05EA012,2026-08-01T03:45:00Z,47,2.01,,,Provisional/Provisoire,,
05EA012,2026-08-01T03:50:00Z,47,2.00,,,Provisional/Provisoire,,
05EA012,2026-08-01T03:55:00Z,47,2.00,,,Provisional/Provisoire,,
05EA012,2026-08-01T04:00:00Z,47,2.00,,,Provisional/Provisoire,,
05EA012,2026-08-01T04:05:00Z,47,2.00,,,Provisional/Provisoire,,
05EA012,2026-08-01T04:10:00Z,47,2.00,,,Provisional/Provisoire,,
05EA012,2026-08-01T04:15:00Z,47,1.99,,,Provisional/Provisoire,,
05EA012,2026-08-01T04:20:00Z,47,2.00,,,Provisional/Provisoire,,
05EA012,2026-08-01T04:25:00Z,47,1.99,,,Provisional/Provisoire,,
05EA012,2026-08-01T04:30:00Z,47,2.00,,,Provisional/Provisoire,,
05EA012,2026-08-01T04:35:00Z,47,2.00,,,Provisional/Provisoire,,
05EA012,2026-08-01T04:40:00Z,47,2.00,,,Provisional/Provisoire,,
05EA012,2026-08-01T04:45:00Z,47,1.99,,,Provisional/Provisoire,,
05EA012,2026-08-01T04:50:00Z,47,2.00,,,Provisional/Provisoire,,
05EA012,2026-08-01T04:55:00Z,47,2.00,,,Provisional/Provisoire,,
05EA012,2026-08-01T05:00:00Z,47,1.99,,,Provisional/Provisoire,,
05EA012,2026-08-01T05:05:00Z,47,1.99,,,Provisional/Provisoire,,
05EA012,2026-08-01T05:10:00Z,47,1.99,,,Provisional/Provisoire,,
05EA012,2026-08-01T05:15:00Z,47,2.00,,,Provisional/Provisoire,,
05EA012,2026-08-01T05:20:00Z,47,1.99,,,Provisional/Provisoire,,
05EA012,2026-08-01T05:25:00Z,47,1.99,,,Provisional/Provisoire,,
05EA012,2026-08-01T05:30:00Z,47,1.99,,,Provisional/Provisoire,,
05EA012,2026-08-01T05:35:00Z,47,1.99,,,Provisional/Provisoire,,
05EA012,2026-08-01T05:40:00Z,47,1.99,,,Provisional/Provisoire,,
05EA012,2026-08-01T05:45:00Z,47,1.99,,,Provisional/Provisoire,,
05EA012,2026-08-01T05:50:00Z,47,1.99,,,Provisional/Provisoire,,
05EA012,2026-08-01T05:55:00Z,47,1.99,,,Provisional/Provisoire,,
05EA012,2026-08-01T06:00:00Z,47,1.99,,,Provisional/Provisoire,,
05EA012,2026-08-01T06:05:00Z,47,1.99,,,Provisional/Provisoire,,
05EA012,2026-08-01T06:10:00Z,47,1.99,,,Provisional/Provisoire,,
05EA012,2026-08-01T06:15:00Z,47,1.99,,,Provisional/Provisoire,,
05EA012,2026-08-01T06:20:00Z,47,1.99,,,Provisional/Provisoire,,
05EA012,2026-08-01T06:25:00Z,47,1.99,,,Provisional/Provisoire,,
05EA012,2026-08-01T06:30:00Z,47,1.99,,,Provisional/Provisoire,,
05EA012,2026-08-01T06:35:00Z,47,1.99,,,Provisional/Provisoire,,
05EA012,2026-08-01T06:40:00Z,47,1.99,,,Provisional/Provisoire,,
05EA012,2026-08-01T06:45:00Z,47,1.98,,,Provisional/Provisoire,,
05EA012,2026-08-01T06:50:00Z,47,1.98,,,Provisional/Provisoire,,
05EA012,2026-08-01T06:55:00Z,47,1.99,,,Provisional/Provisoire,,
05EA012,2026-08-01T07:00:00Z,47,1.98,,,Provisional/Provisoire,,
05EA012,2026-08-01T07:05:00Z,47,1.99,,,Provisional/Provisoire,,
05EA012,2026-08-01T07:10:00Z,47,1.98,,,Provisional/Provisoire,,
05EA012,2026-08-01T07:15:00Z,47,1.99,,,Provisional/Provisoire,,
05EA012,2026-08-01T07:20:00Z,47,1.98,,,Provisional/Provisoire,,
05EA012,2026-08-01T07:25:00Z,47,1.98,,,Provisional/Provisoire,,
05EA012,2026-08-01T07:30:00Z,47,1.99,,,Provisional/Provisoire,,
05EA012,2026-08-01T07:35:00Z,47,1.98,,,Provisional/Provisoire,,
05EA012,2026-08-01T07:40:00Z,47,1.99,,,Provisional/Provisoire,,
05EA012,2026-08-01T07:45:00Z,47,1.99,,,Provisional/Provisoire,,
05EA012,2026-08-01T07:50:00Z,47,1.98,,,Provisional/Provisoire,,
05EA012,2026-08-01T07:55:00Z,47,1.98,,,Provisional/Provisoire,,
05EA012,2026-08-01T08:00:00Z,47,1.99,,,Provisional/Provisoire,,
05EA012,2026-08-01T08:05:00Z,47,1.99,,,Provisional/Provisoire,,
05EA012,2026-08-01T08:10:00Z,47,1.99,,,Provisional/Provisoire,,
05EA012,2026-08-01T08:15:00Z,47,1.99,,,Provisional/Provisoire,,
05EA012,2026-08-01T08:20:00Z,47,1.98,,,Provisional/Provisoire,,
05EA012,2026-08-01T08:25:00Z,47,1.98,,,Provisional/Provisoire,,
05EA012,2026-08-01T08:30:00Z,47,1.98,,,Provisional/Provisoire,,
05EA012,2026-08-01T08:35:00Z,47,1.97,,,Provisional/Provisoire,,
05EA012,2026-08-01T08:40:00Z,47,1.98,,,Provisional/Provisoire,,
05EA012,2026-08-01T08:45:00Z,47,1.98,,,Provisional/Provisoire,,
05EA012,2026-08-01T08:50:00Z,47,1.97,,,Provisional/Provisoire,,
05EA012,2026-08-01T08:55:00Z,47,1.98,,,Provisional/Provisoire,,
05EA012,2026-08-01T09:00:00Z,47,1.97,,,Provisional/Provisoire,,
05EA012,2026-08-01T09:05:00Z,47,1.97,,,Provisional/Provisoire,,
05EA012,2026-08-01T09:10:00Z,47,1.97,,,Provisional/Provisoire,,
05EA012,2026-08-01T09:15:00Z,47,1.97,,,Provisional/Provisoire,,
05EA012,2026-08-01T09:20:00Z,47,1.97,,,Provisional/Provisoire,,
05EA012,2026-08-01T09:25:00Z,47,1.97,,,Provisional/Provisoire,,
05EA012,2026-08-01T09:30:00Z,47,1.97,,,Provisional/Provisoire,,
05EA012,2026-08-01T09:35:00Z,47,1.97,,,Provisional/Provisoire,,
05EA012,2026-08-01T09:40:00Z,47,1.97,,,Provisional/Provisoire,,
05EA012,2026-08-01T09:45:00Z,47,1.96,,,Provisional/Provisoire,,
05EA012,2026-08-01T09:50:00Z,47,1.97,,,Provisional/Provisoire,,
05EA012,2026-08-01T09:55:00Z,47,1.96,,,Provisional/Provisoire,,
05EA012,2026-08-01T10:00:00Z,47,1.96,,,Provisional/Provisoire,,
05EA012,2026-08-01T10:05:00Z,47,1.96,,,Provisional/Provisoire,,
05EA012,2026-08-01T10:10:00Z,47,1.97,,,Provisional/Provisoire,,
05EA012,2026-08-01T10:15:00Z,47,1.96,,,Provisional/Provisoire,,
05EA012,2026-08-01T10:20:00Z,47,1.96,,,Provisional/Provisoire,,
05EA012,2026-08-01T10:25:00Z,47,1.96,,,Provisional/Provisoire,,
05EA012,2026-08-01T10:30:00Z,47,1.96,,,Provisional/Provisoire,,
05EA012,2026-08-01T10:35:00Z,47,1.95,,,Provisional/Provisoire,,
05EA012,2026-08-01T10:40:00Z,47,1.95,,,Provisional/Provisoire,,
05EA012,2026-08-01T10:45:00Z,47,1.96,,,Provisional/Provisoire,,
05EA012,2026-08-01T10:50:00Z,47,1.96,,,Provisional/Provisoire,,
05EA012,2026-08-01T10:55:00Z,47,1.96,,,Provisional/Provisoire,,
05EA012,2026-08-01T11:00:00Z,47,1.95,,,Provisional/Provisoire,,
05EA012,2026-08-01T11:05:00Z,47,1.95,,,Provisional/Provisoire,,
05EA012,2026-08-01T11:10:00Z,47,1.96,,,Provisional/Provisoire,,
05EA012,2026-08-01T11:15:00Z,47,1.95,,,Provisional/Provisoire,,
05EA012,2026-08-01T11:20:00Z,47,1.96,,,Provisional/Provisoire,,
05EA012,2026-08-01T11:25:00Z,47,1.95,,,Provisional/Provisoire,,
05EA012,2026-08-01T11:30:00Z,47,1.94,,,Provisional/Provisoire,,
05EA012,2026-08-01T11:35:00Z,47,1.95,,,Provisional/Provisoire,,
05EA012,2026-08-01T11:40:00Z,47,1.95,,,Provisional/Provisoire,,
05EA012,2026-08-01T11:45:00Z,47,1.95,,,Provisional/Provisoire,,
05EA012,2026-08-01T11:50:00Z,47,1.94,,,Provisional/Provisoire,,
05EA012,2026-08-01T11:55:00Z,47,1.95,,,Provisional/Provisoire,,
05EA012,2026-08-01T12:00:00Z,47,1.94,,,Provisional/Provisoire,,
05EA012,2026-08-01T12:05:00Z,47,1.93,,,Provisional/Provisoire,,
05EA012,2026-08-01T12:10:00Z,47,1.94,,,Provisional/Provisoire,,
05EA012,2026-08-01T12:15:00Z,47,1.94,,,Provisional/Provisoire,,
05EA012,2026-08-01T12:20:00Z,47,1.93,,,Provisional/Provisoire,,
05EA012,2026-08-01T12:25:00Z,47,1.93,,,Provisional/Provisoire,,
05EA012,2026-08-01T12:30:00Z,47,1.94,,,Provisional/Provisoire,,
05EA012,2026-08-01T12:35:00Z,47,1.93,,,Provisional/Provisoire,,
05EA012,2026-08-01T12:40:00Z,47,1.93,,,Provisional/Provisoire,,
05EA012,2026-08-01T12:45:00Z,47,1.93,,,Provisional/Provisoire,,
05EA012,2026-08-01T12:50:00Z,47,1.93,,,Provisional/Provisoire,,
05EA012,2026-08-01T12:55:00Z,47,1.93,,,Provisional/Provisoire,,
05EA012,2026-08-01T13:00:00Z,47,1.93,,,Provisional/Provisoire,,
05EA012,2026-08-01T13:05:00Z,47,1.93,,,Provisional/Provisoire,,
05EA012,2026-08-01T13:10:00Z,47,1.93,,,Provisional/Provisoire,,
05EA012,2026-08-01T13:15:00Z,47,1.93,,,Provisional/Provisoire,,
05EA012,2026-08-01T13:20:00Z,47,1.92,,,Provisional/Provisoire,,
05EA012,2026-08-01T13:25:00Z,47,1.92,,,Provisional/Provisoire,,
05EA012,2026-08-01T13:30:00Z,47,1.92,,,Provisional/Provisoire,,
05EA012,2026-08-01T13:35:00Z,47,1.93,,,Provisional/Provisoire,,
05EA012,2026-08-01T13:40:00Z,47,1.93,,,Provisional/Provisoire,,
05EA012,2026-08-01T13:45:00Z,47,1.93,,,Provisional/Provisoire,,
05EA012,2026-08-01T13:50:00Z,47,1.93,,,Provisional/Provisoire,,
05EA012,2026-08-01T13:55:00Z,47,1.92,,,Provisional/Provisoire,,
05EA012,2026-08-01T14:00:00Z,47,1.92,,,Provisional/Provisoire,,
05EA012,2026-08-01T14:05:00Z,47,1.92,,,Provisional/Provisoire,,
05EA012,2026-08-01T14:10:00Z,47,1.92,,,Provisional/Provisoire,,
05EA012,2026-08-01T14:15:00Z,47,1.92,,,Provisional/Provisoire,,
05EA012,2026-08-01T14:20:00Z,47,1.92,,,Provisional/Provisoire,,
05EA012,2026-08-01T14:25:00Z,47,1.92,,,Provisional/Provisoire,,
05EA012,2026-08-01T14:30:00Z,47,1.91,,,Provisional/Provisoire,,
05EA012,2026-08-01T14:35:00Z,47,1.92,,,Provisional/Provisoire,,
05EA012,2026-08-01T14:40:00Z,47,1.91,,,Provisional/Provisoire,,
05EA012,2026-08-01T14:45:00Z,47,1.91,,,Provisional/Provisoire,,
05EA012,2026-08-01T14:50:00Z,47,1.91,,,Provisional/Provisoire,,
05EA012,2026-08-01T14:55:00Z,47,1.91,,,Provisional/Provisoire,,
05EA012,2026-08-01T15:00:00Z,47,1.91,,,Provisional/Provisoire,,
05EA012,2026-08-01T15:05:00Z,47,1.92,,,Provisional/Provisoire,,
05EA012,2026-08-01T15:10:00Z,47,1.91,,,Provisional/Provisoire,,
05EA012,2026-08-01T15:15:00Z,47,1.91,,,Provisional/Provisoire,,
05EA012,2026-08-01T15:20:00Z,47,1.91,,,Provisional/Provisoire,,
05EA012,2026-08-01T15:25:00Z,47,1.91,,,Provisional/Provisoire,,
05EA012,2026-08-01T15:30:00Z,47,1.91,,,Provisional/Provisoire,,
05EA012,2026-08-01T15:35:00Z,47,1.91,,,Provisional/Provisoire,,
05EA012,2026-08-01T15:40:00Z,47,1.91,,,Provisional/Provisoire,,
05EA012,2026-08-01T15:45:00Z,47,1.91,,,Provisional/Provisoire,,
05EA012,2026-08-01T15:50:00Z,47,1.90,,,Provisional/Provisoire,,
05EA012,2026-08-01T15:55:00Z,47,1.90,,,Provisional/Provisoire,,
05EA012,2026-08-01T16:00:00Z,47,1.90,,,Provisional/Provisoire,,
05EA012,2026-08-01T16:05:00Z,47,1.90,,,Provisional/Provisoire,,
05EA012,2026-08-01T16:10:00Z,47,1.91,,,Provisional/Provisoire,,
05EA012,2026-08-01T16:15:00Z,47,1.91,,,Provisional/Provisoire,,
05EA012,2026-08-01T16:20:00Z,47,1.90,,,Provisional/Provisoire,,
05EA012,2026-08-01T16:25:00Z,47,1.90,,,Provisional/Provisoire,,
05EA012,2026-08-01T16:30:00Z,47,1.91,,,Provisional/Provisoire,,
05EA012,2026-08-01T16:35:00Z,47,1.90,,,Provisional/Provisoire,,
05EA012,2026-08-01T16:40:00Z,47,1.90,,,Provisional/Provisoire,,
05EA012,2026-08-01T16:45:00Z,47,1.90,,,Provisional/Provisoire,,
05EA012,2026-08-01T16:50:00Z,47,1.90,,,Provisional/Provisoire,,
05EA012,2026-08-01T16:55:00Z,47,1.90,,,Provisional/Provisoire,,
05EA012,2026-08-01T17:00:00Z,47,1.90,,,Provisional/Provisoire,,
05EA012,2026-08-01T17:05:00Z,47,1.89,,,Provisional/Provisoire,,
05EA012,2026-08-01T17:10:00Z,47,1.90,,,Provisional/Provisoire,,
05EA012,2026-08-01T17:15:00Z,47,1.90,,,Provisional/Provisoire,,
05EA012,2026-08-01T17:20:00Z,47,1.89,,,Provisional/Provisoire,,
05EA012,2026-08-01T17:25:00Z,47,1.90,,,Provisional/Provisoire,,
05EA012,2026-08-01T17:30:00Z,47,1.89,,,Provisional/Provisoire,,
05EA012,2026-08-01T17:35:00Z,47,1.89,,,Provisional/Provisoire,,
05EA012,2026-08-01T17:40:00Z,47,1.89,,,Provisional/Provisoire,,
05EA012,2026-08-01T17:45:00Z,47,1.89,,,Provisional/Provisoire,,
05EA012,2026-08-01T17:50:00Z,47,1.89,,,Provisional/Provisoire,,
05EA012,2026-08-01T17:55:00Z,47,1.89,,,Provisional/Provisoire,,
05EA012,2026-08-01T18:00:00Z,47,1.89,,,Provisional/Provisoire,,
05EA012,2026-08-01T18:05:00Z,47,1.89,,,Provisional/Provisoire,,
05EA012,2026-08-01T18:10:00Z,47,1.89,,,Provisional/Provisoire,,
05EA012,2026-08-01T18:15:00Z,47,1.88,,,Provisional/Provisoire,,
05EA012,2026-08-01T18:20:00Z,47,1.89,,,Provisional/Provisoire,,
05EA012,2026-08-01T18:25:00Z,47,1.88,,,Provisional/Provisoire,,
05EA012,2026-08-01T18:30:00Z,47,1.88,,,Provisional/Provisoire,,
05EA012,2026-08-01T18:35:00Z,47,1.88,,,Provisional/Provisoire,,
05EA012,2026-08-01T18:40:00Z,47,1.88,,,Provisional/Provisoire,,
05EA012,2026-08-01T18:45:00Z,47,1.88,,,Provisional/Provisoire,,
05EA012,2026-08-01T18:50:00Z,47,1.89,,,Provisional/Provisoire,,
05EA012,2026-08-01T18:55:00Z,47,1.88,,,Provisional/Provisoire,,
05EA012,2026-08-01T19:00:00Z,47,1.89,,,Provisional/Provisoire,,
05EA012,2026-08-01T19:05:00Z,47,1.88,,,Provisional/Provisoire,,
05EA012,2026-08-01T19:10:00Z,47,1.88,,,Provisional/Provisoire,,
05EA012,2026-08-01T19:15:00Z,47,1.88,,,Provisional/Provisoire,,
05EA012,2026-08-01T19:20:00Z,47,1.88,,,Provisional/Provisoire,,
05EA012,2026-08-01T19:25:00Z,47,1.88,,,Provisional/Provisoire,,
05EA012,2026-08-01T19:30:00Z,47,1.88,,,Provisional/Provisoire,,
05EA012,2026-08-01T19:35:00Z,47,1.88,,,Provisional/Provisoire,,
05EA012,2026-08-01T19:40:00Z,47,1.88,,,Provisional/Provisoire,,
05EA012,2026-08-01T19:45:00Z,47,1.88,,,Provisional/Provisoire,,
05EA012,2026-08-01T19:50:00Z,47,1.88,,,Provisional/Provisoire,,
05EA012,2026-08-01T19:55:00Z,47,1.88,,,Provisional/Provisoire,,
05EA012,2026-08-01T20:00:00Z,47,1.88,,,Provisional/Provisoire,,
05EA012,2026-08-01T20:05:00Z,47,1.88,,,Provisional/Provisoire,,
05EA012,2026-08-01T20:10:00Z,47,1.88,,,Provisional/Provisoire,,
05EA012,2026-08-01T20:15:00Z,47,1.88,,,Provisional/Provisoire,,
05EA012,2026-08-01T20:20:00Z,47,1.88,,,Provisional/Provisoire,,
05EA012,2026-08-01T20:25:00Z,47,1.88,,,Provisional/Provisoire,,
05EA012,2026-08-01T20:30:00Z,47,1.88,,,Provisional/Provisoire,,
05EA012,2026-08-01T20:35:00Z,47,1.88,,,Provisional/Provisoire,,
05EA012,2026-08-01T20:40:00Z,47,1.88,,,Provisional/Provisoire,,
05EA012,2026-08-01T20:45:00Z,47,1.88,,,Provisional/Provisoire,,
05EA012,2026-08-01T20:50:00Z,47,1.88,,,Provisional/Provisoire,,
05EA012,2026-08-01T20:55:00Z,47,1.88,,,Provisional/Provisoire,,
05EA012,2026-08-01T21:00:00Z,47,1.87,,,Provisional/Provisoire,,
05EA012,2026-08-01T21:05:00Z,47,1.87,,,Provisional/Provisoire,,
05EA012,2026-08-01T21:10:00Z,47,1.88,,,Provisional/Provisoire,,
05EA012,2026-08-01T21:15:00Z,47,1.88,,,Provisional/Provisoire,,
05EA012,2026-08-01T21:20:00Z,47,1.88,,,Provisional/Provisoire,,
05EA012,2026-08-01T21:25:00Z,47,1.87,,,Provisional/Provisoire,,
05EA012,2026-08-01T21:30:00Z,47,1.88,,,Provisional/Provisoire,,
05EA012,2026-08-01T21:35:00Z,47,1.87,,,Provisional/Provisoire,,
05EA012,2026-08-01T21:40:00Z,47,1.88,,,Provisional/Provisoire,,
05EA012,2026-08-01T21:45:00Z,47,1.88,,,Provisional/Provisoire,,
05EA012,2026-08-01T21:50:00Z,47,1.87,,,Provisional/Provisoire,,
05EA012,2026-08-01T21:55:00Z,47,1.87,,,Provisional/Provisoire,,
05EA012,2026-08-01T22:00:00Z,47,1.88,,,Provisional/Provisoire,,
05EA012,2026-08-01T22:05:00Z,47,1.87,,,Provisional/Provisoire,,
05EA012,2026-08-01T22:10:00Z,47,1.87,,,Provisional/Provisoire,,
05EA012,2026-08-01T22:15:00Z,47,1.87,,,Provisional/Provisoire,,
05EA012,2026-08-01T22:20:00Z,47,1.88,,,Provisional/Provisoire,,
05EA012,2026-08-01T22:25:00Z,47,1.87,,,Provisional/Provisoire,,
05EA012,2026-08-01T22:30:00Z,47,1.87,,,Provisional/Provisoire,,
05EA012,2026-08-01T22:35:00Z,47,1.87,,,Provisional/Provisoire,,
05EA012,2026-08-01T22:40:00Z,47,1.88,,,Provisional/Provisoire,,
05EA012,2026-08-01T22:45:00Z,47,1.88,,,Provisional/Provisoire,,
05EA012,2026-08-01T22:50:00Z,47,1.87,,,Provisional/Provisoire,,
05EA012,2026-08-01T22:55:00Z,47,1.87,,,Provisional/Provisoire,,
05EA012,2026-08-01T23:00:00Z,47,1.87,,,Provisional/Provisoire,,
05EA012,2026-08-01T23:05:00Z,47,1.87,,,Provisional/Provisoire,,
05EA012,2026-08-01T23:10:00Z,47,1.87,,,Provisional/Provisoire,,
05EA012,2026-08-01T23:15:00Z,47,1.87,,,Provisional/Provisoire,,
05EA012,2026-08-01T23:20:00Z,47,1.87,,,Provisional/Provisoire,,
05EA012,2026-08-01T23:25:00Z,47,1.87,,,Provisional/Provisoire,,
05EA012,2026-08-01T23:30:00Z,47,1.87,,,Provisional/Provisoire,,
05EA012,2026-08-01T23:35:00Z,47,1.87,,,Provisional/Provisoire,,
05EA012,2026-08-01T23:40:00Z,47,1.88,,,Provisional/Provisoire,,
05EA012,2026-08-01T23:45:00Z,47,1.87,,,Provisional/Provisoire,,
05EA012,2026-08-01T23:50:00Z,47,1.87,,,Provisional/Provisoire,,
05EA012,2026-08-01T23:55:00Z,47,1.88,,,Provisional/Provisoire,,
05EA012,2026-08-02T00:00:00Z,47,1.87,,,Provisional/Provisoire,,
05EA012,2026-08-02T00:05:00Z,47,1.87,,,Provisional/Provisoire,,
05EA012,2026-08-02T00:10:00Z,47,1.87,,,Provisional/Provisoire,,
05EA012,2026-08-02T00:15:00Z,47,1.87,,,Provisional/Provisoire,,
05EA012,2026-08-02T00:20:00Z,47,1.88,,,Provisional/Provisoire,,
05EA012,2026-08-02T00:25:00Z,47,1.88,,,Provisional/Provisoire,,
05EA012,2026-08-02T00:30:00Z,47,1.87,,,Provisional/Provisoire,,
05EA012,2026-08-02T00:35:00Z,47,1.87,,,Provisional/Provisoire,,
05EA012,2026-08-02T00:40:00Z,47,1.87,,,Provisional/Provisoire,,
05EA012,2026-08-02T00:45:00Z,47,1.86,,,Provisional/Provisoire,,
05EA012,2026-08-02T00:50:00Z,47,1.87,,,Provisional/Provisoire,,
05EA012,2026-08-02T00:55:00Z,47,1.86,,,Provisional/Provisoire,,
05EA012,2026-08-02T01:00:00Z,47,1.87,,,Provisional/Provisoire,,
05EA012,2026-08-02T01:05:00Z,47,1.87,,,Provisional/Provisoire,,
05EA012,2026-08-02T01:10:00Z,47,1.87,,,Provisional/Provisoire,,
05EA012,2026-08-02T01:15:00Z,47,1.86,,,Provisional/Provisoire,,
05EA012,2026-08-02T01:20:00Z,47,1.87,,,Provisional/Provisoire,,
05EA012,2026-08-02T01:25:00Z,47,1.86,,,Provisional/Provisoire,,
05EA012,2026-08-02T01:30:00Z,47,1.87,,,Provisional/Provisoire,,
05EA012,2026-08-02T01:35:00Z,47,1.87,,,Provisional/Provisoire,,
05EA012,2026-08-02T01:40:00Z,47,1.86,,,Provisional/Provisoire,,
05EA012,2026-08-02T01:45:00Z,47,1.86,,,Provisional/Provisoire,,
05EA012,2026-08-02T01:50:00Z,47,1.86,,,Provisional/Provisoire,,
05EA012,2026-08-02T01:55:00Z,47,1.87,,,Provisional/Provisoire,,
05EA012,2026-08-02T02:00:00Z,47,1.87,,,Provisional/Provisoire,,
05EA012,2026-08-02T02:05:00Z,47,1.87,,,Provisional/Provisoire,,
05EA012,2026-08-02T02:10:00Z,47,1.87,,,Provisional/Provisoire,,
05EA012,2026-08-02T02:15:00Z,47,1.86,,,Provisional/Provisoire,,
05EA012,2026-08-02T02:20:00Z,47,1.86,,,Provisional/Provisoire,,
05EA012,2026-08-02T02:25:00Z,47,1.86,,,Provisional/Provisoire,,
05EA012,2026-08-02T02:30:00Z,47,1.86,,,Provisional/Provisoire,,
05EA012,2026-08-02T02:35:00Z,47,1.86,,,Provisional/Provisoire,,
05EA012,2026-08-02T02:40:00Z,47,1.87,,,Provisional/Provisoire,,
05EA012,2026-08-02T02:45:00Z,47,1.86,,,Provisional/Provisoire,,
05EA012,2026-08-02T02:50:00Z,47,1.86,,,Provisional/Provisoire,,
05EA012,2026-08-02T02:55:00Z,47,1.86,,,Provisional/Provisoire,,
05EA012,2026-08-02T03:00:00Z,47,1.86,,,Provisional/Provisoire,,
05EA012,2026-08-02T03:05:00Z,47,1.86,,,Provisional/Provisoire,,
05EA012,2026-08-02T03:10:00Z,47,1.86,,,Provisional/Provisoire,,
05EA012,2026-08-02T03:15:00Z,47,1.86,,,Provisional/Provisoire,,
05EA012,2026-08-02T03:20:00Z,47,1.86,,,Provisional/Provisoire,,
05EA012,2026-08-02T03:25:00Z,47,1.86,,,Provisional/Provisoire,,
05EA012,2026-08-02T03:30:00Z,47,1.86,,,Provisional/Provisoire,,
05EA012,2026-08-02T03:35:00Z,47,1.85,,,Provisional/Provisoire,,
05EA012,2026-08-02T03:40:00Z,47,1.86,,,Provisional/Provisoire,,
05EA012,2026-08-02T03:45:00Z,47,1.85,,,Provisional/Provisoire,,
05EA012,2026-08-02T03:50:00Z,47,1.86,,,Provisional/Provisoire,,
05EA012,2026-08-02T03:55:00Z,47,1.86,,,Provisional/Provisoire,,
05EA012,2026-08-02T04:00:00Z,47,1.86,,,Provisional/Provisoire,,
05EA012,2026-08-02T04:05:00Z,47,1.85,,,Provisional/Provisoire,,
05EA012,2026-08-02T04:10:00Z,47,1.86,,,Provisional/Provisoire,,
05EA012,2026-08-02T04:15:00Z,47,1.85,,,Provisional/Provisoire,,
05EA012,2026-08-02T04:20:00Z,47,1.86,,,Provisional/Provisoire,,
05EA012,2026-08-02T04:25:00Z,47,1.86,,,Provisional/Provisoire,,
05EA012,2026-08-02T04:30:00Z,47,1.86,,,Provisional/Provisoire,,
05EA012,2026-08-02T04:35:00Z,47,1.86,,,Provisional/Provisoire,,
05EA012,2026-08-02T04:40:00Z,47,1.86,,,Provisional/Provisoire,,
05EA012,2026-08-02T04:45:00Z,47,1.86,,,Provisional/Provisoire,,
05EA012,2026-08-02T04:50:00Z,47,1.86,,,Provisional/Provisoire,,
05EA012,2026-08-02T04:55:00Z,47,1.85,,,Provisional/Provisoire,,
05EA012,2026-08-02T05:00:00Z,47,1.85,,,Provisional/Provisoire,,
05EA012,2026-08-02T05:05:00Z,47,1.86,,,Provisional/Provisoire,,
05EA012,2026-08-02T05:10:00Z,47,1.86,,,Provisional/Provisoire,,
05EA012,2026-08-02T05:15:00Z,47,1.85,,,Provisional/Provisoire,,
05EA012,2026-08-02T05:20:00Z,47,1.85,,,Provisional/Provisoire,,
05EA012,2026-08-02T05:25:00Z,47,1.85,,,Provisional/Provisoire,,
05EA012,2026-08-02T05:30:00Z,47,1.85,,,Provisional/Provisoire,,
05EA012,2026-08-02T05:35:00Z,47,1.86,,,Provisional/Provisoire,,
05EA012,2026-08-02T05:40:00Z,47,1.85,,,Provisional/Provisoire,,
05EA012,2026-08-02T05:45:00Z,47,1.85,,,Provisional/Provisoire,,
05EA012,2026-08-02T05:50:00Z,47,1.85,,,Provisional/Provisoire,,
05EA012,2026-08-02T05:55:00Z,47,1.86,,,Provisional/Provisoire,,
05EA012,2026-08-02T06:00:00Z,47,1.86,,,Provisional/Provisoire,,
05EA012,2026-08-02T06:05:00Z,47,1.85,,,Provisional/Provisoire,,
05EA012,2026-08-02T06:10:00Z,47,1.85,,,Provisional/Provisoire,,
05EA012,2026-08-02T06:15:00Z,47,1.86,,,Provisional/Provisoire,,
05EA012,2026-08-02T06:20:00Z,47,1.85,,,Provisional/Provisoire,,
05EA012,2026-08-02T06:25:00Z,47,1.86,,,Provisional/Provisoire,,
05EA012,2026-08-02T06:30:00Z,47,1.85,,,Provisional/Provisoire,,
05EA012,2026-08-02T06:35:00Z,47,1.85,,,Provisional/Provisoire,,
05EA012,2026-08-02T06:40:00Z,47,1.85,,,Provisional/Provisoire,,
05EA012,2026-08-02T06:45:00Z,47,1.86,,,Provisional/Provisoire,,
05EA012,2026-08-02T06:50:00Z,47,1.86,,,Provisional/Provisoire,,
05EA012,2026-08-02T06:55:00Z,47,1.86,,,Provisional/Provisoire,,
05EA012,2026-08-02T07:00:00Z,47,1.85,,,Provisional/Provisoire,,
05EA012,2026-08-02T07:05:00Z,47,1.85,,,Provisional/Provisoire,,
05EA012,2026-08-02T07:10:00Z,47,1.85,,,Provisional/Provisoire,,
05EA012,2026-08-02T07:15:00Z,47,1.86,,,Provisional/Provisoire,,
05EA012,2026-08-02T07:20:00Z,47,1.86,,,Provisional/Provisoire,,
05EA012,2026-08-02T07:25:00Z,47,1.86,,,Provisional/Provisoire,,
05EA012,2026-08-02T07:30:00Z,47,1.86,,,Provisional/Provisoire,,
05EA012,2026-08-02T07:35:00Z,47,1.86,,,Provisional/Provisoire,,
05EA012,2026-08-02T07:40:00Z,47,1.85,,,Provisional/Provisoire,,
05EA012,2026-08-02T07:45:00Z,47,1.85,,,Provisional/Provisoire,,
05EA012,2026-08-02T07:50:00Z,47,1.85,,,Provisional/Provisoire,,
05EA012,2026-08-02T07:55:00Z,47,1.86,,,Provisional/Provisoire,,
05EA012,2026-08-02T08:00:00Z,47,1.85,,,Provisional/Provisoire,,
05EA012,2026-08-02T08:05:00Z,47,1.85,,,Provisional/Provisoire,,
05EA012,2026-08-02T08:10:00Z,47,1.85,,,Provisional/Provisoire,,
05EA012,2026-08-02T08:15:00Z,47,1.86,,,Provisional/Provisoire,,
05EA012,2026-08-02T08:20:00Z,47,1.85,,,Provisional/Provisoire,,
05EA012,2026-08-02T08:25:00Z,47,1.85,,,Provisional/Provisoire,,
05EA012,2026-08-02T08:30:00Z,47,1.85,,,Provisional/Provisoire,,
05EA012,2026-08-02T08:35:00Z,47,1.85,,,Provisional/Provisoire,,
05EA012,2026-08-02T08:40:00Z,47,1.85,,,Provisional/Provisoire,,
05EA012,2026-08-02T08:45:00Z,47,1.85,,,Provisional/Provisoire,,
05EA012,2026-08-02T08:50:00Z,47,1.85,,,Provisional/Provisoire,,
05EA012,2026-08-02T08:55:00Z,47,1.85,,,Provisional/Provisoire,,
05EA012,2026-08-02T09:00:00Z,47,1.85,,,Provisional/Provisoire,,
05EA012,2026-08-02T09:05:00Z,47,1.85,,,Provisional/Provisoire,,
05EA012,2026-08-02T09:10:00Z,47,1.85,,,Provisional/Provisoire,,
05EA012,2026-08-02T09:15:00Z,47,1.85,,,Provisional/Provisoire,,
05EA012,2026-08-02T09:20:00Z,47,1.85,,,Provisional/Provisoire,,
05EA012,2026-08-02T09:25:00Z,47,1.85,,,Provisional/Provisoire,,
05EA012,2026-08-02T09:30:00Z,47,1.85,,,Provisional/Provisoire,,
05EA012,2026-08-02T09:35:00Z,47,1.85,,,Provisional/Provisoire,,
05EA012,2026-08-02T09:40:00Z,47,1.84,,,Provisional/Provisoire,,
05EA012,2026-08-02T09:45:00Z,47,1.85,,,Provisional/Provisoire,,
05EA012,2026-08-02T09:50:00Z,47,1.84,,,Provisional/Provisoire,,
05EA012,2026-08-02T09:55:00Z,47,1.85,,,Provisional/Provisoire,,
05EA012,2026-08-02T10:00:00Z,47,1.84,,,Provisional/Provisoire,,
05EA012,2026-08-02T10:05:00Z,47,1.84,,,Provisional/Provisoire,,
05EA012,2026-08-02T10:10:00Z,47,1.84,,,Provisional/Provisoire,,
05EA012,2026-08-02T10:15:00Z,47,1.85,,,Provisional/Provisoire,,
05EA012,2026-08-02T10:20:00Z,47,1.85,,,Provisional/Provisoire,,
05EA012,2026-08-02T10:25:00Z,47,1.84,,,Provisional/Provisoire,,
05EA012,2026-08-02T10:30:00Z,47,1.84,,,Provisional/Provisoire,,
05EA012,2026-08-02T10:35:00Z,47,1.84,,,Provisional/Provisoire,,
05EA012,2026-08-02T10:40:00Z,47,1.84,,,Provisional/Provisoire,,
05EA012,2026-08-02T10:45:00Z,47,1.84,,,Provisional/Provisoire,,
05EA012,2026-08-02T10:50:00Z,47,1.85,,,Provisional/Provisoire,,
05EA012,2026-08-02T10:55:00Z,47,1.84,,,Provisional/Provisoire,,
05EA012,2026-08-02T11:00:00Z,47,1.84,,,Provisional/Provisoire,,
05EA012,2026-08-02T11:05:00Z,47,1.85,,,Provisional/Provisoire,,
05EA012,2026-08-02T11:10:00Z,47,1.84,,,Provisional/Provisoire,,
05EA012,2026-08-02T11:15:00Z,47,1.84,,,Provisional/Provisoire,,
05EA012,2026-08-02T11:20:00Z,47,1.84,,,Provisional/Provisoire,,
05EA012,2026-08-02T11:25:00Z,47,1.84,,,Provisional/Provisoire,,
05EA012,2026-08-02T11:30:00Z,47,1.83,,,Provisional/Provisoire,,
05EA012,2026-08-02T11:35:00Z,47,1.84,,,Provisional/Provisoire,,
05EA012,2026-08-02T11:40:00Z,47,1.84,,,Provisional/Provisoire,,
05EA012,2026-08-02T11:45:00Z,47,1.84,,,Provisional/Provisoire,,
05EA012,2026-08-02T11:50:00Z,47,1.84,,,Provisional/Provisoire,,
05EA012,2026-08-02T11:55:00Z,47,1.84,,,Provisional/Provisoire,,
05EA012,2026-08-02T12:00:00Z,47,1.83,,,Provisional/Provisoire,,
05EA012,2026-08-02T12:05:00Z,47,1.83,,,Provisional/Provisoire,,
05EA012,2026-08-02T12:10:00Z,47,1.83,,,Provisional/Provisoire,,
05EA012,2026-08-02T12:15:00Z,47,1.83,,,Provisional/Provisoire,,
05EA012,2026-08-02T12:20:00Z,47,1.83,,,Provisional/Provisoire,,
05EA012,2026-08-02T12:25:00Z,47,1.83,,,Provisional/Provisoire,,
05EA012,2026-08-02T12:30:00Z,47,1.84,,,Provisional/Provisoire,,
05EA012,2026-08-02T12:35:00Z,47,1.83,,,Provisional/Provisoire,,
05EA012,2026-08-02T12:40:00Z,47,1.83,,,Provisional/Provisoire,,
05EA012,2026-08-02T12:45:00Z,47,1.84,,,Provisional/Provisoire,,
05EA012,2026-08-02T12:50:00Z,47,1.83,,,Provisional/Provisoire,,
05EA012,2026-08-02T12:55:00Z,47,1.83,,,Provisional/Provisoire,,
05EA012,2026-08-02T13:00:00Z,47,1.83,,,Provisional/Provisoire,,
05EA012,2026-08-02T13:05:00Z,47,1.83,,,Provisional/Provisoire,,
05EA012,2026-08-02T13:10:00Z,47,1.83,,,Provisional/Provisoire,,
05EA012,2026-08-02T13:15:00Z,47,1.84,,,Provisional/Provisoire,,
05EA012,2026-08-02T13:20:00Z,47,1.83,,,Provisional/Provisoire,,
05EA012,2026-08-02T13:25:00Z,47,1.83,,,Provisional/Provisoire,,
05EA012,2026-08-02T13:30:00Z,47,1.83,,,Provisional/Provisoire,,
05EA012,2026-08-02T13:35:00Z,47,1.83,,,Provisional/Provisoire,,
05EA012,2026-08-02T13:40:00Z,47,1.83,,,Provisional/Provisoire,,
05EA012,2026-08-02T13:45:00Z,47,1.83,,,Provisional/Provisoire,,
05EA012,2026-08-02T13:50:00Z,47,1.83,,,Provisional/Provisoire,,
05EA012,2026-08-02T13:55:00Z,47,1.83,,,Provisional/Provisoire,,
05EA012,2026-08-02T14:00:00Z,47,1.83,,,Provisional/Provisoire,,
05EA012,2026-08-02T14:05:00Z,47,1.83,,,Provisional/Provisoire,,
05EA012,2026-08-02T14:10:00Z,47,1.83,,,Provisional/Provisoire,,
05EA012,2026-08-02T14:15:00Z,47,1.83,,,Provisional/Provisoire,,
05EA012,2026-08-02T14:20:00Z,47,1.83,,,Provisional/Provisoire,,
05EA012,2026-08-02T14:25:00Z,47,1.83,,,Provisional/Provisoire,,
05EA012,2026-08-02T14:30:00Z,47,1.83,,,Provisional/Provisoire,,
05EA012,2026-08-02T14:35:00Z,47,1.82,,,Provisional/Provisoire,,
05EA012,2026-08-02T14:40:00Z,47,1.83,,,Provisional/Provisoire,,
05EA012,2026-08-02T14:45:00Z,47,1.83,,,Provisional/Provisoire,,
05EA012,2026-08-02T14:50:00Z,47,1.83,,,Provisional/Provisoire,,
05EA012,2026-08-02T14:55:00Z,47,1.83,,,Provisional/Provisoire,,
05EA012,2026-08-02T15:00:00Z,47,1.83,,,Provisional/Provisoire,,
05EA012,2026-08-02T15:05:00Z,47,1.83,,,Provisional/Provisoire,,
05EA012,2026-08-02T15:10:00Z,47,1.83,,,Provisional/Provisoire,,
05EA012,2026-08-02T15:15:00Z,47,1.83,,,Provisional/Provisoire,,
05EA012,2026-08-02T15:20:00Z,47,1.82,,,Provisional/Provisoire,,
05EA012,2026-08-02T15:25:00Z,47,1.83,,,Provisional/Provisoire,,
05EA012,2026-08-02T15:30:00Z,47,1.83,,,Provisional/Provisoire,,
05EA012,2026-08-02T15:35:00Z,47,1.82,,,Provisional/Provisoire,,
05EA012,2026-08-02T15:40:00Z,47,1.82,,,Provisional/Provisoire,,
05EA012,2026-08-02T15:45:00Z,47,1.83,,,Provisional/Provisoire,,
05EA012,2026-08-02T15:50:00Z,47,1.83,,,Provisional/Provisoire,,
05EA012,2026-08-02T15:55:00Z,47,1.83,,,Provisional/Provisoire,,
05EA012,2026-08-02T16:00:00Z,47,1.83,,,Provisional/Provisoire,,
05EA012,2026-08-02T16:05:00Z,47,1.83,,,Provisional/Provisoire,,
05EA012,2026-08-02T16:10:00Z,47,1.83,,,Provisional/Provisoire,,
05EA012,2026-08-02T16:15:00Z,47,1.84,,,Provisional/Provisoire,,
05EA012,2026-08-02T16:20:00Z,47,1.83,,,Provisional/Provisoire,,
05EA012,2026-08-02T16:25:00Z,47,1.84,,,Provisional/Provisoire,,
05EA012,2026-08-02T16:30:00Z,47,1.83,,,Provisional/Provisoire,,
05EA012,2026-08-02T16:35:00Z,47,1.84,,,Provisional/Provisoire,,
05EA012,2026-08-02T16:40:00Z,47,1.83,,,Provisional/Provisoire,,
05EA012,2026-08-02T16:45:00Z,47,1.83,,,Provisional/Provisoire,,
05EA012,2026-08-02T16:50:00Z,47,1.83,,,Provisional/Provisoire,,
05EA012,2026-08-02T16:55:00Z,47,1.83,,,Provisional/Provisoire,,
05EA012,2026-08-02T17:00:00Z,47,1.83,,,Provisional/Provisoire,,
05EA012,2026-08-02T17:05:00Z,47,1.84,,,Provisional/Provisoire,,
05EA012,2026-08-02T17:10:00Z,47,1.83,,,Provisional/Provisoire,,
05EA012,2026-08-02T17:15:00Z,47,1.83,,,Provisional/Provisoire,,
05EA012,2026-08-02T17:20:00Z,47,1.84,,,Provisional/Provisoire,,
05EA012,2026-08-02T17:25:00Z,47,1.85,,,Provisional/Provisoire,,
05EA012,2026-08-02T17:30:00Z,47,1.83,,,Provisional/Provisoire,,
05EA012,2026-08-02T17:35:00Z,47,1.83,,,Provisional/Provisoire,,
05EA012,2026-08-02T17:40:00Z,47,1.83,,,Provisional/Provisoire,,
05EA012,2026-08-02T17:45:00Z,47,1.83,,,Provisional/Provisoire,,
05EA012,2026-08-02T17:50:00Z,47,1.83,,,Provisional/Provisoire,,
05EA012,2026-08-02T17:55:00Z,47,1.83,,,Provisional/Provisoire,,
05EA012,2026-08-02T18:00:00Z,47,1.82,,,Provisional/Provisoire,,
05EA012,2026-08-02T18:05:00Z,47,1.83,,,Provisional/Provisoire,,
05EA012,2026-08-02T18:10:00Z,47,1.82,,,Provisional/Provisoire,,
05EA012,2026-08-02T18:15:00Z,47,1.82,,,Provisional/Provisoire,,
05EA012,2026-08-02T18:20:00Z,47,1.83,,,Provisional/Provisoire,,
05EA012,2026-08-02T18:25:00Z,47,1.83,,,Provisional/Provisoire,,
05EA012,2026-08-02T18:30:00Z,47,1.82,,,Provisional/Provisoire,,
05EA012,2026-08-02T18:35:00Z,47,1.83,,,Provisional/Provisoire,,
05EA012,2026-08-02T18:40:00Z,47,1.82,,,Provisional/Provisoire,,
05EA012,2026-08-02T18:45:00Z,47,1.83,,,Provisional/Provisoire,,
05EA012,2026-08-02T18:50:00Z,47,1.82,,,Provisional/Provisoire,,
05EA012,2026-08-02T18:55:00Z,47,1.82,,,Provisional/Provisoire,,
05EA012,2026-08-02T19:00:00Z,47,1.83,,,Provisional/Provisoire,,
05EA012,2026-08-02T19:05:00Z,47,1.82,,,Provisional/Provisoire,,
05EA012,2026-08-02T19:10:00Z,47,1.83,,,Provisional/Provisoire,,
05EA012,2026-08-02T19:15:00Z,47,1.82,,,Provisional/Provisoire,,
05EA012,2026-08-02T19:20:00Z,47,1.83,,,Provisional/Provisoire,,
05EA012,2026-08-02T19:25:00Z,47,1.83,,,Provisional/Provisoire,,
05EA012,2026-08-02T19:30:00Z,47,1.83,,,Provisional/Provisoire,,
05EA012,2026-08-02T19:35:00Z,47,1.84,,,Provisional/Provisoire,,
05EA012,2026-08-02T19:40:00Z,47,1.84,,,Provisional/Provisoire,,
05EA012,2026-08-02T19:45:00Z,47,1.83,,,Provisional/Provisoire,,
05EA012,2026-08-02T19:50:00Z,47,1.83,,,Provisional/Provisoire,,
05EA012,2026-08-02T19:55:00Z,47,1.83,,,Provisional/Provisoire,,
05EA012,2026-08-02T20:00:00Z,47,1.84,,,Provisional/Provisoire,,
05EA012,2026-08-02T20:05:00Z,47,1.83,,,Provisional/Provisoire,,
05EA012,2026-08-02T20:10:00Z,47,1.83,,,Provisional/Provisoire,,
05EA012,2026-08-02T20:15:00Z,47,1.83,,,Provisional/Provisoire,,
05EA012,2026-08-02T20:20:00Z,47,1.83,,,Provisional/Provisoire,,
05EA012,2026-08-02T20:25:00Z,47,1.83,,,Provisional/Provisoire,,
05EA012,2026-08-02T20:30:00Z,47,1.83,,,Provisional/Provisoire,,
05EA012,2026-08-02T20:35:00Z,47,1.84,,,Provisional/Provisoire,,
05EA012,2026-08-02T20:40:00Z,47,1.83,,,Provisional/Provisoire,,
05EA012,2026-08-02T20:45:00Z,47,1.83,,,Provisional/Provisoire,,
05EA012,2026-08-02T20:50:00Z,47,1.83,,,Provisional/Provisoire,,
05EA012,2026-08-02T20:55:00Z,47,1.84,,,Provisional/Provisoire,,
05EA012,2026-08-02T21:00:00Z,47,1.84,,,Provisional/Provisoire,,
05EA012,2026-08-02T21:05:00Z,47,1.83,,,Provisional/Provisoire,,
05EA012,2026-08-02T21:10:00Z,47,1.83,,,Provisional/Provisoire,,
05EA012,2026-08-02T21:15:00Z,47,1.83,,,Provisional/Provisoire,,
05EA012,2026-08-02T21:20:00Z,47,1.83,,,Provisional/Provisoire,,
05EA012,2026-08-02T21:25:00Z,47,1.83,,,Provisional/Provisoire,,
05EA012,2026-08-02T21:30:00Z,47,1.83,,,Provisional/Provisoire,,
05EA012,2026-08-02T21:35:00Z,47,1.83,,,Provisional/Provisoire,,
05EA012,2026-08-02T21:40:00Z,47,1.83,,,Provisional/Provisoire,,
05EA012,2026-08-02T21:45:00Z,47,1.84,,,Provisional/Provisoire,,
05EA012,2026-08-02T21:50:00Z,47,1.83,,,Provisional/Provisoire,,
05EA012,2026-08-02T21:55:00Z,47,1.83,,,Provisional/Provisoire,,
05EA012,2026-08-02T22:00:00Z,47,1.83,,,Provisional/Provisoire,,
05EA012,2026-08-02T22:05:00Z,47,1.83,,,Provisional/Provisoire,,
05EA012,2026-08-02T22:10:00Z,47,1.83,,,Provisional/Provisoire,,
05EA012,2026-08-02T22:15:00Z,47,1.83,,,Provisional/Provisoire,,
05EA012,2026-08-02T22:20:00Z,47,1.83,,,Provisional/Provisoire,,
05EA012,2026-08-02T22:25:00Z,47,1.83,,,Provisional/Provisoire,,
05EA012,2026-08-02T22:30:00Z,47,1.83,,,Provisional/Provisoire,,
05EA012,2026-08-02T22:35:00Z,47,1.83,,,Provisional/Provisoire,,
05EA012,2026-08-02T22:40:00Z,47,1.83,,,Provisional/Provisoire,,
05EA012,2026-08-02T22:45:00Z,47,1.83,,,Provisional/Provisoire,,
05EA012,2026-08-02T22:50:00Z,47,1.83,,,Provisional/Provisoire,,
05EA012,2026-08-02T22:55:00Z,47,1.83,,,Provisional/Provisoire,,
05EA012,2026-08-02T23:00:00Z,47,1.83,,,Provisional/Provisoire,,
05EA012,2026-08-02T23:05:00Z,47,1.83,,,Provisional/Provisoire,,
05EA012,2026-08-02T23:10:00Z,47,1.83,,,Provisional/Provisoire,,
05EA012,2026-08-02T23:15:00Z,47,1.83,,,Provisional/Provisoire,,
05EA012,2026-08-02T23:20:00Z,47,1.84,,,Provisional/Provisoire,,
05EA012,2026-08-02T23:25:00Z,47,1.83,,,Provisional/Provisoire,,
05EA012,2026-08-02T23:30:00Z,47,1.83,,,Provisional/Provisoire,,
05EA012,2026-08-02T23:35:00Z,47,1.84,,,Provisional/Provisoire,,
05EA012,2026-08-02T23:40:00Z,47,1.83,,,Provisional/Provisoire,,
05EA012,2026-08-02T23:45:00Z,47,1.83,,,Provisional/Provisoire,,
05EA012,2026-08-02T23:50:00Z,47,1.83,,,Provisional/Provisoire,,
05EA012,2026-08-02T23:55:00Z,47,1.83,,,Provisional/Provisoire,,
05EA012,2026-08-03T00:00:00Z,47,1.83,,,Provisional/Provisoire,,
05EA012,2026-08-03T00:05:00Z,47,1.83,,,Provisional/Provisoire,,
05EA012,2026-08-03T00:10:00Z,47,1.83,,,Provisional/Provisoire,,
05EA012,2026-08-03T00:15:00Z,47,1.83,,,Provisional/Provisoire,,
05EA012,2026-08-03T00:20:00Z,47,1.84,,,Provisional/Provisoire,,
05EA012,2026-08-03T00:25:00Z,47,1.84,,,Provisional/Provisoire,,
05EA012,2026-08-03T00:30:00Z,47,1.83,,,Provisional/Provisoire,,
05EA012,2026-08-03T00:35:00Z,47,1.83,,,Provisional/Provisoire,,
05EA012,2026-08-03T00:40:00Z,47,1.83,,,Provisional/Provisoire,,
05EA012,2026-08-03T00:45:00Z,47,1.84,,,Provisional/Provisoire,,
05EA012,2026-08-03T00:50:00Z,47,1.83,,,Provisional/Provisoire,,
05EA012,2026-08-03T00:55:00Z,47,1.84,,,Provisional/Provisoire,,
05EA012,2026-08-03T01:00:00Z,47,1.84,,,Provisional/Provisoire,,
05EA012,2026-08-03T01:05:00Z,47,1.84,,,Provisional/Provisoire,,
05EA012,2026-08-03T01:10:00Z,47,1.84,,,Provisional/Provisoire,,
05EA012,2026-08-03T01:15:00Z,47,1.84,,,Provisional/Provisoire,,
05EA012,2026-08-03T01:20:00Z,47,1.84,,,Provisional/Provisoire,,
05EA012,2026-08-03T01:25:00Z,47,1.84,,,Provisional/Provisoire,,
05EA012,2026-08-03T01:30:00Z,47,1.84,,,Provisional/Provisoire,,
05EA012,2026-08-03T01:35:00Z,47,1.85,,,Provisional/Provisoire,,
05EA012,2026-08-03T01:40:00Z,47,1.84,,,Provisional/Provisoire,,
05EA012,2026-08-03T01:45:00Z,47,1.84,,,Provisional/Provisoire,,
05EA012,2026-08-03T01:50:00Z,47,1.85,,,Provisional/Provisoire,,
05EA012,2026-08-03T01:55:00Z,47,1.85,,,Provisional/Provisoire,,
05EA012,2026-08-03T02:00:00Z,47,1.85,,,Provisional/Provisoire,,
05EA012,2026-08-03T02:05:00Z,47,1.85,,,Provisional/Provisoire,,
05EA012,2026-08-03T02:10:00Z,47,1.85,,,Provisional/Provisoire,,
05EA012,2026-08-03T02:15:00Z,47,1.85,,,Provisional/Provisoire,,
05EA012,2026-08-03T02:20:00Z,47,1.86,,,Provisional/Provisoire,,
05EA012,2026-08-03T02:25:00Z,47,1.85,,,Provisional/Provisoire,,
05EA012,2026-08-03T02:30:00Z,47,1.86,,,Provisional/Provisoire,,
05EA012,2026-08-03T02:35:00Z,47,1.86,,,Provisional/Provisoire,,
05EA012,2026-08-03T02:40:00Z,47,1.85,,,Provisional/Provisoire,,
05EA012,2026-08-03T02:45:00Z,47,1.86,,,Provisional/Provisoire,,
05EA012,2026-08-03T02:50:00Z,47,1.86,,,Provisional/Provisoire,,
05EA012,2026-08-03T02:55:00Z,47,1.86,,,Provisional/Provisoire,,
05EA012,2026-08-03T03:00:00Z,47,1.87,,,Provisional/Provisoire,,
05EA012,2026-08-03T03:05:00Z,47,1.86,,,Provisional/Provisoire,,
05EA012,2026-08-03T03:10:00Z,47,1.86,,,Provisional/Provisoire,,
05EA012,2026-08-03T03:15:00Z,47,1.86,,,Provisional/Provisoire,,
05EA012,2026-08-03T03:20:00Z,47,1.88,,,Provisional/Provisoire,,
05EA012,2026-08-03T03:25:00Z,47,1.87,,,Provisional/Provisoire,,
05EA012,2026-08-03T03:30:00Z,47,1.87,,,Provisional/Provisoire,,
05EA012,2026-08-03T03:35:00Z,47,1.88,,,Provisional/Provisoire,,
05EA012,2026-08-03T03:40:00Z,47,1.88,,,Provisional/Provisoire,,
05EA012,2026-08-03T03:45:00Z,47,1.88,,,Provisional/Provisoire,,
05EA012,2026-08-03T03:50:00Z,47,1.88,,,Provisional/Provisoire,,
05EA012,2026-08-03T03:55:00Z,47,1.88,,,Provisional/Provisoire,,
05EA012,2026-08-03T04:00:00Z,47,1.90,,,Provisional/Provisoire,,
05EA012,2026-08-03T04:05:00Z,47,1.90,,,Provisional/Provisoire,,
05EA012,2026-08-03T04:10:00Z,47,1.90,,,Provisional/Provisoire,,
05EA012,2026-08-03T04:15:00Z,47,1.90,,,Provisional/Provisoire,,
05EA012,2026-08-03T04:20:00Z,47,1.90,,,Provisional/Provisoire,,
05EA012,2026-08-03T04:25:00Z,47,1.90,,,Provisional/Provisoire,,
05EA012,2026-08-03T04:30:00Z,47,1.90,,,Provisional/Provisoire,,
05EA012,2026-08-03T04:35:00Z,47,1.91,,,Provisional/Provisoire,,
05EA012,2026-08-03T04:40:00Z,47,1.90,,,Provisional/Provisoire,,
05EA012,2026-08-03T04:45:00Z,47,1.91,,,Provisional/Provisoire,,
05EA012,2026-08-03T04:50:00Z,47,1.91,,,Provisional/Provisoire,,
05EA012,2026-08-03T04:55:00Z,47,1.92,,,Provisional/Provisoire,,
05EA012,2026-08-03T05:00:00Z,47,1.92,,,Provisional/Provisoire,,
05EA012,2026-08-03T05:05:00Z,47,1.92,,,Provisional/Provisoire,,
05EA012,2026-08-03T05:10:00Z,47,1.93,,,Provisional/Provisoire,,
05EA012,2026-08-03T05:15:00Z,47,1.92,,,Provisional/Provisoire,,
05EA012,2026-08-03T05:20:00Z,47,1.93,,,Provisional/Provisoire,,
05EA012,2026-08-03T05:25:00Z,47,1.93,,,Provisional/Provisoire,,
05EA012,2026-08-03T05:30:00Z,47,1.94,,,Provisional/Provisoire,,
05EA012,2026-08-03T05:35:00Z,47,1.93,,,Provisional/Provisoire,,
05EA012,2026-08-03T05:40:00Z,47,1.94,,,Provisional/Provisoire,,
05EA012,2026-08-03T05:45:00Z,47,1.94,,,Provisional/Provisoire,,
05EA012,2026-08-03T05:50:00Z,47,1.95,,,Provisional/Provisoire,,
05EA012,2026-08-03T05:55:00Z,47,1.95,,,Provisional/Provisoire,,
05EA012,2026-08-03T06:00:00Z,47,1.95,,,Provisional/Provisoire,,
05EA012,2026-08-03T06:05:00Z,47,1.95,,,Provisional/Provisoire,,
05EA012,2026-08-03T06:10:00Z,47,1.96,,,Provisional/Provisoire,,
05EA012,2026-08-03T06:15:00Z,47,1.96,,,Provisional/Provisoire,,
05EA012,2026-08-03T06:20:00Z,47,1.96,,,Provisional/Provisoire,,
05EA012,2026-08-03T06:25:00Z,47,1.97,,,Provisional/Provisoire,,
05EA012,2026-08-03T06:30:00Z,47,1.97,,,Provisional/Provisoire,,
05EA012,2026-08-03T06:35:00Z,47,1.98,,,Provisional/Provisoire,,
05EA012,2026-08-03T06:40:00Z,47,1.97,,,Provisional/Provisoire,,
05EA012,2026-08-03T06:45:00Z,47,1.98,,,Provisional/Provisoire,,
05EA012,2026-08-03T06:50:00Z,47,1.98,,,Provisional/Provisoire,,
05EA012,2026-08-03T06:55:00Z,47,1.99,,,Provisional/Provisoire,,
05EA012,2026-08-03T07:00:00Z,47,1.99,,,Provisional/Provisoire,,
05EA012,2026-08-03T07:05:00Z,47,1.98,,,Provisional/Provisoire,,
05EA012,2026-08-03T07:10:00Z,47,1.99,,,Provisional/Provisoire,,
05EA012,2026-08-03T07:15:00Z,47,1.99,,,Provisional/Provisoire,,
05EA012,2026-08-03T07:20:00Z,47,2.00,,,Provisional/Provisoire,,
05EA012,2026-08-03T07:25:00Z,47,2.00,,,Provisional/Provisoire,,
05EA012,2026-08-03T07:30:00Z,47,2.01,,,Provisional/Provisoire,,
05EA012,2026-08-03T07:35:00Z,47,2.01,,,Provisional/Provisoire,,
05EA012,2026-08-03T07:40:00Z,47,2.01,,,Provisional/Provisoire,,
05EA012,2026-08-03T07:45:00Z,47,2.01,,,Provisional/Provisoire,,
05EA012,2026-08-03T07:50:00Z,47,2.01,,,Provisional/Provisoire,,
05EA012,2026-08-03T07:55:00Z,47,2.02,,,Provisional/Provisoire,,
05EA012,2026-08-03T08:00:00Z,47,2.02,,,Provisional/Provisoire,,
05EA012,2026-08-03T08:05:00Z,47,2.03,,,Provisional/Provisoire,,
05EA012,2026-08-03T08:10:00Z,47,2.02,,,Provisional/Provisoire,,
05EA012,2026-08-03T08:15:00Z,47,2.02,,,Provisional/Provisoire,,
05EA012,2026-08-03T08:20:00Z,47,2.03,,,Provisional/Provisoire,,
05EA012,2026-08-03T08:25:00Z,47,2.03,,,Provisional/Provisoire,,
05EA012,2026-08-03T08:30:00Z,47,2.04,,,Provisional/Provisoire,,
05EA012,2026-08-03T08:35:00Z,47,2.04,,,Provisional/Provisoire,,
05EA012,2026-08-03T08:40:00Z,47,2.04,,,Provisional/Provisoire,,
05EA012,2026-08-03T08:45:00Z,47,2.04,,,Provisional/Provisoire,,
05EA012,2026-08-03T08:50:00Z,47,2.05,,,Provisional/Provisoire,,
05EA012,2026-08-03T08:55:00Z,47,2.06,,,Provisional/Provisoire,,
05EA012,2026-08-03T09:00:00Z,47,2.06,,,Provisional/Provisoire,,
05EA012,2026-08-03T09:05:00Z,47,2.06,,,Provisional/Provisoire,,
05EA012,2026-08-03T09:10:00Z,47,2.06,,,Provisional/Provisoire,,
05EA012,2026-08-03T09:15:00Z,47,2.06,,,Provisional/Provisoire,,
05EA012,2026-08-03T09:20:00Z,47,2.07,,,Provisional/Provisoire,,
05EA012,2026-08-03T09:25:00Z,47,2.06,,,Provisional/Provisoire,,
05EA012,2026-08-03T09:30:00Z,47,2.07,,,Provisional/Provisoire,,
05EA012,2026-08-03T09:35:00Z,47,2.08,,,Provisional/Provisoire,,
05EA012,2026-08-03T09:40:00Z,47,2.08,,,Provisional/Provisoire,,
05EA012,2026-08-03T09:45:00Z,47,2.08,,,Provisional/Provisoire,,
05EA012,2026-08-03T09:50:00Z,47,2.08,,,Provisional/Provisoire,,
05EA012,2026-08-03T09:55:00Z,47,2.09,,,Provisional/Provisoire,,
05EA012,2026-08-03T10:00:00Z,47,2.09,,,Provisional/Provisoire,,
05EA012,2026-08-03T10:05:00Z,47,2.08,,,Provisional/Provisoire,,
05EA012,2026-08-03T10:10:00Z,47,2.09,,,Provisional/Provisoire,,
05EA012,2026-08-03T10:15:00Z,47,2.10,,,Provisional/Provisoire,,
05EA012,2026-08-03T10:20:00Z,47,2.10,,,Provisional/Provisoire,,
05EA012,2026-08-03T10:25:00Z,47,2.10,,,Provisional/Provisoire,,
05EA012,2026-08-03T10:30:00Z,47,2.10,,,Provisional/Provisoire,,
05EA012,2026-08-03T10:35:00Z,47,2.11,,,Provisional/Provisoire,,
05EA012,2026-08-03T10:40:00Z,47,2.10,,,Provisional/Provisoire,,
05EA012,2026-08-03T10:45:00Z,47,2.11,,,Provisional/Provisoire,,
05EA012,2026-08-03T10:50:00Z,47,2.12,,,Provisional/Provisoire,,
05EA012,2026-08-03T10:55:00Z,47,2.11,,,Provisional/Provisoire,,
05EA012,2026-08-03T11:00:00Z,47,2.12,,,Provisional/Provisoire,,
05EA012,2026-08-03T11:05:00Z,47,2.12,,,Provisional/Provisoire,,
05EA012,2026-08-03T11:10:00Z,47,2.13,,,Provisional/Provisoire,,
05EA012,2026-08-03T11:15:00Z,47,2.13,,,Provisional/Provisoire,,
05EA012,2026-08-03T11:20:00Z,47,2.13,,,Provisional/Provisoire,,
05EA012,2026-08-03T11:25:00Z,47,2.12,,,Provisional/Provisoire,,
05EA012,2026-08-03T11:30:00Z,47,2.13,,,Provisional/Provisoire,,
05EA012,2026-08-03T11:35:00Z,47,2.13,,,Provisional/Provisoire,,
05EA012,2026-08-03T11:40:00Z,47,2.14,,,Provisional/Provisoire,,
05EA012,2026-08-03T11:45:00Z,47,2.14,,,Provisional/Provisoire,,
05EA012,2026-08-03T11:50:00Z,47,2.13,,,Provisional/Provisoire,,
05EA012,2026-08-03T11:55:00Z,47,2.14,,,Provisional/Provisoire,,
05EA012,2026-08-03T12:00:00Z,47,2.14,,,Provisional/Provisoire,,
05EA012,2026-08-03T12:05:00Z,47,2.14,,,Provisional/Provisoire,,
05EA012,2026-08-03T12:10:00Z,47,2.14,,,Provisional/Provisoire,,
05EA012,2026-08-03T12:15:00Z,47,2.14,,,Provisional/Provisoire,,
05EA012,2026-08-03T12:20:00Z,47,2.15,,,Provisional/Provisoire,,
05EA012,2026-08-03T12:25:00Z,47,2.15,,,Provisional/Provisoire,,
05EA012,2026-08-03T12:30:00Z,47,2.15,,,Provisional/Provisoire,,
05EA012,2026-08-03T12:35:00Z,47,2.15,,,Provisional/Provisoire,,
05EA012,2026-08-03T12:40:00Z,47,2.15,,,Provisional/Provisoire,,
05EA012,2026-08-03T12:45:00Z,47,2.15,,,Provisional/Provisoire,,
05EA012,2026-08-03T12:50:00Z,47,2.16,,,Provisional/Provisoire,,
05EA012,2026-08-03T12:55:00Z,47,2.15,,,Provisional/Provisoire,,
05EA012,2026-08-03T13:00:00Z,47,2.15,,,Provisional/Provisoire,,
05EA012,2026-08-03T13:05:00Z,47,2.15,,,Provisional/Provisoire,,
05EA012,2026-08-03T13:10:00Z,47,2.15,,,Provisional/Provisoire,,
05EA012,2026-08-03T13:15:00Z,47,2.15,,,Provisional/Provisoire,,
05EA012,2026-08-03T13:20:00Z,47,2.16,,,Provisional/Provisoire,,
05EA012,2026-08-03T13:25:00Z,47,2.16,,,Provisional/Provisoire,,
05EA012,2026-08-03T13:30:00Z,47,2.15,,,Provisional/Provisoire,,
05EA012,2026-08-03T13:35:00Z,47,2.16,,,Provisional/Provisoire,,
05EA012,2026-08-03T13:40:00Z,47,2.16,,,Provisional/Provisoire,,
05EA012,2026-08-03T13:45:00Z,47,2.15,,,Provisional/Provisoire,,
05EA012,2026-08-03T13:50:00Z,47,2.16,,,Provisional/Provisoire,,
05EA012,2026-08-03T13:55:00Z,47,2.16,,,Provisional/Provisoire,,
05EA012,2026-08-03T14:00:00Z,47,2.15,,,Provisional/Provisoire,,
05EA012,2026-08-03T14:05:00Z,47,2.16,,,Provisional/Provisoire,,
05EA012,2026-08-03T14:10:00Z,47,2.16,,,Provisional/Provisoire,,
05EA012,2026-08-03T14:15:00Z,47,2.16,,,Provisional/Provisoire,,
05EA012,2026-08-03T14:20:00Z,47,2.15,,,Provisional/Provisoire,,
05EA012,2026-08-03T14:25:00Z,47,2.16,,,Provisional/Provisoire,,
05EA012,2026-08-03T14:30:00Z,47,2.16,,,Provisional/Provisoire,,
05EA012,2026-08-03T14:35:00Z,47,2.15,,,Provisional/Provisoire,,
05EA012,2026-08-03T14:40:00Z,47,2.16,,,Provisional/Provisoire,,
05EA012,2026-08-03T14:45:00Z,47,2.15,,,Provisional/Provisoire,,
05EA012,2026-08-03T14:50:00Z,47,2.15,,,Provisional/Provisoire,,
05EA012,2026-08-03T14:55:00Z,47,2.15,,,Provisional/Provisoire,,
05EA012,2026-08-03T15:00:00Z,47,2.16,,,Provisional/Provisoire,,
05EA012,2026-08-03T15:05:00Z,47,2.15,,,Provisional/Provisoire,,
05EA012,2026-08-03T15:10:00Z,47,2.15,,,Provisional/Provisoire,,
05EA012,2026-08-03T15:15:00Z,47,2.14,,,Provisional/Provisoire,,
05EA012,2026-08-03T15:20:00Z,47,2.16,,,Provisional/Provisoire,,
05EA012,2026-08-03T15:25:00Z,47,2.15,,,Provisional/Provisoire,,
05EA012,2026-08-03T15:30:00Z,47,2.16,,,Provisional/Provisoire,,
05EA012,2026-08-03T15:35:00Z,47,2.15,,,Provisional/Provisoire,,
05EA012,2026-08-03T15:40:00Z,47,2.15,,,Provisional/Provisoire,,
05EA012,2026-08-03T15:45:00Z,47,2.14,,,Provisional/Provisoire,,
05EA012,2026-08-03T15:50:00Z,47,2.16,,,Provisional/Provisoire,,
05EA012,2026-08-03T15:55:00Z,47,2.15,,,Provisional/Provisoire,,
05EA012,2026-08-03T16:00:00Z,47,2.15,,,Provisional/Provisoire,,
05EA012,2026-08-03T16:05:00Z,47,2.15,,,Provisional/Provisoire,,
05EA012,2026-08-03T16:10:00Z,47,2.14,,,Provisional/Provisoire,,
05EA012,2026-08-03T16:15:00Z,47,2.15,,,Provisional/Provisoire,,
05EA012,2026-08-03T16:20:00Z,47,2.14,,,Provisional/Provisoire,,
05EA012,2026-08-03T16:25:00Z,47,2.15,,,Provisional/Provisoire,,
05EA012,2026-08-03T16:30:00Z,47,2.14,,,Provisional/Provisoire,,
05EA012,2026-08-03T16:35:00Z,47,2.14,,,Provisional/Provisoire,,
05EA012,2026-08-03T16:40:00Z,47,2.15,,,Provisional/Provisoire,,
05EA012,2026-08-03T16:45:00Z,47,2.15,,,Provisional/Provisoire,,
05EA012,2026-08-03T16:50:00Z,47,2.14,,,Provisional/Provisoire,,
05EA012,2026-08-03T16:55:00Z,47,2.15,,,Provisional/Provisoire,,
05EA012,2026-08-03T17:00:00Z,47,2.14,,,Provisional/Provisoire,,
05EA012,2026-08-03T17:05:00Z,47,2.14,,,Provisional/Provisoire,,
05EA012,2026-08-03T17:10:00Z,47,2.14,,,Provisional/Provisoire,,
05EA012,2026-08-03T17:15:00Z,47,2.14,,,Provisional/Provisoire,,
05EA012,2026-08-03T17:20:00Z,47,2.14,,,Provisional/Provisoire,,
05EA012,2026-08-03T17:25:00Z,47,2.14,,,Provisional/Provisoire,,
05EA012,2026-08-03T17:30:00Z,47,2.14,,,Provisional/Provisoire,,
05EA012,2026-08-03T17:35:00Z,47,2.14,,,Provisional/Provisoire,,
05EA012,2026-08-03T17:40:00Z,47,2.14,,,Provisional/Provisoire,,
05EA012,2026-08-03T17:45:00Z,47,2.14,,,Provisional/Provisoire,,
05EA012,2026-08-03T17:50:00Z,47,2.14,,,Provisional/Provisoire,,
05EA012,2026-08-03T17:55:00Z,47,2.14,,,Provisional/Provisoire,,
05EA012,2026-08-03T18:00:00Z,47,2.13,,,Provisional/Provisoire,,
05EA012,2026-08-03T18:05:00Z,47,2.14,,,Provisional/Provisoire,,
05EA012,2026-08-03T18:10:00Z,47,2.14,,,Provisional/Provisoire,,
05EA012,2026-08-03T18:15:00Z,47,2.13,,,Provisional/Provisoire,,
05EA012,2026-08-03T18:20:00Z,47,2.14,,,Provisional/Provisoire,,
05EA012,2026-08-03T18:25:00Z,47,2.14,,,Provisional/Provisoire,,
05EA012,2026-08-03T18:30:00Z,47,2.14,,,Provisional/Provisoire,,
05EA012,2026-08-03T18:35:00Z,47,2.14,,,Provisional/Provisoire,,
05EA012,2026-08-03T18:40:00Z,47,2.14,,,Provisional/Provisoire,,
05EA012,2026-08-03T18:45:00Z,47,2.14,,,Provisional/Provisoire,,
05EA012,2026-08-03T18:50:00Z,47,2.14,,,Provisional/Provisoire,,
05EA012,2026-08-03T18:55:00Z,47,2.14,,,Provisional/Provisoire,,
05EA012,2026-08-03T19:00:00Z,47,2.14,,,Provisional/Provisoire,,
05EA012,2026-08-03T19:05:00Z,47,2.15,,,Provisional/Provisoire,,
05EA012,2026-08-03T19:10:00Z,47,2.14,,,Provisional/Provisoire,,
05EA012,2026-08-03T19:15:00Z,47,2.14,,,Provisional/Provisoire,,
05EA012,2026-08-03T19:20:00Z,47,2.15,,,Provisional/Provisoire,,
05EA012,2026-08-03T19:25:00Z,47,2.15,,,Provisional/Provisoire,,
05EA012,2026-08-03T19:30:00Z,47,2.15,,,Provisional/Provisoire,,
05EA012,2026-08-03T19:35:00Z,47,2.15,,,Provisional/Provisoire,,
05EA012,2026-08-03T19:40:00Z,47,2.15,,,Provisional/Provisoire,,
05EA012,2026-08-03T19:45:00Z,47,2.16,,,Provisional/Provisoire,,
05EA012,2026-08-03T19:50:00Z,47,2.16,,,Provisional/Provisoire,,
05EA012,2026-08-03T19:55:00Z,47,2.16,,,Provisional/Provisoire,,
05EA012,2026-08-03T20:00:00Z,47,2.15,,,Provisional/Provisoire,,
05EA012,2026-08-03T20:05:00Z,47,2.15,,,Provisional/Provisoire,,
05EA012,2026-08-03T20:10:00Z,47,2.15,,,Provisional/Provisoire,,
05EA012,2026-08-03T20:15:00Z,47,2.16,,,Provisional/Provisoire,,
05EA012,2026-08-03T20:20:00Z,47,2.16,,,Provisional/Provisoire,,
05EA012,2026-08-03T20:25:00Z,47,2.16,,,Provisional/Provisoire,,
05EA012,2026-08-03T20:30:00Z,47,2.16,,,Provisional/Provisoire,,
05EA012,2026-08-03T20:35:00Z,47,2.16,,,Provisional/Provisoire,,
05EA012,2026-08-03T20:40:00Z,47,2.16,,,Provisional/Provisoire,,
05EA012,2026-08-03T20:45:00Z,47,2.16,,,Provisional/Provisoire,,
05EA012,2026-08-03T20:50:00Z,47,2.16,,,Provisional/Provisoire,,
05EA012,2026-08-03T20:55:00Z,47,2.17,,,Provisional/Provisoire,,
05EA012,2026-08-03T21:00:00Z,47,2.17,,,Provisional/Provisoire,,
05EA012,2026-08-03T21:05:00Z,47,2.17,,,Provisional/Provisoire,,
05EA012,2026-08-03T21:10:00Z,47,2.17,,,Provisional/Provisoire,,
05EA012,2026-08-03T21:15:00Z,47,2.17,,,Provisional/Provisoire,,
05EA012,2026-08-03T21:20:00Z,47,2.18,,,Provisional/Provisoire,,
05EA012,2026-08-03T21:25:00Z,47,2.18,,,Provisional/Provisoire,,
05EA012,2026-08-03T21:30:00Z,47,2.18,,,Provisional/Provisoire,,
05EA012,2026-08-03T21:35:00Z,47,2.18,,,Provisional/Provisoire,,
05EA012,2026-08-03T21:40:00Z,47,2.17,,,Provisional/Provisoire,,
05EA012,2026-08-03T21:45:00Z,47,2.18,,,Provisional/Provisoire,,
05EA012,2026-08-03T21:50:00Z,47,2.18,,,Provisional/Provisoire,,
05EA012,2026-08-03T21:55:00Z,47,2.17,,,Provisional/Provisoire,,
05EA012,2026-08-03T22:00:00Z,47,2.18,,,Provisional/Provisoire,,
05EA012,2026-08-03T22:05:00Z,47,2.18,,,Provisional/Provisoire,,
05EA012,2026-08-03T22:10:00Z,47,2.19,,,Provisional/Provisoire,,
05EA012,2026-08-03T22:15:00Z,47,2.18,,,Provisional/Provisoire,,
05EA012,2026-08-03T22:20:00Z,47,2.19,,,Provisional/Provisoire,,
05EA012,2026-08-03T22:25:00Z,47,2.17,,,Provisional/Provisoire,,
05EA012,2026-08-03T22:30:00Z,47,2.18,,,Provisional/Provisoire,,
05EA012,2026-08-03T22:35:00Z,47,2.18,,,Provisional/Provisoire,,
05EA012,2026-08-03T22:40:00Z,47,2.18,,,Provisional/Provisoire,,
05EA012,2026-08-03T22:45:00Z,47,2.19,,,Provisional/Provisoire,,
05EA012,2026-08-03T22:50:00Z,47,2.18,,,Provisional/Provisoire,,
05EA012,2026-08-03T22:55:00Z,47,2.18,,,Provisional/Provisoire,,
05EA012,2026-08-03T23:00:00Z,47,2.18,,,Provisional/Provisoire,,
05EA012,2026-08-03T23:05:00Z,47,2.18,,,Provisional/Provisoire,,
05EA012,2026-08-03T23:10:00Z,47,2.18,,,Provisional/Provisoire,,
05EA012,2026-08-03T23:15:00Z,47,2.19,,,Provisional/Provisoire,,
05EA012,2026-08-03T23:20:00Z,47,2.19,,,Provisional/Provisoire,,
05EA012,2026-08-03T23:25:00Z,47,2.18,,,Provisional/Provisoire,,
05EA012,2026-08-03T23:30:00Z,47,2.17,,,Provisional/Provisoire,,
05EA012,2026-08-03T23:35:00Z,47,2.18,,,Provisional/Provisoire,,
05EA012,2026-08-03T23:40:00Z,47,2.18,,,Provisional/Provisoire,,
05EA012,2026-08-03T23:45:00Z,47,2.18,,,Provisional/Provisoire,,
05EA012,2026-08-03T23:50:00Z,47,2.18,,,Provisional/Provisoire,,
05EA012,2026-08-03T23:55:00Z,47,2.17,,,Provisional/Provisoire,,
05EA012,2026-08-04T00:00:00Z,47,2.18,,,Provisional/Provisoire,,
05EA012,2026-08-04T00:05:00Z,47,2.18,,,Provisional/Provisoire,,
05EA012,2026-08-04T00:10:00Z,47,2.18,,,Provisional/Provisoire,,
05EA012,2026-08-04T00:15:00Z,47,2.18,,,Provisional/Provisoire,,
05EA012,2026-08-04T00:20:00Z,47,2.17,,,Provisional/Provisoire,,
05EA012,2026-08-04T00:25:00Z,47,2.17,,,Provisional/Provisoire,,
05EA012,2026-08-04T00:30:00Z,47,2.17,,,Provisional/Provisoire,,
05EA012,2026-08-04T00:35:00Z,47,2.17,,,Provisional/Provisoire,,
05EA012,2026-08-04T00:40:00Z,47,2.18,,,Provisional/Provisoire,,
05EA012,2026-08-04T00:45:00Z,47,2.18,,,Provisional/Provisoire,,
05EA012,2026-08-04T00:50:00Z,47,2.17,,,Provisional/Provisoire,,
05EA012,2026-08-04T00:55:00Z,47,2.16,,,Provisional/Provisoire,,
05EA012,2026-08-04T01:00:00Z,47,2.16,,,Provisional/Provisoire,,
05EA012,2026-08-04T01:05:00Z,47,2.16,,,Provisional/Provisoire,,
05EA012,2026-08-04T01:10:00Z,47,2.15,,,Provisional/Provisoire,,
05EA012,2026-08-04T01:15:00Z,47,2.16,,,Provisional/Provisoire,,
05EA012,2026-08-04T01:20:00Z,47,2.17,,,Provisional/Provisoire,,
05EA012,2026-08-04T01:25:00Z,47,2.16,,,Provisional/Provisoire,,
05EA012,2026-08-04T01:30:00Z,47,2.16,,,Provisional/Provisoire,,
05EA012,2026-08-04T01:35:00Z,47,2.16,,,Provisional/Provisoire,,
05EA012,2026-08-04T01:40:00Z,47,2.16,,,Provisional/Provisoire,,
05EA012,2026-08-04T01:45:00Z,47,2.14,,,Provisional/Provisoire,,
05EA012,2026-08-04T01:50:00Z,47,2.16,,,Provisional/Provisoire,,
05EA012,2026-08-04T01:55:00Z,47,2.14,,,Provisional/Provisoire,,
05EA012,2026-08-04T02:00:00Z,47,2.14,,,Provisional/Provisoire,,
05EA012,2026-08-04T02:05:00Z,47,2.14,,,Provisional/Provisoire,,
05EA012,2026-08-04T02:10:00Z,47,2.14,,,Provisional/Provisoire,,
05EA012,2026-08-04T02:15:00Z,47,2.15,,,Provisional/Provisoire,,
05EA012,2026-08-04T02:20:00Z,47,2.14,,,Provisional/Provisoire,,
05EA012,2026-08-04T02:25:00Z,47,2.15,,,Provisional/Provisoire,,
05EA012,2026-08-04T02:30:00Z,47,2.14,,,Provisional/Provisoire,,
05EA012,2026-08-04T02:35:00Z,47,2.14,,,Provisional/Provisoire,,
05EA012,2026-08-04T02:40:00Z,47,2.14,,,Provisional/Provisoire,,
05EA012,2026-08-04T02:45:00Z,47,2.13,,,Provisional/Provisoire,,
05EA012,2026-08-04T02:50:00Z,47,2.13,,,Provisional/Provisoire,,
05EA012,2026-08-04T02:55:00Z,47,2.13,,,Provisional/Provisoire,,
05EA012,2026-08-04T03:00:00Z,47,2.14,,,Provisional/Provisoire,,
05EA012,2026-08-04T03:05:00Z,47,2.13,,,Provisional/Provisoire,,
05EA012,2026-08-04T03:10:00Z,47,2.12,,,Provisional/Provisoire,,
05EA012,2026-08-04T03:15:00Z,47,2.12,,,Provisional/Provisoire,,
05EA012,2026-08-04T03:20:00Z,47,2.12,,,Provisional/Provisoire,,
05EA012,2026-08-04T03:25:00Z,47,2.11,,,Provisional/Provisoire,,
05EA012,2026-08-04T03:30:00Z,47,2.12,,,Provisional/Provisoire,,
05EA012,2026-08-04T03:35:00Z,47,2.12,,,Provisional/Provisoire,,
05EA012,2026-08-04T03:40:00Z,47,2.11,,,Provisional/Provisoire,,
05EA012,2026-08-04T03:45:00Z,47,2.11,,,Provisional/Provisoire,,
05EA012,2026-08-04T03:50:00Z,47,2.11,,,Provisional/Provisoire,,
05EA012,2026-08-04T03:55:00Z,47,2.10,,,Provisional/Provisoire,,
05EA012,2026-08-04T04:00:00Z,47,2.10,,,Provisional/Provisoire,,
05EA012,2026-08-04T04:05:00Z,47,2.10,,,Provisional/Provisoire,,
05EA012,2026-08-04T04:10:00Z,47,2.10,,,Provisional/Provisoire,,
05EA012,2026-08-04T04:15:00Z,47,2.10,,,Provisional/Provisoire,,
05EA012,2026-08-04T04:20:00Z,47,2.10,,,Provisional/Provisoire,,
05EA012,2026-08-04T04:25:00Z,47,2.09,,,Provisional/Provisoire,,
05EA012,2026-08-04T04:30:00Z,47,2.10,,,Provisional/Provisoire,,
05EA012,2026-08-04T04:35:00Z,47,2.10,,,Provisional/Provisoire,,
05EA012,2026-08-04T04:40:00Z,47,2.09,,,Provisional/Provisoire,,
05EA012,2026-08-04T04:45:00Z,47,2.09,,,Provisional/Provisoire,,
05EA012,2026-08-04T04:50:00Z,47,2.08,,,Provisional/Provisoire,,
05EA012,2026-08-04T04:55:00Z,47,2.09,,,Provisional/Provisoire,,
05EA012,2026-08-04T05:00:00Z,47,2.09,,,Provisional/Provisoire,,
05EA012,2026-08-04T05:05:00Z,47,2.08,,,Provisional/Provisoire,,
05EA012,2026-08-04T05:10:00Z,47,2.08,,,Provisional/Provisoire,,
05EA012,2026-08-04T05:15:00Z,47,2.08,,,Provisional/Provisoire,,
05EA012,2026-08-04T05:20:00Z,47,2.08,,,Provisional/Provisoire,,
05EA012,2026-08-04T05:25:00Z,47,2.08,,,Provisional/Provisoire,,
05EA012,2026-08-04T05:30:00Z,47,2.08,,,Provisional/Provisoire,,
05EA012,2026-08-04T05:35:00Z,47,2.07,,,Provisional/Provisoire,,
05EA012,2026-08-04T05:40:00Z,47,2.08,,,Provisional/Provisoire,,
05EA012,2026-08-04T05:45:00Z,47,2.07,,,Provisional/Provisoire,,
05EA012,2026-08-04T05:50:00Z,47,2.06,,,Provisional/Provisoire,,
05EA012,2026-08-04T05:55:00Z,47,2.07,,,Provisional/Provisoire,,
05EA012,2026-08-04T06:00:00Z,47,2.06,,,Provisional/Provisoire,,
05EA012,2026-08-04T06:05:00Z,47,2.06,,,Provisional/Provisoire,,
05EA012,2026-08-04T06:10:00Z,47,2.06,,,Provisional/Provisoire,,
05EA012,2026-08-04T06:15:00Z,47,2.06,,,Provisional/Provisoire,,
05EA012,2026-08-04T06:20:00Z,47,2.06,,,Provisional/Provisoire,,
05EA012,2026-08-04T06:25:00Z,47,2.06,,,Provisional/Provisoire,,
05EA012,2026-08-04T06:30:00Z,47,2.06,,,Provisional/Provisoire,,
05EA012,2026-08-04T06:35:00Z,47,2.06,,,Provisional/Provisoire,,
05EA012,2026-08-04T06:40:00Z,47,2.06,,,Provisional/Provisoire,,
05EA012,2026-08-04T06:45:00Z,47,2.06,,,Provisional/Provisoire,,
05EA012,2026-08-04T06:50:00Z,47,2.05,,,Provisional/Provisoire,,
05EA012,2026-08-04T06:55:00Z,47,2.05,,,Provisional/Provisoire,,
05EA012,2026-08-04T07:00:00Z,47,2.05,,,Provisional/Provisoire,,
05EA012,2026-08-04T07:05:00Z,47,2.05,,,Provisional/Provisoire,,
05EA012,2026-08-04T07:10:00Z,47,2.05,,,Provisional/Provisoire,,
05EA012,2026-08-04T07:15:00Z,47,2.05,,,Provisional/Provisoire,,
05EA012,2026-08-04T07:20:00Z,47,2.05,,,Provisional/Provisoire,,
05EA012,2026-08-04T07:25:00Z,47,2.04,,,Provisional/Provisoire,,
05EA012,2026-08-04T07:30:00Z,47,2.05,,,Provisional/Provisoire,,
05EA012,2026-08-04T07:35:00Z,47,2.05,,,Provisional/Provisoire,,
05EA012,2026-08-04T07:40:00Z,47,2.04,,,Provisional/Provisoire,,
05EA012,2026-08-04T07:45:00Z,47,2.05,,,Provisional/Provisoire,,
05EA012,2026-08-04T07:50:00Z,47,2.04,,,Provisional/Provisoire,,
05EA012,2026-08-04T07:55:00Z,47,2.04,,,Provisional/Provisoire,,
05EA012,2026-08-04T08:00:00Z,47,2.04,,,Provisional/Provisoire,,
05EA012,2026-08-04T08:05:00Z,47,2.04,,,Provisional/Provisoire,,
05EA012,2026-08-04T08:10:00Z,47,2.04,,,Provisional/Provisoire,,
05EA012,2026-08-04T08:15:00Z,47,2.03,,,Provisional/Provisoire,,
05EA012,2026-08-04T08:20:00Z,47,2.04,,,Provisional/Provisoire,,
05EA012,2026-08-04T08:25:00Z,47,2.03,,,Provisional/Provisoire,,
05EA012,2026-08-04T08:30:00Z,47,2.03,,,Provisional/Provisoire,,
05EA012,2026-08-04T08:35:00Z,47,2.03,,,Provisional/Provisoire,,
05EA012,2026-08-04T08:40:00Z,47,2.03,,,Provisional/Provisoire,,
05EA012,2026-08-04T08:45:00Z,47,2.03,,,Provisional/Provisoire,,
05EA012,2026-08-04T08:50:00Z,47,2.03,,,Provisional/Provisoire,,
05EA012,2026-08-04T08:55:00Z,47,2.03,,,Provisional/Provisoire,,
05EA012,2026-08-04T09:00:00Z,47,2.03,,,Provisional/Provisoire,,
05EA012,2026-08-04T09:05:00Z,47,2.03,,,Provisional/Provisoire,,
05EA012,2026-08-04T09:10:00Z,47,2.03,,,Provisional/Provisoire,,
05EA012,2026-08-04T09:15:00Z,47,2.02,,,Provisional/Provisoire,,
05EA012,2026-08-04T09:20:00Z,47,2.03,,,Provisional/Provisoire,,
05EA012,2026-08-04T09:25:00Z,47,2.03,,,Provisional/Provisoire,,
05EA012,2026-08-04T09:30:00Z,47,2.02,,,Provisional/Provisoire,,
05EA012,2026-08-04T09:35:00Z,47,2.03,,,Provisional/Provisoire,,
05EA012,2026-08-04T09:40:00Z,47,2.03,,,Provisional/Provisoire,,
05EA012,2026-08-04T09:45:00Z,47,2.03,,,Provisional/Provisoire,,
05EA012,2026-08-04T09:50:00Z,47,2.02,,,Provisional/Provisoire,,
05EA012,2026-08-04T09:55:00Z,47,2.02,,,Provisional/Provisoire,,
05EA012,2026-08-04T10:00:00Z,47,2.02,,,Provisional/Provisoire,,
05EA012,2026-08-04T10:05:00Z,47,2.02,,,Provisional/Provisoire,,
05EA012,2026-08-04T10:10:00Z,47,2.01,,,Provisional/Provisoire,,
05EA012,2026-08-04T10:15:00Z,47,2.01,,,Provisional/Provisoire,,
05EA012,2026-08-04T10:20:00Z,47,2.02,,,Provisional/Provisoire,,
05EA012,2026-08-04T10:25:00Z,47,2.02,,,Provisional/Provisoire,,
05EA012,2026-08-04T10:30:00Z,47,2.02,,,Provisional/Provisoire,,
05EA012,2026-08-04T10:35:00Z,47,2.01,,,Provisional/Provisoire,,
05EA012,2026-08-04T10:40:00Z,47,2.01,,,Provisional/Provisoire,,
05EA012,2026-08-04T10:45:00Z,47,2.01,,,Provisional/Provisoire,,
05EA012,2026-08-04T10:50:00Z,47,2.01,,,Provisional/Provisoire,,
05EA012,2026-08-04T10:55:00Z,47,2.01,,,Provisional/Provisoire,,
05EA012,2026-08-04T11:00:00Z,47,2.01,,,Provisional/Provisoire,,
05EA012,2026-08-04T11:05:00Z,47,2.01,,,Provisional/Provisoire,,
05EA012,2026-08-04T11:10:00Z,47,2.01,,,Provisional/Provisoire,,
05EA012,2026-08-04T11:15:00Z,47,2.00,,,Provisional/Provisoire,,
05EA012,2026-08-04T11:20:00Z,47,2.01,,,Provisional/Provisoire,,
05EA012,2026-08-04T11:25:00Z,47,2.00,,,Provisional/Provisoire,,
05EA012,2026-08-04T11:30:00Z,47,2.01,,,Provisional/Provisoire,,
05EA012,2026-08-04T11:35:00Z,47,2.01,,,Provisional/Provisoire,,
05EA012,2026-08-04T11:40:00Z,47,2.00,,,Provisional/Provisoire,,
05EA012,2026-08-04T11:45:00Z,47,2.00,,,Provisional/Provisoire,,
05EA012,2026-08-04T11:50:00Z,47,2.01,,,Provisional/Provisoire,,
05EA012,2026-08-04T11:55:00Z,47,1.99,,,Provisional/Provisoire,,
05EA012,2026-08-04T12:00:00Z,47,2.00,,,Provisional/Provisoire,,
05EA012,2026-08-04T12:05:00Z,47,2.01,,,Provisional/Provisoire,,
05EA012,2026-08-04T12:10:00Z,47,2.00,,,Provisional/Provisoire,,
05EA012,2026-08-04T12:15:00Z,47,1.99,,,Provisional/Provisoire,,
05EA012,2026-08-04T12:20:00Z,47,2.00,,,Provisional/Provisoire,,
05EA012,2026-08-04T12:25:00Z,47,2.00,,,Provisional/Provisoire,,
05EA012,2026-08-04T12:30:00Z,47,1.99,,,Provisional/Provisoire,,
05EA012,2026-08-04T12:35:00Z,47,2.00,,,Provisional/Provisoire,,
05EA012,2026-08-04T12:40:00Z,47,1.99,,,Provisional/Provisoire,,
05EA012,2026-08-04T12:45:00Z,47,2.00,,,Provisional/Provisoire,,
05EA012,2026-08-04T12:50:00Z,47,1.99,,,Provisional/Provisoire,,
05EA012,2026-08-04T12:55:00Z,47,1.99,,,Provisional/Provisoire,,
05EA012,2026-08-04T13:00:00Z,47,1.99,,,Provisional/Provisoire,,
05EA012,2026-08-04T13:05:00Z,47,1.99,,,Provisional/Provisoire,,
05EA012,2026-08-04T13:10:00Z,47,1.99,,,Provisional/Provisoire,,
05EA012,2026-08-04T13:15:00Z,47,1.99,,,Provisional/Provisoire,,
05EA012,2026-08-04T13:20:00Z,47,1.98,,,Provisional/Provisoire,,
05EA012,2026-08-04T13:25:00Z,47,1.99,,,Provisional/Provisoire,,
05EA012,2026-08-04T13:30:00Z,47,1.99,,,Provisional/Provisoire,,
05EA012,2026-08-04T13:35:00Z,47,1.98,,,Provisional/Provisoire,,
05EA012,2026-08-04T13:40:00Z,47,1.99,,,Provisional/Provisoire,,
05EA012,2026-08-04T13:45:00Z,47,1.99,,,Provisional/Provisoire,,
05EA012,2026-08-04T13:50:00Z,47,1.98,,,Provisional/Provisoire,,
05EA012,2026-08-04T13:55:00Z,47,1.98,,,Provisional/Provisoire,,
05EA012,2026-08-04T14:00:00Z,47,1.99,,,Provisional/Provisoire,,
05EA012,2026-08-04T14:05:00Z,47,1.99,,,Provisional/Provisoire,,
05EA012,2026-08-04T14:10:00Z,47,1.98,,,Provisional/Provisoire,,
05EA012,2026-08-04T14:15:00Z,47,1.98,,,Provisional/Provisoire,,
05EA012,2026-08-04T14:20:00Z,47,1.98,,,Provisional/Provisoire,,
05EA012,2026-08-04T14:25:00Z,47,1.98,,,Provisional/Provisoire,,
05EA012,2026-08-04T14:30:00Z,47,1.98,,,Provisional/Provisoire,,
05EA012,2026-08-04T14:35:00Z,47,1.98,,,Provisional/Provisoire,,
05EA012,2026-08-04T14:40:00Z,47,1.98,,,Provisional/Provisoire,,
05EA012,2026-08-04T14:45:00Z,47,1.98,,,Provisional/Provisoire,,
05EA012,2026-08-04T14:50:00Z,47,1.97,,,Provisional/Provisoire,,
05EA012,2026-08-04T14:55:00Z,47,1.97,,,Provisional/Provisoire,,
05EA012,2026-08-04T15:00:00Z,47,1.97,,,Provisional/Provisoire,,
05EA012,2026-08-04T15:05:00Z,47,1.97,,,Provisional/Provisoire,,
05EA012,2026-08-04T15:10:00Z,47,1.97,,,Provisional/Provisoire,,
05EA012,2026-08-04T15:15:00Z,47,1.97,,,Provisional/Provisoire,,
05EA012,2026-08-04T15:20:00Z,47,1.97,,,Provisional/Provisoire,,
05EA012,2026-08-04T15:25:00Z,47,1.97,,,Provisional/Provisoire,,
05EA012,2026-08-04T15:30:00Z,47,1.96,,,Provisional/Provisoire,,
05EA012,2026-08-04T15:35:00Z,47,1.97,,,Provisional/Provisoire,,
05EA012,2026-08-04T15:40:00Z,47,1.97,,,Provisional/Provisoire,,
05EA012,2026-08-04T15:45:00Z,47,1.97,,,Provisional/Provisoire,,
05EA012,2026-08-04T15:50:00Z,47,1.96,,,Provisional/Provisoire,,
05EA012,2026-08-04T15:55:00Z,47,1.96,,,Provisional/Provisoire,,
05EA012,2026-08-04T16:00:00Z,47,1.95,,,Provisional/Provisoire,,
05EA012,2026-08-04T16:05:00Z,47,1.96,,,Provisional/Provisoire,,
05EA012,2026-08-04T16:10:00Z,47,1.96,,,Provisional/Provisoire,,
05EA012,2026-08-04T16:15:00Z,47,1.95,,,Provisional/Provisoire,,
05EA012,2026-08-04T16:20:00Z,47,1.95,,,Provisional/Provisoire,,
05EA012,2026-08-04T16:25:00Z,47,1.95,,,Provisional/Provisoire,,
05EA012,2026-08-04T16:30:00Z,47,1.96,,,Provisional/Provisoire,,
05EA012,2026-08-04T16:35:00Z,47,1.95,,,Provisional/Provisoire,,
05EA012,2026-08-04T16:40:00Z,47,1.95,,,Provisional/Provisoire,,
05EA012,2026-08-04T16:45:00Z,47,1.95,,,Provisional/Provisoire,,
05EA012,2026-08-04T16:50:00Z,47,1.95,,,Provisional/Provisoire,,
05EA012,2026-08-04T16:55:00Z,47,1.95,,,Provisional/Provisoire,,
05EA012,2026-08-04T17:00:00Z,47,1.95,,,Provisional/Provisoire,,
05EA012,2026-08-04T17:05:00Z,47,1.95,,,Provisional/Provisoire,,
05EA012,2026-08-04T17:10:00Z,47,1.95,,,Provisional/Provisoire,,
05EA012,2026-08-04T17:15:00Z,47,1.94,,,Provisional/Provisoire,,
05EA012,2026-08-04T17:20:00Z,47,1.94,,,Provisional/Provisoire,,
05EA012,2026-08-04T17:25:00Z,47,1.95,,,Provisional/Provisoire,,
05EA012,2026-08-04T17:30:00Z,47,1.95,,,Provisional/Provisoire,,
05EA012,2026-08-04T17:35:00Z,47,1.94,,,Provisional/Provisoire,,
05EA012,2026-08-04T17:40:00Z,47,1.94,,,Provisional/Provisoire,,
05EA012,2026-08-04T17:45:00Z,47,1.94,,,Provisional/Provisoire,,
05EA012,2026-08-04T17:50:00Z,47,1.94,,,Provisional/Provisoire,,
05EA012,2026-08-04T17:55:00Z,47,1.94,,,Provisional/Provisoire,,
05EA012,2026-08-04T18:00:00Z,47,1.94,,,Provisional/Provisoire,,
05EA012,2026-08-04T18:05:00Z,47,1.95,,,Provisional/Provisoire,,
05EA012,2026-08-04T18:10:00Z,47,1.93,,,Provisional/Provisoire,,
05EA012,2026-08-04T18:15:00Z,47,1.93,,,Provisional/Provisoire,,
05EA012,2026-08-04T18:20:00Z,47,1.93,,,Provisional/Provisoire,,
05EA012,2026-08-04T18:25:00Z,47,1.94,,,Provisional/Provisoire,,
05EA012,2026-08-04T18:30:00Z,47,1.93,,,Provisional/Provisoire,,
05EA012,2026-08-04T18:35:00Z,47,1.93,,,Provisional/Provisoire,,
05EA012,2026-08-04T18:40:00Z,47,1.94,,,Provisional/Provisoire,,
05EA012,2026-08-04T18:45:00Z,47,1.94,,,Provisional/Provisoire,,
05EA012,2026-08-04T18:50:00Z,47,1.94,,,Provisional/Provisoire,,
05EA012,2026-08-04T18:55:00Z,47,1.93,,,Provisional/Provisoire,,
05EA012,2026-08-04T19:00:00Z,47,1.93,,,Provisional/Provisoire,,
05EA012,2026-08-04T19:05:00Z,47,1.94,,,Provisional/Provisoire,,
05EA012,2026-08-04T19:10:00Z,47,1.94,,,Provisional/Provisoire,,
05EA012,2026-08-04T19:15:00Z,47,1.93,,,Provisional/Provisoire,,
05EA012,2026-08-04T19:20:00Z,47,1.93,,,Provisional/Provisoire,,
05EA012,2026-08-04T19:25:00Z,47,1.93,,,Provisional/Provisoire,,
05EA012,2026-08-04T19:30:00Z,47,1.93,,,Provisional/Provisoire,,
05EA012,2026-08-04T19:35:00Z,47,1.93,,,Provisional/Provisoire,,
05EA012,2026-08-04T19:40:00Z,47,1.93,,,Provisional/Provisoire,,
05EA012,2026-08-04T19:45:00Z,47,1.93,,,Provisional/Provisoire,,
05EA012,2026-08-04T19:50:00Z,47,1.92,,,Provisional/Provisoire,,
05EA012,2026-08-04T19:55:00Z,47,1.93,,,Provisional/Provisoire,,
05EA012,2026-08-04T20:00:00Z,47,1.92,,,Provisional/Provisoire,,
05EA012,2026-08-04T20:05:00Z,47,1.93,,,Provisional/Provisoire,,
05EA012,2026-08-04T20:10:00Z,47,1.92,,,Provisional/Provisoire,,
05EA012,2026-08-04T20:15:00Z,47,1.93,,,Provisional/Provisoire,,
05EA012,2026-08-04T20:20:00Z,47,1.93,,,Provisional/Provisoire,,
05EA012,2026-08-04T20:25:00Z,47,1.92,,,Provisional/Provisoire,,
05EA012,2026-08-04T20:30:00Z,47,1.92,,,Provisional/Provisoire,,
05EA012,2026-08-04T20:35:00Z,47,1.92,,,Provisional/Provisoire,,
05EA012,2026-08-04T20:40:00Z,47,1.92,,,Provisional/Provisoire,,
05EA012,2026-08-04T20:45:00Z,47,1.92,,,Provisional/Provisoire,,
05EA012,2026-08-04T20:50:00Z,47,1.92,,,Provisional/Provisoire,,
05EA012,2026-08-04T20:55:00Z,47,1.92,,,Provisional/Provisoire,,
05EA012,2026-08-04T21:00:00Z,47,1.92,,,Provisional/Provisoire,,
05EA012,2026-08-04T21:05:00Z,47,1.92,,,Provisional/Provisoire,,
05EA012,2026-08-04T21:10:00Z,47,1.91,,,Provisional/Provisoire,,
05EA012,2026-08-04T21:15:00Z,47,1.91,,,Provisional/Provisoire,,
05EA012,2026-08-04T21:20:00Z,47,1.91,,,Provisional/Provisoire,,
05EA012,2026-08-04T21:25:00Z,47,1.91,,,Provisional/Provisoire,,
05EA012,2026-08-04T21:30:00Z,47,1.92,,,Provisional/Provisoire,,
05EA012,2026-08-04T21:35:00Z,47,1.91,,,Provisional/Provisoire,,
05EA012,2026-08-04T21:40:00Z,47,1.91,,,Provisional/Provisoire,,
05EA012,2026-08-04T21:45:00Z,47,1.92,,,Provisional/Provisoire,,
05EA012,2026-08-04T21:50:00Z,47,1.90,,,Provisional/Provisoire,,
05EA012,2026-08-04T21:55:00Z,47,1.91,,,Provisional/Provisoire,,
05EA012,2026-08-04T22:00:00Z,47,1.90,,,Provisional/Provisoire,,
05EA012,2026-08-04T22:05:00Z,47,1.90,,,Provisional/Provisoire,,
05EA012,2026-08-04T22:10:00Z,47,1.90,,,Provisional/Provisoire,,
05EA012,2026-08-04T22:15:00Z,47,1.90,,,Provisional/Provisoire,,
05EA012,2026-08-04T22:20:00Z,47,1.91,,,Provisional/Provisoire,,
05EA012,2026-08-04T22:25:00Z,47,1.90,,,Provisional/Provisoire,,
05EA012,2026-08-04T22:30:00Z,47,1.90,,,Provisional/Provisoire,,
05EA012,2026-08-04T22:35:00Z,47,1.90,,,Provisional/Provisoire,,
05EA012,2026-08-04T22:40:00Z,47,1.90,,,Provisional/Provisoire,,
05EA012,2026-08-04T22:45:00Z,47,1.91,,,Provisional/Provisoire,,
05EA012,2026-08-04T22:50:00Z,47,1.90,,,Provisional/Provisoire,,
05EA012,2026-08-04T22:55:00Z,47,1.90,,,Provisional/Provisoire,,
05EA012,2026-08-04T23:00:00Z,47,1.90,,,Provisional/Provisoire,,
05EA012,2026-08-04T23:05:00Z,47,1.90,,,Provisional/Provisoire,,
05EA012,2026-08-04T23:10:00Z,47,1.90,,,Provisional/Provisoire,,
05EA012,2026-08-04T23:15:00Z,47,1.90,,,Provisional/Provisoire,,
05EA012,2026-08-04T23:20:00Z,47,1.90,,,Provisional/Provisoire,,
05EA012,2026-08-04T23:25:00Z,47,1.91,,,Provisional/Provisoire,,
05EA012,2026-08-04T23:30:00Z,47,1.90,,,Provisional/Provisoire,,
05EA012,2026-08-04T23:35:00Z,47,1.90,,,Provisional/Provisoire,,
05EA012,2026-08-04T23:40:00Z,47,1.90,,,Provisional/Provisoire,,
05EA012,2026-08-04T23:45:00Z,47,1.90,,,Provisional/Provisoire,,
05EA012,2026-08-04T23:50:00Z,47,1.90,,,Provisional/Provisoire,,
05EA012,2026-08-04T23:55:00Z,47,1.90,,,Provisional/Provisoire,,
05EA012,2026-08-05T00:00:00Z,47,1.90,,,Provisional/Provisoire,,
05EA012,2026-08-05T00:05:00Z,47,1.89,,,Provisional/Provisoire,,
05EA012,2026-08-05T00:10:00Z,47,1.89,,,Provisional/Provisoire,,
05EA012,2026-08-05T00:15:00Z,47,1.90,,,Provisional/Provisoire,,
05EA012,2026-08-05T00:20:00Z,47,1.90,,,Provisional/Provisoire,,
05EA012,2026-08-05T00:25:00Z,47,1.89,,,Provisional/Provisoire,,
05EA012,2026-08-05T00:30:00Z,47,1.89,,,Provisional/Provisoire,,
05EA012,2026-08-05T00:35:00Z,47,1.88,,,Provisional/Provisoire,,
05EA012,2026-08-05T00:40:00Z,47,1.88,,,Provisional/Provisoire,,
05EA012,2026-08-05T00:45:00Z,47,1.88,,,Provisional/Provisoire,,
05EA012,2026-08-05T00:50:00Z,47,1.89,,,Provisional/Provisoire,,
05EA012,2026-08-05T00:55:00Z,47,1.88,,,Provisional/Provisoire,,
05EA012,2026-08-05T01:00:00Z,47,1.88,,,Provisional/Provisoire,,
05EA012,2026-08-05T01:05:00Z,47,1.88,,,Provisional/Provisoire,,
05EA012,2026-08-05T01:10:00Z,47,1.89,,,Provisional/Provisoire,,
05EA012,2026-08-05T01:15:00Z,47,1.88,,,Provisional/Provisoire,,
05EA012,2026-08-05T01:20:00Z,47,1.88,,,Provisional/Provisoire,,
05EA012,2026-08-05T01:25:00Z,47,1.88,,,Provisional/Provisoire,,
05EA012,2026-08-05T01:30:00Z,47,1.88,,,Provisional/Provisoire,,
05EA012,2026-08-05T01:35:00Z,47,1.88,,,Provisional/Provisoire,,
05EA012,2026-08-05T01:40:00Z,47,1.88,,,Provisional/Provisoire,,
05EA012,2026-08-05T01:45:00Z,47,1.88,,,Provisional/Provisoire,,
05EA012,2026-08-05T01:50:00Z,47,1.88,,,Provisional/Provisoire,,
05EA012,2026-08-05T01:55:00Z,47,1.88,,,Provisional/Provisoire,,
05EA012,2026-08-05T02:00:00Z,47,1.88,,,Provisional/Provisoire,,
05EA012,2026-08-05T02:05:00Z,47,1.87,,,Provisional/Provisoire,,
05EA012,2026-08-05T02:10:00Z,47,1.88,,,Provisional/Provisoire,,
05EA012,2026-08-05T02:15:00Z,47,1.87,,,Provisional/Provisoire,,
05EA012,2026-08-05T02:20:00Z,47,1.87,,,Provisional/Provisoire,,
05EA012,2026-08-05T02:25:00Z,47,1.87,,,Provisional/Provisoire,,
05EA012,2026-08-05T02:30:00Z,47,1.88,,,Provisional/Provisoire,,
05EA012,2026-08-05T02:35:00Z,47,1.87,,,Provisional/Provisoire,,
05EA012,2026-08-05T02:40:00Z,47,1.87,,,Provisional/Provisoire,,
05EA012,2026-08-05T02:45:00Z,47,1.86,,,Provisional/Provisoire,,
05EA012,2026-08-05T02:50:00Z,47,1.87,,,Provisional/Provisoire,,
05EA012,2026-08-05T02:55:00Z,47,1.87,,,Provisional/Provisoire,,
05EA012,2026-08-05T03:00:00Z,47,1.87,,,Provisional/Provisoire,,
05EA012,2026-08-05T03:05:00Z,47,1.87,,,Provisional/Provisoire,,
05EA012,2026-08-05T03:10:00Z,47,1.86,,,Provisional/Provisoire,,
05EA012,2026-08-05T03:15:00Z,47,1.86,,,Provisional/Provisoire,,
05EA012,2026-08-05T03:20:00Z,47,1.86,,,Provisional/Provisoire,,
05EA012,2026-08-05T03:25:00Z,47,1.86,,,Provisional/Provisoire,,
05EA012,2026-08-05T03:30:00Z,47,1.86,,,Provisional/Provisoire,,
05EA012,2026-08-05T03:35:00Z,47,1.86,,,Provisional/Provisoire,,
05EA012,2026-08-05T03:40:00Z,47,1.85,,,Provisional/Provisoire,,
05EA012,2026-08-05T03:45:00Z,47,1.86,,,Provisional/Provisoire,,
05EA012,2026-08-05T03:50:00Z,47,1.86,,,Provisional/Provisoire,,
05EA012,2026-08-05T03:55:00Z,47,1.86,,,Provisional/Provisoire,,
05EA012,2026-08-05T04:00:00Z,47,1.86,,,Provisional/Provisoire,,
05EA012,2026-08-05T04:05:00Z,47,1.86,,,Provisional/Provisoire,,
05EA012,2026-08-05T04:10:00Z,47,1.85,,,Provisional/Provisoire,,
05EA012,2026-08-05T04:15:00Z,47,1.86,,,Provisional/Provisoire,,
05EA012,2026-08-05T04:20:00Z,47,1.86,,,Provisional/Provisoire,,
05EA012,2026-08-05T04:25:00Z,47,1.86,,,Provisional/Provisoire,,
05EA012,2026-08-05T04:30:00Z,47,1.86,,,Provisional/Provisoire,,
05EA012,2026-08-05T04:35:00Z,47,1.86,,,Provisional/Provisoire,,
05EA012,2026-08-05T04:40:00Z,47,1.86,,,Provisional/Provisoire,,
05EA012,2026-08-05T04:45:00Z,47,1.86,,,Provisional/Provisoire,,
05EA012,2026-08-05T04:50:00Z,47,1.86,,,Provisional/Provisoire,,
05EA012,2026-08-05T04:55:00Z,47,1.86,,,Provisional/Provisoire,,
05EA012,2026-08-05T05:00:00Z,47,1.86,,,Provisional/Provisoire,,
05EA012,2026-08-05T05:05:00Z,47,1.86,,,Provisional/Provisoire,,
05EA012,2026-08-05T05:10:00Z,47,1.86,,,Provisional/Provisoire,,
05EA012,2026-08-05T05:15:00Z,47,1.86,,,Provisional/Provisoire,,
05EA012,2026-08-05T05:20:00Z,47,1.86,,,Provisional/Provisoire,,
05EA012,2026-08-05T05:25:00Z,47,1.86,,,Provisional/Provisoire,,
05EA012,2026-08-05T05:30:00Z,47,1.85,,,Provisional/Provisoire,,
05EA012,2026-08-05T05:35:00Z,47,1.86,,,Provisional/Provisoire,,
05EA012,2026-08-05T05:40:00Z,47,1.86,,,Provisional/Provisoire,,
05EA012,2026-08-05T05:45:00Z,47,1.85,,,Provisional/Provisoire,,
05EA012,2026-08-05T05:50:00Z,47,1.86,,,Provisional/Provisoire,,
05EA012,2026-08-05T05:55:00Z,47,1.86,,,Provisional/Provisoire,,
05EA012,2026-08-05T06:00:00Z,47,1.86,,,Provisional/Provisoire,,
05EA012,2026-08-05T06:05:00Z,47,1.86,,,Provisional/Provisoire,,
05EA012,2026-08-05T06:10:00Z,47,1.86,,,Provisional/Provisoire,,
05EA012,2026-08-05T06:15:00Z,47,1.86,,,Provisional/Provisoire,,
05EA012,2026-08-05T06:20:00Z,47,1.85,,,Provisional/Provisoire,,
05EA012,2026-08-05T06:25:00Z,47,1.86,,,Provisional/Provisoire,,
05EA012,2026-08-05T06:30:00Z,47,1.86,,,Provisional/Provisoire,,
05EA012,2026-08-05T06:35:00Z,47,1.87,,,Provisional/Provisoire,,
05EA012,2026-08-05T06:40:00Z,47,1.86,,,Provisional/Provisoire,,
05EA012,2026-08-05T06:45:00Z,47,1.87,,,Provisional/Provisoire,,
05EA012,2026-08-05T06:50:00Z,47,1.87,,,Provisional/Provisoire,,
05EA012,2026-08-05T06:55:00Z,47,1.87,,,Provisional/Provisoire,,
05EA012,2026-08-05T07:00:00Z,47,1.87,,,Provisional/Provisoire,,
05EA012,2026-08-05T07:05:00Z,47,1.87,,,Provisional/Provisoire,,
05EA012,2026-08-05T07:10:00Z,47,1.87,,,Provisional/Provisoire,,
05EA012,2026-08-05T07:15:00Z,47,1.87,,,Provisional/Provisoire,,
05EA012,2026-08-05T07:20:00Z,47,1.87,,,Provisional/Provisoire,,
05EA012,2026-08-05T07:25:00Z,47,1.88,,,Provisional/Provisoire,,
05EA012,2026-08-05T07:30:00Z,47,1.87,,,Provisional/Provisoire,,
05EA012,2026-08-05T07:35:00Z,47,1.86,,,Provisional/Provisoire,,
05EA012,2026-08-05T07:40:00Z,47,1.87,,,Provisional/Provisoire,,
05EA012,2026-08-05T07:45:00Z,47,1.88,,,Provisional/Provisoire,,
05EA012,2026-08-05T07:50:00Z,47,1.88,,,Provisional/Provisoire,,
05EA012,2026-08-05T07:55:00Z,47,1.87,,,Provisional/Provisoire,,
05EA012,2026-08-05T08:00:00Z,47,1.87,,,Provisional/Provisoire,,
05EA012,2026-08-05T08:05:00Z,47,1.87,,,Provisional/Provisoire,,
05EA012,2026-08-05T08:10:00Z,47,1.88,,,Provisional/Provisoire,,
05EA012,2026-08-05T08:15:00Z,47,1.88,,,Provisional/Provisoire,,
05EA012,2026-08-05T08:20:00Z,47,1.87,,,Provisional/Provisoire,,
05EA012,2026-08-05T08:25:00Z,47,1.87,,,Provisional/Provisoire,,
05EA012,2026-08-05T08:30:00Z,47,1.88,,,Provisional/Provisoire,,
05EA012,2026-08-05T08:35:00Z,47,1.88,,,Provisional/Provisoire,,
05EA012,2026-08-05T08:40:00Z,47,1.88,,,Provisional/Provisoire,,
05EA012,2026-08-05T08:45:00Z,47,1.88,,,Provisional/Provisoire,,
05EA012,2026-08-05T08:50:00Z,47,1.89,,,Provisional/Provisoire,,
05EA012,2026-08-05T08:55:00Z,47,1.88,,,Provisional/Provisoire,,
05EA012,2026-08-05T09:00:00Z,47,1.89,,,Provisional/Provisoire,,
05EA012,2026-08-05T09:05:00Z,47,1.89,,,Provisional/Provisoire,,
05EA012,2026-08-05T09:10:00Z,47,1.89,,,Provisional/Provisoire,,
05EA012,2026-08-05T09:15:00Z,47,1.88,,,Provisional/Provisoire,,
05EA012,2026-08-05T09:20:00Z,47,1.90,,,Provisional/Provisoire,,
05EA012,2026-08-05T09:25:00Z,47,1.90,,,Provisional/Provisoire,,
05EA012,2026-08-05T09:30:00Z,47,1.89,,,Provisional/Provisoire,,
05EA012,2026-08-05T09:35:00Z,47,1.89,,,Provisional/Provisoire,,
05EA012,2026-08-05T09:40:00Z,47,1.89,,,Provisional/Provisoire,,
05EA012,2026-08-05T09:45:00Z,47,1.90,,,Provisional/Provisoire,,
05EA012,2026-08-05T09:50:00Z,47,1.89,,,Provisional/Provisoire,,
05EA012,2026-08-05T09:55:00Z,47,1.89,,,Provisional/Provisoire,,
05EA012,2026-08-05T10:00:00Z,47,1.90,,,Provisional/Provisoire,,
05EA012,2026-08-05T10:05:00Z,47,1.90,,,Provisional/Provisoire,,
05EA012,2026-08-05T10:10:00Z,47,1.90,,,Provisional/Provisoire,,
05EA012,2026-08-05T10:15:00Z,47,1.90,,,Provisional/Provisoire,,
05EA012,2026-08-05T10:20:00Z,47,1.89,,,Provisional/Provisoire,,
05EA012,2026-08-05T10:25:00Z,47,1.89,,,Provisional/Provisoire,,
05EA012,2026-08-05T10:30:00Z,47,1.89,,,Provisional/Provisoire,,
05EA012,2026-08-05T10:35:00Z,47,1.90,,,Provisional/Provisoire,,
05EA012,2026-08-05T10:40:00Z,47,1.89,,,Provisional/Provisoire,,
05EA012,2026-08-05T10:45:00Z,47,1.90,,,Provisional/Provisoire,,
05EA012,2026-08-05T10:50:00Z,47,1.90,,,Provisional/Provisoire,,
05EA012,2026-08-05T10:55:00Z,47,1.89,,,Provisional/Provisoire,,
05EA012,2026-08-05T11:00:00Z,47,1.89,,,Provisional/Provisoire,,
05EA012,2026-08-05T11:05:00Z,47,1.89,,,Provisional/Provisoire,,
05EA012,2026-08-05T11:10:00Z,47,1.89,,,Provisional/Provisoire,,
05EA012,2026-08-05T11:15:00Z,47,1.90,,,Provisional/Provisoire,,
05EA012,2026-08-05T11:20:00Z,47,1.89,,,Provisional/Provisoire,,
05EA012,2026-08-05T11:25:00Z,47,1.89,,,Provisional/Provisoire,,
05EA012,2026-08-05T11:30:00Z,47,1.89,,,Provisional/Provisoire,,
05EA012,2026-08-05T11:35:00Z,47,1.89,,,Provisional/Provisoire,,
05EA012,2026-08-05T11:40:00Z,47,1.89,,,Provisional/Provisoire,,
05EA012,2026-08-05T11:45:00Z,47,1.89,,,Provisional/Provisoire,,
05EA012,2026-08-05T11:50:00Z,47,1.88,,,Provisional/Provisoire,,
05EA012,2026-08-05T11:55:00Z,47,1.89,,,Provisional/Provisoire,,
05EA012,2026-08-05T12:00:00Z,47,1.89,,,Provisional/Provisoire,,
05EA012,2026-08-05T12:05:00Z,47,1.88,,,Provisional/Provisoire,,
05EA012,2026-08-05T12:10:00Z,47,1.88,,,Provisional/Provisoire,,
05EA012,2026-08-05T12:15:00Z,47,1.88,,,Provisional/Provisoire,,
05EA012,2026-08-05T12:20:00Z,47,1.88,,,Provisional/Provisoire,,
05EA012,2026-08-05T12:25:00Z,47,1.89,,,Provisional/Provisoire,,
05EA012,2026-08-05T12:30:00Z,47,1.89,,,Provisional/Provisoire,,
05EA012,2026-08-05T12:35:00Z,47,1.88,,,Provisional/Provisoire,,
05EA012,2026-08-05T12:40:00Z,47,1.88,,,Provisional/Provisoire,,
05EA012,2026-08-05T12:45:00Z,47,1.88,,,Provisional/Provisoire,,
05EA012,2026-08-05T12:50:00Z,47,1.88,,,Provisional/Provisoire,,
05EA012,2026-08-05T12:55:00Z,47,1.88,,,Provisional/Provisoire,,
05EA012,2026-08-05T13:00:00Z,47,1.88,,,Provisional/Provisoire,,
05EA012,2026-08-05T13:05:00Z,47,1.88,,,Provisional/Provisoire,,
05EA012,2026-08-05T13:10:00Z,47,1.88,,,Provisional/Provisoire,,
05EA012,2026-08-05T13:15:00Z,47,1.88,,,Provisional/Provisoire,,
05EA012,2026-08-05T13:20:00Z,47,1.88,,,Provisional/Provisoire,,
05EA012,2026-08-05T13:25:00Z,47,1.88,,,Provisional/Provisoire,,
05EA012,2026-08-05T13:30:00Z,47,1.87,,,Provisional/Provisoire,,
05EA012,2026-08-05T13:35:00Z,47,1.88,,,Provisional/Provisoire,,
05EA012,2026-08-05T13:40:00Z,47,1.88,,,Provisional/Provisoire,,
05EA012,2026-08-05T13:45:00Z,47,1.88,,,Provisional/Provisoire,,
05EA012,2026-08-05T13:50:00Z,47,1.88,,,Provisional/Provisoire,,
05EA012,2026-08-05T13:55:00Z,47,1.88,,,Provisional/Provisoire,,
05EA012,2026-08-05T14:00:00Z,47,1.87,,,Provisional/Provisoire,,
05EA012,2026-08-05T14:05:00Z,47,1.88,,,Provisional/Provisoire,,
05EA012,2026-08-05T14:10:00Z,47,1.88,,,Provisional/Provisoire,,
05EA012,2026-08-05T14:15:00Z,47,1.88,,,Provisional/Provisoire,,
05EA012,2026-08-05T14:20:00Z,47,1.88,,,Provisional/Provisoire,,
05EA012,2026-08-05T14:25:00Z,47,1.88,,,Provisional/Provisoire,,
05EA012,2026-08-05T14:30:00Z,47,1.88,,,Provisional/Provisoire,,
05EA012,2026-08-05T14:35:00Z,47,1.88,,,Provisional/Provisoire,,
05EA012,2026-08-05T14:40:00Z,47,1.88,,,Provisional/Provisoire,,
05EA012,2026-08-05T14:45:00Z,47,1.88,,,Provisional/Provisoire,,
05EA012,2026-08-05T14:50:00Z,47,1.88,,,Provisional/Provisoire,,
05EA012,2026-08-05T14:55:00Z,47,1.88,,,Provisional/Provisoire,,
05EA012,2026-08-05T15:00:00Z,47,1.88,,,Provisional/Provisoire,,
05EA012,2026-08-05T15:05:00Z,47,1.88,,,Provisional/Provisoire,,
05EA012,2026-08-05T15:10:00Z,47,1.88,,,Provisional/Provisoire,,
05EA012,2026-08-05T15:15:00Z,47,1.88,,,Provisional/Provisoire,,
05EA012,2026-08-05T15:20:00Z,47,1.88,,,Provisional/Provisoire,,
05EA012,2026-08-05T15:25:00Z,47,1.88,,,Provisional/Provisoire,,
05EA012,2026-08-05T15:30:00Z,47,1.88,,,Provisional/Provisoire,,
05EA012,2026-08-05T15:35:00Z,47,1.88,,,Provisional/Provisoire,,
05EA012,2026-08-05T15:40:00Z,47,1.88,,,Provisional/Provisoire,,
05EA012,2026-08-05T15:45:00Z,47,1.88,,,Provisional/Provisoire,,
05EA012,2026-08-05T15:50:00Z,47,1.89,,,Provisional/Provisoire,,
05EA012,2026-08-05T15:55:00Z,47,1.88,,,Provisional/Provisoire,,
05EA012,2026-08-05T16:00:00Z,47,1.88,,,Provisional/Provisoire,,
05EA012,2026-08-05T16:05:00Z,47,1.90,,,Provisional/Provisoire,,
05EA012,2026-08-05T16:10:00Z,47,1.90,,,Provisional/Provisoire,,
05EA012,2026-08-05T16:15:00Z,47,1.91,,,Provisional/Provisoire,,
05EA012,2026-08-05T16:20:00Z,47,1.90,,,Provisional/Provisoire,,
05EA012,2026-08-05T16:25:00Z,47,1.90,,,Provisional/Provisoire,,
05EA012,2026-08-05T16:30:00Z,47,1.91,,,Provisional/Provisoire,,
05EA012,2026-08-05T16:35:00Z,47,1.91,,,Provisional/Provisoire,,
05EA012,2026-08-05T16:40:00Z,47,1.91,,,Provisional/Provisoire,,
05EA012,2026-08-05T16:45:00Z,47,1.92,,,Provisional/Provisoire,,
05EA012,2026-08-05T16:50:00Z,47,1.91,,,Provisional/Provisoire,,
05EA012,2026-08-05T16:55:00Z,47,1.90,,,Provisional/Provisoire,,
05EA012,2026-08-05T17:00:00Z,47,1.90,,,Provisional/Provisoire,,
05EA012,2026-08-05T17:05:00Z,47,1.90,,,Provisional/Provisoire,,
05EA012,2026-08-05T17:10:00Z,47,1.90,,,Provisional/Provisoire,,
05EA012,2026-08-05T17:15:00Z,47,1.90,,,Provisional/Provisoire,,
05EA012,2026-08-05T17:20:00Z,47,1.90,,,Provisional/Provisoire,,
05EA012,2026-08-05T17:25:00Z,47,1.89,,,Provisional/Provisoire,,
05EA012,2026-08-05T17:30:00Z,47,1.90,,,Provisional/Provisoire,,
05EA012,2026-08-05T17:35:00Z,47,1.90,,,Provisional/Provisoire,,
05EA012,2026-08-05T17:40:00Z,47,1.90,,,Provisional/Provisoire,,
05EA012,2026-08-05T17:45:00Z,47,1.90,,,Provisional/Provisoire,,
05EA012,2026-08-05T17:50:00Z,47,1.90,,,Provisional/Provisoire,,
05EA012,2026-08-05T17:55:00Z,47,1.90,,,Provisional/Provisoire,,
05EA012,2026-08-05T18:00:00Z,47,1.90,,,Provisional/Provisoire,,
05EA012,2026-08-05T18:05:00Z,47,1.91,,,Provisional/Provisoire,,
05EA012,2026-08-05T18:10:00Z,47,1.90,,,Provisional/Provisoire,,
05EA012,2026-08-05T18:15:00Z,47,1.91,,,Provisional/Provisoire,,
05EA012,2026-08-05T18:20:00Z,47,1.92,,,Provisional/Provisoire,,
05EA012,2026-08-05T18:25:00Z,47,1.91,,,Provisional/Provisoire,,
05EA012,2026-08-05T18:30:00Z,47,1.92,,,Provisional/Provisoire,,
05EA012,2026-08-05T18:35:00Z,47,1.92,,,Provisional/Provisoire,,
05EA012,2026-08-05T18:40:00Z,47,1.92,,,Provisional/Provisoire,,
05EA012,2026-08-05T18:45:00Z,47,1.91,,,Provisional/Provisoire,,
05EA012,2026-08-05T18:50:00Z,47,1.92,,,Provisional/Provisoire,,
05EA012,2026-08-05T18:55:00Z,47,1.92,,,Provisional/Provisoire,,
05EA012,2026-08-05T19:00:00Z,47,1.93,,,Provisional/Provisoire,,
05EA012,2026-08-05T19:05:00Z,47,1.93,,,Provisional/Provisoire,,
05EA012,2026-08-05T19:10:00Z,47,1.93,,,Provisional/Provisoire,,
05EA012,2026-08-05T19:15:00Z,47,1.92,,,Provisional/Provisoire,,
05EA012,2026-08-05T19:20:00Z,47,1.93,,,Provisional/Provisoire,,
05EA012,2026-08-05T19:25:00Z,47,1.93,,,Provisional/Provisoire,,
05EA012,2026-08-05T19:30:00Z,47,1.93,,,Provisional/Provisoire,,
05EA012,2026-08-05T19:35:00Z,47,1.94,,,Provisional/Provisoire,,
05EA012,2026-08-05T19:40:00Z,47,1.95,,,Provisional/Provisoire,,
05EA012,2026-08-05T19:45:00Z,47,1.95,,,Provisional/Provisoire,,
05EA012,2026-08-05T19:50:00Z,47,1.95,,,Provisional/Provisoire,,
05EA012,2026-08-05T19:55:00Z,47,1.95,,,Provisional/Provisoire,,
05EA012,2026-08-05T20:00:00Z,47,1.96,,,Provisional/Provisoire,,
05EA012,2026-08-05T20:05:00Z,47,1.96,,,Provisional/Provisoire,,
05EA012,2026-08-05T20:10:00Z,47,1.97,,,Provisional/Provisoire,,
05EA012,2026-08-05T20:15:00Z,47,1.97,,,Provisional/Provisoire,,
05EA012,2026-08-05T20:20:00Z,47,1.97,,,Provisional/Provisoire,,
05EA012,2026-08-05T20:25:00Z,47,1.98,,,Provisional/Provisoire,,
05EA012,2026-08-05T20:30:00Z,47,1.99,,,Provisional/Provisoire,,
05EA012,2026-08-05T20:35:00Z,47,1.99,,,Provisional/Provisoire,,
05EA012,2026-08-05T20:40:00Z,47,2.00,,,Provisional/Provisoire,,
05EA012,2026-08-05T20:45:00Z,47,2.01,,,Provisional/Provisoire,,
05EA012,2026-08-05T20:50:00Z,47,2.01,,,Provisional/Provisoire,,
05EA012,2026-08-05T20:55:00Z,47,2.01,,,Provisional/Provisoire,,
05EA012,2026-08-05T21:00:00Z,47,2.02,,,Provisional/Provisoire,,
05EA012,2026-08-05T21:05:00Z,47,2.04,,,Provisional/Provisoire,,
05EA012,2026-08-05T21:10:00Z,47,2.04,,,Provisional/Provisoire,,
05EA012,2026-08-05T21:15:00Z,47,2.05,,,Provisional/Provisoire,,
05EA012,2026-08-05T21:20:00Z,47,2.05,,,Provisional/Provisoire,,
05EA012,2026-08-05T21:25:00Z,47,2.06,,,Provisional/Provisoire,,
05EA012,2026-08-05T21:30:00Z,47,2.07,,,Provisional/Provisoire,,
05EA012,2026-08-05T21:35:00Z,47,2.08,,,Provisional/Provisoire,,
05EA012,2026-08-05T21:40:00Z,47,2.08,,,Provisional/Provisoire,,
05EA012,2026-08-05T21:45:00Z,47,2.10,,,Provisional/Provisoire,,
05EA012,2026-08-05T21:50:00Z,47,2.10,,,Provisional/Provisoire,,
05EA012,2026-08-05T21:55:00Z,47,2.11,,,Provisional/Provisoire,,
05EA012,2026-08-05T22:00:00Z,47,2.12,,,Provisional/Provisoire,,
05EA012,2026-08-05T22:05:00Z,47,2.13,,,Provisional/Provisoire,,
05EA012,2026-08-05T22:10:00Z,47,2.13,,,Provisional/Provisoire,,
05EA012,2026-08-05T22:15:00Z,47,2.14,,,Provisional/Provisoire,,
05EA012,2026-08-05T22:20:00Z,47,2.16,,,Provisional/Provisoire,,
05EA012,2026-08-05T22:25:00Z,47,2.16,,,Provisional/Provisoire,,
05EA012,2026-08-05T22:30:00Z,47,2.16,,,Provisional/Provisoire,,
05EA012,2026-08-05T22:35:00Z,47,2.18,,,Provisional/Provisoire,,
05EA012,2026-08-05T22:40:00Z,47,2.17,,,Provisional/Provisoire,,
05EA012,2026-08-05T22:45:00Z,47,2.18,,,Provisional/Provisoire,,
05EA012,2026-08-05T22:50:00Z,47,2.20,,,Provisional/Provisoire,,
05EA012,2026-08-05T22:55:00Z,47,2.21,,,Provisional/Provisoire,,
05EA012,2026-08-05T23:00:00Z,47,2.21,,,Provisional/Provisoire,,
05EA012,2026-08-05T23:05:00Z,47,2.21,,,Provisional/Provisoire,,
05EA012,2026-08-05T23:10:00Z,47,2.22,,,Provisional/Provisoire,,
05EA012,2026-08-05T23:15:00Z,47,2.23,,,Provisional/Provisoire,,
05EA012,2026-08-05T23:20:00Z,47,2.24,,,Provisional/Provisoire,,
05EA012,2026-08-05T23:25:00Z,47,2.25,,,Provisional/Provisoire,,
05EA012,2026-08-05T23:30:00Z,47,2.25,,,Provisional/Provisoire,,
05EA012,2026-08-05T23:35:00Z,47,2.26,,,Provisional/Provisoire,,
05EA012,2026-08-05T23:40:00Z,47,2.27,,,Provisional/Provisoire,,
05EA012,2026-08-05T23:45:00Z,47,2.26,,,Provisional/Provisoire,,
05EA012,2026-08-05T23:50:00Z,47,2.28,,,Provisional/Provisoire,,
05EA012,2026-08-05T23:55:00Z,47,2.28,,,Provisional/Provisoire,,
05EA012,2026-08-06T00:00:00Z,47,2.29,,,Provisional/Provisoire,,
05EA012,2026-08-06T00:05:00Z,47,2.29,,,Provisional/Provisoire,,
05EA012,2026-08-06T00:10:00Z,47,2.30,,,Provisional/Provisoire,,
05EA012,2026-08-06T00:15:00Z,47,2.31,,,Provisional/Provisoire,,
05EA012,2026-08-06T00:20:00Z,47,2.30,,,Provisional/Provisoire,,
05EA012,2026-08-06T00:25:00Z,47,2.33,,,Provisional/Provisoire,,
05EA012,2026-08-06T00:30:00Z,47,2.33,,,Provisional/Provisoire,,
05EA012,2026-08-06T00:35:00Z,47,2.33,,,Provisional/Provisoire,,
05EA012,2026-08-06T00:40:00Z,47,2.33,,,Provisional/Provisoire,,
05EA012,2026-08-06T00:45:00Z,47,2.33,,,Provisional/Provisoire,,
05EA012,2026-08-06T00:50:00Z,47,2.34,,,Provisional/Provisoire,,
05EA012,2026-08-06T00:55:00Z,47,2.35,,,Provisional/Provisoire,,
05EA012,2026-08-06T01:00:00Z,47,2.35,,,Provisional/Provisoire,,
05EA012,2026-08-06T01:05:00Z,47,2.36,,,Provisional/Provisoire,,
05EA012,2026-08-06T01:10:00Z,47,2.36,,,Provisional/Provisoire,,
05EA012,2026-08-06T01:15:00Z,47,2.36,,,Provisional/Provisoire,,
05EA012,2026-08-06T01:20:00Z,47,2.36,,,Provisional/Provisoire,,
05EA012,2026-08-06T01:25:00Z,47,2.38,,,Provisional/Provisoire,,
05EA012,2026-08-06T01:30:00Z,47,2.38,,,Provisional/Provisoire,,
05EA012,2026-08-06T01:35:00Z,47,2.38,,,Provisional/Provisoire,,
05EA012,2026-08-06T01:40:00Z,47,2.38,,,Provisional/Provisoire,,
05EA012,2026-08-06T01:45:00Z,47,2.39,,,Provisional/Provisoire,,
05EA012,2026-08-06T01:50:00Z,47,2.39,,,Provisional/Provisoire,,
05EA012,2026-08-06T01:55:00Z,47,2.39,,,Provisional/Provisoire,,
05EA012,2026-08-06T02:00:00Z,47,2.40,,,Provisional/Provisoire,,
05EA012,2026-08-06T02:05:00Z,47,2.40,,,Provisional/Provisoire,,
05EA012,2026-08-06T02:10:00Z,47,2.40,,,Provisional/Provisoire,,
05EA012,2026-08-06T02:15:00Z,47,2.40,,,Provisional/Provisoire,,
05EA012,2026-08-06T02:20:00Z,47,2.39,,,Provisional/Provisoire,,
05EA012,2026-08-06T02:25:00Z,47,2.40,,,Provisional/Provisoire,,
05EA012,2026-08-06T02:30:00Z,47,2.40,,,Provisional/Provisoire,,
05EA012,2026-08-06T02:35:00Z,47,2.42,,,Provisional/Provisoire,,
05EA012,2026-08-06T02:40:00Z,47,2.41,,,Provisional/Provisoire,,
05EA012,2026-08-06T02:45:00Z,47,2.42,,,Provisional/Provisoire,,
05EA012,2026-08-06T02:50:00Z,47,2.41,,,Provisional/Provisoire,,
05EA012,2026-08-06T02:55:00Z,47,2.42,,,Provisional/Provisoire,,
05EA012,2026-08-06T03:00:00Z,47,2.43,,,Provisional/Provisoire,,
05EA012,2026-08-06T03:05:00Z,47,2.42,,,Provisional/Provisoire,,
05EA012,2026-08-06T03:10:00Z,47,2.43,,,Provisional/Provisoire,,
05EA012,2026-08-06T03:15:00Z,47,2.43,,,Provisional/Provisoire,,
05EA012,2026-08-06T03:20:00Z,47,2.43,,,Provisional/Provisoire,,
05EA012,2026-08-06T03:25:00Z,47,2.43,,,Provisional/Provisoire,,
05EA012,2026-08-06T03:30:00Z,47,2.43,,,Provisional/Provisoire,,
05EA012,2026-08-06T03:35:00Z,47,2.43,,,Provisional/Provisoire,,
05EA012,2026-08-06T03:40:00Z,47,2.44,,,Provisional/Provisoire,,
05EA012,2026-08-06T03:45:00Z,47,2.43,,,Provisional/Provisoire,,
05EA012,2026-08-06T03:50:00Z,47,2.43,,,Provisional/Provisoire,,
05EA012,2026-08-06T03:55:00Z,47,2.43,,,Provisional/Provisoire,,
05EA012,2026-08-06T04:00:00Z,47,2.44,,,Provisional/Provisoire,,
05EA012,2026-08-06T04:05:00Z,47,2.44,,,Provisional/Provisoire,,
05EA012,2026-08-06T04:10:00Z,47,2.44,,,Provisional/Provisoire,,
05EA012,2026-08-06T04:15:00Z,47,2.44,,,Provisional/Provisoire,,
05EA012,2026-08-06T04:20:00Z,47,2.43,,,Provisional/Provisoire,,
05EA012,2026-08-06T04:25:00Z,47,2.44,,,Provisional/Provisoire,,
05EA012,2026-08-06T04:30:00Z,47,2.43,,,Provisional/Provisoire,,
05EA012,2026-08-06T04:35:00Z,47,2.44,,,Provisional/Provisoire,,
05EA012,2026-08-06T04:40:00Z,47,2.43,,,Provisional/Provisoire,,
05EA012,2026-08-06T04:45:00Z,47,2.44,,,Provisional/Provisoire,,
05EA012,2026-08-06T04:50:00Z,47,2.44,,,Provisional/Provisoire,,
05EA012,2026-08-06T04:55:00Z,47,2.43,,,Provisional/Provisoire,,
05EA012,2026-08-06T05:00:00Z,47,2.43,,,Provisional/Provisoire,,
05EA012,2026-08-06T05:05:00Z,47,2.43,,,Provisional/Provisoire,,
05EA012,2026-08-06T05:10:00Z,47,2.43,,,Provisional/Provisoire,,
05EA012,2026-08-06T05:15:00Z,47,2.42,,,Provisional/Provisoire,,
05EA012,2026-08-06T05:20:00Z,47,2.42,,,Provisional/Provisoire,,
05EA012,2026-08-06T05:25:00Z,47,2.43,,,Provisional/Provisoire,,
05EA012,2026-08-06T05:30:00Z,47,2.42,,,Provisional/Provisoire,,
05EA012,2026-08-06T05:35:00Z,47,2.43,,,Provisional/Provisoire,,
05EA012,2026-08-06T05:40:00Z,47,2.42,,,Provisional/Provisoire,,
05EA012,2026-08-06T05:45:00Z,47,2.42,,,Provisional/Provisoire,,
05EA012,2026-08-06T05:50:00Z,47,2.41,,,Provisional/Provisoire,,
05EA012,2026-08-06T05:55:00Z,47,2.42,,,Provisional/Provisoire,,
05EA012,2026-08-06T06:00:00Z,47,2.41,,,Provisional/Provisoire,,
05EA012,2026-08-06T06:05:00Z,47,2.42,,,Provisional/Provisoire,,
05EA012,2026-08-06T06:10:00Z,47,2.41,,,Provisional/Provisoire,,
05EA012,2026-08-06T06:15:00Z,47,2.40,,,Provisional/Provisoire,,
05EA012,2026-08-06T06:20:00Z,47,2.41,,,Provisional/Provisoire,,
05EA012,2026-08-06T06:25:00Z,47,2.41,,,Provisional/Provisoire,,
05EA012,2026-08-06T06:30:00Z,47,2.40,,,Provisional/Provisoire,,
05EA012,2026-08-06T06:35:00Z,47,2.40,,,Provisional/Provisoire,,
05EA012,2026-08-06T06:40:00Z,47,2.40,,,Provisional/Provisoire,,
05EA012,2026-08-06T06:45:00Z,47,2.40,,,Provisional/Provisoire,,
05EA012,2026-08-06T06:50:00Z,47,2.40,,,Provisional/Provisoire,,
05EA012,2026-08-06T06:55:00Z,47,2.38,,,Provisional/Provisoire,,
05EA012,2026-08-06T07:00:00Z,47,2.39,,,Provisional/Provisoire,,
05EA012,2026-08-06T07:05:00Z,47,2.38,,,Provisional/Provisoire,,
05EA012,2026-08-06T07:10:00Z,47,2.39,,,Provisional/Provisoire,,
05EA012,2026-08-06T07:15:00Z,47,2.38,,,Provisional/Provisoire,,
05EA012,2026-08-06T07:20:00Z,47,2.37,,,Provisional/Provisoire,,
05EA012,2026-08-06T07:25:00Z,47,2.38,,,Provisional/Provisoire,,
05EA012,2026-08-06T07:30:00Z,47,2.37,,,Provisional/Provisoire,,
05EA012,2026-08-06T07:35:00Z,47,2.37,,,Provisional/Provisoire,,
05EA012,2026-08-06T07:40:00Z,47,2.37,,,Provisional/Provisoire,,
05EA012,2026-08-06T07:45:00Z,47,2.36,,,Provisional/Provisoire,,
05EA012,2026-08-06T07:50:00Z,47,2.36,,,Provisional/Provisoire,,
05EA012,2026-08-06T07:55:00Z,47,2.37,,,Provisional/Provisoire,,
05EA012,2026-08-06T08:00:00Z,47,2.36,,,Provisional/Provisoire,,
05EA012,2026-08-06T08:05:00Z,47,2.37,,,Provisional/Provisoire,,
05EA012,2026-08-06T08:10:00Z,47,2.35,,,Provisional/Provisoire,,
05EA012,2026-08-06T08:15:00Z,47,2.35,,,Provisional/Provisoire,,
05EA012,2026-08-06T08:20:00Z,47,2.34,,,Provisional/Provisoire,,
05EA012,2026-08-06T08:25:00Z,47,2.34,,,Provisional/Provisoire,,
05EA012,2026-08-06T08:30:00Z,47,2.35,,,Provisional/Provisoire,,
05EA012,2026-08-06T08:35:00Z,47,2.35,,,Provisional/Provisoire,,
05EA012,2026-08-06T08:40:00Z,47,2.34,,,Provisional/Provisoire,,
05EA012,2026-08-06T08:45:00Z,47,2.33,,,Provisional/Provisoire,,
05EA012,2026-08-06T08:50:00Z,47,2.33,,,Provisional/Provisoire,,
05EA012,2026-08-06T08:55:00Z,47,2.32,,,Provisional/Provisoire,,
05EA012,2026-08-06T09:00:00Z,47,2.33,,,Provisional/Provisoire,,
05EA012,2026-08-06T09:05:00Z,47,2.31,,,Provisional/Provisoire,,
05EA012,2026-08-06T09:10:00Z,47,2.31,,,Provisional/Provisoire,,
05EA012,2026-08-06T09:15:00Z,47,2.31,,,Provisional/Provisoire,,
05EA012,2026-08-06T09:20:00Z,47,2.31,,,Provisional/Provisoire,,
05EA012,2026-08-06T09:25:00Z,47,2.32,,,Provisional/Provisoire,,
05EA012,2026-08-06T09:30:00Z,47,2.32,,,Provisional/Provisoire,,
05EA012,2026-08-06T09:35:00Z,47,2.30,,,Provisional/Provisoire,,
05EA012,2026-08-06T09:40:00Z,47,2.30,,,Provisional/Provisoire,,
05EA012,2026-08-06T09:45:00Z,47,2.30,,,Provisional/Provisoire,,
05EA012,2026-08-06T09:50:00Z,47,2.29,,,Provisional/Provisoire,,
05EA012,2026-08-06T09:55:00Z,47,2.30,,,Provisional/Provisoire,,
05EA012,2026-08-06T10:00:00Z,47,2.29,,,Provisional/Provisoire,,
05EA012,2026-08-06T10:05:00Z,47,2.30,,,Provisional/Provisoire,,
05EA012,2026-08-06T10:10:00Z,47,2.29,,,Provisional/Provisoire,,
05EA012,2026-08-06T10:15:00Z,47,2.28,,,Provisional/Provisoire,,
05EA012,2026-08-06T10:20:00Z,47,2.29,,,Provisional/Provisoire,,
05EA012,2026-08-06T10:25:00Z,47,2.28,,,Provisional/Provisoire,,
05EA012,2026-08-06T10:30:00Z,47,2.28,,,Provisional/Provisoire,,
05EA012,2026-08-06T10:35:00Z,47,2.28,,,Provisional/Provisoire,,
05EA012,2026-08-06T10:40:00Z,47,2.28,,,Provisional/Provisoire,,
05EA012,2026-08-06T10:45:00Z,47,2.26,,,Provisional/Provisoire,,
05EA012,2026-08-06T10:50:00Z,47,2.27,,,Provisional/Provisoire,,
05EA012,2026-08-06T10:55:00Z,47,2.26,,,Provisional/Provisoire,,
05EA012,2026-08-06T11:00:00Z,47,2.25,,,Provisional/Provisoire,,
05EA012,2026-08-06T11:05:00Z,47,2.26,,,Provisional/Provisoire,,
05EA012,2026-08-06T11:10:00Z,47,2.25,,,Provisional/Provisoire,,
05EA012,2026-08-06T11:15:00Z,47,2.23,,,Provisional/Provisoire,,
05EA012,2026-08-06T11:20:00Z,47,2.25,,,Provisional/Provisoire,,
05EA012,2026-08-06T11:25:00Z,47,2.25,,,Provisional/Provisoire,,
05EA012,2026-08-06T11:30:00Z,47,2.25,,,Provisional/Provisoire,,
05EA012,2026-08-06T11:35:00Z,47,2.25,,,Provisional/Provisoire,,
05EA012,2026-08-06T11:40:00Z,47,2.25,,,Provisional/Provisoire,,
05EA012,2026-08-06T11:45:00Z,47,2.25,,,Provisional/Provisoire,,
05EA012,2026-08-06T11:50:00Z,47,2.23,,,Provisional/Provisoire,,
05EA012,2026-08-06T11:55:00Z,47,2.24,,,Provisional/Provisoire,,
05EA012,2026-08-06T12:00:00Z,47,2.24,,,Provisional/Provisoire,,
05EA012,2026-08-06T12:05:00Z,47,2.23,,,Provisional/Provisoire,,
05EA012,2026-08-06T12:10:00Z,47,2.23,,,Provisional/Provisoire,,
05EA012,2026-08-06T12:15:00Z,47,2.23,,,Provisional/Provisoire,,
05EA012,2026-08-06T12:20:00Z,47,2.23,,,Provisional/Provisoire,,
05EA012,2026-08-06T12:25:00Z,47,2.23,,,Provisional/Provisoire,,
05EA012,2026-08-06T12:30:00Z,47,2.22,,,Provisional/Provisoire,,
05EA012,2026-08-06T12:35:00Z,47,2.21,,,Provisional/Provisoire,,
05EA012,2026-08-06T12:40:00Z,47,2.22,,,Provisional/Provisoire,,
05EA012,2026-08-06T12:45:00Z,47,2.22,,,Provisional/Provisoire,,
05EA012,2026-08-06T12:50:00Z,47,2.21,,,Provisional/Provisoire,,
05EA012,2026-08-06T12:55:00Z,47,2.21,,,Provisional/Provisoire,,
05EA012,2026-08-06T13:00:00Z,47,2.20,,,Provisional/Provisoire,,
05EA012,2026-08-06T13:05:00Z,47,2.21,,,Provisional/Provisoire,,
05EA012,2026-08-06T13:10:00Z,47,2.20,,,Provisional/Provisoire,,
05EA012,2026-08-06T13:15:00Z,47,2.20,,,Provisional/Provisoire,,
05EA012,2026-08-06T13:20:00Z,47,2.20,,,Provisional/Provisoire,,
05EA012,2026-08-06T13:25:00Z,47,2.21,,,Provisional/Provisoire,,
05EA012,2026-08-06T13:30:00Z,47,2.20,,,Provisional/Provisoire,,
05EA012,2026-08-06T13:35:00Z,47,2.20,,,Provisional/Provisoire,,
05EA012,2026-08-06T13:40:00Z,47,2.20,,,Provisional/Provisoire,,
05EA012,2026-08-06T13:45:00Z,47,2.19,,,Provisional/Provisoire,,
05EA012,2026-08-06T13:50:00Z,47,2.20,,,Provisional/Provisoire,,
05EA012,2026-08-06T13:55:00Z,47,2.20,,,Provisional/Provisoire,,
05EA012,2026-08-06T14:00:00Z,47,2.19,,,Provisional/Provisoire,,
05EA012,2026-08-06T14:05:00Z,47,2.18,,,Provisional/Provisoire,,
05EA012,2026-08-06T14:10:00Z,47,2.18,,,Provisional/Provisoire,,
05EA012,2026-08-06T14:15:00Z,47,2.19,,,Provisional/Provisoire,,
05EA012,2026-08-06T14:20:00Z,47,2.18,,,Provisional/Provisoire,,
05EA012,2026-08-06T14:25:00Z,47,2.18,,,Provisional/Provisoire,,
05EA012,2026-08-06T14:30:00Z,47,2.19,,,Provisional/Provisoire,,
05EA012,2026-08-06T14:35:00Z,47,2.18,,,Provisional/Provisoire,,
05EA012,2026-08-06T14:40:00Z,47,2.18,,,Provisional/Provisoire,,
05EA012,2026-08-06T14:45:00Z,47,2.17,,,Provisional/Provisoire,,
05EA012,2026-08-06T14:50:00Z,47,2.17,,,Provisional/Provisoire,,
05EA012,2026-08-06T14:55:00Z,47,2.18,,,Provisional/Provisoire,,
05EA012,2026-08-06T15:00:00Z,47,2.17,,,Provisional/Provisoire,,
05EA012,2026-08-06T15:05:00Z,47,2.17,,,Provisional/Provisoire,,
05EA012,2026-08-06T15:10:00Z,47,2.17,,,Provisional/Provisoire,,
05EA012,2026-08-06T15:15:00Z,47,2.17,,,Provisional/Provisoire,,
05EA012,2026-08-06T15:20:00Z,47,2.16,,,Provisional/Provisoire,,
05EA012,2026-08-06T15:25:00Z,47,2.16,,,Provisional/Provisoire,,
05EA012,2026-08-06T15:30:00Z,47,2.16,,,Provisional/Provisoire,,
05EA012,2026-08-06T15:35:00Z,47,2.16,,,Provisional/Provisoire,,
05EA012,2026-08-06T15:40:00Z,47,2.16,,,Provisional/Provisoire,,
05EA012,2026-08-06T15:45:00Z,47,2.16,,,Provisional/Provisoire,,
05EA012,2026-08-06T15:50:00Z,47,2.16,,,Provisional/Provisoire,,
05EA012,2026-08-06T15:55:00Z,47,2.15,,,Provisional/Provisoire,,
05EA012,2026-08-06T16:00:00Z,47,2.16,,,Provisional/Provisoire,,
05EA012,2026-08-06T16:05:00Z,47,2.15,,,Provisional/Provisoire,,
05EA012,2026-08-06T16:10:00Z,47,2.15,,,Provisional/Provisoire,,
05EA012,2026-08-06T16:15:00Z,47,2.14,,,Provisional/Provisoire,,
05EA012,2026-08-06T16:20:00Z,47,2.15,,,Provisional/Provisoire,,
05EA012,2026-08-06T16:25:00Z,47,2.15,,,Provisional/Provisoire,,
05EA012,2026-08-06T16:30:00Z,47,2.14,,,Provisional/Provisoire,,
05EA012,2026-08-06T16:35:00Z,47,2.13,,,Provisional/Provisoire,,
05EA012,2026-08-06T16:40:00Z,47,2.14,,,Provisional/Provisoire,,
05EA012,2026-08-06T16:45:00Z,47,2.14,,,Provisional/Provisoire,,
05EA012,2026-08-06T16:50:00Z,47,2.14,,,Provisional/Provisoire,,
05EA012,2026-08-06T16:55:00Z,47,2.13,,,Provisional/Provisoire,,
05EA012,2026-08-06T17:00:00Z,47,2.14,,,Provisional/Provisoire,,
05EA012,2026-08-06T17:05:00Z,47,2.13,,,Provisional/Provisoire,,
05EA012,2026-08-06T17:10:00Z,47,2.13,,,Provisional/Provisoire,,
05EA012,2026-08-06T17:15:00Z,47,2.13,,,Provisional/Provisoire,,
05EA012,2026-08-06T17:20:00Z,47,2.13,,,Provisional/Provisoire,,
05EA012,2026-08-06T17:25:00Z,47,2.13,,,Provisional/Provisoire,,
05EA012,2026-08-06T17:30:00Z,47,2.13,,,Provisional/Provisoire,,
05EA012,2026-08-06T17:35:00Z,47,2.12,,,Provisional/Provisoire,,
05EA012,2026-08-06T17:40:00Z,47,2.12,,,Provisional/Provisoire,,
05EA012,2026-08-06T17:45:00Z,47,2.12,,,Provisional/Provisoire,,
05EA012,2026-08-06T17:50:00Z,47,2.12,,,Provisional/Provisoire,,
05EA012,2026-08-06T17:55:00Z,47,2.11,,,Provisional/Provisoire,,
05EA012,2026-08-06T18:00:00Z,47,2.11,,,Provisional/Provisoire,,
05EA012,2026-08-06T18:05:00Z,47,2.11,,,Provisional/Provisoire,,
05EA012,2026-08-06T18:10:00Z,47,2.11,,,Provisional/Provisoire,,
05EA012,2026-08-06T18:15:00Z,47,2.11,,,Provisional/Provisoire,,
05EA012,2026-08-06T18:20:00Z,47,2.10,,,Provisional/Provisoire,,
05EA012,2026-08-06T18:25:00Z,47,2.10,,,Provisional/Provisoire,,
05EA012,2026-08-06T18:30:00Z,47,2.09,,,Provisional/Provisoire,,
05EA012,2026-08-06T18:35:00Z,47,2.10,,,Provisional/Provisoire,,
05EA012,2026-08-06T18:40:00Z,47,2.10,,,Provisional/Provisoire,,
05EA012,2026-08-06T18:45:00Z,47,2.10,,,Provisional/Provisoire,,
05EA012,2026-08-06T18:50:00Z,47,2.09,,,Provisional/Provisoire,,
05EA012,2026-08-06T18:55:00Z,47,2.09,,,Provisional/Provisoire,,
05EA012,2026-08-06T19:00:00Z,47,2.09,,,Provisional/Provisoire,,
05EA012,2026-08-06T19:05:00Z,47,2.09,,,Provisional/Provisoire,,
05EA012,2026-08-06T19:10:00Z,47,2.09,,,Provisional/Provisoire,,
05EA012,2026-08-06T19:15:00Z,47,2.10,,,Provisional/Provisoire,,
05EA012,2026-08-06T19:20:00Z,47,2.08,,,Provisional/Provisoire,,
05EA012,2026-08-06T19:25:00Z,47,2.08,,,Provisional/Provisoire,,
05EA012,2026-08-06T19:30:00Z,47,2.09,,,Provisional/Provisoire,,
05EA012,2026-08-06T19:35:00Z,47,2.08,,,Provisional/Provisoire,,
05EA012,2026-08-06T19:40:00Z,47,2.09,,,Provisional/Provisoire,,
05EA012,2026-08-06T19:45:00Z,47,2.09,,,Provisional/Provisoire,,
05EA012,2026-08-06T19:50:00Z,47,2.09,,,Provisional/Provisoire,,
05EA012,2026-08-06T19:55:00Z,47,2.08,,,Provisional/Provisoire,,
05EA012,2026-08-06T20:00:00Z,47,2.08,,,Provisional/Provisoire,,
05EA012,2026-08-06T20:05:00Z,47,2.08,,,Provisional/Provisoire,,
05EA012,2026-08-06T20:10:00Z,47,2.08,,,Provisional/Provisoire,,
05EA012,2026-08-06T20:15:00Z,47,2.08,,,Provisional/Provisoire,,
05EA012,2026-08-06T20:20:00Z,47,2.07,,,Provisional/Provisoire,,
05EA012,2026-08-06T20:25:00Z,47,2.08,,,Provisional/Provisoire,,
05EA012,2026-08-06T20:30:00Z,47,2.07,,,Provisional/Provisoire,,
05EA012,2026-08-06T20:35:00Z,47,2.08,,,Provisional/Provisoire,,
05EA012,2026-08-06T20:40:00Z,47,2.08,,,Provisional/Provisoire,,
05EA012,2026-08-06T20:45:00Z,47,2.07,,,Provisional/Provisoire,,
05EA012,2026-08-06T20:50:00Z,47,2.07,,,Provisional/Provisoire,,
05EA012,2026-08-06T20:55:00Z,47,2.07,,,Provisional/Provisoire,,
05EA012,2026-08-06T21:00:00Z,47,2.06,,,Provisional/Provisoire,,
05EA012,2026-08-06T21:05:00Z,47,2.06,,,Provisional/Provisoire,,
05EA012,2026-08-06T21:10:00Z,47,2.06,,,Provisional/Provisoire,,
05EA012,2026-08-06T21:15:00Z,47,2.07,,,Provisional/Provisoire,,
05EA012,2026-08-06T21:20:00Z,47,2.06,,,Provisional/Provisoire,,
05EA012,2026-08-06T21:25:00Z,47,2.07,,,Provisional/Provisoire,,
05EA012,2026-08-06T21:30:00Z,47,2.07,,,Provisional/Provisoire,,
05EA012,2026-08-06T21:35:00Z,47,2.06,,,Provisional/Provisoire,,
05EA012,2026-08-06T21:40:00Z,47,2.06,,,Provisional/Provisoire,,
05EA012,2026-08-06T21:45:00Z,47,2.06,,,Provisional/Provisoire,,
05EA012,2026-08-06T21:50:00Z,47,2.06,,,Provisional/Provisoire,,
05EA012,2026-08-06T21:55:00Z,47,2.06,,,Provisional/Provisoire,,
05EA012,2026-08-06T22:00:00Z,47,2.06,,,Provisional/Provisoire,,
05EA012,2026-08-06T22:05:00Z,47,2.06,,,Provisional/Provisoire,,
05EA012,2026-08-06T22:10:00Z,47,2.05,,,Provisional/Provisoire,,
05EA012,2026-08-06T22:15:00Z,47,2.05,,,Provisional/Provisoire,,
05EA012,2026-08-06T22:20:00Z,47,2.06,,,Provisional/Provisoire,,
05EA012,2026-08-06T22:25:00Z,47,2.05,,,Provisional/Provisoire,,
05EA012,2026-08-06T22:30:00Z,47,2.05,,,Provisional/Provisoire,,
05EA012,2026-08-06T22:35:00Z,47,2.05,,,Provisional/Provisoire,,
05EA012,2026-08-06T22:40:00Z,47,2.05,,,Provisional/Provisoire,,
05EA012,2026-08-06T22:45:00Z,47,2.05,,,Provisional/Provisoire,,
05EA012,2026-08-06T22:50:00Z,47,2.05,,,Provisional/Provisoire,,
05EA012,2026-08-06T22:55:00Z,47,2.05,,,Provisional/Provisoire,,
05EA012,2026-08-06T23:00:00Z,47,2.05,,,Provisional/Provisoire,,
05EA012,2026-08-06T23:05:00Z,47,2.05,,,Provisional/Provisoire,,
05EA012,2026-08-06T23:10:00Z,47,2.05,,,Provisional/Provisoire,,
05EA012,2026-08-06T23:15:00Z,47,2.05,,,Provisional/Provisoire,,
05EA012,2026-08-06T23:20:00Z,47,2.05,,,Provisional/Provisoire,,
05EA012,2026-08-06T23:25:00Z,47,2.04,,,Provisional/Provisoire,,
05EA012,2026-08-06T23:30:00Z,47,2.04,,,Provisional/Provisoire,,
05EA012,2026-08-06T23:35:00Z,47,2.04,,,Provisional/Provisoire,,
05EA012,2026-08-06T23:40:00Z,47,2.03,,,Provisional/Provisoire,,
05EA012,2026-08-06T23:45:00Z,47,2.04,,,Provisional/Provisoire,,
05EA012,2026-08-06T23:50:00Z,47,2.03,,,Provisional/Provisoire,,
05EA012,2026-08-06T23:55:00Z,47,2.04,,,Provisional/Provisoire,,
05EA012,2026-08-07T00:00:00Z,47,2.03,,,Provisional/Provisoire,,
05EA012,2026-08-07T00:05:00Z,47,2.04,,,Provisional/Provisoire,,
05EA012,2026-08-07T00:10:00Z,47,2.03,,,Provisional/Provisoire,,
05EA012,2026-08-07T00:15:00Z,47,2.03,,,Provisional/Provisoire,,
05EA012,2026-08-07T00:20:00Z,47,2.03,,,Provisional/Provisoire,,
05EA012,2026-08-07T00:25:00Z,47,2.03,,,Provisional/Provisoire,,
05EA012,2026-08-07T00:30:00Z,47,2.03,,,Provisional/Provisoire,,
05EA012,2026-08-07T00:35:00Z,47,2.03,,,Provisional/Provisoire,,
05EA012,2026-08-07T00:40:00Z,47,2.03,,,Provisional/Provisoire,,
05EA012,2026-08-07T00:45:00Z,47,2.03,,,Provisional/Provisoire,,
05EA012,2026-08-07T00:50:00Z,47,2.03,,,Provisional/Provisoire,,
05EA012,2026-08-07T00:55:00Z,47,2.02,,,Provisional/Provisoire,,
05EA012,2026-08-07T01:00:00Z,47,2.02,,,Provisional/Provisoire,,
05EA012,2026-08-07T01:05:00Z,47,2.03,,,Provisional/Provisoire,,
05EA012,2026-08-07T01:10:00Z,47,2.02,,,Provisional/Provisoire,,
05EA012,2026-08-07T01:15:00Z,47,2.02,,,Provisional/Provisoire,,
05EA012,2026-08-07T01:20:00Z,47,2.03,,,Provisional/Provisoire,,
05EA012,2026-08-07T01:25:00Z,47,2.02,,,Provisional/Provisoire,,
05EA012,2026-08-07T01:30:00Z,47,2.03,,,Provisional/Provisoire,,
05EA012,2026-08-07T01:35:00Z,47,2.01,,,Provisional/Provisoire,,
05EA012,2026-08-07T01:40:00Z,47,2.01,,,Provisional/Provisoire,,
05EA012,2026-08-07T01:45:00Z,47,2.02,,,Provisional/Provisoire,,
05EA012,2026-08-07T01:50:00Z,47,2.01,,,Provisional/Provisoire,,
05EA012,2026-08-07T01:55:00Z,47,2.01,,,Provisional/Provisoire,,
05EA012,2026-08-07T02:00:00Z,47,2.02,,,Provisional/Provisoire,,
05EA012,2026-08-07T02:05:00Z,47,2.01,,,Provisional/Provisoire,,
05EA012,2026-08-07T02:10:00Z,47,2.01,,,Provisional/Provisoire,,
05EA012,2026-08-07T02:15:00Z,47,2.01,,,Provisional/Provisoire,,
05EA012,2026-08-07T02:20:00Z,47,2.01,,,Provisional/Provisoire,,
05EA012,2026-08-07T02:25:00Z,47,2.01,,,Provisional/Provisoire,,
05EA012,2026-08-07T02:30:00Z,47,2.00,,,Provisional/Provisoire,,
05EA012,2026-08-07T02:35:00Z,47,2.01,,,Provisional/Provisoire,,
05EA012,2026-08-07T02:40:00Z,47,2.01,,,Provisional/Provisoire,,
05EA012,2026-08-07T02:45:00Z,47,2.00,,,Provisional/Provisoire,,
05EA012,2026-08-07T02:50:00Z,47,2.00,,,Provisional/Provisoire,,
05EA012,2026-08-07T02:55:00Z,47,2.01,,,Provisional/Provisoire,,
05EA012,2026-08-07T03:00:00Z,47,2.00,,,Provisional/Provisoire,,
05EA012,2026-08-07T03:05:00Z,47,2.01,,,Provisional/Provisoire,,
05EA012,2026-08-07T03:10:00Z,47,2.00,,,Provisional/Provisoire,,
05EA012,2026-08-07T03:15:00Z,47,2.00,,,Provisional/Provisoire,,
05EA012,2026-08-07T03:20:00Z,47,2.00,,,Provisional/Provisoire,,
05EA012,2026-08-07T03:25:00Z,47,2.01,,,Provisional/Provisoire,,
05EA012,2026-08-07T03:30:00Z,47,2.01,,,Provisional/Provisoire,,
05EA012,2026-08-07T03:35:00Z,47,2.00,,,Provisional/Provisoire,,
05EA012,2026-08-07T03:40:00Z,47,2.00,,,Provisional/Provisoire,,
05EA012,2026-08-07T03:45:00Z,47,2.00,,,Provisional/Provisoire,,
05EA012,2026-08-07T03:50:00Z,47,2.00,,,Provisional/Provisoire,,
05EA012,2026-08-07T03:55:00Z,47,2.00,,,Provisional/Provisoire,,
05EA012,2026-08-07T04:00:00Z,47,1.99,,,Provisional/Provisoire,,
05EA012,2026-08-07T04:05:00Z,47,1.99,,,Provisional/Provisoire,,
05EA012,2026-08-07T04:10:00Z,47,1.99,,,Provisional/Provisoire,,
05EA012,2026-08-07T04:15:00Z,47,1.99,,,Provisional/Provisoire,,
05EA012,2026-08-07T04:20:00Z,47,1.99,,,Provisional/Provisoire,,
05EA012,2026-08-07T04:25:00Z,47,1.99,,,Provisional/Provisoire,,
05EA012,2026-08-07T04:30:00Z,47,1.99,,,Provisional/Provisoire,,
05EA012,2026-08-07T04:35:00Z,47,1.99,,,Provisional/Provisoire,,
05EA012,2026-08-07T04:40:00Z,47,1.99,,,Provisional/Provisoire,,
05EA012,2026-08-07T04:45:00Z,47,1.99,,,Provisional/Provisoire,,
05EA012,2026-08-07T04:50:00Z,47,1.98,,,Provisional/Provisoire,,
05EA012,2026-08-07T04:55:00Z,47,1.98,,,Provisional/Provisoire,,
05EA012,2026-08-07T05:00:00Z,47,1.99,,,Provisional/Provisoire,,
05EA012,2026-08-07T05:05:00Z,47,1.98,,,Provisional/Provisoire,,
05EA012,2026-08-07T05:10:00Z,47,1.98,,,Provisional/Provisoire,,
05EA012,2026-08-07T05:15:00Z,47,1.99,,,Provisional/Provisoire,,
05EA012,2026-08-07T05:20:00Z,47,1.98,,,Provisional/Provisoire,,
05EA012,2026-08-07T05:25:00Z,47,1.98,,,Provisional/Provisoire,,
05EA012,2026-08-07T05:30:00Z,47,1.98,,,Provisional/Provisoire,,
05EA012,2026-08-07T05:35:00Z,47,1.98,,,Provisional/Provisoire,,
05EA012,2026-08-07T05:40:00Z,47,1.98,,,Provisional/Provisoire,,
05EA012,2026-08-07T05:45:00Z,47,1.97,,,Provisional/Provisoire,,
05EA012,2026-08-07T05:50:00Z,47,1.98,,,Provisional/Provisoire,,
05EA012,2026-08-07T05:55:00Z,47,1.98,,,Provisional/Provisoire,,
05EA012,2026-08-07T06:00:00Z,47,1.98,,,Provisional/Provisoire,,
05EA012,2026-08-07T06:05:00Z,47,1.96,,,Provisional/Provisoire,,
05EA012,2026-08-07T06:10:00Z,47,1.97,,,Provisional/Provisoire,,
05EA012,2026-08-07T06:15:00Z,47,1.98,,,Provisional/Provisoire,,
05EA012,2026-08-07T06:20:00Z,47,1.97,,,Provisional/Provisoire,,
05EA012,2026-08-07T06:25:00Z,47,1.97,,,Provisional/Provisoire,,
05EA012,2026-08-07T06:30:00Z,47,1.97,,,Provisional/Provisoire,,
05EA012,2026-08-07T06:35:00Z,47,1.97,,,Provisional/Provisoire,,
05EA012,2026-08-07T06:40:00Z,47,1.97,,,Provisional/Provisoire,,
05EA012,2026-08-07T06:45:00Z,47,1.97,,,Provisional/Provisoire,,
05EA012,2026-08-07T06:50:00Z,47,1.96,,,Provisional/Provisoire,,
05EA012,2026-08-07T06:55:00Z,47,1.97,,,Provisional/Provisoire,,
05EA012,2026-08-07T07:00:00Z,47,1.97,,,Provisional/Provisoire,,
05EA012,2026-08-07T07:05:00Z,47,1.96,,,Provisional/Provisoire,,
05EA012,2026-08-07T07:10:00Z,47,1.96,,,Provisional/Provisoire,,
05EA012,2026-08-07T07:15:00Z,47,1.97,,,Provisional/Provisoire,,
05EA012,2026-08-07T07:20:00Z,47,1.97,,,Provisional/Provisoire,,
05EA012,2026-08-07T07:25:00Z,47,1.96,,,Provisional/Provisoire,,
05EA012,2026-08-07T07:30:00Z,47,1.96,,,Provisional/Provisoire,,
05EA012,2026-08-07T07:35:00Z,47,1.96,,,Provisional/Provisoire,,
05EA012,2026-08-07T07:40:00Z,47,1.96,,,Provisional/Provisoire,,
05EA012,2026-08-07T07:45:00Z,47,1.96,,,Provisional/Provisoire,,
05EA012,2026-08-07T07:50:00Z,47,1.95,,,Provisional/Provisoire,,
05EA012,2026-08-07T07:55:00Z,47,1.95,,,Provisional/Provisoire,,
05EA012,2026-08-07T08:00:00Z,47,1.95,,,Provisional/Provisoire,,
05EA012,2026-08-07T08:05:00Z,47,1.95,,,Provisional/Provisoire,,
05EA012,2026-08-07T08:10:00Z,47,1.95,,,Provisional/Provisoire,,
05EA012,2026-08-07T08:15:00Z,47,1.94,,,Provisional/Provisoire,,
05EA012,2026-08-07T08:20:00Z,47,1.95,,,Provisional/Provisoire,,
05EA012,2026-08-07T08:25:00Z,47,1.95,,,Provisional/Provisoire,,
05EA012,2026-08-07T08:30:00Z,47,1.94,,,Provisional/Provisoire,,
05EA012,2026-08-07T08:35:00Z,47,1.94,,,Provisional/Provisoire,,
05EA012,2026-08-07T08:40:00Z,47,1.95,,,Provisional/Provisoire,,
05EA012,2026-08-07T08:45:00Z,47,1.95,,,Provisional/Provisoire,,
05EA012,2026-08-07T08:50:00Z,47,1.95,,,Provisional/Provisoire,,
05EA012,2026-08-07T08:55:00Z,47,1.94,,,Provisional/Provisoire,,
05EA012,2026-08-07T09:00:00Z,47,1.93,,,Provisional/Provisoire,,
05EA012,2026-08-07T09:05:00Z,47,1.94,,,Provisional/Provisoire,,
05EA012,2026-08-07T09:10:00Z,47,1.93,,,Provisional/Provisoire,,
05EA012,2026-08-07T09:15:00Z,47,1.93,,,Provisional/Provisoire,,
05EA012,2026-08-07T09:20:00Z,47,1.93,,,Provisional/Provisoire,,
05EA012,2026-08-07T09:25:00Z,47,1.93,,,Provisional/Provisoire,,
05EA012,2026-08-07T09:30:00Z,47,1.93,,,Provisional/Provisoire,,
05EA012,2026-08-07T09:35:00Z,47,1.93,,,Provisional/Provisoire,,
05EA012,2026-08-07T09:40:00Z,47,1.93,,,Provisional/Provisoire,,
05EA012,2026-08-07T09:45:00Z,47,1.93,,,Provisional/Provisoire,,
05EA012,2026-08-07T09:50:00Z,47,1.93,,,Provisional/Provisoire,,
05EA012,2026-08-07T09:55:00Z,47,1.93,,,Provisional/Provisoire,,
05EA012,2026-08-07T10:00:00Z,47,1.93,,,Provisional/Provisoire,,
05EA012,2026-08-07T10:05:00Z,47,1.93,,,Provisional/Provisoire,,
05EA012,2026-08-07T10:10:00Z,47,1.92,,,Provisional/Provisoire,,
05EA012,2026-08-07T10:15:00Z,47,1.93,,,Provisional/Provisoire,,
05EA012,2026-08-07T10:20:00Z,47,1.92,,,Provisional/Provisoire,,
05EA012,2026-08-07T10:25:00Z,47,1.92,,,Provisional/Provisoire,,
05EA012,2026-08-07T10:30:00Z,47,1.92,,,Provisional/Provisoire,,
05EA012,2026-08-07T10:35:00Z,47,1.92,,,Provisional/Provisoire,,
05EA012,2026-08-07T10:40:00Z,47,1.92,,,Provisional/Provisoire,,
05EA012,2026-08-07T10:45:00Z,47,1.93,,,Provisional/Provisoire,,
05EA012,2026-08-07T10:50:00Z,47,1.93,,,Provisional/Provisoire,,
05EA012,2026-08-07T10:55:00Z,47,1.93,,,Provisional/Provisoire,,
05EA012,2026-08-07T11:00:00Z,47,1.92,,,Provisional/Provisoire,,
05EA012,2026-08-07T11:05:00Z,47,1.92,,,Provisional/Provisoire,,
05EA012,2026-08-07T11:10:00Z,47,1.92,,,Provisional/Provisoire,,
05EA012,2026-08-07T11:15:00Z,47,1.92,,,Provisional/Provisoire,,
05EA012,2026-08-07T11:20:00Z,47,1.92,,,Provisional/Provisoire,,
05EA012,2026-08-07T11:25:00Z,47,1.92,,,Provisional/Provisoire,,
05EA012,2026-08-07T11:30:00Z,47,1.92,,,Provisional/Provisoire,,
05EA012,2026-08-07T11:35:00Z,47,1.92,,,Provisional/Provisoire,,
05EA012,2026-08-07T11:40:00Z,47,1.92,,,Provisional/Provisoire,,
05EA012,2026-08-07T11:45:00Z,47,1.92,,,Provisional/Provisoire,,
05EA012,2026-08-07T11:50:00Z,47,1.92,,,Provisional/Provisoire,,
05EA012,2026-08-07T11:55:00Z,47,1.91,,,Provisional/Provisoire,,
05EA012,2026-08-07T12:00:00Z,47,1.91,,,Provisional/Provisoire,,
05EA012,2026-08-07T12:05:00Z,47,1.92,,,Provisional/Provisoire,,
05EA012,2026-08-07T12:10:00Z,47,1.91,,,Provisional/Provisoire,,
05EA012,2026-08-07T12:15:00Z,47,1.91,,,Provisional/Provisoire,,
05EA012,2026-08-07T12:20:00Z,47,1.91,,,Provisional/Provisoire,,
05EA012,2026-08-07T12:25:00Z,47,1.91,,,Provisional/Provisoire,,
05EA012,2026-08-07T12:30:00Z,47,1.91,,,Provisional/Provisoire,,
05EA012,2026-08-07T12:35:00Z,47,1.91,,,Provisional/Provisoire,,
05EA012,2026-08-07T12:40:00Z,47,1.90,,,Provisional/Provisoire,,
05EA012,2026-08-07T12:45:00Z,47,1.91,,,Provisional/Provisoire,,
05EA012,2026-08-07T12:50:00Z,47,1.90,,,Provisional/Provisoire,,
05EA012,2026-08-07T12:55:00Z,47,1.90,,,Provisional/Provisoire,,
05EA012,2026-08-07T13:00:00Z,47,1.90,,,Provisional/Provisoire,,
05EA012,2026-08-07T13:05:00Z,47,1.90,,,Provisional/Provisoire,,
05EA012,2026-08-07T13:10:00Z,47,1.90,,,Provisional/Provisoire,,
05EA012,2026-08-07T13:15:00Z,47,1.90,,,Provisional/Provisoire,,
05EA012,2026-08-07T13:20:00Z,47,1.90,,,Provisional/Provisoire,,
05EA012,2026-08-07T13:25:00Z,47,1.89,,,Provisional/Provisoire,,
05EA012,2026-08-07T13:30:00Z,47,1.90,,,Provisional/Provisoire,,
05EA012,2026-08-07T13:35:00Z,47,1.90,,,Provisional/Provisoire,,
05EA012,2026-08-07T13:40:00Z,47,1.90,,,Provisional/Provisoire,,
05EA012,2026-08-07T13:45:00Z,47,1.90,,,Provisional/Provisoire,,
05EA012,2026-08-07T13:50:00Z,47,1.89,,,Provisional/Provisoire,,
05EA012,2026-08-07T13:55:00Z,47,1.90,,,Provisional/Provisoire,,
05EA012,2026-08-07T14:00:00Z,47,1.90,,,Provisional/Provisoire,,
05EA012,2026-08-07T14:05:00Z,47,1.88,,,Provisional/Provisoire,,
05EA012,2026-08-07T14:10:00Z,47,1.89,,,Provisional/Provisoire,,
05EA012,2026-08-07T14:15:00Z,47,1.89,,,Provisional/Provisoire,,
05EA012,2026-08-07T14:20:00Z,47,1.88,,,Provisional/Provisoire,,
05EA012,2026-08-07T14:25:00Z,47,1.89,,,Provisional/Provisoire,,
05EA012,2026-08-07T14:30:00Z,47,1.89,,,Provisional/Provisoire,,
05EA012,2026-08-07T14:35:00Z,47,1.89,,,Provisional/Provisoire,,
05EA012,2026-08-07T14:40:00Z,47,1.89,,,Provisional/Provisoire,,
05EA012,2026-08-07T14:45:00Z,47,1.89,,,Provisional/Provisoire,,
05EA012,2026-08-07T14:50:00Z,47,1.88,,,Provisional/Provisoire,,
05EA012,2026-08-07T14:55:00Z,47,1.88,,,Provisional/Provisoire,,
05EA012,2026-08-07T15:00:00Z,47,1.89,,,Provisional/Provisoire,,
05EA012,2026-08-07T15:05:00Z,47,1.88,,,Provisional/Provisoire,,
05EA012,2026-08-07T15:10:00Z,47,1.88,,,Provisional/Provisoire,,
05EA012,2026-08-07T15:15:00Z,47,1.88,,,Provisional/Provisoire,,
05EA012,2026-08-07T15:20:00Z,47,1.88,,,Provisional/Provisoire,,
05EA012,2026-08-07T15:25:00Z,47,1.88,,,Provisional/Provisoire,,
05EA012,2026-08-07T15:30:00Z,47,1.88,,,Provisional/Provisoire,,
05EA012,2026-08-07T15:35:00Z,47,1.88,,,Provisional/Provisoire,,
05EA012,2026-08-07T15:40:00Z,47,1.88,,,Provisional/Provisoire,,
05EA012,2026-08-07T15:45:00Z,47,1.87,,,Provisional/Provisoire,,
05EA012,2026-08-07T15:50:00Z,47,1.88,,,Provisional/Provisoire,,
05EA012,2026-08-07T15:55:00Z,47,1.88,,,Provisional/Provisoire,,
05EA012,2026-08-07T16:00:00Z,47,1.88,,,Provisional/Provisoire,,
05EA012,2026-08-07T16:05:00Z,47,1.88,,,Provisional/Provisoire,,
05EA012,2026-08-07T16:10:00Z,47,1.88,,,Provisional/Provisoire,,
05EA012,2026-08-07T16:15:00Z,47,1.87,,,Provisional/Provisoire,,
05EA012,2026-08-07T16:20:00Z,47,1.87,,,Provisional/Provisoire,,
05EA012,2026-08-07T16:25:00Z,47,1.87,,,Provisional/Provisoire,,
05EA012,2026-08-07T16:30:00Z,47,1.87,,,Provisional/Provisoire,,
05EA012,2026-08-07T16:35:00Z,47,1.86,,,Provisional/Provisoire,,
05EA012,2026-08-07T16:40:00Z,47,1.86,,,Provisional/Provisoire,,
05EA012,2026-08-07T16:45:00Z,47,1.87,,,Provisional/Provisoire,,
05EA012,2026-08-07T16:50:00Z,47,1.86,,,Provisional/Provisoire,,
05EA012,2026-08-07T16:55:00Z,47,1.87,,,Provisional/Provisoire,,
05EA012,2026-08-07T17:00:00Z,47,1.86,,,Provisional/Provisoire,,
05EA012,2026-08-07T17:05:00Z,47,1.86,,,Provisional/Provisoire,,
05EA012,2026-08-07T17:10:00Z,47,1.86,,,Provisional/Provisoire,,
05EA012,2026-08-07T17:15:00Z,47,1.85,,,Provisional/Provisoire,,
05EA012,2026-08-07T17:20:00Z,47,1.86,,,Provisional/Provisoire,,
05EA012,2026-08-07T17:25:00Z,47,1.85,,,Provisional/Provisoire,,
05EA012,2026-08-07T17:30:00Z,47,1.85,,,Provisional/Provisoire,,
05EA012,2026-08-07T17:35:00Z,47,1.85,,,Provisional/Provisoire,,
05EA012,2026-08-07T17:40:00Z,47,1.85,,,Provisional/Provisoire,,
05EA012,2026-08-07T17:45:00Z,47,1.85,,,Provisional/Provisoire,,
05EA012,2026-08-07T17:50:00Z,47,1.85,,,Provisional/Provisoire,,
05EA012,2026-08-07T17:55:00Z,47,1.85,,,Provisional/Provisoire,,
05EA012,2026-08-07T18:00:00Z,47,1.85,,,Provisional/Provisoire,,
05EA012,2026-08-07T18:05:00Z,47,1.85,,,Provisional/Provisoire,,
05EA012,2026-08-07T18:10:00Z,47,1.84,,,Provisional/Provisoire,,
05EA012,2026-08-07T18:15:00Z,47,1.85,,,Provisional/Provisoire,,
05EA012,2026-08-07T18:20:00Z,47,1.84,,,Provisional/Provisoire,,
05EA012,2026-08-07T18:25:00Z,47,1.84,,,Provisional/Provisoire,,
05EA012,2026-08-07T18:30:00Z,47,1.83,,,Provisional/Provisoire,,
05EA012,2026-08-07T18:35:00Z,47,1.83,,,Provisional/Provisoire,,
05EA012,2026-08-07T18:40:00Z,47,1.84,,,Provisional/Provisoire,,
05EA012,2026-08-07T18:45:00Z,47,1.83,,,Provisional/Provisoire,,
05EA012,2026-08-07T18:50:00Z,47,1.83,,,Provisional/Provisoire,,
05EA012,2026-08-07T18:55:00Z,47,1.83,,,Provisional/Provisoire,,
05EA012,2026-08-07T19:00:00Z,47,1.82,,,Provisional/Provisoire,,
05EA012,2026-08-07T19:05:00Z,47,1.83,,,Provisional/Provisoire,,
05EA012,2026-08-07T19:10:00Z,47,1.83,,,Provisional/Provisoire,,
05EA012,2026-08-07T19:15:00Z,47,1.82,,,Provisional/Provisoire,,
05EA012,2026-08-07T19:20:00Z,47,1.82,,,Provisional/Provisoire,,
05EA012,2026-08-07T19:25:00Z,47,1.82,,,Provisional/Provisoire,,
05EA012,2026-08-07T19:30:00Z,47,1.82,,,Provisional/Provisoire,,
05EA012,2026-08-07T19:35:00Z,47,1.82,,,Provisional/Provisoire,,
05EA012,2026-08-07T19:40:00Z,47,1.81,,,Provisional/Provisoire,,
05EA012,2026-08-07T19:45:00Z,47,1.81,,,Provisional/Provisoire,,
05EA012,2026-08-07T19:50:00Z,47,1.82,,,Provisional/Provisoire,,
05EA012,2026-08-07T19:55:00Z,47,1.81,,,Provisional/Provisoire,,
05EA012,2026-08-07T20:00:00Z,47,1.81,,,Provisional/Provisoire,,
05EA012,2026-08-07T20:05:00Z,47,1.81,,,Provisional/Provisoire,,
05EA012,2026-08-07T20:10:00Z,47,1.81,,,Provisional/Provisoire,,
05EA012,2026-08-07T20:15:00Z,47,1.81,,,Provisional/Provisoire,,
05EA012,2026-08-07T20:20:00Z,47,1.81,,,Provisional/Provisoire,,
05EA012,2026-08-07T20:25:00Z,47,1.80,,,Provisional/Provisoire,,
05EA012,2026-08-07T20:30:00Z,47,1.81,,,Provisional/Provisoire,,
05EA012,2026-08-07T20:35:00Z,47,1.80,,,Provisional/Provisoire,,
05EA012,2026-08-07T20:40:00Z,47,1.81,,,Provisional/Provisoire,,
05EA012,2026-08-07T20:45:00Z,47,1.80,,,Provisional/Provisoire,,
05EA012,2026-08-07T20:50:00Z,47,1.81,,,Provisional/Provisoire,,
05EA012,2026-08-07T20:55:00Z,47,1.80,,,Provisional/Provisoire,,
05EA012,2026-08-07T21:00:00Z,47,1.80,,,Provisional/Provisoire,,
05EA012,2026-08-07T21:05:00Z,47,1.80,,,Provisional/Provisoire,,
05EA012,2026-08-07T21:10:00Z,47,1.80,,,Provisional/Provisoire,,
05EA012,2026-08-07T21:15:00Z,47,1.80,,,Provisional/Provisoire,,
05EA012,2026-08-07T21:20:00Z,47,1.80,,,Provisional/Provisoire,,
05EA012,2026-08-07T21:25:00Z,47,1.80,,,Provisional/Provisoire,,
05EA012,2026-08-07T21:30:00Z,47,1.80,,,Provisional/Provisoire,,
05EA012,2026-08-07T21:35:00Z,47,1.80,,,Provisional/Provisoire,,
05EA012,2026-08-07T21:40:00Z,47,1.80,,,Provisional/Provisoire,,
05EA012,2026-08-07T21:45:00Z,47,1.80,,,Provisional/Provisoire,,
05EA012,2026-08-07T21:50:00Z,47,1.80,,,Provisional/Provisoire,,
05EA012,2026-08-07T21:55:00Z,47,1.80,,,Provisional/Provisoire,,
05EA012,2026-08-07T22:00:00Z,47,1.80,,,Provisional/Provisoire,,
05EA012,2026-08-07T22:05:00Z,47,1.80,,,Provisional/Provisoire,,
05EA012,2026-08-07T22:10:00Z,47,1.80,,,Provisional/Provisoire,,
05EA012,2026-08-07T22:15:00Z,47,1.79,,,Provisional/Provisoire,,
05EA012,2026-08-07T22:20:00Z,47,1.80,,,Provisional/Provisoire,,
05EA012,2026-08-07T22:25:00Z,47,1.80,,,Provisional/Provisoire,,
05EA012,2026-08-07T22:30:00Z,47,1.80,,,Provisional/Provisoire,,
05EA012,2026-08-07T22:35:00Z,47,1.80,,,Provisional/Provisoire,,
05EA012,2026-08-07T22:40:00Z,47,1.80,,,Provisional/Provisoire,,
05EA012,2026-08-07T22:45:00Z,47,1.80,,,Provisional/Provisoire,,
05EA012,2026-08-07T22:50:00Z,47,1.80,,,Provisional/Provisoire,,
05EA012,2026-08-07T22:55:00Z,47,1.80,,,Provisional/Provisoire,,
05EA012,2026-08-07T23:00:00Z,47,1.80,,,Provisional/Provisoire,,
05EA012,2026-08-07T23:05:00Z,47,1.80,,,Provisional/Provisoire,,
05EA012,2026-08-07T23:10:00Z,47,1.80,,,Provisional/Provisoire,,
05EA012,2026-08-07T23:15:00Z,47,1.80,,,Provisional/Provisoire,,
05EA012,2026-08-07T23:20:00Z,47,1.80,,,Provisional/Provisoire,,
05EA012,2026-08-07T23:25:00Z,47,1.80,,,Provisional/Provisoire,,
05EA012,2026-08-07T23:30:00Z,47,1.80,,,Provisional/Provisoire,,
05EA012,2026-08-07T23:35:00Z,47,1.80,,,Provisional/Provisoire,,
05EA012,2026-08-07T23:40:00Z,47,1.81,,,Provisional/Provisoire,,
05EA012,2026-08-07T23:45:00Z,47,1.80,,,Provisional/Provisoire,,
05EA012,2026-08-07T23:50:00Z,47,1.80,,,Provisional/Provisoire,,
05EA012,2026-08-07T23:55:00Z,47,1.81,,,Provisional/Provisoire,,
05EA012,2026-08-08T00:00:00Z,47,1.80,,,Provisional/Provisoire,,
05EA012,2026-08-08T00:05:00Z,47,1.81,,,Provisional/Provisoire,,
05EA012,2026-08-08T00:10:00Z,47,1.81,,,Provisional/Provisoire,,
05EA012,2026-08-08T00:15:00Z,47,1.80,,,Provisional/Provisoire,,
05EA012,2026-08-08T00:20:00Z,47,1.81,,,Provisional/Provisoire,,
05EA012,2026-08-08T00:25:00Z,47,1.80,,,Provisional/Provisoire,,
05EA012,2026-08-08T00:30:00Z,47,1.81,,,Provisional/Provisoire,,
05EA012,2026-08-08T00:35:00Z,47,1.81,,,Provisional/Provisoire,,
05EA012,2026-08-08T00:40:00Z,47,1.81,,,Provisional/Provisoire,,
05EA012,2026-08-08T00:45:00Z,47,1.80,,,Provisional/Provisoire,,
05EA012,2026-08-08T00:50:00Z,47,1.81,,,Provisional/Provisoire,,
05EA012,2026-08-08T00:55:00Z,47,1.81,,,Provisional/Provisoire,,
05EA012,2026-08-08T01:00:00Z,47,1.81,,,Provisional/Provisoire,,
05EA012,2026-08-08T01:05:00Z,47,1.80,,,Provisional/Provisoire,,
05EA012,2026-08-08T01:10:00Z,47,1.80,,,Provisional/Provisoire,,
05EA012,2026-08-08T01:15:00Z,47,1.81,,,Provisional/Provisoire,,
05EA012,2026-08-08T01:20:00Z,47,1.81,,,Provisional/Provisoire,,
05EA012,2026-08-08T01:25:00Z,47,1.80,,,Provisional/Provisoire,,
05EA012,2026-08-08T01:30:00Z,47,1.81,,,Provisional/Provisoire,,
05EA012,2026-08-08T01:35:00Z,47,1.80,,,Provisional/Provisoire,,
05EA012,2026-08-08T01:40:00Z,47,1.81,,,Provisional/Provisoire,,
05EA012,2026-08-08T01:45:00Z,47,1.80,,,Provisional/Provisoire,,
05EA012,2026-08-08T01:50:00Z,47,1.80,,,Provisional/Provisoire,,
05EA012,2026-08-08T01:55:00Z,47,1.81,,,Provisional/Provisoire,,
05EA012,2026-08-08T02:00:00Z,47,1.81,,,Provisional/Provisoire,,
05EA012,2026-08-08T02:05:00Z,47,1.81,,,Provisional/Provisoire,,
05EA012,2026-08-08T02:10:00Z,47,1.81,,,Provisional/Provisoire,,
05EA012,2026-08-08T02:15:00Z,47,1.81,,,Provisional/Provisoire,,
05EA012,2026-08-08T02:20:00Z,47,1.81,,,Provisional/Provisoire,,
05EA012,2026-08-08T02:25:00Z,47,1.81,,,Provisional/Provisoire,,
05EA012,2026-08-08T02:30:00Z,47,1.81,,,Provisional/Provisoire,,
05EA012,2026-08-08T02:35:00Z,47,1.81,,,Provisional/Provisoire,,
05EA012,2026-08-08T02:40:00Z,47,1.81,,,Provisional/Provisoire,,
05EA012,2026-08-08T02:45:00Z,47,1.81,,,Provisional/Provisoire,,
05EA012,2026-08-08T02:50:00Z,47,1.81,,,Provisional/Provisoire,,
05EA012,2026-08-08T02:55:00Z,47,1.81,,,Provisional/Provisoire,,
05EA012,2026-08-08T03:00:00Z,47,1.81,,,Provisional/Provisoire,,
05EA012,2026-08-08T03:05:00Z,47,1.80,,,Provisional/Provisoire,,
05EA012,2026-08-08T03:10:00Z,47,1.81,,,Provisional/Provisoire,,
05EA012,2026-08-08T03:15:00Z,47,1.81,,,Provisional/Provisoire,,
05EA012,2026-08-08T03:20:00Z,47,1.81,,,Provisional/Provisoire,,
05EA012,2026-08-08T03:25:00Z,47,1.81,,,Provisional/Provisoire,,
05EA012,2026-08-08T03:30:00Z,47,1.81,,,Provisional/Provisoire,,
05EA012,2026-08-08T03:35:00Z,47,1.81,,,Provisional/Provisoire,,
05EA012,2026-08-08T03:40:00Z,47,1.81,,,Provisional/Provisoire,,
05EA012,2026-08-08T03:45:00Z,47,1.81,,,Provisional/Provisoire,,
05EA012,2026-08-08T03:50:00Z,47,1.81,,,Provisional/Provisoire,,
05EA012,2026-08-08T03:55:00Z,47,1.81,,,Provisional/Provisoire,,
05EA012,2026-08-08T04:00:00Z,47,1.80,,,Provisional/Provisoire,,
05EA012,2026-08-08T04:05:00Z,47,1.81,,,Provisional/Provisoire,,
05EA012,2026-08-08T04:10:00Z,47,1.80,,,Provisional/Provisoire,,
05EA012,2026-08-08T04:15:00Z,47,1.80,,,Provisional/Provisoire,,
05EA012,2026-08-08T04:20:00Z,47,1.81,,,Provisional/Provisoire,,
05EA012,2026-08-08T04:25:00Z,47,1.80,,,Provisional/Provisoire,,
05EA012,2026-08-08T04:30:00Z,47,1.80,,,Provisional/Provisoire,,
05EA012,2026-08-08T04:35:00Z,47,1.80,,,Provisional/Provisoire,,
05EA012,2026-08-08T04:40:00Z,47,1.80,,,Provisional/Provisoire,,
05EA012,2026-08-08T04:45:00Z,47,1.80,,,Provisional/Provisoire,,
05EA012,2026-08-08T04:50:00Z,47,1.80,,,Provisional/Provisoire,,
05EA012,2026-08-08T04:55:00Z,47,1.79,,,Provisional/Provisoire,,
05EA012,2026-08-08T05:00:00Z,47,1.79,,,Provisional/Provisoire,,
05EA012,2026-08-08T05:05:00Z,47,1.80,,,Provisional/Provisoire,,
05EA012,2026-08-08T05:10:00Z,47,1.79,,,Provisional/Provisoire,,
05EA012,2026-08-08T05:15:00Z,47,1.79,,,Provisional/Provisoire,,
05EA012,2026-08-08T05:20:00Z,47,1.80,,,Provisional/Provisoire,,
05EA012,2026-08-08T05:25:00Z,47,1.80,,,Provisional/Provisoire,,
05EA012,2026-08-08T05:30:00Z,47,1.80,,,Provisional/Provisoire,,
05EA012,2026-08-08T05:35:00Z,47,1.80,,,Provisional/Provisoire,,
05EA012,2026-08-08T05:40:00Z,47,1.80,,,Provisional/Provisoire,,
05EA012,2026-08-08T05:45:00Z,47,1.80,,,Provisional/Provisoire,,
05EA012,2026-08-08T05:50:00Z,47,1.80,,,Provisional/Provisoire,,
05EA012,2026-08-08T05:55:00Z,47,1.80,,,Provisional/Provisoire,,
05EA012,2026-08-08T06:00:00Z,47,1.80,,,Provisional/Provisoire,,
05EA012,2026-08-08T06:05:00Z,47,1.80,,,Provisional/Provisoire,,
05EA012,2026-08-08T06:10:00Z,47,1.80,,,Provisional/Provisoire,,
05EA012,2026-08-08T06:15:00Z,47,1.80,,,Provisional/Provisoire,,
05EA012,2026-08-08T06:20:00Z,47,1.80,,,Provisional/Provisoire,,
05EA012,2026-08-08T06:25:00Z,47,1.80,,,Provisional/Provisoire,,
05EA012,2026-08-08T06:30:00Z,47,1.80,,,Provisional/Provisoire,,
05EA012,2026-08-08T06:35:00Z,47,1.80,,,Provisional/Provisoire,,
05EA012,2026-08-08T06:40:00Z,47,1.80,,,Provisional/Provisoire,,
05EA012,2026-08-08T06:45:00Z,47,1.80,,,Provisional/Provisoire,,
05EA012,2026-08-08T06:50:00Z,47,1.79,,,Provisional/Provisoire,,
05EA012,2026-08-08T06:55:00Z,47,1.79,,,Provisional/Provisoire,,
05EA012,2026-08-08T07:00:00Z,47,1.79,,,Provisional/Provisoire,,
05EA012,2026-08-08T07:05:00Z,47,1.80,,,Provisional/Provisoire,,
05EA012,2026-08-08T07:10:00Z,47,1.80,,,Provisional/Provisoire,,
05EA012,2026-08-08T07:15:00Z,47,1.80,,,Provisional/Provisoire,,
05EA012,2026-08-08T07:20:00Z,47,1.79,,,Provisional/Provisoire,,
05EA012,2026-08-08T07:25:00Z,47,1.80,,,Provisional/Provisoire,,
05EA012,2026-08-08T07:30:00Z,47,1.79,,,Provisional/Provisoire,,
05EA012,2026-08-08T07:35:00Z,47,1.80,,,Provisional/Provisoire,,
05EA012,2026-08-08T07:40:00Z,47,1.80,,,Provisional/Provisoire,,
05EA012,2026-08-08T07:45:00Z,47,1.80,,,Provisional/Provisoire,,
05EA012,2026-08-08T07:50:00Z,47,1.80,,,Provisional/Provisoire,,
05EA012,2026-08-08T07:55:00Z,47,1.79,,,Provisional/Provisoire,,
05EA012,2026-08-08T08:00:00Z,47,1.80,,,Provisional/Provisoire,,
05EA012,2026-08-08T08:05:00Z,47,1.80,,,Provisional/Provisoire,,
05EA012,2026-08-08T08:10:00Z,47,1.80,,,Provisional/Provisoire,,
05EA012,2026-08-08T08:15:00Z,47,1.80,,,Provisional/Provisoire,,
05EA012,2026-08-08T08:20:00Z,47,1.80,,,Provisional/Provisoire,,
05EA012,2026-08-08T08:25:00Z,47,1.80,,,Provisional/Provisoire,,
05EA012,2026-08-08T08:30:00Z,47,1.80,,,Provisional/Provisoire,,
05EA012,2026-08-08T08:35:00Z,47,1.79,,,Provisional/Provisoire,,
05EA012,2026-08-08T08:40:00Z,47,1.80,,,Provisional/Provisoire,,
05EA012,2026-08-08T08:45:00Z,47,1.80,,,Provisional/Provisoire,,
05EA012,2026-08-08T08:50:00Z,47,1.80,,,Provisional/Provisoire,,
05EA012,2026-08-08T08:55:00Z,47,1.79,,,Provisional/Provisoire,,
05EA012,2026-08-08T09:00:00Z,47,1.79,,,Provisional/Provisoire,,
05EA012,2026-08-08T09:05:00Z,47,1.79,,,Provisional/Provisoire,,
05EA012,2026-08-08T09:10:00Z,47,1.80,,,Provisional/Provisoire,,
05EA012,2026-08-08T09:15:00Z,47,1.80,,,Provisional/Provisoire,,
05EA012,2026-08-08T09:20:00Z,47,1.79,,,Provisional/Provisoire,,
05EA012,2026-08-08T09:25:00Z,47,1.79,,,Provisional/Provisoire,,
05EA012,2026-08-08T09:30:00Z,47,1.80,,,Provisional/Provisoire,,
05EA012,2026-08-08T09:35:00Z,47,1.79,,,Provisional/Provisoire,,
05EA012,2026-08-08T09:40:00Z,47,1.79,,,Provisional/Provisoire,,
05EA012,2026-08-08T09:45:00Z,47,1.79,,,Provisional/Provisoire,,
05EA012,2026-08-08T09:50:00Z,47,1.79,,,Provisional/Provisoire,,
05EA012,2026-08-08T09:55:00Z,47,1.78,,,Provisional/Provisoire,,
05EA012,2026-08-08T10:00:00Z,47,1.79,,,Provisional/Provisoire,,
05EA012,2026-08-08T10:05:00Z,47,1.78,,,Provisional/Provisoire,,
05EA012,2026-08-08T10:10:00Z,47,1.78,,,Provisional/Provisoire,,
05EA012,2026-08-08T10:15:00Z,47,1.78,,,Provisional/Provisoire,,
05EA012,2026-08-08T10:20:00Z,47,1.78,,,Provisional/Provisoire,,
05EA012,2026-08-08T10:25:00Z,47,1.78,,,Provisional/Provisoire,,
05EA012,2026-08-08T10:30:00Z,47,1.78,,,Provisional/Provisoire,,
05EA012,2026-08-08T10:35:00Z,47,1.78,,,Provisional/Provisoire,,
05EA012,2026-08-08T10:40:00Z,47,1.78,,,Provisional/Provisoire,,
05EA012,2026-08-08T10:45:00Z,47,1.78,,,Provisional/Provisoire,,
05EA012,2026-08-08T10:50:00Z,47,1.77,,,Provisional/Provisoire,,
05EA012,2026-08-08T10:55:00Z,47,1.77,,,Provisional/Provisoire,,
05EA012,2026-08-08T11:00:00Z,47,1.78,,,Provisional/Provisoire,,
05EA012,2026-08-08T11:05:00Z,47,1.78,,,Provisional/Provisoire,,
05EA012,2026-08-08T11:10:00Z,47,1.78,,,Provisional/Provisoire,,
05EA012,2026-08-08T11:15:00Z,47,1.77,,,Provisional/Provisoire,,
05EA012,2026-08-08T11:20:00Z,47,1.78,,,Provisional/Provisoire,,
05EA012,2026-08-08T11:25:00Z,47,1.77,,,Provisional/Provisoire,,
05EA012,2026-08-08T11:30:00Z,47,1.77,,,Provisional/Provisoire,,
05EA012,2026-08-08T11:35:00Z,47,1.77,,,Provisional/Provisoire,,
05EA012,2026-08-08T11:40:00Z,47,1.77,,,Provisional/Provisoire,,
05EA012,2026-08-08T11:45:00Z,47,1.78,,,Provisional/Provisoire,,
05EA012,2026-08-08T11:50:00Z,47,1.77,,,Provisional/Provisoire,,
05EA012,2026-08-08T11:55:00Z,47,1.77,,,Provisional/Provisoire,,
05EA012,2026-08-08T12:00:00Z,47,1.77,,,Provisional/Provisoire,,
05EA012,2026-08-08T12:05:00Z,47,1.76,,,Provisional/Provisoire,,
05EA012,2026-08-08T12:10:00Z,47,1.77,,,Provisional/Provisoire,,
05EA012,2026-08-08T12:15:00Z,47,1.77,,,Provisional/Provisoire,,
05EA012,2026-08-08T12:20:00Z,47,1.76,,,Provisional/Provisoire,,
05EA012,2026-08-08T12:25:00Z,47,1.77,,,Provisional/Provisoire,,
05EA012,2026-08-08T12:30:00Z,47,1.76,,,Provisional/Provisoire,,
05EA012,2026-08-08T12:35:00Z,47,1.77,,,Provisional/Provisoire,,
05EA012,2026-08-08T12:40:00Z,47,1.76,,,Provisional/Provisoire,,
05EA012,2026-08-08T12:45:00Z,47,1.77,,,Provisional/Provisoire,,
05EA012,2026-08-08T12:50:00Z,47,1.77,,,Provisional/Provisoire,,
05EA012,2026-08-08T12:55:00Z,47,1.77,,,Provisional/Provisoire,,
05EA012,2026-08-08T13:00:00Z,47,1.76,,,Provisional/Provisoire,,
05EA012,2026-08-08T13:05:00Z,47,1.76,,,Provisional/Provisoire,,
05EA012,2026-08-08T13:10:00Z,47,1.76,,,Provisional/Provisoire,,
05EA012,2026-08-08T13:15:00Z,47,1.76,,,Provisional/Provisoire,,
05EA012,2026-08-08T13:20:00Z,47,1.76,,,Provisional/Provisoire,,
05EA012,2026-08-08T13:25:00Z,47,1.76,,,Provisional/Provisoire,,
05EA012,2026-08-08T13:30:00Z,47,1.76,,,Provisional/Provisoire,,
05EA012,2026-08-08T13:35:00Z,47,1.75,,,Provisional/Provisoire,,
05EA012,2026-08-08T13:40:00Z,47,1.76,,,Provisional/Provisoire,,
05EA012,2026-08-08T13:45:00Z,47,1.75,,,Provisional/Provisoire,,
05EA012,2026-08-08T13:50:00Z,47,1.76,,,Provisional/Provisoire,,
05EA012,2026-08-08T13:55:00Z,47,1.75,,,Provisional/Provisoire,,
05EA012,2026-08-08T14:00:00Z,47,1.75,,,Provisional/Provisoire,,
05EA012,2026-08-08T14:05:00Z,47,1.75,,,Provisional/Provisoire,,
05EA012,2026-08-08T14:10:00Z,47,1.75,,,Provisional/Provisoire,,
05EA012,2026-08-08T14:15:00Z,47,1.75,,,Provisional/Provisoire,,
05EA012,2026-08-08T14:20:00Z,47,1.75,,,Provisional/Provisoire,,
05EA012,2026-08-08T14:25:00Z,47,1.76,,,Provisional/Provisoire,,
05EA012,2026-08-08T14:30:00Z,47,1.75,,,Provisional/Provisoire,,
05EA012,2026-08-08T14:35:00Z,47,1.75,,,Provisional/Provisoire,,
05EA012,2026-08-08T14:40:00Z,47,1.76,,,Provisional/Provisoire,,
05EA012,2026-08-08T14:45:00Z,47,1.76,,,Provisional/Provisoire,,
05EA012,2026-08-08T14:50:00Z,47,1.75,,,Provisional/Provisoire,,
05EA012,2026-08-08T14:55:00Z,47,1.75,,,Provisional/Provisoire,,
05EA012,2026-08-08T15:00:00Z,47,1.75,,,Provisional/Provisoire,,
05EA012,2026-08-08T15:05:00Z,47,1.76,,,Provisional/Provisoire,,
05EA012,2026-08-08T15:10:00Z,47,1.76,,,Provisional/Provisoire,,
05EA012,2026-08-08T15:15:00Z,47,1.76,,,Provisional/Provisoire,,
05EA012,2026-08-08T15:20:00Z,47,1.76,,,Provisional/Provisoire,,
05EA012,2026-08-08T15:25:00Z,47,1.76,,,Provisional/Provisoire,,
05EA012,2026-08-08T15:30:00Z,47,1.76,,,Provisional/Provisoire,,
05EA012,2026-08-08T15:35:00Z,47,1.76,,,Provisional/Provisoire,,
05EA012,2026-08-08T15:40:00Z,47,1.76,,,Provisional/Provisoire,,
05EA012,2026-08-08T15:45:00Z,47,1.76,,,Provisional/Provisoire,,
05EA012,2026-08-08T15:50:00Z,47,1.76,,,Provisional/Provisoire,,
05EA012,2026-08-08T15:55:00Z,47,1.77,,,Provisional/Provisoire,,
05EA012,2026-08-08T16:00:00Z,47,1.76,,,Provisional/Provisoire,,
05EA012,2026-08-08T16:05:00Z,47,1.77,,,Provisional/Provisoire,,
05EA012,2026-08-08T16:10:00Z,47,1.76,,,Provisional/Provisoire,,
05EA012,2026-08-08T16:15:00Z,47,1.76,,,Provisional/Provisoire,,
05EA012,2026-08-08T16:20:00Z,47,1.76,,,Provisional/Provisoire,,
05EA012,2026-08-08T16:25:00Z,47,1.76,,,Provisional/Provisoire,,
05EA012,2026-08-08T16:30:00Z,47,1.77,,,Provisional/Provisoire,,
05EA012,2026-08-08T16:35:00Z,47,1.77,,,Provisional/Provisoire,,
05EA012,2026-08-08T16:40:00Z,47,1.76,,,Provisional/Provisoire,,
05EA012,2026-08-08T16:45:00Z,47,1.77,,,Provisional/Provisoire,,
05EA012,2026-08-08T16:50:00Z,47,1.77,,,Provisional/Provisoire,,
05EA012,2026-08-08T16:55:00Z,47,1.76,,,Provisional/Provisoire,,
05EA012,2026-08-08T17:00:00Z,47,1.76,,,Provisional/Provisoire,,
05EA012,2026-08-08T17:05:00Z,47,1.77,,,Provisional/Provisoire,,
05EA012,2026-08-08T17:10:00Z,47,1.77,,,Provisional/Provisoire,,
05EA012,2026-08-08T17:15:00Z,47,1.76,,,Provisional/Provisoire,,
05EA012,2026-08-08T17:20:00Z,47,1.76,,,Provisional/Provisoire,,
05EA012,2026-08-08T17:25:00Z,47,1.76,,,Provisional/Provisoire,,
05EA012,2026-08-08T17:30:00Z,47,1.76,,,Provisional/Provisoire,,
05EA012,2026-08-08T17:35:00Z,47,1.76,,,Provisional/Provisoire,,
05EA012,2026-08-08T17:40:00Z,47,1.76,,,Provisional/Provisoire,,
05EA012,2026-08-08T17:45:00Z,47,1.76,,,Provisional/Provisoire,,
05EA012,2026-08-08T17:50:00Z,47,1.76,,,Provisional/Provisoire,,
05EA012,2026-08-08T17:55:00Z,47,1.76,,,Provisional/Provisoire,,
05EA012,2026-08-08T18:00:00Z,47,1.76,,,Provisional/Provisoire,,
05EA012,2026-08-08T18:05:00Z,47,1.76,,,Provisional/Provisoire,,
05EA012,2026-08-08T18:10:00Z,47,1.76,,,Provisional/Provisoire,,
05EA012,2026-08-08T18:15:00Z,47,1.76,,,Provisional/Provisoire,,
05EA012,2026-08-08T18:20:00Z,47,1.76,,,Provisional/Provisoire,,
05EA012,2026-08-08T18:25:00Z,47,1.76,,,Provisional/Provisoire,,
05EA012,2026-08-08T18:30:00Z,47,1.76,,,Provisional/Provisoire,,
05EA012,2026-08-08T18:35:00Z,47,1.76,,,Provisional/Provisoire,,
05EA012,2026-08-08T18:40:00Z,47,1.75,,,Provisional/Provisoire,,
05EA012,2026-08-08T18:45:00Z,47,1.76,,,Provisional/Provisoire,,
05EA012,2026-08-08T18:50:00Z,47,1.76,,,Provisional/Provisoire,,
05EA012,2026-08-08T18:55:00Z,47,1.75,,,Provisional/Provisoire,,
05EA012,2026-08-08T19:00:00Z,47,1.75,,,Provisional/Provisoire,,
05EA012,2026-08-08T19:05:00Z,47,1.75,,,Provisional/Provisoire,,
05EA012,2026-08-08T19:10:00Z,47,1.75,,,Provisional/Provisoire,,
05EA012,2026-08-08T19:15:00Z,47,1.75,,,Provisional/Provisoire,,
05EA012,2026-08-08T19:20:00Z,47,1.75,,,Provisional/Provisoire,,
05EA012,2026-08-08T19:25:00Z,47,1.75,,,Provisional/Provisoire,,
05EA012,2026-08-08T19:30:00Z,47,1.75,,,Provisional/Provisoire,,
05EA012,2026-08-08T19:35:00Z,47,1.75,,,Provisional/Provisoire,,
05EA012,2026-08-08T19:40:00Z,47,1.76,,,Provisional/Provisoire,,
05EA012,2026-08-08T19:45:00Z,47,1.75,,,Provisional/Provisoire,,
05EA012,2026-08-08T19:50:00Z,47,1.75,,,Provisional/Provisoire,,
05EA012,2026-08-08T19:55:00Z,47,1.75,,,Provisional/Provisoire,,
05EA012,2026-08-08T20:00:00Z,47,1.75,,,Provisional/Provisoire,,
05EA012,2026-08-08T20:05:00Z,47,1.75,,,Provisional/Provisoire,,
05EA012,2026-08-08T20:10:00Z,47,1.75,,,Provisional/Provisoire,,
05EA012,2026-08-08T20:15:00Z,47,1.75,,,Provisional/Provisoire,,
05EA012,2026-08-08T20:20:00Z,47,1.75,,,Provisional/Provisoire,,
05EA012,2026-08-08T20:25:00Z,47,1.75,,,Provisional/Provisoire,,
05EA012,2026-08-08T20:30:00Z,47,1.75,,,Provisional/Provisoire,,
05EA012,2026-08-08T20:35:00Z,47,1.75,,,Provisional/Provisoire,,
05EA012,2026-08-08T20:40:00Z,47,1.75,,,Provisional/Provisoire,,
05EA012,2026-08-08T20:45:00Z,47,1.75,,,Provisional/Provisoire,,
05EA012,2026-08-08T20:50:00Z,47,1.75,,,Provisional/Provisoire,,
05EA012,2026-08-08T20:55:00Z,47,1.75,,,Provisional/Provisoire,,
05EA012,2026-08-08T21:00:00Z,47,1.75,,,Provisional/Provisoire,,
05EA012,2026-08-08T21:05:00Z,47,1.75,,,Provisional/Provisoire,,
05EA012,2026-08-08T21:10:00Z,47,1.75,,,Provisional/Provisoire,,
05EA012,2026-08-08T21:15:00Z,47,1.74,,,Provisional/Provisoire,,
05EA012,2026-08-08T21:20:00Z,47,1.75,,,Provisional/Provisoire,,
05EA012,2026-08-08T21:25:00Z,47,1.74,,,Provisional/Provisoire,,
05EA012,2026-08-08T21:30:00Z,47,1.75,,,Provisional/Provisoire,,
05EA012,2026-08-08T21:35:00Z,47,1.75,,,Provisional/Provisoire,,
05EA012,2026-08-08T21:40:00Z,47,1.75,,,Provisional/Provisoire,,
05EA012,2026-08-08T21:45:00Z,47,1.75,,,Provisional/Provisoire,,
05EA012,2026-08-08T21:50:00Z,47,1.74,,,Provisional/Provisoire,,
05EA012,2026-08-08T21:55:00Z,47,1.75,,,Provisional/Provisoire,,
05EA012,2026-08-08T22:00:00Z,47,1.74,,,Provisional/Provisoire,,
05EA012,2026-08-08T22:05:00Z,47,1.74,,,Provisional/Provisoire,,
05EA012,2026-08-08T22:10:00Z,47,1.75,,,Provisional/Provisoire,,
05EA012,2026-08-08T22:15:00Z,47,1.74,,,Provisional/Provisoire,,
05EA012,2026-08-08T22:20:00Z,47,1.75,,,Provisional/Provisoire,,
05EA012,2026-08-08T22:25:00Z,47,1.74,,,Provisional/Provisoire,,
05EA012,2026-08-08T22:30:00Z,47,1.74,,,Provisional/Provisoire,,
05EA012,2026-08-08T22:35:00Z,47,1.74,,,Provisional/Provisoire,,
05EA012,2026-08-08T22:40:00Z,47,1.75,,,Provisional/Provisoire,,
05EA012,2026-08-08T22:45:00Z,47,1.75,,,Provisional/Provisoire,,
05EA012,2026-08-08T22:50:00Z,47,1.74,,,Provisional/Provisoire,,
05EA012,2026-08-08T22:55:00Z,47,1.75,,,Provisional/Provisoire,,
05EA012,2026-08-08T23:00:00Z,47,1.75,,,Provisional/Provisoire,,
05EA012,2026-08-08T23:05:00Z,47,1.75,,,Provisional/Provisoire,,
05EA012,2026-08-08T23:10:00Z,47,1.75,,,Provisional/Provisoire,,
05EA012,2026-08-08T23:15:00Z,47,1.74,,,Provisional/Provisoire,,
05EA012,2026-08-08T23:20:00Z,47,1.74,,,Provisional/Provisoire,,
05EA012,2026-08-08T23:25:00Z,47,1.74,,,Provisional/Provisoire,,
05EA012,2026-08-08T23:30:00Z,47,1.74,,,Provisional/Provisoire,,
05EA012,2026-08-08T23:35:00Z,47,1.74,,,Provisional/Provisoire,,
05EA012,2026-08-08T23:40:00Z,47,1.75,,,Provisional/Provisoire,,
05EA012,2026-08-08T23:45:00Z,47,1.75,,,Provisional/Provisoire,,
05EA012,2026-08-08T23:50:00Z,47,1.74,,,Provisional/Provisoire,,
05EA012,2026-08-08T23:55:00Z,47,1.75,,,Provisional/Provisoire,,
05EA012,2026-08-09T00:00:00Z,47,1.75,,,Provisional/Provisoire,,
05EA012,2026-08-09T00:05:00Z,47,1.74,,,Provisional/Provisoire,,
05EA012,2026-08-09T00:10:00Z,47,1.74,,,Provisional/Provisoire,,
05EA012,2026-08-09T00:15:00Z,47,1.75,,,Provisional/Provisoire,,
05EA012,2026-08-09T00:20:00Z,47,1.75,,,Provisional/Provisoire,,
05EA012,2026-08-09T00:25:00Z,47,1.75,,,Provisional/Provisoire,,
05EA012,2026-08-09T00:30:00Z,47,1.75,,,Provisional/Provisoire,,
05EA012,2026-08-09T00:35:00Z,47,1.75,,,Provisional/Provisoire,,
05EA012,2026-08-09T00:40:00Z,47,1.75,,,Provisional/Provisoire,,
05EA012,2026-08-09T00:45:00Z,47,1.75,,,Provisional/Provisoire,,
05EA012,2026-08-09T00:50:00Z,47,1.75,,,Provisional/Provisoire,,
05EA012,2026-08-09T00:55:00Z,47,1.75,,,Provisional/Provisoire,,
05EA012,2026-08-09T01:00:00Z,47,1.75,,,Provisional/Provisoire,,
05EA012,2026-08-09T01:05:00Z,47,1.75,,,Provisional/Provisoire,,
05EA012,2026-08-09T01:10:00Z,47,1.75,,,Provisional/Provisoire,,
05EA012,2026-08-09T01:15:00Z,47,1.75,,,Provisional/Provisoire,,
05EA012,2026-08-09T01:20:00Z,47,1.75,,,Provisional/Provisoire,,
05EA012,2026-08-09T01:25:00Z,47,1.75,,,Provisional/Provisoire,,
05EA012,2026-08-09T01:30:00Z,47,1.75,,,Provisional/Provisoire,,
05EA012,2026-08-09T01:35:00Z,47,1.75,,,Provisional/Provisoire,,
05EA012,2026-08-09T01:40:00Z,47,1.75,,,Provisional/Provisoire,,
05EA012,2026-08-09T01:45:00Z,47,1.75,,,Provisional/Provisoire,,
05EA012,2026-08-09T01:50:00Z,47,1.75,,,Provisional/Provisoire,,
05EA012,2026-08-09T01:55:00Z,47,1.75,,,Provisional/Provisoire,,
05EA012,2026-08-09T02:00:00Z,47,1.75,,,Provisional/Provisoire,,
05EA012,2026-08-09T02:05:00Z,47,1.75,,,Provisional/Provisoire,,
05EA012,2026-08-09T02:10:00Z,47,1.75,,,Provisional/Provisoire,,
05EA012,2026-08-09T02:15:00Z,47,1.75,,,Provisional/Provisoire,,
05EA012,2026-08-09T02:20:00Z,47,1.75,,,Provisional/Provisoire,,
05EA012,2026-08-09T02:25:00Z,47,1.75,,,Provisional/Provisoire,,
05EA012,2026-08-09T02:30:00Z,47,1.75,,,Provisional/Provisoire,,
05EA012,2026-08-09T02:35:00Z,47,1.75,,,Provisional/Provisoire,,
05EA012,2026-08-09T02:40:00Z,47,1.75,,,Provisional/Provisoire,,
05EA012,2026-08-09T02:45:00Z,47,1.75,,,Provisional/Provisoire,,
05EA012,2026-08-09T02:50:00Z,47,1.75,,,Provisional/Provisoire,,
05EA012,2026-08-09T02:55:00Z,47,1.75,,,Provisional/Provisoire,,
05EA012,2026-08-09T03:00:00Z,47,1.76,,,Provisional/Provisoire,,
05EA012,2026-08-09T03:05:00Z,47,1.75,,,Provisional/Provisoire,,
05EA012,2026-08-09T03:10:00Z,47,1.75,,,Provisional/Provisoire,,
05EA012,2026-08-09T03:15:00Z,47,1.75,,,Provisional/Provisoire,,
05EA012,2026-08-09T03:20:00Z,47,1.75,,,Provisional/Provisoire,,
05EA012,2026-08-09T03:25:00Z,47,1.75,,,Provisional/Provisoire,,
05EA012,2026-08-09T03:30:00Z,47,1.75,,,Provisional/Provisoire,,
05EA012,2026-08-09T03:35:00Z,47,1.75,,,Provisional/Provisoire,,
05EA012,2026-08-09T03:40:00Z,47,1.75,,,Provisional/Provisoire,,
05EA012,2026-08-09T03:45:00Z,47,1.75,,,Provisional/Provisoire,,
05EA012,2026-08-09T03:50:00Z,47,1.75,,,Provisional/Provisoire,,
05EA012,2026-08-09T03:55:00Z,47,1.75,,,Provisional/Provisoire,,
05EA012,2026-08-09T04:00:00Z,47,1.75,,,Provisional/Provisoire,,
05EA012,2026-08-09T04:05:00Z,47,1.75,,,Provisional/Provisoire,,
05EA012,2026-08-09T04:10:00Z,47,1.75,,,Provisional/Provisoire,,
05EA012,2026-08-09T04:15:00Z,47,1.75,,,Provisional/Provisoire,,
05EA012,2026-08-09T04:20:00Z,47,1.75,,,Provisional/Provisoire,,
05EA012,2026-08-09T04:25:00Z,47,1.75,,,Provisional/Provisoire,,
05EA012,2026-08-09T04:30:00Z,47,1.75,,,Provisional/Provisoire,,
05EA012,2026-08-09T04:35:00Z,47,1.75,,,Provisional/Provisoire,,
05EA012,2026-08-09T04:40:00Z,47,1.75,,,Provisional/Provisoire,,
05EA012,2026-08-09T04:45:00Z,47,1.75,,,Provisional/Provisoire,,
05EA012,2026-08-09T04:50:00Z,47,1.75,,,Provisional/Provisoire,,
05EA012,2026-08-09T04:55:00Z,47,1.74,,,Provisional/Provisoire,,
05EA012,2026-08-09T05:00:00Z,47,1.75,,,Provisional/Provisoire,,
05EA012,2026-08-09T05:05:00Z,47,1.75,,,Provisional/Provisoire,,
05EA012,2026-08-09T05:10:00Z,47,1.74,,,Provisional/Provisoire,,
05EA012,2026-08-09T05:15:00Z,47,1.75,,,Provisional/Provisoire,,
05EA012,2026-08-09T05:20:00Z,47,1.75,,,Provisional/Provisoire,,
05EA012,2026-08-09T05:25:00Z,47,1.74,,,Provisional/Provisoire,,
05EA012,2026-08-09T05:30:00Z,47,1.74,,,Provisional/Provisoire,,
05EA012,2026-08-09T05:35:00Z,47,1.74,,,Provisional/Provisoire,,
05EA012,2026-08-09T05:40:00Z,47,1.74,,,Provisional/Provisoire,,
05EA012,2026-08-09T05:45:00Z,47,1.74,,,Provisional/Provisoire,,
05EA012,2026-08-09T05:50:00Z,47,1.73,,,Provisional/Provisoire,,
05EA012,2026-08-09T05:55:00Z,47,1.73,,,Provisional/Provisoire,,
05EA012,2026-08-09T06:00:00Z,47,1.73,,,Provisional/Provisoire,,
05EA012,2026-08-09T06:05:00Z,47,1.73,,,Provisional/Provisoire,,
05EA012,2026-08-09T06:10:00Z,47,1.73,,,Provisional/Provisoire,,
05EA012,2026-08-09T06:15:00Z,47,1.72,,,Provisional/Provisoire,,
05EA012,2026-08-09T06:20:00Z,47,1.72,,,Provisional/Provisoire,,
05EA012,2026-08-09T06:25:00Z,47,1.72,,,Provisional/Provisoire,,
05EA012,2026-08-09T06:30:00Z,47,1.72,,,Provisional/Provisoire,,
05EA012,2026-08-09T06:35:00Z,47,1.73,,,Provisional/Provisoire,,
05EA012,2026-08-09T06:40:00Z,47,1.73,,,Provisional/Provisoire,,
05EA012,2026-08-09T06:45:00Z,47,1.72,,,Provisional/Provisoire,,
05EA012,2026-08-09T06:50:00Z,47,1.72,,,Provisional/Provisoire,,
05EA012,2026-08-09T06:55:00Z,47,1.72,,,Provisional/Provisoire,,
05EA012,2026-08-09T07:00:00Z,47,1.73,,,Provisional/Provisoire,,
05EA012,2026-08-09T07:05:00Z,47,1.72,,,Provisional/Provisoire,,
05EA012,2026-08-09T07:10:00Z,47,1.73,,,Provisional/Provisoire,,
05EA012,2026-08-09T07:15:00Z,47,1.73,,,Provisional/Provisoire,,
05EA012,2026-08-09T07:20:00Z,47,1.73,,,Provisional/Provisoire,,
05EA012,2026-08-09T07:25:00Z,47,1.73,,,Provisional/Provisoire,,
05EA012,2026-08-09T07:30:00Z,47,1.73,,,Provisional/Provisoire,,
05EA012,2026-08-09T07:35:00Z,47,1.73,,,Provisional/Provisoire,,
05EA012,2026-08-09T07:40:00Z,47,1.73,,,Provisional/Provisoire,,
05EA012,2026-08-09T07:45:00Z,47,1.74,,,Provisional/Provisoire,,
05EA012,2026-08-09T07:50:00Z,47,1.74,,,Provisional/Provisoire,,
05EA012,2026-08-09T07:55:00Z,47,1.74,,,Provisional/Provisoire,,
05EA012,2026-08-09T08:00:00Z,47,1.73,,,Provisional/Provisoire,,
05EA012,2026-08-09T08:05:00Z,47,1.73,,,Provisional/Provisoire,,
05EA012,2026-08-09T08:10:00Z,47,1.74,,,Provisional/Provisoire,,
05EA012,2026-08-09T08:15:00Z,47,1.73,,,Provisional/Provisoire,,
05EA012,2026-08-09T08:20:00Z,47,1.73,,,Provisional/Provisoire,,
05EA012,2026-08-09T08:25:00Z,47,1.73,,,Provisional/Provisoire,,
05EA012,2026-08-09T08:30:00Z,47,1.73,,,Provisional/Provisoire,,
05EA012,2026-08-09T08:35:00Z,47,1.72,,,Provisional/Provisoire,,
05EA012,2026-08-09T08:40:00Z,47,1.73,,,Provisional/Provisoire,,
05EA012,2026-08-09T08:45:00Z,47,1.72,,,Provisional/Provisoire,,
05EA012,2026-08-09T08:50:00Z,47,1.73,,,Provisional/Provisoire,,
05EA012,2026-08-09T08:55:00Z,47,1.72,,,Provisional/Provisoire,,
05EA012,2026-08-09T09:00:00Z,47,1.73,,,Provisional/Provisoire,,
05EA012,2026-08-09T09:05:00Z,47,1.72,,,Provisional/Provisoire,,
05EA012,2026-08-09T09:10:00Z,47,1.72,,,Provisional/Provisoire,,
05EA012,2026-08-09T09:15:00Z,47,1.72,,,Provisional/Provisoire,,
05EA012,2026-08-09T09:20:00Z,47,1.72,,,Provisional/Provisoire,,
05EA012,2026-08-09T09:25:00Z,47,1.72,,,Provisional/Provisoire,,
05EA012,2026-08-09T09:30:00Z,47,1.72,,,Provisional/Provisoire,,
05EA012,2026-08-09T09:35:00Z,47,1.72,,,Provisional/Provisoire,,
05EA012,2026-08-09T09:40:00Z,47,1.72,,,Provisional/Provisoire,,
05EA012,2026-08-09T09:45:00Z,47,1.72,,,Provisional/Provisoire,,
05EA012,2026-08-09T09:50:00Z,47,1.73,,,Provisional/Provisoire,,
05EA012,2026-08-09T09:55:00Z,47,1.72,,,Provisional/Provisoire,,
05EA012,2026-08-09T10:00:00Z,47,1.72,,,Provisional/Provisoire,,
05EA012,2026-08-09T10:05:00Z,47,1.73,,,Provisional/Provisoire,,
05EA012,2026-08-09T10:10:00Z,47,1.73,,,Provisional/Provisoire,,
05EA012,2026-08-09T10:15:00Z,47,1.73,,,Provisional/Provisoire,,
05EA012,2026-08-09T10:20:00Z,47,1.73,,,Provisional/Provisoire,,
05EA012,2026-08-09T10:25:00Z,47,1.73,,,Provisional/Provisoire,,
05EA012,2026-08-09T10:30:00Z,47,1.73,,,Provisional/Provisoire,,
05EA012,2026-08-09T10:35:00Z,47,1.73,,,Provisional/Provisoire,,
05EA012,2026-08-09T10:40:00Z,47,1.74,,,Provisional/Provisoire,,
05EA012,2026-08-09T10:45:00Z,47,1.74,,,Provisional/Provisoire,,
05EA012,2026-08-09T10:50:00Z,47,1.73,,,Provisional/Provisoire,,
05EA012,2026-08-09T10:55:00Z,47,1.73,,,Provisional/Provisoire,,
05EA012,2026-08-09T11:00:00Z,47,1.73,,,Provisional/Provisoire,,
05EA012,2026-08-09T11:05:00Z,47,1.73,,,Provisional/Provisoire,,
05EA012,2026-08-09T11:10:00Z,47,1.73,,,Provisional/Provisoire,,
05EA012,2026-08-09T11:15:00Z,47,1.73,,,Provisional/Provisoire,,
05EA012,2026-08-09T11:20:00Z,47,1.73,,,Provisional/Provisoire,,
05EA012,2026-08-09T11:25:00Z,47,1.73,,,Provisional/Provisoire,,
05EA012,2026-08-09T11:30:00Z,47,1.73,,,Provisional/Provisoire,,
05EA012,2026-08-09T11:35:00Z,47,1.73,,,Provisional/Provisoire,,
05EA012,2026-08-09T11:40:00Z,47,1.73,,,Provisional/Provisoire,,
05EA012,2026-08-09T11:45:00Z,47,1.73,,,Provisional/Provisoire,,
05EA012,2026-08-09T11:50:00Z,47,1.72,,,Provisional/Provisoire,,
05EA012,2026-08-09T11:55:00Z,47,1.73,,,Provisional/Provisoire,,
05EA012,2026-08-09T12:00:00Z,47,1.73,,,Provisional/Provisoire,,
05EA012,2026-08-09T12:05:00Z,47,1.73,,,Provisional/Provisoire,,
05EA012,2026-08-09T12:10:00Z,47,1.73,,,Provisional/Provisoire,,
05EA012,2026-08-09T12:15:00Z,47,1.73,,,Provisional/Provisoire,,
05EA012,2026-08-09T12:20:00Z,47,1.73,,,Provisional/Provisoire,,
05EA012,2026-08-09T12:25:00Z,47,1.73,,,Provisional/Provisoire,,
05EA012,2026-08-09T12:30:00Z,47,1.73,,,Provisional/Provisoire,,
05EA012,2026-08-09T12:35:00Z,47,1.73,,,Provisional/Provisoire,,
05EA012,2026-08-09T12:40:00Z,47,1.73,,,Provisional/Provisoire,,
05EA012,2026-08-09T12:45:00Z,47,1.74,,,Provisional/Provisoire,,
05EA012,2026-08-09T12:50:00Z,47,1.74,,,Provisional/Provisoire,,
05EA012,2026-08-09T12:55:00Z,47,1.74,,,Provisional/Provisoire,,
05EA012,2026-08-09T13:00:00Z,47,1.73,,,Provisional/Provisoire,,
05EA012,2026-08-09T13:05:00Z,47,1.74,,,Provisional/Provisoire,,
05EA012,2026-08-09T13:10:00Z,47,1.74,,,Provisional/Provisoire,,
05EA012,2026-08-09T13:15:00Z,47,1.74,,,Provisional/Provisoire,,
05EA012,2026-08-09T13:20:00Z,47,1.74,,,Provisional/Provisoire,,
05EA012,2026-08-09T13:25:00Z,47,1.74,,,Provisional/Provisoire,,
05EA012,2026-08-09T13:30:00Z,47,1.73,,,Provisional/Provisoire,,
05EA012,2026-08-09T13:35:00Z,47,1.73,,,Provisional/Provisoire,,
05EA012,2026-08-09T13:40:00Z,47,1.73,,,Provisional/Provisoire,,
05EA012,2026-08-09T13:45:00Z,47,1.73,,,Provisional/Provisoire,,
05EA012,2026-08-09T13:50:00Z,47,1.73,,,Provisional/Provisoire,,
05EA012,2026-08-09T13:55:00Z,47,1.73,,,Provisional/Provisoire,,
05EA012,2026-08-09T14:00:00Z,47,1.74,,,Provisional/Provisoire,,
05EA012,2026-08-09T14:05:00Z,47,1.73,,,Provisional/Provisoire,,
05EA012,2026-08-09T14:10:00Z,47,1.73,,,Provisional/Provisoire,,
05EA012,2026-08-09T14:15:00Z,47,1.73,,,Provisional/Provisoire,,
05EA012,2026-08-09T14:20:00Z,47,1.73,,,Provisional/Provisoire,,
05EA012,2026-08-09T14:25:00Z,47,1.74,,,Provisional/Provisoire,,
05EA012,2026-08-09T14:30:00Z,47,1.74,,,Provisional/Provisoire,,
05EA012,2026-08-09T14:35:00Z,47,1.74,,,Provisional/Provisoire,,
05EA012,2026-08-09T14:40:00Z,47,1.74,,,Provisional/Provisoire,,
05EA012,2026-08-09T14:45:00Z,47,1.74,,,Provisional/Provisoire,,
05EA012,2026-08-09T14:50:00Z,47,1.75,,,Provisional/Provisoire,,
05EA012,2026-08-09T14:55:00Z,47,1.75,,,Provisional/Provisoire,,
05EA012,2026-08-09T15:00:00Z,47,1.74,,,Provisional/Provisoire,,
05EA012,2026-08-09T15:05:00Z,47,1.74,,,Provisional/Provisoire,,
05EA012,2026-08-09T15:10:00Z,47,1.75,,,Provisional/Provisoire,,
05EA012,2026-08-09T15:15:00Z,47,1.75,,,Provisional/Provisoire,,
05EA012,2026-08-09T15:20:00Z,47,1.75,,,Provisional/Provisoire,,
05EA012,2026-08-09T15:25:00Z,47,1.75,,,Provisional/Provisoire,,
05EA012,2026-08-09T15:30:00Z,47,1.75,,,Provisional/Provisoire,,
05EA012,2026-08-09T15:35:00Z,47,1.75,,,Provisional/Provisoire,,
05EA012,2026-08-09T15:40:00Z,47,1.75,,,Provisional/Provisoire,,
05EA012,2026-08-09T15:45:00Z,47,1.75,,,Provisional/Provisoire,,
05EA012,2026-08-09T15:50:00Z,47,1.75,,,Provisional/Provisoire,,
05EA012,2026-08-09T15:55:00Z,47,1.75,,,Provisional/Provisoire,,
05EA012,2026-08-09T16:00:00Z,47,1.75,,,Provisional/Provisoire,,
05EA012,2026-08-09T16:05:00Z,47,1.75,,,Provisional/Provisoire,,
05EA012,2026-08-09T16:10:00Z,47,1.75,,,Provisional/Provisoire,,
05EA012,2026-08-09T16:15:00Z,47,1.75,,,Provisional/Provisoire,,
05EA012,2026-08-09T16:20:00Z,47,1.75,,,Provisional/Provisoire,,
05EA012,2026-08-09T16:25:00Z,47,1.75,,,Provisional/Provisoire,,
05EA012,2026-08-09T16:30:00Z,47,1.75,,,Provisional/Provisoire,,
05EA012,2026-08-09T16:35:00Z,47,1.75,,,Provisional/Provisoire,,
05EA012,2026-08-09T16:40:00Z,47,1.75,,,Provisional/Provisoire,,
05EA012,2026-08-09T16:45:00Z,47,1.75,,,Provisional/Provisoire,,
05EA012,2026-08-09T16:50:00Z,47,1.75,,,Provisional/Provisoire,,
05EA012,2026-08-09T16:55:00Z,47,1.75,,,Provisional/Provisoire,,
05EA012,2026-08-09T17:00:00Z,47,1.75,,,Provisional/Provisoire,,
05EA012,2026-08-09T17:05:00Z,47,1.75,,,Provisional/Provisoire,,
05EA012,2026-08-09T17:10:00Z,47,1.75,,,Provisional/Provisoire,,
05EA012,2026-08-09T17:15:00Z,47,1.75,,,Provisional/Provisoire,,
05EA012,2026-08-09T17:20:00Z,47,1.75,,,Provisional/Provisoire,,
05EA012,2026-08-09T17:25:00Z,47,1.75,,,Provisional/Provisoire,,
05EA012,2026-08-09T17:30:00Z,47,1.75,,,Provisional/Provisoire,,
05EA012,2026-08-09T17:35:00Z,47,1.75,,,Provisional/Provisoire,,
05EA012,2026-08-09T17:40:00Z,47,1.75,,,Provisional/Provisoire,,
05EA012,2026-08-09T17:45:00Z,47,1.75,,,Provisional/Provisoire,,
05EA012,2026-08-09T17:50:00Z,47,1.75,,,Provisional/Provisoire,,
05EA012,2026-08-09T17:55:00Z,47,1.75,,,Provisional/Provisoire,,
05EA012,2026-08-09T18:00:00Z,47,1.74,,,Provisional/Provisoire,,
05EA012,2026-08-09T18:05:00Z,47,1.75,,,Provisional/Provisoire,,
05EA012,2026-08-09T18:10:00Z,47,1.75,,,Provisional/Provisoire,,
05EA012,2026-08-09T18:15:00Z,47,1.75,,,Provisional/Provisoire,,
05EA012,2026-08-09T18:20:00Z,47,1.75,,,Provisional/Provisoire,,
05EA012,2026-08-09T18:25:00Z,47,1.74,,,Provisional/Provisoire,,
05EA012,2026-08-09T18:30:00Z,47,1.74,,,Provisional/Provisoire,,
05EA012,2026-08-09T18:35:00Z,47,1.74,,,Provisional/Provisoire,,
05EA012,2026-08-09T18:40:00Z,47,1.75,,,Provisional/Provisoire,,
05EA012,2026-08-09T18:45:00Z,47,1.75,,,Provisional/Provisoire,,
05EA012,2026-08-09T18:50:00Z,47,1.75,,,Provisional/Provisoire,,
05EA012,2026-08-09T18:55:00Z,47,1.75,,,Provisional/Provisoire,,
05EA012,2026-08-09T19:00:00Z,47,1.74,,,Provisional/Provisoire,,
05EA012,2026-08-09T19:05:00Z,47,1.75,,,Provisional/Provisoire,,
05EA012,2026-08-09T19:10:00Z,47,1.74,,,Provisional/Provisoire,,
05EA012,2026-08-09T19:15:00Z,47,1.74,,,Provisional/Provisoire,,
05EA012,2026-08-09T19:20:00Z,47,1.74,,,Provisional/Provisoire,,
05EA012,2026-08-09T19:25:00Z,47,1.74,,,Provisional/Provisoire,,
05EA012,2026-08-09T19:30:00Z,47,1.74,,,Provisional/Provisoire,,
05EA012,2026-08-09T19:35:00Z,47,1.74,,,Provisional/Provisoire,,
05EA012,2026-08-09T19:40:00Z,47,1.74,,,Provisional/Provisoire,,
05EA012,2026-08-09T19:45:00Z,47,1.74,,,Provisional/Provisoire,,
05EA012,2026-08-09T19:50:00Z,47,1.74,,,Provisional/Provisoire,,
05EA012,2026-08-09T19:55:00Z,47,1.73,,,Provisional/Provisoire,,
05EA012,2026-08-09T20:00:00Z,47,1.73,,,Provisional/Provisoire,,
05EA012,2026-08-09T20:05:00Z,47,1.73,,,Provisional/Provisoire,,
05EA012,2026-08-09T20:10:00Z,47,1.74,,,Provisional/Provisoire,,
05EA012,2026-08-09T20:15:00Z,47,1.73,,,Provisional/Provisoire,,
05EA012,2026-08-09T20:20:00Z,47,1.73,,,Provisional/Provisoire,,
05EA012,2026-08-09T20:25:00Z,47,1.74,,,Provisional/Provisoire,,
05EA012,2026-08-09T20:30:00Z,47,1.74,,,Provisional/Provisoire,,
05EA012,2026-08-09T20:35:00Z,47,1.73,,,Provisional/Provisoire,,
05EA012,2026-08-09T20:40:00Z,47,1.73,,,Provisional/Provisoire,,
05EA012,2026-08-09T20:45:00Z,47,1.73,,,Provisional/Provisoire,,
05EA012,2026-08-09T20:50:00Z,47,1.73,,,Provisional/Provisoire,,
05EA012,2026-08-09T20:55:00Z,47,1.73,,,Provisional/Provisoire,,
05EA012,2026-08-09T21:00:00Z,47,1.73,,,Provisional/Provisoire,,
05EA012,2026-08-09T21:05:00Z,47,1.73,,,Provisional/Provisoire,,
05EA012,2026-08-09T21:10:00Z,47,1.73,,,Provisional/Provisoire,,
05EA012,2026-08-09T21:15:00Z,47,1.73,,,Provisional/Provisoire,,
05EA012,2026-08-09T21:20:00Z,47,1.73,,,Provisional/Provisoire,,
05EA012,2026-08-09T21:25:00Z,47,1.73,,,Provisional/Provisoire,,
05EA012,2026-08-09T21:30:00Z,47,1.73,,,Provisional/Provisoire,,
05EA012,2026-08-09T21:35:00Z,47,1.73,,,Provisional/Provisoire,,
05EA012,2026-08-09T21:40:00Z,47,1.73,,,Provisional/Provisoire,,
05EA012,2026-08-09T21:45:00Z,47,1.73,,,Provisional/Provisoire,,
05EA012,2026-08-09T21:50:00Z,47,1.73,,,Provisional/Provisoire,,
05EA012,2026-08-09T21:55:00Z,47,1.73,,,Provisional/Provisoire,,
05EA012,2026-08-09T22:00:00Z,47,1.72,,,Provisional/Provisoire,,
05EA012,2026-08-09T22:05:00Z,47,1.72,,,Provisional/Provisoire,,
05EA012,2026-08-09T22:10:00Z,47,1.73,,,Provisional/Provisoire,,
05EA012,2026-08-09T22:15:00Z,47,1.72,,,Provisional/Provisoire,,
05EA012,2026-08-09T22:20:00Z,47,1.73,,,Provisional/Provisoire,,
05EA012,2026-08-09T22:25:00Z,47,1.73,,,Provisional/Provisoire,,
05EA012,2026-08-09T22:30:00Z,47,1.72,,,Provisional/Provisoire,,
05EA012,2026-08-09T22:35:00Z,47,1.73,,,Provisional/Provisoire,,
05EA012,2026-08-09T22:40:00Z,47,1.72,,,Provisional/Provisoire,,
05EA012,2026-08-09T22:45:00Z,47,1.72,,,Provisional/Provisoire,,
05EA012,2026-08-09T22:50:00Z,47,1.73,,,Provisional/Provisoire,,
05EA012,2026-08-09T22:55:00Z,47,1.72,,,Provisional/Provisoire,,
05EA012,2026-08-09T23:00:00Z,47,1.73,,,Provisional/Provisoire,,
05EA012,2026-08-09T23:05:00Z,47,1.73,,,Provisional/Provisoire,,
05EA012,2026-08-09T23:10:00Z,47,1.72,,,Provisional/Provisoire,,
05EA012,2026-08-09T23:15:00Z,47,1.73,,,Provisional/Provisoire,,
05EA012,2026-08-09T23:20:00Z,47,1.72,,,Provisional/Provisoire,,
05EA012,2026-08-09T23:25:00Z,47,1.73,,,Provisional/Provisoire,,
05EA012,2026-08-09T23:30:00Z,47,1.72,,,Provisional/Provisoire,,
05EA012,2026-08-09T23:35:00Z,47,1.72,,,Provisional/Provisoire,,
05EA012,2026-08-09T23:40:00Z,47,1.72,,,Provisional/Provisoire,,
05EA012,2026-08-09T23:45:00Z,47,1.72,,,Provisional/Provisoire,,
05EA012,2026-08-09T23:50:00Z,47,1.72,,,Provisional/Provisoire,,
05EA012,2026-08-09T23:55:00Z,47,1.72,,,Provisional/Provisoire,,
05EA012,2026-08-10T00:00:00Z,47,1.72,,,Provisional/Provisoire,,
05EA012,2026-08-10T00:05:00Z,47,1.73,,,Provisional/Provisoire,,
05EA012,2026-08-10T00:10:00Z,47,1.73,,,Provisional/Provisoire,,
05EA012,2026-08-10T00:15:00Z,47,1.72,,,Provisional/Provisoire,,
05EA012,2026-08-10T00:20:00Z,47,1.73,,,Provisional/Provisoire,,
05EA012,2026-08-10T00:25:00Z,47,1.72,,,Provisional/Provisoire,,
05EA012,2026-08-10T00:30:00Z,47,1.72,,,Provisional/Provisoire,,
05EA012,2026-08-10T00:35:00Z,47,1.73,,,Provisional/Provisoire,,
05EA012,2026-08-10T00:40:00Z,47,1.73,,,Provisional/Provisoire,,
05EA012,2026-08-10T00:45:00Z,47,1.72,,,Provisional/Provisoire,,
05EA012,2026-08-10T00:50:00Z,47,1.73,,,Provisional/Provisoire,,
05EA012,2026-08-10T00:55:00Z,47,1.73,,,Provisional/Provisoire,,
05EA012,2026-08-10T01:00:00Z,47,1.73,,,Provisional/Provisoire,,
05EA012,2026-08-10T01:05:00Z,47,1.72,,,Provisional/Provisoire,,
05EA012,2026-08-10T01:10:00Z,47,1.72,,,Provisional/Provisoire,,
05EA012,2026-08-10T01:15:00Z,47,1.73,,,Provisional/Provisoire,,
05EA012,2026-08-10T01:20:00Z,47,1.72,,,Provisional/Provisoire,,
05EA012,2026-08-10T01:25:00Z,47,1.72,,,Provisional/Provisoire,,
05EA012,2026-08-10T01:30:00Z,47,1.73,,,Provisional/Provisoire,,
05EA012,2026-08-10T01:35:00Z,47,1.73,,,Provisional/Provisoire,,
05EA012,2026-08-10T01:40:00Z,47,1.72,,,Provisional/Provisoire,,
05EA012,2026-08-10T01:45:00Z,47,1.73,,,Provisional/Provisoire,,
05EA012,2026-08-10T01:50:00Z,47,1.73,,,Provisional/Provisoire,,
05EA012,2026-08-10T01:55:00Z,47,1.72,,,Provisional/Provisoire,,
05EA012,2026-08-10T02:00:00Z,47,1.73,,,Provisional/Provisoire,,
05EA012,2026-08-10T02:05:00Z,47,1.72,,,Provisional/Provisoire,,
05EA012,2026-08-10T02:10:00Z,47,1.72,,,Provisional/Provisoire,,
05EA012,2026-08-10T02:15:00Z,47,1.72,,,Provisional/Provisoire,,
05EA012,2026-08-10T02:20:00Z,47,1.73,,,Provisional/Provisoire,,
05EA012,2026-08-10T02:25:00Z,47,1.72,,,Provisional/Provisoire,,
05EA012,2026-08-10T02:30:00Z,47,1.72,,,Provisional/Provisoire,,
05EA012,2026-08-10T02:35:00Z,47,1.73,,,Provisional/Provisoire,,
05EA012,2026-08-10T02:40:00Z,47,1.72,,,Provisional/Provisoire,,
05EA012,2026-08-10T02:45:00Z,47,1.73,,,Provisional/Provisoire,,
05EA012,2026-08-10T02:50:00Z,47,1.72,,,Provisional/Provisoire,,
05EA012,2026-08-10T02:55:00Z,47,1.72,,,Provisional/Provisoire,,
05EA012,2026-08-10T03:00:00Z,47,1.72,,,Provisional/Provisoire,,
05EA012,2026-08-10T03:05:00Z,47,1.72,,,Provisional/Provisoire,,
05EA012,2026-08-10T03:10:00Z,47,1.72,,,Provisional/Provisoire,,
05EA012,2026-08-10T03:15:00Z,47,1.72,,,Provisional/Provisoire,,
05EA012,2026-08-10T03:20:00Z,47,1.72,,,Provisional/Provisoire,,
05EA012,2026-08-10T03:25:00Z,47,1.71,,,Provisional/Provisoire,,
05EA012,2026-08-10T03:30:00Z,47,1.72,,,Provisional/Provisoire,,
05EA012,2026-08-10T03:35:00Z,47,1.71,,,Provisional/Provisoire,,
05EA012,2026-08-10T03:40:00Z,47,1.71,,,Provisional/Provisoire,,
05EA012,2026-08-10T03:45:00Z,47,1.71,,,Provisional/Provisoire,,
05EA012,2026-08-10T03:50:00Z,47,1.70,,,Provisional/Provisoire,,
05EA012,2026-08-10T03:55:00Z,47,1.70,,,Provisional/Provisoire,,
05EA012,2026-08-10T04:00:00Z,47,1.70,,,Provisional/Provisoire,,
05EA012,2026-08-10T04:05:00Z,47,1.70,,,Provisional/Provisoire,,
05EA012,2026-08-10T04:10:00Z,47,1.71,,,Provisional/Provisoire,,
05EA012,2026-08-10T04:15:00Z,47,1.71,,,Provisional/Provisoire,,
05EA012,2026-08-10T04:20:00Z,47,1.71,,,Provisional/Provisoire,,
05EA012,2026-08-10T04:25:00Z,47,1.70,,,Provisional/Provisoire,,
05EA012,2026-08-10T04:30:00Z,47,1.70,,,Provisional/Provisoire,,
05EA012,2026-08-10T04:35:00Z,47,1.70,,,Provisional/Provisoire,,
05EA012,2026-08-10T04:40:00Z,47,1.71,,,Provisional/Provisoire,,
05EA012,2026-08-10T04:45:00Z,47,1.70,,,Provisional/Provisoire,,
05EA012,2026-08-10T04:50:00Z,47,1.71,,,Provisional/Provisoire,,
05EA012,2026-08-10T04:55:00Z,47,1.70,,,Provisional/Provisoire,,
05EA012,2026-08-10T05:00:00Z,47,1.70,,,Provisional/Provisoire,,
05EA012,2026-08-10T05:05:00Z,47,1.71,,,Provisional/Provisoire,,
05EA012,2026-08-10T05:10:00Z,47,1.71,,,Provisional/Provisoire,,
05EA012,2026-08-10T05:15:00Z,47,1.71,,,Provisional/Provisoire,,
05EA012,2026-08-10T05:20:00Z,47,1.71,,,Provisional/Provisoire,,
05EA012,2026-08-10T05:25:00Z,47,1.71,,,Provisional/Provisoire,,
05EA012,2026-08-10T05:30:00Z,47,1.71,,,Provisional/Provisoire,,
05EA012,2026-08-10T05:35:00Z,47,1.70,,,Provisional/Provisoire,,
05EA012,2026-08-10T05:40:00Z,47,1.70,,,Provisional/Provisoire,,
05EA012,2026-08-10T05:45:00Z,47,1.70,,,Provisional/Provisoire,,
05EA012,2026-08-10T05:50:00Z,47,1.71,,,Provisional/Provisoire,,
05EA012,2026-08-10T05:55:00Z,47,1.71,,,Provisional/Provisoire,,
05EA012,2026-08-10T06:00:00Z,47,1.70,,,Provisional/Provisoire,,
05EA012,2026-08-10T06:05:00Z,47,1.69,,,Provisional/Provisoire,,
05EA012,2026-08-10T06:10:00Z,47,1.70,,,Provisional/Provisoire,,
05EA012,2026-08-10T06:15:00Z,47,1.68,,,Provisional/Provisoire,,
05EA012,2026-08-10T06:20:00Z,47,1.70,,,Provisional/Provisoire,,
05EA012,2026-08-10T06:25:00Z,47,1.69,,,Provisional/Provisoire,,
05EA012,2026-08-10T06:30:00Z,47,1.69,,,Provisional/Provisoire,,
05EA012,2026-08-10T06:35:00Z,47,1.69,,,Provisional/Provisoire,,
05EA012,2026-08-10T06:40:00Z,47,1.68,,,Provisional/Provisoire,,
05EA012,2026-08-10T06:45:00Z,47,1.69,,,Provisional/Provisoire,,
05EA012,2026-08-10T06:50:00Z,47,1.68,,,Provisional/Provisoire,,
05EA012,2026-08-10T06:55:00Z,47,1.68,,,Provisional/Provisoire,,
05EA012,2026-08-10T07:00:00Z,47,1.69,,,Provisional/Provisoire,,
05EA012,2026-08-10T07:05:00Z,47,1.69,,,Provisional/Provisoire,,
05EA012,2026-08-10T07:10:00Z,47,1.68,,,Provisional/Provisoire,,
05EA012,2026-08-10T07:15:00Z,47,1.68,,,Provisional/Provisoire,,
05EA012,2026-08-10T07:20:00Z,47,1.69,,,Provisional/Provisoire,,
05EA012,2026-08-10T07:25:00Z,47,1.70,,,Provisional/Provisoire,,
05EA012,2026-08-10T07:30:00Z,47,1.70,,,Provisional/Provisoire,,
05EA012,2026-08-10T07:35:00Z,47,1.69,,,Provisional/Provisoire,,
05EA012,2026-08-10T07:40:00Z,47,1.70,,,Provisional/Provisoire,,
05EA012,2026-08-10T07:45:00Z,47,1.71,,,Provisional/Provisoire,,
05EA012,2026-08-10T07:50:00Z,47,1.70,,,Provisional/Provisoire,,
05EA012,2026-08-10T07:55:00Z,47,1.71,,,Provisional/Provisoire,,
05EA012,2026-08-10T08:00:00Z,47,1.71,,,Provisional/Provisoire,,
05EA012,2026-08-10T08:05:00Z,47,1.71,,,Provisional/Provisoire,,
05EA012,2026-08-10T08:10:00Z,47,1.71,,,Provisional/Provisoire,,
05EA012,2026-08-10T08:15:00Z,47,1.72,,,Provisional/Provisoire,,
05EA012,2026-08-10T08:20:00Z,47,1.72,,,Provisional/Provisoire,,
05EA012,2026-08-10T08:25:00Z,47,1.71,,,Provisional/Provisoire,,
05EA012,2026-08-10T08:30:00Z,47,1.72,,,Provisional/Provisoire,,
05EA012,2026-08-10T08:35:00Z,47,1.72,,,Provisional/Provisoire,,
05EA012,2026-08-10T08:40:00Z,47,1.72,,,Provisional/Provisoire,,
05EA012,2026-08-10T08:45:00Z,47,1.72,,,Provisional/Provisoire,,
05EA012,2026-08-10T08:50:00Z,47,1.72,,,Provisional/Provisoire,,
05EA012,2026-08-10T08:55:00Z,47,1.72,,,Provisional/Provisoire,,
05EA012,2026-08-10T09:00:00Z,47,1.72,,,Provisional/Provisoire,,
05EA012,2026-08-10T09:05:00Z,47,1.71,,,Provisional/Provisoire,,
05EA012,2026-08-10T09:10:00Z,47,1.71,,,Provisional/Provisoire,,
05EA012,2026-08-10T09:15:00Z,47,1.72,,,Provisional/Provisoire,,
05EA012,2026-08-10T09:20:00Z,47,1.72,,,Provisional/Provisoire,,
05EA012,2026-08-10T09:25:00Z,47,1.71,,,Provisional/Provisoire,,
05EA012,2026-08-10T09:30:00Z,47,1.72,,,Provisional/Provisoire,,
05EA012,2026-08-10T09:35:00Z,47,1.72,,,Provisional/Provisoire,,
05EA012,2026-08-10T09:40:00Z,47,1.72,,,Provisional/Provisoire,,
05EA012,2026-08-10T09:45:00Z,47,1.71,,,Provisional/Provisoire,,
05EA012,2026-08-10T09:50:00Z,47,1.71,,,Provisional/Provisoire,,
05EA012,2026-08-10T09:55:00Z,47,1.71,,,Provisional/Provisoire,,
05EA012,2026-08-10T10:00:00Z,47,1.71,,,Provisional/Provisoire,,
05EA012,2026-08-10T10:05:00Z,47,1.71,,,Provisional/Provisoire,,
05EA012,2026-08-10T10:10:00Z,47,1.70,,,Provisional/Provisoire,,
05EA012,2026-08-10T10:15:00Z,47,1.70,,,Provisional/Provisoire,,
05EA012,2026-08-10T10:20:00Z,47,1.70,,,Provisional/Provisoire,,
05EA012,2026-08-10T10:25:00Z,47,1.71,,,Provisional/Provisoire,,
05EA012,2026-08-10T10:30:00Z,47,1.71,,,Provisional/Provisoire,,
05EA012,2026-08-10T10:35:00Z,47,1.70,,,Provisional/Provisoire,,
05EA012,2026-08-10T10:40:00Z,47,1.71,,,Provisional/Provisoire,,
05EA012,2026-08-10T10:45:00Z,47,1.71,,,Provisional/Provisoire,,
05EA012,2026-08-10T10:50:00Z,47,1.70,,,Provisional/Provisoire,,
05EA012,2026-08-10T10:55:00Z,47,1.70,,,Provisional/Provisoire,,
05EA012,2026-08-10T11:00:00Z,47,1.70,,,Provisional/Provisoire,,
05EA012,2026-08-10T11:05:00Z,47,1.70,,,Provisional/Provisoire,,
05EA012,2026-08-10T11:10:00Z,47,1.69,,,Provisional/Provisoire,,
05EA012,2026-08-10T11:15:00Z,47,1.70,,,Provisional/Provisoire,,
05EA012,2026-08-10T11:20:00Z,47,1.69,,,Provisional/Provisoire,,
05EA012,2026-08-10T11:25:00Z,47,1.69,,,Provisional/Provisoire,,
05EA012,2026-08-10T11:30:00Z,47,1.69,,,Provisional/Provisoire,,
05EA012,2026-08-10T11:35:00Z,47,1.69,,,Provisional/Provisoire,,
05EA012,2026-08-10T11:40:00Z,47,1.70,,,Provisional/Provisoire,,
05EA012,2026-08-10T11:45:00Z,47,1.70,,,Provisional/Provisoire,,
05EA012,2026-08-10T11:50:00Z,47,1.70,,,Provisional/Provisoire,,
05EA012,2026-08-10T11:55:00Z,47,1.70,,,Provisional/Provisoire,,
05EA012,2026-08-10T12:00:00Z,47,1.71,,,Provisional/Provisoire,,
05EA012,2026-08-10T12:05:00Z,47,1.71,,,Provisional/Provisoire,,
05EA012,2026-08-10T12:10:00Z,47,1.70,,,Provisional/Provisoire,,
05EA012,2026-08-10T12:15:00Z,47,1.71,,,Provisional/Provisoire,,
05EA012,2026-08-10T12:20:00Z,47,1.70,,,Provisional/Provisoire,,
05EA012,2026-08-10T12:25:00Z,47,1.71,,,Provisional/Provisoire,,
05EA012,2026-08-10T12:30:00Z,47,1.71,,,Provisional/Provisoire,,
05EA012,2026-08-10T12:35:00Z,47,1.70,,,Provisional/Provisoire,,
05EA012,2026-08-10T12:40:00Z,47,1.70,,,Provisional/Provisoire,,
05EA012,2026-08-10T12:45:00Z,47,1.71,,,Provisional/Provisoire,,
05EA012,2026-08-10T12:50:00Z,47,1.71,,,Provisional/Provisoire,,
05EA012,2026-08-10T12:55:00Z,47,1.71,,,Provisional/Provisoire,,
05EA012,2026-08-10T13:00:00Z,47,1.70,,,Provisional/Provisoire,,
05EA012,2026-08-10T13:05:00Z,47,1.70,,,Provisional/Provisoire,,