 ID,Date,Parameter/Paramètre,Value/Valeur,Qualifier/Qualificatif,Symbol/Symbole,Approval/Approbation,Grade/Classification,Qualifiers/Qualificatifs
05EA010,2026-07-23T00:00:00Z,46,0.656,,,Provisional/Provisoire,,
05EA010,2026-07-23T00:05:00Z,46,0.655,,,Provisional/Provisoire,,
05EA010,2026-07-23T00:10:00Z,46,0.654,,,Provisional/Provisoire,,
05EA010,2026-07-23T00:15:00Z,46,0.652,,,Provisional/Provisoire,,
05EA010,2026-07-23T00:20:00Z,46,0.653,,,Provisional/Provisoire,,
05EA010,2026-07-23T00:25:00Z,46,0.653,,,Provisional/Provisoire,,
05EA010,2026-07-23T00:30:00Z,46,0.652,,,Provisional/Provisoire,,
05EA010,2026-07-23T00:35:00Z,46,0.651,,,Provisional/Provisoire,,
05EA010,2026-07-23T00:40:00Z,46,0.651,,,Provisional/Provisoire,,
05EA010,2026-07-23T00:45:00Z,46,0.651,,,Provisional/Provisoire,,
05EA010,2026-07-23T00:50:00Z,46,0.649,,,Provisional/Provisoire,,
05EA010,2026-07-23T00:55:00Z,46,0.649,,,Provisional/Provisoire,,
05EA010,2026-07-23T01:00:00Z,46,0.648,,,Provisional/Provisoire,,
05EA010,2026-07-23T01:05:00Z,46,0.647,,,Provisional/Provisoire,,
05EA010,2026-07-23T01:10:00Z,46,0.647,,,Provisional/Provisoire,,
05EA010,2026-07-23T01:15:00Z,46,0.646,,,Provisional/Provisoire,,
05EA010,2026-07-23T01:20:00Z,46,0.646,,,Provisional/Provisoire,,
05EA010,2026-07-23T01:25:00Z,46,0.646,,,Provisional/Provisoire,,
05EA010,2026-07-23T01:30:00Z,46,0.644,,,Provisional/Provisoire,,
05EA010,2026-07-23T01:35:00Z,46,0.644,,,Provisional/Provisoire,,
05EA010,2026-07-23T01:40:00Z,46,0.644,,,Provisional/Provisoire,,
05EA010,2026-07-23T01:45:00Z,46,0.643,,,Provisional/Provisoire,,
05EA010,2026-07-23T01:50:00Z,46,0.642,,,Provisional/Provisoire,,
05EA010,2026-07-23T01:55:00Z,46,0.642,,,Provisional/Provisoire,,
05EA010,2026-07-23T02:00:00Z,46,0.642,,,Provisional/Provisoire,,
05EA010,2026-07-23T02:05:00Z,46,0.641,,,Provisional/Provisoire,,
05EA010,2026-07-23T02:10:00Z,46,0.641,,,Provisional/Provisoire,,
05EA010,2026-07-23T02:15:00Z,46,0.639,,,Provisional/Provisoire,,
05EA010,2026-07-23T02:20:00Z,46,0.639,,,Provisional/Provisoire,,
05EA010,2026-07-23T02:25:00Z,46,0.638,,,Provisional/Provisoire,,
05EA010,2026-07-23T02:30:00Z,46,0.639,,,Provisional/Provisoire,,
05EA010,2026-07-23T02:35:00Z,46,0.638,,,Provisional/Provisoire,,
05EA010,2026-07-23T02:40:00Z,46,0.637,,,Provisional/Provisoire,,
05EA010,2026-07-23T02:45:00Z,46,0.637,,,Provisional/Provisoire,,
05EA010,2026-07-23T02:50:00Z,46,0.637,,,Provisional/Provisoire,,
05EA010,2026-07-23T02:55:00Z,46,0.636,,,Provisional/Provisoire,,
05EA010,2026-07-23T03:00:00Z,46,0.636,,,Provisional/Provisoire,,
05EA010,2026-07-23T03:05:00Z,46,0.634,,,Provisional/Provisoire,,
05EA010,2026-07-23T03:10:00Z,46,0.634,,,Provisional/Provisoire,,
05EA010,2026-07-23T03:15:00Z,46,0.634,,,Provisional/Provisoire,,
05EA010,2026-07-23T03:20:00Z,46,0.634,,,Provisional/Provisoire,,
05EA010,2026-07-23T03:25:00Z,46,0.633,,,Provisional/Provisoire,,
05EA010,2026-07-23T03:30:00Z,46,0.632,,,Provisional/Provisoire,,
05EA010,2026-07-23T03:35:00Z,46,0.631,,,Provisional/Provisoire,,
05EA010,2026-07-23T03:40:00Z,46,0.631,,,Provisional/Provisoire,,
05EA010,2026-07-23T03:45:00Z,46,0.630,,,Provisional/Provisoire,,
05EA010,2026-07-23T03:50:00Z,46,0.629,,,Provisional/Provisoire,,
05EA010,2026-07-23T03:55:00Z,46,0.629,,,Provisional/Provisoire,,
05EA010,2026-07-23T04:00:00Z,46,0.629,,,Provisional/Provisoire,,
05EA010,2026-07-23T04:05:00Z,46,0.628,,,Provisional/Provisoire,,
05EA010,2026-07-23T04:10:00Z,46,0.628,,,Provisional/Provisoire,,
05EA010,2026-07-23T04:15:00Z,46,0.628,,,Provisional/Provisoire,,
05EA010,2026-07-23T04:20:00Z,46,0.626,,,Provisional/Provisoire,,
05EA010,2026-07-23T04:25:00Z,46,0.626,,,Provisional/Provisoire,,
05EA010,2026-07-23T04:30:00Z,46,0.627,,,Provisional/Provisoire,,
05EA010,2026-07-23T04:35:00Z,46,0.625,,,Provisional/Provisoire,,
05EA010,2026-07-23T04:40:00Z,46,0.624,,,Provisional/Provisoire,,
05EA010,2026-07-23T04:45:00Z,46,0.625,,,Provisional/Provisoire,,
05EA010,2026-07-23T04:50:00Z,46,0.624,,,Provisional/Provisoire,,
05EA010,2026-07-23T04:55:00Z,46,0.624,,,Provisional/Provisoire,,
05EA010,2026-07-23T05:00:00Z,46,0.622,,,Provisional/Provisoire,,
05EA010,2026-07-23T05:05:00Z,46,0.622,,,Provisional/Provisoire,,
05EA010,2026-07-23T05:10:00Z,46,0.622,,,Provisional/Provisoire,,
05EA010,2026-07-23T05:15:00Z,46,0.621,,,Provisional/Provisoire,,
05EA010,2026-07-23T05:20:00Z,46,0.621,,,Provisional/Provisoire,,
05EA010,2026-07-23T05:25:00Z,46,0.621,,,Provisional/Provisoire,,
05EA010,2026-07-23T05:30:00Z,46,0.620,,,Provisional/Provisoire,,
05EA010,2026-07-23T05:35:00Z,46,0.620,,,Provisional/Provisoire,,
05EA010,2026-07-23T05:40:00Z,46,0.621,,,Provisional/Provisoire,,
05EA010,2026-07-23T05:45:00Z,46,0.620,,,Provisional/Provisoire,,
05EA010,2026-07-23T05:50:00Z,46,0.619,,,Provisional/Provisoire,,
05EA010,2026-07-23T05:55:00Z,46,0.618,,,Provisional/Provisoire,,
05EA010,2026-07-23T06:00:00Z,46,0.618,,,Provisional/Provisoire,,
05EA010,2026-07-23T06:05:00Z,46,0.619,,,Provisional/Provisoire,,
05EA010,2026-07-23T06:10:00Z,46,0.618,,,Provisional/Provisoire,,
05EA010,2026-07-23T06:15:00Z,46,0.618,,,Provisional/Provisoire,,
05EA010,2026-07-23T06:20:00Z,46,0.617,,,Provisional/Provisoire,,
05EA010,2026-07-23T06:25:00Z,46,0.616,,,Provisional/Provisoire,,
05EA010,2026-07-23T06:30:00Z,46,0.616,,,Provisional/Provisoire,,
05EA010,2026-07-23T06:35:00Z,46,0.616,,,Provisional/Provisoire,,
05EA010,2026-07-23T06:40:00Z,46,0.615,,,Provisional/Provisoire,,
05EA010,2026-07-23T06:45:00Z,46,0.614,,,Provisional/Provisoire,,
05EA010,2026-07-23T06:50:00Z,46,0.614,,,Provisional/Provisoire,,
05EA010,2026-07-23T06:55:00Z,46,0.613,,,Provisional/Provisoire,,
05EA010,2026-07-23T07:00:00Z,46,0.614,,,Provisional/Provisoire,,
05EA010,2026-07-23T07:05:00Z,46,0.613,,,Provisional/Provisoire,,
05EA010,2026-07-23T07:10:00Z,46,0.613,,,Provisional/Provisoire,,
05EA010,2026-07-23T07:15:00Z,46,0.612,,,Provisional/Provisoire,,
05EA010,2026-07-23T07:20:00Z,46,0.612,,,Provisional/Provisoire,,
05EA010,2026-07-23T07:25:00Z,46,0.612,,,Provisional/Provisoire,,
05EA010,2026-07-23T07:30:00Z,46,0.610,,,Provisional/Provisoire,,
05EA010,2026-07-23T07:35:00Z,46,0.611,,,Provisional/Provisoire,,
05EA010,2026-07-23T07:40:00Z,46,0.611,,,Provisional/Provisoire,,
05EA010,2026-07-23T07:45:00Z,46,0.610,,,Provisional/Provisoire,,
05EA010,2026-07-23T07:50:00Z,46,0.610,,,Provisional/Provisoire,,
05EA010,2026-07-23T07:55:00Z,46,0.610,,,Provisional/Provisoire,,
05EA010,2026-07-23T08:00:00Z,46,0.609,,,Provisional/Provisoire,,
05EA010,2026-07-23T08:05:00Z,46,0.609,,,Provisional/Provisoire,,
05EA010,2026-07-23T08:10:00Z,46,0.609,,,Provisional/Provisoire,,
05EA010,2026-07-23T08:15:00Z,46,0.608,,,Provisional/Provisoire,,
05EA010,2026-07-23T08:20:00Z,46,0.608,,,Provisional/Provisoire,,
05EA010,2026-07-23T08:25:00Z,46,0.607,,,Provisional/Provisoire,,
05EA010,2026-07-23T08:30:00Z,46,0.607,,,Provisional/Provisoire,,
05EA010,2026-07-23T08:35:00Z,46,0.605,,,Provisional/Provisoire,,
05EA010,2026-07-23T08:40:00Z,46,0.606,,,Provisional/Provisoire,,
05EA010,2026-07-23T08:45:00Z,46,0.604,,,Provisional/Provisoire,,
05EA010,2026-07-23T08:50:00Z,46,0.604,,,Provisional/Provisoire,,
05EA010,2026-07-23T08:55:00Z,46,0.603,,,Provisional/Provisoire,,
05EA010,2026-07-23T09:00:00Z,46,0.603,,,Provisional/Provisoire,,
05EA010,2026-07-23T09:05:00Z,46,0.603,,,Provisional/Provisoire,,
05EA010,2026-07-23T09:10:00Z,46,0.603,,,Provisional/Provisoire,,
05EA010,2026-07-23T09:15:00Z,46,0.602,,,Provisional/Provisoire,,
05EA010,2026-07-23T09:20:00Z,46,0.601,,,Provisional/Provisoire,,
05EA010,2026-07-23T09:25:00Z,46,0.601,,,Provisional/Provisoire,,
05EA010,2026-07-23T09:30:00Z,46,0.601,,,Provisional/Provisoire,,
05EA010,2026-07-23T09:35:00Z,46,0.600,,,Provisional/Provisoire,,
05EA010,2026-07-23T09:40:00Z,46,0.599,,,Provisional/Provisoire,,
05EA010,2026-07-23T09:45:00Z,46,0.599,,,Provisional/Provisoire,,
05EA010,2026-07-23T09:50:00Z,46,0.599,,,Provisional/Provisoire,,
05EA010,2026-07-23T09:55:00Z,46,0.599,,,Provisional/Provisoire,,
05EA010,2026-07-23T10:00:00Z,46,0.598,,,Provisional/Provisoire,,
05EA010,2026-07-23T10:05:00Z,46,0.598,,,Provisional/Provisoire,,
05EA010,2026-07-23T10:10:00Z,46,0.597,,,Provisional/Provisoire,,
05EA010,2026-07-23T10:15:00Z,46,0.597,,,Provisional/Provisoire,,
05EA010,2026-07-23T10:20:00Z,46,0.597,,,Provisional/Provisoire,,
05EA010,2026-07-23T10:25:00Z,46,0.597,,,Provisional/Provisoire,,
05EA010,2026-07-23T10:30:00Z,46,0.596,,,Provisional/Provisoire,,
05EA010,2026-07-23T10:35:00Z,46,0.595,,,Provisional/Provisoire,,
05EA010,2026-07-23T10:40:00Z,46,0.595,,,Provisional/Provisoire,,
05EA010,2026-07-23T10:45:00Z,46,0.595,,,Provisional/Provisoire,,
05EA010,2026-07-23T10:50:00Z,46,0.595,,,Provisional/Provisoire,,
05EA010,2026-07-23T10:55:00Z,46,0.595,,,Provisional/Provisoire,,
05EA010,2026-07-23T11:00:00Z,46,0.595,,,Provisional/Provisoire,,
05EA010,2026-07-23T11:05:00Z,46,0.594,,,Provisional/Provisoire,,
05EA010,2026-07-23T11:10:00Z,46,0.594,,,Provisional/Provisoire,,
05EA010,2026-07-23T11:15:00Z,46,0.594,,,Provisional/Provisoire,,
05EA010,2026-07-23T11:20:00Z,46,0.593,,,Provisional/Provisoire,,
05EA010,2026-07-23T11:25:00Z,46,0.593,,,Provisional/Provisoire,,
05EA010,2026-07-23T11:30:00Z,46,0.592,,,Provisional/Provisoire,,
05EA010,2026-07-23T11:35:00Z,46,0.593,,,Provisional/Provisoire,,
05EA010,2026-07-23T11:40:00Z,46,0.592,,,Provisional/Provisoire,,
05EA010,2026-07-23T11:45:00Z,46,0.592,,,Provisional/Provisoire,,
05EA010,2026-07-23T11:50:00Z,46,0.592,,,Provisional/Provisoire,,
05EA010,2026-07-23T11:55:00Z,46,0.591,,,Provisional/Provisoire,,
05EA010,2026-07-23T12:00:00Z,46,0.592,,,Provisional/Provisoire,,
05EA010,2026-07-23T12:05:00Z,46,0.591,,,Provisional/Provisoire,,
05EA010,2026-07-23T12:10:00Z,46,0.591,,,Provisional/Provisoire,,
05EA010,2026-07-23T12:15:00Z,46,0.591,,,Provisional/Provisoire,,
05EA010,2026-07-23T12:20:00Z,46,0.591,,,Provisional/Provisoire,,
05EA010,2026-07-23T12:25:00Z,46,0.589,,,Provisional/Provisoire,,
05EA010,2026-07-23T12:30:00Z,46,0.590,,,Provisional/Provisoire,,
05EA010,2026-07-23T12:35:00Z,46,0.589,,,Provisional/Provisoire,,
05EA010,2026-07-23T12:40:00Z,46,0.588,,,Provisional/Provisoire,,
05EA010,2026-07-23T12:45:00Z,46,0.589,,,Provisional/Provisoire,,
05EA010,2026-07-23T12:50:00Z,46,0.588,,,Provisional/Provisoire,,
05EA010,2026-07-23T12:55:00Z,46,0.588,,,Provisional/Provisoire,,
05EA010,2026-07-23T13:00:00Z,46,0.587,,,Provisional/Provisoire,,
05EA010,2026-07-23T13:05:00Z,46,0.588,,,Provisional/Provisoire,,
05EA010,2026-07-23T13:10:00Z,46,0.587,,,Provisional/Provisoire,,
05EA010,2026-07-23T13:15:00Z,46,0.586,,,Provisional/Provisoire,,
05EA010,2026-07-23T13:20:00Z,46,0.587,,,Provisional/Provisoire,,
05EA010,2026-07-23T13:25:00Z,46,0.587,,,Provisional/Provisoire,,
05EA010,2026-07-23T13:30:00Z,46,0.585,,,Provisional/Provisoire,,
05EA010,2026-07-23T13:35:00Z,46,0.586,,,Provisional/Provisoire,,
05EA010,2026-07-23T13:40:00Z,46,0.585,,,Provisional/Provisoire,,
05EA010,2026-07-23T13:45:00Z,46,0.585,,,Provisional/Provisoire,,
05EA010,2026-07-23T13:50:00Z,46,0.584,,,Provisional/Provisoire,,
05EA010,2026-07-23T13:55:00Z,46,0.585,,,Provisional/Provisoire,,
05EA010,2026-07-23T14:00:00Z,46,0.584,,,Provisional/Provisoire,,
05EA010,2026-07-23T14:05:00Z,46,0.583,,,Provisional/Provisoire,,
05EA010,2026-07-23T14:10:00Z,46,0.583,,,Provisional/Provisoire,,
05EA010,2026-07-23T14:15:00Z,46,0.582,,,Provisional/Provisoire,,
05EA010,2026-07-23T14:20:00Z,46,0.583,,,Provisional/Provisoire,,
05EA010,2026-07-23T14:25:00Z,46,0.582,,,Provisional/Provisoire,,
05EA010,2026-07-23T14:30:00Z,46,0.582,,,Provisional/Provisoire,,
05EA010,2026-07-23T14:35:00Z,46,0.581,,,Provisional/Provisoire,,
05EA010,2026-07-23T14:40:00Z,46,0.581,,,Provisional/Provisoire,,
05EA010,2026-07-23T14:45:00Z,46,0.581,,,Provisional/Provisoire,,
05EA010,2026-07-23T14:50:00Z,46,0.580,,,Provisional/Provisoire,,
05EA010,2026-07-23T14:55:00Z,46,0.581,,,Provisional/Provisoire,,
05EA010,2026-07-23T15:00:00Z,46,0.581,,,Provisional/Provisoire,,
05EA010,2026-07-23T15:05:00Z,46,0.580,,,Provisional/Provisoire,,
05EA010,2026-07-23T15:10:00Z,46,0.580,,,Provisional/Provisoire,,
05EA010,2026-07-23T15:15:00Z,46,0.580,,,Provisional/Provisoire,,
05EA010,2026-07-23T15:20:00Z,46,0.579,,,Provisional/Provisoire,,
05EA010,2026-07-23T15:25:00Z,46,0.578,,,Provisional/Provisoire,,
05EA010,2026-07-23T15:30:00Z,46,0.578,,,Provisional/Provisoire,,
05EA010,2026-07-23T15:35:00Z,46,0.578,,,Provisional/Provisoire,,
05EA010,2026-07-23T15:40:00Z,46,0.577,,,Provisional/Provisoire,,
05EA010,2026-07-23T15:45:00Z,46,0.578,,,Provisional/Provisoire,,
05EA010,2026-07-23T15:50:00Z,46,0.577,,,Provisional/Provisoire,,
05EA010,2026-07-23T15:55:00Z,46,0.577,,,Provisional/Provisoire,,
05EA010,2026-07-23T16:00:00Z,46,0.576,,,Provisional/Provisoire,,
05EA010,2026-07-23T16:05:00Z,46,0.576,,,Provisional/Provisoire,,
05EA010,2026-07-23T16:10:00Z,46,0.576,,,Provisional/Provisoire,,
05EA010,2026-07-23T16:15:00Z,46,0.575,,,Provisional/Provisoire,,
05EA010,2026-07-23T16:20:00Z,46,0.574,,,Provisional/Provisoire,,
05EA010,2026-07-23T16:25:00Z,46,0.576,,,Provisional/Provisoire,,
05EA010,2026-07-23T16:30:00Z,46,0.575,,,Provisional/Provisoire,,
05EA010,2026-07-23T16:35:00Z,46,0.575,,,Provisional/Provisoire,,
05EA010,2026-07-23T16:40:00Z,46,0.574,,,Provisional/Provisoire,,
05EA010,2026-07-23T16:45:00Z,46,0.574,,,Provisional/Provisoire,,
05EA010,2026-07-23T16:50:00Z,46,0.573,,,Provisional/Provisoire,,
05EA010,2026-07-23T16:55:00Z,46,0.573,,,Provisional/Provisoire,,
05EA010,2026-07-23T17:00:00Z,46,0.573,,,Provisional/Provisoire,,
05EA010,2026-07-23T17:05:00Z,46,0.573,,,Provisional/Provisoire,,
05EA010,2026-07-23T17:10:00Z,46,0.573,,,Provisional/Provisoire,,
05EA010,2026-07-23T17:15:00Z,46,0.573,,,Provisional/Provisoire,,
05EA010,2026-07-23T17:20:00Z,46,0.573,,,Provisional/Provisoire,,
05EA010,2026-07-23T17:25:00Z,46,0.572,,,Provisional/Provisoire,,
05EA010,2026-07-23T17:30:00Z,46,0.572,,,Provisional/Provisoire,,
05EA010,2026-07-23T17:35:00Z,46,0.572,,,Provisional/Provisoire,,
05EA010,2026-07-23T17:40:00Z,46,0.572,,,Provisional/Provisoire,,
05EA010,2026-07-23T17:45:00Z,46,0.571,,,Provisional/Provisoire,,
05EA010,2026-07-23T17:50:00Z,46,0.571,,,Provisional/Provisoire,,
05EA010,2026-07-23T17:55:00Z,46,0.571,,,Provisional/Provisoire,,
05EA010,2026-07-23T18:00:00Z,46,0.571,,,Provisional/Provisoire,,
05EA010,2026-07-23T18:05:00Z,46,0.571,,,Provisional/Provisoire,,
05EA010,2026-07-23T18:10:00Z,46,0.569,,,Provisional/Provisoire,,
05EA010,2026-07-23T18:15:00Z,46,0.570,,,Provisional/Provisoire,,
05EA010,2026-07-23T18:20:00Z,46,0.570,,,Provisional/Provisoire,,
05EA010,2026-07-23T18:25:00Z,46,0.569,,,Provisional/Provisoire,,
05EA010,2026-07-23T18:30:00Z,46,0.569,,,Provisional/Provisoire,,
05EA010,2026-07-23T18:35:00Z,46,0.569,,,Provisional/Provisoire,,
05EA010,2026-07-23T18:40:00Z,46,0.569,,,Provisional/Provisoire,,
05EA010,2026-07-23T18:45:00Z,46,0.568,,,Provisional/Provisoire,,
05EA010,2026-07-23T18:50:00Z,46,0.568,,,Provisional/Provisoire,,
05EA010,2026-07-23T18:55:00Z,46,0.568,,,Provisional/Provisoire,,
05EA010,2026-07-23T19:00:00Z,46,0.567,,,Provisional/Provisoire,,
05EA010,2026-07-23T19:05:00Z,46,0.567,,,Provisional/Provisoire,,
05EA010,2026-07-23T19:10:00Z,46,0.567,,,Provisional/Provisoire,,
05EA010,2026-07-23T19:15:00Z,46,0.567,,,Provisional/Provisoire,,
05EA010,2026-07-23T19:20:00Z,46,0.567,,,Provisional/Provisoire,,
05EA010,2026-07-23T19:25:00Z,46,0.566,,,Provisional/Provisoire,,
05EA010,2026-07-23T19:30:00Z,46,0.566,,,Provisional/Provisoire,,
05EA010,2026-07-23T19:35:00Z,46,0.565,,,Provisional/Provisoire,,
05EA010,2026-07-23T19:40:00Z,46,0.566,,,Provisional/Provisoire,,
05EA010,2026-07-23T19:45:00Z,46,0.565,,,Provisional/Provisoire,,
05EA010,2026-07-23T19:50:00Z,46,0.565,,,Provisional/Provisoire,,
05EA010,2026-07-23T19:55:00Z,46,0.565,,,Provisional/Provisoire,,
05EA010,2026-07-23T20:00:00Z,46,0.564,,,Provisional/Provisoire,,
05EA010,2026-07-23T20:05:00Z,46,0.564,,,Provisional/Provisoire,,
05EA010,2026-07-23T20:10:00Z,46,0.564,,,Provisional/Provisoire,,
05EA010,2026-07-23T20:15:00Z,46,0.564,,,Provisional/Provisoire,,
05EA010,2026-07-23T20:20:00Z,46,0.563,,,Provisional/Provisoire,,
05EA010,2026-07-23T20:25:00Z,46,0.563,,,Provisional/Provisoire,,
05EA010,2026-07-23T20:30:00Z,46,0.563,,,Provisional/Provisoire,,
05EA010,2026-07-23T20:35:00Z,46,0.562,,,Provisional/Provisoire,,
05EA010,2026-07-23T20:40:00Z,46,0.562,,,Provisional/Provisoire,,
05EA010,2026-07-23T20:45:00Z,46,0.562,,,Provisional/Provisoire,,
05EA010,2026-07-23T20:50:00Z,46,0.562,,,Provisional/Provisoire,,
05EA010,2026-07-23T20:55:00Z,46,0.562,,,Provisional/Provisoire,,
05EA010,2026-07-23T21:00:00Z,46,0.562,,,Provisional/Provisoire,,
05EA010,2026-07-23T21:05:00Z,46,0.562,,,Provisional/Provisoire,,
05EA010,2026-07-23T21:10:00Z,46,0.560,,,Provisional/Provisoire,,
05EA010,2026-07-23T21:15:00Z,46,0.560,,,Provisional/Provisoire,,
05EA010,2026-07-23T21:20:00Z,46,0.561,,,Provisional/Provisoire,,
05EA010,2026-07-23T21:25:00Z,46,0.559,,,Provisional/Provisoire,,
05EA010,2026-07-23T21:30:00Z,46,0.560,,,Provisional/Provisoire,,
05EA010,2026-07-23T21:35:00Z,46,0.558,,,Provisional/Provisoire,,
05EA010,2026-07-23T21:40:00Z,46,0.559,,,Provisional/Provisoire,,
05EA010,2026-07-23T21:45:00Z,46,0.558,,,Provisional/Provisoire,,
05EA010,2026-07-23T21:50:00Z,46,0.559,,,Provisional/Provisoire,,
05EA010,2026-07-23T21:55:00Z,46,0.558,,,Provisional/Provisoire,,
05EA010,2026-07-23T22:00:00Z,46,0.557,,,Provisional/Provisoire,,
05EA010,2026-07-23T22:05:00Z,46,0.557,,,Provisional/Provisoire,,
05EA010,2026-07-23T22:10:00Z,46,0.557,,,Provisional/Provisoire,,
05EA010,2026-07-23T22:15:00Z,46,0.557,,,Provisional/Provisoire,,
05EA010,2026-07-23T22:20:00Z,46,0.556,,,Provisional/Provisoire,,
05EA010,2026-07-23T22:25:00Z,46,0.556,,,Provisional/Provisoire,,
05EA010,2026-07-23T22:30:00Z,46,0.556,,,Provisional/Provisoire,,
05EA010,2026-07-23T22:35:00Z,46,0.555,,,Provisional/Provisoire,,
05EA010,2026-07-23T22:40:00Z,46,0.555,,,Provisional/Provisoire,,
05EA010,2026-07-23T22:45:00Z,46,0.554,,,Provisional/Provisoire,,
05EA010,2026-07-23T22:50:00Z,46,0.554,,,Provisional/Provisoire,,
05EA010,2026-07-23T22:55:00Z,46,0.555,,,Provisional/Provisoire,,
05EA010,2026-07-23T23:00:00Z,46,0.554,,,Provisional/Provisoire,,
05EA010,2026-07-23T23:05:00Z,46,0.554,,,Provisional/Provisoire,,
05EA010,2026-07-23T23:10:00Z,46,0.553,,,Provisional/Provisoire,,
05EA010,2026-07-23T23:15:00Z,46,0.553,,,Provisional/Provisoire,,
05EA010,2026-07-23T23:20:00Z,46,0.553,,,Provisional/Provisoire,,
05EA010,2026-07-23T23:25:00Z,46,0.552,,,Provisional/Provisoire,,
05EA010,2026-07-23T23:30:00Z,46,0.552,,,Provisional/Provisoire,,
05EA010,2026-07-23T23:35:00Z,46,0.552,,,Provisional/Provisoire,,
05EA010,2026-07-23T23:40:00Z,46,0.552,,,Provisional/Provisoire,,
05EA010,2026-07-23T23:45:00Z,46,0.551,,,Provisional/Provisoire,,
05EA010,2026-07-23T23:50:00Z,46,0.551,,,Provisional/Provisoire,,
05EA010,2026-07-23T23:55:00Z,46,0.550,,,Provisional/Provisoire,,
05EA010,2026-07-24T00:00:00Z,46,0.550,,,Provisional/Provisoire,,
05EA010,2026-07-24T00:05:00Z,46,0.550,,,Provisional/Provisoire,,
05EA010,2026-07-24T00:10:00Z,46,0.549,,,Provisional/Provisoire,,
05EA010,2026-07-24T00:15:00Z,46,0.549,,,Provisional/Provisoire,,
05EA010,2026-07-24T00:20:00Z,46,0.549,,,Provisional/Provisoire,,
05EA010,2026-07-24T00:25:00Z,46,0.549,,,Provisional/Provisoire,,
05EA010,2026-07-24T00:30:00Z,46,0.548,,,Provisional/Provisoire,,
05EA010,2026-07-24T00:35:00Z,46,0.549,,,Provisional/Provisoire,,
05EA010,2026-07-24T00:40:00Z,46,0.548,,,Provisional/Provisoire,,
05EA010,2026-07-24T00:45:00Z,46,0.547,,,Provisional/Provisoire,,
05EA010,2026-07-24T00:50:00Z,46,0.547,,,Provisional/Provisoire,,
05EA010,2026-07-24T00:55:00Z,46,0.547,,,Provisional/Provisoire,,
05EA010,2026-07-24T01:00:00Z,46,0.547,,,Provisional/Provisoire,,
05EA010,2026-07-24T01:05:00Z,46,0.546,,,Provisional/Provisoire,,
05EA010,2026-07-24T01:10:00Z,46,0.547,,,Provisional/Provisoire,,
05EA010,2026-07-24T01:15:00Z,46,0.546,,,Provisional/Provisoire,,
05EA010,2026-07-24T01:20:00Z,46,0.546,,,Provisional/Provisoire,,
05EA010,2026-07-24T01:25:00Z,46,0.546,,,Provisional/Provisoire,,
05EA010,2026-07-24T01:30:00Z,46,0.545,,,Provisional/Provisoire,,
05EA010,2026-07-24T01:35:00Z,46,0.545,,,Provisional/Provisoire,,
05EA010,2026-07-24T01:40:00Z,46,0.544,,,Provisional/Provisoire,,
05EA010,2026-07-24T01:45:00Z,46,0.544,,,Provisional/Provisoire,,
05EA010,2026-07-24T01:50:00Z,46,0.544,,,Provisional/Provisoire,,
05EA010,2026-07-24T01:55:00Z,46,0.544,,,Provisional/Provisoire,,
05EA010,2026-07-24T02:00:00Z,46,0.543,,,Provisional/Provisoire,,
05EA010,2026-07-24T02:05:00Z,46,0.543,,,Provisional/Provisoire,,
05EA010,2026-07-24T02:10:00Z,46,0.543,,,Provisional/Provisoire,,
05EA010,2026-07-24T02:15:00Z,46,0.542,,,Provisional/Provisoire,,
05EA010,2026-07-24T02:20:00Z,46,0.542,,,Provisional/Provisoire,,
05EA010,2026-07-24T02:25:00Z,46,0.542,,,Provisional/Provisoire,,
05EA010,2026-07-24T02:30:00Z,46,0.541,,,Provisional/Provisoire,,
05EA010,2026-07-24T02:35:00Z,46,0.541,,,Provisional/Provisoire,,
05EA010,2026-07-24T02:40:00Z,46,0.541,,,Provisional/Provisoire,,
05EA010,2026-07-24T02:45:00Z,46,0.541,,,Provisional/Provisoire,,
05EA010,2026-07-24T02:50:00Z,46,0.541,,,Provisional/Provisoire,,
05EA010,2026-07-24T02:55:00Z,46,0.540,,,Provisional/Provisoire,,
05EA010,2026-07-24T03:00:00Z,46,0.540,,,Provisional/Provisoire,,
05EA010,2026-07-24T03:05:00Z,46,0.539,,,Provisional/Provisoire,,
05EA010,2026-07-24T03:10:00Z,46,0.539,,,Provisional/Provisoire,,
05EA010,2026-07-24T03:15:00Z,46,0.539,,,Provisional/Provisoire,,
05EA010,2026-07-24T03:20:00Z,46,0.538,,,Provisional/Provisoire,,
05EA010,2026-07-24T03:25:00Z,46,0.539,,,Provisional/Provisoire,,
05EA010,2026-07-24T03:30:00Z,46,0.538,,,Provisional/Provisoire,,
05EA010,2026-07-24T03:35:00Z,46,0.537,,,Provisional/Provisoire,,
05EA010,2026-07-24T03:40:00Z,46,0.538,,,Provisional/Provisoire,,
05EA010,2026-07-24T03:45:00Z,46,0.538,,,Provisional/Provisoire,,
05EA010,2026-07-24T03:50:00Z,46,0.537,,,Provisional/Provisoire,,
05EA010,2026-07-24T03:55:00Z,46,0.537,,,Provisional/Provisoire,,
05EA010,2026-07-24T04:00:00Z,46,0.537,,,Provisional/Provisoire,,
05EA010,2026-07-24T04:05:00Z,46,0.536,,,Provisional/Provisoire,,
05EA010,2026-07-24T04:10:00Z,46,0.537,,,Provisional/Provisoire,,
05EA010,2026-07-24T04:15:00Z,46,0.536,,,Provisional/Provisoire,,
05EA010,2026-07-24T04:20:00Z,46,0.536,,,Provisional/Provisoire,,
05EA010,2026-07-24T04:25:00Z,46,0.535,,,Provisional/Provisoire,,
05EA010,2026-07-24T04:30:00Z,46,0.535,,,Provisional/Provisoire,,
05EA010,2026-07-24T04:35:00Z,46,0.535,,,Provisional/Provisoire,,
05EA010,2026-07-24T04:40:00Z,46,0.536,,,Provisional/Provisoire,,
05EA010,2026-07-24T04:45:00Z,46,0.534,,,Provisional/Provisoire,,
05EA010,2026-07-24T04:50:00Z,46,0.534,,,Provisional/Provisoire,,
05EA010,2026-07-24T04:55:00Z,46,0.534,,,Provisional/Provisoire,,
05EA010,2026-07-24T05:00:00Z,46,0.534,,,Provisional/Provisoire,,
05EA010,2026-07-24T05:05:00Z,46,0.534,,,Provisional/Provisoire,,
05EA010,2026-07-24T05:10:00Z,46,0.534,,,Provisional/Provisoire,,
05EA010,2026-07-24T05:15:00Z,46,0.534,,,Provisional/Provisoire,,
05EA010,2026-07-24T05:20:00Z,46,0.533,,,Provisional/Provisoire,,
05EA010,2026-07-24T05:25:00Z,46,0.533,,,Provisional/Provisoire,,
05EA010,2026-07-24T05:30:00Z,46,0.534,,,Provisional/Provisoire,,
05EA010,2026-07-24T05:35:00Z,46,0.533,,,Provisional/Provisoire,,
05EA010,2026-07-24T05:40:00Z,46,0.533,,,Provisional/Provisoire,,
05EA010,2026-07-24T05:45:00Z,46,0.533,,,Provisional/Provisoire,,
05EA010,2026-07-24T05:50:00Z,46,0.533,,,Provisional/Provisoire,,
05EA010,2026-07-24T05:55:00Z,46,0.534,,,Provisional/Provisoire,,
05EA010,2026-07-24T06:00:00Z,46,0.534,,,Provisional/Provisoire,,
05EA010,2026-07-24T06:05:00Z,46,0.533,,,Provisional/Provisoire,,
05EA010,2026-07-24T06:10:00Z,46,0.534,,,Provisional/Provisoire,,
05EA010,2026-07-24T06:15:00Z,46,0.533,,,Provisional/Provisoire,,
05EA010,2026-07-24T06:20:00Z,46,0.534,,,Provisional/Provisoire,,
05EA010,2026-07-24T06:25:00Z,46,0.534,,,Provisional/Provisoire,,
05EA010,2026-07-24T06:30:00Z,46,0.533,,,Provisional/Provisoire,,
05EA010,2026-07-24T06:35:00Z,46,0.533,,,Provisional/Provisoire,,
05EA010,2026-07-24T06:40:00Z,46,0.534,,,Provisional/Provisoire,,
05EA010,2026-07-24T06:45:00Z,46,0.534,,,Provisional/Provisoire,,
05EA010,2026-07-24T06:50:00Z,46,0.534,,,Provisional/Provisoire,,
05EA010,2026-07-24T06:55:00Z,46,0.534,,,Provisional/Provisoire,,
05EA010,2026-07-24T07:00:00Z,46,0.533,,,Provisional/Provisoire,,
05EA010,2026-07-24T07:05:00Z,46,0.534,,,Provisional/Provisoire,,
05EA010,2026-07-24T07:10:00Z,46,0.534,,,Provisional/Provisoire,,
05EA010,2026-07-24T07:15:00Z,46,0.534,,,Provisional/Provisoire,,
05EA010,2026-07-24T07:20:00Z,46,0.534,,,Provisional/Provisoire,,
05EA010,2026-07-24T07:25:00Z,46,0.534,,,Provisional/Provisoire,,
05EA010,2026-07-24T07:30:00Z,46,0.534,,,Provisional/Provisoire,,
05EA010,2026-07-24T07:35:00Z,46,0.534,,,Provisional/Provisoire,,
05EA010,2026-07-24T07:40:00Z,46,0.534,,,Provisional/Provisoire,,
05EA010,2026-07-24T07:45:00Z,46,0.535,,,Provisional/Provisoire,,
05EA010,2026-07-24T07:50:00Z,46,0.535,,,Provisional/Provisoire,,
05EA010,2026-07-24T07:55:00Z,46,0.534,,,Provisional/Provisoire,,
05EA010,2026-07-24T08:00:00Z,46,0.534,,,Provisional/Provisoire,,
05EA010,2026-07-24T08:05:00Z,46,0.534,,,Provisional/Provisoire,,
05EA010,2026-07-24T08:10:00Z,46,0.535,,,Provisional/Provisoire,,
05EA010,2026-07-24T08:15:00Z,46,0.535,,,Provisional/Provisoire,,
05EA010,2026-07-24T08:20:00Z,46,0.535,,,Provisional/Provisoire,,
05EA010,2026-07-24T08:25:00Z,46,0.535,,,Provisional/Provisoire,,
05EA010,2026-07-24T08:30:00Z,46,0.535,,,Provisional/Provisoire,,
05EA010,2026-07-24T08:35:00Z,46,0.535,,,Provisional/Provisoire,,
05EA010,2026-07-24T08:40:00Z,46,0.535,,,Provisional/Provisoire,,
05EA010,2026-07-24T08:45:00Z,46,0.535,,,Provisional/Provisoire,,
05EA010,2026-07-24T08:50:00Z,46,0.536,,,Provisional/Provisoire,,
05EA010,2026-07-24T08:55:00Z,46,0.535,,,Provisional/Provisoire,,
05EA010,2026-07-24T09:00:00Z,46,0.535,,,Provisional/Provisoire,,
05EA010,2026-07-24T09:05:00Z,46,0.535,,,Provisional/Provisoire,,
05EA010,2026-07-24T09:10:00Z,46,0.536,,,Provisional/Provisoire,,
05EA010,2026-07-24T09:15:00Z,46,0.536,,,Provisional/Provisoire,,
05EA010,2026-07-24T09:20:00Z,46,0.536,,,Provisional/Provisoire,,
05EA010,2026-07-24T09:25:00Z,46,0.536,,,Provisional/Provisoire,,
05EA010,2026-07-24T09:30:00Z,46,0.536,,,Provisional/Provisoire,,
05EA010,2026-07-24T09:35:00Z,46,0.536,,,Provisional/Provisoire,,
05EA010,2026-07-24T09:40:00Z,46,0.536,,,Provisional/Provisoire,,
05EA010,2026-07-24T09:45:00Z,46,0.536,,,Provisional/Provisoire,,
05EA010,2026-07-24T09:50:00Z,46,0.536,,,Provisional/Provisoire,,
05EA010,2026-07-24T09:55:00Z,46,0.536,,,Provisional/Provisoire,,
05EA010,2026-07-24T10:00:00Z,46,0.536,,,Provisional/Provisoire,,
05EA010,2026-07-24T10:05:00Z,46,0.536,,,Provisional/Provisoire,,
05EA010,2026-07-24T10:10:00Z,46,0.537,,,Provisional/Provisoire,,
05EA010,2026-07-24T10:15:00Z,46,0.535,,,Provisional/Provisoire,,
05EA010,2026-07-24T10:20:00Z,46,0.536,,,Provisional/Provisoire,,
05EA010,2026-07-24T10:25:00Z,46,0.535,,,Provisional/Provisoire,,
05EA010,2026-07-24T10:30:00Z,46,0.536,,,Provisional/Provisoire,,
05EA010,2026-07-24T10:35:00Z,46,0.536,,,Provisional/Provisoire,,
05EA010,2026-07-24T10:40:00Z,46,0.536,,,Provisional/Provisoire,,
05EA010,2026-07-24T10:45:00Z,46,0.535,,,Provisional/Provisoire,,
05EA010,2026-07-24T10:50:00Z,46,0.536,,,Provisional/Provisoire,,
05EA010,2026-07-24T10:55:00Z,46,0.536,,,Provisional/Provisoire,,
05EA010,2026-07-24T11:00:00Z,46,0.536,,,Provisional/Provisoire,,
05EA010,2026-07-24T11:05:00Z,46,0.535,,,Provisional/Provisoire,,
05EA010,2026-07-24T11:10:00Z,46,0.535,,,Provisional/Provisoire,,
05EA010,2026-07-24T11:15:00Z,46,0.535,,,Provisional/Provisoire,,
05EA010,2026-07-24T11:20:00Z,46,0.534,,,Provisional/Provisoire,,
05EA010,2026-07-24T11:25:00Z,46,0.534,,,Provisional/Provisoire,,
05EA010,2026-07-24T11:30:00Z,46,0.533,,,Provisional/Provisoire,,
05EA010,2026-07-24T11:35:00Z,46,0.533,,,Provisional/Provisoire,,
05EA010,2026-07-24T11:40:00Z,46,0.532,,,Provisional/Provisoire,,
05EA010,2026-07-24T11:45:00Z,46,0.533,,,Provisional/Provisoire,,
05EA010,2026-07-24T11:50:00Z,46,0.532,,,Provisional/Provisoire,,
05EA010,2026-07-24T11:55:00Z,46,0.532,,,Provisional/Provisoire,,
05EA010,2026-07-24T12:00:00Z,46,0.533,,,Provisional/Provisoire,,
05EA010,2026-07-24T12:05:00Z,46,0.532,,,Provisional/Provisoire,,
05EA010,2026-07-24T12:10:00Z,46,0.532,,,Provisional/Provisoire,,
05EA010,2026-07-24T12:15:00Z,46,0.532,,,Provisional/Provisoire,,
05EA010,2026-07-24T12:20:00Z,46,0.532,,,Provisional/Provisoire,,
05EA010,2026-07-24T12:25:00Z,46,0.532,,,Provisional/Provisoire,,
05EA010,2026-07-24T12:30:00Z,46,0.532,,,Provisional/Provisoire,,
05EA010,2026-07-24T12:35:00Z,46,0.532,,,Provisional/Provisoire,,
05EA010,2026-07-24T12:40:00Z,46,0.532,,,Provisional/Provisoire,,
05EA010,2026-07-24T12:45:00Z,46,0.531,,,Provisional/Provisoire,,
05EA010,2026-07-24T12:50:00Z,46,0.532,,,Provisional/Provisoire,,
05EA010,2026-07-24T12:55:00Z,46,0.532,,,Provisional/Provisoire,,
05EA010,2026-07-24T13:00:00Z,46,0.532,,,Provisional/Provisoire,,
05EA010,2026-07-24T13:05:00Z,46,0.532,,,Provisional/Provisoire,,
05EA010,2026-07-24T13:10:00Z,46,0.531,,,Provisional/Provisoire,,
05EA010,2026-07-24T13:15:00Z,46,0.532,,,Provisional/Provisoire,,
05EA010,2026-07-24T13:20:00Z,46,0.532,,,Provisional/Provisoire,,
05EA010,2026-07-24T13:25:00Z,46,0.531,,,Provisional/Provisoire,,
05EA010,2026-07-24T13:30:00Z,46,0.533,,,Provisional/Provisoire,,
05EA010,2026-07-24T13:35:00Z,46,0.532,,,Provisional/Provisoire,,
05EA010,2026-07-24T13:40:00Z,46,0.531,,,Provisional/Provisoire,,
05EA010,2026-07-24T13:45:00Z,46,0.532,,,Provisional/Provisoire,,
05EA010,2026-07-24T13:50:00Z,46,0.530,,,Provisional/Provisoire,,
05EA010,2026-07-24T13:55:00Z,46,0.531,,,Provisional/Provisoire,,
05EA010,2026-07-24T14:00:00Z,46,0.530,,,Provisional/Provisoire,,
05EA010,2026-07-24T14:05:00Z,46,0.530,,,Provisional/Provisoire,,
05EA010,2026-07-24T14:10:00Z,46,0.530,,,Provisional/Provisoire,,
05EA010,2026-07-24T14:15:00Z,46,0.530,,,Provisional/Provisoire,,
05EA010,2026-07-24T14:20:00Z,46,0.529,,,Provisional/Provisoire,,
05EA010,2026-07-24T14:25:00Z,46,0.529,,,Provisional/Provisoire,,
05EA010,2026-07-24T14:30:00Z,46,0.529,,,Provisional/Provisoire,,
05EA010,2026-07-24T14:35:00Z,46,0.529,,,Provisional/Provisoire,,
05EA010,2026-07-24T14:40:00Z,46,0.529,,,Provisional/Provisoire,,
05EA010,2026-07-24T14:45:00Z,46,0.529,,,Provisional/Provisoire,,
05EA010,2026-07-24T14:50:00Z,46,0.528,,,Provisional/Provisoire,,
05EA010,2026-07-24T14:55:00Z,46,0.528,,,Provisional/Provisoire,,
05EA010,2026-07-24T15:00:00Z,46,0.528,,,Provisional/Provisoire,,
05EA010,2026-07-24T15:05:00Z,46,0.528,,,Provisional/Provisoire,,
05EA010,2026-07-24T15:10:00Z,46,0.527,,,Provisional/Provisoire,,
05EA010,2026-07-24T15:15:00Z,46,0.527,,,Provisional/Provisoire,,
05EA010,2026-07-24T15:20:00Z,46,0.527,,,Provisional/Provisoire,,
05EA010,2026-07-24T15:25:00Z,46,0.527,,,Provisional/Provisoire,,
05EA010,2026-07-24T15:30:00Z,46,0.526,,,Provisional/Provisoire,,
05EA010,2026-07-24T15:35:00Z,46,0.526,,,Provisional/Provisoire,,
05EA010,2026-07-24T15:40:00Z,46,0.526,,,Provisional/Provisoire,,
05EA010,2026-07-24T15:45:00Z,46,0.526,,,Provisional/Provisoire,,
05EA010,2026-07-24T15:50:00Z,46,0.525,,,Provisional/Provisoire,,
05EA010,2026-07-24T15:55:00Z,46,0.526,,,Provisional/Provisoire,,
05EA010,2026-07-24T16:00:00Z,46,0.526,,,Provisional/Provisoire,,
05EA010,2026-07-24T16:05:00Z,46,0.525,,,Provisional/Provisoire,,
05EA010,2026-07-24T16:10:00Z,46,0.525,,,Provisional/Provisoire,,
05EA010,2026-07-24T16:15:00Z,46,0.525,,,Provisional/Provisoire,,
05EA010,2026-07-24T16:20:00Z,46,0.525,,,Provisional/Provisoire,,
05EA010,2026-07-24T16:25:00Z,46,0.525,,,Provisional/Provisoire,,
05EA010,2026-07-24T16:30:00Z,46,0.524,,,Provisional/Provisoire,,
05EA010,2026-07-24T16:35:00Z,46,0.523,,,Provisional/Provisoire,,
05EA010,2026-07-24T16:40:00Z,46,0.524,,,Provisional/Provisoire,,
05EA010,2026-07-24T16:45:00Z,46,0.524,,,Provisional/Provisoire,,
05EA010,2026-07-24T16:50:00Z,46,0.523,,,Provisional/Provisoire,,
05EA010,2026-07-24T16:55:00Z,46,0.523,,,Provisional/Provisoire,,
05EA010,2026-07-24T17:00:00Z,46,0.523,,,Provisional/Provisoire,,
05EA010,2026-07-24T17:05:00Z,46,0.522,,,Provisional/Provisoire,,
05EA010,2026-07-24T17:10:00Z,46,0.522,,,Provisional/Provisoire,,
05EA010,2026-07-24T17:15:00Z,46,0.522,,,Provisional/Provisoire,,
05EA010,2026-07-24T17:20:00Z,46,0.522,,,Provisional/Provisoire,,
05EA010,2026-07-24T17:25:00Z,46,0.522,,,Provisional/Provisoire,,
05EA010,2026-07-24T17:30:00Z,46,0.521,,,Provisional/Provisoire,,
05EA010,2026-07-24T17:35:00Z,46,0.521,,,Provisional/Provisoire,,
05EA010,2026-07-24T17:40:00Z,46,0.521,,,Provisional/Provisoire,,
05EA010,2026-07-24T17:45:00Z,46,0.520,,,Provisional/Provisoire,,
05EA010,2026-07-24T17:50:00Z,46,0.520,,,Provisional/Provisoire,,
05EA010,2026-07-24T17:55:00Z,46,0.520,,,Provisional/Provisoire,,
05EA010,2026-07-24T18:00:00Z,46,0.521,,,Provisional/Provisoire,,
05EA010,2026-07-24T18:05:00Z,46,0.520,,,Provisional/Provisoire,,
05EA010,2026-07-24T18:10:00Z,46,0.520,,,Provisional/Provisoire,,
05EA010,2026-07-24T18:15:00Z,46,0.519,,,Provisional/Provisoire,,
05EA010,2026-07-24T18:20:00Z,46,0.518,,,Provisional/Provisoire,,
05EA010,2026-07-24T18:25:00Z,46,0.519,,,Provisional/Provisoire,,
05EA010,2026-07-24T18:30:00Z,46,0.519,,,Provisional/Provisoire,,
05EA010,2026-07-24T18:35:00Z,46,0.518,,,Provisional/Provisoire,,
05EA010,2026-07-24T18:40:00Z,46,0.518,,,Provisional/Provisoire,,
05EA010,2026-07-24T18:45:00Z,46,0.518,,,Provisional/Provisoire,,
05EA010,2026-07-24T18:50:00Z,46,0.518,,,Provisional/Provisoire,,
05EA010,2026-07-24T18:55:00Z,46,0.517,,,Provisional/Provisoire,,
05EA010,2026-07-24T19:00:00Z,46,0.517,,,Provisional/Provisoire,,
05EA010,2026-07-24T19:05:00Z,46,0.517,,,Provisional/Provisoire,,
05EA010,2026-07-24T19:10:00Z,46,0.517,,,Provisional/Provisoire,,
05EA010,2026-07-24T19:15:00Z,46,0.517,,,Provisional/Provisoire,,
05EA010,2026-07-24T19:20:00Z,46,0.516,,,Provisional/Provisoire,,
05EA010,2026-07-24T19:25:00Z,46,0.517,,,Provisional/Provisoire,,
05EA010,2026-07-24T19:30:00Z,46,0.516,,,Provisional/Provisoire,,
05EA010,2026-07-24T19:35:00Z,46,0.516,,,Provisional/Provisoire,,
05EA010,2026-07-24T19:40:00Z,46,0.516,,,Provisional/Provisoire,,
05EA010,2026-07-24T19:45:00Z,46,0.516,,,Provisional/Provisoire,,
05EA010,2026-07-24T19:50:00Z,46,0.516,,,Provisional/Provisoire,,
05EA010,2026-07-24T19:55:00Z,46,0.515,,,Provisional/Provisoire,,
05EA010,2026-07-24T20:00:00Z,46,0.515,,,Provisional/Provisoire,,
05EA010,2026-07-24T20:05:00Z,46,0.515,,,Provisional/Provisoire,,
05EA010,2026-07-24T20:10:00Z,46,0.515,,,Provisional/Provisoire,,
05EA010,2026-07-24T20:15:00Z,46,0.514,,,Provisional/Provisoire,,
05EA010,2026-07-24T20:20:00Z,46,0.514,,,Provisional/Provisoire,,
05EA010,2026-07-24T20:25:00Z,46,0.514,,,Provisional/Provisoire,,
05EA010,2026-07-24T20:30:00Z,46,0.514,,,Provisional/Provisoire,,
05EA010,2026-07-24T20:35:00Z,46,0.513,,,Provisional/Provisoire,,
05EA010,2026-07-24T20:40:00Z,46,0.513,,,Provisional/Provisoire,,
05EA010,2026-07-24T20:45:00Z,46,0.513,,,Provisional/Provisoire,,
05EA010,2026-07-24T20:50:00Z,46,0.512,,,Provisional/Provisoire,,
05EA010,2026-07-24T20:55:00Z,46,0.513,,,Provisional/Provisoire,,
05EA010,2026-07-24T21:00:00Z,46,0.512,,,Provisional/Provisoire,,
05EA010,2026-07-24T21:05:00Z,46,0.512,,,Provisional/Provisoire,,
05EA010,2026-07-24T21:10:00Z,46,0.511,,,Provisional/Provisoire,,
05EA010,2026-07-24T21:15:00Z,46,0.511,,,Provisional/Provisoire,,
05EA010,2026-07-24T21:20:00Z,46,0.511,,,Provisional/Provisoire,,
05EA010,2026-07-24T21:25:00Z,46,0.510,,,Provisional/Provisoire,,
05EA010,2026-07-24T21:30:00Z,46,0.510,,,Provisional/Provisoire,,
05EA010,2026-07-24T21:35:00Z,46,0.511,,,Provisional/Provisoire,,
05EA010,2026-07-24T21:40:00Z,46,0.510,,,Provisional/Provisoire,,
05EA010,2026-07-24T21:45:00Z,46,0.510,,,Provisional/Provisoire,,
05EA010,2026-07-24T21:50:00Z,46,0.510,,,Provisional/Provisoire,,
05EA010,2026-07-24T21:55:00Z,46,0.510,,,Provisional/Provisoire,,
05EA010,2026-07-24T22:00:00Z,46,0.510,,,Provisional/Provisoire,,
05EA010,2026-07-24T22:05:00Z,46,0.509,,,Provisional/Provisoire,,
05EA010,2026-07-24T22:10:00Z,46,0.509,,,Provisional/Provisoire,,
05EA010,2026-07-24T22:15:00Z,46,0.509,,,Provisional/Provisoire,,
05EA010,2026-07-24T22:20:00Z,46,0.508,,,Provisional/Provisoire,,
05EA010,2026-07-24T22:25:00Z,46,0.508,,,Provisional/Provisoire,,
05EA010,2026-07-24T22:30:00Z,46,0.508,,,Provisional/Provisoire,,
05EA010,2026-07-24T22:35:00Z,46,0.508,,,Provisional/Provisoire,,
05EA010,2026-07-24T22:40:00Z,46,0.508,,,Provisional/Provisoire,,
05EA010,2026-07-24T22:45:00Z,46,0.507,,,Provisional/Provisoire,,
05EA010,2026-07-24T22:50:00Z,46,0.508,,,Provisional/Provisoire,,
05EA010,2026-07-24T22:55:00Z,46,0.507,,,Provisional/Provisoire,,
05EA010,2026-07-24T23:00:00Z,46,0.506,,,Provisional/Provisoire,,
05EA010,2026-07-24T23:05:00Z,46,0.506,,,Provisional/Provisoire,,
05EA010,2026-07-24T23:10:00Z,46,0.505,,,Provisional/Provisoire,,
05EA010,2026-07-24T23:15:00Z,46,0.505,,,Provisional/Provisoire,,
05EA010,2026-07-24T23:20:00Z,46,0.505,,,Provisional/Provisoire,,
05EA010,2026-07-24T23:25:00Z,46,0.505,,,Provisional/Provisoire,,
05EA010,2026-07-24T23:30:00Z,46,0.505,,,Provisional/Provisoire,,
05EA010,2026-07-24T23:35:00Z,46,0.504,,,Provisional/Provisoire,,
05EA010,2026-07-24T23:40:00Z,46,0.503,,,Provisional/Provisoire,,
05EA010,2026-07-24T23:45:00Z,46,0.504,,,Provisional/Provisoire,,
05EA010,2026-07-24T23:50:00Z,46,0.503,,,Provisional/Provisoire,,
05EA010,2026-07-24T23:55:00Z,46,0.503,,,Provisional/Provisoire,,
05EA010,2026-07-25T00:00:00Z,46,0.503,,,Provisional/Provisoire,,
05EA010,2026-07-25T00:05:00Z,46,0.503,,,Provisional/Provisoire,,
05EA010,2026-07-25T00:10:00Z,46,0.502,,,Provisional/Provisoire,,
05EA010,2026-07-25T00:15:00Z,46,0.502,,,Provisional/Provisoire,,
05EA010,2026-07-25T00:20:00Z,46,0.502,,,Provisional/Provisoire,,
05EA010,2026-07-25T00:25:00Z,46,0.501,,,Provisional/Provisoire,,
05EA010,2026-07-25T00:30:00Z,46,0.501,,,Provisional/Provisoire,,
05EA010,2026-07-25T00:35:00Z,46,0.501,,,Provisional/Provisoire,,
05EA010,2026-07-25T00:40:00Z,46,0.500,,,Provisional/Provisoire,,
05EA010,2026-07-25T00:45:00Z,46,0.500,,,Provisional/Provisoire,,
05EA010,2026-07-25T00:50:00Z,46,0.500,,,Provisional/Provisoire,,
05EA010,2026-07-25T00:55:00Z,46,0.500,,,Provisional/Provisoire,,
05EA010,2026-07-25T01:00:00Z,46,0.500,,,Provisional/Provisoire,,
05EA010,2026-07-25T01:05:00Z,46,0.499,,,Provisional/Provisoire,,
05EA010,2026-07-25T01:10:00Z,46,0.498,,,Provisional/Provisoire,,
05EA010,2026-07-25T01:15:00Z,46,0.498,,,Provisional/Provisoire,,
05EA010,2026-07-25T01:20:00Z,46,0.498,,,Provisional/Provisoire,,
05EA010,2026-07-25T01:25:00Z,46,0.498,,,Provisional/Provisoire,,
05EA010,2026-07-25T01:30:00Z,46,0.497,,,Provisional/Provisoire,,
05EA010,2026-07-25T01:35:00Z,46,0.497,,,Provisional/Provisoire,,
05EA010,2026-07-25T01:40:00Z,46,0.496,,,Provisional/Provisoire,,
05EA010,2026-07-25T01:45:00Z,46,0.496,,,Provisional/Provisoire,,
05EA010,2026-07-25T01:50:00Z,46,0.496,,,Provisional/Provisoire,,
05EA010,2026-07-25T01:55:00Z,46,0.496,,,Provisional/Provisoire,,
05EA010,2026-07-25T02:00:00Z,46,0.496,,,Provisional/Provisoire,,
05EA010,2026-07-25T02:05:00Z,46,0.495,,,Provisional/Provisoire,,
05EA010,2026-07-25T02:10:00Z,46,0.495,,,Provisional/Provisoire,,
05EA010,2026-07-25T02:15:00Z,46,0.494,,,Provisional/Provisoire,,
05EA010,2026-07-25T02:20:00Z,46,0.494,,,Provisional/Provisoire,,
05EA010,2026-07-25T02:25:00Z,46,0.494,,,Provisional/Provisoire,,
05EA010,2026-07-25T02:30:00Z,46,0.494,,,Provisional/Provisoire,,
05EA010,2026-07-25T02:35:00Z,46,0.494,,,Provisional/Provisoire,,
05EA010,2026-07-25T02:40:00Z,46,0.494,,,Provisional/Provisoire,,
05EA010,2026-07-25T02:45:00Z,46,0.493,,,Provisional/Provisoire,,
05EA010,2026-07-25T02:50:00Z,46,0.493,,,Provisional/Provisoire,,
05EA010,2026-07-25T02:55:00Z,46,0.493,,,Provisional/Provisoire,,
05EA010,2026-07-25T03:00:00Z,46,0.493,,,Provisional/Provisoire,,
05EA010,2026-07-25T03:05:00Z,46,0.492,,,Provisional/Provisoire,,
05EA010,2026-07-25T03:10:00Z,46,0.492,,,Provisional/Provisoire,,
05EA010,2026-07-25T03:15:00Z,46,0.492,,,Provisional/Provisoire,,
05EA010,2026-07-25T03:20:00Z,46,0.492,,,Provisional/Provisoire,,
05EA010,2026-07-25T03:25:00Z,46,0.492,,,Provisional/Provisoire,,
05EA010,2026-07-25T03:30:00Z,46,0.491,,,Provisional/Provisoire,,
05EA010,2026-07-25T03:35:00Z,46,0.492,,,Provisional/Provisoire,,
05EA010,2026-07-25T03:40:00Z,46,0.491,,,Provisional/Provisoire,,
05EA010,2026-07-25T03:45:00Z,46,0.491,,,Provisional/Provisoire,,
05EA010,2026-07-25T03:50:00Z,46,0.490,,,Provisional/Provisoire,,
05EA010,2026-07-25T03:55:00Z,46,0.491,,,Provisional/Provisoire,,
05EA010,2026-07-25T04:00:00Z,46,0.491,,,Provisional/Provisoire,,
05EA010,2026-07-25T04:05:00Z,46,0.490,,,Provisional/Provisoire,,
05EA010,2026-07-25T04:10:00Z,46,0.490,,,Provisional/Provisoire,,
05EA010,2026-07-25T04:15:00Z,46,0.490,,,Provisional/Provisoire,,
05EA010,2026-07-25T04:20:00Z,46,0.490,,,Provisional/Provisoire,,
05EA010,2026-07-25T04:25:00Z,46,0.489,,,Provisional/Provisoire,,
05EA010,2026-07-25T04:30:00Z,46,0.489,,,Provisional/Provisoire,,
05EA010,2026-07-25T04:35:00Z,46,0.488,,,Provisional/Provisoire,,
05EA010,2026-07-25T04:40:00Z,46,0.488,,,Provisional/Provisoire,,
05EA010,2026-07-25T04:45:00Z,46,0.488,,,Provisional/Provisoire,,
05EA010,2026-07-25T04:50:00Z,46,0.488,,,Provisional/Provisoire,,
05EA010,2026-07-25T04:55:00Z,46,0.488,,,Provisional/Provisoire,,
05EA010,2026-07-25T05:00:00Z,46,0.488,,,Provisional/Provisoire,,
05EA010,2026-07-25T05:05:00Z,46,0.488,,,Provisional/Provisoire,,
05EA010,2026-07-25T05:10:00Z,46,0.488,,,Provisional/Provisoire,,
05EA010,2026-07-25T05:15:00Z,46,0.487,,,Provisional/Provisoire,,
05EA010,2026-07-25T05:20:00Z,46,0.487,,,Provisional/Provisoire,,
05EA010,2026-07-25T05:25:00Z,46,0.487,,,Provisional/Provisoire,,
05EA010,2026-07-25T05:30:00Z,46,0.487,,,Provisional/Provisoire,,
05EA010,2026-07-25T05:35:00Z,46,0.487,,,Provisional/Provisoire,,
05EA010,2026-07-25T05:40:00Z,46,0.486,,,Provisional/Provisoire,,
05EA010,2026-07-25T05:45:00Z,46,0.486,,,Provisional/Provisoire,,
05EA010,2026-07-25T05:50:00Z,46,0.486,,,Provisional/Provisoire,,
05EA010,2026-07-25T05:55:00Z,46,0.486,,,Provisional/Provisoire,,
05EA010,2026-07-25T06:00:00Z,46,0.486,,,Provisional/Provisoire,,
05EA010,2026-07-25T06:05:00Z,46,0.486,,,Provisional/Provisoire,,
05EA010,2026-07-25T06:10:00Z,46,0.486,,,Provisional/Provisoire,,
05EA010,2026-07-25T06:15:00Z,46,0.485,,,Provisional/Provisoire,,
05EA010,2026-07-25T06:20:00Z,46,0.486,,,Provisional/Provisoire,,
05EA010,2026-07-25T06:25:00Z,46,0.486,,,Provisional/Provisoire,,
05EA010,2026-07-25T06:30:00Z,46,0.486,,,Provisional/Provisoire,,
05EA010,2026-07-25T06:35:00Z,46,0.486,,,Provisional/Provisoire,,
05EA010,2026-07-25T06:40:00Z,46,0.485,,,Provisional/Provisoire,,
05EA010,2026-07-25T06:45:00Z,46,0.485,,,Provisional/Provisoire,,
05EA010,2026-07-25T06:50:00Z,46,0.485,,,Provisional/Provisoire,,
05EA010,2026-07-25T06:55:00Z,46,0.485,,,Provisional/Provisoire,,
05EA010,2026-07-25T07:00:00Z,46,0.485,,,Provisional/Provisoire,,
05EA010,2026-07-25T07:05:00Z,46,0.485,,,Provisional/Provisoire,,
05EA010,2026-07-25T07:10:00Z,46,0.485,,,Provisional/Provisoire,,
05EA010,2026-07-25T07:15:00Z,46,0.484,,,Provisional/Provisoire,,
05EA010,2026-07-25T07:20:00Z,46,0.484,,,Provisional/Provisoire,,
05EA010,2026-07-25T07:25:00Z,46,0.484,,,Provisional/Provisoire,,
05EA010,2026-07-25T07:30:00Z,46,0.484,,,Provisional/Provisoire,,
05EA010,2026-07-25T07:35:00Z,46,0.484,,,Provisional/Provisoire,,
05EA010,2026-07-25T07:40:00Z,46,0.483,,,Provisional/Provisoire,,
05EA010,2026-07-25T07:45:00Z,46,0.483,,,Provisional/Provisoire,,
05EA010,2026-07-25T07:50:00Z,46,0.484,,,Provisional/Provisoire,,
05EA010,2026-07-25T07:55:00Z,46,0.483,,,Provisional/Provisoire,,
05EA010,2026-07-25T08:00:00Z,46,0.483,,,Provisional/Provisoire,,
05EA010,2026-07-25T08:05:00Z,46,0.482,,,Provisional/Provisoire,,
05EA010,2026-07-25T08:10:00Z,46,0.483,,,Provisional/Provisoire,,
05EA010,2026-07-25T08:15:00Z,46,0.483,,,Provisional/Provisoire,,
05EA010,2026-07-25T08:20:00Z,46,0.482,,,Provisional/Provisoire,,
05EA010,2026-07-25T08:25:00Z,46,0.483,,,Provisional/Provisoire,,
05EA010,2026-07-25T08:30:00Z,46,0.482,,,Provisional/Provisoire,,
05EA010,2026-07-25T08:35:00Z,46,0.482,,,Provisional/Provisoire,,
05EA010,2026-07-25T08:40:00Z,46,0.482,,,Provisional/Provisoire,,
05EA010,2026-07-25T08:45:00Z,46,0.482,,,Provisional/Provisoire,,
05EA010,2026-07-25T08:50:00Z,46,0.481,,,Provisional/Provisoire,,
05EA010,2026-07-25T08:55:00Z,46,0.481,,,Provisional/Provisoire,,
05EA010,2026-07-25T09:00:00Z,46,0.481,,,Provisional/Provisoire,,
05EA010,2026-07-25T09:05:00Z,46,0.482,,,Provisional/Provisoire,,
05EA010,2026-07-25T09:10:00Z,46,0.481,,,Provisional/Provisoire,,
05EA010,2026-07-25T09:15:00Z,46,0.482,,,Provisional/Provisoire,,
05EA010,2026-07-25T09:20:00Z,46,0.481,,,Provisional/Provisoire,,
05EA010,2026-07-25T09:25:00Z,46,0.482,,,Provisional/Provisoire,,
05EA010,2026-07-25T09:30:00Z,46,0.481,,,Provisional/Provisoire,,
05EA010,2026-07-25T09:35:00Z,46,0.481,,,Provisional/Provisoire,,
05EA010,2026-07-25T09:40:00Z,46,0.481,,,Provisional/Provisoire,,
05EA010,2026-07-25T09:45:00Z,46,0.481,,,Provisional/Provisoire,,
05EA010,2026-07-25T09:50:00Z,46,0.481,,,Provisional/Provisoire,,
05EA010,2026-07-25T09:55:00Z,46,0.481,,,Provisional/Provisoire,,
05EA010,2026-07-25T10:00:00Z,46,0.481,,,Provisional/Provisoire,,
05EA010,2026-07-25T10:05:00Z,46,0.481,,,Provisional/Provisoire,,
05EA010,2026-07-25T10:10:00Z,46,0.481,,,Provisional/Provisoire,,
05EA010,2026-07-25T10:15:00Z,46,0.481,,,Provisional/Provisoire,,
05EA010,2026-07-25T10:20:00Z,46,0.480,,,Provisional/Provisoire,,
05EA010,2026-07-25T10:25:00Z,46,0.481,,,Provisional/Provisoire,,
05EA010,2026-07-25T10:30:00Z,46,0.480,,,Provisional/Provisoire,,
05EA010,2026-07-25T10:35:00Z,46,0.481,,,Provisional/Provisoire,,
05EA010,2026-07-25T10:40:00Z,46,0.481,,,Provisional/Provisoire,,
05EA010,2026-07-25T10:45:00Z,46,0.480,,,Provisional/Provisoire,,
05EA010,2026-07-25T10:50:00Z,46,0.481,,,Provisional/Provisoire,,
05EA010,2026-07-25T10:55:00Z,46,0.480,,,Provisional/Provisoire,,
05EA010,2026-07-25T11:00:00Z,46,0.481,,,Provisional/Provisoire,,
05EA010,2026-07-25T11:05:00Z,46,0.481,,,Provisional/Provisoire,,
05EA010,2026-07-25T11:10:00Z,46,0.481,,,Provisional/Provisoire,,
05EA010,2026-07-25T11:15:00Z,46,0.481,,,Provisional/Provisoire,,
05EA010,2026-07-25T11:20:00Z,46,0.481,,,Provisional/Provisoire,,
05EA010,2026-07-25T11:25:00Z,46,0.481,,,Provisional/Provisoire,,
05EA010,2026-07-25T11:30:00Z,46,0.480,,,Provisional/Provisoire,,
05EA010,2026-07-25T11:35:00Z,46,0.480,,,Provisional/Provisoire,,
05EA010,2026-07-25T11:40:00Z,46,0.481,,,Provisional/Provisoire,,
05EA010,2026-07-25T11:45:00Z,46,0.480,,,Provisional/Provisoire,,
05EA010,2026-07-25T11:50:00Z,46,0.480,,,Provisional/Provisoire,,
05EA010,2026-07-25T11:55:00Z,46,0.481,,,Provisional/Provisoire,,
05EA010,2026-07-25T12:00:00Z,46,0.480,,,Provisional/Provisoire,,
05EA010,2026-07-25T12:05:00Z,46,0.481,,,Provisional/Provisoire,,
05EA010,2026-07-25T12:10:00Z,46,0.481,,,Provisional/Provisoire,,
05EA010,2026-07-25T12:15:00Z,46,0.481,,,Provisional/Provisoire,,
05EA010,2026-07-25T12:20:00Z,46,0.481,,,Provisional/Provisoire,,
05EA010,2026-07-25T12:25:00Z,46,0.481,,,Provisional/Provisoire,,
05EA010,2026-07-25T12:30:00Z,46,0.481,,,Provisional/Provisoire,,
05EA010,2026-07-25T12:35:00Z,46,0.482,,,Provisional/Provisoire,,
05EA010,2026-07-25T12:40:00Z,46,0.481,,,Provisional/Provisoire,,
05EA010,2026-07-25T12:45:00Z,46,0.481,,,Provisional/Provisoire,,
05EA010,2026-07-25T12:50:00Z,46,0.481,,,Provisional/Provisoire,,
05EA010,2026-07-25T12:55:00Z,46,0.481,,,Provisional/Provisoire,,
05EA010,2026-07-25T13:00:00Z,46,0.480,,,Provisional/Provisoire,,
05EA010,2026-07-25T13:05:00Z,46,0.480,,,Provisional/Provisoire,,
05EA010,2026-07-25T13:10:00Z,46,0.479,,,Provisional/Provisoire,,
05EA010,2026-07-25T13:15:00Z,46,0.479,,,Provisional/Provisoire,,
05EA010,2026-07-25T13:20:00Z,46,0.479,,,Provisional/Provisoire,,
05EA010,2026-07-25T13:25:00Z,46,0.479,,,Provisional/Provisoire,,
05EA010,2026-07-25T13:30:00Z,46,0.478,,,Provisional/Provisoire,,
05EA010,2026-07-25T13:35:00Z,46,0.478,,,Provisional/Provisoire,,
05EA010,2026-07-25T13:40:00Z,46,0.477,,,Provisional/Provisoire,,
05EA010,2026-07-25T13:45:00Z,46,0.477,,,Provisional/Provisoire,,
05EA010,2026-07-25T13:50:00Z,46,0.477,,,Provisional/Provisoire,,
05EA010,2026-07-25T13:55:00Z,46,0.476,,,Provisional/Provisoire,,
05EA010,2026-07-25T14:00:00Z,46,0.476,,,Provisional/Provisoire,,
05EA010,2026-07-25T14:05:00Z,46,0.476,,,Provisional/Provisoire,,
05EA010,2026-07-25T14:10:00Z,46,0.476,,,Provisional/Provisoire,,
05EA010,2026-07-25T14:15:00Z,46,0.475,,,Provisional/Provisoire,,
05EA010,2026-07-25T14:20:00Z,46,0.475,,,Provisional/Provisoire,,
05EA010,2026-07-25T14:25:00Z,46,0.475,,,Provisional/Provisoire,,
05EA010,2026-07-25T14:30:00Z,46,0.475,,,Provisional/Provisoire,,
05EA010,2026-07-25T14:35:00Z,46,0.476,,,Provisional/Provisoire,,
05EA010,2026-07-25T14:40:00Z,46,0.475,,,Provisional/Provisoire,,
05EA010,2026-07-25T14:45:00Z,46,0.475,,,Provisional/Provisoire,,
05EA010,2026-07-25T14:50:00Z,46,0.475,,,Provisional/Provisoire,,
05EA010,2026-07-25T14:55:00Z,46,0.475,,,Provisional/Provisoire,,
05EA010,2026-07-25T15:00:00Z,46,0.475,,,Provisional/Provisoire,,
05EA010,2026-07-25T15:05:00Z,46,0.475,,,Provisional/Provisoire,,
05EA010,2026-07-25T15:10:00Z,46,0.475,,,Provisional/Provisoire,,
05EA010,2026-07-25T15:15:00Z,46,0.475,,,Provisional/Provisoire,,
05EA010,2026-07-25T15:20:00Z,46,0.475,,,Provisional/Provisoire,,
05EA010,2026-07-25T15:25:00Z,46,0.475,,,Provisional/Provisoire,,
05EA010,2026-07-25T15:30:00Z,46,0.474,,,Provisional/Provisoire,,
05EA010,2026-07-25T15:35:00Z,46,0.475,,,Provisional/Provisoire,,
05EA010,2026-07-25T15:40:00Z,46,0.474,,,Provisional/Provisoire,,
05EA010,2026-07-25T15:45:00Z,46,0.475,,,Provisional/Provisoire,,
05EA010,2026-07-25T15:50:00Z,46,0.474,,,Provisional/Provisoire,,
05EA010,2026-07-25T15:55:00Z,46,0.474,,,Provisional/Provisoire,,
05EA010,2026-07-25T16:00:00Z,46,0.474,,,Provisional/Provisoire,,
05EA010,2026-07-25T16:05:00Z,46,0.474,,,Provisional/Provisoire,,
05EA010,2026-07-25T16:10:00Z,46,0.474,,,Provisional/Provisoire,,
05EA010,2026-07-25T16:15:00Z,46,0.474,,,Provisional/Provisoire,,
05EA010,2026-07-25T16:20:00Z,46,0.474,,,Provisional/Provisoire,,
05EA010,2026-07-25T16:25:00Z,46,0.474,,,Provisional/Provisoire,,
05EA010,2026-07-25T16:30:00Z,46,0.473,,,Provisional/Provisoire,,
05EA010,2026-07-25T16:35:00Z,46,0.473,,,Provisional/Provisoire,,
05EA010,2026-07-25T16:40:00Z,46,0.473,,,Provisional/Provisoire,,
05EA010,2026-07-25T16:45:00Z,46,0.473,,,Provisional/Provisoire,,
05EA010,2026-07-25T16:50:00Z,46,0.473,,,Provisional/Provisoire,,
05EA010,2026-07-25T16:55:00Z,46,0.473,,,Provisional/Provisoire,,
05EA010,2026-07-25T17:00:00Z,46,0.472,,,Provisional/Provisoire,,
05EA010,2026-07-25T17:05:00Z,46,0.473,,,Provisional/Provisoire,,
05EA010,2026-07-25T17:10:00Z,46,0.472,,,Provisional/Provisoire,,
05EA010,2026-07-25T17:15:00Z,46,0.472,,,Provisional/Provisoire,,
05EA010,2026-07-25T17:20:00Z,46,0.472,,,Provisional/Provisoire,,
05EA010,2026-07-25T17:25:00Z,46,0.472,,,Provisional/Provisoire,,
05EA010,2026-07-25T17:30:00Z,46,0.472,,,Provisional/Provisoire,,
05EA010,2026-07-25T17:35:00Z,46,0.471,,,Provisional/Provisoire,,
05EA010,2026-07-25T17:40:00Z,46,0.471,,,Provisional/Provisoire,,
05EA010,2026-07-25T17:45:00Z,46,0.471,,,Provisional/Provisoire,,
05EA010,2026-07-25T17:50:00Z,46,0.471,,,Provisional/Provisoire,,
05EA010,2026-07-25T17:55:00Z,46,0.470,,,Provisional/Provisoire,,
05EA010,2026-07-25T18:00:00Z,46,0.470,,,Provisional/Provisoire,,
05EA010,2026-07-25T18:05:00Z,46,0.470,,,Provisional/Provisoire,,
05EA010,2026-07-25T18:10:00Z,46,0.469,,,Provisional/Provisoire,,
05EA010,2026-07-25T18:15:00Z,46,0.470,,,Provisional/Provisoire,,
05EA010,2026-07-25T18:20:00Z,46,0.469,,,Provisional/Provisoire,,
05EA010,2026-07-25T18:25:00Z,46,0.469,,,Provisional/Provisoire,,
05EA010,2026-07-25T18:30:00Z,46,0.469,,,Provisional/Provisoire,,
05EA010,2026-07-25T18:35:00Z,46,0.469,,,Provisional/Provisoire,,
05EA010,2026-07-25T18:40:00Z,46,0.469,,,Provisional/Provisoire,,
05EA010,2026-07-25T18:45:00Z,46,0.468,,,Provisional/Provisoire,,
05EA010,2026-07-25T18:50:00Z,46,0.468,,,Provisional/Provisoire,,
05EA010,2026-07-25T18:55:00Z,46,0.468,,,Provisional/Provisoire,,
05EA010,2026-07-25T19:00:00Z,46,0.467,,,Provisional/Provisoire,,
05EA010,2026-07-25T19:05:00Z,46,0.467,,,Provisional/Provisoire,,
05EA010,2026-07-25T19:10:00Z,46,0.467,,,Provisional/Provisoire,,
05EA010,2026-07-25T19:15:00Z,46,0.467,,,Provisional/Provisoire,,
05EA010,2026-07-25T19:20:00Z,46,0.467,,,Provisional/Provisoire,,
05EA010,2026-07-25T19:25:00Z,46,0.466,,,Provisional/Provisoire,,
05EA010,2026-07-25T19:30:00Z,46,0.467,,,Provisional/Provisoire,,
05EA010,2026-07-25T19:35:00Z,46,0.467,,,Provisional/Provisoire,,
05EA010,2026-07-25T19:40:00Z,46,0.466,,,Provisional/Provisoire,,
05EA010,2026-07-25T19:45:00Z,46,0.467,,,Provisional/Provisoire,,
05EA010,2026-07-25T19:50:00Z,46,0.466,,,Provisional/Provisoire,,
05EA010,2026-07-25T19:55:00Z,46,0.467,,,Provisional/Provisoire,,
05EA010,2026-07-25T20:00:00Z,46,0.466,,,Provisional/Provisoire,,
05EA010,2026-07-25T20:05:00Z,46,0.465,,,Provisional/Provisoire,,
05EA010,2026-07-25T20:10:00Z,46,0.464,,,Provisional/Provisoire,,
05EA010,2026-07-25T20:15:00Z,46,0.465,,,Provisional/Provisoire,,
05EA010,2026-07-25T20:20:00Z,46,0.465,,,Provisional/Provisoire,,
05EA010,2026-07-25T20:25:00Z,46,0.465,,,Provisional/Provisoire,,
05EA010,2026-07-25T20:30:00Z,46,0.464,,,Provisional/Provisoire,,
05EA010,2026-07-25T20:35:00Z,46,0.464,,,Provisional/Provisoire,,
05EA010,2026-07-25T20:40:00Z,46,0.464,,,Provisional/Provisoire,,
05EA010,2026-07-25T20:45:00Z,46,0.463,,,Provisional/Provisoire,,
05EA010,2026-07-25T20:50:00Z,46,0.464,,,Provisional/Provisoire,,
05EA010,2026-07-25T20:55:00Z,46,0.463,,,Provisional/Provisoire,,
05EA010,2026-07-25T21:00:00Z,46,0.463,,,Provisional/Provisoire,,
05EA010,2026-07-25T21:05:00Z,46,0.463,,,Provisional/Provisoire,,
05EA010,2026-07-25T21:10:00Z,46,0.463,,,Provisional/Provisoire,,
05EA010,2026-07-25T21:15:00Z,46,0.462,,,Provisional/Provisoire,,
05EA010,2026-07-25T21:20:00Z,46,0.462,,,Provisional/Provisoire,,
05EA010,2026-07-25T21:25:00Z,46,0.462,,,Provisional/Provisoire,,
05EA010,2026-07-25T21:30:00Z,46,0.462,,,Provisional/Provisoire,,
05EA010,2026-07-25T21:35:00Z,46,0.461,,,Provisional/Provisoire,,
05EA010,2026-07-25T21:40:00Z,46,0.462,,,Provisional/Provisoire,,
05EA010,2026-07-25T21:45:00Z,46,0.462,,,Provisional/Provisoire,,
05EA010,2026-07-25T21:50:00Z,46,0.461,,,Provisional/Provisoire,,
05EA010,2026-07-25T21:55:00Z,46,0.461,,,Provisional/Provisoire,,
05EA010,2026-07-25T22:00:00Z,46,0.460,,,Provisional/Provisoire,,
05EA010,2026-07-25T22:05:00Z,46,0.460,,,Provisional/Provisoire,,
05EA010,2026-07-25T22:10:00Z,46,0.460,,,Provisional/Provisoire,,
05EA010,2026-07-25T22:15:00Z,46,0.460,,,Provisional/Provisoire,,
05EA010,2026-07-25T22:20:00Z,46,0.460,,,Provisional/Provisoire,,
05EA010,2026-07-25T22:25:00Z,46,0.459,,,Provisional/Provisoire,,
05EA010,2026-07-25T22:30:00Z,46,0.459,,,Provisional/Provisoire,,
05EA010,2026-07-25T22:35:00Z,46,0.459,,,Provisional/Provisoire,,
05EA010,2026-07-25T22:40:00Z,46,0.459,,,Provisional/Provisoire,,
05EA010,2026-07-25T22:45:00Z,46,0.458,,,Provisional/Provisoire,,
05EA010,2026-07-25T22:50:00Z,46,0.458,,,Provisional/Provisoire,,
05EA010,2026-07-25T22:55:00Z,46,0.458,,,Provisional/Provisoire,,
05EA010,2026-07-25T23:00:00Z,46,0.458,,,Provisional/Provisoire,,
05EA010,2026-07-25T23:05:00Z,46,0.458,,,Provisional/Provisoire,,
05EA010,2026-07-25T23:10:00Z,46,0.458,,,Provisional/Provisoire,,
05EA010,2026-07-25T23:15:00Z,46,0.457,,,Provisional/Provisoire,,
05EA010,2026-07-25T23:20:00Z,46,0.458,,,Provisional/Provisoire,,
05EA010,2026-07-25T23:25:00Z,46,0.457,,,Provisional/Provisoire,,
05EA010,2026-07-25T23:30:00Z,46,0.458,,,Provisional/Provisoire,,
05EA010,2026-07-25T23:35:00Z,46,0.457,,,Provisional/Provisoire,,
05EA010,2026-07-25T23:40:00Z,46,0.456,,,Provisional/Provisoire,,
05EA010,2026-07-25T23:45:00Z,46,0.456,,,Provisional/Provisoire,,
05EA010,2026-07-25T23:50:00Z,46,0.456,,,Provisional/Provisoire,,
05EA010,2026-07-25T23:55:00Z,46,0.456,,,Provisional/Provisoire,,
05EA010,2026-07-26T00:00:00Z,46,0.456,,,Provisional/Provisoire,,
05EA010,2026-07-26T00:05:00Z,46,0.455,,,Provisional/Provisoire,,
05EA010,2026-07-26T00:10:00Z,46,0.455,,,Provisional/Provisoire,,
05EA010,2026-07-26T00:15:00Z,46,0.456,,,Provisional/Provisoire,,
05EA010,2026-07-26T00:20:00Z,46,0.454,,,Provisional/Provisoire,,
05EA010,2026-07-26T00:25:00Z,46,0.455,,,Provisional/Provisoire,,
05EA010,2026-07-26T00:30:00Z,46,0.454,,,Provisional/Provisoire,,
05EA010,2026-07-26T00:35:00Z,46,0.455,,,Provisional/Provisoire,,
05EA010,2026-07-26T00:40:00Z,46,0.455,,,Provisional/Provisoire,,
05EA010,2026-07-26T00:45:00Z,46,0.454,,,Provisional/Provisoire,,
05EA010,2026-07-26T00:50:00Z,46,0.454,,,Provisional/Provisoire,,
05EA010,2026-07-26T00:55:00Z,46,0.453,,,Provisional/Provisoire,,
05EA010,2026-07-26T01:00:00Z,46,0.453,,,Provisional/Provisoire,,
05EA010,2026-07-26T01:05:00Z,46,0.453,,,Provisional/Provisoire,,
05EA010,2026-07-26T01:10:00Z,46,0.454,,,Provisional/Provisoire,,
05EA010,2026-07-26T01:15:00Z,46,0.454,,,Provisional/Provisoire,,
05EA010,2026-07-26T01:20:00Z,46,0.454,,,Provisional/Provisoire,,
05EA010,2026-07-26T01:25:00Z,46,0.453,,,Provisional/Provisoire,,
05EA010,2026-07-26T01:30:00Z,46,0.453,,,Provisional/Provisoire,,
05EA010,2026-07-26T01:35:00Z,46,0.453,,,Provisional/Provisoire,,
05EA010,2026-07-26T01:40:00Z,46,0.453,,,Provisional/Provisoire,,
05EA010,2026-07-26T01:45:00Z,46,0.453,,,Provisional/Provisoire,,
05EA010,2026-07-26T01:50:00Z,46,0.453,,,Provisional/Provisoire,,
05EA010,2026-07-26T01:55:00Z,46,0.456,,,Provisional/Provisoire,,
05EA010,2026-07-26T02:00:00Z,46,0.458,,,Provisional/Provisoire,,
05EA010,2026-07-26T02:05:00Z,46,0.474,,,Provisional/Provisoire,,
05EA010,2026-07-26T02:10:00Z,46,0.485,,,Provisional/Provisoire,,
05EA010,2026-07-26T02:15:00Z,46,0.489,,,Provisional/Provisoire,,
05EA010,2026-07-26T02:20:00Z,46,0.496,,,Provisional/Provisoire,,
05EA010,2026-07-26T02:25:00Z,46,0.503,,,Provisional/Provisoire,,
05EA010,2026-07-26T02:30:00Z,46,0.513,,,Provisional/Provisoire,,
05EA010,2026-07-26T02:35:00Z,46,0.527,,,Provisional/Provisoire,,
05EA010,2026-07-26T02:40:00Z,46,0.536,,,Provisional/Provisoire,,
05EA010,2026-07-26T02:45:00Z,46,0.540,,,Provisional/Provisoire,,
05EA010,2026-07-26T02:50:00Z,46,0.543,,,Provisional/Provisoire,,
05EA010,2026-07-26T02:55:00Z,46,0.543,,,Provisional/Provisoire,,
05EA010,2026-07-26T03:00:00Z,46,0.542,,,Provisional/Provisoire,,
05EA010,2026-07-26T03:05:00Z,46,0.541,,,Provisional/Provisoire,,
05EA010,2026-07-26T03:10:00Z,46,0.542,,,Provisional/Provisoire,,
05EA010,2026-07-26T03:15:00Z,46,0.546,,,Provisional/Provisoire,,
05EA010,2026-07-26T03:20:00Z,46,0.549,,,Provisional/Provisoire,,
05EA010,2026-07-26T03:25:00Z,46,0.553,,,Provisional/Provisoire,,
05EA010,2026-07-26T03:30:00Z,46,0.557,,,Provisional/Provisoire,,
05EA010,2026-07-26T03:35:00Z,46,0.560,,,Provisional/Provisoire,,
05EA010,2026-07-26T03:40:00Z,46,0.562,,,Provisional/Provisoire,,
05EA010,2026-07-26T03:45:00Z,46,0.565,,,Provisional/Provisoire,,
05EA010,2026-07-26T03:50:00Z,46,0.568,,,Provisional/Provisoire,,
05EA010,2026-07-26T03:55:00Z,46,0.570,,,Provisional/Provisoire,,
05EA010,2026-07-26T04:00:00Z,46,0.573,,,Provisional/Provisoire,,
05EA010,2026-07-26T04:05:00Z,46,0.576,,,Provisional/Provisoire,,
05EA010,2026-07-26T04:10:00Z,46,0.579,,,Provisional/Provisoire,,
05EA010,2026-07-26T04:15:00Z,46,0.585,,,Provisional/Provisoire,,
05EA010,2026-07-26T04:20:00Z,46,0.590,,,Provisional/Provisoire,,
05EA010,2026-07-26T04:25:00Z,46,0.594,,,Provisional/Provisoire,,
05EA010,2026-07-26T04:30:00Z,46,0.599,,,Provisional/Provisoire,,
05EA010,2026-07-26T04:35:00Z,46,0.605,,,Provisional/Provisoire,,
05EA010,2026-07-26T04:40:00Z,46,0.610,,,Provisional/Provisoire,,
05EA010,2026-07-26T04:45:00Z,46,0.615,,,Provisional/Provisoire,,
05EA010,2026-07-26T04:50:00Z,46,0.620,,,Provisional/Provisoire,,
05EA010,2026-07-26T04:55:00Z,46,0.627,,,Provisional/Provisoire,,
05EA010,2026-07-26T05:00:00Z,46,0.631,,,Provisional/Provisoire,,
05EA010,2026-07-26T05:05:00Z,46,0.637,,,Provisional/Provisoire,,
05EA010,2026-07-26T05:10:00Z,46,0.641,,,Provisional/Provisoire,,
05EA010,2026-07-26T05:15:00Z,46,0.646,,,Provisional/Provisoire,,
05EA010,2026-07-26T05:20:00Z,46,0.650,,,Provisional/Provisoire,,
05EA010,2026-07-26T05:25:00Z,46,0.654,,,Provisional/Provisoire,,
05EA010,2026-07-26T05:30:00Z,46,0.658,,,Provisional/Provisoire,,
05EA010,2026-07-26T05:35:00Z,46,0.662,,,Provisional/Provisoire,,
05EA010,2026-07-26T05:40:00Z,46,0.665,,,Provisional/Provisoire,,
05EA010,2026-07-26T05:45:00Z,46,0.667,,,Provisional/Provisoire,,
05EA010,2026-07-26T05:50:00Z,46,0.670,,,Provisional/Provisoire,,
05EA010,2026-07-26T05:55:00Z,46,0.674,,,Provisional/Provisoire,,
05EA010,2026-07-26T06:00:00Z,46,0.677,,,Provisional/Provisoire,,
05EA010,2026-07-26T06:05:00Z,46,0.679,,,Provisional/Provisoire,,
05EA010,2026-07-26T06:10:00Z,46,0.679,,,Provisional/Provisoire,,
05EA010,2026-07-26T06:15:00Z,46,0.682,,,Provisional/Provisoire,,
05EA010,2026-07-26T06:20:00Z,46,0.683,,,Provisional/Provisoire,,
05EA010,2026-07-26T06:25:00Z,46,0.684,,,Provisional/Provisoire,,
05EA010,2026-07-26T06:30:00Z,46,0.685,,,Provisional/Provisoire,,
05EA010,2026-07-26T06:35:00Z,46,0.686,,,Provisional/Provisoire,,
05EA010,2026-07-26T06:40:00Z,46,0.686,,,Provisional/Provisoire,,
05EA010,2026-07-26T06:45:00Z,46,0.687,,,Provisional/Provisoire,,
05EA010,2026-07-26T06:50:00Z,46,0.687,,,Provisional/Provisoire,,
05EA010,2026-07-26T06:55:00Z,46,0.687,,,Provisional/Provisoire,,
05EA010,2026-07-26T07:00:00Z,46,0.686,,,Provisional/Provisoire,,
05EA010,2026-07-26T07:05:00Z,46,0.686,,,Provisional/Provisoire,,
05EA010,2026-07-26T07:10:00Z,46,0.686,,,Provisional/Provisoire,,
05EA010,2026-07-26T07:15:00Z,46,0.684,,,Provisional/Provisoire,,
05EA010,2026-07-26T07:20:00Z,46,0.685,,,Provisional/Provisoire,,
05EA010,2026-07-26T07:25:00Z,46,0.685,,,Provisional/Provisoire,,
05EA010,2026-07-26T07:30:00Z,46,0.684,,,Provisional/Provisoire,,
05EA010,2026-07-26T07:35:00Z,46,0.683,,,Provisional/Provisoire,,
05EA010,2026-07-26T07:40:00Z,46,0.683,,,Provisional/Provisoire,,
05EA010,2026-07-26T07:45:00Z,46,0.682,,,Provisional/Provisoire,,
05EA010,2026-07-26T07:50:00Z,46,0.679,,,Provisional/Provisoire,,
05EA010,2026-07-26T07:55:00Z,46,0.679,,,Provisional/Provisoire,,
05EA010,2026-07-26T08:00:00Z,46,0.678,,,Provisional/Provisoire,,
05EA010,2026-07-26T08:05:00Z,46,0.677,,,Provisional/Provisoire,,
05EA010,2026-07-26T08:10:00Z,46,0.676,,,Provisional/Provisoire,,
05EA010,2026-07-26T08:15:00Z,46,0.675,,,Provisional/Provisoire,,
05EA010,2026-07-26T08:20:00Z,46,0.673,,,Provisional/Provisoire,,
05EA010,2026-07-26T08:25:00Z,46,0.673,,,Provisional/Provisoire,,
05EA010,2026-07-26T08:30:00Z,46,0.670,,,Provisional/Provisoire,,
05EA010,2026-07-26T08:35:00Z,46,0.670,,,Provisional/Provisoire,,
05EA010,2026-07-26T08:40:00Z,46,0.669,,,Provisional/Provisoire,,
05EA010,2026-07-26T08:45:00Z,46,0.667,,,Provisional/Provisoire,,
05EA010,2026-07-26T08:50:00Z,46,0.667,,,Provisional/Provisoire,,
05EA010,2026-07-26T08:55:00Z,46,0.664,,,Provisional/Provisoire,,
05EA010,2026-07-26T09:00:00Z,46,0.662,,,Provisional/Provisoire,,
05EA010,2026-07-26T09:05:00Z,46,0.661,,,Provisional/Provisoire,,
05EA010,2026-07-26T09:10:00Z,46,0.659,,,Provisional/Provisoire,,
05EA010,2026-07-26T09:15:00Z,46,0.657,,,Provisional/Provisoire,,
05EA010,2026-07-26T09:20:00Z,46,0.656,,,Provisional/Provisoire,,
05EA010,2026-07-26T09:25:00Z,46,0.653,,,Provisional/Provisoire,,
05EA010,2026-07-26T09:30:00Z,46,0.652,,,Provisional/Provisoire,,
05EA010,2026-07-26T09:35:00Z,46,0.651,,,Provisional/Provisoire,,
05EA010,2026-07-26T09:40:00Z,46,0.648,,,Provisional/Provisoire,,
05EA010,2026-07-26T09:45:00Z,46,0.647,,,Provisional/Provisoire,,
05EA010,2026-07-26T09:50:00Z,46,0.645,,,Provisional/Provisoire,,
05EA010,2026-07-26T09:55:00Z,46,0.643,,,Provisional/Provisoire,,
05EA010,2026-07-26T10:00:00Z,46,0.642,,,Provisional/Provisoire,,
05EA010,2026-07-26T10:05:00Z,46,0.641,,,Provisional/Provisoire,,
05EA010,2026-07-26T10:10:00Z,46,0.640,,,Provisional/Provisoire,,
05EA010,2026-07-26T10:15:00Z,46,0.638,,,Provisional/Provisoire,,
05EA010,2026-07-26T10:20:00Z,46,0.637,,,Provisional/Provisoire,,
05EA010,2026-07-26T10:25:00Z,46,0.637,,,Provisional/Provisoire,,
05EA010,2026-07-26T10:30:00Z,46,0.635,,,Provisional/Provisoire,,
05EA010,2026-07-26T10:35:00Z,46,0.634,,,Provisional/Provisoire,,
05EA010,2026-07-26T10:40:00Z,46,0.633,,,Provisional/Provisoire,,
05EA010,2026-07-26T10:45:00Z,46,0.632,,,Provisional/Provisoire,,
05EA010,2026-07-26T10:50:00Z,46,0.630,,,Provisional/Provisoire,,
05EA010,2026-07-26T10:55:00Z,46,0.629,,,Provisional/Provisoire,,
05EA010,2026-07-26T11:00:00Z,46,0.629,,,Provisional/Provisoire,,
05EA010,2026-07-26T11:05:00Z,46,0.627,,,Provisional/Provisoire,,
05EA010,2026-07-26T11:10:00Z,46,0.626,,,Provisional/Provisoire,,
05EA010,2026-07-26T11:15:00Z,46,0.625,,,Provisional/Provisoire,,
05EA010,2026-07-26T11:20:00Z,46,0.625,,,Provisional/Provisoire,,
05EA010,2026-07-26T11:25:00Z,46,0.623,,,Provisional/Provisoire,,
05EA010,2026-07-26T11:30:00Z,46,0.623,,,Provisional/Provisoire,,
05EA010,2026-07-26T11:35:00Z,46,0.622,,,Provisional/Provisoire,,
05EA010,2026-07-26T11:40:00Z,46,0.621,,,Provisional/Provisoire,,
05EA010,2026-07-26T11:45:00Z,46,0.621,,,Provisional/Provisoire,,
05EA010,2026-07-26T11:50:00Z,46,0.620,,,Provisional/Provisoire,,
05EA010,2026-07-26T11:55:00Z,46,0.618,,,Provisional/Provisoire,,
05EA010,2026-07-26T12:00:00Z,46,0.617,,,Provisional/Provisoire,,
05EA010,2026-07-26T12:05:00Z,46,0.618,,,Provisional/Provisoire,,
05EA010,2026-07-26T12:10:00Z,46,0.616,,,Provisional/Provisoire,,
05EA010,2026-07-26T12:15:00Z,46,0.616,,,Provisional/Provisoire,,
05EA010,2026-07-26T12:20:00Z,46,0.615,,,Provisional/Provisoire,,
05EA010,2026-07-26T12:25:00Z,46,0.615,,,Provisional/Provisoire,,
05EA010,2026-07-26T12:30:00Z,46,0.614,,,Provisional/Provisoire,,
05EA010,2026-07-26T12:35:00Z,46,0.613,,,Provisional/Provisoire,,
05EA010,2026-07-26T12:40:00Z,46,0.613,,,Provisional/Provisoire,,
05EA010,2026-07-26T12:45:00Z,46,0.612,,,Provisional/Provisoire,,
05EA010,2026-07-26T12:50:00Z,46,0.612,,,Provisional/Provisoire,,
05EA010,2026-07-26T12:55:00Z,46,0.612,,,Provisional/Provisoire,,
05EA010,2026-07-26T13:00:00Z,46,0.611,,,Provisional/Provisoire,,
05EA010,2026-07-26T13:05:00Z,46,0.611,,,Provisional/Provisoire,,
05EA010,2026-07-26T13:10:00Z,46,0.610,,,Provisional/Provisoire,,
05EA010,2026-07-26T13:15:00Z,46,0.608,,,Provisional/Provisoire,,
05EA010,2026-07-26T13:20:00Z,46,0.609,,,Provisional/Provisoire,,
05EA010,2026-07-26T13:25:00Z,46,0.608,,,Provisional/Provisoire,,
05EA010,2026-07-26T13:30:00Z,46,0.608,,,Provisional/Provisoire,,
05EA010,2026-07-26T13:35:00Z,46,0.607,,,Provisional/Provisoire,,
05EA010,2026-07-26T13:40:00Z,46,0.608,,,Provisional/Provisoire,,
05EA010,2026-07-26T13:45:00Z,46,0.606,,,Provisional/Provisoire,,
05EA010,2026-07-26T13:50:00Z,46,0.605,,,Provisional/Provisoire,,
05EA010,2026-07-26T13:55:00Z,46,0.605,,,Provisional/Provisoire,,
05EA010,2026-07-26T14:00:00Z,46,0.604,,,Provisional/Provisoire,,
05EA010,2026-07-26T14:05:00Z,46,0.604,,,Provisional/Provisoire,,
05EA010,2026-07-26T14:10:00Z,46,0.604,,,Provisional/Provisoire,,
05EA010,2026-07-26T14:15:00Z,46,0.603,,,Provisional/Provisoire,,
05EA010,2026-07-26T14:20:00Z,46,0.602,,,Provisional/Provisoire,,
05EA010,2026-07-26T14:25:00Z,46,0.602,,,Provisional/Provisoire,,
05EA010,2026-07-26T14:30:00Z,46,0.601,,,Provisional/Provisoire,,
05EA010,2026-07-26T14:35:00Z,46,0.602,,,Provisional/Provisoire,,
05EA010,2026-07-26T14:40:00Z,46,0.601,,,Provisional/Provisoire,,
05EA010,2026-07-26T14:45:00Z,46,0.602,,,Provisional/Provisoire,,
05EA010,2026-07-26T14:50:00Z,46,0.602,,,Provisional/Provisoire,,
05EA010,2026-07-26T14:55:00Z,46,0.600,,,Provisional/Provisoire,,
05EA010,2026-07-26T15:00:00Z,46,0.600,,,Provisional/Provisoire,,
05EA010,2026-07-26T15:05:00Z,46,0.600,,,Provisional/Provisoire,,
05EA010,2026-07-26T15:10:00Z,46,0.600,,,Provisional/Provisoire,,
05EA010,2026-07-26T15:15:00Z,46,0.600,,,Provisional/Provisoire,,
05EA010,2026-07-26T15:20:00Z,46,0.600,,,Provisional/Provisoire,,
05EA010,2026-07-26T15:25:00Z,46,0.600,,,Provisional/Provisoire,,
05EA010,2026-07-26T15:30:00Z,46,0.600,,,Provisional/Provisoire,,
05EA010,2026-07-26T15:35:00Z,46,0.600,,,Provisional/Provisoire,,
05EA010,2026-07-26T15:40:00Z,46,0.599,,,Provisional/Provisoire,,
05EA010,2026-07-26T15:45:00Z,46,0.600,,,Provisional/Provisoire,,
05EA010,2026-07-26T15:50:00Z,46,0.600,,,Provisional/Provisoire,,
05EA010,2026-07-26T15:55:00Z,46,0.600,,,Provisional/Provisoire,,
05EA010,2026-07-26T16:00:00Z,46,0.600,,,Provisional/Provisoire,,
05EA010,2026-07-26T16:05:00Z,46,0.600,,,Provisional/Provisoire,,
05EA010,2026-07-26T16:10:00Z,46,0.600,,,Provisional/Provisoire,,
05EA010,2026-07-26T16:15:00Z,46,0.600,,,Provisional/Provisoire,,
05EA010,2026-07-26T16:20:00Z,46,0.600,,,Provisional/Provisoire,,
05EA010,2026-07-26T16:25:00Z,46,0.600,,,Provisional/Provisoire,,
05EA010,2026-07-26T16:30:00Z,46,0.601,,,Provisional/Provisoire,,
05EA010,2026-07-26T16:35:00Z,46,0.600,,,Provisional/Provisoire,,
05EA010,2026-07-26T16:40:00Z,46,0.600,,,Provisional/Provisoire,,
05EA010,2026-07-26T16:45:00Z,46,0.600,,,Provisional/Provisoire,,
05EA010,2026-07-26T16:50:00Z,46,0.600,,,Provisional/Provisoire,,
05EA010,2026-07-26T16:55:00Z,46,0.601,,,Provisional/Provisoire,,
05EA010,2026-07-26T17:00:00Z,46,0.601,,,Provisional/Provisoire,,
05EA010,2026-07-26T17:05:00Z,46,0.601,,,Provisional/Provisoire,,
05EA010,2026-07-26T17:10:00Z,46,0.602,,,Provisional/Provisoire,,
05EA010,2026-07-26T17:15:00Z,46,0.601,,,Provisional/Provisoire,,
05EA010,2026-07-26T17:20:00Z,46,0.601,,,Provisional/Provisoire,,
05EA010,2026-07-26T17:25:00Z,46,0.601,,,Provisional/Provisoire,,
05EA010,2026-07-26T17:30:00Z,46,0.602,,,Provisional/Provisoire,,
05EA010,2026-07-26T17:35:00Z,46,0.602,,,Provisional/Provisoire,,
05EA010,2026-07-26T17:40:00Z,46,0.602,,,Provisional/Provisoire,,
05EA010,2026-07-26T17:45:00Z,46,0.602,,,Provisional/Provisoire,,
05EA010,2026-07-26T17:50:00Z,46,0.602,,,Provisional/Provisoire,,
05EA010,2026-07-26T17:55:00Z,46,0.602,,,Provisional/Provisoire,,
05EA010,2026-07-26T18:00:00Z,46,0.601,,,Provisional/Provisoire,,
05EA010,2026-07-26T18:05:00Z,46,0.602,,,Provisional/Provisoire,,
05EA010,2026-07-26T18:10:00Z,46,0.601,,,Provisional/Provisoire,,
05EA010,2026-07-26T18:15:00Z,46,0.602,,,Provisional/Provisoire,,
05EA010,2026-07-26T18:20:00Z,46,0.601,,,Provisional/Provisoire,,
05EA010,2026-07-26T18:25:00Z,46,0.602,,,Provisional/Provisoire,,
05EA010,2026-07-26T18:30:00Z,46,0.602,,,Provisional/Provisoire,,
05EA010,2026-07-26T18:35:00Z,46,0.603,,,Provisional/Provisoire,,
05EA010,2026-07-26T18:40:00Z,46,0.602,,,Provisional/Provisoire,,
05EA010,2026-07-26T18:45:00Z,46,0.602,,,Provisional/Provisoire,,
05EA010,2026-07-26T18:50:00Z,46,0.602,,,Provisional/Provisoire,,
05EA010,2026-07-26T18:55:00Z,46,0.602,,,Provisional/Provisoire,,
05EA010,2026-07-26T19:00:00Z,46,0.602,,,Provisional/Provisoire,,
05EA010,2026-07-26T19:05:00Z,46,0.602,,,Provisional/Provisoire,,
05EA010,2026-07-26T19:10:00Z,46,0.602,,,Provisional/Provisoire,,
05EA010,2026-07-26T19:15:00Z,46,0.601,,,Provisional/Provisoire,,
05EA010,2026-07-26T19:20:00Z,46,0.603,,,Provisional/Provisoire,,
05EA010,2026-07-26T19:25:00Z,46,0.602,,,Provisional/Provisoire,,
05EA010,2026-07-26T19:30:00Z,46,0.602,,,Provisional/Provisoire,,
05EA010,2026-07-26T19:35:00Z,46,0.602,,,Provisional/Provisoire,,
05EA010,2026-07-26T19:40:00Z,46,0.602,,,Provisional/Provisoire,,
05EA010,2026-07-26T19:45:00Z,46,0.602,,,Provisional/Provisoire,,
05EA010,2026-07-26T19:50:00Z,46,0.601,,,Provisional/Provisoire,,
05EA010,2026-07-26T19:55:00Z,46,0.602,,,Provisional/Provisoire,,
05EA010,2026-07-26T20:00:00Z,46,0.601,,,Provisional/Provisoire,,
05EA010,2026-07-26T20:05:00Z,46,0.601,,,Provisional/Provisoire,,
05EA010,2026-07-26T20:10:00Z,46,0.601,,,Provisional/Provisoire,,
05EA010,2026-07-26T20:15:00Z,46,0.601,,,Provisional/Provisoire,,
05EA010,2026-07-26T20:20:00Z,46,0.601,,,Provisional/Provisoire,,
05EA010,2026-07-26T20:25:00Z,46,0.601,,,Provisional/Provisoire,,
05EA010,2026-07-26T20:30:00Z,46,0.601,,,Provisional/Provisoire,,
05EA010,2026-07-26T20:35:00Z,46,0.600,,,Provisional/Provisoire,,
05EA010,2026-07-26T20:40:00Z,46,0.600,,,Provisional/Provisoire,,
05EA010,2026-07-26T20:45:00Z,46,0.600,,,Provisional/Provisoire,,
05EA010,2026-07-26T20:50:00Z,46,0.599,,,Provisional/Provisoire,,
05EA010,2026-07-26T20:55:00Z,46,0.600,,,Provisional/Provisoire,,
05EA010,2026-07-26T21:00:00Z,46,0.600,,,Provisional/Provisoire,,
05EA010,2026-07-26T21:05:00Z,46,0.600,,,Provisional/Provisoire,,
05EA010,2026-07-26T21:10:00Z,46,0.600,,,Provisional/Provisoire,,
05EA010,2026-07-26T21:15:00Z,46,0.599,,,Provisional/Provisoire,,
05EA010,2026-07-26T21:20:00Z,46,0.599,,,Provisional/Provisoire,,
05EA010,2026-07-26T21:25:00Z,46,0.598,,,Provisional/Provisoire,,
05EA010,2026-07-26T21:30:00Z,46,0.598,,,Provisional/Provisoire,,
05EA010,2026-07-26T21:35:00Z,46,0.598,,,Provisional/Provisoire,,
05EA010,2026-07-26T21:40:00Z,46,0.598,,,Provisional/Provisoire,,
05EA010,2026-07-26T21:45:00Z,46,0.598,,,Provisional/Provisoire,,
05EA010,2026-07-26T21:50:00Z,46,0.597,,,Provisional/Provisoire,,
05EA010,2026-07-26T21:55:00Z,46,0.597,,,Provisional/Provisoire,,
05EA010,2026-07-26T22:00:00Z,46,0.597,,,Provisional/Provisoire,,
05EA010,2026-07-26T22:05:00Z,46,0.597,,,Provisional/Provisoire,,
05EA010,2026-07-26T22:10:00Z,46,0.597,,,Provisional/Provisoire,,
05EA010,2026-07-26T22:15:00Z,46,0.596,,,Provisional/Provisoire,,
05EA010,2026-07-26T22:20:00Z,46,0.596,,,Provisional/Provisoire,,
05EA010,2026-07-26T22:25:00Z,46,0.596,,,Provisional/Provisoire,,
05EA010,2026-07-26T22:30:00Z,46,0.595,,,Provisional/Provisoire,,
05EA010,2026-07-26T22:35:00Z,46,0.596,,,Provisional/Provisoire,,
05EA010,2026-07-26T22:40:00Z,46,0.595,,,Provisional/Provisoire,,
05EA010,2026-07-26T22:45:00Z,46,0.595,,,Provisional/Provisoire,,
05EA010,2026-07-26T22:50:00Z,46,0.594,,,Provisional/Provisoire,,
05EA010,2026-07-26T22:55:00Z,46,0.594,,,Provisional/Provisoire,,
05EA010,2026-07-26T23:00:00Z,46,0.594,,,Provisional/Provisoire,,
05EA010,2026-07-26T23:05:00Z,46,0.594,,,Provisional/Provisoire,,
05EA010,2026-07-26T23:10:00Z,46,0.594,,,Provisional/Provisoire,,
05EA010,2026-07-26T23:15:00Z,46,0.593,,,Provisional/Provisoire,,
05EA010,2026-07-26T23:20:00Z,46,0.593,,,Provisional/Provisoire,,
05EA010,2026-07-26T23:25:00Z,46,0.592,,,Provisional/Provisoire,,
05EA010,2026-07-26T23:30:00Z,46,0.592,,,Provisional/Provisoire,,
05EA010,2026-07-26T23:35:00Z,46,0.592,,,Provisional/Provisoire,,
05EA010,2026-07-26T23:40:00Z,46,0.592,,,Provisional/Provisoire,,
05EA010,2026-07-26T23:45:00Z,46,0.591,,,Provisional/Provisoire,,
05EA010,2026-07-26T23:50:00Z,46,0.591,,,Provisional/Provisoire,,
05EA010,2026-07-26T23:55:00Z,46,0.591,,,Provisional/Provisoire,,
05EA010,2026-07-27T00:00:00Z,46,0.590,,,Provisional/Provisoire,,
05EA010,2026-07-27T00:05:00Z,46,0.590,,,Provisional/Provisoire,,
05EA010,2026-07-27T00:10:00Z,46,0.589,,,Provisional/Provisoire,,
05EA010,2026-07-27T00:15:00Z,46,0.588,,,Provisional/Provisoire,,
05EA010,2026-07-27T00:20:00Z,46,0.589,,,Provisional/Provisoire,,
05EA010,2026-07-27T00:25:00Z,46,0.589,,,Provisional/Provisoire,,
05EA010,2026-07-27T00:30:00Z,46,0.589,,,Provisional/Provisoire,,
05EA010,2026-07-27T00:35:00Z,46,0.589,,,Provisional/Provisoire,,
05EA010,2026-07-27T00:40:00Z,46,0.588,,,Provisional/Provisoire,,
05EA010,2026-07-27T00:45:00Z,46,0.587,,,Provisional/Provisoire,,
05EA010,2026-07-27T00:50:00Z,46,0.587,,,Provisional/Provisoire,,
05EA010,2026-07-27T00:55:00Z,46,0.587,,,Provisional/Provisoire,,
05EA010,2026-07-27T01:00:00Z,46,0.587,,,Provisional/Provisoire,,
05EA010,2026-07-27T01:05:00Z,46,0.586,,,Provisional/Provisoire,,
05EA010,2026-07-27T01:10:00Z,46,0.585,,,Provisional/Provisoire,,
05EA010,2026-07-27T01:15:00Z,46,0.585,,,Provisional/Provisoire,,
05EA010,2026-07-27T01:20:00Z,46,0.585,,,Provisional/Provisoire,,
05EA010,2026-07-27T01:25:00Z,46,0.584,,,Provisional/Provisoire,,
05EA010,2026-07-27T01:30:00Z,46,0.584,,,Provisional/Provisoire,,
05EA010,2026-07-27T01:35:00Z,46,0.583,,,Provisional/Provisoire,,
05EA010,2026-07-27T01:40:00Z,46,0.583,,,Provisional/Provisoire,,
05EA010,2026-07-27T01:45:00Z,46,0.583,,,Provisional/Provisoire,,
05EA010,2026-07-27T01:50:00Z,46,0.582,,,Provisional/Provisoire,,
05EA010,2026-07-27T01:55:00Z,46,0.582,,,Provisional/Provisoire,,
05EA010,2026-07-27T02:00:00Z,46,0.582,,,Provisional/Provisoire,,
05EA010,2026-07-27T02:05:00Z,46,0.582,,,Provisional/Provisoire,,
05EA010,2026-07-27T02:10:00Z,46,0.581,,,Provisional/Provisoire,,
05EA010,2026-07-27T02:15:00Z,46,0.580,,,Provisional/Provisoire,,
05EA010,2026-07-27T02:20:00Z,46,0.581,,,Provisional/Provisoire,,
05EA010,2026-07-27T02:25:00Z,46,0.580,,,Provisional/Provisoire,,
05EA010,2026-07-27T02:30:00Z,46,0.579,,,Provisional/Provisoire,,
05EA010,2026-07-27T02:35:00Z,46,0.579,,,Provisional/Provisoire,,
05EA010,2026-07-27T02:40:00Z,46,0.579,,,Provisional/Provisoire,,
05EA010,2026-07-27T02:45:00Z,46,0.579,,,Provisional/Provisoire,,
05EA010,2026-07-27T02:50:00Z,46,0.579,,,Provisional/Provisoire,,
05EA010,2026-07-27T02:55:00Z,46,0.578,,,Provisional/Provisoire,,
05EA010,2026-07-27T03:00:00Z,46,0.578,,,Provisional/Provisoire,,
05EA010,2026-07-27T03:05:00Z,46,0.578,,,Provisional/Provisoire,,
05EA010,2026-07-27T03:10:00Z,46,0.576,,,Provisional/Provisoire,,
05EA010,2026-07-27T03:15:00Z,46,0.576,,,Provisional/Provisoire,,
05EA010,2026-07-27T03:20:00Z,46,0.576,,,Provisional/Provisoire,,
05EA010,2026-07-27T03:25:00Z,46,0.576,,,Provisional/Provisoire,,
05EA010,2026-07-27T03:30:00Z,46,0.577,,,Provisional/Provisoire,,
05EA010,2026-07-27T03:35:00Z,46,0.577,,,Provisional/Provisoire,,
05EA010,2026-07-27T03:40:00Z,46,0.576,,,Provisional/Provisoire,,
05EA010,2026-07-27T03:45:00Z,46,0.577,,,Provisional/Provisoire,,
05EA010,2026-07-27T03:50:00Z,46,0.577,,,Provisional/Provisoire,,
05EA010,2026-07-27T03:55:00Z,46,0.577,,,Provisional/Provisoire,,
05EA010,2026-07-27T04:00:00Z,46,0.577,,,Provisional/Provisoire,,
05EA010,2026-07-27T04:05:00Z,46,0.577,,,Provisional/Provisoire,,
05EA010,2026-07-27T04:10:00Z,46,0.577,,,Provisional/Provisoire,,
05EA010,2026-07-27T04:15:00Z,46,0.577,,,Provisional/Provisoire,,
05EA010,2026-07-27T04:20:00Z,46,0.577,,,Provisional/Provisoire,,
05EA010,2026-07-27T04:25:00Z,46,0.578,,,Provisional/Provisoire,,
05EA010,2026-07-27T04:30:00Z,46,0.578,,,Provisional/Provisoire,,
05EA010,2026-07-27T04:35:00Z,46,0.578,,,Provisional/Provisoire,,
05EA010,2026-07-27T04:40:00Z,46,0.578,,,Provisional/Provisoire,,
05EA010,2026-07-27T04:45:00Z,46,0.578,,,Provisional/Provisoire,,
05EA010,2026-07-27T04:50:00Z,46,0.578,,,Provisional/Provisoire,,
05EA010,2026-07-27T04:55:00Z,46,0.579,,,Provisional/Provisoire,,
05EA010,2026-07-27T05:00:00Z,46,0.579,,,Provisional/Provisoire,,
05EA010,2026-07-27T05:05:00Z,46,0.579,,,Provisional/Provisoire,,
05EA010,2026-07-27T05:10:00Z,46,0.579,,,Provisional/Provisoire,,
05EA010,2026-07-27T05:15:00Z,46,0.579,,,Provisional/Provisoire,,
05EA010,2026-07-27T05:20:00Z,46,0.579,,,Provisional/Provisoire,,
05EA010,2026-07-27T05:25:00Z,46,0.578,,,Provisional/Provisoire,,
05EA010,2026-07-27T05:30:00Z,46,0.579,,,Provisional/Provisoire,,
05EA010,2026-07-27T05:35:00Z,46,0.579,,,Provisional/Provisoire,,
05EA010,2026-07-27T05:40:00Z,46,0.579,,,Provisional/Provisoire,,
05EA010,2026-07-27T05:45:00Z,46,0.579,,,Provisional/Provisoire,,
05EA010,2026-07-27T05:50:00Z,46,0.579,,,Provisional/Provisoire,,
05EA010,2026-07-27T05:55:00Z,46,0.579,,,Provisional/Provisoire,,
05EA010,2026-07-27T06:00:00Z,46,0.579,,,Provisional/Provisoire,,
05EA010,2026-07-27T06:05:00Z,46,0.579,,,Provisional/Provisoire,,
05EA010,2026-07-27T06:10:00Z,46,0.580,,,Provisional/Provisoire,,
05EA010,2026-07-27T06:15:00Z,46,0.581,,,Provisional/Provisoire,,
05EA010,2026-07-27T06:20:00Z,46,0.580,,,Provisional/Provisoire,,
05EA010,2026-07-27T06:25:00Z,46,0.581,,,Provisional/Provisoire,,
05EA010,2026-07-27T06:30:00Z,46,0.582,,,Provisional/Provisoire,,
05EA010,2026-07-27T06:35:00Z,46,0.584,,,Provisional/Provisoire,,
05EA010,2026-07-27T06:40:00Z,46,0.584,,,Provisional/Provisoire,,
05EA010,2026-07-27T06:45:00Z,46,0.585,,,Provisional/Provisoire,,
05EA010,2026-07-27T06:50:00Z,46,0.586,,,Provisional/Provisoire,,
05EA010,2026-07-27T06:55:00Z,46,0.586,,,Provisional/Provisoire,,
05EA010,2026-07-27T07:00:00Z,46,0.587,,,Provisional/Provisoire,,
05EA010,2026-07-27T07:05:00Z,46,0.588,,,Provisional/Provisoire,,
05EA010,2026-07-27T07:10:00Z,46,0.589,,,Provisional/Provisoire,,
05EA010,2026-07-27T07:15:00Z,46,0.590,,,Provisional/Provisoire,,
05EA010,2026-07-27T07:20:00Z,46,0.592,,,Provisional/Provisoire,,
05EA010,2026-07-27T07:25:00Z,46,0.592,,,Provisional/Provisoire,,
05EA010,2026-07-27T07:30:00Z,46,0.594,,,Provisional/Provisoire,,
05EA010,2026-07-27T07:35:00Z,46,0.595,,,Provisional/Provisoire,,
05EA010,2026-07-27T07:40:00Z,46,0.597,,,Provisional/Provisoire,,
05EA010,2026-07-27T07:45:00Z,46,0.598,,,Provisional/Provisoire,,
05EA010,2026-07-27T07:50:00Z,46,0.600,,,Provisional/Provisoire,,
05EA010,2026-07-27T07:55:00Z,46,0.601,,,Provisional/Provisoire,,
05EA010,2026-07-27T08:00:00Z,46,0.602,,,Provisional/Provisoire,,
05EA010,2026-07-27T08:05:00Z,46,0.603,,,Provisional/Provisoire,,
05EA010,2026-07-27T08:10:00Z,46,0.604,,,Provisional/Provisoire,,
05EA010,2026-07-27T08:15:00Z,46,0.605,,,Provisional/Provisoire,,
05EA010,2026-07-27T08:20:00Z,46,0.606,,,Provisional/Provisoire,,
05EA010,2026-07-27T08:25:00Z,46,0.608,,,Provisional/Provisoire,,
05EA010,2026-07-27T08:30:00Z,46,0.608,,,Provisional/Provisoire,,
05EA010,2026-07-27T08:35:00Z,46,0.609,,,Provisional/Provisoire,,
05EA010,2026-07-27T08:40:00Z,46,0.610,,,Provisional/Provisoire,,
05EA010,2026-07-27T08:45:00Z,46,0.610,,,Provisional/Provisoire,,
05EA010,2026-07-27T08:50:00Z,46,0.612,,,Provisional/Provisoire,,
05EA010,2026-07-27T08:55:00Z,46,0.612,,,Provisional/Provisoire,,
05EA010,2026-07-27T09:00:00Z,46,0.613,,,Provisional/Provisoire,,
05EA010,2026-07-27T09:05:00Z,46,0.613,,,Provisional/Provisoire,,
05EA010,2026-07-27T09:10:00Z,46,0.614,,,Provisional/Provisoire,,
05EA010,2026-07-27T09:15:00Z,46,0.615,,,Provisional/Provisoire,,
05EA010,2026-07-27T09:20:00Z,46,0.616,,,Provisional/Provisoire,,
05EA010,2026-07-27T09:25:00Z,46,0.616,,,Provisional/Provisoire,,
05EA010,2026-07-27T09:30:00Z,46,0.616,,,Provisional/Provisoire,,
05EA010,2026-07-27T09:35:00Z,46,0.616,,,Provisional/Provisoire,,
05EA010,2026-07-27T09:40:00Z,46,0.617,,,Provisional/Provisoire,,
05EA010,2026-07-27T09:45:00Z,46,0.616,,,Provisional/Provisoire,,
05EA010,2026-07-27T09:50:00Z,46,0.616,,,Provisional/Provisoire,,
05EA010,2026-07-27T09:55:00Z,46,0.616,,,Provisional/Provisoire,,
05EA010,2026-07-27T10:00:00Z,46,0.617,,,Provisional/Provisoire,,
05EA010,2026-07-27T10:05:00Z,46,0.618,,,Provisional/Provisoire,,
05EA010,2026-07-27T10:10:00Z,46,0.618,,,Provisional/Provisoire,,
05EA010,2026-07-27T10:15:00Z,46,0.618,,,Provisional/Provisoire,,
05EA010,2026-07-27T10:20:00Z,46,0.618,,,Provisional/Provisoire,,
05EA010,2026-07-27T10:25:00Z,46,0.619,,,Provisional/Provisoire,,
05EA010,2026-07-27T10:30:00Z,46,0.619,,,Provisional/Provisoire,,
05EA010,2026-07-27T10:35:00Z,46,0.618,,,Provisional/Provisoire,,
05EA010,2026-07-27T10:40:00Z,46,0.619,,,Provisional/Provisoire,,
05EA010,2026-07-27T10:45:00Z,46,0.619,,,Provisional/Provisoire,,
05EA010,2026-07-27T10:50:00Z,46,0.619,,,Provisional/Provisoire,,
05EA010,2026-07-27T10:55:00Z,46,0.619,,,Provisional/Provisoire,,
05EA010,2026-07-27T11:00:00Z,46,0.618,,,Provisional/Provisoire,,
05EA010,2026-07-27T11:05:00Z,46,0.618,,,Provisional/Provisoire,,
05EA010,2026-07-27T11:10:00Z,46,0.618,,,Provisional/Provisoire,,
05EA010,2026-07-27T11:15:00Z,46,0.619,,,Provisional/Provisoire,,
05EA010,2026-07-27T11:20:00Z,46,0.618,,,Provisional/Provisoire,,
05EA010,2026-07-27T11:25:00Z,46,0.618,,,Provisional/Provisoire,,
05EA010,2026-07-27T11:30:00Z,46,0.617,,,Provisional/Provisoire,,
05EA010,2026-07-27T11:35:00Z,46,0.617,,,Provisional/Provisoire,,
05EA010,2026-07-27T11:40:00Z,46,0.617,,,Provisional/Provisoire,,
05EA010,2026-07-27T11:45:00Z,46,0.617,,,Provisional/Provisoire,,
05EA010,2026-07-27T11:50:00Z,46,0.617,,,Provisional/Provisoire,,
05EA010,2026-07-27T11:55:00Z,46,0.616,,,Provisional/Provisoire,,
05EA010,2026-07-27T12:00:00Z,46,0.616,,,Provisional/Provisoire,,
05EA010,2026-07-27T12:05:00Z,46,0.616,,,Provisional/Provisoire,,
05EA010,2026-07-27T12:10:00Z,46,0.615,,,Provisional/Provisoire,,
05EA010,2026-07-27T12:15:00Z,46,0.615,,,Provisional/Provisoire,,
05EA010,2026-07-27T12:20:00Z,46,0.615,,,Provisional/Provisoire,,
05EA010,2026-07-27T12:25:00Z,46,0.615,,,Provisional/Provisoire,,
05EA010,2026-07-27T12:30:00Z,46,0.615,,,Provisional/Provisoire,,
05EA010,2026-07-27T12:35:00Z,46,0.614,,,Provisional/Provisoire,,
05EA010,2026-07-27T12:40:00Z,46,0.614,,,Provisional/Provisoire,,
05EA010,2026-07-27T12:45:00Z,46,0.613,,,Provisional/Provisoire,,
05EA010,2026-07-27T12:50:00Z,46,0.614,,,Provisional/Provisoire,,
05EA010,2026-07-27T12:55:00Z,46,0.613,,,Provisional/Provisoire,,
05EA010,2026-07-27T13:00:00Z,46,0.613,,,Provisional/Provisoire,,
05EA010,2026-07-27T13:05:00Z,46,0.613,,,Provisional/Provisoire,,
05EA010,2026-07-27T13:10:00Z,46,0.613,,,Provisional/Provisoire,,
05EA010,2026-07-27T13:15:00Z,46,0.612,,,Provisional/Provisoire,,
05EA010,2026-07-27T13:20:00Z,46,0.612,,,Provisional/Provisoire,,
05EA010,2026-07-27T13:25:00Z,46,0.611,,,Provisional/Provisoire,,
05EA010,2026-07-27T13:30:00Z,46,0.611,,,Provisional/Provisoire,,
05EA010,2026-07-27T13:35:00Z,46,0.611,,,Provisional/Provisoire,,
05EA010,2026-07-27T13:40:00Z,46,0.609,,,Provisional/Provisoire,,
05EA010,2026-07-27T13:45:00Z,46,0.610,,,Provisional/Provisoire,,
05EA010,2026-07-27T13:50:00Z,46,0.609,,,Provisional/Provisoire,,
05EA010,2026-07-27T13:55:00Z,46,0.610,,,Provisional/Provisoire,,
05EA010,2026-07-27T14:00:00Z,46,0.610,,,Provisional/Provisoire,,
05EA010,2026-07-27T14:05:00Z,46,0.608,,,Provisional/Provisoire,,
05EA010,2026-07-27T14:10:00Z,46,0.609,,,Provisional/Provisoire,,
05EA010,2026-07-27T14:15:00Z,46,0.609,,,Provisional/Provisoire,,
05EA010,2026-07-27T14:20:00Z,46,0.609,,,Provisional/Provisoire,,
05EA010,2026-07-27T14:25:00Z,46,0.609,,,Provisional/Provisoire,,
05EA010,2026-07-27T14:30:00Z,46,0.609,,,Provisional/Provisoire,,
05EA010,2026-07-27T14:35:00Z,46,0.609,,,Provisional/Provisoire,,
05EA010,2026-07-27T14:40:00Z,46,0.609,,,Provisional/Provisoire,,
05EA010,2026-07-27T14:45:00Z,46,0.609,,,Provisional/Provisoire,,
05EA010,2026-07-27T14:50:00Z,46,0.608,,,Provisional/Provisoire,,
05EA010,2026-07-27T14:55:00Z,46,0.609,,,Provisional/Provisoire,,
05EA010,2026-07-27T15:00:00Z,46,0.609,,,Provisional/Provisoire,,
05EA010,2026-07-27T15:05:00Z,46,0.609,,,Provisional/Provisoire,,
05EA010,2026-07-27T15:10:00Z,46,0.608,,,Provisional/Provisoire,,
05EA010,2026-07-27T15:15:00Z,46,0.608,,,Provisional/Provisoire,,
05EA010,2026-07-27T15:20:00Z,46,0.609,,,Provisional/Provisoire,,
05EA010,2026-07-27T15:25:00Z,46,0.610,,,Provisional/Provisoire,,
05EA010,2026-07-27T15:30:00Z,46,0.609,,,Provisional/Provisoire,,
05EA010,2026-07-27T15:35:00Z,46,0.610,,,Provisional/Provisoire,,
05EA010,2026-07-27T15:40:00Z,46,0.610,,,Provisional/Provisoire,,
05EA010,2026-07-27T15:45:00Z,46,0.610,,,Provisional/Provisoire,,
05EA010,2026-07-27T15:50:00Z,46,0.611,,,Provisional/Provisoire,,
05EA010,2026-07-27T15:55:00Z,46,0.611,,,Provisional/Provisoire,,
05EA010,2026-07-27T16:00:00Z,46,0.612,,,Provisional/Provisoire,,
05EA010,2026-07-27T16:05:00Z,46,0.612,,,Provisional/Provisoire,,
05EA010,2026-07-27T16:10:00Z,46,0.612,,,Provisional/Provisoire,,
05EA010,2026-07-27T16:15:00Z,46,0.613,,,Provisional/Provisoire,,
05EA010,2026-07-27T16:20:00Z,46,0.613,,,Provisional/Provisoire,,
05EA010,2026-07-27T16:25:00Z,46,0.613,,,Provisional/Provisoire,,
05EA010,2026-07-27T16:30:00Z,46,0.613,,,Provisional/Provisoire,,
05EA010,2026-07-27T16:35:00Z,46,0.614,,,Provisional/Provisoire,,
05EA010,2026-07-27T16:40:00Z,46,0.615,,,Provisional/Provisoire,,
05EA010,2026-07-27T16:45:00Z,46,0.614,,,Provisional/Provisoire,,
05EA010,2026-07-27T16:50:00Z,46,0.615,,,Provisional/Provisoire,,
05EA010,2026-07-27T16:55:00Z,46,0.616,,,Provisional/Provisoire,,
05EA010,2026-07-27T17:00:00Z,46,0.616,,,Provisional/Provisoire,,
05EA010,2026-07-27T17:05:00Z,46,0.616,,,Provisional/Provisoire,,
05EA010,2026-07-27T17:10:00Z,46,0.615,,,Provisional/Provisoire,,
05EA010,2026-07-27T17:15:00Z,46,0.616,,,Provisional/Provisoire,,
05EA010,2026-07-27T17:20:00Z,46,0.616,,,Provisional/Provisoire,,
05EA010,2026-07-27T17:25:00Z,46,0.616,,,Provisional/Provisoire,,
05EA010,2026-07-27T17:30:00Z,46,0.617,,,Provisional/Provisoire,,
05EA010,2026-07-27T17:35:00Z,46,0.618,,,Provisional/Provisoire,,
05EA010,2026-07-27T17:40:00Z,46,0.618,,,Provisional/Provisoire,,
05EA010,2026-07-27T17:45:00Z,46,0.618,,,Provisional/Provisoire,,
05EA010,2026-07-27T17:50:00Z,46,0.617,,,Provisional/Provisoire,,
05EA010,2026-07-27T17:55:00Z,46,0.618,,,Provisional/Provisoire,,
05EA010,2026-07-27T18:00:00Z,46,0.617,,,Provisional/Provisoire,,
05EA010,2026-07-27T18:05:00Z,46,0.618,,,Provisional/Provisoire,,
05EA010,2026-07-27T18:10:00Z,46,0.617,,,Provisional/Provisoire,,
05EA010,2026-07-27T18:15:00Z,46,0.617,,,Provisional/Provisoire,,
05EA010,2026-07-27T18:20:00Z,46,0.619,,,Provisional/Provisoire,,
05EA010,2026-07-27T18:25:00Z,46,0.618,,,Provisional/Provisoire,,
05EA010,2026-07-27T18:30:00Z,46,0.618,,,Provisional/Provisoire,,
05EA010,2026-07-27T18:35:00Z,46,0.618,,,Provisional/Provisoire,,
05EA010,2026-07-27T18:40:00Z,46,0.618,,,Provisional/Provisoire,,
05EA010,2026-07-27T18:45:00Z,46,0.617,,,Provisional/Provisoire,,
05EA010,2026-07-27T18:50:00Z,46,0.617,,,Provisional/Provisoire,,
05EA010,2026-07-27T18:55:00Z,46,0.618,,,Provisional/Provisoire,,
05EA010,2026-07-27T19:00:00Z,46,0.617,,,Provisional/Provisoire,,
05EA010,2026-07-27T19:05:00Z,46,0.617,,,Provisional/Provisoire,,
05EA010,2026-07-27T19:10:00Z,46,0.617,,,Provisional/Provisoire,,
05EA010,2026-07-27T19:15:00Z,46,0.617,,,Provisional/Provisoire,,
05EA010,2026-07-27T19:20:00Z,46,0.616,,,Provisional/Provisoire,,
05EA010,2026-07-27T19:25:00Z,46,0.617,,,Provisional/Provisoire,,
05EA010,2026-07-27T19:30:00Z,46,0.617,,,Provisional/Provisoire,,
05EA010,2026-07-27T19:35:00Z,46,0.617,,,Provisional/Provisoire,,
05EA010,2026-07-27T19:40:00Z,46,0.616,,,Provisional/Provisoire,,
05EA010,2026-07-27T19:45:00Z,46,0.616,,,Provisional/Provisoire,,
05EA010,2026-07-27T19:50:00Z,46,0.616,,,Provisional/Provisoire,,
05EA010,2026-07-27T19:55:00Z,46,0.616,,,Provisional/Provisoire,,
05EA010,2026-07-27T20:00:00Z,46,0.616,,,Provisional/Provisoire,,
05EA010,2026-07-27T20:05:00Z,46,0.615,,,Provisional/Provisoire,,
05EA010,2026-07-27T20:10:00Z,46,0.615,,,Provisional/Provisoire,,
05EA010,2026-07-27T20:15:00Z,46,0.616,,,Provisional/Provisoire,,
05EA010,2026-07-27T20:20:00Z,46,0.615,,,Provisional/Provisoire,,
05EA010,2026-07-27T20:25:00Z,46,0.614,,,Provisional/Provisoire,,
05EA010,2026-07-27T20:30:00Z,46,0.615,,,Provisional/Provisoire,,
05EA010,2026-07-27T20:35:00Z,46,0.614,,,Provisional/Provisoire,,
05EA010,2026-07-27T20:40:00Z,46,0.615,,,Provisional/Provisoire,,
05EA010,2026-07-27T20:45:00Z,46,0.614,,,Provisional/Provisoire,,
05EA010,2026-07-27T20:50:00Z,46,0.614,,,Provisional/Provisoire,,
05EA010,2026-07-27T20:55:00Z,46,0.613,,,Provisional/Provisoire,,
05EA010,2026-07-27T21:00:00Z,46,0.614,,,Provisional/Provisoire,,
05EA010,2026-07-27T21:05:00Z,46,0.615,,,Provisional/Provisoire,,
05EA010,2026-07-27T21:10:00Z,46,0.613,,,Provisional/Provisoire,,
05EA010,2026-07-27T21:15:00Z,46,0.614,,,Provisional/Provisoire,,
05EA010,2026-07-27T21:20:00Z,46,0.614,,,Provisional/Provisoire,,
05EA010,2026-07-27T21:25:00Z,46,0.612,,,Provisional/Provisoire,,
05EA010,2026-07-27T21:30:00Z,46,0.612,,,Provisional/Provisoire,,
05EA010,2026-07-27T21:35:00Z,46,0.612,,,Provisional/Provisoire,,
05EA010,2026-07-27T21:40:00Z,46,0.612,,,Provisional/Provisoire,,
05EA010,2026-07-27T21:45:00Z,46,0.613,,,Provisional/Provisoire,,
05EA010,2026-07-27T21:50:00Z,46,0.611,,,Provisional/Provisoire,,
05EA010,2026-07-27T21:55:00Z,46,0.612,,,Provisional/Provisoire,,
05EA010,2026-07-27T22:00:00Z,46,0.614,,,Provisional/Provisoire,,
05EA010,2026-07-27T22:05:00Z,46,0.611,,,Provisional/Provisoire,,
05EA010,2026-07-27T22:10:00Z,46,0.612,,,Provisional/Provisoire,,
05EA010,2026-07-27T22:15:00Z,46,0.611,,,Provisional/Provisoire,,
05EA010,2026-07-27T22:20:00Z,46,0.610,,,Provisional/Provisoire,,
05EA010,2026-07-27T22:25:00Z,46,0.611,,,Provisional/Provisoire,,
05EA010,2026-07-27T22:30:00Z,46,0.610,,,Provisional/Provisoire,,
05EA010,2026-07-27T22:35:00Z,46,0.610,,,Provisional/Provisoire,,
05EA010,2026-07-27T22:40:00Z,46,0.611,,,Provisional/Provisoire,,
05EA010,2026-07-27T22:45:00Z,46,0.610,,,Provisional/Provisoire,,
05EA010,2026-07-27T22:50:00Z,46,0.609,,,Provisional/Provisoire,,
05EA010,2026-07-27T22:55:00Z,46,0.609,,,Provisional/Provisoire,,
05EA010,2026-07-27T23:00:00Z,46,0.608,,,Provisional/Provisoire,,
05EA010,2026-07-27T23:05:00Z,46,0.608,,,Provisional/Provisoire,,
05EA010,2026-07-27T23:10:00Z,46,0.609,,,Provisional/Provisoire,,
05EA010,2026-07-27T23:15:00Z,46,0.608,,,Provisional/Provisoire,,
05EA010,2026-07-27T23:20:00Z,46,0.608,,,Provisional/Provisoire,,
05EA010,2026-07-27T23:25:00Z,46,0.608,,,Provisional/Provisoire,,
05EA010,2026-07-27T23:30:00Z,46,0.607,,,Provisional/Provisoire,,
05EA010,2026-07-27T23:35:00Z,46,0.607,,,Provisional/Provisoire,,
05EA010,2026-07-27T23:40:00Z,46,0.607,,,Provisional/Provisoire,,
05EA010,2026-07-27T23:45:00Z,46,0.608,,,Provisional/Provisoire,,
05EA010,2026-07-27T23:50:00Z,46,0.606,,,Provisional/Provisoire,,
05EA010,2026-07-27T23:55:00Z,46,0.607,,,Provisional/Provisoire,,
05EA010,2026-07-28T00:00:00Z,46,0.606,,,Provisional/Provisoire,,
05EA010,2026-07-28T00:05:00Z,46,0.607,,,Provisional/Provisoire,,
05EA010,2026-07-28T00:10:00Z,46,0.606,,,Provisional/Provisoire,,
05EA010,2026-07-28T00:15:00Z,46,0.606,,,Provisional/Provisoire,,
05EA010,2026-07-28T00:20:00Z,46,0.605,,,Provisional/Provisoire,,
05EA010,2026-07-28T00:25:00Z,46,0.604,,,Provisional/Provisoire,,
05EA010,2026-07-28T00:30:00Z,46,0.605,,,Provisional/Provisoire,,
05EA010,2026-07-28T00:35:00Z,46,0.604,,,Provisional/Provisoire,,
05EA010,2026-07-28T00:40:00Z,46,0.604,,,Provisional/Provisoire,,
05EA010,2026-07-28T00:45:00Z,46,0.604,,,Provisional/Provisoire,,
05EA010,2026-07-28T00:50:00Z,46,0.603,,,Provisional/Provisoire,,
05EA010,2026-07-28T00:55:00Z,46,0.603,,,Provisional/Provisoire,,
05EA010,2026-07-28T01:00:00Z,46,0.603,,,Provisional/Provisoire,,
05EA010,2026-07-28T01:05:00Z,46,0.603,,,Provisional/Provisoire,,
05EA010,2026-07-28T01:10:00Z,46,0.603,,,Provisional/Provisoire,,
05EA010,2026-07-28T01:15:00Z,46,0.601,,,Provisional/Provisoire,,
05EA010,2026-07-28T01:20:00Z,46,0.602,,,Provisional/Provisoire,,
05EA010,2026-07-28T01:25:00Z,46,0.600,,,Provisional/Provisoire,,
05EA010,2026-07-28T01:30:00Z,46,0.601,,,Provisional/Provisoire,,
05EA010,2026-07-28T01:35:00Z,46,0.601,,,Provisional/Provisoire,,
05EA010,2026-07-28T01:40:00Z,46,0.600,,,Provisional/Provisoire,,
05EA010,2026-07-28T01:45:00Z,46,0.600,,,Provisional/Provisoire,,
05EA010,2026-07-28T01:50:00Z,46,0.599,,,Provisional/Provisoire,,
05EA010,2026-07-28T01:55:00Z,46,0.599,,,Provisional/Provisoire,,
05EA010,2026-07-28T02:00:00Z,46,0.598,,,Provisional/Provisoire,,
05EA010,2026-07-28T02:05:00Z,46,0.598,,,Provisional/Provisoire,,
05EA010,2026-07-28T02:10:00Z,46,0.598,,,Provisional/Provisoire,,
05EA010,2026-07-28T02:15:00Z,46,0.598,,,Provisional/Provisoire,,
05EA010,2026-07-28T02:20:00Z,46,0.597,,,Provisional/Provisoire,,
05EA010,2026-07-28T02:25:00Z,46,0.597,,,Provisional/Provisoire,,
05EA010,2026-07-28T02:30:00Z,46,0.597,,,Provisional/Provisoire,,
05EA010,2026-07-28T02:35:00Z,46,0.596,,,Provisional/Provisoire,,
05EA010,2026-07-28T02:40:00Z,46,0.596,,,Provisional/Provisoire,,
05EA010,2026-07-28T02:45:00Z,46,0.595,,,Provisional/Provisoire,,
05EA010,2026-07-28T02:50:00Z,46,0.595,,,Provisional/Provisoire,,
05EA010,2026-07-28T02:55:00Z,46,0.595,,,Provisional/Provisoire,,
05EA010,2026-07-28T03:00:00Z,46,0.594,,,Provisional/Provisoire,,
05EA010,2026-07-28T03:05:00Z,46,0.593,,,Provisional/Provisoire,,
05EA010,2026-07-28T03:10:00Z,46,0.594,,,Provisional/Provisoire,,
05EA010,2026-07-28T03:15:00Z,46,0.594,,,Provisional/Provisoire,,
05EA010,2026-07-28T03:20:00Z,46,0.593,,,Provisional/Provisoire,,
05EA010,2026-07-28T03:25:00Z,46,0.592,,,Provisional/Provisoire,,
05EA010,2026-07-28T03:30:00Z,46,0.593,,,Provisional/Provisoire,,
05EA010,2026-07-28T03:35:00Z,46,0.592,,,Provisional/Provisoire,,
05EA010,2026-07-28T03:40:00Z,46,0.590,,,Provisional/Provisoire,,
05EA010,2026-07-28T03:45:00Z,46,0.590,,,Provisional/Provisoire,,
05EA010,2026-07-28T03:50:00Z,46,0.590,,,Provisional/Provisoire,,
05EA010,2026-07-28T03:55:00Z,46,0.589,,,Provisional/Provisoire,,
05EA010,2026-07-28T04:00:00Z,46,0.589,,,Provisional/Provisoire,,
05EA010,2026-07-28T04:05:00Z,46,0.589,,,Provisional/Provisoire,,
05EA010,2026-07-28T04:10:00Z,46,0.589,,,Provisional/Provisoire,,
05EA010,2026-07-28T04:15:00Z,46,0.588,,,Provisional/Provisoire,,
05EA010,2026-07-28T04:20:00Z,46,0.587,,,Provisional/Provisoire,,
05EA010,2026-07-28T04:25:00Z,46,0.587,,,Provisional/Provisoire,,
05EA010,2026-07-28T04:30:00Z,46,0.587,,,Provisional/Provisoire,,
05EA010,2026-07-28T04:35:00Z,46,0.586,,,Provisional/Provisoire,,
05EA010,2026-07-28T04:40:00Z,46,0.585,,,Provisional/Provisoire,,
05EA010,2026-07-28T04:45:00Z,46,0.585,,,Provisional/Provisoire,,
05EA010,2026-07-28T04:50:00Z,46,0.586,,,Provisional/Provisoire,,
05EA010,2026-07-28T04:55:00Z,46,0.586,,,Provisional/Provisoire,,
05EA010,2026-07-28T05:00:00Z,46,0.585,,,Provisional/Provisoire,,
05EA010,2026-07-28T05:05:00Z,46,0.585,,,Provisional/Provisoire,,
05EA010,2026-07-28T05:10:00Z,46,0.585,,,Provisional/Provisoire,,
05EA010,2026-07-28T05:15:00Z,46,0.583,,,Provisional/Provisoire,,
05EA010,2026-07-28T05:20:00Z,46,0.584,,,Provisional/Provisoire,,
05EA010,2026-07-28T05:25:00Z,46,0.584,,,Provisional/Provisoire,,
05EA010,2026-07-28T05:30:00Z,46,0.584,,,Provisional/Provisoire,,
05EA010,2026-07-28T05:35:00Z,46,0.584,,,Provisional/Provisoire,,
05EA010,2026-07-28T05:40:00Z,46,0.584,,,Provisional/Provisoire,,
05EA010,2026-07-28T05:45:00Z,46,0.584,,,Provisional/Provisoire,,
05EA010,2026-07-28T05:50:00Z,46,0.583,,,Provisional/Provisoire,,
05EA010,2026-07-28T05:55:00Z,46,0.583,,,Provisional/Provisoire,,
05EA010,2026-07-28T06:00:00Z,46,0.582,,,Provisional/Provisoire,,
05EA010,2026-07-28T06:05:00Z,46,0.583,,,Provisional/Provisoire,,
05EA010,2026-07-28T06:10:00Z,46,0.582,,,Provisional/Provisoire,,
05EA010,2026-07-28T06:15:00Z,46,0.583,,,Provisional/Provisoire,,
05EA010,2026-07-28T06:20:00Z,46,0.582,,,Provisional/Provisoire,,
05EA010,2026-07-28T06:25:00Z,46,0.582,,,Provisional/Provisoire,,
05EA010,2026-07-28T06:30:00Z,46,0.581,,,Provisional/Provisoire,,
05EA010,2026-07-28T06:35:00Z,46,0.581,,,Provisional/Provisoire,,
05EA010,2026-07-28T06:40:00Z,46,0.582,,,Provisional/Provisoire,,
05EA010,2026-07-28T06:45:00Z,46,0.581,,,Provisional/Provisoire,,
05EA010,2026-07-28T06:50:00Z,46,0.580,,,Provisional/Provisoire,,
05EA010,2026-07-28T06:55:00Z,46,0.581,,,Provisional/Provisoire,,
05EA010,2026-07-28T07:00:00Z,46,0.580,,,Provisional/Provisoire,,
05EA010,2026-07-28T07:05:00Z,46,0.580,,,Provisional/Provisoire,,
05EA010,2026-07-28T07:10:00Z,46,0.580,,,Provisional/Provisoire,,
05EA010,2026-07-28T07:15:00Z,46,0.580,,,Provisional/Provisoire,,
05EA010,2026-07-28T07:20:00Z,46,0.579,,,Provisional/Provisoire,,
05EA010,2026-07-28T07:25:00Z,46,0.579,,,Provisional/Provisoire,,
05EA010,2026-07-28T07:30:00Z,46,0.578,,,Provisional/Provisoire,,
05EA010,2026-07-28T07:35:00Z,46,0.578,,,Provisional/Provisoire,,
05EA010,2026-07-28T07:40:00Z,46,0.577,,,Provisional/Provisoire,,
05EA010,2026-07-28T07:45:00Z,46,0.578,,,Provisional/Provisoire,,
05EA010,2026-07-28T07:50:00Z,46,0.577,,,Provisional/Provisoire,,
05EA010,2026-07-28T07:55:00Z,46,0.576,,,Provisional/Provisoire,,
05EA010,2026-07-28T08:00:00Z,46,0.576,,,Provisional/Provisoire,,
05EA010,2026-07-28T08:05:00Z,46,0.575,,,Provisional/Provisoire,,
05EA010,2026-07-28T08:10:00Z,46,0.576,,,Provisional/Provisoire,,
05EA010,2026-07-28T08:15:00Z,46,0.576,,,Provisional/Provisoire,,
05EA010,2026-07-28T08:20:00Z,46,0.575,,,Provisional/Provisoire,,
05EA010,2026-07-28T08:25:00Z,46,0.575,,,Provisional/Provisoire,,
05EA010,2026-07-28T08:30:00Z,46,0.575,,,Provisional/Provisoire,,
05EA010,2026-07-28T08:35:00Z,46,0.575,,,Provisional/Provisoire,,
05EA010,2026-07-28T08:40:00Z,46,0.575,,,Provisional/Provisoire,,
05EA010,2026-07-28T08:45:00Z,46,0.575,,,Provisional/Provisoire,,
05EA010,2026-07-28T08:50:00Z,46,0.574,,,Provisional/Provisoire,,
05EA010,2026-07-28T08:55:00Z,46,0.574,,,Provisional/Provisoire,,
05EA010,2026-07-28T09:00:00Z,46,0.575,,,Provisional/Provisoire,,
05EA010,2026-07-28T09:05:00Z,46,0.574,,,Provisional/Provisoire,,
05EA010,2026-07-28T09:10:00Z,46,0.573,,,Provisional/Provisoire,,
05EA010,2026-07-28T09:15:00Z,46,0.574,,,Provisional/Provisoire,,
05EA010,2026-07-28T09:20:00Z,46,0.575,,,Provisional/Provisoire,,
05EA010,2026-07-28T09:25:00Z,46,0.574,,,Provisional/Provisoire,,
05EA010,2026-07-28T09:30:00Z,46,0.574,,,Provisional/Provisoire,,
05EA010,2026-07-28T09:35:00Z,46,0.574,,,Provisional/Provisoire,,
05EA010,2026-07-28T09:40:00Z,46,0.573,,,Provisional/Provisoire,,
05EA010,2026-07-28T09:45:00Z,46,0.574,,,Provisional/Provisoire,,
05EA010,2026-07-28T09:50:00Z,46,0.573,,,Provisional/Provisoire,,
05EA010,2026-07-28T09:55:00Z,46,0.573,,,Provisional/Provisoire,,
05EA010,2026-07-28T10:00:00Z,46,0.572,,,Provisional/Provisoire,,
05EA010,2026-07-28T10:05:00Z,46,0.572,,,Provisional/Provisoire,,
05EA010,2026-07-28T10:10:00Z,46,0.572,,,Provisional/Provisoire,,
05EA010,2026-07-28T10:15:00Z,46,0.571,,,Provisional/Provisoire,,
05EA010,2026-07-28T10:20:00Z,46,0.571,,,Provisional/Provisoire,,
05EA010,2026-07-28T10:25:00Z,46,0.571,,,Provisional/Provisoire,,
05EA010,2026-07-28T10:30:00Z,46,0.570,,,Provisional/Provisoire,,
05EA010,2026-07-28T10:35:00Z,46,0.570,,,Provisional/Provisoire,,
05EA010,2026-07-28T10:40:00Z,46,0.570,,,Provisional/Provisoire,,
05EA010,2026-07-28T10:45:00Z,46,0.570,,,Provisional/Provisoire,,
05EA010,2026-07-28T10:50:00Z,46,0.569,,,Provisional/Provisoire,,
05EA010,2026-07-28T10:55:00Z,46,0.570,,,Provisional/Provisoire,,
05EA010,2026-07-28T11:00:00Z,46,0.569,,,Provisional/Provisoire,,
05EA010,2026-07-28T11:05:00Z,46,0.569,,,Provisional/Provisoire,,
05EA010,2026-07-28T11:10:00Z,46,0.570,,,Provisional/Provisoire,,
05EA010,2026-07-28T11:15:00Z,46,0.568,,,Provisional/Provisoire,,
05EA010,2026-07-28T11:20:00Z,46,0.568,,,Provisional/Provisoire,,
05EA010,2026-07-28T11:25:00Z,46,0.568,,,Provisional/Provisoire,,
05EA010,2026-07-28T11:30:00Z,46,0.567,,,Provisional/Provisoire,,
05EA010,2026-07-28T11:35:00Z,46,0.567,,,Provisional/Provisoire,,
05EA010,2026-07-28T11:40:00Z,46,0.567,,,Provisional/Provisoire,,
05EA010,2026-07-28T11:45:00Z,46,0.567,,,Provisional/Provisoire,,
05EA010,2026-07-28T11:50:00Z,46,0.566,,,Provisional/Provisoire,,
05EA010,2026-07-28T11:55:00Z,46,0.566,,,Provisional/Provisoire,,
05EA010,2026-07-28T12:00:00Z,46,0.566,,,Provisional/Provisoire,,
05EA010,2026-07-28T12:05:00Z,46,0.566,,,Provisional/Provisoire,,
05EA010,2026-07-28T12:10:00Z,46,0.564,,,Provisional/Provisoire,,
05EA010,2026-07-28T12:15:00Z,46,0.564,,,Provisional/Provisoire,,
05EA010,2026-07-28T12:20:00Z,46,0.565,,,Provisional/Provisoire,,
05EA010,2026-07-28T12:25:00Z,46,0.564,,,Provisional/Provisoire,,
05EA010,2026-07-28T12:30:00Z,46,0.564,,,Provisional/Provisoire,,
05EA010,2026-07-28T12:35:00Z,46,0.564,,,Provisional/Provisoire,,
05EA010,2026-07-28T12:40:00Z,46,0.564,,,Provisional/Provisoire,,
05EA010,2026-07-28T12:45:00Z,46,0.564,,,Provisional/Provisoire,,
05EA010,2026-07-28T12:50:00Z,46,0.565,,,Provisional/Provisoire,,
05EA010,2026-07-28T12:55:00Z,46,0.564,,,Provisional/Provisoire,,
05EA010,2026-07-28T13:00:00Z,46,0.564,,,Provisional/Provisoire,,
05EA010,2026-07-28T13:05:00Z,46,0.563,,,Provisional/Provisoire,,
05EA010,2026-07-28T13:10:00Z,46,0.563,,,Provisional/Provisoire,,
05EA010,2026-07-28T13:15:00Z,46,0.563,,,Provisional/Provisoire,,
05EA010,2026-07-28T13:20:00Z,46,0.563,,,Provisional/Provisoire,,
05EA010,2026-07-28T13:25:00Z,46,0.563,,,Provisional/Provisoire,,
05EA010,2026-07-28T13:30:00Z,46,0.563,,,Provisional/Provisoire,,
05EA010,2026-07-28T13:35:00Z,46,0.562,,,Provisional/Provisoire,,
05EA010,2026-07-28T13:40:00Z,46,0.562,,,Provisional/Provisoire,,
05EA010,2026-07-28T13:45:00Z,46,0.562,,,Provisional/Provisoire,,
05EA010,2026-07-28T13:50:00Z,46,0.561,,,Provisional/Provisoire,,
05EA010,2026-07-28T13:55:00Z,46,0.561,,,Provisional/Provisoire,,
05EA010,2026-07-28T14:00:00Z,46,0.562,,,Provisional/Provisoire,,
05EA010,2026-07-28T14:05:00Z,46,0.562,,,Provisional/Provisoire,,
05EA010,2026-07-28T14:10:00Z,46,0.562,,,Provisional/Provisoire,,
05EA010,2026-07-28T14:15:00Z,46,0.562,,,Provisional/Provisoire,,
05EA010,2026-07-28T14:20:00Z,46,0.562,,,Provisional/Provisoire,,
05EA010,2026-07-28T14:25:00Z,46,0.563,,,Provisional/Provisoire,,
05EA010,2026-07-28T14:30:00Z,46,0.562,,,Provisional/Provisoire,,
05EA010,2026-07-28T14:35:00Z,46,0.562,,,Provisional/Provisoire,,
05EA010,2026-07-28T14:40:00Z,46,0.562,,,Provisional/Provisoire,,
05EA010,2026-07-28T14:45:00Z,46,0.563,,,Provisional/Provisoire,,
05EA010,2026-07-28T14:50:00Z,46,0.562,,,Provisional/Provisoire,,
05EA010,2026-07-28T14:55:00Z,46,0.563,,,Provisional/Provisoire,,
05EA010,2026-07-28T15:00:00Z,46,0.563,,,Provisional/Provisoire,,
05EA010,2026-07-28T15:05:00Z,46,0.562,,,Provisional/Provisoire,,
05EA010,2026-07-28T15:10:00Z,46,0.564,,,Provisional/Provisoire,,
05EA010,2026-07-28T15:15:00Z,46,0.563,,,Provisional/Provisoire,,
05EA010,2026-07-28T15:20:00Z,46,0.563,,,Provisional/Provisoire,,
05EA010,2026-07-28T15:25:00Z,46,0.563,,,Provisional/Provisoire,,
05EA010,2026-07-28T15:30:00Z,46,0.562,,,Provisional/Provisoire,,
05EA010,2026-07-28T15:35:00Z,46,0.562,,,Provisional/Provisoire,,
05EA010,2026-07-28T15:40:00Z,46,0.562,,,Provisional/Provisoire,,
05EA010,2026-07-28T15:45:00Z,46,0.561,,,Provisional/Provisoire,,
05EA010,2026-07-28T15:50:00Z,46,0.561,,,Provisional/Provisoire,,
05EA010,2026-07-28T15:55:00Z,46,0.563,,,Provisional/Provisoire,,
05EA010,2026-07-28T16:00:00Z,46,0.563,,,Provisional/Provisoire,,
05EA010,2026-07-28T16:05:00Z,46,0.563,,,Provisional/Provisoire,,
05EA010,2026-07-28T16:10:00Z,46,0.563,,,Provisional/Provisoire,,
05EA010,2026-07-28T16:15:00Z,46,0.563,,,Provisional/Provisoire,,
05EA010,2026-07-28T16:20:00Z,46,0.562,,,Provisional/Provisoire,,
05EA010,2026-07-28T16:25:00Z,46,0.563,,,Provisional/Provisoire,,
05EA010,2026-07-28T16:30:00Z,46,0.562,,,Provisional/Provisoire,,
05EA010,2026-07-28T16:35:00Z,46,0.563,,,Provisional/Provisoire,,
05EA010,2026-07-28T16:40:00Z,46,0.563,,,Provisional/Provisoire,,
05EA010,2026-07-28T16:45:00Z,46,0.563,,,Provisional/Provisoire,,
05EA010,2026-07-28T16:50:00Z,46,0.563,,,Provisional/Provisoire,,
05EA010,2026-07-28T16:55:00Z,46,0.564,,,Provisional/Provisoire,,
05EA010,2026-07-28T17:00:00Z,46,0.563,,,Provisional/Provisoire,,
05EA010,2026-07-28T17:05:00Z,46,0.563,,,Provisional/Provisoire,,
05EA010,2026-07-28T17:10:00Z,46,0.563,,,Provisional/Provisoire,,
05EA010,2026-07-28T17:15:00Z,46,0.563,,,Provisional/Provisoire,,
05EA010,2026-07-28T17:20:00Z,46,0.563,,,Provisional/Provisoire,,
05EA010,2026-07-28T17:25:00Z,46,0.563,,,Provisional/Provisoire,,
05EA010,2026-07-28T17:30:00Z,46,0.563,,,Provisional/Provisoire,,
05EA010,2026-07-28T17:35:00Z,46,0.564,,,Provisional/Provisoire,,
05EA010,2026-07-28T17:40:00Z,46,0.563,,,Provisional/Provisoire,,
05EA010,2026-07-28T17:45:00Z,46,0.563,,,Provisional/Provisoire,,
05EA010,2026-07-28T17:50:00Z,46,0.563,,,Provisional/Provisoire,,
05EA010,2026-07-28T17:55:00Z,46,0.563,,,Provisional/Provisoire,,
05EA010,2026-07-28T18:00:00Z,46,0.563,,,Provisional/Provisoire,,
05EA010,2026-07-28T18:05:00Z,46,0.563,,,Provisional/Provisoire,,
05EA010,2026-07-28T18:10:00Z,46,0.563,,,Provisional/Provisoire,,
05EA010,2026-07-28T18:15:00Z,46,0.563,,,Provisional/Provisoire,,
05EA010,2026-07-28T18:20:00Z,46,0.562,,,Provisional/Provisoire,,
05EA010,2026-07-28T18:25:00Z,46,0.563,,,Provisional/Provisoire,,
05EA010,2026-07-28T18:30:00Z,46,0.562,,,Provisional/Provisoire,,
05EA010,2026-07-28T18:35:00Z,46,0.563,,,Provisional/Provisoire,,
05EA010,2026-07-28T18:40:00Z,46,0.562,,,Provisional/Provisoire,,
05EA010,2026-07-28T18:45:00Z,46,0.562,,,Provisional/Provisoire,,
05EA010,2026-07-28T18:50:00Z,46,0.562,,,Provisional/Provisoire,,
05EA010,2026-07-28T18:55:00Z,46,0.562,,,Provisional/Provisoire,,
05EA010,2026-07-28T19:00:00Z,46,0.561,,,Provisional/Provisoire,,
05EA010,2026-07-28T19:05:00Z,46,0.560,,,Provisional/Provisoire,,
05EA010,2026-07-28T19:10:00Z,46,0.560,,,Provisional/Provisoire,,
05EA010,2026-07-28T19:15:00Z,46,0.559,,,Provisional/Provisoire,,
05EA010,2026-07-28T19:20:00Z,46,0.560,,,Provisional/Provisoire,,
05EA010,2026-07-28T19:25:00Z,46,0.560,,,Provisional/Provisoire,,
05EA010,2026-07-28T19:30:00Z,46,0.560,,,Provisional/Provisoire,,
05EA010,2026-07-28T19:35:00Z,46,0.559,,,Provisional/Provisoire,,
05EA010,2026-07-28T19:40:00Z,46,0.560,,,Provisional/Provisoire,,
05EA010,2026-07-28T19:45:00Z,46,0.559,,,Provisional/Provisoire,,
05EA010,2026-07-28T19:50:00Z,46,0.558,,,Provisional/Provisoire,,
05EA010,2026-07-28T19:55:00Z,46,0.557,,,Provisional/Provisoire,,
05EA010,2026-07-28T20:00:00Z,46,0.557,,,Provisional/Provisoire,,
05EA010,2026-07-28T20:05:00Z,46,0.558,,,Provisional/Provisoire,,
05EA010,2026-07-28T20:10:00Z,46,0.557,,,Provisional/Provisoire,,
05EA010,2026-07-28T20:15:00Z,46,0.557,,,Provisional/Provisoire,,
05EA010,2026-07-28T20:20:00Z,46,0.556,,,Provisional/Provisoire,,
05EA010,2026-07-28T20:25:00Z,46,0.557,,,Provisional/Provisoire,,
05EA010,2026-07-28T20:30:00Z,46,0.556,,,Provisional/Provisoire,,
05EA010,2026-07-28T20:35:00Z,46,0.556,,,Provisional/Provisoire,,
05EA010,2026-07-28T20:40:00Z,46,0.556,,,Provisional/Provisoire,,
05EA010,2026-07-28T20:45:00Z,46,0.556,,,Provisional/Provisoire,,
05EA010,2026-07-28T20:50:00Z,46,0.555,,,Provisional/Provisoire,,
05EA010,2026-07-28T20:55:00Z,46,0.554,,,Provisional/Provisoire,,
05EA010,2026-07-28T21:00:00Z,46,0.554,,,Provisional/Provisoire,,
05EA010,2026-07-28T21:05:00Z,46,0.554,,,Provisional/Provisoire,,
05EA010,2026-07-28T21:10:00Z,46,0.554,,,Provisional/Provisoire,,
05EA010,2026-07-28T21:15:00Z,46,0.553,,,Provisional/Provisoire,,
05EA010,2026-07-28T21:20:00Z,46,0.553,,,Provisional/Provisoire,,
05EA010,2026-07-28T21:25:00Z,46,0.553,,,Provisional/Provisoire,,
05EA010,2026-07-28T21:30:00Z,46,0.553,,,Provisional/Provisoire,,
05EA010,2026-07-28T21:35:00Z,46,0.551,,,Provisional/Provisoire,,
05EA010,2026-07-28T21:40:00Z,46,0.552,,,Provisional/Provisoire,,
05EA010,2026-07-28T21:45:00Z,46,0.551,,,Provisional/Provisoire,,
05EA010,2026-07-28T21:50:00Z,46,0.552,,,Provisional/Provisoire,,
05EA010,2026-07-28T21:55:00Z,46,0.551,,,Provisional/Provisoire,,
05EA010,2026-07-28T22:00:00Z,46,0.550,,,Provisional/Provisoire,,
05EA010,2026-07-28T22:05:00Z,46,0.548,,,Provisional/Provisoire,,
05EA010,2026-07-28T22:10:00Z,46,0.550,,,Provisional/Provisoire,,
05EA010,2026-07-28T22:15:00Z,46,0.548,,,Provisional/Provisoire,,
05EA010,2026-07-28T22:20:00Z,46,0.548,,,Provisional/Provisoire,,
05EA010,2026-07-28T22:25:00Z,46,0.549,,,Provisional/Provisoire,,
05EA010,2026-07-28T22:30:00Z,46,0.548,,,Provisional/Provisoire,,
05EA010,2026-07-28T22:35:00Z,46,0.547,,,Provisional/Provisoire,,
05EA010,2026-07-28T22:40:00Z,46,0.548,,,Provisional/Provisoire,,
05EA010,2026-07-28T22:45:00Z,46,0.548,,,Provisional/Provisoire,,
05EA010,2026-07-28T22:50:00Z,46,0.547,,,Provisional/Provisoire,,
05EA010,2026-07-28T22:55:00Z,46,0.546,,,Provisional/Provisoire,,
05EA010,2026-07-28T23:00:00Z,46,0.546,,,Provisional/Provisoire,,
05EA010,2026-07-28T23:05:00Z,46,0.545,,,Provisional/Provisoire,,
05EA010,2026-07-28T23:10:00Z,46,0.545,,,Provisional/Provisoire,,
05EA010,2026-07-28T23:15:00Z,46,0.545,,,Provisional/Provisoire,,
05EA010,2026-07-28T23:20:00Z,46,0.543,,,Provisional/Provisoire,,
05EA010,2026-07-28T23:25:00Z,46,0.543,,,Provisional/Provisoire,,
05EA010,2026-07-28T23:30:00Z,46,0.542,,,Provisional/Provisoire,,
05EA010,2026-07-28T23:35:00Z,46,0.544,,,Provisional/Provisoire,,
05EA010,2026-07-28T23:40:00Z,46,0.543,,,Provisional/Provisoire,,
05EA010,2026-07-28T23:45:00Z,46,0.542,,,Provisional/Provisoire,,
05EA010,2026-07-28T23:50:00Z,46,0.542,,,Provisional/Provisoire,,
05EA010,2026-07-28T23:55:00Z,46,0.542,,,Provisional/Provisoire,,
05EA010,2026-07-29T00:00:00Z,46,0.542,,,Provisional/Provisoire,,
05EA010,2026-07-29T00:05:00Z,46,0.541,,,Provisional/Provisoire,,
05EA010,2026-07-29T00:10:00Z,46,0.540,,,Provisional/Provisoire,,
05EA010,2026-07-29T00:15:00Z,46,0.541,,,Provisional/Provisoire,,
05EA010,2026-07-29T00:20:00Z,46,0.540,,,Provisional/Provisoire,,
05EA010,2026-07-29T00:25:00Z,46,0.544,,,Provisional/Provisoire,,
05EA010,2026-07-29T00:30:00Z,46,0.549,,,Provisional/Provisoire,,
05EA010,2026-07-29T00:35:00Z,46,0.550,,,Provisional/Provisoire,,
05EA010,2026-07-29T00:40:00Z,46,0.550,,,Provisional/Provisoire,,
05EA010,2026-07-29T00:45:00Z,46,0.552,,,Provisional/Provisoire,,
05EA010,2026-07-29T00:50:00Z,46,0.554,,,Provisional/Provisoire,,
05EA010,2026-07-29T00:55:00Z,46,0.555,,,Provisional/Provisoire,,
05EA010,2026-07-29T01:00:00Z,46,0.558,,,Provisional/Provisoire,,
05EA010,2026-07-29T01:05:00Z,46,0.560,,,Provisional/Provisoire,,
05EA010,2026-07-29T01:10:00Z,46,0.562,,,Provisional/Provisoire,,
05EA010,2026-07-29T01:15:00Z,46,0.563,,,Provisional/Provisoire,,
05EA010,2026-07-29T01:20:00Z,46,0.562,,,Provisional/Provisoire,,
05EA010,2026-07-29T01:25:00Z,46,0.562,,,Provisional/Provisoire,,
05EA010,2026-07-29T01:30:00Z,46,0.564,,,Provisional/Provisoire,,
05EA010,2026-07-29T01:35:00Z,46,0.565,,,Provisional/Provisoire,,
05EA010,2026-07-29T01:40:00Z,46,0.566,,,Provisional/Provisoire,,
05EA010,2026-07-29T01:45:00Z,46,0.571,,,Provisional/Provisoire,,
05EA010,2026-07-29T01:50:00Z,46,0.575,,,Provisional/Provisoire,,
05EA010,2026-07-29T01:55:00Z,46,0.580,,,Provisional/Provisoire,,
05EA010,2026-07-29T02:00:00Z,46,0.586,,,Provisional/Provisoire,,
05EA010,2026-07-29T02:05:00Z,46,0.590,,,Provisional/Provisoire,,
05EA010,2026-07-29T02:10:00Z,46,0.595,,,Provisional/Provisoire,,
05EA010,2026-07-29T02:15:00Z,46,0.600,,,Provisional/Provisoire,,
05EA010,2026-07-29T02:20:00Z,46,0.604,,,Provisional/Provisoire,,
05EA010,2026-07-29T02:25:00Z,46,0.607,,,Provisional/Provisoire,,
05EA010,2026-07-29T02:30:00Z,46,0.609,,,Provisional/Provisoire,,
05EA010,2026-07-29T02:35:00Z,46,0.612,,,Provisional/Provisoire,,
05EA010,2026-07-29T02:40:00Z,46,0.614,,,Provisional/Provisoire,,
05EA010,2026-07-29T02:45:00Z,46,0.617,,,Provisional/Provisoire,,
05EA010,2026-07-29T02:50:00Z,46,0.618,,,Provisional/Provisoire,,
05EA010,2026-07-29T02:55:00Z,46,0.620,,,Provisional/Provisoire,,
05EA010,2026-07-29T03:00:00Z,46,0.622,,,Provisional/Provisoire,,
05EA010,2026-07-29T03:05:00Z,46,0.625,,,Provisional/Provisoire,,
05EA010,2026-07-29T03:10:00Z,46,0.626,,,Provisional/Provisoire,,
05EA010,2026-07-29T03:15:00Z,46,0.628,,,Provisional/Provisoire,,
05EA010,2026-07-29T03:20:00Z,46,0.631,,,Provisional/Provisoire,,
05EA010,2026-07-29T03:25:00Z,46,0.633,,,Provisional/Provisoire,,
05EA010,2026-07-29T03:30:00Z,46,0.635,,,Provisional/Provisoire,,
05EA010,2026-07-29T03:35:00Z,46,0.638,,,Provisional/Provisoire,,
05EA010,2026-07-29T03:40:00Z,46,0.639,,,Provisional/Provisoire,,
05EA010,2026-07-29T03:45:00Z,46,0.642,,,Provisional/Provisoire,,
05EA010,2026-07-29T03:50:00Z,46,0.644,,,Provisional/Provisoire,,
05EA010,2026-07-29T03:55:00Z,46,0.647,,,Provisional/Provisoire,,
05EA010,2026-07-29T04:00:00Z,46,0.648,,,Provisional/Provisoire,,
05EA010,2026-07-29T04:05:00Z,46,0.649,,,Provisional/Provisoire,,
05EA010,2026-07-29T04:10:00Z,46,0.650,,,Provisional/Provisoire,,
05EA010,2026-07-29T04:15:00Z,46,0.651,,,Provisional/Provisoire,,
05EA010,2026-07-29T04:20:00Z,46,0.651,,,Provisional/Provisoire,,
05EA010,2026-07-29T04:25:00Z,46,0.652,,,Provisional/Provisoire,,
05EA010,2026-07-29T04:30:00Z,46,0.652,,,Provisional/Provisoire,,
05EA010,2026-07-29T04:35:00Z,46,0.652,,,Provisional/Provisoire,,
05EA010,2026-07-29T04:40:00Z,46,0.654,,,Provisional/Provisoire,,
05EA010,2026-07-29T04:45:00Z,46,0.653,,,Provisional/Provisoire,,
05EA010,2026-07-29T04:50:00Z,46,0.653,,,Provisional/Provisoire,,
05EA010,2026-07-29T04:55:00Z,46,0.651,,,Provisional/Provisoire,,
05EA010,2026-07-29T05:00:00Z,46,0.652,,,Provisional/Provisoire,,
05EA010,2026-07-29T05:05:00Z,46,0.652,,,Provisional/Provisoire,,
05EA010,2026-07-29T05:10:00Z,46,0.651,,,Provisional/Provisoire,,
05EA010,2026-07-29T05:15:00Z,46,0.650,,,Provisional/Provisoire,,
05EA010,2026-07-29T05:20:00Z,46,0.650,,,Provisional/Provisoire,,
05EA010,2026-07-29T05:25:00Z,46,0.649,,,Provisional/Provisoire,,
05EA010,2026-07-29T05:30:00Z,46,0.649,,,Provisional/Provisoire,,
05EA010,2026-07-29T05:35:00Z,46,0.649,,,Provisional/Provisoire,,
05EA010,2026-07-29T05:40:00Z,46,0.648,,,Provisional/Provisoire,,
05EA010,2026-07-29T05:45:00Z,46,0.647,,,Provisional/Provisoire,,
05EA010,2026-07-29T05:50:00Z,46,0.645,,,Provisional/Provisoire,,
05EA010,2026-07-29T05:55:00Z,46,0.644,,,Provisional/Provisoire,,
05EA010,2026-07-29T06:00:00Z,46,0.644,,,Provisional/Provisoire,,
05EA010,2026-07-29T06:05:00Z,46,0.644,,,Provisional/Provisoire,,
05EA010,2026-07-29T06:10:00Z,46,0.644,,,Provisional/Provisoire,,
05EA010,2026-07-29T06:15:00Z,46,0.642,,,Provisional/Provisoire,,
05EA010,2026-07-29T06:20:00Z,46,0.642,,,Provisional/Provisoire,,
05EA010,2026-07-29T06:25:00Z,46,0.641,,,Provisional/Provisoire,,
05EA010,2026-07-29T06:30:00Z,46,0.640,,,Provisional/Provisoire,,
05EA010,2026-07-29T06:35:00Z,46,0.639,,,Provisional/Provisoire,,
05EA010,2026-07-29T06:40:00Z,46,0.638,,,Provisional/Provisoire,,
05EA010,2026-07-29T06:45:00Z,46,0.637,,,Provisional/Provisoire,,
05EA010,2026-07-29T06:50:00Z,46,0.637,,,Provisional/Provisoire,,
05EA010,2026-07-29T06:55:00Z,46,0.636,,,Provisional/Provisoire,,
05EA010,2026-07-29T07:00:00Z,46,0.636,,,Provisional/Provisoire,,
05EA010,2026-07-29T07:05:00Z,46,0.635,,,Provisional/Provisoire,,
05EA010,2026-07-29T07:10:00Z,46,0.635,,,Provisional/Provisoire,,
05EA010,2026-07-29T07:15:00Z,46,0.634,,,Provisional/Provisoire,,
05EA010,2026-07-29T07:20:00Z,46,0.633,,,Provisional/Provisoire,,
05EA010,2026-07-29T07:25:00Z,46,0.633,,,Provisional/Provisoire,,
05EA010,2026-07-29T07:30:00Z,46,0.632,,,Provisional/Provisoire,,
05EA010,2026-07-29T07:35:00Z,46,0.633,,,Provisional/Provisoire,,
05EA010,2026-07-29T07:40:00Z,46,0.631,,,Provisional/Provisoire,,
05EA010,2026-07-29T07:45:00Z,46,0.630,,,Provisional/Provisoire,,
05EA010,2026-07-29T07:50:00Z,46,0.630,,,Provisional/Provisoire,,
05EA010,2026-07-29T07:55:00Z,46,0.629,,,Provisional/Provisoire,,
05EA010,2026-07-29T08:00:00Z,46,0.628,,,Provisional/Provisoire,,
05EA010,2026-07-29T08:05:00Z,46,0.628,,,Provisional/Provisoire,,
05EA010,2026-07-29T08:10:00Z,46,0.627,,,Provisional/Provisoire,,
05EA010,2026-07-29T08:15:00Z,46,0.628,,,Provisional/Provisoire,,
05EA010,2026-07-29T08:20:00Z,46,0.627,,,Provisional/Provisoire,,
05EA010,2026-07-29T08:25:00Z,46,0.627,,,Provisional/Provisoire,,
05EA010,2026-07-29T08:30:00Z,46,0.626,,,Provisional/Provisoire,,
05EA010,2026-07-29T08:35:00Z,46,0.626,,,Provisional/Provisoire,,
05EA010,2026-07-29T08:40:00Z,46,0.625,,,Provisional/Provisoire,,
05EA010,2026-07-29T08:45:00Z,46,0.624,,,Provisional/Provisoire,,
05EA010,2026-07-29T08:50:00Z,46,0.624,,,Provisional/Provisoire,,
05EA010,2026-07-29T08:55:00Z,46,0.623,,,Provisional/Provisoire,,
05EA010,2026-07-29T09:00:00Z,46,0.624,,,Provisional/Provisoire,,
05EA010,2026-07-29T09:05:00Z,46,0.625,,,Provisional/Provisoire,,
05EA010,2026-07-29T09:10:00Z,46,0.623,,,Provisional/Provisoire,,
05EA010,2026-07-29T09:15:00Z,46,0.623,,,Provisional/Provisoire,,
05EA010,2026-07-29T09:20:00Z,46,0.623,,,Provisional/Provisoire,,
05EA010,2026-07-29T09:25:00Z,46,0.622,,,Provisional/Provisoire,,
05EA010,2026-07-29T09:30:00Z,46,0.623,,,Provisional/Provisoire,,
05EA010,2026-07-29T09:35:00Z,46,0.622,,,Provisional/Provisoire,,
05EA010,2026-07-29T09:40:00Z,46,0.622,,,Provisional/Provisoire,,
05EA010,2026-07-29T09:45:00Z,46,0.622,,,Provisional/Provisoire,,
05EA010,2026-07-29T09:50:00Z,46,0.623,,,Provisional/Provisoire,,
05EA010,2026-07-29T09:55:00Z,46,0.623,,,Provisional/Provisoire,,
05EA010,2026-07-29T10:00:00Z,46,0.622,,,Provisional/Provisoire,,
05EA010,2026-07-29T10:05:00Z,46,0.622,,,Provisional/Provisoire,,
05EA010,2026-07-29T10:10:00Z,46,0.623,,,Provisional/Provisoire,,
05EA010,2026-07-29T10:15:00Z,46,0.623,,,Provisional/Provisoire,,
05EA010,2026-07-29T10:20:00Z,46,0.623,,,Provisional/Provisoire,,
05EA010,2026-07-29T10:25:00Z,46,0.624,,,Provisional/Provisoire,,
05EA010,2026-07-29T10:30:00Z,46,0.622,,,Provisional/Provisoire,,
05EA010,2026-07-29T10:35:00Z,46,0.623,,,Provisional/Provisoire,,
05EA010,2026-07-29T10:40:00Z,46,0.622,,,Provisional/Provisoire,,
05EA010,2026-07-29T10:45:00Z,46,0.623,,,Provisional/Provisoire,,
05EA010,2026-07-29T10:50:00Z,46,0.623,,,Provisional/Provisoire,,
05EA010,2026-07-29T10:55:00Z,46,0.624,,,Provisional/Provisoire,,
05EA010,2026-07-29T11:00:00Z,46,0.624,,,Provisional/Provisoire,,
05EA010,2026-07-29T11:05:00Z,46,0.623,,,Provisional/Provisoire,,
05EA010,2026-07-29T11:10:00Z,46,0.624,,,Provisional/Provisoire,,
05EA010,2026-07-29T11:15:00Z,46,0.624,,,Provisional/Provisoire,,
05EA010,2026-07-29T11:20:00Z,46,0.624,,,Provisional/Provisoire,,
05EA010,2026-07-29T11:25:00Z,46,0.624,,,Provisional/Provisoire,,
05EA010,2026-07-29T11:30:00Z,46,0.625,,,Provisional/Provisoire,,
05EA010,2026-07-29T11:35:00Z,46,0.624,,,Provisional/Provisoire,,
05EA010,2026-07-29T11:40:00Z,46,0.624,,,Provisional/Provisoire,,
05EA010,2026-07-29T11:45:00Z,46,0.625,,,Provisional/Provisoire,,
05EA010,2026-07-29T11:50:00Z,46,0.625,,,Provisional/Provisoire,,
05EA010,2026-07-29T11:55:00Z,46,0.624,,,Provisional/Provisoire,,
05EA010,2026-07-29T12:00:00Z,46,0.624,,,Provisional/Provisoire,,
05EA010,2026-07-29T12:05:00Z,46,0.625,,,Provisional/Provisoire,,
05EA010,2026-07-29T12:10:00Z,46,0.626,,,Provisional/Provisoire,,
05EA010,2026-07-29T12:15:00Z,46,0.626,,,Provisional/Provisoire,,
05EA010,2026-07-29T12:20:00Z,46,0.626,,,Provisional/Provisoire,,
05EA010,2026-07-29T12:25:00Z,46,0.627,,,Provisional/Provisoire,,
05EA010,2026-07-29T12:30:00Z,46,0.626,,,Provisional/Provisoire,,
05EA010,2026-07-29T12:35:00Z,46,0.626,,,Provisional/Provisoire,,
05EA010,2026-07-29T12:40:00Z,46,0.627,,,Provisional/Provisoire,,
05EA010,2026-07-29T12:45:00Z,46,0.627,,,Provisional/Provisoire,,
05EA010,2026-07-29T12:50:00Z,46,0.626,,,Provisional/Provisoire,,
05EA010,2026-07-29T12:55:00Z,46,0.627,,,Provisional/Provisoire,,
05EA010,2026-07-29T13:00:00Z,46,0.627,,,Provisional/Provisoire,,
05EA010,2026-07-29T13:05:00Z,46,0.627,,,Provisional/Provisoire,,
05EA010,2026-07-29T13:10:00Z,46,0.628,,,Provisional/Provisoire,,
05EA010,2026-07-29T13:15:00Z,46,0.627,,,Provisional/Provisoire,,
05EA010,2026-07-29T13:20:00Z,46,0.627,,,Provisional/Provisoire,,
05EA010,2026-07-29T13:25:00Z,46,0.627,,,Provisional/Provisoire,,
05EA010,2026-07-29T13:30:00Z,46,0.627,,,Provisional/Provisoire,,
05EA010,2026-07-29T13:35:00Z,46,0.627,,,Provisional/Provisoire,,
05EA010,2026-07-29T13:40:00Z,46,0.627,,,Provisional/Provisoire,,
05EA010,2026-07-29T13:45:00Z,46,0.627,,,Provisional/Provisoire,,
05EA010,2026-07-29T13:50:00Z,46,0.626,,,Provisional/Provisoire,,
05EA010,2026-07-29T13:55:00Z,46,0.629,,,Provisional/Provisoire,,
05EA010,2026-07-29T14:00:00Z,46,0.627,,,Provisional/Provisoire,,
05EA010,2026-07-29T14:05:00Z,46,0.627,,,Provisional/Provisoire,,
05EA010,2026-07-29T14:10:00Z,46,0.628,,,Provisional/Provisoire,,
05EA010,2026-07-29T14:15:00Z,46,0.628,,,Provisional/Provisoire,,
05EA010,2026-07-29T14:20:00Z,46,0.628,,,Provisional/Provisoire,,
05EA010,2026-07-29T14:25:00Z,46,0.627,,,Provisional/Provisoire,,
05EA010,2026-07-29T14:30:00Z,46,0.628,,,Provisional/Provisoire,,
05EA010,2026-07-29T14:35:00Z,46,0.628,,,Provisional/Provisoire,,
05EA010,2026-07-29T14:40:00Z,46,0.628,,,Provisional/Provisoire,,
05EA010,2026-07-29T14:45:00Z,46,0.628,,,Provisional/Provisoire,,
05EA010,2026-07-29T14:50:00Z,46,0.628,,,Provisional/Provisoire,,
05EA010,2026-07-29T14:55:00Z,46,0.627,,,Provisional/Provisoire,,
05EA010,2026-07-29T15:00:00Z,46,0.628,,,Provisional/Provisoire,,
05EA010,2026-07-29T15:05:00Z,46,0.627,,,Provisional/Provisoire,,
05EA010,2026-07-29T15:10:00Z,46,0.627,,,Provisional/Provisoire,,
05EA010,2026-07-29T15:15:00Z,46,0.628,,,Provisional/Provisoire,,
05EA010,2026-07-29T15:20:00Z,46,0.627,,,Provisional/Provisoire,,
05EA010,2026-07-29T15:25:00Z,46,0.627,,,Provisional/Provisoire,,
05EA010,2026-07-29T15:30:00Z,46,0.628,,,Provisional/Provisoire,,
05EA010,2026-07-29T15:35:00Z,46,0.627,,,Provisional/Provisoire,,
05EA010,2026-07-29T15:40:00Z,46,0.627,,,Provisional/Provisoire,,
05EA010,2026-07-29T15:45:00Z,46,0.628,,,Provisional/Provisoire,,
05EA010,2026-07-29T15:50:00Z,46,0.626,,,Provisional/Provisoire,,
05EA010,2026-07-29T15:55:00Z,46,0.627,,,Provisional/Provisoire,,
05EA010,2026-07-29T16:00:00Z,46,0.626,,,Provisional/Provisoire,,
05EA010,2026-07-29T16:05:00Z,46,0.628,,,Provisional/Provisoire,,
05EA010,2026-07-29T16:10:00Z,46,0.627,,,Provisional/Provisoire,,
05EA010,2026-07-29T16:15:00Z,46,0.626,,,Provisional/Provisoire,,
05EA010,2026-07-29T16:20:00Z,46,0.626,,,Provisional/Provisoire,,
05EA010,2026-07-29T16:25:00Z,46,0.627,,,Provisional/Provisoire,,
05EA010,2026-07-29T16:30:00Z,46,0.626,,,Provisional/Provisoire,,
05EA010,2026-07-29T16:35:00Z,46,0.626,,,Provisional/Provisoire,,
05EA010,2026-07-29T16:40:00Z,46,0.625,,,Provisional/Provisoire,,
05EA010,2026-07-29T16:45:00Z,46,0.626,,,Provisional/Provisoire,,
05EA010,2026-07-29T16:50:00Z,46,0.625,,,Provisional/Provisoire,,
05EA010,2026-07-29T16:55:00Z,46,0.627,,,Provisional/Provisoire,,
05EA010,2026-07-29T17:00:00Z,46,0.625,,,Provisional/Provisoire,,
05EA010,2026-07-29T17:05:00Z,46,0.625,,,Provisional/Provisoire,,
05EA010,2026-07-29T17:10:00Z,46,0.625,,,Provisional/Provisoire,,
05EA010,2026-07-29T17:15:00Z,46,0.625,,,Provisional/Provisoire,,
05EA010,2026-07-29T17:20:00Z,46,0.624,,,Provisional/Provisoire,,
05EA010,2026-07-29T17:25:00Z,46,0.624,,,Provisional/Provisoire,,
05EA010,2026-07-29T17:30:00Z,46,0.624,,,Provisional/Provisoire,,
05EA010,2026-07-29T17:35:00Z,46,0.624,,,Provisional/Provisoire,,
05EA010,2026-07-29T17:40:00Z,46,0.623,,,Provisional/Provisoire,,
05EA010,2026-07-29T17:45:00Z,46,0.623,,,Provisional/Provisoire,,
05EA010,2026-07-29T17:50:00Z,46,0.623,,,Provisional/Provisoire,,
05EA010,2026-07-29T17:55:00Z,46,0.622,,,Provisional/Provisoire,,
05EA010,2026-07-29T18:00:00Z,46,0.623,,,Provisional/Provisoire,,
05EA010,2026-07-29T18:05:00Z,46,0.623,,,Provisional/Provisoire,,
05EA010,2026-07-29T18:10:00Z,46,0.622,,,Provisional/Provisoire,,
05EA010,2026-07-29T18:15:00Z,46,0.622,,,Provisional/Provisoire,,
05EA010,2026-07-29T18:20:00Z,46,0.621,,,Provisional/Provisoire,,
05EA010,2026-07-29T18:25:00Z,46,0.621,,,Provisional/Provisoire,,
05EA010,2026-07-29T18:30:00Z,46,0.621,,,Provisional/Provisoire,,
05EA010,2026-07-29T18:35:00Z,46,0.621,,,Provisional/Provisoire,,
05EA010,2026-07-29T18:40:00Z,46,0.621,,,Provisional/Provisoire,,
05EA010,2026-07-29T18:45:00Z,46,0.621,,,Provisional/Provisoire,,
05EA010,2026-07-29T18:50:00Z,46,0.620,,,Provisional/Provisoire,,
05EA010,2026-07-29T18:55:00Z,46,0.620,,,Provisional/Provisoire,,
05EA010,2026-07-29T19:00:00Z,46,0.619,,,Provisional/Provisoire,,
05EA010,2026-07-29T19:05:00Z,46,0.619,,,Provisional/Provisoire,,
05EA010,2026-07-29T19:10:00Z,46,0.619,,,Provisional/Provisoire,,
05EA010,2026-07-29T19:15:00Z,46,0.620,,,Provisional/Provisoire,,
05EA010,2026-07-29T19:20:00Z,46,0.619,,,Provisional/Provisoire,,
05EA010,2026-07-29T19:25:00Z,46,0.619,,,Provisional/Provisoire,,
05EA010,2026-07-29T19:30:00Z,46,0.618,,,Provisional/Provisoire,,
05EA010,2026-07-29T19:35:00Z,46,0.618,,,Provisional/Provisoire,,
05EA010,2026-07-29T19:40:00Z,46,0.617,,,Provisional/Provisoire,,
05EA010,2026-07-29T19:45:00Z,46,0.618,,,Provisional/Provisoire,,
05EA010,2026-07-29T19:50:00Z,46,0.617,,,Provisional/Provisoire,,
05EA010,2026-07-29T19:55:00Z,46,0.616,,,Provisional/Provisoire,,
05EA010,2026-07-29T20:00:00Z,46,0.616,,,Provisional/Provisoire,,
05EA010,2026-07-29T20:05:00Z,46,0.616,,,Provisional/Provisoire,,
05EA010,2026-07-29T20:10:00Z,46,0.615,,,Provisional/Provisoire,,
05EA010,2026-07-29T20:15:00Z,46,0.615,,,Provisional/Provisoire,,
05EA010,2026-07-29T20:20:00Z,46,0.614,,,Provisional/Provisoire,,
05EA010,2026-07-29T20:25:00Z,46,0.615,,,Provisional/Provisoire,,
05EA010,2026-07-29T20:30:00Z,46,0.613,,,Provisional/Provisoire,,
05EA010,2026-07-29T20:35:00Z,46,0.613,,,Provisional/Provisoire,,
05EA010,2026-07-29T20:40:00Z,46,0.613,,,Provisional/Provisoire,,
05EA010,2026-07-29T20:45:00Z,46,0.614,,,Provisional/Provisoire,,
05EA010,2026-07-29T20:50:00Z,46,0.612,,,Provisional/Provisoire,,
05EA010,2026-07-29T20:55:00Z,46,0.613,,,Provisional/Provisoire,,
05EA010,2026-07-29T21:00:00Z,46,0.611,,,Provisional/Provisoire,,
05EA010,2026-07-29T21:05:00Z,46,0.612,,,Provisional/Provisoire,,
05EA010,2026-07-29T21:10:00Z,46,0.610,,,Provisional/Provisoire,,
05EA010,2026-07-29T21:15:00Z,46,0.611,,,Provisional/Provisoire,,
05EA010,2026-07-29T21:20:00Z,46,0.609,,,Provisional/Provisoire,,
05EA010,2026-07-29T21:25:00Z,46,0.609,,,Provisional/Provisoire,,
05EA010,2026-07-29T21:30:00Z,46,0.610,,,Provisional/Provisoire,,
05EA010,2026-07-29T21:35:00Z,46,0.609,,,Provisional/Provisoire,,
05EA010,2026-07-29T21:40:00Z,46,0.609,,,Provisional/Provisoire,,
05EA010,2026-07-29T21:45:00Z,46,0.609,,,Provisional/Provisoire,,
05EA010,2026-07-29T21:50:00Z,46,0.608,,,Provisional/Provisoire,,
05EA010,2026-07-29T21:55:00Z,46,0.608,,,Provisional/Provisoire,,
05EA010,2026-07-29T22:00:00Z,46,0.607,,,Provisional/Provisoire,,
05EA010,2026-07-29T22:05:00Z,46,0.606,,,Provisional/Provisoire,,
05EA010,2026-07-29T22:10:00Z,46,0.606,,,Provisional/Provisoire,,
05EA010,2026-07-29T22:15:00Z,46,0.605,,,Provisional/Provisoire,,
05EA010,2026-07-29T22:20:00Z,46,0.606,,,Provisional/Provisoire,,
05EA010,2026-07-29T22:25:00Z,46,0.605,,,Provisional/Provisoire,,
05EA010,2026-07-29T22:30:00Z,46,0.605,,,Provisional/Provisoire,,
05EA010,2026-07-29T22:35:00Z,46,0.605,,,Provisional/Provisoire,,
05EA010,2026-07-29T22:40:00Z,46,0.603,,,Provisional/Provisoire,,
05EA010,2026-07-29T22:45:00Z,46,0.603,,,Provisional/Provisoire,,
05EA010,2026-07-29T22:50:00Z,46,0.602,,,Provisional/Provisoire,,
05EA010,2026-07-29T22:55:00Z,46,0.602,,,Provisional/Provisoire,,
05EA010,2026-07-29T23:00:00Z,46,0.602,,,Provisional/Provisoire,,
05EA010,2026-07-29T23:05:00Z,46,0.601,,,Provisional/Provisoire,,
05EA010,2026-07-29T23:10:00Z,46,0.601,,,Provisional/Provisoire,,
05EA010,2026-07-29T23:15:00Z,46,0.600,,,Provisional/Provisoire,,
05EA010,2026-07-29T23:20:00Z,46,0.599,,,Provisional/Provisoire,,
05EA010,2026-07-29T23:25:00Z,46,0.599,,,Provisional/Provisoire,,
05EA010,2026-07-29T23:30:00Z,46,0.598,,,Provisional/Provisoire,,
05EA010,2026-07-29T23:35:00Z,46,0.598,,,Provisional/Provisoire,,
05EA010,2026-07-29T23:40:00Z,46,0.598,,,Provisional/Provisoire,,
05EA010,2026-07-29T23:45:00Z,46,0.597,,,Provisional/Provisoire,,
05EA010,2026-07-29T23:50:00Z,46,0.596,,,Provisional/Provisoire,,
05EA010,2026-07-29T23:55:00Z,46,0.597,,,Provisional/Provisoire,,
05EA010,2026-07-30T00:00:00Z,46,0.595,,,Provisional/Provisoire,,
05EA010,2026-07-30T00:05:00Z,46,0.596,,,Provisional/Provisoire,,
05EA010,2026-07-30T00:10:00Z,46,0.595,,,Provisional/Provisoire,,
05EA010,2026-07-30T00:15:00Z,46,0.594,,,Provisional/Provisoire,,
05EA010,2026-07-30T00:20:00Z,46,0.594,,,Provisional/Provisoire,,
05EA010,2026-07-30T00:25:00Z,46,0.594,,,Provisional/Provisoire,,
05EA010,2026-07-30T00:30:00Z,46,0.593,,,Provisional/Provisoire,,
05EA010,2026-07-30T00:35:00Z,46,0.594,,,Provisional/Provisoire,,
05EA010,2026-07-30T00:40:00Z,46,0.593,,,Provisional/Provisoire,,
05EA010,2026-07-30T00:45:00Z,46,0.592,,,Provisional/Provisoire,,
05EA010,2026-07-30T00:50:00Z,46,0.592,,,Provisional/Provisoire,,
05EA010,2026-07-30T00:55:00Z,46,0.592,,,Provisional/Provisoire,,
05EA010,2026-07-30T01:00:00Z,46,0.591,,,Provisional/Provisoire,,
05EA010,2026-07-30T01:05:00Z,46,0.591,,,Provisional/Provisoire,,
05EA010,2026-07-30T01:10:00Z,46,0.589,,,Provisional/Provisoire,,
05EA010,2026-07-30T01:15:00Z,46,0.589,,,Provisional/Provisoire,,
05EA010,2026-07-30T01:20:00Z,46,0.589,,,Provisional/Provisoire,,
05EA010,2026-07-30T01:25:00Z,46,0.588,,,Provisional/Provisoire,,
05EA010,2026-07-30T01:30:00Z,46,0.588,,,Provisional/Provisoire,,
05EA010,2026-07-30T01:35:00Z,46,0.587,,,Provisional/Provisoire,,
05EA010,2026-07-30T01:40:00Z,46,0.587,,,Provisional/Provisoire,,
05EA010,2026-07-30T01:45:00Z,46,0.586,,,Provisional/Provisoire,,
05EA010,2026-07-30T01:50:00Z,46,0.586,,,Provisional/Provisoire,,
05EA010,2026-07-30T01:55:00Z,46,0.586,,,Provisional/Provisoire,,
05EA010,2026-07-30T02:00:00Z,46,0.585,,,Provisional/Provisoire,,
05EA010,2026-07-30T02:05:00Z,46,0.585,,,Provisional/Provisoire,,
05EA010,2026-07-30T02:10:00Z,46,0.585,,,Provisional/Provisoire,,
05EA010,2026-07-30T02:15:00Z,46,0.583,,,Provisional/Provisoire,,
05EA010,2026-07-30T02:20:00Z,46,0.584,,,Provisional/Provisoire,,
05EA010,2026-07-30T02:25:00Z,46,0.583,,,Provisional/Provisoire,,
05EA010,2026-07-30T02:30:00Z,46,0.583,,,Provisional/Provisoire,,
05EA010,2026-07-30T02:35:00Z,46,0.583,,,Provisional/Provisoire,,
05EA010,2026-07-30T02:40:00Z,46,0.582,,,Provisional/Provisoire,,
05EA010,2026-07-30T02:45:00Z,46,0.581,,,Provisional/Provisoire,,
05EA010,2026-07-30T02:50:00Z,46,0.581,,,Provisional/Provisoire,,
05EA010,2026-07-30T02:55:00Z,46,0.580,,,Provisional/Provisoire,,
05EA010,2026-07-30T03:00:00Z,46,0.580,,,Provisional/Provisoire,,
05EA010,2026-07-30T03:05:00Z,46,0.579,,,Provisional/Provisoire,,
05EA010,2026-07-30T03:10:00Z,46,0.578,,,Provisional/Provisoire,,
05EA010,2026-07-30T03:15:00Z,46,0.579,,,Provisional/Provisoire,,
05EA010,2026-07-30T03:20:00Z,46,0.578,,,Provisional/Provisoire,,
05EA010,2026-07-30T03:25:00Z,46,0.577,,,Provisional/Provisoire,,
05EA010,2026-07-30T03:30:00Z,46,0.577,,,Provisional/Provisoire,,
05EA010,2026-07-30T03:35:00Z,46,0.577,,,Provisional/Provisoire,,
05EA010,2026-07-30T03:40:00Z,46,0.576,,,Provisional/Provisoire,,
05EA010,2026-07-30T03:45:00Z,46,0.576,,,Provisional/Provisoire,,
05EA010,2026-07-30T03:50:00Z,46,0.575,,,Provisional/Provisoire,,
05EA010,2026-07-30T03:55:00Z,46,0.575,,,Provisional/Provisoire,,
05EA010,2026-07-30T04:00:00Z,46,0.575,,,Provisional/Provisoire,,
05EA010,2026-07-30T04:05:00Z,46,0.575,,,Provisional/Provisoire,,
05EA010,2026-07-30T04:10:00Z,46,0.574,,,Provisional/Provisoire,,
05EA010,2026-07-30T04:15:00Z,46,0.574,,,Provisional/Provisoire,,
05EA010,2026-07-30T04:20:00Z,46,0.573,,,Provisional/Provisoire,,
05EA010,2026-07-30T04:25:00Z,46,0.573,,,Provisional/Provisoire,,
05EA010,2026-07-30T04:30:00Z,46,0.573,,,Provisional/Provisoire,,
05EA010,2026-07-30T04:35:00Z,46,0.572,,,Provisional/Provisoire,,
05EA010,2026-07-30T04:40:00Z,46,0.571,,,Provisional/Provisoire,,
05EA010,2026-07-30T04:45:00Z,46,0.571,,,Provisional/Provisoire,,
05EA010,2026-07-30T04:50:00Z,46,0.571,,,Provisional/Provisoire,,
05EA010,2026-07-30T04:55:00Z,46,0.570,,,Provisional/Provisoire,,
05EA010,2026-07-30T05:00:00Z,46,0.570,,,Provisional/Provisoire,,
05EA010,2026-07-30T05:05:00Z,46,0.569,,,Provisional/Provisoire,,
05EA010,2026-07-30T05:10:00Z,46,0.570,,,Provisional/Provisoire,,
05EA010,2026-07-30T05:15:00Z,46,0.569,,,Provisional/Provisoire,,
05EA010,2026-07-30T05:20:00Z,46,0.568,,,Provisional/Provisoire,,
05EA010,2026-07-30T05:25:00Z,46,0.568,,,Provisional/Provisoire,,
05EA010,2026-07-30T05:30:00Z,46,0.567,,,Provisional/Provisoire,,
05EA010,2026-07-30T05:35:00Z,46,0.566,,,Provisional/Provisoire,,
05EA010,2026-07-30T05:40:00Z,46,0.566,,,Provisional/Provisoire,,
05EA010,2026-07-30T05:45:00Z,46,0.566,,,Provisional/Provisoire,,
05EA010,2026-07-30T05:50:00Z,46,0.566,,,Provisional/Provisoire,,
05EA010,2026-07-30T05:55:00Z,46,0.565,,,Provisional/Provisoire,,
05EA010,2026-07-30T06:00:00Z,46,0.565,,,Provisional/Provisoire,,
05EA010,2026-07-30T06:05:00Z,46,0.564,,,Provisional/Provisoire,,
05EA010,2026-07-30T06:10:00Z,46,0.564,,,Provisional/Provisoire,,
05EA010,2026-07-30T06:15:00Z,46,0.564,,,Provisional/Provisoire,,
05EA010,2026-07-30T06:20:00Z,46,0.564,,,Provisional/Provisoire,,
05EA010,2026-07-30T06:25:00Z,46,0.562,,,Provisional/Provisoire,,
05EA010,2026-07-30T06:30:00Z,46,0.563,,,Provisional/Provisoire,,
05EA010,2026-07-30T06:35:00Z,46,0.562,,,Provisional/Provisoire,,
05EA010,2026-07-30T06:40:00Z,46,0.562,,,Provisional/Provisoire,,
05EA010,2026-07-30T06:45:00Z,46,0.562,,,Provisional/Provisoire,,
05EA010,2026-07-30T06:50:00Z,46,0.562,,,Provisional/Provisoire,,
05EA010,2026-07-30T06:55:00Z,46,0.561,,,Provisional/Provisoire,,
05EA010,2026-07-30T07:00:00Z,46,0.561,,,Provisional/Provisoire,,
05EA010,2026-07-30T07:05:00Z,46,0.560,,,Provisional/Provisoire,,
05EA010,2026-07-30T07:10:00Z,46,0.560,,,Provisional/Provisoire,,
05EA010,2026-07-30T07:15:00Z,46,0.560,,,Provisional/Provisoire,,
05EA010,2026-07-30T07:20:00Z,46,0.560,,,Provisional/Provisoire,,
05EA010,2026-07-30T07:25:00Z,46,0.560,,,Provisional/Provisoire,,
05EA010,2026-07-30T07:30:00Z,46,0.559,,,Provisional/Provisoire,,
05EA010,2026-07-30T07:35:00Z,46,0.559,,,Provisional/Provisoire,,
05EA010,2026-07-30T07:40:00Z,46,0.559,,,Provisional/Provisoire,,
05EA010,2026-07-30T07:45:00Z,46,0.558,,,Provisional/Provisoire,,
05EA010,2026-07-30T07:50:00Z,46,0.558,,,Provisional/Provisoire,,
05EA010,2026-07-30T07:55:00Z,46,0.557,,,Provisional/Provisoire,,
05EA010,2026-07-30T08:00:00Z,46,0.557,,,Provisional/Provisoire,,
05EA010,2026-07-30T08:05:00Z,46,0.557,,,Provisional/Provisoire,,
05EA010,2026-07-30T08:10:00Z,46,0.556,,,Provisional/Provisoire,,
05EA010,2026-07-30T08:15:00Z,46,0.556,,,Provisional/Provisoire,,
05EA010,2026-07-30T08:20:00Z,46,0.556,,,Provisional/Provisoire,,
05EA010,2026-07-30T08:25:00Z,46,0.556,,,Provisional/Provisoire,,
05EA010,2026-07-30T08:30:00Z,46,0.555,,,Provisional/Provisoire,,
05EA010,2026-07-30T08:35:00Z,46,0.555,,,Provisional/Provisoire,,
05EA010,2026-07-30T08:40:00Z,46,0.555,,,Provisional/Provisoire,,
05EA010,2026-07-30T08:45:00Z,46,0.555,,,Provisional/Provisoire,,
05EA010,2026-07-30T08:50:00Z,46,0.555,,,Provisional/Provisoire,,
05EA010,2026-07-30T08:55:00Z,46,0.554,,,Provisional/Provisoire,,
05EA010,2026-07-30T09:00:00Z,46,0.554,,,Provisional/Provisoire,,
05EA010,2026-07-30T09:05:00Z,46,0.553,,,Provisional/Provisoire,,
05EA010,2026-07-30T09:10:00Z,46,0.554,,,Provisional/Provisoire,,
05EA010,2026-07-30T09:15:00Z,46,0.553,,,Provisional/Provisoire,,
05EA010,2026-07-30T09:20:00Z,46,0.553,,,Provisional/Provisoire,,
05EA010,2026-07-30T09:25:00Z,46,0.552,,,Provisional/Provisoire,,
05EA010,2026-07-30T09:30:00Z,46,0.552,,,Provisional/Provisoire,,
05EA010,2026-07-30T09:35:00Z,46,0.551,,,Provisional/Provisoire,,
05EA010,2026-07-30T09:40:00Z,46,0.551,,,Provisional/Provisoire,,
05EA010,2026-07-30T09:45:00Z,46,0.551,,,Provisional/Provisoire,,
05EA010,2026-07-30T09:50:00Z,46,0.550,,,Provisional/Provisoire,,
05EA010,2026-07-30T09:55:00Z,46,0.550,,,Provisional/Provisoire,,
05EA010,2026-07-30T10:00:00Z,46,0.550,,,Provisional/Provisoire,,
05EA010,2026-07-30T10:05:00Z,46,0.549,,,Provisional/Provisoire,,
05EA010,2026-07-30T10:10:00Z,46,0.549,,,Provisional/Provisoire,,
05EA010,2026-07-30T10:15:00Z,46,0.549,,,Provisional/Provisoire,,
05EA010,2026-07-30T10:20:00Z,46,0.549,,,Provisional/Provisoire,,
05EA010,2026-07-30T10:25:00Z,46,0.548,,,Provisional/Provisoire,,
05EA010,2026-07-30T10:30:00Z,46,0.549,,,Provisional/Provisoire,,
05EA010,2026-07-30T10:35:00Z,46,0.548,,,Provisional/Provisoire,,
05EA010,2026-07-30T10:40:00Z,46,0.548,,,Provisional/Provisoire,,
05EA010,2026-07-30T10:45:00Z,46,0.547,,,Provisional/Provisoire,,
05EA010,2026-07-30T10:50:00Z,46,0.548,,,Provisional/Provisoire,,
05EA010,2026-07-30T10:55:00Z,46,0.547,,,Provisional/Provisoire,,
05EA010,2026-07-30T11:00:00Z,46,0.547,,,Provisional/Provisoire,,
05EA010,2026-07-30T11:05:00Z,46,0.547,,,Provisional/Provisoire,,
05EA010,2026-07-30T11:10:00Z,46,0.547,,,Provisional/Provisoire,,
05EA010,2026-07-30T11:15:00Z,46,0.547,,,Provisional/Provisoire,,
05EA010,2026-07-30T11:20:00Z,46,0.546,,,Provisional/Provisoire,,
05EA010,2026-07-30T11:25:00Z,46,0.546,,,Provisional/Provisoire,,
05EA010,2026-07-30T11:30:00Z,46,0.545,,,Provisional/Provisoire,,
05EA010,2026-07-30T11:35:00Z,46,0.545,,,Provisional/Provisoire,,
05EA010,2026-07-30T11:40:00Z,46,0.545,,,Provisional/Provisoire,,
05EA010,2026-07-30T11:45:00Z,46,0.544,,,Provisional/Provisoire,,
05EA010,2026-07-30T11:50:00Z,46,0.544,,,Provisional/Provisoire,,
05EA010,2026-07-30T11:55:00Z,46,0.544,,,Provisional/Provisoire,,
05EA010,2026-07-30T12:00:00Z,46,0.544,,,Provisional/Provisoire,,
05EA010,2026-07-30T12:05:00Z,46,0.544,,,Provisional/Provisoire,,
05EA010,2026-07-30T12:10:00Z,46,0.544,,,Provisional/Provisoire,,
05EA010,2026-07-30T12:15:00Z,46,0.543,,,Provisional/Provisoire,,
05EA010,2026-07-30T12:20:00Z,46,0.544,,,Provisional/Provisoire,,
05EA010,2026-07-30T12:25:00Z,46,0.543,,,Provisional/Provisoire,,
05EA010,2026-07-30T12:30:00Z,46,0.543,,,Provisional/Provisoire,,
05EA010,2026-07-30T12:35:00Z,46,0.542,,,Provisional/Provisoire,,
05EA010,2026-07-30T12:40:00Z,46,0.542,,,Provisional/Provisoire,,
05EA010,2026-07-30T12:45:00Z,46,0.541,,,Provisional/Provisoire,,
05EA010,2026-07-30T12:50:00Z,46,0.540,,,Provisional/Provisoire,,
05EA010,2026-07-30T12:55:00Z,46,0.541,,,Provisional/Provisoire,,
05EA010,2026-07-30T13:00:00Z,46,0.540,,,Provisional/Provisoire,,
05EA010,2026-07-30T13:05:00Z,46,0.539,,,Provisional/Provisoire,,
05EA010,2026-07-30T13:10:00Z,46,0.539,,,Provisional/Provisoire,,
05EA010,2026-07-30T13:15:00Z,46,0.539,,,Provisional/Provisoire,,
05EA010,2026-07-30T13:20:00Z,46,0.540,,,Provisional/Provisoire,,
05EA010,2026-07-30T13:25:00Z,46,0.539,,,Provisional/Provisoire,,
05EA010,2026-07-30T13:30:00Z,46,0.539,,,Provisional/Provisoire,,
05EA010,2026-07-30T13:35:00Z,46,0.539,,,Provisional/Provisoire,,
05EA010,2026-07-30T13:40:00Z,46,0.540,,,Provisional/Provisoire,,
05EA010,2026-07-30T13:45:00Z,46,0.539,,,Provisional/Provisoire,,
05EA010,2026-07-30T13:50:00Z,46,0.539,,,Provisional/Provisoire,,
05EA010,2026-07-30T13:55:00Z,46,0.539,,,Provisional/Provisoire,,
05EA010,2026-07-30T14:00:00Z,46,0.539,,,Provisional/Provisoire,,
05EA010,2026-07-30T14:05:00Z,46,0.539,,,Provisional/Provisoire,,
05EA010,2026-07-30T14:10:00Z,46,0.539,,,Provisional/Provisoire,,
05EA010,2026-07-30T14:15:00Z,46,0.539,,,Provisional/Provisoire,,
05EA010,2026-07-30T14:20:00Z,46,0.538,,,Provisional/Provisoire,,
05EA010,2026-07-30T14:25:00Z,46,0.538,,,Provisional/Provisoire,,
05EA010,2026-07-30T14:30:00Z,46,0.539,,,Provisional/Provisoire,,
05EA010,2026-07-30T14:35:00Z,46,0.538,,,Provisional/Provisoire,,
05EA010,2026-07-30T14:40:00Z,46,0.538,,,Provisional/Provisoire,,
05EA010,2026-07-30T14:45:00Z,46,0.538,,,Provisional/Provisoire,,
05EA010,2026-07-30T14:50:00Z,46,0.537,,,Provisional/Provisoire,,
05EA010,2026-07-30T14:55:00Z,46,0.537,,,Provisional/Provisoire,,
05EA010,2026-07-30T15:00:00Z,46,0.537,,,Provisional/Provisoire,,
05EA010,2026-07-30T15:05:00Z,46,0.537,,,Provisional/Provisoire,,
05EA010,2026-07-30T15:10:00Z,46,0.536,,,Provisional/Provisoire,,
05EA010,2026-07-30T15:15:00Z,46,0.537,,,Provisional/Provisoire,,
05EA010,2026-07-30T15:20:00Z,46,0.537,,,Provisional/Provisoire,,
05EA010,2026-07-30T15:25:00Z,46,0.536,,,Provisional/Provisoire,,
05EA010,2026-07-30T15:30:00Z,46,0.535,,,Provisional/Provisoire,,
05EA010,2026-07-30T15:35:00Z,46,0.536,,,Provisional/Provisoire,,
05EA010,2026-07-30T15:40:00Z,46,0.536,,,Provisional/Provisoire,,
05EA010,2026-07-30T15:45:00Z,46,0.535,,,Provisional/Provisoire,,
05EA010,2026-07-30T15:50:00Z,46,0.535,,,Provisional/Provisoire,,
05EA010,2026-07-30T15:55:00Z,46,0.535,,,Provisional/Provisoire,,
05EA010,2026-07-30T16:00:00Z,46,0.535,,,Provisional/Provisoire,,
05EA010,2026-07-30T16:05:00Z,46,0.534,,,Provisional/Provisoire,,
05EA010,2026-07-30T16:10:00Z,46,0.534,,,Provisional/Provisoire,,
05EA010,2026-07-30T16:15:00Z,46,0.534,,,Provisional/Provisoire,,
05EA010,2026-07-30T16:20:00Z,46,0.535,,,Provisional/Provisoire,,
05EA010,2026-07-30T16:25:00Z,46,0.533,,,Provisional/Provisoire,,
05EA010,2026-07-30T16:30:00Z,46,0.533,,,Provisional/Provisoire,,
05EA010,2026-07-30T16:35:00Z,46,0.533,,,Provisional/Provisoire,,
05EA010,2026-07-30T16:40:00Z,46,0.533,,,Provisional/Provisoire,,
05EA010,2026-07-30T16:45:00Z,46,0.533,,,Provisional/Provisoire,,
05EA010,2026-07-30T16:50:00Z,46,0.532,,,Provisional/Provisoire,,
05EA010,2026-07-30T16:55:00Z,46,0.533,,,Provisional/Provisoire,,
05EA010,2026-07-30T17:00:00Z,46,0.533,,,Provisional/Provisoire,,
05EA010,2026-07-30T17:05:00Z,46,0.533,,,Provisional/Provisoire,,
05EA010,2026-07-30T17:10:00Z,46,0.532,,,Provisional/Provisoire,,
05EA010,2026-07-30T17:15:00Z,46,0.531,,,Provisional/Provisoire,,
05EA010,2026-07-30T17:20:00Z,46,0.532,,,Provisional/Provisoire,,
05EA010,2026-07-30T17:25:00Z,46,0.532,,,Provisional/Provisoire,,
05EA010,2026-07-30T17:30:00Z,46,0.531,,,Provisional/Provisoire,,
05EA010,2026-07-30T17:35:00Z,46,0.531,,,Provisional/Provisoire,,
05EA010,2026-07-30T17:40:00Z,46,0.531,,,Provisional/Provisoire,,
05EA010,2026-07-30T17:45:00Z,46,0.531,,,Provisional/Provisoire,,
05EA010,2026-07-30T17:50:00Z,46,0.530,,,Provisional/Provisoire,,
05EA010,2026-07-30T17:55:00Z,46,0.531,,,Provisional/Provisoire,,
05EA010,2026-07-30T18:00:00Z,46,0.530,,,Provisional/Provisoire,,
05EA010,2026-07-30T18:05:00Z,46,0.530,,,Provisional/Provisoire,,
05EA010,2026-07-30T18:10:00Z,46,0.530,,,Provisional/Provisoire,,
05EA010,2026-07-30T18:15:00Z,46,0.530,,,Provisional/Provisoire,,
05EA010,2026-07-30T18:20:00Z,46,0.529,,,Provisional/Provisoire,,
05EA010,2026-07-30T18:25:00Z,46,0.529,,,Provisional/Provisoire,,
05EA010,2026-07-30T18:30:00Z,46,0.529,,,Provisional/Provisoire,,
05EA010,2026-07-30T18:35:00Z,46,0.530,,,Provisional/Provisoire,,
05EA010,2026-07-30T18:40:00Z,46,0.529,,,Provisional/Provisoire,,
05EA010,2026-07-30T18:45:00Z,46,0.529,,,Provisional/Provisoire,,
05EA010,2026-07-30T18:50:00Z,46,0.528,,,Provisional/Provisoire,,
05EA010,2026-07-30T18:55:00Z,46,0.528,,,Provisional/Provisoire,,
05EA010,2026-07-30T19:00:00Z,46,0.529,,,Provisional/Provisoire,,
05EA010,2026-07-30T19:05:00Z,46,0.528,,,Provisional/Provisoire,,
05EA010,2026-07-30T19:10:00Z,46,0.528,,,Provisional/Provisoire,,
05EA010,2026-07-30T19:15:00Z,46,0.527,,,Provisional/Provisoire,,
05EA010,2026-07-30T19:20:00Z,46,0.527,,,Provisional/Provisoire,,
05EA010,2026-07-30T19:25:00Z,46,0.528,,,Provisional/Provisoire,,
05EA010,2026-07-30T19:30:00Z,46,0.527,,,Provisional/Provisoire,,
05EA010,2026-07-30T19:35:00Z,46,0.527,,,Provisional/Provisoire,,
05EA010,2026-07-30T19:40:00Z,46,0.527,,,Provisional/Provisoire,,
05EA010,2026-07-30T19:45:00Z,46,0.527,,,Provisional/Provisoire,,
05EA010,2026-07-30T19:50:00Z,46,0.526,,,Provisional/Provisoire,,
05EA010,2026-07-30T19:55:00Z,46,0.526,,,Provisional/Provisoire,,
05EA010,2026-07-30T20:00:00Z,46,0.526,,,Provisional/Provisoire,,
05EA010,2026-07-30T20:05:00Z,46,0.527,,,Provisional/Provisoire,,
05EA010,2026-07-30T20:10:00Z,46,0.526,,,Provisional/Provisoire,,
05EA010,2026-07-30T20:15:00Z,46,0.526,,,Provisional/Provisoire,,
05EA010,2026-07-30T20:20:00Z,46,0.526,,,Provisional/Provisoire,,
05EA010,2026-07-30T20:25:00Z,46,0.526,,,Provisional/Provisoire,,
05EA010,2026-07-30T20:30:00Z,46,0.525,,,Provisional/Provisoire,,
05EA010,2026-07-30T20:35:00Z,46,0.525,,,Provisional/Provisoire,,
05EA010,2026-07-30T20:40:00Z,46,0.525,,,Provisional/Provisoire,,
05EA010,2026-07-30T20:45:00Z,46,0.526,,,Provisional/Provisoire,,
05EA010,2026-07-30T20:50:00Z,46,0.527,,,Provisional/Provisoire,,
05EA010,2026-07-30T20:55:00Z,46,0.527,,,Provisional/Provisoire,,
05EA010,2026-07-30T21:00:00Z,46,0.529,,,Provisional/Provisoire,,
05EA010,2026-07-30T21:05:00Z,46,0.531,,,Provisional/Provisoire,,
05EA010,2026-07-30T21:10:00Z,46,0.535,,,Provisional/Provisoire,,
05EA010,2026-07-30T21:15:00Z,46,0.539,,,Provisional/Provisoire,,
05EA010,2026-07-30T21:20:00Z,46,0.544,,,Provisional/Provisoire,,
05EA010,2026-07-30T21:25:00Z,46,0.550,,,Provisional/Provisoire,,
05EA010,2026-07-30T21:30:00Z,46,0.557,,,Provisional/Provisoire,,
05EA010,2026-07-30T21:35:00Z,46,0.564,,,Provisional/Provisoire,,
05EA010,2026-07-30T21:40:00Z,46,0.571,,,Provisional/Provisoire,,
05EA010,2026-07-30T21:45:00Z,46,0.576,,,Provisional/Provisoire,,
05EA010,2026-07-30T21:50:00Z,46,0.580,,,Provisional/Provisoire,,
05EA010,2026-07-30T21:55:00Z,46,0.584,,,Provisional/Provisoire,,
05EA010,2026-07-30T22:00:00Z,46,0.587,,,Provisional/Provisoire,,
05EA010,2026-07-30T22:05:00Z,46,0.589,,,Provisional/Provisoire,,
05EA010,2026-07-30T22:10:00Z,46,0.591,,,Provisional/Provisoire,,
05EA010,2026-07-30T22:15:00Z,46,0.591,,,Provisional/Provisoire,,
05EA010,2026-07-30T22:20:00Z,46,0.591,,,Provisional/Provisoire,,
05EA010,2026-07-30T22:25:00Z,46,0.591,,,Provisional/Provisoire,,
05EA010,2026-07-30T22:30:00Z,46,0.590,,,Provisional/Provisoire,,
05EA010,2026-07-30T22:35:00Z,46,0.589,,,Provisional/Provisoire,,
05EA010,2026-07-30T22:40:00Z,46,0.587,,,Provisional/Provisoire,,
05EA010,2026-07-30T22:45:00Z,46,0.586,,,Provisional/Provisoire,,
05EA010,2026-07-30T22:50:00Z,46,0.584,,,Provisional/Provisoire,,
05EA010,2026-07-30T22:55:00Z,46,0.583,,,Provisional/Provisoire,,
05EA010,2026-07-30T23:00:00Z,46,0.581,,,Provisional/Provisoire,,
05EA010,2026-07-30T23:05:00Z,46,0.579,,,Provisional/Provisoire,,
05EA010,2026-07-30T23:10:00Z,46,0.578,,,Provisional/Provisoire,,
05EA010,2026-07-30T23:15:00Z,46,0.577,,,Provisional/Provisoire,,
05EA010,2026-07-30T23:20:00Z,46,0.576,,,Provisional/Provisoire,,
05EA010,2026-07-30T23:25:00Z,46,0.576,,,Provisional/Provisoire,,
05EA010,2026-07-30T23:30:00Z,46,0.575,,,Provisional/Provisoire,,
05EA010,2026-07-30T23:35:00Z,46,0.575,,,Provisional/Provisoire,,
05EA010,2026-07-30T23:40:00Z,46,0.575,,,Provisional/Provisoire,,
05EA010,2026-07-30T23:45:00Z,46,0.576,,,Provisional/Provisoire,,
05EA010,2026-07-30T23:50:00Z,46,0.576,,,Provisional/Provisoire,,
05EA010,2026-07-30T23:55:00Z,46,0.577,,,Provisional/Provisoire,,
05EA010,2026-07-31T00:00:00Z,46,0.578,,,Provisional/Provisoire,,
05EA010,2026-07-31T00:05:00Z,46,0.577,,,Provisional/Provisoire,,
05EA010,2026-07-31T00:10:00Z,46,0.578,,,Provisional/Provisoire,,
05EA010,2026-07-31T00:15:00Z,46,0.577,,,Provisional/Provisoire,,
05EA010,2026-07-31T00:20:00Z,46,0.578,,,Provisional/Provisoire,,
05EA010,2026-07-31T00:25:00Z,46,0.577,,,Provisional/Provisoire,,
05EA010,2026-07-31T00:30:00Z,46,0.578,,,Provisional/Provisoire,,
05EA010,2026-07-31T00:35:00Z,46,0.577,,,Provisional/Provisoire,,
05EA010,2026-07-31T00:40:00Z,46,0.575,,,Provisional/Provisoire,,
05EA010,2026-07-31T00:45:00Z,46,0.575,,,Provisional/Provisoire,,
05EA010,2026-07-31T00:50:00Z,46,0.575,,,Provisional/Provisoire,,
05EA010,2026-07-31T00:55:00Z,46,0.572,,,Provisional/Provisoire,,
05EA010,2026-07-31T01:00:00Z,46,0.571,,,Provisional/Provisoire,,
05EA010,2026-07-31T01:05:00Z,46,0.569,,,Provisional/Provisoire,,
05EA010,2026-07-31T01:10:00Z,46,0.567,,,Provisional/Provisoire,,
05EA010,2026-07-31T01:15:00Z,46,0.566,,,Provisional/Provisoire,,
05EA010,2026-07-31T01:20:00Z,46,0.564,,,Provisional/Provisoire,,
05EA010,2026-07-31T01:25:00Z,46,0.562,,,Provisional/Provisoire,,
05EA010,2026-07-31T01:30:00Z,46,0.560,,,Provisional/Provisoire,,
05EA010,2026-07-31T01:35:00Z,46,0.558,,,Provisional/Provisoire,,
05EA010,2026-07-31T01:40:00Z,46,0.556,,,Provisional/Provisoire,,
05EA010,2026-07-31T01:45:00Z,46,0.555,,,Provisional/Provisoire,,
05EA010,2026-07-31T01:50:00Z,46,0.553,,,Provisional/Provisoire,,
05EA010,2026-07-31T01:55:00Z,46,0.551,,,Provisional/Provisoire,,
05EA010,2026-07-31T02:00:00Z,46,0.549,,,Provisional/Provisoire,,
05EA010,2026-07-31T02:05:00Z,46,0.548,,,Provisional/Provisoire,,
05EA010,2026-07-31T02:10:00Z,46,0.546,,,Provisional/Provisoire,,
05EA010,2026-07-31T02:15:00Z,46,0.544,,,Provisional/Provisoire,,
05EA010,2026-07-31T02:20:00Z,46,0.543,,,Provisional/Provisoire,,
05EA010,2026-07-31T02:25:00Z,46,0.542,,,Provisional/Provisoire,,
05EA010,2026-07-31T02:30:00Z,46,0.541,,,Provisional/Provisoire,,
05EA010,2026-07-31T02:35:00Z,46,0.539,,,Provisional/Provisoire,,
05EA010,2026-07-31T02:40:00Z,46,0.538,,,Provisional/Provisoire,,
05EA010,2026-07-31T02:45:00Z,46,0.536,,,Provisional/Provisoire,,
05EA010,2026-07-31T02:50:00Z,46,0.536,,,Provisional/Provisoire,,
05EA010,2026-07-31T02:55:00Z,46,0.534,,,Provisional/Provisoire,,
05EA010,2026-07-31T03:00:00Z,46,0.533,,,Provisional/Provisoire,,
05EA010,2026-07-31T03:05:00Z,46,0.532,,,Provisional/Provisoire,,
05EA010,2026-07-31T03:10:00Z,46,0.531,,,Provisional/Provisoire,,
05EA010,2026-07-31T03:15:00Z,46,0.529,,,Provisional/Provisoire,,
05EA010,2026-07-31T03:20:00Z,46,0.528,,,Provisional/Provisoire,,
05EA010,2026-07-31T03:25:00Z,46,0.528,,,Provisional/Provisoire,,
05EA010,2026-07-31T03:30:00Z,46,0.526,,,Provisional/Provisoire,,
05EA010,2026-07-31T03:35:00Z,46,0.526,,,Provisional/Provisoire,,
05EA010,2026-07-31T03:40:00Z,46,0.526,,,Provisional/Provisoire,,
05EA010,2026-07-31T03:45:00Z,46,0.524,,,Provisional/Provisoire,,
05EA010,2026-07-31T03:50:00Z,46,0.523,,,Provisional/Provisoire,,
05EA010,2026-07-31T03:55:00Z,46,0.523,,,Provisional/Provisoire,,
05EA010,2026-07-31T04:00:00Z,46,0.522,,,Provisional/Provisoire,,
05EA010,2026-07-31T04:05:00Z,46,0.522,,,Provisional/Provisoire,,
05EA010,2026-07-31T04:10:00Z,46,0.521,,,Provisional/Provisoire,,
05EA010,2026-07-31T04:15:00Z,46,0.520,,,Provisional/Provisoire,,
05EA010,2026-07-31T04:20:00Z,46,0.520,,,Provisional/Provisoire,,
05EA010,2026-07-31T04:25:00Z,46,0.519,,,Provisional/Provisoire,,
05EA010,2026-07-31T04:30:00Z,46,0.519,,,Provisional/Provisoire,,
05EA010,2026-07-31T04:35:00Z,46,0.518,,,Provisional/Provisoire,,
05EA010,2026-07-31T04:40:00Z,46,0.517,,,Provisional/Provisoire,,
05EA010,2026-07-31T04:45:00Z,46,0.518,,,Provisional/Provisoire,,
05EA010,2026-07-31T04:50:00Z,46,0.517,,,Provisional/Provisoire,,
05EA010,2026-07-31T04:55:00Z,46,0.516,,,Provisional/Provisoire,,
05EA010,2026-07-31T05:00:00Z,46,0.515,,,Provisional/Provisoire,,
05EA010,2026-07-31T05:05:00Z,46,0.515,,,Provisional/Provisoire,,
05EA010,2026-07-31T05:10:00Z,46,0.515,,,Provisional/Provisoire,,
05EA010,2026-07-31T05:15:00Z,46,0.514,,,Provisional/Provisoire,,
05EA010,2026-07-31T05:20:00Z,46,0.513,,,Provisional/Provisoire,,
05EA010,2026-07-31T05:25:00Z,46,0.512,,,Provisional/Provisoire,,
05EA010,2026-07-31T05:30:00Z,46,0.512,,,Provisional/Provisoire,,
05EA010,2026-07-31T05:35:00Z,46,0.512,,,Provisional/Provisoire,,
05EA010,2026-07-31T05:40:00Z,46,0.511,,,Provisional/Provisoire,,
05EA010,2026-07-31T05:45:00Z,46,0.511,,,Provisional/Provisoire,,
05EA010,2026-07-31T05:50:00Z,46,0.510,,,Provisional/Provisoire,,
05EA010,2026-07-31T05:55:00Z,46,0.509,,,Provisional/Provisoire,,
05EA010,2026-07-31T06:00:00Z,46,0.510,,,Provisional/Provisoire,,
05EA010,2026-07-31T06:05:00Z,46,0.509,,,Provisional/Provisoire,,
05EA010,2026-07-31T06:10:00Z,46,0.509,,,Provisional/Provisoire,,
05EA010,2026-07-31T06:15:00Z,46,0.508,,,Provisional/Provisoire,,
05EA010,2026-07-31T06:20:00Z,46,0.507,,,Provisional/Provisoire,,
05EA010,2026-07-31T06:25:00Z,46,0.507,,,Provisional/Provisoire,,
05EA010,2026-07-31T06:30:00Z,46,0.506,,,Provisional/Provisoire,,
05EA010,2026-07-31T06:35:00Z,46,0.506,,,Provisional/Provisoire,,
05EA010,2026-07-31T06:40:00Z,46,0.506,,,Provisional/Provisoire,,
05EA010,2026-07-31T06:45:00Z,46,0.505,,,Provisional/Provisoire,,
05EA010,2026-07-31T06:50:00Z,46,0.504,,,Provisional/Provisoire,,
05EA010,2026-07-31T06:55:00Z,46,0.504,,,Provisional/Provisoire,,
05EA010,2026-07-31T07:00:00Z,46,0.504,,,Provisional/Provisoire,,
05EA010,2026-07-31T07:05:00Z,46,0.503,,,Provisional/Provisoire,,
05EA010,2026-07-31T07:10:00Z,46,0.503,,,Provisional/Provisoire,,
05EA010,2026-07-31T07:15:00Z,46,0.502,,,Provisional/Provisoire,,
05EA010,2026-07-31T07:20:00Z,46,0.503,,,Provisional/Provisoire,,
05EA010,2026-07-31T07:25:00Z,46,0.502,,,Provisional/Provisoire,,
05EA010,2026-07-31T07:30:00Z,46,0.502,,,Provisional/Provisoire,,
05EA010,2026-07-31T07:35:00Z,46,0.502,,,Provisional/Provisoire,,
05EA010,2026-07-31T07:40:00Z,46,0.502,,,Provisional/Provisoire,,
05EA010,2026-07-31T07:45:00Z,46,0.502,,,Provisional/Provisoire,,
05EA010,2026-07-31T07:50:00Z,46,0.501,,,Provisional/Provisoire,,
05EA010,2026-07-31T07:55:00Z,46,0.501,,,Provisional/Provisoire,,
05EA010,2026-07-31T08:00:00Z,46,0.500,,,Provisional/Provisoire,,
05EA010,2026-07-31T08:05:00Z,46,0.501,,,Provisional/Provisoire,,
05EA010,2026-07-31T08:10:00Z,46,0.500,,,Provisional/Provisoire,,
05EA010,2026-07-31T08:15:00Z,46,0.500,,,Provisional/Provisoire,,
05EA010,2026-07-31T08:20:00Z,46,0.500,,,Provisional/Provisoire,,
05EA010,2026-07-31T08:25:00Z,46,0.499,,,Provisional/Provisoire,,
05EA010,2026-07-31T08:30:00Z,46,0.499,,,Provisional/Provisoire,,
05EA010,2026-07-31T08:35:00Z,46,0.499,,,Provisional/Provisoire,,
05EA010,2026-07-31T08:40:00Z,46,0.499,,,Provisional/Provisoire,,
05EA010,2026-07-31T08:45:00Z,46,0.499,,,Provisional/Provisoire,,
05EA010,2026-07-31T08:50:00Z,46,0.500,,,Provisional/Provisoire,,
05EA010,2026-07-31T08:55:00Z,46,0.499,,,Provisional/Provisoire,,
05EA010,2026-07-31T09:00:00Z,46,0.499,,,Provisional/Provisoire,,
05EA010,2026-07-31T09:05:00Z,46,0.499,,,Provisional/Provisoire,,
05EA010,2026-07-31T09:10:00Z,46,0.499,,,Provisional/Provisoire,,
05EA010,2026-07-31T09:15:00Z,46,0.499,,,Provisional/Provisoire,,
05EA010,2026-07-31T09:20:00Z,46,0.499,,,Provisional/Provisoire,,
05EA010,2026-07-31T09:25:00Z,46,0.499,,,Provisional/Provisoire,,
05EA010,2026-07-31T09:30:00Z,46,0.498,,,Provisional/Provisoire,,
05EA010,2026-07-31T09:35:00Z,46,0.498,,,Provisional/Provisoire,,
05EA010,2026-07-31T09:40:00Z,46,0.498,,,Provisional/Provisoire,,
05EA010,2026-07-31T09:45:00Z,46,0.497,,,Provisional/Provisoire,,
05EA010,2026-07-31T09:50:00Z,46,0.497,,,Provisional/Provisoire,,
05EA010,2026-07-31T09:55:00Z,46,0.497,,,Provisional/Provisoire,,
05EA010,2026-07-31T10:00:00Z,46,0.497,,,Provisional/Provisoire,,
05EA010,2026-07-31T10:05:00Z,46,0.496,,,Provisional/Provisoire,,
05EA010,2026-07-31T10:10:00Z,46,0.496,,,Provisional/Provisoire,,
05EA010,2026-07-31T10:15:00Z,46,0.495,,,Provisional/Provisoire,,
05EA010,2026-07-31T10:20:00Z,46,0.495,,,Provisional/Provisoire,,
05EA010,2026-07-31T10:25:00Z,46,0.496,,,Provisional/Provisoire,,
05EA010,2026-07-31T10:30:00Z,46,0.495,,,Provisional/Provisoire,,
05EA010,2026-07-31T10:35:00Z,46,0.494,,,Provisional/Provisoire,,
05EA010,2026-07-31T10:40:00Z,46,0.494,,,Provisional/Provisoire,,
05EA010,2026-07-31T10:45:00Z,46,0.494,,,Provisional/Provisoire,,
05EA010,2026-07-31T10:50:00Z,46,0.493,,,Provisional/Provisoire,,
05EA010,2026-07-31T10:55:00Z,46,0.493,,,Provisional/Provisoire,,
05EA010,2026-07-31T11:00:00Z,46,0.493,,,Provisional/Provisoire,,
05EA010,2026-07-31T11:05:00Z,46,0.492,,,Provisional/Provisoire,,
05EA010,2026-07-31T11:10:00Z,46,0.493,,,Provisional/Provisoire,,
05EA010,2026-07-31T11:15:00Z,46,0.491,,,Provisional/Provisoire,,
05EA010,2026-07-31T11:20:00Z,46,0.492,,,Provisional/Provisoire,,
05EA010,2026-07-31T11:25:00Z,46,0.492,,,Provisional/Provisoire,,
05EA010,2026-07-31T11:30:00Z,46,0.492,,,Provisional/Provisoire,,
05EA010,2026-07-31T11:35:00Z,46,0.492,,,Provisional/Provisoire,,
05EA010,2026-07-31T11:40:00Z,46,0.492,,,Provisional/Provisoire,,
05EA010,2026-07-31T11:45:00Z,46,0.492,,,Provisional/Provisoire,,
05EA010,2026-07-31T11:50:00Z,46,0.492,,,Provisional/Provisoire,,
05EA010,2026-07-31T11:55:00Z,46,0.492,,,Provisional/Provisoire,,
05EA010,2026-07-31T12:00:00Z,46,0.492,,,Provisional/Provisoire,,
05EA010,2026-07-31T12:05:00Z,46,0.492,,,Provisional/Provisoire,,
05EA010,2026-07-31T12:10:00Z,46,0.492,,,Provisional/Provisoire,,
05EA010,2026-07-31T12:15:00Z,46,0.492,,,Provisional/Provisoire,,
05EA010,2026-07-31T12:20:00Z,46,0.491,,,Provisional/Provisoire,,
05EA010,2026-07-31T12:25:00Z,46,0.491,,,Provisional/Provisoire,,
05EA010,2026-07-31T12:30:00Z,46,0.490,,,Provisional/Provisoire,,
05EA010,2026-07-31T12:35:00Z,46,0.491,,,Provisional/Provisoire,,
05EA010,2026-07-31T12:40:00Z,46,0.490,,,Provisional/Provisoire,,
05EA010,2026-07-31T12:45:00Z,46,0.491,,,Provisional/Provisoire,,
05EA010,2026-07-31T12:50:00Z,46,0.490,,,Provisional/Provisoire,,
05EA010,2026-07-31T12:55:00Z,46,0.490,,,Provisional/Provisoire,,
05EA010,2026-07-31T13:00:00Z,46,0.490,,,Provisional/Provisoire,,
05EA010,2026-07-31T13:05:00Z,46,0.489,,,Provisional/Provisoire,,
05EA010,2026-07-31T13:10:00Z,46,0.489,,,Provisional/Provisoire,,
05EA010,2026-07-31T13:15:00Z,46,0.489,,,Provisional/Provisoire,,
05EA010,2026-07-31T13:20:00Z,46,0.489,,,Provisional/Provisoire,,
05EA010,2026-07-31T13:25:00Z,46,0.488,,,Provisional/Provisoire,,
05EA010,2026-07-31T13:30:00Z,46,0.487,,,Provisional/Provisoire,,
05EA010,2026-07-31T13:35:00Z,46,0.487,,,Provisional/Provisoire,,
05EA010,2026-07-31T13:40:00Z,46,0.486,,,Provisional/Provisoire,,
05EA010,2026-07-31T13:45:00Z,46,0.486,,,Provisional/Provisoire,,
05EA010,2026-07-31T13:50:00Z,46,0.486,,,Provisional/Provisoire,,
05EA010,2026-07-31T13:55:00Z,46,0.485,,,Provisional/Provisoire,,
05EA010,2026-07-31T14:00:00Z,46,0.485,,,Provisional/Provisoire,,
05EA010,2026-07-31T14:05:00Z,46,0.484,,,Provisional/Provisoire,,
05EA010,2026-07-31T14:10:00Z,46,0.483,,,Provisional/Provisoire,,
05EA010,2026-07-31T14:15:00Z,46,0.483,,,Provisional/Provisoire,,
05EA010,2026-07-31T14:20:00Z,46,0.483,,,Provisional/Provisoire,,
05EA010,2026-07-31T14:25:00Z,46,0.482,,,Provisional/Provisoire,,
05EA010,2026-07-31T14:30:00Z,46,0.482,,,Provisional/Provisoire,,
05EA010,2026-07-31T14:35:00Z,46,0.481,,,Provisional/Provisoire,,
05EA010,2026-07-31T14:40:00Z,46,0.481,,,Provisional/Provisoire,,
05EA010,2026-07-31T14:45:00Z,46,0.481,,,Provisional/Provisoire,,
05EA010,2026-07-31T14:50:00Z,46,0.481,,,Provisional/Provisoire,,
05EA010,2026-07-31T14:55:00Z,46,0.481,,,Provisional/Provisoire,,
05EA010,2026-07-31T15:00:00Z,46,0.481,,,Provisional/Provisoire,,
05EA010,2026-07-31T15:05:00Z,46,0.480,,,Provisional/Provisoire,,
05EA010,2026-07-31T15:10:00Z,46,0.480,,,Provisional/Provisoire,,
05EA010,2026-07-31T15:15:00Z,46,0.480,,,Provisional/Provisoire,,
05EA010,2026-07-31T15:20:00Z,46,0.479,,,Provisional/Provisoire,,
05EA010,2026-07-31T15:25:00Z,46,0.479,,,Provisional/Provisoire,,
05EA010,2026-07-31T15:30:00Z,46,0.479,,,Provisional/Provisoire,,
05EA010,2026-07-31T15:35:00Z,46,0.479,,,Provisional/Provisoire,,
05EA010,2026-07-31T15:40:00Z,46,0.479,,,Provisional/Provisoire,,
05EA010,2026-07-31T15:45:00Z,46,0.479,,,Provisional/Provisoire,,
05EA010,2026-07-31T15:50:00Z,46,0.479,,,Provisional/Provisoire,,
05EA010,2026-07-31T15:55:00Z,46,0.479,,,Provisional/Provisoire,,
05EA010,2026-07-31T16:00:00Z,46,0.479,,,Provisional/Provisoire,,
05EA010,2026-07-31T16:05:00Z,46,0.479,,,Provisional/Provisoire,,
05EA010,2026-07-31T16:10:00Z,46,0.479,,,Provisional/Provisoire,,
05EA010,2026-07-31T16:15:00Z,46,0.479,,,Provisional/Provisoire,,
05EA010,2026-07-31T16:20:00Z,46,0.478,,,Provisional/Provisoire,,
05EA010,2026-07-31T16:25:00Z,46,0.479,,,Provisional/Provisoire,,
05EA010,2026-07-31T16:30:00Z,46,0.478,,,Provisional/Provisoire,,
05EA010,2026-07-31T16:35:00Z,46,0.479,,,Provisional/Provisoire,,
05EA010,2026-07-31T16:40:00Z,46,0.478,,,Provisional/Provisoire,,
05EA010,2026-07-31T16:45:00Z,46,0.478,,,Provisional/Provisoire,,
05EA010,2026-07-31T16:50:00Z,46,0.478,,,Provisional/Provisoire,,
05EA010,2026-07-31T16:55:00Z,46,0.478,,,Provisional/Provisoire,,
05EA010,2026-07-31T17:00:00Z,46,0.479,,,Provisional/Provisoire,,
05EA010,2026-07-31T17:05:00Z,46,0.479,,,Provisional/Provisoire,,
05EA010,2026-07-31T17:10:00Z,46,0.478,,,Provisional/Provisoire,,
05EA010,2026-07-31T17:15:00Z,46,0.479,,,Provisional/Provisoire,,
05EA010,2026-07-31T17:20:00Z,46,0.479,,,Provisional/Provisoire,,
05EA010,2026-07-31T17:25:00Z,46,0.480,,,Provisional/Provisoire,,
05EA010,2026-07-31T17:30:00Z,46,0.479,,,Provisional/Provisoire,,
05EA010,2026-07-31T17:35:00Z,46,0.480,,,Provisional/Provisoire,,
05EA010,2026-07-31T17:40:00Z,46,0.479,,,Provisional/Provisoire,,
05EA010,2026-07-31T17:45:00Z,46,0.479,,,Provisional/Provisoire,,
05EA010,2026-07-31T17:50:00Z,46,0.480,,,Provisional/Provisoire,,
05EA010,2026-07-31T17:55:00Z,46,0.480,,,Provisional/Provisoire,,
05EA010,2026-07-31T18:00:00Z,46,0.480,,,Provisional/Provisoire,,
05EA010,2026-07-31T18:05:00Z,46,0.481,,,Provisional/Provisoire,,
05EA010,2026-07-31T18:10:00Z,46,0.481,,,Provisional/Provisoire,,
05EA010,2026-07-31T18:15:00Z,46,0.480,,,Provisional/Provisoire,,
05EA010,2026-07-31T18:20:00Z,46,0.481,,,Provisional/Provisoire,,
05EA010,2026-07-31T18:25:00Z,46,0.480,,,Provisional/Provisoire,,
05EA010,2026-07-31T18:30:00Z,46,0.481,,,Provisional/Provisoire,,
05EA010,2026-07-31T18:35:00Z,46,0.480,,,Provisional/Provisoire,,
05EA010,2026-07-31T18:40:00Z,46,0.481,,,Provisional/Provisoire,,
05EA010,2026-07-31T18:45:00Z,46,0.481,,,Provisional/Provisoire,,
05EA010,2026-07-31T18:50:00Z,46,0.481,,,Provisional/Provisoire,,
05EA010,2026-07-31T18:55:00Z,46,0.481,,,Provisional/Provisoire,,
05EA010,2026-07-31T19:00:00Z,46,0.481,,,Provisional/Provisoire,,
05EA010,2026-07-31T19:05:00Z,46,0.481,,,Provisional/Provisoire,,
05EA010,2026-07-31T19:10:00Z,46,0.481,,,Provisional/Provisoire,,
05EA010,2026-07-31T19:15:00Z,46,0.481,,,Provisional/Provisoire,,
05EA010,2026-07-31T19:20:00Z,46,0.481,,,Provisional/Provisoire,,
05EA010,2026-07-31T19:25:00Z,46,0.481,,,Provisional/Provisoire,,
05EA010,2026-07-31T19:30:00Z,46,0.481,,,Provisional/Provisoire,,
05EA010,2026-07-31T19:35:00Z,46,0.482,,,Provisional/Provisoire,,
05EA010,2026-07-31T19:40:00Z,46,0.481,,,Provisional/Provisoire,,
05EA010,2026-07-31T19:45:00Z,46,0.481,,,Provisional/Provisoire,,
05EA010,2026-07-31T19:50:00Z,46,0.481,,,Provisional/Provisoire,,
05EA010,2026-07-31T19:55:00Z,46,0.482,,,Provisional/Provisoire,,
05EA010,2026-07-31T20:00:00Z,46,0.481,,,Provisional/Provisoire,,
05EA010,2026-07-31T20:05:00Z,46,0.481,,,Provisional/Provisoire,,
05EA010,2026-07-31T20:10:00Z,46,0.480,,,Provisional/Provisoire,,
05EA010,2026-07-31T20:15:00Z,46,0.481,,,Provisional/Provisoire,,
05EA010,2026-07-31T20:20:00Z,46,0.480,,,Provisional/Provisoire,,
05EA010,2026-07-31T20:25:00Z,46,0.480,,,Provisional/Provisoire,,
05EA010,2026-07-31T20:30:00Z,46,0.481,,,Provisional/Provisoire,,
05EA010,2026-07-31T20:35:00Z,46,0.480,,,Provisional/Provisoire,,
05EA010,2026-07-31T20:40:00Z,46,0.480,,,Provisional/Provisoire,,
05EA010,2026-07-31T20:45:00Z,46,0.480,,,Provisional/Provisoire,,
05EA010,2026-07-31T20:50:00Z,46,0.480,,,Provisional/Provisoire,,
05EA010,2026-07-31T20:55:00Z,46,0.480,,,Provisional/Provisoire,,
05EA010,2026-07-31T21:00:00Z,46,0.479,,,Provisional/Provisoire,,
05EA010,2026-07-31T21:05:00Z,46,0.479,,,Provisional/Provisoire,,
05EA010,2026-07-31T21:10:00Z,46,0.480,,,Provisional/Provisoire,,
05EA010,2026-07-31T21:15:00Z,46,0.480,,,Provisional/Provisoire,,
05EA010,2026-07-31T21:20:00Z,46,0.479,,,Provisional/Provisoire,,
05EA010,2026-07-31T21:25:00Z,46,0.479,,,Provisional/Provisoire,,
05EA010,2026-07-31T21:30:00Z,46,0.479,,,Provisional/Provisoire,,
05EA010,2026-07-31T21:35:00Z,46,0.479,,,Provisional/Provisoire,,
05EA010,2026-07-31T21:40:00Z,46,0.478,,,Provisional/Provisoire,,
05EA010,2026-07-31T21:45:00Z,46,0.478,,,Provisional/Provisoire,,
05EA010,2026-07-31T21:50:00Z,46,0.479,,,Provisional/Provisoire,,
05EA010,2026-07-31T21:55:00Z,46,0.479,,,Provisional/Provisoire,,
05EA010,2026-07-31T22:00:00Z,46,0.478,,,Provisional/Provisoire,,
05EA010,2026-07-31T22:05:00Z,46,0.478,,,Provisional/Provisoire,,
05EA010,2026-07-31T22:10:00Z,46,0.478,,,Provisional/Provisoire,,
05EA010,2026-07-31T22:15:00Z,46,0.478,,,Provisional/Provisoire,,
05EA010,2026-07-31T22:20:00Z,46,0.478,,,Provisional/Provisoire,,
05EA010,2026-07-31T22:25:00Z,46,0.477,,,Provisional/Provisoire,,
05EA010,2026-07-31T22:30:00Z,46,0.478,,,Provisional/Provisoire,,
05EA010,2026-07-31T22:35:00Z,46,0.478,,,Provisional/Provisoire,,
05EA010,2026-07-31T22:40:00Z,46,0.478,,,Provisional/Provisoire,,
05EA010,2026-07-31T22:45:00Z,46,0.477,,,Provisional/Provisoire,,
05EA010,2026-07-31T22:50:00Z,46,0.477,,,Provisional/Provisoire,,
05EA010,2026-07-31T22:55:00Z,46,0.477,,,Provisional/Provisoire,,
05EA010,2026-07-31T23:00:00Z,46,0.476,,,Provisional/Provisoire,,
05EA010,2026-07-31T23:05:00Z,46,0.476,,,Provisional/Provisoire,,
05EA010,2026-07-31T23:10:00Z,46,0.476,,,Provisional/Provisoire,,
05EA010,2026-07-31T23:15:00Z,46,0.476,,,Provisional/Provisoire,,
05EA010,2026-07-31T23:20:00Z,46,0.476,,,Provisional/Provisoire,,
05EA010,2026-07-31T23:25:00Z,46,0.476,,,Provisional/Provisoire,,
05EA010,2026-07-31T23:30:00Z,46,0.476,,,Provisional/Provisoire,,
05EA010,2026-07-31T23:35:00Z,46,0.475,,,Provisional/Provisoire,,
05EA010,2026-07-31T23:40:00Z,46,0.474,,,Provisional/Provisoire,,
05EA010,2026-07-31T23:45:00Z,46,0.474,,,Provisional/Provisoire,,
05EA010,2026-07-31T23:50:00Z,46,0.475,,,Provisional/Provisoire,,
05EA010,2026-07-31T23:55:00Z,46,0.475,,,Provisional/Provisoire,,
05EA010,2026-08-01T00:00:00Z,46,0.475,,,Provisional/Provisoire,,
05EA010,2026-08-01T00:05:00Z,46,0.474,,,Provisional/Provisoire,,
05EA010,2026-08-01T00:10:00Z,46,0.475,,,Provisional/Provisoire,,
05EA010,2026-08-01T00:15:00Z,46,0.475,,,Provisional/Provisoire,,
05EA010,2026-08-01T00:20:00Z,46,0.474,,,Provisional/Provisoire,,
05EA010,2026-08-01T00:25:00Z,46,0.474,,,Provisional/Provisoire,,
05EA010,2026-08-01T00:30:00Z,46,0.474,,,Provisional/Provisoire,,
05EA010,2026-08-01T00:35:00Z,46,0.473,,,Provisional/Provisoire,,
05EA010,2026-08-01T00:40:00Z,46,0.474,,,Provisional/Provisoire,,
05EA010,2026-08-01T00:45:00Z,46,0.473,,,Provisional/Provisoire,,
05EA010,2026-08-01T00:50:00Z,46,0.472,,,Provisional/Provisoire,,
05EA010,2026-08-01T00:55:00Z,46,0.473,,,Provisional/Provisoire,,
05EA010,2026-08-01T01:00:00Z,46,0.473,,,Provisional/Provisoire,,
05EA010,2026-08-01T01:05:00Z,46,0.473,,,Provisional/Provisoire,,
05EA010,2026-08-01T01:10:00Z,46,0.472,,,Provisional/Provisoire,,
05EA010,2026-08-01T01:15:00Z,46,0.472,,,Provisional/Provisoire,,
05EA010,2026-08-01T01:20:00Z,46,0.472,,,Provisional/Provisoire,,
05EA010,2026-08-01T01:25:00Z,46,0.471,,,Provisional/Provisoire,,
05EA010,2026-08-01T01:30:00Z,46,0.471,,,Provisional/Provisoire,,
05EA010,2026-08-01T01:35:00Z,46,0.472,,,Provisional/Provisoire,,
05EA010,2026-08-01T01:40:00Z,46,0.472,,,Provisional/Provisoire,,
05EA010,2026-08-01T01:45:00Z,46,0.471,,,Provisional/Provisoire,,
05EA010,2026-08-01T01:50:00Z,46,0.471,,,Provisional/Provisoire,,
05EA010,2026-08-01T01:55:00Z,46,0.471,,,Provisional/Provisoire,,
05EA010,2026-08-01T02:00:00Z,46,0.471,,,Provisional/Provisoire,,
05EA010,2026-08-01T02:05:00Z,46,0.471,,,Provisional/Provisoire,,
05EA010,2026-08-01T02:10:00Z,46,0.471,,,Provisional/Provisoire,,
05EA010,2026-08-01T02:15:00Z,46,0.471,,,Provisional/Provisoire,,
05EA010,2026-08-01T02:20:00Z,46,0.470,,,Provisional/Provisoire,,
05EA010,2026-08-01T02:25:00Z,46,0.471,,,Provisional/Provisoire,,
05EA010,2026-08-01T02:30:00Z,46,0.470,,,Provisional/Provisoire,,
05EA010,2026-08-01T02:35:00Z,46,0.470,,,Provisional/Provisoire,,
05EA010,2026-08-01T02:40:00Z,46,0.470,,,Provisional/Provisoire,,
05EA010,2026-08-01T02:45:00Z,46,0.470,,,Provisional/Provisoire,,
05EA010,2026-08-01T02:50:00Z,46,0.470,,,Provisional/Provisoire,,
05EA010,2026-08-01T02:55:00Z,46,0.469,,,Provisional/Provisoire,,
05EA010,2026-08-01T03:00:00Z,46,0.469,,,Provisional/Provisoire,,
05EA010,2026-08-01T03:05:00Z,46,0.469,,,Provisional/Provisoire,,
05EA010,2026-08-01T03:10:00Z,46,0.468,,,Provisional/Provisoire,,
05EA010,2026-08-01T03:15:00Z,46,0.468,,,Provisional/Provisoire,,
05EA010,2026-08-01T03:20:00Z,46,0.468,,,Provisional/Provisoire,,
05EA010,2026-08-01T03:25:00Z,46,0.468,,,Provisional/Provisoire,,
05EA010,2026-08-01T03:30:00Z,46,0.467,,,Provisional/Provisoire,,
05EA010,2026-08-01T03:35:00Z,46,0.467,,,Provisional/Provisoire,,
05EA010,2026-08-01T03:40:00Z,46,0.466,,,Provisional/Provisoire,,
05EA010,2026-08-01T03:45:00Z,46,0.465,,,Provisional/Provisoire,,
05EA010,2026-08-01T03:50:00Z,46,0.464,,,Provisional/Provisoire,,
05EA010,2026-08-01T03:55:00Z,46,0.464,,,Provisional/Provisoire,,
05EA010,2026-08-01T04:00:00Z,46,0.463,,,Provisional/Provisoire,,
05EA010,2026-08-01T04:05:00Z,46,0.463,,,Provisional/Provisoire,,
05EA010,2026-08-01T04:10:00Z,46,0.463,,,Provisional/Provisoire,,
05EA010,2026-08-01T04:15:00Z,46,0.462,,,Provisional/Provisoire,,
05EA010,2026-08-01T04:20:00Z,46,0.462,,,Provisional/Provisoire,,
05EA010,2026-08-01T04:25:00Z,46,0.462,,,Provisional/Provisoire,,
05EA010,2026-08-01T04:30:00Z,46,0.462,,,Provisional/Provisoire,,
05EA010,2026-08-01T04:35:00Z,46,0.462,,,Provisional/Provisoire,,
05EA010,2026-08-01T04:40:00Z,46,0.461,,,Provisional/Provisoire,,
05EA010,2026-08-01T04:45:00Z,46,0.462,,,Provisional/Provisoire,,
05EA010,2026-08-01T04:50:00Z,46,0.461,,,Provisional/Provisoire,,
05EA010,2026-08-01T04:55:00Z,46,0.461,,,Provisional/Provisoire,,
05EA010,2026-08-01T05:00:00Z,46,0.461,,,Provisional/Provisoire,,
05EA010,2026-08-01T05:05:00Z,46,0.461,,,Provisional/Provisoire,,
05EA010,2026-08-01T05:10:00Z,46,0.461,,,Provisional/Provisoire,,
05EA010,2026-08-01T05:15:00Z,46,0.461,,,Provisional/Provisoire,,
05EA010,2026-08-01T05:20:00Z,46,0.460,,,Provisional/Provisoire,,
05EA010,2026-08-01T05:25:00Z,46,0.460,,,Provisional/Provisoire,,
05EA010,2026-08-01T05:30:00Z,46,0.460,,,Provisional/Provisoire,,
05EA010,2026-08-01T05:35:00Z,46,0.459,,,Provisional/Provisoire,,
05EA010,2026-08-01T05:40:00Z,46,0.459,,,Provisional/Provisoire,,
05EA010,2026-08-01T05:45:00Z,46,0.459,,,Provisional/Provisoire,,
05EA010,2026-08-01T05:50:00Z,46,0.458,,,Provisional/Provisoire,,
05EA010,2026-08-01T05:55:00Z,46,0.460,,,Provisional/Provisoire,,
05EA010,2026-08-01T06:00:00Z,46,0.459,,,Provisional/Provisoire,,
05EA010,2026-08-01T06:05:00Z,46,0.460,,,Provisional/Provisoire,,
05EA010,2026-08-01T06:10:00Z,46,0.460,,,Provisional/Provisoire,,
05EA010,2026-08-01T06:15:00Z,46,0.459,,,Provisional/Provisoire,,
05EA010,2026-08-01T06:20:00Z,46,0.460,,,Provisional/Provisoire,,
05EA010,2026-08-01T06:25:00Z,46,0.461,,,Provisional/Provisoire,,
05EA010,2026-08-01T06:30:00Z,46,0.460,,,Provisional/Provisoire,,
05EA010,2026-08-01T06:35:00Z,46,0.460,,,Provisional/Provisoire,,
05EA010,2026-08-01T06:40:00Z,46,0.460,,,Provisional/Provisoire,,
05EA010,2026-08-01T06:45:00Z,46,0.460,,,Provisional/Provisoire,,
05EA010,2026-08-01T06:50:00Z,46,0.460,,,Provisional/Provisoire,,
05EA010,2026-08-01T06:55:00Z,46,0.460,,,Provisional/Provisoire,,
05EA010,2026-08-01T07:00:00Z,46,0.460,,,Provisional/Provisoire,,
05EA010,2026-08-01T07:05:00Z,46,0.460,,,Provisional/Provisoire,,
05EA010,2026-08-01T07:10:00Z,46,0.460,,,Provisional/Provisoire,,
05EA010,2026-08-01T07:15:00Z,46,0.460,,,Provisional/Provisoire,,
05EA010,2026-08-01T07:20:00Z,46,0.460,,,Provisional/Provisoire,,
05EA010,2026-08-01T07:25:00Z,46,0.460,,,Provisional/Provisoire,,
05EA010,2026-08-01T07:30:00Z,46,0.460,,,Provisional/Provisoire,,
05EA010,2026-08-01T07:35:00Z,46,0.460,,,Provisional/Provisoire,,
05EA010,2026-08-01T07:40:00Z,46,0.459,,,Provisional/Provisoire,,
05EA010,2026-08-01T07:45:00Z,46,0.459,,,Provisional/Provisoire,,
05EA010,2026-08-01T07:50:00Z,46,0.459,,,Provisional/Provisoire,,
05EA010,2026-08-01T07:55:00Z,46,0.459,,,Provisional/Provisoire,,
05EA010,2026-08-01T08:00:00Z,46,0.459,,,Provisional/Provisoire,,
05EA010,2026-08-01T08:05:00Z,46,0.458,,,Provisional/Provisoire,,
05EA010,2026-08-01T08:10:00Z,46,0.459,,,Provisional/Provisoire,,
05EA010,2026-08-01T08:15:00Z,46,0.458,,,Provisional/Provisoire,,
05EA010,2026-08-01T08:20:00Z,46,0.458,,,Provisional/Provisoire,,
05EA010,2026-08-01T08:25:00Z,46,0.458,,,Provisional/Provisoire,,
05EA010,2026-08-01T08:30:00Z,46,0.457,,,Provisional/Provisoire,,
05EA010,2026-08-01T08:35:00Z,46,0.458,,,Provisional/Provisoire,,
05EA010,2026-08-01T08:40:00Z,46,0.456,,,Provisional/Provisoire,,
05EA010,2026-08-01T08:45:00Z,46,0.456,,,Provisional/Provisoire,,
05EA010,2026-08-01T08:50:00Z,46,0.456,,,Provisional/Provisoire,,
05EA010,2026-08-01T08:55:00Z,46,0.456,,,Provisional/Provisoire,,
05EA010,2026-08-01T09:00:00Z,46,0.455,,,Provisional/Provisoire,,
05EA010,2026-08-01T09:05:00Z,46,0.455,,,Provisional/Provisoire,,
05EA010,2026-08-01T09:10:00Z,46,0.455,,,Provisional/Provisoire,,
05EA010,2026-08-01T09:15:00Z,46,0.454,,,Provisional/Provisoire,,
05EA010,2026-08-01T09:20:00Z,46,0.455,,,Provisional/Provisoire,,
05EA010,2026-08-01T09:25:00Z,46,0.454,,,Provisional/Provisoire,,
05EA010,2026-08-01T09:30:00Z,46,0.454,,,Provisional/Provisoire,,
05EA010,2026-08-01T09:35:00Z,46,0.454,,,Provisional/Provisoire,,
05EA010,2026-08-01T09:40:00Z,46,0.453,,,Provisional/Provisoire,,
05EA010,2026-08-01T09:45:00Z,46,0.453,,,Provisional/Provisoire,,
05EA010,2026-08-01T09:50:00Z,46,0.453,,,Provisional/Provisoire,,
05EA010,2026-08-01T09:55:00Z,46,0.453,,,Provisional/Provisoire,,
05EA010,2026-08-01T10:00:00Z,46,0.453,,,Provisional/Provisoire,,
05EA010,2026-08-01T10:05:00Z,46,0.453,,,Provisional/Provisoire,,
05EA010,2026-08-01T10:10:00Z,46,0.453,,,Provisional/Provisoire,,
05EA010,2026-08-01T10:15:00Z,46,0.453,,,Provisional/Provisoire,,
05EA010,2026-08-01T10:20:00Z,46,0.453,,,Provisional/Provisoire,,
05EA010,2026-08-01T10:25:00Z,46,0.451,,,Provisional/Provisoire,,
05EA010,2026-08-01T10:30:00Z,46,0.452,,,Provisional/Provisoire,,
05EA010,2026-08-01T10:35:00Z,46,0.451,,,Provisional/Provisoire,,
05EA010,2026-08-01T10:40:00Z,46,0.451,,,Provisional/Provisoire,,
05EA010,2026-08-01T10:45:00Z,46,0.450,,,Provisional/Provisoire,,
05EA010,2026-08-01T10:50:00Z,46,0.451,,,Provisional/Provisoire,,
05EA010,2026-08-01T10:55:00Z,46,0.450,,,Provisional/Provisoire,,
05EA010,2026-08-01T11:00:00Z,46,0.450,,,Provisional/Provisoire,,
05EA010,2026-08-01T11:05:00Z,46,0.449,,,Provisional/Provisoire,,
05EA010,2026-08-01T11:10:00Z,46,0.449,,,Provisional/Provisoire,,
05EA010,2026-08-01T11:15:00Z,46,0.449,,,Provisional/Provisoire,,
05EA010,2026-08-01T11:20:00Z,46,0.449,,,Provisional/Provisoire,,
05EA010,2026-08-01T11:25:00Z,46,0.449,,,Provisional/Provisoire,,
05EA010,2026-08-01T11:30:00Z,46,0.449,,,Provisional/Provisoire,,
05EA010,2026-08-01T11:35:00Z,46,0.449,,,Provisional/Provisoire,,
05EA010,2026-08-01T11:40:00Z,46,0.449,,,Provisional/Provisoire,,
05EA010,2026-08-01T11:45:00Z,46,0.450,,,Provisional/Provisoire,,
05EA010,2026-08-01T11:50:00Z,46,0.449,,,Provisional/Provisoire,,
05EA010,2026-08-01T11:55:00Z,46,0.449,,,Provisional/Provisoire,,
05EA010,2026-08-01T12:00:00Z,46,0.449,,,Provisional/Provisoire,,
05EA010,2026-08-01T12:05:00Z,46,0.448,,,Provisional/Provisoire,,
05EA010,2026-08-01T12:10:00Z,46,0.448,,,Provisional/Provisoire,,
05EA010,2026-08-01T12:15:00Z,46,0.448,,,Provisional/Provisoire,,
05EA010,2026-08-01T12:20:00Z,46,0.447,,,Provisional/Provisoire,,
05EA010,2026-08-01T12:25:00Z,46,0.447,,,Provisional/Provisoire,,
05EA010,2026-08-01T12:30:00Z,46,0.447,,,Provisional/Provisoire,,
05EA010,2026-08-01T12:35:00Z,46,0.446,,,Provisional/Provisoire,,
05EA010,2026-08-01T12:40:00Z,46,0.446,,,Provisional/Provisoire,,
05EA010,2026-08-01T12:45:00Z,46,0.445,,,Provisional/Provisoire,,
05EA010,2026-08-01T12:50:00Z,46,0.445,,,Provisional/Provisoire,,
05EA010,2026-08-01T12:55:00Z,46,0.445,,,Provisional/Provisoire,,
05EA010,2026-08-01T13:00:00Z,46,0.445,,,Provisional/Provisoire,,
05EA010,2026-08-01T13:05:00Z,46,0.445,,,Provisional/Provisoire,,
05EA010,2026-08-01T13:10:00Z,46,0.446,,,Provisional/Provisoire,,
05EA010,2026-08-01T13:15:00Z,46,0.445,,,Provisional/Provisoire,,
05EA010,2026-08-01T13:20:00Z,46,0.445,,,Provisional/Provisoire,,
05EA010,2026-08-01T13:25:00Z,46,0.446,,,Provisional/Provisoire,,
05EA010,2026-08-01T13:30:00Z,46,0.445,,,Provisional/Provisoire,,
05EA010,2026-08-01T13:35:00Z,46,0.446,,,Provisional/Provisoire,,
05EA010,2026-08-01T13:40:00Z,46,0.445,,,Provisional/Provisoire,,
05EA010,2026-08-01T13:45:00Z,46,0.445,,,Provisional/Provisoire,,
05EA010,2026-08-01T13:50:00Z,46,0.445,,,Provisional/Provisoire,,
05EA010,2026-08-01T13:55:00Z,46,0.446,,,Provisional/Provisoire,,
05EA010,2026-08-01T14:00:00Z,46,0.445,,,Provisional/Provisoire,,
05EA010,2026-08-01T14:05:00Z,46,0.446,,,Provisional/Provisoire,,
05EA010,2026-08-01T14:10:00Z,46,0.445,,,Provisional/Provisoire,,
05EA010,2026-08-01T14:15:00Z,46,0.445,,,Provisional/Provisoire,,
05EA010,2026-08-01T14:20:00Z,46,0.445,,,Provisional/Provisoire,,
05EA010,2026-08-01T14:25:00Z,46,0.446,,,Provisional/Provisoire,,
05EA010,2026-08-01T14:30:00Z,46,0.446,,,Provisional/Provisoire,,
05EA010,2026-08-01T14:35:00Z,46,0.446,,,Provisional/Provisoire,,
05EA010,2026-08-01T14:40:00Z,46,0.446,,,Provisional/Provisoire,,
05EA010,2026-08-01T14:45:00Z,46,0.446,,,Provisional/Provisoire,,
05EA010,2026-08-01T14:50:00Z,46,0.446,,,Provisional/Provisoire,,
05EA010,2026-08-01T14:55:00Z,46,0.447,,,Provisional/Provisoire,,
05EA010,2026-08-01T15:00:00Z,46,0.447,,,Provisional/Provisoire,,
05EA010,2026-08-01T15:05:00Z,46,0.447,,,Provisional/Provisoire,,
05EA010,2026-08-01T15:10:00Z,46,0.447,,,Provisional/Provisoire,,
05EA010,2026-08-01T15:15:00Z,46,0.447,,,Provisional/Provisoire,,
05EA010,2026-08-01T15:20:00Z,46,0.447,,,Provisional/Provisoire,,
05EA010,2026-08-01T15:25:00Z,46,0.447,,,Provisional/Provisoire,,
05EA010,2026-08-01T15:30:00Z,46,0.447,,,Provisional/Provisoire,,
05EA010,2026-08-01T15:35:00Z,46,0.447,,,Provisional/Provisoire,,
05EA010,2026-08-01T15:40:00Z,46,0.447,,,Provisional/Provisoire,,
05EA010,2026-08-01T15:45:00Z,46,0.446,,,Provisional/Provisoire,,
05EA010,2026-08-01T15:50:00Z,46,0.447,,,Provisional/Provisoire,,
05EA010,2026-08-01T15:55:00Z,46,0.447,,,Provisional/Provisoire,,
05EA010,2026-08-01T16:00:00Z,46,0.447,,,Provisional/Provisoire,,
05EA010,2026-08-01T16:05:00Z,46,0.447,,,Provisional/Provisoire,,
05EA010,2026-08-01T16:10:00Z,46,0.446,,,Provisional/Provisoire,,
05EA010,2026-08-01T16:15:00Z,46,0.447,,,Provisional/Provisoire,,
05EA010,2026-08-01T16:20:00Z,46,0.446,,,Provisional/Provisoire,,
05EA010,2026-08-01T16:25:00Z,46,0.446,,,Provisional/Provisoire,,
05EA010,2026-08-01T16:30:00Z,46,0.446,,,Provisional/Provisoire,,
05EA010,2026-08-01T16:35:00Z,46,0.446,,,Provisional/Provisoire,,
05EA010,2026-08-01T16:40:00Z,46,0.446,,,Provisional/Provisoire,,
05EA010,2026-08-01T16:45:00Z,46,0.445,,,Provisional/Provisoire,,
05EA010,2026-08-01T16:50:00Z,46,0.446,,,Provisional/Provisoire,,
05EA010,2026-08-01T16:55:00Z,46,0.446,,,Provisional/Provisoire,,
05EA010,2026-08-01T17:00:00Z,46,0.445,,,Provisional/Provisoire,,
05EA010,2026-08-01T17:05:00Z,46,0.445,,,Provisional/Provisoire,,
05EA010,2026-08-01T17:10:00Z,46,0.445,,,Provisional/Provisoire,,
05EA010,2026-08-01T17:15:00Z,46,0.446,,,Provisional/Provisoire,,
05EA010,2026-08-01T17:20:00Z,46,0.446,,,Provisional/Provisoire,,
05EA010,2026-08-01T17:25:00Z,46,0.445,,,Provisional/Provisoire,,
05EA010,2026-08-01T17:30:00Z,46,0.446,,,Provisional/Provisoire,,
05EA010,2026-08-01T17:35:00Z,46,0.445,,,Provisional/Provisoire,,
05EA010,2026-08-01T17:40:00Z,46,0.446,,,Provisional/Provisoire,,
05EA010,2026-08-01T17:45:00Z,46,0.445,,,Provisional/Provisoire,,
05EA010,2026-08-01T17:50:00Z,46,0.446,,,Provisional/Provisoire,,
05EA010,2026-08-01T17:55:00Z,46,0.445,,,Provisional/Provisoire,,
05EA010,2026-08-01T18:00:00Z,46,0.445,,,Provisional/Provisoire,,
05EA010,2026-08-01T18:05:00Z,46,0.446,,,Provisional/Provisoire,,
05EA010,2026-08-01T18:10:00Z,46,0.446,,,Provisional/Provisoire,,
05EA010,2026-08-01T18:15:00Z,46,0.446,,,Provisional/Provisoire,,
05EA010,2026-08-01T18:20:00Z,46,0.446,,,Provisional/Provisoire,,
05EA010,2026-08-01T18:25:00Z,46,0.445,,,Provisional/Provisoire,,
05EA010,2026-08-01T18:30:00Z,46,0.446,,,Provisional/Provisoire,,
05EA010,2026-08-01T18:35:00Z,46,0.446,,,Provisional/Provisoire,,
05EA010,2026-08-01T18:40:00Z,46,0.446,,,Provisional/Provisoire,,
05EA010,2026-08-01T18:45:00Z,46,0.445,,,Provisional/Provisoire,,
05EA010,2026-08-01T18:50:00Z,46,0.446,,,Provisional/Provisoire,,
05EA010,2026-08-01T18:55:00Z,46,0.446,,,Provisional/Provisoire,,
05EA010,2026-08-01T19:00:00Z,46,0.446,,,Provisional/Provisoire,,
05EA010,2026-08-01T19:05:00Z,46,0.446,,,Provisional/Provisoire,,
05EA010,2026-08-01T19:10:00Z,46,0.446,,,Provisional/Provisoire,,
05EA010,2026-08-01T19:15:00Z,46,0.446,,,Provisional/Provisoire,,
05EA010,2026-08-01T19:20:00Z,46,0.446,,,Provisional/Provisoire,,
05EA010,2026-08-01T19:25:00Z,46,0.446,,,Provisional/Provisoire,,
05EA010,2026-08-01T19:30:00Z,46,0.446,,,Provisional/Provisoire,,
05EA010,2026-08-01T19:35:00Z,46,0.446,,,Provisional/Provisoire,,
05EA010,2026-08-01T19:40:00Z,46,0.446,,,Provisional/Provisoire,,
05EA010,2026-08-01T19:45:00Z,46,0.446,,,Provisional/Provisoire,,
05EA010,2026-08-01T19:50:00Z,46,0.446,,,Provisional/Provisoire,,
05EA010,2026-08-01T19:55:00Z,46,0.446,,,Provisional/Provisoire,,
05EA010,2026-08-01T20:00:00Z,46,0.447,,,Provisional/Provisoire,,
05EA010,2026-08-01T20:05:00Z,46,0.446,,,Provisional/Provisoire,,
05EA010,2026-08-01T20:10:00Z,46,0.446,,,Provisional/Provisoire,,
05EA010,2026-08-01T20:15:00Z,46,0.446,,,Provisional/Provisoire,,
05EA010,2026-08-01T20:20:00Z,46,0.446,,,Provisional/Provisoire,,
05EA010,2026-08-01T20:25:00Z,46,0.447,,,Provisional/Provisoire,,
05EA010,2026-08-01T20:30:00Z,46,0.446,,,Provisional/Provisoire,,
05EA010,2026-08-01T20:35:00Z,46,0.447,,,Provisional/Provisoire,,
05EA010,2026-08-01T20:40:00Z,46,0.446,,,Provisional/Provisoire,,
05EA010,2026-08-01T20:45:00Z,46,0.447,,,Provisional/Provisoire,,
05EA010,2026-08-01T20:50:00Z,46,0.447,,,Provisional/Provisoire,,
05EA010,2026-08-01T20:55:00Z,46,0.446,,,Provisional/Provisoire,,
05EA010,2026-08-01T21:00:00Z,46,0.446,,,Provisional/Provisoire,,
05EA010,2026-08-01T21:05:00Z,46,0.447,,,Provisional/Provisoire,,
05EA010,2026-08-01T21:10:00Z,46,0.447,,,Provisional/Provisoire,,
05EA010,2026-08-01T21:15:00Z,46,0.446,,,Provisional/Provisoire,,
05EA010,2026-08-01T21:20:00Z,46,0.446,,,Provisional/Provisoire,,
05EA010,2026-08-01T21:25:00Z,46,0.447,,,Provisional/Provisoire,,
05EA010,2026-08-01T21:30:00Z,46,0.447,,,Provisional/Provisoire,,
05EA010,2026-08-01T21:35:00Z,46,0.446,,,Provisional/Provisoire,,
05EA010,2026-08-01T21:40:00Z,46,0.446,,,Provisional/Provisoire,,
05EA010,2026-08-01T21:45:00Z,46,0.447,,,Provisional/Provisoire,,
05EA010,2026-08-01T21:50:00Z,46,0.446,,,Provisional/Provisoire,,
05EA010,2026-08-01T21:55:00Z,46,0.447,,,Provisional/Provisoire,,
05EA010,2026-08-01T22:00:00Z,46,0.447,,,Provisional/Provisoire,,
05EA010,2026-08-01T22:05:00Z,46,0.447,,,Provisional/Provisoire,,
05EA010,2026-08-01T22:10:00Z,46,0.447,,,Provisional/Provisoire,,
05EA010,2026-08-01T22:15:00Z,46,0.447,,,Provisional/Provisoire,,
05EA010,2026-08-01T22:20:00Z,46,0.447,,,Provisional/Provisoire,,
05EA010,2026-08-01T22:25:00Z,46,0.446,,,Provisional/Provisoire,,
05EA010,2026-08-01T22:30:00Z,46,0.446,,,Provisional/Provisoire,,
05EA010,2026-08-01T22:35:00Z,46,0.447,,,Provisional/Provisoire,,
05EA010,2026-08-01T22:40:00Z,46,0.447,,,Provisional/Provisoire,,
05EA010,2026-08-01T22:45:00Z,46,0.447,,,Provisional/Provisoire,,
05EA010,2026-08-01T22:50:00Z,46,0.447,,,Provisional/Provisoire,,
05EA010,2026-08-01T22:55:00Z,46,0.447,,,Provisional/Provisoire,,
05EA010,2026-08-01T23:00:00Z,46,0.446,,,Provisional/Provisoire,,
05EA010,2026-08-01T23:05:00Z,46,0.446,,,Provisional/Provisoire,,
05EA010,2026-08-01T23:10:00Z,46,0.447,,,Provisional/Provisoire,,
05EA010,2026-08-01T23:15:00Z,46,0.447,,,Provisional/Provisoire,,
05EA010,2026-08-01T23:20:00Z,46,0.447,,,Provisional/Provisoire,,
05EA010,2026-08-01T23:25:00Z,46,0.448,,,Provisional/Provisoire,,
05EA010,2026-08-01T23:30:00Z,46,0.447,,,Provisional/Provisoire,,
05EA010,2026-08-01T23:35:00Z,46,0.447,,,Provisional/Provisoire,,
05EA010,2026-08-01T23:40:00Z,46,0.448,,,Provisional/Provisoire,,
05EA010,2026-08-01T23:45:00Z,46,0.447,,,Provisional/Provisoire,,
05EA010,2026-08-01T23:50:00Z,46,0.447,,,Provisional/Provisoire,,
05EA010,2026-08-01T23:55:00Z,46,0.447,,,Provisional/Provisoire,,
05EA010,2026-08-02T00:00:00Z,46,0.447,,,Provisional/Provisoire,,
05EA010,2026-08-02T00:05:00Z,46,0.447,,,Provisional/Provisoire,,
05EA010,2026-08-02T00:10:00Z,46,0.447,,,Provisional/Provisoire,,
05EA010,2026-08-02T00:15:00Z,46,0.447,,,Provisional/Provisoire,,
05EA010,2026-08-02T00:20:00Z,46,0.447,,,Provisional/Provisoire,,
05EA010,2026-08-02T00:25:00Z,46,0.447,,,Provisional/Provisoire,,
05EA010,2026-08-02T00:30:00Z,46,0.448,,,Provisional/Provisoire,,
05EA010,2026-08-02T00:35:00Z,46,0.448,,,Provisional/Provisoire,,
05EA010,2026-08-02T00:40:00Z,46,0.447,,,Provisional/Provisoire,,
05EA010,2026-08-02T00:45:00Z,46,0.447,,,Provisional/Provisoire,,
05EA010,2026-08-02T00:50:00Z,46,0.447,,,Provisional/Provisoire,,
05EA010,2026-08-02T00:55:00Z,46,0.448,,,Provisional/Provisoire,,
05EA010,2026-08-02T01:00:00Z,46,0.448,,,Provisional/Provisoire,,
05EA010,2026-08-02T01:05:00Z,46,0.447,,,Provisional/Provisoire,,
05EA010,2026-08-02T01:10:00Z,46,0.448,,,Provisional/Provisoire,,
05EA010,2026-08-02T01:15:00Z,46,0.448,,,Provisional/Provisoire,,
05EA010,2026-08-02T01:20:00Z,46,0.448,,,Provisional/Provisoire,,
05EA010,2026-08-02T01:25:00Z,46,0.448,,,Provisional/Provisoire,,
05EA010,2026-08-02T01:30:00Z,46,0.449,,,Provisional/Provisoire,,
05EA010,2026-08-02T01:35:00Z,46,0.450,,,Provisional/Provisoire,,
05EA010,2026-08-02T01:40:00Z,46,0.449,,,Provisional/Provisoire,,
05EA010,2026-08-02T01:45:00Z,46,0.448,,,Provisional/Provisoire,,
05EA010,2026-08-02T01:50:00Z,46,0.449,,,Provisional/Provisoire,,
05EA010,2026-08-02T01:55:00Z,46,0.448,,,Provisional/Provisoire,,
05EA010,2026-08-02T02:00:00Z,46,0.449,,,Provisional/Provisoire,,
05EA010,2026-08-02T02:05:00Z,46,0.448,,,Provisional/Provisoire,,
05EA010,2026-08-02T02:10:00Z,46,0.448,,,Provisional/Provisoire,,
05EA010,2026-08-02T02:15:00Z,46,0.448,,,Provisional/Provisoire,,
05EA010,2026-08-02T02:20:00Z,46,0.448,,,Provisional/Provisoire,,
05EA010,2026-08-02T02:25:00Z,46,0.448,,,Provisional/Provisoire,,
05EA010,2026-08-02T02:30:00Z,46,0.448,,,Provisional/Provisoire,,
05EA010,2026-08-02T02:35:00Z,46,0.448,,,Provisional/Provisoire,,
05EA010,2026-08-02T02:40:00Z,46,0.447,,,Provisional/Provisoire,,
05EA010,2026-08-02T02:45:00Z,46,0.448,,,Provisional/Provisoire,,
05EA010,2026-08-02T02:50:00Z,46,0.447,,,Provisional/Provisoire,,
05EA010,2026-08-02T02:55:00Z,46,0.447,,,Provisional/Provisoire,,
05EA010,2026-08-02T03:00:00Z,46,0.448,,,Provisional/Provisoire,,
05EA010,2026-08-02T03:05:00Z,46,0.448,,,Provisional/Provisoire,,
05EA010,2026-08-02T03:10:00Z,46,0.448,,,Provisional/Provisoire,,
05EA010,2026-08-02T03:15:00Z,46,0.447,,,Provisional/Provisoire,,
05EA010,2026-08-02T03:20:00Z,46,0.448,,,Provisional/Provisoire,,
05EA010,2026-08-02T03:25:00Z,46,0.447,,,Provisional/Provisoire,,
05EA010,2026-08-02T03:30:00Z,46,0.447,,,Provisional/Provisoire,,
05EA010,2026-08-02T03:35:00Z,46,0.447,,,Provisional/Provisoire,,
05EA010,2026-08-02T03:40:00Z,46,0.446,,,Provisional/Provisoire,,
05EA010,2026-08-02T03:45:00Z,46,0.446,,,Provisional/Provisoire,,
05EA010,2026-08-02T03:50:00Z,46,0.446,,,Provisional/Provisoire,,
05EA010,2026-08-02T03:55:00Z,46,0.446,,,Provisional/Provisoire,,
05EA010,2026-08-02T04:00:00Z,46,0.446,,,Provisional/Provisoire,,
05EA010,2026-08-02T04:05:00Z,46,0.446,,,Provisional/Provisoire,,
05EA010,2026-08-02T04:10:00Z,46,0.445,,,Provisional/Provisoire,,
05EA010,2026-08-02T04:15:00Z,46,0.445,,,Provisional/Provisoire,,
05EA010,2026-08-02T04:20:00Z,46,0.446,,,Provisional/Provisoire,,
05EA010,2026-08-02T04:25:00Z,46,0.444,,,Provisional/Provisoire,,
05EA010,2026-08-02T04:30:00Z,46,0.444,,,Provisional/Provisoire,,
05EA010,2026-08-02T04:35:00Z,46,0.445,,,Provisional/Provisoire,,
05EA010,2026-08-02T04:40:00Z,46,0.445,,,Provisional/Provisoire,,
05EA010,2026-08-02T04:45:00Z,46,0.444,,,Provisional/Provisoire,,
05EA010,2026-08-02T04:50:00Z,46,0.443,,,Provisional/Provisoire,,
05EA010,2026-08-02T04:55:00Z,46,0.443,,,Provisional/Provisoire,,
05EA010,2026-08-02T05:00:00Z,46,0.443,,,Provisional/Provisoire,,
05EA010,2026-08-02T05:05:00Z,46,0.444,,,Provisional/Provisoire,,
05EA010,2026-08-02T05:10:00Z,46,0.443,,,Provisional/Provisoire,,
05EA010,2026-08-02T05:15:00Z,46,0.443,,,Provisional/Provisoire,,
05EA010,2026-08-02T05:20:00Z,46,0.443,,,Provisional/Provisoire,,
05EA010,2026-08-02T05:25:00Z,46,0.441,,,Provisional/Provisoire,,
05EA010,2026-08-02T05:30:00Z,46,0.441,,,Provisional/Provisoire,,
05EA010,2026-08-02T05:35:00Z,46,0.442,,,Provisional/Provisoire,,
05EA010,2026-08-02T05:40:00Z,46,0.441,,,Provisional/Provisoire,,
05EA010,2026-08-02T05:45:00Z,46,0.441,,,Provisional/Provisoire,,
05EA010,2026-08-02T05:50:00Z,46,0.441,,,Provisional/Provisoire,,
05EA010,2026-08-02T05:55:00Z,46,0.441,,,Provisional/Provisoire,,
05EA010,2026-08-02T06:00:00Z,46,0.442,,,Provisional/Provisoire,,
05EA010,2026-08-02T06:05:00Z,46,0.441,,,Provisional/Provisoire,,
05EA010,2026-08-02T06:10:00Z,46,0.442,,,Provisional/Provisoire,,
05EA010,2026-08-02T06:15:00Z,46,0.441,,,Provisional/Provisoire,,
05EA010,2026-08-02T06:20:00Z,46,0.442,,,Provisional/Provisoire,,
05EA010,2026-08-02T06:25:00Z,46,0.442,,,Provisional/Provisoire,,
05EA010,2026-08-02T06:30:00Z,46,0.441,,,Provisional/Provisoire,,
05EA010,2026-08-02T06:35:00Z,46,0.441,,,Provisional/Provisoire,,
05EA010,2026-08-02T06:40:00Z,46,0.442,,,Provisional/Provisoire,,
05EA010,2026-08-02T06:45:00Z,46,0.441,,,Provisional/Provisoire,,
05EA010,2026-08-02T06:50:00Z,46,0.441,,,Provisional/Provisoire,,
05EA010,2026-08-02T06:55:00Z,46,0.440,,,Provisional/Provisoire,,
05EA010,2026-08-02T07:00:00Z,46,0.440,,,Provisional/Provisoire,,
05EA010,2026-08-02T07:05:00Z,46,0.440,,,Provisional/Provisoire,,
05EA010,2026-08-02T07:10:00Z,46,0.440,,,Provisional/Provisoire,,
05EA010,2026-08-02T07:15:00Z,46,0.440,,,Provisional/Provisoire,,
05EA010,2026-08-02T07:20:00Z,46,0.441,,,Provisional/Provisoire,,
05EA010,2026-08-02T07:25:00Z,46,0.440,,,Provisional/Provisoire,,
05EA010,2026-08-02T07:30:00Z,46,0.441,,,Provisional/Provisoire,,
05EA010,2026-08-02T07:35:00Z,46,0.442,,,Provisional/Provisoire,,
05EA010,2026-08-02T07:40:00Z,46,0.443,,,Provisional/Provisoire,,
05EA010,2026-08-02T07:45:00Z,46,0.443,,,Provisional/Provisoire,,
05EA010,2026-08-02T07:50:00Z,46,0.443,,,Provisional/Provisoire,,
05EA010,2026-08-02T07:55:00Z,46,0.444,,,Provisional/Provisoire,,
05EA010,2026-08-02T08:00:00Z,46,0.444,,,Provisional/Provisoire,,
05EA010,2026-08-02T08:05:00Z,46,0.445,,,Provisional/Provisoire,,
05EA010,2026-08-02T08:10:00Z,46,0.445,,,Provisional/Provisoire,,
05EA010,2026-08-02T08:15:00Z,46,0.446,,,Provisional/Provisoire,,
05EA010,2026-08-02T08:20:00Z,46,0.447,,,Provisional/Provisoire,,
05EA010,2026-08-02T08:25:00Z,46,0.446,,,Provisional/Provisoire,,
05EA010,2026-08-02T08:30:00Z,46,0.447,,,Provisional/Provisoire,,
05EA010,2026-08-02T08:35:00Z,46,0.448,,,Provisional/Provisoire,,
05EA010,2026-08-02T08:40:00Z,46,0.448,,,Provisional/Provisoire,,
05EA010,2026-08-02T08:45:00Z,46,0.449,,,Provisional/Provisoire,,
05EA010,2026-08-02T08:50:00Z,46,0.449,,,Provisional/Provisoire,,
05EA010,2026-08-02T08:55:00Z,46,0.449,,,Provisional/Provisoire,,
05EA010,2026-08-02T09:00:00Z,46,0.450,,,Provisional/Provisoire,,
05EA010,2026-08-02T09:05:00Z,46,0.450,,,Provisional/Provisoire,,
05EA010,2026-08-02T09:10:00Z,46,0.450,,,Provisional/Provisoire,,
05EA010,2026-08-02T09:15:00Z,46,0.450,,,Provisional/Provisoire,,
05EA010,2026-08-02T09:20:00Z,46,0.450,,,Provisional/Provisoire,,
05EA010,2026-08-02T09:25:00Z,46,0.450,,,Provisional/Provisoire,,
05EA010,2026-08-02T09:30:00Z,46,0.451,,,Provisional/Provisoire,,
05EA010,2026-08-02T09:35:00Z,46,0.451,,,Provisional/Provisoire,,
05EA010,2026-08-02T09:40:00Z,46,0.451,,,Provisional/Provisoire,,
05EA010,2026-08-02T09:45:00Z,46,0.450,,,Provisional/Provisoire,,
05EA010,2026-08-02T09:50:00Z,46,0.451,,,Provisional/Provisoire,,
05EA010,2026-08-02T09:55:00Z,46,0.451,,,Provisional/Provisoire,,
05EA010,2026-08-02T10:00:00Z,46,0.451,,,Provisional/Provisoire,,
05EA010,2026-08-02T10:05:00Z,46,0.450,,,Provisional/Provisoire,,
05EA010,2026-08-02T10:10:00Z,46,0.451,,,Provisional/Provisoire,,
05EA010,2026-08-02T10:15:00Z,46,0.451,,,Provisional/Provisoire,,
05EA010,2026-08-02T10:20:00Z,46,0.451,,,Provisional/Provisoire,,
05EA010,2026-08-02T10:25:00Z,46,0.450,,,Provisional/Provisoire,,
05EA010,2026-08-02T10:30:00Z,46,0.451,,,Provisional/Provisoire,,
05EA010,2026-08-02T10:35:00Z,46,0.450,,,Provisional/Provisoire,,
05EA010,2026-08-02T10:40:00Z,46,0.450,,,Provisional/Provisoire,,
05EA010,2026-08-02T10:45:00Z,46,0.450,,,Provisional/Provisoire,,
05EA010,2026-08-02T10:50:00Z,46,0.449,,,Provisional/Provisoire,,
05EA010,2026-08-02T10:55:00Z,46,0.450,,,Provisional/Provisoire,,
05EA010,2026-08-02T11:00:00Z,46,0.450,,,Provisional/Provisoire,,
05EA010,2026-08-02T11:05:00Z,46,0.449,,,Provisional/Provisoire,,
05EA010,2026-08-02T11:10:00Z,46,0.449,,,Provisional/Provisoire,,
05EA010,2026-08-02T11:15:00Z,46,0.449,,,Provisional/Provisoire,,
05EA010,2026-08-02T11:20:00Z,46,0.449,,,Provisional/Provisoire,,
05EA010,2026-08-02T11:25:00Z,46,0.449,,,Provisional/Provisoire,,
05EA010,2026-08-02T11:30:00Z,46,0.448,,,Provisional/Provisoire,,
05EA010,2026-08-02T11:35:00Z,46,0.448,,,Provisional/Provisoire,,
05EA010,2026-08-02T11:40:00Z,46,0.448,,,Provisional/Provisoire,,
05EA010,2026-08-02T11:45:00Z,46,0.448,,,Provisional/Provisoire,,
05EA010,2026-08-02T11:50:00Z,46,0.449,,,Provisional/Provisoire,,
05EA010,2026-08-02T11:55:00Z,46,0.448,,,Provisional/Provisoire,,
05EA010,2026-08-02T12:00:00Z,46,0.448,,,Provisional/Provisoire,,
05EA010,2026-08-02T12:05:00Z,46,0.447,,,Provisional/Provisoire,,
05EA010,2026-08-02T12:10:00Z,46,0.447,,,Provisional/Provisoire,,
05EA010,2026-08-02T12:15:00Z,46,0.446,,,Provisional/Provisoire,,
05EA010,2026-08-02T12:20:00Z,46,0.446,,,Provisional/Provisoire,,
05EA010,2026-08-02T12:25:00Z,46,0.446,,,Provisional/Provisoire,,
05EA010,2026-08-02T12:30:00Z,46,0.446,,,Provisional/Provisoire,,
05EA010,2026-08-02T12:35:00Z,46,0.446,,,Provisional/Provisoire,,
05EA010,2026-08-02T12:40:00Z,46,0.446,,,Provisional/Provisoire,,
05EA010,2026-08-02T12:45:00Z,46,0.446,,,Provisional/Provisoire,,
05EA010,2026-08-02T12:50:00Z,46,0.445,,,Provisional/Provisoire,,
05EA010,2026-08-02T12:55:00Z,46,0.445,,,Provisional/Provisoire,,
05EA010,2026-08-02T13:00:00Z,46,0.446,,,Provisional/Provisoire,,
05EA010,2026-08-02T13:05:00Z,46,0.446,,,Provisional/Provisoire,,
05EA010,2026-08-02T13:10:00Z,46,0.445,,,Provisional/Provisoire,,
05EA010,2026-08-02T13:15:00Z,46,0.445,,,Provisional/Provisoire,,
05EA010,2026-08-02T13:20:00Z,46,0.445,,,Provisional/Provisoire,,
05EA010,2026-08-02T13:25:00Z,46,0.445,,,Provisional/Provisoire,,
05EA010,2026-08-02T13:30:00Z,46,0.445,,,Provisional/Provisoire,,
05EA010,2026-08-02T13:35:00Z,46,0.445,,,Provisional/Provisoire,,
05EA010,2026-08-02T13:40:00Z,46,0.444,,,Provisional/Provisoire,,
05EA010,2026-08-02T13:45:00Z,46,0.445,,,Provisional/Provisoire,,
05EA010,2026-08-02T13:50:00Z,46,0.444,,,Provisional/Provisoire,,
05EA010,2026-08-02T13:55:00Z,46,0.444,,,Provisional/Provisoire,,
05EA010,2026-08-02T14:00:00Z,46,0.444,,,Provisional/Provisoire,,
05EA010,2026-08-02T14:05:00Z,46,0.444,,,Provisional/Provisoire,,
05EA010,2026-08-02T14:10:00Z,46,0.443,,,Provisional/Provisoire,,
05EA010,2026-08-02T14:15:00Z,46,0.443,,,Provisional/Provisoire,,
05EA010,2026-08-02T14:20:00Z,46,0.444,,,Provisional/Provisoire,,
05EA010,2026-08-02T14:25:00Z,46,0.444,,,Provisional/Provisoire,,
05EA010,2026-08-02T14:30:00Z,46,0.444,,,Provisional/Provisoire,,
05EA010,2026-08-02T14:35:00Z,46,0.444,,,Provisional/Provisoire,,
05EA010,2026-08-02T14:40:00Z,46,0.444,,,Provisional/Provisoire,,
05EA010,2026-08-02T14:45:00Z,46,0.444,,,Provisional/Provisoire,,
05EA010,2026-08-02T14:50:00Z,46,0.445,,,Provisional/Provisoire,,
05EA010,2026-08-02T14:55:00Z,46,0.445,,,Provisional/Provisoire,,
05EA010,2026-08-02T15:00:00Z,46,0.445,,,Provisional/Provisoire,,
05EA010,2026-08-02T15:05:00Z,46,0.445,,,Provisional/Provisoire,,
05EA010,2026-08-02T15:10:00Z,46,0.445,,,Provisional/Provisoire,,
05EA010,2026-08-02T15:15:00Z,46,0.446,,,Provisional/Provisoire,,
05EA010,2026-08-02T15:20:00Z,46,0.446,,,Provisional/Provisoire,,
05EA010,2026-08-02T15:25:00Z,46,0.447,,,Provisional/Provisoire,,
05EA010,2026-08-02T15:30:00Z,46,0.447,,,Provisional/Provisoire,,
05EA010,2026-08-02T15:35:00Z,46,0.447,,,Provisional/Provisoire,,
05EA010,2026-08-02T15:40:00Z,46,0.447,,,Provisional/Provisoire,,
05EA010,2026-08-02T15:45:00Z,46,0.447,,,Provisional/Provisoire,,
05EA010,2026-08-02T15:50:00Z,46,0.447,,,Provisional/Provisoire,,
05EA010,2026-08-02T15:55:00Z,46,0.447,,,Provisional/Provisoire,,
05EA010,2026-08-02T16:00:00Z,46,0.447,,,Provisional/Provisoire,,
05EA010,2026-08-02T16:05:00Z,46,0.447,,,Provisional/Provisoire,,
05EA010,2026-08-02T16:10:00Z,46,0.447,,,Provisional/Provisoire,,
05EA010,2026-08-02T16:15:00Z,46,0.447,,,Provisional/Provisoire,,
05EA010,2026-08-02T16:20:00Z,46,0.447,,,Provisional/Provisoire,,
05EA010,2026-08-02T16:25:00Z,46,0.447,,,Provisional/Provisoire,,
05EA010,2026-08-02T16:30:00Z,46,0.447,,,Provisional/Provisoire,,
05EA010,2026-08-02T16:35:00Z,46,0.447,,,Provisional/Provisoire,,
05EA010,2026-08-02T16:40:00Z,46,0.447,,,Provisional/Provisoire,,
05EA010,2026-08-02T16:45:00Z,46,0.448,,,Provisional/Provisoire,,
05EA010,2026-08-02T16:50:00Z,46,0.447,,,Provisional/Provisoire,,
05EA010,2026-08-02T16:55:00Z,46,0.448,,,Provisional/Provisoire,,
05EA010,2026-08-02T17:00:00Z,46,0.447,,,Provisional/Provisoire,,
05EA010,2026-08-02T17:05:00Z,46,0.447,,,Provisional/Provisoire,,
05EA010,2026-08-02T17:10:00Z,46,0.447,,,Provisional/Provisoire,,
05EA010,2026-08-02T17:15:00Z,46,0.447,,,Provisional/Provisoire,,
05EA010,2026-08-02T17:20:00Z,46,0.447,,,Provisional/Provisoire,,
05EA010,2026-08-02T17:25:00Z,46,0.446,,,Provisional/Provisoire,,
05EA010,2026-08-02T17:30:00Z,46,0.447,,,Provisional/Provisoire,,
05EA010,2026-08-02T17:35:00Z,46,0.446,,,Provisional/Provisoire,,
05EA010,2026-08-02T17:40:00Z,46,0.447,,,Provisional/Provisoire,,
05EA010,2026-08-02T17:45:00Z,46,0.447,,,Provisional/Provisoire,,
05EA010,2026-08-02T17:50:00Z,46,0.448,,,Provisional/Provisoire,,
05EA010,2026-08-02T17:55:00Z,46,0.447,,,Provisional/Provisoire,,
05EA010,2026-08-02T18:00:00Z,46,0.446,,,Provisional/Provisoire,,
05EA010,2026-08-02T18:05:00Z,46,0.447,,,Provisional/Provisoire,,
05EA010,2026-08-02T18:10:00Z,46,0.448,,,Provisional/Provisoire,,
05EA010,2026-08-02T18:15:00Z,46,0.447,,,Provisional/Provisoire,,
05EA010,2026-08-02T18:20:00Z,46,0.448,,,Provisional/Provisoire,,
05EA010,2026-08-02T18:25:00Z,46,0.447,,,Provisional/Provisoire,,
05EA010,2026-08-02T18:30:00Z,46,0.447,,,Provisional/Provisoire,,
05EA010,2026-08-02T18:35:00Z,46,0.448,,,Provisional/Provisoire,,
05EA010,2026-08-02T18:40:00Z,46,0.447,,,Provisional/Provisoire,,
05EA010,2026-08-02T18:45:00Z,46,0.447,,,Provisional/Provisoire,,
05EA010,2026-08-02T18:50:00Z,46,0.447,,,Provisional/Provisoire,,
05EA010,2026-08-02T18:55:00Z,46,0.447,,,Provisional/Provisoire,,
05EA010,2026-08-02T19:00:00Z,46,0.447,,,Provisional/Provisoire,,
05EA010,2026-08-02T19:05:00Z,46,0.448,,,Provisional/Provisoire,,
05EA010,2026-08-02T19:10:00Z,46,0.446,,,Provisional/Provisoire,,
05EA010,2026-08-02T19:15:00Z,46,0.447,,,Provisional/Provisoire,,
05EA010,2026-08-02T19:20:00Z,46,0.447,,,Provisional/Provisoire,,
05EA010,2026-08-02T19:25:00Z,46,0.447,,,Provisional/Provisoire,,
05EA010,2026-08-02T19:30:00Z,46,0.448,,,Provisional/Provisoire,,
05EA010,2026-08-02T19:35:00Z,46,0.448,,,Provisional/Provisoire,,
05EA010,2026-08-02T19:40:00Z,46,0.447,,,Provisional/Provisoire,,
05EA010,2026-08-02T19:45:00Z,46,0.447,,,Provisional/Provisoire,,
05EA010,2026-08-02T19:50:00Z,46,0.448,,,Provisional/Provisoire,,
05EA010,2026-08-02T19:55:00Z,46,0.448,,,Provisional/Provisoire,,
05EA010,2026-08-02T20:00:00Z,46,0.447,,,Provisional/Provisoire,,
05EA010,2026-08-02T20:05:00Z,46,0.449,,,Provisional/Provisoire,,
05EA010,2026-08-02T20:10:00Z,46,0.448,,,Provisional/Provisoire,,
05EA010,2026-08-02T20:15:00Z,46,0.448,,,Provisional/Provisoire,,
05EA010,2026-08-02T20:20:00Z,46,0.449,,,Provisional/Provisoire,,
05EA010,2026-08-02T20:25:00Z,46,0.447,,,Provisional/Provisoire,,
05EA010,2026-08-02T20:30:00Z,46,0.449,,,Provisional/Provisoire,,
05EA010,2026-08-02T20:35:00Z,46,0.448,,,Provisional/Provisoire,,
05EA010,2026-08-02T20:40:00Z,46,0.449,,,Provisional/Provisoire,,
05EA010,2026-08-02T20:45:00Z,46,0.448,,,Provisional/Provisoire,,
05EA010,2026-08-02T20:50:00Z,46,0.447,,,Provisional/Provisoire,,
05EA010,2026-08-02T20:55:00Z,46,0.449,,,Provisional/Provisoire,,
05EA010,2026-08-02T21:00:00Z,46,0.449,,,Provisional/Provisoire,,
05EA010,2026-08-02T21:05:00Z,46,0.449,,,Provisional/Provisoire,,
05EA010,2026-08-02T21:10:00Z,46,0.448,,,Provisional/Provisoire,,
05EA010,2026-08-02T21:15:00Z,46,0.449,,,Provisional/Provisoire,,
05EA010,2026-08-02T21:20:00Z,46,0.450,,,Provisional/Provisoire,,
05EA010,2026-08-02T21:25:00Z,46,0.449,,,Provisional/Provisoire,,
05EA010,2026-08-02T21:30:00Z,46,0.448,,,Provisional/Provisoire,,
05EA010,2026-08-02T21:35:00Z,46,0.449,,,Provisional/Provisoire,,
05EA010,2026-08-02T21:40:00Z,46,0.449,,,Provisional/Provisoire,,
05EA010,2026-08-02T21:45:00Z,46,0.449,,,Provisional/Provisoire,,
05EA010,2026-08-02T21:50:00Z,46,0.449,,,Provisional/Provisoire,,
05EA010,2026-08-02T21:55:00Z,46,0.450,,,Provisional/Provisoire,,
05EA010,2026-08-02T22:00:00Z,46,0.449,,,Provisional/Provisoire,,
05EA010,2026-08-02T22:05:00Z,46,0.449,,,Provisional/Provisoire,,
05EA010,2026-08-02T22:10:00Z,46,0.449,,,Provisional/Provisoire,,
05EA010,2026-08-02T22:15:00Z,46,0.449,,,Provisional/Provisoire,,
05EA010,2026-08-02T22:20:00Z,46,0.449,,,Provisional/Provisoire,,
05EA010,2026-08-02T22:25:00Z,46,0.450,,,Provisional/Provisoire,,
05EA010,2026-08-02T22:30:00Z,46,0.449,,,Provisional/Provisoire,,
05EA010,2026-08-02T22:35:00Z,46,0.450,,,Provisional/Provisoire,,
05EA010,2026-08-02T22:40:00Z,46,0.450,,,Provisional/Provisoire,,
05EA010,2026-08-02T22:45:00Z,46,0.449,,,Provisional/Provisoire,,
05EA010,2026-08-02T22:50:00Z,46,0.450,,,Provisional/Provisoire,,
05EA010,2026-08-02T22:55:00Z,46,0.450,,,Provisional/Provisoire,,
05EA010,2026-08-02T23:00:00Z,46,0.450,,,Provisional/Provisoire,,
05EA010,2026-08-02T23:05:00Z,46,0.450,,,Provisional/Provisoire,,
05EA010,2026-08-02T23:10:00Z,46,0.451,,,Provisional/Provisoire,,
05EA010,2026-08-02T23:15:00Z,46,0.451,,,Provisional/Provisoire,,
05EA010,2026-08-02T23:20:00Z,46,0.451,,,Provisional/Provisoire,,
05EA010,2026-08-02T23:25:00Z,46,0.451,,,Provisional/Provisoire,,
05EA010,2026-08-02T23:30:00Z,46,0.451,,,Provisional/Provisoire,,
05EA010,2026-08-02T23:35:00Z,46,0.452,,,Provisional/Provisoire,,
05EA010,2026-08-02T23:40:00Z,46,0.452,,,Provisional/Provisoire,,
05EA010,2026-08-02T23:45:00Z,46,0.452,,,Provisional/Provisoire,,
05EA010,2026-08-02T23:50:00Z,46,0.452,,,Provisional/Provisoire,,
05EA010,2026-08-02T23:55:00Z,46,0.453,,,Provisional/Provisoire,,
05EA010,2026-08-03T00:00:00Z,46,0.453,,,Provisional/Provisoire,,
05EA010,2026-08-03T00:05:00Z,46,0.453,,,Provisional/Provisoire,,
05EA010,2026-08-03T00:10:00Z,46,0.452,,,Provisional/Provisoire,,
05EA010,2026-08-03T00:15:00Z,46,0.453,,,Provisional/Provisoire,,
05EA010,2026-08-03T00:20:00Z,46,0.452,,,Provisional/Provisoire,,
05EA010,2026-08-03T00:25:00Z,46,0.454,,,Provisional/Provisoire,,
05EA010,2026-08-03T00:30:00Z,46,0.454,,,Provisional/Provisoire,,
05EA010,2026-08-03T00:35:00Z,46,0.454,,,Provisional/Provisoire,,
05EA010,2026-08-03T00:40:00Z,46,0.454,,,Provisional/Provisoire,,
05EA010,2026-08-03T00:45:00Z,46,0.454,,,Provisional/Provisoire,,
05EA010,2026-08-03T00:50:00Z,46,0.455,,,Provisional/Provisoire,,
05EA010,2026-08-03T00:55:00Z,46,0.455,,,Provisional/Provisoire,,
05EA010,2026-08-03T01:00:00Z,46,0.456,,,Provisional/Provisoire,,
05EA010,2026-08-03T01:05:00Z,46,0.456,,,Provisional/Provisoire,,
05EA010,2026-08-03T01:10:00Z,46,0.456,,,Provisional/Provisoire,,
05EA010,2026-08-03T01:15:00Z,46,0.456,,,Provisional/Provisoire,,
05EA010,2026-08-03T01:20:00Z,46,0.456,,,Provisional/Provisoire,,
05EA010,2026-08-03T01:25:00Z,46,0.457,,,Provisional/Provisoire,,
05EA010,2026-08-03T01:30:00Z,46,0.457,,,Provisional/Provisoire,,
05EA010,2026-08-03T01:35:00Z,46,0.458,,,Provisional/Provisoire,,
05EA010,2026-08-03T01:40:00Z,46,0.458,,,Provisional/Provisoire,,
05EA010,2026-08-03T01:45:00Z,46,0.458,,,Provisional/Provisoire,,
05EA010,2026-08-03T01:50:00Z,46,0.459,,,Provisional/Provisoire,,
05EA010,2026-08-03T01:55:00Z,46,0.459,,,Provisional/Provisoire,,
05EA010,2026-08-03T02:00:00Z,46,0.459,,,Provisional/Provisoire,,
05EA010,2026-08-03T02:05:00Z,46,0.460,,,Provisional/Provisoire,,
05EA010,2026-08-03T02:10:00Z,46,0.461,,,Provisional/Provisoire,,
05EA010,2026-08-03T02:15:00Z,46,0.460,,,Provisional/Provisoire,,
05EA010,2026-08-03T02:20:00Z,46,0.461,,,Provisional/Provisoire,,
05EA010,2026-08-03T02:25:00Z,46,0.462,,,Provisional/Provisoire,,
05EA010,2026-08-03T02:30:00Z,46,0.462,,,Provisional/Provisoire,,
05EA010,2026-08-03T02:35:00Z,46,0.462,,,Provisional/Provisoire,,
05EA010,2026-08-03T02:40:00Z,46,0.462,,,Provisional/Provisoire,,
05EA010,2026-08-03T02:45:00Z,46,0.463,,,Provisional/Provisoire,,
05EA010,2026-08-03T02:50:00Z,46,0.464,,,Provisional/Provisoire,,
05EA010,2026-08-03T02:55:00Z,46,0.464,,,Provisional/Provisoire,,
05EA010,2026-08-03T03:00:00Z,46,0.465,,,Provisional/Provisoire,,
05EA010,2026-08-03T03:05:00Z,46,0.465,,,Provisional/Provisoire,,
05EA010,2026-08-03T03:10:00Z,46,0.465,,,Provisional/Provisoire,,
05EA010,2026-08-03T03:15:00Z,46,0.466,,,Provisional/Provisoire,,
05EA010,2026-08-03T03:20:00Z,46,0.466,,,Provisional/Provisoire,,
05EA010,2026-08-03T03:25:00Z,46,0.467,,,Provisional/Provisoire,,
05EA010,2026-08-03T03:30:00Z,46,0.467,,,Provisional/Provisoire,,
05EA010,2026-08-03T03:35:00Z,46,0.468,,,Provisional/Provisoire,,
05EA010,2026-08-03T03:40:00Z,46,0.469,,,Provisional/Provisoire,,
05EA010,2026-08-03T03:45:00Z,46,0.468,,,Provisional/Provisoire,,
05EA010,2026-08-03T03:50:00Z,46,0.469,,,Provisional/Provisoire,,
05EA010,2026-08-03T03:55:00Z,46,0.469,,,Provisional/Provisoire,,
05EA010,2026-08-03T04:00:00Z,46,0.469,,,Provisional/Provisoire,,
05EA010,2026-08-03T04:05:00Z,46,0.469,,,Provisional/Provisoire,,
05EA010,2026-08-03T04:10:00Z,46,0.470,,,Provisional/Provisoire,,
05EA010,2026-08-03T04:15:00Z,46,0.470,,,Provisional/Provisoire,,
05EA010,2026-08-03T04:20:00Z,46,0.470,,,Provisional/Provisoire,,
05EA010,2026-08-03T04:25:00Z,46,0.471,,,Provisional/Provisoire,,
05EA010,2026-08-03T04:30:00Z,46,0.471,,,Provisional/Provisoire,,
05EA010,2026-08-03T04:35:00Z,46,0.472,,,Provisional/Provisoire,,
05EA010,2026-08-03T04:40:00Z,46,0.472,,,Provisional/Provisoire,,
05EA010,2026-08-03T04:45:00Z,46,0.472,,,Provisional/Provisoire,,
05EA010,2026-08-03T04:50:00Z,46,0.473,,,Provisional/Provisoire,,
05EA010,2026-08-03T04:55:00Z,46,0.473,,,Provisional/Provisoire,,
05EA010,2026-08-03T05:00:00Z,46,0.473,,,Provisional/Provisoire,,
05EA010,2026-08-03T05:05:00Z,46,0.474,,,Provisional/Provisoire,,
05EA010,2026-08-03T05:10:00Z,46,0.473,,,Provisional/Provisoire,,
05EA010,2026-08-03T05:15:00Z,46,0.475,,,Provisional/Provisoire,,
05EA010,2026-08-03T05:20:00Z,46,0.475,,,Provisional/Provisoire,,
05EA010,2026-08-03T05:25:00Z,46,0.475,,,Provisional/Provisoire,,
05EA010,2026-08-03T05:30:00Z,46,0.476,,,Provisional/Provisoire,,
05EA010,2026-08-03T05:35:00Z,46,0.475,,,Provisional/Provisoire,,
05EA010,2026-08-03T05:40:00Z,46,0.476,,,Provisional/Provisoire,,
05EA010,2026-08-03T05:45:00Z,46,0.476,,,Provisional/Provisoire,,
05EA010,2026-08-03T05:50:00Z,46,0.477,,,Provisional/Provisoire,,
05EA010,2026-08-03T05:55:00Z,46,0.476,,,Provisional/Provisoire,,
05EA010,2026-08-03T06:00:00Z,46,0.477,,,Provisional/Provisoire,,
05EA010,2026-08-03T06:05:00Z,46,0.477,,,Provisional/Provisoire,,
05EA010,2026-08-03T06:10:00Z,46,0.478,,,Provisional/Provisoire,,
05EA010,2026-08-03T06:15:00Z,46,0.478,,,Provisional/Provisoire,,
05EA010,2026-08-03T06:20:00Z,46,0.477,,,Provisional/Provisoire,,
05EA010,2026-08-03T06:25:00Z,46,0.478,,,Provisional/Provisoire,,
05EA010,2026-08-03T06:30:00Z,46,0.478,,,Provisional/Provisoire,,
05EA010,2026-08-03T06:35:00Z,46,0.479,,,Provisional/Provisoire,,
05EA010,2026-08-03T06:40:00Z,46,0.479,,,Provisional/Provisoire,,
05EA010,2026-08-03T06:45:00Z,46,0.478,,,Provisional/Provisoire,,
05EA010,2026-08-03T06:50:00Z,46,0.479,,,Provisional/Provisoire,,
05EA010,2026-08-03T06:55:00Z,46,0.479,,,Provisional/Provisoire,,
05EA010,2026-08-03T07:00:00Z,46,0.480,,,Provisional/Provisoire,,
05EA010,2026-08-03T07:05:00Z,46,0.480,,,Provisional/Provisoire,,
05EA010,2026-08-03T07:10:00Z,46,0.480,,,Provisional/Provisoire,,
05EA010,2026-08-03T07:15:00Z,46,0.480,,,Provisional/Provisoire,,
05EA010,2026-08-03T07:20:00Z,46,0.480,,,Provisional/Provisoire,,
05EA010,2026-08-03T07:25:00Z,46,0.480,,,Provisional/Provisoire,,
05EA010,2026-08-03T07:30:00Z,46,0.481,,,Provisional/Provisoire,,
05EA010,2026-08-03T07:35:00Z,46,0.481,,,Provisional/Provisoire,,
05EA010,2026-08-03T07:40:00Z,46,0.481,,,Provisional/Provisoire,,
05EA010,2026-08-03T07:45:00Z,46,0.481,,,Provisional/Provisoire,,
05EA010,2026-08-03T07:50:00Z,46,0.481,,,Provisional/Provisoire,,
05EA010,2026-08-03T07:55:00Z,46,0.481,,,Provisional/Provisoire,,
05EA010,2026-08-03T08:00:00Z,46,0.481,,,Provisional/Provisoire,,
05EA010,2026-08-03T08:05:00Z,46,0.481,,,Provisional/Provisoire,,
05EA010,2026-08-03T08:10:00Z,46,0.481,,,Provisional/Provisoire,,
05EA010,2026-08-03T08:15:00Z,46,0.481,,,Provisional/Provisoire,,
05EA010,2026-08-03T08:20:00Z,46,0.481,,,Provisional/Provisoire,,
05EA010,2026-08-03T08:25:00Z,46,0.481,,,Provisional/Provisoire,,
05EA010,2026-08-03T08:30:00Z,46,0.481,,,Provisional/Provisoire,,
05EA010,2026-08-03T08:35:00Z,46,0.481,,,Provisional/Provisoire,,
05EA010,2026-08-03T08:40:00Z,46,0.481,,,Provisional/Provisoire,,
05EA010,2026-08-03T08:45:00Z,46,0.481,,,Provisional/Provisoire,,
05EA010,2026-08-03T08:50:00Z,46,0.482,,,Provisional/Provisoire,,
05EA010,2026-08-03T08:55:00Z,46,0.481,,,Provisional/Provisoire,,
05EA010,2026-08-03T09:00:00Z,46,0.481,,,Provisional/Provisoire,,
05EA010,2026-08-03T09:05:00Z,46,0.482,,,Provisional/Provisoire,,
05EA010,2026-08-03T09:10:00Z,46,0.482,,,Provisional/Provisoire,,
05EA010,2026-08-03T09:15:00Z,46,0.482,,,Provisional/Provisoire,,
05EA010,2026-08-03T09:20:00Z,46,0.482,,,Provisional/Provisoire,,
05EA010,2026-08-03T09:25:00Z,46,0.481,,,Provisional/Provisoire,,
05EA010,2026-08-03T09:30:00Z,46,0.482,,,Provisional/Provisoire,,
05EA010,2026-08-03T09:35:00Z,46,0.481,,,Provisional/Provisoire,,
05EA010,2026-08-03T09:40:00Z,46,0.481,,,Provisional/Provisoire,,
05EA010,2026-08-03T09:45:00Z,46,0.481,,,Provisional/Provisoire,,
05EA010,2026-08-03T09:50:00Z,46,0.482,,,Provisional/Provisoire,,
05EA010,2026-08-03T09:55:00Z,46,0.481,,,Provisional/Provisoire,,
05EA010,2026-08-03T10:00:00Z,46,0.481,,,Provisional/Provisoire,,
05EA010,2026-08-03T10:05:00Z,46,0.481,,,Provisional/Provisoire,,
05EA010,2026-08-03T10:10:00Z,46,0.481,,,Provisional/Provisoire,,
05EA010,2026-08-03T10:15:00Z,46,0.481,,,Provisional/Provisoire,,
05EA010,2026-08-03T10:20:00Z,46,0.481,,,Provisional/Provisoire,,
05EA010,2026-08-03T10:25:00Z,46,0.481,,,Provisional/Provisoire,,
05EA010,2026-08-03T10:30:00Z,46,0.481,,,Provisional/Provisoire,,
05EA010,2026-08-03T10:35:00Z,46,0.481,,,Provisional/Provisoire,,
05EA010,2026-08-03T10:40:00Z,46,0.480,,,Provisional/Provisoire,,
05EA010,2026-08-03T10:45:00Z,46,0.480,,,Provisional/Provisoire,,
05EA010,2026-08-03T10:50:00Z,46,0.480,,,Provisional/Provisoire,,
05EA010,2026-08-03T10:55:00Z,46,0.480,,,Provisional/Provisoire,,
05EA010,2026-08-03T11:00:00Z,46,0.480,,,Provisional/Provisoire,,
05EA010,2026-08-03T11:05:00Z,46,0.479,,,Provisional/Provisoire,,
05EA010,2026-08-03T11:10:00Z,46,0.480,,,Provisional/Provisoire,,
05EA010,2026-08-03T11:15:00Z,46,0.479,,,Provisional/Provisoire,,
05EA010,2026-08-03T11:20:00Z,46,0.479,,,Provisional/Provisoire,,
05EA010,2026-08-03T11:25:00Z,46,0.479,,,Provisional/Provisoire,,
05EA010,2026-08-03T11:30:00Z,46,0.479,,,Provisional/Provisoire,,
05EA010,2026-08-03T11:35:00Z,46,0.479,,,Provisional/Provisoire,,
05EA010,2026-08-03T11:40:00Z,46,0.478,,,Provisional/Provisoire,,
05EA010,2026-08-03T11:45:00Z,46,0.478,,,Provisional/Provisoire,,
05EA010,2026-08-03T11:50:00Z,46,0.479,,,Provisional/Provisoire,,
05EA010,2026-08-03T11:55:00Z,46,0.478,,,Provisional/Provisoire,,
05EA010,2026-08-03T12:00:00Z,46,0.478,,,Provisional/Provisoire,,
05EA010,2026-08-03T12:05:00Z,46,0.478,,,Provisional/Provisoire,,
05EA010,2026-08-03T12:10:00Z,46,0.478,,,Provisional/Provisoire,,
05EA010,2026-08-03T12:15:00Z,46,0.478,,,Provisional/Provisoire,,
05EA010,2026-08-03T12:20:00Z,46,0.478,,,Provisional/Provisoire,,
05EA010,2026-08-03T12:25:00Z,46,0.478,,,Provisional/Provisoire,,
05EA010,2026-08-03T12:30:00Z,46,0.478,,,Provisional/Provisoire,,
05EA010,2026-08-03T12:35:00Z,46,0.478,,,Provisional/Provisoire,,
05EA010,2026-08-03T12:40:00Z,46,0.477,,,Provisional/Provisoire,,
05EA010,2026-08-03T12:45:00Z,46,0.477,,,Provisional/Provisoire,,
05EA010,2026-08-03T12:50:00Z,46,0.477,,,Provisional/Provisoire,,
05EA010,2026-08-03T12:55:00Z,46,0.477,,,Provisional/Provisoire,,
05EA010,2026-08-03T13:00:00Z,46,0.477,,,Provisional/Provisoire,,
05EA010,2026-08-03T13:05:00Z,46,0.477,,,Provisional/Provisoire,,
05EA010,2026-08-03T13:10:00Z,46,0.478,,,Provisional/Provisoire,,
05EA010,2026-08-03T13:15:00Z,46,0.477,,,Provisional/Provisoire,,
05EA010,2026-08-03T13:20:00Z,46,0.477,,,Provisional/Provisoire,,
05EA010,2026-08-03T13:25:00Z,46,0.477,,,Provisional/Provisoire,,
05EA010,2026-08-03T13:30:00Z,46,0.477,,,Provisional/Provisoire,,
05EA010,2026-08-03T13:35:00Z,46,0.477,,,Provisional/Provisoire,,
05EA010,2026-08-03T13:40:00Z,46,0.478,,,Provisional/Provisoire,,
05EA010,2026-08-03T13:45:00Z,46,0.478,,,Provisional/Provisoire,,
05EA010,2026-08-03T13:50:00Z,46,0.478,,,Provisional/Provisoire,,
05EA010,2026-08-03T13:55:00Z,46,0.478,,,Provisional/Provisoire,,
05EA010,2026-08-03T14:00:00Z,46,0.479,,,Provisional/Provisoire,,
05EA010,2026-08-03T14:05:00Z,46,0.478,,,Provisional/Provisoire,,
05EA010,2026-08-03T14:10:00Z,46,0.479,,,Provisional/Provisoire,,
05EA010,2026-08-03T14:15:00Z,46,0.479,,,Provisional/Provisoire,,
05EA010,2026-08-03T14:20:00Z,46,0.479,,,Provisional/Provisoire,,
05EA010,2026-08-03T14:25:00Z,46,0.478,,,Provisional/Provisoire,,
05EA010,2026-08-03T14:30:00Z,46,0.478,,,Provisional/Provisoire,,
05EA010,2026-08-03T14:35:00Z,46,0.478,,,Provisional/Provisoire,,
05EA010,2026-08-03T14:40:00Z,46,0.478,,,Provisional/Provisoire,,
05EA010,2026-08-03T14:45:00Z,46,0.479,,,Provisional/Provisoire,,
05EA010,2026-08-03T14:50:00Z,46,0.478,,,Provisional/Provisoire,,
05EA010,2026-08-03T14:55:00Z,46,0.478,,,Provisional/Provisoire,,
05EA010,2026-08-03T15:00:00Z,46,0.477,,,Provisional/Provisoire,,
05EA010,2026-08-03T15:05:00Z,46,0.478,,,Provisional/Provisoire,,
05EA010,2026-08-03T15:10:00Z,46,0.478,,,Provisional/Provisoire,,
05EA010,2026-08-03T15:15:00Z,46,0.478,,,Provisional/Provisoire,,
05EA010,2026-08-03T15:20:00Z,46,0.478,,,Provisional/Provisoire,,
05EA010,2026-08-03T15:25:00Z,46,0.478,,,Provisional/Provisoire,,
05EA010,2026-08-03T15:30:00Z,46,0.479,,,Provisional/Provisoire,,
05EA010,2026-08-03T15:35:00Z,46,0.478,,,Provisional/Provisoire,,
05EA010,2026-08-03T15:40:00Z,46,0.479,,,Provisional/Provisoire,,
05EA010,2026-08-03T15:45:00Z,46,0.478,,,Provisional/Provisoire,,
05EA010,2026-08-03T15:50:00Z,46,0.478,,,Provisional/Provisoire,,
05EA010,2026-08-03T15:55:00Z,46,0.479,,,Provisional/Provisoire,,
05EA010,2026-08-03T16:00:00Z,46,0.479,,,Provisional/Provisoire,,
05EA010,2026-08-03T16:05:00Z,46,0.479,,,Provisional/Provisoire,,
05EA010,2026-08-03T16:10:00Z,46,0.479,,,Provisional/Provisoire,,
05EA010,2026-08-03T16:15:00Z,46,0.479,,,Provisional/Provisoire,,
05EA010,2026-08-03T16:20:00Z,46,0.478,,,Provisional/Provisoire,,
05EA010,2026-08-03T16:25:00Z,46,0.479,,,Provisional/Provisoire,,
05EA010,2026-08-03T16:30:00Z,46,0.479,,,Provisional/Provisoire,,
05EA010,2026-08-03T16:35:00Z,46,0.479,,,Provisional/Provisoire,,
05EA010,2026-08-03T16:40:00Z,46,0.479,,,Provisional/Provisoire,,
05EA010,2026-08-03T16:45:00Z,46,0.479,,,Provisional/Provisoire,,
05EA010,2026-08-03T16:50:00Z,46,0.479,,,Provisional/Provisoire,,
05EA010,2026-08-03T16:55:00Z,46,0.479,,,Provisional/Provisoire,,
05EA010,2026-08-03T17:00:00Z,46,0.479,,,Provisional/Provisoire,,
05EA010,2026-08-03T17:05:00Z,46,0.479,,,Provisional/Provisoire,,
05EA010,2026-08-03T17:10:00Z,46,0.480,,,Provisional/Provisoire,,
05EA010,2026-08-03T17:15:00Z,46,0.479,,,Provisional/Provisoire,,
05EA010,2026-08-03T17:20:00Z,46,0.479,,,Provisional/Provisoire,,
05EA010,2026-08-03T17:25:00Z,46,0.479,,,Provisional/Provisoire,,
05EA010,2026-08-03T17:30:00Z,46,0.479,,,Provisional/Provisoire,,
05EA010,2026-08-03T17:35:00Z,46,0.478,,,Provisional/Provisoire,,
05EA010,2026-08-03T17:40:00Z,46,0.479,,,Provisional/Provisoire,,
05EA010,2026-08-03T17:45:00Z,46,0.479,,,Provisional/Provisoire,,
05EA010,2026-08-03T17:50:00Z,46,0.479,,,Provisional/Provisoire,,
05EA010,2026-08-03T17:55:00Z,46,0.479,,,Provisional/Provisoire,,
05EA010,2026-08-03T18:00:00Z,46,0.479,,,Provisional/Provisoire,,
05EA010,2026-08-03T18:05:00Z,46,0.478,,,Provisional/Provisoire,,
05EA010,2026-08-03T18:10:00Z,46,0.479,,,Provisional/Provisoire,,
05EA010,2026-08-03T18:15:00Z,46,0.478,,,Provisional/Provisoire,,
05EA010,2026-08-03T18:20:00Z,46,0.479,,,Provisional/Provisoire,,
05EA010,2026-08-03T18:25:00Z,46,0.478,,,Provisional/Provisoire,,
05EA010,2026-08-03T18:30:00Z,46,0.478,,,Provisional/Provisoire,,
05EA010,2026-08-03T18:35:00Z,46,0.478,,,Provisional/Provisoire,,
05EA010,2026-08-03T18:40:00Z,46,0.478,,,Provisional/Provisoire,,
05EA010,2026-08-03T18:45:00Z,46,0.478,,,Provisional/Provisoire,,
05EA010,2026-08-03T18:50:00Z,46,0.477,,,Provisional/Provisoire,,
05EA010,2026-08-03T18:55:00Z,46,0.478,,,Provisional/Provisoire,,
05EA010,2026-08-03T19:00:00Z,46,0.477,,,Provisional/Provisoire,,
05EA010,2026-08-03T19:05:00Z,46,0.478,,,Provisional/Provisoire,,
05EA010,2026-08-03T19:10:00Z,46,0.477,,,Provisional/Provisoire,,
05EA010,2026-08-03T19:15:00Z,46,0.478,,,Provisional/Provisoire,,
05EA010,2026-08-03T19:20:00Z,46,0.478,,,Provisional/Provisoire,,
05EA010,2026-08-03T19:25:00Z,46,0.478,,,Provisional/Provisoire,,
05EA010,2026-08-03T19:30:00Z,46,0.478,,,Provisional/Provisoire,,
05EA010,2026-08-03T19:35:00Z,46,0.479,,,Provisional/Provisoire,,
05EA010,2026-08-03T19:40:00Z,46,0.478,,,Provisional/Provisoire,,
05EA010,2026-08-03T19:45:00Z,46,0.479,,,Provisional/Provisoire,,
05EA010,2026-08-03T19:50:00Z,46,0.478,,,Provisional/Provisoire,,
05EA010,2026-08-03T19:55:00Z,46,0.478,,,Provisional/Provisoire,,
05EA010,2026-08-03T20:00:00Z,46,0.478,,,Provisional/Provisoire,,
05EA010,2026-08-03T20:05:00Z,46,0.478,,,Provisional/Provisoire,,
05EA010,2026-08-03T20:10:00Z,46,0.478,,,Provisional/Provisoire,,
05EA010,2026-08-03T20:15:00Z,46,0.478,,,Provisional/Provisoire,,
05EA010,2026-08-03T20:20:00Z,46,0.478,,,Provisional/Provisoire,,
05EA010,2026-08-03T20:25:00Z,46,0.478,,,Provisional/Provisoire,,
05EA010,2026-08-03T20:30:00Z,46,0.478,,,Provisional/Provisoire,,
05EA010,2026-08-03T20:35:00Z,46,0.478,,,Provisional/Provisoire,,
05EA010,2026-08-03T20:40:00Z,46,0.478,,,Provisional/Provisoire,,
05EA010,2026-08-03T20:45:00Z,46,0.477,,,Provisional/Provisoire,,
05EA010,2026-08-03T20:50:00Z,46,0.477,,,Provisional/Provisoire,,
05EA010,2026-08-03T20:55:00Z,46,0.477,,,Provisional/Provisoire,,
05EA010,2026-08-03T21:00:00Z,46,0.477,,,Provisional/Provisoire,,
05EA010,2026-08-03T21:05:00Z,46,0.476,,,Provisional/Provisoire,,
05EA010,2026-08-03T21:10:00Z,46,0.477,,,Provisional/Provisoire,,
05EA010,2026-08-03T21:15:00Z,46,0.476,,,Provisional/Provisoire,,
05EA010,2026-08-03T21:20:00Z,46,0.476,,,Provisional/Provisoire,,
05EA010,2026-08-03T21:25:00Z,46,0.476,,,Provisional/Provisoire,,
05EA010,2026-08-03T21:30:00Z,46,0.476,,,Provisional/Provisoire,,
05EA010,2026-08-03T21:35:00Z,46,0.476,,,Provisional/Provisoire,,
05EA010,2026-08-03T21:40:00Z,46,0.476,,,Provisional/Provisoire,,
05EA010,2026-08-03T21:45:00Z,46,0.476,,,Provisional/Provisoire,,
05EA010,2026-08-03T21:50:00Z,46,0.476,,,Provisional/Provisoire,,
05EA010,2026-08-03T21:55:00Z,46,0.475,,,Provisional/Provisoire,,
05EA010,2026-08-03T22:00:00Z,46,0.474,,,Provisional/Provisoire,,
05EA010,2026-08-03T22:05:00Z,46,0.474,,,Provisional/Provisoire,,
05EA010,2026-08-03T22:10:00Z,46,0.474,,,Provisional/Provisoire,,
05EA010,2026-08-03T22:15:00Z,46,0.474,,,Provisional/Provisoire,,
05EA010,2026-08-03T22:20:00Z,46,0.474,,,Provisional/Provisoire,,
05EA010,2026-08-03T22:25:00Z,46,0.474,,,Provisional/Provisoire,,
05EA010,2026-08-03T22:30:00Z,46,0.473,,,Provisional/Provisoire,,
05EA010,2026-08-03T22:35:00Z,46,0.474,,,Provisional/Provisoire,,
05EA010,2026-08-03T22:40:00Z,46,0.473,,,Provisional/Provisoire,,
05EA010,2026-08-03T22:45:00Z,46,0.473,,,Provisional/Provisoire,,
05EA010,2026-08-03T22:50:00Z,46,0.474,,,Provisional/Provisoire,,
05EA010,2026-08-03T22:55:00Z,46,0.473,,,Provisional/Provisoire,,
05EA010,2026-08-03T23:00:00Z,46,0.473,,,Provisional/Provisoire,,
05EA010,2026-08-03T23:05:00Z,46,0.474,,,Provisional/Provisoire,,
05EA010,2026-08-03T23:10:00Z,46,0.472,,,Provisional/Provisoire,,
05EA010,2026-08-03T23:15:00Z,46,0.472,,,Provisional/Provisoire,,
05EA010,2026-08-03T23:20:00Z,46,0.472,,,Provisional/Provisoire,,
05EA010,2026-08-03T23:25:00Z,46,0.471,,,Provisional/Provisoire,,
05EA010,2026-08-03T23:30:00Z,46,0.472,,,Provisional/Provisoire,,
05EA010,2026-08-03T23:35:00Z,46,0.472,,,Provisional/Provisoire,,
05EA010,2026-08-03T23:40:00Z,46,0.471,,,Provisional/Provisoire,,
05EA010,2026-08-03T23:45:00Z,46,0.471,,,Provisional/Provisoire,,
05EA010,2026-08-03T23:50:00Z,46,0.471,,,Provisional/Provisoire,,
05EA010,2026-08-03T23:55:00Z,46,0.472,,,Provisional/Provisoire,,
05EA010,2026-08-04T00:00:00Z,46,0.471,,,Provisional/Provisoire,,
05EA010,2026-08-04T00:05:00Z,46,0.471,,,Provisional/Provisoire,,
05EA010,2026-08-04T00:10:00Z,46,0.470,,,Provisional/Provisoire,,
05EA010,2026-08-04T00:15:00Z,46,0.470,,,Provisional/Provisoire,,
05EA010,2026-08-04T00:20:00Z,46,0.471,,,Provisional/Provisoire,,
05EA010,2026-08-04T00:25:00Z,46,0.470,,,Provisional/Provisoire,,
05EA010,2026-08-04T00:30:00Z,46,0.470,,,Provisional/Provisoire,,
05EA010,2026-08-04T00:35:00Z,46,0.469,,,Provisional/Provisoire,,
05EA010,2026-08-04T00:40:00Z,46,0.469,,,Provisional/Provisoire,,
05EA010,2026-08-04T00:45:00Z,46,0.469,,,Provisional/Provisoire,,
05EA010,2026-08-04T00:50:00Z,46,0.469,,,Provisional/Provisoire,,
05EA010,2026-08-04T00:55:00Z,46,0.468,,,Provisional/Provisoire,,
05EA010,2026-08-04T01:00:00Z,46,0.468,,,Provisional/Provisoire,,
05EA010,2026-08-04T01:05:00Z,46,0.468,,,Provisional/Provisoire,,
05EA010,2026-08-04T01:10:00Z,46,0.468,,,Provisional/Provisoire,,
05EA010,2026-08-04T01:15:00Z,46,0.468,,,Provisional/Provisoire,,
05EA010,2026-08-04T01:20:00Z,46,0.468,,,Provisional/Provisoire,,
05EA010,2026-08-04T01:25:00Z,46,0.468,,,Provisional/Provisoire,,
05EA010,2026-08-04T01:30:00Z,46,0.468,,,Provisional/Provisoire,,
05EA010,2026-08-04T01:35:00Z,46,0.468,,,Provisional/Provisoire,,
05EA010,2026-08-04T01:40:00Z,46,0.468,,,Provisional/Provisoire,,
05EA010,2026-08-04T01:45:00Z,46,0.467,,,Provisional/Provisoire,,
05EA010,2026-08-04T01:50:00Z,46,0.467,,,Provisional/Provisoire,,
05EA010,2026-08-04T01:55:00Z,46,0.468,,,Provisional/Provisoire,,
05EA010,2026-08-04T02:00:00Z,46,0.466,,,Provisional/Provisoire,,
05EA010,2026-08-04T02:05:00Z,46,0.466,,,Provisional/Provisoire,,
05EA010,2026-08-04T02:10:00Z,46,0.466,,,Provisional/Provisoire,,
05EA010,2026-08-04T02:15:00Z,46,0.466,,,Provisional/Provisoire,,
05EA010,2026-08-04T02:20:00Z,46,0.465,,,Provisional/Provisoire,,
05EA010,2026-08-04T02:25:00Z,46,0.465,,,Provisional/Provisoire,,
05EA010,2026-08-04T02:30:00Z,46,0.465,,,Provisional/Provisoire,,
05EA010,2026-08-04T02:35:00Z,46,0.465,,,Provisional/Provisoire,,
05EA010,2026-08-04T02:40:00Z,46,0.465,,,Provisional/Provisoire,,
05EA010,2026-08-04T02:45:00Z,46,0.465,,,Provisional/Provisoire,,
05EA010,2026-08-04T02:50:00Z,46,0.465,,,Provisional/Provisoire,,
05EA010,2026-08-04T02:55:00Z,46,0.465,,,Provisional/Provisoire,,
05EA010,2026-08-04T03:00:00Z,46,0.464,,,Provisional/Provisoire,,
05EA010,2026-08-04T03:05:00Z,46,0.464,,,Provisional/Provisoire,,
05EA010,2026-08-04T03:10:00Z,46,0.464,,,Provisional/Provisoire,,
05EA010,2026-08-04T03:15:00Z,46,0.464,,,Provisional/Provisoire,,
05EA010,2026-08-04T03:20:00Z,46,0.464,,,Provisional/Provisoire,,
05EA010,2026-08-04T03:25:00Z,46,0.464,,,Provisional/Provisoire,,
05EA010,2026-08-04T03:30:00Z,46,0.463,,,Provisional/Provisoire,,
05EA010,2026-08-04T03:35:00Z,46,0.463,,,Provisional/Provisoire,,
05EA010,2026-08-04T03:40:00Z,46,0.463,,,Provisional/Provisoire,,
05EA010,2026-08-04T03:45:00Z,46,0.463,,,Provisional/Provisoire,,
05EA010,2026-08-04T03:50:00Z,46,0.463,,,Provisional/Provisoire,,
05EA010,2026-08-04T03:55:00Z,46,0.463,,,Provisional/Provisoire,,
05EA010,2026-08-04T04:00:00Z,46,0.463,,,Provisional/Provisoire,,
05EA010,2026-08-04T04:05:00Z,46,0.463,,,Provisional/Provisoire,,
05EA010,2026-08-04T04:10:00Z,46,0.462,,,Provisional/Provisoire,,
05EA010,2026-08-04T04:15:00Z,46,0.463,,,Provisional/Provisoire,,
05EA010,2026-08-04T04:20:00Z,46,0.463,,,Provisional/Provisoire,,
05EA010,2026-08-04T04:25:00Z,46,0.463,,,Provisional/Provisoire,,
05EA010,2026-08-04T04:30:00Z,46,0.463,,,Provisional/Provisoire,,
05EA010,2026-08-04T04:35:00Z,46,0.462,,,Provisional/Provisoire,,
05EA010,2026-08-04T04:40:00Z,46,0.462,,,Provisional/Provisoire,,
05EA010,2026-08-04T04:45:00Z,46,0.462,,,Provisional/Provisoire,,
05EA010,2026-08-04T04:50:00Z,46,0.462,,,Provisional/Provisoire,,
05EA010,2026-08-04T04:55:00Z,46,0.462,,,Provisional/Provisoire,,
05EA010,2026-08-04T05:00:00Z,46,0.461,,,Provisional/Provisoire,,
05EA010,2026-08-04T05:05:00Z,46,0.461,,,Provisional/Provisoire,,
05EA010,2026-08-04T05:10:00Z,46,0.462,,,Provisional/Provisoire,,
05EA010,2026-08-04T05:15:00Z,46,0.462,,,Provisional/Provisoire,,
05EA010,2026-08-04T05:20:00Z,46,0.461,,,Provisional/Provisoire,,
05EA010,2026-08-04T05:25:00Z,46,0.461,,,Provisional/Provisoire,,
05EA010,2026-08-04T05:30:00Z,46,0.461,,,Provisional/Provisoire,,
05EA010,2026-08-04T05:35:00Z,46,0.460,,,Provisional/Provisoire,,
05EA010,2026-08-04T05:40:00Z,46,0.460,,,Provisional/Provisoire,,
05EA010,2026-08-04T05:45:00Z,46,0.460,,,Provisional/Provisoire,,
05EA010,2026-08-04T05:50:00Z,46,0.460,,,Provisional/Provisoire,,
05EA010,2026-08-04T05:55:00Z,46,0.459,,,Provisional/Provisoire,,
05EA010,2026-08-04T06:00:00Z,46,0.460,,,Provisional/Provisoire,,
05EA010,2026-08-04T06:05:00Z,46,0.459,,,Provisional/Provisoire,,
05EA010,2026-08-04T06:10:00Z,46,0.459,,,Provisional/Provisoire,,
05EA010,2026-08-04T06:15:00Z,46,0.459,,,Provisional/Provisoire,,
05EA010,2026-08-04T06:20:00Z,46,0.459,,,Provisional/Provisoire,,
05EA010,2026-08-04T06:25:00Z,46,0.458,,,Provisional/Provisoire,,
05EA010,2026-08-04T06:30:00Z,46,0.458,,,Provisional/Provisoire,,
05EA010,2026-08-04T06:35:00Z,46,0.458,,,Provisional/Provisoire,,
05EA010,2026-08-04T06:40:00Z,46,0.458,,,Provisional/Provisoire,,
05EA010,2026-08-04T06:45:00Z,46,0.458,,,Provisional/Provisoire,,
05EA010,2026-08-04T06:50:00Z,46,0.457,,,Provisional/Provisoire,,
05EA010,2026-08-04T06:55:00Z,46,0.457,,,Provisional/Provisoire,,
05EA010,2026-08-04T07:00:00Z,46,0.456,,,Provisional/Provisoire,,
05EA010,2026-08-04T07:05:00Z,46,0.457,,,Provisional/Provisoire,,
05EA010,2026-08-04T07:10:00Z,46,0.457,,,Provisional/Provisoire,,
05EA010,2026-08-04T07:15:00Z,46,0.456,,,Provisional/Provisoire,,
05EA010,2026-08-04T07:20:00Z,46,0.456,,,Provisional/Provisoire,,
05EA010,2026-08-04T07:25:00Z,46,0.456,,,Provisional/Provisoire,,
05EA010,2026-08-04T07:30:00Z,46,0.455,,,Provisional/Provisoire,,
05EA010,2026-08-04T07:35:00Z,46,0.455,,,Provisional/Provisoire,,
05EA010,2026-08-04T07:40:00Z,46,0.455,,,Provisional/Provisoire,,
05EA010,2026-08-04T07:45:00Z,46,0.455,,,Provisional/Provisoire,,
05EA010,2026-08-04T07:50:00Z,46,0.456,,,Provisional/Provisoire,,
05EA010,2026-08-04T07:55:00Z,46,0.455,,,Provisional/Provisoire,,
05EA010,2026-08-04T08:00:00Z,46,0.455,,,Provisional/Provisoire,,
05EA010,2026-08-04T08:05:00Z,46,0.455,,,Provisional/Provisoire,,
05EA010,2026-08-04T08:10:00Z,46,0.456,,,Provisional/Provisoire,,
05EA010,2026-08-04T08:15:00Z,46,0.455,,,Provisional/Provisoire,,
05EA010,2026-08-04T08:20:00Z,46,0.455,,,Provisional/Provisoire,,
05EA010,2026-08-04T08:25:00Z,46,0.454,,,Provisional/Provisoire,,
05EA010,2026-08-04T08:30:00Z,46,0.454,,,Provisional/Provisoire,,
05EA010,2026-08-04T08:35:00Z,46,0.454,,,Provisional/Provisoire,,
05EA010,2026-08-04T08:40:00Z,46,0.454,,,Provisional/Provisoire,,
05EA010,2026-08-04T08:45:00Z,46,0.454,,,Provisional/Provisoire,,
05EA010,2026-08-04T08:50:00Z,46,0.454,,,Provisional/Provisoire,,
05EA010,2026-08-04T08:55:00Z,46,0.453,,,Provisional/Provisoire,,
05EA010,2026-08-04T09:00:00Z,46,0.453,,,Provisional/Provisoire,,
05EA010,2026-08-04T09:05:00Z,46,0.453,,,Provisional/Provisoire,,
05EA010,2026-08-04T09:10:00Z,46,0.454,,,Provisional/Provisoire,,
05EA010,2026-08-04T09:15:00Z,46,0.453,,,Provisional/Provisoire,,
05EA010,2026-08-04T09:20:00Z,46,0.453,,,Provisional/Provisoire,,
05EA010,2026-08-04T09:25:00Z,46,0.452,,,Provisional/Provisoire,,
05EA010,2026-08-04T09:30:00Z,46,0.452,,,Provisional/Provisoire,,
05EA010,2026-08-04T09:35:00Z,46,0.452,,,Provisional/Provisoire,,
05EA010,2026-08-04T09:40:00Z,46,0.452,,,Provisional/Provisoire,,
05EA010,2026-08-04T09:45:00Z,46,0.450,,,Provisional/Provisoire,,
05EA010,2026-08-04T09:50:00Z,46,0.450,,,Provisional/Provisoire,,
05EA010,2026-08-04T09:55:00Z,46,0.450,,,Provisional/Provisoire,,
05EA010,2026-08-04T10:00:00Z,46,0.450,,,Provisional/Provisoire,,
05EA010,2026-08-04T10:05:00Z,46,0.450,,,Provisional/Provisoire,,
05EA010,2026-08-04T10:10:00Z,46,0.449,,,Provisional/Provisoire,,
05EA010,2026-08-04T10:15:00Z,46,0.449,,,Provisional/Provisoire,,
05EA010,2026-08-04T10:20:00Z,46,0.450,,,Provisional/Provisoire,,
05EA010,2026-08-04T10:25:00Z,46,0.449,,,Provisional/Provisoire,,
05EA010,2026-08-04T10:30:00Z,46,0.449,,,Provisional/Provisoire,,
05EA010,2026-08-04T10:35:00Z,46,0.449,,,Provisional/Provisoire,,
05EA010,2026-08-04T10:40:00Z,46,0.449,,,Provisional/Provisoire,,
05EA010,2026-08-04T10:45:00Z,46,0.449,,,Provisional/Provisoire,,
05EA010,2026-08-04T10:50:00Z,46,0.449,,,Provisional/Provisoire,,
05EA010,2026-08-04T10:55:00Z,46,0.449,,,Provisional/Provisoire,,
05EA010,2026-08-04T11:00:00Z,46,0.449,,,Provisional/Provisoire,,
05EA010,2026-08-04T11:05:00Z,46,0.447,,,Provisional/Provisoire,,
05EA010,2026-08-04T11:10:00Z,46,0.448,,,Provisional/Provisoire,,
05EA010,2026-08-04T11:15:00Z,46,0.447,,,Provisional/Provisoire,,
05EA010,2026-08-04T11:20:00Z,46,0.446,,,Provisional/Provisoire,,
05EA010,2026-08-04T11:25:00Z,46,0.446,,,Provisional/Provisoire,,
05EA010,2026-08-04T11:30:00Z,46,0.446,,,Provisional/Provisoire,,
05EA010,2026-08-04T11:35:00Z,46,0.444,,,Provisional/Provisoire,,
05EA010,2026-08-04T11:40:00Z,46,0.444,,,Provisional/Provisoire,,
05EA010,2026-08-04T11:45:00Z,46,0.443,,,Provisional/Provisoire,,
05EA010,2026-08-04T11:50:00Z,46,0.443,,,Provisional/Provisoire,,
05EA010,2026-08-04T11:55:00Z,46,0.443,,,Provisional/Provisoire,,
05EA010,2026-08-04T12:00:00Z,46,0.443,,,Provisional/Provisoire,,
05EA010,2026-08-04T12:05:00Z,46,0.443,,,Provisional/Provisoire,,
05EA010,2026-08-04T12:10:00Z,46,0.443,,,Provisional/Provisoire,,
05EA010,2026-08-04T12:15:00Z,46,0.443,,,Provisional/Provisoire,,
05EA010,2026-08-04T12:20:00Z,46,0.443,,,Provisional/Provisoire,,
05EA010,2026-08-04T12:25:00Z,46,0.444,,,Provisional/Provisoire,,
05EA010,2026-08-04T12:30:00Z,46,0.443,,,Provisional/Provisoire,,
05EA010,2026-08-04T12:35:00Z,46,0.443,,,Provisional/Provisoire,,
05EA010,2026-08-04T12:40:00Z,46,0.443,,,Provisional/Provisoire,,
05EA010,2026-08-04T12:45:00Z,46,0.443,,,Provisional/Provisoire,,
05EA010,2026-08-04T12:50:00Z,46,0.443,,,Provisional/Provisoire,,
05EA010,2026-08-04T12:55:00Z,46,0.443,,,Provisional/Provisoire,,
05EA010,2026-08-04T13:00:00Z,46,0.443,,,Provisional/Provisoire,,
05EA010,2026-08-04T13:05:00Z,46,0.442,,,Provisional/Provisoire,,
05EA010,2026-08-04T13:10:00Z,46,0.442,,,Provisional/Provisoire,,
05EA010,2026-08-04T13:15:00Z,46,0.442,,,Provisional/Provisoire,,
05EA010,2026-08-04T13:20:00Z,46,0.442,,,Provisional/Provisoire,,
05EA010,2026-08-04T13:25:00Z,46,0.442,,,Provisional/Provisoire,,
05EA010,2026-08-04T13:30:00Z,46,0.442,,,Provisional/Provisoire,,
05EA010,2026-08-04T13:35:00Z,46,0.442,,,Provisional/Provisoire,,
05EA010,2026-08-04T13:40:00Z,46,0.442,,,Provisional/Provisoire,,
05EA010,2026-08-04T13:45:00Z,46,0.442,,,Provisional/Provisoire,,
05EA010,2026-08-04T13:50:00Z,46,0.442,,,Provisional/Provisoire,,
05EA010,2026-08-04T13:55:00Z,46,0.442,,,Provisional/Provisoire,,
05EA010,2026-08-04T14:00:00Z,46,0.442,,,Provisional/Provisoire,,
05EA010,2026-08-04T14:05:00Z,46,0.442,,,Provisional/Provisoire,,
05EA010,2026-08-04T14:10:00Z,46,0.442,,,Provisional/Provisoire,,
05EA010,2026-08-04T14:15:00Z,46,0.442,,,Provisional/Provisoire,,
05EA010,2026-08-04T14:20:00Z,46,0.442,,,Provisional/Provisoire,,
05EA010,2026-08-04T14:25:00Z,46,0.442,,,Provisional/Provisoire,,
05EA010,2026-08-04T14:30:00Z,46,0.442,,,Provisional/Provisoire,,
05EA010,2026-08-04T14:35:00Z,46,0.442,,,Provisional/Provisoire,,
05EA010,2026-08-04T14:40:00Z,46,0.441,,,Provisional/Provisoire,,
05EA010,2026-08-04T14:45:00Z,46,0.441,,,Provisional/Provisoire,,
05EA010,2026-08-04T14:50:00Z,46,0.441,,,Provisional/Provisoire,,
05EA010,2026-08-04T14:55:00Z,46,0.441,,,Provisional/Provisoire,,
05EA010,2026-08-04T15:00:00Z,46,0.441,,,Provisional/Provisoire,,
05EA010,2026-08-04T15:05:00Z,46,0.441,,,Provisional/Provisoire,,
05EA010,2026-08-04T15:10:00Z,46,0.440,,,Provisional/Provisoire,,
05EA010,2026-08-04T15:15:00Z,46,0.440,,,Provisional/Provisoire,,
05EA010,2026-08-04T15:20:00Z,46,0.439,,,Provisional/Provisoire,,
05EA010,2026-08-04T15:25:00Z,46,0.440,,,Provisional/Provisoire,,
05EA010,2026-08-04T15:30:00Z,46,0.439,,,Provisional/Provisoire,,
05EA010,2026-08-04T15:35:00Z,46,0.439,,,Provisional/Provisoire,,
05EA010,2026-08-04T15:40:00Z,46,0.438,,,Provisional/Provisoire,,
05EA010,2026-08-04T15:45:00Z,46,0.438,,,Provisional/Provisoire,,
05EA010,2026-08-04T15:50:00Z,46,0.437,,,Provisional/Provisoire,,
05EA010,2026-08-04T15:55:00Z,46,0.437,,,Provisional/Provisoire,,
05EA010,2026-08-04T16:00:00Z,46,0.437,,,Provisional/Provisoire,,
05EA010,2026-08-04T16:05:00Z,46,0.436,,,Provisional/Provisoire,,
05EA010,2026-08-04T16:10:00Z,46,0.436,,,Provisional/Provisoire,,
05EA010,2026-08-04T16:15:00Z,46,0.436,,,Provisional/Provisoire,,
05EA010,2026-08-04T16:20:00Z,46,0.435,,,Provisional/Provisoire,,
05EA010,2026-08-04T16:25:00Z,46,0.436,,,Provisional/Provisoire,,
05EA010,2026-08-04T16:30:00Z,46,0.436,,,Provisional/Provisoire,,
05EA010,2026-08-04T16:35:00Z,46,0.436,,,Provisional/Provisoire,,
05EA010,2026-08-04T16:40:00Z,46,0.436,,,Provisional/Provisoire,,
05EA010,2026-08-04T16:45:00Z,46,0.436,,,Provisional/Provisoire,,
05EA010,2026-08-04T16:50:00Z,46,0.436,,,Provisional/Provisoire,,
05EA010,2026-08-04T16:55:00Z,46,0.437,,,Provisional/Provisoire,,
05EA010,2026-08-04T17:00:00Z,46,0.437,,,Provisional/Provisoire,,
05EA010,2026-08-04T17:05:00Z,46,0.437,,,Provisional/Provisoire,,
05EA010,2026-08-04T17:10:00Z,46,0.437,,,Provisional/Provisoire,,
05EA010,2026-08-04T17:15:00Z,46,0.438,,,Provisional/Provisoire,,
05EA010,2026-08-04T17:20:00Z,46,0.438,,,Provisional/Provisoire,,
05EA010,2026-08-04T17:25:00Z,46,0.438,,,Provisional/Provisoire,,
05EA010,2026-08-04T17:30:00Z,46,0.438,,,Provisional/Provisoire,,
05EA010,2026-08-04T17:35:00Z,46,0.438,,,Provisional/Provisoire,,
05EA010,2026-08-04T17:40:00Z,46,0.439,,,Provisional/Provisoire,,
05EA010,2026-08-04T17:45:00Z,46,0.439,,,Provisional/Provisoire,,
05EA010,2026-08-04T17:50:00Z,46,0.440,,,Provisional/Provisoire,,
05EA010,2026-08-04T17:55:00Z,46,0.440,,,Provisional/Provisoire,,
05EA010,2026-08-04T18:00:00Z,46,0.440,,,Provisional/Provisoire,,
05EA010,2026-08-04T18:05:00Z,46,0.440,,,Provisional/Provisoire,,
05EA010,2026-08-04T18:10:00Z,46,0.440,,,Provisional/Provisoire,,
05EA010,2026-08-04T18:15:00Z,46,0.440,,,Provisional/Provisoire,,
05EA010,2026-08-04T18:20:00Z,46,0.440,,,Provisional/Provisoire,,
05EA010,2026-08-04T18:25:00Z,46,0.441,,,Provisional/Provisoire,,
05EA010,2026-08-04T18:30:00Z,46,0.440,,,Provisional/Provisoire,,
05EA010,2026-08-04T18:35:00Z,46,0.440,,,Provisional/Provisoire,,
05EA010,2026-08-04T18:40:00Z,46,0.440,,,Provisional/Provisoire,,
05EA010,2026-08-04T18:45:00Z,46,0.439,,,Provisional/Provisoire,,
05EA010,2026-08-04T18:50:00Z,46,0.440,,,Provisional/Provisoire,,
05EA010,2026-08-04T18:55:00Z,46,0.441,,,Provisional/Provisoire,,
05EA010,2026-08-04T19:00:00Z,46,0.440,,,Provisional/Provisoire,,
05EA010,2026-08-04T19:05:00Z,46,0.440,,,Provisional/Provisoire,,
05EA010,2026-08-04T19:10:00Z,46,0.440,,,Provisional/Provisoire,,
05EA010,2026-08-04T19:15:00Z,46,0.440,,,Provisional/Provisoire,,
05EA010,2026-08-04T19:20:00Z,46,0.440,,,Provisional/Provisoire,,
05EA010,2026-08-04T19:25:00Z,46,0.440,,,Provisional/Provisoire,,
05EA010,2026-08-04T19:30:00Z,46,0.440,,,Provisional/Provisoire,,
05EA010,2026-08-04T19:35:00Z,46,0.440,,,Provisional/Provisoire,,
05EA010,2026-08-04T19:40:00Z,46,0.440,,,Provisional/Provisoire,,
05EA010,2026-08-04T19:45:00Z,46,0.440,,,Provisional/Provisoire,,
05EA010,2026-08-04T19:50:00Z,46,0.440,,,Provisional/Provisoire,,
05EA010,2026-08-04T19:55:00Z,46,0.440,,,Provisional/Provisoire,,
05EA010,2026-08-04T20:00:00Z,46,0.439,,,Provisional/Provisoire,,
05EA010,2026-08-04T20:05:00Z,46,0.439,,,Provisional/Provisoire,,
05EA010,2026-08-04T20:10:00Z,46,0.439,,,Provisional/Provisoire,,
05EA010,2026-08-04T20:15:00Z,46,0.439,,,Provisional/Provisoire,,
05EA010,2026-08-04T20:20:00Z,46,0.439,,,Provisional/Provisoire,,
05EA010,2026-08-04T20:25:00Z,46,0.439,,,Provisional/Provisoire,,
05EA010,2026-08-04T20:30:00Z,46,0.439,,,Provisional/Provisoire,,
05EA010,2026-08-04T20:35:00Z,46,0.438,,,Provisional/Provisoire,,
05EA010,2026-08-04T20:40:00Z,46,0.438,,,Provisional/Provisoire,,
05EA010,2026-08-04T20:45:00Z,46,0.438,,,Provisional/Provisoire,,
05EA010,2026-08-04T20:50:00Z,46,0.438,,,Provisional/Provisoire,,
05EA010,2026-08-04T20:55:00Z,46,0.438,,,Provisional/Provisoire,,
05EA010,2026-08-04T21:00:00Z,46,0.438,,,Provisional/Provisoire,,
05EA010,2026-08-04T21:05:00Z,46,0.438,,,Provisional/Provisoire,,
05EA010,2026-08-04T21:10:00Z,46,0.437,,,Provisional/Provisoire,,
05EA010,2026-08-04T21:15:00Z,46,0.438,,,Provisional/Provisoire,,
05EA010,2026-08-04T21:20:00Z,46,0.438,,,Provisional/Provisoire,,
05EA010,2026-08-04T21:25:00Z,46,0.437,,,Provisional/Provisoire,,
05EA010,2026-08-04T21:30:00Z,46,0.436,,,Provisional/Provisoire,,
05EA010,2026-08-04T21:35:00Z,46,0.437,,,Provisional/Provisoire,,
05EA010,2026-08-04T21:40:00Z,46,0.437,,,Provisional/Provisoire,,
05EA010,2026-08-04T21:45:00Z,46,0.437,,,Provisional/Provisoire,,
05EA010,2026-08-04T21:50:00Z,46,0.437,,,Provisional/Provisoire,,
05EA010,2026-08-04T21:55:00Z,46,0.437,,,Provisional/Provisoire,,
05EA010,2026-08-04T22:00:00Z,46,0.437,,,Provisional/Provisoire,,
05EA010,2026-08-04T22:05:00Z,46,0.436,,,Provisional/Provisoire,,
05EA010,2026-08-04T22:10:00Z,46,0.436,,,Provisional/Provisoire,,
05EA010,2026-08-04T22:15:00Z,46,0.436,,,Provisional/Provisoire,,
05EA010,2026-08-04T22:20:00Z,46,0.436,,,Provisional/Provisoire,,
05EA010,2026-08-04T22:25:00Z,46,0.436,,,Provisional/Provisoire,,
05EA010,2026-08-04T22:30:00Z,46,0.436,,,Provisional/Provisoire,,
05EA010,2026-08-04T22:35:00Z,46,0.436,,,Provisional/Provisoire,,
05EA010,2026-08-04T22:40:00Z,46,0.436,,,Provisional/Provisoire,,
05EA010,2026-08-04T22:45:00Z,46,0.437,,,Provisional/Provisoire,,
05EA010,2026-08-04T22:50:00Z,46,0.436,,,Provisional/Provisoire,,
05EA010,2026-08-04T22:55:00Z,46,0.437,,,Provisional/Provisoire,,
05EA010,2026-08-04T23:00:00Z,46,0.435,,,Provisional/Provisoire,,
05EA010,2026-08-04T23:05:00Z,46,0.436,,,Provisional/Provisoire,,
05EA010,2026-08-04T23:10:00Z,46,0.435,,,Provisional/Provisoire,,
05EA010,2026-08-04T23:15:00Z,46,0.435,,,Provisional/Provisoire,,
05EA010,2026-08-04T23:20:00Z,46,0.435,,,Provisional/Provisoire,,
05EA010,2026-08-04T23:25:00Z,46,0.435,,,Provisional/Provisoire,,
05EA010,2026-08-04T23:30:00Z,46,0.436,,,Provisional/Provisoire,,
05EA010,2026-08-04T23:35:00Z,46,0.435,,,Provisional/Provisoire,,
05EA010,2026-08-04T23:40:00Z,46,0.435,,,Provisional/Provisoire,,
05EA010,2026-08-04T23:45:00Z,46,0.435,,,Provisional/Provisoire,,
05EA010,2026-08-04T23:50:00Z,46,0.435,,,Provisional/Provisoire,,
05EA010,2026-08-04T23:55:00Z,46,0.434,,,Provisional/Provisoire,,
05EA010,2026-08-05T00:00:00Z,46,0.434,,,Provisional/Provisoire,,
05EA010,2026-08-05T00:05:00Z,46,0.434,,,Provisional/Provisoire,,
05EA010,2026-08-05T00:10:00Z,46,0.435,,,Provisional/Provisoire,,
05EA010,2026-08-05T00:15:00Z,46,0.434,,,Provisional/Provisoire,,
05EA010,2026-08-05T00:20:00Z,46,0.434,,,Provisional/Provisoire,,
05EA010,2026-08-05T00:25:00Z,46,0.434,,,Provisional/Provisoire,,
05EA010,2026-08-05T00:30:00Z,46,0.434,,,Provisional/Provisoire,,
05EA010,2026-08-05T00:35:00Z,46,0.434,,,Provisional/Provisoire,,
05EA010,2026-08-05T00:40:00Z,46,0.434,,,Provisional/Provisoire,,
05EA010,2026-08-05T00:45:00Z,46,0.434,,,Provisional/Provisoire,,
05EA010,2026-08-05T00:50:00Z,46,0.433,,,Provisional/Provisoire,,
05EA010,2026-08-05T00:55:00Z,46,0.434,,,Provisional/Provisoire,,
05EA010,2026-08-05T01:00:00Z,46,0.434,,,Provisional/Provisoire,,
05EA010,2026-08-05T01:05:00Z,46,0.433,,,Provisional/Provisoire,,
05EA010,2026-08-05T01:10:00Z,46,0.434,,,Provisional/Provisoire,,
05EA010,2026-08-05T01:15:00Z,46,0.434,,,Provisional/Provisoire,,
05EA010,2026-08-05T01:20:00Z,46,0.433,,,Provisional/Provisoire,,
05EA010,2026-08-05T01:25:00Z,46,0.433,,,Provisional/Provisoire,,
05EA010,2026-08-05T01:30:00Z,46,0.433,,,Provisional/Provisoire,,
05EA010,2026-08-05T01:35:00Z,46,0.433,,,Provisional/Provisoire,,
05EA010,2026-08-05T01:40:00Z,46,0.433,,,Provisional/Provisoire,,
05EA010,2026-08-05T01:45:00Z,46,0.432,,,Provisional/Provisoire,,
05EA010,2026-08-05T01:50:00Z,46,0.433,,,Provisional/Provisoire,,
05EA010,2026-08-05T01:55:00Z,46,0.432,,,Provisional/Provisoire,,
05EA010,2026-08-05T02:00:00Z,46,0.432,,,Provisional/Provisoire,,
05EA010,2026-08-05T02:05:00Z,46,0.433,,,Provisional/Provisoire,,
05EA010,2026-08-05T02:10:00Z,46,0.433,,,Provisional/Provisoire,,
05EA010,2026-08-05T02:15:00Z,46,0.432,,,Provisional/Provisoire,,
05EA010,2026-08-05T02:20:00Z,46,0.433,,,Provisional/Provisoire,,
05EA010,2026-08-05T02:25:00Z,46,0.433,,,Provisional/Provisoire,,
05EA010,2026-08-05T02:30:00Z,46,0.434,,,Provisional/Provisoire,,
05EA010,2026-08-05T02:35:00Z,46,0.434,,,Provisional/Provisoire,,
05EA010,2026-08-05T02:40:00Z,46,0.433,,,Provisional/Provisoire,,
05EA010,2026-08-05T02:45:00Z,46,0.433,,,Provisional/Provisoire,,
05EA010,2026-08-05T02:50:00Z,46,0.433,,,Provisional/Provisoire,,
05EA010,2026-08-05T02:55:00Z,46,0.433,,,Provisional/Provisoire,,
05EA010,2026-08-05T03:00:00Z,46,0.432,,,Provisional/Provisoire,,
05EA010,2026-08-05T03:05:00Z,46,0.432,,,Provisional/Provisoire,,
05EA010,2026-08-05T03:10:00Z,46,0.431,,,Provisional/Provisoire,,
05EA010,2026-08-05T03:15:00Z,46,0.432,,,Provisional/Provisoire,,
05EA010,2026-08-05T03:20:00Z,46,0.431,,,Provisional/Provisoire,,
05EA010,2026-08-05T03:25:00Z,46,0.430,,,Provisional/Provisoire,,
05EA010,2026-08-05T03:30:00Z,46,0.431,,,Provisional/Provisoire,,
05EA010,2026-08-05T03:35:00Z,46,0.431,,,Provisional/Provisoire,,
05EA010,2026-08-05T03:40:00Z,46,0.430,,,Provisional/Provisoire,,
05EA010,2026-08-05T03:45:00Z,46,0.431,,,Provisional/Provisoire,,
05EA010,2026-08-05T03:50:00Z,46,0.432,,,Provisional/Provisoire,,
05EA010,2026-08-05T03:55:00Z,46,0.431,,,Provisional/Provisoire,,
05EA010,2026-08-05T04:00:00Z,46,0.431,,,Provisional/Provisoire,,
05EA010,2026-08-05T04:05:00Z,46,0.432,,,Provisional/Provisoire,,
05EA010,2026-08-05T04:10:00Z,46,0.432,,,Provisional/Provisoire,,
05EA010,2026-08-05T04:15:00Z,46,0.432,,,Provisional/Provisoire,,
05EA010,2026-08-05T04:20:00Z,46,0.432,,,Provisional/Provisoire,,
05EA010,2026-08-05T04:25:00Z,46,0.432,,,Provisional/Provisoire,,
05EA010,2026-08-05T04:30:00Z,46,0.432,,,Provisional/Provisoire,,
05EA010,2026-08-05T04:35:00Z,46,0.432,,,Provisional/Provisoire,,
05EA010,2026-08-05T04:40:00Z,46,0.433,,,Provisional/Provisoire,,
05EA010,2026-08-05T04:45:00Z,46,0.432,,,Provisional/Provisoire,,
05EA010,2026-08-05T04:50:00Z,46,0.432,,,Provisional/Provisoire,,
05EA010,2026-08-05T04:55:00Z,46,0.432,,,Provisional/Provisoire,,
05EA010,2026-08-05T05:00:00Z,46,0.432,,,Provisional/Provisoire,,
05EA010,2026-08-05T05:05:00Z,46,0.431,,,Provisional/Provisoire,,
05EA010,2026-08-05T05:10:00Z,46,0.432,,,Provisional/Provisoire,,
05EA010,2026-08-05T05:15:00Z,46,0.431,,,Provisional/Provisoire,,
05EA010,2026-08-05T05:20:00Z,46,0.431,,,Provisional/Provisoire,,
05EA010,2026-08-05T05:25:00Z,46,0.431,,,Provisional/Provisoire,,
05EA010,2026-08-05T05:30:00Z,46,0.431,,,Provisional/Provisoire,,
05EA010,2026-08-05T05:35:00Z,46,0.430,,,Provisional/Provisoire,,
05EA010,2026-08-05T05:40:00Z,46,0.430,,,Provisional/Provisoire,,
05EA010,2026-08-05T05:45:00Z,46,0.431,,,Provisional/Provisoire,,
05EA010,2026-08-05T05:50:00Z,46,0.431,,,Provisional/Provisoire,,
05EA010,2026-08-05T05:55:00Z,46,0.431,,,Provisional/Provisoire,,
05EA010,2026-08-05T06:00:00Z,46,0.431,,,Provisional/Provisoire,,
05EA010,2026-08-05T06:05:00Z,46,0.431,,,Provisional/Provisoire,,
05EA010,2026-08-05T06:10:00Z,46,0.431,,,Provisional/Provisoire,,
05EA010,2026-08-05T06:15:00Z,46,0.430,,,Provisional/Provisoire,,
05EA010,2026-08-05T06:20:00Z,46,0.430,,,Provisional/Provisoire,,
05EA010,2026-08-05T06:25:00Z,46,0.430,,,Provisional/Provisoire,,
05EA010,2026-08-05T06:30:00Z,46,0.430,,,Provisional/Provisoire,,
05EA010,2026-08-05T06:35:00Z,46,0.429,,,Provisional/Provisoire,,
05EA010,2026-08-05T06:40:00Z,46,0.429,,,Provisional/Provisoire,,
05EA010,2026-08-05T06:45:00Z,46,0.429,,,Provisional/Provisoire,,
05EA010,2026-08-05T06:50:00Z,46,0.429,,,Provisional/Provisoire,,
05EA010,2026-08-05T06:55:00Z,46,0.429,,,Provisional/Provisoire,,
05EA010,2026-08-05T07:00:00Z,46,0.429,,,Provisional/Provisoire,,
05EA010,2026-08-05T07:05:00Z,46,0.429,,,Provisional/Provisoire,,
05EA010,2026-08-05T07:10:00Z,46,0.429,,,Provisional/Provisoire,,
05EA010,2026-08-05T07:15:00Z,46,0.430,,,Provisional/Provisoire,,
05EA010,2026-08-05T07:20:00Z,46,0.430,,,Provisional/Provisoire,,
05EA010,2026-08-05T07:25:00Z,46,0.430,,,Provisional/Provisoire,,
05EA010,2026-08-05T07:30:00Z,46,0.430,,,Provisional/Provisoire,,
05EA010,2026-08-05T07:35:00Z,46,0.431,,,Provisional/Provisoire,,
05EA010,2026-08-05T07:40:00Z,46,0.431,,,Provisional/Provisoire,,
05EA010,2026-08-05T07:45:00Z,46,0.431,,,Provisional/Provisoire,,
05EA010,2026-08-05T07:50:00Z,46,0.430,,,Provisional/Provisoire,,
05EA010,2026-08-05T07:55:00Z,46,0.431,,,Provisional/Provisoire,,
05EA010,2026-08-05T08:00:00Z,46,0.431,,,Provisional/Provisoire,,
05EA010,2026-08-05T08:05:00Z,46,0.430,,,Provisional/Provisoire,,
05EA010,2026-08-05T08:10:00Z,46,0.431,,,Provisional/Provisoire,,
05EA010,2026-08-05T08:15:00Z,46,0.431,,,Provisional/Provisoire,,
05EA010,2026-08-05T08:20:00Z,46,0.431,,,Provisional/Provisoire,,
05EA010,2026-08-05T08:25:00Z,46,0.430,,,Provisional/Provisoire,,
05EA010,2026-08-05T08:30:00Z,46,0.430,,,Provisional/Provisoire,,
05EA010,2026-08-05T08:35:00Z,46,0.430,,,Provisional/Provisoire,,
05EA010,2026-08-05T08:40:00Z,46,0.430,,,Provisional/Provisoire,,
05EA010,2026-08-05T08:45:00Z,46,0.430,,,Provisional/Provisoire,,
05EA010,2026-08-05T08:50:00Z,46,0.430,,,Provisional/Provisoire,,
05EA010,2026-08-05T08:55:00Z,46,0.429,,,Provisional/Provisoire,,
05EA010,2026-08-05T09:00:00Z,46,0.430,,,Provisional/Provisoire,,
05EA010,2026-08-05T09:05:00Z,46,0.430,,,Provisional/Provisoire,,
05EA010,2026-08-05T09:10:00Z,46,0.429,,,Provisional/Provisoire,,
05EA010,2026-08-05T09:15:00Z,46,0.429,,,Provisional/Provisoire,,
05EA010,2026-08-05T09:20:00Z,46,0.429,,,Provisional/Provisoire,,
05EA010,2026-08-05T09:25:00Z,46,0.429,,,Provisional/Provisoire,,
05EA010,2026-08-05T09:30:00Z,46,0.429,,,Provisional/Provisoire,,
05EA010,2026-08-05T09:35:00Z,46,0.428,,,Provisional/Provisoire,,
05EA010,2026-08-05T09:40:00Z,46,0.428,,,Provisional/Provisoire,,
05EA010,2026-08-05T09:45:00Z,46,0.428,,,Provisional/Provisoire,,
05EA010,2026-08-05T09:50:00Z,46,0.428,,,Provisional/Provisoire,,
05EA010,2026-08-05T09:55:00Z,46,0.428,,,Provisional/Provisoire,,
05EA010,2026-08-05T10:00:00Z,46,0.428,,,Provisional/Provisoire,,
05EA010,2026-08-05T10:05:00Z,46,0.428,,,Provisional/Provisoire,,
05EA010,2026-08-05T10:10:00Z,46,0.428,,,Provisional/Provisoire,,
05EA010,2026-08-05T10:15:00Z,46,0.428,,,Provisional/Provisoire,,
05EA010,2026-08-05T10:20:00Z,46,0.428,,,Provisional/Provisoire,,
05EA010,2026-08-05T10:25:00Z,46,0.428,,,Provisional/Provisoire,,
05EA010,2026-08-05T10:30:00Z,46,0.428,,,Provisional/Provisoire,,
05EA010,2026-08-05T10:35:00Z,46,0.428,,,Provisional/Provisoire,,
05EA010,2026-08-05T10:40:00Z,46,0.427,,,Provisional/Provisoire,,
05EA010,2026-08-05T10:45:00Z,46,0.426,,,Provisional/Provisoire,,
05EA010,2026-08-05T10:50:00Z,46,0.426,,,Provisional/Provisoire,,
05EA010,2026-08-05T10:55:00Z,46,0.426,,,Provisional/Provisoire,,
05EA010,2026-08-05T11:00:00Z,46,0.426,,,Provisional/Provisoire,,
05EA010,2026-08-05T11:05:00Z,46,0.426,,,Provisional/Provisoire,,
05EA010,2026-08-05T11:10:00Z,46,0.427,,,Provisional/Provisoire,,
05EA010,2026-08-05T11:15:00Z,46,0.426,,,Provisional/Provisoire,,
05EA010,2026-08-05T11:20:00Z,46,0.426,,,Provisional/Provisoire,,
05EA010,2026-08-05T11:25:00Z,46,0.427,,,Provisional/Provisoire,,
05EA010,2026-08-05T11:30:00Z,46,0.426,,,Provisional/Provisoire,,
05EA010,2026-08-05T11:35:00Z,46,0.426,,,Provisional/Provisoire,,
05EA010,2026-08-05T11:40:00Z,46,0.427,,,Provisional/Provisoire,,
05EA010,2026-08-05T11:45:00Z,46,0.426,,,Provisional/Provisoire,,
05EA010,2026-08-05T11:50:00Z,46,0.426,,,Provisional/Provisoire,,
05EA010,2026-08-05T11:55:00Z,46,0.425,,,Provisional/Provisoire,,
05EA010,2026-08-05T12:00:00Z,46,0.425,,,Provisional/Provisoire,,
05EA010,2026-08-05T12:05:00Z,46,0.425,,,Provisional/Provisoire,,
05EA010,2026-08-05T12:10:00Z,46,0.425,,,Provisional/Provisoire,,
05EA010,2026-08-05T12:15:00Z,46,0.424,,,Provisional/Provisoire,,
05EA010,2026-08-05T12:20:00Z,46,0.423,,,Provisional/Provisoire,,
05EA010,2026-08-05T12:25:00Z,46,0.423,,,Provisional/Provisoire,,
05EA010,2026-08-05T12:30:00Z,46,0.424,,,Provisional/Provisoire,,
05EA010,2026-08-05T12:35:00Z,46,0.423,,,Provisional/Provisoire,,
05EA010,2026-08-05T12:40:00Z,46,0.422,,,Provisional/Provisoire,,
05EA010,2026-08-05T12:45:00Z,46,0.422,,,Provisional/Provisoire,,
05EA010,2026-08-05T12:50:00Z,46,0.422,,,Provisional/Provisoire,,
05EA010,2026-08-05T12:55:00Z,46,0.422,,,Provisional/Provisoire,,
05EA010,2026-08-05T13:00:00Z,46,0.422,,,Provisional/Provisoire,,
05EA010,2026-08-05T13:05:00Z,46,0.421,,,Provisional/Provisoire,,
05EA010,2026-08-05T13:10:00Z,46,0.421,,,Provisional/Provisoire,,
05EA010,2026-08-05T13:15:00Z,46,0.421,,,Provisional/Provisoire,,
05EA010,2026-08-05T13:20:00Z,46,0.420,,,Provisional/Provisoire,,
05EA010,2026-08-05T13:25:00Z,46,0.421,,,Provisional/Provisoire,,
05EA010,2026-08-05T13:30:00Z,46,0.421,,,Provisional/Provisoire,,
05EA010,2026-08-05T13:35:00Z,46,0.420,,,Provisional/Provisoire,,
05EA010,2026-08-05T13:40:00Z,46,0.420,,,Provisional/Provisoire,,
05EA010,2026-08-05T13:45:00Z,46,0.421,,,Provisional/Provisoire,,
05EA010,2026-08-05T13:50:00Z,46,0.422,,,Provisional/Provisoire,,
05EA010,2026-08-05T13:55:00Z,46,0.420,,,Provisional/Provisoire,,
05EA010,2026-08-05T14:00:00Z,46,0.420,,,Provisional/Provisoire,,
05EA010,2026-08-05T14:05:00Z,46,0.421,,,Provisional/Provisoire,,
05EA010,2026-08-05T14:10:00Z,46,0.421,,,Provisional/Provisoire,,
05EA010,2026-08-05T14:15:00Z,46,0.421,,,Provisional/Provisoire,,
05EA010,2026-08-05T14:20:00Z,46,0.420,,,Provisional/Provisoire,,
05EA010,2026-08-05T14:25:00Z,46,0.420,,,Provisional/Provisoire,,
05EA010,2026-08-05T14:30:00Z,46,0.419,,,Provisional/Provisoire,,
05EA010,2026-08-05T14:35:00Z,46,0.419,,,Provisional/Provisoire,,
05EA010,2026-08-05T14:40:00Z,46,0.419,,,Provisional/Provisoire,,
05EA010,2026-08-05T14:45:00Z,46,0.418,,,Provisional/Provisoire,,
05EA010,2026-08-05T14:50:00Z,46,0.418,,,Provisional/Provisoire,,
05EA010,2026-08-05T14:55:00Z,46,0.419,,,Provisional/Provisoire,,
05EA010,2026-08-05T15:00:00Z,46,0.419,,,Provisional/Provisoire,,
05EA010,2026-08-05T15:05:00Z,46,0.418,,,Provisional/Provisoire,,
05EA010,2026-08-05T15:10:00Z,46,0.418,,,Provisional/Provisoire,,
05EA010,2026-08-05T15:15:00Z,46,0.418,,,Provisional/Provisoire,,
05EA010,2026-08-05T15:20:00Z,46,0.419,,,Provisional/Provisoire,,
05EA010,2026-08-05T15:25:00Z,46,0.419,,,Provisional/Provisoire,,
05EA010,2026-08-05T15:30:00Z,46,0.420,,,Provisional/Provisoire,,
05EA010,2026-08-05T15:35:00Z,46,0.420,,,Provisional/Provisoire,,
05EA010,2026-08-05T15:40:00Z,46,0.420,,,Provisional/Provisoire,,
05EA010,2026-08-05T15:45:00Z,46,0.421,,,Provisional/Provisoire,,
05EA010,2026-08-05T15:50:00Z,46,0.421,,,Provisional/Provisoire,,
05EA010,2026-08-05T15:55:00Z,46,0.421,,,Provisional/Provisoire,,
05EA010,2026-08-05T16:00:00Z,46,0.421,,,Provisional/Provisoire,,
05EA010,2026-08-05T16:05:00Z,46,0.422,,,Provisional/Provisoire,,
05EA010,2026-08-05T16:10:00Z,46,0.422,,,Provisional/Provisoire,,
05EA010,2026-08-05T16:15:00Z,46,0.422,,,Provisional/Provisoire,,
05EA010,2026-08-05T16:20:00Z,46,0.422,,,Provisional/Provisoire,,
05EA010,2026-08-05T16:25:00Z,46,0.423,,,Provisional/Provisoire,,
05EA010,2026-08-05T16:30:00Z,46,0.423,,,Provisional/Provisoire,,
05EA010,2026-08-05T16:35:00Z,46,0.423,,,Provisional/Provisoire,,
05EA010,2026-08-05T16:40:00Z,46,0.423,,,Provisional/Provisoire,,
05EA010,2026-08-05T16:45:00Z,46,0.423,,,Provisional/Provisoire,,
05EA010,2026-08-05T16:50:00Z,46,0.423,,,Provisional/Provisoire,,
05EA010,2026-08-05T16:55:00Z,46,0.424,,,Provisional/Provisoire,,
05EA010,2026-08-05T17:00:00Z,46,0.424,,,Provisional/Provisoire,,
05EA010,2026-08-05T17:05:00Z,46,0.424,,,Provisional/Provisoire,,
05EA010,2026-08-05T17:10:00Z,46,0.423,,,Provisional/Provisoire,,
05EA010,2026-08-05T17:15:00Z,46,0.424,,,Provisional/Provisoire,,
05EA010,2026-08-05T17:20:00Z,46,0.423,,,Provisional/Provisoire,,
05EA010,2026-08-05T17:25:00Z,46,0.423,,,Provisional/Provisoire,,
05EA010,2026-08-05T17:30:00Z,46,0.423,,,Provisional/Provisoire,,
05EA010,2026-08-05T17:35:00Z,46,0.422,,,Provisional/Provisoire,,
05EA010,2026-08-05T17:40:00Z,46,0.422,,,Provisional/Provisoire,,
05EA010,2026-08-05T17:45:00Z,46,0.422,,,Provisional/Provisoire,,
05EA010,2026-08-05T17:50:00Z,46,0.421,,,Provisional/Provisoire,,
05EA010,2026-08-05T17:55:00Z,46,0.422,,,Provisional/Provisoire,,
05EA010,2026-08-05T18:00:00Z,46,0.422,,,Provisional/Provisoire,,
05EA010,2026-08-05T18:05:00Z,46,0.421,,,Provisional/Provisoire,,
05EA010,2026-08-05T18:10:00Z,46,0.421,,,Provisional/Provisoire,,
05EA010,2026-08-05T18:15:00Z,46,0.420,,,Provisional/Provisoire,,
05EA010,2026-08-05T18:20:00Z,46,0.420,,,Provisional/Provisoire,,
05EA010,2026-08-05T18:25:00Z,46,0.420,,,Provisional/Provisoire,,
05EA010,2026-08-05T18:30:00Z,46,0.420,,,Provisional/Provisoire,,
05EA010,2026-08-05T18:35:00Z,46,0.419,,,Provisional/Provisoire,,
05EA010,2026-08-05T18:40:00Z,46,0.419,,,Provisional/Provisoire,,
05EA010,2026-08-05T18:45:00Z,46,0.419,,,Provisional/Provisoire,,
05EA010,2026-08-05T18:50:00Z,46,0.419,,,Provisional/Provisoire,,
05EA010,2026-08-05T18:55:00Z,46,0.419,,,Provisional/Provisoire,,
05EA010,2026-08-05T19:00:00Z,46,0.418,,,Provisional/Provisoire,,
05EA010,2026-08-05T19:05:00Z,46,0.418,,,Provisional/Provisoire,,
05EA010,2026-08-05T19:10:00Z,46,0.418,,,Provisional/Provisoire,,
05EA010,2026-08-05T19:15:00Z,46,0.418,,,Provisional/Provisoire,,
05EA010,2026-08-05T19:20:00Z,46,0.417,,,Provisional/Provisoire,,
05EA010,2026-08-05T19:25:00Z,46,0.417,,,Provisional/Provisoire,,
05EA010,2026-08-05T19:30:00Z,46,0.417,,,Provisional/Provisoire,,
05EA010,2026-08-05T19:35:00Z,46,0.416,,,Provisional/Provisoire,,
05EA010,2026-08-05T19:40:00Z,46,0.417,,,Provisional/Provisoire,,
05EA010,2026-08-05T19:45:00Z,46,0.417,,,Provisional/Provisoire,,
05EA010,2026-08-05T19:50:00Z,46,0.416,,,Provisional/Provisoire,,
05EA010,2026-08-05T19:55:00Z,46,0.416,,,Provisional/Provisoire,,
05EA010,2026-08-05T20:00:00Z,46,0.416,,,Provisional/Provisoire,,
05EA010,2026-08-05T20:05:00Z,46,0.415,,,Provisional/Provisoire,,
05EA010,2026-08-05T20:10:00Z,46,0.415,,,Provisional/Provisoire,,
05EA010,2026-08-05T20:15:00Z,46,0.416,,,Provisional/Provisoire,,
05EA010,2026-08-05T20:20:00Z,46,0.416,,,Provisional/Provisoire,,
05EA010,2026-08-05T20:25:00Z,46,0.415,,,Provisional/Provisoire,,
05EA010,2026-08-05T20:30:00Z,46,0.416,,,Provisional/Provisoire,,
05EA010,2026-08-05T20:35:00Z,46,0.416,,,Provisional/Provisoire,,
05EA010,2026-08-05T20:40:00Z,46,0.416,,,Provisional/Provisoire,,
05EA010,2026-08-05T20:45:00Z,46,0.416,,,Provisional/Provisoire,,
05EA010,2026-08-05T20:50:00Z,46,0.416,,,Provisional/Provisoire,,
05EA010,2026-08-05T20:55:00Z,46,0.416,,,Provisional/Provisoire,,
05EA010,2026-08-05T21:00:00Z,46,0.416,,,Provisional/Provisoire,,
05EA010,2026-08-05T21:05:00Z,46,0.416,,,Provisional/Provisoire,,
05EA010,2026-08-05T21:10:00Z,46,0.416,,,Provisional/Provisoire,,
05EA010,2026-08-05T21:15:00Z,46,0.417,,,Provisional/Provisoire,,
05EA010,2026-08-05T21:20:00Z,46,0.417,,,Provisional/Provisoire,,
05EA010,2026-08-05T21:25:00Z,46,0.417,,,Provisional/Provisoire,,
05EA010,2026-08-05T21:30:00Z,46,0.417,,,Provisional/Provisoire,,
05EA010,2026-08-05T21:35:00Z,46,0.418,,,Provisional/Provisoire,,
05EA010,2026-08-05T21:40:00Z,46,0.417,,,Provisional/Provisoire,,
05EA010,2026-08-05T21:45:00Z,46,0.418,,,Provisional/Provisoire,,
05EA010,2026-08-05T21:50:00Z,46,0.418,,,Provisional/Provisoire,,
05EA010,2026-08-05T21:55:00Z,46,0.418,,,Provisional/Provisoire,,
05EA010,2026-08-05T22:00:00Z,46,0.418,,,Provisional/Provisoire,,
05EA010,2026-08-05T22:05:00Z,46,0.418,,,Provisional/Provisoire,,
05EA010,2026-08-05T22:10:00Z,46,0.418,,,Provisional/Provisoire,,
05EA010,2026-08-05T22:15:00Z,46,0.418,,,Provisional/Provisoire,,
05EA010,2026-08-05T22:20:00Z,46,0.419,,,Provisional/Provisoire,,
05EA010,2026-08-05T22:25:00Z,46,0.418,,,Provisional/Provisoire,,
05EA010,2026-08-05T22:30:00Z,46,0.418,,,Provisional/Provisoire,,
05EA010,2026-08-05T22:35:00Z,46,0.419,,,Provisional/Provisoire,,
05EA010,2026-08-05T22:40:00Z,46,0.419,,,Provisional/Provisoire,,
05EA010,2026-08-05T22:45:00Z,46,0.420,,,Provisional/Provisoire,,
05EA010,2026-08-05T22:50:00Z,46,0.419,,,Provisional/Provisoire,,
05EA010,2026-08-05T22:55:00Z,46,0.420,,,Provisional/Provisoire,,
05EA010,2026-08-05T23:00:00Z,46,0.420,,,Provisional/Provisoire,,
05EA010,2026-08-05T23:05:00Z,46,0.419,,,Provisional/Provisoire,,
05EA010,2026-08-05T23:10:00Z,46,0.420,,,Provisional/Provisoire,,
05EA010,2026-08-05T23:15:00Z,46,0.420,,,Provisional/Provisoire,,
05EA010,2026-08-05T23:20:00Z,46,0.420,,,Provisional/Provisoire,,
05EA010,2026-08-05T23:25:00Z,46,0.419,,,Provisional/Provisoire,,
05EA010,2026-08-05T23:30:00Z,46,0.420,,,Provisional/Provisoire,,
05EA010,2026-08-05T23:35:00Z,46,0.420,,,Provisional/Provisoire,,
05EA010,2026-08-05T23:40:00Z,46,0.420,,,Provisional/Provisoire,,
05EA010,2026-08-05T23:45:00Z,46,0.420,,,Provisional/Provisoire,,
05EA010,2026-08-05T23:50:00Z,46,0.420,,,Provisional/Provisoire,,
05EA010,2026-08-05T23:55:00Z,46,0.420,,,Provisional/Provisoire,,
05EA010,2026-08-06T00:00:00Z,46,0.421,,,Provisional/Provisoire,,
05EA010,2026-08-06T00:05:00Z,46,0.420,,,Provisional/Provisoire,,
05EA010,2026-08-06T00:10:00Z,46,0.421,,,Provisional/Provisoire,,
05EA010,2026-08-06T00:15:00Z,46,0.420,,,Provisional/Provisoire,,
05EA010,2026-08-06T00:20:00Z,46,0.421,,,Provisional/Provisoire,,
05EA010,2026-08-06T00:25:00Z,46,0.421,,,Provisional/Provisoire,,
05EA010,2026-08-06T00:30:00Z,46,0.420,,,Provisional/Provisoire,,
05EA010,2026-08-06T00:35:00Z,46,0.421,,,Provisional/Provisoire,,
05EA010,2026-08-06T00:40:00Z,46,0.421,,,Provisional/Provisoire,,
05EA010,2026-08-06T00:45:00Z,46,0.421,,,Provisional/Provisoire,,
05EA010,2026-08-06T00:50:00Z,46,0.422,,,Provisional/Provisoire,,
05EA010,2026-08-06T00:55:00Z,46,0.421,,,Provisional/Provisoire,,
05EA010,2026-08-06T01:00:00Z,46,0.421,,,Provisional/Provisoire,,
05EA010,2026-08-06T01:05:00Z,46,0.422,,,Provisional/Provisoire,,
05EA010,2026-08-06T01:10:00Z,46,0.422,,,Provisional/Provisoire,,
05EA010,2026-08-06T01:15:00Z,46,0.422,,,Provisional/Provisoire,,
05EA010,2026-08-06T01:20:00Z,46,0.423,,,Provisional/Provisoire,,
05EA010,2026-08-06T01:25:00Z,46,0.422,,,Provisional/Provisoire,,
05EA010,2026-08-06T01:30:00Z,46,0.423,,,Provisional/Provisoire,,
05EA010,2026-08-06T01:35:00Z,46,0.423,,,Provisional/Provisoire,,
05EA010,2026-08-06T01:40:00Z,46,0.423,,,Provisional/Provisoire,,
05EA010,2026-08-06T01:45:00Z,46,0.423,,,Provisional/Provisoire,,
05EA010,2026-08-06T01:50:00Z,46,0.423,,,Provisional/Provisoire,,
05EA010,2026-08-06T01:55:00Z,46,0.423,,,Provisional/Provisoire,,
05EA010,2026-08-06T02:00:00Z,46,0.423,,,Provisional/Provisoire,,
05EA010,2026-08-06T02:05:00Z,46,0.423,,,Provisional/Provisoire,,
05EA010,2026-08-06T02:10:00Z,46,0.423,,,Provisional/Provisoire,,
05EA010,2026-08-06T02:15:00Z,46,0.423,,,Provisional/Provisoire,,
05EA010,2026-08-06T02:20:00Z,46,0.423,,,Provisional/Provisoire,,
05EA010,2026-08-06T02:25:00Z,46,0.423,,,Provisional/Provisoire,,
05EA010,2026-08-06T02:30:00Z,46,0.424,,,Provisional/Provisoire,,
05EA010,2026-08-06T02:35:00Z,46,0.423,,,Provisional/Provisoire,,
05EA010,2026-08-06T02:40:00Z,46,0.423,,,Provisional/Provisoire,,
05EA010,2026-08-06T02:45:00Z,46,0.423,,,Provisional/Provisoire,,
05EA010,2026-08-06T02:50:00Z,46,0.423,,,Provisional/Provisoire,,
05EA010,2026-08-06T02:55:00Z,46,0.422,,,Provisional/Provisoire,,
05EA010,2026-08-06T03:00:00Z,46,0.422,,,Provisional/Provisoire,,
05EA010,2026-08-06T03:05:00Z,46,0.421,,,Provisional/Provisoire,,
05EA010,2026-08-06T03:10:00Z,46,0.421,,,Provisional/Provisoire,,
05EA010,2026-08-06T03:15:00Z,46,0.421,,,Provisional/Provisoire,,
05EA010,2026-08-06T03:20:00Z,46,0.420,,,Provisional/Provisoire,,
05EA010,2026-08-06T03:25:00Z,46,0.419,,,Provisional/Provisoire,,
05EA010,2026-08-06T03:30:00Z,46,0.420,,,Provisional/Provisoire,,
05EA010,2026-08-06T03:35:00Z,46,0.419,,,Provisional/Provisoire,,
05EA010,2026-08-06T03:40:00Z,46,0.419,,,Provisional/Provisoire,,
05EA010,2026-08-06T03:45:00Z,46,0.418,,,Provisional/Provisoire,,
05EA010,2026-08-06T03:50:00Z,46,0.418,,,Provisional/Provisoire,,
05EA010,2026-08-06T03:55:00Z,46,0.418,,,Provisional/Provisoire,,
05EA010,2026-08-06T04:00:00Z,46,0.418,,,Provisional/Provisoire,,
05EA010,2026-08-06T04:05:00Z,46,0.418,,,Provisional/Provisoire,,
05EA010,2026-08-06T04:10:00Z,46,0.418,,,Provisional/Provisoire,,
05EA010,2026-08-06T04:15:00Z,46,0.418,,,Provisional/Provisoire,,
05EA010,2026-08-06T04:20:00Z,46,0.418,,,Provisional/Provisoire,,
05EA010,2026-08-06T04:25:00Z,46,0.418,,,Provisional/Provisoire,,
05EA010,2026-08-06T04:30:00Z,46,0.419,,,Provisional/Provisoire,,
05EA010,2026-08-06T04:35:00Z,46,0.419,,,Provisional/Provisoire,,
05EA010,2026-08-06T04:40:00Z,46,0.418,,,Provisional/Provisoire,,
05EA010,2026-08-06T04:45:00Z,46,0.418,,,Provisional/Provisoire,,
05EA010,2026-08-06T04:50:00Z,46,0.419,,,Provisional/Provisoire,,
05EA010,2026-08-06T04:55:00Z,46,0.419,,,Provisional/Provisoire,,
05EA010,2026-08-06T05:00:00Z,46,0.418,,,Provisional/Provisoire,,
05EA010,2026-08-06T05:05:00Z,46,0.418,,,Provisional/Provisoire,,
05EA010,2026-08-06T05:10:00Z,46,0.419,,,Provisional/Provisoire,,
05EA010,2026-08-06T05:15:00Z,46,0.418,,,Provisional/Provisoire,,
05EA010,2026-08-06T05:20:00Z,46,0.419,,,Provisional/Provisoire,,
05EA010,2026-08-06T05:25:00Z,46,0.419,,,Provisional/Provisoire,,
05EA010,2026-08-06T05:30:00Z,46,0.419,,,Provisional/Provisoire,,
05EA010,2026-08-06T05:35:00Z,46,0.420,,,Provisional/Provisoire,,
05EA010,2026-08-06T05:40:00Z,46,0.417,,,Provisional/Provisoire,,
05EA010,2026-08-06T05:45:00Z,46,0.419,,,Provisional/Provisoire,,
05EA010,2026-08-06T05:50:00Z,46,0.421,,,Provisional/Provisoire,,
05EA010,2026-08-06T05:55:00Z,46,0.419,,,Provisional/Provisoire,,
05EA010,2026-08-06T06:00:00Z,46,0.419,,,Provisional/Provisoire,,
05EA010,2026-08-06T06:05:00Z,46,0.419,,,Provisional/Provisoire,,
05EA010,2026-07-23T00:00:00Z,47,0.171,,,Provisional/Provisoire,,
05EA010,2026-07-23T00:05:00Z,47,0.170,,,Provisional/Provisoire,,
05EA010,2026-07-23T00:10:00Z,47,0.168,,,Provisional/Provisoire,,
05EA010,2026-07-23T00:15:00Z,47,0.165,,,Provisional/Provisoire,,
05EA010,2026-07-23T00:20:00Z,47,0.166,,,Provisional/Provisoire,,
05EA010,2026-07-23T00:25:00Z,47,0.166,,,Provisional/Provisoire,,
05EA010,2026-07-23T00:30:00Z,47,0.165,,,Provisional/Provisoire,,
05EA010,2026-07-23T00:35:00Z,47,0.163,,,Provisional/Provisoire,,
05EA010,2026-07-23T00:40:00Z,47,0.163,,,Provisional/Provisoire,,
05EA010,2026-07-23T00:45:00Z,47,0.163,,,Provisional/Provisoire,,
05EA010,2026-07-23T00:50:00Z,47,0.160,,,Provisional/Provisoire,,
05EA010,2026-07-23T00:55:00Z,47,0.160,,,Provisional/Provisoire,,
05EA010,2026-07-23T01:00:00Z,47,0.159,,,Provisional/Provisoire,,
05EA010,2026-07-23T01:05:00Z,47,0.157,,,Provisional/Provisoire,,
05EA010,2026-07-23T01:10:00Z,47,0.157,,,Provisional/Provisoire,,
05EA010,2026-07-23T01:15:00Z,47,0.156,,,Provisional/Provisoire,,
05EA010,2026-07-23T01:20:00Z,47,0.156,,,Provisional/Provisoire,,
05EA010,2026-07-23T01:25:00Z,47,0.156,,,Provisional/Provisoire,,
05EA010,2026-07-23T01:30:00Z,47,0.152,,,Provisional/Provisoire,,
05EA010,2026-07-23T01:35:00Z,47,0.152,,,Provisional/Provisoire,,
05EA010,2026-07-23T01:40:00Z,47,0.152,,,Provisional/Provisoire,,
05EA010,2026-07-23T01:45:00Z,47,0.151,,,Provisional/Provisoire,,
05EA010,2026-07-23T01:50:00Z,47,0.149,,,Provisional/Provisoire,,
05EA010,2026-07-23T01:55:00Z,47,0.149,,,Provisional/Provisoire,,
05EA010,2026-07-23T02:00:00Z,47,0.149,,,Provisional/Provisoire,,
05EA010,2026-07-23T02:05:00Z,47,0.148,,,Provisional/Provisoire,,
05EA010,2026-07-23T02:10:00Z,47,0.148,,,Provisional/Provisoire,,
05EA010,2026-07-23T02:15:00Z,47,0.145,,,Provisional/Provisoire,,
05EA010,2026-07-23T02:20:00Z,47,0.145,,,Provisional/Provisoire,,
05EA010,2026-07-23T02:25:00Z,47,0.144,,,Provisional/Provisoire,,
05EA010,2026-07-23T02:30:00Z,47,0.145,,,Provisional/Provisoire,,
05EA010,2026-07-23T02:35:00Z,47,0.144,,,Provisional/Provisoire,,
05EA010,2026-07-23T02:40:00Z,47,0.142,,,Provisional/Provisoire,,
05EA010,2026-07-23T02:45:00Z,47,0.142,,,Provisional/Provisoire,,
05EA010,2026-07-23T02:50:00Z,47,0.142,,,Provisional/Provisoire,,
05EA010,2026-07-23T02:55:00Z,47,0.141,,,Provisional/Provisoire,,
05EA010,2026-07-23T03:00:00Z,47,0.141,,,Provisional/Provisoire,,
05EA010,2026-07-23T03:05:00Z,47,0.138,,,Provisional/Provisoire,,
05EA010,2026-07-23T03:10:00Z,47,0.138,,,Provisional/Provisoire,,
05EA010,2026-07-23T03:15:00Z,47,0.138,,,Provisional/Provisoire,,
05EA010,2026-07-23T03:20:00Z,47,0.138,,,Provisional/Provisoire,,
05EA010,2026-07-23T03:25:00Z,47,0.136,,,Provisional/Provisoire,,
05EA010,2026-07-23T03:30:00Z,47,0.135,,,Provisional/Provisoire,,
05EA010,2026-07-23T03:35:00Z,47,0.133,,,Provisional/Provisoire,,
05EA010,2026-07-23T03:40:00Z,47,0.133,,,Provisional/Provisoire,,
05EA010,2026-07-23T03:45:00Z,47,0.132,,,Provisional/Provisoire,,
05EA010,2026-07-23T03:50:00Z,47,0.131,,,Provisional/Provisoire,,
05EA010,2026-07-23T03:55:00Z,47,0.131,,,Provisional/Provisoire,,
05EA010,2026-07-23T04:00:00Z,47,0.131,,,Provisional/Provisoire,,
05EA010,2026-07-23T04:05:00Z,47,0.129,,,Provisional/Provisoire,,
05EA010,2026-07-23T04:10:00Z,47,0.129,,,Provisional/Provisoire,,
05EA010,2026-07-23T04:15:00Z,47,0.129,,,Provisional/Provisoire,,
05EA010,2026-07-23T04:20:00Z,47,0.126,,,Provisional/Provisoire,,
05EA010,2026-07-23T04:25:00Z,47,0.126,,,Provisional/Provisoire,,
05EA010,2026-07-23T04:30:00Z,47,0.128,,,Provisional/Provisoire,,
05EA010,2026-07-23T04:35:00Z,47,0.125,,,Provisional/Provisoire,,
05EA010,2026-07-23T04:40:00Z,47,0.124,,,Provisional/Provisoire,,
05EA010,2026-07-23T04:45:00Z,47,0.125,,,Provisional/Provisoire,,
05EA010,2026-07-23T04:50:00Z,47,0.124,,,Provisional/Provisoire,,
05EA010,2026-07-23T04:55:00Z,47,0.124,,,Provisional/Provisoire,,
05EA010,2026-07-23T05:00:00Z,47,0.121,,,Provisional/Provisoire,,
05EA010,2026-07-23T05:05:00Z,47,0.121,,,Provisional/Provisoire,,
05EA010,2026-07-23T05:10:00Z,47,0.121,,,Provisional/Provisoire,,
05EA010,2026-07-23T05:15:00Z,47,0.120,,,Provisional/Provisoire,,
05EA010,2026-07-23T05:20:00Z,47,0.120,,,Provisional/Provisoire,,
05EA010,2026-07-23T05:25:00Z,47,0.120,,,Provisional/Provisoire,,
05EA010,2026-07-23T05:30:00Z,47,0.118,,,Provisional/Provisoire,,
05EA010,2026-07-23T05:35:00Z,47,0.118,,,Provisional/Provisoire,,
05EA010,2026-07-23T05:40:00Z,47,0.120,,,Provisional/Provisoire,,
05EA010,2026-07-23T05:45:00Z,47,0.118,,,Provisional/Provisoire,,
05EA010,2026-07-23T05:50:00Z,47,0.117,,,Provisional/Provisoire,,
05EA010,2026-07-23T05:55:00Z,47,0.116,,,Provisional/Provisoire,,
05EA010,2026-07-23T06:00:00Z,47,0.116,,,Provisional/Provisoire,,
05EA010,2026-07-23T06:05:00Z,47,0.117,,,Provisional/Provisoire,,
05EA010,2026-07-23T06:10:00Z,47,0.116,,,Provisional/Provisoire,,
05EA010,2026-07-23T06:15:00Z,47,0.116,,,Provisional/Provisoire,,
05EA010,2026-07-23T06:20:00Z,47,0.114,,,Provisional/Provisoire,,
05EA010,2026-07-23T06:25:00Z,47,0.113,,,Provisional/Provisoire,,
05EA010,2026-07-23T06:30:00Z,47,0.113,,,Provisional/Provisoire,,
05EA010,2026-07-23T06:35:00Z,47,0.113,,,Provisional/Provisoire,,
05EA010,2026-07-23T06:40:00Z,47,0.112,,,Provisional/Provisoire,,
05EA010,2026-07-23T06:45:00Z,47,0.111,,,Provisional/Provisoire,,
05EA010,2026-07-23T06:50:00Z,47,0.111,,,Provisional/Provisoire,,
05EA010,2026-07-23T06:55:00Z,47,0.109,,,Provisional/Provisoire,,
05EA010,2026-07-23T07:00:00Z,47,0.111,,,Provisional/Provisoire,,
05EA010,2026-07-23T07:05:00Z,47,0.109,,,Provisional/Provisoire,,
05EA010,2026-07-23T07:10:00Z,47,0.109,,,Provisional/Provisoire,,
05EA010,2026-07-23T07:15:00Z,47,0.108,,,Provisional/Provisoire,,
05EA010,2026-07-23T07:20:00Z,47,0.108,,,Provisional/Provisoire,,
05EA010,2026-07-23T07:25:00Z,47,0.108,,,Provisional/Provisoire,,
05EA010,2026-07-23T07:30:00Z,47,0.106,,,Provisional/Provisoire,,
05EA010,2026-07-23T07:35:00Z,47,0.107,,,Provisional/Provisoire,,
05EA010,2026-07-23T07:40:00Z,47,0.107,,,Provisional/Provisoire,,
05EA010,2026-07-23T07:45:00Z,47,0.106,,,Provisional/Provisoire,,
05EA010,2026-07-23T07:50:00Z,47,0.106,,,Provisional/Provisoire,,
05EA010,2026-07-23T07:55:00Z,47,0.106,,,Provisional/Provisoire,,
05EA010,2026-07-23T08:00:00Z,47,0.104,,,Provisional/Provisoire,,
05EA010,2026-07-23T08:05:00Z,47,0.104,,,Provisional/Provisoire,,
05EA010,2026-07-23T08:10:00Z,47,0.104,,,Provisional/Provisoire,,
05EA010,2026-07-23T08:15:00Z,47,0.103,,,Provisional/Provisoire,,
05EA010,2026-07-23T08:20:00Z,47,0.103,,,Provisional/Provisoire,,
05EA010,2026-07-23T08:25:00Z,47,0.102,,,Provisional/Provisoire,,
05EA010,2026-07-23T08:30:00Z,47,0.102,,,Provisional/Provisoire,,
05EA010,2026-07-23T08:35:00Z,47,0.099,,,Provisional/Provisoire,,
05EA010,2026-07-23T08:40:00Z,47,0.101,,,Provisional/Provisoire,,
05EA010,2026-07-23T08:45:00Z,47,0.098,,,Provisional/Provisoire,,
05EA010,2026-07-23T08:50:00Z,47,0.098,,,Provisional/Provisoire,,
05EA010,2026-07-23T08:55:00Z,47,0.097,,,Provisional/Provisoire,,
05EA010,2026-07-23T09:00:00Z,47,0.097,,,Provisional/Provisoire,,
05EA010,2026-07-23T09:05:00Z,47,0.097,,,Provisional/Provisoire,,
05EA010,2026-07-23T09:10:00Z,47,0.097,,,Provisional/Provisoire,,
05EA010,2026-07-23T09:15:00Z,47,0.096,,,Provisional/Provisoire,,
05EA010,2026-07-23T09:20:00Z,47,0.095,,,Provisional/Provisoire,,
05EA010,2026-07-23T09:25:00Z,47,0.095,,,Provisional/Provisoire,,
05EA010,2026-07-23T09:30:00Z,47,0.095,,,Provisional/Provisoire,,
05EA010,2026-07-23T09:35:00Z,47,0.094,,,Provisional/Provisoire,,
05EA010,2026-07-23T09:40:00Z,47,0.092,,,Provisional/Provisoire,,
05EA010,2026-07-23T09:45:00Z,47,0.092,,,Provisional/Provisoire,,
05EA010,2026-07-23T09:50:00Z,47,0.092,,,Provisional/Provisoire,,
05EA010,2026-07-23T09:55:00Z,47,0.092,,,Provisional/Provisoire,,
05EA010,2026-07-23T10:00:00Z,47,0.091,,,Provisional/Provisoire,,
05EA010,2026-07-23T10:05:00Z,47,0.091,,,Provisional/Provisoire,,
05EA010,2026-07-23T10:10:00Z,47,0.090,,,Provisional/Provisoire,,
05EA010,2026-07-23T10:15:00Z,47,0.090,,,Provisional/Provisoire,,
05EA010,2026-07-23T10:20:00Z,47,0.090,,,Provisional/Provisoire,,
05EA010,2026-07-23T10:25:00Z,47,0.090,,,Provisional/Provisoire,,
05EA010,2026-07-23T10:30:00Z,47,0.089,,,Provisional/Provisoire,,
05EA010,2026-07-23T10:35:00Z,47,0.088,,,Provisional/Provisoire,,
05EA010,2026-07-23T10:40:00Z,47,0.088,,,Provisional/Provisoire,,
05EA010,2026-07-23T10:45:00Z,47,0.088,,,Provisional/Provisoire,,
05EA010,2026-07-23T10:50:00Z,47,0.088,,,Provisional/Provisoire,,
05EA010,2026-07-23T10:55:00Z,47,0.088,,,Provisional/Provisoire,,
05EA010,2026-07-23T11:00:00Z,47,0.088,,,Provisional/Provisoire,,
05EA010,2026-07-23T11:05:00Z,47,0.087,,,Provisional/Provisoire,,
05EA010,2026-07-23T11:10:00Z,47,0.087,,,Provisional/Provisoire,,
05EA010,2026-07-23T11:15:00Z,47,0.087,,,Provisional/Provisoire,,
05EA010,2026-07-23T11:20:00Z,47,0.086,,,Provisional/Provisoire,,
05EA010,2026-07-23T11:25:00Z,47,0.086,,,Provisional/Provisoire,,
05EA010,2026-07-23T11:30:00Z,47,0.084,,,Provisional/Provisoire,,
05EA010,2026-07-23T11:35:00Z,47,0.086,,,Provisional/Provisoire,,
05EA010,2026-07-23T11:40:00Z,47,0.084,,,Provisional/Provisoire,,
05EA010,2026-07-23T11:45:00Z,47,0.084,,,Provisional/Provisoire,,
05EA010,2026-07-23T11:50:00Z,47,0.084,,,Provisional/Provisoire,,
05EA010,2026-07-23T11:55:00Z,47,0.083,,,Provisional/Provisoire,,
05EA010,2026-07-23T12:00:00Z,47,0.084,,,Provisional/Provisoire,,
05EA010,2026-07-23T12:05:00Z,47,0.083,,,Provisional/Provisoire,,
05EA010,2026-07-23T12:10:00Z,47,0.083,,,Provisional/Provisoire,,
05EA010,2026-07-23T12:15:00Z,47,0.083,,,Provisional/Provisoire,,
05EA010,2026-07-23T12:20:00Z,47,0.083,,,Provisional/Provisoire,,
05EA010,2026-07-23T12:25:00Z,47,0.081,,,Provisional/Provisoire,,
05EA010,2026-07-23T12:30:00Z,47,0.082,,,Provisional/Provisoire,,
05EA010,2026-07-23T12:35:00Z,47,0.081,,,Provisional/Provisoire,,
05EA010,2026-07-23T12:40:00Z,47,0.080,,,Provisional/Provisoire,,
05EA010,2026-07-23T12:45:00Z,47,0.081,,,Provisional/Provisoire,,
05EA010,2026-07-23T12:50:00Z,47,0.080,,,Provisional/Provisoire,,
05EA010,2026-07-23T12:55:00Z,47,0.080,,,Provisional/Provisoire,,
05EA010,2026-07-23T13:00:00Z,47,0.079,,,Provisional/Provisoire,,
05EA010,2026-07-23T13:05:00Z,47,0.080,,,Provisional/Provisoire,,
05EA010,2026-07-23T13:10:00Z,47,0.079,,,Provisional/Provisoire,,
05EA010,2026-07-23T13:15:00Z,47,0.078,,,Provisional/Provisoire,,
05EA010,2026-07-23T13:20:00Z,47,0.079,,,Provisional/Provisoire,,
05EA010,2026-07-23T13:25:00Z,47,0.079,,,Provisional/Provisoire,,
05EA010,2026-07-23T13:30:00Z,47,0.077,,,Provisional/Provisoire,,
05EA010,2026-07-23T13:35:00Z,47,0.078,,,Provisional/Provisoire,,
05EA010,2026-07-23T13:40:00Z,47,0.077,,,Provisional/Provisoire,,
05EA010,2026-07-23T13:45:00Z,47,0.077,,,Provisional/Provisoire,,
05EA010,2026-07-23T13:50:00Z,47,0.076,,,Provisional/Provisoire,,
05EA010,2026-07-23T13:55:00Z,47,0.077,,,Provisional/Provisoire,,
05EA010,2026-07-23T14:00:00Z,47,0.076,,,Provisional/Provisoire,,
05EA010,2026-07-23T14:05:00Z,47,0.075,,,Provisional/Provisoire,,
05EA010,2026-07-23T14:10:00Z,47,0.075,,,Provisional/Provisoire,,
05EA010,2026-07-23T14:15:00Z,47,0.074,,,Provisional/Provisoire,,
05EA010,2026-07-23T14:20:00Z,47,0.075,,,Provisional/Provisoire,,
05EA010,2026-07-23T14:25:00Z,47,0.074,,,Provisional/Provisoire,,
05EA010,2026-07-23T14:30:00Z,47,0.074,,,Provisional/Provisoire,,
05EA010,2026-07-23T14:35:00Z,47,0.073,,,Provisional/Provisoire,,
05EA010,2026-07-23T14:40:00Z,47,0.073,,,Provisional/Provisoire,,
05EA010,2026-07-23T14:45:00Z,47,0.073,,,Provisional/Provisoire,,
05EA010,2026-07-23T14:50:00Z,47,0.072,,,Provisional/Provisoire,,
05EA010,2026-07-23T14:55:00Z,47,0.073,,,Provisional/Provisoire,,
05EA010,2026-07-23T15:00:00Z,47,0.073,,,Provisional/Provisoire,,
05EA010,2026-07-23T15:05:00Z,47,0.072,,,Provisional/Provisoire,,
05EA010,2026-07-23T15:10:00Z,47,0.072,,,Provisional/Provisoire,,
05EA010,2026-07-23T15:15:00Z,47,0.072,,,Provisional/Provisoire,,
05EA010,2026-07-23T15:20:00Z,47,0.071,,,Provisional/Provisoire,,
05EA010,2026-07-23T15:25:00Z,47,0.070,,,Provisional/Provisoire,,
05EA010,2026-07-23T15:30:00Z,47,0.070,,,Provisional/Provisoire,,
05EA010,2026-07-23T15:35:00Z,47,0.070,,,Provisional/Provisoire,,
05EA010,2026-07-23T15:40:00Z,47,0.069,,,Provisional/Provisoire,,
05EA010,2026-07-23T15:45:00Z,47,0.070,,,Provisional/Provisoire,,
05EA010,2026-07-23T15:50:00Z,47,0.069,,,Provisional/Provisoire,,
05EA010,2026-07-23T15:55:00Z,47,0.069,,,Provisional/Provisoire,,
05EA010,2026-07-23T16:00:00Z,47,0.068,,,Provisional/Provisoire,,
05EA010,2026-07-23T16:05:00Z,47,0.068,,,Provisional/Provisoire,,
05EA010,2026-07-23T16:10:00Z,47,0.068,,,Provisional/Provisoire,,
05EA010,2026-07-23T16:15:00Z,47,0.067,,,Provisional/Provisoire,,
05EA010,2026-07-23T16:20:00Z,47,0.066,,,Provisional/Provisoire,,
05EA010,2026-07-23T16:25:00Z,47,0.068,,,Provisional/Provisoire,,
05EA010,2026-07-23T16:30:00Z,47,0.067,,,Provisional/Provisoire,,
05EA010,2026-07-23T16:35:00Z,47,0.067,,,Provisional/Provisoire,,
05EA010,2026-07-23T16:40:00Z,47,0.066,,,Provisional/Provisoire,,
05EA010,2026-07-23T16:45:00Z,47,0.066,,,Provisional/Provisoire,,
05EA010,2026-07-23T16:50:00Z,47,0.065,,,Provisional/Provisoire,,
05EA010,2026-07-23T16:55:00Z,47,0.065,,,Provisional/Provisoire,,
05EA010,2026-07-23T17:00:00Z,47,0.065,,,Provisional/Provisoire,,
05EA010,2026-07-23T17:05:00Z,47,0.065,,,Provisional/Provisoire,,
05EA010,2026-07-23T17:10:00Z,47,0.065,,,Provisional/Provisoire,,
05EA010,2026-07-23T17:15:00Z,47,0.065,,,Provisional/Provisoire,,
05EA010,2026-07-23T17:20:00Z,47,0.065,,,Provisional/Provisoire,,
05EA010,2026-07-23T17:25:00Z,47,0.064,,,Provisional/Provisoire,,
05EA010,2026-07-23T17:30:00Z,47,0.064,,,Provisional/Provisoire,,
05EA010,2026-07-23T17:35:00Z,47,0.064,,,Provisional/Provisoire,,
05EA010,2026-07-23T17:40:00Z,47,0.064,,,Provisional/Provisoire,,
05EA010,2026-07-23T17:45:00Z,47,0.063,,,Provisional/Provisoire,,
05EA010,2026-07-23T17:50:00Z,47,0.063,,,Provisional/Provisoire,,
05EA010,2026-07-23T17:55:00Z,47,0.063,,,Provisional/Provisoire,,
05EA010,2026-07-23T18:00:00Z,47,0.063,,,Provisional/Provisoire,,
05EA010,2026-07-23T18:05:00Z,47,0.063,,,Provisional/Provisoire,,
05EA010,2026-07-23T18:10:00Z,47,0.061,,,Provisional/Provisoire,,
05EA010,2026-07-23T18:15:00Z,47,0.062,,,Provisional/Provisoire,,
05EA010,2026-07-23T18:20:00Z,47,0.062,,,Provisional/Provisoire,,
05EA010,2026-07-23T18:25:00Z,47,0.061,,,Provisional/Provisoire,,
05EA010,2026-07-23T18:30:00Z,47,0.061,,,Provisional/Provisoire,,
05EA010,2026-07-23T18:35:00Z,47,0.061,,,Provisional/Provisoire,,
05EA010,2026-07-23T18:40:00Z,47,0.061,,,Provisional/Provisoire,,
05EA010,2026-07-23T18:45:00Z,47,0.060,,,Provisional/Provisoire,,
05EA010,2026-07-23T18:50:00Z,47,0.060,,,Provisional/Provisoire,,
05EA010,2026-07-23T18:55:00Z,47,0.060,,,Provisional/Provisoire,,
05EA010,2026-07-23T19:00:00Z,47,0.059,,,Provisional/Provisoire,,
05EA010,2026-07-23T19:05:00Z,47,0.059,,,Provisional/Provisoire,,
05EA010,2026-07-23T19:10:00Z,47,0.059,,,Provisional/Provisoire,,
05EA010,2026-07-23T19:15:00Z,47,0.059,,,Provisional/Provisoire,,
05EA010,2026-07-23T19:20:00Z,47,0.059,,,Provisional/Provisoire,,
05EA010,2026-07-23T19:25:00Z,47,0.058,,,Provisional/Provisoire,,
05EA010,2026-07-23T19:30:00Z,47,0.058,,,Provisional/Provisoire,,
05EA010,2026-07-23T19:35:00Z,47,0.057,,,Provisional/Provisoire,,
05EA010,2026-07-23T19:40:00Z,47,0.058,,,Provisional/Provisoire,,
05EA010,2026-07-23T19:45:00Z,47,0.057,,,Provisional/Provisoire,,
05EA010,2026-07-23T19:50:00Z,47,0.057,,,Provisional/Provisoire,,
05EA010,2026-07-23T19:55:00Z,47,0.057,,,Provisional/Provisoire,,
05EA010,2026-07-23T20:00:00Z,47,0.057,,,Provisional/Provisoire,,
05EA010,2026-07-23T20:05:00Z,47,0.057,,,Provisional/Provisoire,,
05EA010,2026-07-23T20:10:00Z,47,0.057,,,Provisional/Provisoire,,
05EA010,2026-07-23T20:15:00Z,47,0.057,,,Provisional/Provisoire,,
05EA010,2026-07-23T20:20:00Z,47,0.056,,,Provisional/Provisoire,,
05EA010,2026-07-23T20:25:00Z,47,0.056,,,Provisional/Provisoire,,
05EA010,2026-07-23T20:30:00Z,47,0.056,,,Provisional/Provisoire,,
05EA010,2026-07-23T20:35:00Z,47,0.055,,,Provisional/Provisoire,,
05EA010,2026-07-23T20:40:00Z,47,0.055,,,Provisional/Provisoire,,
05EA010,2026-07-23T20:45:00Z,47,0.055,,,Provisional/Provisoire,,
05EA010,2026-07-23T20:50:00Z,47,0.055,,,Provisional/Provisoire,,
05EA010,2026-07-23T20:55:00Z,47,0.055,,,Provisional/Provisoire,,
05EA010,2026-07-23T21:00:00Z,47,0.055,,,Provisional/Provisoire,,
05EA010,2026-07-23T21:05:00Z,47,0.055,,,Provisional/Provisoire,,
05EA010,2026-07-23T21:10:00Z,47,0.053,,,Provisional/Provisoire,,
05EA010,2026-07-23T21:15:00Z,47,0.053,,,Provisional/Provisoire,,
05EA010,2026-07-23T21:20:00Z,47,0.054,,,Provisional/Provisoire,,
05EA010,2026-07-23T21:25:00Z,47,0.052,,,Provisional/Provisoire,,
05EA010,2026-07-23T21:30:00Z,47,0.053,,,Provisional/Provisoire,,
05EA010,2026-07-23T21:35:00Z,47,0.051,,,Provisional/Provisoire,,
05EA010,2026-07-23T21:40:00Z,47,0.052,,,Provisional/Provisoire,,
05EA010,2026-07-23T21:45:00Z,47,0.051,,,Provisional/Provisoire,,
05EA010,2026-07-23T21:50:00Z,47,0.052,,,Provisional/Provisoire,,
05EA010,2026-07-23T21:55:00Z,47,0.051,,,Provisional/Provisoire,,
05EA010,2026-07-23T22:00:00Z,47,0.050,,,Provisional/Provisoire,,
05EA010,2026-07-23T22:05:00Z,47,0.050,,,Provisional/Provisoire,,
05EA010,2026-07-23T22:10:00Z,47,0.050,,,Provisional/Provisoire,,
05EA010,2026-07-23T22:15:00Z,47,0.050,,,Provisional/Provisoire,,
05EA010,2026-07-23T22:20:00Z,47,0.050,,,Provisional/Provisoire,,
05EA010,2026-07-23T22:25:00Z,47,0.050,,,Provisional/Provisoire,,
05EA010,2026-07-23T22:30:00Z,47,0.050,,,Provisional/Provisoire,,
05EA010,2026-07-23T22:35:00Z,47,0.049,,,Provisional/Provisoire,,
05EA010,2026-07-23T22:40:00Z,47,0.049,,,Provisional/Provisoire,,
05EA010,2026-07-23T22:45:00Z,47,0.048,,,Provisional/Provisoire,,
05EA010,2026-07-23T22:50:00Z,47,0.048,,,Provisional/Provisoire,,
05EA010,2026-07-23T22:55:00Z,47,0.049,,,Provisional/Provisoire,,
05EA010,2026-07-23T23:00:00Z,47,0.048,,,Provisional/Provisoire,,
05EA010,2026-07-23T23:05:00Z,47,0.048,,,Provisional/Provisoire,,
05EA010,2026-07-23T23:10:00Z,47,0.047,,,Provisional/Provisoire,,
05EA010,2026-07-23T23:15:00Z,47,0.047,,,Provisional/Provisoire,,
05EA010,2026-07-23T23:20:00Z,47,0.047,,,Provisional/Provisoire,,
05EA010,2026-07-23T23:25:00Z,47,0.046,,,Provisional/Provisoire,,
05EA010,2026-07-23T23:30:00Z,47,0.046,,,Provisional/Provisoire,,
05EA010,2026-07-23T23:35:00Z,47,0.046,,,Provisional/Provisoire,,
05EA010,2026-07-23T23:40:00Z,47,0.046,,,Provisional/Provisoire,,
05EA010,2026-07-23T23:45:00Z,47,0.046,,,Provisional/Provisoire,,
05EA010,2026-07-23T23:50:00Z,47,0.046,,,Provisional/Provisoire,,
05EA010,2026-07-23T23:55:00Z,47,0.045,,,Provisional/Provisoire,,
05EA010,2026-07-24T00:00:00Z,47,0.045,,,Provisional/Provisoire,,
05EA010,2026-07-24T00:05:00Z,47,0.045,,,Provisional/Provisoire,,
05EA010,2026-07-24T00:10:00Z,47,0.044,,,Provisional/Provisoire,,
05EA010,2026-07-24T00:15:00Z,47,0.044,,,Provisional/Provisoire,,
05EA010,2026-07-24T00:20:00Z,47,0.044,,,Provisional/Provisoire,,
05EA010,2026-07-24T00:25:00Z,47,0.044,,,Provisional/Provisoire,,
05EA010,2026-07-24T00:30:00Z,47,0.043,,,Provisional/Provisoire,,
05EA010,2026-07-24T00:35:00Z,47,0.044,,,Provisional/Provisoire,,
05EA010,2026-07-24T00:40:00Z,47,0.043,,,Provisional/Provisoire,,
05EA010,2026-07-24T00:45:00Z,47,0.042,,,Provisional/Provisoire,,
05EA010,2026-07-24T00:50:00Z,47,0.042,,,Provisional/Provisoire,,
05EA010,2026-07-24T00:55:00Z,47,0.042,,,Provisional/Provisoire,,
05EA010,2026-07-24T01:00:00Z,47,0.042,,,Provisional/Provisoire,,
05EA010,2026-07-24T01:05:00Z,47,0.042,,,Provisional/Provisoire,,
05EA010,2026-07-24T01:10:00Z,47,0.042,,,Provisional/Provisoire,,
05EA010,2026-07-24T01:15:00Z,47,0.042,,,Provisional/Provisoire,,
05EA010,2026-07-24T01:20:00Z,47,0.042,,,Provisional/Provisoire,,
05EA010,2026-07-24T01:25:00Z,47,0.042,,,Provisional/Provisoire,,
05EA010,2026-07-24T01:30:00Z,47,0.041,,,Provisional/Provisoire,,
05EA010,2026-07-24T01:35:00Z,47,0.041,,,Provisional/Provisoire,,
05EA010,2026-07-24T01:40:00Z,47,0.040,,,Provisional/Provisoire,,
05EA010,2026-07-24T01:45:00Z,47,0.040,,,Provisional/Provisoire,,
05EA010,2026-07-24T01:50:00Z,47,0.040,,,Provisional/Provisoire,,
05EA010,2026-07-24T01:55:00Z,47,0.040,,,Provisional/Provisoire,,
05EA010,2026-07-24T02:00:00Z,47,0.039,,,Provisional/Provisoire,,
05EA010,2026-07-24T02:05:00Z,47,0.039,,,Provisional/Provisoire,,
05EA010,2026-07-24T02:10:00Z,47,0.039,,,Provisional/Provisoire,,
05EA010,2026-07-24T02:15:00Z,47,0.039,,,Provisional/Provisoire,,
05EA010,2026-07-24T02:20:00Z,47,0.039,,,Provisional/Provisoire,,
05EA010,2026-07-24T02:25:00Z,47,0.039,,,Provisional/Provisoire,,
05EA010,2026-07-24T02:30:00Z,47,0.038,,,Provisional/Provisoire,,
05EA010,2026-07-24T02:35:00Z,47,0.038,,,Provisional/Provisoire,,
05EA010,2026-07-24T02:40:00Z,47,0.038,,,Provisional/Provisoire,,
05EA010,2026-07-24T02:45:00Z,47,0.038,,,Provisional/Provisoire,,
05EA010,2026-07-24T02:50:00Z,47,0.038,,,Provisional/Provisoire,,
05EA010,2026-07-24T02:55:00Z,47,0.037,,,Provisional/Provisoire,,
05EA010,2026-07-24T03:00:00Z,47,0.037,,,Provisional/Provisoire,,
05EA010,2026-07-24T03:05:00Z,47,0.037,,,Provisional/Provisoire,,
05EA010,2026-07-24T03:10:00Z,47,0.037,,,Provisional/Provisoire,,
05EA010,2026-07-24T03:15:00Z,47,0.037,,,Provisional/Provisoire,,
05EA010,2026-07-24T03:20:00Z,47,0.036,,,Provisional/Provisoire,,
05EA010,2026-07-24T03:25:00Z,47,0.037,,,Provisional/Provisoire,,
05EA010,2026-07-24T03:30:00Z,47,0.036,,,Provisional/Provisoire,,
05EA010,2026-07-24T03:35:00Z,47,0.035,,,Provisional/Provisoire,,
05EA010,2026-07-24T03:40:00Z,47,0.036,,,Provisional/Provisoire,,
05EA010,2026-07-24T03:45:00Z,47,0.036,,,Provisional/Provisoire,,
05EA010,2026-07-24T03:50:00Z,47,0.035,,,Provisional/Provisoire,,
05EA010,2026-07-24T03:55:00Z,47,0.035,,,Provisional/Provisoire,,
05EA010,2026-07-24T04:00:00Z,47,0.035,,,Provisional/Provisoire,,
05EA010,2026-07-24T04:05:00Z,47,0.035,,,Provisional/Provisoire,,
05EA010,2026-07-24T04:10:00Z,47,0.035,,,Provisional/Provisoire,,
05EA010,2026-07-24T04:15:00Z,47,0.035,,,Provisional/Provisoire,,
05EA010,2026-07-24T04:20:00Z,47,0.035,,,Provisional/Provisoire,,
05EA010,2026-07-24T04:25:00Z,47,0.034,,,Provisional/Provisoire,,
05EA010,2026-07-24T04:30:00Z,47,0.034,,,Provisional/Provisoire,,
05EA010,2026-07-24T04:35:00Z,47,0.034,,,Provisional/Provisoire,,
05EA010,2026-07-24T04:40:00Z,47,0.035,,,Provisional/Provisoire,,
05EA010,2026-07-24T04:45:00Z,47,0.033,,,Provisional/Provisoire,,
05EA010,2026-07-24T04:50:00Z,47,0.033,,,Provisional/Provisoire,,
05EA010,2026-07-24T04:55:00Z,47,0.033,,,Provisional/Provisoire,,
05EA010,2026-07-24T05:00:00Z,47,0.033,,,Provisional/Provisoire,,
05EA010,2026-07-24T05:05:00Z,47,0.033,,,Provisional/Provisoire,,
05EA010,2026-07-24T05:10:00Z,47,0.033,,,Provisional/Provisoire,,
05EA010,2026-07-24T05:15:00Z,47,0.033,,,Provisional/Provisoire,,
05EA010,2026-07-24T05:20:00Z,47,0.033,,,Provisional/Provisoire,,
05EA010,2026-07-24T05:25:00Z,47,0.033,,,Provisional/Provisoire,,
05EA010,2026-07-24T05:30:00Z,47,0.033,,,Provisional/Provisoire,,
05EA010,2026-07-24T05:35:00Z,47,0.033,,,Provisional/Provisoire,,
05EA010,2026-07-24T05:40:00Z,47,0.033,,,Provisional/Provisoire,,
05EA010,2026-07-24T05:45:00Z,47,0.033,,,Provisional/Provisoire,,
05EA010,2026-07-24T05:50:00Z,47,0.033,,,Provisional/Provisoire,,
05EA010,2026-07-24T05:55:00Z,47,0.033,,,Provisional/Provisoire,,
05EA010,2026-07-24T06:00:00Z,47,0.033,,,Provisional/Provisoire,,
05EA010,2026-07-24T06:05:00Z,47,0.033,,,Provisional/Provisoire,,
05EA010,2026-07-24T06:10:00Z,47,0.033,,,Provisional/Provisoire,,
05EA010,2026-07-24T06:15:00Z,47,0.033,,,Provisional/Provisoire,,
05EA010,2026-07-24T06:20:00Z,47,0.033,,,Provisional/Provisoire,,
05EA010,2026-07-24T06:25:00Z,47,0.033,,,Provisional/Provisoire,,
05EA010,2026-07-24T06:30:00Z,47,0.033,,,Provisional/Provisoire,,
05EA010,2026-07-24T06:35:00Z,47,0.033,,,Provisional/Provisoire,,
05EA010,2026-07-24T06:40:00Z,47,0.033,,,Provisional/Provisoire,,
05EA010,2026-07-24T06:45:00Z,47,0.033,,,Provisional/Provisoire,,
05EA010,2026-07-24T06:50:00Z,47,0.033,,,Provisional/Provisoire,,
05EA010,2026-07-24T06:55:00Z,47,0.033,,,Provisional/Provisoire,,
05EA010,2026-07-24T07:00:00Z,47,0.033,,,Provisional/Provisoire,,
05EA010,2026-07-24T07:05:00Z,47,0.033,,,Provisional/Provisoire,,
05EA010,2026-07-24T07:10:00Z,47,0.033,,,Provisional/Provisoire,,
05EA010,2026-07-24T07:15:00Z,47,0.033,,,Provisional/Provisoire,,
05EA010,2026-07-24T07:20:00Z,47,0.033,,,Provisional/Provisoire,,
05EA010,2026-07-24T07:25:00Z,47,0.033,,,Provisional/Provisoire,,
05EA010,2026-07-24T07:30:00Z,47,0.033,,,Provisional/Provisoire,,
05EA010,2026-07-24T07:35:00Z,47,0.033,,,Provisional/Provisoire,,
05EA010,2026-07-24T07:40:00Z,47,0.033,,,Provisional/Provisoire,,
05EA010,2026-07-24T07:45:00Z,47,0.034,,,Provisional/Provisoire,,
05EA010,2026-07-24T07:50:00Z,47,0.034,,,Provisional/Provisoire,,
05EA010,2026-07-24T07:55:00Z,47,0.033,,,Provisional/Provisoire,,
05EA010,2026-07-24T08:00:00Z,47,0.033,,,Provisional/Provisoire,,
05EA010,2026-07-24T08:05:00Z,47,0.033,,,Provisional/Provisoire,,
05EA010,2026-07-24T08:10:00Z,47,0.034,,,Provisional/Provisoire,,
05EA010,2026-07-24T08:15:00Z,47,0.034,,,Provisional/Provisoire,,
05EA010,2026-07-24T08:20:00Z,47,0.034,,,Provisional/Provisoire,,
05EA010,2026-07-24T08:25:00Z,47,0.034,,,Provisional/Provisoire,,
05EA010,2026-07-24T08:30:00Z,47,0.034,,,Provisional/Provisoire,,
05EA010,2026-07-24T08:35:00Z,47,0.034,,,Provisional/Provisoire,,
05EA010,2026-07-24T08:40:00Z,47,0.034,,,Provisional/Provisoire,,
05EA010,2026-07-24T08:45:00Z,47,0.034,,,Provisional/Provisoire,,
05EA010,2026-07-24T08:50:00Z,47,0.035,,,Provisional/Provisoire,,
05EA010,2026-07-24T08:55:00Z,47,0.034,,,Provisional/Provisoire,,
05EA010,2026-07-24T09:00:00Z,47,0.034,,,Provisional/Provisoire,,
05EA010,2026-07-24T09:05:00Z,47,0.034,,,Provisional/Provisoire,,
05EA010,2026-07-24T09:10:00Z,47,0.035,,,Provisional/Provisoire,,
05EA010,2026-07-24T09:15:00Z,47,0.035,,,Provisional/Provisoire,,
05EA010,2026-07-24T09:20:00Z,47,0.035,,,Provisional/Provisoire,,
05EA010,2026-07-24T09:25:00Z,47,0.035,,,Provisional/Provisoire,,
05EA010,2026-07-24T09:30:00Z,47,0.035,,,Provisional/Provisoire,,
05EA010,2026-07-24T09:35:00Z,47,0.035,,,Provisional/Provisoire,,
05EA010,2026-07-24T09:40:00Z,47,0.035,,,Provisional/Provisoire,,
05EA010,2026-07-24T09:45:00Z,47,0.035,,,Provisional/Provisoire,,
05EA010,2026-07-24T09:50:00Z,47,0.035,,,Provisional/Provisoire,,
05EA010,2026-07-24T09:55:00Z,47,0.035,,,Provisional/Provisoire,,
05EA010,2026-07-24T10:00:00Z,47,0.035,,,Provisional/Provisoire,,
05EA010,2026-07-24T10:05:00Z,47,0.035,,,Provisional/Provisoire,,
05EA010,2026-07-24T10:10:00Z,47,0.035,,,Provisional/Provisoire,,
05EA010,2026-07-24T10:15:00Z,47,0.034,,,Provisional/Provisoire,,
05EA010,2026-07-24T10:20:00Z,47,0.035,,,Provisional/Provisoire,,
05EA010,2026-07-24T10:25:00Z,47,0.034,,,Provisional/Provisoire,,
05EA010,2026-07-24T10:30:00Z,47,0.035,,,Provisional/Provisoire,,
05EA010,2026-07-24T10:35:00Z,47,0.035,,,Provisional/Provisoire,,
05EA010,2026-07-24T10:40:00Z,47,0.035,,,Provisional/Provisoire,,
05EA010,2026-07-24T10:45:00Z,47,0.034,,,Provisional/Provisoire,,
05EA010,2026-07-24T10:50:00Z,47,0.035,,,Provisional/Provisoire,,
05EA010,2026-07-24T10:55:00Z,47,0.035,,,Provisional/Provisoire,,
05EA010,2026-07-24T11:00:00Z,47,0.035,,,Provisional/Provisoire,,
05EA010,2026-07-24T11:05:00Z,47,0.034,,,Provisional/Provisoire,,
05EA010,2026-07-24T11:10:00Z,47,0.034,,,Provisional/Provisoire,,
05EA010,2026-07-24T11:15:00Z,47,0.034,,,Provisional/Provisoire,,
05EA010,2026-07-24T11:20:00Z,47,0.033,,,Provisional/Provisoire,,
05EA010,2026-07-24T11:25:00Z,47,0.033,,,Provisional/Provisoire,,
05EA010,2026-07-24T11:30:00Z,47,0.033,,,Provisional/Provisoire,,
05EA010,2026-07-24T11:35:00Z,47,0.033,,,Provisional/Provisoire,,
05EA010,2026-07-24T11:40:00Z,47,0.032,,,Provisional/Provisoire,,
05EA010,2026-07-24T11:45:00Z,47,0.033,,,Provisional/Provisoire,,
05EA010,2026-07-24T11:50:00Z,47,0.032,,,Provisional/Provisoire,,
05EA010,2026-07-24T11:55:00Z,47,0.032,,,Provisional/Provisoire,,
05EA010,2026-07-24T12:00:00Z,47,0.033,,,Provisional/Provisoire,,
05EA010,2026-07-24T12:05:00Z,47,0.032,,,Provisional/Provisoire,,
05EA010,2026-07-24T12:10:00Z,47,0.032,,,Provisional/Provisoire,,
05EA010,2026-07-24T12:15:00Z,47,0.032,,,Provisional/Provisoire,,
05EA010,2026-07-24T12:20:00Z,47,0.032,,,Provisional/Provisoire,,
05EA010,2026-07-24T12:25:00Z,47,0.032,,,Provisional/Provisoire,,
05EA010,2026-07-24T12:30:00Z,47,0.032,,,Provisional/Provisoire,,
05EA010,2026-07-24T12:35:00Z,47,0.032,,,Provisional/Provisoire,,
05EA010,2026-07-24T12:40:00Z,47,0.032,,,Provisional/Provisoire,,
05EA010,2026-07-24T12:45:00Z,47,0.031,,,Provisional/Provisoire,,
05EA010,2026-07-24T12:50:00Z,47,0.032,,,Provisional/Provisoire,,
05EA010,2026-07-24T12:55:00Z,47,0.032,,,Provisional/Provisoire,,
05EA010,2026-07-24T13:00:00Z,47,0.032,,,Provisional/Provisoire,,
05EA010,2026-07-24T13:05:00Z,47,0.032,,,Provisional/Provisoire,,
05EA010,2026-07-24T13:10:00Z,47,0.031,,,Provisional/Provisoire,,
05EA010,2026-07-24T13:15:00Z,47,0.032,,,Provisional/Provisoire,,
05EA010,2026-07-24T13:20:00Z,47,0.032,,,Provisional/Provisoire,,
05EA010,2026-07-24T13:25:00Z,47,0.031,,,Provisional/Provisoire,,
05EA010,2026-07-24T13:30:00Z,47,0.033,,,Provisional/Provisoire,,
05EA010,2026-07-24T13:35:00Z,47,0.032,,,Provisional/Provisoire,,
05EA010,2026-07-24T13:40:00Z,47,0.031,,,Provisional/Provisoire,,
05EA010,2026-07-24T13:45:00Z,47,0.032,,,Provisional/Provisoire,,
05EA010,2026-07-24T13:50:00Z,47,0.031,,,Provisional/Provisoire,,
05EA010,2026-07-24T13:55:00Z,47,0.031,,,Provisional/Provisoire,,
05EA010,2026-07-24T14:00:00Z,47,0.031,,,Provisional/Provisoire,,
05EA010,2026-07-24T14:05:00Z,47,0.031,,,Provisional/Provisoire,,
05EA010,2026-07-24T14:10:00Z,47,0.031,,,Provisional/Provisoire,,
05EA010,2026-07-24T14:15:00Z,47,0.031,,,Provisional/Provisoire,,
05EA010,2026-07-24T14:20:00Z,47,0.030,,,Provisional/Provisoire,,
05EA010,2026-07-24T14:25:00Z,47,0.030,,,Provisional/Provisoire,,
05EA010,2026-07-24T14:30:00Z,47,0.030,,,Provisional/Provisoire,,
05EA010,2026-07-24T14:35:00Z,47,0.030,,,Provisional/Provisoire,,
05EA010,2026-07-24T14:40:00Z,47,0.030,,,Provisional/Provisoire,,
05EA010,2026-07-24T14:45:00Z,47,0.030,,,Provisional/Provisoire,,
05EA010,2026-07-24T14:50:00Z,47,0.029,,,Provisional/Provisoire,,
05EA010,2026-07-24T14:55:00Z,47,0.029,,,Provisional/Provisoire,,
05EA010,2026-07-24T15:00:00Z,47,0.029,,,Provisional/Provisoire,,
05EA010,2026-07-24T15:05:00Z,47,0.029,,,Provisional/Provisoire,,
05EA010,2026-07-24T15:10:00Z,47,0.029,,,Provisional/Provisoire,,
05EA010,2026-07-24T15:15:00Z,47,0.029,,,Provisional/Provisoire,,
05EA010,2026-07-24T15:20:00Z,47,0.029,,,Provisional/Provisoire,,
05EA010,2026-07-24T15:25:00Z,47,0.029,,,Provisional/Provisoire,,
05EA010,2026-07-24T15:30:00Z,47,0.028,,,Provisional/Provisoire,,
05EA010,2026-07-24T15:35:00Z,47,0.028,,,Provisional/Provisoire,,
05EA010,2026-07-24T15:40:00Z,47,0.028,,,Provisional/Provisoire,,
05EA010,2026-07-24T15:45:00Z,47,0.028,,,Provisional/Provisoire,,
05EA010,2026-07-24T15:50:00Z,47,0.027,,,Provisional/Provisoire,,
05EA010,2026-07-24T15:55:00Z,47,0.028,,,Provisional/Provisoire,,
05EA010,2026-07-24T16:00:00Z,47,0.028,,,Provisional/Provisoire,,
05EA010,2026-07-24T16:05:00Z,47,0.027,,,Provisional/Provisoire,,
05EA010,2026-07-24T16:10:00Z,47,0.027,,,Provisional/Provisoire,,
05EA010,2026-07-24T16:15:00Z,47,0.027,,,Provisional/Provisoire,,
05EA010,2026-07-24T16:20:00Z,47,0.027,,,Provisional/Provisoire,,
05EA010,2026-07-24T16:25:00Z,47,0.027,,,Provisional/Provisoire,,
05EA010,2026-07-24T16:30:00Z,47,0.027,,,Provisional/Provisoire,,
05EA010,2026-07-24T16:35:00Z,47,0.026,,,Provisional/Provisoire,,
05EA010,2026-07-24T16:40:00Z,47,0.027,,,Provisional/Provisoire,,
05EA010,2026-07-24T16:45:00Z,47,0.027,,,Provisional/Provisoire,,
05EA010,2026-07-24T16:50:00Z,47,0.026,,,Provisional/Provisoire,,
05EA010,2026-07-24T16:55:00Z,47,0.026,,,Provisional/Provisoire,,
05EA010,2026-07-24T17:00:00Z,47,0.026,,,Provisional/Provisoire,,
05EA010,2026-07-24T17:05:00Z,47,0.026,,,Provisional/Provisoire,,
05EA010,2026-07-24T17:10:00Z,47,0.026,,,Provisional/Provisoire,,
05EA010,2026-07-24T17:15:00Z,47,0.026,,,Provisional/Provisoire,,
05EA010,2026-07-24T17:20:00Z,47,0.026,,,Provisional/Provisoire,,
05EA010,2026-07-24T17:25:00Z,47,0.026,,,Provisional/Provisoire,,
05EA010,2026-07-24T17:30:00Z,47,0.025,,,Provisional/Provisoire,,
05EA010,2026-07-24T17:35:00Z,47,0.025,,,Provisional/Provisoire,,
05EA010,2026-07-24T17:40:00Z,47,0.025,,,Provisional/Provisoire,,
05EA010,2026-07-24T17:45:00Z,47,0.025,,,Provisional/Provisoire,,
05EA010,2026-07-24T17:50:00Z,47,0.025,,,Provisional/Provisoire,,
05EA010,2026-07-24T17:55:00Z,47,0.025,,,Provisional/Provisoire,,
05EA010,2026-07-24T18:00:00Z,47,0.025,,,Provisional/Provisoire,,
05EA010,2026-07-24T18:05:00Z,47,0.025,,,Provisional/Provisoire,,
05EA010,2026-07-24T18:10:00Z,47,0.025,,,Provisional/Provisoire,,
05EA010,2026-07-24T18:15:00Z,47,0.024,,,Provisional/Provisoire,,
05EA010,2026-07-24T18:20:00Z,47,0.023,,,Provisional/Provisoire,,
05EA010,2026-07-24T18:25:00Z,47,0.024,,,Provisional/Provisoire,,
05EA010,2026-07-24T18:30:00Z,47,0.024,,,Provisional/Provisoire,,
05EA010,2026-07-24T18:35:00Z,47,0.023,,,Provisional/Provisoire,,
05EA010,2026-07-24T18:40:00Z,47,0.023,,,Provisional/Provisoire,,
05EA010,2026-07-24T18:45:00Z,47,0.023,,,Provisional/Provisoire,,
05EA010,2026-07-24T18:50:00Z,47,0.023,,,Provisional/Provisoire,,
05EA010,2026-07-24T18:55:00Z,47,0.023,,,Provisional/Provisoire,,
05EA010,2026-07-24T19:00:00Z,47,0.023,,,Provisional/Provisoire,,
05EA010,2026-07-24T19:05:00Z,47,0.023,,,Provisional/Provisoire,,
05EA010,2026-07-24T19:10:00Z,47,0.023,,,Provisional/Provisoire,,
05EA010,2026-07-24T19:15:00Z,47,0.023,,,Provisional/Provisoire,,
05EA010,2026-07-24T19:20:00Z,47,0.022,,,Provisional/Provisoire,,
05EA010,2026-07-24T19:25:00Z,47,0.023,,,Provisional/Provisoire,,
05EA010,2026-07-24T19:30:00Z,47,0.022,,,Provisional/Provisoire,,
05EA010,2026-07-24T19:35:00Z,47,0.022,,,Provisional/Provisoire,,
05EA010,2026-07-24T19:40:00Z,47,0.022,,,Provisional/Provisoire,,
05EA010,2026-07-24T19:45:00Z,47,0.022,,,Provisional/Provisoire,,
05EA010,2026-07-24T19:50:00Z,47,0.022,,,Provisional/Provisoire,,
05EA010,2026-07-24T19:55:00Z,47,0.022,,,Provisional/Provisoire,,
05EA010,2026-07-24T20:00:00Z,47,0.022,,,Provisional/Provisoire,,
05EA010,2026-07-24T20:05:00Z,47,0.022,,,Provisional/Provisoire,,
05EA010,2026-07-24T20:10:00Z,47,0.022,,,Provisional/Provisoire,,
05EA010,2026-07-24T20:15:00Z,47,0.021,,,Provisional/Provisoire,,
05EA010,2026-07-24T20:20:00Z,47,0.021,,,Provisional/Provisoire,,
05EA010,2026-07-24T20:25:00Z,47,0.021,,,Provisional/Provisoire,,
05EA010,2026-07-24T20:30:00Z,47,0.021,,,Provisional/Provisoire,,
05EA010,2026-07-24T20:35:00Z,47,0.021,,,Provisional/Provisoire,,
05EA010,2026-07-24T20:40:00Z,47,0.021,,,Provisional/Provisoire,,
05EA010,2026-07-24T20:45:00Z,47,0.021,,,Provisional/Provisoire,,
05EA010,2026-07-24T20:50:00Z,47,0.020,,,Provisional/Provisoire,,
05EA010,2026-07-24T20:55:00Z,47,0.021,,,Provisional/Provisoire,,
05EA010,2026-07-24T21:00:00Z,47,0.020,,,Provisional/Provisoire,,
05EA010,2026-07-24T21:05:00Z,47,0.020,,,Provisional/Provisoire,,
05EA010,2026-07-24T21:10:00Z,47,0.020,,,Provisional/Provisoire,,
05EA010,2026-07-24T21:15:00Z,47,0.020,,,Provisional/Provisoire,,
05EA010,2026-07-24T21:20:00Z,47,0.020,,,Provisional/Provisoire,,
05EA010,2026-07-24T21:25:00Z,47,0.019,,,Provisional/Provisoire,,
05EA010,2026-07-24T21:30:00Z,47,0.019,,,Provisional/Provisoire,,
05EA010,2026-07-24T21:35:00Z,47,0.020,,,Provisional/Provisoire,,
05EA010,2026-07-24T21:40:00Z,47,0.019,,,Provisional/Provisoire,,
05EA010,2026-07-24T21:45:00Z,47,0.019,,,Provisional/Provisoire,,
05EA010,2026-07-24T21:50:00Z,47,0.019,,,Provisional/Provisoire,,
05EA010,2026-07-24T21:55:00Z,47,0.019,,,Provisional/Provisoire,,
05EA010,2026-07-24T22:00:00Z,47,0.019,,,Provisional/Provisoire,,
05EA010,2026-07-24T22:05:00Z,47,0.019,,,Provisional/Provisoire,,
05EA010,2026-07-24T22:10:00Z,47,0.019,,,Provisional/Provisoire,,
05EA010,2026-07-24T22:15:00Z,47,0.019,,,Provisional/Provisoire,,
05EA010,2026-07-24T22:20:00Z,47,0.018,,,Provisional/Provisoire,,
05EA010,2026-07-24T22:25:00Z,47,0.018,,,Provisional/Provisoire,,
05EA010,2026-07-24T22:30:00Z,47,0.018,,,Provisional/Provisoire,,
05EA010,2026-07-24T22:35:00Z,47,0.018,,,Provisional/Provisoire,,
05EA010,2026-07-24T22:40:00Z,47,0.018,,,Provisional/Provisoire,,
05EA010,2026-07-24T22:45:00Z,47,0.018,,,Provisional/Provisoire,,
05EA010,2026-07-24T22:50:00Z,47,0.018,,,Provisional/Provisoire,,
05EA010,2026-07-24T22:55:00Z,47,0.018,,,Provisional/Provisoire,,
05EA010,2026-07-24T23:00:00Z,47,0.017,,,Provisional/Provisoire,,
05EA010,2026-07-24T23:05:00Z,47,0.017,,,Provisional/Provisoire,,
05EA010,2026-07-24T23:10:00Z,47,0.017,,,Provisional/Provisoire,,
05EA010,2026-07-24T23:15:00Z,47,0.017,,,Provisional/Provisoire,,
05EA010,2026-07-24T23:20:00Z,47,0.017,,,Provisional/Provisoire,,
05EA010,2026-07-24T23:25:00Z,47,0.017,,,Provisional/Provisoire,,
05EA010,2026-07-24T23:30:00Z,47,0.017,,,Provisional/Provisoire,,
05EA010,2026-07-24T23:35:00Z,47,0.016,,,Provisional/Provisoire,,
05EA010,2026-07-24T23:40:00Z,47,0.016,,,Provisional/Provisoire,,
05EA010,2026-07-24T23:45:00Z,47,0.016,,,Provisional/Provisoire,,
05EA010,2026-07-24T23:50:00Z,47,0.016,,,Provisional/Provisoire,,
05EA010,2026-07-24T23:55:00Z,47,0.016,,,Provisional/Provisoire,,
05EA010,2026-07-25T00:00:00Z,47,0.016,,,Provisional/Provisoire,,
05EA010,2026-07-25T00:05:00Z,47,0.016,,,Provisional/Provisoire,,
05EA010,2026-07-25T00:10:00Z,47,0.015,,,Provisional/Provisoire,,
05EA010,2026-07-25T00:15:00Z,47,0.015,,,Provisional/Provisoire,,
05EA010,2026-07-25T00:20:00Z,47,0.015,,,Provisional/Provisoire,,
05EA010,2026-07-25T00:25:00Z,47,0.015,,,Provisional/Provisoire,,
05EA010,2026-07-25T00:30:00Z,47,0.015,,,Provisional/Provisoire,,
05EA010,2026-07-25T00:35:00Z,47,0.015,,,Provisional/Provisoire,,
05EA010,2026-07-25T00:40:00Z,47,0.015,,,Provisional/Provisoire,,
05EA010,2026-07-25T00:45:00Z,47,0.015,,,Provisional/Provisoire,,
05EA010,2026-07-25T00:50:00Z,47,0.015,,,Provisional/Provisoire,,
05EA010,2026-07-25T00:55:00Z,47,0.015,,,Provisional/Provisoire,,
05EA010,2026-07-25T01:00:00Z,47,0.015,,,Provisional/Provisoire,,
05EA010,2026-07-25T01:05:00Z,47,0.014,,,Provisional/Provisoire,,
05EA010,2026-07-25T01:10:00Z,47,0.014,,,Provisional/Provisoire,,
05EA010,2026-07-25T01:15:00Z,47,0.014,,,Provisional/Provisoire,,
05EA010,2026-07-25T01:20:00Z,47,0.014,,,Provisional/Provisoire,,
05EA010,2026-07-25T01:25:00Z,47,0.014,,,Provisional/Provisoire,,
05EA010,2026-07-25T01:30:00Z,47,0.013,,,Provisional/Provisoire,,
05EA010,2026-07-25T01:35:00Z,47,0.013,,,Provisional/Provisoire,,
05EA010,2026-07-25T01:40:00Z,47,0.013,,,Provisional/Provisoire,,
05EA010,2026-07-25T01:45:00Z,47,0.013,,,Provisional/Provisoire,,
05EA010,2026-07-25T01:50:00Z,47,0.013,,,Provisional/Provisoire,,
05EA010,2026-07-25T01:55:00Z,47,0.013,,,Provisional/Provisoire,,
05EA010,2026-07-25T02:00:00Z,47,0.013,,,Provisional/Provisoire,,
05EA010,2026-07-25T02:05:00Z,47,0.012,,,Provisional/Provisoire,,
05EA010,2026-07-25T02:10:00Z,47,0.012,,,Provisional/Provisoire,,
05EA010,2026-07-25T02:15:00Z,47,0.012,,,Provisional/Provisoire,,
05EA010,2026-07-25T02:20:00Z,47,0.012,,,Provisional/Provisoire,,
05EA010,2026-07-25T02:25:00Z,47,0.012,,,Provisional/Provisoire,,
05EA010,2026-07-25T02:30:00Z,47,0.012,,,Provisional/Provisoire,,
05EA010,2026-07-25T02:35:00Z,47,0.012,,,Provisional/Provisoire,,
05EA010,2026-07-25T02:40:00Z,47,0.012,,,Provisional/Provisoire,,
05EA010,2026-07-25T02:45:00Z,47,0.012,,,Provisional/Provisoire,,
05EA010,2026-07-25T02:50:00Z,47,0.012,,,Provisional/Provisoire,,
05EA010,2026-07-25T02:55:00Z,47,0.012,,,Provisional/Provisoire,,
05EA010,2026-07-25T03:00:00Z,47,0.012,,,Provisional/Provisoire,,
05EA010,2026-07-25T03:05:00Z,47,0.011,,,Provisional/Provisoire,,
05EA010,2026-07-25T03:10:00Z,47,0.011,,,Provisional/Provisoire,,
05EA010,2026-07-25T03:15:00Z,47,0.011,,,Provisional/Provisoire,,
05EA010,2026-07-25T03:20:00Z,47,0.011,,,Provisional/Provisoire,,
05EA010,2026-07-25T03:25:00Z,47,0.011,,,Provisional/Provisoire,,
05EA010,2026-07-25T03:30:00Z,47,0.011,,,Provisional/Provisoire,,
05EA010,2026-07-25T03:35:00Z,47,0.011,,,Provisional/Provisoire,,
05EA010,2026-07-25T03:40:00Z,47,0.011,,,Provisional/Provisoire,,
05EA010,2026-07-25T03:45:00Z,47,0.011,,,Provisional/Provisoire,,
05EA010,2026-07-25T03:50:00Z,47,0.011,,,Provisional/Provisoire,,
05EA010,2026-07-25T03:55:00Z,47,0.011,,,Provisional/Provisoire,,
05EA010,2026-07-25T04:00:00Z,47,0.011,,,Provisional/Provisoire,,
05EA010,2026-07-25T04:05:00Z,47,0.011,,,Provisional/Provisoire,,
05EA010,2026-07-25T04:10:00Z,47,0.011,,,Provisional/Provisoire,,
05EA010,2026-07-25T04:15:00Z,47,0.011,,,Provisional/Provisoire,,
05EA010,2026-07-25T04:20:00Z,47,0.011,,,Provisional/Provisoire,,
05EA010,2026-07-25T04:25:00Z,47,0.010,,,Provisional/Provisoire,,
05EA010,2026-07-25T04:30:00Z,47,0.010,,,Provisional/Provisoire,,
05EA010,2026-07-25T04:35:00Z,47,0.010,,,Provisional/Provisoire,,
05EA010,2026-07-25T04:40:00Z,47,0.010,,,Provisional/Provisoire,,
05EA010,2026-07-25T04:45:00Z,47,0.010,,,Provisional/Provisoire,,
05EA010,2026-07-25T04:50:00Z,47,0.010,,,Provisional/Provisoire,,
05EA010,2026-07-25T04:55:00Z,47,0.010,,,Provisional/Provisoire,,
05EA010,2026-07-25T05:00:00Z,47,0.010,,,Provisional/Provisoire,,
05EA010,2026-07-25T05:05:00Z,47,0.010,,,Provisional/Provisoire,,
05EA010,2026-07-25T05:10:00Z,47,0.010,,,Provisional/Provisoire,,
05EA010,2026-07-25T05:15:00Z,47,0.010,,,Provisional/Provisoire,,
05EA010,2026-07-25T05:20:00Z,47,0.010,,,Provisional/Provisoire,,
05EA010,2026-07-25T05:25:00Z,47,0.010,,,Provisional/Provisoire,,
05EA010,2026-07-25T05:30:00Z,47,0.010,,,Provisional/Provisoire,,
05EA010,2026-07-25T05:35:00Z,47,0.010,,,Provisional/Provisoire,,
05EA010,2026-07-25T05:40:00Z,47,0.009,,,Provisional/Provisoire,,
05EA010,2026-07-25T05:45:00Z,47,0.009,,,Provisional/Provisoire,,
05EA010,2026-07-25T05:50:00Z,47,0.009,,,Provisional/Provisoire,,
05EA010,2026-07-25T05:55:00Z,47,0.009,,,Provisional/Provisoire,,
05EA010,2026-07-25T06:00:00Z,47,0.009,,,Provisional/Provisoire,,
05EA010,2026-07-25T06:05:00Z,47,0.009,,,Provisional/Provisoire,,
05EA010,2026-07-25T06:10:00Z,47,0.009,,,Provisional/Provisoire,,
05EA010,2026-07-25T06:15:00Z,47,0.009,,,Provisional/Provisoire,,
05EA010,2026-07-25T06:20:00Z,47,0.009,,,Provisional/Provisoire,,
05EA010,2026-07-25T06:25:00Z,47,0.009,,,Provisional/Provisoire,,
05EA010,2026-07-25T06:30:00Z,47,0.009,,,Provisional/Provisoire,,
05EA010,2026-07-25T06:35:00Z,47,0.009,,,Provisional/Provisoire,,
05EA010,2026-07-25T06:40:00Z,47,0.009,,,Provisional/Provisoire,,
05EA010,2026-07-25T06:45:00Z,47,0.009,,,Provisional/Provisoire,,
05EA010,2026-07-25T06:50:00Z,47,0.009,,,Provisional/Provisoire,,
05EA010,2026-07-25T06:55:00Z,47,0.009,,,Provisional/Provisoire,,
05EA010,2026-07-25T07:00:00Z,47,0.009,,,Provisional/Provisoire,,
05EA010,2026-07-25T07:05:00Z,47,0.009,,,Provisional/Provisoire,,
05EA010,2026-07-25T07:10:00Z,47,0.009,,,Provisional/Provisoire,,
05EA010,2026-07-25T07:15:00Z,47,0.009,,,Provisional/Provisoire,,
05EA010,2026-07-25T07:20:00Z,47,0.009,,,Provisional/Provisoire,,
05EA010,2026-07-25T07:25:00Z,47,0.009,,,Provisional/Provisoire,,
05EA010,2026-07-25T07:30:00Z,47,0.009,,,Provisional/Provisoire,,
05EA010,2026-07-25T07:35:00Z,47,0.009,,,Provisional/Provisoire,,
05EA010,2026-07-25T07:40:00Z,47,0.008,,,Provisional/Provisoire,,
05EA010,2026-07-25T07:45:00Z,47,0.008,,,Provisional/Provisoire,,
05EA010,2026-07-25T07:50:00Z,47,0.009,,,Provisional/Provisoire,,
05EA010,2026-07-25T07:55:00Z,47,0.008,,,Provisional/Provisoire,,
05EA010,2026-07-25T08:00:00Z,47,0.008,,,Provisional/Provisoire,,
05EA010,2026-07-25T08:05:00Z,47,0.008,,,Provisional/Provisoire,,
05EA010,2026-07-25T08:10:00Z,47,0.008,,,Provisional/Provisoire,,
05EA010,2026-07-25T08:15:00Z,47,0.008,,,Provisional/Provisoire,,
05EA010,2026-07-25T08:20:00Z,47,0.008,,,Provisional/Provisoire,,
05EA010,2026-07-25T08:25:00Z,47,0.008,,,Provisional/Provisoire,,
05EA010,2026-07-25T08:30:00Z,47,0.008,,,Provisional/Provisoire,,
05EA010,2026-07-25T08:35:00Z,47,0.008,,,Provisional/Provisoire,,
05EA010,2026-07-25T08:40:00Z,47,0.008,,,Provisional/Provisoire,,
05EA010,2026-07-25T08:45:00Z,47,0.008,,,Provisional/Provisoire,,
05EA010,2026-07-25T08:50:00Z,47,0.008,,,Provisional/Provisoire,,
05EA010,2026-07-25T08:55:00Z,47,0.008,,,Provisional/Provisoire,,
05EA010,2026-07-25T09:00:00Z,47,0.008,,,Provisional/Provisoire,,
05EA010,2026-07-25T09:05:00Z,47,0.008,,,Provisional/Provisoire,,
05EA010,2026-07-25T09:10:00Z,47,0.008,,,Provisional/Provisoire,,
05EA010,2026-07-25T09:15:00Z,47,0.008,,,Provisional/Provisoire,,
05EA010,2026-07-25T09:20:00Z,47,0.008,,,Provisional/Provisoire,,
05EA010,2026-07-25T09:25:00Z,47,0.008,,,Provisional/Provisoire,,
05EA010,2026-07-25T09:30:00Z,47,0.008,,,Provisional/Provisoire,,
05EA010,2026-07-25T09:35:00Z,47,0.008,,,Provisional/Provisoire,,
05EA010,2026-07-25T09:40:00Z,47,0.008,,,Provisional/Provisoire,,
05EA010,2026-07-25T09:45:00Z,47,0.008,,,Provisional/Provisoire,,
05EA010,2026-07-25T09:50:00Z,47,0.008,,,Provisional/Provisoire,,
05EA010,2026-07-25T09:55:00Z,47,0.008,,,Provisional/Provisoire,,
05EA010,2026-07-25T10:00:00Z,47,0.008,,,Provisional/Provisoire,,
05EA010,2026-07-25T10:05:00Z,47,0.008,,,Provisional/Provisoire,,
05EA010,2026-07-25T10:10:00Z,47,0.008,,,Provisional/Provisoire,,
05EA010,2026-07-25T10:15:00Z,47,0.008,,,Provisional/Provisoire,,
05EA010,2026-07-25T10:20:00Z,47,0.007,,,Provisional/Provisoire,,
05EA010,2026-07-25T10:25:00Z,47,0.008,,,Provisional/Provisoire,,
05EA010,2026-07-25T10:30:00Z,47,0.007,,,Provisional/Provisoire,,
05EA010,2026-07-25T10:35:00Z,47,0.008,,,Provisional/Provisoire,,
05EA010,2026-07-25T10:40:00Z,47,0.008,,,Provisional/Provisoire,,
05EA010,2026-07-25T10:45:00Z,47,0.007,,,Provisional/Provisoire,,
05EA010,2026-07-25T10:50:00Z,47,0.008,,,Provisional/Provisoire,,
05EA010,2026-07-25T10:55:00Z,47,0.007,,,Provisional/Provisoire,,
05EA010,2026-07-25T11:00:00Z,47,0.008,,,Provisional/Provisoire,,
05EA010,2026-07-25T11:05:00Z,47,0.008,,,Provisional/Provisoire,,
05EA010,2026-07-25T11:10:00Z,47,0.008,,,Provisional/Provisoire,,
05EA010,2026-07-25T11:15:00Z,47,0.008,,,Provisional/Provisoire,,
05EA010,2026-07-25T11:20:00Z,47,0.008,,,Provisional/Provisoire,,
05EA010,2026-07-25T11:25:00Z,47,0.008,,,Provisional/Provisoire,,
05EA010,2026-07-25T11:30:00Z,47,0.007,,,Provisional/Provisoire,,
05EA010,2026-07-25T11:35:00Z,47,0.007,,,Provisional/Provisoire,,
05EA010,2026-07-25T11:40:00Z,47,0.008,,,Provisional/Provisoire,,
05EA010,2026-07-25T11:45:00Z,47,0.007,,,Provisional/Provisoire,,
05EA010,2026-07-25T11:50:00Z,47,0.007,,,Provisional/Provisoire,,
05EA010,2026-07-25T11:55:00Z,47,0.008,,,Provisional/Provisoire,,
05EA010,2026-07-25T12:00:00Z,47,0.007,,,Provisional/Provisoire,,
05EA010,2026-07-25T12:05:00Z,47,0.008,,,Provisional/Provisoire,,
05EA010,2026-07-25T12:10:00Z,47,0.008,,,Provisional/Provisoire,,
05EA010,2026-07-25T12:15:00Z,47,0.008,,,Provisional/Provisoire,,
05EA010,2026-07-25T12:20:00Z,47,0.008,,,Provisional/Provisoire,,
05EA010,2026-07-25T12:25:00Z,47,0.008,,,Provisional/Provisoire,,
05EA010,2026-07-25T12:30:00Z,47,0.008,,,Provisional/Provisoire,,
05EA010,2026-07-25T12:35:00Z,47,0.008,,,Provisional/Provisoire,,
05EA010,2026-07-25T12:40:00Z,47,0.008,,,Provisional/Provisoire,,
05EA010,2026-07-25T12:45:00Z,47,0.008,,,Provisional/Provisoire,,
05EA010,2026-07-25T12:50:00Z,47,0.008,,,Provisional/Provisoire,,
05EA010,2026-07-25T12:55:00Z,47,0.008,,,Provisional/Provisoire,,
05EA010,2026-07-25T13:00:00Z,47,0.007,,,Provisional/Provisoire,,
05EA010,2026-07-25T13:05:00Z,47,0.007,,,Provisional/Provisoire,,
05EA010,2026-07-25T13:10:00Z,47,0.007,,,Provisional/Provisoire,,
05EA010,2026-07-25T13:15:00Z,47,0.007,,,Provisional/Provisoire,,
05EA010,2026-07-25T13:20:00Z,47,0.007,,,Provisional/Provisoire,,
05EA010,2026-07-25T13:25:00Z,47,0.007,,,Provisional/Provisoire,,
05EA010,2026-07-25T13:30:00Z,47,0.007,,,Provisional/Provisoire,,
05EA010,2026-07-25T13:35:00Z,47,0.007,,,Provisional/Provisoire,,
05EA010,2026-07-25T13:40:00Z,47,0.006,,,Provisional/Provisoire,,
05EA010,2026-07-25T13:45:00Z,47,0.006,,,Provisional/Provisoire,,
05EA010,2026-07-25T13:50:00Z,47,0.006,,,Provisional/Provisoire,,
05EA010,2026-07-25T13:55:00Z,47,0.006,,,Provisional/Provisoire,,
05EA010,2026-07-25T14:00:00Z,47,0.006,,,Provisional/Provisoire,,
05EA010,2026-07-25T14:05:00Z,47,0.006,,,Provisional/Provisoire,,
05EA010,2026-07-25T14:10:00Z,47,0.006,,,Provisional/Provisoire,,
05EA010,2026-07-25T14:15:00Z,47,0.006,,,Provisional/Provisoire,,
05EA010,2026-07-25T14:20:00Z,47,0.006,,,Provisional/Provisoire,,
05EA010,2026-07-25T14:25:00Z,47,0.006,,,Provisional/Provisoire,,
05EA010,2026-07-25T14:30:00Z,47,0.006,,,Provisional/Provisoire,,
05EA010,2026-07-25T14:35:00Z,47,0.006,,,Provisional/Provisoire,,
05EA010,2026-07-25T14:40:00Z,47,0.006,,,Provisional/Provisoire,,
05EA010,2026-07-25T14:45:00Z,47,0.006,,,Provisional/Provisoire,,
05EA010,2026-07-25T14:50:00Z,47,0.006,,,Provisional/Provisoire,,
05EA010,2026-07-25T14:55:00Z,47,0.006,,,Provisional/Provisoire,,
05EA010,2026-07-25T15:00:00Z,47,0.006,,,Provisional/Provisoire,,
05EA010,2026-07-25T15:05:00Z,47,0.006,,,Provisional/Provisoire,,
05EA010,2026-07-25T15:10:00Z,47,0.006,,,Provisional/Provisoire,,
05EA010,2026-07-25T15:15:00Z,47,0.006,,,Provisional/Provisoire,,
05EA010,2026-07-25T15:20:00Z,47,0.006,,,Provisional/Provisoire,,
05EA010,2026-07-25T15:25:00Z,47,0.006,,,Provisional/Provisoire,,
05EA010,2026-07-25T15:30:00Z,47,0.006,,,Provisional/Provisoire,,
05EA010,2026-07-25T15:35:00Z,47,0.006,,,Provisional/Provisoire,,
05EA010,2026-07-25T15:40:00Z,47,0.006,,,Provisional/Provisoire,,
05EA010,2026-07-25T15:45:00Z,47,0.006,,,Provisional/Provisoire,,
05EA010,2026-07-25T15:50:00Z,47,0.006,,,Provisional/Provisoire,,
05EA010,2026-07-25T15:55:00Z,47,0.006,,,Provisional/Provisoire,,
05EA010,2026-07-25T16:00:00Z,47,0.006,,,Provisional/Provisoire,,
05EA010,2026-07-25T16:05:00Z,47,0.006,,,Provisional/Provisoire,,
05EA010,2026-07-25T16:10:00Z,47,0.006,,,Provisional/Provisoire,,
05EA010,2026-07-25T16:15:00Z,47,0.006,,,Provisional/Provisoire,,
05EA010,2026-07-25T16:20:00Z,47,0.006,,,Provisional/Provisoire,,
05EA010,2026-07-25T16:25:00Z,47,0.006,,,Provisional/Provisoire,,
05EA010,2026-07-25T16:30:00Z,47,0.005,,,Provisional/Provisoire,,
05EA010,2026-07-25T16:35:00Z,47,0.005,,,Provisional/Provisoire,,
05EA010,2026-07-25T16:40:00Z,47,0.005,,,Provisional/Provisoire,,
05EA010,2026-07-25T16:45:00Z,47,0.005,,,Provisional/Provisoire,,
05EA010,2026-07-25T16:50:00Z,47,0.005,,,Provisional/Provisoire,,
05EA010,2026-07-25T16:55:00Z,47,0.005,,,Provisional/Provisoire,,
05EA010,2026-07-25T17:00:00Z,47,0.005,,,Provisional/Provisoire,,
05EA010,2026-07-25T17:05:00Z,47,0.005,,,Provisional/Provisoire,,
05EA010,2026-07-25T17:10:00Z,47,0.005,,,Provisional/Provisoire,,
05EA010,2026-07-25T17:15:00Z,47,0.005,,,Provisional/Provisoire,,
05EA010,2026-07-25T17:20:00Z,47,0.005,,,Provisional/Provisoire,,
05EA010,2026-07-25T17:25:00Z,47,0.005,,,Provisional/Provisoire,,
05EA010,2026-07-25T17:30:00Z,47,0.005,,,Provisional/Provisoire,,
05EA010,2026-07-25T17:35:00Z,47,0.005,,,Provisional/Provisoire,,
05EA010,2026-07-25T17:40:00Z,47,0.005,,,Provisional/Provisoire,,
05EA010,2026-07-25T17:45:00Z,47,0.005,,,Provisional/Provisoire,,
05EA010,2026-07-25T17:50:00Z,47,0.005,,,Provisional/Provisoire,,
05EA010,2026-07-25T17:55:00Z,47,0.005,,,Provisional/Provisoire,,
05EA010,2026-07-25T18:00:00Z,47,0.005,,,Provisional/Provisoire,,
05EA010,2026-07-25T18:05:00Z,47,0.005,,,Provisional/Provisoire,,
05EA010,2026-07-25T18:10:00Z,47,0.004,,,Provisional/Provisoire,,
05EA010,2026-07-25T18:15:00Z,47,0.005,,,Provisional/Provisoire,,
05EA010,2026-07-25T18:20:00Z,47,0.004,,,Provisional/Provisoire,,
05EA010,2026-07-25T18:25:00Z,47,0.004,,,Provisional/Provisoire,,
05EA010,2026-07-25T18:30:00Z,47,0.004,,,Provisional/Provisoire,,
05EA010,2026-07-25T18:35:00Z,47,0.004,,,Provisional/Provisoire,,
05EA010,2026-07-25T18:40:00Z,47,0.004,,,Provisional/Provisoire,,
05EA010,2026-07-25T18:45:00Z,47,0.004,,,Provisional/Provisoire,,
05EA010,2026-07-25T18:50:00Z,47,0.004,,,Provisional/Provisoire,,
05EA010,2026-07-25T18:55:00Z,47,0.004,,,Provisional/Provisoire,,
05EA010,2026-07-25T19:00:00Z,47,0.004,,,Provisional/Provisoire,,
05EA010,2026-07-25T19:05:00Z,47,0.004,,,Provisional/Provisoire,,
05EA010,2026-07-25T19:10:00Z,47,0.004,,,Provisional/Provisoire,,
05EA010,2026-07-25T19:15:00Z,47,0.004,,,Provisional/Provisoire,,
05EA010,2026-07-25T19:20:00Z,47,0.004,,,Provisional/Provisoire,,
05EA010,2026-07-25T19:25:00Z,47,0.004,,,Provisional/Provisoire,,
05EA010,2026-07-25T19:30:00Z,47,0.004,,,Provisional/Provisoire,,
05EA010,2026-07-25T19:35:00Z,47,0.004,,,Provisional/Provisoire,,
05EA010,2026-07-25T19:40:00Z,47,0.004,,,Provisional/Provisoire,,
05EA010,2026-07-25T19:45:00Z,47,0.004,,,Provisional/Provisoire,,
05EA010,2026-07-25T19:50:00Z,47,0.004,,,Provisional/Provisoire,,
05EA010,2026-07-25T19:55:00Z,47,0.004,,,Provisional/Provisoire,,
05EA010,2026-07-25T20:00:00Z,47,0.004,,,Provisional/Provisoire,,
05EA010,2026-07-25T20:05:00Z,47,0.004,,,Provisional/Provisoire,,
05EA010,2026-07-25T20:10:00Z,47,0.003,,,Provisional/Provisoire,,
05EA010,2026-07-25T20:15:00Z,47,0.004,,,Provisional/Provisoire,,
05EA010,2026-07-25T20:20:00Z,47,0.004,,,Provisional/Provisoire,,
05EA010,2026-07-25T20:25:00Z,47,0.004,,,Provisional/Provisoire,,
05EA010,2026-07-25T20:30:00Z,47,0.003,,,Provisional/Provisoire,,
05EA010,2026-07-25T20:35:00Z,47,0.003,,,Provisional/Provisoire,,
05EA010,2026-07-25T20:40:00Z,47,0.003,,,Provisional/Provisoire,,
05EA010,2026-07-25T20:45:00Z,47,0.003,,,Provisional/Provisoire,,
05EA010,2026-07-25T20:50:00Z,47,0.003,,,Provisional/Provisoire,,
05EA010,2026-07-25T20:55:00Z,47,0.003,,,Provisional/Provisoire,,
05EA010,2026-07-25T21:00:00Z,47,0.003,,,Provisional/Provisoire,,
05EA010,2026-07-25T21:05:00Z,47,0.003,,,Provisional/Provisoire,,
05EA010,2026-07-25T21:10:00Z,47,0.003,,,Provisional/Provisoire,,
05EA010,2026-07-25T21:15:00Z,47,0.003,,,Provisional/Provisoire,,
05EA010,2026-07-25T21:20:00Z,47,0.003,,,Provisional/Provisoire,,
05EA010,2026-07-25T21:25:00Z,47,0.003,,,Provisional/Provisoire,,
05EA010,2026-07-25T21:30:00Z,47,0.003,,,Provisional/Provisoire,,
05EA010,2026-07-25T21:35:00Z,47,0.003,,,Provisional/Provisoire,,
05EA010,2026-07-25T21:40:00Z,47,0.003,,,Provisional/Provisoire,,
05EA010,2026-07-25T21:45:00Z,47,0.003,,,Provisional/Provisoire,,
05EA010,2026-07-25T21:50:00Z,47,0.003,,,Provisional/Provisoire,,
05EA010,2026-07-25T21:55:00Z,47,0.003,,,Provisional/Provisoire,,
05EA010,2026-07-25T22:00:00Z,47,0.003,,,Provisional/Provisoire,,
05EA010,2026-07-25T22:05:00Z,47,0.003,,,Provisional/Provisoire,,
05EA010,2026-07-25T22:10:00Z,47,0.003,,,Provisional/Provisoire,,
05EA010,2026-07-25T22:15:00Z,47,0.003,,,Provisional/Provisoire,,
05EA010,2026-07-25T22:20:00Z,47,0.003,,,Provisional/Provisoire,,
05EA010,2026-07-25T22:25:00Z,47,0.002,,,Provisional/Provisoire,,
05EA010,2026-07-25T22:30:00Z,47,0.002,,,Provisional/Provisoire,,
05EA010,2026-07-25T22:35:00Z,47,0.002,,,Provisional/Provisoire,,
05EA010,2026-07-25T22:40:00Z,47,0.002,,,Provisional/Provisoire,,
05EA010,2026-07-25T22:45:00Z,47,0.002,,,Provisional/Provisoire,,
05EA010,2026-07-25T22:50:00Z,47,0.002,,,Provisional/Provisoire,,
05EA010,2026-07-25T22:55:00Z,47,0.002,,,Provisional/Provisoire,,
05EA010,2026-07-25T23:00:00Z,47,0.002,,,Provisional/Provisoire,,
05EA010,2026-07-25T23:05:00Z,47,0.002,,,Provisional/Provisoire,,
05EA010,2026-07-25T23:10:00Z,47,0.002,,,Provisional/Provisoire,,
05EA010,2026-07-25T23:15:00Z,47,0.002,,,Provisional/Provisoire,,
05EA010,2026-07-25T23:20:00Z,47,0.002,,,Provisional/Provisoire,,
05EA010,2026-07-25T23:25:00Z,47,0.002,,,Provisional/Provisoire,,
05EA010,2026-07-25T23:30:00Z,47,0.002,,,Provisional/Provisoire,,
05EA010,2026-07-25T23:35:00Z,47,0.002,,,Provisional/Provisoire,,
05EA010,2026-07-25T23:40:00Z,47,0.002,,,Provisional/Provisoire,,
05EA010,2026-07-25T23:45:00Z,47,0.002,,,Provisional/Provisoire,,
05EA010,2026-07-25T23:50:00Z,47,0.002,,,Provisional/Provisoire,,
05EA010,2026-07-25T23:55:00Z,47,0.002,,,Provisional/Provisoire,,
05EA010,2026-07-26T00:00:00Z,47,0.002,,,Provisional/Provisoire,,
05EA010,2026-07-26T00:05:00Z,47,0.002,,,Provisional/Provisoire,,
05EA010,2026-07-26T00:10:00Z,47,0.002,,,Provisional/Provisoire,,
05EA010,2026-07-26T00:15:00Z,47,0.002,,,Provisional/Provisoire,,
05EA010,2026-07-26T00:20:00Z,47,0.002,,,Provisional/Provisoire,,
05EA010,2026-07-26T00:25:00Z,47,0.002,,,Provisional/Provisoire,,
05EA010,2026-07-26T00:30:00Z,47,0.002,,,Provisional/Provisoire,,
05EA010,2026-07-26T00:35:00Z,47,0.002,,,Provisional/Provisoire,,
05EA010,2026-07-26T00:40:00Z,47,0.002,,,Provisional/Provisoire,,
05EA010,2026-07-26T00:45:00Z,47,0.002,,,Provisional/Provisoire,,
05EA010,2026-07-26T00:50:00Z,47,0.002,,,Provisional/Provisoire,,
05EA010,2026-07-26T00:55:00Z,47,0.002,,,Provisional/Provisoire,,
05EA010,2026-07-26T01:00:00Z,47,0.002,,,Provisional/Provisoire,,
05EA010,2026-07-26T01:05:00Z,47,0.002,,,Provisional/Provisoire,,
05EA010,2026-07-26T01:10:00Z,47,0.002,,,Provisional/Provisoire,,
05EA010,2026-07-26T01:15:00Z,47,0.002,,,Provisional/Provisoire,,
05EA010,2026-07-26T01:20:00Z,47,0.002,,,Provisional/Provisoire,,
05EA010,2026-07-26T01:25:00Z,47,0.002,,,Provisional/Provisoire,,
05EA010,2026-07-26T01:30:00Z,47,0.002,,,Provisional/Provisoire,,
05EA010,2026-07-26T01:35:00Z,47,0.002,,,Provisional/Provisoire,,
05EA010,2026-07-26T01:40:00Z,47,0.002,,,Provisional/Provisoire,,
05EA010,2026-07-26T01:45:00Z,47,0.002,,,Provisional/Provisoire,,
05EA010,2026-07-26T01:50:00Z,47,0.002,,,Provisional/Provisoire,,
05EA010,2026-07-26T01:55:00Z,47,0.002,,,Provisional/Provisoire,,
05EA010,2026-07-26T02:00:00Z,47,0.002,,,Provisional/Provisoire,,
05EA010,2026-07-26T02:05:00Z,47,0.006,,,Provisional/Provisoire,,
05EA010,2026-07-26T02:10:00Z,47,0.009,,,Provisional/Provisoire,,
05EA010,2026-07-26T02:15:00Z,47,0.010,,,Provisional/Provisoire,,
05EA010,2026-07-26T02:20:00Z,47,0.013,,,Provisional/Provisoire,,
05EA010,2026-07-26T02:25:00Z,47,0.016,,,Provisional/Provisoire,,
05EA010,2026-07-26T02:30:00Z,47,0.021,,,Provisional/Provisoire,,
05EA010,2026-07-26T02:35:00Z,47,0.029,,,Provisional/Provisoire,,
05EA010,2026-07-26T02:40:00Z,47,0.035,,,Provisional/Provisoire,,
05EA010,2026-07-26T02:45:00Z,47,0.037,,,Provisional/Provisoire,,
05EA010,2026-07-26T02:50:00Z,47,0.039,,,Provisional/Provisoire,,
05EA010,2026-07-26T02:55:00Z,47,0.039,,,Provisional/Provisoire,,
05EA010,2026-07-26T03:00:00Z,47,0.039,,,Provisional/Provisoire,,
05EA010,2026-07-26T03:05:00Z,47,0.038,,,Provisional/Provisoire,,
05EA010,2026-07-26T03:10:00Z,47,0.039,,,Provisional/Provisoire,,
05EA010,2026-07-26T03:15:00Z,47,0.042,,,Provisional/Provisoire,,
05EA010,2026-07-26T03:20:00Z,47,0.044,,,Provisional/Provisoire,,
05EA010,2026-07-26T03:25:00Z,47,0.047,,,Provisional/Provisoire,,
05EA010,2026-07-26T03:30:00Z,47,0.050,,,Provisional/Provisoire,,
05EA010,2026-07-26T03:35:00Z,47,0.053,,,Provisional/Provisoire,,
05EA010,2026-07-26T03:40:00Z,47,0.055,,,Provisional/Provisoire,,
05EA010,2026-07-26T03:45:00Z,47,0.057,,,Provisional/Provisoire,,
05EA010,2026-07-26T03:50:00Z,47,0.060,,,Provisional/Provisoire,,
05EA010,2026-07-26T03:55:00Z,47,0.062,,,Provisional/Provisoire,,
05EA010,2026-07-26T04:00:00Z,47,0.065,,,Provisional/Provisoire,,
05EA010,2026-07-26T04:05:00Z,47,0.068,,,Provisional/Provisoire,,
05EA010,2026-07-26T04:10:00Z,47,0.071,,,Provisional/Provisoire,,
05EA010,2026-07-26T04:15:00Z,47,0.077,,,Provisional/Provisoire,,
05EA010,2026-07-26T04:20:00Z,47,0.082,,,Provisional/Provisoire,,
05EA010,2026-07-26T04:25:00Z,47,0.087,,,Provisional/Provisoire,,
05EA010,2026-07-26T04:30:00Z,47,0.092,,,Provisional/Provisoire,,
05EA010,2026-07-26T04:35:00Z,47,0.099,,,Provisional/Provisoire,,
05EA010,2026-07-26T04:40:00Z,47,0.106,,,Provisional/Provisoire,,
05EA010,2026-07-26T04:45:00Z,47,0.112,,,Provisional/Provisoire,,
05EA010,2026-07-26T04:50:00Z,47,0.118,,,Provisional/Provisoire,,
05EA010,2026-07-26T04:55:00Z,47,0.128,,,Provisional/Provisoire,,
05EA010,2026-07-26T05:00:00Z,47,0.133,,,Provisional/Provisoire,,
05EA010,2026-07-26T05:05:00Z,47,0.142,,,Provisional/Provisoire,,
05EA010,2026-07-26T05:10:00Z,47,0.148,,,Provisional/Provisoire,,
05EA010,2026-07-26T05:15:00Z,47,0.156,,,Provisional/Provisoire,,
05EA010,2026-07-26T05:20:00Z,47,0.162,,,Provisional/Provisoire,,
05EA010,2026-07-26T05:25:00Z,47,0.168,,,Provisional/Provisoire,,
05EA010,2026-07-26T05:30:00Z,47,0.175,,,Provisional/Provisoire,,
05EA010,2026-07-26T05:35:00Z,47,0.181,,,Provisional/Provisoire,,
05EA010,2026-07-26T05:40:00Z,47,0.186,,,Provisional/Provisoire,,
05EA010,2026-07-26T05:45:00Z,47,0.190,,,Provisional/Provisoire,,
05EA010,2026-07-26T05:50:00Z,47,0.195,,,Provisional/Provisoire,,
05EA010,2026-07-26T05:55:00Z,47,0.202,,,Provisional/Provisoire,,
05EA010,2026-07-26T06:00:00Z,47,0.207,,,Provisional/Provisoire,,
05EA010,2026-07-26T06:05:00Z,47,0.211,,,Provisional/Provisoire,,
05EA010,2026-07-26T06:10:00Z,47,0.211,,,Provisional/Provisoire,,
05EA010,2026-07-26T06:15:00Z,47,0.216,,,Provisional/Provisoire,,
05EA010,2026-07-26T06:20:00Z,47,0.218,,,Provisional/Provisoire,,
05EA010,2026-07-26T06:25:00Z,47,0.220,,,Provisional/Provisoire,,
05EA010,2026-07-26T06:30:00Z,47,0.222,,,Provisional/Provisoire,,
05EA010,2026-07-26T06:35:00Z,47,0.223,,,Provisional/Provisoire,,
05EA010,2026-07-26T06:40:00Z,47,0.223,,,Provisional/Provisoire,,
05EA010,2026-07-26T06:45:00Z,47,0.225,,,Provisional/Provisoire,,
05EA010,2026-07-26T06:50:00Z,47,0.225,,,Provisional/Provisoire,,
05EA010,2026-07-26T06:55:00Z,47,0.225,,,Provisional/Provisoire,,
05EA010,2026-07-26T07:00:00Z,47,0.223,,,Provisional/Provisoire,,
05EA010,2026-07-26T07:05:00Z,47,0.223,,,Provisional/Provisoire,,
05EA010,2026-07-26T07:10:00Z,47,0.223,,,Provisional/Provisoire,,
05EA010,2026-07-26T07:15:00Z,47,0.220,,,Provisional/Provisoire,,
05EA010,2026-07-26T07:20:00Z,47,0.222,,,Provisional/Provisoire,,
05EA010,2026-07-26T07:25:00Z,47,0.222,,,Provisional/Provisoire,,
05EA010,2026-07-26T07:30:00Z,47,0.220,,,Provisional/Provisoire,,
05EA010,2026-07-26T07:35:00Z,47,0.218,,,Provisional/Provisoire,,
05EA010,2026-07-26T07:40:00Z,47,0.218,,,Provisional/Provisoire,,
05EA010,2026-07-26T07:45:00Z,47,0.216,,,Provisional/Provisoire,,
05EA010,2026-07-26T07:50:00Z,47,0.211,,,Provisional/Provisoire,,
05EA010,2026-07-26T07:55:00Z,47,0.211,,,Provisional/Provisoire,,
05EA010,2026-07-26T08:00:00Z,47,0.209,,,Provisional/Provisoire,,
05EA010,2026-07-26T08:05:00Z,47,0.207,,,Provisional/Provisoire,,
05EA010,2026-07-26T08:10:00Z,47,0.205,,,Provisional/Provisoire,,
05EA010,2026-07-26T08:15:00Z,47,0.203,,,Provisional/Provisoire,,
05EA010,2026-07-26T08:20:00Z,47,0.200,,,Provisional/Provisoire,,
05EA010,2026-07-26T08:25:00Z,47,0.200,,,Provisional/Provisoire,,
05EA010,2026-07-26T08:30:00Z,47,0.195,,,Provisional/Provisoire,,
05EA010,2026-07-26T08:35:00Z,47,0.195,,,Provisional/Provisoire,,
05EA010,2026-07-26T08:40:00Z,47,0.193,,,Provisional/Provisoire,,
05EA010,2026-07-26T08:45:00Z,47,0.190,,,Provisional/Provisoire,,
05EA010,2026-07-26T08:50:00Z,47,0.190,,,Provisional/Provisoire,,
05EA010,2026-07-26T08:55:00Z,47,0.184,,,Provisional/Provisoire,,
05EA010,2026-07-26T09:00:00Z,47,0.181,,,Provisional/Provisoire,,
05EA010,2026-07-26T09:05:00Z,47,0.179,,,Provisional/Provisoire,,
05EA010,2026-07-26T09:10:00Z,47,0.176,,,Provisional/Provisoire,,
05EA010,2026-07-26T09:15:00Z,47,0.173,,,Provisional/Provisoire,,
05EA010,2026-07-26T09:20:00Z,47,0.171,,,Provisional/Provisoire,,
05EA010,2026-07-26T09:25:00Z,47,0.166,,,Provisional/Provisoire,,
05EA010,2026-07-26T09:30:00Z,47,0.165,,,Provisional/Provisoire,,
05EA010,2026-07-26T09:35:00Z,47,0.163,,,Provisional/Provisoire,,
05EA010,2026-07-26T09:40:00Z,47,0.159,,,Provisional/Provisoire,,
05EA010,2026-07-26T09:45:00Z,47,0.157,,,Provisional/Provisoire,,
05EA010,2026-07-26T09:50:00Z,47,0.154,,,Provisional/Provisoire,,
05EA010,2026-07-26T09:55:00Z,47,0.151,,,Provisional/Provisoire,,
05EA010,2026-07-26T10:00:00Z,47,0.149,,,Provisional/Provisoire,,
05EA010,2026-07-26T10:05:00Z,47,0.148,,,Provisional/Provisoire,,
05EA010,2026-07-26T10:10:00Z,47,0.146,,,Provisional/Provisoire,,
05EA010,2026-07-26T10:15:00Z,47,0.144,,,Provisional/Provisoire,,
05EA010,2026-07-26T10:20:00Z,47,0.142,,,Provisional/Provisoire,,
05EA010,2026-07-26T10:25:00Z,47,0.142,,,Provisional/Provisoire,,
05EA010,2026-07-26T10:30:00Z,47,0.139,,,Provisional/Provisoire,,
05EA010,2026-07-26T10:35:00Z,47,0.138,,,Provisional/Provisoire,,
05EA010,2026-07-26T10:40:00Z,47,0.136,,,Provisional/Provisoire,,
05EA010,2026-07-26T10:45:00Z,47,0.135,,,Provisional/Provisoire,,
05EA010,2026-07-26T10:50:00Z,47,0.132,,,Provisional/Provisoire,,
05EA010,2026-07-26T10:55:00Z,47,0.131,,,Provisional/Provisoire,,
05EA010,2026-07-26T11:00:00Z,47,0.131,,,Provisional/Provisoire,,
05EA010,2026-07-26T11:05:00Z,47,0.128,,,Provisional/Provisoire,,
05EA010,2026-07-26T11:10:00Z,47,0.126,,,Provisional/Provisoire,,
05EA010,2026-07-26T11:15:00Z,47,0.125,,,Provisional/Provisoire,,
05EA010,2026-07-26T11:20:00Z,47,0.125,,,Provisional/Provisoire,,
05EA010,2026-07-26T11:25:00Z,47,0.122,,,Provisional/Provisoire,,
05EA010,2026-07-26T11:30:00Z,47,0.122,,,Provisional/Provisoire,,
05EA010,2026-07-26T11:35:00Z,47,0.121,,,Provisional/Provisoire,,
05EA010,2026-07-26T11:40:00Z,47,0.120,,,Provisional/Provisoire,,
05EA010,2026-07-26T11:45:00Z,47,0.120,,,Provisional/Provisoire,,
05EA010,2026-07-26T11:50:00Z,47,0.118,,,Provisional/Provisoire,,
05EA010,2026-07-26T11:55:00Z,47,0.116,,,Provisional/Provisoire,,
05EA010,2026-07-26T12:00:00Z,47,0.114,,,Provisional/Provisoire,,
05EA010,2026-07-26T12:05:00Z,47,0.116,,,Provisional/Provisoire,,
05EA010,2026-07-26T12:10:00Z,47,0.113,,,Provisional/Provisoire,,
05EA010,2026-07-26T12:15:00Z,47,0.113,,,Provisional/Provisoire,,
05EA010,2026-07-26T12:20:00Z,47,0.112,,,Provisional/Provisoire,,
05EA010,2026-07-26T12:25:00Z,47,0.112,,,Provisional/Provisoire,,
05EA010,2026-07-26T12:30:00Z,47,0.111,,,Provisional/Provisoire,,
05EA010,2026-07-26T12:35:00Z,47,0.109,,,Provisional/Provisoire,,
05EA010,2026-07-26T12:40:00Z,47,0.109,,,Provisional/Provisoire,,
05EA010,2026-07-26T12:45:00Z,47,0.108,,,Provisional/Provisoire,,
05EA010,2026-07-26T12:50:00Z,47,0.108,,,Provisional/Provisoire,,
05EA010,2026-07-26T12:55:00Z,47,0.108,,,Provisional/Provisoire,,
05EA010,2026-07-26T13:00:00Z,47,0.107,,,Provisional/Provisoire,,
05EA010,2026-07-26T13:05:00Z,47,0.107,,,Provisional/Provisoire,,
05EA010,2026-07-26T13:10:00Z,47,0.106,,,Provisional/Provisoire,,
05EA010,2026-07-26T13:15:00Z,47,0.103,,,Provisional/Provisoire,,
05EA010,2026-07-26T13:20:00Z,47,0.104,,,Provisional/Provisoire,,
05EA010,2026-07-26T13:25:00Z,47,0.103,,,Provisional/Provisoire,,
05EA010,2026-07-26T13:30:00Z,47,0.103,,,Provisional/Provisoire,,
05EA010,2026-07-26T13:35:00Z,47,0.102,,,Provisional/Provisoire,,
05EA010,2026-07-26T13:40:00Z,47,0.103,,,Provisional/Provisoire,,
05EA010,2026-07-26T13:45:00Z,47,0.101,,,Provisional/Provisoire,,
05EA010,2026-07-26T13:50:00Z,47,0.099,,,Provisional/Provisoire,,
05EA010,2026-07-26T13:55:00Z,47,0.099,,,Provisional/Provisoire,,
05EA010,2026-07-26T14:00:00Z,47,0.098,,,Provisional/Provisoire,,
05EA010,2026-07-26T14:05:00Z,47,0.098,,,Provisional/Provisoire,,
05EA010,2026-07-26T14:10:00Z,47,0.098,,,Provisional/Provisoire,,
05EA010,2026-07-26T14:15:00Z,47,0.097,,,Provisional/Provisoire,,
05EA010,2026-07-26T14:20:00Z,47,0.096,,,Provisional/Provisoire,,
05EA010,2026-07-26T14:25:00Z,47,0.096,,,Provisional/Provisoire,,
05EA010,2026-07-26T14:30:00Z,47,0.095,,,Provisional/Provisoire,,
05EA010,2026-07-26T14:35:00Z,47,0.096,,,Provisional/Provisoire,,
05EA010,2026-07-26T14:40:00Z,47,0.095,,,Provisional/Provisoire,,
05EA010,2026-07-26T14:45:00Z,47,0.096,,,Provisional/Provisoire,,
05EA010,2026-07-26T14:50:00Z,47,0.096,,,Provisional/Provisoire,,
05EA010,2026-07-26T14:55:00Z,47,0.094,,,Provisional/Provisoire,,
05EA010,2026-07-26T15:00:00Z,47,0.094,,,Provisional/Provisoire,,
05EA010,2026-07-26T15:05:00Z,47,0.094,,,Provisional/Provisoire,,
05EA010,2026-07-26T15:10:00Z,47,0.094,,,Provisional/Provisoire,,
05EA010,2026-07-26T15:15:00Z,47,0.094,,,Provisional/Provisoire,,
05EA010,2026-07-26T15:20:00Z,47,0.094,,,Provisional/Provisoire,,
05EA010,2026-07-26T15:25:00Z,47,0.094,,,Provisional/Provisoire,,
05EA010,2026-07-26T15:30:00Z,47,0.094,,,Provisional/Provisoire,,
05EA010,2026-07-26T15:35:00Z,47,0.094,,,Provisional/Provisoire,,
05EA010,2026-07-26T15:40:00Z,47,0.092,,,Provisional/Provisoire,,
05EA010,2026-07-26T15:45:00Z,47,0.094,,,Provisional/Provisoire,,
05EA010,2026-07-26T15:50:00Z,47,0.094,,,Provisional/Provisoire,,
05EA010,2026-07-26T15:55:00Z,47,0.094,,,Provisional/Provisoire,,
05EA010,2026-07-26T16:00:00Z,47,0.094,,,Provisional/Provisoire,,
05EA010,2026-07-26T16:05:00Z,47,0.094,,,Provisional/Provisoire,,
05EA010,2026-07-26T16:10:00Z,47,0.094,,,Provisional/Provisoire,,
05EA010,2026-07-26T16:15:00Z,47,0.094,,,Provisional/Provisoire,,
05EA010,2026-07-26T16:20:00Z,47,0.094,,,Provisional/Provisoire,,
05EA010,2026-07-26T16:25:00Z,47,0.094,,,Provisional/Provisoire,,
05EA010,2026-07-26T16:30:00Z,47,0.095,,,Provisional/Provisoire,,
05EA010,2026-07-26T16:35:00Z,47,0.094,,,Provisional/Provisoire,,
05EA010,2026-07-26T16:40:00Z,47,0.094,,,Provisional/Provisoire,,
05EA010,2026-07-26T16:45:00Z,47,0.094,,,Provisional/Provisoire,,
05EA010,2026-07-26T16:50:00Z,47,0.094,,,Provisional/Provisoire,,
05EA010,2026-07-26T16:55:00Z,47,0.095,,,Provisional/Provisoire,,
05EA010,2026-07-26T17:00:00Z,47,0.095,,,Provisional/Provisoire,,
05EA010,2026-07-26T17:05:00Z,47,0.095,,,Provisional/Provisoire,,
05EA010,2026-07-26T17:10:00Z,47,0.096,,,Provisional/Provisoire,,
05EA010,2026-07-26T17:15:00Z,47,0.095,,,Provisional/Provisoire,,
05EA010,2026-07-26T17:20:00Z,47,0.095,,,Provisional/Provisoire,,
05EA010,2026-07-26T17:25:00Z,47,0.095,,,Provisional/Provisoire,,
05EA010,2026-07-26T17:30:00Z,47,0.096,,,Provisional/Provisoire,,
05EA010,2026-07-26T17:35:00Z,47,0.096,,,Provisional/Provisoire,,
05EA010,2026-07-26T17:40:00Z,47,0.096,,,Provisional/Provisoire,,
05EA010,2026-07-26T17:45:00Z,47,0.096,,,Provisional/Provisoire,,
05EA010,2026-07-26T17:50:00Z,47,0.096,,,Provisional/Provisoire,,
05EA010,2026-07-26T17:55:00Z,47,0.096,,,Provisional/Provisoire,,
05EA010,2026-07-26T18:00:00Z,47,0.095,,,Provisional/Provisoire,,
05EA010,2026-07-26T18:05:00Z,47,0.096,,,Provisional/Provisoire,,
05EA010,2026-07-26T18:10:00Z,47,0.095,,,Provisional/Provisoire,,
05EA010,2026-07-26T18:15:00Z,47,0.096,,,Provisional/Provisoire,,
05EA010,2026-07-26T18:20:00Z,47,0.095,,,Provisional/Provisoire,,
05EA010,2026-07-26T18:25:00Z,47,0.096,,,Provisional/Provisoire,,
05EA010,2026-07-26T18:30:00Z,47,0.096,,,Provisional/Provisoire,,
05EA010,2026-07-26T18:35:00Z,47,0.097,,,Provisional/Provisoire,,
05EA010,2026-07-26T18:40:00Z,47,0.096,,,Provisional/Provisoire,,
05EA010,2026-07-26T18:45:00Z,47,0.096,,,Provisional/Provisoire,,
05EA010,2026-07-26T18:50:00Z,47,0.096,,,Provisional/Provisoire,,
05EA010,2026-07-26T18:55:00Z,47,0.096,,,Provisional/Provisoire,,
05EA010,2026-07-26T19:00:00Z,47,0.096,,,Provisional/Provisoire,,
05EA010,2026-07-26T19:05:00Z,47,0.096,,,Provisional/Provisoire,,
05EA010,2026-07-26T19:10:00Z,47,0.096,,,Provisional/Provisoire,,
05EA010,2026-07-26T19:15:00Z,47,0.095,,,Provisional/Provisoire,,
05EA010,2026-07-26T19:20:00Z,47,0.097,,,Provisional/Provisoire,,
05EA010,2026-07-26T19:25:00Z,47,0.096,,,Provisional/Provisoire,,
05EA010,2026-07-26T19:30:00Z,47,0.096,,,Provisional/Provisoire,,
05EA010,2026-07-26T19:35:00Z,47,0.096,,,Provisional/Provisoire,,
05EA010,2026-07-26T19:40:00Z,47,0.096,,,Provisional/Provisoire,,
05EA010,2026-07-26T19:45:00Z,47,0.096,,,Provisional/Provisoire,,
05EA010,2026-07-26T19:50:00Z,47,0.095,,,Provisional/Provisoire,,
05EA010,2026-07-26T19:55:00Z,47,0.096,,,Provisional/Provisoire,,
05EA010,2026-07-26T20:00:00Z,47,0.095,,,Provisional/Provisoire,,
05EA010,2026-07-26T20:05:00Z,47,0.095,,,Provisional/Provisoire,,
05EA010,2026-07-26T20:10:00Z,47,0.095,,,Provisional/Provisoire,,
05EA010,2026-07-26T20:15:00Z,47,0.095,,,Provisional/Provisoire,,
05EA010,2026-07-26T20:20:00Z,47,0.095,,,Provisional/Provisoire,,
05EA010,2026-07-26T20:25:00Z,47,0.095,,,Provisional/Provisoire,,
05EA010,2026-07-26T20:30:00Z,47,0.095,,,Provisional/Provisoire,,
05EA010,2026-07-26T20:35:00Z,47,0.094,,,Provisional/Provisoire,,
05EA010,2026-07-26T20:40:00Z,47,0.094,,,Provisional/Provisoire,,
05EA010,2026-07-26T20:45:00Z,47,0.094,,,Provisional/Provisoire,,
05EA010,2026-07-26T20:50:00Z,47,0.092,,,Provisional/Provisoire,,
05EA010,2026-07-26T20:55:00Z,47,0.094,,,Provisional/Provisoire,,
05EA010,2026-07-26T21:00:00Z,47,0.094,,,Provisional/Provisoire,,
05EA010,2026-07-26T21:05:00Z,47,0.094,,,Provisional/Provisoire,,
05EA010,2026-07-26T21:10:00Z,47,0.094,,,Provisional/Provisoire,,
05EA010,2026-07-26T21:15:00Z,47,0.092,,,Provisional/Provisoire,,
05EA010,2026-07-26T21:20:00Z,47,0.092,,,Provisional/Provisoire,,
05EA010,2026-07-26T21:25:00Z,47,0.091,,,Provisional/Provisoire,,
05EA010,2026-07-26T21:30:00Z,47,0.091,,,Provisional/Provisoire,,
05EA010,2026-07-26T21:35:00Z,47,0.091,,,Provisional/Provisoire,,
05EA010,2026-07-26T21:40:00Z,47,0.091,,,Provisional/Provisoire,,
05EA010,2026-07-26T21:45:00Z,47,0.091,,,Provisional/Provisoire,,
05EA010,2026-07-26T21:50:00Z,47,0.090,,,Provisional/Provisoire,,
05EA010,2026-07-26T21:55:00Z,47,0.090,,,Provisional/Provisoire,,
05EA010,2026-07-26T22:00:00Z,47,0.090,,,Provisional/Provisoire,,
05EA010,2026-07-26T22:05:00Z,47,0.090,,,Provisional/Provisoire,,
05EA010,2026-07-26T22:10:00Z,47,0.090,,,Provisional/Provisoire,,
05EA010,2026-07-26T22:15:00Z,47,0.089,,,Provisional/Provisoire,,
05EA010,2026-07-26T22:20:00Z,47,0.089,,,Provisional/Provisoire,,
05EA010,2026-07-26T22:25:00Z,47,0.089,,,Provisional/Provisoire,,
05EA010,2026-07-26T22:30:00Z,47,0.088,,,Provisional/Provisoire,,
05EA010,2026-07-26T22:35:00Z,47,0.089,,,Provisional/Provisoire,,
05EA010,2026-07-26T22:40:00Z,47,0.088,,,Provisional/Provisoire,,
05EA010,2026-07-26T22:45:00Z,47,0.088,,,Provisional/Provisoire,,
05EA010,2026-07-26T22:50:00Z,47,0.087,,,Provisional/Provisoire,,
05EA010,2026-07-26T22:55:00Z,47,0.087,,,Provisional/Provisoire,,
05EA010,2026-07-26T23:00:00Z,47,0.087,,,Provisional/Provisoire,,
05EA010,2026-07-26T23:05:00Z,47,0.087,,,Provisional/Provisoire,,
05EA010,2026-07-26T23:10:00Z,47,0.087,,,Provisional/Provisoire,,
05EA010,2026-07-26T23:15:00Z,47,0.086,,,Provisional/Provisoire,,
05EA010,2026-07-26T23:20:00Z,47,0.086,,,Provisional/Provisoire,,
05EA010,2026-07-26T23:25:00Z,47,0.084,,,Provisional/Provisoire,,
05EA010,2026-07-26T23:30:00Z,47,0.084,,,Provisional/Provisoire,,
05EA010,2026-07-26T23:35:00Z,47,0.084,,,Provisional/Provisoire,,
05EA010,2026-07-26T23:40:00Z,47,0.084,,,Provisional/Provisoire,,
05EA010,2026-07-26T23:45:00Z,47,0.083,,,Provisional/Provisoire,,
05EA010,2026-07-26T23:50:00Z,47,0.083,,,Provisional/Provisoire,,
05EA010,2026-07-26T23:55:00Z,47,0.083,,,Provisional/Provisoire,,
05EA010,2026-07-27T00:00:00Z,47,0.082,,,Provisional/Provisoire,,
05EA010,2026-07-27T00:05:00Z,47,0.082,,,Provisional/Provisoire,,
05EA010,2026-07-27T00:10:00Z,47,0.081,,,Provisional/Provisoire,,
05EA010,2026-07-27T00:15:00Z,47,0.080,,,Provisional/Provisoire,,
05EA010,2026-07-27T00:20:00Z,47,0.081,,,Provisional/Provisoire,,
05EA010,2026-07-27T00:25:00Z,47,0.081,,,Provisional/Provisoire,,
05EA010,2026-07-27T00:30:00Z,47,0.081,,,Provisional/Provisoire,,
05EA010,2026-07-27T00:35:00Z,47,0.081,,,Provisional/Provisoire,,
05EA010,2026-07-27T00:40:00Z,47,0.080,,,Provisional/Provisoire,,
05EA010,2026-07-27T00:45:00Z,47,0.079,,,Provisional/Provisoire,,
05EA010,2026-07-27T00:50:00Z,47,0.079,,,Provisional/Provisoire,,
05EA010,2026-07-27T00:55:00Z,47,0.079,,,Provisional/Provisoire,,
05EA010,2026-07-27T01:00:00Z,47,0.079,,,Provisional/Provisoire,,
05EA010,2026-07-27T01:05:00Z,47,0.078,,,Provisional/Provisoire,,
05EA010,2026-07-27T01:10:00Z,47,0.077,,,Provisional/Provisoire,,
05EA010,2026-07-27T01:15:00Z,47,0.077,,,Provisional/Provisoire,,
05EA010,2026-07-27T01:20:00Z,47,0.077,,,Provisional/Provisoire,,
05EA010,2026-07-27T01:25:00Z,47,0.076,,,Provisional/Provisoire,,
05EA010,2026-07-27T01:30:00Z,47,0.076,,,Provisional/Provisoire,,
05EA010,2026-07-27T01:35:00Z,47,0.075,,,Provisional/Provisoire,,
05EA010,2026-07-27T01:40:00Z,47,0.075,,,Provisional/Provisoire,,
05EA010,2026-07-27T01:45:00Z,47,0.075,,,Provisional/Provisoire,,
05EA010,2026-07-27T01:50:00Z,47,0.074,,,Provisional/Provisoire,,
05EA010,2026-07-27T01:55:00Z,47,0.074,,,Provisional/Provisoire,,
05EA010,2026-07-27T02:00:00Z,47,0.074,,,Provisional/Provisoire,,
05EA010,2026-07-27T02:05:00Z,47,0.074,,,Provisional/Provisoire,,
05EA010,2026-07-27T02:10:00Z,47,0.073,,,Provisional/Provisoire,,
05EA010,2026-07-27T02:15:00Z,47,0.072,,,Provisional/Provisoire,,
05EA010,2026-07-27T02:20:00Z,47,0.073,,,Provisional/Provisoire,,
05EA010,2026-07-27T02:25:00Z,47,0.072,,,Provisional/Provisoire,,
05EA010,2026-07-27T02:30:00Z,47,0.071,,,Provisional/Provisoire,,
05EA010,2026-07-27T02:35:00Z,47,0.071,,,Provisional/Provisoire,,
05EA010,2026-07-27T02:40:00Z,47,0.071,,,Provisional/Provisoire,,
05EA010,2026-07-27T02:45:00Z,47,0.071,,,Provisional/Provisoire,,
05EA010,2026-07-27T02:50:00Z,47,0.071,,,Provisional/Provisoire,,
05EA010,2026-07-27T02:55:00Z,47,0.070,,,Provisional/Provisoire,,
05EA010,2026-07-27T03:00:00Z,47,0.070,,,Provisional/Provisoire,,
05EA010,2026-07-27T03:05:00Z,47,0.070,,,Provisional/Provisoire,,
05EA010,2026-07-27T03:10:00Z,47,0.068,,,Provisional/Provisoire,,
05EA010,2026-07-27T03:15:00Z,47,0.068,,,Provisional/Provisoire,,
05EA010,2026-07-27T03:20:00Z,47,0.068,,,Provisional/Provisoire,,
05EA010,2026-07-27T03:25:00Z,47,0.068,,,Provisional/Provisoire,,
05EA010,2026-07-27T03:30:00Z,47,0.069,,,Provisional/Provisoire,,
05EA010,2026-07-27T03:35:00Z,47,0.069,,,Provisional/Provisoire,,
05EA010,2026-07-27T03:40:00Z,47,0.068,,,Provisional/Provisoire,,
05EA010,2026-07-27T03:45:00Z,47,0.069,,,Provisional/Provisoire,,
05EA010,2026-07-27T03:50:00Z,47,0.069,,,Provisional/Provisoire,,
05EA010,2026-07-27T03:55:00Z,47,0.069,,,Provisional/Provisoire,,
05EA010,2026-07-27T04:00:00Z,47,0.069,,,Provisional/Provisoire,,
05EA010,2026-07-27T04:05:00Z,47,0.069,,,Provisional/Provisoire,,
05EA010,2026-07-27T04:10:00Z,47,0.069,,,Provisional/Provisoire,,
05EA010,2026-07-27T04:15:00Z,47,0.069,,,Provisional/Provisoire,,
05EA010,2026-07-27T04:20:00Z,47,0.069,,,Provisional/Provisoire,,
05EA010,2026-07-27T04:25:00Z,47,0.070,,,Provisional/Provisoire,,
05EA010,2026-07-27T04:30:00Z,47,0.070,,,Provisional/Provisoire,,
05EA010,2026-07-27T04:35:00Z,47,0.070,,,Provisional/Provisoire,,
05EA010,2026-07-27T04:40:00Z,47,0.070,,,Provisional/Provisoire,,
05EA010,2026-07-27T04:45:00Z,47,0.070,,,Provisional/Provisoire,,
05EA010,2026-07-27T04:50:00Z,47,0.070,,,Provisional/Provisoire,,
05EA010,2026-07-27T04:55:00Z,47,0.071,,,Provisional/Provisoire,,
05EA010,2026-07-27T05:00:00Z,47,0.071,,,Provisional/Provisoire,,
05EA010,2026-07-27T05:05:00Z,47,0.071,,,Provisional/Provisoire,,
05EA010,2026-07-27T05:10:00Z,47,0.071,,,Provisional/Provisoire,,
05EA010,2026-07-27T05:15:00Z,47,0.071,,,Provisional/Provisoire,,
05EA010,2026-07-27T05:20:00Z,47,0.071,,,Provisional/Provisoire,,
05EA010,2026-07-27T05:25:00Z,47,0.070,,,Provisional/Provisoire,,
05EA010,2026-07-27T05:30:00Z,47,0.071,,,Provisional/Provisoire,,
05EA010,2026-07-27T05:35:00Z,47,0.071,,,Provisional/Provisoire,,
05EA010,2026-07-27T05:40:00Z,47,0.071,,,Provisional/Provisoire,,
05EA010,2026-07-27T05:45:00Z,47,0.071,,,Provisional/Provisoire,,
05EA010,2026-07-27T05:50:00Z,47,0.071,,,Provisional/Provisoire,,
05EA010,2026-07-27T05:55:00Z,47,0.071,,,Provisional/Provisoire,,
05EA010,2026-07-27T06:00:00Z,47,0.071,,,Provisional/Provisoire,,
05EA010,2026-07-27T06:05:00Z,47,0.071,,,Provisional/Provisoire,,
05EA010,2026-07-27T06:10:00Z,47,0.072,,,Provisional/Provisoire,,
05EA010,2026-07-27T06:15:00Z,47,0.073,,,Provisional/Provisoire,,
05EA010,2026-07-27T06:20:00Z,47,0.072,,,Provisional/Provisoire,,
05EA010,2026-07-27T06:25:00Z,47,0.073,,,Provisional/Provisoire,,
05EA010,2026-07-27T06:30:00Z,47,0.074,,,Provisional/Provisoire,,
05EA010,2026-07-27T06:35:00Z,47,0.076,,,Provisional/Provisoire,,
05EA010,2026-07-27T06:40:00Z,47,0.076,,,Provisional/Provisoire,,
05EA010,2026-07-27T06:45:00Z,47,0.077,,,Provisional/Provisoire,,
05EA010,2026-07-27T06:50:00Z,47,0.078,,,Provisional/Provisoire,,
05EA010,2026-07-27T06:55:00Z,47,0.078,,,Provisional/Provisoire,,
05EA010,2026-07-27T07:00:00Z,47,0.079,,,Provisional/Provisoire,,
05EA010,2026-07-27T07:05:00Z,47,0.080,,,Provisional/Provisoire,,
05EA010,2026-07-27T07:10:00Z,47,0.081,,,Provisional/Provisoire,,
05EA010,2026-07-27T07:15:00Z,47,0.082,,,Provisional/Provisoire,,
05EA010,2026-07-27T07:20:00Z,47,0.084,,,Provisional/Provisoire,,
05EA010,2026-07-27T07:25:00Z,47,0.084,,,Provisional/Provisoire,,
05EA010,2026-07-27T07:30:00Z,47,0.087,,,Provisional/Provisoire,,
05EA010,2026-07-27T07:35:00Z,47,0.088,,,Provisional/Provisoire,,
05EA010,2026-07-27T07:40:00Z,47,0.090,,,Provisional/Provisoire,,
05EA010,2026-07-27T07:45:00Z,47,0.091,,,Provisional/Provisoire,,
05EA010,2026-07-27T07:50:00Z,47,0.094,,,Provisional/Provisoire,,
05EA010,2026-07-27T07:55:00Z,47,0.095,,,Provisional/Provisoire,,
05EA010,2026-07-27T08:00:00Z,47,0.096,,,Provisional/Provisoire,,
05EA010,2026-07-27T08:05:00Z,47,0.097,,,Provisional/Provisoire,,
05EA010,2026-07-27T08:10:00Z,47,0.098,,,Provisional/Provisoire,,
05EA010,2026-07-27T08:15:00Z,47,0.099,,,Provisional/Provisoire,,
05EA010,2026-07-27T08:20:00Z,47,0.101,,,Provisional/Provisoire,,
05EA010,2026-07-27T08:25:00Z,47,0.103,,,Provisional/Provisoire,,
05EA010,2026-07-27T08:30:00Z,47,0.103,,,Provisional/Provisoire,,
05EA010,2026-07-27T08:35:00Z,47,0.104,,,Provisional/Provisoire,,
05EA010,2026-07-27T08:40:00Z,47,0.106,,,Provisional/Provisoire,,
05EA010,2026-07-27T08:45:00Z,47,0.106,,,Provisional/Provisoire,,
05EA010,2026-07-27T08:50:00Z,47,0.108,,,Provisional/Provisoire,,
05EA010,2026-07-27T08:55:00Z,47,0.108,,,Provisional/Provisoire,,
05EA010,2026-07-27T09:00:00Z,47,0.109,,,Provisional/Provisoire,,
05EA010,2026-07-27T09:05:00Z,47,0.109,,,Provisional/Provisoire,,
05EA010,2026-07-27T09:10:00Z,47,0.111,,,Provisional/Provisoire,,
05EA010,2026-07-27T09:15:00Z,47,0.112,,,Provisional/Provisoire,,
05EA010,2026-07-27T09:20:00Z,47,0.113,,,Provisional/Provisoire,,
05EA010,2026-07-27T09:25:00Z,47,0.113,,,Provisional/Provisoire,,
05EA010,2026-07-27T09:30:00Z,47,0.113,,,Provisional/Provisoire,,
05EA010,2026-07-27T09:35:00Z,47,0.113,,,Provisional/Provisoire,,
05EA010,2026-07-27T09:40:00Z,47,0.114,,,Provisional/Provisoire,,
05EA010,2026-07-27T09:45:00Z,47,0.113,,,Provisional/Provisoire,,
05EA010,2026-07-27T09:50:00Z,47,0.113,,,Provisional/Provisoire,,
05EA010,2026-07-27T09:55:00Z,47,0.113,,,Provisional/Provisoire,,
05EA010,2026-07-27T10:00:00Z,47,0.114,,,Provisional/Provisoire,,
05EA010,2026-07-27T10:05:00Z,47,0.116,,,Provisional/Provisoire,,
05EA010,2026-07-27T10:10:00Z,47,0.116,,,Provisional/Provisoire,,
05EA010,2026-07-27T10:15:00Z,47,0.116,,,Provisional/Provisoire,,
05EA010,2026-07-27T10:20:00Z,47,0.116,,,Provisional/Provisoire,,
05EA010,2026-07-27T10:25:00Z,47,0.117,,,Provisional/Provisoire,,
05EA010,2026-07-27T10:30:00Z,47,0.117,,,Provisional/Provisoire,,
05EA010,2026-07-27T10:35:00Z,47,0.116,,,Provisional/Provisoire,,
05EA010,2026-07-27T10:40:00Z,47,0.117,,,Provisional/Provisoire,,
05EA010,2026-07-27T10:45:00Z,47,0.117,,,Provisional/Provisoire,,
05EA010,2026-07-27T10:50:00Z,47,0.117,,,Provisional/Provisoire,,
05EA010,2026-07-27T10:55:00Z,47,0.117,,,Provisional/Provisoire,,
05EA010,2026-07-27T11:00:00Z,47,0.116,,,Provisional/Provisoire,,
05EA010,2026-07-27T11:05:00Z,47,0.116,,,Provisional/Provisoire,,
05EA010,2026-07-27T11:10:00Z,47,0.116,,,Provisional/Provisoire,,
05EA010,2026-07-27T11:15:00Z,47,0.117,,,Provisional/Provisoire,,
05EA010,2026-07-27T11:20:00Z,47,0.116,,,Provisional/Provisoire,,
05EA010,2026-07-27T11:25:00Z,47,0.116,,,Provisional/Provisoire,,
05EA010,2026-07-27T11:30:00Z,47,0.114,,,Provisional/Provisoire,,
05EA010,2026-07-27T11:35:00Z,47,0.114,,,Provisional/Provisoire,,
05EA010,2026-07-27T11:40:00Z,47,0.114,,,Provisional/Provisoire,,
05EA010,2026-07-27T11:45:00Z,47,0.114,,,Provisional/Provisoire,,
05EA010,2026-07-27T11:50:00Z,47,0.114,,,Provisional/Provisoire,,
05EA010,2026-07-27T11:55:00Z,47,0.113,,,Provisional/Provisoire,,
05EA010,2026-07-27T12:00:00Z,47,0.113,,,Provisional/Provisoire,,
05EA010,2026-07-27T12:05:00Z,47,0.113,,,Provisional/Provisoire,,
05EA010,2026-07-27T12:10:00Z,47,0.112,,,Provisional/Provisoire,,
05EA010,2026-07-27T12:15:00Z,47,0.112,,,Provisional/Provisoire,,
05EA010,2026-07-27T12:20:00Z,47,0.112,,,Provisional/Provisoire,,
05EA010,2026-07-27T12:25:00Z,47,0.112,,,Provisional/Provisoire,,
05EA010,2026-07-27T12:30:00Z,47,0.112,,,Provisional/Provisoire,,
05EA010,2026-07-27T12:35:00Z,47,0.111,,,Provisional/Provisoire,,
05EA010,2026-07-27T12:40:00Z,47,0.111,,,Provisional/Provisoire,,
05EA010,2026-07-27T12:45:00Z,47,0.109,,,Provisional/Provisoire,,
05EA010,2026-07-27T12:50:00Z,47,0.111,,,Provisional/Provisoire,,
05EA010,2026-07-27T12:55:00Z,47,0.109,,,Provisional/Provisoire,,
05EA010,2026-07-27T13:00:00Z,47,0.109,,,Provisional/Provisoire,,
05EA010,2026-07-27T13:05:00Z,47,0.109,,,Provisional/Provisoire,,
05EA010,2026-07-27T13:10:00Z,47,0.109,,,Provisional/Provisoire,,
05EA010,2026-07-27T13:15:00Z,47,0.108,,,Provisional/Provisoire,,
05EA010,2026-07-27T13:20:00Z,47,0.108,,,Provisional/Provisoire,,
05EA010,2026-07-27T13:25:00Z,47,0.107,,,Provisional/Provisoire,,
05EA010,2026-07-27T13:30:00Z,47,0.107,,,Provisional/Provisoire,,
05EA010,2026-07-27T13:35:00Z,47,0.107,,,Provisional/Provisoire,,
05EA010,2026-07-27T13:40:00Z,47,0.104,,,Provisional/Provisoire,,
05EA010,2026-07-27T13:45:00Z,47,0.106,,,Provisional/Provisoire,,
05EA010,2026-07-27T13:50:00Z,47,0.104,,,Provisional/Provisoire,,
05EA010,2026-07-27T13:55:00Z,47,0.106,,,Provisional/Provisoire,,
05EA010,2026-07-27T14:00:00Z,47,0.106,,,Provisional/Provisoire,,
05EA010,2026-07-27T14:05:00Z,47,0.103,,,Provisional/Provisoire,,
05EA010,2026-07-27T14:10:00Z,47,0.104,,,Provisional/Provisoire,,
05EA010,2026-07-27T14:15:00Z,47,0.104,,,Provisional/Provisoire,,
05EA010,2026-07-27T14:20:00Z,47,0.104,,,Provisional/Provisoire,,
05EA010,2026-07-27T14:25:00Z,47,0.104,,,Provisional/Provisoire,,
05EA010,2026-07-27T14:30:00Z,47,0.104,,,Provisional/Provisoire,,
05EA010,2026-07-27T14:35:00Z,47,0.104,,,Provisional/Provisoire,,
05EA010,2026-07-27T14:40:00Z,47,0.104,,,Provisional/Provisoire,,
05EA010,2026-07-27T14:45:00Z,47,0.104,,,Provisional/Provisoire,,
05EA010,2026-07-27T14:50:00Z,47,0.103,,,Provisional/Provisoire,,
05EA010,2026-07-27T14:55:00Z,47,0.104,,,Provisional/Provisoire,,
05EA010,2026-07-27T15:00:00Z,47,0.104,,,Provisional/Provisoire,,
05EA010,2026-07-27T15:05:00Z,47,0.104,,,Provisional/Provisoire,,
05EA010,2026-07-27T15:10:00Z,47,0.103,,,Provisional/Provisoire,,
05EA010,2026-07-27T15:15:00Z,47,0.103,,,Provisional/Provisoire,,
05EA010,2026-07-27T15:20:00Z,47,0.104,,,Provisional/Provisoire,,
05EA010,2026-07-27T15:25:00Z,47,0.106,,,Provisional/Provisoire,,
05EA010,2026-07-27T15:30:00Z,47,0.104,,,Provisional/Provisoire,,
05EA010,2026-07-27T15:35:00Z,47,0.106,,,Provisional/Provisoire,,
05EA010,2026-07-27T15:40:00Z,47,0.106,,,Provisional/Provisoire,,
05EA010,2026-07-27T15:45:00Z,47,0.106,,,Provisional/Provisoire,,
05EA010,2026-07-27T15:50:00Z,47,0.107,,,Provisional/Provisoire,,
05EA010,2026-07-27T15:55:00Z,47,0.107,,,Provisional/Provisoire,,
05EA010,2026-07-27T16:00:00Z,47,0.108,,,Provisional/Provisoire,,
05EA010,2026-07-27T16:05:00Z,47,0.108,,,Provisional/Provisoire,,
05EA010,2026-07-27T16:10:00Z,47,0.108,,,Provisional/Provisoire,,
05EA010,2026-07-27T16:15:00Z,47,0.109,,,Provisional/Provisoire,,
05EA010,2026-07-27T16:20:00Z,47,0.109,,,Provisional/Provisoire,,
05EA010,2026-07-27T16:25:00Z,47,0.109,,,Provisional/Provisoire,,
05EA010,2026-07-27T16:30:00Z,47,0.109,,,Provisional/Provisoire,,
05EA010,2026-07-27T16:35:00Z,47,0.111,,,Provisional/Provisoire,,
05EA010,2026-07-27T16:40:00Z,47,0.112,,,Provisional/Provisoire,,
05EA010,2026-07-27T16:45:00Z,47,0.111,,,Provisional/Provisoire,,
05EA010,2026-07-27T16:50:00Z,47,0.112,,,Provisional/Provisoire,,
05EA010,2026-07-27T16:55:00Z,47,0.113,,,Provisional/Provisoire,,
05EA010,2026-07-27T17:00:00Z,47,0.113,,,Provisional/Provisoire,,
05EA010,2026-07-27T17:05:00Z,47,0.113,,,Provisional/Provisoire,,
05EA010,2026-07-27T17:10:00Z,47,0.112,,,Provisional/Provisoire,,
05EA010,2026-07-27T17:15:00Z,47,0.113,,,Provisional/Provisoire,,
05EA010,2026-07-27T17:20:00Z,47,0.113,,,Provisional/Provisoire,,
05EA010,2026-07-27T17:25:00Z,47,0.113,,,Provisional/Provisoire,,
05EA010,2026-07-27T17:30:00Z,47,0.114,,,Provisional/Provisoire,,
05EA010,2026-07-27T17:35:00Z,47,0.116,,,Provisional/Provisoire,,
05EA010,2026-07-27T17:40:00Z,47,0.116,,,Provisional/Provisoire,,
05EA010,2026-07-27T17:45:00Z,47,0.116,,,Provisional/Provisoire,,
05EA010,2026-07-27T17:50:00Z,47,0.114,,,Provisional/Provisoire,,
05EA010,2026-07-27T17:55:00Z,47,0.116,,,Provisional/Provisoire,,
05EA010,2026-07-27T18:00:00Z,47,0.114,,,Provisional/Provisoire,,
05EA010,2026-07-27T18:05:00Z,47,0.116,,,Provisional/Provisoire,,
05EA010,2026-07-27T18:10:00Z,47,0.114,,,Provisional/Provisoire,,
05EA010,2026-07-27T18:15:00Z,47,0.114,,,Provisional/Provisoire,,
05EA010,2026-07-27T18:20:00Z,47,0.117,,,Provisional/Provisoire,,
05EA010,2026-07-27T18:25:00Z,47,0.116,,,Provisional/Provisoire,,
05EA010,2026-07-27T18:30:00Z,47,0.116,,,Provisional/Provisoire,,
05EA010,2026-07-27T18:35:00Z,47,0.116,,,Provisional/Provisoire,,
05EA010,2026-07-27T18:40:00Z,47,0.116,,,Provisional/Provisoire,,
05EA010,2026-07-27T18:45:00Z,47,0.114,,,Provisional/Provisoire,,
05EA010,2026-07-27T18:50:00Z,47,0.114,,,Provisional/Provisoire,,
05EA010,2026-07-27T18:55:00Z,47,0.116,,,Provisional/Provisoire,,
05EA010,2026-07-27T19:00:00Z,47,0.114,,,Provisional/Provisoire,,
05EA010,2026-07-27T19:05:00Z,47,0.114,,,Provisional/Provisoire,,
05EA010,2026-07-27T19:10:00Z,47,0.114,,,Provisional/Provisoire,,
05EA010,2026-07-27T19:15:00Z,47,0.114,,,Provisional/Provisoire,,
05EA010,2026-07-27T19:20:00Z,47,0.113,,,Provisional/Provisoire,,
05EA010,2026-07-27T19:25:00Z,47,0.114,,,Provisional/Provisoire,,
05EA010,2026-07-27T19:30:00Z,47,0.114,,,Provisional/Provisoire,,
05EA010,2026-07-27T19:35:00Z,47,0.114,,,Provisional/Provisoire,,
05EA010,2026-07-27T19:40:00Z,47,0.113,,,Provisional/Provisoire,,
05EA010,2026-07-27T19:45:00Z,47,0.113,,,Provisional/Provisoire,,
05EA010,2026-07-27T19:50:00Z,47,0.113,,,Provisional/Provisoire,,
05EA010,2026-07-27T19:55:00Z,47,0.113,,,Provisional/Provisoire,,
05EA010,2026-07-27T20:00:00Z,47,0.113,,,Provisional/Provisoire,,
05EA010,2026-07-27T20:05:00Z,47,0.112,,,Provisional/Provisoire,,
05EA010,2026-07-27T20:10:00Z,47,0.112,,,Provisional/Provisoire,,
05EA010,2026-07-27T20:15:00Z,47,0.113,,,Provisional/Provisoire,,
05EA010,2026-07-27T20:20:00Z,47,0.112,,,Provisional/Provisoire,,
05EA010,2026-07-27T20:25:00Z,47,0.111,,,Provisional/Provisoire,,
05EA010,2026-07-27T20:30:00Z,47,0.112,,,Provisional/Provisoire,,
05EA010,2026-07-27T20:35:00Z,47,0.111,,,Provisional/Provisoire,,
05EA010,2026-07-27T20:40:00Z,47,0.112,,,Provisional/Provisoire,,
05EA010,2026-07-27T20:45:00Z,47,0.111,,,Provisional/Provisoire,,
05EA010,2026-07-27T20:50:00Z,47,0.111,,,Provisional/Provisoire,,
05EA010,2026-07-27T20:55:00Z,47,0.109,,,Provisional/Provisoire,,
05EA010,2026-07-27T21:00:00Z,47,0.111,,,Provisional/Provisoire,,
05EA010,2026-07-27T21:05:00Z,47,0.112,,,Provisional/Provisoire,,
05EA010,2026-07-27T21:10:00Z,47,0.109,,,Provisional/Provisoire,,
05EA010,2026-07-27T21:15:00Z,47,0.111,,,Provisional/Provisoire,,
05EA010,2026-07-27T21:20:00Z,47,0.111,,,Provisional/Provisoire,,
05EA010,2026-07-27T21:25:00Z,47,0.108,,,Provisional/Provisoire,,
05EA010,2026-07-27T21:30:00Z,47,0.108,,,Provisional/Provisoire,,
05EA010,2026-07-27T21:35:00Z,47,0.108,,,Provisional/Provisoire,,
05EA010,2026-07-27T21:40:00Z,47,0.108,,,Provisional/Provisoire,,
05EA010,2026-07-27T21:45:00Z,47,0.109,,,Provisional/Provisoire,,
05EA010,2026-07-27T21:50:00Z,47,0.107,,,Provisional/Provisoire,,
05EA010,2026-07-27T21:55:00Z,47,0.108,,,Provisional/Provisoire,,
05EA010,2026-07-27T22:00:00Z,47,0.111,,,Provisional/Provisoire,,
05EA010,2026-07-27T22:05:00Z,47,0.107,,,Provisional/Provisoire,,
05EA010,2026-07-27T22:10:00Z,47,0.108,,,Provisional/Provisoire,,
05EA010,2026-07-27T22:15:00Z,47,0.107,,,Provisional/Provisoire,,
05EA010,2026-07-27T22:20:00Z,47,0.106,,,Provisional/Provisoire,,
05EA010,2026-07-27T22:25:00Z,47,0.107,,,Provisional/Provisoire,,
05EA010,2026-07-27T22:30:00Z,47,0.106,,,Provisional/Provisoire,,
05EA010,2026-07-27T22:35:00Z,47,0.106,,,Provisional/Provisoire,,
05EA010,2026-07-27T22:40:00Z,47,0.107,,,Provisional/Provisoire,,
05EA010,2026-07-27T22:45:00Z,47,0.106,,,Provisional/Provisoire,,
05EA010,2026-07-27T22:50:00Z,47,0.104,,,Provisional/Provisoire,,
05EA010,2026-07-27T22:55:00Z,47,0.104,,,Provisional/Provisoire,,
05EA010,2026-07-27T23:00:00Z,47,0.103,,,Provisional/Provisoire,,
05EA010,2026-07-27T23:05:00Z,47,0.103,,,Provisional/Provisoire,,
05EA010,2026-07-27T23:10:00Z,47,0.104,,,Provisional/Provisoire,,
05EA010,2026-07-27T23:15:00Z,47,0.103,,,Provisional/Provisoire,,
05EA010,2026-07-27T23:20:00Z,47,0.103,,,Provisional/Provisoire,,
05EA010,2026-07-27T23:25:00Z,47,0.103,,,Provisional/Provisoire,,
05EA010,2026-07-27T23:30:00Z,47,0.102,,,Provisional/Provisoire,,
05EA010,2026-07-27T23:35:00Z,47,0.102,,,Provisional/Provisoire,,
05EA010,2026-07-27T23:40:00Z,47,0.102,,,Provisional/Provisoire,,
05EA010,2026-07-27T23:45:00Z,47,0.103,,,Provisional/Provisoire,,
05EA010,2026-07-27T23:50:00Z,47,0.101,,,Provisional/Provisoire,,
05EA010,2026-07-27T23:55:00Z,47,0.102,,,Provisional/Provisoire,,
05EA010,2026-07-28T00:00:00Z,47,0.101,,,Provisional/Provisoire,,
05EA010,2026-07-28T00:05:00Z,47,0.102,,,Provisional/Provisoire,,
05EA010,2026-07-28T00:10:00Z,47,0.101,,,Provisional/Provisoire,,
05EA010,2026-07-28T00:15:00Z,47,0.101,,,Provisional/Provisoire,,
05EA010,2026-07-28T00:20:00Z,47,0.099,,,Provisional/Provisoire,,
05EA010,2026-07-28T00:25:00Z,47,0.098,,,Provisional/Provisoire,,
05EA010,2026-07-28T00:30:00Z,47,0.099,,,Provisional/Provisoire,,
05EA010,2026-07-28T00:35:00Z,47,0.098,,,Provisional/Provisoire,,
05EA010,2026-07-28T00:40:00Z,47,0.098,,,Provisional/Provisoire,,
05EA010,2026-07-28T00:45:00Z,47,0.098,,,Provisional/Provisoire,,
05EA010,2026-07-28T00:50:00Z,47,0.097,,,Provisional/Provisoire,,
05EA010,2026-07-28T00:55:00Z,47,0.097,,,Provisional/Provisoire,,
05EA010,2026-07-28T01:00:00Z,47,0.097,,,Provisional/Provisoire,,
05EA010,2026-07-28T01:05:00Z,47,0.097,,,Provisional/Provisoire,,
05EA010,2026-07-28T01:10:00Z,47,0.097,,,Provisional/Provisoire,,
05EA010,2026-07-28T01:15:00Z,47,0.095,,,Provisional/Provisoire,,
05EA010,2026-07-28T01:20:00Z,47,0.096,,,Provisional/Provisoire,,
05EA010,2026-07-28T01:25:00Z,47,0.094,,,Provisional/Provisoire,,
05EA010,2026-07-28T01:30:00Z,47,0.095,,,Provisional/Provisoire,,
05EA010,2026-07-28T01:35:00Z,47,0.095,,,Provisional/Provisoire,,
05EA010,2026-07-28T01:40:00Z,47,0.094,,,Provisional/Provisoire,,
05EA010,2026-07-28T01:45:00Z,47,0.094,,,Provisional/Provisoire,,
05EA010,2026-07-28T01:50:00Z,47,0.092,,,Provisional/Provisoire,,
05EA010,2026-07-28T01:55:00Z,47,0.092,,,Provisional/Provisoire,,
05EA010,2026-07-28T02:00:00Z,47,0.091,,,Provisional/Provisoire,,
05EA010,2026-07-28T02:05:00Z,47,0.091,,,Provisional/Provisoire,,
05EA010,2026-07-28T02:10:00Z,47,0.091,,,Provisional/Provisoire,,
05EA010,2026-07-28T02:15:00Z,47,0.091,,,Provisional/Provisoire,,
05EA010,2026-07-28T02:20:00Z,47,0.090,,,Provisional/Provisoire,,
05EA010,2026-07-28T02:25:00Z,47,0.090,,,Provisional/Provisoire,,
05EA010,2026-07-28T02:30:00Z,47,0.090,,,Provisional/Provisoire,,
05EA010,2026-07-28T02:35:00Z,47,0.089,,,Provisional/Provisoire,,
05EA010,2026-07-28T02:40:00Z,47,0.089,,,Provisional/Provisoire,,
05EA010,2026-07-28T02:45:00Z,47,0.088,,,Provisional/Provisoire,,
05EA010,2026-07-28T02:50:00Z,47,0.088,,,Provisional/Provisoire,,
05EA010,2026-07-28T02:55:00Z,47,0.088,,,Provisional/Provisoire,,
05EA010,2026-07-28T03:00:00Z,47,0.087,,,Provisional/Provisoire,,
05EA010,2026-07-28T03:05:00Z,47,0.086,,,Provisional/Provisoire,,
05EA010,2026-07-28T03:10:00Z,47,0.087,,,Provisional/Provisoire,,
05EA010,2026-07-28T03:15:00Z,47,0.087,,,Provisional/Provisoire,,
05EA010,2026-07-28T03:20:00Z,47,0.086,,,Provisional/Provisoire,,
05EA010,2026-07-28T03:25:00Z,47,0.084,,,Provisional/Provisoire,,
05EA010,2026-07-28T03:30:00Z,47,0.086,,,Provisional/Provisoire,,
05EA010,2026-07-28T03:35:00Z,47,0.084,,,Provisional/Provisoire,,
05EA010,2026-07-28T03:40:00Z,47,0.082,,,Provisional/Provisoire,,
05EA010,2026-07-28T03:45:00Z,47,0.082,,,Provisional/Provisoire,,
05EA010,2026-07-28T03:50:00Z,47,0.082,,,Provisional/Provisoire,,
05EA010,2026-07-28T03:55:00Z,47,0.081,,,Provisional/Provisoire,,
05EA010,2026-07-28T04:00:00Z,47,0.081,,,Provisional/Provisoire,,
05EA010,2026-07-28T04:05:00Z,47,0.081,,,Provisional/Provisoire,,
05EA010,2026-07-28T04:10:00Z,47,0.081,,,Provisional/Provisoire,,
05EA010,2026-07-28T04:15:00Z,47,0.080,,,Provisional/Provisoire,,
05EA010,2026-07-28T04:20:00Z,47,0.079,,,Provisional/Provisoire,,
05EA010,2026-07-28T04:25:00Z,47,0.079,,,Provisional/Provisoire,,
05EA010,2026-07-28T04:30:00Z,47,0.079,,,Provisional/Provisoire,,
05EA010,2026-07-28T04:35:00Z,47,0.078,,,Provisional/Provisoire,,
05EA010,2026-07-28T04:40:00Z,47,0.077,,,Provisional/Provisoire,,
05EA010,2026-07-28T04:45:00Z,47,0.077,,,Provisional/Provisoire,,
05EA010,2026-07-28T04:50:00Z,47,0.078,,,Provisional/Provisoire,,
05EA010,2026-07-28T04:55:00Z,47,0.078,,,Provisional/Provisoire,,
05EA010,2026-07-28T05:00:00Z,47,0.077,,,Provisional/Provisoire,,
05EA010,2026-07-28T05:05:00Z,47,0.077,,,Provisional/Provisoire,,
05EA010,2026-07-28T05:10:00Z,47,0.077,,,Provisional/Provisoire,,
05EA010,2026-07-28T05:15:00Z,47,0.075,,,Provisional/Provisoire,,
05EA010,2026-07-28T05:20:00Z,47,0.076,,,Provisional/Provisoire,,
05EA010,2026-07-28T05:25:00Z,47,0.076,,,Provisional/Provisoire,,
05EA010,2026-07-28T05:30:00Z,47,0.076,,,Provisional/Provisoire,,
05EA010,2026-07-28T05:35:00Z,47,0.076,,,Provisional/Provisoire,,
05EA010,2026-07-28T05:40:00Z,47,0.076,,,Provisional/Provisoire,,
05EA010,2026-07-28T05:45:00Z,47,0.076,,,Provisional/Provisoire,,
05EA010,2026-07-28T05:50:00Z,47,0.075,,,Provisional/Provisoire,,
05EA010,2026-07-28T05:55:00Z,47,0.075,,,Provisional/Provisoire,,
05EA010,2026-07-28T06:00:00Z,47,0.074,,,Provisional/Provisoire,,
05EA010,2026-07-28T06:05:00Z,47,0.075,,,Provisional/Provisoire,,
05EA010,2026-07-28T06:10:00Z,47,0.074,,,Provisional/Provisoire,,
05EA010,2026-07-28T06:15:00Z,47,0.075,,,Provisional/Provisoire,,
05EA010,2026-07-28T06:20:00Z,47,0.074,,,Provisional/Provisoire,,
05EA010,2026-07-28T06:25:00Z,47,0.074,,,Provisional/Provisoire,,
05EA010,2026-07-28T06:30:00Z,47,0.073,,,Provisional/Provisoire,,
05EA010,2026-07-28T06:35:00Z,47,0.073,,,Provisional/Provisoire,,
05EA010,2026-07-28T06:40:00Z,47,0.074,,,Provisional/Provisoire,,
05EA010,2026-07-28T06:45:00Z,47,0.073,,,Provisional/Provisoire,,
05EA010,2026-07-28T06:50:00Z,47,0.072,,,Provisional/Provisoire,,
05EA010,2026-07-28T06:55:00Z,47,0.073,,,Provisional/Provisoire,,
05EA010,2026-07-28T07:00:00Z,47,0.072,,,Provisional/Provisoire,,
05EA010,2026-07-28T07:05:00Z,47,0.072,,,Provisional/Provisoire,,
05EA010,2026-07-28T07:10:00Z,47,0.072,,,Provisional/Provisoire,,
05EA010,2026-07-28T07:15:00Z,47,0.072,,,Provisional/Provisoire,,
05EA010,2026-07-28T07:20:00Z,47,0.071,,,Provisional/Provisoire,,
05EA010,2026-07-28T07:25:00Z,47,0.071,,,Provisional/Provisoire,,
05EA010,2026-07-28T07:30:00Z,47,0.070,,,Provisional/Provisoire,,
05EA010,2026-07-28T07:35:00Z,47,0.070,,,Provisional/Provisoire,,
05EA010,2026-07-28T07:40:00Z,47,0.069,,,Provisional/Provisoire,,
05EA010,2026-07-28T07:45:00Z,47,0.070,,,Provisional/Provisoire,,
05EA010,2026-07-28T07:50:00Z,47,0.069,,,Provisional/Provisoire,,
05EA010,2026-07-28T07:55:00Z,47,0.068,,,Provisional/Provisoire,,
05EA010,2026-07-28T08:00:00Z,47,0.068,,,Provisional/Provisoire,,
05EA010,2026-07-28T08:05:00Z,47,0.067,,,Provisional/Provisoire,,
05EA010,2026-07-28T08:10:00Z,47,0.068,,,Provisional/Provisoire,,
05EA010,2026-07-28T08:15:00Z,47,0.068,,,Provisional/Provisoire,,
05EA010,2026-07-28T08:20:00Z,47,0.067,,,Provisional/Provisoire,,
05EA010,2026-07-28T08:25:00Z,47,0.067,,,Provisional/Provisoire,,
05EA010,2026-07-28T08:30:00Z,47,0.067,,,Provisional/Provisoire,,
05EA010,2026-07-28T08:35:00Z,47,0.067,,,Provisional/Provisoire,,
05EA010,2026-07-28T08:40:00Z,47,0.067,,,Provisional/Provisoire,,
05EA010,2026-07-28T08:45:00Z,47,0.067,,,Provisional/Provisoire,,
05EA010,2026-07-28T08:50:00Z,47,0.066,,,Provisional/Provisoire,,
05EA010,2026-07-28T08:55:00Z,47,0.066,,,Provisional/Provisoire,,
05EA010,2026-07-28T09:00:00Z,47,0.067,,,Provisional/Provisoire,,
05EA010,2026-07-28T09:05:00Z,47,0.066,,,Provisional/Provisoire,,
05EA010,2026-07-28T09:10:00Z,47,0.065,,,Provisional/Provisoire,,
05EA010,2026-07-28T09:15:00Z,47,0.066,,,Provisional/Provisoire,,
05EA010,2026-07-28T09:20:00Z,47,0.067,,,Provisional/Provisoire,,
05EA010,2026-07-28T09:25:00Z,47,0.066,,,Provisional/Provisoire,,
05EA010,2026-07-28T09:30:00Z,47,0.066,,,Provisional/Provisoire,,
05EA010,2026-07-28T09:35:00Z,47,0.066,,,Provisional/Provisoire,,
05EA010,2026-07-28T09:40:00Z,47,0.065,,,Provisional/Provisoire,,
05EA010,2026-07-28T09:45:00Z,47,0.066,,,Provisional/Provisoire,,
05EA010,2026-07-28T09:50:00Z,47,0.065,,,Provisional/Provisoire,,
05EA010,2026-07-28T09:55:00Z,47,0.065,,,Provisional/Provisoire,,
05EA010,2026-07-28T10:00:00Z,47,0.064,,,Provisional/Provisoire,,
05EA010,2026-07-28T10:05:00Z,47,0.064,,,Provisional/Provisoire,,
05EA010,2026-07-28T10:10:00Z,47,0.064,,,Provisional/Provisoire,,
05EA010,2026-07-28T10:15:00Z,47,0.063,,,Provisional/Provisoire,,
05EA010,2026-07-28T10:20:00Z,47,0.063,,,Provisional/Provisoire,,
05EA010,2026-07-28T10:25:00Z,47,0.063,,,Provisional/Provisoire,,
05EA010,2026-07-28T10:30:00Z,47,0.062,,,Provisional/Provisoire,,
05EA010,2026-07-28T10:35:00Z,47,0.062,,,Provisional/Provisoire,,
05EA010,2026-07-28T10:40:00Z,47,0.062,,,Provisional/Provisoire,,
05EA010,2026-07-28T10:45:00Z,47,0.062,,,Provisional/Provisoire,,
05EA010,2026-07-28T10:50:00Z,47,0.061,,,Provisional/Provisoire,,
05EA010,2026-07-28T10:55:00Z,47,0.062,,,Provisional/Provisoire,,
05EA010,2026-07-28T11:00:00Z,47,0.061,,,Provisional/Provisoire,,
05EA010,2026-07-28T11:05:00Z,47,0.061,,,Provisional/Provisoire,,
05EA010,2026-07-28T11:10:00Z,47,0.062,,,Provisional/Provisoire,,
05EA010,2026-07-28T11:15:00Z,47,0.060,,,Provisional/Provisoire,,
05EA010,2026-07-28T11:20:00Z,47,0.060,,,Provisional/Provisoire,,
05EA010,2026-07-28T11:25:00Z,47,0.060,,,Provisional/Provisoire,,
05EA010,2026-07-28T11:30:00Z,47,0.059,,,Provisional/Provisoire,,
05EA010,2026-07-28T11:35:00Z,47,0.059,,,Provisional/Provisoire,,
05EA010,2026-07-28T11:40:00Z,47,0.059,,,Provisional/Provisoire,,
05EA010,2026-07-28T11:45:00Z,47,0.059,,,Provisional/Provisoire,,
05EA010,2026-07-28T11:50:00Z,47,0.058,,,Provisional/Provisoire,,
05EA010,2026-07-28T11:55:00Z,47,0.058,,,Provisional/Provisoire,,
05EA010,2026-07-28T12:00:00Z,47,0.058,,,Provisional/Provisoire,,
05EA010,2026-07-28T12:05:00Z,47,0.058,,,Provisional/Provisoire,,
05EA010,2026-07-28T12:10:00Z,47,0.057,,,Provisional/Provisoire,,
05EA010,2026-07-28T12:15:00Z,47,0.057,,,Provisional/Provisoire,,
05EA010,2026-07-28T12:20:00Z,47,0.057,,,Provisional/Provisoire,,
05EA010,2026-07-28T12:25:00Z,47,0.057,,,Provisional/Provisoire,,
05EA010,2026-07-28T12:30:00Z,47,0.057,,,Provisional/Provisoire,,
05EA010,2026-07-28T12:35:00Z,47,0.057,,,Provisional/Provisoire,,
05EA010,2026-07-28T12:40:00Z,47,0.057,,,Provisional/Provisoire,,
05EA010,2026-07-28T12:45:00Z,47,0.057,,,Provisional/Provisoire,,
05EA010,2026-07-28T12:50:00Z,47,0.057,,,Provisional/Provisoire,,
05EA010,2026-07-28T12:55:00Z,47,0.057,,,Provisional/Provisoire,,
05EA010,2026-07-28T13:00:00Z,47,0.057,,,Provisional/Provisoire,,
05EA010,2026-07-28T13:05:00Z,47,0.056,,,Provisional/Provisoire,,
05EA010,2026-07-28T13:10:00Z,47,0.056,,,Provisional/Provisoire,,
05EA010,2026-07-28T13:15:00Z,47,0.056,,,Provisional/Provisoire,,
05EA010,2026-07-28T13:20:00Z,47,0.056,,,Provisional/Provisoire,,
05EA010,2026-07-28T13:25:00Z,47,0.056,,,Provisional/Provisoire,,
05EA010,2026-07-28T13:30:00Z,47,0.056,,,Provisional/Provisoire,,
05EA010,2026-07-28T13:35:00Z,47,0.055,,,Provisional/Provisoire,,
05EA010,2026-07-28T13:40:00Z,47,0.055,,,Provisional/Provisoire,,
05EA010,2026-07-28T13:45:00Z,47,0.055,,,Provisional/Provisoire,,
05EA010,2026-07-28T13:50:00Z,47,0.054,,,Provisional/Provisoire,,
05EA010,2026-07-28T13:55:00Z,47,0.054,,,Provisional/Provisoire,,
05EA010,2026-07-28T14:00:00Z,47,0.055,,,Provisional/Provisoire,,
05EA010,2026-07-28T14:05:00Z,47,0.055,,,Provisional/Provisoire,,
05EA010,2026-07-28T14:10:00Z,47,0.055,,,Provisional/Provisoire,,
05EA010,2026-07-28T14:15:00Z,47,0.055,,,Provisional/Provisoire,,
05EA010,2026-07-28T14:20:00Z,47,0.055,,,Provisional/Provisoire,,
05EA010,2026-07-28T14:25:00Z,47,0.056,,,Provisional/Provisoire,,
05EA010,2026-07-28T14:30:00Z,47,0.055,,,Provisional/Provisoire,,
05EA010,2026-07-28T14:35:00Z,47,0.055,,,Provisional/Provisoire,,
05EA010,2026-07-28T14:40:00Z,47,0.055,,,Provisional/Provisoire,,
05EA010,2026-07-28T14:45:00Z,47,0.056,,,Provisional/Provisoire,,
05EA010,2026-07-28T14:50:00Z,47,0.055,,,Provisional/Provisoire,,
05EA010,2026-07-28T14:55:00Z,47,0.056,,,Provisional/Provisoire,,
05EA010,2026-07-28T15:00:00Z,47,0.056,,,Provisional/Provisoire,,
05EA010,2026-07-28T15:05:00Z,47,0.055,,,Provisional/Provisoire,,
05EA010,2026-07-28T15:10:00Z,47,0.057,,,Provisional/Provisoire,,
05EA010,2026-07-28T15:15:00Z,47,0.056,,,Provisional/Provisoire,,
05EA010,2026-07-28T15:20:00Z,47,0.056,,,Provisional/Provisoire,,
05EA010,2026-07-28T15:25:00Z,47,0.056,,,Provisional/Provisoire,,
05EA010,2026-07-28T15:30:00Z,47,0.055,,,Provisional/Provisoire,,
05EA010,2026-07-28T15:35:00Z,47,0.055,,,Provisional/Provisoire,,
05EA010,2026-07-28T15:40:00Z,47,0.055,,,Provisional/Provisoire,,
05EA010,2026-07-28T15:45:00Z,47,0.054,,,Provisional/Provisoire,,
05EA010,2026-07-28T15:50:00Z,47,0.054,,,Provisional/Provisoire,,
05EA010,2026-07-28T15:55:00Z,47,0.056,,,Provisional/Provisoire,,
05EA010,2026-07-28T16:00:00Z,47,0.056,,,Provisional/Provisoire,,
05EA010,2026-07-28T16:05:00Z,47,0.056,,,Provisional/Provisoire,,
05EA010,2026-07-28T16:10:00Z,47,0.056,,,Provisional/Provisoire,,
05EA010,2026-07-28T16:15:00Z,47,0.056,,,Provisional/Provisoire,,
05EA010,2026-07-28T16:20:00Z,47,0.055,,,Provisional/Provisoire,,
05EA010,2026-07-28T16:25:00Z,47,0.056,,,Provisional/Provisoire,,
05EA010,2026-07-28T16:30:00Z,47,0.055,,,Provisional/Provisoire,,
05EA010,2026-07-28T16:35:00Z,47,0.056,,,Provisional/Provisoire,,
05EA010,2026-07-28T16:40:00Z,47,0.056,,,Provisional/Provisoire,,
05EA010,2026-07-28T16:45:00Z,47,0.056,,,Provisional/Provisoire,,
05EA010,2026-07-28T16:50:00Z,47,0.056,,,Provisional/Provisoire,,
05EA010,2026-07-28T16:55:00Z,47,0.057,,,Provisional/Provisoire,,
05EA010,2026-07-28T17:00:00Z,47,0.056,,,Provisional/Provisoire,,
05EA010,2026-07-28T17:05:00Z,47,0.056,,,Provisional/Provisoire,,
05EA010,2026-07-28T17:10:00Z,47,0.056,,,Provisional/Provisoire,,
05EA010,2026-07-28T17:15:00Z,47,0.056,,,Provisional/Provisoire,,
05EA010,2026-07-28T17:20:00Z,47,0.056,,,Provisional/Provisoire,,
05EA010,2026-07-28T17:25:00Z,47,0.056,,,Provisional/Provisoire,,
05EA010,2026-07-28T17:30:00Z,47,0.056,,,Provisional/Provisoire,,
05EA010,2026-07-28T17:35:00Z,47,0.057,,,Provisional/Provisoire,,
05EA010,2026-07-28T17:40:00Z,47,0.056,,,Provisional/Provisoire,,
05EA010,2026-07-28T17:45:00Z,47,0.056,,,Provisional/Provisoire,,
05EA010,2026-07-28T17:50:00Z,47,0.056,,,Provisional/Provisoire,,
05EA010,2026-07-28T17:55:00Z,47,0.056,,,Provisional/Provisoire,,
05EA010,2026-07-28T18:00:00Z,47,0.056,,,Provisional/Provisoire,,
05EA010,2026-07-28T18:05:00Z,47,0.056,,,Provisional/Provisoire,,
05EA010,2026-07-28T18:10:00Z,47,0.056,,,Provisional/Provisoire,,
05EA010,2026-07-28T18:15:00Z,47,0.056,,,Provisional/Provisoire,,
05EA010,2026-07-28T18:20:00Z,47,0.055,,,Provisional/Provisoire,,
05EA010,2026-07-28T18:25:00Z,47,0.056,,,Provisional/Provisoire,,
05EA010,2026-07-28T18:30:00Z,47,0.055,,,Provisional/Provisoire,,
05EA010,2026-07-28T18:35:00Z,47,0.056,,,Provisional/Provisoire,,
05EA010,2026-07-28T18:40:00Z,47,0.055,,,Provisional/Provisoire,,
05EA010,2026-07-28T18:45:00Z,47,0.055,,,Provisional/Provisoire,,
05EA010,2026-07-28T18:50:00Z,47,0.055,,,Provisional/Provisoire,,
05EA010,2026-07-28T18:55:00Z,47,0.055,,,Provisional/Provisoire,,
05EA010,2026-07-28T19:00:00Z,47,0.054,,,Provisional/Provisoire,,
05EA010,2026-07-28T19:05:00Z,47,0.053,,,Provisional/Provisoire,,
05EA010,2026-07-28T19:10:00Z,47,0.053,,,Provisional/Provisoire,,
05EA010,2026-07-28T19:15:00Z,47,0.052,,,Provisional/Provisoire,,
05EA010,2026-07-28T19:20:00Z,47,0.053,,,Provisional/Provisoire,,
05EA010,2026-07-28T19:25:00Z,47,0.053,,,Provisional/Provisoire,,
05EA010,2026-07-28T19:30:00Z,47,0.053,,,Provisional/Provisoire,,
05EA010,2026-07-28T19:35:00Z,47,0.052,,,Provisional/Provisoire,,
05EA010,2026-07-28T19:40:00Z,47,0.053,,,Provisional/Provisoire,,
05EA010,2026-07-28T19:45:00Z,47,0.052,,,Provisional/Provisoire,,
05EA010,2026-07-28T19:50:00Z,47,0.051,,,Provisional/Provisoire,,
05EA010,2026-07-28T19:55:00Z,47,0.050,,,Provisional/Provisoire,,
05EA010,2026-07-28T20:00:00Z,47,0.050,,,Provisional/Provisoire,,
05EA010,2026-07-28T20:05:00Z,47,0.051,,,Provisional/Provisoire,,
05EA010,2026-07-28T20:10:00Z,47,0.050,,,Provisional/Provisoire,,
05EA010,2026-07-28T20:15:00Z,47,0.050,,,Provisional/Provisoire,,
05EA010,2026-07-28T20:20:00Z,47,0.050,,,Provisional/Provisoire,,
05EA010,2026-07-28T20:25:00Z,47,0.050,,,Provisional/Provisoire,,
05EA010,2026-07-28T20:30:00Z,47,0.050,,,Provisional/Provisoire,,
05EA010,2026-07-28T20:35:00Z,47,0.050,,,Provisional/Provisoire,,
05EA010,2026-07-28T20:40:00Z,47,0.050,,,Provisional/Provisoire,,
05EA010,2026-07-28T20:45:00Z,47,0.050,,,Provisional/Provisoire,,
05EA010,2026-07-28T20:50:00Z,47,0.049,,,Provisional/Provisoire,,
05EA010,2026-07-28T20:55:00Z,47,0.048,,,Provisional/Provisoire,,
05EA010,2026-07-28T21:00:00Z,47,0.048,,,Provisional/Provisoire,,
05EA010,2026-07-28T21:05:00Z,47,0.048,,,Provisional/Provisoire,,
05EA010,2026-07-28T21:10:00Z,47,0.048,,,Provisional/Provisoire,,
05EA010,2026-07-28T21:15:00Z,47,0.047,,,Provisional/Provisoire,,
05EA010,2026-07-28T21:20:00Z,47,0.047,,,Provisional/Provisoire,,
05EA010,2026-07-28T21:25:00Z,47,0.047,,,Provisional/Provisoire,,
05EA010,2026-07-28T21:30:00Z,47,0.047,,,Provisional/Provisoire,,
05EA010,2026-07-28T21:35:00Z,47,0.046,,,Provisional/Provisoire,,
05EA010,2026-07-28T21:40:00Z,47,0.046,,,Provisional/Provisoire,,
05EA010,2026-07-28T21:45:00Z,47,0.046,,,Provisional/Provisoire,,
05EA010,2026-07-28T21:50:00Z,47,0.046,,,Provisional/Provisoire,,
05EA010,2026-07-28T21:55:00Z,47,0.046,,,Provisional/Provisoire,,
05EA010,2026-07-28T22:00:00Z,47,0.045,,,Provisional/Provisoire,,
05EA010,2026-07-28T22:05:00Z,47,0.043,,,Provisional/Provisoire,,
05EA010,2026-07-28T22:10:00Z,47,0.045,,,Provisional/Provisoire,,
05EA010,2026-07-28T22:15:00Z,47,0.043,,,Provisional/Provisoire,,
05EA010,2026-07-28T22:20:00Z,47,0.043,,,Provisional/Provisoire,,
05EA010,2026-07-28T22:25:00Z,47,0.044,,,Provisional/Provisoire,,
05EA010,2026-07-28T22:30:00Z,47,0.043,,,Provisional/Provisoire,,
05EA010,2026-07-28T22:35:00Z,47,0.042,,,Provisional/Provisoire,,
05EA010,2026-07-28T22:40:00Z,47,0.043,,,Provisional/Provisoire,,
05EA010,2026-07-28T22:45:00Z,47,0.043,,,Provisional/Provisoire,,
05EA010,2026-07-28T22:50:00Z,47,0.042,,,Provisional/Provisoire,,
05EA010,2026-07-28T22:55:00Z,47,0.042,,,Provisional/Provisoire,,
05EA010,2026-07-28T23:00:00Z,47,0.042,,,Provisional/Provisoire,,
05EA010,2026-07-28T23:05:00Z,47,0.041,,,Provisional/Provisoire,,
05EA010,2026-07-28T23:10:00Z,47,0.041,,,Provisional/Provisoire,,
05EA010,2026-07-28T23:15:00Z,47,0.041,,,Provisional/Provisoire,,
05EA010,2026-07-28T23:20:00Z,47,0.039,,,Provisional/Provisoire,,
05EA010,2026-07-28T23:25:00Z,47,0.039,,,Provisional/Provisoire,,
05EA010,2026-07-28T23:30:00Z,47,0.039,,,Provisional/Provisoire,,
05EA010,2026-07-28T23:35:00Z,47,0.040,,,Provisional/Provisoire,,
05EA010,2026-07-28T23:40:00Z,47,0.039,,,Provisional/Provisoire,,
05EA010,2026-07-28T23:45:00Z,47,0.039,,,Provisional/Provisoire,,
05EA010,2026-07-28T23:50:00Z,47,0.039,,,Provisional/Provisoire,,
05EA010,2026-07-28T23:55:00Z,47,0.039,,,Provisional/Provisoire,,
05EA010,2026-07-29T00:00:00Z,47,0.039,,,Provisional/Provisoire,,
05EA010,2026-07-29T00:05:00Z,47,0.038,,,Provisional/Provisoire,,
05EA010,2026-07-29T00:10:00Z,47,0.037,,,Provisional/Provisoire,,
05EA010,2026-07-29T00:15:00Z,47,0.038,,,Provisional/Provisoire,,
05EA010,2026-07-29T00:20:00Z,47,0.037,,,Provisional/Provisoire,,
05EA010,2026-07-29T00:25:00Z,47,0.040,,,Provisional/Provisoire,,
05EA010,2026-07-29T00:30:00Z,47,0.044,,,Provisional/Provisoire,,
05EA010,2026-07-29T00:35:00Z,47,0.045,,,Provisional/Provisoire,,
05EA010,2026-07-29T00:40:00Z,47,0.045,,,Provisional/Provisoire,,
05EA010,2026-07-29T00:45:00Z,47,0.046,,,Provisional/Provisoire,,
05EA010,2026-07-29T00:50:00Z,47,0.048,,,Provisional/Provisoire,,
05EA010,2026-07-29T00:55:00Z,47,0.049,,,Provisional/Provisoire,,
05EA010,2026-07-29T01:00:00Z,47,0.051,,,Provisional/Provisoire,,
05EA010,2026-07-29T01:05:00Z,47,0.053,,,Provisional/Provisoire,,
05EA010,2026-07-29T01:10:00Z,47,0.055,,,Provisional/Provisoire,,
05EA010,2026-07-29T01:15:00Z,47,0.056,,,Provisional/Provisoire,,
05EA010,2026-07-29T01:20:00Z,47,0.055,,,Provisional/Provisoire,,
05EA010,2026-07-29T01:25:00Z,47,0.055,,,Provisional/Provisoire,,
05EA010,2026-07-29T01:30:00Z,47,0.057,,,Provisional/Provisoire,,
05EA010,2026-07-29T01:35:00Z,47,0.057,,,Provisional/Provisoire,,
05EA010,2026-07-29T01:40:00Z,47,0.058,,,Provisional/Provisoire,,
05EA010,2026-07-29T01:45:00Z,47,0.063,,,Provisional/Provisoire,,
05EA010,2026-07-29T01:50:00Z,47,0.067,,,Provisional/Provisoire,,
05EA010,2026-07-29T01:55:00Z,47,0.072,,,Provisional/Provisoire,,
05EA010,2026-07-29T02:00:00Z,47,0.078,,,Provisional/Provisoire,,
05EA010,2026-07-29T02:05:00Z,47,0.082,,,Provisional/Provisoire,,
05EA010,2026-07-29T02:10:00Z,47,0.088,,,Provisional/Provisoire,,
05EA010,2026-07-29T02:15:00Z,47,0.094,,,Provisional/Provisoire,,
05EA010,2026-07-29T02:20:00Z,47,0.098,,,Provisional/Provisoire,,
05EA010,2026-07-29T02:25:00Z,47,0.102,,,Provisional/Provisoire,,
05EA010,2026-07-29T02:30:00Z,47,0.104,,,Provisional/Provisoire,,
05EA010,2026-07-29T02:35:00Z,47,0.108,,,Provisional/Provisoire,,
05EA010,2026-07-29T02:40:00Z,47,0.111,,,Provisional/Provisoire,,
05EA010,2026-07-29T02:45:00Z,47,0.114,,,Provisional/Provisoire,,
05EA010,2026-07-29T02:50:00Z,47,0.116,,,Provisional/Provisoire,,
05EA010,2026-07-29T02:55:00Z,47,0.118,,,Provisional/Provisoire,,
05EA010,2026-07-29T03:00:00Z,47,0.121,,,Provisional/Provisoire,,
05EA010,2026-07-29T03:05:00Z,47,0.125,,,Provisional/Provisoire,,
05EA010,2026-07-29T03:10:00Z,47,0.126,,,Provisional/Provisoire,,
05EA010,2026-07-29T03:15:00Z,47,0.129,,,Provisional/Provisoire,,
05EA010,2026-07-29T03:20:00Z,47,0.133,,,Provisional/Provisoire,,
05EA010,2026-07-29T03:25:00Z,47,0.136,,,Provisional/Provisoire,,
05EA010,2026-07-29T03:30:00Z,47,0.139,,,Provisional/Provisoire,,
05EA010,2026-07-29T03:35:00Z,47,0.144,,,Provisional/Provisoire,,
05EA010,2026-07-29T03:40:00Z,47,0.145,,,Provisional/Provisoire,,
05EA010,2026-07-29T03:45:00Z,47,0.149,,,Provisional/Provisoire,,
05EA010,2026-07-29T03:50:00Z,47,0.152,,,Provisional/Provisoire,,
05EA010,2026-07-29T03:55:00Z,47,0.157,,,Provisional/Provisoire,,
05EA010,2026-07-29T04:00:00Z,47,0.159,,,Provisional/Provisoire,,
05EA010,2026-07-29T04:05:00Z,47,0.160,,,Provisional/Provisoire,,
05EA010,2026-07-29T04:10:00Z,47,0.162,,,Provisional/Provisoire,,
05EA010,2026-07-29T04:15:00Z,47,0.163,,,Provisional/Provisoire,,
05EA010,2026-07-29T04:20:00Z,47,0.163,,,Provisional/Provisoire,,
05EA010,2026-07-29T04:25:00Z,47,0.165,,,Provisional/Provisoire,,
05EA010,2026-07-29T04:30:00Z,47,0.165,,,Provisional/Provisoire,,
05EA010,2026-07-29T04:35:00Z,47,0.165,,,Provisional/Provisoire,,
05EA010,2026-07-29T04:40:00Z,47,0.168,,,Provisional/Provisoire,,
05EA010,2026-07-29T04:45:00Z,47,0.166,,,Provisional/Provisoire,,
05EA010,2026-07-29T04:50:00Z,47,0.166,,,Provisional/Provisoire,,
05EA010,2026-07-29T04:55:00Z,47,0.163,,,Provisional/Provisoire,,
05EA010,2026-07-29T05:00:00Z,47,0.165,,,Provisional/Provisoire,,
05EA010,2026-07-29T05:05:00Z,47,0.165,,,Provisional/Provisoire,,
05EA010,2026-07-29T05:10:00Z,47,0.163,,,Provisional/Provisoire,,
05EA010,2026-07-29T05:15:00Z,47,0.162,,,Provisional/Provisoire,,
05EA010,2026-07-29T05:20:00Z,47,0.162,,,Provisional/Provisoire,,
05EA010,2026-07-29T05:25:00Z,47,0.160,,,Provisional/Provisoire,,
05EA010,2026-07-29T05:30:00Z,47,0.160,,,Provisional/Provisoire,,
05EA010,2026-07-29T05:35:00Z,47,0.160,,,Provisional/Provisoire,,
05EA010,2026-07-29T05:40:00Z,47,0.159,,,Provisional/Provisoire,,
05EA010,2026-07-29T05:45:00Z,47,0.157,,,Provisional/Provisoire,,
05EA010,2026-07-29T05:50:00Z,47,0.154,,,Provisional/Provisoire,,
05EA010,2026-07-29T05:55:00Z,47,0.152,,,Provisional/Provisoire,,
05EA010,2026-07-29T06:00:00Z,47,0.152,,,Provisional/Provisoire,,
05EA010,2026-07-29T06:05:00Z,47,0.152,,,Provisional/Provisoire,,
05EA010,2026-07-29T06:10:00Z,47,0.152,,,Provisional/Provisoire,,
05EA010,2026-07-29T06:15:00Z,47,0.149,,,Provisional/Provisoire,,
05EA010,2026-07-29T06:20:00Z,47,0.149,,,Provisional/Provisoire,,
05EA010,2026-07-29T06:25:00Z,47,0.148,,,Provisional/Provisoire,,
05EA010,2026-07-29T06:30:00Z,47,0.146,,,Provisional/Provisoire,,
05EA010,2026-07-29T06:35:00Z,47,0.145,,,Provisional/Provisoire,,
05EA010,2026-07-29T06:40:00Z,47,0.144,,,Provisional/Provisoire,,
05EA010,2026-07-29T06:45:00Z,47,0.142,,,Provisional/Provisoire,,
05EA010,2026-07-29T06:50:00Z,47,0.142,,,Provisional/Provisoire,,
05EA010,2026-07-29T06:55:00Z,47,0.141,,,Provisional/Provisoire,,
05EA010,2026-07-29T07:00:00Z,47,0.141,,,Provisional/Provisoire,,
05EA010,2026-07-29T07:05:00Z,47,0.139,,,Provisional/Provisoire,,
05EA010,2026-07-29T07:10:00Z,47,0.139,,,Provisional/Provisoire,,
05EA010,2026-07-29T07:15:00Z,47,0.138,,,Provisional/Provisoire,,
05EA010,2026-07-29T07:20:00Z,47,0.136,,,Provisional/Provisoire,,
05EA010,2026-07-29T07:25:00Z,47,0.136,,,Provisional/Provisoire,,
05EA010,2026-07-29T07:30:00Z,47,0.135,,,Provisional/Provisoire,,
05EA010,2026-07-29T07:35:00Z,47,0.136,,,Provisional/Provisoire,,
05EA010,2026-07-29T07:40:00Z,47,0.133,,,Provisional/Provisoire,,
05EA010,2026-07-29T07:45:00Z,47,0.132,,,Provisional/Provisoire,,
05EA010,2026-07-29T07:50:00Z,47,0.132,,,Provisional/Provisoire,,
05EA010,2026-07-29T07:55:00Z,47,0.131,,,Provisional/Provisoire,,
05EA010,2026-07-29T08:00:00Z,47,0.129,,,Provisional/Provisoire,,
05EA010,2026-07-29T08:05:00Z,47,0.129,,,Provisional/Provisoire,,
05EA010,2026-07-29T08:10:00Z,47,0.128,,,Provisional/Provisoire,,
05EA010,2026-07-29T08:15:00Z,47,0.129,,,Provisional/Provisoire,,
05EA010,2026-07-29T08:20:00Z,47,0.128,,,Provisional/Provisoire,,
05EA010,2026-07-29T08:25:00Z,47,0.128,,,Provisional/Provisoire,,
05EA010,2026-07-29T08:30:00Z,47,0.126,,,Provisional/Provisoire,,
05EA010,2026-07-29T08:35:00Z,47,0.126,,,Provisional/Provisoire,,
05EA010,2026-07-29T08:40:00Z,47,0.125,,,Provisional/Provisoire,,
05EA010,2026-07-29T08:45:00Z,47,0.124,,,Provisional/Provisoire,,
05EA010,2026-07-29T08:50:00Z,47,0.124,,,Provisional/Provisoire,,
05EA010,2026-07-29T08:55:00Z,47,0.122,,,Provisional/Provisoire,,
05EA010,2026-07-29T09:00:00Z,47,0.124,,,Provisional/Provisoire,,
05EA010,2026-07-29T09:05:00Z,47,0.125,,,Provisional/Provisoire,,
05EA010,2026-07-29T09:10:00Z,47,0.122,,,Provisional/Provisoire,,
05EA010,2026-07-29T09:15:00Z,47,0.122,,,Provisional/Provisoire,,
05EA010,2026-07-29T09:20:00Z,47,0.122,,,Provisional/Provisoire,,
05EA010,2026-07-29T09:25:00Z,47,0.121,,,Provisional/Provisoire,,
05EA010,2026-07-29T09:30:00Z,47,0.122,,,Provisional/Provisoire,,
05EA010,2026-07-29T09:35:00Z,47,0.121,,,Provisional/Provisoire,,
05EA010,2026-07-29T09:40:00Z,47,0.121,,,Provisional/Provisoire,,
05EA010,2026-07-29T09:45:00Z,47,0.121,,,Provisional/Provisoire,,
05EA010,2026-07-29T09:50:00Z,47,0.122,,,Provisional/Provisoire,,
05EA010,2026-07-29T09:55:00Z,47,0.122,,,Provisional/Provisoire,,
05EA010,2026-07-29T10:00:00Z,47,0.121,,,Provisional/Provisoire,,
05EA010,2026-07-29T10:05:00Z,47,0.121,,,Provisional/Provisoire,,
05EA010,2026-07-29T10:10:00Z,47,0.122,,,Provisional/Provisoire,,
05EA010,2026-07-29T10:15:00Z,47,0.122,,,Provisional/Provisoire,,
05EA010,2026-07-29T10:20:00Z,47,0.122,,,Provisional/Provisoire,,
05EA010,2026-07-29T10:25:00Z,47,0.124,,,Provisional/Provisoire,,
05EA010,2026-07-29T10:30:00Z,47,0.121,,,Provisional/Provisoire,,
05EA010,2026-07-29T10:35:00Z,47,0.122,,,Provisional/Provisoire,,
05EA010,2026-07-29T10:40:00Z,47,0.121,,,Provisional/Provisoire,,
05EA010,2026-07-29T10:45:00Z,47,0.122,,,Provisional/Provisoire,,
05EA010,2026-07-29T10:50:00Z,47,0.122,,,Provisional/Provisoire,,
05EA010,2026-07-29T10:55:00Z,47,0.124,,,Provisional/Provisoire,,
05EA010,2026-07-29T11:00:00Z,47,0.124,,,Provisional/Provisoire,,
05EA010,2026-07-29T11:05:00Z,47,0.122,,,Provisional/Provisoire,,
05EA010,2026-07-29T11:10:00Z,47,0.124,,,Provisional/Provisoire,,
05EA010,2026-07-29T11:15:00Z,47,0.124,,,Provisional/Provisoire,,
05EA010,2026-07-29T11:20:00Z,47,0.124,,,Provisional/Provisoire,,
05EA010,2026-07-29T11:25:00Z,47,0.124,,,Provisional/Provisoire,,
05EA010,2026-07-29T11:30:00Z,47,0.125,,,Provisional/Provisoire,,
05EA010,2026-07-29T11:35:00Z,47,0.124,,,Provisional/Provisoire,,
05EA010,2026-07-29T11:40:00Z,47,0.124,,,Provisional/Provisoire,,
05EA010,2026-07-29T11:45:00Z,47,0.125,,,Provisional/Provisoire,,
05EA010,2026-07-29T11:50:00Z,47,0.125,,,Provisional/Provisoire,,
05EA010,2026-07-29T11:55:00Z,47,0.124,,,Provisional/Provisoire,,
05EA010,2026-07-29T12:00:00Z,47,0.124,,,Provisional/Provisoire,,
05EA010,2026-07-29T12:05:00Z,47,0.125,,,Provisional/Provisoire,,
05EA010,2026-07-29T12:10:00Z,47,0.126,,,Provisional/Provisoire,,
05EA010,2026-07-29T12:15:00Z,47,0.126,,,Provisional/Provisoire,,
05EA010,2026-07-29T12:20:00Z,47,0.126,,,Provisional/Provisoire,,
05EA010,2026-07-29T12:25:00Z,47,0.128,,,Provisional/Provisoire,,
05EA010,2026-07-29T12:30:00Z,47,0.126,,,Provisional/Provisoire,,
05EA010,2026-07-29T12:35:00Z,47,0.126,,,Provisional/Provisoire,,
05EA010,2026-07-29T12:40:00Z,47,0.128,,,Provisional/Provisoire,,
05EA010,2026-07-29T12:45:00Z,47,0.128,,,Provisional/Provisoire,,
05EA010,2026-07-29T12:50:00Z,47,0.126,,,Provisional/Provisoire,,
05EA010,2026-07-29T12:55:00Z,47,0.128,,,Provisional/Provisoire,,
05EA010,2026-07-29T13:00:00Z,47,0.128,,,Provisional/Provisoire,,
05EA010,2026-07-29T13:05:00Z,47,0.128,,,Provisional/Provisoire,,
05EA010,2026-07-29T13:10:00Z,47,0.129,,,Provisional/Provisoire,,
05EA010,2026-07-29T13:15:00Z,47,0.128,,,Provisional/Provisoire,,
05EA010,2026-07-29T13:20:00Z,47,0.128,,,Provisional/Provisoire,,
05EA010,2026-07-29T13:25:00Z,47,0.128,,,Provisional/Provisoire,,
05EA010,2026-07-29T13:30:00Z,47,0.128,,,Provisional/Provisoire,,
05EA010,2026-07-29T13:35:00Z,47,0.128,,,Provisional/Provisoire,,
05EA010,2026-07-29T13:40:00Z,47,0.128,,,Provisional/Provisoire,,
05EA010,2026-07-29T13:45:00Z,47,0.128,,,Provisional/Provisoire,,
05EA010,2026-07-29T13:50:00Z,47,0.126,,,Provisional/Provisoire,,
05EA010,2026-07-29T13:55:00Z,47,0.131,,,Provisional/Provisoire,,
05EA010,2026-07-29T14:00:00Z,47,0.128,,,Provisional/Provisoire,,
05EA010,2026-07-29T14:05:00Z,47,0.128,,,Provisional/Provisoire,,
05EA010,2026-07-29T14:10:00Z,47,0.129,,,Provisional/Provisoire,,
05EA010,2026-07-29T14:15:00Z,47,0.129,,,Provisional/Provisoire,,
05EA010,2026-07-29T14:20:00Z,47,0.129,,,Provisional/Provisoire,,
05EA010,2026-07-29T14:25:00Z,47,0.128,,,Provisional/Provisoire,,
05EA010,2026-07-29T14:30:00Z,47,0.129,,,Provisional/Provisoire,,
05EA010,2026-07-29T14:35:00Z,47,0.129,,,Provisional/Provisoire,,
05EA010,2026-07-29T14:40:00Z,47,0.129,,,Provisional/Provisoire,,
05EA010,2026-07-29T14:45:00Z,47,0.129,,,Provisional/Provisoire,,
05EA010,2026-07-29T14:50:00Z,47,0.129,,,Provisional/Provisoire,,
05EA010,2026-07-29T14:55:00Z,47,0.128,,,Provisional/Provisoire,,
05EA010,2026-07-29T15:00:00Z,47,0.129,,,Provisional/Provisoire,,
05EA010,2026-07-29T15:05:00Z,47,0.128,,,Provisional/Provisoire,,
05EA010,2026-07-29T15:10:00Z,47,0.128,,,Provisional/Provisoire,,
05EA010,2026-07-29T15:15:00Z,47,0.129,,,Provisional/Provisoire,,
05EA010,2026-07-29T15:20:00Z,47,0.128,,,Provisional/Provisoire,,
05EA010,2026-07-29T15:25:00Z,47,0.128,,,Provisional/Provisoire,,
05EA010,2026-07-29T15:30:00Z,47,0.129,,,Provisional/Provisoire,,
05EA010,2026-07-29T15:35:00Z,47,0.128,,,Provisional/Provisoire,,
05EA010,2026-07-29T15:40:00Z,47,0.128,,,Provisional/Provisoire,,
05EA010,2026-07-29T15:45:00Z,47,0.129,,,Provisional/Provisoire,,
05EA010,2026-07-29T15:50:00Z,47,0.126,,,Provisional/Provisoire,,
05EA010,2026-07-29T15:55:00Z,47,0.128,,,Provisional/Provisoire,,
05EA010,2026-07-29T16:00:00Z,47,0.126,,,Provisional/Provisoire,,
05EA010,2026-07-29T16:05:00Z,47,0.129,,,Provisional/Provisoire,,
05EA010,2026-07-29T16:10:00Z,47,0.128,,,Provisional/Provisoire,,
05EA010,2026-07-29T16:15:00Z,47,0.126,,,Provisional/Provisoire,,
05EA010,2026-07-29T16:20:00Z,47,0.126,,,Provisional/Provisoire,,
05EA010,2026-07-29T16:25:00Z,47,0.128,,,Provisional/Provisoire,,
05EA010,2026-07-29T16:30:00Z,47,0.126,,,Provisional/Provisoire,,
05EA010,2026-07-29T16:35:00Z,47,0.126,,,Provisional/Provisoire,,
05EA010,2026-07-29T16:40:00Z,47,0.125,,,Provisional/Provisoire,,
05EA010,2026-07-29T16:45:00Z,47,0.126,,,Provisional/Provisoire,,
05EA010,2026-07-29T16:50:00Z,47,0.125,,,Provisional/Provisoire,,
05EA010,2026-07-29T16:55:00Z,47,0.128,,,Provisional/Provisoire,,
05EA010,2026-07-29T17:00:00Z,47,0.125,,,Provisional/Provisoire,,
05EA010,2026-07-29T17:05:00Z,47,0.125,,,Provisional/Provisoire,,
05EA010,2026-07-29T17:10:00Z,47,0.125,,,Provisional/Provisoire,,
05EA010,2026-07-29T17:15:00Z,47,0.125,,,Provisional/Provisoire,,
05EA010,2026-07-29T17:20:00Z,47,0.124,,,Provisional/Provisoire,,
05EA010,2026-07-29T17:25:00Z,47,0.124,,,Provisional/Provisoire,,
05EA010,2026-07-29T17:30:00Z,47,0.124,,,Provisional/Provisoire,,
05EA010,2026-07-29T17:35:00Z,47,0.124,,,Provisional/Provisoire,,
05EA010,2026-07-29T17:40:00Z,47,0.122,,,Provisional/Provisoire,,
05EA010,2026-07-29T17:45:00Z,47,0.122,,,Provisional/Provisoire,,
05EA010,2026-07-29T17:50:00Z,47,0.122,,,Provisional/Provisoire,,
05EA010,2026-07-29T17:55:00Z,47,0.121,,,Provisional/Provisoire,,
05EA010,2026-07-29T18:00:00Z,47,0.122,,,Provisional/Provisoire,,
05EA010,2026-07-29T18:05:00Z,47,0.122,,,Provisional/Provisoire,,
05EA010,2026-07-29T18:10:00Z,47,0.121,,,Provisional/Provisoire,,
05EA010,2026-07-29T18:15:00Z,47,0.121,,,Provisional/Provisoire,,
05EA010,2026-07-29T18:20:00Z,47,0.120,,,Provisional/Provisoire,,
05EA010,2026-07-29T18:25:00Z,47,0.120,,,Provisional/Provisoire,,
05EA010,2026-07-29T18:30:00Z,47,0.120,,,Provisional/Provisoire,,
05EA010,2026-07-29T18:35:00Z,47,0.120,,,Provisional/Provisoire,,
05EA010,2026-07-29T18:40:00Z,47,0.120,,,Provisional/Provisoire,,
05EA010,2026-07-29T18:45:00Z,47,0.120,,,Provisional/Provisoire,,
05EA010,2026-07-29T18:50:00Z,47,0.118,,,Provisional/Provisoire,,
05EA010,2026-07-29T18:55:00Z,47,0.118,,,Provisional/Provisoire,,
05EA010,2026-07-29T19:00:00Z,47,0.117,,,Provisional/Provisoire,,
05EA010,2026-07-29T19:05:00Z,47,0.117,,,Provisional/Provisoire,,
05EA010,2026-07-29T19:10:00Z,47,0.117,,,Provisional/Provisoire,,
05EA010,2026-07-29T19:15:00Z,47,0.118,,,Provisional/Provisoire,,
05EA010,2026-07-29T19:20:00Z,47,0.117,,,Provisional/Provisoire,,
05EA010,2026-07-29T19:25:00Z,47,0.117,,,Provisional/Provisoire,,
05EA010,2026-07-29T19:30:00Z,47,0.116,,,Provisional/Provisoire,,
05EA010,2026-07-29T19:35:00Z,47,0.116,,,Provisional/Provisoire,,
05EA010,2026-07-29T19:40:00Z,47,0.114,,,Provisional/Provisoire,,
05EA010,2026-07-29T19:45:00Z,47,0.116,,,Provisional/Provisoire,,
05EA010,2026-07-29T19:50:00Z,47,0.114,,,Provisional/Provisoire,,
05EA010,2026-07-29T19:55:00Z,47,0.113,,,Provisional/Provisoire,,
05EA010,2026-07-29T20:00:00Z,47,0.113,,,Provisional/Provisoire,,
05EA010,2026-07-29T20:05:00Z,47,0.113,,,Provisional/Provisoire,,
05EA010,2026-07-29T20:10:00Z,47,0.112,,,Provisional/Provisoire,,
05EA010,2026-07-29T20:15:00Z,47,0.112,,,Provisional/Provisoire,,
05EA010,2026-07-29T20:20:00Z,47,0.111,,,Provisional/Provisoire,,
05EA010,2026-07-29T20:25:00Z,47,0.112,,,Provisional/Provisoire,,
05EA010,2026-07-29T20:30:00Z,47,0.109,,,Provisional/Provisoire,,
05EA010,2026-07-29T20:35:00Z,47,0.109,,,Provisional/Provisoire,,
05EA010,2026-07-29T20:40:00Z,47,0.109,,,Provisional/Provisoire,,
05EA010,2026-07-29T20:45:00Z,47,0.111,,,Provisional/Provisoire,,
05EA010,2026-07-29T20:50:00Z,47,0.108,,,Provisional/Provisoire,,
05EA010,2026-07-29T20:55:00Z,47,0.109,,,Provisional/Provisoire,,
05EA010,2026-07-29T21:00:00Z,47,0.107,,,Provisional/Provisoire,,
05EA010,2026-07-29T21:05:00Z,47,0.108,,,Provisional/Provisoire,,
05EA010,2026-07-29T21:10:00Z,47,0.106,,,Provisional/Provisoire,,
05EA010,2026-07-29T21:15:00Z,47,0.107,,,Provisional/Provisoire,,
05EA010,2026-07-29T21:20:00Z,47,0.104,,,Provisional/Provisoire,,
05EA010,2026-07-29T21:25:00Z,47,0.104,,,Provisional/Provisoire,,
05EA010,2026-07-29T21:30:00Z,47,0.106,,,Provisional/Provisoire,,
05EA010,2026-07-29T21:35:00Z,47,0.104,,,Provisional/Provisoire,,
05EA010,2026-07-29T21:40:00Z,47,0.104,,,Provisional/Provisoire,,
05EA010,2026-07-29T21:45:00Z,47,0.104,,,Provisional/Provisoire,,
05EA010,2026-07-29T21:50:00Z,47,0.103,,,Provisional/Provisoire,,
05EA010,2026-07-29T21:55:00Z,47,0.103,,,Provisional/Provisoire,,
05EA010,2026-07-29T22:00:00Z,47,0.102,,,Provisional/Provisoire,,
05EA010,2026-07-29T22:05:00Z,47,0.101,,,Provisional/Provisoire,,
05EA010,2026-07-29T22:10:00Z,47,0.101,,,Provisional/Provisoire,,
05EA010,2026-07-29T22:15:00Z,47,0.099,,,Provisional/Provisoire,,
05EA010,2026-07-29T22:20:00Z,47,0.101,,,Provisional/Provisoire,,
05EA010,2026-07-29T22:25:00Z,47,0.099,,,Provisional/Provisoire,,
05EA010,2026-07-29T22:30:00Z,47,0.099,,,Provisional/Provisoire,,
05EA010,2026-07-29T22:35:00Z,47,0.099,,,Provisional/Provisoire,,
05EA010,2026-07-29T22:40:00Z,47,0.097,,,Provisional/Provisoire,,
05EA010,2026-07-29T22:45:00Z,47,0.097,,,Provisional/Provisoire,,
05EA010,2026-07-29T22:50:00Z,47,0.096,,,Provisional/Provisoire,,
05EA010,2026-07-29T22:55:00Z,47,0.096,,,Provisional/Provisoire,,
05EA010,2026-07-29T23:00:00Z,47,0.096,,,Provisional/Provisoire,,
05EA010,2026-07-29T23:05:00Z,47,0.095,,,Provisional/Provisoire,,
05EA010,2026-07-29T23:10:00Z,47,0.095,,,Provisional/Provisoire,,
05EA010,2026-07-29T23:15:00Z,47,0.094,,,Provisional/Provisoire,,
05EA010,2026-07-29T23:20:00Z,47,0.092,,,Provisional/Provisoire,,
05EA010,2026-07-29T23:25:00Z,47,0.092,,,Provisional/Provisoire,,
05EA010,2026-07-29T23:30:00Z,47,0.091,,,Provisional/Provisoire,,
05EA010,2026-07-29T23:35:00Z,47,0.091,,,Provisional/Provisoire,,
05EA010,2026-07-29T23:40:00Z,47,0.091,,,Provisional/Provisoire,,
05EA010,2026-07-29T23:45:00Z,47,0.090,,,Provisional/Provisoire,,
05EA010,2026-07-29T23:50:00Z,47,0.089,,,Provisional/Provisoire,,
05EA010,2026-07-29T23:55:00Z,47,0.090,,,Provisional/Provisoire,,
05EA010,2026-07-30T00:00:00Z,47,0.088,,,Provisional/Provisoire,,
05EA010,2026-07-30T00:05:00Z,47,0.089,,,Provisional/Provisoire,,
05EA010,2026-07-30T00:10:00Z,47,0.088,,,Provisional/Provisoire,,
05EA010,2026-07-30T00:15:00Z,47,0.087,,,Provisional/Provisoire,,
05EA010,2026-07-30T00:20:00Z,47,0.087,,,Provisional/Provisoire,,
05EA010,2026-07-30T00:25:00Z,47,0.087,,,Provisional/Provisoire,,
05EA010,2026-07-30T00:30:00Z,47,0.086,,,Provisional/Provisoire,,
05EA010,2026-07-30T00:35:00Z,47,0.087,,,Provisional/Provisoire,,
05EA010,2026-07-30T00:40:00Z,47,0.086,,,Provisional/Provisoire,,
05EA010,2026-07-30T00:45:00Z,47,0.084,,,Provisional/Provisoire,,
05EA010,2026-07-30T00:50:00Z,47,0.084,,,Provisional/Provisoire,,
05EA010,2026-07-30T00:55:00Z,47,0.084,,,Provisional/Provisoire,,
05EA010,2026-07-30T01:00:00Z,47,0.083,,,Provisional/Provisoire,,
05EA010,2026-07-30T01:05:00Z,47,0.083,,,Provisional/Provisoire,,
05EA010,2026-07-30T01:10:00Z,47,0.081,,,Provisional/Provisoire,,
05EA010,2026-07-30T01:15:00Z,47,0.081,,,Provisional/Provisoire,,
05EA010,2026-07-30T01:20:00Z,47,0.081,,,Provisional/Provisoire,,
05EA010,2026-07-30T01:25:00Z,47,0.080,,,Provisional/Provisoire,,
05EA010,2026-07-30T01:30:00Z,47,0.080,,,Provisional/Provisoire,,
05EA010,2026-07-30T01:35:00Z,47,0.079,,,Provisional/Provisoire,,
05EA010,2026-07-30T01:40:00Z,47,0.079,,,Provisional/Provisoire,,
05EA010,2026-07-30T01:45:00Z,47,0.078,,,Provisional/Provisoire,,
05EA010,2026-07-30T01:50:00Z,47,0.078,,,Provisional/Provisoire,,
05EA010,2026-07-30T01:55:00Z,47,0.078,,,Provisional/Provisoire,,
05EA010,2026-07-30T02:00:00Z,47,0.077,,,Provisional/Provisoire,,
05EA010,2026-07-30T02:05:00Z,47,0.077,,,Provisional/Provisoire,,
05EA010,2026-07-30T02:10:00Z,47,0.077,,,Provisional/Provisoire,,
05EA010,2026-07-30T02:15:00Z,47,0.075,,,Provisional/Provisoire,,
05EA010,2026-07-30T02:20:00Z,47,0.076,,,Provisional/Provisoire,,
05EA010,2026-07-30T02:25:00Z,47,0.075,,,Provisional/Provisoire,,
05EA010,2026-07-30T02:30:00Z,47,0.075,,,Provisional/Provisoire,,
05EA010,2026-07-30T02:35:00Z,47,0.075,,,Provisional/Provisoire,,
05EA010,2026-07-30T02:40:00Z,47,0.074,,,Provisional/Provisoire,,
05EA010,2026-07-30T02:45:00Z,47,0.073,,,Provisional/Provisoire,,
05EA010,2026-07-30T02:50:00Z,47,0.073,,,Provisional/Provisoire,,
05EA010,2026-07-30T02:55:00Z,47,0.072,,,Provisional/Provisoire,,
05EA010,2026-07-30T03:00:00Z,47,0.072,,,Provisional/Provisoire,,
05EA010,2026-07-30T03:05:00Z,47,0.071,,,Provisional/Provisoire,,
05EA010,2026-07-30T03:10:00Z,47,0.070,,,Provisional/Provisoire,,
05EA010,2026-07-30T03:15:00Z,47,0.071,,,Provisional/Provisoire,,
05EA010,2026-07-30T03:20:00Z,47,0.070,,,Provisional/Provisoire,,
05EA010,2026-07-30T03:25:00Z,47,0.069,,,Provisional/Provisoire,,
05EA010,2026-07-30T03:30:00Z,47,0.069,,,Provisional/Provisoire,,
05EA010,2026-07-30T03:35:00Z,47,0.069,,,Provisional/Provisoire,,
05EA010,2026-07-30T03:40:00Z,47,0.068,,,Provisional/Provisoire,,
05EA010,2026-07-30T03:45:00Z,47,0.068,,,Provisional/Provisoire,,
05EA010,2026-07-30T03:50:00Z,47,0.067,,,Provisional/Provisoire,,
05EA010,2026-07-30T03:55:00Z,47,0.067,,,Provisional/Provisoire,,
05EA010,2026-07-30T04:00:00Z,47,0.067,,,Provisional/Provisoire,,
05EA010,2026-07-30T04:05:00Z,47,0.067,,,Provisional/Provisoire,,
05EA010,2026-07-30T04:10:00Z,47,0.066,,,Provisional/Provisoire,,
05EA010,2026-07-30T04:15:00Z,47,0.066,,,Provisional/Provisoire,,
05EA010,2026-07-30T04:20:00Z,47,0.065,,,Provisional/Provisoire,,
05EA010,2026-07-30T04:25:00Z,47,0.065,,,Provisional/Provisoire,,
05EA010,2026-07-30T04:30:00Z,47,0.065,,,Provisional/Provisoire,,
05EA010,2026-07-30T04:35:00Z,47,0.064,,,Provisional/Provisoire,,
05EA010,2026-07-30T04:40:00Z,47,0.063,,,Provisional/Provisoire,,
05EA010,2026-07-30T04:45:00Z,47,0.063,,,Provisional/Provisoire,,
05EA010,2026-07-30T04:50:00Z,47,0.063,,,Provisional/Provisoire,,
05EA010,2026-07-30T04:55:00Z,47,0.062,,,Provisional/Provisoire,,
05EA010,2026-07-30T05:00:00Z,47,0.062,,,Provisional/Provisoire,,
05EA010,2026-07-30T05:05:00Z,47,0.061,,,Provisional/Provisoire,,
05EA010,2026-07-30T05:10:00Z,47,0.062,,,Provisional/Provisoire,,
05EA010,2026-07-30T05:15:00Z,47,0.061,,,Provisional/Provisoire,,
05EA010,2026-07-30T05:20:00Z,47,0.060,,,Provisional/Provisoire,,
05EA010,2026-07-30T05:25:00Z,47,0.060,,,Provisional/Provisoire,,
05EA010,2026-07-30T05:30:00Z,47,0.059,,,Provisional/Provisoire,,
05EA010,2026-07-30T05:35:00Z,47,0.058,,,Provisional/Provisoire,,
05EA010,2026-07-30T05:40:00Z,47,0.058,,,Provisional/Provisoire,,
05EA010,2026-07-30T05:45:00Z,47,0.058,,,Provisional/Provisoire,,
05EA010,2026-07-30T05:50:00Z,47,0.058,,,Provisional/Provisoire,,
05EA010,2026-07-30T05:55:00Z,47,0.057,,,Provisional/Provisoire,,
05EA010,2026-07-30T06:00:00Z,47,0.057,,,Provisional/Provisoire,,
05EA010,2026-07-30T06:05:00Z,47,0.057,,,Provisional/Provisoire,,
05EA010,2026-07-30T06:10:00Z,47,0.057,,,Provisional/Provisoire,,
05EA010,2026-07-30T06:15:00Z,47,0.057,,,Provisional/Provisoire,,
05EA010,2026-07-30T06:20:00Z,47,0.057,,,Provisional/Provisoire,,
05EA010,2026-07-30T06:25:00Z,47,0.055,,,Provisional/Provisoire,,
05EA010,2026-07-30T06:30:00Z,47,0.056,,,Provisional/Provisoire,,
05EA010,2026-07-30T06:35:00Z,47,0.055,,,Provisional/Provisoire,,
05EA010,2026-07-30T06:40:00Z,47,0.055,,,Provisional/Provisoire,,
05EA010,2026-07-30T06:45:00Z,47,0.055,,,Provisional/Provisoire,,
05EA010,2026-07-30T06:50:00Z,47,0.055,,,Provisional/Provisoire,,
05EA010,2026-07-30T06:55:00Z,47,0.054,,,Provisional/Provisoire,,
05EA010,2026-07-30T07:00:00Z,47,0.054,,,Provisional/Provisoire,,
05EA010,2026-07-30T07:05:00Z,47,0.053,,,Provisional/Provisoire,,
05EA010,2026-07-30T07:10:00Z,47,0.053,,,Provisional/Provisoire,,
05EA010,2026-07-30T07:15:00Z,47,0.053,,,Provisional/Provisoire,,
05EA010,2026-07-30T07:20:00Z,47,0.053,,,Provisional/Provisoire,,
05EA010,2026-07-30T07:25:00Z,47,0.053,,,Provisional/Provisoire,,
05EA010,2026-07-30T07:30:00Z,47,0.052,,,Provisional/Provisoire,,
05EA010,2026-07-30T07:35:00Z,47,0.052,,,Provisional/Provisoire,,
05EA010,2026-07-30T07:40:00Z,47,0.052,,,Provisional/Provisoire,,
05EA010,2026-07-30T07:45:00Z,47,0.051,,,Provisional/Provisoire,,
05EA010,2026-07-30T07:50:00Z,47,0.051,,,Provisional/Provisoire,,
05EA010,2026-07-30T07:55:00Z,47,0.050,,,Provisional/Provisoire,,
05EA010,2026-07-30T08:00:00Z,47,0.050,,,Provisional/Provisoire,,
05EA010,2026-07-30T08:05:00Z,47,0.050,,,Provisional/Provisoire,,
05EA010,2026-07-30T08:10:00Z,47,0.050,,,Provisional/Provisoire,,
05EA010,2026-07-30T08:15:00Z,47,0.050,,,Provisional/Provisoire,,
05EA010,2026-07-30T08:20:00Z,47,0.050,,,Provisional/Provisoire,,
05EA010,2026-07-30T08:25:00Z,47,0.050,,,Provisional/Provisoire,,
05EA010,2026-07-30T08:30:00Z,47,0.049,,,Provisional/Provisoire,,
05EA010,2026-07-30T08:35:00Z,47,0.049,,,Provisional/Provisoire,,
05EA010,2026-07-30T08:40:00Z,47,0.049,,,Provisional/Provisoire,,
05EA010,2026-07-30T08:45:00Z,47,0.049,,,Provisional/Provisoire,,
05EA010,2026-07-30T08:50:00Z,47,0.049,,,Provisional/Provisoire,,
05EA010,2026-07-30T08:55:00Z,47,0.048,,,Provisional/Provisoire,,
05EA010,2026-07-30T09:00:00Z,47,0.048,,,Provisional/Provisoire,,
05EA010,2026-07-30T09:05:00Z,47,0.047,,,Provisional/Provisoire,,
05EA010,2026-07-30T09:10:00Z,47,0.048,,,Provisional/Provisoire,,
05EA010,2026-07-30T09:15:00Z,47,0.047,,,Provisional/Provisoire,,
05EA010,2026-07-30T09:20:00Z,47,0.047,,,Provisional/Provisoire,,
05EA010,2026-07-30T09:25:00Z,47,0.046,,,Provisional/Provisoire,,
05EA010,2026-07-30T09:30:00Z,47,0.046,,,Provisional/Provisoire,,
05EA010,2026-07-30T09:35:00Z,47,0.046,,,Provisional/Provisoire,,
05EA010,2026-07-30T09:40:00Z,47,0.046,,,Provisional/Provisoire,,
05EA010,2026-07-30T09:45:00Z,47,0.046,,,Provisional/Provisoire,,
05EA010,2026-07-30T09:50:00Z,47,0.045,,,Provisional/Provisoire,,
05EA010,2026-07-30T09:55:00Z,47,0.045,,,Provisional/Provisoire,,
05EA010,2026-07-30T10:00:00Z,47,0.045,,,Provisional/Provisoire,,
05EA010,2026-07-30T10:05:00Z,47,0.044,,,Provisional/Provisoire,,
05EA010,2026-07-30T10:10:00Z,47,0.044,,,Provisional/Provisoire,,
05EA010,2026-07-30T10:15:00Z,47,0.044,,,Provisional/Provisoire,,
05EA010,2026-07-30T10:20:00Z,47,0.044,,,Provisional/Provisoire,,
05EA010,2026-07-30T10:25:00Z,47,0.043,,,Provisional/Provisoire,,
05EA010,2026-07-30T10:30:00Z,47,0.044,,,Provisional/Provisoire,,
05EA010,2026-07-30T10:35:00Z,47,0.043,,,Provisional/Provisoire,,
05EA010,2026-07-30T10:40:00Z,47,0.043,,,Provisional/Provisoire,,
05EA010,2026-07-30T10:45:00Z,47,0.042,,,Provisional/Provisoire,,
05EA010,2026-07-30T10:50:00Z,47,0.043,,,Provisional/Provisoire,,
05EA010,2026-07-30T10:55:00Z,47,0.042,,,Provisional/Provisoire,,
05EA010,2026-07-30T11:00:00Z,47,0.042,,,Provisional/Provisoire,,
05EA010,2026-07-30T11:05:00Z,47,0.042,,,Provisional/Provisoire,,
05EA010,2026-07-30T11:10:00Z,47,0.042,,,Provisional/Provisoire,,
05EA010,2026-07-30T11:15:00Z,47,0.042,,,Provisional/Provisoire,,
05EA010,2026-07-30T11:20:00Z,47,0.042,,,Provisional/Provisoire,,
05EA010,2026-07-30T11:25:00Z,47,0.042,,,Provisional/Provisoire,,
05EA010,2026-07-30T11:30:00Z,47,0.041,,,Provisional/Provisoire,,
05EA010,2026-07-30T11:35:00Z,47,0.041,,,Provisional/Provisoire,,
05EA010,2026-07-30T11:40:00Z,47,0.041,,,Provisional/Provisoire,,
05EA010,2026-07-30T11:45:00Z,47,0.040,,,Provisional/Provisoire,,
05EA010,2026-07-30T11:50:00Z,47,0.040,,,Provisional/Provisoire,,
05EA010,2026-07-30T11:55:00Z,47,0.040,,,Provisional/Provisoire,,
05EA010,2026-07-30T12:00:00Z,47,0.040,,,Provisional/Provisoire,,
05EA010,2026-07-30T12:05:00Z,47,0.040,,,Provisional/Provisoire,,
05EA010,2026-07-30T12:10:00Z,47,0.040,,,Provisional/Provisoire,,
05EA010,2026-07-30T12:15:00Z,47,0.039,,,Provisional/Provisoire,,
05EA010,2026-07-30T12:20:00Z,47,0.040,,,Provisional/Provisoire,,
05EA010,2026-07-30T12:25:00Z,47,0.039,,,Provisional/Provisoire,,
05EA010,2026-07-30T12:30:00Z,47,0.039,,,Provisional/Provisoire,,
05EA010,2026-07-30T12:35:00Z,47,0.039,,,Provisional/Provisoire,,
05EA010,2026-07-30T12:40:00Z,47,0.039,,,Provisional/Provisoire,,
05EA010,2026-07-30T12:45:00Z,47,0.038,,,Provisional/Provisoire,,
05EA010,2026-07-30T12:50:00Z,47,0.037,,,Provisional/Provisoire,,
05EA010,2026-07-30T12:55:00Z,47,0.038,,,Provisional/Provisoire,,
05EA010,2026-07-30T13:00:00Z,47,0.037,,,Provisional/Provisoire,,
05EA010,2026-07-30T13:05:00Z,47,0.037,,,Provisional/Provisoire,,
05EA010,2026-07-30T13:10:00Z,47,0.037,,,Provisional/Provisoire,,
05EA010,2026-07-30T13:15:00Z,47,0.037,,,Provisional/Provisoire,,
05EA010,2026-07-30T13:20:00Z,47,0.037,,,Provisional/Provisoire,,
05EA010,2026-07-30T13:25:00Z,47,0.037,,,Provisional/Provisoire,,
05EA010,2026-07-30T13:30:00Z,47,0.037,,,Provisional/Provisoire,,
05EA010,2026-07-30T13:35:00Z,47,0.037,,,Provisional/Provisoire,,
05EA010,2026-07-30T13:40:00Z,47,0.037,,,Provisional/Provisoire,,
05EA010,2026-07-30T13:45:00Z,47,0.037,,,Provisional/Provisoire,,
05EA010,2026-07-30T13:50:00Z,47,0.037,,,Provisional/Provisoire,,
05EA010,2026-07-30T13:55:00Z,47,0.037,,,Provisional/Provisoire,,
05EA010,2026-07-30T14:00:00Z,47,0.037,,,Provisional/Provisoire,,
05EA010,2026-07-30T14:05:00Z,47,0.037,,,Provisional/Provisoire,,
05EA010,2026-07-30T14:10:00Z,47,0.037,,,Provisional/Provisoire,,
05EA010,2026-07-30T14:15:00Z,47,0.037,,,Provisional/Provisoire,,
05EA010,2026-07-30T14:20:00Z,47,0.036,,,Provisional/Provisoire,,
05EA010,2026-07-30T14:25:00Z,47,0.036,,,Provisional/Provisoire,,
05EA010,2026-07-30T14:30:00Z,47,0.037,,,Provisional/Provisoire,,
05EA010,2026-07-30T14:35:00Z,47,0.036,,,Provisional/Provisoire,,
05EA010,2026-07-30T14:40:00Z,47,0.036,,,Provisional/Provisoire,,
05EA010,2026-07-30T14:45:00Z,47,0.036,,,Provisional/Provisoire,,
05EA010,2026-07-30T14:50:00Z,47,0.035,,,Provisional/Provisoire,,
05EA010,2026-07-30T14:55:00Z,47,0.035,,,Provisional/Provisoire,,
05EA010,2026-07-30T15:00:00Z,47,0.035,,,Provisional/Provisoire,,
05EA010,2026-07-30T15:05:00Z,47,0.035,,,Provisional/Provisoire,,
05EA010,2026-07-30T15:10:00Z,47,0.035,,,Provisional/Provisoire,,
05EA010,2026-07-30T15:15:00Z,47,0.035,,,Provisional/Provisoire,,
05EA010,2026-07-30T15:20:00Z,47,0.035,,,Provisional/Provisoire,,
05EA010,2026-07-30T15:25:00Z,47,0.035,,,Provisional/Provisoire,,
05EA010,2026-07-30T15:30:00Z,47,0.034,,,Provisional/Provisoire,,
05EA010,2026-07-30T15:35:00Z,47,0.035,,,Provisional/Provisoire,,
05EA010,2026-07-30T15:40:00Z,47,0.035,,,Provisional/Provisoire,,
05EA010,2026-07-30T15:45:00Z,47,0.034,,,Provisional/Provisoire,,
05EA010,2026-07-30T15:50:00Z,47,0.034,,,Provisional/Provisoire,,
05EA010,2026-07-30T15:55:00Z,47,0.034,,,Provisional/Provisoire,,
05EA010,2026-07-30T16:00:00Z,47,0.034,,,Provisional/Provisoire,,
05EA010,2026-07-30T16:05:00Z,47,0.033,,,Provisional/Provisoire,,
05EA010,2026-07-30T16:10:00Z,47,0.033,,,Provisional/Provisoire,,
05EA010,2026-07-30T16:15:00Z,47,0.033,,,Provisional/Provisoire,,
05EA010,2026-07-30T16:20:00Z,47,0.034,,,Provisional/Provisoire,,
05EA010,2026-07-30T16:25:00Z,47,0.033,,,Provisional/Provisoire,,
05EA010,2026-07-30T16:30:00Z,47,0.033,,,Provisional/Provisoire,,
05EA010,2026-07-30T16:35:00Z,47,0.033,,,Provisional/Provisoire,,
05EA010,2026-07-30T16:40:00Z,47,0.033,,,Provisional/Provisoire,,
05EA010,2026-07-30T16:45:00Z,47,0.033,,,Provisional/Provisoire,,
05EA010,2026-07-30T16:50:00Z,47,0.032,,,Provisional/Provisoire,,
05EA010,2026-07-30T16:55:00Z,47,0.033,,,Provisional/Provisoire,,
05EA010,2026-07-30T17:00:00Z,47,0.033,,,Provisional/Provisoire,,
05EA010,2026-07-30T17:05:00Z,47,0.033,,,Provisional/Provisoire,,
05EA010,2026-07-30T17:10:00Z,47,0.032,,,Provisional/Provisoire,,
05EA010,2026-07-30T17:15:00Z,47,0.031,,,Provisional/Provisoire,,
05EA010,2026-07-30T17:20:00Z,47,0.032,,,Provisional/Provisoire,,
05EA010,2026-07-30T17:25:00Z,47,0.032,,,Provisional/Provisoire,,
05EA010,2026-07-30T17:30:00Z,47,0.031,,,Provisional/Provisoire,,
05EA010,2026-07-30T17:35:00Z,47,0.031,,,Provisional/Provisoire,,
05EA010,2026-07-30T17:40:00Z,47,0.031,,,Provisional/Provisoire,,
05EA010,2026-07-30T17:45:00Z,47,0.031,,,Provisional/Provisoire,,
05EA010,2026-07-30T17:50:00Z,47,0.031,,,Provisional/Provisoire,,
05EA010,2026-07-30T17:55:00Z,47,0.031,,,Provisional/Provisoire,,
05EA010,2026-07-30T18:00:00Z,47,0.031,,,Provisional/Provisoire,,
05EA010,2026-07-30T18:05:00Z,47,0.031,,,Provisional/Provisoire,,
05EA010,2026-07-30T18:10:00Z,47,0.031,,,Provisional/Provisoire,,
05EA010,2026-07-30T18:15:00Z,47,0.031,,,Provisional/Provisoire,,
05EA010,2026-07-30T18:20:00Z,47,0.030,,,Provisional/Provisoire,,
05EA010,2026-07-30T18:25:00Z,47,0.030,,,Provisional/Provisoire,,
05EA010,2026-07-30T18:30:00Z,47,0.030,,,Provisional/Provisoire,,
05EA010,2026-07-30T18:35:00Z,47,0.031,,,Provisional/Provisoire,,
05EA010,2026-07-30T18:40:00Z,47,0.030,,,Provisional/Provisoire,,
05EA010,2026-07-30T18:45:00Z,47,0.030,,,Provisional/Provisoire,,
05EA010,2026-07-30T18:50:00Z,47,0.029,,,Provisional/Provisoire,,
05EA010,2026-07-30T18:55:00Z,47,0.029,,,Provisional/Provisoire,,
05EA010,2026-07-30T19:00:00Z,47,0.030,,,Provisional/Provisoire,,
05EA010,2026-07-30T19:05:00Z,47,0.029,,,Provisional/Provisoire,,
05EA010,2026-07-30T19:10:00Z,47,0.029,,,Provisional/Provisoire,,
05EA010,2026-07-30T19:15:00Z,47,0.029,,,Provisional/Provisoire,,
05EA010,2026-07-30T19:20:00Z,47,0.029,,,Provisional/Provisoire,,
05EA010,2026-07-30T19:25:00Z,47,0.029,,,Provisional/Provisoire,,
05EA010,2026-07-30T19:30:00Z,47,0.029,,,Provisional/Provisoire,,
05EA010,2026-07-30T19:35:00Z,47,0.029,,,Provisional/Provisoire,,
05EA010,2026-07-30T19:40:00Z,47,0.029,,,Provisional/Provisoire,,
05EA010,2026-07-30T19:45:00Z,47,0.029,,,Provisional/Provisoire,,
05EA010,2026-07-30T19:50:00Z,47,0.028,,,Provisional/Provisoire,,
05EA010,2026-07-30T19:55:00Z,47,0.028,,,Provisional/Provisoire,,
05EA010,2026-07-30T20:00:00Z,47,0.028,,,Provisional/Provisoire,,
05EA010,2026-07-30T20:05:00Z,47,0.029,,,Provisional/Provisoire,,
05EA010,2026-07-30T20:10:00Z,47,0.028,,,Provisional/Provisoire,,
05EA010,2026-07-30T20:15:00Z,47,0.028,,,Provisional/Provisoire,,
05EA010,2026-07-30T20:20:00Z,47,0.028,,,Provisional/Provisoire,,
05EA010,2026-07-30T20:25:00Z,47,0.028,,,Provisional/Provisoire,,
05EA010,2026-07-30T20:30:00Z,47,0.027,,,Provisional/Provisoire,,
05EA010,2026-07-30T20:35:00Z,47,0.027,,,Provisional/Provisoire,,
05EA010,2026-07-30T20:40:00Z,47,0.027,,,Provisional/Provisoire,,
05EA010,2026-07-30T20:45:00Z,47,0.028,,,Provisional/Provisoire,,
05EA010,2026-07-30T20:50:00Z,47,0.029,,,Provisional/Provisoire,,
05EA010,2026-07-30T20:55:00Z,47,0.029,,,Provisional/Provisoire,,
05EA010,2026-07-30T21:00:00Z,47,0.030,,,Provisional/Provisoire,,
05EA010,2026-07-30T21:05:00Z,47,0.031,,,Provisional/Provisoire,,
05EA010,2026-07-30T21:10:00Z,47,0.034,,,Provisional/Provisoire,,
05EA010,2026-07-30T21:15:00Z,47,0.037,,,Provisional/Provisoire,,
05EA010,2026-07-30T21:20:00Z,47,0.040,,,Provisional/Provisoire,,
05EA010,2026-07-30T21:25:00Z,47,0.045,,,Provisional/Provisoire,,
05EA010,2026-07-30T21:30:00Z,47,0.050,,,Provisional/Provisoire,,
05EA010,2026-07-30T21:35:00Z,47,0.057,,,Provisional/Provisoire,,
05EA010,2026-07-30T21:40:00Z,47,0.063,,,Provisional/Provisoire,,
05EA010,2026-07-30T21:45:00Z,47,0.068,,,Provisional/Provisoire,,
05EA010,2026-07-30T21:50:00Z,47,0.072,,,Provisional/Provisoire,,
05EA010,2026-07-30T21:55:00Z,47,0.076,,,Provisional/Provisoire,,
05EA010,2026-07-30T22:00:00Z,47,0.079,,,Provisional/Provisoire,,
05EA010,2026-07-30T22:05:00Z,47,0.081,,,Provisional/Provisoire,,
05EA010,2026-07-30T22:10:00Z,47,0.083,,,Provisional/Provisoire,,
05EA010,2026-07-30T22:15:00Z,47,0.083,,,Provisional/Provisoire,,
05EA010,2026-07-30T22:20:00Z,47,0.083,,,Provisional/Provisoire,,
05EA010,2026-07-30T22:25:00Z,47,0.083,,,Provisional/Provisoire,,
05EA010,2026-07-30T22:30:00Z,47,0.082,,,Provisional/Provisoire,,
05EA010,2026-07-30T22:35:00Z,47,0.081,,,Provisional/Provisoire,,
05EA010,2026-07-30T22:40:00Z,47,0.079,,,Provisional/Provisoire,,
05EA010,2026-07-30T22:45:00Z,47,0.078,,,Provisional/Provisoire,,
05EA010,2026-07-30T22:50:00Z,47,0.076,,,Provisional/Provisoire,,
05EA010,2026-07-30T22:55:00Z,47,0.075,,,Provisional/Provisoire,,
05EA010,2026-07-30T23:00:00Z,47,0.073,,,Provisional/Provisoire,,
05EA010,2026-07-30T23:05:00Z,47,0.071,,,Provisional/Provisoire,,
05EA010,2026-07-30T23:10:00Z,47,0.070,,,Provisional/Provisoire,,
05EA010,2026-07-30T23:15:00Z,47,0.069,,,Provisional/Provisoire,,
05EA010,2026-07-30T23:20:00Z,47,0.068,,,Provisional/Provisoire,,
05EA010,2026-07-30T23:25:00Z,47,0.068,,,Provisional/Provisoire,,
05EA010,2026-07-30T23:30:00Z,47,0.067,,,Provisional/Provisoire,,
05EA010,2026-07-30T23:35:00Z,47,0.067,,,Provisional/Provisoire,,
05EA010,2026-07-30T23:40:00Z,47,0.067,,,Provisional/Provisoire,,
05EA010,2026-07-30T23:45:00Z,47,0.068,,,Provisional/Provisoire,,
05EA010,2026-07-30T23:50:00Z,47,0.068,,,Provisional/Provisoire,,
05EA010,2026-07-30T23:55:00Z,47,0.069,,,Provisional/Provisoire,,
05EA010,2026-07-31T00:00:00Z,47,0.070,,,Provisional/Provisoire,,
05EA010,2026-07-31T00:05:00Z,47,0.069,,,Provisional/Provisoire,,
05EA010,2026-07-31T00:10:00Z,47,0.070,,,Provisional/Provisoire,,
05EA010,2026-07-31T00:15:00Z,47,0.069,,,Provisional/Provisoire,,
05EA010,2026-07-31T00:20:00Z,47,0.070,,,Provisional/Provisoire,,
05EA010,2026-07-31T00:25:00Z,47,0.069,,,Provisional/Provisoire,,
05EA010,2026-07-31T00:30:00Z,47,0.070,,,Provisional/Provisoire,,
05EA010,2026-07-31T00:35:00Z,47,0.069,,,Provisional/Provisoire,,
05EA010,2026-07-31T00:40:00Z,47,0.067,,,Provisional/Provisoire,,
05EA010,2026-07-31T00:45:00Z,47,0.067,,,Provisional/Provisoire,,
05EA010,2026-07-31T00:50:00Z,47,0.067,,,Provisional/Provisoire,,
05EA010,2026-07-31T00:55:00Z,47,0.064,,,Provisional/Provisoire,,
05EA010,2026-07-31T01:00:00Z,47,0.063,,,Provisional/Provisoire,,
05EA010,2026-07-31T01:05:00Z,47,0.061,,,Provisional/Provisoire,,
05EA010,2026-07-31T01:10:00Z,47,0.059,,,Provisional/Provisoire,,
05EA010,2026-07-31T01:15:00Z,47,0.058,,,Provisional/Provisoire,,
05EA010,2026-07-31T01:20:00Z,47,0.057,,,Provisional/Provisoire,,
05EA010,2026-07-31T01:25:00Z,47,0.055,,,Provisional/Provisoire,,
05EA010,2026-07-31T01:30:00Z,47,0.053,,,Provisional/Provisoire,,
05EA010,2026-07-31T01:35:00Z,47,0.051,,,Provisional/Provisoire,,
05EA010,2026-07-31T01:40:00Z,47,0.050,,,Provisional/Provisoire,,
05EA010,2026-07-31T01:45:00Z,47,0.049,,,Provisional/Provisoire,,
05EA010,2026-07-31T01:50:00Z,47,0.047,,,Provisional/Provisoire,,
05EA010,2026-07-31T01:55:00Z,47,0.046,,,Provisional/Provisoire,,
05EA010,2026-07-31T02:00:00Z,47,0.044,,,Provisional/Provisoire,,
05EA010,2026-07-31T02:05:00Z,47,0.043,,,Provisional/Provisoire,,
05EA010,2026-07-31T02:10:00Z,47,0.042,,,Provisional/Provisoire,,
05EA010,2026-07-31T02:15:00Z,47,0.040,,,Provisional/Provisoire,,
05EA010,2026-07-31T02:20:00Z,47,0.039,,,Provisional/Provisoire,,
05EA010,2026-07-31T02:25:00Z,47,0.039,,,Provisional/Provisoire,,
05EA010,2026-07-31T02:30:00Z,47,0.038,,,Provisional/Provisoire,,
05EA010,2026-07-31T02:35:00Z,47,0.037,,,Provisional/Provisoire,,
05EA010,2026-07-31T02:40:00Z,47,0.036,,,Provisional/Provisoire,,
05EA010,2026-07-31T02:45:00Z,47,0.035,,,Provisional/Provisoire,,
05EA010,2026-07-31T02:50:00Z,47,0.035,,,Provisional/Provisoire,,
05EA010,2026-07-31T02:55:00Z,47,0.033,,,Provisional/Provisoire,,
05EA010,2026-07-31T03:00:00Z,47,0.033,,,Provisional/Provisoire,,
05EA010,2026-07-31T03:05:00Z,47,0.032,,,Provisional/Provisoire,,
05EA010,2026-07-31T03:10:00Z,47,0.031,,,Provisional/Provisoire,,
05EA010,2026-07-31T03:15:00Z,47,0.030,,,Provisional/Provisoire,,
05EA010,2026-07-31T03:20:00Z,47,0.029,,,Provisional/Provisoire,,
05EA010,2026-07-31T03:25:00Z,47,0.029,,,Provisional/Provisoire,,
05EA010,2026-07-31T03:30:00Z,47,0.028,,,Provisional/Provisoire,,
05EA010,2026-07-31T03:35:00Z,47,0.028,,,Provisional/Provisoire,,
05EA010,2026-07-31T03:40:00Z,47,0.028,,,Provisional/Provisoire,,
05EA010,2026-07-31T03:45:00Z,47,0.027,,,Provisional/Provisoire,,
05EA010,2026-07-31T03:50:00Z,47,0.026,,,Provisional/Provisoire,,
05EA010,2026-07-31T03:55:00Z,47,0.026,,,Provisional/Provisoire,,
05EA010,2026-07-31T04:00:00Z,47,0.026,,,Provisional/Provisoire,,
05EA010,2026-07-31T04:05:00Z,47,0.026,,,Provisional/Provisoire,,
05EA010,2026-07-31T04:10:00Z,47,0.025,,,Provisional/Provisoire,,
05EA010,2026-07-31T04:15:00Z,47,0.025,,,Provisional/Provisoire,,
05EA010,2026-07-31T04:20:00Z,47,0.025,,,Provisional/Provisoire,,
05EA010,2026-07-31T04:25:00Z,47,0.024,,,Provisional/Provisoire,,
05EA010,2026-07-31T04:30:00Z,47,0.024,,,Provisional/Provisoire,,
05EA010,2026-07-31T04:35:00Z,47,0.023,,,Provisional/Provisoire,,
05EA010,2026-07-31T04:40:00Z,47,0.023,,,Provisional/Provisoire,,
05EA010,2026-07-31T04:45:00Z,47,0.023,,,Provisional/Provisoire,,
05EA010,2026-07-31T04:50:00Z,47,0.023,,,Provisional/Provisoire,,
05EA010,2026-07-31T04:55:00Z,47,0.022,,,Provisional/Provisoire,,
05EA010,2026-07-31T05:00:00Z,47,0.022,,,Provisional/Provisoire,,
05EA010,2026-07-31T05:05:00Z,47,0.022,,,Provisional/Provisoire,,
05EA010,2026-07-31T05:10:00Z,47,0.022,,,Provisional/Provisoire,,
05EA010,2026-07-31T05:15:00Z,47,0.021,,,Provisional/Provisoire,,
05EA010,2026-07-31T05:20:00Z,47,0.021,,,Provisional/Provisoire,,
05EA010,2026-07-31T05:25:00Z,47,0.020,,,Provisional/Provisoire,,
05EA010,2026-07-31T05:30:00Z,47,0.020,,,Provisional/Provisoire,,
05EA010,2026-07-31T05:35:00Z,47,0.020,,,Provisional/Provisoire,,
05EA010,2026-07-31T05:40:00Z,47,0.020,,,Provisional/Provisoire,,
05EA010,2026-07-31T05:45:00Z,47,0.020,,,Provisional/Provisoire,,
05EA010,2026-07-31T05:50:00Z,47,0.019,,,Provisional/Provisoire,,
05EA010,2026-07-31T05:55:00Z,47,0.019,,,Provisional/Provisoire,,
05EA010,2026-07-31T06:00:00Z,47,0.019,,,Provisional/Provisoire,,
05EA010,2026-07-31T06:05:00Z,47,0.019,,,Provisional/Provisoire,,
05EA010,2026-07-31T06:10:00Z,47,0.019,,,Provisional/Provisoire,,
05EA010,2026-07-31T06:15:00Z,47,0.018,,,Provisional/Provisoire,,
05EA010,2026-07-31T06:20:00Z,47,0.018,,,Provisional/Provisoire,,
05EA010,2026-07-31T06:25:00Z,47,0.018,,,Provisional/Provisoire,,
05EA010,2026-07-31T06:30:00Z,47,0.017,,,Provisional/Provisoire,,
05EA010,2026-07-31T06:35:00Z,47,0.017,,,Provisional/Provisoire,,
05EA010,2026-07-31T06:40:00Z,47,0.017,,,Provisional/Provisoire,,
05EA010,2026-07-31T06:45:00Z,47,0.017,,,Provisional/Provisoire,,
05EA010,2026-07-31T06:50:00Z,47,0.016,,,Provisional/Provisoire,,
05EA010,2026-07-31T06:55:00Z,47,0.016,,,Provisional/Provisoire,,
05EA010,2026-07-31T07:00:00Z,47,0.016,,,Provisional/Provisoire,,
05EA010,2026-07-31T07:05:00Z,47,0.016,,,Provisional/Provisoire,,
05EA010,2026-07-31T07:10:00Z,47,0.016,,,Provisional/Provisoire,,
05EA010,2026-07-31T07:15:00Z,47,0.015,,,Provisional/Provisoire,,
05EA010,2026-07-31T07:20:00Z,47,0.016,,,Provisional/Provisoire,,
05EA010,2026-07-31T07:25:00Z,47,0.015,,,Provisional/Provisoire,,
05EA010,2026-07-31T07:30:00Z,47,0.015,,,Provisional/Provisoire,,
05EA010,2026-07-31T07:35:00Z,47,0.015,,,Provisional/Provisoire,,
05EA010,2026-07-31T07:40:00Z,47,0.015,,,Provisional/Provisoire,,
05EA010,2026-07-31T07:45:00Z,47,0.015,,,Provisional/Provisoire,,
05EA010,2026-07-31T07:50:00Z,47,0.015,,,Provisional/Provisoire,,
05EA010,2026-07-31T07:55:00Z,47,0.015,,,Provisional/Provisoire,,
05EA010,2026-07-31T08:00:00Z,47,0.015,,,Provisional/Provisoire,,
05EA010,2026-07-31T08:05:00Z,47,0.015,,,Provisional/Provisoire,,
05EA010,2026-07-31T08:10:00Z,47,0.015,,,Provisional/Provisoire,,
05EA010,2026-07-31T08:15:00Z,47,0.015,,,Provisional/Provisoire,,
05EA010,2026-07-31T08:20:00Z,47,0.015,,,Provisional/Provisoire,,
05EA010,2026-07-31T08:25:00Z,47,0.014,,,Provisional/Provisoire,,
05EA010,2026-07-31T08:30:00Z,47,0.014,,,Provisional/Provisoire,,
05EA010,2026-07-31T08:35:00Z,47,0.014,,,Provisional/Provisoire,,
05EA010,2026-07-31T08:40:00Z,47,0.014,,,Provisional/Provisoire,,
05EA010,2026-07-31T08:45:00Z,47,0.014,,,Provisional/Provisoire,,
05EA010,2026-07-31T08:50:00Z,47,0.015,,,Provisional/Provisoire,,
05EA010,2026-07-31T08:55:00Z,47,0.014,,,Provisional/Provisoire,,
05EA010,2026-07-31T09:00:00Z,47,0.014,,,Provisional/Provisoire,,
05EA010,2026-07-31T09:05:00Z,47,0.014,,,Provisional/Provisoire,,
05EA010,2026-07-31T09:10:00Z,47,0.014,,,Provisional/Provisoire,,
05EA010,2026-07-31T09:15:00Z,47,0.014,,,Provisional/Provisoire,,
05EA010,2026-07-31T09:20:00Z,47,0.014,,,Provisional/Provisoire,,
05EA010,2026-07-31T09:25:00Z,47,0.014,,,Provisional/Provisoire,,
05EA010,2026-07-31T09:30:00Z,47,0.014,,,Provisional/Provisoire,,
05EA010,2026-07-31T09:35:00Z,47,0.014,,,Provisional/Provisoire,,
05EA010,2026-07-31T09:40:00Z,47,0.014,,,Provisional/Provisoire,,
05EA010,2026-07-31T09:45:00Z,47,0.013,,,Provisional/Provisoire,,
05EA010,2026-07-31T09:50:00Z,47,0.013,,,Provisional/Provisoire,,
05EA010,2026-07-31T09:55:00Z,47,0.013,,,Provisional/Provisoire,,
05EA010,2026-07-31T10:00:00Z,47,0.013,,,Provisional/Provisoire,,
05EA010,2026-07-31T10:05:00Z,47,0.013,,,Provisional/Provisoire,,
05EA010,2026-07-31T10:10:00Z,47,0.013,,,Provisional/Provisoire,,
05EA010,2026-07-31T10:15:00Z,47,0.012,,,Provisional/Provisoire,,
05EA010,2026-07-31T10:20:00Z,47,0.012,,,Provisional/Provisoire,,
05EA010,2026-07-31T10:25:00Z,47,0.013,,,Provisional/Provisoire,,
05EA010,2026-07-31T10:30:00Z,47,0.012,,,Provisional/Provisoire,,
05EA010,2026-07-31T10:35:00Z,47,0.012,,,Provisional/Provisoire,,
05EA010,2026-07-31T10:40:00Z,47,0.012,,,Provisional/Provisoire,,
05EA010,2026-07-31T10:45:00Z,47,0.012,,,Provisional/Provisoire,,
05EA010,2026-07-31T10:50:00Z,47,0.012,,,Provisional/Provisoire,,
05EA010,2026-07-31T10:55:00Z,47,0.012,,,Provisional/Provisoire,,
05EA010,2026-07-31T11:00:00Z,47,0.012,,,Provisional/Provisoire,,
05EA010,2026-07-31T11:05:00Z,47,0.011,,,Provisional/Provisoire,,
05EA010,2026-07-31T11:10:00Z,47,0.012,,,Provisional/Provisoire,,
05EA010,2026-07-31T11:15:00Z,47,0.011,,,Provisional/Provisoire,,
05EA010,2026-07-31T11:20:00Z,47,0.011,,,Provisional/Provisoire,,
05EA010,2026-07-31T11:25:00Z,47,0.011,,,Provisional/Provisoire,,
05EA010,2026-07-31T11:30:00Z,47,0.011,,,Provisional/Provisoire,,
05EA010,2026-07-31T11:35:00Z,47,0.011,,,Provisional/Provisoire,,
05EA010,2026-07-31T11:40:00Z,47,0.011,,,Provisional/Provisoire,,
05EA010,2026-07-31T11:45:00Z,47,0.011,,,Provisional/Provisoire,,
05EA010,2026-07-31T11:50:00Z,47,0.011,,,Provisional/Provisoire,,
05EA010,2026-07-31T11:55:00Z,47,0.011,,,Provisional/Provisoire,,
05EA010,2026-07-31T12:00:00Z,47,0.011,,,Provisional/Provisoire,,
05EA010,2026-07-31T12:05:00Z,47,0.011,,,Provisional/Provisoire,,
05EA010,2026-07-31T12:10:00Z,47,0.011,,,Provisional/Provisoire,,
05EA010,2026-07-31T12:15:00Z,47,0.011,,,Provisional/Provisoire,,
05EA010,2026-07-31T12:20:00Z,47,0.011,,,Provisional/Provisoire,,
05EA010,2026-07-31T12:25:00Z,47,0.011,,,Provisional/Provisoire,,
05EA010,2026-07-31T12:30:00Z,47,0.011,,,Provisional/Provisoire,,
05EA010,2026-07-31T12:35:00Z,47,0.011,,,Provisional/Provisoire,,
05EA010,2026-07-31T12:40:00Z,47,0.011,,,Provisional/Provisoire,,
05EA010,2026-07-31T12:45:00Z,47,0.011,,,Provisional/Provisoire,,
05EA010,2026-07-31T12:50:00Z,47,0.011,,,Provisional/Provisoire,,
05EA010,2026-07-31T12:55:00Z,47,0.011,,,Provisional/Provisoire,,
05EA010,2026-07-31T13:00:00Z,47,0.011,,,Provisional/Provisoire,,
05EA010,2026-07-31T13:05:00Z,47,0.010,,,Provisional/Provisoire,,
05EA010,2026-07-31T13:10:00Z,47,0.010,,,Provisional/Provisoire,,
05EA010,2026-07-31T13:15:00Z,47,0.010,,,Provisional/Provisoire,,
05EA010,2026-07-31T13:20:00Z,47,0.010,,,Provisional/Provisoire,,
05EA010,2026-07-31T13:25:00Z,47,0.010,,,Provisional/Provisoire,,
05EA010,2026-07-31T13:30:00Z,47,0.010,,,Provisional/Provisoire,,
05EA010,2026-07-31T13:35:00Z,47,0.010,,,Provisional/Provisoire,,
05EA010,2026-07-31T13:40:00Z,47,0.009,,,Provisional/Provisoire,,
05EA010,2026-07-31T13:45:00Z,47,0.009,,,Provisional/Provisoire,,
05EA010,2026-07-31T13:50:00Z,47,0.009,,,Provisional/Provisoire,,
05EA010,2026-07-31T13:55:00Z,47,0.009,,,Provisional/Provisoire,,
05EA010,2026-07-31T14:00:00Z,47,0.009,,,Provisional/Provisoire,,
05EA010,2026-07-31T14:05:00Z,47,0.009,,,Provisional/Provisoire,,
05EA010,2026-07-31T14:10:00Z,47,0.008,,,Provisional/Provisoire,,
05EA010,2026-07-31T14:15:00Z,47,0.008,,,Provisional/Provisoire,,
05EA010,2026-07-31T14:20:00Z,47,0.008,,,Provisional/Provisoire,,
05EA010,2026-07-31T14:25:00Z,47,0.008,,,Provisional/Provisoire,,
05EA010,2026-07-31T14:30:00Z,47,0.008,,,Provisional/Provisoire,,
05EA010,2026-07-31T14:35:00Z,47,0.008,,,Provisional/Provisoire,,
05EA010,2026-07-31T14:40:00Z,47,0.008,,,Provisional/Provisoire,,
05EA010,2026-07-31T14:45:00Z,47,0.008,,,Provisional/Provisoire,,
05EA010,2026-07-31T14:50:00Z,47,0.008,,,Provisional/Provisoire,,
05EA010,2026-07-31T14:55:00Z,47,0.008,,,Provisional/Provisoire,,
05EA010,2026-07-31T15:00:00Z,47,0.008,,,Provisional/Provisoire,,
05EA010,2026-07-31T15:05:00Z,47,0.007,,,Provisional/Provisoire,,
05EA010,2026-07-31T15:10:00Z,47,0.007,,,Provisional/Provisoire,,
05EA010,2026-07-31T15:15:00Z,47,0.007,,,Provisional/Provisoire,,
05EA010,2026-07-31T15:20:00Z,47,0.007,,,Provisional/Provisoire,,
05EA010,2026-07-31T15:25:00Z,47,0.007,,,Provisional/Provisoire,,
05EA010,2026-07-31T15:30:00Z,47,0.007,,,Provisional/Provisoire,,
05EA010,2026-07-31T15:35:00Z,47,0.007,,,Provisional/Provisoire,,
05EA010,2026-07-31T15:40:00Z,47,0.007,,,Provisional/Provisoire,,
05EA010,2026-07-31T15:45:00Z,47,0.007,,,Provisional/Provisoire,,
05EA010,2026-07-31T15:50:00Z,47,0.007,,,Provisional/Provisoire,,
05EA010,2026-07-31T15:55:00Z,47,0.007,,,Provisional/Provisoire,,
05EA010,2026-07-31T16:00:00Z,47,0.007,,,Provisional/Provisoire,,
05EA010,2026-07-31T16:05:00Z,47,0.007,,,Provisional/Provisoire,,
05EA010,2026-07-31T16:10:00Z,47,0.007,,,Provisional/Provisoire,,
05EA010,2026-07-31T16:15:00Z,47,0.007,,,Provisional/Provisoire,,
05EA010,2026-07-31T16:20:00Z,47,0.007,,,Provisional/Provisoire,,
05EA010,2026-07-31T16:25:00Z,47,0.007,,,Provisional/Provisoire,,
05EA010,2026-07-31T16:30:00Z,47,0.007,,,Provisional/Provisoire,,
05EA010,2026-07-31T16:35:00Z,47,0.007,,,Provisional/Provisoire,,
05EA010,2026-07-31T16:40:00Z,47,0.007,,,Provisional/Provisoire,,
05EA010,2026-07-31T16:45:00Z,47,0.007,,,Provisional/Provisoire,,
05EA010,2026-07-31T16:50:00Z,47,0.007,,,Provisional/Provisoire,,
05EA010,2026-07-31T16:55:00Z,47,0.007,,,Provisional/Provisoire,,
05EA010,2026-07-31T17:00:00Z,47,0.007,,,Provisional/Provisoire,,
05EA010,2026-07-31T17:05:00Z,47,0.007,,,Provisional/Provisoire,,
05EA010,2026-07-31T17:10:00Z,47,0.007,,,Provisional/Provisoire,,
05EA010,2026-07-31T17:15:00Z,47,0.007,,,Provisional/Provisoire,,
05EA010,2026-07-31T17:20:00Z,47,0.007,,,Provisional/Provisoire,,
05EA010,2026-07-31T17:25:00Z,47,0.007,,,Provisional/Provisoire,,
05EA010,2026-07-31T17:30:00Z,47,0.007,,,Provisional/Provisoire,,
05EA010,2026-07-31T17:35:00Z,47,0.007,,,Provisional/Provisoire,,
05EA010,2026-07-31T17:40:00Z,47,0.007,,,Provisional/Provisoire,,
05EA010,2026-07-31T17:45:00Z,47,0.007,,,Provisional/Provisoire,,
05EA010,2026-07-31T17:50:00Z,47,0.007,,,Provisional/Provisoire,,
05EA010,2026-07-31T17:55:00Z,47,0.007,,,Provisional/Provisoire,,
05EA010,2026-07-31T18:00:00Z,47,0.007,,,Provisional/Provisoire,,
05EA010,2026-07-31T18:05:00Z,47,0.008,,,Provisional/Provisoire,,
05EA010,2026-07-31T18:10:00Z,47,0.008,,,Provisional/Provisoire,,
05EA010,2026-07-31T18:15:00Z,47,0.007,,,Provisional/Provisoire,,
05EA010,2026-07-31T18:20:00Z,47,0.008,,,Provisional/Provisoire,,
05EA010,2026-07-31T18:25:00Z,47,0.007,,,Provisional/Provisoire,,
05EA010,2026-07-31T18:30:00Z,47,0.008,,,Provisional/Provisoire,,
05EA010,2026-07-31T18:35:00Z,47,0.007,,,Provisional/Provisoire,,
05EA010,2026-07-31T18:40:00Z,47,0.008,,,Provisional/Provisoire,,
05EA010,2026-07-31T18:45:00Z,47,0.008,,,Provisional/Provisoire,,
05EA010,2026-07-31T18:50:00Z,47,0.008,,,Provisional/Provisoire,,
05EA010,2026-07-31T18:55:00Z,47,0.008,,,Provisional/Provisoire,,
05EA010,2026-07-31T19:00:00Z,47,0.008,,,Provisional/Provisoire,,
05EA010,2026-07-31T19:05:00Z,47,0.008,,,Provisional/Provisoire,,
05EA010,2026-07-31T19:10:00Z,47,0.008,,,Provisional/Provisoire,,
05EA010,2026-07-31T19:15:00Z,47,0.008,,,Provisional/Provisoire,,
05EA010,2026-07-31T19:20:00Z,47,0.008,,,Provisional/Provisoire,,
05EA010,2026-07-31T19:25:00Z,47,0.008,,,Provisional/Provisoire,,
05EA010,2026-07-31T19:30:00Z,47,0.008,,,Provisional/Provisoire,,
05EA010,2026-07-31T19:35:00Z,47,0.008,,,Provisional/Provisoire,,
05EA010,2026-07-31T19:40:00Z,47,0.008,,,Provisional/Provisoire,,
05EA010,2026-07-31T19:45:00Z,47,0.008,,,Provisional/Provisoire,,
05EA010,2026-07-31T19:50:00Z,47,0.008,,,Provisional/Provisoire,,
05EA010,2026-07-31T19:55:00Z,47,0.008,,,Provisional/Provisoire,,
05EA010,2026-07-31T20:00:00Z,47,0.008,,,Provisional/Provisoire,,
05EA010,2026-07-31T20:05:00Z,47,0.008,,,Provisional/Provisoire,,
05EA010,2026-07-31T20:10:00Z,47,0.007,,,Provisional/Provisoire,,
05EA010,2026-07-31T20:15:00Z,47,0.008,,,Provisional/Provisoire,,
05EA010,2026-07-31T20:20:00Z,47,0.007,,,Provisional/Provisoire,,
05EA010,2026-07-31T20:25:00Z,47,0.007,,,Provisional/Provisoire,,
05EA010,2026-07-31T20:30:00Z,47,0.008,,,Provisional/Provisoire,,
05EA010,2026-07-31T20:35:00Z,47,0.007,,,Provisional/Provisoire,,
05EA010,2026-07-31T20:40:00Z,47,0.007,,,Provisional/Provisoire,,
05EA010,2026-07-31T20:45:00Z,47,0.007,,,Provisional/Provisoire,,
05EA010,2026-07-31T20:50:00Z,47,0.007,,,Provisional/Provisoire,,
05EA010,2026-07-31T20:55:00Z,47,0.007,,,Provisional/Provisoire,,
05EA010,2026-07-31T21:00:00Z,47,0.007,,,Provisional/Provisoire,,
05EA010,2026-07-31T21:05:00Z,47,0.007,,,Provisional/Provisoire,,
05EA010,2026-07-31T21:10:00Z,47,0.007,,,Provisional/Provisoire,,
05EA010,2026-07-31T21:15:00Z,47,0.007,,,Provisional/Provisoire,,
05EA010,2026-07-31T21:20:00Z,47,0.007,,,Provisional/Provisoire,,
05EA010,2026-07-31T21:25:00Z,47,0.007,,,Provisional/Provisoire,,
05EA010,2026-07-31T21:30:00Z,47,0.007,,,Provisional/Provisoire,,
05EA010,2026-07-31T21:35:00Z,47,0.007,,,Provisional/Provisoire,,
05EA010,2026-07-31T21:40:00Z,47,0.007,,,Provisional/Provisoire,,
05EA010,2026-07-31T21:45:00Z,47,0.007,,,Provisional/Provisoire,,
05EA010,2026-07-31T21:50:00Z,47,0.007,,,Provisional/Provisoire,,
05EA010,2026-07-31T21:55:00Z,47,0.007,,,Provisional/Provisoire,,
05EA010,2026-07-31T22:00:00Z,47,0.007,,,Provisional/Provisoire,,
05EA010,2026-07-31T22:05:00Z,47,0.007,,,Provisional/Provisoire,,
05EA010,2026-07-31T22:10:00Z,47,0.007,,,Provisional/Provisoire,,
05EA010,2026-07-31T22:15:00Z,47,0.007,,,Provisional/Provisoire,,
05EA010,2026-07-31T22:20:00Z,47,0.007,,,Provisional/Provisoire,,
05EA010,2026-07-31T22:25:00Z,47,0.006,,,Provisional/Provisoire,,
05EA010,2026-07-31T22:30:00Z,47,0.007,,,Provisional/Provisoire,,
05EA010,2026-07-31T22:35:00Z,47,0.007,,,Provisional/Provisoire,,
05EA010,2026-07-31T22:40:00Z,47,0.007,,,Provisional/Provisoire,,
05EA010,2026-07-31T22:45:00Z,47,0.006,,,Provisional/Provisoire,,
05EA010,2026-07-31T22:50:00Z,47,0.006,,,Provisional/Provisoire,,
05EA010,2026-07-31T22:55:00Z,47,0.006,,,Provisional/Provisoire,,
05EA010,2026-07-31T23:00:00Z,47,0.006,,,Provisional/Provisoire,,
05EA010,2026-07-31T23:05:00Z,47,0.006,,,Provisional/Provisoire,,
05EA010,2026-07-31T23:10:00Z,47,0.006,,,Provisional/Provisoire,,
05EA010,2026-07-31T23:15:00Z,47,0.006,,,Provisional/Provisoire,,
05EA010,2026-07-31T23:20:00Z,47,0.006,,,Provisional/Provisoire,,
05EA010,2026-07-31T23:25:00Z,47,0.006,,,Provisional/Provisoire,,
05EA010,2026-07-31T23:30:00Z,47,0.006,,,Provisional/Provisoire,,
05EA010,2026-07-31T23:35:00Z,47,0.006,,,Provisional/Provisoire,,
05EA010,2026-07-31T23:40:00Z,47,0.006,,,Provisional/Provisoire,,
05EA010,2026-07-31T23:45:00Z,47,0.006,,,Provisional/Provisoire,,
05EA010,2026-07-31T23:50:00Z,47,0.006,,,Provisional/Provisoire,,
05EA010,2026-07-31T23:55:00Z,47,0.006,,,Provisional/Provisoire,,
05EA010,2026-08-01T00:00:00Z,47,0.006,,,Provisional/Provisoire,,
05EA010,2026-08-01T00:05:00Z,47,0.006,,,Provisional/Provisoire,,
05EA010,2026-08-01T00:10:00Z,47,0.006,,,Provisional/Provisoire,,
05EA010,2026-08-01T00:15:00Z,47,0.006,,,Provisional/Provisoire,,
05EA010,2026-08-01T00:20:00Z,47,0.006,,,Provisional/Provisoire,,
05EA010,2026-08-01T00:25:00Z,47,0.006,,,Provisional/Provisoire,,
05EA010,2026-08-01T00:30:00Z,47,0.006,,,Provisional/Provisoire,,
05EA010,2026-08-01T00:35:00Z,47,0.005,,,Provisional/Provisoire,,
05EA010,2026-08-01T00:40:00Z,47,0.006,,,Provisional/Provisoire,,
05EA010,2026-08-01T00:45:00Z,47,0.005,,,Provisional/Provisoire,,
05EA010,2026-08-01T00:50:00Z,47,0.005,,,Provisional/Provisoire,,
05EA010,2026-08-01T00:55:00Z,47,0.005,,,Provisional/Provisoire,,
05EA010,2026-08-01T01:00:00Z,47,0.005,,,Provisional/Provisoire,,
05EA010,2026-08-01T01:05:00Z,47,0.005,,,Provisional/Provisoire,,
05EA010,2026-08-01T01:10:00Z,47,0.005,,,Provisional/Provisoire,,
05EA010,2026-08-01T01:15:00Z,47,0.005,,,Provisional/Provisoire,,
05EA010,2026-08-01T01:20:00Z,47,0.005,,,Provisional/Provisoire,,
05EA010,2026-08-01T01:25:00Z,47,0.005,,,Provisional/Provisoire,,
05EA010,2026-08-01T01:30:00Z,47,0.005,,,Provisional/Provisoire,,
05EA010,2026-08-01T01:35:00Z,47,0.005,,,Provisional/Provisoire,,
05EA010,2026-08-01T01:40:00Z,47,0.005,,,Provisional/Provisoire,,
05EA010,2026-08-01T01:45:00Z,47,0.005,,,Provisional/Provisoire,,
05EA010,2026-08-01T01:50:00Z,47,0.005,,,Provisional/Provisoire,,
05EA010,2026-08-01T01:55:00Z,47,0.005,,,Provisional/Provisoire,,
05EA010,2026-08-01T02:00:00Z,47,0.005,,,Provisional/Provisoire,,
05EA010,2026-08-01T02:05:00Z,47,0.005,,,Provisional/Provisoire,,
05EA010,2026-08-01T02:10:00Z,47,0.005,,,Provisional/Provisoire,,
05EA010,2026-08-01T02:15:00Z,47,0.005,,,Provisional/Provisoire,,
05EA010,2026-08-01T02:20:00Z,47,0.005,,,Provisional/Provisoire,,
05EA010,2026-08-01T02:25:00Z,47,0.005,,,Provisional/Provisoire,,
05EA010,2026-08-01T02:30:00Z,47,0.005,,,Provisional/Provisoire,,
05EA010,2026-08-01T02:35:00Z,47,0.005,,,Provisional/Provisoire,,
05EA010,2026-08-01T02:40:00Z,47,0.005,,,Provisional/Provisoire,,
05EA010,2026-08-01T02:45:00Z,47,0.005,,,Provisional/Provisoire,,
05EA010,2026-08-01T02:50:00Z,47,0.005,,,Provisional/Provisoire,,
05EA010,2026-08-01T02:55:00Z,47,0.004,,,Provisional/Provisoire,,
05EA010,2026-08-01T03:00:00Z,47,0.004,,,Provisional/Provisoire,,
05EA010,2026-08-01T03:05:00Z,47,0.004,,,Provisional/Provisoire,,
05EA010,2026-08-01T03:10:00Z,47,0.004,,,Provisional/Provisoire,,
05EA010,2026-08-01T03:15:00Z,47,0.004,,,Provisional/Provisoire,,
05EA010,2026-08-01T03:20:00Z,47,0.004,,,Provisional/Provisoire,,
05EA010,2026-08-01T03:25:00Z,47,0.004,,,Provisional/Provisoire,,
05EA010,2026-08-01T03:30:00Z,47,0.004,,,Provisional/Provisoire,,
05EA010,2026-08-01T03:35:00Z,47,0.004,,,Provisional/Provisoire,,
05EA010,2026-08-01T03:40:00Z,47,0.004,,,Provisional/Provisoire,,
05EA010,2026-08-01T03:45:00Z,47,0.004,,,Provisional/Provisoire,,
05EA010,2026-08-01T03:50:00Z,47,0.003,,,Provisional/Provisoire,,
05EA010,2026-08-01T03:55:00Z,47,0.003,,,Provisional/Provisoire,,
05EA010,2026-08-01T04:00:00Z,47,0.003,,,Provisional/Provisoire,,
05EA010,2026-08-01T04:05:00Z,47,0.003,,,Provisional/Provisoire,,
05EA010,2026-08-01T04:10:00Z,47,0.003,,,Provisional/Provisoire,,
05EA010,2026-08-01T04:15:00Z,47,0.003,,,Provisional/Provisoire,,
05EA010,2026-08-01T04:20:00Z,47,0.003,,,Provisional/Provisoire,,
05EA010,2026-08-01T04:25:00Z,47,0.003,,,Provisional/Provisoire,,
05EA010,2026-08-01T04:30:00Z,47,0.003,,,Provisional/Provisoire,,
05EA010,2026-08-01T04:35:00Z,47,0.003,,,Provisional/Provisoire,,
05EA010,2026-08-01T04:40:00Z,47,0.003,,,Provisional/Provisoire,,
05EA010,2026-08-01T04:45:00Z,47,0.003,,,Provisional/Provisoire,,
05EA010,2026-08-01T04:50:00Z,47,0.003,,,Provisional/Provisoire,,
05EA010,2026-08-01T04:55:00Z,47,0.003,,,Provisional/Provisoire,,
05EA010,2026-08-01T05:00:00Z,47,0.003,,,Provisional/Provisoire,,
05EA010,2026-08-01T05:05:00Z,47,0.003,,,Provisional/Provisoire,,
05EA010,2026-08-01T05:10:00Z,47,0.003,,,Provisional/Provisoire,,
05EA010,2026-08-01T05:15:00Z,47,0.003,,,Provisional/Provisoire,,
05EA010,2026-08-01T05:20:00Z,47,0.003,,,Provisional/Provisoire,,
05EA010,2026-08-01T05:25:00Z,47,0.003,,,Provisional/Provisoire,,
05EA010,2026-08-01T05:30:00Z,47,0.003,,,Provisional/Provisoire,,
05EA010,2026-08-01T05:35:00Z,47,0.002,,,Provisional/Provisoire,,
05EA010,2026-08-01T05:40:00Z,47,0.002,,,Provisional/Provisoire,,
05EA010,2026-08-01T05:45:00Z,47,0.002,,,Provisional/Provisoire,,
05EA010,2026-08-01T05:50:00Z,47,0.002,,,Provisional/Provisoire,,
05EA010,2026-08-01T05:55:00Z,47,0.003,,,Provisional/Provisoire,,
05EA010,2026-08-01T06:00:00Z,47,0.002,,,Provisional/Provisoire,,
05EA010,2026-08-01T06:05:00Z,47,0.003,,,Provisional/Provisoire,,
05EA010,2026-08-01T06:10:00Z,47,0.003,,,Provisional/Provisoire,,
05EA010,2026-08-01T06:15:00Z,47,0.002,,,Provisional/Provisoire,,
05EA010,2026-08-01T06:20:00Z,47,0.003,,,Provisional/Provisoire,,
05EA010,2026-08-01T06:25:00Z,47,0.003,,,Provisional/Provisoire,,
05EA010,2026-08-01T06:30:00Z,47,0.003,,,Provisional/Provisoire,,
05EA010,2026-08-01T06:35:00Z,47,0.003,,,Provisional/Provisoire,,
05EA010,2026-08-01T06:40:00Z,47,0.003,,,Provisional/Provisoire,,
05EA010,2026-08-01T06:45:00Z,47,0.003,,,Provisional/Provisoire,,
05EA010,2026-08-01T06:50:00Z,47,0.003,,,Provisional/Provisoire,,
05EA010,2026-08-01T06:55:00Z,47,0.003,,,Provisional/Provisoire,,
05EA010,2026-08-01T07:00:00Z,47,0.003,,,Provisional/Provisoire,,
05EA010,2026-08-01T07:05:00Z,47,0.003,,,Provisional/Provisoire,,
05EA010,2026-08-01T07:10:00Z,47,0.003,,,Provisional/Provisoire,,
05EA010,2026-08-01T07:15:00Z,47,0.003,,,Provisional/Provisoire,,
05EA010,2026-08-01T07:20:00Z,47,0.003,,,Provisional/Provisoire,,
05EA010,2026-08-01T07:25:00Z,47,0.003,,,Provisional/Provisoire,,
05EA010,2026-08-01T07:30:00Z,47,0.003,,,Provisional/Provisoire,,
05EA010,2026-08-01T07:35:00Z,47,0.003,,,Provisional/Provisoire,,
05EA010,2026-08-01T07:40:00Z,47,0.002,,,Provisional/Provisoire,,
05EA010,2026-08-01T07:45:00Z,47,0.002,,,Provisional/Provisoire,,
05EA010,2026-08-01T07:50:00Z,47,0.002,,,Provisional/Provisoire,,
05EA010,2026-08-01T07:55:00Z,47,0.002,,,Provisional/Provisoire,,
05EA010,2026-08-01T08:00:00Z,47,0.002,,,Provisional/Provisoire,,
05EA010,2026-08-01T08:05:00Z,47,0.002,,,Provisional/Provisoire,,
05EA010,2026-08-01T08:10:00Z,47,0.002,,,Provisional/Provisoire,,
05EA010,2026-08-01T08:15:00Z,47,0.002,,,Provisional/Provisoire,,
05EA010,2026-08-01T08:20:00Z,47,0.002,,,Provisional/Provisoire,,
05EA010,2026-08-01T08:25:00Z,47,0.002,,,Provisional/Provisoire,,
05EA010,2026-08-01T08:30:00Z,47,0.002,,,Provisional/Provisoire,,
05EA010,2026-08-01T08:35:00Z,47,0.002,,,Provisional/Provisoire,,
05EA010,2026-08-01T08:40:00Z,47,0.002,,,Provisional/Provisoire,,
05EA010,2026-08-01T08:45:00Z,47,0.002,,,Provisional/Provisoire,,
05EA010,2026-08-01T08:50:00Z,47,0.002,,,Provisional/Provisoire,,
05EA010,2026-08-01T08:55:00Z,47,0.002,,,Provisional/Provisoire,,
05EA010,2026-08-01T09:00:00Z,47,0.002,,,Provisional/Provisoire,,
05EA010,2026-08-01T09:05:00Z,47,0.002,,,Provisional/Provisoire,,
05EA010,2026-08-01T09:10:00Z,47,0.002,,,Provisional/Provisoire,,
05EA010,2026-08-01T09:15:00Z,47,0.002,,,Provisional/Provisoire,,
05EA010,2026-08-01T09:20:00Z,47,0.002,,,Provisional/Provisoire,,
05EA010,2026-08-01T09:25:00Z,47,0.002,,,Provisional/Provisoire,,
05EA010,2026-08-01T09:30:00Z,47,0.002,,,Provisional/Provisoire,,
05EA010,2026-08-01T09:35:00Z,47,0.002,,,Provisional/Provisoire,,
05EA010,2026-08-01T09:40:00Z,47,0.002,,,Provisional/Provisoire,,
05EA010,2026-08-01T09:45:00Z,47,0.002,,,Provisional/Provisoire,,
05EA010,2026-08-01T09:50:00Z,47,0.002,,,Provisional/Provisoire,,
05EA010,2026-08-01T09:55:00Z,47,0.002,,,Provisional/Provisoire,,
05EA010,2026-08-01T10:00:00Z,47,0.002,,,Provisional/Provisoire,,
05EA010,2026-08-01T10:05:00Z,47,0.002,,,Provisional/Provisoire,,
05EA010,2026-08-01T10:10:00Z,47,0.002,,,Provisional/Provisoire,,
05EA010,2026-08-01T10:15:00Z,47,0.002,,,Provisional/Provisoire,,
05EA010,2026-08-01T10:20:00Z,47,0.002,,,Provisional/Provisoire,,
05EA010,2026-08-01T10:25:00Z,47,0.001,,,Provisional/Provisoire,,
05EA010,2026-08-01T10:30:00Z,47,0.001,,,Provisional/Provisoire,,
05EA010,2026-08-01T10:35:00Z,47,0.001,,,Provisional/Provisoire,,
05EA010,2026-08-01T10:40:00Z,47,0.001,,,Provisional/Provisoire,,
05EA010,2026-08-01T10:45:00Z,47,0.001,,,Provisional/Provisoire,,
05EA010,2026-08-01T10:50:00Z,47,0.001,,,Provisional/Provisoire,,
05EA010,2026-08-01T10:55:00Z,47,0.001,,,Provisional/Provisoire,,
05EA010,2026-08-01T11:00:00Z,47,0.001,,,Provisional/Provisoire,,
05EA010,2026-08-01T11:05:00Z,47,0.001,,,Provisional/Provisoire,,
05EA010,2026-08-01T11:10:00Z,47,0.001,,,Provisional/Provisoire,,
05EA010,2026-08-01T11:15:00Z,47,0.001,,,Provisional/Provisoire,,
05EA010,2026-08-01T11:20:00Z,47,0.001,,,Provisional/Provisoire,,
05EA010,2026-08-01T11:25:00Z,47,0.001,,,Provisional/Provisoire,,
05EA010,2026-08-01T11:30:00Z,47,0.001,,,Provisional/Provisoire,,
05EA010,2026-08-01T11:35:00Z,47,0.001,,,Provisional/Provisoire,,
05EA010,2026-08-01T11:40:00Z,47,0.001,,,Provisional/Provisoire,,
05EA010,2026-08-01T11:45:00Z,47,0.001,,,Provisional/Provisoire,,
05EA010,2026-08-01T11:50:00Z,47,0.001,,,Provisional/Provisoire,,
05EA010,2026-08-01T11:55:00Z,47,0.001,,,Provisional/Provisoire,,
05EA010,2026-08-01T12:00:00Z,47,0.001,,,Provisional/Provisoire,,
05EA010,2026-08-01T12:05:00Z,47,0.001,,,Provisional/Provisoire,,
05EA010,2026-08-01T12:10:00Z,47,0.001,,,Provisional/Provisoire,,
05EA010,2026-08-01T12:15:00Z,47,0.001,,,Provisional/Provisoire,,
05EA010,2026-08-01T12:20:00Z,47,0.00,,,Provisional/Provisoire,,
05EA010,2026-08-01T12:25:00Z,47,0.00,,,Provisional/Provisoire,,
05EA010,2026-08-01T12:30:00Z,47,0.00,,,Provisional/Provisoire,,
05EA010,2026-08-01T12:35:00Z,47,0.00,,,Provisional/Provisoire,,
05EA010,2026-08-01T12:40:00Z,47,0.00,,,Provisional/Provisoire,,
05EA010,2026-08-01T12:45:00Z,47,0.00,,,Provisional/Provisoire,,
05EA010,2026-08-01T12:50:00Z,47,0.00,,,Provisional/Provisoire,,
05EA010,2026-08-01T12:55:00Z,47,0.00,,,Provisional/Provisoire,,
05EA010,2026-08-01T13:00:00Z,47,0.00,,,Provisional/Provisoire,,
05EA010,2026-08-01T13:05:00Z,47,0.00,,,Provisional/Provisoire,,
05EA010,2026-08-01T13:10:00Z,47,0.00,,,Provisional/Provisoire,,
05EA010,2026-08-01T13:15:00Z,47,0.00,,,Provisional/Provisoire,,
05EA010,2026-08-01T13:20:00Z,47,0.00,,,Provisional/Provisoire,,
05EA010,2026-08-01T13:25:00Z,47,0.00,,,Provisional/Provisoire,,
05EA010,2026-08-01T13:30:00Z,47,0.00,,,Provisional/Provisoire,,
05EA010,2026-08-01T13:35:00Z,47,0.00,,,Provisional/Provisoire,,
05EA010,2026-08-01T13:40:00Z,47,0.00,,,Provisional/Provisoire,,
05EA010,2026-08-01T13:45:00Z,47,0.00,,,Provisional/Provisoire,,
05EA010,2026-08-01T13:50:00Z,47,0.00,,,Provisional/Provisoire,,
05EA010,2026-08-01T13:55:00Z,47,0.00,,,Provisional/Provisoire,,
05EA010,2026-08-01T14:00:00Z,47,0.00,,,Provisional/Provisoire,,
05EA010,2026-08-01T14:05:00Z,47,0.00,,,Provisional/Provisoire,,
05EA010,2026-08-01T14:10:00Z,47,0.00,,,Provisional/Provisoire,,
05EA010,2026-08-01T14:15:00Z,47,0.00,,,Provisional/Provisoire,,
05EA010,2026-08-01T14:20:00Z,47,0.00,,,Provisional/Provisoire,,
05EA010,2026-08-01T14:25:00Z,47,0.00,,,Provisional/Provisoire,,
05EA010,2026-08-01T14:30:00Z,47,0.00,,,Provisional/Provisoire,,
05EA010,2026-08-01T14:35:00Z,47,0.00,,,Provisional/Provisoire,,
05EA010,2026-08-01T14:40:00Z,47,0.00,,,Provisional/Provisoire,,
05EA010,2026-08-01T14:45:00Z,47,0.00,,,Provisional/Provisoire,,
05EA010,2026-08-01T14:50:00Z,47,0.00,,,Provisional/Provisoire,,
05EA010,2026-08-01T14:55:00Z,47,0.00,,,Provisional/Provisoire,,
05EA010,2026-08-01T15:00:00Z,47,0.00,,,Provisional/Provisoire,,
05EA010,2026-08-01T15:05:00Z,47,0.00,,,Provisional/Provisoire,,
05EA010,2026-08-01T15:10:00Z,47,0.00,,,Provisional/Provisoire,,
05EA010,2026-08-01T15:15:00Z,47,0.00,,,Provisional/Provisoire,,
05EA010,2026-08-01T15:20:00Z,47,0.00,,,Provisional/Provisoire,,
05EA010,2026-08-01T15:25:00Z,47,0.00,,,Provisional/Provisoire,,
05EA010,2026-08-01T15:30:00Z,47,0.00,,,Provisional/Provisoire,,
05EA010,2026-08-01T15:35:00Z,47,0.00,,,Provisional/Provisoire,,
05EA010,2026-08-01T15:40:00Z,47,0.00,,,Provisional/Provisoire,,
05EA010,2026-08-01T15:45:00Z,47,0.00,,,Provisional/Provisoire,,
05EA010,2026-08-01T15:50:00Z,47,0.00,,,Provisional/Provisoire,,
05EA010,2026-08-01T15:55:00Z,47,0.00,,,Provisional/Provisoire,,
05EA010,2026-08-01T16:00:00Z,47,0.00,,,Provisional/Provisoire,,
05EA010,2026-08-01T16:05:00Z,47,0.00,,,Provisional/Provisoire,,
05EA010,2026-08-01T16:10:00Z,47,0.00,,,Provisional/Provisoire,,
05EA010,2026-08-01T16:15:00Z,47,0.00,,,Provisional/Provisoire,,
05EA010,2026-08-01T16:20:00Z,47,0.00,,,Provisional/Provisoire,,
05EA010,2026-08-01T16:25:00Z,47,0.00,,,Provisional/Provisoire,,
05EA010,2026-08-01T16:30:00Z,47,0.00,,,Provisional/Provisoire,,
05EA010,2026-08-01T16:35:00Z,47,0.00,,,Provisional/Provisoire,,
05EA010,2026-08-01T16:40:00Z,47,0.00,,,Provisional/Provisoire,,
05EA010,2026-08-01T16:45:00Z,47,0.00,,,Provisional/Provisoire,,
05EA010,2026-08-01T16:50:00Z,47,0.00,,,Provisional/Provisoire,,
05EA010,2026-08-01T16:55:00Z,47,0.00,,,Provisional/Provisoire,,
05EA010,2026-08-01T17:00:00Z,47,0.00,,,Provisional/Provisoire,,
05EA010,2026-08-01T17:05:00Z,47,0.00,,,Provisional/Provisoire,,
05EA010,2026-08-01T17:10:00Z,47,0.00,,,Provisional/Provisoire,,
05EA010,2026-08-01T17:15:00Z,47,0.00,,,Provisional/Provisoire,,
05EA010,2026-08-01T17:20:00Z,47,0.00,,,Provisional/Provisoire,,
05EA010,2026-08-01T17:25:00Z,47,0.00,,,Provisional/Provisoire,,
05EA010,2026-08-01T17:30:00Z,47,0.00,,,Provisional/Provisoire,,
05EA010,2026-08-01T17:35:00Z,47,0.00,,,Provisional/Provisoire,,
05EA010,2026-08-01T17:40:00Z,47,0.00,,,Provisional/Provisoire,,
05EA010,2026-08-01T17:45:00Z,47,0.00,,,Provisional/Provisoire,,
05EA010,2026-08-01T17:50:00Z,47,0.00,,,Provisional/Provisoire,,
05EA010,2026-08-01T17:55:00Z,47,0.00,,,Provisional/Provisoire,,
05EA010,2026-08-01T18:00:00Z,47,0.00,,,Provisional/Provisoire,,
05EA010,2026-08-01T18:05:00Z,47,0.00,,,Provisional/Provisoire,,
05EA010,2026-08-01T18:10:00Z,47,0.00,,,Provisional/Provisoire,,
05EA010,2026-08-01T18:15:00Z,47,0.00,,,Provisional/Provisoire,,
05EA010,2026-08-01T18:20:00Z,47,0.00,,,Provisional/Provisoire,,
05EA010,2026-08-01T18:25:00Z,47,0.00,,,Provisional/Provisoire,,
05EA010,2026-08-01T18:30:00Z,47,0.00,,,Provisional/Provisoire,,
05EA010,2026-08-01T18:35:00Z,47,0.00,,,Provisional/Provisoire,,
05EA010,2026-08-01T18:40:00Z,47,0.00,,,Provisional/Provisoire,,
05EA010,2026-08-01T18:45:00Z,47,0.00,,,Provisional/Provisoire,,
05EA010,2026-08-01T18:50:00Z,47,0.00,,,Provisional/Provisoire,,
05EA010,2026-08-01T18:55:00Z,47,0.00,,,Provisional/Provisoire,,
05EA010,2026-08-01T19:00:00Z,47,0.00,,,Provisional/Provisoire,,
05EA010,2026-08-01T19:05:00Z,47,0.00,,,Provisional/Provisoire,,
05EA010,2026-08-01T19:10:00Z,47,0.00,,,Provisional/Provisoire,,
05EA010,2026-08-01T19:15:00Z,47,0.00,,,Provisional/Provisoire,,
05EA010,2026-08-01T19:20:00Z,47,0.00,,,Provisional/Provisoire,,
05EA010,2026-08-01T19:25:00Z,47,0.00,,,Provisional/Provisoire,,
05EA010,2026-08-01T19:30:00Z,47,0.00,,,Provisional/Provisoire,,
05EA010,2026-08-01T19:35:00Z,47,0.00,,,Provisional/Provisoire,,
05EA010,2026-08-01T19:40:00Z,47,0.00,,,Provisional/Provisoire,,
05EA010,2026-08-01T19:45:00Z,47,0.00,,,Provisional/Provisoire,,
05EA010,2026-08-01T19:50:00Z,47,0.00,,,Provisional/Provisoire,,
05EA010,2026-08-01T19:55:00Z,47,0.00,,,Provisional/Provisoire,,
05EA010,2026-08-01T20:00:00Z,47,0.00,,,Provisional/Provisoire,,
05EA010,2026-08-01T20:05:00Z,47,0.00,,,Provisional/Provisoire,,
05EA010,2026-08-01T20:10:00Z,47,0.00,,,Provisional/Provisoire,,
05EA010,2026-08-01T20:15:00Z,47,0.00,,,Provisional/Provisoire,,
05EA010,2026-08-01T20:20:00Z,47,0.00,,,Provisional/Provisoire,,
05EA010,2026-08-01T20:25:00Z,47,0.00,,,Provisional/Provisoire,,
05EA010,2026-08-01T20:30:00Z,47,0.00,,,Provisional/Provisoire,,
05EA010,2026-08-01T20:35:00Z,47,0.00,,,Provisional/Provisoire,,
05EA010,2026-08-01T20:40:00Z,47,0.00,,,Provisional/Provisoire,,
05EA010,2026-08-01T20:45:00Z,47,0.00,,,Provisional/Provisoire,,
05EA010,2026-08-01T20:50:00Z,47,0.00,,,Provisional/Provisoire,,
05EA010,2026-08-01T20:55:00Z,47,0.00,,,Provisional/Provisoire,,
05EA010,2026-08-01T21:00:00Z,47,0.00,,,Provisional/Provisoire,,
05EA010,2026-08-01T21:05:00Z,47,0.00,,,Provisional/Provisoire,,
05EA010,2026-08-01T21:10:00Z,47,0.00,,,Provisional/Provisoire,,
05EA010,2026-08-01T21:15:00Z,47,0.00,,,Provisional/Provisoire,,
05EA010,2026-08-01T21:20:00Z,47,0.00,,,Provisional/Provisoire,,
05EA010,2026-08-01T21:25:00Z,47,0.00,,,Provisional/Provisoire,,
05EA010,2026-08-01T21:30:00Z,47,0.00,,,Provisional/Provisoire,,
05EA010,2026-08-01T21:35:00Z,47,0.00,,,Provisional/Provisoire,,
05EA010,2026-08-01T21:40:00Z,47,0.00,,,Provisional/Provisoire,,
05EA010,2026-08-01T21:45:00Z,47,0.00,,,Provisional/Provisoire,,
05EA010,2026-08-01T21:50:00Z,47,0.00,,,Provisional/Provisoire,,
05EA010,2026-08-01T21:55:00Z,47,0.00,,,Provisional/Provisoire,,
05EA010,2026-08-01T22:00:00Z,47,0.00,,,Provisional/Provisoire,,
05EA010,2026-08-01T22:05:00Z,47,0.00,,,Provisional/Provisoire,,
05EA010,2026-08-01T22:10:00Z,47,0.00,,,Provisional/Provisoire,,
05EA010,2026-08-01T22:15:00Z,47,0.00,,,Provisional/Provisoire,,
05EA010,2026-08-01T22:20:00Z,47,0.00,,,Provisional/Provisoire,,
05EA010,2026-08-01T22:25:00Z,47,0.00,,,Provisional/Provisoire,,
05EA010,2026-08-01T22:30:00Z,47,0.00,,,Provisional/Provisoire,,
05EA010,2026-08-01T22:35:00Z,47,0.00,,,Provisional/Provisoire,,
05EA010,2026-08-01T22:40:00Z,47,0.00,,,Provisional/Provisoire,,
05EA010,2026-08-01T22:45:00Z,47,0.00,,,Provisional/Provisoire,,
05EA010,2026-08-01T22:50:00Z,47,0.00,,,Provisional/Provisoire,,
05EA010,2026-08-01T22:55:00Z,47,0.00,,,Provisional/Provisoire,,
05EA010,2026-08-01T23:00:00Z,47,0.00,,,Provisional/Provisoire,,
05EA010,2026-08-01T23:05:00Z,47,0.00,,,Provisional/Provisoire,,
05EA010,2026-08-01T23:10:00Z,47,0.00,,,Provisional/Provisoire,,
05EA010,2026-08-01T23:15:00Z,47,0.00,,,Provisional/Provisoire,,
05EA010,2026-08-01T23:20:00Z,47,0.00,,,Provisional/Provisoire,,
05EA010,2026-08-01T23:25:00Z,47,0.001,,,Provisional/Provisoire,,
05EA010,2026-08-01T23:30:00Z,47,0.00,,,Provisional/Provisoire,,
05EA010,2026-08-01T23:35:00Z,47,0.00,,,Provisional/Provisoire,,
05EA010,2026-08-01T23:40:00Z,47,0.001,,,Provisional/Provisoire,,
05EA010,2026-08-01T23:45:00Z,47,0.00,,,Provisional/Provisoire,,
05EA010,2026-08-01T23:50:00Z,47,0.00,,,Provisional/Provisoire,,
05EA010,2026-08-01T23:55:00Z,47,0.00,,,Provisional/Provisoire,,
05EA010,2026-08-02T00:00:00Z,47,0.00,,,Provisional/Provisoire,,
05EA010,2026-08-02T00:05:00Z,47,0.00,,,Provisional/Provisoire,,
05EA010,2026-08-02T00:10:00Z,47,0.00,,,Provisional/Provisoire,,
05EA010,2026-08-02T00:15:00Z,47,0.00,,,Provisional/Provisoire,,
05EA010,2026-08-02T00:20:00Z,47,0.00,,,Provisional/Provisoire,,
05EA010,2026-08-02T00:25:00Z,47,0.00,,,Provisional/Provisoire,,
05EA010,2026-08-02T00:30:00Z,47,0.001,,,Provisional/Provisoire,,
05EA010,2026-08-02T00:35:00Z,47,0.001,,,Provisional/Provisoire,,
05EA010,2026-08-02T00:40:00Z,47,0.00,,,Provisional/Provisoire,,
05EA010,2026-08-02T00:45:00Z,47,0.00,,,Provisional/Provisoire,,
05EA010,2026-08-02T00:50:00Z,47,0.00,,,Provisional/Provisoire,,
05EA010,2026-08-02T00:55:00Z,47,0.001,,,Provisional/Provisoire,,
05EA010,2026-08-02T01:00:00Z,47,0.001,,,Provisional/Provisoire,,
05EA010,2026-08-02T01:05:00Z,47,0.00,,,Provisional/Provisoire,,
05EA010,2026-08-02T01:10:00Z,47,0.001,,,Provisional/Provisoire,,
05EA010,2026-08-02T01:15:00Z,47,0.001,,,Provisional/Provisoire,,
05EA010,2026-08-02T01:20:00Z,47,0.001,,,Provisional/Provisoire,,
05EA010,2026-08-02T01:25:00Z,47,0.001,,,Provisional/Provisoire,,
05EA010,2026-08-02T01:30:00Z,47,0.001,,,Provisional/Provisoire,,
05EA010,2026-08-02T01:35:00Z,47,0.001,,,Provisional/Provisoire,,
05EA010,2026-08-02T01:40:00Z,47,0.001,,,Provisional/Provisoire,,
05EA010,2026-08-02T01:45:00Z,47,0.001,,,Provisional/Provisoire,,
05EA010,2026-08-02T01:50:00Z,47,0.001,,,Provisional/Provisoire,,
05EA010,2026-08-02T01:55:00Z,47,0.001,,,Provisional/Provisoire,,
05EA010,2026-08-02T02:00:00Z,47,0.001,,,Provisional/Provisoire,,
05EA010,2026-08-02T02:05:00Z,47,0.001,,,Provisional/Provisoire,,
05EA010,2026-08-02T02:10:00Z,47,0.001,,,Provisional/Provisoire,,
05EA010,2026-08-02T02:15:00Z,47,0.001,,,Provisional/Provisoire,,
05EA010,2026-08-02T02:20:00Z,47,0.001,,,Provisional/Provisoire,,
05EA010,2026-08-02T02:25:00Z,47,0.001,,,Provisional/Provisoire,,
05EA010,2026-08-02T02:30:00Z,47,0.001,,,Provisional/Provisoire,,
05EA010,2026-08-02T02:35:00Z,47,0.001,,,Provisional/Provisoire,,
05EA010,2026-08-02T02:40:00Z,47,0.00,,,Provisional/Provisoire,,
05EA010,2026-08-02T02:45:00Z,47,0.001,,,Provisional/Provisoire,,
05EA010,2026-08-02T02:50:00Z,47,0.00,,,Provisional/Provisoire,,
05EA010,2026-08-02T02:55:00Z,47,0.00,,,Provisional/Provisoire,,
05EA010,2026-08-02T03:00:00Z,47,0.001,,,Provisional/Provisoire,,
05EA010,2026-08-02T03:05:00Z,47,0.001,,,Provisional/Provisoire,,
05EA010,2026-08-02T03:10:00Z,47,0.001,,,Provisional/Provisoire,,
05EA010,2026-08-02T03:15:00Z,47,0.00,,,Provisional/Provisoire,,
05EA010,2026-08-02T03:20:00Z,47,0.001,,,Provisional/Provisoire,,
05EA010,2026-08-02T03:25:00Z,47,0.00,,,Provisional/Provisoire,,
05EA010,2026-08-02T03:30:00Z,47,0.00,,,Provisional/Provisoire,,
05EA010,2026-08-02T03:35:00Z,47,0.00,,,Provisional/Provisoire,,
05EA010,2026-08-02T03:40:00Z,47,0.00,,,Provisional/Provisoire,,
05EA010,2026-08-02T03:45:00Z,47,0.00,,,Provisional/Provisoire,,
05EA010,2026-08-02T03:50:00Z,47,0.00,,,Provisional/Provisoire,,
05EA010,2026-08-02T03:55:00Z,47,0.00,,,Provisional/Provisoire,,
05EA010,2026-08-02T04:00:00Z,47,0.00,,,Provisional/Provisoire,,
05EA010,2026-08-02T04:05:00Z,47,0.00,,,Provisional/Provisoire,,
05EA010,2026-08-02T04:10:00Z,47,0.00,,,Provisional/Provisoire,,
05EA010,2026-08-02T04:15:00Z,47,0.00,,,Provisional/Provisoire,,
05EA010,2026-08-02T04:20:00Z,47,0.00,,,Provisional/Provisoire,,
05EA010,2026-08-02T04:25:00Z,47,0.00,,,Provisional/Provisoire,,
05EA010,2026-08-02T04:30:00Z,47,0.00,,,Provisional/Provisoire,,
05EA010,2026-08-02T04:35:00Z,47,0.00,,,Provisional/Provisoire,,
05EA010,2026-08-02T04:40:00Z,47,0.00,,,Provisional/Provisoire,,
05EA010,2026-08-02T04:45:00Z,47,0.00,,,Provisional/Provisoire,,
05EA010,2026-08-02T04:50:00Z,47,0.00,,,Provisional/Provisoire,,
05EA010,2026-08-02T04:55:00Z,47,0.00,,,Provisional/Provisoire,,
05EA010,2026-08-02T05:00:00Z,47,0.00,,,Provisional/Provisoire,,
05EA010,2026-08-02T05:05:00Z,47,0.00,,,Provisional/Provisoire,,
05EA010,2026-08-02T05:10:00Z,47,0.00,,,Provisional/Provisoire,,
05EA010,2026-08-02T05:15:00Z,47,0.00,,,Provisional/Provisoire,,
05EA010,2026-08-02T05:20:00Z,47,0.00,,,Provisional/Provisoire,,
05EA010,2026-08-02T05:25:00Z,47,0.00,,,Provisional/Provisoire,,
05EA010,2026-08-02T05:30:00Z,47,0.00,,,Provisional/Provisoire,,
05EA010,2026-08-02T05:35:00Z,47,0.00,,,Provisional/Provisoire,,
05EA010,2026-08-02T05:40:00Z,47,0.00,,,Provisional/Provisoire,,
05EA010,2026-08-02T05:45:00Z,47,0.00,,,Provisional/Provisoire,,
05EA010,2026-08-02T05:50:00Z,47,0.00,,,Provisional/Provisoire,,
05EA010,2026-08-02T05:55:00Z,47,0.00,,,Provisional/Provisoire,,
05EA010,2026-08-02T06:00:00Z,47,0.00,,,Provisional/Provisoire,,
05EA010,2026-08-02T06:05:00Z,47,0.00,,,Provisional/Provisoire,,
05EA010,2026-08-02T06:10:00Z,47,0.00,,,Provisional/Provisoire,,
05EA010,2026-08-02T06:15:00Z,47,0.00,,,Provisional/Provisoire,,
05EA010,2026-08-02T06:20:00Z,47,0.00,,,Provisional/Provisoire,,
05EA010,2026-08-02T06:25:00Z,47,0.00,,,Provisional/Provisoire,,
05EA010,2026-08-02T06:30:00Z,47,0.00,,,Provisional/Provisoire,,
05EA010,2026-08-02T06:35:00Z,47,0.00,,,Provisional/Provisoire,,
05EA010,2026-08-02T06:40:00Z,47,0.00,,,Provisional/Provisoire,,
05EA010,2026-08-02T06:45:00Z,47,0.00,,,Provisional/Provisoire,,
05EA010,2026-08-02T06:50:00Z,47,0.00,,,Provisional/Provisoire,,
05EA010,2026-08-02T06:55:00Z,47,0.00,,,Provisional/Provisoire,,
05EA010,2026-08-02T07:00:00Z,47,0.00,,,Provisional/Provisoire,,
05EA010,2026-08-02T07:05:00Z,47,0.00,,,Provisional/Provisoire,,
05EA010,2026-08-02T07:10:00Z,47,0.00,,,Provisional/Provisoire,,
05EA010,2026-08-02T07:15:00Z,47,0.00,,,Provisional/Provisoire,,
05EA010,2026-08-02T07:20:00Z,47,0.00,,,Provisional/Provisoire,,
05EA010,2026-08-02T07:25:00Z,47,0.00,,,Provisional/Provisoire,,
05EA010,2026-08-02T07:30:00Z,47,0.00,,,Provisional/Provisoire,,
05EA010,2026-08-02T07:35:00Z,47,0.00,,,Provisional/Provisoire,,
05EA010,2026-08-02T07:40:00Z,47,0.00,,,Provisional/Provisoire,,
05EA010,2026-08-02T07:45:00Z,47,0.00,,,Provisional/Provisoire,,
05EA010,2026-08-02T07:50:00Z,47,0.00,,,Provisional/Provisoire,,
05EA010,2026-08-02T07:55:00Z,47,0.00,,,Provisional/Provisoire,,
05EA010,2026-08-02T08:00:00Z,47,0.00,,,Provisional/Provisoire,,
05EA010,2026-08-02T08:05:00Z,47,0.00,,,Provisional/Provisoire,,
05EA010,2026-08-02T08:10:00Z,47,0.00,,,Provisional/Provisoire,,
05EA010,2026-08-02T08:15:00Z,47,0.00,,,Provisional/Provisoire,,
05EA010,2026-08-02T08:20:00Z,47,0.00,,,Provisional/Provisoire,,
05EA010,2026-08-02T08:25:00Z,47,0.00,,,Provisional/Provisoire,,
05EA010,2026-08-02T08:30:00Z,47,0.00,,,Provisional/Provisoire,,
05EA010,2026-08-02T08:35:00Z,47,0.001,,,Provisional/Provisoire,,
05EA010,2026-08-02T08:40:00Z,47,0.001,,,Provisional/Provisoire,,
05EA010,2026-08-02T08:45:00Z,47,0.001,,,Provisional/Provisoire,,
05EA010,2026-08-02T08:50:00Z,47,0.001,,,Provisional/Provisoire,,
05EA010,2026-08-02T08:55:00Z,47,0.001,,,Provisional/Provisoire,,
05EA010,2026-08-02T09:00:00Z,47,0.001,,,Provisional/Provisoire,,
05EA010,2026-08-02T09:05:00Z,47,0.001,,,Provisional/Provisoire,,
05EA010,2026-08-02T09:10:00Z,47,0.001,,,Provisional/Provisoire,,
05EA010,2026-08-02T09:15:00Z,47,0.001,,,Provisional/Provisoire,,
05EA010,2026-08-02T09:20:00Z,47,0.001,,,Provisional/Provisoire,,
05EA010,2026-08-02T09:25:00Z,47,0.001,,,Provisional/Provisoire,,
05EA010,2026-08-02T09:30:00Z,47,0.001,,,Provisional/Provisoire,,
05EA010,2026-08-02T09:35:00Z,47,0.001,,,Provisional/Provisoire,,
05EA010,2026-08-02T09:40:00Z,47,0.001,,,Provisional/Provisoire,,
05EA010,2026-08-02T09:45:00Z,47,0.001,,,Provisional/Provisoire,,
05EA010,2026-08-02T09:50:00Z,47,0.001,,,Provisional/Provisoire,,
05EA010,2026-08-02T09:55:00Z,47,0.001,,,Provisional/Provisoire,,
05EA010,2026-08-02T10:00:00Z,47,0.001,,,Provisional/Provisoire,,
05EA010,2026-08-02T10:05:00Z,47,0.001,,,Provisional/Provisoire,,
05EA010,2026-08-02T10:10:00Z,47,0.001,,,Provisional/Provisoire,,
05EA010,2026-08-02T10:15:00Z,47,0.001,,,Provisional/Provisoire,,
05EA010,2026-08-02T10:20:00Z,47,0.001,,,Provisional/Provisoire,,
05EA010,2026-08-02T10:25:00Z,47,0.001,,,Provisional/Provisoire,,
05EA010,2026-08-02T10:30:00Z,47,0.001,,,Provisional/Provisoire,,
05EA010,2026-08-02T10:35:00Z,47,0.001,,,Provisional/Provisoire,,
05EA010,2026-08-02T10:40:00Z,47,0.001,,,Provisional/Provisoire,,
05EA010,2026-08-02T10:45:00Z,47,0.001,,,Provisional/Provisoire,,
05EA010,2026-08-02T10:50:00Z,47,0.001,,,Provisional/Provisoire,,
05EA010,2026-08-02T10:55:00Z,47,0.001,,,Provisional/Provisoire,,
05EA010,2026-08-02T11:00:00Z,47,0.001,,,Provisional/Provisoire,,
05EA010,2026-08-02T11:05:00Z,47,0.001,,,Provisional/Provisoire,,
05EA010,2026-08-02T11:10:00Z,47,0.001,,,Provisional/Provisoire,,
05EA010,2026-08-02T11:15:00Z,47,0.001,,,Provisional/Provisoire,,
05EA010,2026-08-02T11:20:00Z,47,0.001,,,Provisional/Provisoire,,
05EA010,2026-08-02T11:25:00Z,47,0.001,,,Provisional/Provisoire,,
05EA010,2026-08-02T11:30:00Z,47,0.001,,,Provisional/Provisoire,,
05EA010,2026-08-02T11:35:00Z,47,0.001,,,Provisional/Provisoire,,
05EA010,2026-08-02T11:40:00Z,47,0.001,,,Provisional/Provisoire,,
05EA010,2026-08-02T11:45:00Z,47,0.001,,,Provisional/Provisoire,,
05EA010,2026-08-02T11:50:00Z,47,0.001,,,Provisional/Provisoire,,
05EA010,2026-08-02T11:55:00Z,47,0.001,,,Provisional/Provisoire,,
05EA010,2026-08-02T12:00:00Z,47,0.001,,,Provisional/Provisoire,,
05EA010,2026-08-02T12:05:00Z,47,0.00,,,Provisional/Provisoire,,
05EA010,2026-08-02T12:10:00Z,47,0.00,,,Provisional/Provisoire,,
05EA010,2026-08-02T12:15:00Z,47,0.00,,,Provisional/Provisoire,,
05EA010,2026-08-02T12:20:00Z,47,0.00,,,Provisional/Provisoire,,
05EA010,2026-08-02T12:25:00Z,47,0.00,,,Provisional/Provisoire,,
05EA010,2026-08-02T12:30:00Z,47,0.00,,,Provisional/Provisoire,,
05EA010,2026-08-02T12:35:00Z,47,0.00,,,Provisional/Provisoire,,
05EA010,2026-08-02T12:40:00Z,47,0.00,,,Provisional/Provisoire,,
05EA010,2026-08-02T12:45:00Z,47,0.00,,,Provisional/Provisoire,,
05EA010,2026-08-02T12:50:00Z,47,0.00,,,Provisional/Provisoire,,
05EA010,2026-08-02T12:55:00Z,47,0.00,,,Provisional/Provisoire,,
05EA010,2026-08-02T13:00:00Z,47,0.00,,,Provisional/Provisoire,,
05EA010,2026-08-02T13:05:00Z,47,0.00,,,Provisional/Provisoire,,
05EA010,2026-08-02T13:10:00Z,47,0.00,,,Provisional/Provisoire,,
05EA010,2026-08-02T13:15:00Z,47,0.00,,,Provisional/Provisoire,,
05EA010,2026-08-02T13:20:00Z,47,0.00,,,Provisional/Provisoire,,
05EA010,2026-08-02T13:25:00Z,47,0.00,,,Provisional/Provisoire,,
05EA010,2026-08-02T13:30:00Z,47,0.00,,,Provisional/Provisoire,,
05EA010,2026-08-02T13:35:00Z,47,0.00,,,Provisional/Provisoire,,
05EA010,2026-08-02T13:40:00Z,47,0.00,,,Provisional/Provisoire,,
05EA010,2026-08-02T13:45:00Z,47,0.00,,,Provisional/Provisoire,,
05EA010,2026-08-02T13:50:00Z,47,0.00,,,Provisional/Provisoire,,
05EA010,2026-08-02T13:55:00Z,47,0.00,,,Provisional/Provisoire,,
05EA010,2026-08-02T14:00:00Z,47,0.00,,,Provisional/Provisoire,,
05EA010,2026-08-02T14:05:00Z,47,0.00,,,Provisional/Provisoire,,
05EA010,2026-08-02T14:10:00Z,47,0.00,,,Provisional/Provisoire,,
05EA010,2026-08-02T14:15:00Z,47,0.00,,,Provisional/Provisoire,,
05EA010,2026-08-02T14:20:00Z,47,0.00,,,Provisional/Provisoire,,
05EA010,2026-08-02T14:25:00Z,47,0.00,,,Provisional/Provisoire,,
05EA010,2026-08-02T14:30:00Z,47,0.00,,,Provisional/Provisoire,,
05EA010,2026-08-02T14:35:00Z,47,0.00,,,Provisional/Provisoire,,
05EA010,2026-08-02T14:40:00Z,47,0.00,,,Provisional/Provisoire,,
05EA010,2026-08-02T14:45:00Z,47,0.00,,,Provisional/Provisoire,,
05EA010,2026-08-02T14:50:00Z,47,0.00,,,Provisional/Provisoire,,
05EA010,2026-08-02T14:55:00Z,47,0.00,,,Provisional/Provisoire,,
05EA010,2026-08-02T15:00:00Z,47,0.00,,,Provisional/Provisoire,,
05EA010,2026-08-02T15:05:00Z,47,0.00,,,Provisional/Provisoire,,
05EA010,2026-08-02T15:10:00Z,47,0.00,,,Provisional/Provisoire,,
05EA010,2026-08-02T15:15:00Z,47,0.00,,,Provisional/Provisoire,,
05EA010,2026-08-02T15:20:00Z,47,0.00,,,Provisional/Provisoire,,
05EA010,2026-08-02T15:25:00Z,47,0.00,,,Provisional/Provisoire,,
05EA010,2026-08-02T15:30:00Z,47,0.00,,,Provisional/Provisoire,,
05EA010,2026-08-02T15:35:00Z,47,0.00,,,Provisional/Provisoire,,
05EA010,2026-08-02T15:40:00Z,47,0.00,,,Provisional/Provisoire,,
05EA010,2026-08-02T15:45:00Z,47,0.00,,,Provisional/Provisoire,,
05EA010,2026-08-02T15:50:00Z,47,0.00,,,Provisional/Provisoire,,
05EA010,2026-08-02T15:55:00Z,47,0.00,,,Provisional/Provisoire,,
05EA010,2026-08-02T16:00:00Z,47,0.00,,,Provisional/Provisoire,,
05EA010,2026-08-02T16:05:00Z,47,0.00,,,Provisional/Provisoire,,
05EA010,2026-08-02T16:10:00Z,47,0.00,,,Provisional/Provisoire,,
05EA010,2026-08-02T16:15:00Z,47,0.00,,,Provisional/Provisoire,,
05EA010,2026-08-02T16:20:00Z,47,0.00,,,Provisional/Provisoire,,
05EA010,2026-08-02T16:25:00Z,47,0.00,,,Provisional/Provisoire,,
05EA010,2026-08-02T16:30:00Z,47,0.00,,,Provisional/Provisoire,,
05EA010,2026-08-02T16:35:00Z,47,0.00,,,Provisional/Provisoire,,
05EA010,2026-08-02T16:40:00Z,47,0.00,,,Provisional/Provisoire,,
05EA010,2026-08-02T16:45:00Z,47,0.001,,,Provisional/Provisoire,,
05EA010,2026-08-02T16:50:00Z,47,0.00,,,Provisional/Provisoire,,
05EA010,2026-08-02T16:55:00Z,47,0.001,,,Provisional/Provisoire,,
05EA010,2026-08-02T17:00:00Z,47,0.00,,,Provisional/Provisoire,,
05EA010,2026-08-02T17:05:00Z,47,0.00,,,Provisional/Provisoire,,
05EA010,2026-08-02T17:10:00Z,47,0.00,,,Provisional/Provisoire,,
05EA010,2026-08-02T17:15:00Z,47,0.00,,,Provisional/Provisoire,,
05EA010,2026-08-02T17:20:00Z,47,0.00,,,Provisional/Provisoire,,
05EA010,2026-08-02T17:25:00Z,47,0.00,,,Provisional/Provisoire,,
05EA010,2026-08-02T17:30:00Z,47,0.00,,,Provisional/Provisoire,,
05EA010,2026-08-02T17:35:00Z,47,0.00,,,Provisional/Provisoire,,
05EA010,2026-08-02T17:40:00Z,47,0.00,,,Provisional/Provisoire,,
05EA010,2026-08-02T17:45:00Z,47,0.00,,,Provisional/Provisoire,,
05EA010,2026-08-02T17:50:00Z,47,0.001,,,Provisional/Provisoire,,
05EA010,2026-08-02T17:55:00Z,47,0.00,,,Provisional/Provisoire,,
05EA010,2026-08-02T18:00:00Z,47,0.00,,,Provisional/Provisoire,,
05EA010,2026-08-02T18:05:00Z,47,0.00,,,Provisional/Provisoire,,
05EA010,2026-08-02T18:10:00Z,47,0.001,,,Provisional/Provisoire,,
05EA010,2026-08-02T18:15:00Z,47,0.00,,,Provisional/Provisoire,,
05EA010,2026-08-02T18:20:00Z,47,0.001,,,Provisional/Provisoire,,
05EA010,2026-08-02T18:25:00Z,47,0.00,,,Provisional/Provisoire,,
05EA010,2026-08-02T18:30:00Z,47,0.00,,,Provisional/Provisoire,,
05EA010,2026-08-02T18:35:00Z,47,0.001,,,Provisional/Provisoire,,
05EA010,2026-08-02T18:40:00Z,47,0.00,,,Provisional/Provisoire,,
05EA010,2026-08-02T18:45:00Z,47,0.00,,,Provisional/Provisoire,,
05EA010,2026-08-02T18:50:00Z,47,0.00,,,Provisional/Provisoire,,
05EA010,2026-08-02T18:55:00Z,47,0.00,,,Provisional/Provisoire,,
05EA010,2026-08-02T19:00:00Z,47,0.00,,,Provisional/Provisoire,,
05EA010,2026-08-02T19:05:00Z,47,0.001,,,Provisional/Provisoire,,
05EA010,2026-08-02T19:10:00Z,47,0.00,,,Provisional/Provisoire,,
05EA010,2026-08-02T19:15:00Z,47,0.00,,,Provisional/Provisoire,,
05EA010,2026-08-02T19:20:00Z,47,0.00,,,Provisional/Provisoire,,
05EA010,2026-08-02T19:25:00Z,47,0.00,,,Provisional/Provisoire,,
05EA010,2026-08-02T19:30:00Z,47,0.001,,,Provisional/Provisoire,,
05EA010,2026-08-02T19:35:00Z,47,0.001,,,Provisional/Provisoire,,
05EA010,2026-08-02T19:40:00Z,47,0.00,,,Provisional/Provisoire,,
05EA010,2026-08-02T19:45:00Z,47,0.00,,,Provisional/Provisoire,,
05EA010,2026-08-02T19:50:00Z,47,0.001,,,Provisional/Provisoire,,
05EA010,2026-08-02T19:55:00Z,47,0.001,,,Provisional/Provisoire,,
05EA010,2026-08-02T20:00:00Z,47,0.00,,,Provisional/Provisoire,,
05EA010,2026-08-02T20:05:00Z,47,0.001,,,Provisional/Provisoire,,
05EA010,2026-08-02T20:10:00Z,47,0.001,,,Provisional/Provisoire,,
05EA010,2026-08-02T20:15:00Z,47,0.001,,,Provisional/Provisoire,,
05EA010,2026-08-02T20:20:00Z,47,0.001,,,Provisional/Provisoire,,
05EA010,2026-08-02T20:25:00Z,47,0.00,,,Provisional/Provisoire,,
05EA010,2026-08-02T20:30:00Z,47,0.001,,,Provisional/Provisoire,,
05EA010,2026-08-02T20:35:00Z,47,0.001,,,Provisional/Provisoire,,
05EA010,2026-08-02T20:40:00Z,47,0.001,,,Provisional/Provisoire,,
05EA010,2026-08-02T20:45:00Z,47,0.001,,,Provisional/Provisoire,,
05EA010,2026-08-02T20:50:00Z,47,0.00,,,Provisional/Provisoire,,
05EA010,2026-08-02T20:55:00Z,47,0.001,,,Provisional/Provisoire,,
05EA010,2026-08-02T21:00:00Z,47,0.001,,,Provisional/Provisoire,,
05EA010,2026-08-02T21:05:00Z,47,0.001,,,Provisional/Provisoire,,
05EA010,2026-08-02T21:10:00Z,47,0.001,,,Provisional/Provisoire,,
05EA010,2026-08-02T21:15:00Z,47,0.001,,,Provisional/Provisoire,,
05EA010,2026-08-02T21:20:00Z,47,0.001,,,Provisional/Provisoire,,
05EA010,2026-08-02T21:25:00Z,47,0.001,,,Provisional/Provisoire,,
05EA010,2026-08-02T21:30:00Z,47,0.001,,,Provisional/Provisoire,,
05EA010,2026-08-02T21:35:00Z,47,0.001,,,Provisional/Provisoire,,
05EA010,2026-08-02T21:40:00Z,47,0.001,,,Provisional/Provisoire,,
05EA010,2026-08-02T21:45:00Z,47,0.001,,,Provisional/Provisoire,,
05EA010,2026-08-02T21:50:00Z,47,0.001,,,Provisional/Provisoire,,
05EA010,2026-08-02T21:55:00Z,47,0.001,,,Provisional/Provisoire,,
05EA010,2026-08-02T22:00:00Z,47,0.001,,,Provisional/Provisoire,,
05EA010,2026-08-02T22:05:00Z,47,0.001,,,Provisional/Provisoire,,
05EA010,2026-08-02T22:10:00Z,47,0.001,,,Provisional/Provisoire,,
05EA010,2026-08-02T22:15:00Z,47,0.001,,,Provisional/Provisoire,,
05EA010,2026-08-02T22:20:00Z,47,0.001,,,Provisional/Provisoire,,
05EA010,2026-08-02T22:25:00Z,47,0.001,,,Provisional/Provisoire,,
05EA010,2026-08-02T22:30:00Z,47,0.001,,,Provisional/Provisoire,,
05EA010,2026-08-02T22:35:00Z,47,0.001,,,Provisional/Provisoire,,
05EA010,2026-08-02T22:40:00Z,47,0.001,,,Provisional/Provisoire,,
05EA010,2026-08-02T22:45:00Z,47,0.001,,,Provisional/Provisoire,,
05EA010,2026-08-02T22:50:00Z,47,0.001,,,Provisional/Provisoire,,
05EA010,2026-08-02T22:55:00Z,47,0.001,,,Provisional/Provisoire,,
05EA010,2026-08-02T23:00:00Z,47,0.001,,,Provisional/Provisoire,,
05EA010,2026-08-02T23:05:00Z,47,0.001,,,Provisional/Provisoire,,
05EA010,2026-08-02T23:10:00Z,47,0.001,,,Provisional/Provisoire,,
05EA010,2026-08-02T23:15:00Z,47,0.001,,,Provisional/Provisoire,,
05EA010,2026-08-02T23:20:00Z,47,0.001,,,Provisional/Provisoire,,
05EA010,2026-08-02T23:25:00Z,47,0.001,,,Provisional/Provisoire,,
05EA010,2026-08-02T23:30:00Z,47,0.001,,,Provisional/Provisoire,,
05EA010,2026-08-02T23:35:00Z,47,0.001,,,Provisional/Provisoire,,
05EA010,2026-08-02T23:40:00Z,47,0.001,,,Provisional/Provisoire,,
05EA010,2026-08-02T23:45:00Z,47,0.001,,,Provisional/Provisoire,,
05EA010,2026-08-02T23:50:00Z,47,0.001,,,Provisional/Provisoire,,
05EA010,2026-08-02T23:55:00Z,47,0.002,,,Provisional/Provisoire,,
05EA010,2026-08-03T00:00:00Z,47,0.002,,,Provisional/Provisoire,,
05EA010,2026-08-03T00:05:00Z,47,0.002,,,Provisional/Provisoire,,
05EA010,2026-08-03T00:10:00Z,47,0.001,,,Provisional/Provisoire,,
05EA010,2026-08-03T00:15:00Z,47,0.002,,,Provisional/Provisoire,,
05EA010,2026-08-03T00:20:00Z,47,0.001,,,Provisional/Provisoire,,
05EA010,2026-08-03T00:25:00Z,47,0.002,,,Provisional/Provisoire,,
05EA010,2026-08-03T00:30:00Z,47,0.002,,,Provisional/Provisoire,,
05EA010,2026-08-03T00:35:00Z,47,0.002,,,Provisional/Provisoire,,
05EA010,2026-08-03T00:40:00Z,47,0.002,,,Provisional/Provisoire,,
05EA010,2026-08-03T00:45:00Z,47,0.002,,,Provisional/Provisoire,,
05EA010,2026-08-03T00:50:00Z,47,0.002,,,Provisional/Provisoire,,
05EA010,2026-08-03T00:55:00Z,47,0.002,,,Provisional/Provisoire,,
05EA010,2026-08-03T01:00:00Z,47,0.002,,,Provisional/Provisoire,,
05EA010,2026-08-03T01:05:00Z,47,0.002,,,Provisional/Provisoire,,
05EA010,2026-08-03T01:10:00Z,47,0.002,,,Provisional/Provisoire,,
05EA010,2026-08-03T01:15:00Z,47,0.002,,,Provisional/Provisoire,,
05EA010,2026-08-03T01:20:00Z,47,0.002,,,Provisional/Provisoire,,
05EA010,2026-08-03T01:25:00Z,47,0.002,,,Provisional/Provisoire,,
05EA010,2026-08-03T01:30:00Z,47,0.002,,,Provisional/Provisoire,,
05EA010,2026-08-03T01:35:00Z,47,0.002,,,Provisional/Provisoire,,
05EA010,2026-08-03T01:40:00Z,47,0.002,,,Provisional/Provisoire,,
05EA010,2026-08-03T01:45:00Z,47,0.002,,,Provisional/Provisoire,,
05EA010,2026-08-03T01:50:00Z,47,0.002,,,Provisional/Provisoire,,
05EA010,2026-08-03T01:55:00Z,47,0.002,,,Provisional/Provisoire,,
05EA010,2026-08-03T02:00:00Z,47,0.002,,,Provisional/Provisoire,,
05EA010,2026-08-03T02:05:00Z,47,0.003,,,Provisional/Provisoire,,
05EA010,2026-08-03T02:10:00Z,47,0.003,,,Provisional/Provisoire,,
05EA010,2026-08-03T02:15:00Z,47,0.003,,,Provisional/Provisoire,,
05EA010,2026-08-03T02:20:00Z,47,0.003,,,Provisional/Provisoire,,
05EA010,2026-08-03T02:25:00Z,47,0.003,,,Provisional/Provisoire,,
05EA010,2026-08-03T02:30:00Z,47,0.003,,,Provisional/Provisoire,,
05EA010,2026-08-03T02:35:00Z,47,0.003,,,Provisional/Provisoire,,
05EA010,2026-08-03T02:40:00Z,47,0.003,,,Provisional/Provisoire,,
05EA010,2026-08-03T02:45:00Z,47,0.003,,,Provisional/Provisoire,,
05EA010,2026-08-03T02:50:00Z,47,0.003,,,Provisional/Provisoire,,
05EA010,2026-08-03T02:55:00Z,47,0.003,,,Provisional/Provisoire,,
05EA010,2026-08-03T03:00:00Z,47,0.004,,,Provisional/Provisoire,,
05EA010,2026-08-03T03:05:00Z,47,0.004,,,Provisional/Provisoire,,
05EA010,2026-08-03T03:10:00Z,47,0.004,,,Provisional/Provisoire,,
05EA010,2026-08-03T03:15:00Z,47,0.004,,,Provisional/Provisoire,,
05EA010,2026-08-03T03:20:00Z,47,0.004,,,Provisional/Provisoire,,
05EA010,2026-08-03T03:25:00Z,47,0.004,,,Provisional/Provisoire,,
05EA010,2026-08-03T03:30:00Z,47,0.004,,,Provisional/Provisoire,,
05EA010,2026-08-03T03:35:00Z,47,0.004,,,Provisional/Provisoire,,
05EA010,2026-08-03T03:40:00Z,47,0.004,,,Provisional/Provisoire,,
05EA010,2026-08-03T03:45:00Z,47,0.004,,,Provisional/Provisoire,,
05EA010,2026-08-03T03:50:00Z,47,0.004,,,Provisional/Provisoire,,
05EA010,2026-08-03T03:55:00Z,47,0.004,,,Provisional/Provisoire,,
05EA010,2026-08-03T04:00:00Z,47,0.004,,,Provisional/Provisoire,,
05EA010,2026-08-03T04:05:00Z,47,0.004,,,Provisional/Provisoire,,
05EA010,2026-08-03T04:10:00Z,47,0.005,,,Provisional/Provisoire,,
05EA010,2026-08-03T04:15:00Z,47,0.005,,,Provisional/Provisoire,,
05EA010,2026-08-03T04:20:00Z,47,0.005,,,Provisional/Provisoire,,
05EA010,2026-08-03T04:25:00Z,47,0.005,,,Provisional/Provisoire,,
05EA010,2026-08-03T04:30:00Z,47,0.005,,,Provisional/Provisoire,,
05EA010,2026-08-03T04:35:00Z,47,0.005,,,Provisional/Provisoire,,
05EA010,2026-08-03T04:40:00Z,47,0.005,,,Provisional/Provisoire,,
05EA010,2026-08-03T04:45:00Z,47,0.005,,,Provisional/Provisoire,,
05EA010,2026-08-03T04:50:00Z,47,0.005,,,Provisional/Provisoire,,
05EA010,2026-08-03T04:55:00Z,47,0.005,,,Provisional/Provisoire,,
05EA010,2026-08-03T05:00:00Z,47,0.005,,,Provisional/Provisoire,,
05EA010,2026-08-03T05:05:00Z,47,0.006,,,Provisional/Provisoire,,
05EA010,2026-08-03T05:10:00Z,47,0.005,,,Provisional/Provisoire,,
05EA010,2026-08-03T05:15:00Z,47,0.006,,,Provisional/Provisoire,,
05EA010,2026-08-03T05:20:00Z,47,0.006,,,Provisional/Provisoire,,
05EA010,2026-08-03T05:25:00Z,47,0.006,,,Provisional/Provisoire,,
05EA010,2026-08-03T05:30:00Z,47,0.006,,,Provisional/Provisoire,,
05EA010,2026-08-03T05:35:00Z,47,0.006,,,Provisional/Provisoire,,
05EA010,2026-08-03T05:40:00Z,47,0.006,,,Provisional/Provisoire,,
05EA010,2026-08-03T05:45:00Z,47,0.006,,,Provisional/Provisoire,,
05EA010,2026-08-03T05:50:00Z,47,0.006,,,Provisional/Provisoire,,
05EA010,2026-08-03T05:55:00Z,47,0.006,,,Provisional/Provisoire,,
05EA010,2026-08-03T06:00:00Z,47,0.006,,,Provisional/Provisoire,,
05EA010,2026-08-03T06:05:00Z,47,0.006,,,Provisional/Provisoire,,
05EA010,2026-08-03T06:10:00Z,47,0.007,,,Provisional/Provisoire,,
05EA010,2026-08-03T06:15:00Z,47,0.007,,,Provisional/Provisoire,,
05EA010,2026-08-03T06:20:00Z,47,0.006,,,Provisional/Provisoire,,
05EA010,2026-08-03T06:25:00Z,47,0.007,,,Provisional/Provisoire,,
05EA010,2026-08-03T06:30:00Z,47,0.007,,,Provisional/Provisoire,,
05EA010,2026-08-03T06:35:00Z,47,0.007,,,Provisional/Provisoire,,
05EA010,2026-08-03T06:40:00Z,47,0.007,,,Provisional/Provisoire,,
05EA010,2026-08-03T06:45:00Z,47,0.007,,,Provisional/Provisoire,,
05EA010,2026-08-03T06:50:00Z,47,0.007,,,Provisional/Provisoire,,
05EA010,2026-08-03T06:55:00Z,47,0.007,,,Provisional/Provisoire,,
05EA010,2026-08-03T07:00:00Z,47,0.007,,,Provisional/Provisoire,,
05EA010,2026-08-03T07:05:00Z,47,0.007,,,Provisional/Provisoire,,
05EA010,2026-08-03T07:10:00Z,47,0.007,,,Provisional/Provisoire,,
05EA010,2026-08-03T07:15:00Z,47,0.007,,,Provisional/Provisoire,,
05EA010,2026-08-03T07:20:00Z,47,0.007,,,Provisional/Provisoire,,
05EA010,2026-08-03T07:25:00Z,47,0.007,,,Provisional/Provisoire,,
05EA010,2026-08-03T07:30:00Z,47,0.008,,,Provisional/Provisoire,,
05EA010,2026-08-03T07:35:00Z,47,0.008,,,Provisional/Provisoire,,
05EA010,2026-08-03T07:40:00Z,47,0.008,,,Provisional/Provisoire,,
05EA010,2026-08-03T07:45:00Z,47,0.008,,,Provisional/Provisoire,,
05EA010,2026-08-03T07:50:00Z,47,0.008,,,Provisional/Provisoire,,
05EA010,2026-08-03T07:55:00Z,47,0.008,,,Provisional/Provisoire,,
05EA010,2026-08-03T08:00:00Z,47,0.008,,,Provisional/Provisoire,,
05EA010,2026-08-03T08:05:00Z,47,0.008,,,Provisional/Provisoire,,
05EA010,2026-08-03T08:10:00Z,47,0.008,,,Provisional/Provisoire,,
05EA010,2026-08-03T08:15:00Z,47,0.008,,,Provisional/Provisoire,,
05EA010,2026-08-03T08:20:00Z,47,0.008,,,Provisional/Provisoire,,
05EA010,2026-08-03T08:25:00Z,47,0.008,,,Provisional/Provisoire,,
05EA010,2026-08-03T08:30:00Z,47,0.008,,,Provisional/Provisoire,,
05EA010,2026-08-03T08:35:00Z,47,0.008,,,Provisional/Provisoire,,
05EA010,2026-08-03T08:40:00Z,47,0.008,,,Provisional/Provisoire,,
05EA010,2026-08-03T08:45:00Z,47,0.008,,,Provisional/Provisoire,,
05EA010,2026-08-03T08:50:00Z,47,0.008,,,Provisional/Provisoire,,
05EA010,2026-08-03T08:55:00Z,47,0.008,,,Provisional/Provisoire,,
05EA010,2026-08-03T09:00:00Z,47,0.008,,,Provisional/Provisoire,,
05EA010,2026-08-03T09:05:00Z,47,0.008,,,Provisional/Provisoire,,
05EA010,2026-08-03T09:10:00Z,47,0.008,,,Provisional/Provisoire,,
05EA010,2026-08-03T09:15:00Z,47,0.008,,,Provisional/Provisoire,,
05EA010,2026-08-03T09:20:00Z,47,0.008,,,Provisional/Provisoire,,
05EA010,2026-08-03T09:25:00Z,47,0.008,,,Provisional/Provisoire,,
05EA010,2026-08-03T09:30:00Z,47,0.008,,,Provisional/Provisoire,,
05EA010,2026-08-03T09:35:00Z,47,0.008,,,Provisional/Provisoire,,
05EA010,2026-08-03T09:40:00Z,47,0.008,,,Provisional/Provisoire,,
05EA010,2026-08-03T09:45:00Z,47,0.008,,,Provisional/Provisoire,,
05EA010,2026-08-03T09:50:00Z,47,0.008,,,Provisional/Provisoire,,
05EA010,2026-08-03T09:55:00Z,47,0.008,,,Provisional/Provisoire,,
05EA010,2026-08-03T10:00:00Z,47,0.008,,,Provisional/Provisoire,,
05EA010,2026-08-03T10:05:00Z,47,0.008,,,Provisional/Provisoire,,
05EA010,2026-08-03T10:10:00Z,47,0.008,,,Provisional/Provisoire,,
05EA010,2026-08-03T10:15:00Z,47,0.008,,,Provisional/Provisoire,,
05EA010,2026-08-03T10:20:00Z,47,0.008,,,Provisional/Provisoire,,
05EA010,2026-08-03T10:25:00Z,47,0.008,,,Provisional/Provisoire,,
05EA010,2026-08-03T10:30:00Z,47,0.008,,,Provisional/Provisoire,,
05EA010,2026-08-03T10:35:00Z,47,0.008,,,Provisional/Provisoire,,
05EA010,2026-08-03T10:40:00Z,47,0.007,,,Provisional/Provisoire,,
05EA010,2026-08-03T10:45:00Z,47,0.007,,,Provisional/Provisoire,,
05EA010,2026-08-03T10:50:00Z,47,0.007,,,Provisional/Provisoire,,
05EA010,2026-08-03T10:55:00Z,47,0.007,,,Provisional/Provisoire,,
05EA010,2026-08-03T11:00:00Z,47,0.007,,,Provisional/Provisoire,,
05EA010,2026-08-03T11:05:00Z,47,0.007,,,Provisional/Provisoire,,
05EA010,2026-08-03T11:10:00Z,47,0.007,,,Provisional/Provisoire,,
05EA010,2026-08-03T11:15:00Z,47,0.007,,,Provisional/Provisoire,,
05EA010,2026-08-03T11:20:00Z,47,0.007,,,Provisional/Provisoire,,
05EA010,2026-08-03T11:25:00Z,47,0.007,,,Provisional/Provisoire,,
05EA010,2026-08-03T11:30:00Z,47,0.007,,,Provisional/Provisoire,,
05EA010,2026-08-03T11:35:00Z,47,0.007,,,Provisional/Provisoire,,
05EA010,2026-08-03T11:40:00Z,47,0.007,,,Provisional/Provisoire,,
05EA010,2026-08-03T11:45:00Z,47,0.007,,,Provisional/Provisoire,,
05EA010,2026-08-03T11:50:00Z,47,0.007,,,Provisional/Provisoire,,
05EA010,2026-08-03T11:55:00Z,47,0.007,,,Provisional/Provisoire,,
05EA010,2026-08-03T12:00:00Z,47,0.007,,,Provisional/Provisoire,,
05EA010,2026-08-03T12:05:00Z,47,0.007,,,Provisional/Provisoire,,
05EA010,2026-08-03T12:10:00Z,47,0.007,,,Provisional/Provisoire,,
05EA010,2026-08-03T12:15:00Z,47,0.007,,,Provisional/Provisoire,,
05EA010,2026-08-03T12:20:00Z,47,0.007,,,Provisional/Provisoire,,
05EA010,2026-08-03T12:25:00Z,47,0.007,,,Provisional/Provisoire,,
05EA010,2026-08-03T12:30:00Z,47,0.007,,,Provisional/Provisoire,,
05EA010,2026-08-03T12:35:00Z,47,0.007,,,Provisional/Provisoire,,
05EA010,2026-08-03T12:40:00Z,47,0.006,,,Provisional/Provisoire,,
05EA010,2026-08-03T12:45:00Z,47,0.006,,,Provisional/Provisoire,,
05EA010,2026-08-03T12:50:00Z,47,0.006,,,Provisional/Provisoire,,
05EA010,2026-08-03T12:55:00Z,47,0.006,,,Provisional/Provisoire,,
05EA010,2026-08-03T13:00:00Z,47,0.006,,,Provisional/Provisoire,,
05EA010,2026-08-03T13:05:00Z,47,0.006,,,Provisional/Provisoire,,
05EA010,2026-08-03T13:10:00Z,47,0.007,,,Provisional/Provisoire,,
05EA010,2026-08-03T13:15:00Z,47,0.006,,,Provisional/Provisoire,,
05EA010,2026-08-03T13:20:00Z,47,0.006,,,Provisional/Provisoire,,
05EA010,2026-08-03T13:25:00Z,47,0.006,,,Provisional/Provisoire,,
05EA010,2026-08-03T13:30:00Z,47,0.006,,,Provisional/Provisoire,,
05EA010,2026-08-03T13:35:00Z,47,0.006,,,Provisional/Provisoire,,
05EA010,2026-08-03T13:40:00Z,47,0.007,,,Provisional/Provisoire,,
05EA010,2026-08-03T13:45:00Z,47,0.007,,,Provisional/Provisoire,,
05EA010,2026-08-03T13:50:00Z,47,0.007,,,Provisional/Provisoire,,
05EA010,2026-08-03T13:55:00Z,47,0.007,,,Provisional/Provisoire,,
05EA010,2026-08-03T14:00:00Z,47,0.007,,,Provisional/Provisoire,,
05EA010,2026-08-03T14:05:00Z,47,0.007,,,Provisional/Provisoire,,
05EA010,2026-08-03T14:10:00Z,47,0.007,,,Provisional/Provisoire,,
05EA010,2026-08-03T14:15:00Z,47,0.007,,,Provisional/Provisoire,,
05EA010,2026-08-03T14:20:00Z,47,0.007,,,Provisional/Provisoire,,
05EA010,2026-08-03T14:25:00Z,47,0.007,,,Provisional/Provisoire,,
05EA010,2026-08-03T14:30:00Z,47,0.007,,,Provisional/Provisoire,,
05EA010,2026-08-03T14:35:00Z,47,0.007,,,Provisional/Provisoire,,
05EA010,2026-08-03T14:40:00Z,47,0.007,,,Provisional/Provisoire,,
05EA010,2026-08-03T14:45:00Z,47,0.007,,,Provisional/Provisoire,,
05EA010,2026-08-03T14:50:00Z,47,0.007,,,Provisional/Provisoire,,
05EA010,2026-08-03T14:55:00Z,47,0.007,,,Provisional/Provisoire,,
05EA010,2026-08-03T15:00:00Z,47,0.006,,,Provisional/Provisoire,,
05EA010,2026-08-03T15:05:00Z,47,0.007,,,Provisional/Provisoire,,
05EA010,2026-08-03T15:10:00Z,47,0.007,,,Provisional/Provisoire,,
05EA010,2026-08-03T15:15:00Z,47,0.007,,,Provisional/Provisoire,,
05EA010,2026-08-03T15:20:00Z,47,0.007,,,Provisional/Provisoire,,
05EA010,2026-08-03T15:25:00Z,47,0.007,,,Provisional/Provisoire,,
05EA010,2026-08-03T15:30:00Z,47,0.007,,,Provisional/Provisoire,,
05EA010,2026-08-03T15:35:00Z,47,0.007,,,Provisional/Provisoire,,
05EA010,2026-08-03T15:40:00Z,47,0.007,,,Provisional/Provisoire,,
05EA010,2026-08-03T15:45:00Z,47,0.007,,,Provisional/Provisoire,,
05EA010,2026-08-03T15:50:00Z,47,0.007,,,Provisional/Provisoire,,
05EA010,2026-08-03T15:55:00Z,47,0.007,,,Provisional/Provisoire,,
05EA010,2026-08-03T16:00:00Z,47,0.007,,,Provisional/Provisoire,,
05EA010,2026-08-03T16:05:00Z,47,0.007,,,Provisional/Provisoire,,
05EA010,2026-08-03T16:10:00Z,47,0.007,,,Provisional/Provisoire,,
05EA010,2026-08-03T16:15:00Z,47,0.007,,,Provisional/Provisoire,,
05EA010,2026-08-03T16:20:00Z,47,0.007,,,Provisional/Provisoire,,
05EA010,2026-08-03T16:25:00Z,47,0.007,,,Provisional/Provisoire,,
05EA010,2026-08-03T16:30:00Z,47,0.007,,,Provisional/Provisoire,,
05EA010,2026-08-03T16:35:00Z,47,0.007,,,Provisional/Provisoire,,
05EA010,2026-08-03T16:40:00Z,47,0.007,,,Provisional/Provisoire,,
05EA010,2026-08-03T16:45:00Z,47,0.007,,,Provisional/Provisoire,,
05EA010,2026-08-03T16:50:00Z,47,0.007,,,Provisional/Provisoire,,
05EA010,2026-08-03T16:55:00Z,47,0.007,,,Provisional/Provisoire,,
05EA010,2026-08-03T17:00:00Z,47,0.007,,,Provisional/Provisoire,,
05EA010,2026-08-03T17:05:00Z,47,0.007,,,Provisional/Provisoire,,
05EA010,2026-08-03T17:10:00Z,47,0.007,,,Provisional/Provisoire,,
05EA010,2026-08-03T17:15:00Z,47,0.007,,,Provisional/Provisoire,,
05EA010,2026-08-03T17:20:00Z,47,0.007,,,Provisional/Provisoire,,
05EA010,2026-08-03T17:25:00Z,47,0.007,,,Provisional/Provisoire,,
05EA010,2026-08-03T17:30:00Z,47,0.007,,,Provisional/Provisoire,,
05EA010,2026-08-03T17:35:00Z,47,0.007,,,Provisional/Provisoire,,
05EA010,2026-08-03T17:40:00Z,47,0.007,,,Provisional/Provisoire,,
05EA010,2026-08-03T17:45:00Z,47,0.007,,,Provisional/Provisoire,,
05EA010,2026-08-03T17:50:00Z,47,0.007,,,Provisional/Provisoire,,
05EA010,2026-08-03T17:55:00Z,47,0.007,,,Provisional/Provisoire,,
05EA010,2026-08-03T18:00:00Z,47,0.007,,,Provisional/Provisoire,,
05EA010,2026-08-03T18:05:00Z,47,0.007,,,Provisional/Provisoire,,
05EA010,2026-08-03T18:10:00Z,47,0.007,,,Provisional/Provisoire,,
05EA010,2026-08-03T18:15:00Z,47,0.007,,,Provisional/Provisoire,,
05EA010,2026-08-03T18:20:00Z,47,0.007,,,Provisional/Provisoire,,
05EA010,2026-08-03T18:25:00Z,47,0.007,,,Provisional/Provisoire,,
05EA010,2026-08-03T18:30:00Z,47,0.007,,,Provisional/Provisoire,,
05EA010,2026-08-03T18:35:00Z,47,0.007,,,Provisional/Provisoire,,
05EA010,2026-08-03T18:40:00Z,47,0.007,,,Provisional/Provisoire,,
05EA010,2026-08-03T18:45:00Z,47,0.007,,,Provisional/Provisoire,,
05EA010,2026-08-03T18:50:00Z,47,0.006,,,Provisional/Provisoire,,
05EA010,2026-08-03T18:55:00Z,47,0.007,,,Provisional/Provisoire,,
05EA010,2026-08-03T19:00:00Z,47,0.006,,,Provisional/Provisoire,,
05EA010,2026-08-03T19:05:00Z,47,0.007,,,Provisional/Provisoire,,
05EA010,2026-08-03T19:10:00Z,47,0.006,,,Provisional/Provisoire,,
05EA010,2026-08-03T19:15:00Z,47,0.007,,,Provisional/Provisoire,,
05EA010,2026-08-03T19:20:00Z,47,0.007,,,Provisional/Provisoire,,
05EA010,2026-08-03T19:25:00Z,47,0.007,,,Provisional/Provisoire,,
05EA010,2026-08-03T19:30:00Z,47,0.007,,,Provisional/Provisoire,,
05EA010,2026-08-03T19:35:00Z,47,0.007,,,Provisional/Provisoire,,
05EA010,2026-08-03T19:40:00Z,47,0.007,,,Provisional/Provisoire,,
05EA010,2026-08-03T19:45:00Z,47,0.007,,,Provisional/Provisoire,,
05EA010,2026-08-03T19:50:00Z,47,0.007,,,Provisional/Provisoire,,
05EA010,2026-08-03T19:55:00Z,47,0.007,,,Provisional/Provisoire,,
05EA010,2026-08-03T20:00:00Z,47,0.007,,,Provisional/Provisoire,,
05EA010,2026-08-03T20:05:00Z,47,0.007,,,Provisional/Provisoire,,
05EA010,2026-08-03T20:10:00Z,47,0.007,,,Provisional/Provisoire,,
05EA010,2026-08-03T20:15:00Z,47,0.007,,,Provisional/Provisoire,,
05EA010,2026-08-03T20:20:00Z,47,0.007,,,Provisional/Provisoire,,
05EA010,2026-08-03T20:25:00Z,47,0.007,,,Provisional/Provisoire,,
05EA010,2026-08-03T20:30:00Z,47,0.007,,,Provisional/Provisoire,,
05EA010,2026-08-03T20:35:00Z,47,0.007,,,Provisional/Provisoire,,
05EA010,2026-08-03T20:40:00Z,47,0.007,,,Provisional/Provisoire,,
05EA010,2026-08-03T20:45:00Z,47,0.006,,,Provisional/Provisoire,,
05EA010,2026-08-03T20:50:00Z,47,0.006,,,Provisional/Provisoire,,
05EA010,2026-08-03T20:55:00Z,47,0.006,,,Provisional/Provisoire,,
05EA010,2026-08-03T21:00:00Z,47,0.006,,,Provisional/Provisoire,,
05EA010,2026-08-03T21:05:00Z,47,0.006,,,Provisional/Provisoire,,
05EA010,2026-08-03T21:10:00Z,47,0.006,,,Provisional/Provisoire,,
05EA010,2026-08-03T21:15:00Z,47,0.006,,,Provisional/Provisoire,,
05EA010,2026-08-03T21:20:00Z,47,0.006,,,Provisional/Provisoire,,
05EA010,2026-08-03T21:25:00Z,47,0.006,,,Provisional/Provisoire,,
05EA010,2026-08-03T21:30:00Z,47,0.006,,,Provisional/Provisoire,,
05EA010,2026-08-03T21:35:00Z,47,0.006,,,Provisional/Provisoire,,
05EA010,2026-08-03T21:40:00Z,47,0.006,,,Provisional/Provisoire,,
05EA010,2026-08-03T21:45:00Z,47,0.006,,,Provisional/Provisoire,,
05EA010,2026-08-03T21:50:00Z,47,0.006,,,Provisional/Provisoire,,
05EA010,2026-08-03T21:55:00Z,47,0.006,,,Provisional/Provisoire,,
05EA010,2026-08-03T22:00:00Z,47,0.006,,,Provisional/Provisoire,,
05EA010,2026-08-03T22:05:00Z,47,0.006,,,Provisional/Provisoire,,
05EA010,2026-08-03T22:10:00Z,47,0.006,,,Provisional/Provisoire,,
05EA010,2026-08-03T22:15:00Z,47,0.006,,,Provisional/Provisoire,,
05EA010,2026-08-03T22:20:00Z,47,0.006,,,Provisional/Provisoire,,
05EA010,2026-08-03T22:25:00Z,47,0.006,,,Provisional/Provisoire,,
05EA010,2026-08-03T22:30:00Z,47,0.005,,,Provisional/Provisoire,,
05EA010,2026-08-03T22:35:00Z,47,0.006,,,Provisional/Provisoire,,
05EA010,2026-08-03T22:40:00Z,47,0.005,,,Provisional/Provisoire,,
05EA010,2026-08-03T22:45:00Z,47,0.005,,,Provisional/Provisoire,,
05EA010,2026-08-03T22:50:00Z,47,0.006,,,Provisional/Provisoire,,
05EA010,2026-08-03T22:55:00Z,47,0.005,,,Provisional/Provisoire,,
05EA010,2026-08-03T23:00:00Z,47,0.005,,,Provisional/Provisoire,,
05EA010,2026-08-03T23:05:00Z,47,0.006,,,Provisional/Provisoire,,
05EA010,2026-08-03T23:10:00Z,47,0.005,,,Provisional/Provisoire,,
05EA010,2026-08-03T23:15:00Z,47,0.005,,,Provisional/Provisoire,,
05EA010,2026-08-03T23:20:00Z,47,0.005,,,Provisional/Provisoire,,
05EA010,2026-08-03T23:25:00Z,47,0.005,,,Provisional/Provisoire,,
05EA010,2026-08-03T23:30:00Z,47,0.005,,,Provisional/Provisoire,,
05EA010,2026-08-03T23:35:00Z,47,0.005,,,Provisional/Provisoire,,
05EA010,2026-08-03T23:40:00Z,47,0.005,,,Provisional/Provisoire,,
05EA010,2026-08-03T23:45:00Z,47,0.005,,,Provisional/Provisoire,,
05EA010,2026-08-03T23:50:00Z,47,0.005,,,Provisional/Provisoire,,
05EA010,2026-08-03T23:55:00Z,47,0.005,,,Provisional/Provisoire,,
05EA010,2026-08-04T00:00:00Z,47,0.005,,,Provisional/Provisoire,,
05EA010,2026-08-04T00:05:00Z,47,0.005,,,Provisional/Provisoire,,
05EA010,2026-08-04T00:10:00Z,47,0.005,,,Provisional/Provisoire,,
05EA010,2026-08-04T00:15:00Z,47,0.005,,,Provisional/Provisoire,,
05EA010,2026-08-04T00:20:00Z,47,0.005,,,Provisional/Provisoire,,
05EA010,2026-08-04T00:25:00Z,47,0.005,,,Provisional/Provisoire,,
05EA010,2026-08-04T00:30:00Z,47,0.005,,,Provisional/Provisoire,,
05EA010,2026-08-04T00:35:00Z,47,0.004,,,Provisional/Provisoire,,
05EA010,2026-08-04T00:40:00Z,47,0.004,,,Provisional/Provisoire,,
05EA010,2026-08-04T00:45:00Z,47,0.004,,,Provisional/Provisoire,,
05EA010,2026-08-04T00:50:00Z,47,0.004,,,Provisional/Provisoire,,
05EA010,2026-08-04T00:55:00Z,47,0.004,,,Provisional/Provisoire,,
05EA010,2026-08-04T01:00:00Z,47,0.004,,,Provisional/Provisoire,,
05EA010,2026-08-04T01:05:00Z,47,0.004,,,Provisional/Provisoire,,
05EA010,2026-08-04T01:10:00Z,47,0.004,,,Provisional/Provisoire,,
05EA010,2026-08-04T01:15:00Z,47,0.004,,,Provisional/Provisoire,,
05EA010,2026-08-04T01:20:00Z,47,0.004,,,Provisional/Provisoire,,
05EA010,2026-08-04T01:25:00Z,47,0.004,,,Provisional/Provisoire,,
05EA010,2026-08-04T01:30:00Z,47,0.004,,,Provisional/Provisoire,,
05EA010,2026-08-04T01:35:00Z,47,0.004,,,Provisional/Provisoire,,
05EA010,2026-08-04T01:40:00Z,47,0.004,,,Provisional/Provisoire,,
05EA010,2026-08-04T01:45:00Z,47,0.004,,,Provisional/Provisoire,,
05EA010,2026-08-04T01:50:00Z,47,0.004,,,Provisional/Provisoire,,
05EA010,2026-08-04T01:55:00Z,47,0.004,,,Provisional/Provisoire,,
05EA010,2026-08-04T02:00:00Z,47,0.004,,,Provisional/Provisoire,,
05EA010,2026-08-04T02:05:00Z,47,0.004,,,Provisional/Provisoire,,
05EA010,2026-08-04T02:10:00Z,47,0.004,,,Provisional/Provisoire,,
05EA010,2026-08-04T02:15:00Z,47,0.004,,,Provisional/Provisoire,,
05EA010,2026-08-04T02:20:00Z,47,0.004,,,Provisional/Provisoire,,
05EA010,2026-08-04T02:25:00Z,47,0.004,,,Provisional/Provisoire,,
05EA010,2026-08-04T02:30:00Z,47,0.004,,,Provisional/Provisoire,,
05EA010,2026-08-04T02:35:00Z,47,0.004,,,Provisional/Provisoire,,
05EA010,2026-08-04T02:40:00Z,47,0.004,,,Provisional/Provisoire,,
05EA010,2026-08-04T02:45:00Z,47,0.004,,,Provisional/Provisoire,,
05EA010,2026-08-04T02:50:00Z,47,0.004,,,Provisional/Provisoire,,
05EA010,2026-08-04T02:55:00Z,47,0.004,,,Provisional/Provisoire,,
05EA010,2026-08-04T03:00:00Z,47,0.003,,,Provisional/Provisoire,,
05EA010,2026-08-04T03:05:00Z,47,0.003,,,Provisional/Provisoire,,
05EA010,2026-08-04T03:10:00Z,47,0.003,,,Provisional/Provisoire,,
05EA010,2026-08-04T03:15:00Z,47,0.003,,,Provisional/Provisoire,,
05EA010,2026-08-04T03:20:00Z,47,0.003,,,Provisional/Provisoire,,
05EA010,2026-08-04T03:25:00Z,47,0.003,,,Provisional/Provisoire,,
05EA010,2026-08-04T03:30:00Z,47,0.003,,,Provisional/Provisoire,,
05EA010,2026-08-04T03:35:00Z,47,0.003,,,Provisional/Provisoire,,
05EA010,2026-08-04T03:40:00Z,47,0.003,,,Provisional/Provisoire,,
05EA010,2026-08-04T03:45:00Z,47,0.003,,,Provisional/Provisoire,,
05EA010,2026-08-04T03:50:00Z,47,0.003,,,Provisional/Provisoire,,
05EA010,2026-08-04T03:55:00Z,47,0.003,,,Provisional/Provisoire,,
05EA010,2026-08-04T04:00:00Z,47,0.003,,,Provisional/Provisoire,,
05EA010,2026-08-04T04:05:00Z,47,0.003,,,Provisional/Provisoire,,
05EA010,2026-08-04T04:10:00Z,47,0.003,,,Provisional/Provisoire,,
05EA010,2026-08-04T04:15:00Z,47,0.003,,,Provisional/Provisoire,,
05EA010,2026-08-04T04:20:00Z,47,0.003,,,Provisional/Provisoire,,
05EA010,2026-08-04T04:25:00Z,47,0.003,,,Provisional/Provisoire,,
05EA010,2026-08-04T04:30:00Z,47,0.003,,,Provisional/Provisoire,,
05EA010,2026-08-04T04:35:00Z,47,0.003,,,Provisional/Provisoire,,
05EA010,2026-08-04T04:40:00Z,47,0.003,,,Provisional/Provisoire,,
05EA010,2026-08-04T04:45:00Z,47,0.003,,,Provisional/Provisoire,,
05EA010,2026-08-04T04:50:00Z,47,0.003,,,Provisional/Provisoire,,
05EA010,2026-08-04T04:55:00Z,47,0.003,,,Provisional/Provisoire,,
05EA010,2026-08-04T05:00:00Z,47,0.003,,,Provisional/Provisoire,,
05EA010,2026-08-04T05:05:00Z,47,0.003,,,Provisional/Provisoire,,
05EA010,2026-08-04T05:10:00Z,47,0.003,,,Provisional/Provisoire,,
05EA010,2026-08-04T05:15:00Z,47,0.003,,,Provisional/Provisoire,,
05EA010,2026-08-04T05:20:00Z,47,0.003,,,Provisional/Provisoire,,
05EA010,2026-08-04T05:25:00Z,47,0.003,,,Provisional/Provisoire,,
05EA010,2026-08-04T05:30:00Z,47,0.003,,,Provisional/Provisoire,,
05EA010,2026-08-04T05:35:00Z,47,0.003,,,Provisional/Provisoire,,
05EA010,2026-08-04T05:40:00Z,47,0.003,,,Provisional/Provisoire,,
05EA010,2026-08-04T05:45:00Z,47,0.003,,,Provisional/Provisoire,,
05EA010,2026-08-04T05:50:00Z,47,0.003,,,Provisional/Provisoire,,
05EA010,2026-08-04T05:55:00Z,47,0.002,,,Provisional/Provisoire,,
05EA010,2026-08-04T06:00:00Z,47,0.003,,,Provisional/Provisoire,,
05EA010,2026-08-04T06:05:00Z,47,0.002,,,Provisional/Provisoire,,
05EA010,2026-08-04T06:10:00Z,47,0.002,,,Provisional/Provisoire,,
05EA010,2026-08-04T06:15:00Z,47,0.002,,,Provisional/Provisoire,,
05EA010,2026-08-04T06:20:00Z,47,0.002,,,Provisional/Provisoire,,
05EA010,2026-08-04T06:25:00Z,47,0.002,,,Provisional/Provisoire,,
05EA010,2026-08-04T06:30:00Z,47,0.002,,,Provisional/Provisoire,,
05EA010,2026-08-04T06:35:00Z,47,0.002,,,Provisional/Provisoire,,
05EA010,2026-08-04T06:40:00Z,47,0.002,,,Provisional/Provisoire,,
05EA010,2026-08-04T06:45:00Z,47,0.002,,,Provisional/Provisoire,,
05EA010,2026-08-04T06:50:00Z,47,0.002,,,Provisional/Provisoire,,
05EA010,2026-08-04T06:55:00Z,47,0.002,,,Provisional/Provisoire,,
05EA010,2026-08-04T07:00:00Z,47,0.002,,,Provisional/Provisoire,,
05EA010,2026-08-04T07:05:00Z,47,0.002,,,Provisional/Provisoire,,
05EA010,2026-08-04T07:10:00Z,47,0.002,,,Provisional/Provisoire,,
05EA010,2026-08-04T07:15:00Z,47,0.002,,,Provisional/Provisoire,,
05EA010,2026-08-04T07:20:00Z,47,0.002,,,Provisional/Provisoire,,
05EA010,2026-08-04T07:25:00Z,47,0.002,,,Provisional/Provisoire,,
05EA010,2026-08-04T07:30:00Z,47,0.002,,,Provisional/Provisoire,,
05EA010,2026-08-04T07:35:00Z,47,0.002,,,Provisional/Provisoire,,
05EA010,2026-08-04T07:40:00Z,47,0.002,,,Provisional/Provisoire,,
05EA010,2026-08-04T07:45:00Z,47,0.002,,,Provisional/Provisoire,,
05EA010,2026-08-04T07:50:00Z,47,0.002,,,Provisional/Provisoire,,
05EA010,2026-08-04T07:55:00Z,47,0.002,,,Provisional/Provisoire,,
05EA010,2026-08-04T08:00:00Z,47,0.002,,,Provisional/Provisoire,,
05EA010,2026-08-04T08:05:00Z,47,0.002,,,Provisional/Provisoire,,
05EA010,2026-08-04T08:10:00Z,47,0.002,,,Provisional/Provisoire,,
05EA010,2026-08-04T08:15:00Z,47,0.002,,,Provisional/Provisoire,,
05EA010,2026-08-04T08:20:00Z,47,0.002,,,Provisional/Provisoire,,
05EA010,2026-08-04T08:25:00Z,47,0.002,,,Provisional/Provisoire,,
05EA010,2026-08-04T08:30:00Z,47,0.002,,,Provisional/Provisoire,,
05EA010,2026-08-04T08:35:00Z,47,0.002,,,Provisional/Provisoire,,
05EA010,2026-08-04T08:40:00Z,47,0.002,,,Provisional/Provisoire,,
05EA010,2026-08-04T08:45:00Z,47,0.002,,,Provisional/Provisoire,,
05EA010,2026-08-04T08:50:00Z,47,0.002,,,Provisional/Provisoire,,
05EA010,2026-08-04T08:55:00Z,47,0.002,,,Provisional/Provisoire,,
05EA010,2026-08-04T09:00:00Z,47,0.002,,,Provisional/Provisoire,,
05EA010,2026-08-04T09:05:00Z,47,0.002,,,Provisional/Provisoire,,
05EA010,2026-08-04T09:10:00Z,47,0.002,,,Provisional/Provisoire,,
05EA010,2026-08-04T09:15:00Z,47,0.002,,,Provisional/Provisoire,,
05EA010,2026-08-04T09:20:00Z,47,0.002,,,Provisional/Provisoire,,
05EA010,2026-08-04T09:25:00Z,47,0.001,,,Provisional/Provisoire,,
05EA010,2026-08-04T09:30:00Z,47,0.001,,,Provisional/Provisoire,,
05EA010,2026-08-04T09:35:00Z,47,0.001,,,Provisional/Provisoire,,
05EA010,2026-08-04T09:40:00Z,47,0.001,,,Provisional/Provisoire,,
05EA010,2026-08-04T09:45:00Z,47,0.001,,,Provisional/Provisoire,,
05EA010,2026-08-04T09:50:00Z,47,0.001,,,Provisional/Provisoire,,
05EA010,2026-08-04T09:55:00Z,47,0.001,,,Provisional/Provisoire,,
05EA010,2026-08-04T10:00:00Z,47,0.001,,,Provisional/Provisoire,,
05EA010,2026-08-04T10:05:00Z,47,0.001,,,Provisional/Provisoire,,
05EA010,2026-08-04T10:10:00Z,47,0.001,,,Provisional/Provisoire,,
05EA010,2026-08-04T10:15:00Z,47,0.001,,,Provisional/Provisoire,,
05EA010,2026-08-04T10:20:00Z,47,0.001,,,Provisional/Provisoire,,
05EA010,2026-08-04T10:25:00Z,47,0.001,,,Provisional/Provisoire,,
05EA010,2026-08-04T10:30:00Z,47,0.001,,,Provisional/Provisoire,,
05EA010,2026-08-04T10:35:00Z,47,0.001,,,Provisional/Provisoire,,
05EA010,2026-08-04T10:40:00Z,47,0.001,,,Provisional/Provisoire,,
05EA010,2026-08-04T10:45:00Z,47,0.001,,,Provisional/Provisoire,,
05EA010,2026-08-04T10:50:00Z,47,0.001,,,Provisional/Provisoire,,
05EA010,2026-08-04T10:55:00Z,47,0.001,,,Provisional/Provisoire,,
05EA010,2026-08-04T11:00:00Z,47,0.001,,,Provisional/Provisoire,,
05EA010,2026-08-04T11:05:00Z,47,0.00,,,Provisional/Provisoire,,
05EA010,2026-08-04T11:10:00Z,47,0.001,,,Provisional/Provisoire,,
05EA010,2026-08-04T11:15:00Z,47,0.00,,,Provisional/Provisoire,,
05EA010,2026-08-04T11:20:00Z,47,0.00,,,Provisional/Provisoire,,
05EA010,2026-08-04T11:25:00Z,47,0.00,,,Provisional/Provisoire,,
05EA010,2026-08-04T11:30:00Z,47,0.00,,,Provisional/Provisoire,,
05EA010,2026-08-04T11:35:00Z,47,0.00,,,Provisional/Provisoire,,
05EA010,2026-08-04T11:40:00Z,47,0.00,,,Provisional/Provisoire,,
05EA010,2026-08-04T11:45:00Z,47,0.00,,,Provisional/Provisoire,,
05EA010,2026-08-04T11:50:00Z,47,0.00,,,Provisional/Provisoire,,
05EA010,2026-08-04T11:55:00Z,47,0.00,,,Provisional/Provisoire,,
05EA010,2026-08-04T12:00:00Z,47,0.00,,,Provisional/Provisoire,,
05EA010,2026-08-04T12:05:00Z,47,0.00,,,Provisional/Provisoire,,
05EA010,2026-08-04T12:10:00Z,47,0.00,,,Provisional/Provisoire,,
05EA010,2026-08-04T12:15:00Z,47,0.00,,,Provisional/Provisoire,,
05EA010,2026-08-04T12:20:00Z,47,0.00,,,Provisional/Provisoire,,
05EA010,2026-08-04T12:25:00Z,47,0.00,,,Provisional/Provisoire,,
05EA010,2026-08-04T12:30:00Z,47,0.00,,,Provisional/Provisoire,,
05EA010,2026-08-04T12:35:00Z,47,0.00,,,Provisional/Provisoire,,
05EA010,2026-08-04T12:40:00Z,47,0.00,,,Provisional/Provisoire,,
05EA010,2026-08-04T12:45:00Z,47,0.00,,,Provisional/Provisoire,,
05EA010,2026-08-04T12:50:00Z,47,0.00,,,Provisional/Provisoire,,
05EA010,2026-08-04T12:55:00Z,47,0.00,,,Provisional/Provisoire,,
05EA010,2026-08-04T13:00:00Z,47,0.00,,,Provisional/Provisoire,,
05EA010,2026-08-04T13:05:00Z,47,0.00,,,Provisional/Provisoire,,
05EA010,2026-08-04T13:10:00Z,47,0.00,,,Provisional/Provisoire,,
05EA010,2026-08-04T13:15:00Z,47,0.00,,,Provisional/Provisoire,,
05EA010,2026-08-04T13:20:00Z,47,0.00,,,Provisional/Provisoire,,
05EA010,2026-08-04T13:25:00Z,47,0.00,,,Provisional/Provisoire,,
05EA010,2026-08-04T13:30:00Z,47,0.00,,,Provisional/Provisoire,,
05EA010,2026-08-04T13:35:00Z,47,0.00,,,Provisional/Provisoire,,
05EA010,2026-08-04T13:40:00Z,47,0.00,,,Provisional/Provisoire,,
05EA010,2026-08-04T13:45:00Z,47,0.00,,,Provisional/Provisoire,,
05EA010,2026-08-04T13:50:00Z,47,0.00,,,Provisional/Provisoire,,
05EA010,2026-08-04T13:55:00Z,47,0.00,,,Provisional/Provisoire,,
05EA010,2026-08-04T14:00:00Z,47,0.00,,,Provisional/Provisoire,,
05EA010,2026-08-04T14:05:00Z,47,0.00,,,Provisional/Provisoire,,
05EA010,2026-08-04T14:10:00Z,47,0.00,,,Provisional/Provisoire,,
05EA010,2026-08-04T14:15:00Z,47,0.00,,,Provisional/Provisoire,,
05EA010,2026-08-04T14:20:00Z,47,0.00,,,Provisional/Provisoire,,
05EA010,2026-08-04T14:25:00Z,47,0.00,,,Provisional/Provisoire,,
05EA010,2026-08-04T14:30:00Z,47,0.00,,,Provisional/Provisoire,,
05EA010,2026-08-04T14:35:00Z,47,0.00,,,Provisional/Provisoire,,
05EA010,2026-08-04T14:40:00Z,47,0.00,,,Provisional/Provisoire,,
05EA010,2026-08-04T14:45:00Z,47,0.00,,,Provisional/Provisoire,,
05EA010,2026-08-04T14:50:00Z,47,0.00,,,Provisional/Provisoire,,
05EA010,2026-08-04T14:55:00Z,47,0.00,,,Provisional/Provisoire,,
05EA010,2026-08-04T15:00:00Z,47,0.00,,,Provisional/Provisoire,,
05EA010,2026-08-04T15:05:00Z,47,0.00,,,Provisional/Provisoire,,
05EA010,2026-08-04T15:10:00Z,47,0.00,,,Provisional/Provisoire,,
05EA010,2026-08-04T15:15:00Z,47,0.00,,,Provisional/Provisoire,,
05EA010,2026-08-04T15:20:00Z,47,0.00,,,Provisional/Provisoire,,
05EA010,2026-08-04T15:25:00Z,47,0.00,,,Provisional/Provisoire,,
05EA010,2026-08-04T15:30:00Z,47,0.00,,,Provisional/Provisoire,,
05EA010,2026-08-04T15:35:00Z,47,0.00,,,Provisional/Provisoire,,
05EA010,2026-08-04T15:40:00Z,47,0.00,,,Provisional/Provisoire,,
05EA010,2026-08-04T15:45:00Z,47,0.00,,,Provisional/Provisoire,,
05EA010,2026-08-04T15:50:00Z,47,0.00,,,Provisional/Provisoire,,
05EA010,2026-08-04T15:55:00Z,47,0.00,,,Provisional/Provisoire,,
05EA010,2026-08-04T16:00:00Z,47,0.00,,,Provisional/Provisoire,,
05EA010,2026-08-04T16:05:00Z,47,0.00,,,Provisional/Provisoire,,
05EA010,2026-08-04T16:10:00Z,47,0.00,,,Provisional/Provisoire,,
05EA010,2026-08-04T16:15:00Z,47,0.00,,,Provisional/Provisoire,,
05EA010,2026-08-04T16:20:00Z,47,0.00,,,Provisional/Provisoire,,
05EA010,2026-08-04T16:25:00Z,47,0.00,,,Provisional/Provisoire,,
05EA010,2026-08-04T16:30:00Z,47,0.00,,,Provisional/Provisoire,,
05EA010,2026-08-04T16:35:00Z,47,0.00,,,Provisional/Provisoire,,
05EA010,2026-08-04T16:40:00Z,47,0.00,,,Provisional/Provisoire,,
05EA010,2026-08-04T16:45:00Z,47,0.00,,,Provisional/Provisoire,,
05EA010,2026-08-04T16:50:00Z,47,0.00,,,Provisional/Provisoire,,
05EA010,2026-08-04T16:55:00Z,47,0.00,,,Provisional/Provisoire,,
05EA010,2026-08-04T17:00:00Z,47,0.00,,,Provisional/Provisoire,,
05EA010,2026-08-04T17:05:00Z,47,0.00,,,Provisional/Provisoire,,
05EA010,2026-08-04T17:10:00Z,47,0.00,,,Provisional/Provisoire,,
05EA010,2026-08-04T17:15:00Z,47,0.00,,,Provisional/Provisoire,,
05EA010,2026-08-04T17:20:00Z,47,0.00,,,Provisional/Provisoire,,
05EA010,2026-08-04T17:25:00Z,47,0.00,,,Provisional/Provisoire,,
05EA010,2026-08-04T17:30:00Z,47,0.00,,,Provisional/Provisoire,,
05EA010,2026-08-04T17:35:00Z,47,0.00,,,Provisional/Provisoire,,
05EA010,2026-08-04T17:40:00Z,47,0.00,,,Provisional/Provisoire,,
05EA010,2026-08-04T17:45:00Z,47,0.00,,,Provisional/Provisoire,,
05EA010,2026-08-04T17:50:00Z,47,0.00,,,Provisional/Provisoire,,
05EA010,2026-08-04T17:55:00Z,47,0.00,,,Provisional/Provisoire,,
05EA010,2026-08-04T18:00:00Z,47,0.00,,,Provisional/Provisoire,,
05EA010,2026-08-04T18:05:00Z,47,0.00,,,Provisional/Provisoire,,
05EA010,2026-08-04T18:10:00Z,47,0.00,,,Provisional/Provisoire,,
05EA010,2026-08-04T18:15:00Z,47,0.00,,,Provisional/Provisoire,,
05EA010,2026-08-04T18:20:00Z,47,0.00,,,Provisional/Provisoire,,
05EA010,2026-08-04T18:25:00Z,47,0.00,,,Provisional/Provisoire,,
05EA010,2026-08-04T18:30:00Z,47,0.00,,,Provisional/Provisoire,,
05EA010,2026-08-04T18:35:00Z,47,0.00,,,Provisional/Provisoire,,
05EA010,2026-08-04T18:40:00Z,47,0.00,,,Provisional/Provisoire,,
05EA010,2026-08-04T18:45:00Z,47,0.00,,,Provisional/Provisoire,,
05EA010,2026-08-04T18:50:00Z,47,0.00,,,Provisional/Provisoire,,
05EA010,2026-08-04T18:55:00Z,47,0.00,,,Provisional/Provisoire,,
05EA010,2026-08-04T19:00:00Z,47,0.00,,,Provisional/Provisoire,,
05EA010,2026-08-04T19:05:00Z,47,0.00,,,Provisional/Provisoire,,
05EA010,2026-08-04T19:10:00Z,47,0.00,,,Provisional/Provisoire,,
05EA010,2026-08-04T19:15:00Z,47,0.00,,,Provisional/Provisoire,,
05EA010,2026-08-04T19:20:00Z,47,0.00,,,Provisional/Provisoire,,
05EA010,2026-08-04T19:25:00Z,47,0.00,,,Provisional/Provisoire,,
05EA010,2026-08-04T19:30:00Z,47,0.00,,,Provisional/Provisoire,,
05EA010,2026-08-04T19:35:00Z,47,0.00,,,Provisional/Provisoire,,
05EA010,2026-08-04T19:40:00Z,47,0.00,,,Provisional/Provisoire,,
05EA010,2026-08-04T19:45:00Z,47,0.00,,,Provisional/Provisoire,,
05EA010,2026-08-04T19:50:00Z,47,0.00,,,Provisional/Provisoire,,
05EA010,2026-08-04T19:55:00Z,47,0.00,,,Provisional/Provisoire,,
05EA010,2026-08-04T20:00:00Z,47,0.00,,,Provisional/Provisoire,,
05EA010,2026-08-04T20:05:00Z,47,0.00,,,Provisional/Provisoire,,
05EA010,2026-08-04T20:10:00Z,47,0.00,,,Provisional/Provisoire,,
05EA010,2026-08-04T20:15:00Z,47,0.00,,,Provisional/Provisoire,,
05EA010,2026-08-04T20:20:00Z,47,0.00,,,Provisional/Provisoire,,
05EA010,2026-08-04T20:25:00Z,47,0.00,,,Provisional/Provisoire,,
05EA010,2026-08-04T20:30:00Z,47,0.00,,,Provisional/Provisoire,,
05EA010,2026-08-04T20:35:00Z,47,0.00,,,Provisional/Provisoire,,
05EA010,2026-08-04T20:40:00Z,47,0.00,,,Provisional/Provisoire,,
05EA010,2026-08-04T20:45:00Z,47,0.00,,,Provisional/Provisoire,,
05EA010,2026-08-04T20:50:00Z,47,0.00,,,Provisional/Provisoire,,
05EA010,2026-08-04T20:55:00Z,47,0.00,,,Provisional/Provisoire,,
05EA010,2026-08-04T21:00:00Z,47,0.00,,,Provisional/Provisoire,,
05EA010,2026-08-04T21:05:00Z,47,0.00,,,Provisional/Provisoire,,
05EA010,2026-08-04T21:10:00Z,47,0.00,,,Provisional/Provisoire,,
05EA010,2026-08-04T21:15:00Z,47,0.00,,,Provisional/Provisoire,,
05EA010,2026-08-04T21:20:00Z,47,0.00,,,Provisional/Provisoire,,
05EA010,2026-08-04T21:25:00Z,47,0.00,,,Provisional/Provisoire,,
05EA010,2026-08-04T21:30:00Z,47,0.00,,,Provisional/Provisoire,,
05EA010,2026-08-04T21:35:00Z,47,0.00,,,Provisional/Provisoire,,
05EA010,2026-08-04T21:40:00Z,47,0.00,,,Provisional/Provisoire,,
05EA010,2026-08-04T21:45:00Z,47,0.00,,,Provisional/Provisoire,,
05EA010,2026-08-04T21:50:00Z,47,0.00,,,Provisional/Provisoire,,
05EA010,2026-08-04T21:55:00Z,47,0.00,,,Provisional/Provisoire,,
05EA010,2026-08-04T22:00:00Z,47,0.00,,,Provisional/Provisoire,,
05EA010,2026-08-04T22:05:00Z,47,0.00,,,Provisional/Provisoire,,
05EA010,2026-08-04T22:10:00Z,47,0.00,,,Provisional/Provisoire,,
05EA010,2026-08-04T22:15:00Z,47,0.00,,,Provisional/Provisoire,,
05EA010,2026-08-04T22:20:00Z,47,0.00,,,Provisional/Provisoire,,
05EA010,2026-08-04T22:25:00Z,47,0.00,,,Provisional/Provisoire,,
05EA010,2026-08-04T22:30:00Z,47,0.00,,,Provisional/Provisoire,,
05EA010,2026-08-04T22:35:00Z,47,0.00,,,Provisional/Provisoire,,
05EA010,2026-08-04T22:40:00Z,47,0.00,,,Provisional/Provisoire,,
05EA010,2026-08-04T22:45:00Z,47,0.00,,,Provisional/Provisoire,,
05EA010,2026-08-04T22:50:00Z,47,0.00,,,Provisional/Provisoire,,
05EA010,2026-08-04T22:55:00Z,47,0.00,,,Provisional/Provisoire,,
05EA010,2026-08-04T23:00:00Z,47,0.00,,,Provisional/Provisoire,,
05EA010,2026-08-04T23:05:00Z,47,0.00,,,Provisional/Provisoire,,
05EA010,2026-08-04T23:10:00Z,47,0.00,,,Provisional/Provisoire,,
05EA010,2026-08-04T23:15:00Z,47,0.00,,,Provisional/Provisoire,,
05EA010,2026-08-04T23:20:00Z,47,0.00,,,Provisional/Provisoire,,
05EA010,2026-08-04T23:25:00Z,47,0.00,,,Provisional/Provisoire,,
05EA010,2026-08-04T23:30:00Z,47,0.00,,,Provisional/Provisoire,,
05EA010,2026-08-04T23:35:00Z,47,0.00,,,Provisional/Provisoire,,
05EA010,2026-08-04T23:40:00Z,47,0.00,,,Provisional/Provisoire,,
05EA010,2026-08-04T23:45:00Z,47,0.00,,,Provisional/Provisoire,,
05EA010,2026-08-04T23:50:00Z,47,0.00,,,Provisional/Provisoire,,
05EA010,2026-08-04T23:55:00Z,47,0.00,,,Provisional/Provisoire,,
05EA010,2026-08-05T00:00:00Z,47,0.00,,,Provisional/Provisoire,,
05EA010,2026-08-05T00:05:00Z,47,0.00,,,Provisional/Provisoire,,
05EA010,2026-08-05T00:10:00Z,47,0.00,,,Provisional/Provisoire,,
05EA010,2026-08-05T00:15:00Z,47,0.00,,,Provisional/Provisoire,,
05EA010,2026-08-05T00:20:00Z,47,0.00,,,Provisional/Provisoire,,
05EA010,2026-08-05T00:25:00Z,47,0.00,,,Provisional/Provisoire,,
05EA010,2026-08-05T00:30:00Z,47,0.00,,,Provisional/Provisoire,,
05EA010,2026-08-05T00:35:00Z,47,0.00,,,Provisional/Provisoire,,
05EA010,2026-08-05T00:40:00Z,47,0.00,,,Provisional/Provisoire,,
05EA010,2026-08-05T00:45:00Z,47,0.00,,,Provisional/Provisoire,,
05EA010,2026-08-05T00:50:00Z,47,0.00,,,Provisional/Provisoire,,
05EA010,2026-08-05T00:55:00Z,47,0.00,,,Provisional/Provisoire,,
05EA010,2026-08-05T01:00:00Z,47,0.00,,,Provisional/Provisoire,,
05EA010,2026-08-05T01:05:00Z,47,0.00,,,Provisional/Provisoire,,
05EA010,2026-08-05T01:10:00Z,47,0.00,,,Provisional/Provisoire,,
05EA010,2026-08-05T01:15:00Z,47,0.00,,,Provisional/Provisoire,,
05EA010,2026-08-05T01:20:00Z,47,0.00,,,Provisional/Provisoire,,
05EA010,2026-08-05T01:25:00Z,47,0.00,,,Provisional/Provisoire,,
05EA010,2026-08-05T01:30:00Z,47,0.00,,,Provisional/Provisoire,,
05EA010,2026-08-05T01:35:00Z,47,0.00,,,Provisional/Provisoire,,
05EA010,2026-08-05T01:40:00Z,47,0.00,,,Provisional/Provisoire,,
05EA010,2026-08-05T01:45:00Z,47,0.00,,,Provisional/Provisoire,,
05EA010,2026-08-05T01:50:00Z,47,0.00,,,Provisional/Provisoire,,
05EA010,2026-08-05T01:55:00Z,47,0.00,,,Provisional/Provisoire,,
05EA010,2026-08-05T02:00:00Z,47,0.00,,,Provisional/Provisoire,,
05EA010,2026-08-05T02:05:00Z,47,0.00,,,Provisional/Provisoire,,
05EA010,2026-08-05T02:10:00Z,47,0.00,,,Provisional/Provisoire,,
05EA010,2026-08-05T02:15:00Z,47,0.00,,,Provisional/Provisoire,,
05EA010,2026-08-05T02:20:00Z,47,0.00,,,Provisional/Provisoire,,
05EA010,2026-08-05T02:25:00Z,47,0.00,,,Provisional/Provisoire,,
05EA010,2026-08-05T02:30:00Z,47,0.00,,,Provisional/Provisoire,,
05EA010,2026-08-05T02:35:00Z,47,0.00,,,Provisional/Provisoire,,
05EA010,2026-08-05T02:40:00Z,47,0.00,,,Provisional/Provisoire,,
05EA010,2026-08-05T02:45:00Z,47,0.00,,,Provisional/Provisoire,,
05EA010,2026-08-05T02:50:00Z,47,0.00,,,Provisional/Provisoire,,
05EA010,2026-08-05T02:55:00Z,47,0.00,,,Provisional/Provisoire,,
05EA010,2026-08-05T03:00:00Z,47,0.00,,,Provisional/Provisoire,,
05EA010,2026-08-05T03:05:00Z,47,0.00,,,Provisional/Provisoire,,
05EA010,2026-08-05T03:10:00Z,47,0.00,,,Provisional/Provisoire,,
05EA010,2026-08-05T03:15:00Z,47,0.00,,,Provisional/Provisoire,,
05EA010,2026-08-05T03:20:00Z,47,0.00,,,Provisional/Provisoire,,
05EA010,2026-08-05T03:25:00Z,47,0.00,,,Provisional/Provisoire,,
05EA010,2026-08-05T03:30:00Z,47,0.00,,,Provisional/Provisoire,,
05EA010,2026-08-05T03:35:00Z,47,0.00,,,Provisional/Provisoire,,
05EA010,2026-08-05T03:40:00Z,47,0.00,,,Provisional/Provisoire,,
05EA010,2026-08-05T03:45:00Z,47,0.00,,,Provisional/Provisoire,,
05EA010,2026-08-05T03:50:00Z,47,0.00,,,Provisional/Provisoire,,
05EA010,2026-08-05T03:55:00Z,47,0.00,,,Provisional/Provisoire,,
05EA010,2026-08-05T04:00:00Z,47,0.00,,,Provisional/Provisoire,,
05EA010,2026-08-05T04:05:00Z,47,0.00,,,Provisional/Provisoire,,
05EA010,2026-08-05T04:10:00Z,47,0.00,,,Provisional/Provisoire,,
05EA010,2026-08-05T04:15:00Z,47,0.00,,,Provisional/Provisoire,,
05EA010,2026-08-05T04:20:00Z,47,0.00,,,Provisional/Provisoire,,
05EA010,2026-08-05T04:25:00Z,47,0.00,,,Provisional/Provisoire,,
05EA010,2026-08-05T04:30:00Z,47,0.00,,,Provisional/Provisoire,,
05EA010,2026-08-05T04:35:00Z,47,0.00,,,Provisional/Provisoire,,
05EA010,2026-08-05T04:40:00Z,47,0.00,,,Provisional/Provisoire,,
05EA010,2026-08-05T04:45:00Z,47,0.00,,,Provisional/Provisoire,,
05EA010,2026-08-05T04:50:00Z,47,0.00,,,Provisional/Provisoire,,
05EA010,2026-08-05T04:55:00Z,47,0.00,,,Provisional/Provisoire,,
05EA010,2026-08-05T05:00:00Z,47,0.00,,,Provisional/Provisoire,,
05EA010,2026-08-05T05:05:00Z,47,0.00,,,Provisional/Provisoire,,
05EA010,2026-08-05T05:10:00Z,47,0.00,,,Provisional/Provisoire,,
05EA010,2026-08-05T05:15:00Z,47,0.00,,,Provisional/Provisoire,,
05EA010,2026-08-05T05:20:00Z,47,0.00,,,Provisional/Provisoire,,
05EA010,2026-08-05T05:25:00Z,47,0.00,,,Provisional/Provisoire,,
05EA010,2026-08-05T05:30:00Z,47,0.00,,,Provisional/Provisoire,,
05EA010,2026-08-05T05:35:00Z,47,0.00,,,Provisional/Provisoire,,
05EA010,2026-08-05T05:40:00Z,47,0.00,,,Provisional/Provisoire,,
05EA010,2026-08-05T05:45:00Z,47,0.00,,,Provisional/Provisoire,,
05EA010,2026-08-05T05:50:00Z,47,0.00,,,Provisional/Provisoire,,
05EA010,2026-08-05T05:55:00Z,47,0.00,,,Provisional/Provisoire,,
05EA010,2026-08-05T06:00:00Z,47,0.00,,,Provisional/Provisoire,,
05EA010,2026-08-05T06:05:00Z,47,0.00,,,Provisional/Provisoire,,
05EA010,2026-08-05T06:10:00Z,47,0.00,,,Provisional/Provisoire,,
05EA010,2026-08-05T06:15:00Z,47,0.00,,,Provisional/Provisoire,,
05EA010,2026-08-05T06:20:00Z,47,0.00,,,Provisional/Provisoire,,
05EA010,2026-08-05T06:25:00Z,47,0.00,,,Provisional/Provisoire,,
05EA010,2026-08-05T06:30:00Z,47,0.00,,,Provisional/Provisoire,,
05EA010,2026-08-05T06:35:00Z,47,0.00,,,Provisional/Provisoire,,
05EA010,2026-08-05T06:40:00Z,47,0.00,,,Provisional/Provisoire,,
05EA010,2026-08-05T06:45:00Z,47,0.00,,,Provisional/Provisoire,,
05EA010,2026-08-05T06:50:00Z,47,0.00,,,Provisional/Provisoire,,
05EA010,2026-08-05T06:55:00Z,47,0.00,,,Provisional/Provisoire,,
05EA010,2026-08-05T07:00:00Z,47,0.00,,,Provisional/Provisoire,,
05EA010,2026-08-05T07:05:00Z,47,0.00,,,Provisional/Provisoire,,
05EA010,2026-08-05T07:10:00Z,47,0.00,,,Provisional/Provisoire,,
05EA010,2026-08-05T07:15:00Z,47,0.00,,,Provisional/Provisoire,,
05EA010,2026-08-05T07:20:00Z,47,0.00,,,Provisional/Provisoire,,
05EA010,2026-08-05T07:25:00Z,47,0.00,,,Provisional/Provisoire,,
05EA010,2026-08-05T07:30:00Z,47,0.00,,,Provisional/Provisoire,,
05EA010,2026-08-05T07:35:00Z,47,0.00,,,Provisional/Provisoire,,
05EA010,2026-08-05T07:40:00Z,47,0.00,,,Provisional/Provisoire,,
05EA010,2026-08-05T07:45:00Z,47,0.00,,,Provisional/Provisoire,,
05EA010,2026-08-05T07:50:00Z,47,0.00,,,Provisional/Provisoire,,
05EA010,2026-08-05T07:55:00Z,47,0.00,,,Provisional/Provisoire,,
05EA010,2026-08-05T08:00:00Z,47,0.00,,,Provisional/Provisoire,,
05EA010,2026-08-05T08:05:00Z,47,0.00,,,Provisional/Provisoire,,
05EA010,2026-08-05T08:10:00Z,47,0.00,,,Provisional/Provisoire,,
05EA010,2026-08-05T08:15:00Z,47,0.00,,,Provisional/Provisoire,,
05EA010,2026-08-05T08:20:00Z,47,0.00,,,Provisional/Provisoire,,
05EA010,2026-08-05T08:25:00Z,47,0.00,,,Provisional/Provisoire,,
05EA010,2026-08-05T08:30:00Z,47,0.00,,,Provisional/Provisoire,,
05EA010,2026-08-05T08:35:00Z,47,0.00,,,Provisional/Provisoire,,
05EA010,2026-08-05T08:40:00Z,47,0.00,,,Provisional/Provisoire,,
05EA010,2026-08-05T08:45:00Z,47,0.00,,,Provisional/Provisoire,,
05EA010,2026-08-05T08:50:00Z,47,0.00,,,Provisional/Provisoire,,
05EA010,2026-08-05T08:55:00Z,47,0.00,,,Provisional/Provisoire,,
05EA010,2026-08-05T09:00:00Z,47,0.00,,,Provisional/Provisoire,,
05EA010,2026-08-05T09:05:00Z,47,0.00,,,Provisional/Provisoire,,
05EA010,2026-08-05T09:10:00Z,47,0.00,,,Provisional/Provisoire,,
05EA010,2026-08-05T09:15:00Z,47,0.00,,,Provisional/Provisoire,,
05EA010,2026-08-05T09:20:00Z,47,0.00,,,Provisional/Provisoire,,
05EA010,2026-08-05T09:25:00Z,47,0.00,,,Provisional/Provisoire,,
05EA010,2026-08-05T09:30:00Z,47,0.00,,,Provisional/Provisoire,,
05EA010,2026-08-05T09:35:00Z,47,0.00,,,Provisional/Provisoire,,
05EA010,2026-08-05T09:40:00Z,47,0.00,,,Provisional/Provisoire,,
05EA010,2026-08-05T09:45:00Z,47,0.00,,,Provisional/Provisoire,,
05EA010,2026-08-05T09:50:00Z,47,0.00,,,Provisional/Provisoire,,
05EA010,2026-08-05T09:55:00Z,47,0.00,,,Provisional/Provisoire,,
05EA010,2026-08-05T10:00:00Z,47,0.00,,,Provisional/Provisoire,,
05EA010,2026-08-05T10:05:00Z,47,0.00,,,Provisional/Provisoire,,
05EA010,2026-08-05T10:10:00Z,47,0.00,,,Provisional/Provisoire,,
05EA010,2026-08-05T10:15:00Z,47,0.00,,,Provisional/Provisoire,,
05EA010,2026-08-05T10:20:00Z,47,0.00,,,Provisional/Provisoire,,
05EA010,2026-08-05T10:25:00Z,47,0.00,,,Provisional/Provisoire,,
05EA010,2026-08-05T10:30:00Z,47,0.00,,,Provisional/Provisoire,,
05EA010,2026-08-05T10:35:00Z,47,0.00,,,Provisional/Provisoire,,
05EA010,2026-08-05T10:40:00Z,47,0.00,,,Provisional/Provisoire,,
05EA010,2026-08-05T10:45:00Z,47,0.00,,,Provisional/Provisoire,,
05EA010,2026-08-05T10:50:00Z,47,0.00,,,Provisional/Provisoire,,
05EA010,2026-08-05T10:55:00Z,47,0.00,,,Provisional/Provisoire,,
05EA010,2026-08-05T11:00:00Z,47,0.00,,,Provisional/Provisoire,,
05EA010,2026-08-05T11:05:00Z,47,0.00,,,Provisional/Provisoire,,
05EA010,2026-08-05T11:10:00Z,47,0.00,,,Provisional/Provisoire,,
05EA010,2026-08-05T11:15:00Z,47,0.00,,,Provisional/Provisoire,,
05EA010,2026-08-05T11:20:00Z,47,0.00,,,Provisional/Provisoire,,
05EA010,2026-08-05T11:25:00Z,47,0.00,,,Provisional/Provisoire,,
05EA010,2026-08-05T11:30:00Z,47,0.00,,,Provisional/Provisoire,,
05EA010,2026-08-05T11:35:00Z,47,0.00,,,Provisional/Provisoire,,
05EA010,2026-08-05T11:40:00Z,47,0.00,,,Provisional/Provisoire,,
05EA010,2026-08-05T11:45:00Z,47,0.00,,,Provisional/Provisoire,,
05EA010,2026-08-05T11:50:00Z,47,0.00,,,Provisional/Provisoire,,
05EA010,2026-08-05T11:55:00Z,47,0.00,,,Provisional/Provisoire,,
05EA010,2026-08-05T12:00:00Z,47,0.00,,,Provisional/Provisoire,,
05EA010,2026-08-05T12:05:00Z,47,0.00,,,Provisional/Provisoire,,
05EA010,2026-08-05T12:10:00Z,47,0.00,,,Provisional/Provisoire,,
05EA010,2026-08-05T12:15:00Z,47,0.00,,,Provisional/Provisoire,,
05EA010,2026-08-05T12:20:00Z,47,0.00,,,Provisional/Provisoire,,
05EA010,2026-08-05T12:25:00Z,47,0.00,,,Provisional/Provisoire,,
05EA010,2026-08-05T12:30:00Z,47,0.00,,,Provisional/Provisoire,,
05EA010,2026-08-05T12:35:00Z,47,0.00,,,Provisional/Provisoire,,
05EA010,2026-08-05T12:40:00Z,47,0.00,,,Provisional/Provisoire,,
05EA010,2026-08-05T12:45:00Z,47,0.00,,,Provisional/Provisoire,,
05EA010,2026-08-05T12:50:00Z,47,0.00,,,Provisional/Provisoire,,
05EA010,2026-08-05T12:55:00Z,47,0.00,,,Provisional/Provisoire,,
05EA010,2026-08-05T13:00:00Z,47,0.00,,,Provisional/Provisoire,,
05EA010,2026-08-05T13:05:00Z,47,0.00,,,Provisional/Provisoire,,
05EA010,2026-08-05T13:10:00Z,47,0.00,,,Provisional/Provisoire,,
05EA010,2026-08-05T13:15:00Z,47,0.00,,,Provisional/Provisoire,,
05EA010,2026-08-05T13:20:00Z,47,0.00,,,Provisional/Provisoire,,
05EA010,2026-08-05T13:25:00Z,47,0.00,,,Provisional/Provisoire,,
05EA010,2026-08-05T13:30:00Z,47,0.00,,,Provisional/Provisoire,,
05EA010,2026-08-05T13:35:00Z,47,0.00,,,Provisional/Provisoire,,
05EA010,2026-08-05T13:40:00Z,47,0.00,,,Provisional/Provisoire,,
05EA010,2026-08-05T13:45:00Z,47,0.00,,,Provisional/Provisoire,,
05EA010,2026-08-05T13:50:00Z,47,0.00,,,Provisional/Provisoire,,
05EA010,2026-08-05T13:55:00Z,47,0.00,,,Provisional/Provisoire,,
05EA010,2026-08-05T14:00:00Z,47,0.00,,,Provisional/Provisoire,,
05EA010,2026-08-05T14:05:00Z,47,0.00,,,Provisional/Provisoire,,
05EA010,2026-08-05T14:10:00Z,47,0.00,,,Provisional/Provisoire,,
05EA010,2026-08-05T14:15:00Z,47,0.00,,,Provisional/Provisoire,,
05EA010,2026-08-05T14:20:00Z,47,0.00,,,Provisional/Provisoire,,
05EA010,2026-08-05T14:25:00Z,47,0.00,,,Provisional/Provisoire,,
05EA010,2026-08-05T14:30:00Z,47,0.00,,,Provisional/Provisoire,,
05EA010,2026-08-05T14:35:00Z,47,0.00,,,Provisional/Provisoire,,
05EA010,2026-08-05T14:40:00Z,47,0.00,,,Provisional/Provisoire,,
05EA010,2026-08-05T14:45:00Z,47,0.00,,,Provisional/Provisoire,,
05EA010,2026-08-05T14:50:00Z,47,0.00,,,Provisional/Provisoire,,
05EA010,2026-08-05T14:55:00Z,47,0.00,,,Provisional/Provisoire,,
05EA010,2026-08-05T15:00:00Z,47,0.00,,,Provisional/Provisoire,,
05EA010,2026-08-05T15:05:00Z,47,0.00,,,Provisional/Provisoire,,
05EA010,2026-08-05T15:10:00Z,47,0.00,,,Provisional/Provisoire,,
05EA010,2026-08-05T15:15:00Z,47,0.00,,,Provisional/Provisoire,,
05EA010,2026-08-05T15:20:00Z,47,0.00,,,Provisional/Provisoire,,
05EA010,2026-08-05T15:25:00Z,47,0.00,,,Provisional/Provisoire,,
05EA010,2026-08-05T15:30:00Z,47,0.00,,,Provisional/Provisoire,,
05EA010,2026-08-05T15:35:00Z,47,0.00,,,Provisional/Provisoire,,
05EA010,2026-08-05T15:40:00Z,47,0.00,,,Provisional/Provisoire,,
05EA010,2026-08-05T15:45:00Z,47,0.00,,,Provisional/Provisoire,,
05EA010,2026-08-05T15:50:00Z,47,0.00,,,Provisional/Provisoire,,
05EA010,2026-08-05T15:55:00Z,47,0.00,,,Provisional/Provisoire,,
05EA010,2026-08-05T16:00:00Z,47,0.00,,,Provisional/Provisoire,,
05EA010,2026-08-05T16:05:00Z,47,0.00,,,Provisional/Provisoire,,
05EA010,2026-08-05T16:10:00Z,47,0.00,,,Provisional/Provisoire,,
05EA010,2026-08-05T16:15:00Z,47,0.00,,,Provisional/Provisoire,,
05EA010,2026-08-05T16:20:00Z,47,0.00,,,Provisional/Provisoire,,
05EA010,2026-08-05T16:25:00Z,47,0.00,,,Provisional/Provisoire,,
05EA010,2026-08-05T16:30:00Z,47,0.00,,,Provisional/Provisoire,,
05EA010,2026-08-05T16:35:00Z,47,0.00,,,Provisional/Provisoire,,
05EA010,2026-08-05T16:40:00Z,47,0.00,,,Provisional/Provisoire,,
05EA010,2026-08-05T16:45:00Z,47,0.00,,,Provisional/Provisoire,,
05EA010,2026-08-05T16:50:00Z,47,0.00,,,Provisional/Provisoire,,
05EA010,2026-08-05T16:55:00Z,47,0.00,,,Provisional/Provisoire,,
05EA010,2026-08-05T17:00:00Z,47,0.00,,,Provisional/Provisoire,,
05EA010,2026-08-05T17:05:00Z,47,0.00,,,Provisional/Provisoire,,
05EA010,2026-08-05T17:10:00Z,47,0.00,,,Provisional/Provisoire,,
05EA010,2026-08-05T17:15:00Z,47,0.00,,,Provisional/Provisoire,,
05EA010,2026-08-05T17:20:00Z,47,0.00,,,Provisional/Provisoire,,
05EA010,2026-08-05T17:25:00Z,47,0.00,,,Provisional/Provisoire,,
05EA010,2026-08-05T17:30:00Z,47,0.00,,,Provisional/Provisoire,,
05EA010,2026-08-05T17:35:00Z,47,0.00,,,Provisional/Provisoire,,
05EA010,2026-08-05T17:40:00Z,47,0.00,,,Provisional/Provisoire,,
05EA010,2026-08-05T17:45:00Z,47,0.00,,,Provisional/Provisoire,,
05EA010,2026-08-05T17:50:00Z,47,0.00,,,Provisional/Provisoire,,
05EA010,2026-08-05T17:55:00Z,47,0.00,,,Provisional/Provisoire,,
05EA010,2026-08-05T18:00:00Z,47,0.00,,,Provisional/Provisoire,,
05EA010,2026-08-05T18:05:00Z,47,0.00,,,Provisional/Provisoire,,
05EA010,2026-08-05T18:10:00Z,47,0.00,,,Provisional/Provisoire,,
05EA010,2026-08-05T18:15:00Z,47,0.00,,,Provisional/Provisoire,,
05EA010,2026-08-05T18:20:00Z,47,0.00,,,Provisional/Provisoire,,
05EA010,2026-08-05T18:25:00Z,47,0.00,,,Provisional/Provisoire,,
05EA010,2026-08-05T18:30:00Z,47,0.00,,,Provisional/Provisoire,,
05EA010,2026-08-05T18:35:00Z,47,0.00,,,Provisional/Provisoire,,
05EA010,2026-08-05T18:40:00Z,47,0.00,,,Provisional/Provisoire,,
05EA010,2026-08-05T18:45:00Z,47,0.00,,,Provisional/Provisoire,,
05EA010,2026-08-05T18:50:00Z,47,0.00,,,Provisional/Provisoire,,
05EA010,2026-08-05T18:55:00Z,47,0.00,,,Provisional/Provisoire,,
05EA010,2026-08-05T19:00:00Z,47,0.00,,,Provisional/Provisoire,,
05EA010,2026-08-05T19:05:00Z,47,0.00,,,Provisional/Provisoire,,
05EA010,2026-08-05T19:10:00Z,47,0.00,,,Provisional/Provisoire,,
05EA010,2026-08-05T19:15:00Z,47,0.00,,,Provisional/Provisoire,,
05EA010,2026-08-05T19:20:00Z,47,0.00,,,Provisional/Provisoire,,
05EA010,2026-08-05T19:25:00Z,47,0.00,,,Provisional/Provisoire,,
05EA010,2026-08-05T19:30:00Z,47,0.00,,,Provisional/Provisoire,,
05EA010,2026-08-05T19:35:00Z,47,0.00,,,Provisional/Provisoire,,
05EA010,2026-08-05T19:40:00Z,47,0.00,,,Provisional/Provisoire,,
05EA010,2026-08-05T19:45:00Z,47,0.00,,,Provisional/Provisoire,,
05EA010,2026-08-05T19:50:00Z,47,0.00,,,Provisional/Provisoire,,
05EA010,2026-08-05T19:55:00Z,47,0.00,,,Provisional/Provisoire,,
05EA010,2026-08-05T20:00:00Z,47,0.00,,,Provisional/Provisoire,,
05EA010,2026-08-05T20:05:00Z,47,0.00,,,Provisional/Provisoire,,
05EA010,2026-08-05T20:10:00Z,47,0.00,,,Provisional/Provisoire,,
05EA010,2026-08-05T20:15:00Z,47,0.00,,,Provisional/Provisoire,,
05EA010,2026-08-05T20:20:00Z,47,0.00,,,Provisional/Provisoire,,
05EA010,2026-08-05T20:25:00Z,47,0.00,,,Provisional/Provisoire,,
05EA010,2026-08-05T20:30:00Z,47,0.00,,,Provisional/Provisoire,,
05EA010,2026-08-05T20:35:00Z,47,0.00,,,Provisional/Provisoire,,
05EA010,2026-08-05T20:40:00Z,47,0.00,,,Provisional/Provisoire,,
05EA010,2026-08-05T20:45:00Z,47,0.00,,,Provisional/Provisoire,,
05EA010,2026-08-05T20:50:00Z,47,0.00,,,Provisional/Provisoire,,
05EA010,2026-08-05T20:55:00Z,47,0.00,,,Provisional/Provisoire,,
05EA010,2026-08-05T21:00:00Z,47,0.00,,,Provisional/Provisoire,,
05EA010,2026-08-05T21:05:00Z,47,0.00,,,Provisional/Provisoire,,
05EA010,2026-08-05T21:10:00Z,47,0.00,,,Provisional/Provisoire,,
05EA010,2026-08-05T21:15:00Z,47,0.00,,,Provisional/Provisoire,,
05EA010,2026-08-05T21:20:00Z,47,0.00,,,Provisional/Provisoire,,
05EA010,2026-08-05T21:25:00Z,47,0.00,,,Provisional/Provisoire,,
05EA010,2026-08-05T21:30:00Z,47,0.00,,,Provisional/Provisoire,,
05EA010,2026-08-05T21:35:00Z,47,0.00,,,Provisional/Provisoire,,
05EA010,2026-08-05T21:40:00Z,47,0.00,,,Provisional/Provisoire,,
05EA010,2026-08-05T21:45:00Z,47,0.00,,,Provisional/Provisoire,,
05EA010,2026-08-05T21:50:00Z,47,0.00,,,Provisional/Provisoire,,
05EA010,2026-08-05T21:55:00Z,47,0.00,,,Provisional/Provisoire,,
05EA010,2026-08-05T22:00:00Z,47,0.00,,,Provisional/Provisoire,,
05EA010,2026-08-05T22:05:00Z,47,0.00,,,Provisional/Provisoire,,
05EA010,2026-08-05T22:10:00Z,47,0.00,,,Provisional/Provisoire,,
05EA010,2026-08-05T22:15:00Z,47,0.00,,,Provisional/Provisoire,,
05EA010,2026-08-05T22:20:00Z,47,0.00,,,Provisional/Provisoire,,
05EA010,2026-08-05T22:25:00Z,47,0.00,,,Provisional/Provisoire,,
05EA010,2026-08-05T22:30:00Z,47,0.00,,,Provisional/Provisoire,,
05EA010,2026-08-05T22:35:00Z,47,0.00,,,Provisional/Provisoire,,
05EA010,2026-08-05T22:40:00Z,47,0.00,,,Provisional/Provisoire,,
05EA010,2026-08-05T22:45:00Z,47,0.00,,,Provisional/Provisoire,,
05EA010,2026-08-05T22:50:00Z,47,0.00,,,Provisional/Provisoire,,
05EA010,2026-08-05T22:55:00Z,47,0.00,,,Provisional/Provisoire,,
05EA010,2026-08-05T23:00:00Z,47,0.00,,,Provisional/Provisoire,,
05EA010,2026-08-05T23:05:00Z,47,0.00,,,Provisional/Provisoire,,
05EA010,2026-08-05T23:10:00Z,47,0.00,,,Provisional/Provisoire,,
05EA010,2026-08-05T23:15:00Z,47,0.00,,,Provisional/Provisoire,,
05EA010,2026-08-05T23:20:00Z,47,0.00,,,Provisional/Provisoire,,
05EA010,2026-08-05T23:25:00Z,47,0.00,,,Provisional/Provisoire,,
05EA010,2026-08-05T23:30:00Z,47,0.00,,,Provisional/Provisoire,,
05EA010,2026-08-05T23:35:00Z,47,0.00,,,Provisional/Provisoire,,
05EA010,2026-08-05T23:40:00Z,47,0.00,,,Provisional/Provisoire,,
05EA010,2026-08-05T23:45:00Z,47,0.00,,,Provisional/Provisoire,,
05EA010,2026-08-05T23:50:00Z,47,0.00,,,Provisional/Provisoire,,
05EA010,2026-08-05T23:55:00Z,47,0.00,,,Provisional/Provisoire,,
05EA010,2026-08-06T00:00:00Z,47,0.00,,,Provisional/Provisoire,,
05EA010,2026-08-06T00:05:00Z,47,0.00,,,Provisional/Provisoire,,
05EA010,2026-08-06T00:10:00Z,47,0.00,,,Provisional/Provisoire,,
05EA010,2026-08-06T00:15:00Z,47,0.00,,,Provisional/Provisoire,,
05EA010,2026-08-06T00:20:00Z,47,0.00,,,Provisional/Provisoire,,
05EA010,2026-08-06T00:25:00Z,47,0.00,,,Provisional/Provisoire,,
05EA010,2026-08-06T00:30:00Z,47,0.00,,,Provisional/Provisoire,,
05EA010,2026-08-06T00:35:00Z,47,0.00,,,Provisional/Provisoire,,
05EA010,2026-08-06T00:40:00Z,47,0.00,,,Provisional/Provisoire,,
05EA010,2026-08-06T00:45:00Z,47,0.00,,,Provisional/Provisoire,,
05EA010,2026-08-06T00:50:00Z,47,0.00,,,Provisional/Provisoire,,
05EA010,2026-08-06T00:55:00Z,47,0.00,,,Provisional/Provisoire,,
05EA010,2026-08-06T01:00:00Z,47,0.00,,,Provisional/Provisoire,,
05EA010,2026-08-06T01:05:00Z,47,0.00,,,Provisional/Provisoire,,
05EA010,2026-08-06T01:10:00Z,47,0.00,,,Provisional/Provisoire,,
05EA010,2026-08-06T01:15:00Z,47,0.00,,,Provisional/Provisoire,,
05EA010,2026-08-06T01:20:00Z,47,0.00,,,Provisional/Provisoire,,
05EA010,2026-08-06T01:25:00Z,47,0.00,,,Provisional/Provisoire,,
05EA010,2026-08-06T01:30:00Z,47,0.00,,,Provisional/Provisoire,,
05EA010,2026-08-06T01:35:00Z,47,0.00,,,Provisional/Provisoire,,
05EA010,2026-08-06T01:40:00Z,47,0.00,,,Provisional/Provisoire,,
05EA010,2026-08-06T01:45:00Z,47,0.00,,,Provisional/Provisoire,,
05EA010,2026-08-06T01:50:00Z,47,0.00,,,Provisional/Provisoire,,
05EA010,2026-08-06T01:55:00Z,47,0.00,,,Provisional/Provisoire,,
05EA010,2026-08-06T02:00:00Z,47,0.00,,,Provisional/Provisoire,,
05EA010,2026-08-06T02:05:00Z,47,0.00,,,Provisional/Provisoire,,
05EA010,2026-08-06T02:10:00Z,47,0.00,,,Provisional/Provisoire,,
05EA010,2026-08-06T02:15:00Z,47,0.00,,,Provisional/Provisoire,,
05EA010,2026-08-06T02:20:00Z,47,0.00,,,Provisional/Provisoire,,
05EA010,2026-08-06T02:25:00Z,47,0.00,,,Provisional/Provisoire,,
05EA010,2026-08-06T02:30:00Z,47,0.00,,,Provisional/Provisoire,,
05EA010,2026-08-06T02:35:00Z,47,0.00,,,Provisional/Provisoire,,
05EA010,2026-08-06T02:40:00Z,47,0.00,,,Provisional/Provisoire,,
05EA010,2026-08-06T02:45:00Z,47,0.00,,,Provisional/Provisoire,,
05EA010,2026-08-06T02:50:00Z,47,0.00,,,Provisional/Provisoire,,
05EA010,2026-08-06T02:55:00Z,47,0.00,,,Provisional/Provisoire,,
05EA010,2026-08-06T03:00:00Z,47,0.00,,,Provisional/Provisoire,,
05EA010,2026-08-06T03:05:00Z,47,0.00,,,Provisional/Provisoire,,
05EA010,2026-08-06T03:10:00Z,47,0.00,,,Provisional/Provisoire,,
05EA010,2026-08-06T03:15:00Z,47,0.00,,,Provisional/Provisoire,,
05EA010,2026-08-06T03:20:00Z,47,0.00,,,Provisional/Provisoire,,
05EA010,2026-08-06T03:25:00Z,47,0.00,,,Provisional/Provisoire,,
05EA010,2026-08-06T03:30:00Z,47,0.00,,,Provisional/Provisoire,,
05EA010,2026-08-06T03:35:00Z,47,0.00,,,Provisional/Provisoire,,
05EA010,2026-08-06T03:40:00Z,47,0.00,,,Provisional/Provisoire,,
05EA010,2026-08-06T03:45:00Z,47,0.00,,,Provisional/Provisoire,,
05EA010,2026-08-06T03:50:00Z,47,0.00,,,Provisional/Provisoire,,
05EA010,2026-08-06T03:55:00Z,47,0.00,,,Provisional/Provisoire,,
05EA010,2026-08-06T04:00:00Z,47,0.00,,,Provisional/Provisoire,,
05EA010,2026-08-06T04:05:00Z,47,0.00,,,Provisional/Provisoire,,
05EA010,2026-08-06T04:10:00Z,47,0.00,,,Provisional/Provisoire,,
05EA010,2026-08-06T04:15:00Z,47,0.00,,,Provisional/Provisoire,,
05EA010,2026-08-06T04:20:00Z,47,0.00,,,Provisional/Provisoire,,
05EA010,2026-08-06T04:25:00Z,47,0.00,,,Provisional/Provisoire,,
05EA010,2026-08-06T04:30:00Z,47,0.00,,,Provisional/Provisoire,,
05EA010,2026-08-06T04:35:00Z,47,0.00,,,Provisional/Provisoire,,
05EA010,2026-08-06T04:40:00Z,47,0.00,,,Provisional/Provisoire,,
05EA010,2026-08-06T04:45:00Z,47,0.00,,,Provisional/Provisoire,,
05EA010,2026-08-06T04:50:00Z,47,0.00,,,Provisional/Provisoire,,
05EA010,2026-08-06T04:55:00Z,47,0.00,,,Provisional/Provisoire,,
05EA010,2026-08-06T05:00:00Z,47,0.00,,,Provisional/Provisoire,,
05EA010,2026-08-06T05:05:00Z,47,0.00,,,Provisional/Provisoire,,
05EA010,2026-08-06T05:10:00Z,47,0.00,,,Provisional/Provisoire,,
05EA010,2026-08-06T05:15:00Z,47,0.00,,,Provisional/Provisoire,,
05EA010,2026-08-06T05:20:00Z,47,0.00,,,Provisional/Provisoire,,
05EA010,2026-08-06T05:25:00Z,47,0.00,,,Provisional/Provisoire,,
05EA010,2026-08-06T05:30:00Z,47,0.00,,,Provisional/Provisoire,,
05EA010,2026-08-06T05:35:00Z,47,0.00,,,Provisional/Provisoire,,
05EA010,2026-08-06T05:40:00Z,47,0.00,,,Provisional/Provisoire,,
05EA010,2026-08-06T05:45:00Z,47,0.00,,,Provisional/Provisoire,,
05EA010,2026-08-06T05:50:00Z,47,0.00,,,Provisional/Provisoire,,
05EA010,2026-08-06T05:55:00Z,47,0.00,,,Provisional/Provisoire,,
05EA010,2026-08-06T06:00:00Z,47,0.00,,,Provisional/Provisoire,,
05EA010,2026-08-06T06:05:00Z,47,0.00,,,Provisional/Provisoire,,