model,run_time_utc,horizon_h,member_index,subarea,cumulative_mm,source_file
GEPS,2026-08-07T00:00:00+00:00,24,1,basin_to_05EA002,0.0,CMC_geps-raw_APCP_SFC_0_latlon0p5x0p5_2026080700_P024_allmbrs.grib2
GEPS,2026-08-07T00:00:00+00:00,24,1,lower_incremental_05EA005_to_05EA002,0.0,CMC_geps-raw_APCP_SFC_0_latlon0p5x0p5_2026080700_P024_allmbrs.grib2
GEPS,2026-08-07T00:00:00+00:00,24,1,upper_lake_chain_isle_lac_ste_anne,,CMC_geps-raw_APCP_SFC_0_latlon0p5x0p5_2026080700_P024_allmbrs.grib2
GEPS,2026-08-07T00:00:00+00:00,24,2,basin_to_05EA002,0.0,CMC_geps-raw_APCP_SFC_0_latlon0p5x0p5_2026080700_P024_allmbrs.grib2
GEPS,2026-08-07T00:00:00+00:00,24,2,lower_incremental_05EA005_to_05EA002,0.0,CMC_geps-raw_APCP_SFC_0_latlon0p5x0p5_2026080700_P024_allmbrs.grib2
GEPS,2026-08-07T00:00:00+00:00,24,2,upper_lake_chain_isle_lac_ste_anne,,CMC_geps-raw_APCP_SFC_0_latlon0p5x0p5_2026080700_P024_allmbrs.grib2
GEPS,2026-08-07T00:00:00+00:00,24,3,basin_to_05EA002,0.0,CMC_geps-raw_APCP_SFC_0_latlon0p5x0p5_2026080700_P024_allmbrs.grib2
GEPS,2026-08-07T00:00:00+00:00,24,3,lower_incremental_05EA005_to_05EA002,0.0,CMC_geps-raw_APCP_SFC_0_latlon0p5x0p5_2026080700_P024_allmbrs.grib2
GEPS,2026-08-07T00:00:00+00:00,24,3,upper_lake_chain_isle_lac_ste_anne,,CMC_geps-raw_APCP_SFC_0_latlon0p5x0p5_2026080700_P024_allmbrs.grib2
GEPS,2026-08-07T00:00:00+00:00,24,4,basin_to_05EA002,0.0,CMC_geps-raw_APCP_SFC_0_latlon0p5x0p5_2026080700_P024_allmbrs.grib2
GEPS,2026-08-07T00:00:00+00:00,24,4,lower_incremental_05EA005_to_05EA002,0.0,CMC_geps-raw_APCP_SFC_0_latlon0p5x0p5_2026080700_P024_allmbrs.grib2
GEPS,2026-08-07T00:00:00+00:00,24,4,upper_lake_chain_isle_lac_ste_anne,,CMC_geps-raw_APCP_SFC_0_latlon0p5x0p5_2026080700_P024_allmbrs.grib2
GEPS,2026-08-07T00:00:00+00:00,24,5,basin_to_05EA002,0.0,CMC_geps-raw_APCP_SFC_0_latlon0p5x0p5_2026080700_P024_allmbrs.grib2
GEPS,2026-08-07T00:00:00+00:00,24,5,lower_incremental_05EA005_to_05EA002,0.0,CMC_geps-raw_APCP_SFC_0_latlon0p5x0p5_2026080700_P024_allmbrs.grib2
GEPS,2026-08-07T00:00:00+00:00,24,5,upper_lake_chain_isle_lac_ste_anne,,CMC_geps-raw_APCP_SFC_0_latlon0p5x0p5_2026080700_P024_allmbrs.grib2
GEPS,2026-08-07T00:00:00+00:00,24,6,basin_to_05EA002,0.0,CMC_geps-raw_APCP_SFC_0_latlon0p5x0p5_2026080700_P024_allmbrs.grib2
GEPS,2026-08-07T00:00:00+00:00,24,6,lower_incremental_05EA005_to_05EA002,0.0,CMC_geps-raw_APCP_SFC_0_latlon0p5x0p5_2026080700_P024_allmbrs.grib2
GEPS,2026-08-07T00:00:00+00:00,24,6,upper_lake_chain_isle_lac_ste_anne,,CMC_geps-raw_APCP_SFC_0_latlon0p5x0p5_2026080700_P024_allmbrs.grib2
GEPS,2026-08-07T00:00:00+00:00,24,7,basin_to_05EA002,0.0,CMC_geps-raw_APCP_SFC_0_latlon0p5x0p5_2026080700_P024_allmbrs.grib2
GEPS,2026-08-07T00:00:00+00:00,24,7,lower_incremental_05EA005_to_05EA002,0.0,CMC_geps-raw_APCP_SFC_0_latlon0p5x0p5_2026080700_P024_allmbrs.grib2
GEPS,2026-08-07T00:00:00+00:00,24,7,upper_lake_chain_isle_lac_ste_anne,,CMC_geps-raw_APCP_SFC_0_latlon0p5x0p5_2026080700_P024_allmbrs.grib2
GEPS,2026-08-07T00:00:00+00:00,24,8,basin_to_05EA002,0.0,CMC_geps-raw_APCP_SFC_0_latlon0p5x0p5_2026080700_P024_allmbrs.grib2
GEPS,2026-08-07T00:00:00+00:00,24,8,lower_incremental_05EA005_to_05EA002,0.0,CMC_geps-raw_APCP_SFC_0_latlon0p5x0p5_2026080700_P024_allmbrs.grib2
GEPS,2026-08-07T00:00:00+00:00,24,8,upper_lake_chain_isle_lac_ste_anne,,CMC_geps-raw_APCP_SFC_0_latlon0p5x0p5_2026080700_P024_allmbrs.grib2
GEPS,2026-08-07T00:00:00+00:00,24,9,basin_to_05EA002,0.0,CMC_geps-raw_APCP_SFC_0_latlon0p5x0p5_2026080700_P024_allmbrs.grib2
GEPS,2026-08-07T00:00:00+00:00,24,9,lower_incremental_05EA005_to_05EA002,0.0,CMC_geps-raw_APCP_SFC_0_latlon0p5x0p5_2026080700_P024_allmbrs.grib2
GEPS,2026-08-07T00:00:00+00:00,24,9,upper_lake_chain_isle_lac_ste_anne,,CMC_geps-raw_APCP_SFC_0_latlon0p5x0p5_2026080700_P024_allmbrs.grib2
GEPS,2026-08-07T00:00:00+00:00,24,10,basin_to_05EA002,0.0,CMC_geps-raw_APCP_SFC_0_latlon0p5x0p5_2026080700_P024_allmbrs.grib2
GEPS,2026-08-07T00:00:00+00:00,24,10,lower_incremental_05EA005_to_05EA002,0.0,CMC_geps-raw_APCP_SFC_0_latlon0p5x0p5_2026080700_P024_allmbrs.grib2
GEPS,2026-08-07T00:00:00+00:00,24,10,upper_lake_chain_isle_lac_ste_anne,,CMC_geps-raw_APCP_SFC_0_latlon0p5x0p5_2026080700_P024_allmbrs.grib2
GEPS,2026-08-07T00:00:00+00:00,24,11,basin_to_05EA002,0.0,CMC_geps-raw_APCP_SFC_0_latlon0p5x0p5_2026080700_P024_allmbrs.grib2
GEPS,2026-08-07T00:00:00+00:00,24,11,lower_incremental_05EA005_to_05EA002,0.0,CMC_geps-raw_APCP_SFC_0_latlon0p5x0p5_2026080700_P024_allmbrs.grib2
GEPS,2026-08-07T00:00:00+00:00,24,11,upper_lake_chain_isle_lac_ste_anne,,CMC_geps-raw_APCP_SFC_0_latlon0p5x0p5_2026080700_P024_allmbrs.grib2
GEPS,2026-08-07T00:00:00+00:00,24,12,basin_to_05EA002,0.0,CMC_geps-raw_APCP_SFC_0_latlon0p5x0p5_2026080700_P024_allmbrs.grib2
GEPS,2026-08-07T00:00:00+00:00,24,12,lower_incremental_05EA005_to_05EA002,0.0,CMC_geps-raw_APCP_SFC_0_latlon0p5x0p5_2026080700_P024_allmbrs.grib2
GEPS,2026-08-07T00:00:00+00:00,24,12,upper_lake_chain_isle_lac_ste_anne,,CMC_geps-raw_APCP_SFC_0_latlon0p5x0p5_2026080700_P024_allmbrs.grib2
GEPS,2026-08-07T00:00:00+00:00,24,13,basin_to_05EA002,0.0,CMC_geps-raw_APCP_SFC_0_latlon0p5x0p5_2026080700_P024_allmbrs.grib2
GEPS,2026-08-07T00:00:00+00:00,24,13,lower_incremental_05EA005_to_05EA002,0.0,CMC_geps-raw_APCP_SFC_0_latlon0p5x0p5_2026080700_P024_allmbrs.grib2
GEPS,2026-08-07T00:00:00+00:00,24,13,upper_lake_chain_isle_lac_ste_anne,,CMC_geps-raw_APCP_SFC_0_latlon0p5x0p5_2026080700_P024_allmbrs.grib2
GEPS,2026-08-07T00:00:00+00:00,24,14,basin_to_05EA002,0.0,CMC_geps-raw_APCP_SFC_0_latlon0p5x0p5_2026080700_P024_allmbrs.grib2
GEPS,2026-08-07T00:00:00+00:00,24,14,lower_incremental_05EA005_to_05EA002,0.0,CMC_geps-raw_APCP_SFC_0_latlon0p5x0p5_2026080700_P024_allmbrs.grib2
GEPS,2026-08-07T00:00:00+00:00,24,14,upper_lake_chain_isle_lac_ste_anne,,CMC_geps-raw_APCP_SFC_0_latlon0p5x0p5_2026080700_P024_allmbrs.grib2
GEPS,2026-08-07T00:00:00+00:00,24,15,basin_to_05EA002,0.0,CMC_geps-raw_APCP_SFC_0_latlon0p5x0p5_2026080700_P024_allmbrs.grib2
GEPS,2026-08-07T00:00:00+00:00,24,15,lower_incremental_05EA005_to_05EA002,0.0,CMC_geps-raw_APCP_SFC_0_latlon0p5x0p5_2026080700_P024_allmbrs.grib2
GEPS,2026-08-07T00:00:00+00:00,24,15,upper_lake_chain_isle_lac_ste_anne,,CMC_geps-raw_APCP_SFC_0_latlon0p5x0p5_2026080700_P024_allmbrs.grib2
GEPS,2026-08-07T00:00:00+00:00,24,16,basin_to_05EA002,0.0,CMC_geps-raw_APCP_SFC_0_latlon0p5x0p5_2026080700_P024_allmbrs.grib2
GEPS,2026-08-07T00:00:00+00:00,24,16,lower_incremental_05EA005_to_05EA002,0.0,CMC_geps-raw_APCP_SFC_0_latlon0p5x0p5_2026080700_P024_allmbrs.grib2
GEPS,2026-08-07T00:00:00+00:00,24,16,upper_lake_chain_isle_lac_ste_anne,,CMC_geps-raw_APCP_SFC_0_latlon0p5x0p5_2026080700_P024_allmbrs.grib2
GEPS,2026-08-07T00:00:00+00:00,24,17,basin_to_05EA002,0.0,CMC_geps-raw_APCP_SFC_0_latlon0p5x0p5_2026080700_P024_allmbrs.grib2
GEPS,2026-08-07T00:00:00+00:00,24,17,lower_incremental_05EA005_to_05EA002,0.0,CMC_geps-raw_APCP_SFC_0_latlon0p5x0p5_2026080700_P024_allmbrs.grib2
GEPS,2026-08-07T00:00:00+00:00,24,17,upper_lake_chain_isle_lac_ste_anne,,CMC_geps-raw_APCP_SFC_0_latlon0p5x0p5_2026080700_P024_allmbrs.grib2
GEPS,2026-08-07T00:00:00+00:00,24,18,basin_to_05EA002,0.0,CMC_geps-raw_APCP_SFC_0_latlon0p5x0p5_2026080700_P024_allmbrs.grib2
GEPS,2026-08-07T00:00:00+00:00,24,18,lower_incremental_05EA005_to_05EA002,0.0,CMC_geps-raw_APCP_SFC_0_latlon0p5x0p5_2026080700_P024_allmbrs.grib2
GEPS,2026-08-07T00:00:00+00:00,24,18,upper_lake_chain_isle_lac_ste_anne,,CMC_geps-raw_APCP_SFC_0_latlon0p5x0p5_2026080700_P024_allmbrs.grib2
GEPS,2026-08-07T00:00:00+00:00,24,19,basin_to_05EA002,0.0,CMC_geps-raw_APCP_SFC_0_latlon0p5x0p5_2026080700_P024_allmbrs.grib2
GEPS,2026-08-07T00:00:00+00:00,24,19,lower_incremental_05EA005_to_05EA002,0.0,CMC_geps-raw_APCP_SFC_0_latlon0p5x0p5_2026080700_P024_allmbrs.grib2
GEPS,2026-08-07T00:00:00+00:00,24,19,upper_lake_chain_isle_lac_ste_anne,,CMC_geps-raw_APCP_SFC_0_latlon0p5x0p5_2026080700_P024_allmbrs.grib2
GEPS,2026-08-07T00:00:00+00:00,24,20,basin_to_05EA002,0.0,CMC_geps-raw_APCP_SFC_0_latlon0p5x0p5_2026080700_P024_allmbrs.grib2
GEPS,2026-08-07T00:00:00+00:00,24,20,lower_incremental_05EA005_to_05EA002,0.0,CMC_geps-raw_APCP_SFC_0_latlon0p5x0p5_2026080700_P024_allmbrs.grib2
GEPS,2026-08-07T00:00:00+00:00,24,20,upper_lake_chain_isle_lac_ste_anne,,CMC_geps-raw_APCP_SFC_0_latlon0p5x0p5_2026080700_P024_allmbrs.grib2
GEPS,2026-08-07T00:00:00+00:00,24,21,basin_to_05EA002,0.0,CMC_geps-raw_APCP_SFC_0_latlon0p5x0p5_2026080700_P024_allmbrs.grib2
GEPS,2026-08-07T00:00:00+00:00,24,21,lower_incremental_05EA005_to_05EA002,0.0,CMC_geps-raw_APCP_SFC_0_latlon0p5x0p5_2026080700_P024_allmbrs.grib2
GEPS,2026-08-07T00:00:00+00:00,24,21,upper_lake_chain_isle_lac_ste_anne,,CMC_geps-raw_APCP_SFC_0_latlon0p5x0p5_2026080700_P024_allmbrs.grib2
GEPS,2026-08-07T00:00:00+00:00,48,1,basin_to_05EA002,2.419999837875366,CMC_geps-raw_APCP_SFC_0_latlon0p5x0p5_2026080700_P048_allmbrs.grib2
GEPS,2026-08-07T00:00:00+00:00,48,1,lower_incremental_05EA005_to_05EA002,2.419999837875366,CMC_geps-raw_APCP_SFC_0_latlon0p5x0p5_2026080700_P048_allmbrs.grib2
GEPS,2026-08-07T00:00:00+00:00,48,1,upper_lake_chain_isle_lac_ste_anne,,CMC_geps-raw_APCP_SFC_0_latlon0p5x0p5_2026080700_P048_allmbrs.grib2
GEPS,2026-08-07T00:00:00+00:00,48,2,basin_to_05EA002,2.944999933242798,CMC_geps-raw_APCP_SFC_0_latlon0p5x0p5_2026080700_P048_allmbrs.grib2
GEPS,2026-08-07T00:00:00+00:00,48,2,lower_incremental_05EA005_to_05EA002,2.944999933242798,CMC_geps-raw_APCP_SFC_0_latlon0p5x0p5_2026080700_P048_allmbrs.grib2
GEPS,2026-08-07T00:00:00+00:00,48,2,upper_lake_chain_isle_lac_ste_anne,,CMC_geps-raw_APCP_SFC_0_latlon0p5x0p5_2026080700_P048_allmbrs.grib2
GEPS,2026-08-07T00:00:00+00:00,48,3,basin_to_05EA002,0.0,CMC_geps-raw_APCP_SFC_0_latlon0p5x0p5_2026080700_P048_allmbrs.grib2
GEPS,2026-08-07T00:00:00+00:00,48,3,lower_incremental_05EA005_to_05EA002,0.0,CMC_geps-raw_APCP_SFC_0_latlon0p5x0p5_2026080700_P048_allmbrs.grib2
GEPS,2026-08-07T00:00:00+00:00,48,3,upper_lake_chain_isle_lac_ste_anne,,CMC_geps-raw_APCP_SFC_0_latlon0p5x0p5_2026080700_P048_allmbrs.grib2
GEPS,2026-08-07T00:00:00+00:00,48,4,basin_to_05EA002,1.1899999380111694,CMC_geps-raw_APCP_SFC_0_latlon0p5x0p5_2026080700_P048_allmbrs.grib2
GEPS,2026-08-07T00:00:00+00:00,48,4,lower_incremental_05EA005_to_05EA002,1.1899999380111694,CMC_geps-raw_APCP_SFC_0_latlon0p5x0p5_2026080700_P048_allmbrs.grib2
GEPS,2026-08-07T00:00:00+00:00,48,4,upper_lake_chain_isle_lac_ste_anne,,CMC_geps-raw_APCP_SFC_0_latlon0p5x0p5_2026080700_P048_allmbrs.grib2
GEPS,2026-08-07T00:00:00+00:00,48,5,basin_to_05EA002,2.5999999046325684,CMC_geps-raw_APCP_SFC_0_latlon0p5x0p5_2026080700_P048_allmbrs.grib2
GEPS,2026-08-07T00:00:00+00:00,48,5,lower_incremental_05EA005_to_05EA002,2.5999999046325684,CMC_geps-raw_APCP_SFC_0_latlon0p5x0p5_2026080700_P048_allmbrs.grib2
GEPS,2026-08-07T00:00:00+00:00,48,5,upper_lake_chain_isle_lac_ste_anne,,CMC_geps-raw_APCP_SFC_0_latlon0p5x0p5_2026080700_P048_allmbrs.grib2
GEPS,2026-08-07T00:00:00+00:00,48,6,basin_to_05EA002,1.9499999284744263,CMC_geps-raw_APCP_SFC_0_latlon0p5x0p5_2026080700_P048_allmbrs.grib2
GEPS,2026-08-07T00:00:00+00:00,48,6,lower_incremental_05EA005_to_05EA002,1.9499999284744263,CMC_geps-raw_APCP_SFC_0_latlon0p5x0p5_2026080700_P048_allmbrs.grib2
GEPS,2026-08-07T00:00:00+00:00,48,6,upper_lake_chain_isle_lac_ste_anne,,CMC_geps-raw_APCP_SFC_0_latlon0p5x0p5_2026080700_P048_allmbrs.grib2
GEPS,2026-08-07T00:00:00+00:00,48,7,basin_to_05EA002,2.759999990463257,CMC_geps-raw_APCP_SFC_0_latlon0p5x0p5_2026080700_P048_allmbrs.grib2
GEPS,2026-08-07T00:00:00+00:00,48,7,lower_incremental_05EA005_to_05EA002,2.759999990463257,CMC_geps-raw_APCP_SFC_0_latlon0p5x0p5_2026080700_P048_allmbrs.grib2
GEPS,2026-08-07T00:00:00+00:00,48,7,upper_lake_chain_isle_lac_ste_anne,,CMC_geps-raw_APCP_SFC_0_latlon0p5x0p5_2026080700_P048_allmbrs.grib2
GEPS,2026-08-07T00:00:00+00:00,48,8,basin_to_05EA002,0.7599999904632568,CMC_geps-raw_APCP_SFC_0_latlon0p5x0p5_2026080700_P048_allmbrs.grib2
GEPS,2026-08-07T00:00:00+00:00,48,8,lower_incremental_05EA005_to_05EA002,0.7599999904632568,CMC_geps-raw_APCP_SFC_0_latlon0p5x0p5_2026080700_P048_allmbrs.grib2
GEPS,2026-08-07T00:00:00+00:00,48,8,upper_lake_chain_isle_lac_ste_anne,,CMC_geps-raw_APCP_SFC_0_latlon0p5x0p5_2026080700_P048_allmbrs.grib2
GEPS,2026-08-07T00:00:00+00:00,48,9,basin_to_05EA002,1.1699999570846558,CMC_geps-raw_APCP_SFC_0_latlon0p5x0p5_2026080700_P048_allmbrs.grib2
GEPS,2026-08-07T00:00:00+00:00,48,9,lower_incremental_05EA005_to_05EA002,1.1699999570846558,CMC_geps-raw_APCP_SFC_0_latlon0p5x0p5_2026080700_P048_allmbrs.grib2
GEPS,2026-08-07T00:00:00+00:00,48,9,upper_lake_chain_isle_lac_ste_anne,,CMC_geps-raw_APCP_SFC_0_latlon0p5x0p5_2026080700_P048_allmbrs.grib2
GEPS,2026-08-07T00:00:00+00:00,48,10,basin_to_05EA002,0.550000011920929,CMC_geps-raw_APCP_SFC_0_latlon0p5x0p5_2026080700_P048_allmbrs.grib2
GEPS,2026-08-07T00:00:00+00:00,48,10,lower_incremental_05EA005_to_05EA002,0.550000011920929,CMC_geps-raw_APCP_SFC_0_latlon0p5x0p5_2026080700_P048_allmbrs.grib2
GEPS,2026-08-07T00:00:00+00:00,48,10,upper_lake_chain_isle_lac_ste_anne,,CMC_geps-raw_APCP_SFC_0_latlon0p5x0p5_2026080700_P048_allmbrs.grib2
GEPS,2026-08-07T00:00:00+00:00,48,11,basin_to_05EA002,3.4800000190734863,CMC_geps-raw_APCP_SFC_0_latlon0p5x0p5_2026080700_P048_allmbrs.grib2
GEPS,2026-08-07T00:00:00+00:00,48,11,lower_incremental_05EA005_to_05EA002,3.4800000190734863,CMC_geps-raw_APCP_SFC_0_latlon0p5x0p5_2026080700_P048_allmbrs.grib2
GEPS,2026-08-07T00:00:00+00:00,48,11,upper_lake_chain_isle_lac_ste_anne,,CMC_geps-raw_APCP_SFC_0_latlon0p5x0p5_2026080700_P048_allmbrs.grib2
GEPS,2026-08-07T00:00:00+00:00,48,12,basin_to_05EA002,4.809999942779541,CMC_geps-raw_APCP_SFC_0_latlon0p5x0p5_2026080700_P048_allmbrs.grib2
GEPS,2026-08-07T00:00:00+00:00,48,12,lower_incremental_05EA005_to_05EA002,4.809999942779541,CMC_geps-raw_APCP_SFC_0_latlon0p5x0p5_2026080700_P048_allmbrs.grib2
GEPS,2026-08-07T00:00:00+00:00,48,12,upper_lake_chain_isle_lac_ste_anne,,CMC_geps-raw_APCP_SFC_0_latlon0p5x0p5_2026080700_P048_allmbrs.grib2
GEPS,2026-08-07T00:00:00+00:00,48,13,basin_to_05EA002,1.8399999141693115,CMC_geps-raw_APCP_SFC_0_latlon0p5x0p5_2026080700_P048_allmbrs.grib2
GEPS,2026-08-07T00:00:00+00:00,48,13,lower_incremental_05EA005_to_05EA002,1.8399999141693115,CMC_geps-raw_APCP_SFC_0_latlon0p5x0p5_2026080700_P048_allmbrs.grib2
GEPS,2026-08-07T00:00:00+00:00,48,13,upper_lake_chain_isle_lac_ste_anne,,CMC_geps-raw_APCP_SFC_0_latlon0p5x0p5_2026080700_P048_allmbrs.grib2
GEPS,2026-08-07T00:00:00+00:00,48,14,basin_to_05EA002,0.05999999865889549,CMC_geps-raw_APCP_SFC_0_latlon0p5x0p5_2026080700_P048_allmbrs.grib2
GEPS,2026-08-07T00:00:00+00:00,48,14,lower_incremental_05EA005_to_05EA002,0.05999999865889549,CMC_geps-raw_APCP_SFC_0_latlon0p5x0p5_2026080700_P048_allmbrs.grib2
GEPS,2026-08-07T00:00:00+00:00,48,14,upper_lake_chain_isle_lac_ste_anne,,CMC_geps-raw_APCP_SFC_0_latlon0p5x0p5_2026080700_P048_allmbrs.grib2
GEPS,2026-08-07T00:00:00+00:00,48,15,basin_to_05EA002,2.609999895095825,CMC_geps-raw_APCP_SFC_0_latlon0p5x0p5_2026080700_P048_allmbrs.grib2
GEPS,2026-08-07T00:00:00+00:00,48,15,lower_incremental_05EA005_to_05EA002,2.609999895095825,CMC_geps-raw_APCP_SFC_0_latlon0p5x0p5_2026080700_P048_allmbrs.grib2
GEPS,2026-08-07T00:00:00+00:00,48,15,upper_lake_chain_isle_lac_ste_anne,,CMC_geps-raw_APCP_SFC_0_latlon0p5x0p5_2026080700_P048_allmbrs.grib2
GEPS,2026-08-07T00:00:00+00:00,48,16,basin_to_05EA002,0.0,CMC_geps-raw_APCP_SFC_0_latlon0p5x0p5_2026080700_P048_allmbrs.grib2
GEPS,2026-08-07T00:00:00+00:00,48,16,lower_incremental_05EA005_to_05EA002,0.0,CMC_geps-raw_APCP_SFC_0_latlon0p5x0p5_2026080700_P048_allmbrs.grib2
GEPS,2026-08-07T00:00:00+00:00,48,16,upper_lake_chain_isle_lac_ste_anne,,CMC_geps-raw_APCP_SFC_0_latlon0p5x0p5_2026080700_P048_allmbrs.grib2
GEPS,2026-08-07T00:00:00+00:00,48,17,basin_to_05EA002,0.03999999910593033,CMC_geps-raw_APCP_SFC_0_latlon0p5x0p5_2026080700_P048_allmbrs.grib2
GEPS,2026-08-07T00:00:00+00:00,48,17,lower_incremental_05EA005_to_05EA002,0.03999999910593033,CMC_geps-raw_APCP_SFC_0_latlon0p5x0p5_2026080700_P048_allmbrs.grib2
GEPS,2026-08-07T00:00:00+00:00,48,17,upper_lake_chain_isle_lac_ste_anne,,CMC_geps-raw_APCP_SFC_0_latlon0p5x0p5_2026080700_P048_allmbrs.grib2
GEPS,2026-08-07T00:00:00+00:00,48,18,basin_to_05EA002,2.0,CMC_geps-raw_APCP_SFC_0_latlon0p5x0p5_2026080700_P048_allmbrs.grib2
GEPS,2026-08-07T00:00:00+00:00,48,18,lower_incremental_05EA005_to_05EA002,2.0,CMC_geps-raw_APCP_SFC_0_latlon0p5x0p5_2026080700_P048_allmbrs.grib2
GEPS,2026-08-07T00:00:00+00:00,48,18,upper_lake_chain_isle_lac_ste_anne,,CMC_geps-raw_APCP_SFC_0_latlon0p5x0p5_2026080700_P048_allmbrs.grib2
GEPS,2026-08-07T00:00:00+00:00,48,19,basin_to_05EA002,5.269999980926514,CMC_geps-raw_APCP_SFC_0_latlon0p5x0p5_2026080700_P048_allmbrs.grib2
GEPS,2026-08-07T00:00:00+00:00,48,19,lower_incremental_05EA005_to_05EA002,5.269999980926514,CMC_geps-raw_APCP_SFC_0_latlon0p5x0p5_2026080700_P048_allmbrs.grib2
GEPS,2026-08-07T00:00:00+00:00,48,19,upper_lake_chain_isle_lac_ste_anne,,CMC_geps-raw_APCP_SFC_0_latlon0p5x0p5_2026080700_P048_allmbrs.grib2
GEPS,2026-08-07T00:00:00+00:00,48,20,basin_to_05EA002,1.0799999237060547,CMC_geps-raw_APCP_SFC_0_latlon0p5x0p5_2026080700_P048_allmbrs.grib2
GEPS,2026-08-07T00:00:00+00:00,48,20,lower_incremental_05EA005_to_05EA002,1.0799999237060547,CMC_geps-raw_APCP_SFC_0_latlon0p5x0p5_2026080700_P048_allmbrs.grib2
GEPS,2026-08-07T00:00:00+00:00,48,20,upper_lake_chain_isle_lac_ste_anne,,CMC_geps-raw_APCP_SFC_0_latlon0p5x0p5_2026080700_P048_allmbrs.grib2
GEPS,2026-08-07T00:00:00+00:00,48,21,basin_to_05EA002,0.0,CMC_geps-raw_APCP_SFC_0_latlon0p5x0p5_2026080700_P048_allmbrs.grib2
GEPS,2026-08-07T00:00:00+00:00,48,21,lower_incremental_05EA005_to_05EA002,0.0,CMC_geps-raw_APCP_SFC_0_latlon0p5x0p5_2026080700_P048_allmbrs.grib2
GEPS,2026-08-07T00:00:00+00:00,48,21,upper_lake_chain_isle_lac_ste_anne,,CMC_geps-raw_APCP_SFC_0_latlon0p5x0p5_2026080700_P048_allmbrs.grib2
GEPS,2026-08-07T00:00:00+00:00,72,1,basin_to_05EA002,11.09999942779541,CMC_geps-raw_APCP_SFC_0_latlon0p5x0p5_2026080700_P072_allmbrs.grib2
GEPS,2026-08-07T00:00:00+00:00,72,1,lower_incremental_05EA005_to_05EA002,11.09999942779541,CMC_geps-raw_APCP_SFC_0_latlon0p5x0p5_2026080700_P072_allmbrs.grib2
GEPS,2026-08-07T00:00:00+00:00,72,1,upper_lake_chain_isle_lac_ste_anne,,CMC_geps-raw_APCP_SFC_0_latlon0p5x0p5_2026080700_P072_allmbrs.grib2
GEPS,2026-08-07T00:00:00+00:00,72,2,basin_to_05EA002,10.09000015258789,CMC_geps-raw_APCP_SFC_0_latlon0p5x0p5_2026080700_P072_allmbrs.grib2
GEPS,2026-08-07T00:00:00+00:00,72,2,lower_incremental_05EA005_to_05EA002,10.09000015258789,CMC_geps-raw_APCP_SFC_0_latlon0p5x0p5_2026080700_P072_allmbrs.grib2
GEPS,2026-08-07T00:00:00+00:00,72,2,upper_lake_chain_isle_lac_ste_anne,,CMC_geps-raw_APCP_SFC_0_latlon0p5x0p5_2026080700_P072_allmbrs.grib2
GEPS,2026-08-07T00:00:00+00:00,72,3,basin_to_05EA002,5.179999828338623,CMC_geps-raw_APCP_SFC_0_latlon0p5x0p5_2026080700_P072_allmbrs.grib2
GEPS,2026-08-07T00:00:00+00:00,72,3,lower_incremental_05EA005_to_05EA002,5.179999828338623,CMC_geps-raw_APCP_SFC_0_latlon0p5x0p5_2026080700_P072_allmbrs.grib2
GEPS,2026-08-07T00:00:00+00:00,72,3,upper_lake_chain_isle_lac_ste_anne,,CMC_geps-raw_APCP_SFC_0_latlon0p5x0p5_2026080700_P072_allmbrs.grib2
GEPS,2026-08-07T00:00:00+00:00,72,4,basin_to_05EA002,1.4800000190734863,CMC_geps-raw_APCP_SFC_0_latlon0p5x0p5_2026080700_P072_allmbrs.grib2
GEPS,2026-08-07T00:00:00+00:00,72,4,lower_incremental_05EA005_to_05EA002,1.4800000190734863,CMC_geps-raw_APCP_SFC_0_latlon0p5x0p5_2026080700_P072_allmbrs.grib2
GEPS,2026-08-07T00:00:00+00:00,72,4,upper_lake_chain_isle_lac_ste_anne,,CMC_geps-raw_APCP_SFC_0_latlon0p5x0p5_2026080700_P072_allmbrs.grib2
GEPS,2026-08-07T00:00:00+00:00,72,5,basin_to_05EA002,3.059999942779541,CMC_geps-raw_APCP_SFC_0_latlon0p5x0p5_2026080700_P072_allmbrs.grib2
GEPS,2026-08-07T00:00:00+00:00,72,5,lower_incremental_05EA005_to_05EA002,3.059999942779541,CMC_geps-raw_APCP_SFC_0_latlon0p5x0p5_2026080700_P072_allmbrs.grib2
GEPS,2026-08-07T00:00:00+00:00,72,5,upper_lake_chain_isle_lac_ste_anne,,CMC_geps-raw_APCP_SFC_0_latlon0p5x0p5_2026080700_P072_allmbrs.grib2
GEPS,2026-08-07T00:00:00+00:00,72,6,basin_to_05EA002,3.129999876022339,CMC_geps-raw_APCP_SFC_0_latlon0p5x0p5_2026080700_P072_allmbrs.grib2
GEPS,2026-08-07T00:00:00+00:00,72,6,lower_incremental_05EA005_to_05EA002,3.129999876022339,CMC_geps-raw_APCP_SFC_0_latlon0p5x0p5_2026080700_P072_allmbrs.grib2
GEPS,2026-08-07T00:00:00+00:00,72,6,upper_lake_chain_isle_lac_ste_anne,,CMC_geps-raw_APCP_SFC_0_latlon0p5x0p5_2026080700_P072_allmbrs.grib2
GEPS,2026-08-07T00:00:00+00:00,72,7,basin_to_05EA002,26.35999870300293,CMC_geps-raw_APCP_SFC_0_latlon0p5x0p5_2026080700_P072_allmbrs.grib2
GEPS,2026-08-07T00:00:00+00:00,72,7,lower_incremental_05EA005_to_05EA002,26.35999870300293,CMC_geps-raw_APCP_SFC_0_latlon0p5x0p5_2026080700_P072_allmbrs.grib2
GEPS,2026-08-07T00:00:00+00:00,72,7,upper_lake_chain_isle_lac_ste_anne,,CMC_geps-raw_APCP_SFC_0_latlon0p5x0p5_2026080700_P072_allmbrs.grib2
GEPS,2026-08-07T00:00:00+00:00,72,8,basin_to_05EA002,15.119999885559082,CMC_geps-raw_APCP_SFC_0_latlon0p5x0p5_2026080700_P072_allmbrs.grib2
GEPS,2026-08-07T00:00:00+00:00,72,8,lower_incremental_05EA005_to_05EA002,15.119999885559082,CMC_geps-raw_APCP_SFC_0_latlon0p5x0p5_2026080700_P072_allmbrs.grib2
GEPS,2026-08-07T00:00:00+00:00,72,8,upper_lake_chain_isle_lac_ste_anne,,CMC_geps-raw_APCP_SFC_0_latlon0p5x0p5_2026080700_P072_allmbrs.grib2
GEPS,2026-08-07T00:00:00+00:00,72,9,basin_to_05EA002,11.90999984741211,CMC_geps-raw_APCP_SFC_0_latlon0p5x0p5_2026080700_P072_allmbrs.grib2
GEPS,2026-08-07T00:00:00+00:00,72,9,lower_incremental_05EA005_to_05EA002,11.90999984741211,CMC_geps-raw_APCP_SFC_0_latlon0p5x0p5_2026080700_P072_allmbrs.grib2
GEPS,2026-08-07T00:00:00+00:00,72,9,upper_lake_chain_isle_lac_ste_anne,,CMC_geps-raw_APCP_SFC_0_latlon0p5x0p5_2026080700_P072_allmbrs.grib2
GEPS,2026-08-07T00:00:00+00:00,72,10,basin_to_05EA002,9.859999656677246,CMC_geps-raw_APCP_SFC_0_latlon0p5x0p5_2026080700_P072_allmbrs.grib2
GEPS,2026-08-07T00:00:00+00:00,72,10,lower_incremental_05EA005_to_05EA002,9.859999656677246,CMC_geps-raw_APCP_SFC_0_latlon0p5x0p5_2026080700_P072_allmbrs.grib2
GEPS,2026-08-07T00:00:00+00:00,72,10,upper_lake_chain_isle_lac_ste_anne,,CMC_geps-raw_APCP_SFC_0_latlon0p5x0p5_2026080700_P072_allmbrs.grib2
GEPS,2026-08-07T00:00:00+00:00,72,11,basin_to_05EA002,19.799999237060547,CMC_geps-raw_APCP_SFC_0_latlon0p5x0p5_2026080700_P072_allmbrs.grib2
GEPS,2026-08-07T00:00:00+00:00,72,11,lower_incremental_05EA005_to_05EA002,19.799999237060547,CMC_geps-raw_APCP_SFC_0_latlon0p5x0p5_2026080700_P072_allmbrs.grib2
GEPS,2026-08-07T00:00:00+00:00,72,11,upper_lake_chain_isle_lac_ste_anne,,CMC_geps-raw_APCP_SFC_0_latlon0p5x0p5_2026080700_P072_allmbrs.grib2
GEPS,2026-08-07T00:00:00+00:00,72,12,basin_to_05EA002,14.609999656677246,CMC_geps-raw_APCP_SFC_0_latlon0p5x0p5_2026080700_P072_allmbrs.grib2
GEPS,2026-08-07T00:00:00+00:00,72,12,lower_incremental_05EA005_to_05EA002,14.609999656677246,CMC_geps-raw_APCP_SFC_0_latlon0p5x0p5_2026080700_P072_allmbrs.grib2
GEPS,2026-08-07T00:00:00+00:00,72,12,upper_lake_chain_isle_lac_ste_anne,,CMC_geps-raw_APCP_SFC_0_latlon0p5x0p5_2026080700_P072_allmbrs.grib2
GEPS,2026-08-07T00:00:00+00:00,72,13,basin_to_05EA002,4.519999980926514,CMC_geps-raw_APCP_SFC_0_latlon0p5x0p5_2026080700_P072_allmbrs.grib2
GEPS,2026-08-07T00:00:00+00:00,72,13,lower_incremental_05EA005_to_05EA002,4.519999980926514,CMC_geps-raw_APCP_SFC_0_latlon0p5x0p5_2026080700_P072_allmbrs.grib2
GEPS,2026-08-07T00:00:00+00:00,72,13,upper_lake_chain_isle_lac_ste_anne,,CMC_geps-raw_APCP_SFC_0_latlon0p5x0p5_2026080700_P072_allmbrs.grib2
GEPS,2026-08-07T00:00:00+00:00,72,14,basin_to_05EA002,0.3400000035762787,CMC_geps-raw_APCP_SFC_0_latlon0p5x0p5_2026080700_P072_allmbrs.grib2
GEPS,2026-08-07T00:00:00+00:00,72,14,lower_incremental_05EA005_to_05EA002,0.3400000035762787,CMC_geps-raw_APCP_SFC_0_latlon0p5x0p5_2026080700_P072_allmbrs.grib2
GEPS,2026-08-07T00:00:00+00:00,72,14,upper_lake_chain_isle_lac_ste_anne,,CMC_geps-raw_APCP_SFC_0_latlon0p5x0p5_2026080700_P072_allmbrs.grib2
GEPS,2026-08-07T00:00:00+00:00,72,15,basin_to_05EA002,8.34999942779541,CMC_geps-raw_APCP_SFC_0_latlon0p5x0p5_2026080700_P072_allmbrs.grib2
GEPS,2026-08-07T00:00:00+00:00,72,15,lower_incremental_05EA005_to_05EA002,8.34999942779541,CMC_geps-raw_APCP_SFC_0_latlon0p5x0p5_2026080700_P072_allmbrs.grib2
GEPS,2026-08-07T00:00:00+00:00,72,15,upper_lake_chain_isle_lac_ste_anne,,CMC_geps-raw_APCP_SFC_0_latlon0p5x0p5_2026080700_P072_allmbrs.grib2
GEPS,2026-08-07T00:00:00+00:00,72,16,basin_to_05EA002,13.899999618530273,CMC_geps-raw_APCP_SFC_0_latlon0p5x0p5_2026080700_P072_allmbrs.grib2
GEPS,2026-08-07T00:00:00+00:00,72,16,lower_incremental_05EA005_to_05EA002,13.899999618530273,CMC_geps-raw_APCP_SFC_0_latlon0p5x0p5_2026080700_P072_allmbrs.grib2
GEPS,2026-08-07T00:00:00+00:00,72,16,upper_lake_chain_isle_lac_ste_anne,,CMC_geps-raw_APCP_SFC_0_latlon0p5x0p5_2026080700_P072_allmbrs.grib2
GEPS,2026-08-07T00:00:00+00:00,72,17,basin_to_05EA002,4.360000133514404,CMC_geps-raw_APCP_SFC_0_latlon0p5x0p5_2026080700_P072_allmbrs.grib2
GEPS,2026-08-07T00:00:00+00:00,72,17,lower_incremental_05EA005_to_05EA002,4.360000133514404,CMC_geps-raw_APCP_SFC_0_latlon0p5x0p5_2026080700_P072_allmbrs.grib2
GEPS,2026-08-07T00:00:00+00:00,72,17,upper_lake_chain_isle_lac_ste_anne,,CMC_geps-raw_APCP_SFC_0_latlon0p5x0p5_2026080700_P072_allmbrs.grib2
GEPS,2026-08-07T00:00:00+00:00,72,18,basin_to_05EA002,10.889999389648438,CMC_geps-raw_APCP_SFC_0_latlon0p5x0p5_2026080700_P072_allmbrs.grib2
GEPS,2026-08-07T00:00:00+00:00,72,18,lower_incremental_05EA005_to_05EA002,10.889999389648438,CMC_geps-raw_APCP_SFC_0_latlon0p5x0p5_2026080700_P072_allmbrs.grib2
GEPS,2026-08-07T00:00:00+00:00,72,18,upper_lake_chain_isle_lac_ste_anne,,CMC_geps-raw_APCP_SFC_0_latlon0p5x0p5_2026080700_P072_allmbrs.grib2
GEPS,2026-08-07T00:00:00+00:00,72,19,basin_to_05EA002,7.799999713897705,CMC_geps-raw_APCP_SFC_0_latlon0p5x0p5_2026080700_P072_allmbrs.grib2
GEPS,2026-08-07T00:00:00+00:00,72,19,lower_incremental_05EA005_to_05EA002,7.799999713897705,CMC_geps-raw_APCP_SFC_0_latlon0p5x0p5_2026080700_P072_allmbrs.grib2
GEPS,2026-08-07T00:00:00+00:00,72,19,upper_lake_chain_isle_lac_ste_anne,,CMC_geps-raw_APCP_SFC_0_latlon0p5x0p5_2026080700_P072_allmbrs.grib2
GEPS,2026-08-07T00:00:00+00:00,72,20,basin_to_05EA002,8.40999984741211,CMC_geps-raw_APCP_SFC_0_latlon0p5x0p5_2026080700_P072_allmbrs.grib2
GEPS,2026-08-07T00:00:00+00:00,72,20,lower_incremental_05EA005_to_05EA002,8.40999984741211,CMC_geps-raw_APCP_SFC_0_latlon0p5x0p5_2026080700_P072_allmbrs.grib2
GEPS,2026-08-07T00:00:00+00:00,72,20,upper_lake_chain_isle_lac_ste_anne,,CMC_geps-raw_APCP_SFC_0_latlon0p5x0p5_2026080700_P072_allmbrs.grib2
GEPS,2026-08-07T00:00:00+00:00,72,21,basin_to_05EA002,13.819999694824219,CMC_geps-raw_APCP_SFC_0_latlon0p5x0p5_2026080700_P072_allmbrs.grib2
GEPS,2026-08-07T00:00:00+00:00,72,21,lower_incremental_05EA005_to_05EA002,13.819999694824219,CMC_geps-raw_APCP_SFC_0_latlon0p5x0p5_2026080700_P072_allmbrs.grib2
GEPS,2026-08-07T00:00:00+00:00,72,21,upper_lake_chain_isle_lac_ste_anne,,CMC_geps-raw_APCP_SFC_0_latlon0p5x0p5_2026080700_P072_allmbrs.grib2
GEPS,2026-08-07T00:00:00+00:00,96,1,basin_to_05EA002,16.81999969482422,CMC_geps-raw_APCP_SFC_0_latlon0p5x0p5_2026080700_P096_allmbrs.grib2
GEPS,2026-08-07T00:00:00+00:00,96,1,lower_incremental_05EA005_to_05EA002,16.81999969482422,CMC_geps-raw_APCP_SFC_0_latlon0p5x0p5_2026080700_P096_allmbrs.grib2
GEPS,2026-08-07T00:00:00+00:00,96,1,upper_lake_chain_isle_lac_ste_anne,,CMC_geps-raw_APCP_SFC_0_latlon0p5x0p5_2026080700_P096_allmbrs.grib2
GEPS,2026-08-07T00:00:00+00:00,96,2,basin_to_05EA002,19.209999084472656,CMC_geps-raw_APCP_SFC_0_latlon0p5x0p5_2026080700_P096_allmbrs.grib2
GEPS,2026-08-07T00:00:00+00:00,96,2,lower_incremental_05EA005_to_05EA002,19.209999084472656,CMC_geps-raw_APCP_SFC_0_latlon0p5x0p5_2026080700_P096_allmbrs.grib2
GEPS,2026-08-07T00:00:00+00:00,96,2,upper_lake_chain_isle_lac_ste_anne,,CMC_geps-raw_APCP_SFC_0_latlon0p5x0p5_2026080700_P096_allmbrs.grib2
GEPS,2026-08-07T00:00:00+00:00,96,3,basin_to_05EA002,14.920000076293945,CMC_geps-raw_APCP_SFC_0_latlon0p5x0p5_2026080700_P096_allmbrs.grib2
GEPS,2026-08-07T00:00:00+00:00,96,3,lower_incremental_05EA005_to_05EA002,14.920000076293945,CMC_geps-raw_APCP_SFC_0_latlon0p5x0p5_2026080700_P096_allmbrs.grib2
GEPS,2026-08-07T00:00:00+00:00,96,3,upper_lake_chain_isle_lac_ste_anne,,CMC_geps-raw_APCP_SFC_0_latlon0p5x0p5_2026080700_P096_allmbrs.grib2
GEPS,2026-08-07T00:00:00+00:00,96,4,basin_to_05EA002,1.5099999904632568,CMC_geps-raw_APCP_SFC_0_latlon0p5x0p5_2026080700_P096_allmbrs.grib2
GEPS,2026-08-07T00:00:00+00:00,96,4,lower_incremental_05EA005_to_05EA002,1.5099999904632568,CMC_geps-raw_APCP_SFC_0_latlon0p5x0p5_2026080700_P096_allmbrs.grib2
GEPS,2026-08-07T00:00:00+00:00,96,4,upper_lake_chain_isle_lac_ste_anne,,CMC_geps-raw_APCP_SFC_0_latlon0p5x0p5_2026080700_P096_allmbrs.grib2
GEPS,2026-08-07T00:00:00+00:00,96,5,basin_to_05EA002,3.109999895095825,CMC_geps-raw_APCP_SFC_0_latlon0p5x0p5_2026080700_P096_allmbrs.grib2
GEPS,2026-08-07T00:00:00+00:00,96,5,lower_incremental_05EA005_to_05EA002,3.109999895095825,CMC_geps-raw_APCP_SFC_0_latlon0p5x0p5_2026080700_P096_allmbrs.grib2
GEPS,2026-08-07T00:00:00+00:00,96,5,upper_lake_chain_isle_lac_ste_anne,,CMC_geps-raw_APCP_SFC_0_latlon0p5x0p5_2026080700_P096_allmbrs.grib2
GEPS,2026-08-07T00:00:00+00:00,96,6,basin_to_05EA002,9.399999618530273,CMC_geps-raw_APCP_SFC_0_latlon0p5x0p5_2026080700_P096_allmbrs.grib2
GEPS,2026-08-07T00:00:00+00:00,96,6,lower_incremental_05EA005_to_05EA002,9.399999618530273,CMC_geps-raw_APCP_SFC_0_latlon0p5x0p5_2026080700_P096_allmbrs.grib2
GEPS,2026-08-07T00:00:00+00:00,96,6,upper_lake_chain_isle_lac_ste_anne,,CMC_geps-raw_APCP_SFC_0_latlon0p5x0p5_2026080700_P096_allmbrs.grib2
GEPS,2026-08-07T00:00:00+00:00,96,7,basin_to_05EA002,26.3799991607666,CMC_geps-raw_APCP_SFC_0_latlon0p5x0p5_2026080700_P096_allmbrs.grib2
GEPS,2026-08-07T00:00:00+00:00,96,7,lower_incremental_05EA005_to_05EA002,26.3799991607666,CMC_geps-raw_APCP_SFC_0_latlon0p5x0p5_2026080700_P096_allmbrs.grib2
GEPS,2026-08-07T00:00:00+00:00,96,7,upper_lake_chain_isle_lac_ste_anne,,CMC_geps-raw_APCP_SFC_0_latlon0p5x0p5_2026080700_P096_allmbrs.grib2
GEPS,2026-08-07T00:00:00+00:00,96,8,basin_to_05EA002,28.837499618530273,CMC_geps-raw_APCP_SFC_0_latlon0p5x0p5_2026080700_P096_allmbrs.grib2
GEPS,2026-08-07T00:00:00+00:00,96,8,lower_incremental_05EA005_to_05EA002,28.837499618530273,CMC_geps-raw_APCP_SFC_0_latlon0p5x0p5_2026080700_P096_allmbrs.grib2
GEPS,2026-08-07T00:00:00+00:00,96,8,upper_lake_chain_isle_lac_ste_anne,,CMC_geps-raw_APCP_SFC_0_latlon0p5x0p5_2026080700_P096_allmbrs.grib2
GEPS,2026-08-07T00:00:00+00:00,96,9,basin_to_05EA002,13.429999351501465,CMC_geps-raw_APCP_SFC_0_latlon0p5x0p5_2026080700_P096_allmbrs.grib2
GEPS,2026-08-07T00:00:00+00:00,96,9,lower_incremental_05EA005_to_05EA002,13.429999351501465,CMC_geps-raw_APCP_SFC_0_latlon0p5x0p5_2026080700_P096_allmbrs.grib2
GEPS,2026-08-07T00:00:00+00:00,96,9,upper_lake_chain_isle_lac_ste_anne,,CMC_geps-raw_APCP_SFC_0_latlon0p5x0p5_2026080700_P096_allmbrs.grib2
GEPS,2026-08-07T00:00:00+00:00,96,10,basin_to_05EA002,11.639999389648438,CMC_geps-raw_APCP_SFC_0_latlon0p5x0p5_2026080700_P096_allmbrs.grib2
GEPS,2026-08-07T00:00:00+00:00,96,10,lower_incremental_05EA005_to_05EA002,11.639999389648438,CMC_geps-raw_APCP_SFC_0_latlon0p5x0p5_2026080700_P096_allmbrs.grib2
GEPS,2026-08-07T00:00:00+00:00,96,10,upper_lake_chain_isle_lac_ste_anne,,CMC_geps-raw_APCP_SFC_0_latlon0p5x0p5_2026080700_P096_allmbrs.grib2
GEPS,2026-08-07T00:00:00+00:00,96,11,basin_to_05EA002,26.31999969482422,CMC_geps-raw_APCP_SFC_0_latlon0p5x0p5_2026080700_P096_allmbrs.grib2
GEPS,2026-08-07T00:00:00+00:00,96,11,lower_incremental_05EA005_to_05EA002,26.31999969482422,CMC_geps-raw_APCP_SFC_0_latlon0p5x0p5_2026080700_P096_allmbrs.grib2
GEPS,2026-08-07T00:00:00+00:00,96,11,upper_lake_chain_isle_lac_ste_anne,,CMC_geps-raw_APCP_SFC_0_latlon0p5x0p5_2026080700_P096_allmbrs.grib2
GEPS,2026-08-07T00:00:00+00:00,96,12,basin_to_05EA002,43.59000015258789,CMC_geps-raw_APCP_SFC_0_latlon0p5x0p5_2026080700_P096_allmbrs.grib2
GEPS,2026-08-07T00:00:00+00:00,96,12,lower_incremental_05EA005_to_05EA002,43.59000015258789,CMC_geps-raw_APCP_SFC_0_latlon0p5x0p5_2026080700_P096_allmbrs.grib2
GEPS,2026-08-07T00:00:00+00:00,96,12,upper_lake_chain_isle_lac_ste_anne,,CMC_geps-raw_APCP_SFC_0_latlon0p5x0p5_2026080700_P096_allmbrs.grib2
GEPS,2026-08-07T00:00:00+00:00,96,13,basin_to_05EA002,14.52500057220459,CMC_geps-raw_APCP_SFC_0_latlon0p5x0p5_2026080700_P096_allmbrs.grib2
GEPS,2026-08-07T00:00:00+00:00,96,13,lower_incremental_05EA005_to_05EA002,14.52500057220459,CMC_geps-raw_APCP_SFC_0_latlon0p5x0p5_2026080700_P096_allmbrs.grib2
GEPS,2026-08-07T00:00:00+00:00,96,13,upper_lake_chain_isle_lac_ste_anne,,CMC_geps-raw_APCP_SFC_0_latlon0p5x0p5_2026080700_P096_allmbrs.grib2
GEPS,2026-08-07T00:00:00+00:00,96,14,basin_to_05EA002,35.130001068115234,CMC_geps-raw_APCP_SFC_0_latlon0p5x0p5_2026080700_P096_allmbrs.grib2
GEPS,2026-08-07T00:00:00+00:00,96,14,lower_incremental_05EA005_to_05EA002,35.130001068115234,CMC_geps-raw_APCP_SFC_0_latlon0p5x0p5_2026080700_P096_allmbrs.grib2
GEPS,2026-08-07T00:00:00+00:00,96,14,upper_lake_chain_isle_lac_ste_anne,,CMC_geps-raw_APCP_SFC_0_latlon0p5x0p5_2026080700_P096_allmbrs.grib2
GEPS,2026-08-07T00:00:00+00:00,96,15,basin_to_05EA002,8.34999942779541,CMC_geps-raw_APCP_SFC_0_latlon0p5x0p5_2026080700_P096_allmbrs.grib2
GEPS,2026-08-07T00:00:00+00:00,96,15,lower_incremental_05EA005_to_05EA002,8.34999942779541,CMC_geps-raw_APCP_SFC_0_latlon0p5x0p5_2026080700_P096_allmbrs.grib2
GEPS,2026-08-07T00:00:00+00:00,96,15,upper_lake_chain_isle_lac_ste_anne,,CMC_geps-raw_APCP_SFC_0_latlon0p5x0p5_2026080700_P096_allmbrs.grib2
GEPS,2026-08-07T00:00:00+00:00,96,16,basin_to_05EA002,15.65999984741211,CMC_geps-raw_APCP_SFC_0_latlon0p5x0p5_2026080700_P096_allmbrs.grib2
GEPS,2026-08-07T00:00:00+00:00,96,16,lower_incremental_05EA005_to_05EA002,15.65999984741211,CMC_geps-raw_APCP_SFC_0_latlon0p5x0p5_2026080700_P096_allmbrs.grib2
GEPS,2026-08-07T00:00:00+00:00,96,16,upper_lake_chain_isle_lac_ste_anne,,CMC_geps-raw_APCP_SFC_0_latlon0p5x0p5_2026080700_P096_allmbrs.grib2
GEPS,2026-08-07T00:00:00+00:00,96,17,basin_to_05EA002,5.679999828338623,CMC_geps-raw_APCP_SFC_0_latlon0p5x0p5_2026080700_P096_allmbrs.grib2
GEPS,2026-08-07T00:00:00+00:00,96,17,lower_incremental_05EA005_to_05EA002,5.679999828338623,CMC_geps-raw_APCP_SFC_0_latlon0p5x0p5_2026080700_P096_allmbrs.grib2
GEPS,2026-08-07T00:00:00+00:00,96,17,upper_lake_chain_isle_lac_ste_anne,,CMC_geps-raw_APCP_SFC_0_latlon0p5x0p5_2026080700_P096_allmbrs.grib2
GEPS,2026-08-07T00:00:00+00:00,96,18,basin_to_05EA002,11.989999771118164,CMC_geps-raw_APCP_SFC_0_latlon0p5x0p5_2026080700_P096_allmbrs.grib2
GEPS,2026-08-07T00:00:00+00:00,96,18,lower_incremental_05EA005_to_05EA002,11.989999771118164,CMC_geps-raw_APCP_SFC_0_latlon0p5x0p5_2026080700_P096_allmbrs.grib2
GEPS,2026-08-07T00:00:00+00:00,96,18,upper_lake_chain_isle_lac_ste_anne,,CMC_geps-raw_APCP_SFC_0_latlon0p5x0p5_2026080700_P096_allmbrs.grib2
GEPS,2026-08-07T00:00:00+00:00,96,19,basin_to_05EA002,9.170000076293945,CMC_geps-raw_APCP_SFC_0_latlon0p5x0p5_2026080700_P096_allmbrs.grib2
GEPS,2026-08-07T00:00:00+00:00,96,19,lower_incremental_05EA005_to_05EA002,9.170000076293945,CMC_geps-raw_APCP_SFC_0_latlon0p5x0p5_2026080700_P096_allmbrs.grib2
GEPS,2026-08-07T00:00:00+00:00,96,19,upper_lake_chain_isle_lac_ste_anne,,CMC_geps-raw_APCP_SFC_0_latlon0p5x0p5_2026080700_P096_allmbrs.grib2
GEPS,2026-08-07T00:00:00+00:00,96,20,basin_to_05EA002,8.449999809265137,CMC_geps-raw_APCP_SFC_0_latlon0p5x0p5_2026080700_P096_allmbrs.grib2
GEPS,2026-08-07T00:00:00+00:00,96,20,lower_incremental_05EA005_to_05EA002,8.449999809265137,CMC_geps-raw_APCP_SFC_0_latlon0p5x0p5_2026080700_P096_allmbrs.grib2
GEPS,2026-08-07T00:00:00+00:00,96,20,upper_lake_chain_isle_lac_ste_anne,,CMC_geps-raw_APCP_SFC_0_latlon0p5x0p5_2026080700_P096_allmbrs.grib2
GEPS,2026-08-07T00:00:00+00:00,96,21,basin_to_05EA002,20.420000076293945,CMC_geps-raw_APCP_SFC_0_latlon0p5x0p5_2026080700_P096_allmbrs.grib2
GEPS,2026-08-07T00:00:00+00:00,96,21,lower_incremental_05EA005_to_05EA002,20.420000076293945,CMC_geps-raw_APCP_SFC_0_latlon0p5x0p5_2026080700_P096_allmbrs.grib2
GEPS,2026-08-07T00:00:00+00:00,96,21,upper_lake_chain_isle_lac_ste_anne,,CMC_geps-raw_APCP_SFC_0_latlon0p5x0p5_2026080700_P096_allmbrs.grib2
GEPS,2026-08-07T00:00:00+00:00,120,1,basin_to_05EA002,17.412500381469727,CMC_geps-raw_APCP_SFC_0_latlon0p5x0p5_2026080700_P120_allmbrs.grib2
GEPS,2026-08-07T00:00:00+00:00,120,1,lower_incremental_05EA005_to_05EA002,17.412500381469727,CMC_geps-raw_APCP_SFC_0_latlon0p5x0p5_2026080700_P120_allmbrs.grib2
GEPS,2026-08-07T00:00:00+00:00,120,1,upper_lake_chain_isle_lac_ste_anne,,CMC_geps-raw_APCP_SFC_0_latlon0p5x0p5_2026080700_P120_allmbrs.grib2
GEPS,2026-08-07T00:00:00+00:00,120,2,basin_to_05EA002,19.212499618530273,CMC_geps-raw_APCP_SFC_0_latlon0p5x0p5_2026080700_P120_allmbrs.grib2
GEPS,2026-08-07T00:00:00+00:00,120,2,lower_incremental_05EA005_to_05EA002,19.212499618530273,CMC_geps-raw_APCP_SFC_0_latlon0p5x0p5_2026080700_P120_allmbrs.grib2
GEPS,2026-08-07T00:00:00+00:00,120,2,upper_lake_chain_isle_lac_ste_anne,,CMC_geps-raw_APCP_SFC_0_latlon0p5x0p5_2026080700_P120_allmbrs.grib2
GEPS,2026-08-07T00:00:00+00:00,120,3,basin_to_05EA002,15.050000190734863,CMC_geps-raw_APCP_SFC_0_latlon0p5x0p5_2026080700_P120_allmbrs.grib2
GEPS,2026-08-07T00:00:00+00:00,120,3,lower_incremental_05EA005_to_05EA002,15.050000190734863,CMC_geps-raw_APCP_SFC_0_latlon0p5x0p5_2026080700_P120_allmbrs.grib2
GEPS,2026-08-07T00:00:00+00:00,120,3,upper_lake_chain_isle_lac_ste_anne,,CMC_geps-raw_APCP_SFC_0_latlon0p5x0p5_2026080700_P120_allmbrs.grib2
GEPS,2026-08-07T00:00:00+00:00,120,4,basin_to_05EA002,1.5099999904632568,CMC_geps-raw_APCP_SFC_0_latlon0p5x0p5_2026080700_P120_allmbrs.grib2
GEPS,2026-08-07T00:00:00+00:00,120,4,lower_incremental_05EA005_to_05EA002,1.5099999904632568,CMC_geps-raw_APCP_SFC_0_latlon0p5x0p5_2026080700_P120_allmbrs.grib2
GEPS,2026-08-07T00:00:00+00:00,120,4,upper_lake_chain_isle_lac_ste_anne,,CMC_geps-raw_APCP_SFC_0_latlon0p5x0p5_2026080700_P120_allmbrs.grib2
GEPS,2026-08-07T00:00:00+00:00,120,5,basin_to_05EA002,9.925000190734863,CMC_geps-raw_APCP_SFC_0_latlon0p5x0p5_2026080700_P120_allmbrs.grib2
GEPS,2026-08-07T00:00:00+00:00,120,5,lower_incremental_05EA005_to_05EA002,9.925000190734863,CMC_geps-raw_APCP_SFC_0_latlon0p5x0p5_2026080700_P120_allmbrs.grib2
GEPS,2026-08-07T00:00:00+00:00,120,5,upper_lake_chain_isle_lac_ste_anne,,CMC_geps-raw_APCP_SFC_0_latlon0p5x0p5_2026080700_P120_allmbrs.grib2
GEPS,2026-08-07T00:00:00+00:00,120,6,basin_to_05EA002,9.399999618530273,CMC_geps-raw_APCP_SFC_0_latlon0p5x0p5_2026080700_P120_allmbrs.grib2
GEPS,2026-08-07T00:00:00+00:00,120,6,lower_incremental_05EA005_to_05EA002,9.399999618530273,CMC_geps-raw_APCP_SFC_0_latlon0p5x0p5_2026080700_P120_allmbrs.grib2
GEPS,2026-08-07T00:00:00+00:00,120,6,upper_lake_chain_isle_lac_ste_anne,,CMC_geps-raw_APCP_SFC_0_latlon0p5x0p5_2026080700_P120_allmbrs.grib2
GEPS,2026-08-07T00:00:00+00:00,120,7,basin_to_05EA002,26.399999618530273,CMC_geps-raw_APCP_SFC_0_latlon0p5x0p5_2026080700_P120_allmbrs.grib2
GEPS,2026-08-07T00:00:00+00:00,120,7,lower_incremental_05EA005_to_05EA002,26.399999618530273,CMC_geps-raw_APCP_SFC_0_latlon0p5x0p5_2026080700_P120_allmbrs.grib2
GEPS,2026-08-07T00:00:00+00:00,120,7,upper_lake_chain_isle_lac_ste_anne,,CMC_geps-raw_APCP_SFC_0_latlon0p5x0p5_2026080700_P120_allmbrs.grib2
GEPS,2026-08-07T00:00:00+00:00,120,8,basin_to_05EA002,32.72500228881836,CMC_geps-raw_APCP_SFC_0_latlon0p5x0p5_2026080700_P120_allmbrs.grib2
GEPS,2026-08-07T00:00:00+00:00,120,8,lower_incremental_05EA005_to_05EA002,32.72500228881836,CMC_geps-raw_APCP_SFC_0_latlon0p5x0p5_2026080700_P120_allmbrs.grib2
GEPS,2026-08-07T00:00:00+00:00,120,8,upper_lake_chain_isle_lac_ste_anne,,CMC_geps-raw_APCP_SFC_0_latlon0p5x0p5_2026080700_P120_allmbrs.grib2
GEPS,2026-08-07T00:00:00+00:00,120,9,basin_to_05EA002,13.489999771118164,CMC_geps-raw_APCP_SFC_0_latlon0p5x0p5_2026080700_P120_allmbrs.grib2
GEPS,2026-08-07T00:00:00+00:00,120,9,lower_incremental_05EA005_to_05EA002,13.489999771118164,CMC_geps-raw_APCP_SFC_0_latlon0p5x0p5_2026080700_P120_allmbrs.grib2
GEPS,2026-08-07T00:00:00+00:00,120,9,upper_lake_chain_isle_lac_ste_anne,,CMC_geps-raw_APCP_SFC_0_latlon0p5x0p5_2026080700_P120_allmbrs.grib2
GEPS,2026-08-07T00:00:00+00:00,120,10,basin_to_05EA002,11.737500190734863,CMC_geps-raw_APCP_SFC_0_latlon0p5x0p5_2026080700_P120_allmbrs.grib2
GEPS,2026-08-07T00:00:00+00:00,120,10,lower_incremental_05EA005_to_05EA002,11.737500190734863,CMC_geps-raw_APCP_SFC_0_latlon0p5x0p5_2026080700_P120_allmbrs.grib2
GEPS,2026-08-07T00:00:00+00:00,120,10,upper_lake_chain_isle_lac_ste_anne,,CMC_geps-raw_APCP_SFC_0_latlon0p5x0p5_2026080700_P120_allmbrs.grib2
GEPS,2026-08-07T00:00:00+00:00,120,11,basin_to_05EA002,26.350000381469727,CMC_geps-raw_APCP_SFC_0_latlon0p5x0p5_2026080700_P120_allmbrs.grib2
GEPS,2026-08-07T00:00:00+00:00,120,11,lower_incremental_05EA005_to_05EA002,26.350000381469727,CMC_geps-raw_APCP_SFC_0_latlon0p5x0p5_2026080700_P120_allmbrs.grib2
GEPS,2026-08-07T00:00:00+00:00,120,11,upper_lake_chain_isle_lac_ste_anne,,CMC_geps-raw_APCP_SFC_0_latlon0p5x0p5_2026080700_P120_allmbrs.grib2
GEPS,2026-08-07T00:00:00+00:00,120,12,basin_to_05EA002,46.62999725341797,CMC_geps-raw_APCP_SFC_0_latlon0p5x0p5_2026080700_P120_allmbrs.grib2
GEPS,2026-08-07T00:00:00+00:00,120,12,lower_incremental_05EA005_to_05EA002,46.62999725341797,CMC_geps-raw_APCP_SFC_0_latlon0p5x0p5_2026080700_P120_allmbrs.grib2
GEPS,2026-08-07T00:00:00+00:00,120,12,upper_lake_chain_isle_lac_ste_anne,,CMC_geps-raw_APCP_SFC_0_latlon0p5x0p5_2026080700_P120_allmbrs.grib2
GEPS,2026-08-07T00:00:00+00:00,120,13,basin_to_05EA002,14.537500381469727,CMC_geps-raw_APCP_SFC_0_latlon0p5x0p5_2026080700_P120_allmbrs.grib2
GEPS,2026-08-07T00:00:00+00:00,120,13,lower_incremental_05EA005_to_05EA002,14.537500381469727,CMC_geps-raw_APCP_SFC_0_latlon0p5x0p5_2026080700_P120_allmbrs.grib2
GEPS,2026-08-07T00:00:00+00:00,120,13,upper_lake_chain_isle_lac_ste_anne,,CMC_geps-raw_APCP_SFC_0_latlon0p5x0p5_2026080700_P120_allmbrs.grib2
GEPS,2026-08-07T00:00:00+00:00,120,14,basin_to_05EA002,35.689998626708984,CMC_geps-raw_APCP_SFC_0_latlon0p5x0p5_2026080700_P120_allmbrs.grib2
GEPS,2026-08-07T00:00:00+00:00,120,14,lower_incremental_05EA005_to_05EA002,35.689998626708984,CMC_geps-raw_APCP_SFC_0_latlon0p5x0p5_2026080700_P120_allmbrs.grib2
GEPS,2026-08-07T00:00:00+00:00,120,14,upper_lake_chain_isle_lac_ste_anne,,CMC_geps-raw_APCP_SFC_0_latlon0p5x0p5_2026080700_P120_allmbrs.grib2
GEPS,2026-08-07T00:00:00+00:00,120,15,basin_to_05EA002,8.350000381469727,CMC_geps-raw_APCP_SFC_0_latlon0p5x0p5_2026080700_P120_allmbrs.grib2
GEPS,2026-08-07T00:00:00+00:00,120,15,lower_incremental_05EA005_to_05EA002,8.350000381469727,CMC_geps-raw_APCP_SFC_0_latlon0p5x0p5_2026080700_P120_allmbrs.grib2
GEPS,2026-08-07T00:00:00+00:00,120,15,upper_lake_chain_isle_lac_ste_anne,,CMC_geps-raw_APCP_SFC_0_latlon0p5x0p5_2026080700_P120_allmbrs.grib2
GEPS,2026-08-07T00:00:00+00:00,120,16,basin_to_05EA002,28.459999084472656,CMC_geps-raw_APCP_SFC_0_latlon0p5x0p5_2026080700_P120_allmbrs.grib2
GEPS,2026-08-07T00:00:00+00:00,120,16,lower_incremental_05EA005_to_05EA002,28.459999084472656,CMC_geps-raw_APCP_SFC_0_latlon0p5x0p5_2026080700_P120_allmbrs.grib2
GEPS,2026-08-07T00:00:00+00:00,120,16,upper_lake_chain_isle_lac_ste_anne,,CMC_geps-raw_APCP_SFC_0_latlon0p5x0p5_2026080700_P120_allmbrs.grib2
GEPS,2026-08-07T00:00:00+00:00,120,17,basin_to_05EA002,6.259999752044678,CMC_geps-raw_APCP_SFC_0_latlon0p5x0p5_2026080700_P120_allmbrs.grib2
GEPS,2026-08-07T00:00:00+00:00,120,17,lower_incremental_05EA005_to_05EA002,6.259999752044678,CMC_geps-raw_APCP_SFC_0_latlon0p5x0p5_2026080700_P120_allmbrs.grib2
GEPS,2026-08-07T00:00:00+00:00,120,17,upper_lake_chain_isle_lac_ste_anne,,CMC_geps-raw_APCP_SFC_0_latlon0p5x0p5_2026080700_P120_allmbrs.grib2
GEPS,2026-08-07T00:00:00+00:00,120,18,basin_to_05EA002,15.469999313354492,CMC_geps-raw_APCP_SFC_0_latlon0p5x0p5_2026080700_P120_allmbrs.grib2
GEPS,2026-08-07T00:00:00+00:00,120,18,lower_incremental_05EA005_to_05EA002,15.469999313354492,CMC_geps-raw_APCP_SFC_0_latlon0p5x0p5_2026080700_P120_allmbrs.grib2
GEPS,2026-08-07T00:00:00+00:00,120,18,upper_lake_chain_isle_lac_ste_anne,,CMC_geps-raw_APCP_SFC_0_latlon0p5x0p5_2026080700_P120_allmbrs.grib2
GEPS,2026-08-07T00:00:00+00:00,120,19,basin_to_05EA002,9.229999542236328,CMC_geps-raw_APCP_SFC_0_latlon0p5x0p5_2026080700_P120_allmbrs.grib2
GEPS,2026-08-07T00:00:00+00:00,120,19,lower_incremental_05EA005_to_05EA002,9.229999542236328,CMC_geps-raw_APCP_SFC_0_latlon0p5x0p5_2026080700_P120_allmbrs.grib2
GEPS,2026-08-07T00:00:00+00:00,120,19,upper_lake_chain_isle_lac_ste_anne,,CMC_geps-raw_APCP_SFC_0_latlon0p5x0p5_2026080700_P120_allmbrs.grib2
GEPS,2026-08-07T00:00:00+00:00,120,20,basin_to_05EA002,15.8125,CMC_geps-raw_APCP_SFC_0_latlon0p5x0p5_2026080700_P120_allmbrs.grib2
GEPS,2026-08-07T00:00:00+00:00,120,20,lower_incremental_05EA005_to_05EA002,15.8125,CMC_geps-raw_APCP_SFC_0_latlon0p5x0p5_2026080700_P120_allmbrs.grib2
GEPS,2026-08-07T00:00:00+00:00,120,20,upper_lake_chain_isle_lac_ste_anne,,CMC_geps-raw_APCP_SFC_0_latlon0p5x0p5_2026080700_P120_allmbrs.grib2
GEPS,2026-08-07T00:00:00+00:00,120,21,basin_to_05EA002,20.719999313354492,CMC_geps-raw_APCP_SFC_0_latlon0p5x0p5_2026080700_P120_allmbrs.grib2
GEPS,2026-08-07T00:00:00+00:00,120,21,lower_incremental_05EA005_to_05EA002,20.719999313354492,CMC_geps-raw_APCP_SFC_0_latlon0p5x0p5_2026080700_P120_allmbrs.grib2
GEPS,2026-08-07T00:00:00+00:00,120,21,upper_lake_chain_isle_lac_ste_anne,,CMC_geps-raw_APCP_SFC_0_latlon0p5x0p5_2026080700_P120_allmbrs.grib2
GEPS,2026-08-07T00:00:00+00:00,144,1,basin_to_05EA002,17.412500381469727,CMC_geps-raw_APCP_SFC_0_latlon0p5x0p5_2026080700_P144_allmbrs.grib2
GEPS,2026-08-07T00:00:00+00:00,144,1,lower_incremental_05EA005_to_05EA002,17.412500381469727,CMC_geps-raw_APCP_SFC_0_latlon0p5x0p5_2026080700_P144_allmbrs.grib2
GEPS,2026-08-07T00:00:00+00:00,144,1,upper_lake_chain_isle_lac_ste_anne,,CMC_geps-raw_APCP_SFC_0_latlon0p5x0p5_2026080700_P144_allmbrs.grib2
GEPS,2026-08-07T00:00:00+00:00,144,2,basin_to_05EA002,19.200000762939453,CMC_geps-raw_APCP_SFC_0_latlon0p5x0p5_2026080700_P144_allmbrs.grib2
GEPS,2026-08-07T00:00:00+00:00,144,2,lower_incremental_05EA005_to_05EA002,19.200000762939453,CMC_geps-raw_APCP_SFC_0_latlon0p5x0p5_2026080700_P144_allmbrs.grib2
GEPS,2026-08-07T00:00:00+00:00,144,2,upper_lake_chain_isle_lac_ste_anne,,CMC_geps-raw_APCP_SFC_0_latlon0p5x0p5_2026080700_P144_allmbrs.grib2
GEPS,2026-08-07T00:00:00+00:00,144,3,basin_to_05EA002,15.5,CMC_geps-raw_APCP_SFC_0_latlon0p5x0p5_2026080700_P144_allmbrs.grib2
GEPS,2026-08-07T00:00:00+00:00,144,3,lower_incremental_05EA005_to_05EA002,15.5,CMC_geps-raw_APCP_SFC_0_latlon0p5x0p5_2026080700_P144_allmbrs.grib2
GEPS,2026-08-07T00:00:00+00:00,144,3,upper_lake_chain_isle_lac_ste_anne,,CMC_geps-raw_APCP_SFC_0_latlon0p5x0p5_2026080700_P144_allmbrs.grib2
GEPS,2026-08-07T00:00:00+00:00,144,4,basin_to_05EA002,1.5125000476837158,CMC_geps-raw_APCP_SFC_0_latlon0p5x0p5_2026080700_P144_allmbrs.grib2
GEPS,2026-08-07T00:00:00+00:00,144,4,lower_incremental_05EA005_to_05EA002,1.5125000476837158,CMC_geps-raw_APCP_SFC_0_latlon0p5x0p5_2026080700_P144_allmbrs.grib2
GEPS,2026-08-07T00:00:00+00:00,144,4,upper_lake_chain_isle_lac_ste_anne,,CMC_geps-raw_APCP_SFC_0_latlon0p5x0p5_2026080700_P144_allmbrs.grib2
GEPS,2026-08-07T00:00:00+00:00,144,5,basin_to_05EA002,10.324999809265137,CMC_geps-raw_APCP_SFC_0_latlon0p5x0p5_2026080700_P144_allmbrs.grib2
GEPS,2026-08-07T00:00:00+00:00,144,5,lower_incremental_05EA005_to_05EA002,10.324999809265137,CMC_geps-raw_APCP_SFC_0_latlon0p5x0p5_2026080700_P144_allmbrs.grib2
GEPS,2026-08-07T00:00:00+00:00,144,5,upper_lake_chain_isle_lac_ste_anne,,CMC_geps-raw_APCP_SFC_0_latlon0p5x0p5_2026080700_P144_allmbrs.grib2
GEPS,2026-08-07T00:00:00+00:00,144,6,basin_to_05EA002,9.569999694824219,CMC_geps-raw_APCP_SFC_0_latlon0p5x0p5_2026080700_P144_allmbrs.grib2
GEPS,2026-08-07T00:00:00+00:00,144,6,lower_incremental_05EA005_to_05EA002,9.569999694824219,CMC_geps-raw_APCP_SFC_0_latlon0p5x0p5_2026080700_P144_allmbrs.grib2
GEPS,2026-08-07T00:00:00+00:00,144,6,upper_lake_chain_isle_lac_ste_anne,,CMC_geps-raw_APCP_SFC_0_latlon0p5x0p5_2026080700_P144_allmbrs.grib2
GEPS,2026-08-07T00:00:00+00:00,144,7,basin_to_05EA002,26.725000381469727,CMC_geps-raw_APCP_SFC_0_latlon0p5x0p5_2026080700_P144_allmbrs.grib2
GEPS,2026-08-07T00:00:00+00:00,144,7,lower_incremental_05EA005_to_05EA002,26.725000381469727,CMC_geps-raw_APCP_SFC_0_latlon0p5x0p5_2026080700_P144_allmbrs.grib2
GEPS,2026-08-07T00:00:00+00:00,144,7,upper_lake_chain_isle_lac_ste_anne,,CMC_geps-raw_APCP_SFC_0_latlon0p5x0p5_2026080700_P144_allmbrs.grib2
GEPS,2026-08-07T00:00:00+00:00,144,8,basin_to_05EA002,32.72500228881836,CMC_geps-raw_APCP_SFC_0_latlon0p5x0p5_2026080700_P144_allmbrs.grib2
GEPS,2026-08-07T00:00:00+00:00,144,8,lower_incremental_05EA005_to_05EA002,32.72500228881836,CMC_geps-raw_APCP_SFC_0_latlon0p5x0p5_2026080700_P144_allmbrs.grib2
GEPS,2026-08-07T00:00:00+00:00,144,8,upper_lake_chain_isle_lac_ste_anne,,CMC_geps-raw_APCP_SFC_0_latlon0p5x0p5_2026080700_P144_allmbrs.grib2
GEPS,2026-08-07T00:00:00+00:00,144,9,basin_to_05EA002,13.489999771118164,CMC_geps-raw_APCP_SFC_0_latlon0p5x0p5_2026080700_P144_allmbrs.grib2
GEPS,2026-08-07T00:00:00+00:00,144,9,lower_incremental_05EA005_to_05EA002,13.489999771118164,CMC_geps-raw_APCP_SFC_0_latlon0p5x0p5_2026080700_P144_allmbrs.grib2
GEPS,2026-08-07T00:00:00+00:00,144,9,upper_lake_chain_isle_lac_ste_anne,,CMC_geps-raw_APCP_SFC_0_latlon0p5x0p5_2026080700_P144_allmbrs.grib2
GEPS,2026-08-07T00:00:00+00:00,144,10,basin_to_05EA002,11.737500190734863,CMC_geps-raw_APCP_SFC_0_latlon0p5x0p5_2026080700_P144_allmbrs.grib2
GEPS,2026-08-07T00:00:00+00:00,144,10,lower_incremental_05EA005_to_05EA002,11.737500190734863,CMC_geps-raw_APCP_SFC_0_latlon0p5x0p5_2026080700_P144_allmbrs.grib2
GEPS,2026-08-07T00:00:00+00:00,144,10,upper_lake_chain_isle_lac_ste_anne,,CMC_geps-raw_APCP_SFC_0_latlon0p5x0p5_2026080700_P144_allmbrs.grib2
GEPS,2026-08-07T00:00:00+00:00,144,11,basin_to_05EA002,26.55000114440918,CMC_geps-raw_APCP_SFC_0_latlon0p5x0p5_2026080700_P144_allmbrs.grib2
GEPS,2026-08-07T00:00:00+00:00,144,11,lower_incremental_05EA005_to_05EA002,26.55000114440918,CMC_geps-raw_APCP_SFC_0_latlon0p5x0p5_2026080700_P144_allmbrs.grib2
GEPS,2026-08-07T00:00:00+00:00,144,11,upper_lake_chain_isle_lac_ste_anne,,CMC_geps-raw_APCP_SFC_0_latlon0p5x0p5_2026080700_P144_allmbrs.grib2
GEPS,2026-08-07T00:00:00+00:00,144,12,basin_to_05EA002,50.13999938964844,CMC_geps-raw_APCP_SFC_0_latlon0p5x0p5_2026080700_P144_allmbrs.grib2
GEPS,2026-08-07T00:00:00+00:00,144,12,lower_incremental_05EA005_to_05EA002,50.13999938964844,CMC_geps-raw_APCP_SFC_0_latlon0p5x0p5_2026080700_P144_allmbrs.grib2
GEPS,2026-08-07T00:00:00+00:00,144,12,upper_lake_chain_isle_lac_ste_anne,,CMC_geps-raw_APCP_SFC_0_latlon0p5x0p5_2026080700_P144_allmbrs.grib2
GEPS,2026-08-07T00:00:00+00:00,144,13,basin_to_05EA002,14.71250057220459,CMC_geps-raw_APCP_SFC_0_latlon0p5x0p5_2026080700_P144_allmbrs.grib2
GEPS,2026-08-07T00:00:00+00:00,144,13,lower_incremental_05EA005_to_05EA002,14.71250057220459,CMC_geps-raw_APCP_SFC_0_latlon0p5x0p5_2026080700_P144_allmbrs.grib2
GEPS,2026-08-07T00:00:00+00:00,144,13,upper_lake_chain_isle_lac_ste_anne,,CMC_geps-raw_APCP_SFC_0_latlon0p5x0p5_2026080700_P144_allmbrs.grib2
GEPS,2026-08-07T00:00:00+00:00,144,14,basin_to_05EA002,36.98749923706055,CMC_geps-raw_APCP_SFC_0_latlon0p5x0p5_2026080700_P144_allmbrs.grib2
GEPS,2026-08-07T00:00:00+00:00,144,14,lower_incremental_05EA005_to_05EA002,36.98749923706055,CMC_geps-raw_APCP_SFC_0_latlon0p5x0p5_2026080700_P144_allmbrs.grib2
GEPS,2026-08-07T00:00:00+00:00,144,14,upper_lake_chain_isle_lac_ste_anne,,CMC_geps-raw_APCP_SFC_0_latlon0p5x0p5_2026080700_P144_allmbrs.grib2
GEPS,2026-08-07T00:00:00+00:00,144,15,basin_to_05EA002,8.975000381469727,CMC_geps-raw_APCP_SFC_0_latlon0p5x0p5_2026080700_P144_allmbrs.grib2
GEPS,2026-08-07T00:00:00+00:00,144,15,lower_incremental_05EA005_to_05EA002,8.975000381469727,CMC_geps-raw_APCP_SFC_0_latlon0p5x0p5_2026080700_P144_allmbrs.grib2
GEPS,2026-08-07T00:00:00+00:00,144,15,upper_lake_chain_isle_lac_ste_anne,,CMC_geps-raw_APCP_SFC_0_latlon0p5x0p5_2026080700_P144_allmbrs.grib2
GEPS,2026-08-07T00:00:00+00:00,144,16,basin_to_05EA002,51.0,CMC_geps-raw_APCP_SFC_0_latlon0p5x0p5_2026080700_P144_allmbrs.grib2
GEPS,2026-08-07T00:00:00+00:00,144,16,lower_incremental_05EA005_to_05EA002,51.0,CMC_geps-raw_APCP_SFC_0_latlon0p5x0p5_2026080700_P144_allmbrs.grib2
GEPS,2026-08-07T00:00:00+00:00,144,16,upper_lake_chain_isle_lac_ste_anne,,CMC_geps-raw_APCP_SFC_0_latlon0p5x0p5_2026080700_P144_allmbrs.grib2
GEPS,2026-08-07T00:00:00+00:00,144,17,basin_to_05EA002,8.739999771118164,CMC_geps-raw_APCP_SFC_0_latlon0p5x0p5_2026080700_P144_allmbrs.grib2
GEPS,2026-08-07T00:00:00+00:00,144,17,lower_incremental_05EA005_to_05EA002,8.739999771118164,CMC_geps-raw_APCP_SFC_0_latlon0p5x0p5_2026080700_P144_allmbrs.grib2
GEPS,2026-08-07T00:00:00+00:00,144,17,upper_lake_chain_isle_lac_ste_anne,,CMC_geps-raw_APCP_SFC_0_latlon0p5x0p5_2026080700_P144_allmbrs.grib2
GEPS,2026-08-07T00:00:00+00:00,144,18,basin_to_05EA002,15.489999771118164,CMC_geps-raw_APCP_SFC_0_latlon0p5x0p5_2026080700_P144_allmbrs.grib2
GEPS,2026-08-07T00:00:00+00:00,144,18,lower_incremental_05EA005_to_05EA002,15.489999771118164,CMC_geps-raw_APCP_SFC_0_latlon0p5x0p5_2026080700_P144_allmbrs.grib2
GEPS,2026-08-07T00:00:00+00:00,144,18,upper_lake_chain_isle_lac_ste_anne,,CMC_geps-raw_APCP_SFC_0_latlon0p5x0p5_2026080700_P144_allmbrs.grib2
GEPS,2026-08-07T00:00:00+00:00,144,19,basin_to_05EA002,32.41250228881836,CMC_geps-raw_APCP_SFC_0_latlon0p5x0p5_2026080700_P144_allmbrs.grib2
GEPS,2026-08-07T00:00:00+00:00,144,19,lower_incremental_05EA005_to_05EA002,32.41250228881836,CMC_geps-raw_APCP_SFC_0_latlon0p5x0p5_2026080700_P144_allmbrs.grib2
GEPS,2026-08-07T00:00:00+00:00,144,19,upper_lake_chain_isle_lac_ste_anne,,CMC_geps-raw_APCP_SFC_0_latlon0p5x0p5_2026080700_P144_allmbrs.grib2
GEPS,2026-08-07T00:00:00+00:00,144,20,basin_to_05EA002,15.800000190734863,CMC_geps-raw_APCP_SFC_0_latlon0p5x0p5_2026080700_P144_allmbrs.grib2
GEPS,2026-08-07T00:00:00+00:00,144,20,lower_incremental_05EA005_to_05EA002,15.800000190734863,CMC_geps-raw_APCP_SFC_0_latlon0p5x0p5_2026080700_P144_allmbrs.grib2
GEPS,2026-08-07T00:00:00+00:00,144,20,upper_lake_chain_isle_lac_ste_anne,,CMC_geps-raw_APCP_SFC_0_latlon0p5x0p5_2026080700_P144_allmbrs.grib2
GEPS,2026-08-07T00:00:00+00:00,144,21,basin_to_05EA002,20.84000015258789,CMC_geps-raw_APCP_SFC_0_latlon0p5x0p5_2026080700_P144_allmbrs.grib2
GEPS,2026-08-07T00:00:00+00:00,144,21,lower_incremental_05EA005_to_05EA002,20.84000015258789,CMC_geps-raw_APCP_SFC_0_latlon0p5x0p5_2026080700_P144_allmbrs.grib2
GEPS,2026-08-07T00:00:00+00:00,144,21,upper_lake_chain_isle_lac_ste_anne,,CMC_geps-raw_APCP_SFC_0_latlon0p5x0p5_2026080700_P144_allmbrs.grib2
GEPS,2026-08-07T00:00:00+00:00,168,1,basin_to_05EA002,18.0,CMC_geps-raw_APCP_SFC_0_latlon0p5x0p5_2026080700_P168_allmbrs.grib2
GEPS,2026-08-07T00:00:00+00:00,168,1,lower_incremental_05EA005_to_05EA002,18.0,CMC_geps-raw_APCP_SFC_0_latlon0p5x0p5_2026080700_P168_allmbrs.grib2
GEPS,2026-08-07T00:00:00+00:00,168,1,upper_lake_chain_isle_lac_ste_anne,,CMC_geps-raw_APCP_SFC_0_latlon0p5x0p5_2026080700_P168_allmbrs.grib2
GEPS,2026-08-07T00:00:00+00:00,168,2,basin_to_05EA002,19.92500114440918,CMC_geps-raw_APCP_SFC_0_latlon0p5x0p5_2026080700_P168_allmbrs.grib2
GEPS,2026-08-07T00:00:00+00:00,168,2,lower_incremental_05EA005_to_05EA002,19.92500114440918,CMC_geps-raw_APCP_SFC_0_latlon0p5x0p5_2026080700_P168_allmbrs.grib2
GEPS,2026-08-07T00:00:00+00:00,168,2,upper_lake_chain_isle_lac_ste_anne,,CMC_geps-raw_APCP_SFC_0_latlon0p5x0p5_2026080700_P168_allmbrs.grib2
GEPS,2026-08-07T00:00:00+00:00,168,3,basin_to_05EA002,17.649999618530273,CMC_geps-raw_APCP_SFC_0_latlon0p5x0p5_2026080700_P168_allmbrs.grib2
GEPS,2026-08-07T00:00:00+00:00,168,3,lower_incremental_05EA005_to_05EA002,17.649999618530273,CMC_geps-raw_APCP_SFC_0_latlon0p5x0p5_2026080700_P168_allmbrs.grib2
GEPS,2026-08-07T00:00:00+00:00,168,3,upper_lake_chain_isle_lac_ste_anne,,CMC_geps-raw_APCP_SFC_0_latlon0p5x0p5_2026080700_P168_allmbrs.grib2
GEPS,2026-08-07T00:00:00+00:00,168,4,basin_to_05EA002,1.5125000476837158,CMC_geps-raw_APCP_SFC_0_latlon0p5x0p5_2026080700_P168_allmbrs.grib2
GEPS,2026-08-07T00:00:00+00:00,168,4,lower_incremental_05EA005_to_05EA002,1.5125000476837158,CMC_geps-raw_APCP_SFC_0_latlon0p5x0p5_2026080700_P168_allmbrs.grib2
GEPS,2026-08-07T00:00:00+00:00,168,4,upper_lake_chain_isle_lac_ste_anne,,CMC_geps-raw_APCP_SFC_0_latlon0p5x0p5_2026080700_P168_allmbrs.grib2
GEPS,2026-08-07T00:00:00+00:00,168,5,basin_to_05EA002,10.600000381469727,CMC_geps-raw_APCP_SFC_0_latlon0p5x0p5_2026080700_P168_allmbrs.grib2
GEPS,2026-08-07T00:00:00+00:00,168,5,lower_incremental_05EA005_to_05EA002,10.600000381469727,CMC_geps-raw_APCP_SFC_0_latlon0p5x0p5_2026080700_P168_allmbrs.grib2
GEPS,2026-08-07T00:00:00+00:00,168,5,upper_lake_chain_isle_lac_ste_anne,,CMC_geps-raw_APCP_SFC_0_latlon0p5x0p5_2026080700_P168_allmbrs.grib2
GEPS,2026-08-07T00:00:00+00:00,168,6,basin_to_05EA002,9.769999504089355,CMC_geps-raw_APCP_SFC_0_latlon0p5x0p5_2026080700_P168_allmbrs.grib2
GEPS,2026-08-07T00:00:00+00:00,168,6,lower_incremental_05EA005_to_05EA002,9.769999504089355,CMC_geps-raw_APCP_SFC_0_latlon0p5x0p5_2026080700_P168_allmbrs.grib2
GEPS,2026-08-07T00:00:00+00:00,168,6,upper_lake_chain_isle_lac_ste_anne,,CMC_geps-raw_APCP_SFC_0_latlon0p5x0p5_2026080700_P168_allmbrs.grib2
GEPS,2026-08-07T00:00:00+00:00,168,7,basin_to_05EA002,26.725000381469727,CMC_geps-raw_APCP_SFC_0_latlon0p5x0p5_2026080700_P168_allmbrs.grib2
GEPS,2026-08-07T00:00:00+00:00,168,7,lower_incremental_05EA005_to_05EA002,26.725000381469727,CMC_geps-raw_APCP_SFC_0_latlon0p5x0p5_2026080700_P168_allmbrs.grib2
GEPS,2026-08-07T00:00:00+00:00,168,7,upper_lake_chain_isle_lac_ste_anne,,CMC_geps-raw_APCP_SFC_0_latlon0p5x0p5_2026080700_P168_allmbrs.grib2
GEPS,2026-08-07T00:00:00+00:00,168,8,basin_to_05EA002,32.72500228881836,CMC_geps-raw_APCP_SFC_0_latlon0p5x0p5_2026080700_P168_allmbrs.grib2
GEPS,2026-08-07T00:00:00+00:00,168,8,lower_incremental_05EA005_to_05EA002,32.72500228881836,CMC_geps-raw_APCP_SFC_0_latlon0p5x0p5_2026080700_P168_allmbrs.grib2
GEPS,2026-08-07T00:00:00+00:00,168,8,upper_lake_chain_isle_lac_ste_anne,,CMC_geps-raw_APCP_SFC_0_latlon0p5x0p5_2026080700_P168_allmbrs.grib2
GEPS,2026-08-07T00:00:00+00:00,168,9,basin_to_05EA002,13.537500381469727,CMC_geps-raw_APCP_SFC_0_latlon0p5x0p5_2026080700_P168_allmbrs.grib2
GEPS,2026-08-07T00:00:00+00:00,168,9,lower_incremental_05EA005_to_05EA002,13.537500381469727,CMC_geps-raw_APCP_SFC_0_latlon0p5x0p5_2026080700_P168_allmbrs.grib2
GEPS,2026-08-07T00:00:00+00:00,168,9,upper_lake_chain_isle_lac_ste_anne,,CMC_geps-raw_APCP_SFC_0_latlon0p5x0p5_2026080700_P168_allmbrs.grib2
GEPS,2026-08-07T00:00:00+00:00,168,10,basin_to_05EA002,33.125,CMC_geps-raw_APCP_SFC_0_latlon0p5x0p5_2026080700_P168_allmbrs.grib2
GEPS,2026-08-07T00:00:00+00:00,168,10,lower_incremental_05EA005_to_05EA002,33.125,CMC_geps-raw_APCP_SFC_0_latlon0p5x0p5_2026080700_P168_allmbrs.grib2
GEPS,2026-08-07T00:00:00+00:00,168,10,upper_lake_chain_isle_lac_ste_anne,,CMC_geps-raw_APCP_SFC_0_latlon0p5x0p5_2026080700_P168_allmbrs.grib2
GEPS,2026-08-07T00:00:00+00:00,168,11,basin_to_05EA002,26.850000381469727,CMC_geps-raw_APCP_SFC_0_latlon0p5x0p5_2026080700_P168_allmbrs.grib2
GEPS,2026-08-07T00:00:00+00:00,168,11,lower_incremental_05EA005_to_05EA002,26.850000381469727,CMC_geps-raw_APCP_SFC_0_latlon0p5x0p5_2026080700_P168_allmbrs.grib2
GEPS,2026-08-07T00:00:00+00:00,168,11,upper_lake_chain_isle_lac_ste_anne,,CMC_geps-raw_APCP_SFC_0_latlon0p5x0p5_2026080700_P168_allmbrs.grib2
GEPS,2026-08-07T00:00:00+00:00,168,12,basin_to_05EA002,50.15999984741211,CMC_geps-raw_APCP_SFC_0_latlon0p5x0p5_2026080700_P168_allmbrs.grib2
GEPS,2026-08-07T00:00:00+00:00,168,12,lower_incremental_05EA005_to_05EA002,50.15999984741211,CMC_geps-raw_APCP_SFC_0_latlon0p5x0p5_2026080700_P168_allmbrs.grib2
GEPS,2026-08-07T00:00:00+00:00,168,12,upper_lake_chain_isle_lac_ste_anne,,CMC_geps-raw_APCP_SFC_0_latlon0p5x0p5_2026080700_P168_allmbrs.grib2
GEPS,2026-08-07T00:00:00+00:00,168,13,basin_to_05EA002,14.699999809265137,CMC_geps-raw_APCP_SFC_0_latlon0p5x0p5_2026080700_P168_allmbrs.grib2
GEPS,2026-08-07T00:00:00+00:00,168,13,lower_incremental_05EA005_to_05EA002,14.699999809265137,CMC_geps-raw_APCP_SFC_0_latlon0p5x0p5_2026080700_P168_allmbrs.grib2
GEPS,2026-08-07T00:00:00+00:00,168,13,upper_lake_chain_isle_lac_ste_anne,,CMC_geps-raw_APCP_SFC_0_latlon0p5x0p5_2026080700_P168_allmbrs.grib2
GEPS,2026-08-07T00:00:00+00:00,168,14,basin_to_05EA002,46.0,CMC_geps-raw_APCP_SFC_0_latlon0p5x0p5_2026080700_P168_allmbrs.grib2
GEPS,2026-08-07T00:00:00+00:00,168,14,lower_incremental_05EA005_to_05EA002,46.0,CMC_geps-raw_APCP_SFC_0_latlon0p5x0p5_2026080700_P168_allmbrs.grib2
GEPS,2026-08-07T00:00:00+00:00,168,14,upper_lake_chain_isle_lac_ste_anne,,CMC_geps-raw_APCP_SFC_0_latlon0p5x0p5_2026080700_P168_allmbrs.grib2
GEPS,2026-08-07T00:00:00+00:00,168,15,basin_to_05EA002,9.0,CMC_geps-raw_APCP_SFC_0_latlon0p5x0p5_2026080700_P168_allmbrs.grib2
GEPS,2026-08-07T00:00:00+00:00,168,15,lower_incremental_05EA005_to_05EA002,9.0,CMC_geps-raw_APCP_SFC_0_latlon0p5x0p5_2026080700_P168_allmbrs.grib2
GEPS,2026-08-07T00:00:00+00:00,168,15,upper_lake_chain_isle_lac_ste_anne,,CMC_geps-raw_APCP_SFC_0_latlon0p5x0p5_2026080700_P168_allmbrs.grib2
GEPS,2026-08-07T00:00:00+00:00,168,16,basin_to_05EA002,123.5,CMC_geps-raw_APCP_SFC_0_latlon0p5x0p5_2026080700_P168_allmbrs.grib2
GEPS,2026-08-07T00:00:00+00:00,168,16,lower_incremental_05EA005_to_05EA002,123.5,CMC_geps-raw_APCP_SFC_0_latlon0p5x0p5_2026080700_P168_allmbrs.grib2
GEPS,2026-08-07T00:00:00+00:00,168,16,upper_lake_chain_isle_lac_ste_anne,,CMC_geps-raw_APCP_SFC_0_latlon0p5x0p5_2026080700_P168_allmbrs.grib2
GEPS,2026-08-07T00:00:00+00:00,168,17,basin_to_05EA002,9.262499809265137,CMC_geps-raw_APCP_SFC_0_latlon0p5x0p5_2026080700_P168_allmbrs.grib2
GEPS,2026-08-07T00:00:00+00:00,168,17,lower_incremental_05EA005_to_05EA002,9.262499809265137,CMC_geps-raw_APCP_SFC_0_latlon0p5x0p5_2026080700_P168_allmbrs.grib2
GEPS,2026-08-07T00:00:00+00:00,168,17,upper_lake_chain_isle_lac_ste_anne,,CMC_geps-raw_APCP_SFC_0_latlon0p5x0p5_2026080700_P168_allmbrs.grib2
GEPS,2026-08-07T00:00:00+00:00,168,18,basin_to_05EA002,15.489999771118164,CMC_geps-raw_APCP_SFC_0_latlon0p5x0p5_2026080700_P168_allmbrs.grib2
GEPS,2026-08-07T00:00:00+00:00,168,18,lower_incremental_05EA005_to_05EA002,15.489999771118164,CMC_geps-raw_APCP_SFC_0_latlon0p5x0p5_2026080700_P168_allmbrs.grib2
GEPS,2026-08-07T00:00:00+00:00,168,18,upper_lake_chain_isle_lac_ste_anne,,CMC_geps-raw_APCP_SFC_0_latlon0p5x0p5_2026080700_P168_allmbrs.grib2
GEPS,2026-08-07T00:00:00+00:00,168,19,basin_to_05EA002,62.400001525878906,CMC_geps-raw_APCP_SFC_0_latlon0p5x0p5_2026080700_P168_allmbrs.grib2
GEPS,2026-08-07T00:00:00+00:00,168,19,lower_incremental_05EA005_to_05EA002,62.400001525878906,CMC_geps-raw_APCP_SFC_0_latlon0p5x0p5_2026080700_P168_allmbrs.grib2
GEPS,2026-08-07T00:00:00+00:00,168,19,upper_lake_chain_isle_lac_ste_anne,,CMC_geps-raw_APCP_SFC_0_latlon0p5x0p5_2026080700_P168_allmbrs.grib2
GEPS,2026-08-07T00:00:00+00:00,168,20,basin_to_05EA002,18.774999618530273,CMC_geps-raw_APCP_SFC_0_latlon0p5x0p5_2026080700_P168_allmbrs.grib2
GEPS,2026-08-07T00:00:00+00:00,168,20,lower_incremental_05EA005_to_05EA002,18.774999618530273,CMC_geps-raw_APCP_SFC_0_latlon0p5x0p5_2026080700_P168_allmbrs.grib2
GEPS,2026-08-07T00:00:00+00:00,168,20,upper_lake_chain_isle_lac_ste_anne,,CMC_geps-raw_APCP_SFC_0_latlon0p5x0p5_2026080700_P168_allmbrs.grib2
GEPS,2026-08-07T00:00:00+00:00,168,21,basin_to_05EA002,20.837499618530273,CMC_geps-raw_APCP_SFC_0_latlon0p5x0p5_2026080700_P168_allmbrs.grib2
GEPS,2026-08-07T00:00:00+00:00,168,21,lower_incremental_05EA005_to_05EA002,20.837499618530273,CMC_geps-raw_APCP_SFC_0_latlon0p5x0p5_2026080700_P168_allmbrs.grib2
GEPS,2026-08-07T00:00:00+00:00,168,21,upper_lake_chain_isle_lac_ste_anne,,CMC_geps-raw_APCP_SFC_0_latlon0p5x0p5_2026080700_P168_allmbrs.grib2
GEPS,2026-08-07T00:00:00+00:00,192,1,basin_to_05EA002,33.5,CMC_geps-raw_APCP_SFC_0_latlon0p5x0p5_2026080700_P192_allmbrs.grib2
GEPS,2026-08-07T00:00:00+00:00,192,1,lower_incremental_05EA005_to_05EA002,33.5,CMC_geps-raw_APCP_SFC_0_latlon0p5x0p5_2026080700_P192_allmbrs.grib2
GEPS,2026-08-07T00:00:00+00:00,192,1,upper_lake_chain_isle_lac_ste_anne,,CMC_geps-raw_APCP_SFC_0_latlon0p5x0p5_2026080700_P192_allmbrs.grib2
GEPS,2026-08-07T00:00:00+00:00,192,2,basin_to_05EA002,37.650001525878906,CMC_geps-raw_APCP_SFC_0_latlon0p5x0p5_2026080700_P192_allmbrs.grib2
GEPS,2026-08-07T00:00:00+00:00,192,2,lower_incremental_05EA005_to_05EA002,37.650001525878906,CMC_geps-raw_APCP_SFC_0_latlon0p5x0p5_2026080700_P192_allmbrs.grib2
GEPS,2026-08-07T00:00:00+00:00,192,2,upper_lake_chain_isle_lac_ste_anne,,CMC_geps-raw_APCP_SFC_0_latlon0p5x0p5_2026080700_P192_allmbrs.grib2
GEPS,2026-08-07T00:00:00+00:00,192,3,basin_to_05EA002,17.649999618530273,CMC_geps-raw_APCP_SFC_0_latlon0p5x0p5_2026080700_P192_allmbrs.grib2
GEPS,2026-08-07T00:00:00+00:00,192,3,lower_incremental_05EA005_to_05EA002,17.649999618530273,CMC_geps-raw_APCP_SFC_0_latlon0p5x0p5_2026080700_P192_allmbrs.grib2
GEPS,2026-08-07T00:00:00+00:00,192,3,upper_lake_chain_isle_lac_ste_anne,,CMC_geps-raw_APCP_SFC_0_latlon0p5x0p5_2026080700_P192_allmbrs.grib2
GEPS,2026-08-07T00:00:00+00:00,192,4,basin_to_05EA002,1.5,CMC_geps-raw_APCP_SFC_0_latlon0p5x0p5_2026080700_P192_allmbrs.grib2
GEPS,2026-08-07T00:00:00+00:00,192,4,lower_incremental_05EA005_to_05EA002,1.5,CMC_geps-raw_APCP_SFC_0_latlon0p5x0p5_2026080700_P192_allmbrs.grib2
GEPS,2026-08-07T00:00:00+00:00,192,4,upper_lake_chain_isle_lac_ste_anne,,CMC_geps-raw_APCP_SFC_0_latlon0p5x0p5_2026080700_P192_allmbrs.grib2
GEPS,2026-08-07T00:00:00+00:00,192,5,basin_to_05EA002,10.77500057220459,CMC_geps-raw_APCP_SFC_0_latlon0p5x0p5_2026080700_P192_allmbrs.grib2
GEPS,2026-08-07T00:00:00+00:00,192,5,lower_incremental_05EA005_to_05EA002,10.77500057220459,CMC_geps-raw_APCP_SFC_0_latlon0p5x0p5_2026080700_P192_allmbrs.grib2
GEPS,2026-08-07T00:00:00+00:00,192,5,upper_lake_chain_isle_lac_ste_anne,,CMC_geps-raw_APCP_SFC_0_latlon0p5x0p5_2026080700_P192_allmbrs.grib2
GEPS,2026-08-07T00:00:00+00:00,192,6,basin_to_05EA002,9.800000190734863,CMC_geps-raw_APCP_SFC_0_latlon0p5x0p5_2026080700_P192_allmbrs.grib2
GEPS,2026-08-07T00:00:00+00:00,192,6,lower_incremental_05EA005_to_05EA002,9.800000190734863,CMC_geps-raw_APCP_SFC_0_latlon0p5x0p5_2026080700_P192_allmbrs.grib2
GEPS,2026-08-07T00:00:00+00:00,192,6,upper_lake_chain_isle_lac_ste_anne,,CMC_geps-raw_APCP_SFC_0_latlon0p5x0p5_2026080700_P192_allmbrs.grib2
GEPS,2026-08-07T00:00:00+00:00,192,7,basin_to_05EA002,26.700000762939453,CMC_geps-raw_APCP_SFC_0_latlon0p5x0p5_2026080700_P192_allmbrs.grib2
GEPS,2026-08-07T00:00:00+00:00,192,7,lower_incremental_05EA005_to_05EA002,26.700000762939453,CMC_geps-raw_APCP_SFC_0_latlon0p5x0p5_2026080700_P192_allmbrs.grib2
GEPS,2026-08-07T00:00:00+00:00,192,7,upper_lake_chain_isle_lac_ste_anne,,CMC_geps-raw_APCP_SFC_0_latlon0p5x0p5_2026080700_P192_allmbrs.grib2
GEPS,2026-08-07T00:00:00+00:00,192,8,basin_to_05EA002,32.875,CMC_geps-raw_APCP_SFC_0_latlon0p5x0p5_2026080700_P192_allmbrs.grib2
GEPS,2026-08-07T00:00:00+00:00,192,8,lower_incremental_05EA005_to_05EA002,32.875,CMC_geps-raw_APCP_SFC_0_latlon0p5x0p5_2026080700_P192_allmbrs.grib2
GEPS,2026-08-07T00:00:00+00:00,192,8,upper_lake_chain_isle_lac_ste_anne,,CMC_geps-raw_APCP_SFC_0_latlon0p5x0p5_2026080700_P192_allmbrs.grib2
GEPS,2026-08-07T00:00:00+00:00,192,9,basin_to_05EA002,13.537500381469727,CMC_geps-raw_APCP_SFC_0_latlon0p5x0p5_2026080700_P192_allmbrs.grib2
GEPS,2026-08-07T00:00:00+00:00,192,9,lower_incremental_05EA005_to_05EA002,13.537500381469727,CMC_geps-raw_APCP_SFC_0_latlon0p5x0p5_2026080700_P192_allmbrs.grib2
GEPS,2026-08-07T00:00:00+00:00,192,9,upper_lake_chain_isle_lac_ste_anne,,CMC_geps-raw_APCP_SFC_0_latlon0p5x0p5_2026080700_P192_allmbrs.grib2
GEPS,2026-08-07T00:00:00+00:00,192,10,basin_to_05EA002,47.22500228881836,CMC_geps-raw_APCP_SFC_0_latlon0p5x0p5_2026080700_P192_allmbrs.grib2
GEPS,2026-08-07T00:00:00+00:00,192,10,lower_incremental_05EA005_to_05EA002,47.22500228881836,CMC_geps-raw_APCP_SFC_0_latlon0p5x0p5_2026080700_P192_allmbrs.grib2
GEPS,2026-08-07T00:00:00+00:00,192,10,upper_lake_chain_isle_lac_ste_anne,,CMC_geps-raw_APCP_SFC_0_latlon0p5x0p5_2026080700_P192_allmbrs.grib2
GEPS,2026-08-07T00:00:00+00:00,192,11,basin_to_05EA002,26.875,CMC_geps-raw_APCP_SFC_0_latlon0p5x0p5_2026080700_P192_allmbrs.grib2
GEPS,2026-08-07T00:00:00+00:00,192,11,lower_incremental_05EA005_to_05EA002,26.875,CMC_geps-raw_APCP_SFC_0_latlon0p5x0p5_2026080700_P192_allmbrs.grib2
GEPS,2026-08-07T00:00:00+00:00,192,11,upper_lake_chain_isle_lac_ste_anne,,CMC_geps-raw_APCP_SFC_0_latlon0p5x0p5_2026080700_P192_allmbrs.grib2
GEPS,2026-08-07T00:00:00+00:00,192,12,basin_to_05EA002,50.15999984741211,CMC_geps-raw_APCP_SFC_0_latlon0p5x0p5_2026080700_P192_allmbrs.grib2
GEPS,2026-08-07T00:00:00+00:00,192,12,lower_incremental_05EA005_to_05EA002,50.15999984741211,CMC_geps-raw_APCP_SFC_0_latlon0p5x0p5_2026080700_P192_allmbrs.grib2
GEPS,2026-08-07T00:00:00+00:00,192,12,upper_lake_chain_isle_lac_ste_anne,,CMC_geps-raw_APCP_SFC_0_latlon0p5x0p5_2026080700_P192_allmbrs.grib2
GEPS,2026-08-07T00:00:00+00:00,192,13,basin_to_05EA002,14.699999809265137,CMC_geps-raw_APCP_SFC_0_latlon0p5x0p5_2026080700_P192_allmbrs.grib2
GEPS,2026-08-07T00:00:00+00:00,192,13,lower_incremental_05EA005_to_05EA002,14.699999809265137,CMC_geps-raw_APCP_SFC_0_latlon0p5x0p5_2026080700_P192_allmbrs.grib2
GEPS,2026-08-07T00:00:00+00:00,192,13,upper_lake_chain_isle_lac_ste_anne,,CMC_geps-raw_APCP_SFC_0_latlon0p5x0p5_2026080700_P192_allmbrs.grib2
GEPS,2026-08-07T00:00:00+00:00,192,14,basin_to_05EA002,54.57500076293945,CMC_geps-raw_APCP_SFC_0_latlon0p5x0p5_2026080700_P192_allmbrs.grib2
GEPS,2026-08-07T00:00:00+00:00,192,14,lower_incremental_05EA005_to_05EA002,54.57500076293945,CMC_geps-raw_APCP_SFC_0_latlon0p5x0p5_2026080700_P192_allmbrs.grib2
GEPS,2026-08-07T00:00:00+00:00,192,14,upper_lake_chain_isle_lac_ste_anne,,CMC_geps-raw_APCP_SFC_0_latlon0p5x0p5_2026080700_P192_allmbrs.grib2
GEPS,2026-08-07T00:00:00+00:00,192,15,basin_to_05EA002,9.0,CMC_geps-raw_APCP_SFC_0_latlon0p5x0p5_2026080700_P192_allmbrs.grib2
GEPS,2026-08-07T00:00:00+00:00,192,15,lower_incremental_05EA005_to_05EA002,9.0,CMC_geps-raw_APCP_SFC_0_latlon0p5x0p5_2026080700_P192_allmbrs.grib2
GEPS,2026-08-07T00:00:00+00:00,192,15,upper_lake_chain_isle_lac_ste_anne,,CMC_geps-raw_APCP_SFC_0_latlon0p5x0p5_2026080700_P192_allmbrs.grib2
GEPS,2026-08-07T00:00:00+00:00,192,16,basin_to_05EA002,127.95000457763672,CMC_geps-raw_APCP_SFC_0_latlon0p5x0p5_2026080700_P192_allmbrs.grib2
GEPS,2026-08-07T00:00:00+00:00,192,16,lower_incremental_05EA005_to_05EA002,127.95000457763672,CMC_geps-raw_APCP_SFC_0_latlon0p5x0p5_2026080700_P192_allmbrs.grib2
GEPS,2026-08-07T00:00:00+00:00,192,16,upper_lake_chain_isle_lac_ste_anne,,CMC_geps-raw_APCP_SFC_0_latlon0p5x0p5_2026080700_P192_allmbrs.grib2
GEPS,2026-08-07T00:00:00+00:00,192,17,basin_to_05EA002,9.262499809265137,CMC_geps-raw_APCP_SFC_0_latlon0p5x0p5_2026080700_P192_allmbrs.grib2
GEPS,2026-08-07T00:00:00+00:00,192,17,lower_incremental_05EA005_to_05EA002,9.262499809265137,CMC_geps-raw_APCP_SFC_0_latlon0p5x0p5_2026080700_P192_allmbrs.grib2
GEPS,2026-08-07T00:00:00+00:00,192,17,upper_lake_chain_isle_lac_ste_anne,,CMC_geps-raw_APCP_SFC_0_latlon0p5x0p5_2026080700_P192_allmbrs.grib2
GEPS,2026-08-07T00:00:00+00:00,192,18,basin_to_05EA002,15.487500190734863,CMC_geps-raw_APCP_SFC_0_latlon0p5x0p5_2026080700_P192_allmbrs.grib2
GEPS,2026-08-07T00:00:00+00:00,192,18,lower_incremental_05EA005_to_05EA002,15.487500190734863,CMC_geps-raw_APCP_SFC_0_latlon0p5x0p5_2026080700_P192_allmbrs.grib2
GEPS,2026-08-07T00:00:00+00:00,192,18,upper_lake_chain_isle_lac_ste_anne,,CMC_geps-raw_APCP_SFC_0_latlon0p5x0p5_2026080700_P192_allmbrs.grib2
GEPS,2026-08-07T00:00:00+00:00,192,19,basin_to_05EA002,78.0,CMC_geps-raw_APCP_SFC_0_latlon0p5x0p5_2026080700_P192_allmbrs.grib2
GEPS,2026-08-07T00:00:00+00:00,192,19,lower_incremental_05EA005_to_05EA002,78.0,CMC_geps-raw_APCP_SFC_0_latlon0p5x0p5_2026080700_P192_allmbrs.grib2
GEPS,2026-08-07T00:00:00+00:00,192,19,upper_lake_chain_isle_lac_ste_anne,,CMC_geps-raw_APCP_SFC_0_latlon0p5x0p5_2026080700_P192_allmbrs.grib2
GEPS,2026-08-07T00:00:00+00:00,192,20,basin_to_05EA002,18.774999618530273,CMC_geps-raw_APCP_SFC_0_latlon0p5x0p5_2026080700_P192_allmbrs.grib2
GEPS,2026-08-07T00:00:00+00:00,192,20,lower_incremental_05EA005_to_05EA002,18.774999618530273,CMC_geps-raw_APCP_SFC_0_latlon0p5x0p5_2026080700_P192_allmbrs.grib2
GEPS,2026-08-07T00:00:00+00:00,192,20,upper_lake_chain_isle_lac_ste_anne,,CMC_geps-raw_APCP_SFC_0_latlon0p5x0p5_2026080700_P192_allmbrs.grib2
GEPS,2026-08-07T00:00:00+00:00,192,21,basin_to_05EA002,20.837499618530273,CMC_geps-raw_APCP_SFC_0_latlon0p5x0p5_2026080700_P192_allmbrs.grib2
GEPS,2026-08-07T00:00:00+00:00,192,21,lower_incremental_05EA005_to_05EA002,20.837499618530273,CMC_geps-raw_APCP_SFC_0_latlon0p5x0p5_2026080700_P192_allmbrs.grib2
GEPS,2026-08-07T00:00:00+00:00,192,21,upper_lake_chain_isle_lac_ste_anne,,CMC_geps-raw_APCP_SFC_0_latlon0p5x0p5_2026080700_P192_allmbrs.grib2
GEPS,2026-08-07T00:00:00+00:00,240,1,basin_to_05EA002,33.57500076293945,CMC_geps-raw_APCP_SFC_0_latlon0p5x0p5_2026080700_P240_allmbrs.grib2
GEPS,2026-08-07T00:00:00+00:00,240,1,lower_incremental_05EA005_to_05EA002,33.57500076293945,CMC_geps-raw_APCP_SFC_0_latlon0p5x0p5_2026080700_P240_allmbrs.grib2
GEPS,2026-08-07T00:00:00+00:00,240,1,upper_lake_chain_isle_lac_ste_anne,,CMC_geps-raw_APCP_SFC_0_latlon0p5x0p5_2026080700_P240_allmbrs.grib2
GEPS,2026-08-07T00:00:00+00:00,240,2,basin_to_05EA002,39.025001525878906,CMC_geps-raw_APCP_SFC_0_latlon0p5x0p5_2026080700_P240_allmbrs.grib2
GEPS,2026-08-07T00:00:00+00:00,240,2,lower_incremental_05EA005_to_05EA002,39.025001525878906,CMC_geps-raw_APCP_SFC_0_latlon0p5x0p5_2026080700_P240_allmbrs.grib2
GEPS,2026-08-07T00:00:00+00:00,240,2,upper_lake_chain_isle_lac_ste_anne,,CMC_geps-raw_APCP_SFC_0_latlon0p5x0p5_2026080700_P240_allmbrs.grib2
GEPS,2026-08-07T00:00:00+00:00,240,3,basin_to_05EA002,17.649999618530273,CMC_geps-raw_APCP_SFC_0_latlon0p5x0p5_2026080700_P240_allmbrs.grib2
GEPS,2026-08-07T00:00:00+00:00,240,3,lower_incremental_05EA005_to_05EA002,17.649999618530273,CMC_geps-raw_APCP_SFC_0_latlon0p5x0p5_2026080700_P240_allmbrs.grib2
GEPS,2026-08-07T00:00:00+00:00,240,3,upper_lake_chain_isle_lac_ste_anne,,CMC_geps-raw_APCP_SFC_0_latlon0p5x0p5_2026080700_P240_allmbrs.grib2
GEPS,2026-08-07T00:00:00+00:00,240,4,basin_to_05EA002,1.5,CMC_geps-raw_APCP_SFC_0_latlon0p5x0p5_2026080700_P240_allmbrs.grib2
GEPS,2026-08-07T00:00:00+00:00,240,4,lower_incremental_05EA005_to_05EA002,1.5,CMC_geps-raw_APCP_SFC_0_latlon0p5x0p5_2026080700_P240_allmbrs.grib2
GEPS,2026-08-07T00:00:00+00:00,240,4,upper_lake_chain_isle_lac_ste_anne,,CMC_geps-raw_APCP_SFC_0_latlon0p5x0p5_2026080700_P240_allmbrs.grib2
GEPS,2026-08-07T00:00:00+00:00,240,5,basin_to_05EA002,10.875,CMC_geps-raw_APCP_SFC_0_latlon0p5x0p5_2026080700_P240_allmbrs.grib2
GEPS,2026-08-07T00:00:00+00:00,240,5,lower_incremental_05EA005_to_05EA002,10.875,CMC_geps-raw_APCP_SFC_0_latlon0p5x0p5_2026080700_P240_allmbrs.grib2
GEPS,2026-08-07T00:00:00+00:00,240,5,upper_lake_chain_isle_lac_ste_anne,,CMC_geps-raw_APCP_SFC_0_latlon0p5x0p5_2026080700_P240_allmbrs.grib2
GEPS,2026-08-07T00:00:00+00:00,240,6,basin_to_05EA002,17.30000114440918,CMC_geps-raw_APCP_SFC_0_latlon0p5x0p5_2026080700_P240_allmbrs.grib2
GEPS,2026-08-07T00:00:00+00:00,240,6,lower_incremental_05EA005_to_05EA002,17.30000114440918,CMC_geps-raw_APCP_SFC_0_latlon0p5x0p5_2026080700_P240_allmbrs.grib2
GEPS,2026-08-07T00:00:00+00:00,240,6,upper_lake_chain_isle_lac_ste_anne,,CMC_geps-raw_APCP_SFC_0_latlon0p5x0p5_2026080700_P240_allmbrs.grib2
GEPS,2026-08-07T00:00:00+00:00,240,7,basin_to_05EA002,33.97500228881836,CMC_geps-raw_APCP_SFC_0_latlon0p5x0p5_2026080700_P240_allmbrs.grib2
GEPS,2026-08-07T00:00:00+00:00,240,7,lower_incremental_05EA005_to_05EA002,33.97500228881836,CMC_geps-raw_APCP_SFC_0_latlon0p5x0p5_2026080700_P240_allmbrs.grib2
GEPS,2026-08-07T00:00:00+00:00,240,7,upper_lake_chain_isle_lac_ste_anne,,CMC_geps-raw_APCP_SFC_0_latlon0p5x0p5_2026080700_P240_allmbrs.grib2
GEPS,2026-08-07T00:00:00+00:00,240,8,basin_to_05EA002,35.82500076293945,CMC_geps-raw_APCP_SFC_0_latlon0p5x0p5_2026080700_P240_allmbrs.grib2
GEPS,2026-08-07T00:00:00+00:00,240,8,lower_incremental_05EA005_to_05EA002,35.82500076293945,CMC_geps-raw_APCP_SFC_0_latlon0p5x0p5_2026080700_P240_allmbrs.grib2
GEPS,2026-08-07T00:00:00+00:00,240,8,upper_lake_chain_isle_lac_ste_anne,,CMC_geps-raw_APCP_SFC_0_latlon0p5x0p5_2026080700_P240_allmbrs.grib2
GEPS,2026-08-07T00:00:00+00:00,240,9,basin_to_05EA002,13.725000381469727,CMC_geps-raw_APCP_SFC_0_latlon0p5x0p5_2026080700_P240_allmbrs.grib2
GEPS,2026-08-07T00:00:00+00:00,240,9,lower_incremental_05EA005_to_05EA002,13.725000381469727,CMC_geps-raw_APCP_SFC_0_latlon0p5x0p5_2026080700_P240_allmbrs.grib2
GEPS,2026-08-07T00:00:00+00:00,240,9,upper_lake_chain_isle_lac_ste_anne,,CMC_geps-raw_APCP_SFC_0_latlon0p5x0p5_2026080700_P240_allmbrs.grib2
GEPS,2026-08-07T00:00:00+00:00,240,10,basin_to_05EA002,50.10000228881836,CMC_geps-raw_APCP_SFC_0_latlon0p5x0p5_2026080700_P240_allmbrs.grib2
GEPS,2026-08-07T00:00:00+00:00,240,10,lower_incremental_05EA005_to_05EA002,50.10000228881836,CMC_geps-raw_APCP_SFC_0_latlon0p5x0p5_2026080700_P240_allmbrs.grib2
GEPS,2026-08-07T00:00:00+00:00,240,10,upper_lake_chain_isle_lac_ste_anne,,CMC_geps-raw_APCP_SFC_0_latlon0p5x0p5_2026080700_P240_allmbrs.grib2
GEPS,2026-08-07T00:00:00+00:00,240,11,basin_to_05EA002,26.850000381469727,CMC_geps-raw_APCP_SFC_0_latlon0p5x0p5_2026080700_P240_allmbrs.grib2
GEPS,2026-08-07T00:00:00+00:00,240,11,lower_incremental_05EA005_to_05EA002,26.850000381469727,CMC_geps-raw_APCP_SFC_0_latlon0p5x0p5_2026080700_P240_allmbrs.grib2
GEPS,2026-08-07T00:00:00+00:00,240,11,upper_lake_chain_isle_lac_ste_anne,,CMC_geps-raw_APCP_SFC_0_latlon0p5x0p5_2026080700_P240_allmbrs.grib2
GEPS,2026-08-07T00:00:00+00:00,240,12,basin_to_05EA002,51.72500228881836,CMC_geps-raw_APCP_SFC_0_latlon0p5x0p5_2026080700_P240_allmbrs.grib2
GEPS,2026-08-07T00:00:00+00:00,240,12,lower_incremental_05EA005_to_05EA002,51.72500228881836,CMC_geps-raw_APCP_SFC_0_latlon0p5x0p5_2026080700_P240_allmbrs.grib2
GEPS,2026-08-07T00:00:00+00:00,240,12,upper_lake_chain_isle_lac_ste_anne,,CMC_geps-raw_APCP_SFC_0_latlon0p5x0p5_2026080700_P240_allmbrs.grib2
GEPS,2026-08-07T00:00:00+00:00,240,13,basin_to_05EA002,14.77500057220459,CMC_geps-raw_APCP_SFC_0_latlon0p5x0p5_2026080700_P240_allmbrs.grib2
GEPS,2026-08-07T00:00:00+00:00,240,13,lower_incremental_05EA005_to_05EA002,14.77500057220459,CMC_geps-raw_APCP_SFC_0_latlon0p5x0p5_2026080700_P240_allmbrs.grib2
GEPS,2026-08-07T00:00:00+00:00,240,13,upper_lake_chain_isle_lac_ste_anne,,CMC_geps-raw_APCP_SFC_0_latlon0p5x0p5_2026080700_P240_allmbrs.grib2
GEPS,2026-08-07T00:00:00+00:00,240,14,basin_to_05EA002,56.45000076293945,CMC_geps-raw_APCP_SFC_0_latlon0p5x0p5_2026080700_P240_allmbrs.grib2
GEPS,2026-08-07T00:00:00+00:00,240,14,lower_incremental_05EA005_to_05EA002,56.45000076293945,CMC_geps-raw_APCP_SFC_0_latlon0p5x0p5_2026080700_P240_allmbrs.grib2
GEPS,2026-08-07T00:00:00+00:00,240,14,upper_lake_chain_isle_lac_ste_anne,,CMC_geps-raw_APCP_SFC_0_latlon0p5x0p5_2026080700_P240_allmbrs.grib2
GEPS,2026-08-07T00:00:00+00:00,240,15,basin_to_05EA002,11.574999809265137,CMC_geps-raw_APCP_SFC_0_latlon0p5x0p5_2026080700_P240_allmbrs.grib2
GEPS,2026-08-07T00:00:00+00:00,240,15,lower_incremental_05EA005_to_05EA002,11.574999809265137,CMC_geps-raw_APCP_SFC_0_latlon0p5x0p5_2026080700_P240_allmbrs.grib2
GEPS,2026-08-07T00:00:00+00:00,240,15,upper_lake_chain_isle_lac_ste_anne,,CMC_geps-raw_APCP_SFC_0_latlon0p5x0p5_2026080700_P240_allmbrs.grib2
GEPS,2026-08-07T00:00:00+00:00,240,16,basin_to_05EA002,128.15000915527344,CMC_geps-raw_APCP_SFC_0_latlon0p5x0p5_2026080700_P240_allmbrs.grib2
GEPS,2026-08-07T00:00:00+00:00,240,16,lower_incremental_05EA005_to_05EA002,128.15000915527344,CMC_geps-raw_APCP_SFC_0_latlon0p5x0p5_2026080700_P240_allmbrs.grib2
GEPS,2026-08-07T00:00:00+00:00,240,16,upper_lake_chain_isle_lac_ste_anne,,CMC_geps-raw_APCP_SFC_0_latlon0p5x0p5_2026080700_P240_allmbrs.grib2
GEPS,2026-08-07T00:00:00+00:00,240,17,basin_to_05EA002,9.25,CMC_geps-raw_APCP_SFC_0_latlon0p5x0p5_2026080700_P240_allmbrs.grib2
GEPS,2026-08-07T00:00:00+00:00,240,17,lower_incremental_05EA005_to_05EA002,9.25,CMC_geps-raw_APCP_SFC_0_latlon0p5x0p5_2026080700_P240_allmbrs.grib2
GEPS,2026-08-07T00:00:00+00:00,240,17,upper_lake_chain_isle_lac_ste_anne,,CMC_geps-raw_APCP_SFC_0_latlon0p5x0p5_2026080700_P240_allmbrs.grib2
GEPS,2026-08-07T00:00:00+00:00,240,18,basin_to_05EA002,15.612500190734863,CMC_geps-raw_APCP_SFC_0_latlon0p5x0p5_2026080700_P240_allmbrs.grib2
GEPS,2026-08-07T00:00:00+00:00,240,18,lower_incremental_05EA005_to_05EA002,15.612500190734863,CMC_geps-raw_APCP_SFC_0_latlon0p5x0p5_2026080700_P240_allmbrs.grib2
GEPS,2026-08-07T00:00:00+00:00,240,18,upper_lake_chain_isle_lac_ste_anne,,CMC_geps-raw_APCP_SFC_0_latlon0p5x0p5_2026080700_P240_allmbrs.grib2
GEPS,2026-08-07T00:00:00+00:00,240,19,basin_to_05EA002,78.625,CMC_geps-raw_APCP_SFC_0_latlon0p5x0p5_2026080700_P240_allmbrs.grib2
GEPS,2026-08-07T00:00:00+00:00,240,19,lower_incremental_05EA005_to_05EA002,78.625,CMC_geps-raw_APCP_SFC_0_latlon0p5x0p5_2026080700_P240_allmbrs.grib2
GEPS,2026-08-07T00:00:00+00:00,240,19,upper_lake_chain_isle_lac_ste_anne,,CMC_geps-raw_APCP_SFC_0_latlon0p5x0p5_2026080700_P240_allmbrs.grib2
GEPS,2026-08-07T00:00:00+00:00,240,20,basin_to_05EA002,19.200000762939453,CMC_geps-raw_APCP_SFC_0_latlon0p5x0p5_2026080700_P240_allmbrs.grib2
GEPS,2026-08-07T00:00:00+00:00,240,20,lower_incremental_05EA005_to_05EA002,19.200000762939453,CMC_geps-raw_APCP_SFC_0_latlon0p5x0p5_2026080700_P240_allmbrs.grib2
GEPS,2026-08-07T00:00:00+00:00,240,20,upper_lake_chain_isle_lac_ste_anne,,CMC_geps-raw_APCP_SFC_0_latlon0p5x0p5_2026080700_P240_allmbrs.grib2
GEPS,2026-08-07T00:00:00+00:00,240,21,basin_to_05EA002,28.725000381469727,CMC_geps-raw_APCP_SFC_0_latlon0p5x0p5_2026080700_P240_allmbrs.grib2
GEPS,2026-08-07T00:00:00+00:00,240,21,lower_incremental_05EA005_to_05EA002,28.725000381469727,CMC_geps-raw_APCP_SFC_0_latlon0p5x0p5_2026080700_P240_allmbrs.grib2
GEPS,2026-08-07T00:00:00+00:00,240,21,upper_lake_chain_isle_lac_ste_anne,,CMC_geps-raw_APCP_SFC_0_latlon0p5x0p5_2026080700_P240_allmbrs.grib2
GEPS,2026-08-07T00:00:00+00:00,288,1,basin_to_05EA002,43.25,CMC_geps-raw_APCP_SFC_0_latlon0p5x0p5_2026080700_P288_allmbrs.grib2
GEPS,2026-08-07T00:00:00+00:00,288,1,lower_incremental_05EA005_to_05EA002,43.25,CMC_geps-raw_APCP_SFC_0_latlon0p5x0p5_2026080700_P288_allmbrs.grib2
GEPS,2026-08-07T00:00:00+00:00,288,1,upper_lake_chain_isle_lac_ste_anne,,CMC_geps-raw_APCP_SFC_0_latlon0p5x0p5_2026080700_P288_allmbrs.grib2
GEPS,2026-08-07T00:00:00+00:00,288,2,basin_to_05EA002,41.625,CMC_geps-raw_APCP_SFC_0_latlon0p5x0p5_2026080700_P288_allmbrs.grib2
GEPS,2026-08-07T00:00:00+00:00,288,2,lower_incremental_05EA005_to_05EA002,41.625,CMC_geps-raw_APCP_SFC_0_latlon0p5x0p5_2026080700_P288_allmbrs.grib2
GEPS,2026-08-07T00:00:00+00:00,288,2,upper_lake_chain_isle_lac_ste_anne,,CMC_geps-raw_APCP_SFC_0_latlon0p5x0p5_2026080700_P288_allmbrs.grib2
GEPS,2026-08-07T00:00:00+00:00,288,3,basin_to_05EA002,54.85000228881836,CMC_geps-raw_APCP_SFC_0_latlon0p5x0p5_2026080700_P288_allmbrs.grib2
GEPS,2026-08-07T00:00:00+00:00,288,3,lower_incremental_05EA005_to_05EA002,54.85000228881836,CMC_geps-raw_APCP_SFC_0_latlon0p5x0p5_2026080700_P288_allmbrs.grib2
GEPS,2026-08-07T00:00:00+00:00,288,3,upper_lake_chain_isle_lac_ste_anne,,CMC_geps-raw_APCP_SFC_0_latlon0p5x0p5_2026080700_P288_allmbrs.grib2
GEPS,2026-08-07T00:00:00+00:00,288,4,basin_to_05EA002,2.200000047683716,CMC_geps-raw_APCP_SFC_0_latlon0p5x0p5_2026080700_P288_allmbrs.grib2
GEPS,2026-08-07T00:00:00+00:00,288,4,lower_incremental_05EA005_to_05EA002,2.200000047683716,CMC_geps-raw_APCP_SFC_0_latlon0p5x0p5_2026080700_P288_allmbrs.grib2
GEPS,2026-08-07T00:00:00+00:00,288,4,upper_lake_chain_isle_lac_ste_anne,,CMC_geps-raw_APCP_SFC_0_latlon0p5x0p5_2026080700_P288_allmbrs.grib2
GEPS,2026-08-07T00:00:00+00:00,288,5,basin_to_05EA002,61.125,CMC_geps-raw_APCP_SFC_0_latlon0p5x0p5_2026080700_P288_allmbrs.grib2
GEPS,2026-08-07T00:00:00+00:00,288,5,lower_incremental_05EA005_to_05EA002,61.125,CMC_geps-raw_APCP_SFC_0_latlon0p5x0p5_2026080700_P288_allmbrs.grib2
GEPS,2026-08-07T00:00:00+00:00,288,5,upper_lake_chain_isle_lac_ste_anne,,CMC_geps-raw_APCP_SFC_0_latlon0p5x0p5_2026080700_P288_allmbrs.grib2
GEPS,2026-08-07T00:00:00+00:00,288,6,basin_to_05EA002,43.07500076293945,CMC_geps-raw_APCP_SFC_0_latlon0p5x0p5_2026080700_P288_allmbrs.grib2
GEPS,2026-08-07T00:00:00+00:00,288,6,lower_incremental_05EA005_to_05EA002,43.07500076293945,CMC_geps-raw_APCP_SFC_0_latlon0p5x0p5_2026080700_P288_allmbrs.grib2
GEPS,2026-08-07T00:00:00+00:00,288,6,upper_lake_chain_isle_lac_ste_anne,,CMC_geps-raw_APCP_SFC_0_latlon0p5x0p5_2026080700_P288_allmbrs.grib2
GEPS,2026-08-07T00:00:00+00:00,288,7,basin_to_05EA002,77.55000305175781,CMC_geps-raw_APCP_SFC_0_latlon0p5x0p5_2026080700_P288_allmbrs.grib2
GEPS,2026-08-07T00:00:00+00:00,288,7,lower_incremental_05EA005_to_05EA002,77.55000305175781,CMC_geps-raw_APCP_SFC_0_latlon0p5x0p5_2026080700_P288_allmbrs.grib2
GEPS,2026-08-07T00:00:00+00:00,288,7,upper_lake_chain_isle_lac_ste_anne,,CMC_geps-raw_APCP_SFC_0_latlon0p5x0p5_2026080700_P288_allmbrs.grib2
GEPS,2026-08-07T00:00:00+00:00,288,8,basin_to_05EA002,35.97500228881836,CMC_geps-raw_APCP_SFC_0_latlon0p5x0p5_2026080700_P288_allmbrs.grib2
GEPS,2026-08-07T00:00:00+00:00,288,8,lower_incremental_05EA005_to_05EA002,35.97500228881836,CMC_geps-raw_APCP_SFC_0_latlon0p5x0p5_2026080700_P288_allmbrs.grib2
GEPS,2026-08-07T00:00:00+00:00,288,8,upper_lake_chain_isle_lac_ste_anne,,CMC_geps-raw_APCP_SFC_0_latlon0p5x0p5_2026080700_P288_allmbrs.grib2
GEPS,2026-08-07T00:00:00+00:00,288,9,basin_to_05EA002,16.700000762939453,CMC_geps-raw_APCP_SFC_0_latlon0p5x0p5_2026080700_P288_allmbrs.grib2
GEPS,2026-08-07T00:00:00+00:00,288,9,lower_incremental_05EA005_to_05EA002,16.700000762939453,CMC_geps-raw_APCP_SFC_0_latlon0p5x0p5_2026080700_P288_allmbrs.grib2
GEPS,2026-08-07T00:00:00+00:00,288,9,upper_lake_chain_isle_lac_ste_anne,,CMC_geps-raw_APCP_SFC_0_latlon0p5x0p5_2026080700_P288_allmbrs.grib2
GEPS,2026-08-07T00:00:00+00:00,288,10,basin_to_05EA002,50.10000228881836,CMC_geps-raw_APCP_SFC_0_latlon0p5x0p5_2026080700_P288_allmbrs.grib2
GEPS,2026-08-07T00:00:00+00:00,288,10,lower_incremental_05EA005_to_05EA002,50.10000228881836,CMC_geps-raw_APCP_SFC_0_latlon0p5x0p5_2026080700_P288_allmbrs.grib2
GEPS,2026-08-07T00:00:00+00:00,288,10,upper_lake_chain_isle_lac_ste_anne,,CMC_geps-raw_APCP_SFC_0_latlon0p5x0p5_2026080700_P288_allmbrs.grib2
GEPS,2026-08-07T00:00:00+00:00,288,11,basin_to_05EA002,40.375,CMC_geps-raw_APCP_SFC_0_latlon0p5x0p5_2026080700_P288_allmbrs.grib2
GEPS,2026-08-07T00:00:00+00:00,288,11,lower_incremental_05EA005_to_05EA002,40.375,CMC_geps-raw_APCP_SFC_0_latlon0p5x0p5_2026080700_P288_allmbrs.grib2
GEPS,2026-08-07T00:00:00+00:00,288,11,upper_lake_chain_isle_lac_ste_anne,,CMC_geps-raw_APCP_SFC_0_latlon0p5x0p5_2026080700_P288_allmbrs.grib2
GEPS,2026-08-07T00:00:00+00:00,288,12,basin_to_05EA002,104.30000305175781,CMC_geps-raw_APCP_SFC_0_latlon0p5x0p5_2026080700_P288_allmbrs.grib2
GEPS,2026-08-07T00:00:00+00:00,288,12,lower_incremental_05EA005_to_05EA002,104.30000305175781,CMC_geps-raw_APCP_SFC_0_latlon0p5x0p5_2026080700_P288_allmbrs.grib2
GEPS,2026-08-07T00:00:00+00:00,288,12,upper_lake_chain_isle_lac_ste_anne,,CMC_geps-raw_APCP_SFC_0_latlon0p5x0p5_2026080700_P288_allmbrs.grib2
GEPS,2026-08-07T00:00:00+00:00,288,13,basin_to_05EA002,14.77500057220459,CMC_geps-raw_APCP_SFC_0_latlon0p5x0p5_2026080700_P288_allmbrs.grib2
GEPS,2026-08-07T00:00:00+00:00,288,13,lower_incremental_05EA005_to_05EA002,14.77500057220459,CMC_geps-raw_APCP_SFC_0_latlon0p5x0p5_2026080700_P288_allmbrs.grib2
GEPS,2026-08-07T00:00:00+00:00,288,13,upper_lake_chain_isle_lac_ste_anne,,CMC_geps-raw_APCP_SFC_0_latlon0p5x0p5_2026080700_P288_allmbrs.grib2
GEPS,2026-08-07T00:00:00+00:00,288,14,basin_to_05EA002,68.57500457763672,CMC_geps-raw_APCP_SFC_0_latlon0p5x0p5_2026080700_P288_allmbrs.grib2
GEPS,2026-08-07T00:00:00+00:00,288,14,lower_incremental_05EA005_to_05EA002,68.57500457763672,CMC_geps-raw_APCP_SFC_0_latlon0p5x0p5_2026080700_P288_allmbrs.grib2
GEPS,2026-08-07T00:00:00+00:00,288,14,upper_lake_chain_isle_lac_ste_anne,,CMC_geps-raw_APCP_SFC_0_latlon0p5x0p5_2026080700_P288_allmbrs.grib2
GEPS,2026-08-07T00:00:00+00:00,288,15,basin_to_05EA002,15.600000381469727,CMC_geps-raw_APCP_SFC_0_latlon0p5x0p5_2026080700_P288_allmbrs.grib2
GEPS,2026-08-07T00:00:00+00:00,288,15,lower_incremental_05EA005_to_05EA002,15.600000381469727,CMC_geps-raw_APCP_SFC_0_latlon0p5x0p5_2026080700_P288_allmbrs.grib2
GEPS,2026-08-07T00:00:00+00:00,288,15,upper_lake_chain_isle_lac_ste_anne,,CMC_geps-raw_APCP_SFC_0_latlon0p5x0p5_2026080700_P288_allmbrs.grib2
GEPS,2026-08-07T00:00:00+00:00,288,16,basin_to_05EA002,128.15000915527344,CMC_geps-raw_APCP_SFC_0_latlon0p5x0p5_2026080700_P288_allmbrs.grib2
GEPS,2026-08-07T00:00:00+00:00,288,16,lower_incremental_05EA005_to_05EA002,128.15000915527344,CMC_geps-raw_APCP_SFC_0_latlon0p5x0p5_2026080700_P288_allmbrs.grib2
GEPS,2026-08-07T00:00:00+00:00,288,16,upper_lake_chain_isle_lac_ste_anne,,CMC_geps-raw_APCP_SFC_0_latlon0p5x0p5_2026080700_P288_allmbrs.grib2
GEPS,2026-08-07T00:00:00+00:00,288,17,basin_to_05EA002,9.25,CMC_geps-raw_APCP_SFC_0_latlon0p5x0p5_2026080700_P288_allmbrs.grib2
GEPS,2026-08-07T00:00:00+00:00,288,17,lower_incremental_05EA005_to_05EA002,9.25,CMC_geps-raw_APCP_SFC_0_latlon0p5x0p5_2026080700_P288_allmbrs.grib2
GEPS,2026-08-07T00:00:00+00:00,288,17,upper_lake_chain_isle_lac_ste_anne,,CMC_geps-raw_APCP_SFC_0_latlon0p5x0p5_2026080700_P288_allmbrs.grib2
GEPS,2026-08-07T00:00:00+00:00,288,18,basin_to_05EA002,24.225000381469727,CMC_geps-raw_APCP_SFC_0_latlon0p5x0p5_2026080700_P288_allmbrs.grib2
GEPS,2026-08-07T00:00:00+00:00,288,18,lower_incremental_05EA005_to_05EA002,24.225000381469727,CMC_geps-raw_APCP_SFC_0_latlon0p5x0p5_2026080700_P288_allmbrs.grib2
GEPS,2026-08-07T00:00:00+00:00,288,18,upper_lake_chain_isle_lac_ste_anne,,CMC_geps-raw_APCP_SFC_0_latlon0p5x0p5_2026080700_P288_allmbrs.grib2
GEPS,2026-08-07T00:00:00+00:00,288,19,basin_to_05EA002,89.70000457763672,CMC_geps-raw_APCP_SFC_0_latlon0p5x0p5_2026080700_P288_allmbrs.grib2
GEPS,2026-08-07T00:00:00+00:00,288,19,lower_incremental_05EA005_to_05EA002,89.70000457763672,CMC_geps-raw_APCP_SFC_0_latlon0p5x0p5_2026080700_P288_allmbrs.grib2
GEPS,2026-08-07T00:00:00+00:00,288,19,upper_lake_chain_isle_lac_ste_anne,,CMC_geps-raw_APCP_SFC_0_latlon0p5x0p5_2026080700_P288_allmbrs.grib2
GEPS,2026-08-07T00:00:00+00:00,288,20,basin_to_05EA002,29.75,CMC_geps-raw_APCP_SFC_0_latlon0p5x0p5_2026080700_P288_allmbrs.grib2
GEPS,2026-08-07T00:00:00+00:00,288,20,lower_incremental_05EA005_to_05EA002,29.75,CMC_geps-raw_APCP_SFC_0_latlon0p5x0p5_2026080700_P288_allmbrs.grib2
GEPS,2026-08-07T00:00:00+00:00,288,20,upper_lake_chain_isle_lac_ste_anne,,CMC_geps-raw_APCP_SFC_0_latlon0p5x0p5_2026080700_P288_allmbrs.grib2
GEPS,2026-08-07T00:00:00+00:00,288,21,basin_to_05EA002,30.325000762939453,CMC_geps-raw_APCP_SFC_0_latlon0p5x0p5_2026080700_P288_allmbrs.grib2
GEPS,2026-08-07T00:00:00+00:00,288,21,lower_incremental_05EA005_to_05EA002,30.325000762939453,CMC_geps-raw_APCP_SFC_0_latlon0p5x0p5_2026080700_P288_allmbrs.grib2
GEPS,2026-08-07T00:00:00+00:00,288,21,upper_lake_chain_isle_lac_ste_anne,,CMC_geps-raw_APCP_SFC_0_latlon0p5x0p5_2026080700_P288_allmbrs.grib2
GEPS,2026-08-07T00:00:00+00:00,336,1,basin_to_05EA002,82.5,CMC_geps-raw_APCP_SFC_0_latlon0p5x0p5_2026080700_P336_allmbrs.grib2
GEPS,2026-08-07T00:00:00+00:00,336,1,lower_incremental_05EA005_to_05EA002,82.5,CMC_geps-raw_APCP_SFC_0_latlon0p5x0p5_2026080700_P336_allmbrs.grib2
GEPS,2026-08-07T00:00:00+00:00,336,1,upper_lake_chain_isle_lac_ste_anne,,CMC_geps-raw_APCP_SFC_0_latlon0p5x0p5_2026080700_P336_allmbrs.grib2
GEPS,2026-08-07T00:00:00+00:00,336,2,basin_to_05EA002,41.625,CMC_geps-raw_APCP_SFC_0_latlon0p5x0p5_2026080700_P336_allmbrs.grib2
GEPS,2026-08-07T00:00:00+00:00,336,2,lower_incremental_05EA005_to_05EA002,41.625,CMC_geps-raw_APCP_SFC_0_latlon0p5x0p5_2026080700_P336_allmbrs.grib2
GEPS,2026-08-07T00:00:00+00:00,336,2,upper_lake_chain_isle_lac_ste_anne,,CMC_geps-raw_APCP_SFC_0_latlon0p5x0p5_2026080700_P336_allmbrs.grib2
GEPS,2026-08-07T00:00:00+00:00,336,3,basin_to_05EA002,59.20000076293945,CMC_geps-raw_APCP_SFC_0_latlon0p5x0p5_2026080700_P336_allmbrs.grib2
GEPS,2026-08-07T00:00:00+00:00,336,3,lower_incremental_05EA005_to_05EA002,59.20000076293945,CMC_geps-raw_APCP_SFC_0_latlon0p5x0p5_2026080700_P336_allmbrs.grib2
GEPS,2026-08-07T00:00:00+00:00,336,3,upper_lake_chain_isle_lac_ste_anne,,CMC_geps-raw_APCP_SFC_0_latlon0p5x0p5_2026080700_P336_allmbrs.grib2
GEPS,2026-08-07T00:00:00+00:00,336,4,basin_to_05EA002,2.2250001430511475,CMC_geps-raw_APCP_SFC_0_latlon0p5x0p5_2026080700_P336_allmbrs.grib2
GEPS,2026-08-07T00:00:00+00:00,336,4,lower_incremental_05EA005_to_05EA002,2.2250001430511475,CMC_geps-raw_APCP_SFC_0_latlon0p5x0p5_2026080700_P336_allmbrs.grib2
GEPS,2026-08-07T00:00:00+00:00,336,4,upper_lake_chain_isle_lac_ste_anne,,CMC_geps-raw_APCP_SFC_0_latlon0p5x0p5_2026080700_P336_allmbrs.grib2
GEPS,2026-08-07T00:00:00+00:00,336,5,basin_to_05EA002,61.125,CMC_geps-raw_APCP_SFC_0_latlon0p5x0p5_2026080700_P336_allmbrs.grib2
GEPS,2026-08-07T00:00:00+00:00,336,5,lower_incremental_05EA005_to_05EA002,61.125,CMC_geps-raw_APCP_SFC_0_latlon0p5x0p5_2026080700_P336_allmbrs.grib2
GEPS,2026-08-07T00:00:00+00:00,336,5,upper_lake_chain_isle_lac_ste_anne,,CMC_geps-raw_APCP_SFC_0_latlon0p5x0p5_2026080700_P336_allmbrs.grib2
GEPS,2026-08-07T00:00:00+00:00,336,6,basin_to_05EA002,44.82500076293945,CMC_geps-raw_APCP_SFC_0_latlon0p5x0p5_2026080700_P336_allmbrs.grib2
GEPS,2026-08-07T00:00:00+00:00,336,6,lower_incremental_05EA005_to_05EA002,44.82500076293945,CMC_geps-raw_APCP_SFC_0_latlon0p5x0p5_2026080700_P336_allmbrs.grib2
GEPS,2026-08-07T00:00:00+00:00,336,6,upper_lake_chain_isle_lac_ste_anne,,CMC_geps-raw_APCP_SFC_0_latlon0p5x0p5_2026080700_P336_allmbrs.grib2
GEPS,2026-08-07T00:00:00+00:00,336,7,basin_to_05EA002,77.95000457763672,CMC_geps-raw_APCP_SFC_0_latlon0p5x0p5_2026080700_P336_allmbrs.grib2
GEPS,2026-08-07T00:00:00+00:00,336,7,lower_incremental_05EA005_to_05EA002,77.95000457763672,CMC_geps-raw_APCP_SFC_0_latlon0p5x0p5_2026080700_P336_allmbrs.grib2
GEPS,2026-08-07T00:00:00+00:00,336,7,upper_lake_chain_isle_lac_ste_anne,,CMC_geps-raw_APCP_SFC_0_latlon0p5x0p5_2026080700_P336_allmbrs.grib2
GEPS,2026-08-07T00:00:00+00:00,336,8,basin_to_05EA002,96.4000015258789,CMC_geps-raw_APCP_SFC_0_latlon0p5x0p5_2026080700_P336_allmbrs.grib2
GEPS,2026-08-07T00:00:00+00:00,336,8,lower_incremental_05EA005_to_05EA002,96.4000015258789,CMC_geps-raw_APCP_SFC_0_latlon0p5x0p5_2026080700_P336_allmbrs.grib2
GEPS,2026-08-07T00:00:00+00:00,336,8,upper_lake_chain_isle_lac_ste_anne,,CMC_geps-raw_APCP_SFC_0_latlon0p5x0p5_2026080700_P336_allmbrs.grib2
GEPS,2026-08-07T00:00:00+00:00,336,9,basin_to_05EA002,16.700000762939453,CMC_geps-raw_APCP_SFC_0_latlon0p5x0p5_2026080700_P336_allmbrs.grib2
GEPS,2026-08-07T00:00:00+00:00,336,9,lower_incremental_05EA005_to_05EA002,16.700000762939453,CMC_geps-raw_APCP_SFC_0_latlon0p5x0p5_2026080700_P336_allmbrs.grib2
GEPS,2026-08-07T00:00:00+00:00,336,9,upper_lake_chain_isle_lac_ste_anne,,CMC_geps-raw_APCP_SFC_0_latlon0p5x0p5_2026080700_P336_allmbrs.grib2
GEPS,2026-08-07T00:00:00+00:00,336,10,basin_to_05EA002,51.17499923706055,CMC_geps-raw_APCP_SFC_0_latlon0p5x0p5_2026080700_P336_allmbrs.grib2
GEPS,2026-08-07T00:00:00+00:00,336,10,lower_incremental_05EA005_to_05EA002,51.17499923706055,CMC_geps-raw_APCP_SFC_0_latlon0p5x0p5_2026080700_P336_allmbrs.grib2
GEPS,2026-08-07T00:00:00+00:00,336,10,upper_lake_chain_isle_lac_ste_anne,,CMC_geps-raw_APCP_SFC_0_latlon0p5x0p5_2026080700_P336_allmbrs.grib2
GEPS,2026-08-07T00:00:00+00:00,336,11,basin_to_05EA002,42.60000228881836,CMC_geps-raw_APCP_SFC_0_latlon0p5x0p5_2026080700_P336_allmbrs.grib2
GEPS,2026-08-07T00:00:00+00:00,336,11,lower_incremental_05EA005_to_05EA002,42.60000228881836,CMC_geps-raw_APCP_SFC_0_latlon0p5x0p5_2026080700_P336_allmbrs.grib2
GEPS,2026-08-07T00:00:00+00:00,336,11,upper_lake_chain_isle_lac_ste_anne,,CMC_geps-raw_APCP_SFC_0_latlon0p5x0p5_2026080700_P336_allmbrs.grib2
GEPS,2026-08-07T00:00:00+00:00,336,12,basin_to_05EA002,104.30000305175781,CMC_geps-raw_APCP_SFC_0_latlon0p5x0p5_2026080700_P336_allmbrs.grib2
GEPS,2026-08-07T00:00:00+00:00,336,12,lower_incremental_05EA005_to_05EA002,104.30000305175781,CMC_geps-raw_APCP_SFC_0_latlon0p5x0p5_2026080700_P336_allmbrs.grib2
GEPS,2026-08-07T00:00:00+00:00,336,12,upper_lake_chain_isle_lac_ste_anne,,CMC_geps-raw_APCP_SFC_0_latlon0p5x0p5_2026080700_P336_allmbrs.grib2
GEPS,2026-08-07T00:00:00+00:00,336,13,basin_to_05EA002,25.075000762939453,CMC_geps-raw_APCP_SFC_0_latlon0p5x0p5_2026080700_P336_allmbrs.grib2
GEPS,2026-08-07T00:00:00+00:00,336,13,lower_incremental_05EA005_to_05EA002,25.075000762939453,CMC_geps-raw_APCP_SFC_0_latlon0p5x0p5_2026080700_P336_allmbrs.grib2
GEPS,2026-08-07T00:00:00+00:00,336,13,upper_lake_chain_isle_lac_ste_anne,,CMC_geps-raw_APCP_SFC_0_latlon0p5x0p5_2026080700_P336_allmbrs.grib2
GEPS,2026-08-07T00:00:00+00:00,336,14,basin_to_05EA002,70.1500015258789,CMC_geps-raw_APCP_SFC_0_latlon0p5x0p5_2026080700_P336_allmbrs.grib2
GEPS,2026-08-07T00:00:00+00:00,336,14,lower_incremental_05EA005_to_05EA002,70.1500015258789,CMC_geps-raw_APCP_SFC_0_latlon0p5x0p5_2026080700_P336_allmbrs.grib2
GEPS,2026-08-07T00:00:00+00:00,336,14,upper_lake_chain_isle_lac_ste_anne,,CMC_geps-raw_APCP_SFC_0_latlon0p5x0p5_2026080700_P336_allmbrs.grib2
GEPS,2026-08-07T00:00:00+00:00,336,15,basin_to_05EA002,16.575000762939453,CMC_geps-raw_APCP_SFC_0_latlon0p5x0p5_2026080700_P336_allmbrs.grib2
GEPS,2026-08-07T00:00:00+00:00,336,15,lower_incremental_05EA005_to_05EA002,16.575000762939453,CMC_geps-raw_APCP_SFC_0_latlon0p5x0p5_2026080700_P336_allmbrs.grib2
GEPS,2026-08-07T00:00:00+00:00,336,15,upper_lake_chain_isle_lac_ste_anne,,CMC_geps-raw_APCP_SFC_0_latlon0p5x0p5_2026080700_P336_allmbrs.grib2
GEPS,2026-08-07T00:00:00+00:00,336,16,basin_to_05EA002,129.9250030517578,CMC_geps-raw_APCP_SFC_0_latlon0p5x0p5_2026080700_P336_allmbrs.grib2
GEPS,2026-08-07T00:00:00+00:00,336,16,lower_incremental_05EA005_to_05EA002,129.9250030517578,CMC_geps-raw_APCP_SFC_0_latlon0p5x0p5_2026080700_P336_allmbrs.grib2
GEPS,2026-08-07T00:00:00+00:00,336,16,upper_lake_chain_isle_lac_ste_anne,,CMC_geps-raw_APCP_SFC_0_latlon0p5x0p5_2026080700_P336_allmbrs.grib2
GEPS,2026-08-07T00:00:00+00:00,336,17,basin_to_05EA002,12.350000381469727,CMC_geps-raw_APCP_SFC_0_latlon0p5x0p5_2026080700_P336_allmbrs.grib2
GEPS,2026-08-07T00:00:00+00:00,336,17,lower_incremental_05EA005_to_05EA002,12.350000381469727,CMC_geps-raw_APCP_SFC_0_latlon0p5x0p5_2026080700_P336_allmbrs.grib2
GEPS,2026-08-07T00:00:00+00:00,336,17,upper_lake_chain_isle_lac_ste_anne,,CMC_geps-raw_APCP_SFC_0_latlon0p5x0p5_2026080700_P336_allmbrs.grib2
GEPS,2026-08-07T00:00:00+00:00,336,18,basin_to_05EA002,25.024999618530273,CMC_geps-raw_APCP_SFC_0_latlon0p5x0p5_2026080700_P336_allmbrs.grib2
GEPS,2026-08-07T00:00:00+00:00,336,18,lower_incremental_05EA005_to_05EA002,25.024999618530273,CMC_geps-raw_APCP_SFC_0_latlon0p5x0p5_2026080700_P336_allmbrs.grib2
GEPS,2026-08-07T00:00:00+00:00,336,18,upper_lake_chain_isle_lac_ste_anne,,CMC_geps-raw_APCP_SFC_0_latlon0p5x0p5_2026080700_P336_allmbrs.grib2
GEPS,2026-08-07T00:00:00+00:00,336,19,basin_to_05EA002,90.2750015258789,CMC_geps-raw_APCP_SFC_0_latlon0p5x0p5_2026080700_P336_allmbrs.grib2
GEPS,2026-08-07T00:00:00+00:00,336,19,lower_incremental_05EA005_to_05EA002,90.2750015258789,CMC_geps-raw_APCP_SFC_0_latlon0p5x0p5_2026080700_P336_allmbrs.grib2
GEPS,2026-08-07T00:00:00+00:00,336,19,upper_lake_chain_isle_lac_ste_anne,,CMC_geps-raw_APCP_SFC_0_latlon0p5x0p5_2026080700_P336_allmbrs.grib2
GEPS,2026-08-07T00:00:00+00:00,336,20,basin_to_05EA002,34.10000228881836,CMC_geps-raw_APCP_SFC_0_latlon0p5x0p5_2026080700_P336_allmbrs.grib2
GEPS,2026-08-07T00:00:00+00:00,336,20,lower_incremental_05EA005_to_05EA002,34.10000228881836,CMC_geps-raw_APCP_SFC_0_latlon0p5x0p5_2026080700_P336_allmbrs.grib2
GEPS,2026-08-07T00:00:00+00:00,336,20,upper_lake_chain_isle_lac_ste_anne,,CMC_geps-raw_APCP_SFC_0_latlon0p5x0p5_2026080700_P336_allmbrs.grib2
GEPS,2026-08-07T00:00:00+00:00,336,21,basin_to_05EA002,32.04999923706055,CMC_geps-raw_APCP_SFC_0_latlon0p5x0p5_2026080700_P336_allmbrs.grib2
GEPS,2026-08-07T00:00:00+00:00,336,21,lower_incremental_05EA005_to_05EA002,32.04999923706055,CMC_geps-raw_APCP_SFC_0_latlon0p5x0p5_2026080700_P336_allmbrs.grib2
GEPS,2026-08-07T00:00:00+00:00,336,21,upper_lake_chain_isle_lac_ste_anne,,CMC_geps-raw_APCP_SFC_0_latlon0p5x0p5_2026080700_P336_allmbrs.grib2
GEPS,2026-08-07T00:00:00+00:00,384,1,basin_to_05EA002,82.5,CMC_geps-raw_APCP_SFC_0_latlon0p5x0p5_2026080700_P384_allmbrs.grib2
GEPS,2026-08-07T00:00:00+00:00,384,1,lower_incremental_05EA005_to_05EA002,82.5,CMC_geps-raw_APCP_SFC_0_latlon0p5x0p5_2026080700_P384_allmbrs.grib2
GEPS,2026-08-07T00:00:00+00:00,384,1,upper_lake_chain_isle_lac_ste_anne,,CMC_geps-raw_APCP_SFC_0_latlon0p5x0p5_2026080700_P384_allmbrs.grib2
GEPS,2026-08-07T00:00:00+00:00,384,2,basin_to_05EA002,42.150001525878906,CMC_geps-raw_APCP_SFC_0_latlon0p5x0p5_2026080700_P384_allmbrs.grib2
GEPS,2026-08-07T00:00:00+00:00,384,2,lower_incremental_05EA005_to_05EA002,42.150001525878906,CMC_geps-raw_APCP_SFC_0_latlon0p5x0p5_2026080700_P384_allmbrs.grib2
GEPS,2026-08-07T00:00:00+00:00,384,2,upper_lake_chain_isle_lac_ste_anne,,CMC_geps-raw_APCP_SFC_0_latlon0p5x0p5_2026080700_P384_allmbrs.grib2
GEPS,2026-08-07T00:00:00+00:00,384,3,basin_to_05EA002,59.20000076293945,CMC_geps-raw_APCP_SFC_0_latlon0p5x0p5_2026080700_P384_allmbrs.grib2
GEPS,2026-08-07T00:00:00+00:00,384,3,lower_incremental_05EA005_to_05EA002,59.20000076293945,CMC_geps-raw_APCP_SFC_0_latlon0p5x0p5_2026080700_P384_allmbrs.grib2
GEPS,2026-08-07T00:00:00+00:00,384,3,upper_lake_chain_isle_lac_ste_anne,,CMC_geps-raw_APCP_SFC_0_latlon0p5x0p5_2026080700_P384_allmbrs.grib2
GEPS,2026-08-07T00:00:00+00:00,384,4,basin_to_05EA002,2.299999952316284,CMC_geps-raw_APCP_SFC_0_latlon0p5x0p5_2026080700_P384_allmbrs.grib2
GEPS,2026-08-07T00:00:00+00:00,384,4,lower_incremental_05EA005_to_05EA002,2.299999952316284,CMC_geps-raw_APCP_SFC_0_latlon0p5x0p5_2026080700_P384_allmbrs.grib2
GEPS,2026-08-07T00:00:00+00:00,384,4,upper_lake_chain_isle_lac_ste_anne,,CMC_geps-raw_APCP_SFC_0_latlon0p5x0p5_2026080700_P384_allmbrs.grib2
GEPS,2026-08-07T00:00:00+00:00,384,5,basin_to_05EA002,61.150001525878906,CMC_geps-raw_APCP_SFC_0_latlon0p5x0p5_2026080700_P384_allmbrs.grib2
GEPS,2026-08-07T00:00:00+00:00,384,5,lower_incremental_05EA005_to_05EA002,61.150001525878906,CMC_geps-raw_APCP_SFC_0_latlon0p5x0p5_2026080700_P384_allmbrs.grib2
GEPS,2026-08-07T00:00:00+00:00,384,5,upper_lake_chain_isle_lac_ste_anne,,CMC_geps-raw_APCP_SFC_0_latlon0p5x0p5_2026080700_P384_allmbrs.grib2
GEPS,2026-08-07T00:00:00+00:00,384,6,basin_to_05EA002,47.60000228881836,CMC_geps-raw_APCP_SFC_0_latlon0p5x0p5_2026080700_P384_allmbrs.grib2
GEPS,2026-08-07T00:00:00+00:00,384,6,lower_incremental_05EA005_to_05EA002,47.60000228881836,CMC_geps-raw_APCP_SFC_0_latlon0p5x0p5_2026080700_P384_allmbrs.grib2
GEPS,2026-08-07T00:00:00+00:00,384,6,upper_lake_chain_isle_lac_ste_anne,,CMC_geps-raw_APCP_SFC_0_latlon0p5x0p5_2026080700_P384_allmbrs.grib2
GEPS,2026-08-07T00:00:00+00:00,384,7,basin_to_05EA002,90.4749984741211,CMC_geps-raw_APCP_SFC_0_latlon0p5x0p5_2026080700_P384_allmbrs.grib2
GEPS,2026-08-07T00:00:00+00:00,384,7,lower_incremental_05EA005_to_05EA002,90.4749984741211,CMC_geps-raw_APCP_SFC_0_latlon0p5x0p5_2026080700_P384_allmbrs.grib2
GEPS,2026-08-07T00:00:00+00:00,384,7,upper_lake_chain_isle_lac_ste_anne,,CMC_geps-raw_APCP_SFC_0_latlon0p5x0p5_2026080700_P384_allmbrs.grib2
GEPS,2026-08-07T00:00:00+00:00,384,8,basin_to_05EA002,224.125,CMC_geps-raw_APCP_SFC_0_latlon0p5x0p5_2026080700_P384_allmbrs.grib2
GEPS,2026-08-07T00:00:00+00:00,384,8,lower_incremental_05EA005_to_05EA002,224.125,CMC_geps-raw_APCP_SFC_0_latlon0p5x0p5_2026080700_P384_allmbrs.grib2
GEPS,2026-08-07T00:00:00+00:00,384,8,upper_lake_chain_isle_lac_ste_anne,,CMC_geps-raw_APCP_SFC_0_latlon0p5x0p5_2026080700_P384_allmbrs.grib2
GEPS,2026-08-07T00:00:00+00:00,384,9,basin_to_05EA002,39.875,CMC_geps-raw_APCP_SFC_0_latlon0p5x0p5_2026080700_P384_allmbrs.grib2
GEPS,2026-08-07T00:00:00+00:00,384,9,lower_incremental_05EA005_to_05EA002,39.875,CMC_geps-raw_APCP_SFC_0_latlon0p5x0p5_2026080700_P384_allmbrs.grib2
GEPS,2026-08-07T00:00:00+00:00,384,9,upper_lake_chain_isle_lac_ste_anne,,CMC_geps-raw_APCP_SFC_0_latlon0p5x0p5_2026080700_P384_allmbrs.grib2
GEPS,2026-08-07T00:00:00+00:00,384,10,basin_to_05EA002,76.7249984741211,CMC_geps-raw_APCP_SFC_0_latlon0p5x0p5_2026080700_P384_allmbrs.grib2
GEPS,2026-08-07T00:00:00+00:00,384,10,lower_incremental_05EA005_to_05EA002,76.7249984741211,CMC_geps-raw_APCP_SFC_0_latlon0p5x0p5_2026080700_P384_allmbrs.grib2
GEPS,2026-08-07T00:00:00+00:00,384,10,upper_lake_chain_isle_lac_ste_anne,,CMC_geps-raw_APCP_SFC_0_latlon0p5x0p5_2026080700_P384_allmbrs.grib2
GEPS,2026-08-07T00:00:00+00:00,384,11,basin_to_05EA002,42.75,CMC_geps-raw_APCP_SFC_0_latlon0p5x0p5_2026080700_P384_allmbrs.grib2
GEPS,2026-08-07T00:00:00+00:00,384,11,lower_incremental_05EA005_to_05EA002,42.75,CMC_geps-raw_APCP_SFC_0_latlon0p5x0p5_2026080700_P384_allmbrs.grib2
GEPS,2026-08-07T00:00:00+00:00,384,11,upper_lake_chain_isle_lac_ste_anne,,CMC_geps-raw_APCP_SFC_0_latlon0p5x0p5_2026080700_P384_allmbrs.grib2
GEPS,2026-08-07T00:00:00+00:00,384,12,basin_to_05EA002,104.30000305175781,CMC_geps-raw_APCP_SFC_0_latlon0p5x0p5_2026080700_P384_allmbrs.grib2
GEPS,2026-08-07T00:00:00+00:00,384,12,lower_incremental_05EA005_to_05EA002,104.30000305175781,CMC_geps-raw_APCP_SFC_0_latlon0p5x0p5_2026080700_P384_allmbrs.grib2
GEPS,2026-08-07T00:00:00+00:00,384,12,upper_lake_chain_isle_lac_ste_anne,,CMC_geps-raw_APCP_SFC_0_latlon0p5x0p5_2026080700_P384_allmbrs.grib2
GEPS,2026-08-07T00:00:00+00:00,384,13,basin_to_05EA002,25.075000762939453,CMC_geps-raw_APCP_SFC_0_latlon0p5x0p5_2026080700_P384_allmbrs.grib2
GEPS,2026-08-07T00:00:00+00:00,384,13,lower_incremental_05EA005_to_05EA002,25.075000762939453,CMC_geps-raw_APCP_SFC_0_latlon0p5x0p5_2026080700_P384_allmbrs.grib2
GEPS,2026-08-07T00:00:00+00:00,384,13,upper_lake_chain_isle_lac_ste_anne,,CMC_geps-raw_APCP_SFC_0_latlon0p5x0p5_2026080700_P384_allmbrs.grib2
GEPS,2026-08-07T00:00:00+00:00,384,14,basin_to_05EA002,71.45000457763672,CMC_geps-raw_APCP_SFC_0_latlon0p5x0p5_2026080700_P384_allmbrs.grib2
GEPS,2026-08-07T00:00:00+00:00,384,14,lower_incremental_05EA005_to_05EA002,71.45000457763672,CMC_geps-raw_APCP_SFC_0_latlon0p5x0p5_2026080700_P384_allmbrs.grib2
GEPS,2026-08-07T00:00:00+00:00,384,14,upper_lake_chain_isle_lac_ste_anne,,CMC_geps-raw_APCP_SFC_0_latlon0p5x0p5_2026080700_P384_allmbrs.grib2
GEPS,2026-08-07T00:00:00+00:00,384,15,basin_to_05EA002,16.899999618530273,CMC_geps-raw_APCP_SFC_0_latlon0p5x0p5_2026080700_P384_allmbrs.grib2
GEPS,2026-08-07T00:00:00+00:00,384,15,lower_incremental_05EA005_to_05EA002,16.899999618530273,CMC_geps-raw_APCP_SFC_0_latlon0p5x0p5_2026080700_P384_allmbrs.grib2
GEPS,2026-08-07T00:00:00+00:00,384,15,upper_lake_chain_isle_lac_ste_anne,,CMC_geps-raw_APCP_SFC_0_latlon0p5x0p5_2026080700_P384_allmbrs.grib2
GEPS,2026-08-07T00:00:00+00:00,384,16,basin_to_05EA002,129.9499969482422,CMC_geps-raw_APCP_SFC_0_latlon0p5x0p5_2026080700_P384_allmbrs.grib2
GEPS,2026-08-07T00:00:00+00:00,384,16,lower_incremental_05EA005_to_05EA002,129.9499969482422,CMC_geps-raw_APCP_SFC_0_latlon0p5x0p5_2026080700_P384_allmbrs.grib2
GEPS,2026-08-07T00:00:00+00:00,384,16,upper_lake_chain_isle_lac_ste_anne,,CMC_geps-raw_APCP_SFC_0_latlon0p5x0p5_2026080700_P384_allmbrs.grib2
GEPS,2026-08-07T00:00:00+00:00,384,17,basin_to_05EA002,12.350000381469727,CMC_geps-raw_APCP_SFC_0_latlon0p5x0p5_2026080700_P384_allmbrs.grib2
GEPS,2026-08-07T00:00:00+00:00,384,17,lower_incremental_05EA005_to_05EA002,12.350000381469727,CMC_geps-raw_APCP_SFC_0_latlon0p5x0p5_2026080700_P384_allmbrs.grib2
GEPS,2026-08-07T00:00:00+00:00,384,17,upper_lake_chain_isle_lac_ste_anne,,CMC_geps-raw_APCP_SFC_0_latlon0p5x0p5_2026080700_P384_allmbrs.grib2
GEPS,2026-08-07T00:00:00+00:00,384,18,basin_to_05EA002,33.57500076293945,CMC_geps-raw_APCP_SFC_0_latlon0p5x0p5_2026080700_P384_allmbrs.grib2
GEPS,2026-08-07T00:00:00+00:00,384,18,lower_incremental_05EA005_to_05EA002,33.57500076293945,CMC_geps-raw_APCP_SFC_0_latlon0p5x0p5_2026080700_P384_allmbrs.grib2
GEPS,2026-08-07T00:00:00+00:00,384,18,upper_lake_chain_isle_lac_ste_anne,,CMC_geps-raw_APCP_SFC_0_latlon0p5x0p5_2026080700_P384_allmbrs.grib2
GEPS,2026-08-07T00:00:00+00:00,384,19,basin_to_05EA002,90.4000015258789,CMC_geps-raw_APCP_SFC_0_latlon0p5x0p5_2026080700_P384_allmbrs.grib2
GEPS,2026-08-07T00:00:00+00:00,384,19,lower_incremental_05EA005_to_05EA002,90.4000015258789,CMC_geps-raw_APCP_SFC_0_latlon0p5x0p5_2026080700_P384_allmbrs.grib2
GEPS,2026-08-07T00:00:00+00:00,384,19,upper_lake_chain_isle_lac_ste_anne,,CMC_geps-raw_APCP_SFC_0_latlon0p5x0p5_2026080700_P384_allmbrs.grib2
GEPS,2026-08-07T00:00:00+00:00,384,20,basin_to_05EA002,34.20000076293945,CMC_geps-raw_APCP_SFC_0_latlon0p5x0p5_2026080700_P384_allmbrs.grib2
GEPS,2026-08-07T00:00:00+00:00,384,20,lower_incremental_05EA005_to_05EA002,34.20000076293945,CMC_geps-raw_APCP_SFC_0_latlon0p5x0p5_2026080700_P384_allmbrs.grib2
GEPS,2026-08-07T00:00:00+00:00,384,20,upper_lake_chain_isle_lac_ste_anne,,CMC_geps-raw_APCP_SFC_0_latlon0p5x0p5_2026080700_P384_allmbrs.grib2
GEPS,2026-08-07T00:00:00+00:00,384,21,basin_to_05EA002,34.125,CMC_geps-raw_APCP_SFC_0_latlon0p5x0p5_2026080700_P384_allmbrs.grib2
GEPS,2026-08-07T00:00:00+00:00,384,21,lower_incremental_05EA005_to_05EA002,34.125,CMC_geps-raw_APCP_SFC_0_latlon0p5x0p5_2026080700_P384_allmbrs.grib2
GEPS,2026-08-07T00:00:00+00:00,384,21,upper_lake_chain_isle_lac_ste_anne,,CMC_geps-raw_APCP_SFC_0_latlon0p5x0p5_2026080700_P384_allmbrs.grib2
