 ID,Date,Parameter/Paramètre,Value/Valeur,Qualifier/Qualificatif,Symbol/Symbole,Approval/Approbation,Grade/Classification,Qualifiers/Qualificatifs
05EA002,2026-07-24T00:00:00Z,46,2.296,,,Provisional/Provisoire,,
05EA002,2026-07-24T00:05:00Z,46,2.295,,,Provisional/Provisoire,,
05EA002,2026-07-24T00:10:00Z,46,2.296,,,Provisional/Provisoire,,
05EA002,2026-07-24T00:15:00Z,46,2.294,,,Provisional/Provisoire,,
05EA002,2026-07-24T00:20:00Z,46,2.294,,,Provisional/Provisoire,,
05EA002,2026-07-24T00:25:00Z,46,2.293,,,Provisional/Provisoire,,
05EA002,2026-07-24T00:30:00Z,46,2.291,,,Provisional/Provisoire,,
05EA002,2026-07-24T00:35:00Z,46,2.290,,,Provisional/Provisoire,,
05EA002,2026-07-24T00:40:00Z,46,2.291,,,Provisional/Provisoire,,
05EA002,2026-07-24T00:45:00Z,46,2.290,,,Provisional/Provisoire,,
05EA002,2026-07-24T00:50:00Z,46,2.289,,,Provisional/Provisoire,,
05EA002,2026-07-24T00:55:00Z,46,2.288,,,Provisional/Provisoire,,
05EA002,2026-07-24T01:00:00Z,46,2.286,,,Provisional/Provisoire,,
05EA002,2026-07-24T01:05:00Z,46,2.286,,,Provisional/Provisoire,,
05EA002,2026-07-24T01:10:00Z,46,2.284,,,Provisional/Provisoire,,
05EA002,2026-07-24T01:15:00Z,46,2.286,,,Provisional/Provisoire,,
05EA002,2026-07-24T01:20:00Z,46,2.286,,,Provisional/Provisoire,,
05EA002,2026-07-24T01:25:00Z,46,2.283,,,Provisional/Provisoire,,
05EA002,2026-07-24T01:30:00Z,46,2.284,,,Provisional/Provisoire,,
05EA002,2026-07-24T01:35:00Z,46,2.285,,,Provisional/Provisoire,,
05EA002,2026-07-24T01:40:00Z,46,2.284,,,Provisional/Provisoire,,
05EA002,2026-07-24T01:45:00Z,46,2.286,,,Provisional/Provisoire,,
05EA002,2026-07-24T01:50:00Z,46,2.287,,,Provisional/Provisoire,,
05EA002,2026-07-24T01:55:00Z,46,2.285,,,Provisional/Provisoire,,
05EA002,2026-07-24T02:00:00Z,46,2.287,,,Provisional/Provisoire,,
05EA002,2026-07-24T02:05:00Z,46,2.287,,,Provisional/Provisoire,,
05EA002,2026-07-24T02:10:00Z,46,2.288,,,Provisional/Provisoire,,
05EA002,2026-07-24T02:15:00Z,46,2.286,,,Provisional/Provisoire,,
05EA002,2026-07-24T02:20:00Z,46,2.286,,,Provisional/Provisoire,,
05EA002,2026-07-24T02:25:00Z,46,2.286,,,Provisional/Provisoire,,
05EA002,2026-07-24T02:30:00Z,46,2.287,,,Provisional/Provisoire,,
05EA002,2026-07-24T02:35:00Z,46,2.287,,,Provisional/Provisoire,,
05EA002,2026-07-24T02:40:00Z,46,2.287,,,Provisional/Provisoire,,
05EA002,2026-07-24T02:45:00Z,46,2.287,,,Provisional/Provisoire,,
05EA002,2026-07-24T02:50:00Z,46,2.286,,,Provisional/Provisoire,,
05EA002,2026-07-24T02:55:00Z,46,2.287,,,Provisional/Provisoire,,
05EA002,2026-07-24T03:00:00Z,46,2.284,,,Provisional/Provisoire,,
05EA002,2026-07-24T03:05:00Z,46,2.286,,,Provisional/Provisoire,,
05EA002,2026-07-24T03:10:00Z,46,2.285,,,Provisional/Provisoire,,
05EA002,2026-07-24T03:15:00Z,46,2.284,,,Provisional/Provisoire,,
05EA002,2026-07-24T03:20:00Z,46,2.286,,,Provisional/Provisoire,,
05EA002,2026-07-24T03:25:00Z,46,2.285,,,Provisional/Provisoire,,
05EA002,2026-07-24T03:30:00Z,46,2.285,,,Provisional/Provisoire,,
05EA002,2026-07-24T03:35:00Z,46,2.284,,,Provisional/Provisoire,,
05EA002,2026-07-24T03:40:00Z,46,2.284,,,Provisional/Provisoire,,
05EA002,2026-07-24T03:45:00Z,46,2.283,,,Provisional/Provisoire,,
05EA002,2026-07-24T03:50:00Z,46,2.286,,,Provisional/Provisoire,,
05EA002,2026-07-24T03:55:00Z,46,2.284,,,Provisional/Provisoire,,
05EA002,2026-07-24T04:00:00Z,46,2.284,,,Provisional/Provisoire,,
05EA002,2026-07-24T04:05:00Z,46,2.283,,,Provisional/Provisoire,,
05EA002,2026-07-24T04:10:00Z,46,2.285,,,Provisional/Provisoire,,
05EA002,2026-07-24T04:15:00Z,46,2.283,,,Provisional/Provisoire,,
05EA002,2026-07-24T04:20:00Z,46,2.285,,,Provisional/Provisoire,,
05EA002,2026-07-24T04:25:00Z,46,2.284,,,Provisional/Provisoire,,
05EA002,2026-07-24T04:30:00Z,46,2.284,,,Provisional/Provisoire,,
05EA002,2026-07-24T04:35:00Z,46,2.283,,,Provisional/Provisoire,,
05EA002,2026-07-24T04:40:00Z,46,2.283,,,Provisional/Provisoire,,
05EA002,2026-07-24T04:45:00Z,46,2.284,,,Provisional/Provisoire,,
05EA002,2026-07-24T04:50:00Z,46,2.284,,,Provisional/Provisoire,,
05EA002,2026-07-24T04:55:00Z,46,2.282,,,Provisional/Provisoire,,
05EA002,2026-07-24T05:00:00Z,46,2.284,,,Provisional/Provisoire,,
05EA002,2026-07-24T05:05:00Z,46,2.284,,,Provisional/Provisoire,,
05EA002,2026-07-24T05:10:00Z,46,2.281,,,Provisional/Provisoire,,
05EA002,2026-07-24T05:15:00Z,46,2.284,,,Provisional/Provisoire,,
05EA002,2026-07-24T05:20:00Z,46,2.284,,,Provisional/Provisoire,,
05EA002,2026-07-24T05:25:00Z,46,2.282,,,Provisional/Provisoire,,
05EA002,2026-07-24T05:30:00Z,46,2.283,,,Provisional/Provisoire,,
05EA002,2026-07-24T05:35:00Z,46,2.284,,,Provisional/Provisoire,,
05EA002,2026-07-24T05:40:00Z,46,2.282,,,Provisional/Provisoire,,
05EA002,2026-07-24T05:45:00Z,46,2.283,,,Provisional/Provisoire,,
05EA002,2026-07-24T05:50:00Z,46,2.283,,,Provisional/Provisoire,,
05EA002,2026-07-24T05:55:00Z,46,2.280,,,Provisional/Provisoire,,
05EA002,2026-07-24T06:00:00Z,46,2.283,,,Provisional/Provisoire,,
05EA002,2026-07-24T06:05:00Z,46,2.280,,,Provisional/Provisoire,,
05EA002,2026-07-24T06:10:00Z,46,2.282,,,Provisional/Provisoire,,
05EA002,2026-07-24T06:15:00Z,46,2.281,,,Provisional/Provisoire,,
05EA002,2026-07-24T06:20:00Z,46,2.282,,,Provisional/Provisoire,,
05EA002,2026-07-24T06:25:00Z,46,2.282,,,Provisional/Provisoire,,
05EA002,2026-07-24T06:30:00Z,46,2.282,,,Provisional/Provisoire,,
05EA002,2026-07-24T06:35:00Z,46,2.281,,,Provisional/Provisoire,,
05EA002,2026-07-24T06:40:00Z,46,2.282,,,Provisional/Provisoire,,
05EA002,2026-07-24T06:45:00Z,46,2.282,,,Provisional/Provisoire,,
05EA002,2026-07-24T06:50:00Z,46,2.283,,,Provisional/Provisoire,,
05EA002,2026-07-24T06:55:00Z,46,2.282,,,Provisional/Provisoire,,
05EA002,2026-07-24T07:00:00Z,46,2.281,,,Provisional/Provisoire,,
05EA002,2026-07-24T07:05:00Z,46,2.282,,,Provisional/Provisoire,,
05EA002,2026-07-24T07:10:00Z,46,2.281,,,Provisional/Provisoire,,
05EA002,2026-07-24T07:15:00Z,46,2.281,,,Provisional/Provisoire,,
05EA002,2026-07-24T07:20:00Z,46,2.280,,,Provisional/Provisoire,,
05EA002,2026-07-24T07:25:00Z,46,2.282,,,Provisional/Provisoire,,
05EA002,2026-07-24T07:30:00Z,46,2.279,,,Provisional/Provisoire,,
05EA002,2026-07-24T07:35:00Z,46,2.281,,,Provisional/Provisoire,,
05EA002,2026-07-24T07:40:00Z,46,2.280,,,Provisional/Provisoire,,
05EA002,2026-07-24T07:45:00Z,46,2.280,,,Provisional/Provisoire,,
05EA002,2026-07-24T07:50:00Z,46,2.279,,,Provisional/Provisoire,,
05EA002,2026-07-24T07:55:00Z,46,2.281,,,Provisional/Provisoire,,
05EA002,2026-07-24T08:00:00Z,46,2.280,,,Provisional/Provisoire,,
05EA002,2026-07-24T08:05:00Z,46,2.279,,,Provisional/Provisoire,,
05EA002,2026-07-24T08:10:00Z,46,2.280,,,Provisional/Provisoire,,
05EA002,2026-07-24T08:15:00Z,46,2.278,,,Provisional/Provisoire,,
05EA002,2026-07-24T08:20:00Z,46,2.279,,,Provisional/Provisoire,,
05EA002,2026-07-24T08:25:00Z,46,2.279,,,Provisional/Provisoire,,
05EA002,2026-07-24T08:30:00Z,46,2.279,,,Provisional/Provisoire,,
05EA002,2026-07-24T08:35:00Z,46,2.278,,,Provisional/Provisoire,,
05EA002,2026-07-24T08:40:00Z,46,2.279,,,Provisional/Provisoire,,
05EA002,2026-07-24T08:45:00Z,46,2.278,,,Provisional/Provisoire,,
05EA002,2026-07-24T08:50:00Z,46,2.279,,,Provisional/Provisoire,,
05EA002,2026-07-24T08:55:00Z,46,2.276,,,Provisional/Provisoire,,
05EA002,2026-07-24T09:00:00Z,46,2.276,,,Provisional/Provisoire,,
05EA002,2026-07-24T09:05:00Z,46,2.275,,,Provisional/Provisoire,,
05EA002,2026-07-24T09:10:00Z,46,2.277,,,Provisional/Provisoire,,
05EA002,2026-07-24T09:15:00Z,46,2.277,,,Provisional/Provisoire,,
05EA002,2026-07-24T09:20:00Z,46,2.276,,,Provisional/Provisoire,,
05EA002,2026-07-24T09:25:00Z,46,2.277,,,Provisional/Provisoire,,
05EA002,2026-07-24T09:30:00Z,46,2.279,,,Provisional/Provisoire,,
05EA002,2026-07-24T09:35:00Z,46,2.276,,,Provisional/Provisoire,,
05EA002,2026-07-24T09:40:00Z,46,2.284,,,Provisional/Provisoire,,
05EA002,2026-07-24T09:45:00Z,46,2.285,,,Provisional/Provisoire,,
05EA002,2026-07-24T09:50:00Z,46,2.287,,,Provisional/Provisoire,,
05EA002,2026-07-24T09:55:00Z,46,2.283,,,Provisional/Provisoire,,
05EA002,2026-07-24T10:00:00Z,46,2.285,,,Provisional/Provisoire,,
05EA002,2026-07-24T10:05:00Z,46,2.284,,,Provisional/Provisoire,,
05EA002,2026-07-24T10:10:00Z,46,2.282,,,Provisional/Provisoire,,
05EA002,2026-07-24T10:15:00Z,46,2.281,,,Provisional/Provisoire,,
05EA002,2026-07-24T10:20:00Z,46,2.280,,,Provisional/Provisoire,,
05EA002,2026-07-24T10:25:00Z,46,2.280,,,Provisional/Provisoire,,
05EA002,2026-07-24T10:30:00Z,46,2.280,,,Provisional/Provisoire,,
05EA002,2026-07-24T10:35:00Z,46,2.280,,,Provisional/Provisoire,,
05EA002,2026-07-24T10:40:00Z,46,2.280,,,Provisional/Provisoire,,
05EA002,2026-07-24T10:45:00Z,46,2.278,,,Provisional/Provisoire,,
05EA002,2026-07-24T10:50:00Z,46,2.278,,,Provisional/Provisoire,,
05EA002,2026-07-24T10:55:00Z,46,2.278,,,Provisional/Provisoire,,
05EA002,2026-07-24T11:00:00Z,46,2.278,,,Provisional/Provisoire,,
05EA002,2026-07-24T11:05:00Z,46,2.276,,,Provisional/Provisoire,,
05EA002,2026-07-24T11:10:00Z,46,2.277,,,Provisional/Provisoire,,
05EA002,2026-07-24T11:15:00Z,46,2.277,,,Provisional/Provisoire,,
05EA002,2026-07-24T11:20:00Z,46,2.276,,,Provisional/Provisoire,,
05EA002,2026-07-24T11:25:00Z,46,2.275,,,Provisional/Provisoire,,
05EA002,2026-07-24T11:30:00Z,46,2.276,,,Provisional/Provisoire,,
05EA002,2026-07-24T11:35:00Z,46,2.274,,,Provisional/Provisoire,,
05EA002,2026-07-24T11:40:00Z,46,2.275,,,Provisional/Provisoire,,
05EA002,2026-07-24T11:45:00Z,46,2.274,,,Provisional/Provisoire,,
05EA002,2026-07-24T11:50:00Z,46,2.273,,,Provisional/Provisoire,,
05EA002,2026-07-24T11:55:00Z,46,2.274,,,Provisional/Provisoire,,
05EA002,2026-07-24T12:00:00Z,46,2.274,,,Provisional/Provisoire,,
05EA002,2026-07-24T12:05:00Z,46,2.274,,,Provisional/Provisoire,,
05EA002,2026-07-24T12:10:00Z,46,2.274,,,Provisional/Provisoire,,
05EA002,2026-07-24T12:15:00Z,46,2.274,,,Provisional/Provisoire,,
05EA002,2026-07-24T12:20:00Z,46,2.274,,,Provisional/Provisoire,,
05EA002,2026-07-24T12:25:00Z,46,2.273,,,Provisional/Provisoire,,
05EA002,2026-07-24T12:30:00Z,46,2.273,,,Provisional/Provisoire,,
05EA002,2026-07-24T12:35:00Z,46,2.273,,,Provisional/Provisoire,,
05EA002,2026-07-24T12:40:00Z,46,2.271,,,Provisional/Provisoire,,
05EA002,2026-07-24T12:45:00Z,46,2.273,,,Provisional/Provisoire,,
05EA002,2026-07-24T12:50:00Z,46,2.272,,,Provisional/Provisoire,,
05EA002,2026-07-24T12:55:00Z,46,2.270,,,Provisional/Provisoire,,
05EA002,2026-07-24T13:00:00Z,46,2.272,,,Provisional/Provisoire,,
05EA002,2026-07-24T13:05:00Z,46,2.272,,,Provisional/Provisoire,,
05EA002,2026-07-24T13:10:00Z,46,2.272,,,Provisional/Provisoire,,
05EA002,2026-07-24T13:15:00Z,46,2.272,,,Provisional/Provisoire,,
05EA002,2026-07-24T13:20:00Z,46,2.273,,,Provisional/Provisoire,,
05EA002,2026-07-24T13:25:00Z,46,2.272,,,Provisional/Provisoire,,
05EA002,2026-07-24T13:30:00Z,46,2.273,,,Provisional/Provisoire,,
05EA002,2026-07-24T13:35:00Z,46,2.271,,,Provisional/Provisoire,,
05EA002,2026-07-24T13:40:00Z,46,2.273,,,Provisional/Provisoire,,
05EA002,2026-07-24T13:45:00Z,46,2.271,,,Provisional/Provisoire,,
05EA002,2026-07-24T13:50:00Z,46,2.271,,,Provisional/Provisoire,,
05EA002,2026-07-24T13:55:00Z,46,2.272,,,Provisional/Provisoire,,
05EA002,2026-07-24T14:00:00Z,46,2.273,,,Provisional/Provisoire,,
05EA002,2026-07-24T14:05:00Z,46,2.270,,,Provisional/Provisoire,,
05EA002,2026-07-24T14:10:00Z,46,2.272,,,Provisional/Provisoire,,
05EA002,2026-07-24T14:15:00Z,46,2.270,,,Provisional/Provisoire,,
05EA002,2026-07-24T14:20:00Z,46,2.268,,,Provisional/Provisoire,,
05EA002,2026-07-24T14:25:00Z,46,2.269,,,Provisional/Provisoire,,
05EA002,2026-07-24T14:30:00Z,46,2.270,,,Provisional/Provisoire,,
05EA002,2026-07-24T14:35:00Z,46,2.269,,,Provisional/Provisoire,,
05EA002,2026-07-24T14:40:00Z,46,2.270,,,Provisional/Provisoire,,
05EA002,2026-07-24T14:45:00Z,46,2.269,,,Provisional/Provisoire,,
05EA002,2026-07-24T14:50:00Z,46,2.270,,,Provisional/Provisoire,,
05EA002,2026-07-24T14:55:00Z,46,2.270,,,Provisional/Provisoire,,
05EA002,2026-07-24T15:00:00Z,46,2.270,,,Provisional/Provisoire,,
05EA002,2026-07-24T15:05:00Z,46,2.269,,,Provisional/Provisoire,,
05EA002,2026-07-24T15:10:00Z,46,2.271,,,Provisional/Provisoire,,
05EA002,2026-07-24T15:15:00Z,46,2.269,,,Provisional/Provisoire,,
05EA002,2026-07-24T15:20:00Z,46,2.271,,,Provisional/Provisoire,,
05EA002,2026-07-24T15:25:00Z,46,2.272,,,Provisional/Provisoire,,
05EA002,2026-07-24T15:30:00Z,46,2.272,,,Provisional/Provisoire,,
05EA002,2026-07-24T15:35:00Z,46,2.271,,,Provisional/Provisoire,,
05EA002,2026-07-24T15:40:00Z,46,2.272,,,Provisional/Provisoire,,
05EA002,2026-07-24T15:45:00Z,46,2.271,,,Provisional/Provisoire,,
05EA002,2026-07-24T15:50:00Z,46,2.271,,,Provisional/Provisoire,,
05EA002,2026-07-24T15:55:00Z,46,2.271,,,Provisional/Provisoire,,
05EA002,2026-07-24T16:00:00Z,46,2.272,,,Provisional/Provisoire,,
05EA002,2026-07-24T16:05:00Z,46,2.273,,,Provisional/Provisoire,,
05EA002,2026-07-24T16:10:00Z,46,2.272,,,Provisional/Provisoire,,
05EA002,2026-07-24T16:15:00Z,46,2.272,,,Provisional/Provisoire,,
05EA002,2026-07-24T16:20:00Z,46,2.271,,,Provisional/Provisoire,,
05EA002,2026-07-24T16:25:00Z,46,2.272,,,Provisional/Provisoire,,
05EA002,2026-07-24T16:30:00Z,46,2.272,,,Provisional/Provisoire,,
05EA002,2026-07-24T16:35:00Z,46,2.270,,,Provisional/Provisoire,,
05EA002,2026-07-24T16:40:00Z,46,2.271,,,Provisional/Provisoire,,
05EA002,2026-07-24T16:45:00Z,46,2.271,,,Provisional/Provisoire,,
05EA002,2026-07-24T16:50:00Z,46,2.271,,,Provisional/Provisoire,,
05EA002,2026-07-24T16:55:00Z,46,2.269,,,Provisional/Provisoire,,
05EA002,2026-07-24T17:00:00Z,46,2.272,,,Provisional/Provisoire,,
05EA002,2026-07-24T17:05:00Z,46,2.269,,,Provisional/Provisoire,,
05EA002,2026-07-24T17:10:00Z,46,2.271,,,Provisional/Provisoire,,
05EA002,2026-07-24T17:15:00Z,46,2.271,,,Provisional/Provisoire,,
05EA002,2026-07-24T17:20:00Z,46,2.270,,,Provisional/Provisoire,,
05EA002,2026-07-24T17:25:00Z,46,2.269,,,Provisional/Provisoire,,
05EA002,2026-07-24T17:30:00Z,46,2.271,,,Provisional/Provisoire,,
05EA002,2026-07-24T17:35:00Z,46,2.269,,,Provisional/Provisoire,,
05EA002,2026-07-24T17:40:00Z,46,2.270,,,Provisional/Provisoire,,
05EA002,2026-07-24T17:45:00Z,46,2.269,,,Provisional/Provisoire,,
05EA002,2026-07-24T17:50:00Z,46,2.268,,,Provisional/Provisoire,,
05EA002,2026-07-24T17:55:00Z,46,2.269,,,Provisional/Provisoire,,
05EA002,2026-07-24T18:00:00Z,46,2.270,,,Provisional/Provisoire,,
05EA002,2026-07-24T18:05:00Z,46,2.267,,,Provisional/Provisoire,,
05EA002,2026-07-24T18:10:00Z,46,2.268,,,Provisional/Provisoire,,
05EA002,2026-07-24T18:15:00Z,46,2.268,,,Provisional/Provisoire,,
05EA002,2026-07-24T18:20:00Z,46,2.266,,,Provisional/Provisoire,,
05EA002,2026-07-24T18:25:00Z,46,2.267,,,Provisional/Provisoire,,
05EA002,2026-07-24T18:30:00Z,46,2.267,,,Provisional/Provisoire,,
05EA002,2026-07-24T18:35:00Z,46,2.267,,,Provisional/Provisoire,,
05EA002,2026-07-24T18:40:00Z,46,2.267,,,Provisional/Provisoire,,
05EA002,2026-07-24T18:45:00Z,46,2.267,,,Provisional/Provisoire,,
05EA002,2026-07-24T18:50:00Z,46,2.266,,,Provisional/Provisoire,,
05EA002,2026-07-24T18:55:00Z,46,2.267,,,Provisional/Provisoire,,
05EA002,2026-07-24T19:00:00Z,46,2.266,,,Provisional/Provisoire,,
05EA002,2026-07-24T19:05:00Z,46,2.266,,,Provisional/Provisoire,,
05EA002,2026-07-24T19:10:00Z,46,2.265,,,Provisional/Provisoire,,
05EA002,2026-07-24T19:15:00Z,46,2.267,,,Provisional/Provisoire,,
05EA002,2026-07-24T19:20:00Z,46,2.268,,,Provisional/Provisoire,,
05EA002,2026-07-24T19:25:00Z,46,2.267,,,Provisional/Provisoire,,
05EA002,2026-07-24T19:30:00Z,46,2.267,,,Provisional/Provisoire,,
05EA002,2026-07-24T19:35:00Z,46,2.266,,,Provisional/Provisoire,,
05EA002,2026-07-24T19:40:00Z,46,2.264,,,Provisional/Provisoire,,
05EA002,2026-07-24T19:45:00Z,46,2.266,,,Provisional/Provisoire,,
05EA002,2026-07-24T19:50:00Z,46,2.265,,,Provisional/Provisoire,,
05EA002,2026-07-24T19:55:00Z,46,2.265,,,Provisional/Provisoire,,
05EA002,2026-07-24T20:00:00Z,46,2.265,,,Provisional/Provisoire,,
05EA002,2026-07-24T20:05:00Z,46,2.264,,,Provisional/Provisoire,,
05EA002,2026-07-24T20:10:00Z,46,2.265,,,Provisional/Provisoire,,
05EA002,2026-07-24T20:15:00Z,46,2.263,,,Provisional/Provisoire,,
05EA002,2026-07-24T20:20:00Z,46,2.265,,,Provisional/Provisoire,,
05EA002,2026-07-24T20:25:00Z,46,2.265,,,Provisional/Provisoire,,
05EA002,2026-07-24T20:30:00Z,46,2.264,,,Provisional/Provisoire,,
05EA002,2026-07-24T20:35:00Z,46,2.263,,,Provisional/Provisoire,,
05EA002,2026-07-24T20:40:00Z,46,2.261,,,Provisional/Provisoire,,
05EA002,2026-07-24T20:45:00Z,46,2.262,,,Provisional/Provisoire,,
05EA002,2026-07-24T20:50:00Z,46,2.260,,,Provisional/Provisoire,,
05EA002,2026-07-24T20:55:00Z,46,2.262,,,Provisional/Provisoire,,
05EA002,2026-07-24T21:00:00Z,46,2.260,,,Provisional/Provisoire,,
05EA002,2026-07-24T21:05:00Z,46,2.258,,,Provisional/Provisoire,,
05EA002,2026-07-24T21:10:00Z,46,2.261,,,Provisional/Provisoire,,
05EA002,2026-07-24T21:15:00Z,46,2.261,,,Provisional/Provisoire,,
05EA002,2026-07-24T21:20:00Z,46,2.261,,,Provisional/Provisoire,,
05EA002,2026-07-24T21:25:00Z,46,2.261,,,Provisional/Provisoire,,
05EA002,2026-07-24T21:30:00Z,46,2.261,,,Provisional/Provisoire,,
05EA002,2026-07-24T21:35:00Z,46,2.259,,,Provisional/Provisoire,,
05EA002,2026-07-24T21:40:00Z,46,2.260,,,Provisional/Provisoire,,
05EA002,2026-07-24T21:45:00Z,46,2.259,,,Provisional/Provisoire,,
05EA002,2026-07-24T21:50:00Z,46,2.261,,,Provisional/Provisoire,,
05EA002,2026-07-24T21:55:00Z,46,2.259,,,Provisional/Provisoire,,
05EA002,2026-07-24T22:00:00Z,46,2.260,,,Provisional/Provisoire,,
05EA002,2026-07-24T22:05:00Z,46,2.260,,,Provisional/Provisoire,,
05EA002,2026-07-24T22:10:00Z,46,2.259,,,Provisional/Provisoire,,
05EA002,2026-07-24T22:15:00Z,46,2.259,,,Provisional/Provisoire,,
05EA002,2026-07-24T22:20:00Z,46,2.258,,,Provisional/Provisoire,,
05EA002,2026-07-24T22:25:00Z,46,2.259,,,Provisional/Provisoire,,
05EA002,2026-07-24T22:30:00Z,46,2.257,,,Provisional/Provisoire,,
05EA002,2026-07-24T22:35:00Z,46,2.258,,,Provisional/Provisoire,,
05EA002,2026-07-24T22:40:00Z,46,2.259,,,Provisional/Provisoire,,
05EA002,2026-07-24T22:45:00Z,46,2.257,,,Provisional/Provisoire,,
05EA002,2026-07-24T22:50:00Z,46,2.257,,,Provisional/Provisoire,,
05EA002,2026-07-24T22:55:00Z,46,2.257,,,Provisional/Provisoire,,
05EA002,2026-07-24T23:00:00Z,46,2.255,,,Provisional/Provisoire,,
05EA002,2026-07-24T23:05:00Z,46,2.257,,,Provisional/Provisoire,,
05EA002,2026-07-24T23:10:00Z,46,2.255,,,Provisional/Provisoire,,
05EA002,2026-07-24T23:15:00Z,46,2.254,,,Provisional/Provisoire,,
05EA002,2026-07-24T23:20:00Z,46,2.254,,,Provisional/Provisoire,,
05EA002,2026-07-24T23:25:00Z,46,2.257,,,Provisional/Provisoire,,
05EA002,2026-07-24T23:30:00Z,46,2.256,,,Provisional/Provisoire,,
05EA002,2026-07-24T23:35:00Z,46,2.256,,,Provisional/Provisoire,,
05EA002,2026-07-24T23:40:00Z,46,2.255,,,Provisional/Provisoire,,
05EA002,2026-07-24T23:45:00Z,46,2.255,,,Provisional/Provisoire,,
05EA002,2026-07-24T23:50:00Z,46,2.252,,,Provisional/Provisoire,,
05EA002,2026-07-24T23:55:00Z,46,2.254,,,Provisional/Provisoire,,
05EA002,2026-07-25T00:00:00Z,46,2.254,,,Provisional/Provisoire,,
05EA002,2026-07-25T00:05:00Z,46,2.253,,,Provisional/Provisoire,,
05EA002,2026-07-25T00:10:00Z,46,2.254,,,Provisional/Provisoire,,
05EA002,2026-07-25T00:15:00Z,46,2.254,,,Provisional/Provisoire,,
05EA002,2026-07-25T00:20:00Z,46,2.253,,,Provisional/Provisoire,,
05EA002,2026-07-25T00:25:00Z,46,2.255,,,Provisional/Provisoire,,
05EA002,2026-07-25T00:30:00Z,46,2.254,,,Provisional/Provisoire,,
05EA002,2026-07-25T00:35:00Z,46,2.252,,,Provisional/Provisoire,,
05EA002,2026-07-25T00:40:00Z,46,2.253,,,Provisional/Provisoire,,
05EA002,2026-07-25T00:45:00Z,46,2.252,,,Provisional/Provisoire,,
05EA002,2026-07-25T00:50:00Z,46,2.252,,,Provisional/Provisoire,,
05EA002,2026-07-25T00:55:00Z,46,2.253,,,Provisional/Provisoire,,
05EA002,2026-07-25T01:00:00Z,46,2.251,,,Provisional/Provisoire,,
05EA002,2026-07-25T01:05:00Z,46,2.252,,,Provisional/Provisoire,,
05EA002,2026-07-25T01:10:00Z,46,2.251,,,Provisional/Provisoire,,
05EA002,2026-07-25T01:15:00Z,46,2.250,,,Provisional/Provisoire,,
05EA002,2026-07-25T01:20:00Z,46,2.251,,,Provisional/Provisoire,,
05EA002,2026-07-25T01:25:00Z,46,2.252,,,Provisional/Provisoire,,
05EA002,2026-07-25T01:30:00Z,46,2.250,,,Provisional/Provisoire,,
05EA002,2026-07-25T01:35:00Z,46,2.251,,,Provisional/Provisoire,,
05EA002,2026-07-25T01:40:00Z,46,2.250,,,Provisional/Provisoire,,
05EA002,2026-07-25T01:45:00Z,46,2.250,,,Provisional/Provisoire,,
05EA002,2026-07-25T01:50:00Z,46,2.250,,,Provisional/Provisoire,,
05EA002,2026-07-25T01:55:00Z,46,2.251,,,Provisional/Provisoire,,
05EA002,2026-07-25T02:00:00Z,46,2.251,,,Provisional/Provisoire,,
05EA002,2026-07-25T02:05:00Z,46,2.250,,,Provisional/Provisoire,,
05EA002,2026-07-25T02:10:00Z,46,2.250,,,Provisional/Provisoire,,
05EA002,2026-07-25T02:15:00Z,46,2.249,,,Provisional/Provisoire,,
05EA002,2026-07-25T02:20:00Z,46,2.249,,,Provisional/Provisoire,,
05EA002,2026-07-25T02:25:00Z,46,2.249,,,Provisional/Provisoire,,
05EA002,2026-07-25T02:30:00Z,46,2.249,,,Provisional/Provisoire,,
05EA002,2026-07-25T02:35:00Z,46,2.250,,,Provisional/Provisoire,,
05EA002,2026-07-25T02:40:00Z,46,2.249,,,Provisional/Provisoire,,
05EA002,2026-07-25T02:45:00Z,46,2.248,,,Provisional/Provisoire,,
05EA002,2026-07-25T02:50:00Z,46,2.247,,,Provisional/Provisoire,,
05EA002,2026-07-25T02:55:00Z,46,2.248,,,Provisional/Provisoire,,
05EA002,2026-07-25T03:00:00Z,46,2.246,,,Provisional/Provisoire,,
05EA002,2026-07-25T03:05:00Z,46,2.245,,,Provisional/Provisoire,,
05EA002,2026-07-25T03:10:00Z,46,2.247,,,Provisional/Provisoire,,
05EA002,2026-07-25T03:15:00Z,46,2.246,,,Provisional/Provisoire,,
05EA002,2026-07-25T03:20:00Z,46,2.246,,,Provisional/Provisoire,,
05EA002,2026-07-25T03:25:00Z,46,2.246,,,Provisional/Provisoire,,
05EA002,2026-07-25T03:30:00Z,46,2.244,,,Provisional/Provisoire,,
05EA002,2026-07-25T03:35:00Z,46,2.246,,,Provisional/Provisoire,,
05EA002,2026-07-25T03:40:00Z,46,2.244,,,Provisional/Provisoire,,
05EA002,2026-07-25T03:45:00Z,46,2.245,,,Provisional/Provisoire,,
05EA002,2026-07-25T03:50:00Z,46,2.244,,,Provisional/Provisoire,,
05EA002,2026-07-25T03:55:00Z,46,2.244,,,Provisional/Provisoire,,
05EA002,2026-07-25T04:00:00Z,46,2.244,,,Provisional/Provisoire,,
05EA002,2026-07-25T04:05:00Z,46,2.245,,,Provisional/Provisoire,,
05EA002,2026-07-25T04:10:00Z,46,2.243,,,Provisional/Provisoire,,
05EA002,2026-07-25T04:15:00Z,46,2.243,,,Provisional/Provisoire,,
05EA002,2026-07-25T04:20:00Z,46,2.244,,,Provisional/Provisoire,,
05EA002,2026-07-25T04:25:00Z,46,2.243,,,Provisional/Provisoire,,
05EA002,2026-07-25T04:30:00Z,46,2.243,,,Provisional/Provisoire,,
05EA002,2026-07-25T04:35:00Z,46,2.243,,,Provisional/Provisoire,,
05EA002,2026-07-25T04:40:00Z,46,2.241,,,Provisional/Provisoire,,
05EA002,2026-07-25T04:45:00Z,46,2.241,,,Provisional/Provisoire,,
05EA002,2026-07-25T04:50:00Z,46,2.241,,,Provisional/Provisoire,,
05EA002,2026-07-25T04:55:00Z,46,2.241,,,Provisional/Provisoire,,
05EA002,2026-07-25T05:00:00Z,46,2.239,,,Provisional/Provisoire,,
05EA002,2026-07-25T05:05:00Z,46,2.241,,,Provisional/Provisoire,,
05EA002,2026-07-25T05:10:00Z,46,2.241,,,Provisional/Provisoire,,
05EA002,2026-07-25T05:15:00Z,46,2.239,,,Provisional/Provisoire,,
05EA002,2026-07-25T05:20:00Z,46,2.242,,,Provisional/Provisoire,,
05EA002,2026-07-25T05:25:00Z,46,2.243,,,Provisional/Provisoire,,
05EA002,2026-07-25T05:30:00Z,46,2.243,,,Provisional/Provisoire,,
05EA002,2026-07-25T05:35:00Z,46,2.241,,,Provisional/Provisoire,,
05EA002,2026-07-25T05:40:00Z,46,2.241,,,Provisional/Provisoire,,
05EA002,2026-07-25T05:45:00Z,46,2.242,,,Provisional/Provisoire,,
05EA002,2026-07-25T05:50:00Z,46,2.238,,,Provisional/Provisoire,,
05EA002,2026-07-25T05:55:00Z,46,2.239,,,Provisional/Provisoire,,
05EA002,2026-07-25T06:00:00Z,46,2.241,,,Provisional/Provisoire,,
05EA002,2026-07-25T06:05:00Z,46,2.240,,,Provisional/Provisoire,,
05EA002,2026-07-25T06:10:00Z,46,2.239,,,Provisional/Provisoire,,
05EA002,2026-07-25T06:15:00Z,46,2.238,,,Provisional/Provisoire,,
05EA002,2026-07-25T06:20:00Z,46,2.239,,,Provisional/Provisoire,,
05EA002,2026-07-25T06:25:00Z,46,2.239,,,Provisional/Provisoire,,
05EA002,2026-07-25T06:30:00Z,46,2.238,,,Provisional/Provisoire,,
05EA002,2026-07-25T06:35:00Z,46,2.237,,,Provisional/Provisoire,,
05EA002,2026-07-25T06:40:00Z,46,2.237,,,Provisional/Provisoire,,
05EA002,2026-07-25T06:45:00Z,46,2.238,,,Provisional/Provisoire,,
05EA002,2026-07-25T06:50:00Z,46,2.238,,,Provisional/Provisoire,,
05EA002,2026-07-25T06:55:00Z,46,2.238,,,Provisional/Provisoire,,
05EA002,2026-07-25T07:00:00Z,46,2.236,,,Provisional/Provisoire,,
05EA002,2026-07-25T07:05:00Z,46,2.238,,,Provisional/Provisoire,,
05EA002,2026-07-25T07:10:00Z,46,2.237,,,Provisional/Provisoire,,
05EA002,2026-07-25T07:15:00Z,46,2.237,,,Provisional/Provisoire,,
05EA002,2026-07-25T07:20:00Z,46,2.237,,,Provisional/Provisoire,,
05EA002,2026-07-25T07:25:00Z,46,2.237,,,Provisional/Provisoire,,
05EA002,2026-07-25T07:30:00Z,46,2.237,,,Provisional/Provisoire,,
05EA002,2026-07-25T07:35:00Z,46,2.236,,,Provisional/Provisoire,,
05EA002,2026-07-25T07:40:00Z,46,2.235,,,Provisional/Provisoire,,
05EA002,2026-07-25T07:45:00Z,46,2.236,,,Provisional/Provisoire,,
05EA002,2026-07-25T07:50:00Z,46,2.235,,,Provisional/Provisoire,,
05EA002,2026-07-25T07:55:00Z,46,2.236,,,Provisional/Provisoire,,
05EA002,2026-07-25T08:00:00Z,46,2.236,,,Provisional/Provisoire,,
05EA002,2026-07-25T08:05:00Z,46,2.237,,,Provisional/Provisoire,,
05EA002,2026-07-25T08:10:00Z,46,2.235,,,Provisional/Provisoire,,
05EA002,2026-07-25T08:15:00Z,46,2.237,,,Provisional/Provisoire,,
05EA002,2026-07-25T08:20:00Z,46,2.237,,,Provisional/Provisoire,,
05EA002,2026-07-25T08:25:00Z,46,2.236,,,Provisional/Provisoire,,
05EA002,2026-07-25T08:30:00Z,46,2.236,,,Provisional/Provisoire,,
05EA002,2026-07-25T08:35:00Z,46,2.236,,,Provisional/Provisoire,,
05EA002,2026-07-25T08:40:00Z,46,2.235,,,Provisional/Provisoire,,
05EA002,2026-07-25T08:45:00Z,46,2.235,,,Provisional/Provisoire,,
05EA002,2026-07-25T08:50:00Z,46,2.236,,,Provisional/Provisoire,,
05EA002,2026-07-25T08:55:00Z,46,2.236,,,Provisional/Provisoire,,
05EA002,2026-07-25T09:00:00Z,46,2.235,,,Provisional/Provisoire,,
05EA002,2026-07-25T09:05:00Z,46,2.235,,,Provisional/Provisoire,,
05EA002,2026-07-25T09:10:00Z,46,2.235,,,Provisional/Provisoire,,
05EA002,2026-07-25T09:15:00Z,46,2.236,,,Provisional/Provisoire,,
05EA002,2026-07-25T09:20:00Z,46,2.235,,,Provisional/Provisoire,,
05EA002,2026-07-25T09:25:00Z,46,2.235,,,Provisional/Provisoire,,
05EA002,2026-07-25T09:30:00Z,46,2.235,,,Provisional/Provisoire,,
05EA002,2026-07-25T09:35:00Z,46,2.234,,,Provisional/Provisoire,,
05EA002,2026-07-25T09:40:00Z,46,2.235,,,Provisional/Provisoire,,
05EA002,2026-07-25T09:45:00Z,46,2.234,,,Provisional/Provisoire,,
05EA002,2026-07-25T09:50:00Z,46,2.235,,,Provisional/Provisoire,,
05EA002,2026-07-25T09:55:00Z,46,2.234,,,Provisional/Provisoire,,
05EA002,2026-07-25T10:00:00Z,46,2.234,,,Provisional/Provisoire,,
05EA002,2026-07-25T10:05:00Z,46,2.234,,,Provisional/Provisoire,,
05EA002,2026-07-25T10:10:00Z,46,2.236,,,Provisional/Provisoire,,
05EA002,2026-07-25T10:15:00Z,46,2.236,,,Provisional/Provisoire,,
05EA002,2026-07-25T10:20:00Z,46,2.236,,,Provisional/Provisoire,,
05EA002,2026-07-25T10:25:00Z,46,2.234,,,Provisional/Provisoire,,
05EA002,2026-07-25T10:30:00Z,46,2.234,,,Provisional/Provisoire,,
05EA002,2026-07-25T10:35:00Z,46,2.235,,,Provisional/Provisoire,,
05EA002,2026-07-25T10:40:00Z,46,2.235,,,Provisional/Provisoire,,
05EA002,2026-07-25T10:45:00Z,46,2.234,,,Provisional/Provisoire,,
05EA002,2026-07-25T10:50:00Z,46,2.234,,,Provisional/Provisoire,,
05EA002,2026-07-25T10:55:00Z,46,2.234,,,Provisional/Provisoire,,
05EA002,2026-07-25T11:00:00Z,46,2.233,,,Provisional/Provisoire,,
05EA002,2026-07-25T11:05:00Z,46,2.233,,,Provisional/Provisoire,,
05EA002,2026-07-25T11:10:00Z,46,2.233,,,Provisional/Provisoire,,
05EA002,2026-07-25T11:15:00Z,46,2.231,,,Provisional/Provisoire,,
05EA002,2026-07-25T11:20:00Z,46,2.232,,,Provisional/Provisoire,,
05EA002,2026-07-25T11:25:00Z,46,2.232,,,Provisional/Provisoire,,
05EA002,2026-07-25T11:30:00Z,46,2.230,,,Provisional/Provisoire,,
05EA002,2026-07-25T11:35:00Z,46,2.231,,,Provisional/Provisoire,,
05EA002,2026-07-25T11:40:00Z,46,2.231,,,Provisional/Provisoire,,
05EA002,2026-07-25T11:45:00Z,46,2.230,,,Provisional/Provisoire,,
05EA002,2026-07-25T11:50:00Z,46,2.231,,,Provisional/Provisoire,,
05EA002,2026-07-25T11:55:00Z,46,2.230,,,Provisional/Provisoire,,
05EA002,2026-07-25T12:00:00Z,46,2.231,,,Provisional/Provisoire,,
05EA002,2026-07-25T12:05:00Z,46,2.231,,,Provisional/Provisoire,,
05EA002,2026-07-25T12:10:00Z,46,2.229,,,Provisional/Provisoire,,
05EA002,2026-07-25T12:15:00Z,46,2.230,,,Provisional/Provisoire,,
05EA002,2026-07-25T12:20:00Z,46,2.230,,,Provisional/Provisoire,,
05EA002,2026-07-25T12:25:00Z,46,2.231,,,Provisional/Provisoire,,
05EA002,2026-07-25T12:30:00Z,46,2.231,,,Provisional/Provisoire,,
05EA002,2026-07-25T12:35:00Z,46,2.230,,,Provisional/Provisoire,,
05EA002,2026-07-25T12:40:00Z,46,2.231,,,Provisional/Provisoire,,
05EA002,2026-07-25T12:45:00Z,46,2.231,,,Provisional/Provisoire,,
05EA002,2026-07-25T12:50:00Z,46,2.231,,,Provisional/Provisoire,,
05EA002,2026-07-25T12:55:00Z,46,2.230,,,Provisional/Provisoire,,
05EA002,2026-07-25T13:00:00Z,46,2.231,,,Provisional/Provisoire,,
05EA002,2026-07-25T13:05:00Z,46,2.231,,,Provisional/Provisoire,,
05EA002,2026-07-25T13:10:00Z,46,2.232,,,Provisional/Provisoire,,
05EA002,2026-07-25T13:15:00Z,46,2.229,,,Provisional/Provisoire,,
05EA002,2026-07-25T13:20:00Z,46,2.231,,,Provisional/Provisoire,,
05EA002,2026-07-25T13:25:00Z,46,2.232,,,Provisional/Provisoire,,
05EA002,2026-07-25T13:30:00Z,46,2.231,,,Provisional/Provisoire,,
05EA002,2026-07-25T13:35:00Z,46,2.230,,,Provisional/Provisoire,,
05EA002,2026-07-25T13:40:00Z,46,2.229,,,Provisional/Provisoire,,
05EA002,2026-07-25T13:45:00Z,46,2.231,,,Provisional/Provisoire,,
05EA002,2026-07-25T13:50:00Z,46,2.231,,,Provisional/Provisoire,,
05EA002,2026-07-25T13:55:00Z,46,2.229,,,Provisional/Provisoire,,
05EA002,2026-07-25T14:00:00Z,46,2.230,,,Provisional/Provisoire,,
05EA002,2026-07-25T14:05:00Z,46,2.228,,,Provisional/Provisoire,,
05EA002,2026-07-25T14:10:00Z,46,2.225,,,Provisional/Provisoire,,
05EA002,2026-07-25T14:15:00Z,46,2.228,,,Provisional/Provisoire,,
05EA002,2026-07-25T14:20:00Z,46,2.227,,,Provisional/Provisoire,,
05EA002,2026-07-25T14:25:00Z,46,2.227,,,Provisional/Provisoire,,
05EA002,2026-07-25T14:30:00Z,46,2.227,,,Provisional/Provisoire,,
05EA002,2026-07-25T14:35:00Z,46,2.226,,,Provisional/Provisoire,,
05EA002,2026-07-25T14:40:00Z,46,2.226,,,Provisional/Provisoire,,
05EA002,2026-07-25T14:45:00Z,46,2.225,,,Provisional/Provisoire,,
05EA002,2026-07-25T14:50:00Z,46,2.225,,,Provisional/Provisoire,,
05EA002,2026-07-25T14:55:00Z,46,2.224,,,Provisional/Provisoire,,
05EA002,2026-07-25T15:00:00Z,46,2.226,,,Provisional/Provisoire,,
05EA002,2026-07-25T15:05:00Z,46,2.225,,,Provisional/Provisoire,,
05EA002,2026-07-25T15:10:00Z,46,2.225,,,Provisional/Provisoire,,
05EA002,2026-07-25T15:15:00Z,46,2.226,,,Provisional/Provisoire,,
05EA002,2026-07-25T15:20:00Z,46,2.223,,,Provisional/Provisoire,,
05EA002,2026-07-25T15:25:00Z,46,2.225,,,Provisional/Provisoire,,
05EA002,2026-07-25T15:30:00Z,46,2.225,,,Provisional/Provisoire,,
05EA002,2026-07-25T15:35:00Z,46,2.224,,,Provisional/Provisoire,,
05EA002,2026-07-25T15:40:00Z,46,2.223,,,Provisional/Provisoire,,
05EA002,2026-07-25T15:45:00Z,46,2.223,,,Provisional/Provisoire,,
05EA002,2026-07-25T15:50:00Z,46,2.225,,,Provisional/Provisoire,,
05EA002,2026-07-25T15:55:00Z,46,2.223,,,Provisional/Provisoire,,
05EA002,2026-07-25T16:00:00Z,46,2.222,,,Provisional/Provisoire,,
05EA002,2026-07-25T16:05:00Z,46,2.222,,,Provisional/Provisoire,,
05EA002,2026-07-25T16:10:00Z,46,2.222,,,Provisional/Provisoire,,
05EA002,2026-07-25T16:15:00Z,46,2.222,,,Provisional/Provisoire,,
05EA002,2026-07-25T16:20:00Z,46,2.222,,,Provisional/Provisoire,,
05EA002,2026-07-25T16:25:00Z,46,2.221,,,Provisional/Provisoire,,
05EA002,2026-07-25T16:30:00Z,46,2.220,,,Provisional/Provisoire,,
05EA002,2026-07-25T16:35:00Z,46,2.220,,,Provisional/Provisoire,,
05EA002,2026-07-25T16:40:00Z,46,2.220,,,Provisional/Provisoire,,
05EA002,2026-07-25T16:45:00Z,46,2.219,,,Provisional/Provisoire,,
05EA002,2026-07-25T16:50:00Z,46,2.219,,,Provisional/Provisoire,,
05EA002,2026-07-25T16:55:00Z,46,2.218,,,Provisional/Provisoire,,
05EA002,2026-07-25T17:00:00Z,46,2.217,,,Provisional/Provisoire,,
05EA002,2026-07-25T17:05:00Z,46,2.217,,,Provisional/Provisoire,,
05EA002,2026-07-25T17:10:00Z,46,2.219,,,Provisional/Provisoire,,
05EA002,2026-07-25T17:15:00Z,46,2.217,,,Provisional/Provisoire,,
05EA002,2026-07-25T17:20:00Z,46,2.217,,,Provisional/Provisoire,,
05EA002,2026-07-25T17:25:00Z,46,2.217,,,Provisional/Provisoire,,
05EA002,2026-07-25T17:30:00Z,46,2.217,,,Provisional/Provisoire,,
05EA002,2026-07-25T17:35:00Z,46,2.216,,,Provisional/Provisoire,,
05EA002,2026-07-25T17:40:00Z,46,2.216,,,Provisional/Provisoire,,
05EA002,2026-07-25T17:45:00Z,46,2.216,,,Provisional/Provisoire,,
05EA002,2026-07-25T17:50:00Z,46,2.215,,,Provisional/Provisoire,,
05EA002,2026-07-25T17:55:00Z,46,2.216,,,Provisional/Provisoire,,
05EA002,2026-07-25T18:00:00Z,46,2.215,,,Provisional/Provisoire,,
05EA002,2026-07-25T18:05:00Z,46,2.215,,,Provisional/Provisoire,,
05EA002,2026-07-25T18:10:00Z,46,2.214,,,Provisional/Provisoire,,
05EA002,2026-07-25T18:15:00Z,46,2.214,,,Provisional/Provisoire,,
05EA002,2026-07-25T18:20:00Z,46,2.214,,,Provisional/Provisoire,,
05EA002,2026-07-25T18:25:00Z,46,2.211,,,Provisional/Provisoire,,
05EA002,2026-07-25T18:30:00Z,46,2.213,,,Provisional/Provisoire,,
05EA002,2026-07-25T18:35:00Z,46,2.211,,,Provisional/Provisoire,,
05EA002,2026-07-25T18:40:00Z,46,2.211,,,Provisional/Provisoire,,
05EA002,2026-07-25T18:45:00Z,46,2.209,,,Provisional/Provisoire,,
05EA002,2026-07-25T18:50:00Z,46,2.210,,,Provisional/Provisoire,,
05EA002,2026-07-25T18:55:00Z,46,2.208,,,Provisional/Provisoire,,
05EA002,2026-07-25T19:00:00Z,46,2.207,,,Provisional/Provisoire,,
05EA002,2026-07-25T19:05:00Z,46,2.207,,,Provisional/Provisoire,,
05EA002,2026-07-25T19:10:00Z,46,2.206,,,Provisional/Provisoire,,
05EA002,2026-07-25T19:15:00Z,46,2.207,,,Provisional/Provisoire,,
05EA002,2026-07-25T19:20:00Z,46,2.206,,,Provisional/Provisoire,,
05EA002,2026-07-25T19:25:00Z,46,2.204,,,Provisional/Provisoire,,
05EA002,2026-07-25T19:30:00Z,46,2.205,,,Provisional/Provisoire,,
05EA002,2026-07-25T19:35:00Z,46,2.206,,,Provisional/Provisoire,,
05EA002,2026-07-25T19:40:00Z,46,2.204,,,Provisional/Provisoire,,
05EA002,2026-07-25T19:45:00Z,46,2.204,,,Provisional/Provisoire,,
05EA002,2026-07-25T19:50:00Z,46,2.204,,,Provisional/Provisoire,,
05EA002,2026-07-25T19:55:00Z,46,2.204,,,Provisional/Provisoire,,
05EA002,2026-07-25T20:00:00Z,46,2.201,,,Provisional/Provisoire,,
05EA002,2026-07-25T20:05:00Z,46,2.204,,,Provisional/Provisoire,,
05EA002,2026-07-25T20:10:00Z,46,2.204,,,Provisional/Provisoire,,
05EA002,2026-07-25T20:15:00Z,46,2.202,,,Provisional/Provisoire,,
05EA002,2026-07-25T20:20:00Z,46,2.202,,,Provisional/Provisoire,,
05EA002,2026-07-25T20:25:00Z,46,2.205,,,Provisional/Provisoire,,
05EA002,2026-07-25T20:30:00Z,46,2.202,,,Provisional/Provisoire,,
05EA002,2026-07-25T20:35:00Z,46,2.203,,,Provisional/Provisoire,,
05EA002,2026-07-25T20:40:00Z,46,2.204,,,Provisional/Provisoire,,
05EA002,2026-07-25T20:45:00Z,46,2.203,,,Provisional/Provisoire,,
05EA002,2026-07-25T20:50:00Z,46,2.205,,,Provisional/Provisoire,,
05EA002,2026-07-25T20:55:00Z,46,2.205,,,Provisional/Provisoire,,
05EA002,2026-07-25T21:00:00Z,46,2.203,,,Provisional/Provisoire,,
05EA002,2026-07-25T21:05:00Z,46,2.205,,,Provisional/Provisoire,,
05EA002,2026-07-25T21:10:00Z,46,2.206,,,Provisional/Provisoire,,
05EA002,2026-07-25T21:15:00Z,46,2.205,,,Provisional/Provisoire,,
05EA002,2026-07-25T21:20:00Z,46,2.206,,,Provisional/Provisoire,,
05EA002,2026-07-25T21:25:00Z,46,2.204,,,Provisional/Provisoire,,
05EA002,2026-07-25T21:30:00Z,46,2.204,,,Provisional/Provisoire,,
05EA002,2026-07-25T21:35:00Z,46,2.204,,,Provisional/Provisoire,,
05EA002,2026-07-25T21:40:00Z,46,2.205,,,Provisional/Provisoire,,
05EA002,2026-07-25T21:45:00Z,46,2.204,,,Provisional/Provisoire,,
05EA002,2026-07-25T21:50:00Z,46,2.200,,,Provisional/Provisoire,,
05EA002,2026-07-25T21:55:00Z,46,2.201,,,Provisional/Provisoire,,
05EA002,2026-07-25T22:00:00Z,46,2.203,,,Provisional/Provisoire,,
05EA002,2026-07-25T22:05:00Z,46,2.202,,,Provisional/Provisoire,,
05EA002,2026-07-25T22:10:00Z,46,2.202,,,Provisional/Provisoire,,
05EA002,2026-07-25T22:15:00Z,46,2.202,,,Provisional/Provisoire,,
05EA002,2026-07-25T22:20:00Z,46,2.202,,,Provisional/Provisoire,,
05EA002,2026-07-25T22:25:00Z,46,2.200,,,Provisional/Provisoire,,
05EA002,2026-07-25T22:30:00Z,46,2.200,,,Provisional/Provisoire,,
05EA002,2026-07-25T22:35:00Z,46,2.200,,,Provisional/Provisoire,,
05EA002,2026-07-25T22:40:00Z,46,2.202,,,Provisional/Provisoire,,
05EA002,2026-07-25T22:45:00Z,46,2.200,,,Provisional/Provisoire,,
05EA002,2026-07-25T22:50:00Z,46,2.199,,,Provisional/Provisoire,,
05EA002,2026-07-25T22:55:00Z,46,2.196,,,Provisional/Provisoire,,
05EA002,2026-07-25T23:00:00Z,46,2.199,,,Provisional/Provisoire,,
05EA002,2026-07-25T23:05:00Z,46,2.199,,,Provisional/Provisoire,,
05EA002,2026-07-25T23:10:00Z,46,2.199,,,Provisional/Provisoire,,
05EA002,2026-07-25T23:15:00Z,46,2.198,,,Provisional/Provisoire,,
05EA002,2026-07-25T23:20:00Z,46,2.199,,,Provisional/Provisoire,,
05EA002,2026-07-25T23:25:00Z,46,2.197,,,Provisional/Provisoire,,
05EA002,2026-07-25T23:30:00Z,46,2.198,,,Provisional/Provisoire,,
05EA002,2026-07-25T23:35:00Z,46,2.200,,,Provisional/Provisoire,,
05EA002,2026-07-25T23:40:00Z,46,2.197,,,Provisional/Provisoire,,
05EA002,2026-07-25T23:45:00Z,46,2.194,,,Provisional/Provisoire,,
05EA002,2026-07-25T23:50:00Z,46,2.195,,,Provisional/Provisoire,,
05EA002,2026-07-25T23:55:00Z,46,2.194,,,Provisional/Provisoire,,
05EA002,2026-07-26T00:00:00Z,46,2.194,,,Provisional/Provisoire,,
05EA002,2026-07-26T00:05:00Z,46,2.196,,,Provisional/Provisoire,,
05EA002,2026-07-26T00:10:00Z,46,2.195,,,Provisional/Provisoire,,
05EA002,2026-07-26T00:15:00Z,46,2.194,,,Provisional/Provisoire,,
05EA002,2026-07-26T00:20:00Z,46,2.194,,,Provisional/Provisoire,,
05EA002,2026-07-26T00:25:00Z,46,2.193,,,Provisional/Provisoire,,
05EA002,2026-07-26T00:30:00Z,46,2.193,,,Provisional/Provisoire,,
05EA002,2026-07-26T00:35:00Z,46,2.192,,,Provisional/Provisoire,,
05EA002,2026-07-26T00:40:00Z,46,2.192,,,Provisional/Provisoire,,
05EA002,2026-07-26T00:45:00Z,46,2.191,,,Provisional/Provisoire,,
05EA002,2026-07-26T00:50:00Z,46,2.191,,,Provisional/Provisoire,,
05EA002,2026-07-26T00:55:00Z,46,2.189,,,Provisional/Provisoire,,
05EA002,2026-07-26T01:00:00Z,46,2.191,,,Provisional/Provisoire,,
05EA002,2026-07-26T01:05:00Z,46,2.189,,,Provisional/Provisoire,,
05EA002,2026-07-26T01:10:00Z,46,2.189,,,Provisional/Provisoire,,
05EA002,2026-07-26T01:15:00Z,46,2.190,,,Provisional/Provisoire,,
05EA002,2026-07-26T01:20:00Z,46,2.187,,,Provisional/Provisoire,,
05EA002,2026-07-26T01:25:00Z,46,2.186,,,Provisional/Provisoire,,
05EA002,2026-07-26T01:30:00Z,46,2.188,,,Provisional/Provisoire,,
05EA002,2026-07-26T01:35:00Z,46,2.187,,,Provisional/Provisoire,,
05EA002,2026-07-26T01:40:00Z,46,2.185,,,Provisional/Provisoire,,
05EA002,2026-07-26T01:45:00Z,46,2.184,,,Provisional/Provisoire,,
05EA002,2026-07-26T01:50:00Z,46,2.184,,,Provisional/Provisoire,,
05EA002,2026-07-26T01:55:00Z,46,2.184,,,Provisional/Provisoire,,
05EA002,2026-07-26T02:00:00Z,46,2.183,,,Provisional/Provisoire,,
05EA002,2026-07-26T02:05:00Z,46,2.185,,,Provisional/Provisoire,,
05EA002,2026-07-26T02:10:00Z,46,2.186,,,Provisional/Provisoire,,
05EA002,2026-07-26T02:15:00Z,46,2.185,,,Provisional/Provisoire,,
05EA002,2026-07-26T02:20:00Z,46,2.186,,,Provisional/Provisoire,,
05EA002,2026-07-26T02:25:00Z,46,2.184,,,Provisional/Provisoire,,
05EA002,2026-07-26T02:30:00Z,46,2.184,,,Provisional/Provisoire,,
05EA002,2026-07-26T02:35:00Z,46,2.184,,,Provisional/Provisoire,,
05EA002,2026-07-26T02:40:00Z,46,2.185,,,Provisional/Provisoire,,
05EA002,2026-07-26T02:45:00Z,46,2.183,,,Provisional/Provisoire,,
05EA002,2026-07-26T02:50:00Z,46,2.184,,,Provisional/Provisoire,,
05EA002,2026-07-26T02:55:00Z,46,2.183,,,Provisional/Provisoire,,
05EA002,2026-07-26T03:00:00Z,46,2.183,,,Provisional/Provisoire,,
05EA002,2026-07-26T03:05:00Z,46,2.182,,,Provisional/Provisoire,,
05EA002,2026-07-26T03:10:00Z,46,2.182,,,Provisional/Provisoire,,
05EA002,2026-07-26T03:15:00Z,46,2.177,,,Provisional/Provisoire,,
05EA002,2026-07-26T03:20:00Z,46,2.179,,,Provisional/Provisoire,,
05EA002,2026-07-26T03:25:00Z,46,2.176,,,Provisional/Provisoire,,
05EA002,2026-07-26T03:30:00Z,46,2.179,,,Provisional/Provisoire,,
05EA002,2026-07-26T03:35:00Z,46,2.176,,,Provisional/Provisoire,,
05EA002,2026-07-26T03:40:00Z,46,2.190,,,Provisional/Provisoire,,
05EA002,2026-07-26T03:45:00Z,46,2.194,,,Provisional/Provisoire,,
05EA002,2026-07-26T03:50:00Z,46,2.208,,,Provisional/Provisoire,,
05EA002,2026-07-26T03:55:00Z,46,2.258,,,Provisional/Provisoire,,
05EA002,2026-07-26T04:00:00Z,46,2.278,,,Provisional/Provisoire,,
05EA002,2026-07-26T04:05:00Z,46,2.294,,,Provisional/Provisoire,,
05EA002,2026-07-26T04:10:00Z,46,2.295,,,Provisional/Provisoire,,
05EA002,2026-07-26T04:15:00Z,46,2.306,,,Provisional/Provisoire,,
05EA002,2026-07-26T04:20:00Z,46,2.299,,,Provisional/Provisoire,,
05EA002,2026-07-26T04:25:00Z,46,2.281,,,Provisional/Provisoire,,
05EA002,2026-07-26T04:30:00Z,46,2.269,,,Provisional/Provisoire,,
05EA002,2026-07-26T04:35:00Z,46,2.258,,,Provisional/Provisoire,,
05EA002,2026-07-26T04:40:00Z,46,2.245,,,Provisional/Provisoire,,
05EA002,2026-07-26T04:45:00Z,46,2.232,,,Provisional/Provisoire,,
05EA002,2026-07-26T04:50:00Z,46,2.227,,,Provisional/Provisoire,,
05EA002,2026-07-26T04:55:00Z,46,2.227,,,Provisional/Provisoire,,
05EA002,2026-07-26T05:00:00Z,46,2.227,,,Provisional/Provisoire,,
05EA002,2026-07-26T05:05:00Z,46,2.227,,,Provisional/Provisoire,,
05EA002,2026-07-26T05:10:00Z,46,2.225,,,Provisional/Provisoire,,
05EA002,2026-07-26T05:15:00Z,46,2.224,,,Provisional/Provisoire,,
05EA002,2026-07-26T05:20:00Z,46,2.223,,,Provisional/Provisoire,,
05EA002,2026-07-26T05:25:00Z,46,2.222,,,Provisional/Provisoire,,
05EA002,2026-07-26T05:30:00Z,46,2.222,,,Provisional/Provisoire,,
05EA002,2026-07-26T05:35:00Z,46,2.223,,,Provisional/Provisoire,,
05EA002,2026-07-26T05:40:00Z,46,2.223,,,Provisional/Provisoire,,
05EA002,2026-07-26T05:45:00Z,46,2.225,,,Provisional/Provisoire,,
05EA002,2026-07-26T05:50:00Z,46,2.225,,,Provisional/Provisoire,,
05EA002,2026-07-26T05:55:00Z,46,2.227,,,Provisional/Provisoire,,
05EA002,2026-07-26T06:00:00Z,46,2.228,,,Provisional/Provisoire,,
05EA002,2026-07-26T06:05:00Z,46,2.226,,,Provisional/Provisoire,,
05EA002,2026-07-26T06:10:00Z,46,2.227,,,Provisional/Provisoire,,
05EA002,2026-07-26T06:15:00Z,46,2.228,,,Provisional/Provisoire,,
05EA002,2026-07-26T06:20:00Z,46,2.229,,,Provisional/Provisoire,,
05EA002,2026-07-26T06:25:00Z,46,2.228,,,Provisional/Provisoire,,
05EA002,2026-07-26T06:30:00Z,46,2.227,,,Provisional/Provisoire,,
05EA002,2026-07-26T06:35:00Z,46,2.228,,,Provisional/Provisoire,,
05EA002,2026-07-26T06:40:00Z,46,2.229,,,Provisional/Provisoire,,
05EA002,2026-07-26T06:45:00Z,46,2.226,,,Provisional/Provisoire,,
05EA002,2026-07-26T06:50:00Z,46,2.227,,,Provisional/Provisoire,,
05EA002,2026-07-26T06:55:00Z,46,2.225,,,Provisional/Provisoire,,
05EA002,2026-07-26T07:00:00Z,46,2.225,,,Provisional/Provisoire,,
05EA002,2026-07-26T07:05:00Z,46,2.224,,,Provisional/Provisoire,,
05EA002,2026-07-26T07:10:00Z,46,2.222,,,Provisional/Provisoire,,
05EA002,2026-07-26T07:15:00Z,46,2.223,,,Provisional/Provisoire,,
05EA002,2026-07-26T07:20:00Z,46,2.223,,,Provisional/Provisoire,,
05EA002,2026-07-26T07:25:00Z,46,2.223,,,Provisional/Provisoire,,
05EA002,2026-07-26T07:30:00Z,46,2.223,,,Provisional/Provisoire,,
05EA002,2026-07-26T07:35:00Z,46,2.224,,,Provisional/Provisoire,,
05EA002,2026-07-26T07:40:00Z,46,2.226,,,Provisional/Provisoire,,
05EA002,2026-07-26T07:45:00Z,46,2.224,,,Provisional/Provisoire,,
05EA002,2026-07-26T07:50:00Z,46,2.226,,,Provisional/Provisoire,,
05EA002,2026-07-26T07:55:00Z,46,2.226,,,Provisional/Provisoire,,
05EA002,2026-07-26T08:00:00Z,46,2.225,,,Provisional/Provisoire,,
05EA002,2026-07-26T08:05:00Z,46,2.226,,,Provisional/Provisoire,,
05EA002,2026-07-26T08:10:00Z,46,2.226,,,Provisional/Provisoire,,
05EA002,2026-07-26T08:15:00Z,46,2.227,,,Provisional/Provisoire,,
05EA002,2026-07-26T08:20:00Z,46,2.226,,,Provisional/Provisoire,,
05EA002,2026-07-26T08:25:00Z,46,2.226,,,Provisional/Provisoire,,
05EA002,2026-07-26T08:30:00Z,46,2.225,,,Provisional/Provisoire,,
05EA002,2026-07-26T08:35:00Z,46,2.228,,,Provisional/Provisoire,,
05EA002,2026-07-26T08:40:00Z,46,2.226,,,Provisional/Provisoire,,
05EA002,2026-07-26T08:45:00Z,46,2.226,,,Provisional/Provisoire,,
05EA002,2026-07-26T08:50:00Z,46,2.225,,,Provisional/Provisoire,,
05EA002,2026-07-26T08:55:00Z,46,2.225,,,Provisional/Provisoire,,
05EA002,2026-07-26T09:00:00Z,46,2.225,,,Provisional/Provisoire,,
05EA002,2026-07-26T09:05:00Z,46,2.225,,,Provisional/Provisoire,,
05EA002,2026-07-26T09:10:00Z,46,2.222,,,Provisional/Provisoire,,
05EA002,2026-07-26T09:15:00Z,46,2.223,,,Provisional/Provisoire,,
05EA002,2026-07-26T09:20:00Z,46,2.224,,,Provisional/Provisoire,,
05EA002,2026-07-26T09:25:00Z,46,2.221,,,Provisional/Provisoire,,
05EA002,2026-07-26T09:30:00Z,46,2.221,,,Provisional/Provisoire,,
05EA002,2026-07-26T09:35:00Z,46,2.221,,,Provisional/Provisoire,,
05EA002,2026-07-26T09:40:00Z,46,2.219,,,Provisional/Provisoire,,
05EA002,2026-07-26T09:45:00Z,46,2.218,,,Provisional/Provisoire,,
05EA002,2026-07-26T09:50:00Z,46,2.220,,,Provisional/Provisoire,,
05EA002,2026-07-26T09:55:00Z,46,2.219,,,Provisional/Provisoire,,
05EA002,2026-07-26T10:00:00Z,46,2.218,,,Provisional/Provisoire,,
05EA002,2026-07-26T10:05:00Z,46,2.218,,,Provisional/Provisoire,,
05EA002,2026-07-26T10:10:00Z,46,2.217,,,Provisional/Provisoire,,
05EA002,2026-07-26T10:15:00Z,46,2.214,,,Provisional/Provisoire,,
05EA002,2026-07-26T10:20:00Z,46,2.216,,,Provisional/Provisoire,,
05EA002,2026-07-26T10:25:00Z,46,2.215,,,Provisional/Provisoire,,
05EA002,2026-07-26T10:30:00Z,46,2.216,,,Provisional/Provisoire,,
05EA002,2026-07-26T10:35:00Z,46,2.215,,,Provisional/Provisoire,,
05EA002,2026-07-26T10:40:00Z,46,2.215,,,Provisional/Provisoire,,
05EA002,2026-07-26T10:45:00Z,46,2.217,,,Provisional/Provisoire,,
05EA002,2026-07-26T10:50:00Z,46,2.217,,,Provisional/Provisoire,,
05EA002,2026-07-26T10:55:00Z,46,2.218,,,Provisional/Provisoire,,
05EA002,2026-07-26T11:00:00Z,46,2.217,,,Provisional/Provisoire,,
05EA002,2026-07-26T11:05:00Z,46,2.214,,,Provisional/Provisoire,,
05EA002,2026-07-26T11:10:00Z,46,2.217,,,Provisional/Provisoire,,
05EA002,2026-07-26T11:15:00Z,46,2.216,,,Provisional/Provisoire,,
05EA002,2026-07-26T11:20:00Z,46,2.218,,,Provisional/Provisoire,,
05EA002,2026-07-26T11:25:00Z,46,2.219,,,Provisional/Provisoire,,
05EA002,2026-07-26T11:30:00Z,46,2.218,,,Provisional/Provisoire,,
05EA002,2026-07-26T11:35:00Z,46,2.216,,,Provisional/Provisoire,,
05EA002,2026-07-26T11:40:00Z,46,2.215,,,Provisional/Provisoire,,
05EA002,2026-07-26T11:45:00Z,46,2.216,,,Provisional/Provisoire,,
05EA002,2026-07-26T11:50:00Z,46,2.215,,,Provisional/Provisoire,,
05EA002,2026-07-26T11:55:00Z,46,2.215,,,Provisional/Provisoire,,
05EA002,2026-07-26T12:00:00Z,46,2.215,,,Provisional/Provisoire,,
05EA002,2026-07-26T12:05:00Z,46,2.215,,,Provisional/Provisoire,,
05EA002,2026-07-26T12:10:00Z,46,2.218,,,Provisional/Provisoire,,
05EA002,2026-07-26T12:15:00Z,46,2.214,,,Provisional/Provisoire,,
05EA002,2026-07-26T12:20:00Z,46,2.215,,,Provisional/Provisoire,,
05EA002,2026-07-26T12:25:00Z,46,2.216,,,Provisional/Provisoire,,
05EA002,2026-07-26T12:30:00Z,46,2.213,,,Provisional/Provisoire,,
05EA002,2026-07-26T12:35:00Z,46,2.214,,,Provisional/Provisoire,,
05EA002,2026-07-26T12:40:00Z,46,2.215,,,Provisional/Provisoire,,
05EA002,2026-07-26T12:45:00Z,46,2.214,,,Provisional/Provisoire,,
05EA002,2026-07-26T12:50:00Z,46,2.213,,,Provisional/Provisoire,,
05EA002,2026-07-26T12:55:00Z,46,2.213,,,Provisional/Provisoire,,
05EA002,2026-07-26T13:00:00Z,46,2.214,,,Provisional/Provisoire,,
05EA002,2026-07-26T13:05:00Z,46,2.214,,,Provisional/Provisoire,,
05EA002,2026-07-26T13:10:00Z,46,2.213,,,Provisional/Provisoire,,
05EA002,2026-07-26T13:15:00Z,46,2.212,,,Provisional/Provisoire,,
05EA002,2026-07-26T13:20:00Z,46,2.213,,,Provisional/Provisoire,,
05EA002,2026-07-26T13:25:00Z,46,2.214,,,Provisional/Provisoire,,
05EA002,2026-07-26T13:30:00Z,46,2.214,,,Provisional/Provisoire,,
05EA002,2026-07-26T13:35:00Z,46,2.213,,,Provisional/Provisoire,,
05EA002,2026-07-26T13:40:00Z,46,2.214,,,Provisional/Provisoire,,
05EA002,2026-07-26T13:45:00Z,46,2.213,,,Provisional/Provisoire,,
05EA002,2026-07-26T13:50:00Z,46,2.213,,,Provisional/Provisoire,,
05EA002,2026-07-26T13:55:00Z,46,2.215,,,Provisional/Provisoire,,
05EA002,2026-07-26T14:00:00Z,46,2.215,,,Provisional/Provisoire,,
05EA002,2026-07-26T14:05:00Z,46,2.215,,,Provisional/Provisoire,,
05EA002,2026-07-26T14:10:00Z,46,2.215,,,Provisional/Provisoire,,
05EA002,2026-07-26T14:15:00Z,46,2.213,,,Provisional/Provisoire,,
05EA002,2026-07-26T14:20:00Z,46,2.213,,,Provisional/Provisoire,,
05EA002,2026-07-26T14:25:00Z,46,2.213,,,Provisional/Provisoire,,
05EA002,2026-07-26T14:30:00Z,46,2.213,,,Provisional/Provisoire,,
05EA002,2026-07-26T14:35:00Z,46,2.212,,,Provisional/Provisoire,,
05EA002,2026-07-26T14:40:00Z,46,2.211,,,Provisional/Provisoire,,
05EA002,2026-07-26T14:45:00Z,46,2.212,,,Provisional/Provisoire,,
05EA002,2026-07-26T14:50:00Z,46,2.210,,,Provisional/Provisoire,,
05EA002,2026-07-26T14:55:00Z,46,2.212,,,Provisional/Provisoire,,
05EA002,2026-07-26T15:00:00Z,46,2.211,,,Provisional/Provisoire,,
05EA002,2026-07-26T15:05:00Z,46,2.212,,,Provisional/Provisoire,,
05EA002,2026-07-26T15:10:00Z,46,2.212,,,Provisional/Provisoire,,
05EA002,2026-07-26T15:15:00Z,46,2.213,,,Provisional/Provisoire,,
05EA002,2026-07-26T15:20:00Z,46,2.211,,,Provisional/Provisoire,,
05EA002,2026-07-26T15:25:00Z,46,2.212,,,Provisional/Provisoire,,
05EA002,2026-07-26T15:30:00Z,46,2.212,,,Provisional/Provisoire,,
05EA002,2026-07-26T15:35:00Z,46,2.212,,,Provisional/Provisoire,,
05EA002,2026-07-26T15:40:00Z,46,2.211,,,Provisional/Provisoire,,
05EA002,2026-07-26T15:45:00Z,46,2.213,,,Provisional/Provisoire,,
05EA002,2026-07-26T15:50:00Z,46,2.212,,,Provisional/Provisoire,,
05EA002,2026-07-26T15:55:00Z,46,2.211,,,Provisional/Provisoire,,
05EA002,2026-07-26T16:00:00Z,46,2.212,,,Provisional/Provisoire,,
05EA002,2026-07-26T16:05:00Z,46,2.210,,,Provisional/Provisoire,,
05EA002,2026-07-26T16:10:00Z,46,2.210,,,Provisional/Provisoire,,
05EA002,2026-07-26T16:15:00Z,46,2.210,,,Provisional/Provisoire,,
05EA002,2026-07-26T16:20:00Z,46,2.210,,,Provisional/Provisoire,,
05EA002,2026-07-26T16:25:00Z,46,2.211,,,Provisional/Provisoire,,
05EA002,2026-07-26T16:30:00Z,46,2.211,,,Provisional/Provisoire,,
05EA002,2026-07-26T16:35:00Z,46,2.210,,,Provisional/Provisoire,,
05EA002,2026-07-26T16:40:00Z,46,2.210,,,Provisional/Provisoire,,
05EA002,2026-07-26T16:45:00Z,46,2.211,,,Provisional/Provisoire,,
05EA002,2026-07-26T16:50:00Z,46,2.210,,,Provisional/Provisoire,,
05EA002,2026-07-26T16:55:00Z,46,2.210,,,Provisional/Provisoire,,
05EA002,2026-07-26T17:00:00Z,46,2.209,,,Provisional/Provisoire,,
05EA002,2026-07-26T17:05:00Z,46,2.210,,,Provisional/Provisoire,,
05EA002,2026-07-26T17:10:00Z,46,2.211,,,Provisional/Provisoire,,
05EA002,2026-07-26T17:15:00Z,46,2.211,,,Provisional/Provisoire,,
05EA002,2026-07-26T17:20:00Z,46,2.211,,,Provisional/Provisoire,,
05EA002,2026-07-26T17:25:00Z,46,2.209,,,Provisional/Provisoire,,
05EA002,2026-07-26T17:30:00Z,46,2.208,,,Provisional/Provisoire,,
05EA002,2026-07-26T17:35:00Z,46,2.208,,,Provisional/Provisoire,,
05EA002,2026-07-26T17:40:00Z,46,2.209,,,Provisional/Provisoire,,
05EA002,2026-07-26T17:45:00Z,46,2.210,,,Provisional/Provisoire,,
05EA002,2026-07-26T17:50:00Z,46,2.208,,,Provisional/Provisoire,,
05EA002,2026-07-26T17:55:00Z,46,2.209,,,Provisional/Provisoire,,
05EA002,2026-07-26T18:00:00Z,46,2.209,,,Provisional/Provisoire,,
05EA002,2026-07-26T18:05:00Z,46,2.208,,,Provisional/Provisoire,,
05EA002,2026-07-26T18:10:00Z,46,2.209,,,Provisional/Provisoire,,
05EA002,2026-07-26T18:15:00Z,46,2.209,,,Provisional/Provisoire,,
05EA002,2026-07-26T18:20:00Z,46,2.208,,,Provisional/Provisoire,,
05EA002,2026-07-26T18:25:00Z,46,2.207,,,Provisional/Provisoire,,
05EA002,2026-07-26T18:30:00Z,46,2.207,,,Provisional/Provisoire,,
05EA002,2026-07-26T18:35:00Z,46,2.209,,,Provisional/Provisoire,,
05EA002,2026-07-26T18:40:00Z,46,2.208,,,Provisional/Provisoire,,
05EA002,2026-07-26T18:45:00Z,46,2.206,,,Provisional/Provisoire,,
05EA002,2026-07-26T18:50:00Z,46,2.207,,,Provisional/Provisoire,,
05EA002,2026-07-26T18:55:00Z,46,2.208,,,Provisional/Provisoire,,
05EA002,2026-07-26T19:00:00Z,46,2.208,,,Provisional/Provisoire,,
05EA002,2026-07-26T19:05:00Z,46,2.207,,,Provisional/Provisoire,,
05EA002,2026-07-26T19:10:00Z,46,2.206,,,Provisional/Provisoire,,
05EA002,2026-07-26T19:15:00Z,46,2.206,,,Provisional/Provisoire,,
05EA002,2026-07-26T19:20:00Z,46,2.205,,,Provisional/Provisoire,,
05EA002,2026-07-26T19:25:00Z,46,2.205,,,Provisional/Provisoire,,
05EA002,2026-07-26T19:30:00Z,46,2.204,,,Provisional/Provisoire,,
05EA002,2026-07-26T19:35:00Z,46,2.206,,,Provisional/Provisoire,,
05EA002,2026-07-26T19:40:00Z,46,2.204,,,Provisional/Provisoire,,
05EA002,2026-07-26T19:45:00Z,46,2.204,,,Provisional/Provisoire,,
05EA002,2026-07-26T19:50:00Z,46,2.206,,,Provisional/Provisoire,,
05EA002,2026-07-26T19:55:00Z,46,2.205,,,Provisional/Provisoire,,
05EA002,2026-07-26T20:00:00Z,46,2.206,,,Provisional/Provisoire,,
05EA002,2026-07-26T20:05:00Z,46,2.205,,,Provisional/Provisoire,,
05EA002,2026-07-26T20:10:00Z,46,2.205,,,Provisional/Provisoire,,
05EA002,2026-07-26T20:15:00Z,46,2.204,,,Provisional/Provisoire,,
05EA002,2026-07-26T20:20:00Z,46,2.203,,,Provisional/Provisoire,,
05EA002,2026-07-26T20:25:00Z,46,2.206,,,Provisional/Provisoire,,
05EA002,2026-07-26T20:30:00Z,46,2.204,,,Provisional/Provisoire,,
05EA002,2026-07-26T20:35:00Z,46,2.205,,,Provisional/Provisoire,,
05EA002,2026-07-26T20:40:00Z,46,2.202,,,Provisional/Provisoire,,
05EA002,2026-07-26T20:45:00Z,46,2.204,,,Provisional/Provisoire,,
05EA002,2026-07-26T20:50:00Z,46,2.204,,,Provisional/Provisoire,,
05EA002,2026-07-26T20:55:00Z,46,2.204,,,Provisional/Provisoire,,
05EA002,2026-07-26T21:00:00Z,46,2.205,,,Provisional/Provisoire,,
05EA002,2026-07-26T21:05:00Z,46,2.203,,,Provisional/Provisoire,,
05EA002,2026-07-26T21:10:00Z,46,2.205,,,Provisional/Provisoire,,
05EA002,2026-07-26T21:15:00Z,46,2.204,,,Provisional/Provisoire,,
05EA002,2026-07-26T21:20:00Z,46,2.205,,,Provisional/Provisoire,,
05EA002,2026-07-26T21:25:00Z,46,2.203,,,Provisional/Provisoire,,
05EA002,2026-07-26T21:30:00Z,46,2.202,,,Provisional/Provisoire,,
05EA002,2026-07-26T21:35:00Z,46,2.203,,,Provisional/Provisoire,,
05EA002,2026-07-26T21:40:00Z,46,2.203,,,Provisional/Provisoire,,
05EA002,2026-07-26T21:45:00Z,46,2.203,,,Provisional/Provisoire,,
05EA002,2026-07-26T21:50:00Z,46,2.203,,,Provisional/Provisoire,,
05EA002,2026-07-26T21:55:00Z,46,2.203,,,Provisional/Provisoire,,
05EA002,2026-07-26T22:00:00Z,46,2.203,,,Provisional/Provisoire,,
05EA002,2026-07-26T22:05:00Z,46,2.203,,,Provisional/Provisoire,,
05EA002,2026-07-26T22:10:00Z,46,2.202,,,Provisional/Provisoire,,
05EA002,2026-07-26T22:15:00Z,46,2.202,,,Provisional/Provisoire,,
05EA002,2026-07-26T22:20:00Z,46,2.199,,,Provisional/Provisoire,,
05EA002,2026-07-26T22:25:00Z,46,2.203,,,Provisional/Provisoire,,
05EA002,2026-07-26T22:30:00Z,46,2.199,,,Provisional/Provisoire,,
05EA002,2026-07-26T22:35:00Z,46,2.201,,,Provisional/Provisoire,,
05EA002,2026-07-26T22:40:00Z,46,2.202,,,Provisional/Provisoire,,
05EA002,2026-07-26T22:45:00Z,46,2.200,,,Provisional/Provisoire,,
05EA002,2026-07-26T22:50:00Z,46,2.199,,,Provisional/Provisoire,,
05EA002,2026-07-26T22:55:00Z,46,2.199,,,Provisional/Provisoire,,
05EA002,2026-07-26T23:00:00Z,46,2.200,,,Provisional/Provisoire,,
05EA002,2026-07-26T23:05:00Z,46,2.200,,,Provisional/Provisoire,,
05EA002,2026-07-26T23:10:00Z,46,2.201,,,Provisional/Provisoire,,
05EA002,2026-07-26T23:15:00Z,46,2.197,,,Provisional/Provisoire,,
05EA002,2026-07-26T23:20:00Z,46,2.200,,,Provisional/Provisoire,,
05EA002,2026-07-26T23:25:00Z,46,2.198,,,Provisional/Provisoire,,
05EA002,2026-07-26T23:30:00Z,46,2.198,,,Provisional/Provisoire,,
05EA002,2026-07-26T23:35:00Z,46,2.199,,,Provisional/Provisoire,,
05EA002,2026-07-26T23:40:00Z,46,2.200,,,Provisional/Provisoire,,
05EA002,2026-07-26T23:45:00Z,46,2.197,,,Provisional/Provisoire,,
05EA002,2026-07-26T23:50:00Z,46,2.200,,,Provisional/Provisoire,,
05EA002,2026-07-26T23:55:00Z,46,2.198,,,Provisional/Provisoire,,
05EA002,2026-07-27T00:00:00Z,46,2.199,,,Provisional/Provisoire,,
05EA002,2026-07-27T00:05:00Z,46,2.198,,,Provisional/Provisoire,,
05EA002,2026-07-27T00:10:00Z,46,2.198,,,Provisional/Provisoire,,
05EA002,2026-07-27T00:15:00Z,46,2.199,,,Provisional/Provisoire,,
05EA002,2026-07-27T00:20:00Z,46,2.196,,,Provisional/Provisoire,,
05EA002,2026-07-27T00:25:00Z,46,2.198,,,Provisional/Provisoire,,
05EA002,2026-07-27T00:30:00Z,46,2.199,,,Provisional/Provisoire,,
05EA002,2026-07-27T00:35:00Z,46,2.199,,,Provisional/Provisoire,,
05EA002,2026-07-27T00:40:00Z,46,2.199,,,Provisional/Provisoire,,
05EA002,2026-07-27T00:45:00Z,46,2.199,,,Provisional/Provisoire,,
05EA002,2026-07-27T00:50:00Z,46,2.196,,,Provisional/Provisoire,,
05EA002,2026-07-27T00:55:00Z,46,2.197,,,Provisional/Provisoire,,
05EA002,2026-07-27T01:00:00Z,46,2.198,,,Provisional/Provisoire,,
05EA002,2026-07-27T01:05:00Z,46,2.199,,,Provisional/Provisoire,,
05EA002,2026-07-27T01:10:00Z,46,2.200,,,Provisional/Provisoire,,
05EA002,2026-07-27T01:15:00Z,46,2.199,,,Provisional/Provisoire,,
05EA002,2026-07-27T01:20:00Z,46,2.198,,,Provisional/Provisoire,,
05EA002,2026-07-27T01:25:00Z,46,2.198,,,Provisional/Provisoire,,
05EA002,2026-07-27T01:30:00Z,46,2.199,,,Provisional/Provisoire,,
05EA002,2026-07-27T01:35:00Z,46,2.197,,,Provisional/Provisoire,,
05EA002,2026-07-27T01:40:00Z,46,2.198,,,Provisional/Provisoire,,
05EA002,2026-07-27T01:45:00Z,46,2.198,,,Provisional/Provisoire,,
05EA002,2026-07-27T01:50:00Z,46,2.197,,,Provisional/Provisoire,,
05EA002,2026-07-27T01:55:00Z,46,2.197,,,Provisional/Provisoire,,
05EA002,2026-07-27T02:00:00Z,46,2.197,,,Provisional/Provisoire,,
05EA002,2026-07-27T02:05:00Z,46,2.198,,,Provisional/Provisoire,,
05EA002,2026-07-27T02:10:00Z,46,2.196,,,Provisional/Provisoire,,
05EA002,2026-07-27T02:15:00Z,46,2.195,,,Provisional/Provisoire,,
05EA002,2026-07-27T02:20:00Z,46,2.196,,,Provisional/Provisoire,,
05EA002,2026-07-27T02:25:00Z,46,2.196,,,Provisional/Provisoire,,
05EA002,2026-07-27T02:30:00Z,46,2.194,,,Provisional/Provisoire,,
05EA002,2026-07-27T02:35:00Z,46,2.196,,,Provisional/Provisoire,,
05EA002,2026-07-27T02:40:00Z,46,2.196,,,Provisional/Provisoire,,
05EA002,2026-07-27T02:45:00Z,46,2.197,,,Provisional/Provisoire,,
05EA002,2026-07-27T02:50:00Z,46,2.197,,,Provisional/Provisoire,,
05EA002,2026-07-27T02:55:00Z,46,2.195,,,Provisional/Provisoire,,
05EA002,2026-07-27T03:00:00Z,46,2.194,,,Provisional/Provisoire,,
05EA002,2026-07-27T03:05:00Z,46,2.194,,,Provisional/Provisoire,,
05EA002,2026-07-27T03:10:00Z,46,2.196,,,Provisional/Provisoire,,
05EA002,2026-07-27T03:15:00Z,46,2.194,,,Provisional/Provisoire,,
05EA002,2026-07-27T03:20:00Z,46,2.196,,,Provisional/Provisoire,,
05EA002,2026-07-27T03:25:00Z,46,2.195,,,Provisional/Provisoire,,
05EA002,2026-07-27T03:30:00Z,46,2.194,,,Provisional/Provisoire,,
05EA002,2026-07-27T03:35:00Z,46,2.194,,,Provisional/Provisoire,,
05EA002,2026-07-27T03:40:00Z,46,2.196,,,Provisional/Provisoire,,
05EA002,2026-07-27T03:45:00Z,46,2.193,,,Provisional/Provisoire,,
05EA002,2026-07-27T03:50:00Z,46,2.194,,,Provisional/Provisoire,,
05EA002,2026-07-27T03:55:00Z,46,2.194,,,Provisional/Provisoire,,
05EA002,2026-07-27T04:00:00Z,46,2.193,,,Provisional/Provisoire,,
05EA002,2026-07-27T04:05:00Z,46,2.193,,,Provisional/Provisoire,,
05EA002,2026-07-27T04:10:00Z,46,2.194,,,Provisional/Provisoire,,
05EA002,2026-07-27T04:15:00Z,46,2.193,,,Provisional/Provisoire,,
05EA002,2026-07-27T04:20:00Z,46,2.193,,,Provisional/Provisoire,,
05EA002,2026-07-27T04:25:00Z,46,2.192,,,Provisional/Provisoire,,
05EA002,2026-07-27T04:30:00Z,46,2.192,,,Provisional/Provisoire,,
05EA002,2026-07-27T04:35:00Z,46,2.193,,,Provisional/Provisoire,,
05EA002,2026-07-27T04:40:00Z,46,2.193,,,Provisional/Provisoire,,
05EA002,2026-07-27T04:45:00Z,46,2.192,,,Provisional/Provisoire,,
05EA002,2026-07-27T04:50:00Z,46,2.192,,,Provisional/Provisoire,,
05EA002,2026-07-27T04:55:00Z,46,2.194,,,Provisional/Provisoire,,
05EA002,2026-07-27T05:00:00Z,46,2.193,,,Provisional/Provisoire,,
05EA002,2026-07-27T05:05:00Z,46,2.193,,,Provisional/Provisoire,,
05EA002,2026-07-27T05:10:00Z,46,2.192,,,Provisional/Provisoire,,
05EA002,2026-07-27T05:15:00Z,46,2.191,,,Provisional/Provisoire,,
05EA002,2026-07-27T05:20:00Z,46,2.191,,,Provisional/Provisoire,,
05EA002,2026-07-27T05:25:00Z,46,2.191,,,Provisional/Provisoire,,
05EA002,2026-07-27T05:30:00Z,46,2.191,,,Provisional/Provisoire,,
05EA002,2026-07-27T05:35:00Z,46,2.192,,,Provisional/Provisoire,,
05EA002,2026-07-27T05:40:00Z,46,2.190,,,Provisional/Provisoire,,
05EA002,2026-07-27T05:45:00Z,46,2.191,,,Provisional/Provisoire,,
05EA002,2026-07-27T05:50:00Z,46,2.190,,,Provisional/Provisoire,,
05EA002,2026-07-27T05:55:00Z,46,2.194,,,Provisional/Provisoire,,
05EA002,2026-07-27T06:00:00Z,46,2.191,,,Provisional/Provisoire,,
05EA002,2026-07-27T06:05:00Z,46,2.193,,,Provisional/Provisoire,,
05EA002,2026-07-27T06:10:00Z,46,2.194,,,Provisional/Provisoire,,
05EA002,2026-07-27T06:15:00Z,46,2.193,,,Provisional/Provisoire,,
05EA002,2026-07-27T06:20:00Z,46,2.194,,,Provisional/Provisoire,,
05EA002,2026-07-27T06:25:00Z,46,2.194,,,Provisional/Provisoire,,
05EA002,2026-07-27T06:30:00Z,46,2.196,,,Provisional/Provisoire,,
05EA002,2026-07-27T06:35:00Z,46,2.195,,,Provisional/Provisoire,,
05EA002,2026-07-27T06:40:00Z,46,2.194,,,Provisional/Provisoire,,
05EA002,2026-07-27T06:45:00Z,46,2.192,,,Provisional/Provisoire,,
05EA002,2026-07-27T06:50:00Z,46,2.192,,,Provisional/Provisoire,,
05EA002,2026-07-27T06:55:00Z,46,2.193,,,Provisional/Provisoire,,
05EA002,2026-07-27T07:00:00Z,46,2.188,,,Provisional/Provisoire,,
05EA002,2026-07-27T07:05:00Z,46,2.190,,,Provisional/Provisoire,,
05EA002,2026-07-27T07:10:00Z,46,2.190,,,Provisional/Provisoire,,
05EA002,2026-07-27T07:15:00Z,46,2.187,,,Provisional/Provisoire,,
05EA002,2026-07-27T07:20:00Z,46,2.191,,,Provisional/Provisoire,,
05EA002,2026-07-27T07:25:00Z,46,2.187,,,Provisional/Provisoire,,
05EA002,2026-07-27T07:30:00Z,46,2.187,,,Provisional/Provisoire,,
05EA002,2026-07-27T07:35:00Z,46,2.189,,,Provisional/Provisoire,,
05EA002,2026-07-27T07:40:00Z,46,2.189,,,Provisional/Provisoire,,
05EA002,2026-07-27T07:45:00Z,46,2.188,,,Provisional/Provisoire,,
05EA002,2026-07-27T07:50:00Z,46,2.188,,,Provisional/Provisoire,,
05EA002,2026-07-27T07:55:00Z,46,2.186,,,Provisional/Provisoire,,
05EA002,2026-07-27T08:00:00Z,46,2.187,,,Provisional/Provisoire,,
05EA002,2026-07-27T08:05:00Z,46,2.187,,,Provisional/Provisoire,,
05EA002,2026-07-27T08:10:00Z,46,2.185,,,Provisional/Provisoire,,
05EA002,2026-07-27T08:15:00Z,46,2.186,,,Provisional/Provisoire,,
05EA002,2026-07-27T08:20:00Z,46,2.184,,,Provisional/Provisoire,,
05EA002,2026-07-27T08:25:00Z,46,2.184,,,Provisional/Provisoire,,
05EA002,2026-07-27T08:30:00Z,46,2.184,,,Provisional/Provisoire,,
05EA002,2026-07-27T08:35:00Z,46,2.185,,,Provisional/Provisoire,,
05EA002,2026-07-27T08:40:00Z,46,2.181,,,Provisional/Provisoire,,
05EA002,2026-07-27T08:45:00Z,46,2.184,,,Provisional/Provisoire,,
05EA002,2026-07-27T08:50:00Z,46,2.183,,,Provisional/Provisoire,,
05EA002,2026-07-27T08:55:00Z,46,2.184,,,Provisional/Provisoire,,
05EA002,2026-07-27T09:00:00Z,46,2.184,,,Provisional/Provisoire,,
05EA002,2026-07-27T09:05:00Z,46,2.186,,,Provisional/Provisoire,,
05EA002,2026-07-27T09:10:00Z,46,2.185,,,Provisional/Provisoire,,
05EA002,2026-07-27T09:15:00Z,46,2.185,,,Provisional/Provisoire,,
05EA002,2026-07-27T09:20:00Z,46,2.185,,,Provisional/Provisoire,,
05EA002,2026-07-27T09:25:00Z,46,2.185,,,Provisional/Provisoire,,
05EA002,2026-07-27T09:30:00Z,46,2.185,,,Provisional/Provisoire,,
05EA002,2026-07-27T09:35:00Z,46,2.186,,,Provisional/Provisoire,,
05EA002,2026-07-27T09:40:00Z,46,2.182,,,Provisional/Provisoire,,
05EA002,2026-07-27T09:45:00Z,46,2.184,,,Provisional/Provisoire,,
05EA002,2026-07-27T09:50:00Z,46,2.185,,,Provisional/Provisoire,,
05EA002,2026-07-27T09:55:00Z,46,2.184,,,Provisional/Provisoire,,
05EA002,2026-07-27T10:00:00Z,46,2.183,,,Provisional/Provisoire,,
05EA002,2026-07-27T10:05:00Z,46,2.182,,,Provisional/Provisoire,,
05EA002,2026-07-27T10:10:00Z,46,2.182,,,Provisional/Provisoire,,
05EA002,2026-07-27T10:15:00Z,46,2.181,,,Provisional/Provisoire,,
05EA002,2026-07-27T10:20:00Z,46,2.181,,,Provisional/Provisoire,,
05EA002,2026-07-27T10:25:00Z,46,2.182,,,Provisional/Provisoire,,
05EA002,2026-07-27T10:30:00Z,46,2.183,,,Provisional/Provisoire,,
05EA002,2026-07-27T10:35:00Z,46,2.183,,,Provisional/Provisoire,,
05EA002,2026-07-27T10:40:00Z,46,2.183,,,Provisional/Provisoire,,
05EA002,2026-07-27T10:45:00Z,46,2.185,,,Provisional/Provisoire,,
05EA002,2026-07-27T10:50:00Z,46,2.183,,,Provisional/Provisoire,,
05EA002,2026-07-27T10:55:00Z,46,2.185,,,Provisional/Provisoire,,
05EA002,2026-07-27T11:00:00Z,46,2.185,,,Provisional/Provisoire,,
05EA002,2026-07-27T11:05:00Z,46,2.185,,,Provisional/Provisoire,,
05EA002,2026-07-27T11:10:00Z,46,2.185,,,Provisional/Provisoire,,
05EA002,2026-07-27T11:15:00Z,46,2.185,,,Provisional/Provisoire,,
05EA002,2026-07-27T11:20:00Z,46,2.184,,,Provisional/Provisoire,,
05EA002,2026-07-27T11:25:00Z,46,2.184,,,Provisional/Provisoire,,
05EA002,2026-07-27T11:30:00Z,46,2.185,,,Provisional/Provisoire,,
05EA002,2026-07-27T11:35:00Z,46,2.185,,,Provisional/Provisoire,,
05EA002,2026-07-27T11:40:00Z,46,2.185,,,Provisional/Provisoire,,
05EA002,2026-07-27T11:45:00Z,46,2.185,,,Provisional/Provisoire,,
05EA002,2026-07-27T11:50:00Z,46,2.185,,,Provisional/Provisoire,,
05EA002,2026-07-27T11:55:00Z,46,2.185,,,Provisional/Provisoire,,
05EA002,2026-07-27T12:00:00Z,46,2.185,,,Provisional/Provisoire,,
05EA002,2026-07-27T12:05:00Z,46,2.184,,,Provisional/Provisoire,,
05EA002,2026-07-27T12:10:00Z,46,2.182,,,Provisional/Provisoire,,
05EA002,2026-07-27T12:15:00Z,46,2.184,,,Provisional/Provisoire,,
05EA002,2026-07-27T12:20:00Z,46,2.183,,,Provisional/Provisoire,,
05EA002,2026-07-27T12:25:00Z,46,2.182,,,Provisional/Provisoire,,
05EA002,2026-07-27T12:30:00Z,46,2.183,,,Provisional/Provisoire,,
05EA002,2026-07-27T12:35:00Z,46,2.184,,,Provisional/Provisoire,,
05EA002,2026-07-27T12:40:00Z,46,2.183,,,Provisional/Provisoire,,
05EA002,2026-07-27T12:45:00Z,46,2.182,,,Provisional/Provisoire,,
05EA002,2026-07-27T12:50:00Z,46,2.183,,,Provisional/Provisoire,,
05EA002,2026-07-27T12:55:00Z,46,2.182,,,Provisional/Provisoire,,
05EA002,2026-07-27T13:00:00Z,46,2.181,,,Provisional/Provisoire,,
05EA002,2026-07-27T13:05:00Z,46,2.184,,,Provisional/Provisoire,,
05EA002,2026-07-27T13:10:00Z,46,2.182,,,Provisional/Provisoire,,
05EA002,2026-07-27T13:15:00Z,46,2.182,,,Provisional/Provisoire,,
05EA002,2026-07-27T13:20:00Z,46,2.180,,,Provisional/Provisoire,,
05EA002,2026-07-27T13:25:00Z,46,2.182,,,Provisional/Provisoire,,
05EA002,2026-07-27T13:30:00Z,46,2.182,,,Provisional/Provisoire,,
05EA002,2026-07-27T13:35:00Z,46,2.182,,,Provisional/Provisoire,,
05EA002,2026-07-27T13:40:00Z,46,2.183,,,Provisional/Provisoire,,
05EA002,2026-07-27T13:45:00Z,46,2.181,,,Provisional/Provisoire,,
05EA002,2026-07-27T13:50:00Z,46,2.181,,,Provisional/Provisoire,,
05EA002,2026-07-27T13:55:00Z,46,2.181,,,Provisional/Provisoire,,
05EA002,2026-07-27T14:00:00Z,46,2.181,,,Provisional/Provisoire,,
05EA002,2026-07-27T14:05:00Z,46,2.180,,,Provisional/Provisoire,,
05EA002,2026-07-27T14:10:00Z,46,2.179,,,Provisional/Provisoire,,
05EA002,2026-07-27T14:15:00Z,46,2.180,,,Provisional/Provisoire,,
05EA002,2026-07-27T14:20:00Z,46,2.181,,,Provisional/Provisoire,,
05EA002,2026-07-27T14:25:00Z,46,2.180,,,Provisional/Provisoire,,
05EA002,2026-07-27T14:30:00Z,46,2.179,,,Provisional/Provisoire,,
05EA002,2026-07-27T14:35:00Z,46,2.177,,,Provisional/Provisoire,,
05EA002,2026-07-27T14:40:00Z,46,2.180,,,Provisional/Provisoire,,
05EA002,2026-07-27T14:45:00Z,46,2.181,,,Provisional/Provisoire,,
05EA002,2026-07-27T14:50:00Z,46,2.181,,,Provisional/Provisoire,,
05EA002,2026-07-27T14:55:00Z,46,2.180,,,Provisional/Provisoire,,
05EA002,2026-07-27T15:00:00Z,46,2.179,,,Provisional/Provisoire,,
05EA002,2026-07-27T15:05:00Z,46,2.179,,,Provisional/Provisoire,,
05EA002,2026-07-27T15:10:00Z,46,2.177,,,Provisional/Provisoire,,
05EA002,2026-07-27T15:15:00Z,46,2.178,,,Provisional/Provisoire,,
05EA002,2026-07-27T15:20:00Z,46,2.179,,,Provisional/Provisoire,,
05EA002,2026-07-27T15:25:00Z,46,2.177,,,Provisional/Provisoire,,
05EA002,2026-07-27T15:30:00Z,46,2.177,,,Provisional/Provisoire,,
05EA002,2026-07-27T15:35:00Z,46,2.177,,,Provisional/Provisoire,,
05EA002,2026-07-27T15:40:00Z,46,2.175,,,Provisional/Provisoire,,
05EA002,2026-07-27T15:45:00Z,46,2.175,,,Provisional/Provisoire,,
05EA002,2026-07-27T15:50:00Z,46,2.175,,,Provisional/Provisoire,,
05EA002,2026-07-27T15:55:00Z,46,2.174,,,Provisional/Provisoire,,
05EA002,2026-07-27T16:00:00Z,46,2.175,,,Provisional/Provisoire,,
05EA002,2026-07-27T16:05:00Z,46,2.175,,,Provisional/Provisoire,,
05EA002,2026-07-27T16:10:00Z,46,2.175,,,Provisional/Provisoire,,
05EA002,2026-07-27T16:15:00Z,46,2.174,,,Provisional/Provisoire,,
05EA002,2026-07-27T16:20:00Z,46,2.173,,,Provisional/Provisoire,,
05EA002,2026-07-27T16:25:00Z,46,2.174,,,Provisional/Provisoire,,
05EA002,2026-07-27T16:30:00Z,46,2.174,,,Provisional/Provisoire,,
05EA002,2026-07-27T16:35:00Z,46,2.175,,,Provisional/Provisoire,,
05EA002,2026-07-27T16:40:00Z,46,2.175,,,Provisional/Provisoire,,
05EA002,2026-07-27T16:45:00Z,46,2.174,,,Provisional/Provisoire,,
05EA002,2026-07-27T16:50:00Z,46,2.172,,,Provisional/Provisoire,,
05EA002,2026-07-27T16:55:00Z,46,2.173,,,Provisional/Provisoire,,
05EA002,2026-07-27T17:00:00Z,46,2.174,,,Provisional/Provisoire,,
05EA002,2026-07-27T17:05:00Z,46,2.174,,,Provisional/Provisoire,,
05EA002,2026-07-27T17:10:00Z,46,2.173,,,Provisional/Provisoire,,
05EA002,2026-07-27T17:15:00Z,46,2.174,,,Provisional/Provisoire,,
05EA002,2026-07-27T17:20:00Z,46,2.173,,,Provisional/Provisoire,,
05EA002,2026-07-27T17:25:00Z,46,2.175,,,Provisional/Provisoire,,
05EA002,2026-07-27T17:30:00Z,46,2.174,,,Provisional/Provisoire,,
05EA002,2026-07-27T17:35:00Z,46,2.175,,,Provisional/Provisoire,,
05EA002,2026-07-27T17:40:00Z,46,2.174,,,Provisional/Provisoire,,
05EA002,2026-07-27T17:45:00Z,46,2.175,,,Provisional/Provisoire,,
05EA002,2026-07-27T17:50:00Z,46,2.175,,,Provisional/Provisoire,,
05EA002,2026-07-27T17:55:00Z,46,2.173,,,Provisional/Provisoire,,
05EA002,2026-07-27T18:00:00Z,46,2.175,,,Provisional/Provisoire,,
05EA002,2026-07-27T18:05:00Z,46,2.176,,,Provisional/Provisoire,,
05EA002,2026-07-27T18:10:00Z,46,2.174,,,Provisional/Provisoire,,
05EA002,2026-07-27T18:15:00Z,46,2.175,,,Provisional/Provisoire,,
05EA002,2026-07-27T18:20:00Z,46,2.174,,,Provisional/Provisoire,,
05EA002,2026-07-27T18:25:00Z,46,2.172,,,Provisional/Provisoire,,
05EA002,2026-07-27T18:30:00Z,46,2.174,,,Provisional/Provisoire,,
05EA002,2026-07-27T18:35:00Z,46,2.173,,,Provisional/Provisoire,,
05EA002,2026-07-27T18:40:00Z,46,2.176,,,Provisional/Provisoire,,
05EA002,2026-07-27T18:45:00Z,46,2.174,,,Provisional/Provisoire,,
05EA002,2026-07-27T18:50:00Z,46,2.176,,,Provisional/Provisoire,,
05EA002,2026-07-27T18:55:00Z,46,2.178,,,Provisional/Provisoire,,
05EA002,2026-07-27T19:00:00Z,46,2.178,,,Provisional/Provisoire,,
05EA002,2026-07-27T19:05:00Z,46,2.182,,,Provisional/Provisoire,,
05EA002,2026-07-27T19:10:00Z,46,2.181,,,Provisional/Provisoire,,
05EA002,2026-07-27T19:15:00Z,46,2.183,,,Provisional/Provisoire,,
05EA002,2026-07-27T19:20:00Z,46,2.184,,,Provisional/Provisoire,,
05EA002,2026-07-27T19:25:00Z,46,2.181,,,Provisional/Provisoire,,
05EA002,2026-07-27T19:30:00Z,46,2.186,,,Provisional/Provisoire,,
05EA002,2026-07-27T19:35:00Z,46,2.191,,,Provisional/Provisoire,,
05EA002,2026-07-27T19:40:00Z,46,2.194,,,Provisional/Provisoire,,
05EA002,2026-07-27T19:45:00Z,46,2.212,,,Provisional/Provisoire,,
05EA002,2026-07-27T19:50:00Z,46,2.226,,,Provisional/Provisoire,,
05EA002,2026-07-27T19:55:00Z,46,2.232,,,Provisional/Provisoire,,
05EA002,2026-07-27T20:00:00Z,46,2.224,,,Provisional/Provisoire,,
05EA002,2026-07-27T20:05:00Z,46,2.235,,,Provisional/Provisoire,,
05EA002,2026-07-27T20:10:00Z,46,2.236,,,Provisional/Provisoire,,
05EA002,2026-07-27T20:15:00Z,46,2.242,,,Provisional/Provisoire,,
05EA002,2026-07-27T20:20:00Z,46,2.247,,,Provisional/Provisoire,,
05EA002,2026-07-27T20:25:00Z,46,2.258,,,Provisional/Provisoire,,
05EA002,2026-07-27T20:30:00Z,46,2.249,,,Provisional/Provisoire,,
05EA002,2026-07-27T20:35:00Z,46,2.244,,,Provisional/Provisoire,,
05EA002,2026-07-27T20:40:00Z,46,2.243,,,Provisional/Provisoire,,
05EA002,2026-07-27T20:45:00Z,46,2.233,,,Provisional/Provisoire,,
05EA002,2026-07-27T20:50:00Z,46,2.221,,,Provisional/Provisoire,,
05EA002,2026-07-27T20:55:00Z,46,2.216,,,Provisional/Provisoire,,
05EA002,2026-07-27T21:00:00Z,46,2.209,,,Provisional/Provisoire,,
05EA002,2026-07-27T21:05:00Z,46,2.202,,,Provisional/Provisoire,,
05EA002,2026-07-27T21:10:00Z,46,2.202,,,Provisional/Provisoire,,
05EA002,2026-07-27T21:15:00Z,46,2.199,,,Provisional/Provisoire,,
05EA002,2026-07-27T21:20:00Z,46,2.198,,,Provisional/Provisoire,,
05EA002,2026-07-27T21:25:00Z,46,2.198,,,Provisional/Provisoire,,
05EA002,2026-07-27T21:30:00Z,46,2.197,,,Provisional/Provisoire,,
05EA002,2026-07-27T21:35:00Z,46,2.195,,,Provisional/Provisoire,,
05EA002,2026-07-27T21:40:00Z,46,2.195,,,Provisional/Provisoire,,
05EA002,2026-07-27T21:45:00Z,46,2.194,,,Provisional/Provisoire,,
05EA002,2026-07-27T21:50:00Z,46,2.194,,,Provisional/Provisoire,,
05EA002,2026-07-27T21:55:00Z,46,2.195,,,Provisional/Provisoire,,
05EA002,2026-07-27T22:00:00Z,46,2.192,,,Provisional/Provisoire,,
05EA002,2026-07-27T22:05:00Z,46,2.192,,,Provisional/Provisoire,,
05EA002,2026-07-27T22:10:00Z,46,2.192,,,Provisional/Provisoire,,
05EA002,2026-07-27T22:15:00Z,46,2.194,,,Provisional/Provisoire,,
05EA002,2026-07-27T22:20:00Z,46,2.193,,,Provisional/Provisoire,,
05EA002,2026-07-27T22:25:00Z,46,2.194,,,Provisional/Provisoire,,
05EA002,2026-07-27T22:30:00Z,46,2.191,,,Provisional/Provisoire,,
05EA002,2026-07-27T22:35:00Z,46,2.190,,,Provisional/Provisoire,,
05EA002,2026-07-27T22:40:00Z,46,2.192,,,Provisional/Provisoire,,
05EA002,2026-07-27T22:45:00Z,46,2.192,,,Provisional/Provisoire,,
05EA002,2026-07-27T22:50:00Z,46,2.190,,,Provisional/Provisoire,,
05EA002,2026-07-27T22:55:00Z,46,2.189,,,Provisional/Provisoire,,
05EA002,2026-07-27T23:00:00Z,46,2.190,,,Provisional/Provisoire,,
05EA002,2026-07-27T23:05:00Z,46,2.190,,,Provisional/Provisoire,,
05EA002,2026-07-27T23:10:00Z,46,2.188,,,Provisional/Provisoire,,
05EA002,2026-07-27T23:15:00Z,46,2.188,,,Provisional/Provisoire,,
05EA002,2026-07-27T23:20:00Z,46,2.188,,,Provisional/Provisoire,,
05EA002,2026-07-27T23:25:00Z,46,2.186,,,Provisional/Provisoire,,
05EA002,2026-07-27T23:30:00Z,46,2.187,,,Provisional/Provisoire,,
05EA002,2026-07-27T23:35:00Z,46,2.186,,,Provisional/Provisoire,,
05EA002,2026-07-27T23:40:00Z,46,2.186,,,Provisional/Provisoire,,
05EA002,2026-07-27T23:45:00Z,46,2.186,,,Provisional/Provisoire,,
05EA002,2026-07-27T23:50:00Z,46,2.186,,,Provisional/Provisoire,,
05EA002,2026-07-27T23:55:00Z,46,2.186,,,Provisional/Provisoire,,
05EA002,2026-07-28T00:00:00Z,46,2.186,,,Provisional/Provisoire,,
05EA002,2026-07-28T00:05:00Z,46,2.185,,,Provisional/Provisoire,,
05EA002,2026-07-28T00:10:00Z,46,2.185,,,Provisional/Provisoire,,
05EA002,2026-07-28T00:15:00Z,46,2.184,,,Provisional/Provisoire,,
05EA002,2026-07-28T00:20:00Z,46,2.185,,,Provisional/Provisoire,,
05EA002,2026-07-28T00:25:00Z,46,2.186,,,Provisional/Provisoire,,
05EA002,2026-07-28T00:30:00Z,46,2.185,,,Provisional/Provisoire,,
05EA002,2026-07-28T00:35:00Z,46,2.185,,,Provisional/Provisoire,,
05EA002,2026-07-28T00:40:00Z,46,2.186,,,Provisional/Provisoire,,
05EA002,2026-07-28T00:45:00Z,46,2.185,,,Provisional/Provisoire,,
05EA002,2026-07-28T00:50:00Z,46,2.186,,,Provisional/Provisoire,,
05EA002,2026-07-28T00:55:00Z,46,2.185,,,Provisional/Provisoire,,
05EA002,2026-07-28T01:00:00Z,46,2.185,,,Provisional/Provisoire,,
05EA002,2026-07-28T01:05:00Z,46,2.184,,,Provisional/Provisoire,,
05EA002,2026-07-28T01:10:00Z,46,2.184,,,Provisional/Provisoire,,
05EA002,2026-07-28T01:15:00Z,46,2.184,,,Provisional/Provisoire,,
05EA002,2026-07-28T01:20:00Z,46,2.184,,,Provisional/Provisoire,,
05EA002,2026-07-28T01:25:00Z,46,2.183,,,Provisional/Provisoire,,
05EA002,2026-07-28T01:30:00Z,46,2.183,,,Provisional/Provisoire,,
05EA002,2026-07-28T01:35:00Z,46,2.182,,,Provisional/Provisoire,,
05EA002,2026-07-28T01:40:00Z,46,2.183,,,Provisional/Provisoire,,
05EA002,2026-07-28T01:45:00Z,46,2.182,,,Provisional/Provisoire,,
05EA002,2026-07-28T01:50:00Z,46,2.183,,,Provisional/Provisoire,,
05EA002,2026-07-28T01:55:00Z,46,2.182,,,Provisional/Provisoire,,
05EA002,2026-07-28T02:00:00Z,46,2.180,,,Provisional/Provisoire,,
05EA002,2026-07-28T02:05:00Z,46,2.182,,,Provisional/Provisoire,,
05EA002,2026-07-28T02:10:00Z,46,2.181,,,Provisional/Provisoire,,
05EA002,2026-07-28T02:15:00Z,46,2.181,,,Provisional/Provisoire,,
05EA002,2026-07-28T02:20:00Z,46,2.181,,,Provisional/Provisoire,,
05EA002,2026-07-28T02:25:00Z,46,2.178,,,Provisional/Provisoire,,
05EA002,2026-07-28T02:30:00Z,46,2.180,,,Provisional/Provisoire,,
05EA002,2026-07-28T02:35:00Z,46,2.180,,,Provisional/Provisoire,,
05EA002,2026-07-28T02:40:00Z,46,2.181,,,Provisional/Provisoire,,
05EA002,2026-07-28T02:45:00Z,46,2.181,,,Provisional/Provisoire,,
05EA002,2026-07-28T02:50:00Z,46,2.181,,,Provisional/Provisoire,,
05EA002,2026-07-28T02:55:00Z,46,2.181,,,Provisional/Provisoire,,
05EA002,2026-07-28T03:00:00Z,46,2.181,,,Provisional/Provisoire,,
05EA002,2026-07-28T03:05:00Z,46,2.182,,,Provisional/Provisoire,,
05EA002,2026-07-28T03:10:00Z,46,2.181,,,Provisional/Provisoire,,
05EA002,2026-07-28T03:15:00Z,46,2.182,,,Provisional/Provisoire,,
05EA002,2026-07-28T03:20:00Z,46,2.182,,,Provisional/Provisoire,,
05EA002,2026-07-28T03:25:00Z,46,2.180,,,Provisional/Provisoire,,
05EA002,2026-07-28T03:30:00Z,46,2.182,,,Provisional/Provisoire,,
05EA002,2026-07-28T03:35:00Z,46,2.182,,,Provisional/Provisoire,,
05EA002,2026-07-28T03:40:00Z,46,2.182,,,Provisional/Provisoire,,
05EA002,2026-07-28T03:45:00Z,46,2.182,,,Provisional/Provisoire,,
05EA002,2026-07-28T03:50:00Z,46,2.181,,,Provisional/Provisoire,,
05EA002,2026-07-28T03:55:00Z,46,2.182,,,Provisional/Provisoire,,
05EA002,2026-07-28T04:00:00Z,46,2.181,,,Provisional/Provisoire,,
05EA002,2026-07-28T04:05:00Z,46,2.182,,,Provisional/Provisoire,,
05EA002,2026-07-28T04:10:00Z,46,2.182,,,Provisional/Provisoire,,
05EA002,2026-07-28T04:15:00Z,46,2.183,,,Provisional/Provisoire,,
05EA002,2026-07-28T04:20:00Z,46,2.182,,,Provisional/Provisoire,,
05EA002,2026-07-28T04:25:00Z,46,2.183,,,Provisional/Provisoire,,
05EA002,2026-07-28T04:30:00Z,46,2.183,,,Provisional/Provisoire,,
05EA002,2026-07-28T04:35:00Z,46,2.183,,,Provisional/Provisoire,,
05EA002,2026-07-28T04:40:00Z,46,2.184,,,Provisional/Provisoire,,
05EA002,2026-07-28T04:45:00Z,46,2.183,,,Provisional/Provisoire,,
05EA002,2026-07-28T04:50:00Z,46,2.182,,,Provisional/Provisoire,,
05EA002,2026-07-28T04:55:00Z,46,2.181,,,Provisional/Provisoire,,
05EA002,2026-07-28T05:00:00Z,46,2.182,,,Provisional/Provisoire,,
05EA002,2026-07-28T05:05:00Z,46,2.182,,,Provisional/Provisoire,,
05EA002,2026-07-28T05:10:00Z,46,2.183,,,Provisional/Provisoire,,
05EA002,2026-07-28T05:15:00Z,46,2.181,,,Provisional/Provisoire,,
05EA002,2026-07-28T05:20:00Z,46,2.181,,,Provisional/Provisoire,,
05EA002,2026-07-28T05:25:00Z,46,2.182,,,Provisional/Provisoire,,
05EA002,2026-07-28T05:30:00Z,46,2.180,,,Provisional/Provisoire,,
05EA002,2026-07-28T05:35:00Z,46,2.182,,,Provisional/Provisoire,,
05EA002,2026-07-28T05:40:00Z,46,2.183,,,Provisional/Provisoire,,
05EA002,2026-07-28T05:45:00Z,46,2.180,,,Provisional/Provisoire,,
05EA002,2026-07-28T05:50:00Z,46,2.181,,,Provisional/Provisoire,,
05EA002,2026-07-28T05:55:00Z,46,2.179,,,Provisional/Provisoire,,
05EA002,2026-07-28T06:00:00Z,46,2.180,,,Provisional/Provisoire,,
05EA002,2026-07-28T06:05:00Z,46,2.181,,,Provisional/Provisoire,,
05EA002,2026-07-28T06:10:00Z,46,2.180,,,Provisional/Provisoire,,
05EA002,2026-07-28T06:15:00Z,46,2.180,,,Provisional/Provisoire,,
05EA002,2026-07-28T06:20:00Z,46,2.181,,,Provisional/Provisoire,,
05EA002,2026-07-28T06:25:00Z,46,2.182,,,Provisional/Provisoire,,
05EA002,2026-07-28T06:30:00Z,46,2.181,,,Provisional/Provisoire,,
05EA002,2026-07-28T06:35:00Z,46,2.180,,,Provisional/Provisoire,,
05EA002,2026-07-28T06:40:00Z,46,2.180,,,Provisional/Provisoire,,
05EA002,2026-07-28T06:45:00Z,46,2.181,,,Provisional/Provisoire,,
05EA002,2026-07-28T06:50:00Z,46,2.181,,,Provisional/Provisoire,,
05EA002,2026-07-28T06:55:00Z,46,2.181,,,Provisional/Provisoire,,
05EA002,2026-07-28T07:00:00Z,46,2.181,,,Provisional/Provisoire,,
05EA002,2026-07-28T07:05:00Z,46,2.179,,,Provisional/Provisoire,,
05EA002,2026-07-28T07:10:00Z,46,2.180,,,Provisional/Provisoire,,
05EA002,2026-07-28T07:15:00Z,46,2.180,,,Provisional/Provisoire,,
05EA002,2026-07-28T07:20:00Z,46,2.179,,,Provisional/Provisoire,,
05EA002,2026-07-28T07:25:00Z,46,2.179,,,Provisional/Provisoire,,
05EA002,2026-07-28T07:30:00Z,46,2.179,,,Provisional/Provisoire,,
05EA002,2026-07-28T07:35:00Z,46,2.179,,,Provisional/Provisoire,,
05EA002,2026-07-28T07:40:00Z,46,2.179,,,Provisional/Provisoire,,
05EA002,2026-07-28T07:45:00Z,46,2.179,,,Provisional/Provisoire,,
05EA002,2026-07-28T07:50:00Z,46,2.179,,,Provisional/Provisoire,,
05EA002,2026-07-28T07:55:00Z,46,2.178,,,Provisional/Provisoire,,
05EA002,2026-07-28T08:00:00Z,46,2.179,,,Provisional/Provisoire,,
05EA002,2026-07-28T08:05:00Z,46,2.179,,,Provisional/Provisoire,,
05EA002,2026-07-28T08:10:00Z,46,2.180,,,Provisional/Provisoire,,
05EA002,2026-07-28T08:15:00Z,46,2.180,,,Provisional/Provisoire,,
05EA002,2026-07-28T08:20:00Z,46,2.177,,,Provisional/Provisoire,,
05EA002,2026-07-28T08:25:00Z,46,2.179,,,Provisional/Provisoire,,
05EA002,2026-07-28T08:30:00Z,46,2.178,,,Provisional/Provisoire,,
05EA002,2026-07-28T08:35:00Z,46,2.178,,,Provisional/Provisoire,,
05EA002,2026-07-28T08:40:00Z,46,2.178,,,Provisional/Provisoire,,
05EA002,2026-07-28T08:45:00Z,46,2.178,,,Provisional/Provisoire,,
05EA002,2026-07-28T08:50:00Z,46,2.178,,,Provisional/Provisoire,,
05EA002,2026-07-28T08:55:00Z,46,2.179,,,Provisional/Provisoire,,
05EA002,2026-07-28T09:00:00Z,46,2.179,,,Provisional/Provisoire,,
05EA002,2026-07-28T09:05:00Z,46,2.179,,,Provisional/Provisoire,,
05EA002,2026-07-28T09:10:00Z,46,2.178,,,Provisional/Provisoire,,
05EA002,2026-07-28T09:15:00Z,46,2.179,,,Provisional/Provisoire,,
05EA002,2026-07-28T09:20:00Z,46,2.178,,,Provisional/Provisoire,,
05EA002,2026-07-28T09:25:00Z,46,2.176,,,Provisional/Provisoire,,
05EA002,2026-07-28T09:30:00Z,46,2.178,,,Provisional/Provisoire,,
05EA002,2026-07-28T09:35:00Z,46,2.177,,,Provisional/Provisoire,,
05EA002,2026-07-28T09:40:00Z,46,2.178,,,Provisional/Provisoire,,
05EA002,2026-07-28T09:45:00Z,46,2.176,,,Provisional/Provisoire,,
05EA002,2026-07-28T09:50:00Z,46,2.176,,,Provisional/Provisoire,,
05EA002,2026-07-28T09:55:00Z,46,2.177,,,Provisional/Provisoire,,
05EA002,2026-07-28T10:00:00Z,46,2.176,,,Provisional/Provisoire,,
05EA002,2026-07-28T10:05:00Z,46,2.177,,,Provisional/Provisoire,,
05EA002,2026-07-28T10:10:00Z,46,2.176,,,Provisional/Provisoire,,
05EA002,2026-07-28T10:15:00Z,46,2.177,,,Provisional/Provisoire,,
05EA002,2026-07-28T10:20:00Z,46,2.177,,,Provisional/Provisoire,,
05EA002,2026-07-28T10:25:00Z,46,2.176,,,Provisional/Provisoire,,
05EA002,2026-07-28T10:30:00Z,46,2.175,,,Provisional/Provisoire,,
05EA002,2026-07-28T10:35:00Z,46,2.176,,,Provisional/Provisoire,,
05EA002,2026-07-28T10:40:00Z,46,2.176,,,Provisional/Provisoire,,
05EA002,2026-07-28T10:45:00Z,46,2.175,,,Provisional/Provisoire,,
05EA002,2026-07-28T10:50:00Z,46,2.177,,,Provisional/Provisoire,,
05EA002,2026-07-28T10:55:00Z,46,2.175,,,Provisional/Provisoire,,
05EA002,2026-07-28T11:00:00Z,46,2.176,,,Provisional/Provisoire,,
05EA002,2026-07-28T11:05:00Z,46,2.175,,,Provisional/Provisoire,,
05EA002,2026-07-28T11:10:00Z,46,2.176,,,Provisional/Provisoire,,
05EA002,2026-07-28T11:15:00Z,46,2.175,,,Provisional/Provisoire,,
05EA002,2026-07-28T11:20:00Z,46,2.176,,,Provisional/Provisoire,,
05EA002,2026-07-28T11:25:00Z,46,2.175,,,Provisional/Provisoire,,
05EA002,2026-07-28T11:30:00Z,46,2.176,,,Provisional/Provisoire,,
05EA002,2026-07-28T11:35:00Z,46,2.175,,,Provisional/Provisoire,,
05EA002,2026-07-28T11:40:00Z,46,2.176,,,Provisional/Provisoire,,
05EA002,2026-07-28T11:45:00Z,46,2.175,,,Provisional/Provisoire,,
05EA002,2026-07-28T11:50:00Z,46,2.174,,,Provisional/Provisoire,,
05EA002,2026-07-28T11:55:00Z,46,2.176,,,Provisional/Provisoire,,
05EA002,2026-07-28T12:00:00Z,46,2.175,,,Provisional/Provisoire,,
05EA002,2026-07-28T12:05:00Z,46,2.176,,,Provisional/Provisoire,,
05EA002,2026-07-28T12:10:00Z,46,2.173,,,Provisional/Provisoire,,
05EA002,2026-07-28T12:15:00Z,46,2.174,,,Provisional/Provisoire,,
05EA002,2026-07-28T12:20:00Z,46,2.174,,,Provisional/Provisoire,,
05EA002,2026-07-28T12:25:00Z,46,2.174,,,Provisional/Provisoire,,
05EA002,2026-07-28T12:30:00Z,46,2.173,,,Provisional/Provisoire,,
05EA002,2026-07-28T12:35:00Z,46,2.174,,,Provisional/Provisoire,,
05EA002,2026-07-28T12:40:00Z,46,2.173,,,Provisional/Provisoire,,
05EA002,2026-07-28T12:45:00Z,46,2.174,,,Provisional/Provisoire,,
05EA002,2026-07-28T12:50:00Z,46,2.172,,,Provisional/Provisoire,,
05EA002,2026-07-28T12:55:00Z,46,2.171,,,Provisional/Provisoire,,
05EA002,2026-07-28T13:00:00Z,46,2.171,,,Provisional/Provisoire,,
05EA002,2026-07-28T13:05:00Z,46,2.170,,,Provisional/Provisoire,,
05EA002,2026-07-28T13:10:00Z,46,2.172,,,Provisional/Provisoire,,
05EA002,2026-07-28T13:15:00Z,46,2.171,,,Provisional/Provisoire,,
05EA002,2026-07-28T13:20:00Z,46,2.171,,,Provisional/Provisoire,,
05EA002,2026-07-28T13:25:00Z,46,2.172,,,Provisional/Provisoire,,
05EA002,2026-07-28T13:30:00Z,46,2.171,,,Provisional/Provisoire,,
05EA002,2026-07-28T13:35:00Z,46,2.172,,,Provisional/Provisoire,,
05EA002,2026-07-28T13:40:00Z,46,2.172,,,Provisional/Provisoire,,
05EA002,2026-07-28T13:45:00Z,46,2.171,,,Provisional/Provisoire,,
05EA002,2026-07-28T13:50:00Z,46,2.171,,,Provisional/Provisoire,,
05EA002,2026-07-28T13:55:00Z,46,2.173,,,Provisional/Provisoire,,
05EA002,2026-07-28T14:00:00Z,46,2.171,,,Provisional/Provisoire,,
05EA002,2026-07-28T14:05:00Z,46,2.173,,,Provisional/Provisoire,,
05EA002,2026-07-28T14:10:00Z,46,2.170,,,Provisional/Provisoire,,
05EA002,2026-07-28T14:15:00Z,46,2.172,,,Provisional/Provisoire,,
05EA002,2026-07-28T14:20:00Z,46,2.172,,,Provisional/Provisoire,,
05EA002,2026-07-28T14:25:00Z,46,2.171,,,Provisional/Provisoire,,
05EA002,2026-07-28T14:30:00Z,46,2.170,,,Provisional/Provisoire,,
05EA002,2026-07-28T14:35:00Z,46,2.170,,,Provisional/Provisoire,,
05EA002,2026-07-28T14:40:00Z,46,2.172,,,Provisional/Provisoire,,
05EA002,2026-07-28T14:45:00Z,46,2.172,,,Provisional/Provisoire,,
05EA002,2026-07-28T14:50:00Z,46,2.172,,,Provisional/Provisoire,,
05EA002,2026-07-28T14:55:00Z,46,2.172,,,Provisional/Provisoire,,
05EA002,2026-07-28T15:00:00Z,46,2.173,,,Provisional/Provisoire,,
05EA002,2026-07-28T15:05:00Z,46,2.171,,,Provisional/Provisoire,,
05EA002,2026-07-28T15:10:00Z,46,2.171,,,Provisional/Provisoire,,
05EA002,2026-07-28T15:15:00Z,46,2.170,,,Provisional/Provisoire,,
05EA002,2026-07-28T15:20:00Z,46,2.170,,,Provisional/Provisoire,,
05EA002,2026-07-28T15:25:00Z,46,2.171,,,Provisional/Provisoire,,
05EA002,2026-07-28T15:30:00Z,46,2.172,,,Provisional/Provisoire,,
05EA002,2026-07-28T15:35:00Z,46,2.172,,,Provisional/Provisoire,,
05EA002,2026-07-28T15:40:00Z,46,2.170,,,Provisional/Provisoire,,
05EA002,2026-07-28T15:45:00Z,46,2.169,,,Provisional/Provisoire,,
05EA002,2026-07-28T15:50:00Z,46,2.172,,,Provisional/Provisoire,,
05EA002,2026-07-28T15:55:00Z,46,2.171,,,Provisional/Provisoire,,
05EA002,2026-07-28T16:00:00Z,46,2.172,,,Provisional/Provisoire,,
05EA002,2026-07-28T16:05:00Z,46,2.171,,,Provisional/Provisoire,,
05EA002,2026-07-28T16:10:00Z,46,2.173,,,Provisional/Provisoire,,
05EA002,2026-07-28T16:15:00Z,46,2.172,,,Provisional/Provisoire,,
05EA002,2026-07-28T16:20:00Z,46,2.168,,,Provisional/Provisoire,,
05EA002,2026-07-28T16:25:00Z,46,2.168,,,Provisional/Provisoire,,
05EA002,2026-07-28T16:30:00Z,46,2.167,,,Provisional/Provisoire,,
05EA002,2026-07-28T16:35:00Z,46,2.168,,,Provisional/Provisoire,,
05EA002,2026-07-28T16:40:00Z,46,2.170,,,Provisional/Provisoire,,
05EA002,2026-07-28T16:45:00Z,46,2.169,,,Provisional/Provisoire,,
05EA002,2026-07-28T16:50:00Z,46,2.169,,,Provisional/Provisoire,,
05EA002,2026-07-28T16:55:00Z,46,2.170,,,Provisional/Provisoire,,
05EA002,2026-07-28T17:00:00Z,46,2.168,,,Provisional/Provisoire,,
05EA002,2026-07-28T17:05:00Z,46,2.166,,,Provisional/Provisoire,,
05EA002,2026-07-28T17:10:00Z,46,2.168,,,Provisional/Provisoire,,
05EA002,2026-07-28T17:15:00Z,46,2.166,,,Provisional/Provisoire,,
05EA002,2026-07-28T17:20:00Z,46,2.165,,,Provisional/Provisoire,,
05EA002,2026-07-28T17:25:00Z,46,2.164,,,Provisional/Provisoire,,
05EA002,2026-07-28T17:30:00Z,46,2.165,,,Provisional/Provisoire,,
05EA002,2026-07-28T17:35:00Z,46,2.163,,,Provisional/Provisoire,,
05EA002,2026-07-28T17:40:00Z,46,2.161,,,Provisional/Provisoire,,
05EA002,2026-07-28T17:45:00Z,46,2.164,,,Provisional/Provisoire,,
05EA002,2026-07-28T17:50:00Z,46,2.162,,,Provisional/Provisoire,,
05EA002,2026-07-28T17:55:00Z,46,2.163,,,Provisional/Provisoire,,
05EA002,2026-07-28T18:00:00Z,46,2.162,,,Provisional/Provisoire,,
05EA002,2026-07-28T18:05:00Z,46,2.163,,,Provisional/Provisoire,,
05EA002,2026-07-28T18:10:00Z,46,2.161,,,Provisional/Provisoire,,
05EA002,2026-07-28T18:15:00Z,46,2.161,,,Provisional/Provisoire,,
05EA002,2026-07-28T18:20:00Z,46,2.162,,,Provisional/Provisoire,,
05EA002,2026-07-28T18:25:00Z,46,2.162,,,Provisional/Provisoire,,
05EA002,2026-07-28T18:30:00Z,46,2.162,,,Provisional/Provisoire,,
05EA002,2026-07-28T18:35:00Z,46,2.163,,,Provisional/Provisoire,,
05EA002,2026-07-28T18:40:00Z,46,2.161,,,Provisional/Provisoire,,
05EA002,2026-07-28T18:45:00Z,46,2.160,,,Provisional/Provisoire,,
05EA002,2026-07-28T18:50:00Z,46,2.162,,,Provisional/Provisoire,,
05EA002,2026-07-28T18:55:00Z,46,2.163,,,Provisional/Provisoire,,
05EA002,2026-07-28T19:00:00Z,46,2.161,,,Provisional/Provisoire,,
05EA002,2026-07-28T19:05:00Z,46,2.161,,,Provisional/Provisoire,,
05EA002,2026-07-28T19:10:00Z,46,2.160,,,Provisional/Provisoire,,
05EA002,2026-07-28T19:15:00Z,46,2.160,,,Provisional/Provisoire,,
05EA002,2026-07-28T19:20:00Z,46,2.160,,,Provisional/Provisoire,,
05EA002,2026-07-28T19:25:00Z,46,2.163,,,Provisional/Provisoire,,
05EA002,2026-07-28T19:30:00Z,46,2.162,,,Provisional/Provisoire,,
05EA002,2026-07-28T19:35:00Z,46,2.159,,,Provisional/Provisoire,,
05EA002,2026-07-28T19:40:00Z,46,2.161,,,Provisional/Provisoire,,
05EA002,2026-07-28T19:45:00Z,46,2.162,,,Provisional/Provisoire,,
05EA002,2026-07-28T19:50:00Z,46,2.161,,,Provisional/Provisoire,,
05EA002,2026-07-28T19:55:00Z,46,2.161,,,Provisional/Provisoire,,
05EA002,2026-07-28T20:00:00Z,46,2.160,,,Provisional/Provisoire,,
05EA002,2026-07-28T20:05:00Z,46,2.161,,,Provisional/Provisoire,,
05EA002,2026-07-28T20:10:00Z,46,2.160,,,Provisional/Provisoire,,
05EA002,2026-07-28T20:15:00Z,46,2.162,,,Provisional/Provisoire,,
05EA002,2026-07-28T20:20:00Z,46,2.159,,,Provisional/Provisoire,,
05EA002,2026-07-28T20:25:00Z,46,2.158,,,Provisional/Provisoire,,
05EA002,2026-07-28T20:30:00Z,46,2.160,,,Provisional/Provisoire,,
05EA002,2026-07-28T20:35:00Z,46,2.160,,,Provisional/Provisoire,,
05EA002,2026-07-28T20:40:00Z,46,2.162,,,Provisional/Provisoire,,
05EA002,2026-07-28T20:45:00Z,46,2.160,,,Provisional/Provisoire,,
05EA002,2026-07-28T20:50:00Z,46,2.162,,,Provisional/Provisoire,,
05EA002,2026-07-28T20:55:00Z,46,2.161,,,Provisional/Provisoire,,
05EA002,2026-07-28T21:00:00Z,46,2.163,,,Provisional/Provisoire,,
05EA002,2026-07-28T21:05:00Z,46,2.162,,,Provisional/Provisoire,,
05EA002,2026-07-28T21:10:00Z,46,2.163,,,Provisional/Provisoire,,
05EA002,2026-07-28T21:15:00Z,46,2.162,,,Provisional/Provisoire,,
05EA002,2026-07-28T21:20:00Z,46,2.162,,,Provisional/Provisoire,,
05EA002,2026-07-28T21:25:00Z,46,2.163,,,Provisional/Provisoire,,
05EA002,2026-07-28T21:30:00Z,46,2.160,,,Provisional/Provisoire,,
05EA002,2026-07-28T21:35:00Z,46,2.161,,,Provisional/Provisoire,,
05EA002,2026-07-28T21:40:00Z,46,2.161,,,Provisional/Provisoire,,
05EA002,2026-07-28T21:45:00Z,46,2.161,,,Provisional/Provisoire,,
05EA002,2026-07-28T21:50:00Z,46,2.154,,,Provisional/Provisoire,,
05EA002,2026-07-28T21:55:00Z,46,2.159,,,Provisional/Provisoire,,
05EA002,2026-07-28T22:00:00Z,46,2.158,,,Provisional/Provisoire,,
05EA002,2026-07-28T22:05:00Z,46,2.159,,,Provisional/Provisoire,,
05EA002,2026-07-28T22:10:00Z,46,2.159,,,Provisional/Provisoire,,
05EA002,2026-07-28T22:15:00Z,46,2.157,,,Provisional/Provisoire,,
05EA002,2026-07-28T22:20:00Z,46,2.158,,,Provisional/Provisoire,,
05EA002,2026-07-28T22:25:00Z,46,2.156,,,Provisional/Provisoire,,
05EA002,2026-07-28T22:30:00Z,46,2.156,,,Provisional/Provisoire,,
05EA002,2026-07-28T22:35:00Z,46,2.156,,,Provisional/Provisoire,,
05EA002,2026-07-28T22:40:00Z,46,2.155,,,Provisional/Provisoire,,
05EA002,2026-07-28T22:45:00Z,46,2.157,,,Provisional/Provisoire,,
05EA002,2026-07-28T22:50:00Z,46,2.155,,,Provisional/Provisoire,,
05EA002,2026-07-28T22:55:00Z,46,2.157,,,Provisional/Provisoire,,
05EA002,2026-07-28T23:00:00Z,46,2.156,,,Provisional/Provisoire,,
05EA002,2026-07-28T23:05:00Z,46,2.155,,,Provisional/Provisoire,,
05EA002,2026-07-28T23:10:00Z,46,2.158,,,Provisional/Provisoire,,
05EA002,2026-07-28T23:15:00Z,46,2.159,,,Provisional/Provisoire,,
05EA002,2026-07-28T23:20:00Z,46,2.157,,,Provisional/Provisoire,,
05EA002,2026-07-28T23:25:00Z,46,2.159,,,Provisional/Provisoire,,
05EA002,2026-07-28T23:30:00Z,46,2.155,,,Provisional/Provisoire,,
05EA002,2026-07-28T23:35:00Z,46,2.157,,,Provisional/Provisoire,,
05EA002,2026-07-28T23:40:00Z,46,2.156,,,Provisional/Provisoire,,
05EA002,2026-07-28T23:45:00Z,46,2.155,,,Provisional/Provisoire,,
05EA002,2026-07-28T23:50:00Z,46,2.156,,,Provisional/Provisoire,,
05EA002,2026-07-28T23:55:00Z,46,2.154,,,Provisional/Provisoire,,
05EA002,2026-07-29T00:00:00Z,46,2.155,,,Provisional/Provisoire,,
05EA002,2026-07-29T00:05:00Z,46,2.157,,,Provisional/Provisoire,,
05EA002,2026-07-29T00:10:00Z,46,2.156,,,Provisional/Provisoire,,
05EA002,2026-07-29T00:15:00Z,46,2.157,,,Provisional/Provisoire,,
05EA002,2026-07-29T00:20:00Z,46,2.155,,,Provisional/Provisoire,,
05EA002,2026-07-29T00:25:00Z,46,2.154,,,Provisional/Provisoire,,
05EA002,2026-07-29T00:30:00Z,46,2.155,,,Provisional/Provisoire,,
05EA002,2026-07-29T00:35:00Z,46,2.156,,,Provisional/Provisoire,,
05EA002,2026-07-29T00:40:00Z,46,2.154,,,Provisional/Provisoire,,
05EA002,2026-07-29T00:45:00Z,46,2.154,,,Provisional/Provisoire,,
05EA002,2026-07-29T00:50:00Z,46,2.155,,,Provisional/Provisoire,,
05EA002,2026-07-29T00:55:00Z,46,2.154,,,Provisional/Provisoire,,
05EA002,2026-07-29T01:00:00Z,46,2.156,,,Provisional/Provisoire,,
05EA002,2026-07-29T01:05:00Z,46,2.155,,,Provisional/Provisoire,,
05EA002,2026-07-29T01:10:00Z,46,2.156,,,Provisional/Provisoire,,
05EA002,2026-07-29T01:15:00Z,46,2.156,,,Provisional/Provisoire,,
05EA002,2026-07-29T01:20:00Z,46,2.155,,,Provisional/Provisoire,,
05EA002,2026-07-29T01:25:00Z,46,2.157,,,Provisional/Provisoire,,
05EA002,2026-07-29T01:30:00Z,46,2.156,,,Provisional/Provisoire,,
05EA002,2026-07-29T01:35:00Z,46,2.156,,,Provisional/Provisoire,,
05EA002,2026-07-29T01:40:00Z,46,2.161,,,Provisional/Provisoire,,
05EA002,2026-07-29T01:45:00Z,46,2.169,,,Provisional/Provisoire,,
05EA002,2026-07-29T01:50:00Z,46,2.180,,,Provisional/Provisoire,,
05EA002,2026-07-29T01:55:00Z,46,2.192,,,Provisional/Provisoire,,
05EA002,2026-07-29T02:00:00Z,46,2.223,,,Provisional/Provisoire,,
05EA002,2026-07-29T02:05:00Z,46,2.236,,,Provisional/Provisoire,,
05EA002,2026-07-29T02:10:00Z,46,2.207,,,Provisional/Provisoire,,
05EA002,2026-07-29T02:15:00Z,46,2.206,,,Provisional/Provisoire,,
05EA002,2026-07-29T02:20:00Z,46,2.228,,,Provisional/Provisoire,,
05EA002,2026-07-29T02:25:00Z,46,2.224,,,Provisional/Provisoire,,
05EA002,2026-07-29T02:30:00Z,46,2.210,,,Provisional/Provisoire,,
05EA002,2026-07-29T02:35:00Z,46,2.206,,,Provisional/Provisoire,,
05EA002,2026-07-29T02:40:00Z,46,2.206,,,Provisional/Provisoire,,
05EA002,2026-07-29T02:45:00Z,46,2.197,,,Provisional/Provisoire,,
05EA002,2026-07-29T02:50:00Z,46,2.189,,,Provisional/Provisoire,,
05EA002,2026-07-29T02:55:00Z,46,2.187,,,Provisional/Provisoire,,
05EA002,2026-07-29T03:00:00Z,46,2.184,,,Provisional/Provisoire,,
05EA002,2026-07-29T03:05:00Z,46,2.181,,,Provisional/Provisoire,,
05EA002,2026-07-29T03:10:00Z,46,2.176,,,Provisional/Provisoire,,
05EA002,2026-07-29T03:15:00Z,46,2.176,,,Provisional/Provisoire,,
05EA002,2026-07-29T03:20:00Z,46,2.173,,,Provisional/Provisoire,,
05EA002,2026-07-29T03:25:00Z,46,2.172,,,Provisional/Provisoire,,
05EA002,2026-07-29T03:30:00Z,46,2.169,,,Provisional/Provisoire,,
05EA002,2026-07-29T03:35:00Z,46,2.169,,,Provisional/Provisoire,,
05EA002,2026-07-29T03:40:00Z,46,2.168,,,Provisional/Provisoire,,
05EA002,2026-07-29T03:45:00Z,46,2.167,,,Provisional/Provisoire,,
05EA002,2026-07-29T03:50:00Z,46,2.168,,,Provisional/Provisoire,,
05EA002,2026-07-29T03:55:00Z,46,2.167,,,Provisional/Provisoire,,
05EA002,2026-07-29T04:00:00Z,46,2.169,,,Provisional/Provisoire,,
05EA002,2026-07-29T04:05:00Z,46,2.169,,,Provisional/Provisoire,,
05EA002,2026-07-29T04:10:00Z,46,2.170,,,Provisional/Provisoire,,
05EA002,2026-07-29T04:15:00Z,46,2.171,,,Provisional/Provisoire,,
05EA002,2026-07-29T04:20:00Z,46,2.172,,,Provisional/Provisoire,,
05EA002,2026-07-29T04:25:00Z,46,2.172,,,Provisional/Provisoire,,
05EA002,2026-07-29T04:30:00Z,46,2.172,,,Provisional/Provisoire,,
05EA002,2026-07-29T04:35:00Z,46,2.174,,,Provisional/Provisoire,,
05EA002,2026-07-29T04:40:00Z,46,2.174,,,Provisional/Provisoire,,
05EA002,2026-07-29T04:45:00Z,46,2.175,,,Provisional/Provisoire,,
05EA002,2026-07-29T04:50:00Z,46,2.172,,,Provisional/Provisoire,,
05EA002,2026-07-29T04:55:00Z,46,2.170,,,Provisional/Provisoire,,
05EA002,2026-07-29T05:00:00Z,46,2.170,,,Provisional/Provisoire,,
05EA002,2026-07-29T05:05:00Z,46,2.170,,,Provisional/Provisoire,,
05EA002,2026-07-29T05:10:00Z,46,2.172,,,Provisional/Provisoire,,
05EA002,2026-07-29T05:15:00Z,46,2.171,,,Provisional/Provisoire,,
05EA002,2026-07-29T05:20:00Z,46,2.170,,,Provisional/Provisoire,,
05EA002,2026-07-29T05:25:00Z,46,2.168,,,Provisional/Provisoire,,
05EA002,2026-07-29T05:30:00Z,46,2.168,,,Provisional/Provisoire,,
05EA002,2026-07-29T05:35:00Z,46,2.165,,,Provisional/Provisoire,,
05EA002,2026-07-29T05:40:00Z,46,2.164,,,Provisional/Provisoire,,
05EA002,2026-07-29T05:45:00Z,46,2.165,,,Provisional/Provisoire,,
05EA002,2026-07-29T05:50:00Z,46,2.165,,,Provisional/Provisoire,,
05EA002,2026-07-29T05:55:00Z,46,2.166,,,Provisional/Provisoire,,
05EA002,2026-07-29T06:00:00Z,46,2.165,,,Provisional/Provisoire,,
05EA002,2026-07-29T06:05:00Z,46,2.166,,,Provisional/Provisoire,,
05EA002,2026-07-29T06:10:00Z,46,2.168,,,Provisional/Provisoire,,
05EA002,2026-07-29T06:15:00Z,46,2.169,,,Provisional/Provisoire,,
05EA002,2026-07-29T06:20:00Z,46,2.168,,,Provisional/Provisoire,,
05EA002,2026-07-29T06:25:00Z,46,2.169,,,Provisional/Provisoire,,
05EA002,2026-07-29T06:30:00Z,46,2.169,,,Provisional/Provisoire,,
05EA002,2026-07-29T06:35:00Z,46,2.168,,,Provisional/Provisoire,,
05EA002,2026-07-29T06:40:00Z,46,2.166,,,Provisional/Provisoire,,
05EA002,2026-07-29T06:45:00Z,46,2.167,,,Provisional/Provisoire,,
05EA002,2026-07-29T06:50:00Z,46,2.167,,,Provisional/Provisoire,,
05EA002,2026-07-29T06:55:00Z,46,2.167,,,Provisional/Provisoire,,
05EA002,2026-07-29T07:00:00Z,46,2.167,,,Provisional/Provisoire,,
05EA002,2026-07-29T07:05:00Z,46,2.166,,,Provisional/Provisoire,,
05EA002,2026-07-29T07:10:00Z,46,2.167,,,Provisional/Provisoire,,
05EA002,2026-07-29T07:15:00Z,46,2.167,,,Provisional/Provisoire,,
05EA002,2026-07-29T07:20:00Z,46,2.165,,,Provisional/Provisoire,,
05EA002,2026-07-29T07:25:00Z,46,2.165,,,Provisional/Provisoire,,
05EA002,2026-07-29T07:30:00Z,46,2.163,,,Provisional/Provisoire,,
05EA002,2026-07-29T07:35:00Z,46,2.164,,,Provisional/Provisoire,,
05EA002,2026-07-29T07:40:00Z,46,2.164,,,Provisional/Provisoire,,
05EA002,2026-07-29T07:45:00Z,46,2.164,,,Provisional/Provisoire,,
05EA002,2026-07-29T07:50:00Z,46,2.163,,,Provisional/Provisoire,,
05EA002,2026-07-29T07:55:00Z,46,2.163,,,Provisional/Provisoire,,
05EA002,2026-07-29T08:00:00Z,46,2.163,,,Provisional/Provisoire,,
05EA002,2026-07-29T08:05:00Z,46,2.165,,,Provisional/Provisoire,,
05EA002,2026-07-29T08:10:00Z,46,2.163,,,Provisional/Provisoire,,
05EA002,2026-07-29T08:15:00Z,46,2.162,,,Provisional/Provisoire,,
05EA002,2026-07-29T08:20:00Z,46,2.162,,,Provisional/Provisoire,,
05EA002,2026-07-29T08:25:00Z,46,2.162,,,Provisional/Provisoire,,
05EA002,2026-07-29T08:30:00Z,46,2.161,,,Provisional/Provisoire,,
05EA002,2026-07-29T08:35:00Z,46,2.162,,,Provisional/Provisoire,,
05EA002,2026-07-29T08:40:00Z,46,2.161,,,Provisional/Provisoire,,
05EA002,2026-07-29T08:45:00Z,46,2.161,,,Provisional/Provisoire,,
05EA002,2026-07-29T08:50:00Z,46,2.162,,,Provisional/Provisoire,,
05EA002,2026-07-29T08:55:00Z,46,2.162,,,Provisional/Provisoire,,
05EA002,2026-07-29T09:00:00Z,46,2.161,,,Provisional/Provisoire,,
05EA002,2026-07-29T09:05:00Z,46,2.162,,,Provisional/Provisoire,,
05EA002,2026-07-29T09:10:00Z,46,2.161,,,Provisional/Provisoire,,
05EA002,2026-07-29T09:15:00Z,46,2.160,,,Provisional/Provisoire,,
05EA002,2026-07-29T09:20:00Z,46,2.161,,,Provisional/Provisoire,,
05EA002,2026-07-29T09:25:00Z,46,2.161,,,Provisional/Provisoire,,
05EA002,2026-07-29T09:30:00Z,46,2.161,,,Provisional/Provisoire,,
05EA002,2026-07-29T09:35:00Z,46,2.161,,,Provisional/Provisoire,,
05EA002,2026-07-29T09:40:00Z,46,2.160,,,Provisional/Provisoire,,
05EA002,2026-07-29T09:45:00Z,46,2.161,,,Provisional/Provisoire,,
05EA002,2026-07-29T09:50:00Z,46,2.162,,,Provisional/Provisoire,,
05EA002,2026-07-29T09:55:00Z,46,2.160,,,Provisional/Provisoire,,
05EA002,2026-07-29T10:00:00Z,46,2.161,,,Provisional/Provisoire,,
05EA002,2026-07-29T10:05:00Z,46,2.161,,,Provisional/Provisoire,,
05EA002,2026-07-29T10:10:00Z,46,2.161,,,Provisional/Provisoire,,
05EA002,2026-07-29T10:15:00Z,46,2.160,,,Provisional/Provisoire,,
05EA002,2026-07-29T10:20:00Z,46,2.161,,,Provisional/Provisoire,,
05EA002,2026-07-29T10:25:00Z,46,2.161,,,Provisional/Provisoire,,
05EA002,2026-07-29T10:30:00Z,46,2.160,,,Provisional/Provisoire,,
05EA002,2026-07-29T10:35:00Z,46,2.163,,,Provisional/Provisoire,,
05EA002,2026-07-29T10:40:00Z,46,2.162,,,Provisional/Provisoire,,
05EA002,2026-07-29T10:45:00Z,46,2.162,,,Provisional/Provisoire,,
05EA002,2026-07-29T10:50:00Z,46,2.162,,,Provisional/Provisoire,,
05EA002,2026-07-29T10:55:00Z,46,2.162,,,Provisional/Provisoire,,
05EA002,2026-07-29T11:00:00Z,46,2.161,,,Provisional/Provisoire,,
05EA002,2026-07-29T11:05:00Z,46,2.162,,,Provisional/Provisoire,,
05EA002,2026-07-29T11:10:00Z,46,2.162,,,Provisional/Provisoire,,
05EA002,2026-07-29T11:15:00Z,46,2.161,,,Provisional/Provisoire,,
05EA002,2026-07-29T11:20:00Z,46,2.161,,,Provisional/Provisoire,,
05EA002,2026-07-29T11:25:00Z,46,2.161,,,Provisional/Provisoire,,
05EA002,2026-07-29T11:30:00Z,46,2.162,,,Provisional/Provisoire,,
05EA002,2026-07-29T11:35:00Z,46,2.162,,,Provisional/Provisoire,,
05EA002,2026-07-29T11:40:00Z,46,2.163,,,Provisional/Provisoire,,
05EA002,2026-07-29T11:45:00Z,46,2.162,,,Provisional/Provisoire,,
05EA002,2026-07-29T11:50:00Z,46,2.163,,,Provisional/Provisoire,,
05EA002,2026-07-29T11:55:00Z,46,2.161,,,Provisional/Provisoire,,
05EA002,2026-07-29T12:00:00Z,46,2.164,,,Provisional/Provisoire,,
05EA002,2026-07-29T12:05:00Z,46,2.161,,,Provisional/Provisoire,,
05EA002,2026-07-29T12:10:00Z,46,2.160,,,Provisional/Provisoire,,
05EA002,2026-07-29T12:15:00Z,46,2.161,,,Provisional/Provisoire,,
05EA002,2026-07-29T12:20:00Z,46,2.162,,,Provisional/Provisoire,,
05EA002,2026-07-29T12:25:00Z,46,2.162,,,Provisional/Provisoire,,
05EA002,2026-07-29T12:30:00Z,46,2.163,,,Provisional/Provisoire,,
05EA002,2026-07-29T12:35:00Z,46,2.162,,,Provisional/Provisoire,,
05EA002,2026-07-29T12:40:00Z,46,2.161,,,Provisional/Provisoire,,
05EA002,2026-07-29T12:45:00Z,46,2.162,,,Provisional/Provisoire,,
05EA002,2026-07-29T12:50:00Z,46,2.163,,,Provisional/Provisoire,,
05EA002,2026-07-29T12:55:00Z,46,2.162,,,Provisional/Provisoire,,
05EA002,2026-07-29T13:00:00Z,46,2.162,,,Provisional/Provisoire,,
05EA002,2026-07-29T13:05:00Z,46,2.162,,,Provisional/Provisoire,,
05EA002,2026-07-29T13:10:00Z,46,2.162,,,Provisional/Provisoire,,
05EA002,2026-07-29T13:15:00Z,46,2.162,,,Provisional/Provisoire,,
05EA002,2026-07-29T13:20:00Z,46,2.162,,,Provisional/Provisoire,,
05EA002,2026-07-29T13:25:00Z,46,2.162,,,Provisional/Provisoire,,
05EA002,2026-07-29T13:30:00Z,46,2.164,,,Provisional/Provisoire,,
05EA002,2026-07-29T13:35:00Z,46,2.164,,,Provisional/Provisoire,,
05EA002,2026-07-29T13:40:00Z,46,2.164,,,Provisional/Provisoire,,
05EA002,2026-07-29T13:45:00Z,46,2.162,,,Provisional/Provisoire,,
05EA002,2026-07-29T13:50:00Z,46,2.162,,,Provisional/Provisoire,,
05EA002,2026-07-29T13:55:00Z,46,2.162,,,Provisional/Provisoire,,
05EA002,2026-07-29T14:00:00Z,46,2.164,,,Provisional/Provisoire,,
05EA002,2026-07-29T14:05:00Z,46,2.165,,,Provisional/Provisoire,,
05EA002,2026-07-29T14:10:00Z,46,2.163,,,Provisional/Provisoire,,
05EA002,2026-07-29T14:15:00Z,46,2.167,,,Provisional/Provisoire,,
05EA002,2026-07-29T14:20:00Z,46,2.167,,,Provisional/Provisoire,,
05EA002,2026-07-29T14:25:00Z,46,2.165,,,Provisional/Provisoire,,
05EA002,2026-07-29T14:30:00Z,46,2.168,,,Provisional/Provisoire,,
05EA002,2026-07-29T14:35:00Z,46,2.165,,,Provisional/Provisoire,,
05EA002,2026-07-29T14:40:00Z,46,2.167,,,Provisional/Provisoire,,
05EA002,2026-07-29T14:45:00Z,46,2.166,,,Provisional/Provisoire,,
05EA002,2026-07-29T14:50:00Z,46,2.168,,,Provisional/Provisoire,,
05EA002,2026-07-29T14:55:00Z,46,2.166,,,Provisional/Provisoire,,
05EA002,2026-07-29T15:00:00Z,46,2.166,,,Provisional/Provisoire,,
05EA002,2026-07-29T15:05:00Z,46,2.166,,,Provisional/Provisoire,,
05EA002,2026-07-29T15:10:00Z,46,2.165,,,Provisional/Provisoire,,
05EA002,2026-07-29T15:15:00Z,46,2.164,,,Provisional/Provisoire,,
05EA002,2026-07-29T15:20:00Z,46,2.164,,,Provisional/Provisoire,,
05EA002,2026-07-29T15:25:00Z,46,2.164,,,Provisional/Provisoire,,
05EA002,2026-07-29T15:30:00Z,46,2.161,,,Provisional/Provisoire,,
05EA002,2026-07-29T15:35:00Z,46,2.163,,,Provisional/Provisoire,,
05EA002,2026-07-29T15:40:00Z,46,2.163,,,Provisional/Provisoire,,
05EA002,2026-07-29T15:45:00Z,46,2.163,,,Provisional/Provisoire,,
05EA002,2026-07-29T15:50:00Z,46,2.162,,,Provisional/Provisoire,,
05EA002,2026-07-29T15:55:00Z,46,2.162,,,Provisional/Provisoire,,
05EA002,2026-07-29T16:00:00Z,46,2.162,,,Provisional/Provisoire,,
05EA002,2026-07-29T16:05:00Z,46,2.162,,,Provisional/Provisoire,,
05EA002,2026-07-29T16:10:00Z,46,2.161,,,Provisional/Provisoire,,
05EA002,2026-07-29T16:15:00Z,46,2.161,,,Provisional/Provisoire,,
05EA002,2026-07-29T16:20:00Z,46,2.161,,,Provisional/Provisoire,,
05EA002,2026-07-29T16:25:00Z,46,2.161,,,Provisional/Provisoire,,
05EA002,2026-07-29T16:30:00Z,46,2.159,,,Provisional/Provisoire,,
05EA002,2026-07-29T16:35:00Z,46,2.159,,,Provisional/Provisoire,,
05EA002,2026-07-29T16:40:00Z,46,2.160,,,Provisional/Provisoire,,
05EA002,2026-07-29T16:45:00Z,46,2.159,,,Provisional/Provisoire,,
05EA002,2026-07-29T16:50:00Z,46,2.159,,,Provisional/Provisoire,,
05EA002,2026-07-29T16:55:00Z,46,2.158,,,Provisional/Provisoire,,
05EA002,2026-07-29T17:00:00Z,46,2.158,,,Provisional/Provisoire,,
05EA002,2026-07-29T17:05:00Z,46,2.158,,,Provisional/Provisoire,,
05EA002,2026-07-29T17:10:00Z,46,2.159,,,Provisional/Provisoire,,
05EA002,2026-07-29T17:15:00Z,46,2.159,,,Provisional/Provisoire,,
05EA002,2026-07-29T17:20:00Z,46,2.156,,,Provisional/Provisoire,,
05EA002,2026-07-29T17:25:00Z,46,2.158,,,Provisional/Provisoire,,
05EA002,2026-07-29T17:30:00Z,46,2.157,,,Provisional/Provisoire,,
05EA002,2026-07-29T17:35:00Z,46,2.158,,,Provisional/Provisoire,,
05EA002,2026-07-29T17:40:00Z,46,2.156,,,Provisional/Provisoire,,
05EA002,2026-07-29T17:45:00Z,46,2.158,,,Provisional/Provisoire,,
05EA002,2026-07-29T17:50:00Z,46,2.157,,,Provisional/Provisoire,,
05EA002,2026-07-29T17:55:00Z,46,2.158,,,Provisional/Provisoire,,
05EA002,2026-07-29T18:00:00Z,46,2.158,,,Provisional/Provisoire,,
05EA002,2026-07-29T18:05:00Z,46,2.158,,,Provisional/Provisoire,,
05EA002,2026-07-29T18:10:00Z,46,2.158,,,Provisional/Provisoire,,
05EA002,2026-07-29T18:15:00Z,46,2.160,,,Provisional/Provisoire,,
05EA002,2026-07-29T18:20:00Z,46,2.158,,,Provisional/Provisoire,,
05EA002,2026-07-29T18:25:00Z,46,2.156,,,Provisional/Provisoire,,
05EA002,2026-07-29T18:30:00Z,46,2.157,,,Provisional/Provisoire,,
05EA002,2026-07-29T18:35:00Z,46,2.158,,,Provisional/Provisoire,,
05EA002,2026-07-29T18:40:00Z,46,2.158,,,Provisional/Provisoire,,
05EA002,2026-07-29T18:45:00Z,46,2.158,,,Provisional/Provisoire,,
05EA002,2026-07-29T18:50:00Z,46,2.158,,,Provisional/Provisoire,,
05EA002,2026-07-29T18:55:00Z,46,2.158,,,Provisional/Provisoire,,
05EA002,2026-07-29T19:00:00Z,46,2.159,,,Provisional/Provisoire,,
05EA002,2026-07-29T19:05:00Z,46,2.155,,,Provisional/Provisoire,,
05EA002,2026-07-29T19:10:00Z,46,2.157,,,Provisional/Provisoire,,
05EA002,2026-07-29T19:15:00Z,46,2.156,,,Provisional/Provisoire,,
05EA002,2026-07-29T19:20:00Z,46,2.156,,,Provisional/Provisoire,,
05EA002,2026-07-29T19:25:00Z,46,2.157,,,Provisional/Provisoire,,
05EA002,2026-07-29T19:30:00Z,46,2.157,,,Provisional/Provisoire,,
05EA002,2026-07-29T19:35:00Z,46,2.159,,,Provisional/Provisoire,,
05EA002,2026-07-29T19:40:00Z,46,2.156,,,Provisional/Provisoire,,
05EA002,2026-07-29T19:45:00Z,46,2.157,,,Provisional/Provisoire,,
05EA002,2026-07-29T19:50:00Z,46,2.156,,,Provisional/Provisoire,,
05EA002,2026-07-29T19:55:00Z,46,2.156,,,Provisional/Provisoire,,
05EA002,2026-07-29T20:00:00Z,46,2.155,,,Provisional/Provisoire,,
05EA002,2026-07-29T20:05:00Z,46,2.155,,,Provisional/Provisoire,,
05EA002,2026-07-29T20:10:00Z,46,2.156,,,Provisional/Provisoire,,
05EA002,2026-07-29T20:15:00Z,46,2.155,,,Provisional/Provisoire,,
05EA002,2026-07-29T20:20:00Z,46,2.154,,,Provisional/Provisoire,,
05EA002,2026-07-29T20:25:00Z,46,2.154,,,Provisional/Provisoire,,
05EA002,2026-07-29T20:30:00Z,46,2.155,,,Provisional/Provisoire,,
05EA002,2026-07-29T20:35:00Z,46,2.155,,,Provisional/Provisoire,,
05EA002,2026-07-29T20:40:00Z,46,2.155,,,Provisional/Provisoire,,
05EA002,2026-07-29T20:45:00Z,46,2.156,,,Provisional/Provisoire,,
05EA002,2026-07-29T20:50:00Z,46,2.154,,,Provisional/Provisoire,,
05EA002,2026-07-29T20:55:00Z,46,2.157,,,Provisional/Provisoire,,
05EA002,2026-07-29T21:00:00Z,46,2.155,,,Provisional/Provisoire,,
05EA002,2026-07-29T21:05:00Z,46,2.153,,,Provisional/Provisoire,,
05EA002,2026-07-29T21:10:00Z,46,2.155,,,Provisional/Provisoire,,
05EA002,2026-07-29T21:15:00Z,46,2.155,,,Provisional/Provisoire,,
05EA002,2026-07-29T21:20:00Z,46,2.156,,,Provisional/Provisoire,,
05EA002,2026-07-29T21:25:00Z,46,2.156,,,Provisional/Provisoire,,
05EA002,2026-07-29T21:30:00Z,46,2.157,,,Provisional/Provisoire,,
05EA002,2026-07-29T21:35:00Z,46,2.157,,,Provisional/Provisoire,,
05EA002,2026-07-29T21:40:00Z,46,2.156,,,Provisional/Provisoire,,
05EA002,2026-07-29T21:45:00Z,46,2.155,,,Provisional/Provisoire,,
05EA002,2026-07-29T21:50:00Z,46,2.153,,,Provisional/Provisoire,,
05EA002,2026-07-29T21:55:00Z,46,2.152,,,Provisional/Provisoire,,
05EA002,2026-07-29T22:00:00Z,46,2.153,,,Provisional/Provisoire,,
05EA002,2026-07-29T22:05:00Z,46,2.153,,,Provisional/Provisoire,,
05EA002,2026-07-29T22:10:00Z,46,2.153,,,Provisional/Provisoire,,
05EA002,2026-07-29T22:15:00Z,46,2.153,,,Provisional/Provisoire,,
05EA002,2026-07-29T22:20:00Z,46,2.154,,,Provisional/Provisoire,,
05EA002,2026-07-29T22:25:00Z,46,2.152,,,Provisional/Provisoire,,
05EA002,2026-07-29T22:30:00Z,46,2.153,,,Provisional/Provisoire,,
05EA002,2026-07-29T22:35:00Z,46,2.153,,,Provisional/Provisoire,,
05EA002,2026-07-29T22:40:00Z,46,2.151,,,Provisional/Provisoire,,
05EA002,2026-07-29T22:45:00Z,46,2.151,,,Provisional/Provisoire,,
05EA002,2026-07-29T22:50:00Z,46,2.151,,,Provisional/Provisoire,,
05EA002,2026-07-29T22:55:00Z,46,2.150,,,Provisional/Provisoire,,
05EA002,2026-07-29T23:00:00Z,46,2.150,,,Provisional/Provisoire,,
05EA002,2026-07-29T23:05:00Z,46,2.150,,,Provisional/Provisoire,,
05EA002,2026-07-29T23:10:00Z,46,2.150,,,Provisional/Provisoire,,
05EA002,2026-07-29T23:15:00Z,46,2.149,,,Provisional/Provisoire,,
05EA002,2026-07-29T23:20:00Z,46,2.150,,,Provisional/Provisoire,,
05EA002,2026-07-29T23:25:00Z,46,2.150,,,Provisional/Provisoire,,
05EA002,2026-07-29T23:30:00Z,46,2.149,,,Provisional/Provisoire,,
05EA002,2026-07-29T23:35:00Z,46,2.150,,,Provisional/Provisoire,,
05EA002,2026-07-29T23:40:00Z,46,2.150,,,Provisional/Provisoire,,
05EA002,2026-07-29T23:45:00Z,46,2.149,,,Provisional/Provisoire,,
05EA002,2026-07-29T23:50:00Z,46,2.150,,,Provisional/Provisoire,,
05EA002,2026-07-29T23:55:00Z,46,2.148,,,Provisional/Provisoire,,
05EA002,2026-07-30T00:00:00Z,46,2.150,,,Provisional/Provisoire,,
05EA002,2026-07-30T00:05:00Z,46,2.147,,,Provisional/Provisoire,,
05EA002,2026-07-30T00:10:00Z,46,2.149,,,Provisional/Provisoire,,
05EA002,2026-07-30T00:15:00Z,46,2.149,,,Provisional/Provisoire,,
05EA002,2026-07-30T00:20:00Z,46,2.151,,,Provisional/Provisoire,,
05EA002,2026-07-30T00:25:00Z,46,2.150,,,Provisional/Provisoire,,
05EA002,2026-07-30T00:30:00Z,46,2.152,,,Provisional/Provisoire,,
05EA002,2026-07-30T00:35:00Z,46,2.150,,,Provisional/Provisoire,,
05EA002,2026-07-30T00:40:00Z,46,2.150,,,Provisional/Provisoire,,
05EA002,2026-07-30T00:45:00Z,46,2.150,,,Provisional/Provisoire,,
05EA002,2026-07-30T00:50:00Z,46,2.150,,,Provisional/Provisoire,,
05EA002,2026-07-30T00:55:00Z,46,2.150,,,Provisional/Provisoire,,
05EA002,2026-07-30T01:00:00Z,46,2.149,,,Provisional/Provisoire,,
05EA002,2026-07-30T01:05:00Z,46,2.149,,,Provisional/Provisoire,,
05EA002,2026-07-30T01:10:00Z,46,2.149,,,Provisional/Provisoire,,
05EA002,2026-07-30T01:15:00Z,46,2.149,,,Provisional/Provisoire,,
05EA002,2026-07-30T01:20:00Z,46,2.149,,,Provisional/Provisoire,,
05EA002,2026-07-30T01:25:00Z,46,2.149,,,Provisional/Provisoire,,
05EA002,2026-07-30T01:30:00Z,46,2.149,,,Provisional/Provisoire,,
05EA002,2026-07-30T01:35:00Z,46,2.148,,,Provisional/Provisoire,,
05EA002,2026-07-30T01:40:00Z,46,2.149,,,Provisional/Provisoire,,
05EA002,2026-07-30T01:45:00Z,46,2.148,,,Provisional/Provisoire,,
05EA002,2026-07-30T01:50:00Z,46,2.148,,,Provisional/Provisoire,,
05EA002,2026-07-30T01:55:00Z,46,2.148,,,Provisional/Provisoire,,
05EA002,2026-07-30T02:00:00Z,46,2.146,,,Provisional/Provisoire,,
05EA002,2026-07-30T02:05:00Z,46,2.147,,,Provisional/Provisoire,,
05EA002,2026-07-30T02:10:00Z,46,2.147,,,Provisional/Provisoire,,
05EA002,2026-07-30T02:15:00Z,46,2.144,,,Provisional/Provisoire,,
05EA002,2026-07-30T02:20:00Z,46,2.145,,,Provisional/Provisoire,,
05EA002,2026-07-30T02:25:00Z,46,2.145,,,Provisional/Provisoire,,
05EA002,2026-07-30T02:30:00Z,46,2.146,,,Provisional/Provisoire,,
05EA002,2026-07-30T02:35:00Z,46,2.145,,,Provisional/Provisoire,,
05EA002,2026-07-30T02:40:00Z,46,2.144,,,Provisional/Provisoire,,
05EA002,2026-07-30T02:45:00Z,46,2.145,,,Provisional/Provisoire,,
05EA002,2026-07-30T02:50:00Z,46,2.146,,,Provisional/Provisoire,,
05EA002,2026-07-30T02:55:00Z,46,2.144,,,Provisional/Provisoire,,
05EA002,2026-07-30T03:00:00Z,46,2.143,,,Provisional/Provisoire,,
05EA002,2026-07-30T03:05:00Z,46,2.145,,,Provisional/Provisoire,,
05EA002,2026-07-30T03:10:00Z,46,2.143,,,Provisional/Provisoire,,
05EA002,2026-07-30T03:15:00Z,46,2.143,,,Provisional/Provisoire,,
05EA002,2026-07-30T03:20:00Z,46,2.144,,,Provisional/Provisoire,,
05EA002,2026-07-30T03:25:00Z,46,2.145,,,Provisional/Provisoire,,
05EA002,2026-07-30T03:30:00Z,46,2.144,,,Provisional/Provisoire,,
05EA002,2026-07-30T03:35:00Z,46,2.144,,,Provisional/Provisoire,,
05EA002,2026-07-30T03:40:00Z,46,2.142,,,Provisional/Provisoire,,
05EA002,2026-07-30T03:45:00Z,46,2.143,,,Provisional/Provisoire,,
05EA002,2026-07-30T03:50:00Z,46,2.142,,,Provisional/Provisoire,,
05EA002,2026-07-30T03:55:00Z,46,2.141,,,Provisional/Provisoire,,
05EA002,2026-07-30T04:00:00Z,46,2.143,,,Provisional/Provisoire,,
05EA002,2026-07-30T04:05:00Z,46,2.144,,,Provisional/Provisoire,,
05EA002,2026-07-30T04:10:00Z,46,2.142,,,Provisional/Provisoire,,
05EA002,2026-07-30T04:15:00Z,46,2.141,,,Provisional/Provisoire,,
05EA002,2026-07-30T04:20:00Z,46,2.143,,,Provisional/Provisoire,,
05EA002,2026-07-30T04:25:00Z,46,2.141,,,Provisional/Provisoire,,
05EA002,2026-07-30T04:30:00Z,46,2.143,,,Provisional/Provisoire,,
05EA002,2026-07-30T04:35:00Z,46,2.142,,,Provisional/Provisoire,,
05EA002,2026-07-30T04:40:00Z,46,2.143,,,Provisional/Provisoire,,
05EA002,2026-07-30T04:45:00Z,46,2.142,,,Provisional/Provisoire,,
05EA002,2026-07-30T04:50:00Z,46,2.142,,,Provisional/Provisoire,,
05EA002,2026-07-30T04:55:00Z,46,2.140,,,Provisional/Provisoire,,
05EA002,2026-07-30T05:00:00Z,46,2.141,,,Provisional/Provisoire,,
05EA002,2026-07-30T05:05:00Z,46,2.142,,,Provisional/Provisoire,,
05EA002,2026-07-30T05:10:00Z,46,2.141,,,Provisional/Provisoire,,
05EA002,2026-07-30T05:15:00Z,46,2.140,,,Provisional/Provisoire,,
05EA002,2026-07-30T05:20:00Z,46,2.142,,,Provisional/Provisoire,,
05EA002,2026-07-30T05:25:00Z,46,2.140,,,Provisional/Provisoire,,
05EA002,2026-07-30T05:30:00Z,46,2.141,,,Provisional/Provisoire,,
05EA002,2026-07-30T05:35:00Z,46,2.141,,,Provisional/Provisoire,,
05EA002,2026-07-30T05:40:00Z,46,2.140,,,Provisional/Provisoire,,
05EA002,2026-07-30T05:45:00Z,46,2.140,,,Provisional/Provisoire,,
05EA002,2026-07-30T05:50:00Z,46,2.141,,,Provisional/Provisoire,,
05EA002,2026-07-30T05:55:00Z,46,2.140,,,Provisional/Provisoire,,
05EA002,2026-07-30T06:00:00Z,46,2.141,,,Provisional/Provisoire,,
05EA002,2026-07-30T06:05:00Z,46,2.140,,,Provisional/Provisoire,,
05EA002,2026-07-30T06:10:00Z,46,2.141,,,Provisional/Provisoire,,
05EA002,2026-07-30T06:15:00Z,46,2.141,,,Provisional/Provisoire,,
05EA002,2026-07-30T06:20:00Z,46,2.141,,,Provisional/Provisoire,,
05EA002,2026-07-30T06:25:00Z,46,2.140,,,Provisional/Provisoire,,
05EA002,2026-07-30T06:30:00Z,46,2.141,,,Provisional/Provisoire,,
05EA002,2026-07-30T06:35:00Z,46,2.142,,,Provisional/Provisoire,,
05EA002,2026-07-30T06:40:00Z,46,2.141,,,Provisional/Provisoire,,
05EA002,2026-07-30T06:45:00Z,46,2.141,,,Provisional/Provisoire,,
05EA002,2026-07-30T06:50:00Z,46,2.143,,,Provisional/Provisoire,,
05EA002,2026-07-30T06:55:00Z,46,2.142,,,Provisional/Provisoire,,
05EA002,2026-07-30T07:00:00Z,46,2.141,,,Provisional/Provisoire,,
05EA002,2026-07-30T07:05:00Z,46,2.141,,,Provisional/Provisoire,,
05EA002,2026-07-30T07:10:00Z,46,2.142,,,Provisional/Provisoire,,
05EA002,2026-07-30T07:15:00Z,46,2.142,,,Provisional/Provisoire,,
05EA002,2026-07-30T07:20:00Z,46,2.140,,,Provisional/Provisoire,,
05EA002,2026-07-30T07:25:00Z,46,2.142,,,Provisional/Provisoire,,
05EA002,2026-07-30T07:30:00Z,46,2.141,,,Provisional/Provisoire,,
05EA002,2026-07-30T07:35:00Z,46,2.140,,,Provisional/Provisoire,,
05EA002,2026-07-30T07:40:00Z,46,2.140,,,Provisional/Provisoire,,
05EA002,2026-07-30T07:45:00Z,46,2.138,,,Provisional/Provisoire,,
05EA002,2026-07-30T07:50:00Z,46,2.140,,,Provisional/Provisoire,,
05EA002,2026-07-30T07:55:00Z,46,2.139,,,Provisional/Provisoire,,
05EA002,2026-07-30T08:00:00Z,46,2.139,,,Provisional/Provisoire,,
05EA002,2026-07-30T08:05:00Z,46,2.137,,,Provisional/Provisoire,,
05EA002,2026-07-30T08:10:00Z,46,2.138,,,Provisional/Provisoire,,
05EA002,2026-07-30T08:15:00Z,46,2.140,,,Provisional/Provisoire,,
05EA002,2026-07-30T08:20:00Z,46,2.138,,,Provisional/Provisoire,,
05EA002,2026-07-30T08:25:00Z,46,2.137,,,Provisional/Provisoire,,
05EA002,2026-07-30T08:30:00Z,46,2.137,,,Provisional/Provisoire,,
05EA002,2026-07-30T08:35:00Z,46,2.138,,,Provisional/Provisoire,,
05EA002,2026-07-30T08:40:00Z,46,2.138,,,Provisional/Provisoire,,
05EA002,2026-07-30T08:45:00Z,46,2.138,,,Provisional/Provisoire,,
05EA002,2026-07-30T08:50:00Z,46,2.138,,,Provisional/Provisoire,,
05EA002,2026-07-30T08:55:00Z,46,2.137,,,Provisional/Provisoire,,
05EA002,2026-07-30T09:00:00Z,46,2.138,,,Provisional/Provisoire,,
05EA002,2026-07-30T09:05:00Z,46,2.136,,,Provisional/Provisoire,,
05EA002,2026-07-30T09:10:00Z,46,2.137,,,Provisional/Provisoire,,
05EA002,2026-07-30T09:15:00Z,46,2.135,,,Provisional/Provisoire,,
05EA002,2026-07-30T09:20:00Z,46,2.138,,,Provisional/Provisoire,,
05EA002,2026-07-30T09:25:00Z,46,2.137,,,Provisional/Provisoire,,
05EA002,2026-07-30T09:30:00Z,46,2.137,,,Provisional/Provisoire,,
05EA002,2026-07-30T09:35:00Z,46,2.135,,,Provisional/Provisoire,,
05EA002,2026-07-30T09:40:00Z,46,2.138,,,Provisional/Provisoire,,
05EA002,2026-07-30T09:45:00Z,46,2.138,,,Provisional/Provisoire,,
05EA002,2026-07-30T09:50:00Z,46,2.138,,,Provisional/Provisoire,,
05EA002,2026-07-30T09:55:00Z,46,2.138,,,Provisional/Provisoire,,
05EA002,2026-07-30T10:00:00Z,46,2.137,,,Provisional/Provisoire,,
05EA002,2026-07-30T10:05:00Z,46,2.137,,,Provisional/Provisoire,,
05EA002,2026-07-30T10:10:00Z,46,2.137,,,Provisional/Provisoire,,
05EA002,2026-07-30T10:15:00Z,46,2.137,,,Provisional/Provisoire,,
05EA002,2026-07-30T10:20:00Z,46,2.137,,,Provisional/Provisoire,,
05EA002,2026-07-30T10:25:00Z,46,2.137,,,Provisional/Provisoire,,
05EA002,2026-07-30T10:30:00Z,46,2.137,,,Provisional/Provisoire,,
05EA002,2026-07-30T10:35:00Z,46,2.137,,,Provisional/Provisoire,,
05EA002,2026-07-30T10:40:00Z,46,2.136,,,Provisional/Provisoire,,
05EA002,2026-07-30T10:45:00Z,46,2.136,,,Provisional/Provisoire,,
05EA002,2026-07-30T10:50:00Z,46,2.135,,,Provisional/Provisoire,,
05EA002,2026-07-30T10:55:00Z,46,2.137,,,Provisional/Provisoire,,
05EA002,2026-07-30T11:00:00Z,46,2.136,,,Provisional/Provisoire,,
05EA002,2026-07-30T11:05:00Z,46,2.136,,,Provisional/Provisoire,,
05EA002,2026-07-30T11:10:00Z,46,2.136,,,Provisional/Provisoire,,
05EA002,2026-07-30T11:15:00Z,46,2.137,,,Provisional/Provisoire,,
05EA002,2026-07-30T11:20:00Z,46,2.136,,,Provisional/Provisoire,,
05EA002,2026-07-30T11:25:00Z,46,2.134,,,Provisional/Provisoire,,
05EA002,2026-07-30T11:30:00Z,46,2.136,,,Provisional/Provisoire,,
05EA002,2026-07-30T11:35:00Z,46,2.136,,,Provisional/Provisoire,,
05EA002,2026-07-30T11:40:00Z,46,2.135,,,Provisional/Provisoire,,
05EA002,2026-07-30T11:45:00Z,46,2.134,,,Provisional/Provisoire,,
05EA002,2026-07-30T11:50:00Z,46,2.136,,,Provisional/Provisoire,,
05EA002,2026-07-30T11:55:00Z,46,2.135,,,Provisional/Provisoire,,
05EA002,2026-07-30T12:00:00Z,46,2.136,,,Provisional/Provisoire,,
05EA002,2026-07-30T12:05:00Z,46,2.133,,,Provisional/Provisoire,,
05EA002,2026-07-30T12:10:00Z,46,2.134,,,Provisional/Provisoire,,
05EA002,2026-07-30T12:15:00Z,46,2.133,,,Provisional/Provisoire,,
05EA002,2026-07-30T12:20:00Z,46,2.134,,,Provisional/Provisoire,,
05EA002,2026-07-30T12:25:00Z,46,2.133,,,Provisional/Provisoire,,
05EA002,2026-07-30T12:30:00Z,46,2.132,,,Provisional/Provisoire,,
05EA002,2026-07-30T12:35:00Z,46,2.134,,,Provisional/Provisoire,,
05EA002,2026-07-30T12:40:00Z,46,2.133,,,Provisional/Provisoire,,
05EA002,2026-07-30T12:45:00Z,46,2.134,,,Provisional/Provisoire,,
05EA002,2026-07-30T12:50:00Z,46,2.133,,,Provisional/Provisoire,,
05EA002,2026-07-30T12:55:00Z,46,2.132,,,Provisional/Provisoire,,
05EA002,2026-07-30T13:00:00Z,46,2.132,,,Provisional/Provisoire,,
05EA002,2026-07-30T13:05:00Z,46,2.132,,,Provisional/Provisoire,,
05EA002,2026-07-30T13:10:00Z,46,2.133,,,Provisional/Provisoire,,
05EA002,2026-07-30T13:15:00Z,46,2.133,,,Provisional/Provisoire,,
05EA002,2026-07-30T13:20:00Z,46,2.133,,,Provisional/Provisoire,,
05EA002,2026-07-30T13:25:00Z,46,2.133,,,Provisional/Provisoire,,
05EA002,2026-07-30T13:30:00Z,46,2.133,,,Provisional/Provisoire,,
05EA002,2026-07-30T13:35:00Z,46,2.132,,,Provisional/Provisoire,,
05EA002,2026-07-30T13:40:00Z,46,2.132,,,Provisional/Provisoire,,
05EA002,2026-07-30T13:45:00Z,46,2.133,,,Provisional/Provisoire,,
05EA002,2026-07-30T13:50:00Z,46,2.133,,,Provisional/Provisoire,,
05EA002,2026-07-30T13:55:00Z,46,2.132,,,Provisional/Provisoire,,
05EA002,2026-07-30T14:00:00Z,46,2.133,,,Provisional/Provisoire,,
05EA002,2026-07-30T14:05:00Z,46,2.132,,,Provisional/Provisoire,,
05EA002,2026-07-30T14:10:00Z,46,2.131,,,Provisional/Provisoire,,
05EA002,2026-07-30T14:15:00Z,46,2.131,,,Provisional/Provisoire,,
05EA002,2026-07-30T14:20:00Z,46,2.131,,,Provisional/Provisoire,,
05EA002,2026-07-30T14:25:00Z,46,2.131,,,Provisional/Provisoire,,
05EA002,2026-07-30T14:30:00Z,46,2.130,,,Provisional/Provisoire,,
05EA002,2026-07-30T14:35:00Z,46,2.131,,,Provisional/Provisoire,,
05EA002,2026-07-30T14:40:00Z,46,2.130,,,Provisional/Provisoire,,
05EA002,2026-07-30T14:45:00Z,46,2.130,,,Provisional/Provisoire,,
05EA002,2026-07-30T14:50:00Z,46,2.130,,,Provisional/Provisoire,,
05EA002,2026-07-30T14:55:00Z,46,2.129,,,Provisional/Provisoire,,
05EA002,2026-07-30T15:00:00Z,46,2.130,,,Provisional/Provisoire,,
05EA002,2026-07-30T15:05:00Z,46,2.129,,,Provisional/Provisoire,,
05EA002,2026-07-30T15:10:00Z,46,2.128,,,Provisional/Provisoire,,
05EA002,2026-07-30T15:15:00Z,46,2.129,,,Provisional/Provisoire,,
05EA002,2026-07-30T15:20:00Z,46,2.129,,,Provisional/Provisoire,,
05EA002,2026-07-30T15:25:00Z,46,2.129,,,Provisional/Provisoire,,
05EA002,2026-07-30T15:30:00Z,46,2.126,,,Provisional/Provisoire,,
05EA002,2026-07-30T15:35:00Z,46,2.127,,,Provisional/Provisoire,,
05EA002,2026-07-30T15:40:00Z,46,2.128,,,Provisional/Provisoire,,
05EA002,2026-07-30T15:45:00Z,46,2.127,,,Provisional/Provisoire,,
05EA002,2026-07-30T15:50:00Z,46,2.127,,,Provisional/Provisoire,,
05EA002,2026-07-30T15:55:00Z,46,2.127,,,Provisional/Provisoire,,
05EA002,2026-07-30T16:00:00Z,46,2.128,,,Provisional/Provisoire,,
05EA002,2026-07-30T16:05:00Z,46,2.127,,,Provisional/Provisoire,,
05EA002,2026-07-30T16:10:00Z,46,2.124,,,Provisional/Provisoire,,
05EA002,2026-07-30T16:15:00Z,46,2.125,,,Provisional/Provisoire,,
05EA002,2026-07-30T16:20:00Z,46,2.126,,,Provisional/Provisoire,,
05EA002,2026-07-30T16:25:00Z,46,2.125,,,Provisional/Provisoire,,
05EA002,2026-07-30T16:30:00Z,46,2.125,,,Provisional/Provisoire,,
05EA002,2026-07-30T16:35:00Z,46,2.123,,,Provisional/Provisoire,,
05EA002,2026-07-30T16:40:00Z,46,2.124,,,Provisional/Provisoire,,
05EA002,2026-07-30T16:45:00Z,46,2.124,,,Provisional/Provisoire,,
05EA002,2026-07-30T16:50:00Z,46,2.126,,,Provisional/Provisoire,,
05EA002,2026-07-30T16:55:00Z,46,2.124,,,Provisional/Provisoire,,
05EA002,2026-07-30T17:00:00Z,46,2.125,,,Provisional/Provisoire,,
05EA002,2026-07-30T17:05:00Z,46,2.124,,,Provisional/Provisoire,,
05EA002,2026-07-30T17:10:00Z,46,2.123,,,Provisional/Provisoire,,
05EA002,2026-07-30T17:15:00Z,46,2.126,,,Provisional/Provisoire,,
05EA002,2026-07-30T17:20:00Z,46,2.124,,,Provisional/Provisoire,,
05EA002,2026-07-30T17:25:00Z,46,2.123,,,Provisional/Provisoire,,
05EA002,2026-07-30T17:30:00Z,46,2.125,,,Provisional/Provisoire,,
05EA002,2026-07-30T17:35:00Z,46,2.123,,,Provisional/Provisoire,,
05EA002,2026-07-30T17:40:00Z,46,2.124,,,Provisional/Provisoire,,
05EA002,2026-07-30T17:45:00Z,46,2.123,,,Provisional/Provisoire,,
05EA002,2026-07-30T17:50:00Z,46,2.122,,,Provisional/Provisoire,,
05EA002,2026-07-30T17:55:00Z,46,2.122,,,Provisional/Provisoire,,
05EA002,2026-07-30T18:00:00Z,46,2.122,,,Provisional/Provisoire,,
05EA002,2026-07-30T18:05:00Z,46,2.121,,,Provisional/Provisoire,,
05EA002,2026-07-30T18:10:00Z,46,2.121,,,Provisional/Provisoire,,
05EA002,2026-07-30T18:15:00Z,46,2.121,,,Provisional/Provisoire,,
05EA002,2026-07-30T18:20:00Z,46,2.121,,,Provisional/Provisoire,,
05EA002,2026-07-30T18:25:00Z,46,2.121,,,Provisional/Provisoire,,
05EA002,2026-07-30T18:30:00Z,46,2.118,,,Provisional/Provisoire,,
05EA002,2026-07-30T18:35:00Z,46,2.119,,,Provisional/Provisoire,,
05EA002,2026-07-30T18:40:00Z,46,2.120,,,Provisional/Provisoire,,
05EA002,2026-07-30T18:45:00Z,46,2.119,,,Provisional/Provisoire,,
05EA002,2026-07-30T18:50:00Z,46,2.120,,,Provisional/Provisoire,,
05EA002,2026-07-30T18:55:00Z,46,2.120,,,Provisional/Provisoire,,
05EA002,2026-07-30T19:00:00Z,46,2.118,,,Provisional/Provisoire,,
05EA002,2026-07-30T19:05:00Z,46,2.121,,,Provisional/Provisoire,,
05EA002,2026-07-30T19:10:00Z,46,2.121,,,Provisional/Provisoire,,
05EA002,2026-07-30T19:15:00Z,46,2.120,,,Provisional/Provisoire,,
05EA002,2026-07-30T19:20:00Z,46,2.122,,,Provisional/Provisoire,,
05EA002,2026-07-30T19:25:00Z,46,2.121,,,Provisional/Provisoire,,
05EA002,2026-07-30T19:30:00Z,46,2.122,,,Provisional/Provisoire,,
05EA002,2026-07-30T19:35:00Z,46,2.121,,,Provisional/Provisoire,,
05EA002,2026-07-30T19:40:00Z,46,2.122,,,Provisional/Provisoire,,
05EA002,2026-07-30T19:45:00Z,46,2.121,,,Provisional/Provisoire,,
05EA002,2026-07-30T19:50:00Z,46,2.120,,,Provisional/Provisoire,,
05EA002,2026-07-30T19:55:00Z,46,2.118,,,Provisional/Provisoire,,
05EA002,2026-07-30T20:00:00Z,46,2.118,,,Provisional/Provisoire,,
05EA002,2026-07-30T20:05:00Z,46,2.118,,,Provisional/Provisoire,,
05EA002,2026-07-30T20:10:00Z,46,2.119,,,Provisional/Provisoire,,
05EA002,2026-07-30T20:15:00Z,46,2.116,,,Provisional/Provisoire,,
05EA002,2026-07-30T20:20:00Z,46,2.116,,,Provisional/Provisoire,,
05EA002,2026-07-30T20:25:00Z,46,2.117,,,Provisional/Provisoire,,
05EA002,2026-07-30T20:30:00Z,46,2.117,,,Provisional/Provisoire,,
05EA002,2026-07-30T20:35:00Z,46,2.117,,,Provisional/Provisoire,,
05EA002,2026-07-30T20:40:00Z,46,2.116,,,Provisional/Provisoire,,
05EA002,2026-07-30T20:45:00Z,46,2.117,,,Provisional/Provisoire,,
05EA002,2026-07-30T20:50:00Z,46,2.115,,,Provisional/Provisoire,,
05EA002,2026-07-30T20:55:00Z,46,2.115,,,Provisional/Provisoire,,
05EA002,2026-07-30T21:00:00Z,46,2.114,,,Provisional/Provisoire,,
05EA002,2026-07-30T21:05:00Z,46,2.115,,,Provisional/Provisoire,,
05EA002,2026-07-30T21:10:00Z,46,2.113,,,Provisional/Provisoire,,
05EA002,2026-07-30T21:15:00Z,46,2.114,,,Provisional/Provisoire,,
05EA002,2026-07-30T21:20:00Z,46,2.113,,,Provisional/Provisoire,,
05EA002,2026-07-30T21:25:00Z,46,2.117,,,Provisional/Provisoire,,
05EA002,2026-07-30T21:30:00Z,46,2.114,,,Provisional/Provisoire,,
05EA002,2026-07-30T21:35:00Z,46,2.114,,,Provisional/Provisoire,,
05EA002,2026-07-30T21:40:00Z,46,2.113,,,Provisional/Provisoire,,
05EA002,2026-07-30T21:45:00Z,46,2.113,,,Provisional/Provisoire,,
05EA002,2026-07-30T21:50:00Z,46,2.112,,,Provisional/Provisoire,,
05EA002,2026-07-30T21:55:00Z,46,2.112,,,Provisional/Provisoire,,
05EA002,2026-07-30T22:00:00Z,46,2.115,,,Provisional/Provisoire,,
05EA002,2026-07-30T22:05:00Z,46,2.115,,,Provisional/Provisoire,,
05EA002,2026-07-30T22:10:00Z,46,2.116,,,Provisional/Provisoire,,
05EA002,2026-07-30T22:15:00Z,46,2.117,,,Provisional/Provisoire,,
05EA002,2026-07-30T22:20:00Z,46,2.116,,,Provisional/Provisoire,,
05EA002,2026-07-30T22:25:00Z,46,2.114,,,Provisional/Provisoire,,
05EA002,2026-07-30T22:30:00Z,46,2.115,,,Provisional/Provisoire,,
05EA002,2026-07-30T22:35:00Z,46,2.116,,,Provisional/Provisoire,,
05EA002,2026-07-30T22:40:00Z,46,2.116,,,Provisional/Provisoire,,
05EA002,2026-07-30T22:45:00Z,46,2.115,,,Provisional/Provisoire,,
05EA002,2026-07-30T22:50:00Z,46,2.115,,,Provisional/Provisoire,,
05EA002,2026-07-30T22:55:00Z,46,2.114,,,Provisional/Provisoire,,
05EA002,2026-07-30T23:00:00Z,46,2.113,,,Provisional/Provisoire,,
05EA002,2026-07-30T23:05:00Z,46,2.113,,,Provisional/Provisoire,,
05EA002,2026-07-30T23:10:00Z,46,2.113,,,Provisional/Provisoire,,
05EA002,2026-07-30T23:15:00Z,46,2.112,,,Provisional/Provisoire,,
05EA002,2026-07-30T23:20:00Z,46,2.111,,,Provisional/Provisoire,,
05EA002,2026-07-30T23:25:00Z,46,2.112,,,Provisional/Provisoire,,
05EA002,2026-07-30T23:30:00Z,46,2.112,,,Provisional/Provisoire,,
05EA002,2026-07-30T23:35:00Z,46,2.109,,,Provisional/Provisoire,,
05EA002,2026-07-30T23:40:00Z,46,2.111,,,Provisional/Provisoire,,
05EA002,2026-07-30T23:45:00Z,46,2.113,,,Provisional/Provisoire,,
05EA002,2026-07-30T23:50:00Z,46,2.110,,,Provisional/Provisoire,,
05EA002,2026-07-30T23:55:00Z,46,2.111,,,Provisional/Provisoire,,
05EA002,2026-07-31T00:00:00Z,46,2.108,,,Provisional/Provisoire,,
05EA002,2026-07-31T00:05:00Z,46,2.109,,,Provisional/Provisoire,,
05EA002,2026-07-31T00:10:00Z,46,2.111,,,Provisional/Provisoire,,
05EA002,2026-07-31T00:15:00Z,46,2.110,,,Provisional/Provisoire,,
05EA002,2026-07-31T00:20:00Z,46,2.113,,,Provisional/Provisoire,,
05EA002,2026-07-31T00:25:00Z,46,2.112,,,Provisional/Provisoire,,
05EA002,2026-07-31T00:30:00Z,46,2.109,,,Provisional/Provisoire,,
05EA002,2026-07-31T00:35:00Z,46,2.111,,,Provisional/Provisoire,,
05EA002,2026-07-31T00:40:00Z,46,2.111,,,Provisional/Provisoire,,
05EA002,2026-07-31T00:45:00Z,46,2.111,,,Provisional/Provisoire,,
05EA002,2026-07-31T00:50:00Z,46,2.113,,,Provisional/Provisoire,,
05EA002,2026-07-31T00:55:00Z,46,2.112,,,Provisional/Provisoire,,
05EA002,2026-07-31T01:00:00Z,46,2.113,,,Provisional/Provisoire,,
05EA002,2026-07-31T01:05:00Z,46,2.111,,,Provisional/Provisoire,,
05EA002,2026-07-31T01:10:00Z,46,2.111,,,Provisional/Provisoire,,
05EA002,2026-07-31T01:15:00Z,46,2.111,,,Provisional/Provisoire,,
05EA002,2026-07-31T01:20:00Z,46,2.110,,,Provisional/Provisoire,,
05EA002,2026-07-31T01:25:00Z,46,2.110,,,Provisional/Provisoire,,
05EA002,2026-07-31T01:30:00Z,46,2.111,,,Provisional/Provisoire,,
05EA002,2026-07-31T01:35:00Z,46,2.110,,,Provisional/Provisoire,,
05EA002,2026-07-31T01:40:00Z,46,2.109,,,Provisional/Provisoire,,
05EA002,2026-07-31T01:45:00Z,46,2.110,,,Provisional/Provisoire,,
05EA002,2026-07-31T01:50:00Z,46,2.110,,,Provisional/Provisoire,,
05EA002,2026-07-31T01:55:00Z,46,2.109,,,Provisional/Provisoire,,
05EA002,2026-07-31T02:00:00Z,46,2.111,,,Provisional/Provisoire,,
05EA002,2026-07-31T02:05:00Z,46,2.109,,,Provisional/Provisoire,,
05EA002,2026-07-31T02:10:00Z,46,2.110,,,Provisional/Provisoire,,
05EA002,2026-07-31T02:15:00Z,46,2.108,,,Provisional/Provisoire,,
05EA002,2026-07-31T02:20:00Z,46,2.110,,,Provisional/Provisoire,,
05EA002,2026-07-31T02:25:00Z,46,2.108,,,Provisional/Provisoire,,
05EA002,2026-07-31T02:30:00Z,46,2.109,,,Provisional/Provisoire,,
05EA002,2026-07-31T02:35:00Z,46,2.109,,,Provisional/Provisoire,,
05EA002,2026-07-31T02:40:00Z,46,2.108,,,Provisional/Provisoire,,
05EA002,2026-07-31T02:45:00Z,46,2.108,,,Provisional/Provisoire,,
05EA002,2026-07-31T02:50:00Z,46,2.107,,,Provisional/Provisoire,,
05EA002,2026-07-31T02:55:00Z,46,2.107,,,Provisional/Provisoire,,
05EA002,2026-07-31T03:00:00Z,46,2.107,,,Provisional/Provisoire,,
05EA002,2026-07-31T03:05:00Z,46,2.106,,,Provisional/Provisoire,,
05EA002,2026-07-31T03:10:00Z,46,2.108,,,Provisional/Provisoire,,
05EA002,2026-07-31T03:15:00Z,46,2.106,,,Provisional/Provisoire,,
05EA002,2026-07-31T03:20:00Z,46,2.108,,,Provisional/Provisoire,,
05EA002,2026-07-31T03:25:00Z,46,2.108,,,Provisional/Provisoire,,
05EA002,2026-07-31T03:30:00Z,46,2.108,,,Provisional/Provisoire,,
05EA002,2026-07-31T03:35:00Z,46,2.107,,,Provisional/Provisoire,,
05EA002,2026-07-31T03:40:00Z,46,2.105,,,Provisional/Provisoire,,
05EA002,2026-07-31T03:45:00Z,46,2.107,,,Provisional/Provisoire,,
05EA002,2026-07-31T03:50:00Z,46,2.109,,,Provisional/Provisoire,,
05EA002,2026-07-31T03:55:00Z,46,2.109,,,Provisional/Provisoire,,
05EA002,2026-07-31T04:00:00Z,46,2.109,,,Provisional/Provisoire,,
05EA002,2026-07-31T04:05:00Z,46,2.109,,,Provisional/Provisoire,,
05EA002,2026-07-31T04:10:00Z,46,2.108,,,Provisional/Provisoire,,
05EA002,2026-07-31T04:15:00Z,46,2.108,,,Provisional/Provisoire,,
05EA002,2026-07-31T04:20:00Z,46,2.109,,,Provisional/Provisoire,,
05EA002,2026-07-31T04:25:00Z,46,2.110,,,Provisional/Provisoire,,
05EA002,2026-07-31T04:30:00Z,46,2.110,,,Provisional/Provisoire,,
05EA002,2026-07-31T04:35:00Z,46,2.111,,,Provisional/Provisoire,,
05EA002,2026-07-31T04:40:00Z,46,2.112,,,Provisional/Provisoire,,
05EA002,2026-07-31T04:45:00Z,46,2.111,,,Provisional/Provisoire,,
05EA002,2026-07-31T04:50:00Z,46,2.111,,,Provisional/Provisoire,,
05EA002,2026-07-31T04:55:00Z,46,2.109,,,Provisional/Provisoire,,
05EA002,2026-07-31T05:00:00Z,46,2.111,,,Provisional/Provisoire,,
05EA002,2026-07-31T05:05:00Z,46,2.111,,,Provisional/Provisoire,,
05EA002,2026-07-31T05:10:00Z,46,2.113,,,Provisional/Provisoire,,
05EA002,2026-07-31T05:15:00Z,46,2.111,,,Provisional/Provisoire,,
05EA002,2026-07-31T05:20:00Z,46,2.111,,,Provisional/Provisoire,,
05EA002,2026-07-31T05:25:00Z,46,2.112,,,Provisional/Provisoire,,
05EA002,2026-07-31T05:30:00Z,46,2.111,,,Provisional/Provisoire,,
05EA002,2026-07-31T05:35:00Z,46,2.110,,,Provisional/Provisoire,,
05EA002,2026-07-31T05:40:00Z,46,2.111,,,Provisional/Provisoire,,
05EA002,2026-07-31T05:45:00Z,46,2.112,,,Provisional/Provisoire,,
05EA002,2026-07-31T05:50:00Z,46,2.111,,,Provisional/Provisoire,,
05EA002,2026-07-31T05:55:00Z,46,2.109,,,Provisional/Provisoire,,
05EA002,2026-07-31T06:00:00Z,46,2.111,,,Provisional/Provisoire,,
05EA002,2026-07-31T06:05:00Z,46,2.110,,,Provisional/Provisoire,,
05EA002,2026-07-31T06:10:00Z,46,2.110,,,Provisional/Provisoire,,
05EA002,2026-07-31T06:15:00Z,46,2.110,,,Provisional/Provisoire,,
05EA002,2026-07-31T06:20:00Z,46,2.110,,,Provisional/Provisoire,,
05EA002,2026-07-31T06:25:00Z,46,2.108,,,Provisional/Provisoire,,
05EA002,2026-07-31T06:30:00Z,46,2.110,,,Provisional/Provisoire,,
05EA002,2026-07-31T06:35:00Z,46,2.110,,,Provisional/Provisoire,,
05EA002,2026-07-31T06:40:00Z,46,2.106,,,Provisional/Provisoire,,
05EA002,2026-07-31T06:45:00Z,46,2.109,,,Provisional/Provisoire,,
05EA002,2026-07-31T06:50:00Z,46,2.108,,,Provisional/Provisoire,,
05EA002,2026-07-31T06:55:00Z,46,2.108,,,Provisional/Provisoire,,
05EA002,2026-07-31T07:00:00Z,46,2.108,,,Provisional/Provisoire,,
05EA002,2026-07-31T07:05:00Z,46,2.107,,,Provisional/Provisoire,,
05EA002,2026-07-31T07:10:00Z,46,2.107,,,Provisional/Provisoire,,
05EA002,2026-07-31T07:15:00Z,46,2.108,,,Provisional/Provisoire,,
05EA002,2026-07-31T07:20:00Z,46,2.109,,,Provisional/Provisoire,,
05EA002,2026-07-31T07:25:00Z,46,2.107,,,Provisional/Provisoire,,
05EA002,2026-07-31T07:30:00Z,46,2.108,,,Provisional/Provisoire,,
05EA002,2026-07-31T07:35:00Z,46,2.107,,,Provisional/Provisoire,,
05EA002,2026-07-31T07:40:00Z,46,2.107,,,Provisional/Provisoire,,
05EA002,2026-07-31T07:45:00Z,46,2.108,,,Provisional/Provisoire,,
05EA002,2026-07-31T07:50:00Z,46,2.108,,,Provisional/Provisoire,,
05EA002,2026-07-31T07:55:00Z,46,2.107,,,Provisional/Provisoire,,
05EA002,2026-07-31T08:00:00Z,46,2.107,,,Provisional/Provisoire,,
05EA002,2026-07-31T08:05:00Z,46,2.105,,,Provisional/Provisoire,,
05EA002,2026-07-31T08:10:00Z,46,2.105,,,Provisional/Provisoire,,
05EA002,2026-07-31T08:15:00Z,46,2.106,,,Provisional/Provisoire,,
05EA002,2026-07-31T08:20:00Z,46,2.106,,,Provisional/Provisoire,,
05EA002,2026-07-31T08:25:00Z,46,2.106,,,Provisional/Provisoire,,
05EA002,2026-07-31T08:30:00Z,46,2.105,,,Provisional/Provisoire,,
05EA002,2026-07-31T08:35:00Z,46,2.107,,,Provisional/Provisoire,,
05EA002,2026-07-31T08:40:00Z,46,2.105,,,Provisional/Provisoire,,
05EA002,2026-07-31T08:45:00Z,46,2.107,,,Provisional/Provisoire,,
05EA002,2026-07-31T08:50:00Z,46,2.107,,,Provisional/Provisoire,,
05EA002,2026-07-31T08:55:00Z,46,2.106,,,Provisional/Provisoire,,
05EA002,2026-07-31T09:00:00Z,46,2.105,,,Provisional/Provisoire,,
05EA002,2026-07-31T09:05:00Z,46,2.104,,,Provisional/Provisoire,,
05EA002,2026-07-31T09:10:00Z,46,2.105,,,Provisional/Provisoire,,
05EA002,2026-07-31T09:15:00Z,46,2.106,,,Provisional/Provisoire,,
05EA002,2026-07-31T09:20:00Z,46,2.105,,,Provisional/Provisoire,,
05EA002,2026-07-31T09:25:00Z,46,2.106,,,Provisional/Provisoire,,
05EA002,2026-07-31T09:30:00Z,46,2.105,,,Provisional/Provisoire,,
05EA002,2026-07-31T09:35:00Z,46,2.103,,,Provisional/Provisoire,,
05EA002,2026-07-31T09:40:00Z,46,2.105,,,Provisional/Provisoire,,
05EA002,2026-07-31T09:45:00Z,46,2.105,,,Provisional/Provisoire,,
05EA002,2026-07-31T09:50:00Z,46,2.104,,,Provisional/Provisoire,,
05EA002,2026-07-31T09:55:00Z,46,2.105,,,Provisional/Provisoire,,
05EA002,2026-07-31T10:00:00Z,46,2.105,,,Provisional/Provisoire,,
05EA002,2026-07-31T10:05:00Z,46,2.105,,,Provisional/Provisoire,,
05EA002,2026-07-31T10:10:00Z,46,2.103,,,Provisional/Provisoire,,
05EA002,2026-07-31T10:15:00Z,46,2.103,,,Provisional/Provisoire,,
05EA002,2026-07-31T10:20:00Z,46,2.106,,,Provisional/Provisoire,,
05EA002,2026-07-31T10:25:00Z,46,2.105,,,Provisional/Provisoire,,
05EA002,2026-07-31T10:30:00Z,46,2.104,,,Provisional/Provisoire,,
05EA002,2026-07-31T10:35:00Z,46,2.104,,,Provisional/Provisoire,,
05EA002,2026-07-31T10:40:00Z,46,2.103,,,Provisional/Provisoire,,
05EA002,2026-07-31T10:45:00Z,46,2.103,,,Provisional/Provisoire,,
05EA002,2026-07-31T10:50:00Z,46,2.105,,,Provisional/Provisoire,,
05EA002,2026-07-31T10:55:00Z,46,2.104,,,Provisional/Provisoire,,
05EA002,2026-07-31T11:00:00Z,46,2.103,,,Provisional/Provisoire,,
05EA002,2026-07-31T11:05:00Z,46,2.104,,,Provisional/Provisoire,,
05EA002,2026-07-31T11:10:00Z,46,2.105,,,Provisional/Provisoire,,
05EA002,2026-07-31T11:15:00Z,46,2.103,,,Provisional/Provisoire,,
05EA002,2026-07-31T11:20:00Z,46,2.102,,,Provisional/Provisoire,,
05EA002,2026-07-31T11:25:00Z,46,2.102,,,Provisional/Provisoire,,
05EA002,2026-07-31T11:30:00Z,46,2.104,,,Provisional/Provisoire,,
05EA002,2026-07-31T11:35:00Z,46,2.104,,,Provisional/Provisoire,,
05EA002,2026-07-31T11:40:00Z,46,2.104,,,Provisional/Provisoire,,
05EA002,2026-07-31T11:45:00Z,46,2.103,,,Provisional/Provisoire,,
05EA002,2026-07-31T11:50:00Z,46,2.104,,,Provisional/Provisoire,,
05EA002,2026-07-31T11:55:00Z,46,2.105,,,Provisional/Provisoire,,
05EA002,2026-07-31T12:00:00Z,46,2.103,,,Provisional/Provisoire,,
05EA002,2026-07-31T12:05:00Z,46,2.104,,,Provisional/Provisoire,,
05EA002,2026-07-31T12:10:00Z,46,2.104,,,Provisional/Provisoire,,
05EA002,2026-07-31T12:15:00Z,46,2.103,,,Provisional/Provisoire,,
05EA002,2026-07-31T12:20:00Z,46,2.102,,,Provisional/Provisoire,,
05EA002,2026-07-31T12:25:00Z,46,2.103,,,Provisional/Provisoire,,
05EA002,2026-07-31T12:30:00Z,46,2.099,,,Provisional/Provisoire,,
05EA002,2026-07-31T12:35:00Z,46,2.103,,,Provisional/Provisoire,,
05EA002,2026-07-31T12:40:00Z,46,2.103,,,Provisional/Provisoire,,
05EA002,2026-07-31T12:45:00Z,46,2.103,,,Provisional/Provisoire,,
05EA002,2026-07-31T12:50:00Z,46,2.101,,,Provisional/Provisoire,,
05EA002,2026-07-31T12:55:00Z,46,2.101,,,Provisional/Provisoire,,
05EA002,2026-07-31T13:00:00Z,46,2.099,,,Provisional/Provisoire,,
05EA002,2026-07-31T13:05:00Z,46,2.101,,,Provisional/Provisoire,,
05EA002,2026-07-31T13:10:00Z,46,2.101,,,Provisional/Provisoire,,
05EA002,2026-07-31T13:15:00Z,46,2.100,,,Provisional/Provisoire,,
05EA002,2026-07-31T13:20:00Z,46,2.099,,,Provisional/Provisoire,,
05EA002,2026-07-31T13:25:00Z,46,2.102,,,Provisional/Provisoire,,
05EA002,2026-07-31T13:30:00Z,46,2.100,,,Provisional/Provisoire,,
05EA002,2026-07-31T13:35:00Z,46,2.099,,,Provisional/Provisoire,,
05EA002,2026-07-31T13:40:00Z,46,2.099,,,Provisional/Provisoire,,
05EA002,2026-07-31T13:45:00Z,46,2.098,,,Provisional/Provisoire,,
05EA002,2026-07-31T13:50:00Z,46,2.099,,,Provisional/Provisoire,,
05EA002,2026-07-31T13:55:00Z,46,2.101,,,Provisional/Provisoire,,
05EA002,2026-07-31T14:00:00Z,46,2.098,,,Provisional/Provisoire,,
05EA002,2026-07-31T14:05:00Z,46,2.099,,,Provisional/Provisoire,,
05EA002,2026-07-31T14:10:00Z,46,2.099,,,Provisional/Provisoire,,
05EA002,2026-07-31T14:15:00Z,46,2.099,,,Provisional/Provisoire,,
05EA002,2026-07-31T14:20:00Z,46,2.098,,,Provisional/Provisoire,,
05EA002,2026-07-31T14:25:00Z,46,2.098,,,Provisional/Provisoire,,
05EA002,2026-07-31T14:30:00Z,46,2.099,,,Provisional/Provisoire,,
05EA002,2026-07-31T14:35:00Z,46,2.099,,,Provisional/Provisoire,,
05EA002,2026-07-31T14:40:00Z,46,2.097,,,Provisional/Provisoire,,
05EA002,2026-07-31T14:45:00Z,46,2.098,,,Provisional/Provisoire,,
05EA002,2026-07-31T14:50:00Z,46,2.099,,,Provisional/Provisoire,,
05EA002,2026-07-31T14:55:00Z,46,2.099,,,Provisional/Provisoire,,
05EA002,2026-07-31T15:00:00Z,46,2.099,,,Provisional/Provisoire,,
05EA002,2026-07-31T15:05:00Z,46,2.100,,,Provisional/Provisoire,,
05EA002,2026-07-31T15:10:00Z,46,2.099,,,Provisional/Provisoire,,
05EA002,2026-07-31T15:15:00Z,46,2.100,,,Provisional/Provisoire,,
05EA002,2026-07-31T15:20:00Z,46,2.100,,,Provisional/Provisoire,,
05EA002,2026-07-31T15:25:00Z,46,2.100,,,Provisional/Provisoire,,
05EA002,2026-07-31T15:30:00Z,46,2.100,,,Provisional/Provisoire,,
05EA002,2026-07-31T15:35:00Z,46,2.100,,,Provisional/Provisoire,,
05EA002,2026-07-31T15:40:00Z,46,2.099,,,Provisional/Provisoire,,
05EA002,2026-07-31T15:45:00Z,46,2.099,,,Provisional/Provisoire,,
05EA002,2026-07-31T15:50:00Z,46,2.098,,,Provisional/Provisoire,,
05EA002,2026-07-31T15:55:00Z,46,2.100,,,Provisional/Provisoire,,
05EA002,2026-07-31T16:00:00Z,46,2.099,,,Provisional/Provisoire,,
05EA002,2026-07-31T16:05:00Z,46,2.098,,,Provisional/Provisoire,,
05EA002,2026-07-31T16:10:00Z,46,2.098,,,Provisional/Provisoire,,
05EA002,2026-07-31T16:15:00Z,46,2.099,,,Provisional/Provisoire,,
05EA002,2026-07-31T16:20:00Z,46,2.099,,,Provisional/Provisoire,,
05EA002,2026-07-31T16:25:00Z,46,2.100,,,Provisional/Provisoire,,
05EA002,2026-07-31T16:30:00Z,46,2.097,,,Provisional/Provisoire,,
05EA002,2026-07-31T16:35:00Z,46,2.097,,,Provisional/Provisoire,,
05EA002,2026-07-31T16:40:00Z,46,2.099,,,Provisional/Provisoire,,
05EA002,2026-07-31T16:45:00Z,46,2.099,,,Provisional/Provisoire,,
05EA002,2026-07-31T16:50:00Z,46,2.100,,,Provisional/Provisoire,,
05EA002,2026-07-31T16:55:00Z,46,2.100,,,Provisional/Provisoire,,
05EA002,2026-07-31T17:00:00Z,46,2.099,,,Provisional/Provisoire,,
05EA002,2026-07-31T17:05:00Z,46,2.099,,,Provisional/Provisoire,,
05EA002,2026-07-31T17:10:00Z,46,2.099,,,Provisional/Provisoire,,
05EA002,2026-07-31T17:15:00Z,46,2.099,,,Provisional/Provisoire,,
05EA002,2026-07-31T17:20:00Z,46,2.098,,,Provisional/Provisoire,,
05EA002,2026-07-31T17:25:00Z,46,2.096,,,Provisional/Provisoire,,
05EA002,2026-07-31T17:30:00Z,46,2.098,,,Provisional/Provisoire,,
05EA002,2026-07-31T17:35:00Z,46,2.098,,,Provisional/Provisoire,,
05EA002,2026-07-31T17:40:00Z,46,2.097,,,Provisional/Provisoire,,
05EA002,2026-07-31T17:45:00Z,46,2.098,,,Provisional/Provisoire,,
05EA002,2026-07-31T17:50:00Z,46,2.098,,,Provisional/Provisoire,,
05EA002,2026-07-31T17:55:00Z,46,2.098,,,Provisional/Provisoire,,
05EA002,2026-07-31T18:00:00Z,46,2.096,,,Provisional/Provisoire,,
05EA002,2026-07-31T18:05:00Z,46,2.096,,,Provisional/Provisoire,,
05EA002,2026-07-31T18:10:00Z,46,2.095,,,Provisional/Provisoire,,
05EA002,2026-07-31T18:15:00Z,46,2.097,,,Provisional/Provisoire,,
05EA002,2026-07-31T18:20:00Z,46,2.097,,,Provisional/Provisoire,,
05EA002,2026-07-31T18:25:00Z,46,2.097,,,Provisional/Provisoire,,
05EA002,2026-07-31T18:30:00Z,46,2.096,,,Provisional/Provisoire,,
05EA002,2026-07-31T18:35:00Z,46,2.097,,,Provisional/Provisoire,,
05EA002,2026-07-31T18:40:00Z,46,2.097,,,Provisional/Provisoire,,
05EA002,2026-07-31T18:45:00Z,46,2.096,,,Provisional/Provisoire,,
05EA002,2026-07-31T18:50:00Z,46,2.096,,,Provisional/Provisoire,,
05EA002,2026-07-31T18:55:00Z,46,2.097,,,Provisional/Provisoire,,
05EA002,2026-07-31T19:00:00Z,46,2.097,,,Provisional/Provisoire,,
05EA002,2026-07-31T19:05:00Z,46,2.097,,,Provisional/Provisoire,,
05EA002,2026-07-31T19:10:00Z,46,2.096,,,Provisional/Provisoire,,
05EA002,2026-07-31T19:15:00Z,46,2.096,,,Provisional/Provisoire,,
05EA002,2026-07-31T19:20:00Z,46,2.098,,,Provisional/Provisoire,,
05EA002,2026-07-31T19:25:00Z,46,2.096,,,Provisional/Provisoire,,
05EA002,2026-07-31T19:30:00Z,46,2.098,,,Provisional/Provisoire,,
05EA002,2026-07-31T19:35:00Z,46,2.097,,,Provisional/Provisoire,,
05EA002,2026-07-31T19:40:00Z,46,2.096,,,Provisional/Provisoire,,
05EA002,2026-07-31T19:45:00Z,46,2.097,,,Provisional/Provisoire,,
05EA002,2026-07-31T19:50:00Z,46,2.095,,,Provisional/Provisoire,,
05EA002,2026-07-31T19:55:00Z,46,2.097,,,Provisional/Provisoire,,
05EA002,2026-07-31T20:00:00Z,46,2.096,,,Provisional/Provisoire,,
05EA002,2026-07-31T20:05:00Z,46,2.094,,,Provisional/Provisoire,,
05EA002,2026-07-31T20:10:00Z,46,2.096,,,Provisional/Provisoire,,
05EA002,2026-07-31T20:15:00Z,46,2.095,,,Provisional/Provisoire,,
05EA002,2026-07-31T20:20:00Z,46,2.093,,,Provisional/Provisoire,,
05EA002,2026-07-31T20:25:00Z,46,2.094,,,Provisional/Provisoire,,
05EA002,2026-07-31T20:30:00Z,46,2.095,,,Provisional/Provisoire,,
05EA002,2026-07-31T20:35:00Z,46,2.094,,,Provisional/Provisoire,,
05EA002,2026-07-31T20:40:00Z,46,2.095,,,Provisional/Provisoire,,
05EA002,2026-07-31T20:45:00Z,46,2.095,,,Provisional/Provisoire,,
05EA002,2026-07-31T20:50:00Z,46,2.095,,,Provisional/Provisoire,,
05EA002,2026-07-31T20:55:00Z,46,2.095,,,Provisional/Provisoire,,
05EA002,2026-07-31T21:00:00Z,46,2.096,,,Provisional/Provisoire,,
05EA002,2026-07-31T21:05:00Z,46,2.094,,,Provisional/Provisoire,,
05EA002,2026-07-31T21:10:00Z,46,2.095,,,Provisional/Provisoire,,
05EA002,2026-07-31T21:15:00Z,46,2.096,,,Provisional/Provisoire,,
05EA002,2026-07-31T21:20:00Z,46,2.095,,,Provisional/Provisoire,,
05EA002,2026-07-31T21:25:00Z,46,2.095,,,Provisional/Provisoire,,
05EA002,2026-07-31T21:30:00Z,46,2.095,,,Provisional/Provisoire,,
05EA002,2026-07-31T21:35:00Z,46,2.094,,,Provisional/Provisoire,,
05EA002,2026-07-31T21:40:00Z,46,2.094,,,Provisional/Provisoire,,
05EA002,2026-07-31T21:45:00Z,46,2.093,,,Provisional/Provisoire,,
05EA002,2026-07-31T21:50:00Z,46,2.092,,,Provisional/Provisoire,,
05EA002,2026-07-31T21:55:00Z,46,2.093,,,Provisional/Provisoire,,
05EA002,2026-07-31T22:00:00Z,46,2.092,,,Provisional/Provisoire,,
05EA002,2026-07-31T22:05:00Z,46,2.092,,,Provisional/Provisoire,,
05EA002,2026-07-31T22:10:00Z,46,2.093,,,Provisional/Provisoire,,
05EA002,2026-07-31T22:15:00Z,46,2.092,,,Provisional/Provisoire,,
05EA002,2026-07-31T22:20:00Z,46,2.095,,,Provisional/Provisoire,,
05EA002,2026-07-31T22:25:00Z,46,2.093,,,Provisional/Provisoire,,
05EA002,2026-07-31T22:30:00Z,46,2.094,,,Provisional/Provisoire,,
05EA002,2026-07-31T22:35:00Z,46,2.095,,,Provisional/Provisoire,,
05EA002,2026-07-31T22:40:00Z,46,2.093,,,Provisional/Provisoire,,
05EA002,2026-07-31T22:45:00Z,46,2.093,,,Provisional/Provisoire,,
05EA002,2026-07-31T22:50:00Z,46,2.093,,,Provisional/Provisoire,,
05EA002,2026-07-31T22:55:00Z,46,2.093,,,Provisional/Provisoire,,
05EA002,2026-07-31T23:00:00Z,46,2.093,,,Provisional/Provisoire,,
05EA002,2026-07-31T23:05:00Z,46,2.093,,,Provisional/Provisoire,,
05EA002,2026-07-31T23:10:00Z,46,2.092,,,Provisional/Provisoire,,
05EA002,2026-07-31T23:15:00Z,46,2.092,,,Provisional/Provisoire,,
05EA002,2026-07-31T23:20:00Z,46,2.093,,,Provisional/Provisoire,,
05EA002,2026-07-31T23:25:00Z,46,2.092,,,Provisional/Provisoire,,
05EA002,2026-07-31T23:30:00Z,46,2.091,,,Provisional/Provisoire,,
05EA002,2026-07-31T23:35:00Z,46,2.091,,,Provisional/Provisoire,,
05EA002,2026-07-31T23:40:00Z,46,2.090,,,Provisional/Provisoire,,
05EA002,2026-07-31T23:45:00Z,46,2.092,,,Provisional/Provisoire,,
05EA002,2026-07-31T23:50:00Z,46,2.091,,,Provisional/Provisoire,,
05EA002,2026-07-31T23:55:00Z,46,2.093,,,Provisional/Provisoire,,
05EA002,2026-08-01T00:00:00Z,46,2.093,,,Provisional/Provisoire,,
05EA002,2026-08-01T00:05:00Z,46,2.091,,,Provisional/Provisoire,,
05EA002,2026-08-01T00:10:00Z,46,2.092,,,Provisional/Provisoire,,
05EA002,2026-08-01T00:15:00Z,46,2.090,,,Provisional/Provisoire,,
05EA002,2026-08-01T00:20:00Z,46,2.092,,,Provisional/Provisoire,,
05EA002,2026-08-01T00:25:00Z,46,2.092,,,Provisional/Provisoire,,
05EA002,2026-08-01T00:30:00Z,46,2.091,,,Provisional/Provisoire,,
05EA002,2026-08-01T00:35:00Z,46,2.092,,,Provisional/Provisoire,,
05EA002,2026-08-01T00:40:00Z,46,2.091,,,Provisional/Provisoire,,
05EA002,2026-08-01T00:45:00Z,46,2.091,,,Provisional/Provisoire,,
05EA002,2026-08-01T00:50:00Z,46,2.091,,,Provisional/Provisoire,,
05EA002,2026-08-01T00:55:00Z,46,2.090,,,Provisional/Provisoire,,
05EA002,2026-08-01T01:00:00Z,46,2.091,,,Provisional/Provisoire,,
05EA002,2026-08-01T01:05:00Z,46,2.089,,,Provisional/Provisoire,,
05EA002,2026-08-01T01:10:00Z,46,2.086,,,Provisional/Provisoire,,
05EA002,2026-08-01T01:15:00Z,46,2.090,,,Provisional/Provisoire,,
05EA002,2026-08-01T01:20:00Z,46,2.091,,,Provisional/Provisoire,,
05EA002,2026-08-01T01:25:00Z,46,2.089,,,Provisional/Provisoire,,
05EA002,2026-08-01T01:30:00Z,46,2.090,,,Provisional/Provisoire,,
05EA002,2026-08-01T01:35:00Z,46,2.090,,,Provisional/Provisoire,,
05EA002,2026-08-01T01:40:00Z,46,2.090,,,Provisional/Provisoire,,
05EA002,2026-08-01T01:45:00Z,46,2.090,,,Provisional/Provisoire,,
05EA002,2026-08-01T01:50:00Z,46,2.090,,,Provisional/Provisoire,,
05EA002,2026-08-01T01:55:00Z,46,2.091,,,Provisional/Provisoire,,
05EA002,2026-08-01T02:00:00Z,46,2.090,,,Provisional/Provisoire,,
05EA002,2026-08-01T02:05:00Z,46,2.088,,,Provisional/Provisoire,,
05EA002,2026-08-01T02:10:00Z,46,2.091,,,Provisional/Provisoire,,
05EA002,2026-08-01T02:15:00Z,46,2.089,,,Provisional/Provisoire,,
05EA002,2026-08-01T02:20:00Z,46,2.089,,,Provisional/Provisoire,,
05EA002,2026-08-01T02:25:00Z,46,2.090,,,Provisional/Provisoire,,
05EA002,2026-08-01T02:30:00Z,46,2.090,,,Provisional/Provisoire,,
05EA002,2026-08-01T02:35:00Z,46,2.089,,,Provisional/Provisoire,,
05EA002,2026-08-01T02:40:00Z,46,2.090,,,Provisional/Provisoire,,
05EA002,2026-08-01T02:45:00Z,46,2.089,,,Provisional/Provisoire,,
05EA002,2026-08-01T02:50:00Z,46,2.088,,,Provisional/Provisoire,,
05EA002,2026-08-01T02:55:00Z,46,2.089,,,Provisional/Provisoire,,
05EA002,2026-08-01T03:00:00Z,46,2.087,,,Provisional/Provisoire,,
05EA002,2026-08-01T03:05:00Z,46,2.086,,,Provisional/Provisoire,,
05EA002,2026-08-01T03:10:00Z,46,2.087,,,Provisional/Provisoire,,
05EA002,2026-08-01T03:15:00Z,46,2.086,,,Provisional/Provisoire,,
05EA002,2026-08-01T03:20:00Z,46,2.086,,,Provisional/Provisoire,,
05EA002,2026-08-01T03:25:00Z,46,2.084,,,Provisional/Provisoire,,
05EA002,2026-08-01T03:30:00Z,46,2.082,,,Provisional/Provisoire,,
05EA002,2026-08-01T03:35:00Z,46,2.085,,,Provisional/Provisoire,,
05EA002,2026-08-01T03:40:00Z,46,2.085,,,Provisional/Provisoire,,
05EA002,2026-08-01T03:45:00Z,46,2.084,,,Provisional/Provisoire,,
05EA002,2026-08-01T03:50:00Z,46,2.083,,,Provisional/Provisoire,,
05EA002,2026-08-01T03:55:00Z,46,2.084,,,Provisional/Provisoire,,
05EA002,2026-08-01T04:00:00Z,46,2.083,,,Provisional/Provisoire,,
05EA002,2026-08-01T04:05:00Z,46,2.084,,,Provisional/Provisoire,,
05EA002,2026-08-01T04:10:00Z,46,2.083,,,Provisional/Provisoire,,
05EA002,2026-08-01T04:15:00Z,46,2.084,,,Provisional/Provisoire,,
05EA002,2026-08-01T04:20:00Z,46,2.081,,,Provisional/Provisoire,,
05EA002,2026-08-01T04:25:00Z,46,2.081,,,Provisional/Provisoire,,
05EA002,2026-08-01T04:30:00Z,46,2.082,,,Provisional/Provisoire,,
05EA002,2026-08-01T04:35:00Z,46,2.081,,,Provisional/Provisoire,,
05EA002,2026-08-01T04:40:00Z,46,2.083,,,Provisional/Provisoire,,
05EA002,2026-08-01T04:45:00Z,46,2.083,,,Provisional/Provisoire,,
05EA002,2026-08-01T04:50:00Z,46,2.081,,,Provisional/Provisoire,,
05EA002,2026-08-01T04:55:00Z,46,2.082,,,Provisional/Provisoire,,
05EA002,2026-08-01T05:00:00Z,46,2.082,,,Provisional/Provisoire,,
05EA002,2026-08-01T05:05:00Z,46,2.081,,,Provisional/Provisoire,,
05EA002,2026-08-01T05:10:00Z,46,2.082,,,Provisional/Provisoire,,
05EA002,2026-08-01T05:15:00Z,46,2.083,,,Provisional/Provisoire,,
05EA002,2026-08-01T05:20:00Z,46,2.080,,,Provisional/Provisoire,,
05EA002,2026-08-01T05:25:00Z,46,2.080,,,Provisional/Provisoire,,
05EA002,2026-08-01T05:30:00Z,46,2.079,,,Provisional/Provisoire,,
05EA002,2026-08-01T05:35:00Z,46,2.080,,,Provisional/Provisoire,,
05EA002,2026-08-01T05:40:00Z,46,2.079,,,Provisional/Provisoire,,
05EA002,2026-08-01T05:45:00Z,46,2.079,,,Provisional/Provisoire,,
05EA002,2026-08-01T05:50:00Z,46,2.078,,,Provisional/Provisoire,,
05EA002,2026-08-01T05:55:00Z,46,2.079,,,Provisional/Provisoire,,
05EA002,2026-08-01T06:00:00Z,46,2.078,,,Provisional/Provisoire,,
05EA002,2026-08-01T06:05:00Z,46,2.078,,,Provisional/Provisoire,,
05EA002,2026-08-01T06:10:00Z,46,2.079,,,Provisional/Provisoire,,
05EA002,2026-08-01T06:15:00Z,46,2.079,,,Provisional/Provisoire,,
05EA002,2026-08-01T06:20:00Z,46,2.079,,,Provisional/Provisoire,,
05EA002,2026-08-01T06:25:00Z,46,2.077,,,Provisional/Provisoire,,
05EA002,2026-08-01T06:30:00Z,46,2.077,,,Provisional/Provisoire,,
05EA002,2026-08-01T06:35:00Z,46,2.078,,,Provisional/Provisoire,,
05EA002,2026-08-01T06:40:00Z,46,2.078,,,Provisional/Provisoire,,
05EA002,2026-08-01T06:45:00Z,46,2.076,,,Provisional/Provisoire,,
05EA002,2026-08-01T06:50:00Z,46,2.077,,,Provisional/Provisoire,,
05EA002,2026-08-01T06:55:00Z,46,2.077,,,Provisional/Provisoire,,
05EA002,2026-08-01T07:00:00Z,46,2.076,,,Provisional/Provisoire,,
05EA002,2026-08-01T07:05:00Z,46,2.076,,,Provisional/Provisoire,,
05EA002,2026-08-01T07:10:00Z,46,2.075,,,Provisional/Provisoire,,
05EA002,2026-08-01T07:15:00Z,46,2.075,,,Provisional/Provisoire,,
05EA002,2026-08-01T07:20:00Z,46,2.076,,,Provisional/Provisoire,,
05EA002,2026-08-01T07:25:00Z,46,2.075,,,Provisional/Provisoire,,
05EA002,2026-08-01T07:30:00Z,46,2.075,,,Provisional/Provisoire,,
05EA002,2026-08-01T07:35:00Z,46,2.074,,,Provisional/Provisoire,,
05EA002,2026-08-01T07:40:00Z,46,2.075,,,Provisional/Provisoire,,
05EA002,2026-08-01T07:45:00Z,46,2.074,,,Provisional/Provisoire,,
05EA002,2026-08-01T07:50:00Z,46,2.073,,,Provisional/Provisoire,,
05EA002,2026-08-01T07:55:00Z,46,2.075,,,Provisional/Provisoire,,
05EA002,2026-08-01T08:00:00Z,46,2.075,,,Provisional/Provisoire,,
05EA002,2026-08-01T08:05:00Z,46,2.074,,,Provisional/Provisoire,,
05EA002,2026-08-01T08:10:00Z,46,2.075,,,Provisional/Provisoire,,
05EA002,2026-08-01T08:15:00Z,46,2.071,,,Provisional/Provisoire,,
05EA002,2026-08-01T08:20:00Z,46,2.074,,,Provisional/Provisoire,,
05EA002,2026-08-01T08:25:00Z,46,2.071,,,Provisional/Provisoire,,
05EA002,2026-08-01T08:30:00Z,46,2.074,,,Provisional/Provisoire,,
05EA002,2026-08-01T08:35:00Z,46,2.074,,,Provisional/Provisoire,,
05EA002,2026-08-01T08:40:00Z,46,2.073,,,Provisional/Provisoire,,
05EA002,2026-08-01T08:45:00Z,46,2.074,,,Provisional/Provisoire,,
05EA002,2026-08-01T08:50:00Z,46,2.073,,,Provisional/Provisoire,,
05EA002,2026-08-01T08:55:00Z,46,2.074,,,Provisional/Provisoire,,
05EA002,2026-08-01T09:00:00Z,46,2.073,,,Provisional/Provisoire,,
05EA002,2026-08-01T09:05:00Z,46,2.072,,,Provisional/Provisoire,,
05EA002,2026-08-01T09:10:00Z,46,2.073,,,Provisional/Provisoire,,
05EA002,2026-08-01T09:15:00Z,46,2.073,,,Provisional/Provisoire,,
05EA002,2026-08-01T09:20:00Z,46,2.072,,,Provisional/Provisoire,,
05EA002,2026-08-01T09:25:00Z,46,2.073,,,Provisional/Provisoire,,
05EA002,2026-08-01T09:30:00Z,46,2.072,,,Provisional/Provisoire,,
05EA002,2026-08-01T09:35:00Z,46,2.072,,,Provisional/Provisoire,,
05EA002,2026-08-01T09:40:00Z,46,2.073,,,Provisional/Provisoire,,
05EA002,2026-08-01T09:45:00Z,46,2.072,,,Provisional/Provisoire,,
05EA002,2026-08-01T09:50:00Z,46,2.071,,,Provisional/Provisoire,,
05EA002,2026-08-01T09:55:00Z,46,2.071,,,Provisional/Provisoire,,
05EA002,2026-08-01T10:00:00Z,46,2.070,,,Provisional/Provisoire,,
05EA002,2026-08-01T10:05:00Z,46,2.071,,,Provisional/Provisoire,,
05EA002,2026-08-01T10:10:00Z,46,2.071,,,Provisional/Provisoire,,
05EA002,2026-08-01T10:15:00Z,46,2.071,,,Provisional/Provisoire,,
05EA002,2026-08-01T10:20:00Z,46,2.071,,,Provisional/Provisoire,,
05EA002,2026-08-01T10:25:00Z,46,2.072,,,Provisional/Provisoire,,
05EA002,2026-08-01T10:30:00Z,46,2.070,,,Provisional/Provisoire,,
05EA002,2026-08-01T10:35:00Z,46,2.071,,,Provisional/Provisoire,,
05EA002,2026-08-01T10:40:00Z,46,2.071,,,Provisional/Provisoire,,
05EA002,2026-08-01T10:45:00Z,46,2.071,,,Provisional/Provisoire,,
05EA002,2026-08-01T10:50:00Z,46,2.070,,,Provisional/Provisoire,,
05EA002,2026-08-01T10:55:00Z,46,2.070,,,Provisional/Provisoire,,
05EA002,2026-08-01T11:00:00Z,46,2.069,,,Provisional/Provisoire,,
05EA002,2026-08-01T11:05:00Z,46,2.069,,,Provisional/Provisoire,,
05EA002,2026-08-01T11:10:00Z,46,2.070,,,Provisional/Provisoire,,
05EA002,2026-08-01T11:15:00Z,46,2.069,,,Provisional/Provisoire,,
05EA002,2026-08-01T11:20:00Z,46,2.069,,,Provisional/Provisoire,,
05EA002,2026-08-01T11:25:00Z,46,2.069,,,Provisional/Provisoire,,
05EA002,2026-08-01T11:30:00Z,46,2.068,,,Provisional/Provisoire,,
05EA002,2026-08-01T11:35:00Z,46,2.067,,,Provisional/Provisoire,,
05EA002,2026-08-01T11:40:00Z,46,2.068,,,Provisional/Provisoire,,
05EA002,2026-08-01T11:45:00Z,46,2.068,,,Provisional/Provisoire,,
05EA002,2026-08-01T11:50:00Z,46,2.068,,,Provisional/Provisoire,,
05EA002,2026-08-01T11:55:00Z,46,2.067,,,Provisional/Provisoire,,
05EA002,2026-08-01T12:00:00Z,46,2.065,,,Provisional/Provisoire,,
05EA002,2026-08-01T12:05:00Z,46,2.068,,,Provisional/Provisoire,,
05EA002,2026-08-01T12:10:00Z,46,2.067,,,Provisional/Provisoire,,
05EA002,2026-08-01T12:15:00Z,46,2.068,,,Provisional/Provisoire,,
05EA002,2026-08-01T12:20:00Z,46,2.069,,,Provisional/Provisoire,,
05EA002,2026-08-01T12:25:00Z,46,2.068,,,Provisional/Provisoire,,
05EA002,2026-08-01T12:30:00Z,46,2.067,,,Provisional/Provisoire,,
05EA002,2026-08-01T12:35:00Z,46,2.068,,,Provisional/Provisoire,,
05EA002,2026-08-01T12:40:00Z,46,2.067,,,Provisional/Provisoire,,
05EA002,2026-08-01T12:45:00Z,46,2.067,,,Provisional/Provisoire,,
05EA002,2026-08-01T12:50:00Z,46,2.068,,,Provisional/Provisoire,,
05EA002,2026-08-01T12:55:00Z,46,2.066,,,Provisional/Provisoire,,
05EA002,2026-08-01T13:00:00Z,46,2.065,,,Provisional/Provisoire,,
05EA002,2026-08-01T13:05:00Z,46,2.065,,,Provisional/Provisoire,,
05EA002,2026-08-01T13:10:00Z,46,2.062,,,Provisional/Provisoire,,
05EA002,2026-08-01T13:15:00Z,46,2.063,,,Provisional/Provisoire,,
05EA002,2026-08-01T13:20:00Z,46,2.064,,,Provisional/Provisoire,,
05EA002,2026-08-01T13:25:00Z,46,2.062,,,Provisional/Provisoire,,
05EA002,2026-08-01T13:30:00Z,46,2.062,,,Provisional/Provisoire,,
05EA002,2026-08-01T13:35:00Z,46,2.063,,,Provisional/Provisoire,,
05EA002,2026-08-01T13:40:00Z,46,2.061,,,Provisional/Provisoire,,
05EA002,2026-08-01T13:45:00Z,46,2.062,,,Provisional/Provisoire,,
05EA002,2026-08-01T13:50:00Z,46,2.059,,,Provisional/Provisoire,,
05EA002,2026-08-01T13:55:00Z,46,2.064,,,Provisional/Provisoire,,
05EA002,2026-08-01T14:00:00Z,46,2.065,,,Provisional/Provisoire,,
05EA002,2026-08-01T14:05:00Z,46,2.065,,,Provisional/Provisoire,,
05EA002,2026-08-01T14:10:00Z,46,2.066,,,Provisional/Provisoire,,
05EA002,2026-08-01T14:15:00Z,46,2.065,,,Provisional/Provisoire,,
05EA002,2026-08-01T14:20:00Z,46,2.065,,,Provisional/Provisoire,,
05EA002,2026-08-01T14:25:00Z,46,2.066,,,Provisional/Provisoire,,
05EA002,2026-08-01T14:30:00Z,46,2.066,,,Provisional/Provisoire,,
05EA002,2026-08-01T14:35:00Z,46,2.066,,,Provisional/Provisoire,,
05EA002,2026-08-01T14:40:00Z,46,2.067,,,Provisional/Provisoire,,
05EA002,2026-08-01T14:45:00Z,46,2.067,,,Provisional/Provisoire,,
05EA002,2026-08-01T14:50:00Z,46,2.068,,,Provisional/Provisoire,,
05EA002,2026-08-01T14:55:00Z,46,2.068,,,Provisional/Provisoire,,
05EA002,2026-08-01T15:00:00Z,46,2.067,,,Provisional/Provisoire,,
05EA002,2026-08-01T15:05:00Z,46,2.069,,,Provisional/Provisoire,,
05EA002,2026-08-01T15:10:00Z,46,2.068,,,Provisional/Provisoire,,
05EA002,2026-08-01T15:15:00Z,46,2.067,,,Provisional/Provisoire,,
05EA002,2026-08-01T15:20:00Z,46,2.067,,,Provisional/Provisoire,,
05EA002,2026-08-01T15:25:00Z,46,2.066,,,Provisional/Provisoire,,
05EA002,2026-08-01T15:30:00Z,46,2.068,,,Provisional/Provisoire,,
05EA002,2026-08-01T15:35:00Z,46,2.065,,,Provisional/Provisoire,,
05EA002,2026-08-01T15:40:00Z,46,2.066,,,Provisional/Provisoire,,
05EA002,2026-08-01T15:45:00Z,46,2.064,,,Provisional/Provisoire,,
05EA002,2026-08-01T15:50:00Z,46,2.065,,,Provisional/Provisoire,,
05EA002,2026-08-01T15:55:00Z,46,2.063,,,Provisional/Provisoire,,
05EA002,2026-08-01T16:00:00Z,46,2.064,,,Provisional/Provisoire,,
05EA002,2026-08-01T16:05:00Z,46,2.065,,,Provisional/Provisoire,,
05EA002,2026-08-01T16:10:00Z,46,2.064,,,Provisional/Provisoire,,
05EA002,2026-08-01T16:15:00Z,46,2.064,,,Provisional/Provisoire,,
05EA002,2026-08-01T16:20:00Z,46,2.063,,,Provisional/Provisoire,,
05EA002,2026-08-01T16:25:00Z,46,2.064,,,Provisional/Provisoire,,
05EA002,2026-08-01T16:30:00Z,46,2.064,,,Provisional/Provisoire,,
05EA002,2026-08-01T16:35:00Z,46,2.063,,,Provisional/Provisoire,,
05EA002,2026-08-01T16:40:00Z,46,2.063,,,Provisional/Provisoire,,
05EA002,2026-08-01T16:45:00Z,46,2.064,,,Provisional/Provisoire,,
05EA002,2026-08-01T16:50:00Z,46,2.060,,,Provisional/Provisoire,,
05EA002,2026-08-01T16:55:00Z,46,2.063,,,Provisional/Provisoire,,
05EA002,2026-08-01T17:00:00Z,46,2.065,,,Provisional/Provisoire,,
05EA002,2026-08-01T17:05:00Z,46,2.066,,,Provisional/Provisoire,,
05EA002,2026-08-01T17:10:00Z,46,2.065,,,Provisional/Provisoire,,
05EA002,2026-08-01T17:15:00Z,46,2.063,,,Provisional/Provisoire,,
05EA002,2026-08-01T17:20:00Z,46,2.066,,,Provisional/Provisoire,,
05EA002,2026-08-01T17:25:00Z,46,2.064,,,Provisional/Provisoire,,
05EA002,2026-08-01T17:30:00Z,46,2.064,,,Provisional/Provisoire,,
05EA002,2026-08-01T17:35:00Z,46,2.063,,,Provisional/Provisoire,,
05EA002,2026-08-01T17:40:00Z,46,2.065,,,Provisional/Provisoire,,
05EA002,2026-08-01T17:45:00Z,46,2.063,,,Provisional/Provisoire,,
05EA002,2026-08-01T17:50:00Z,46,2.063,,,Provisional/Provisoire,,
05EA002,2026-08-01T17:55:00Z,46,2.062,,,Provisional/Provisoire,,
05EA002,2026-08-01T18:00:00Z,46,2.063,,,Provisional/Provisoire,,
05EA002,2026-08-01T18:05:00Z,46,2.062,,,Provisional/Provisoire,,
05EA002,2026-08-01T18:10:00Z,46,2.061,,,Provisional/Provisoire,,
05EA002,2026-08-01T18:15:00Z,46,2.062,,,Provisional/Provisoire,,
05EA002,2026-08-01T18:20:00Z,46,2.060,,,Provisional/Provisoire,,
05EA002,2026-08-01T18:25:00Z,46,2.060,,,Provisional/Provisoire,,
05EA002,2026-08-01T18:30:00Z,46,2.062,,,Provisional/Provisoire,,
05EA002,2026-08-01T18:35:00Z,46,2.061,,,Provisional/Provisoire,,
05EA002,2026-08-01T18:40:00Z,46,2.060,,,Provisional/Provisoire,,
05EA002,2026-08-01T18:45:00Z,46,2.061,,,Provisional/Provisoire,,
05EA002,2026-08-01T18:50:00Z,46,2.059,,,Provisional/Provisoire,,
05EA002,2026-08-01T18:55:00Z,46,2.058,,,Provisional/Provisoire,,
05EA002,2026-08-01T19:00:00Z,46,2.060,,,Provisional/Provisoire,,
05EA002,2026-08-01T19:05:00Z,46,2.059,,,Provisional/Provisoire,,
05EA002,2026-08-01T19:10:00Z,46,2.059,,,Provisional/Provisoire,,
05EA002,2026-08-01T19:15:00Z,46,2.059,,,Provisional/Provisoire,,
05EA002,2026-08-01T19:20:00Z,46,2.058,,,Provisional/Provisoire,,
05EA002,2026-08-01T19:25:00Z,46,2.059,,,Provisional/Provisoire,,
05EA002,2026-08-01T19:30:00Z,46,2.059,,,Provisional/Provisoire,,
05EA002,2026-08-01T19:35:00Z,46,2.060,,,Provisional/Provisoire,,
05EA002,2026-08-01T19:40:00Z,46,2.057,,,Provisional/Provisoire,,
05EA002,2026-08-01T19:45:00Z,46,2.058,,,Provisional/Provisoire,,
05EA002,2026-08-01T19:50:00Z,46,2.058,,,Provisional/Provisoire,,
05EA002,2026-08-01T19:55:00Z,46,2.058,,,Provisional/Provisoire,,
05EA002,2026-08-01T20:00:00Z,46,2.057,,,Provisional/Provisoire,,
05EA002,2026-08-01T20:05:00Z,46,2.057,,,Provisional/Provisoire,,
05EA002,2026-08-01T20:10:00Z,46,2.058,,,Provisional/Provisoire,,
05EA002,2026-08-01T20:15:00Z,46,2.056,,,Provisional/Provisoire,,
05EA002,2026-08-01T20:20:00Z,46,2.055,,,Provisional/Provisoire,,
05EA002,2026-08-01T20:25:00Z,46,2.057,,,Provisional/Provisoire,,
05EA002,2026-08-01T20:30:00Z,46,2.058,,,Provisional/Provisoire,,
05EA002,2026-08-01T20:35:00Z,46,2.056,,,Provisional/Provisoire,,
05EA002,2026-08-01T20:40:00Z,46,2.058,,,Provisional/Provisoire,,
05EA002,2026-08-01T20:45:00Z,46,2.056,,,Provisional/Provisoire,,
05EA002,2026-08-01T20:50:00Z,46,2.057,,,Provisional/Provisoire,,
05EA002,2026-08-01T20:55:00Z,46,2.057,,,Provisional/Provisoire,,
05EA002,2026-08-01T21:00:00Z,46,2.058,,,Provisional/Provisoire,,
05EA002,2026-08-01T21:05:00Z,46,2.057,,,Provisional/Provisoire,,
05EA002,2026-08-01T21:10:00Z,46,2.057,,,Provisional/Provisoire,,
05EA002,2026-08-01T21:15:00Z,46,2.058,,,Provisional/Provisoire,,
05EA002,2026-08-01T21:20:00Z,46,2.055,,,Provisional/Provisoire,,
05EA002,2026-08-01T21:25:00Z,46,2.057,,,Provisional/Provisoire,,
05EA002,2026-08-01T21:30:00Z,46,2.056,,,Provisional/Provisoire,,
05EA002,2026-08-01T21:35:00Z,46,2.057,,,Provisional/Provisoire,,
05EA002,2026-08-01T21:40:00Z,46,2.056,,,Provisional/Provisoire,,
05EA002,2026-08-01T21:45:00Z,46,2.057,,,Provisional/Provisoire,,
05EA002,2026-08-01T21:50:00Z,46,2.054,,,Provisional/Provisoire,,
05EA002,2026-08-01T21:55:00Z,46,2.057,,,Provisional/Provisoire,,
05EA002,2026-08-01T22:00:00Z,46,2.054,,,Provisional/Provisoire,,
05EA002,2026-08-01T22:05:00Z,46,2.054,,,Provisional/Provisoire,,
05EA002,2026-08-01T22:10:00Z,46,2.054,,,Provisional/Provisoire,,
05EA002,2026-08-01T22:15:00Z,46,2.053,,,Provisional/Provisoire,,
05EA002,2026-08-01T22:20:00Z,46,2.053,,,Provisional/Provisoire,,
05EA002,2026-08-01T22:25:00Z,46,2.054,,,Provisional/Provisoire,,
05EA002,2026-08-01T22:30:00Z,46,2.053,,,Provisional/Provisoire,,
05EA002,2026-08-01T22:35:00Z,46,2.052,,,Provisional/Provisoire,,
05EA002,2026-08-01T22:40:00Z,46,2.053,,,Provisional/Provisoire,,
05EA002,2026-08-01T22:45:00Z,46,2.051,,,Provisional/Provisoire,,
05EA002,2026-08-01T22:50:00Z,46,2.051,,,Provisional/Provisoire,,
05EA002,2026-08-01T22:55:00Z,46,2.053,,,Provisional/Provisoire,,
05EA002,2026-08-01T23:00:00Z,46,2.052,,,Provisional/Provisoire,,
05EA002,2026-08-01T23:05:00Z,46,2.052,,,Provisional/Provisoire,,
05EA002,2026-08-01T23:10:00Z,46,2.051,,,Provisional/Provisoire,,
05EA002,2026-08-01T23:15:00Z,46,2.053,,,Provisional/Provisoire,,
05EA002,2026-08-01T23:20:00Z,46,2.054,,,Provisional/Provisoire,,
05EA002,2026-08-01T23:25:00Z,46,2.054,,,Provisional/Provisoire,,
05EA002,2026-08-01T23:30:00Z,46,2.052,,,Provisional/Provisoire,,
05EA002,2026-08-01T23:35:00Z,46,2.053,,,Provisional/Provisoire,,
05EA002,2026-08-01T23:40:00Z,46,2.052,,,Provisional/Provisoire,,
05EA002,2026-08-01T23:45:00Z,46,2.051,,,Provisional/Provisoire,,
05EA002,2026-08-01T23:50:00Z,46,2.054,,,Provisional/Provisoire,,
05EA002,2026-08-01T23:55:00Z,46,2.052,,,Provisional/Provisoire,,
05EA002,2026-08-02T00:00:00Z,46,2.052,,,Provisional/Provisoire,,
05EA002,2026-08-02T00:05:00Z,46,2.052,,,Provisional/Provisoire,,
05EA002,2026-08-02T00:10:00Z,46,2.051,,,Provisional/Provisoire,,
05EA002,2026-08-02T00:15:00Z,46,2.052,,,Provisional/Provisoire,,
05EA002,2026-08-02T00:20:00Z,46,2.051,,,Provisional/Provisoire,,
05EA002,2026-08-02T00:25:00Z,46,2.051,,,Provisional/Provisoire,,
05EA002,2026-08-02T00:30:00Z,46,2.051,,,Provisional/Provisoire,,
05EA002,2026-08-02T00:35:00Z,46,2.050,,,Provisional/Provisoire,,
05EA002,2026-08-02T00:40:00Z,46,2.050,,,Provisional/Provisoire,,
05EA002,2026-08-02T00:45:00Z,46,2.051,,,Provisional/Provisoire,,
05EA002,2026-08-02T00:50:00Z,46,2.049,,,Provisional/Provisoire,,
05EA002,2026-08-02T00:55:00Z,46,2.049,,,Provisional/Provisoire,,
05EA002,2026-08-02T01:00:00Z,46,2.050,,,Provisional/Provisoire,,
05EA002,2026-08-02T01:05:00Z,46,2.050,,,Provisional/Provisoire,,
05EA002,2026-08-02T01:10:00Z,46,2.048,,,Provisional/Provisoire,,
05EA002,2026-08-02T01:15:00Z,46,2.050,,,Provisional/Provisoire,,
05EA002,2026-08-02T01:20:00Z,46,2.048,,,Provisional/Provisoire,,
05EA002,2026-08-02T01:25:00Z,46,2.048,,,Provisional/Provisoire,,
05EA002,2026-08-02T01:30:00Z,46,2.051,,,Provisional/Provisoire,,
05EA002,2026-08-02T01:35:00Z,46,2.053,,,Provisional/Provisoire,,
05EA002,2026-08-02T01:40:00Z,46,2.054,,,Provisional/Provisoire,,
05EA002,2026-08-02T01:45:00Z,46,2.055,,,Provisional/Provisoire,,
05EA002,2026-08-02T01:50:00Z,46,2.057,,,Provisional/Provisoire,,
05EA002,2026-08-02T01:55:00Z,46,2.059,,,Provisional/Provisoire,,
05EA002,2026-08-02T02:00:00Z,46,2.060,,,Provisional/Provisoire,,
05EA002,2026-08-02T02:05:00Z,46,2.056,,,Provisional/Provisoire,,
05EA002,2026-08-02T02:10:00Z,46,2.056,,,Provisional/Provisoire,,
05EA002,2026-08-02T02:15:00Z,46,2.058,,,Provisional/Provisoire,,
05EA002,2026-08-02T02:20:00Z,46,2.054,,,Provisional/Provisoire,,
05EA002,2026-08-02T02:25:00Z,46,2.052,,,Provisional/Provisoire,,
05EA002,2026-08-02T02:30:00Z,46,2.055,,,Provisional/Provisoire,,
05EA002,2026-08-02T02:35:00Z,46,2.053,,,Provisional/Provisoire,,
05EA002,2026-08-02T02:40:00Z,46,2.053,,,Provisional/Provisoire,,
05EA002,2026-08-02T02:45:00Z,46,2.053,,,Provisional/Provisoire,,
05EA002,2026-08-02T02:50:00Z,46,2.053,,,Provisional/Provisoire,,
05EA002,2026-08-02T02:55:00Z,46,2.051,,,Provisional/Provisoire,,
05EA002,2026-08-02T03:00:00Z,46,2.046,,,Provisional/Provisoire,,
05EA002,2026-08-02T03:05:00Z,46,2.045,,,Provisional/Provisoire,,
05EA002,2026-08-02T03:10:00Z,46,2.043,,,Provisional/Provisoire,,
05EA002,2026-08-02T03:15:00Z,46,2.041,,,Provisional/Provisoire,,
05EA002,2026-08-02T03:20:00Z,46,2.037,,,Provisional/Provisoire,,
05EA002,2026-08-02T03:25:00Z,46,2.036,,,Provisional/Provisoire,,
05EA002,2026-08-02T03:30:00Z,46,2.036,,,Provisional/Provisoire,,
05EA002,2026-08-02T03:35:00Z,46,2.038,,,Provisional/Provisoire,,
05EA002,2026-08-02T03:40:00Z,46,2.039,,,Provisional/Provisoire,,
05EA002,2026-08-02T03:45:00Z,46,2.039,,,Provisional/Provisoire,,
05EA002,2026-08-02T03:50:00Z,46,2.040,,,Provisional/Provisoire,,
05EA002,2026-08-02T03:55:00Z,46,2.037,,,Provisional/Provisoire,,
05EA002,2026-08-02T04:00:00Z,46,2.037,,,Provisional/Provisoire,,
05EA002,2026-08-02T04:05:00Z,46,2.037,,,Provisional/Provisoire,,
05EA002,2026-08-02T04:10:00Z,46,2.035,,,Provisional/Provisoire,,
05EA002,2026-08-02T04:15:00Z,46,2.036,,,Provisional/Provisoire,,
05EA002,2026-08-02T04:20:00Z,46,2.037,,,Provisional/Provisoire,,
05EA002,2026-08-02T04:25:00Z,46,2.040,,,Provisional/Provisoire,,
05EA002,2026-08-02T04:30:00Z,46,2.042,,,Provisional/Provisoire,,
05EA002,2026-08-02T04:35:00Z,46,2.043,,,Provisional/Provisoire,,
05EA002,2026-08-02T04:40:00Z,46,2.044,,,Provisional/Provisoire,,
05EA002,2026-08-02T04:45:00Z,46,2.045,,,Provisional/Provisoire,,
05EA002,2026-08-02T04:50:00Z,46,2.046,,,Provisional/Provisoire,,
05EA002,2026-08-02T04:55:00Z,46,2.046,,,Provisional/Provisoire,,
05EA002,2026-08-02T05:00:00Z,46,2.047,,,Provisional/Provisoire,,
05EA002,2026-08-02T05:05:00Z,46,2.051,,,Provisional/Provisoire,,
05EA002,2026-08-02T05:10:00Z,46,2.049,,,Provisional/Provisoire,,
05EA002,2026-08-02T05:15:00Z,46,2.053,,,Provisional/Provisoire,,
05EA002,2026-08-02T05:20:00Z,46,2.053,,,Provisional/Provisoire,,
05EA002,2026-08-02T05:25:00Z,46,2.054,,,Provisional/Provisoire,,
05EA002,2026-08-02T05:30:00Z,46,2.054,,,Provisional/Provisoire,,
05EA002,2026-08-02T05:35:00Z,46,2.055,,,Provisional/Provisoire,,
05EA002,2026-08-02T05:40:00Z,46,2.056,,,Provisional/Provisoire,,
05EA002,2026-08-02T05:45:00Z,46,2.056,,,Provisional/Provisoire,,
05EA002,2026-08-02T05:50:00Z,46,2.057,,,Provisional/Provisoire,,
05EA002,2026-08-02T05:55:00Z,46,2.055,,,Provisional/Provisoire,,
05EA002,2026-08-02T06:00:00Z,46,2.054,,,Provisional/Provisoire,,
05EA002,2026-08-02T06:05:00Z,46,2.054,,,Provisional/Provisoire,,
05EA002,2026-08-02T06:10:00Z,46,2.056,,,Provisional/Provisoire,,
05EA002,2026-08-02T06:15:00Z,46,2.054,,,Provisional/Provisoire,,
05EA002,2026-08-02T06:20:00Z,46,2.054,,,Provisional/Provisoire,,
05EA002,2026-08-02T06:25:00Z,46,2.054,,,Provisional/Provisoire,,
05EA002,2026-08-02T06:30:00Z,46,2.053,,,Provisional/Provisoire,,
05EA002,2026-08-02T06:35:00Z,46,2.057,,,Provisional/Provisoire,,
05EA002,2026-08-02T06:40:00Z,46,2.058,,,Provisional/Provisoire,,
05EA002,2026-08-02T06:45:00Z,46,2.061,,,Provisional/Provisoire,,
05EA002,2026-08-02T06:50:00Z,46,2.065,,,Provisional/Provisoire,,
05EA002,2026-08-02T06:55:00Z,46,2.068,,,Provisional/Provisoire,,
05EA002,2026-08-02T07:00:00Z,46,2.077,,,Provisional/Provisoire,,
05EA002,2026-08-02T07:05:00Z,46,2.087,,,Provisional/Provisoire,,
05EA002,2026-08-02T07:10:00Z,46,2.082,,,Provisional/Provisoire,,
05EA002,2026-08-02T07:15:00Z,46,2.082,,,Provisional/Provisoire,,
05EA002,2026-08-02T07:20:00Z,46,2.081,,,Provisional/Provisoire,,
05EA002,2026-08-02T07:25:00Z,46,2.081,,,Provisional/Provisoire,,
05EA002,2026-08-02T07:30:00Z,46,2.084,,,Provisional/Provisoire,,
05EA002,2026-08-02T07:35:00Z,46,2.081,,,Provisional/Provisoire,,
05EA002,2026-08-02T07:40:00Z,46,2.076,,,Provisional/Provisoire,,
05EA002,2026-08-02T07:45:00Z,46,2.075,,,Provisional/Provisoire,,
05EA002,2026-08-02T07:50:00Z,46,2.072,,,Provisional/Provisoire,,
05EA002,2026-08-02T07:55:00Z,46,2.067,,,Provisional/Provisoire,,
05EA002,2026-08-02T08:00:00Z,46,2.062,,,Provisional/Provisoire,,
05EA002,2026-08-02T08:05:00Z,46,2.059,,,Provisional/Provisoire,,
05EA002,2026-08-02T08:10:00Z,46,2.057,,,Provisional/Provisoire,,
05EA002,2026-08-02T08:15:00Z,46,2.056,,,Provisional/Provisoire,,
05EA002,2026-08-02T08:20:00Z,46,2.053,,,Provisional/Provisoire,,
05EA002,2026-08-02T08:25:00Z,46,2.054,,,Provisional/Provisoire,,
05EA002,2026-08-02T08:30:00Z,46,2.055,,,Provisional/Provisoire,,
05EA002,2026-08-02T08:35:00Z,46,2.055,,,Provisional/Provisoire,,
05EA002,2026-08-02T08:40:00Z,46,2.056,,,Provisional/Provisoire,,
05EA002,2026-08-02T08:45:00Z,46,2.059,,,Provisional/Provisoire,,
05EA002,2026-08-02T08:50:00Z,46,2.059,,,Provisional/Provisoire,,
05EA002,2026-08-02T08:55:00Z,46,2.063,,,Provisional/Provisoire,,
05EA002,2026-08-02T09:00:00Z,46,2.065,,,Provisional/Provisoire,,
05EA002,2026-08-02T09:05:00Z,46,2.063,,,Provisional/Provisoire,,
05EA002,2026-08-02T09:10:00Z,46,2.058,,,Provisional/Provisoire,,
05EA002,2026-08-02T09:15:00Z,46,2.056,,,Provisional/Provisoire,,
05EA002,2026-08-02T09:20:00Z,46,2.057,,,Provisional/Provisoire,,
05EA002,2026-08-02T09:25:00Z,46,2.053,,,Provisional/Provisoire,,
05EA002,2026-08-02T09:30:00Z,46,2.049,,,Provisional/Provisoire,,
05EA002,2026-08-02T09:35:00Z,46,2.048,,,Provisional/Provisoire,,
05EA002,2026-08-02T09:40:00Z,46,2.045,,,Provisional/Provisoire,,
05EA002,2026-08-02T09:45:00Z,46,2.045,,,Provisional/Provisoire,,
05EA002,2026-08-02T09:50:00Z,46,2.043,,,Provisional/Provisoire,,
05EA002,2026-08-02T09:55:00Z,46,2.038,,,Provisional/Provisoire,,
05EA002,2026-08-02T10:00:00Z,46,2.037,,,Provisional/Provisoire,,
05EA002,2026-08-02T10:05:00Z,46,2.040,,,Provisional/Provisoire,,
05EA002,2026-08-02T10:10:00Z,46,2.036,,,Provisional/Provisoire,,
05EA002,2026-08-02T10:15:00Z,46,2.037,,,Provisional/Provisoire,,
05EA002,2026-08-02T10:20:00Z,46,2.039,,,Provisional/Provisoire,,
05EA002,2026-08-02T10:25:00Z,46,2.038,,,Provisional/Provisoire,,
05EA002,2026-08-02T10:30:00Z,46,2.038,,,Provisional/Provisoire,,
05EA002,2026-08-02T10:35:00Z,46,2.041,,,Provisional/Provisoire,,
05EA002,2026-08-02T10:40:00Z,46,2.040,,,Provisional/Provisoire,,
05EA002,2026-08-02T10:45:00Z,46,2.041,,,Provisional/Provisoire,,
05EA002,2026-08-02T10:50:00Z,46,2.042,,,Provisional/Provisoire,,
05EA002,2026-08-02T10:55:00Z,46,2.043,,,Provisional/Provisoire,,
05EA002,2026-08-02T11:00:00Z,46,2.043,,,Provisional/Provisoire,,
05EA002,2026-08-02T11:05:00Z,46,2.043,,,Provisional/Provisoire,,
05EA002,2026-08-02T11:10:00Z,46,2.044,,,Provisional/Provisoire,,
05EA002,2026-08-02T11:15:00Z,46,2.045,,,Provisional/Provisoire,,
05EA002,2026-08-02T11:20:00Z,46,2.043,,,Provisional/Provisoire,,
05EA002,2026-08-02T11:25:00Z,46,2.044,,,Provisional/Provisoire,,
05EA002,2026-08-02T11:30:00Z,46,2.046,,,Provisional/Provisoire,,
05EA002,2026-08-02T11:35:00Z,46,2.046,,,Provisional/Provisoire,,
05EA002,2026-08-02T11:40:00Z,46,2.046,,,Provisional/Provisoire,,
05EA002,2026-08-02T11:45:00Z,46,2.045,,,Provisional/Provisoire,,
05EA002,2026-08-02T11:50:00Z,46,2.047,,,Provisional/Provisoire,,
05EA002,2026-08-02T11:55:00Z,46,2.047,,,Provisional/Provisoire,,
05EA002,2026-08-02T12:00:00Z,46,2.048,,,Provisional/Provisoire,,
05EA002,2026-08-02T12:05:00Z,46,2.049,,,Provisional/Provisoire,,
05EA002,2026-08-02T12:10:00Z,46,2.051,,,Provisional/Provisoire,,
05EA002,2026-08-02T12:15:00Z,46,2.049,,,Provisional/Provisoire,,
05EA002,2026-08-02T12:20:00Z,46,2.054,,,Provisional/Provisoire,,
05EA002,2026-08-02T12:25:00Z,46,2.053,,,Provisional/Provisoire,,
05EA002,2026-08-02T12:30:00Z,46,2.055,,,Provisional/Provisoire,,
05EA002,2026-08-02T12:35:00Z,46,2.056,,,Provisional/Provisoire,,
05EA002,2026-08-02T12:40:00Z,46,2.057,,,Provisional/Provisoire,,
05EA002,2026-08-02T12:45:00Z,46,2.059,,,Provisional/Provisoire,,
05EA002,2026-08-02T12:50:00Z,46,2.060,,,Provisional/Provisoire,,
05EA002,2026-08-02T12:55:00Z,46,2.058,,,Provisional/Provisoire,,
05EA002,2026-08-02T13:00:00Z,46,2.057,,,Provisional/Provisoire,,
05EA002,2026-08-02T13:05:00Z,46,2.058,,,Provisional/Provisoire,,
05EA002,2026-08-02T13:10:00Z,46,2.059,,,Provisional/Provisoire,,
05EA002,2026-08-02T13:15:00Z,46,2.061,,,Provisional/Provisoire,,
05EA002,2026-08-02T13:20:00Z,46,2.059,,,Provisional/Provisoire,,
05EA002,2026-08-02T13:25:00Z,46,2.058,,,Provisional/Provisoire,,
05EA002,2026-08-02T13:30:00Z,46,2.058,,,Provisional/Provisoire,,
05EA002,2026-08-02T13:35:00Z,46,2.061,,,Provisional/Provisoire,,
05EA002,2026-08-02T13:40:00Z,46,2.062,,,Provisional/Provisoire,,
05EA002,2026-08-02T13:45:00Z,46,2.062,,,Provisional/Provisoire,,
05EA002,2026-08-02T13:50:00Z,46,2.065,,,Provisional/Provisoire,,
05EA002,2026-08-02T13:55:00Z,46,2.066,,,Provisional/Provisoire,,
05EA002,2026-08-02T14:00:00Z,46,2.068,,,Provisional/Provisoire,,
05EA002,2026-08-02T14:05:00Z,46,2.069,,,Provisional/Provisoire,,
05EA002,2026-08-02T14:10:00Z,46,2.076,,,Provisional/Provisoire,,
05EA002,2026-08-02T14:15:00Z,46,2.082,,,Provisional/Provisoire,,
05EA002,2026-08-02T14:20:00Z,46,2.084,,,Provisional/Provisoire,,
05EA002,2026-08-02T14:25:00Z,46,2.087,,,Provisional/Provisoire,,
05EA002,2026-08-02T14:30:00Z,46,2.085,,,Provisional/Provisoire,,
05EA002,2026-08-02T14:35:00Z,46,2.086,,,Provisional/Provisoire,,
05EA002,2026-08-02T14:40:00Z,46,2.084,,,Provisional/Provisoire,,
05EA002,2026-08-02T14:45:00Z,46,2.083,,,Provisional/Provisoire,,
05EA002,2026-08-02T14:50:00Z,46,2.085,,,Provisional/Provisoire,,
05EA002,2026-08-02T14:55:00Z,46,2.083,,,Provisional/Provisoire,,
05EA002,2026-08-02T15:00:00Z,46,2.085,,,Provisional/Provisoire,,
05EA002,2026-08-02T15:05:00Z,46,2.086,,,Provisional/Provisoire,,
05EA002,2026-08-02T15:10:00Z,46,2.086,,,Provisional/Provisoire,,
05EA002,2026-08-02T15:15:00Z,46,2.082,,,Provisional/Provisoire,,
05EA002,2026-08-02T15:20:00Z,46,2.085,,,Provisional/Provisoire,,
05EA002,2026-08-02T15:25:00Z,46,2.084,,,Provisional/Provisoire,,
05EA002,2026-08-02T15:30:00Z,46,2.082,,,Provisional/Provisoire,,
05EA002,2026-08-02T15:35:00Z,46,2.079,,,Provisional/Provisoire,,
05EA002,2026-08-02T15:40:00Z,46,2.077,,,Provisional/Provisoire,,
05EA002,2026-08-02T15:45:00Z,46,2.075,,,Provisional/Provisoire,,
05EA002,2026-08-02T15:50:00Z,46,2.072,,,Provisional/Provisoire,,
05EA002,2026-08-02T15:55:00Z,46,2.070,,,Provisional/Provisoire,,
05EA002,2026-08-02T16:00:00Z,46,2.068,,,Provisional/Provisoire,,
05EA002,2026-08-02T16:05:00Z,46,2.063,,,Provisional/Provisoire,,
05EA002,2026-08-02T16:10:00Z,46,2.062,,,Provisional/Provisoire,,
05EA002,2026-08-02T16:15:00Z,46,2.061,,,Provisional/Provisoire,,
05EA002,2026-08-02T16:20:00Z,46,2.059,,,Provisional/Provisoire,,
05EA002,2026-08-02T16:25:00Z,46,2.055,,,Provisional/Provisoire,,
05EA002,2026-08-02T16:30:00Z,46,2.054,,,Provisional/Provisoire,,
05EA002,2026-08-02T16:35:00Z,46,2.053,,,Provisional/Provisoire,,
05EA002,2026-08-02T16:40:00Z,46,2.051,,,Provisional/Provisoire,,
05EA002,2026-08-02T16:45:00Z,46,2.048,,,Provisional/Provisoire,,
05EA002,2026-08-02T16:50:00Z,46,2.049,,,Provisional/Provisoire,,
05EA002,2026-08-02T16:55:00Z,46,2.052,,,Provisional/Provisoire,,
05EA002,2026-08-02T17:00:00Z,46,2.050,,,Provisional/Provisoire,,
05EA002,2026-08-02T17:05:00Z,46,2.053,,,Provisional/Provisoire,,
05EA002,2026-08-02T17:10:00Z,46,2.054,,,Provisional/Provisoire,,
05EA002,2026-08-02T17:15:00Z,46,2.057,,,Provisional/Provisoire,,
05EA002,2026-08-02T17:20:00Z,46,2.058,,,Provisional/Provisoire,,
05EA002,2026-08-02T17:25:00Z,46,2.061,,,Provisional/Provisoire,,
05EA002,2026-08-02T17:30:00Z,46,2.066,,,Provisional/Provisoire,,
05EA002,2026-08-02T17:35:00Z,46,2.070,,,Provisional/Provisoire,,
05EA002,2026-08-02T17:40:00Z,46,2.071,,,Provisional/Provisoire,,
05EA002,2026-08-02T17:45:00Z,46,2.078,,,Provisional/Provisoire,,
05EA002,2026-08-02T17:50:00Z,46,2.082,,,Provisional/Provisoire,,
05EA002,2026-08-02T17:55:00Z,46,2.085,,,Provisional/Provisoire,,
05EA002,2026-08-02T18:00:00Z,46,2.089,,,Provisional/Provisoire,,
05EA002,2026-08-02T18:05:00Z,46,2.093,,,Provisional/Provisoire,,
05EA002,2026-08-02T18:10:00Z,46,2.095,,,Provisional/Provisoire,,
05EA002,2026-08-02T18:15:00Z,46,2.100,,,Provisional/Provisoire,,
05EA002,2026-08-02T18:20:00Z,46,2.096,,,Provisional/Provisoire,,
05EA002,2026-08-02T18:25:00Z,46,2.102,,,Provisional/Provisoire,,
05EA002,2026-08-02T18:30:00Z,46,2.101,,,Provisional/Provisoire,,
05EA002,2026-08-02T18:35:00Z,46,2.099,,,Provisional/Provisoire,,
05EA002,2026-08-02T18:40:00Z,46,2.095,,,Provisional/Provisoire,,
05EA002,2026-08-02T18:45:00Z,46,2.096,,,Provisional/Provisoire,,
05EA002,2026-08-02T18:50:00Z,46,2.096,,,Provisional/Provisoire,,
05EA002,2026-08-02T18:55:00Z,46,2.089,,,Provisional/Provisoire,,
05EA002,2026-08-02T19:00:00Z,46,2.094,,,Provisional/Provisoire,,
05EA002,2026-08-02T19:05:00Z,46,2.096,,,Provisional/Provisoire,,
05EA002,2026-08-02T19:10:00Z,46,2.095,,,Provisional/Provisoire,,
05EA002,2026-08-02T19:15:00Z,46,2.093,,,Provisional/Provisoire,,
05EA002,2026-08-02T19:20:00Z,46,2.095,,,Provisional/Provisoire,,
05EA002,2026-08-02T19:25:00Z,46,2.097,,,Provisional/Provisoire,,
05EA002,2026-08-02T19:30:00Z,46,2.100,,,Provisional/Provisoire,,
05EA002,2026-08-02T19:35:00Z,46,2.098,,,Provisional/Provisoire,,
05EA002,2026-08-02T19:40:00Z,46,2.101,,,Provisional/Provisoire,,
05EA002,2026-08-02T19:45:00Z,46,2.105,,,Provisional/Provisoire,,
05EA002,2026-08-02T19:50:00Z,46,2.102,,,Provisional/Provisoire,,
05EA002,2026-08-02T19:55:00Z,46,2.096,,,Provisional/Provisoire,,
05EA002,2026-08-02T20:00:00Z,46,2.097,,,Provisional/Provisoire,,
05EA002,2026-08-02T20:05:00Z,46,2.098,,,Provisional/Provisoire,,
05EA002,2026-08-02T20:10:00Z,46,2.095,,,Provisional/Provisoire,,
05EA002,2026-08-02T20:15:00Z,46,2.100,,,Provisional/Provisoire,,
05EA002,2026-08-02T20:20:00Z,46,2.099,,,Provisional/Provisoire,,
05EA002,2026-08-02T20:25:00Z,46,2.092,,,Provisional/Provisoire,,
05EA002,2026-08-02T20:30:00Z,46,2.092,,,Provisional/Provisoire,,
05EA002,2026-08-02T20:35:00Z,46,2.085,,,Provisional/Provisoire,,
05EA002,2026-08-02T20:40:00Z,46,2.083,,,Provisional/Provisoire,,
05EA002,2026-08-02T20:45:00Z,46,2.085,,,Provisional/Provisoire,,
05EA002,2026-08-02T20:50:00Z,46,2.081,,,Provisional/Provisoire,,
05EA002,2026-08-02T20:55:00Z,46,2.081,,,Provisional/Provisoire,,
05EA002,2026-08-02T21:00:00Z,46,2.079,,,Provisional/Provisoire,,
05EA002,2026-08-02T21:05:00Z,46,2.080,,,Provisional/Provisoire,,
05EA002,2026-08-02T21:10:00Z,46,2.077,,,Provisional/Provisoire,,
05EA002,2026-08-02T21:15:00Z,46,2.077,,,Provisional/Provisoire,,
05EA002,2026-08-02T21:20:00Z,46,2.074,,,Provisional/Provisoire,,
05EA002,2026-08-02T21:25:00Z,46,2.080,,,Provisional/Provisoire,,
05EA002,2026-08-02T21:30:00Z,46,2.075,,,Provisional/Provisoire,,
05EA002,2026-08-02T21:35:00Z,46,2.072,,,Provisional/Provisoire,,
05EA002,2026-08-02T21:40:00Z,46,2.071,,,Provisional/Provisoire,,
05EA002,2026-08-02T21:45:00Z,46,2.069,,,Provisional/Provisoire,,
05EA002,2026-08-02T21:50:00Z,46,2.073,,,Provisional/Provisoire,,
05EA002,2026-08-02T21:55:00Z,46,2.071,,,Provisional/Provisoire,,
05EA002,2026-08-02T22:00:00Z,46,2.076,,,Provisional/Provisoire,,
05EA002,2026-08-02T22:05:00Z,46,2.077,,,Provisional/Provisoire,,
05EA002,2026-08-02T22:10:00Z,46,2.076,,,Provisional/Provisoire,,
05EA002,2026-08-02T22:15:00Z,46,2.073,,,Provisional/Provisoire,,
05EA002,2026-08-02T22:20:00Z,46,2.076,,,Provisional/Provisoire,,
05EA002,2026-08-02T22:25:00Z,46,2.078,,,Provisional/Provisoire,,
05EA002,2026-08-02T22:30:00Z,46,2.076,,,Provisional/Provisoire,,
05EA002,2026-08-02T22:35:00Z,46,2.073,,,Provisional/Provisoire,,
05EA002,2026-08-02T22:40:00Z,46,2.068,,,Provisional/Provisoire,,
05EA002,2026-08-02T22:45:00Z,46,2.071,,,Provisional/Provisoire,,
05EA002,2026-08-02T22:50:00Z,46,2.074,,,Provisional/Provisoire,,
05EA002,2026-08-02T22:55:00Z,46,2.074,,,Provisional/Provisoire,,
05EA002,2026-08-02T23:00:00Z,46,2.075,,,Provisional/Provisoire,,
05EA002,2026-08-02T23:05:00Z,46,2.077,,,Provisional/Provisoire,,
05EA002,2026-08-02T23:10:00Z,46,2.080,,,Provisional/Provisoire,,
05EA002,2026-08-02T23:15:00Z,46,2.079,,,Provisional/Provisoire,,
05EA002,2026-08-02T23:20:00Z,46,2.081,,,Provisional/Provisoire,,
05EA002,2026-08-02T23:25:00Z,46,2.079,,,Provisional/Provisoire,,
05EA002,2026-08-02T23:30:00Z,46,2.078,,,Provisional/Provisoire,,
05EA002,2026-08-02T23:35:00Z,46,2.076,,,Provisional/Provisoire,,
05EA002,2026-08-02T23:40:00Z,46,2.072,,,Provisional/Provisoire,,
05EA002,2026-08-02T23:45:00Z,46,2.074,,,Provisional/Provisoire,,
05EA002,2026-08-02T23:50:00Z,46,2.072,,,Provisional/Provisoire,,
05EA002,2026-08-02T23:55:00Z,46,2.069,,,Provisional/Provisoire,,
05EA002,2026-08-03T00:00:00Z,46,2.064,,,Provisional/Provisoire,,
05EA002,2026-08-03T00:05:00Z,46,2.065,,,Provisional/Provisoire,,
05EA002,2026-08-03T00:10:00Z,46,2.057,,,Provisional/Provisoire,,
05EA002,2026-08-03T00:15:00Z,46,2.060,,,Provisional/Provisoire,,
05EA002,2026-08-03T00:20:00Z,46,2.057,,,Provisional/Provisoire,,
05EA002,2026-08-03T00:25:00Z,46,2.053,,,Provisional/Provisoire,,
05EA002,2026-08-03T00:30:00Z,46,2.051,,,Provisional/Provisoire,,
05EA002,2026-08-03T00:35:00Z,46,2.047,,,Provisional/Provisoire,,
05EA002,2026-08-03T00:40:00Z,46,2.039,,,Provisional/Provisoire,,
05EA002,2026-08-03T00:45:00Z,46,2.038,,,Provisional/Provisoire,,
05EA002,2026-08-03T00:50:00Z,46,2.034,,,Provisional/Provisoire,,
05EA002,2026-08-03T00:55:00Z,46,2.033,,,Provisional/Provisoire,,
05EA002,2026-08-03T01:00:00Z,46,2.032,,,Provisional/Provisoire,,
05EA002,2026-08-03T01:05:00Z,46,2.027,,,Provisional/Provisoire,,
05EA002,2026-08-03T01:10:00Z,46,2.026,,,Provisional/Provisoire,,
05EA002,2026-08-03T01:15:00Z,46,2.025,,,Provisional/Provisoire,,
05EA002,2026-08-03T01:20:00Z,46,2.025,,,Provisional/Provisoire,,
05EA002,2026-08-03T01:25:00Z,46,2.025,,,Provisional/Provisoire,,
05EA002,2026-08-03T01:30:00Z,46,2.026,,,Provisional/Provisoire,,
05EA002,2026-08-03T01:35:00Z,46,2.028,,,Provisional/Provisoire,,
05EA002,2026-08-03T01:40:00Z,46,2.029,,,Provisional/Provisoire,,
05EA002,2026-08-03T01:45:00Z,46,2.029,,,Provisional/Provisoire,,
05EA002,2026-08-03T01:50:00Z,46,2.029,,,Provisional/Provisoire,,
05EA002,2026-08-03T01:55:00Z,46,2.032,,,Provisional/Provisoire,,
05EA002,2026-08-03T02:00:00Z,46,2.031,,,Provisional/Provisoire,,
05EA002,2026-08-03T02:05:00Z,46,2.032,,,Provisional/Provisoire,,
05EA002,2026-08-03T02:10:00Z,46,2.034,,,Provisional/Provisoire,,
05EA002,2026-08-03T02:15:00Z,46,2.033,,,Provisional/Provisoire,,
05EA002,2026-08-03T02:20:00Z,46,2.034,,,Provisional/Provisoire,,
05EA002,2026-08-03T02:25:00Z,46,2.037,,,Provisional/Provisoire,,
05EA002,2026-08-03T02:30:00Z,46,2.035,,,Provisional/Provisoire,,
05EA002,2026-08-03T02:35:00Z,46,2.036,,,Provisional/Provisoire,,
05EA002,2026-08-03T02:40:00Z,46,2.037,,,Provisional/Provisoire,,
05EA002,2026-08-03T02:45:00Z,46,2.039,,,Provisional/Provisoire,,
05EA002,2026-08-03T02:50:00Z,46,2.041,,,Provisional/Provisoire,,
05EA002,2026-08-03T02:55:00Z,46,2.040,,,Provisional/Provisoire,,
05EA002,2026-08-03T03:00:00Z,46,2.039,,,Provisional/Provisoire,,
05EA002,2026-08-03T03:05:00Z,46,2.041,,,Provisional/Provisoire,,
05EA002,2026-08-03T03:10:00Z,46,2.041,,,Provisional/Provisoire,,
05EA002,2026-08-03T03:15:00Z,46,2.040,,,Provisional/Provisoire,,
05EA002,2026-08-03T03:20:00Z,46,2.040,,,Provisional/Provisoire,,
05EA002,2026-08-03T03:25:00Z,46,2.038,,,Provisional/Provisoire,,
05EA002,2026-08-03T03:30:00Z,46,2.037,,,Provisional/Provisoire,,
05EA002,2026-08-03T03:35:00Z,46,2.037,,,Provisional/Provisoire,,
05EA002,2026-08-03T03:40:00Z,46,2.036,,,Provisional/Provisoire,,
05EA002,2026-08-03T03:45:00Z,46,2.036,,,Provisional/Provisoire,,
05EA002,2026-08-03T03:50:00Z,46,2.036,,,Provisional/Provisoire,,
05EA002,2026-08-03T03:55:00Z,46,2.036,,,Provisional/Provisoire,,
05EA002,2026-08-03T04:00:00Z,46,2.035,,,Provisional/Provisoire,,
05EA002,2026-08-03T04:05:00Z,46,2.037,,,Provisional/Provisoire,,
05EA002,2026-08-03T04:10:00Z,46,2.036,,,Provisional/Provisoire,,
05EA002,2026-08-03T04:15:00Z,46,2.035,,,Provisional/Provisoire,,
05EA002,2026-08-03T04:20:00Z,46,2.036,,,Provisional/Provisoire,,
05EA002,2026-08-03T04:25:00Z,46,2.036,,,Provisional/Provisoire,,
05EA002,2026-08-03T04:30:00Z,46,2.036,,,Provisional/Provisoire,,
05EA002,2026-08-03T04:35:00Z,46,2.035,,,Provisional/Provisoire,,
05EA002,2026-08-03T04:40:00Z,46,2.034,,,Provisional/Provisoire,,
05EA002,2026-08-03T04:45:00Z,46,2.034,,,Provisional/Provisoire,,
05EA002,2026-08-03T04:50:00Z,46,2.034,,,Provisional/Provisoire,,
05EA002,2026-08-03T04:55:00Z,46,2.033,,,Provisional/Provisoire,,
05EA002,2026-08-03T05:00:00Z,46,2.035,,,Provisional/Provisoire,,
05EA002,2026-08-03T05:05:00Z,46,2.034,,,Provisional/Provisoire,,
05EA002,2026-08-03T05:10:00Z,46,2.034,,,Provisional/Provisoire,,
05EA002,2026-08-03T05:15:00Z,46,2.033,,,Provisional/Provisoire,,
05EA002,2026-08-03T05:20:00Z,46,2.031,,,Provisional/Provisoire,,
05EA002,2026-08-03T05:25:00Z,46,2.031,,,Provisional/Provisoire,,
05EA002,2026-08-03T05:30:00Z,46,2.029,,,Provisional/Provisoire,,
05EA002,2026-08-03T05:35:00Z,46,2.028,,,Provisional/Provisoire,,
05EA002,2026-08-03T05:40:00Z,46,2.029,,,Provisional/Provisoire,,
05EA002,2026-08-03T05:45:00Z,46,2.029,,,Provisional/Provisoire,,
05EA002,2026-08-03T05:50:00Z,46,2.029,,,Provisional/Provisoire,,
05EA002,2026-08-03T05:55:00Z,46,2.028,,,Provisional/Provisoire,,
05EA002,2026-08-03T06:00:00Z,46,2.029,,,Provisional/Provisoire,,
05EA002,2026-08-03T06:05:00Z,46,2.028,,,Provisional/Provisoire,,
05EA002,2026-08-03T06:10:00Z,46,2.028,,,Provisional/Provisoire,,
05EA002,2026-08-03T06:15:00Z,46,2.027,,,Provisional/Provisoire,,
05EA002,2026-08-03T06:20:00Z,46,2.026,,,Provisional/Provisoire,,
05EA002,2026-08-03T06:25:00Z,46,2.026,,,Provisional/Provisoire,,
05EA002,2026-08-03T06:30:00Z,46,2.027,,,Provisional/Provisoire,,
05EA002,2026-08-03T06:35:00Z,46,2.026,,,Provisional/Provisoire,,
05EA002,2026-08-03T06:40:00Z,46,2.025,,,Provisional/Provisoire,,
05EA002,2026-08-03T06:45:00Z,46,2.024,,,Provisional/Provisoire,,
05EA002,2026-08-03T06:50:00Z,46,2.024,,,Provisional/Provisoire,,
05EA002,2026-08-03T06:55:00Z,46,2.022,,,Provisional/Provisoire,,
05EA002,2026-08-03T07:00:00Z,46,2.022,,,Provisional/Provisoire,,
05EA002,2026-08-03T07:05:00Z,46,2.023,,,Provisional/Provisoire,,
05EA002,2026-08-03T07:10:00Z,46,2.021,,,Provisional/Provisoire,,
05EA002,2026-08-03T07:15:00Z,46,2.022,,,Provisional/Provisoire,,
05EA002,2026-08-03T07:20:00Z,46,2.021,,,Provisional/Provisoire,,
05EA002,2026-08-03T07:25:00Z,46,2.021,,,Provisional/Provisoire,,
05EA002,2026-08-03T07:30:00Z,46,2.020,,,Provisional/Provisoire,,
05EA002,2026-08-03T07:35:00Z,46,2.020,,,Provisional/Provisoire,,
05EA002,2026-08-03T07:40:00Z,46,2.019,,,Provisional/Provisoire,,
05EA002,2026-08-03T07:45:00Z,46,2.020,,,Provisional/Provisoire,,
05EA002,2026-08-03T07:50:00Z,46,2.019,,,Provisional/Provisoire,,
05EA002,2026-08-03T07:55:00Z,46,2.019,,,Provisional/Provisoire,,
05EA002,2026-08-03T08:00:00Z,46,2.020,,,Provisional/Provisoire,,
05EA002,2026-08-03T08:05:00Z,46,2.018,,,Provisional/Provisoire,,
05EA002,2026-08-03T08:10:00Z,46,2.015,,,Provisional/Provisoire,,
05EA002,2026-08-03T08:15:00Z,46,2.017,,,Provisional/Provisoire,,
05EA002,2026-08-03T08:20:00Z,46,2.017,,,Provisional/Provisoire,,
05EA002,2026-08-03T08:25:00Z,46,2.018,,,Provisional/Provisoire,,
05EA002,2026-08-03T08:30:00Z,46,2.016,,,Provisional/Provisoire,,
05EA002,2026-08-03T08:35:00Z,46,2.017,,,Provisional/Provisoire,,
05EA002,2026-08-03T08:40:00Z,46,2.017,,,Provisional/Provisoire,,
05EA002,2026-08-03T08:45:00Z,46,2.017,,,Provisional/Provisoire,,
05EA002,2026-08-03T08:50:00Z,46,2.017,,,Provisional/Provisoire,,
05EA002,2026-08-03T08:55:00Z,46,2.015,,,Provisional/Provisoire,,
05EA002,2026-08-03T09:00:00Z,46,2.016,,,Provisional/Provisoire,,
05EA002,2026-08-03T09:05:00Z,46,2.015,,,Provisional/Provisoire,,
05EA002,2026-08-03T09:10:00Z,46,2.014,,,Provisional/Provisoire,,
05EA002,2026-08-03T09:15:00Z,46,2.015,,,Provisional/Provisoire,,
05EA002,2026-08-03T09:20:00Z,46,2.014,,,Provisional/Provisoire,,
05EA002,2026-08-03T09:25:00Z,46,2.013,,,Provisional/Provisoire,,
05EA002,2026-08-03T09:30:00Z,46,2.013,,,Provisional/Provisoire,,
05EA002,2026-08-03T09:35:00Z,46,2.013,,,Provisional/Provisoire,,
05EA002,2026-08-03T09:40:00Z,46,2.013,,,Provisional/Provisoire,,
05EA002,2026-08-03T09:45:00Z,46,2.012,,,Provisional/Provisoire,,
05EA002,2026-08-03T09:50:00Z,46,2.012,,,Provisional/Provisoire,,
05EA002,2026-08-03T09:55:00Z,46,2.013,,,Provisional/Provisoire,,
05EA002,2026-08-03T10:00:00Z,46,2.012,,,Provisional/Provisoire,,
05EA002,2026-08-03T10:05:00Z,46,2.012,,,Provisional/Provisoire,,
05EA002,2026-08-03T10:10:00Z,46,2.011,,,Provisional/Provisoire,,
05EA002,2026-08-03T10:15:00Z,46,2.012,,,Provisional/Provisoire,,
05EA002,2026-08-03T10:20:00Z,46,2.011,,,Provisional/Provisoire,,
05EA002,2026-08-03T10:25:00Z,46,2.010,,,Provisional/Provisoire,,
05EA002,2026-08-03T10:30:00Z,46,2.011,,,Provisional/Provisoire,,
05EA002,2026-08-03T10:35:00Z,46,2.010,,,Provisional/Provisoire,,
05EA002,2026-08-03T10:40:00Z,46,2.009,,,Provisional/Provisoire,,
05EA002,2026-08-03T10:45:00Z,46,2.010,,,Provisional/Provisoire,,
05EA002,2026-08-03T10:50:00Z,46,2.011,,,Provisional/Provisoire,,
05EA002,2026-08-03T10:55:00Z,46,2.009,,,Provisional/Provisoire,,
05EA002,2026-08-03T11:00:00Z,46,2.008,,,Provisional/Provisoire,,
05EA002,2026-08-03T11:05:00Z,46,2.010,,,Provisional/Provisoire,,
05EA002,2026-08-03T11:10:00Z,46,2.009,,,Provisional/Provisoire,,
05EA002,2026-08-03T11:15:00Z,46,2.008,,,Provisional/Provisoire,,
05EA002,2026-08-03T11:20:00Z,46,2.009,,,Provisional/Provisoire,,
05EA002,2026-08-03T11:25:00Z,46,2.011,,,Provisional/Provisoire,,
05EA002,2026-08-03T11:30:00Z,46,2.009,,,Provisional/Provisoire,,
05EA002,2026-08-03T11:35:00Z,46,2.010,,,Provisional/Provisoire,,
05EA002,2026-08-03T11:40:00Z,46,2.008,,,Provisional/Provisoire,,
05EA002,2026-08-03T11:45:00Z,46,2.009,,,Provisional/Provisoire,,
05EA002,2026-08-03T11:50:00Z,46,2.009,,,Provisional/Provisoire,,
05EA002,2026-08-03T11:55:00Z,46,2.007,,,Provisional/Provisoire,,
05EA002,2026-08-03T12:00:00Z,46,2.008,,,Provisional/Provisoire,,
05EA002,2026-08-03T12:05:00Z,46,2.008,,,Provisional/Provisoire,,
05EA002,2026-08-03T12:10:00Z,46,2.007,,,Provisional/Provisoire,,
05EA002,2026-08-03T12:15:00Z,46,2.007,,,Provisional/Provisoire,,
05EA002,2026-08-03T12:20:00Z,46,2.006,,,Provisional/Provisoire,,
05EA002,2026-08-03T12:25:00Z,46,2.005,,,Provisional/Provisoire,,
05EA002,2026-08-03T12:30:00Z,46,2.004,,,Provisional/Provisoire,,
05EA002,2026-08-03T12:35:00Z,46,2.005,,,Provisional/Provisoire,,
05EA002,2026-08-03T12:40:00Z,46,2.005,,,Provisional/Provisoire,,
05EA002,2026-08-03T12:45:00Z,46,2.003,,,Provisional/Provisoire,,
05EA002,2026-08-03T12:50:00Z,46,2.004,,,Provisional/Provisoire,,
05EA002,2026-08-03T12:55:00Z,46,2.002,,,Provisional/Provisoire,,
05EA002,2026-08-03T13:00:00Z,46,2.003,,,Provisional/Provisoire,,
05EA002,2026-08-03T13:05:00Z,46,2.001,,,Provisional/Provisoire,,
05EA002,2026-08-03T13:10:00Z,46,2.002,,,Provisional/Provisoire,,
05EA002,2026-08-03T13:15:00Z,46,2.002,,,Provisional/Provisoire,,
05EA002,2026-08-03T13:20:00Z,46,2.002,,,Provisional/Provisoire,,
05EA002,2026-08-03T13:25:00Z,46,2.002,,,Provisional/Provisoire,,
05EA002,2026-08-03T13:30:00Z,46,2.003,,,Provisional/Provisoire,,
05EA002,2026-08-03T13:35:00Z,46,2.004,,,Provisional/Provisoire,,
05EA002,2026-08-03T13:40:00Z,46,2.004,,,Provisional/Provisoire,,
05EA002,2026-08-03T13:45:00Z,46,2.002,,,Provisional/Provisoire,,
05EA002,2026-08-03T13:50:00Z,46,2.002,,,Provisional/Provisoire,,
05EA002,2026-08-03T13:55:00Z,46,2.004,,,Provisional/Provisoire,,
05EA002,2026-08-03T14:00:00Z,46,2.005,,,Provisional/Provisoire,,
05EA002,2026-08-03T14:05:00Z,46,2.003,,,Provisional/Provisoire,,
05EA002,2026-08-03T14:10:00Z,46,2.003,,,Provisional/Provisoire,,
05EA002,2026-08-03T14:15:00Z,46,2.005,,,Provisional/Provisoire,,
05EA002,2026-08-03T14:20:00Z,46,2.005,,,Provisional/Provisoire,,
05EA002,2026-08-03T14:25:00Z,46,2.005,,,Provisional/Provisoire,,
05EA002,2026-08-03T14:30:00Z,46,2.006,,,Provisional/Provisoire,,
05EA002,2026-08-03T14:35:00Z,46,2.002,,,Provisional/Provisoire,,
05EA002,2026-08-03T14:40:00Z,46,2.003,,,Provisional/Provisoire,,
05EA002,2026-08-03T14:45:00Z,46,2.002,,,Provisional/Provisoire,,
05EA002,2026-08-03T14:50:00Z,46,2.002,,,Provisional/Provisoire,,
05EA002,2026-08-03T14:55:00Z,46,2.001,,,Provisional/Provisoire,,
05EA002,2026-08-03T15:00:00Z,46,2.000,,,Provisional/Provisoire,,
05EA002,2026-08-03T15:05:00Z,46,2.000,,,Provisional/Provisoire,,
05EA002,2026-08-03T15:10:00Z,46,1.998,,,Provisional/Provisoire,,
05EA002,2026-08-03T15:15:00Z,46,1.999,,,Provisional/Provisoire,,
05EA002,2026-08-03T15:20:00Z,46,1.999,,,Provisional/Provisoire,,
05EA002,2026-08-03T15:25:00Z,46,1.997,,,Provisional/Provisoire,,
05EA002,2026-08-03T15:30:00Z,46,1.997,,,Provisional/Provisoire,,
05EA002,2026-08-03T15:35:00Z,46,1.996,,,Provisional/Provisoire,,
05EA002,2026-08-03T15:40:00Z,46,1.997,,,Provisional/Provisoire,,
05EA002,2026-08-03T15:45:00Z,46,1.995,,,Provisional/Provisoire,,
05EA002,2026-08-03T15:50:00Z,46,1.996,,,Provisional/Provisoire,,
05EA002,2026-08-03T15:55:00Z,46,1.994,,,Provisional/Provisoire,,
05EA002,2026-08-03T16:00:00Z,46,1.994,,,Provisional/Provisoire,,
05EA002,2026-08-03T16:05:00Z,46,1.993,,,Provisional/Provisoire,,
05EA002,2026-08-03T16:10:00Z,46,1.993,,,Provisional/Provisoire,,
05EA002,2026-08-03T16:15:00Z,46,1.992,,,Provisional/Provisoire,,
05EA002,2026-08-03T16:20:00Z,46,1.994,,,Provisional/Provisoire,,
05EA002,2026-08-03T16:25:00Z,46,1.993,,,Provisional/Provisoire,,
05EA002,2026-08-03T16:30:00Z,46,1.994,,,Provisional/Provisoire,,
05EA002,2026-08-03T16:35:00Z,46,1.993,,,Provisional/Provisoire,,
05EA002,2026-08-03T16:40:00Z,46,1.993,,,Provisional/Provisoire,,
05EA002,2026-08-03T16:45:00Z,46,1.994,,,Provisional/Provisoire,,
05EA002,2026-08-03T16:50:00Z,46,1.994,,,Provisional/Provisoire,,
05EA002,2026-08-03T16:55:00Z,46,1.995,,,Provisional/Provisoire,,
05EA002,2026-08-03T17:00:00Z,46,1.994,,,Provisional/Provisoire,,
05EA002,2026-08-03T17:05:00Z,46,1.995,,,Provisional/Provisoire,,
05EA002,2026-08-03T17:10:00Z,46,1.995,,,Provisional/Provisoire,,
05EA002,2026-08-03T17:15:00Z,46,1.995,,,Provisional/Provisoire,,
05EA002,2026-08-03T17:20:00Z,46,1.996,,,Provisional/Provisoire,,
05EA002,2026-08-03T17:25:00Z,46,1.994,,,Provisional/Provisoire,,
05EA002,2026-08-03T17:30:00Z,46,1.993,,,Provisional/Provisoire,,
05EA002,2026-08-03T17:35:00Z,46,1.993,,,Provisional/Provisoire,,
05EA002,2026-08-03T17:40:00Z,46,1.993,,,Provisional/Provisoire,,
05EA002,2026-08-03T17:45:00Z,46,1.995,,,Provisional/Provisoire,,
05EA002,2026-08-03T17:50:00Z,46,1.992,,,Provisional/Provisoire,,
05EA002,2026-08-03T17:55:00Z,46,1.992,,,Provisional/Provisoire,,
05EA002,2026-08-03T18:00:00Z,46,1.991,,,Provisional/Provisoire,,
05EA002,2026-08-03T18:05:00Z,46,1.992,,,Provisional/Provisoire,,
05EA002,2026-08-03T18:10:00Z,46,1.991,,,Provisional/Provisoire,,
05EA002,2026-08-03T18:15:00Z,46,1.995,,,Provisional/Provisoire,,
05EA002,2026-08-03T18:20:00Z,46,1.992,,,Provisional/Provisoire,,
05EA002,2026-08-03T18:25:00Z,46,1.994,,,Provisional/Provisoire,,
05EA002,2026-08-03T18:30:00Z,46,1.991,,,Provisional/Provisoire,,
05EA002,2026-08-03T18:35:00Z,46,1.993,,,Provisional/Provisoire,,
05EA002,2026-08-03T18:40:00Z,46,1.992,,,Provisional/Provisoire,,
05EA002,2026-08-03T18:45:00Z,46,1.992,,,Provisional/Provisoire,,
05EA002,2026-08-03T18:50:00Z,46,1.991,,,Provisional/Provisoire,,
05EA002,2026-08-03T18:55:00Z,46,1.993,,,Provisional/Provisoire,,
05EA002,2026-08-03T19:00:00Z,46,1.992,,,Provisional/Provisoire,,
05EA002,2026-08-03T19:05:00Z,46,1.994,,,Provisional/Provisoire,,
05EA002,2026-08-03T19:10:00Z,46,1.990,,,Provisional/Provisoire,,
05EA002,2026-08-03T19:15:00Z,46,1.990,,,Provisional/Provisoire,,
05EA002,2026-08-03T19:20:00Z,46,1.991,,,Provisional/Provisoire,,
05EA002,2026-08-03T19:25:00Z,46,1.991,,,Provisional/Provisoire,,
05EA002,2026-08-03T19:30:00Z,46,1.990,,,Provisional/Provisoire,,
05EA002,2026-08-03T19:35:00Z,46,1.991,,,Provisional/Provisoire,,
05EA002,2026-08-03T19:40:00Z,46,1.990,,,Provisional/Provisoire,,
05EA002,2026-08-03T19:45:00Z,46,1.989,,,Provisional/Provisoire,,
05EA002,2026-08-03T19:50:00Z,46,1.987,,,Provisional/Provisoire,,
05EA002,2026-08-03T19:55:00Z,46,1.988,,,Provisional/Provisoire,,
05EA002,2026-08-03T20:00:00Z,46,1.985,,,Provisional/Provisoire,,
05EA002,2026-08-03T20:05:00Z,46,1.987,,,Provisional/Provisoire,,
05EA002,2026-08-03T20:10:00Z,46,1.986,,,Provisional/Provisoire,,
05EA002,2026-08-03T20:15:00Z,46,1.984,,,Provisional/Provisoire,,
05EA002,2026-08-03T20:20:00Z,46,1.983,,,Provisional/Provisoire,,
05EA002,2026-08-03T20:25:00Z,46,1.984,,,Provisional/Provisoire,,
05EA002,2026-08-03T20:30:00Z,46,1.982,,,Provisional/Provisoire,,
05EA002,2026-08-03T20:35:00Z,46,1.984,,,Provisional/Provisoire,,
05EA002,2026-08-03T20:40:00Z,46,1.983,,,Provisional/Provisoire,,
05EA002,2026-08-03T20:45:00Z,46,1.984,,,Provisional/Provisoire,,
05EA002,2026-08-03T20:50:00Z,46,1.987,,,Provisional/Provisoire,,
05EA002,2026-08-03T20:55:00Z,46,1.985,,,Provisional/Provisoire,,
05EA002,2026-08-03T21:00:00Z,46,1.984,,,Provisional/Provisoire,,
05EA002,2026-08-03T21:05:00Z,46,1.982,,,Provisional/Provisoire,,
05EA002,2026-08-03T21:10:00Z,46,1.986,,,Provisional/Provisoire,,
05EA002,2026-08-03T21:15:00Z,46,1.984,,,Provisional/Provisoire,,
05EA002,2026-08-03T21:20:00Z,46,1.987,,,Provisional/Provisoire,,
05EA002,2026-08-03T21:25:00Z,46,1.988,,,Provisional/Provisoire,,
05EA002,2026-08-03T21:30:00Z,46,1.985,,,Provisional/Provisoire,,
05EA002,2026-08-03T21:35:00Z,46,1.985,,,Provisional/Provisoire,,
05EA002,2026-08-03T21:40:00Z,46,1.987,,,Provisional/Provisoire,,
05EA002,2026-08-03T21:45:00Z,46,1.986,,,Provisional/Provisoire,,
05EA002,2026-08-03T21:50:00Z,46,1.985,,,Provisional/Provisoire,,
05EA002,2026-08-03T21:55:00Z,46,1.983,,,Provisional/Provisoire,,
05EA002,2026-08-03T22:00:00Z,46,1.983,,,Provisional/Provisoire,,
05EA002,2026-08-03T22:05:00Z,46,1.985,,,Provisional/Provisoire,,
05EA002,2026-08-03T22:10:00Z,46,1.982,,,Provisional/Provisoire,,
05EA002,2026-08-03T22:15:00Z,46,1.983,,,Provisional/Provisoire,,
05EA002,2026-08-03T22:20:00Z,46,1.984,,,Provisional/Provisoire,,
05EA002,2026-08-03T22:25:00Z,46,1.984,,,Provisional/Provisoire,,
05EA002,2026-08-03T22:30:00Z,46,1.983,,,Provisional/Provisoire,,
05EA002,2026-08-03T22:35:00Z,46,1.984,,,Provisional/Provisoire,,
05EA002,2026-08-03T22:40:00Z,46,1.982,,,Provisional/Provisoire,,
05EA002,2026-08-03T22:45:00Z,46,1.980,,,Provisional/Provisoire,,
05EA002,2026-08-03T22:50:00Z,46,1.981,,,Provisional/Provisoire,,
05EA002,2026-08-03T22:55:00Z,46,1.982,,,Provisional/Provisoire,,
05EA002,2026-08-03T23:00:00Z,46,1.980,,,Provisional/Provisoire,,
05EA002,2026-08-03T23:05:00Z,46,1.982,,,Provisional/Provisoire,,
05EA002,2026-08-03T23:10:00Z,46,1.980,,,Provisional/Provisoire,,
05EA002,2026-08-03T23:15:00Z,46,1.979,,,Provisional/Provisoire,,
05EA002,2026-08-03T23:20:00Z,46,1.981,,,Provisional/Provisoire,,
05EA002,2026-08-03T23:25:00Z,46,1.980,,,Provisional/Provisoire,,
05EA002,2026-08-03T23:30:00Z,46,1.978,,,Provisional/Provisoire,,
05EA002,2026-08-03T23:35:00Z,46,1.979,,,Provisional/Provisoire,,
05EA002,2026-08-03T23:40:00Z,46,1.977,,,Provisional/Provisoire,,
05EA002,2026-08-03T23:45:00Z,46,1.978,,,Provisional/Provisoire,,
05EA002,2026-08-03T23:50:00Z,46,1.977,,,Provisional/Provisoire,,
05EA002,2026-08-03T23:55:00Z,46,1.978,,,Provisional/Provisoire,,
05EA002,2026-08-04T00:00:00Z,46,1.978,,,Provisional/Provisoire,,
05EA002,2026-08-04T00:05:00Z,46,1.978,,,Provisional/Provisoire,,
05EA002,2026-08-04T00:10:00Z,46,1.974,,,Provisional/Provisoire,,
05EA002,2026-08-04T00:15:00Z,46,1.976,,,Provisional/Provisoire,,
05EA002,2026-08-04T00:20:00Z,46,1.976,,,Provisional/Provisoire,,
05EA002,2026-08-04T00:25:00Z,46,1.974,,,Provisional/Provisoire,,
05EA002,2026-08-04T00:30:00Z,46,1.974,,,Provisional/Provisoire,,
05EA002,2026-08-04T00:35:00Z,46,1.973,,,Provisional/Provisoire,,
05EA002,2026-08-04T00:40:00Z,46,1.976,,,Provisional/Provisoire,,
05EA002,2026-08-04T00:45:00Z,46,1.973,,,Provisional/Provisoire,,
05EA002,2026-08-04T00:50:00Z,46,1.973,,,Provisional/Provisoire,,
05EA002,2026-08-04T00:55:00Z,46,1.972,,,Provisional/Provisoire,,
05EA002,2026-08-04T01:00:00Z,46,1.973,,,Provisional/Provisoire,,
05EA002,2026-08-04T01:05:00Z,46,1.971,,,Provisional/Provisoire,,
05EA002,2026-08-04T01:10:00Z,46,1.974,,,Provisional/Provisoire,,
05EA002,2026-08-04T01:15:00Z,46,1.973,,,Provisional/Provisoire,,
05EA002,2026-08-04T01:20:00Z,46,1.973,,,Provisional/Provisoire,,
05EA002,2026-08-04T01:25:00Z,46,1.972,,,Provisional/Provisoire,,
05EA002,2026-08-04T01:30:00Z,46,1.972,,,Provisional/Provisoire,,
05EA002,2026-08-04T01:35:00Z,46,1.972,,,Provisional/Provisoire,,
05EA002,2026-08-04T01:40:00Z,46,1.972,,,Provisional/Provisoire,,
05EA002,2026-08-04T01:45:00Z,46,1.971,,,Provisional/Provisoire,,
05EA002,2026-08-04T01:50:00Z,46,1.970,,,Provisional/Provisoire,,
05EA002,2026-08-04T01:55:00Z,46,1.970,,,Provisional/Provisoire,,
05EA002,2026-08-04T02:00:00Z,46,1.970,,,Provisional/Provisoire,,
05EA002,2026-08-04T02:05:00Z,46,1.970,,,Provisional/Provisoire,,
05EA002,2026-08-04T02:10:00Z,46,1.969,,,Provisional/Provisoire,,
05EA002,2026-08-04T02:15:00Z,46,1.971,,,Provisional/Provisoire,,
05EA002,2026-08-04T02:20:00Z,46,1.972,,,Provisional/Provisoire,,
05EA002,2026-08-04T02:25:00Z,46,1.970,,,Provisional/Provisoire,,
05EA002,2026-08-04T02:30:00Z,46,1.970,,,Provisional/Provisoire,,
05EA002,2026-08-04T02:35:00Z,46,1.970,,,Provisional/Provisoire,,
05EA002,2026-08-04T02:40:00Z,46,1.970,,,Provisional/Provisoire,,
05EA002,2026-08-04T02:45:00Z,46,1.969,,,Provisional/Provisoire,,
05EA002,2026-08-04T02:50:00Z,46,1.969,,,Provisional/Provisoire,,
05EA002,2026-08-04T02:55:00Z,46,1.970,,,Provisional/Provisoire,,
05EA002,2026-08-04T03:00:00Z,46,1.969,,,Provisional/Provisoire,,
05EA002,2026-08-04T03:05:00Z,46,1.968,,,Provisional/Provisoire,,
05EA002,2026-08-04T03:10:00Z,46,1.969,,,Provisional/Provisoire,,
05EA002,2026-08-04T03:15:00Z,46,1.969,,,Provisional/Provisoire,,
05EA002,2026-08-04T03:20:00Z,46,1.969,,,Provisional/Provisoire,,
05EA002,2026-08-04T03:25:00Z,46,1.968,,,Provisional/Provisoire,,
05EA002,2026-08-04T03:30:00Z,46,1.968,,,Provisional/Provisoire,,
05EA002,2026-08-04T03:35:00Z,46,1.969,,,Provisional/Provisoire,,
05EA002,2026-08-04T03:40:00Z,46,1.967,,,Provisional/Provisoire,,
05EA002,2026-08-04T03:45:00Z,46,1.967,,,Provisional/Provisoire,,
05EA002,2026-08-04T03:50:00Z,46,1.968,,,Provisional/Provisoire,,
05EA002,2026-08-04T03:55:00Z,46,1.967,,,Provisional/Provisoire,,
05EA002,2026-08-04T04:00:00Z,46,1.966,,,Provisional/Provisoire,,
05EA002,2026-08-04T04:05:00Z,46,1.967,,,Provisional/Provisoire,,
05EA002,2026-08-04T04:10:00Z,46,1.966,,,Provisional/Provisoire,,
05EA002,2026-08-04T04:15:00Z,46,1.966,,,Provisional/Provisoire,,
05EA002,2026-08-04T04:20:00Z,46,1.967,,,Provisional/Provisoire,,
05EA002,2026-08-04T04:25:00Z,46,1.966,,,Provisional/Provisoire,,
05EA002,2026-08-04T04:30:00Z,46,1.966,,,Provisional/Provisoire,,
05EA002,2026-08-04T04:35:00Z,46,1.966,,,Provisional/Provisoire,,
05EA002,2026-08-04T04:40:00Z,46,1.965,,,Provisional/Provisoire,,
05EA002,2026-08-04T04:45:00Z,46,1.965,,,Provisional/Provisoire,,
05EA002,2026-08-04T04:50:00Z,46,1.965,,,Provisional/Provisoire,,
05EA002,2026-08-04T04:55:00Z,46,1.966,,,Provisional/Provisoire,,
05EA002,2026-08-04T05:00:00Z,46,1.965,,,Provisional/Provisoire,,
05EA002,2026-08-04T05:05:00Z,46,1.965,,,Provisional/Provisoire,,
05EA002,2026-08-04T05:10:00Z,46,1.965,,,Provisional/Provisoire,,
05EA002,2026-08-04T05:15:00Z,46,1.966,,,Provisional/Provisoire,,
05EA002,2026-08-04T05:20:00Z,46,1.963,,,Provisional/Provisoire,,
05EA002,2026-08-04T05:25:00Z,46,1.964,,,Provisional/Provisoire,,
05EA002,2026-08-04T05:30:00Z,46,1.965,,,Provisional/Provisoire,,
05EA002,2026-08-04T05:35:00Z,46,1.964,,,Provisional/Provisoire,,
05EA002,2026-08-04T05:40:00Z,46,1.963,,,Provisional/Provisoire,,
05EA002,2026-08-04T05:45:00Z,46,1.964,,,Provisional/Provisoire,,
05EA002,2026-08-04T05:50:00Z,46,1.965,,,Provisional/Provisoire,,
05EA002,2026-08-04T05:55:00Z,46,1.964,,,Provisional/Provisoire,,
05EA002,2026-08-04T06:00:00Z,46,1.964,,,Provisional/Provisoire,,
05EA002,2026-08-04T06:05:00Z,46,1.964,,,Provisional/Provisoire,,
05EA002,2026-08-04T06:10:00Z,46,1.964,,,Provisional/Provisoire,,
05EA002,2026-08-04T06:15:00Z,46,1.961,,,Provisional/Provisoire,,
05EA002,2026-08-04T06:20:00Z,46,1.964,,,Provisional/Provisoire,,
05EA002,2026-08-04T06:25:00Z,46,1.962,,,Provisional/Provisoire,,
05EA002,2026-08-04T06:30:00Z,46,1.963,,,Provisional/Provisoire,,
05EA002,2026-08-04T06:35:00Z,46,1.963,,,Provisional/Provisoire,,
05EA002,2026-08-04T06:40:00Z,46,1.961,,,Provisional/Provisoire,,
05EA002,2026-08-04T06:45:00Z,46,1.962,,,Provisional/Provisoire,,
05EA002,2026-08-04T06:50:00Z,46,1.962,,,Provisional/Provisoire,,
05EA002,2026-08-04T06:55:00Z,46,1.963,,,Provisional/Provisoire,,
05EA002,2026-08-04T07:00:00Z,46,1.963,,,Provisional/Provisoire,,
05EA002,2026-08-04T07:05:00Z,46,1.964,,,Provisional/Provisoire,,
05EA002,2026-08-04T07:10:00Z,46,1.963,,,Provisional/Provisoire,,
05EA002,2026-08-04T07:15:00Z,46,1.964,,,Provisional/Provisoire,,
05EA002,2026-08-04T07:20:00Z,46,1.963,,,Provisional/Provisoire,,
05EA002,2026-08-04T07:25:00Z,46,1.963,,,Provisional/Provisoire,,
05EA002,2026-08-04T07:30:00Z,46,1.964,,,Provisional/Provisoire,,
05EA002,2026-08-04T07:35:00Z,46,1.962,,,Provisional/Provisoire,,
05EA002,2026-08-04T07:40:00Z,46,1.963,,,Provisional/Provisoire,,
05EA002,2026-08-04T07:45:00Z,46,1.962,,,Provisional/Provisoire,,
05EA002,2026-08-04T07:50:00Z,46,1.960,,,Provisional/Provisoire,,
05EA002,2026-08-04T07:55:00Z,46,1.962,,,Provisional/Provisoire,,
05EA002,2026-08-04T08:00:00Z,46,1.963,,,Provisional/Provisoire,,
05EA002,2026-08-04T08:05:00Z,46,1.963,,,Provisional/Provisoire,,
05EA002,2026-08-04T08:10:00Z,46,1.963,,,Provisional/Provisoire,,
05EA002,2026-08-04T08:15:00Z,46,1.962,,,Provisional/Provisoire,,
05EA002,2026-08-04T08:20:00Z,46,1.963,,,Provisional/Provisoire,,
05EA002,2026-08-04T08:25:00Z,46,1.963,,,Provisional/Provisoire,,
05EA002,2026-08-04T08:30:00Z,46,1.963,,,Provisional/Provisoire,,
05EA002,2026-08-04T08:35:00Z,46,1.963,,,Provisional/Provisoire,,
05EA002,2026-08-04T08:40:00Z,46,1.963,,,Provisional/Provisoire,,
05EA002,2026-08-04T08:45:00Z,46,1.962,,,Provisional/Provisoire,,
05EA002,2026-08-04T08:50:00Z,46,1.963,,,Provisional/Provisoire,,
05EA002,2026-08-04T08:55:00Z,46,1.963,,,Provisional/Provisoire,,
05EA002,2026-08-04T09:00:00Z,46,1.962,,,Provisional/Provisoire,,
05EA002,2026-08-04T09:05:00Z,46,1.962,,,Provisional/Provisoire,,
05EA002,2026-08-04T09:10:00Z,46,1.963,,,Provisional/Provisoire,,
05EA002,2026-08-04T09:15:00Z,46,1.962,,,Provisional/Provisoire,,
05EA002,2026-08-04T09:20:00Z,46,1.962,,,Provisional/Provisoire,,
05EA002,2026-08-04T09:25:00Z,46,1.961,,,Provisional/Provisoire,,
05EA002,2026-08-04T09:30:00Z,46,1.961,,,Provisional/Provisoire,,
05EA002,2026-08-04T09:35:00Z,46,1.961,,,Provisional/Provisoire,,
05EA002,2026-08-04T09:40:00Z,46,1.961,,,Provisional/Provisoire,,
05EA002,2026-08-04T09:45:00Z,46,1.960,,,Provisional/Provisoire,,
05EA002,2026-08-04T09:50:00Z,46,1.960,,,Provisional/Provisoire,,
05EA002,2026-08-04T09:55:00Z,46,1.959,,,Provisional/Provisoire,,
05EA002,2026-08-04T10:00:00Z,46,1.960,,,Provisional/Provisoire,,
05EA002,2026-08-04T10:05:00Z,46,1.959,,,Provisional/Provisoire,,
05EA002,2026-08-04T10:10:00Z,46,1.959,,,Provisional/Provisoire,,
05EA002,2026-08-04T10:15:00Z,46,1.956,,,Provisional/Provisoire,,
05EA002,2026-08-04T10:20:00Z,46,1.959,,,Provisional/Provisoire,,
05EA002,2026-08-04T10:25:00Z,46,1.959,,,Provisional/Provisoire,,
05EA002,2026-08-04T10:30:00Z,46,1.958,,,Provisional/Provisoire,,
05EA002,2026-08-04T10:35:00Z,46,1.959,,,Provisional/Provisoire,,
05EA002,2026-08-04T10:40:00Z,46,1.958,,,Provisional/Provisoire,,
05EA002,2026-08-04T10:45:00Z,46,1.958,,,Provisional/Provisoire,,
05EA002,2026-08-04T10:50:00Z,46,1.957,,,Provisional/Provisoire,,
05EA002,2026-08-04T10:55:00Z,46,1.957,,,Provisional/Provisoire,,
05EA002,2026-08-04T11:00:00Z,46,1.959,,,Provisional/Provisoire,,
05EA002,2026-08-04T11:05:00Z,46,1.958,,,Provisional/Provisoire,,
05EA002,2026-08-04T11:10:00Z,46,1.956,,,Provisional/Provisoire,,
05EA002,2026-08-04T11:15:00Z,46,1.958,,,Provisional/Provisoire,,
05EA002,2026-08-04T11:20:00Z,46,1.958,,,Provisional/Provisoire,,
05EA002,2026-08-04T11:25:00Z,46,1.959,,,Provisional/Provisoire,,
05EA002,2026-08-04T11:30:00Z,46,1.959,,,Provisional/Provisoire,,
05EA002,2026-08-04T11:35:00Z,46,1.959,,,Provisional/Provisoire,,
05EA002,2026-08-04T11:40:00Z,46,1.959,,,Provisional/Provisoire,,
05EA002,2026-08-04T11:45:00Z,46,1.958,,,Provisional/Provisoire,,
05EA002,2026-08-04T11:50:00Z,46,1.958,,,Provisional/Provisoire,,
05EA002,2026-08-04T11:55:00Z,46,1.957,,,Provisional/Provisoire,,
05EA002,2026-08-04T12:00:00Z,46,1.957,,,Provisional/Provisoire,,
05EA002,2026-08-04T12:05:00Z,46,1.956,,,Provisional/Provisoire,,
05EA002,2026-08-04T12:10:00Z,46,1.958,,,Provisional/Provisoire,,
05EA002,2026-08-04T12:15:00Z,46,1.957,,,Provisional/Provisoire,,
05EA002,2026-08-04T12:20:00Z,46,1.957,,,Provisional/Provisoire,,
05EA002,2026-08-04T12:25:00Z,46,1.956,,,Provisional/Provisoire,,
05EA002,2026-08-04T12:30:00Z,46,1.956,,,Provisional/Provisoire,,
05EA002,2026-08-04T12:35:00Z,46,1.956,,,Provisional/Provisoire,,
05EA002,2026-08-04T12:40:00Z,46,1.957,,,Provisional/Provisoire,,
05EA002,2026-08-04T12:45:00Z,46,1.957,,,Provisional/Provisoire,,
05EA002,2026-08-04T12:50:00Z,46,1.955,,,Provisional/Provisoire,,
05EA002,2026-08-04T12:55:00Z,46,1.957,,,Provisional/Provisoire,,
05EA002,2026-08-04T13:00:00Z,46,1.957,,,Provisional/Provisoire,,
05EA002,2026-08-04T13:05:00Z,46,1.956,,,Provisional/Provisoire,,
05EA002,2026-08-04T13:10:00Z,46,1.957,,,Provisional/Provisoire,,
05EA002,2026-08-04T13:15:00Z,46,1.957,,,Provisional/Provisoire,,
05EA002,2026-08-04T13:20:00Z,46,1.954,,,Provisional/Provisoire,,
05EA002,2026-08-04T13:25:00Z,46,1.955,,,Provisional/Provisoire,,
05EA002,2026-08-04T13:30:00Z,46,1.956,,,Provisional/Provisoire,,
05EA002,2026-08-04T13:35:00Z,46,1.956,,,Provisional/Provisoire,,
05EA002,2026-08-04T13:40:00Z,46,1.956,,,Provisional/Provisoire,,
05EA002,2026-08-04T13:45:00Z,46,1.956,,,Provisional/Provisoire,,
05EA002,2026-08-04T13:50:00Z,46,1.956,,,Provisional/Provisoire,,
05EA002,2026-08-04T13:55:00Z,46,1.955,,,Provisional/Provisoire,,
05EA002,2026-08-04T14:00:00Z,46,1.956,,,Provisional/Provisoire,,
05EA002,2026-08-04T14:05:00Z,46,1.955,,,Provisional/Provisoire,,
05EA002,2026-08-04T14:10:00Z,46,1.956,,,Provisional/Provisoire,,
05EA002,2026-08-04T14:15:00Z,46,1.954,,,Provisional/Provisoire,,
05EA002,2026-08-04T14:20:00Z,46,1.955,,,Provisional/Provisoire,,
05EA002,2026-08-04T14:25:00Z,46,1.955,,,Provisional/Provisoire,,
05EA002,2026-08-04T14:30:00Z,46,1.954,,,Provisional/Provisoire,,
05EA002,2026-08-04T14:35:00Z,46,1.956,,,Provisional/Provisoire,,
05EA002,2026-08-04T14:40:00Z,46,1.956,,,Provisional/Provisoire,,
05EA002,2026-08-04T14:45:00Z,46,1.955,,,Provisional/Provisoire,,
05EA002,2026-08-04T14:50:00Z,46,1.956,,,Provisional/Provisoire,,
05EA002,2026-08-04T14:55:00Z,46,1.955,,,Provisional/Provisoire,,
05EA002,2026-08-04T15:00:00Z,46,1.955,,,Provisional/Provisoire,,
05EA002,2026-08-04T15:05:00Z,46,1.956,,,Provisional/Provisoire,,
05EA002,2026-08-04T15:10:00Z,46,1.956,,,Provisional/Provisoire,,
05EA002,2026-08-04T15:15:00Z,46,1.955,,,Provisional/Provisoire,,
05EA002,2026-08-04T15:20:00Z,46,1.953,,,Provisional/Provisoire,,
05EA002,2026-08-04T15:25:00Z,46,1.954,,,Provisional/Provisoire,,
05EA002,2026-08-04T15:30:00Z,46,1.954,,,Provisional/Provisoire,,
05EA002,2026-08-04T15:35:00Z,46,1.955,,,Provisional/Provisoire,,
05EA002,2026-08-04T15:40:00Z,46,1.954,,,Provisional/Provisoire,,
05EA002,2026-08-04T15:45:00Z,46,1.956,,,Provisional/Provisoire,,
05EA002,2026-08-04T15:50:00Z,46,1.955,,,Provisional/Provisoire,,
05EA002,2026-08-04T15:55:00Z,46,1.956,,,Provisional/Provisoire,,
05EA002,2026-08-04T16:00:00Z,46,1.956,,,Provisional/Provisoire,,
05EA002,2026-08-04T16:05:00Z,46,1.956,,,Provisional/Provisoire,,
05EA002,2026-08-04T16:10:00Z,46,1.957,,,Provisional/Provisoire,,
05EA002,2026-08-04T16:15:00Z,46,1.957,,,Provisional/Provisoire,,
05EA002,2026-08-04T16:20:00Z,46,1.957,,,Provisional/Provisoire,,
05EA002,2026-08-04T16:25:00Z,46,1.954,,,Provisional/Provisoire,,
05EA002,2026-08-04T16:30:00Z,46,1.954,,,Provisional/Provisoire,,
05EA002,2026-08-04T16:35:00Z,46,1.950,,,Provisional/Provisoire,,
05EA002,2026-08-04T16:40:00Z,46,1.951,,,Provisional/Provisoire,,
05EA002,2026-08-04T16:45:00Z,46,1.949,,,Provisional/Provisoire,,
05EA002,2026-08-04T16:50:00Z,46,1.949,,,Provisional/Provisoire,,
05EA002,2026-08-04T16:55:00Z,46,1.950,,,Provisional/Provisoire,,
05EA002,2026-08-04T17:00:00Z,46,1.951,,,Provisional/Provisoire,,
05EA002,2026-08-04T17:05:00Z,46,1.950,,,Provisional/Provisoire,,
05EA002,2026-08-04T17:10:00Z,46,1.951,,,Provisional/Provisoire,,
05EA002,2026-08-04T17:15:00Z,46,1.948,,,Provisional/Provisoire,,
05EA002,2026-08-04T17:20:00Z,46,1.950,,,Provisional/Provisoire,,
05EA002,2026-08-04T17:25:00Z,46,1.950,,,Provisional/Provisoire,,
05EA002,2026-08-04T17:30:00Z,46,1.951,,,Provisional/Provisoire,,
05EA002,2026-08-04T17:35:00Z,46,1.950,,,Provisional/Provisoire,,
05EA002,2026-08-04T17:40:00Z,46,1.951,,,Provisional/Provisoire,,
05EA002,2026-08-04T17:45:00Z,46,1.951,,,Provisional/Provisoire,,
05EA002,2026-08-04T17:50:00Z,46,1.952,,,Provisional/Provisoire,,
05EA002,2026-08-04T17:55:00Z,46,1.952,,,Provisional/Provisoire,,
05EA002,2026-08-04T18:00:00Z,46,1.954,,,Provisional/Provisoire,,
05EA002,2026-08-04T18:05:00Z,46,1.953,,,Provisional/Provisoire,,
05EA002,2026-08-04T18:10:00Z,46,1.953,,,Provisional/Provisoire,,
05EA002,2026-08-04T18:15:00Z,46,1.954,,,Provisional/Provisoire,,
05EA002,2026-08-04T18:20:00Z,46,1.954,,,Provisional/Provisoire,,
05EA002,2026-08-04T18:25:00Z,46,1.955,,,Provisional/Provisoire,,
05EA002,2026-08-04T18:30:00Z,46,1.952,,,Provisional/Provisoire,,
05EA002,2026-08-04T18:35:00Z,46,1.950,,,Provisional/Provisoire,,
05EA002,2026-08-04T18:40:00Z,46,1.954,,,Provisional/Provisoire,,
05EA002,2026-08-04T18:45:00Z,46,1.955,,,Provisional/Provisoire,,
05EA002,2026-08-04T18:50:00Z,46,1.954,,,Provisional/Provisoire,,
05EA002,2026-08-04T18:55:00Z,46,1.954,,,Provisional/Provisoire,,
05EA002,2026-08-04T19:00:00Z,46,1.955,,,Provisional/Provisoire,,
05EA002,2026-08-04T19:05:00Z,46,1.955,,,Provisional/Provisoire,,
05EA002,2026-08-04T19:10:00Z,46,1.955,,,Provisional/Provisoire,,
05EA002,2026-08-04T19:15:00Z,46,1.956,,,Provisional/Provisoire,,
05EA002,2026-08-04T19:20:00Z,46,1.955,,,Provisional/Provisoire,,
05EA002,2026-08-04T19:25:00Z,46,1.956,,,Provisional/Provisoire,,
05EA002,2026-08-04T19:30:00Z,46,1.953,,,Provisional/Provisoire,,
05EA002,2026-08-04T19:35:00Z,46,1.955,,,Provisional/Provisoire,,
05EA002,2026-08-04T19:40:00Z,46,1.953,,,Provisional/Provisoire,,
05EA002,2026-08-04T19:45:00Z,46,1.953,,,Provisional/Provisoire,,
05EA002,2026-08-04T19:50:00Z,46,1.954,,,Provisional/Provisoire,,
05EA002,2026-08-04T19:55:00Z,46,1.955,,,Provisional/Provisoire,,
05EA002,2026-08-04T20:00:00Z,46,1.955,,,Provisional/Provisoire,,
05EA002,2026-08-04T20:05:00Z,46,1.954,,,Provisional/Provisoire,,
05EA002,2026-08-04T20:10:00Z,46,1.956,,,Provisional/Provisoire,,
05EA002,2026-08-04T20:15:00Z,46,1.954,,,Provisional/Provisoire,,
05EA002,2026-08-04T20:20:00Z,46,1.952,,,Provisional/Provisoire,,
05EA002,2026-08-04T20:25:00Z,46,1.953,,,Provisional/Provisoire,,
05EA002,2026-08-04T20:30:00Z,46,1.952,,,Provisional/Provisoire,,
05EA002,2026-08-04T20:35:00Z,46,1.953,,,Provisional/Provisoire,,
05EA002,2026-08-04T20:40:00Z,46,1.951,,,Provisional/Provisoire,,
05EA002,2026-08-04T20:45:00Z,46,1.953,,,Provisional/Provisoire,,
05EA002,2026-08-04T20:50:00Z,46,1.952,,,Provisional/Provisoire,,
05EA002,2026-08-04T20:55:00Z,46,1.951,,,Provisional/Provisoire,,
05EA002,2026-08-04T21:00:00Z,46,1.951,,,Provisional/Provisoire,,
05EA002,2026-08-04T21:05:00Z,46,1.949,,,Provisional/Provisoire,,
05EA002,2026-08-04T21:10:00Z,46,1.946,,,Provisional/Provisoire,,
05EA002,2026-08-04T21:15:00Z,46,1.949,,,Provisional/Provisoire,,
05EA002,2026-08-04T21:20:00Z,46,1.948,,,Provisional/Provisoire,,
05EA002,2026-08-04T21:25:00Z,46,1.949,,,Provisional/Provisoire,,
05EA002,2026-08-04T21:30:00Z,46,1.949,,,Provisional/Provisoire,,
05EA002,2026-08-04T21:35:00Z,46,1.946,,,Provisional/Provisoire,,
05EA002,2026-08-04T21:40:00Z,46,1.948,,,Provisional/Provisoire,,
05EA002,2026-08-04T21:45:00Z,46,1.950,,,Provisional/Provisoire,,
05EA002,2026-08-04T21:50:00Z,46,1.950,,,Provisional/Provisoire,,
05EA002,2026-08-04T21:55:00Z,46,1.947,,,Provisional/Provisoire,,
05EA002,2026-08-04T22:00:00Z,46,1.948,,,Provisional/Provisoire,,
05EA002,2026-08-04T22:05:00Z,46,1.946,,,Provisional/Provisoire,,
05EA002,2026-08-04T22:10:00Z,46,1.946,,,Provisional/Provisoire,,
05EA002,2026-08-04T22:15:00Z,46,1.948,,,Provisional/Provisoire,,
05EA002,2026-08-04T22:20:00Z,46,1.948,,,Provisional/Provisoire,,
05EA002,2026-08-04T22:25:00Z,46,1.947,,,Provisional/Provisoire,,
05EA002,2026-08-04T22:30:00Z,46,1.949,,,Provisional/Provisoire,,
05EA002,2026-08-04T22:35:00Z,46,1.946,,,Provisional/Provisoire,,
05EA002,2026-08-04T22:40:00Z,46,1.949,,,Provisional/Provisoire,,
05EA002,2026-08-04T22:45:00Z,46,1.950,,,Provisional/Provisoire,,
05EA002,2026-08-04T22:50:00Z,46,1.949,,,Provisional/Provisoire,,
05EA002,2026-08-04T22:55:00Z,46,1.949,,,Provisional/Provisoire,,
05EA002,2026-08-04T23:00:00Z,46,1.951,,,Provisional/Provisoire,,
05EA002,2026-08-04T23:05:00Z,46,1.949,,,Provisional/Provisoire,,
05EA002,2026-08-04T23:10:00Z,46,1.945,,,Provisional/Provisoire,,
05EA002,2026-08-04T23:15:00Z,46,1.947,,,Provisional/Provisoire,,
05EA002,2026-08-04T23:20:00Z,46,1.946,,,Provisional/Provisoire,,
05EA002,2026-08-04T23:25:00Z,46,1.942,,,Provisional/Provisoire,,
05EA002,2026-08-04T23:30:00Z,46,1.945,,,Provisional/Provisoire,,
05EA002,2026-08-04T23:35:00Z,46,1.945,,,Provisional/Provisoire,,
05EA002,2026-08-04T23:40:00Z,46,1.945,,,Provisional/Provisoire,,
05EA002,2026-08-04T23:45:00Z,46,1.944,,,Provisional/Provisoire,,
05EA002,2026-08-04T23:50:00Z,46,1.943,,,Provisional/Provisoire,,
05EA002,2026-08-04T23:55:00Z,46,1.944,,,Provisional/Provisoire,,
05EA002,2026-08-05T00:00:00Z,46,1.942,,,Provisional/Provisoire,,
05EA002,2026-08-05T00:05:00Z,46,1.942,,,Provisional/Provisoire,,
05EA002,2026-08-05T00:10:00Z,46,1.940,,,Provisional/Provisoire,,
05EA002,2026-08-05T00:15:00Z,46,1.940,,,Provisional/Provisoire,,
05EA002,2026-08-05T00:20:00Z,46,1.938,,,Provisional/Provisoire,,
05EA002,2026-08-05T00:25:00Z,46,1.937,,,Provisional/Provisoire,,
05EA002,2026-08-05T00:30:00Z,46,1.934,,,Provisional/Provisoire,,
05EA002,2026-08-05T00:35:00Z,46,1.931,,,Provisional/Provisoire,,
05EA002,2026-08-05T00:40:00Z,46,1.928,,,Provisional/Provisoire,,
05EA002,2026-08-05T00:45:00Z,46,1.923,,,Provisional/Provisoire,,
05EA002,2026-08-05T00:50:00Z,46,1.919,,,Provisional/Provisoire,,
05EA002,2026-08-05T00:55:00Z,46,1.918,,,Provisional/Provisoire,,
05EA002,2026-08-05T01:00:00Z,46,1.919,,,Provisional/Provisoire,,
05EA002,2026-08-05T01:05:00Z,46,1.922,,,Provisional/Provisoire,,
05EA002,2026-08-05T01:10:00Z,46,1.928,,,Provisional/Provisoire,,
05EA002,2026-08-05T01:15:00Z,46,1.936,,,Provisional/Provisoire,,
05EA002,2026-08-05T01:20:00Z,46,1.933,,,Provisional/Provisoire,,
05EA002,2026-08-05T01:25:00Z,46,1.932,,,Provisional/Provisoire,,
05EA002,2026-08-05T01:30:00Z,46,1.933,,,Provisional/Provisoire,,
05EA002,2026-08-05T01:35:00Z,46,1.934,,,Provisional/Provisoire,,
05EA002,2026-08-05T01:40:00Z,46,1.933,,,Provisional/Provisoire,,
05EA002,2026-08-05T01:45:00Z,46,1.931,,,Provisional/Provisoire,,
05EA002,2026-08-05T01:50:00Z,46,1.929,,,Provisional/Provisoire,,
05EA002,2026-08-05T01:55:00Z,46,1.930,,,Provisional/Provisoire,,
05EA002,2026-08-05T02:00:00Z,46,1.928,,,Provisional/Provisoire,,
05EA002,2026-08-05T02:05:00Z,46,1.927,,,Provisional/Provisoire,,
05EA002,2026-08-05T02:10:00Z,46,1.924,,,Provisional/Provisoire,,
05EA002,2026-08-05T02:15:00Z,46,1.925,,,Provisional/Provisoire,,
05EA002,2026-08-05T02:20:00Z,46,1.925,,,Provisional/Provisoire,,
05EA002,2026-08-05T02:25:00Z,46,1.927,,,Provisional/Provisoire,,
05EA002,2026-08-05T02:30:00Z,46,1.930,,,Provisional/Provisoire,,
05EA002,2026-08-05T02:35:00Z,46,1.931,,,Provisional/Provisoire,,
05EA002,2026-08-05T02:40:00Z,46,1.932,,,Provisional/Provisoire,,
05EA002,2026-08-05T02:45:00Z,46,1.934,,,Provisional/Provisoire,,
05EA002,2026-08-05T02:50:00Z,46,1.933,,,Provisional/Provisoire,,
05EA002,2026-08-05T02:55:00Z,46,1.933,,,Provisional/Provisoire,,
05EA002,2026-08-05T03:00:00Z,46,1.932,,,Provisional/Provisoire,,
05EA002,2026-08-05T03:05:00Z,46,1.931,,,Provisional/Provisoire,,
05EA002,2026-08-05T03:10:00Z,46,1.931,,,Provisional/Provisoire,,
05EA002,2026-08-05T03:15:00Z,46,1.932,,,Provisional/Provisoire,,
05EA002,2026-08-05T03:20:00Z,46,1.932,,,Provisional/Provisoire,,
05EA002,2026-08-05T03:25:00Z,46,1.931,,,Provisional/Provisoire,,
05EA002,2026-08-05T03:30:00Z,46,1.930,,,Provisional/Provisoire,,
05EA002,2026-08-05T03:35:00Z,46,1.931,,,Provisional/Provisoire,,
05EA002,2026-08-05T03:40:00Z,46,1.929,,,Provisional/Provisoire,,
05EA002,2026-08-05T03:45:00Z,46,1.930,,,Provisional/Provisoire,,
05EA002,2026-08-05T03:50:00Z,46,1.931,,,Provisional/Provisoire,,
05EA002,2026-08-05T03:55:00Z,46,1.930,,,Provisional/Provisoire,,
05EA002,2026-08-05T04:00:00Z,46,1.932,,,Provisional/Provisoire,,
05EA002,2026-08-05T04:05:00Z,46,1.933,,,Provisional/Provisoire,,
05EA002,2026-08-05T04:10:00Z,46,1.933,,,Provisional/Provisoire,,
05EA002,2026-08-05T04:15:00Z,46,1.933,,,Provisional/Provisoire,,
05EA002,2026-08-05T04:20:00Z,46,1.933,,,Provisional/Provisoire,,
05EA002,2026-08-05T04:25:00Z,46,1.934,,,Provisional/Provisoire,,
05EA002,2026-08-05T04:30:00Z,46,1.935,,,Provisional/Provisoire,,
05EA002,2026-08-05T04:35:00Z,46,1.937,,,Provisional/Provisoire,,
05EA002,2026-08-05T04:40:00Z,46,1.939,,,Provisional/Provisoire,,
05EA002,2026-08-05T04:45:00Z,46,1.947,,,Provisional/Provisoire,,
05EA002,2026-08-05T04:50:00Z,46,1.949,,,Provisional/Provisoire,,
05EA002,2026-08-05T04:55:00Z,46,1.952,,,Provisional/Provisoire,,
05EA002,2026-08-05T05:00:00Z,46,1.953,,,Provisional/Provisoire,,
05EA002,2026-08-05T05:05:00Z,46,1.953,,,Provisional/Provisoire,,
05EA002,2026-08-05T05:10:00Z,46,1.957,,,Provisional/Provisoire,,
05EA002,2026-08-05T05:15:00Z,46,1.958,,,Provisional/Provisoire,,
05EA002,2026-08-05T05:20:00Z,46,1.957,,,Provisional/Provisoire,,
05EA002,2026-08-05T05:25:00Z,46,1.958,,,Provisional/Provisoire,,
05EA002,2026-08-05T05:30:00Z,46,1.959,,,Provisional/Provisoire,,
05EA002,2026-08-05T05:35:00Z,46,1.957,,,Provisional/Provisoire,,
05EA002,2026-08-05T05:40:00Z,46,1.956,,,Provisional/Provisoire,,
05EA002,2026-08-05T05:45:00Z,46,1.954,,,Provisional/Provisoire,,
05EA002,2026-08-05T05:50:00Z,46,1.953,,,Provisional/Provisoire,,
05EA002,2026-08-05T05:55:00Z,46,1.951,,,Provisional/Provisoire,,
05EA002,2026-08-05T06:00:00Z,46,1.948,,,Provisional/Provisoire,,
05EA002,2026-08-05T06:05:00Z,46,1.948,,,Provisional/Provisoire,,
05EA002,2026-08-05T06:10:00Z,46,1.946,,,Provisional/Provisoire,,
05EA002,2026-08-05T06:15:00Z,46,1.944,,,Provisional/Provisoire,,
05EA002,2026-08-05T06:20:00Z,46,1.945,,,Provisional/Provisoire,,
05EA002,2026-08-05T06:25:00Z,46,1.942,,,Provisional/Provisoire,,
05EA002,2026-08-05T06:30:00Z,46,1.944,,,Provisional/Provisoire,,
05EA002,2026-08-05T06:35:00Z,46,1.943,,,Provisional/Provisoire,,
05EA002,2026-08-05T06:40:00Z,46,1.944,,,Provisional/Provisoire,,
05EA002,2026-08-05T06:45:00Z,46,1.943,,,Provisional/Provisoire,,
05EA002,2026-08-05T06:50:00Z,46,1.942,,,Provisional/Provisoire,,
05EA002,2026-08-05T06:55:00Z,46,1.943,,,Provisional/Provisoire,,
05EA002,2026-08-05T07:00:00Z,46,1.940,,,Provisional/Provisoire,,
05EA002,2026-08-05T07:05:00Z,46,1.940,,,Provisional/Provisoire,,
05EA002,2026-08-05T07:10:00Z,46,1.940,,,Provisional/Provisoire,,
05EA002,2026-08-05T07:15:00Z,46,1.941,,,Provisional/Provisoire,,
05EA002,2026-08-05T07:20:00Z,46,1.943,,,Provisional/Provisoire,,
05EA002,2026-08-05T07:25:00Z,46,1.941,,,Provisional/Provisoire,,
05EA002,2026-08-05T07:30:00Z,46,1.942,,,Provisional/Provisoire,,
05EA002,2026-08-05T07:35:00Z,46,1.943,,,Provisional/Provisoire,,
05EA002,2026-08-05T07:40:00Z,46,1.941,,,Provisional/Provisoire,,
05EA002,2026-08-05T07:45:00Z,46,1.940,,,Provisional/Provisoire,,
05EA002,2026-08-05T07:50:00Z,46,1.941,,,Provisional/Provisoire,,
05EA002,2026-08-05T07:55:00Z,46,1.942,,,Provisional/Provisoire,,
05EA002,2026-08-05T08:00:00Z,46,1.940,,,Provisional/Provisoire,,
05EA002,2026-08-05T08:05:00Z,46,1.940,,,Provisional/Provisoire,,
05EA002,2026-08-05T08:10:00Z,46,1.940,,,Provisional/Provisoire,,
05EA002,2026-08-05T08:15:00Z,46,1.940,,,Provisional/Provisoire,,
05EA002,2026-08-05T08:20:00Z,46,1.940,,,Provisional/Provisoire,,
05EA002,2026-08-05T08:25:00Z,46,1.939,,,Provisional/Provisoire,,
05EA002,2026-08-05T08:30:00Z,46,1.939,,,Provisional/Provisoire,,
05EA002,2026-08-05T08:35:00Z,46,1.940,,,Provisional/Provisoire,,
05EA002,2026-08-05T08:40:00Z,46,1.938,,,Provisional/Provisoire,,
05EA002,2026-08-05T08:45:00Z,46,1.937,,,Provisional/Provisoire,,
05EA002,2026-08-05T08:50:00Z,46,1.937,,,Provisional/Provisoire,,
05EA002,2026-08-05T08:55:00Z,46,1.937,,,Provisional/Provisoire,,
05EA002,2026-08-05T09:00:00Z,46,1.937,,,Provisional/Provisoire,,
05EA002,2026-08-05T09:05:00Z,46,1.936,,,Provisional/Provisoire,,
05EA002,2026-08-05T09:10:00Z,46,1.936,,,Provisional/Provisoire,,
05EA002,2026-08-05T09:15:00Z,46,1.936,,,Provisional/Provisoire,,
05EA002,2026-08-05T09:20:00Z,46,1.935,,,Provisional/Provisoire,,
05EA002,2026-08-05T09:25:00Z,46,1.930,,,Provisional/Provisoire,,
05EA002,2026-08-05T09:30:00Z,46,1.935,,,Provisional/Provisoire,,
05EA002,2026-08-05T09:35:00Z,46,1.934,,,Provisional/Provisoire,,
05EA002,2026-08-05T09:40:00Z,46,1.933,,,Provisional/Provisoire,,
05EA002,2026-08-05T09:45:00Z,46,1.933,,,Provisional/Provisoire,,
05EA002,2026-08-05T09:50:00Z,46,1.932,,,Provisional/Provisoire,,
05EA002,2026-08-05T09:55:00Z,46,1.930,,,Provisional/Provisoire,,
05EA002,2026-08-05T10:00:00Z,46,1.930,,,Provisional/Provisoire,,
05EA002,2026-08-05T10:05:00Z,46,1.930,,,Provisional/Provisoire,,
05EA002,2026-08-05T10:10:00Z,46,1.929,,,Provisional/Provisoire,,
05EA002,2026-08-05T10:15:00Z,46,1.928,,,Provisional/Provisoire,,
05EA002,2026-08-05T10:20:00Z,46,1.928,,,Provisional/Provisoire,,
05EA002,2026-08-05T10:25:00Z,46,1.927,,,Provisional/Provisoire,,
05EA002,2026-08-05T10:30:00Z,46,1.926,,,Provisional/Provisoire,,
05EA002,2026-08-05T10:35:00Z,46,1.926,,,Provisional/Provisoire,,
05EA002,2026-08-05T10:40:00Z,46,1.926,,,Provisional/Provisoire,,
05EA002,2026-08-05T10:45:00Z,46,1.926,,,Provisional/Provisoire,,
05EA002,2026-08-05T10:50:00Z,46,1.926,,,Provisional/Provisoire,,
05EA002,2026-08-05T10:55:00Z,46,1.927,,,Provisional/Provisoire,,
05EA002,2026-08-05T11:00:00Z,46,1.928,,,Provisional/Provisoire,,
05EA002,2026-08-05T11:05:00Z,46,1.927,,,Provisional/Provisoire,,
05EA002,2026-08-05T11:10:00Z,46,1.928,,,Provisional/Provisoire,,
05EA002,2026-08-05T11:15:00Z,46,1.926,,,Provisional/Provisoire,,
05EA002,2026-08-05T11:20:00Z,46,1.925,,,Provisional/Provisoire,,
05EA002,2026-08-05T11:25:00Z,46,1.925,,,Provisional/Provisoire,,
05EA002,2026-08-05T11:30:00Z,46,1.924,,,Provisional/Provisoire,,
05EA002,2026-08-05T11:35:00Z,46,1.923,,,Provisional/Provisoire,,
05EA002,2026-08-05T11:40:00Z,46,1.924,,,Provisional/Provisoire,,
05EA002,2026-08-05T11:45:00Z,46,1.924,,,Provisional/Provisoire,,
05EA002,2026-08-05T11:50:00Z,46,1.924,,,Provisional/Provisoire,,
05EA002,2026-08-05T11:55:00Z,46,1.924,,,Provisional/Provisoire,,
05EA002,2026-08-05T12:00:00Z,46,1.923,,,Provisional/Provisoire,,
05EA002,2026-08-05T12:05:00Z,46,1.923,,,Provisional/Provisoire,,
05EA002,2026-08-05T12:10:00Z,46,1.923,,,Provisional/Provisoire,,
05EA002,2026-08-05T12:15:00Z,46,1.923,,,Provisional/Provisoire,,
05EA002,2026-08-05T12:20:00Z,46,1.923,,,Provisional/Provisoire,,
05EA002,2026-08-05T12:25:00Z,46,1.922,,,Provisional/Provisoire,,
05EA002,2026-08-05T12:30:00Z,46,1.922,,,Provisional/Provisoire,,
05EA002,2026-08-05T12:35:00Z,46,1.922,,,Provisional/Provisoire,,
05EA002,2026-08-05T12:40:00Z,46,1.922,,,Provisional/Provisoire,,
05EA002,2026-08-05T12:45:00Z,46,1.921,,,Provisional/Provisoire,,
05EA002,2026-08-05T12:50:00Z,46,1.920,,,Provisional/Provisoire,,
05EA002,2026-08-05T12:55:00Z,46,1.920,,,Provisional/Provisoire,,
05EA002,2026-08-05T13:00:00Z,46,1.920,,,Provisional/Provisoire,,
05EA002,2026-08-05T13:05:00Z,46,1.919,,,Provisional/Provisoire,,
05EA002,2026-08-05T13:10:00Z,46,1.920,,,Provisional/Provisoire,,
05EA002,2026-08-05T13:15:00Z,46,1.920,,,Provisional/Provisoire,,
05EA002,2026-08-05T13:20:00Z,46,1.919,,,Provisional/Provisoire,,
05EA002,2026-08-05T13:25:00Z,46,1.917,,,Provisional/Provisoire,,
05EA002,2026-08-05T13:30:00Z,46,1.917,,,Provisional/Provisoire,,
05EA002,2026-08-05T13:35:00Z,46,1.918,,,Provisional/Provisoire,,
05EA002,2026-08-05T13:40:00Z,46,1.917,,,Provisional/Provisoire,,
05EA002,2026-08-05T13:45:00Z,46,1.916,,,Provisional/Provisoire,,
05EA002,2026-08-05T13:50:00Z,46,1.917,,,Provisional/Provisoire,,
05EA002,2026-08-05T13:55:00Z,46,1.917,,,Provisional/Provisoire,,
05EA002,2026-08-05T14:00:00Z,46,1.917,,,Provisional/Provisoire,,
05EA002,2026-08-05T14:05:00Z,46,1.916,,,Provisional/Provisoire,,
05EA002,2026-08-05T14:10:00Z,46,1.917,,,Provisional/Provisoire,,
05EA002,2026-08-05T14:15:00Z,46,1.919,,,Provisional/Provisoire,,
05EA002,2026-08-05T14:20:00Z,46,1.917,,,Provisional/Provisoire,,
05EA002,2026-08-05T14:25:00Z,46,1.917,,,Provisional/Provisoire,,
05EA002,2026-08-05T14:30:00Z,46,1.917,,,Provisional/Provisoire,,
05EA002,2026-08-05T14:35:00Z,46,1.917,,,Provisional/Provisoire,,
05EA002,2026-08-05T14:40:00Z,46,1.915,,,Provisional/Provisoire,,
05EA002,2026-08-05T14:45:00Z,46,1.917,,,Provisional/Provisoire,,
05EA002,2026-08-05T14:50:00Z,46,1.917,,,Provisional/Provisoire,,
05EA002,2026-08-05T14:55:00Z,46,1.916,,,Provisional/Provisoire,,
05EA002,2026-08-05T15:00:00Z,46,1.917,,,Provisional/Provisoire,,
05EA002,2026-08-05T15:05:00Z,46,1.915,,,Provisional/Provisoire,,
05EA002,2026-08-05T15:10:00Z,46,1.917,,,Provisional/Provisoire,,
05EA002,2026-08-05T15:15:00Z,46,1.915,,,Provisional/Provisoire,,
05EA002,2026-08-05T15:20:00Z,46,1.916,,,Provisional/Provisoire,,
05EA002,2026-08-05T15:25:00Z,46,1.917,,,Provisional/Provisoire,,
05EA002,2026-08-05T15:30:00Z,46,1.916,,,Provisional/Provisoire,,
05EA002,2026-08-05T15:35:00Z,46,1.917,,,Provisional/Provisoire,,
05EA002,2026-08-05T15:40:00Z,46,1.915,,,Provisional/Provisoire,,
05EA002,2026-08-05T15:45:00Z,46,1.916,,,Provisional/Provisoire,,
05EA002,2026-08-05T15:50:00Z,46,1.917,,,Provisional/Provisoire,,
05EA002,2026-08-05T15:55:00Z,46,1.915,,,Provisional/Provisoire,,
05EA002,2026-08-05T16:00:00Z,46,1.915,,,Provisional/Provisoire,,
05EA002,2026-08-05T16:05:00Z,46,1.916,,,Provisional/Provisoire,,
05EA002,2026-08-05T16:10:00Z,46,1.918,,,Provisional/Provisoire,,
05EA002,2026-08-05T16:15:00Z,46,1.916,,,Provisional/Provisoire,,
05EA002,2026-08-05T16:20:00Z,46,1.916,,,Provisional/Provisoire,,
05EA002,2026-08-05T16:25:00Z,46,1.916,,,Provisional/Provisoire,,
05EA002,2026-08-05T16:30:00Z,46,1.918,,,Provisional/Provisoire,,
05EA002,2026-08-05T16:35:00Z,46,1.917,,,Provisional/Provisoire,,
05EA002,2026-08-05T16:40:00Z,46,1.917,,,Provisional/Provisoire,,
05EA002,2026-08-05T16:45:00Z,46,1.916,,,Provisional/Provisoire,,
05EA002,2026-08-05T16:50:00Z,46,1.916,,,Provisional/Provisoire,,
05EA002,2026-08-05T16:55:00Z,46,1.918,,,Provisional/Provisoire,,
05EA002,2026-08-05T17:00:00Z,46,1.917,,,Provisional/Provisoire,,
05EA002,2026-08-05T17:05:00Z,46,1.916,,,Provisional/Provisoire,,
05EA002,2026-08-05T17:10:00Z,46,1.916,,,Provisional/Provisoire,,
05EA002,2026-08-05T17:15:00Z,46,1.916,,,Provisional/Provisoire,,
05EA002,2026-08-05T17:20:00Z,46,1.915,,,Provisional/Provisoire,,
05EA002,2026-08-05T17:25:00Z,46,1.915,,,Provisional/Provisoire,,
05EA002,2026-08-05T17:30:00Z,46,1.915,,,Provisional/Provisoire,,
05EA002,2026-08-05T17:35:00Z,46,1.914,,,Provisional/Provisoire,,
05EA002,2026-08-05T17:40:00Z,46,1.915,,,Provisional/Provisoire,,
05EA002,2026-08-05T17:45:00Z,46,1.914,,,Provisional/Provisoire,,
05EA002,2026-08-05T17:50:00Z,46,1.916,,,Provisional/Provisoire,,
05EA002,2026-08-05T17:55:00Z,46,1.914,,,Provisional/Provisoire,,
05EA002,2026-08-05T18:00:00Z,46,1.914,,,Provisional/Provisoire,,
05EA002,2026-08-05T18:05:00Z,46,1.914,,,Provisional/Provisoire,,
05EA002,2026-08-05T18:10:00Z,46,1.915,,,Provisional/Provisoire,,
05EA002,2026-08-05T18:15:00Z,46,1.913,,,Provisional/Provisoire,,
05EA002,2026-08-05T18:20:00Z,46,1.914,,,Provisional/Provisoire,,
05EA002,2026-08-05T18:25:00Z,46,1.914,,,Provisional/Provisoire,,
05EA002,2026-08-05T18:30:00Z,46,1.915,,,Provisional/Provisoire,,
05EA002,2026-08-05T18:35:00Z,46,1.914,,,Provisional/Provisoire,,
05EA002,2026-08-05T18:40:00Z,46,1.913,,,Provisional/Provisoire,,
05EA002,2026-08-05T18:45:00Z,46,1.913,,,Provisional/Provisoire,,
05EA002,2026-08-05T18:50:00Z,46,1.913,,,Provisional/Provisoire,,
05EA002,2026-08-05T18:55:00Z,46,1.914,,,Provisional/Provisoire,,
05EA002,2026-08-05T19:00:00Z,46,1.915,,,Provisional/Provisoire,,
05EA002,2026-08-05T19:05:00Z,46,1.914,,,Provisional/Provisoire,,
05EA002,2026-08-05T19:10:00Z,46,1.915,,,Provisional/Provisoire,,
05EA002,2026-08-05T19:15:00Z,46,1.917,,,Provisional/Provisoire,,
05EA002,2026-08-05T19:20:00Z,46,1.913,,,Provisional/Provisoire,,
05EA002,2026-08-05T19:25:00Z,46,1.916,,,Provisional/Provisoire,,
05EA002,2026-08-05T19:30:00Z,46,1.913,,,Provisional/Provisoire,,
05EA002,2026-08-05T19:35:00Z,46,1.916,,,Provisional/Provisoire,,
05EA002,2026-08-05T19:40:00Z,46,1.913,,,Provisional/Provisoire,,
05EA002,2026-08-05T19:45:00Z,46,1.913,,,Provisional/Provisoire,,
05EA002,2026-08-05T19:50:00Z,46,1.915,,,Provisional/Provisoire,,
05EA002,2026-08-05T19:55:00Z,46,1.912,,,Provisional/Provisoire,,
05EA002,2026-08-05T20:00:00Z,46,1.912,,,Provisional/Provisoire,,
05EA002,2026-08-05T20:05:00Z,46,1.914,,,Provisional/Provisoire,,
05EA002,2026-08-05T20:10:00Z,46,1.914,,,Provisional/Provisoire,,
05EA002,2026-08-05T20:15:00Z,46,1.915,,,Provisional/Provisoire,,
05EA002,2026-08-05T20:20:00Z,46,1.914,,,Provisional/Provisoire,,
05EA002,2026-08-05T20:25:00Z,46,1.915,,,Provisional/Provisoire,,
05EA002,2026-08-05T20:30:00Z,46,1.913,,,Provisional/Provisoire,,
05EA002,2026-08-05T20:35:00Z,46,1.911,,,Provisional/Provisoire,,
05EA002,2026-08-05T20:40:00Z,46,1.913,,,Provisional/Provisoire,,
05EA002,2026-08-05T20:45:00Z,46,1.912,,,Provisional/Provisoire,,
05EA002,2026-08-05T20:50:00Z,46,1.913,,,Provisional/Provisoire,,
05EA002,2026-08-05T20:55:00Z,46,1.912,,,Provisional/Provisoire,,
05EA002,2026-08-05T21:00:00Z,46,1.912,,,Provisional/Provisoire,,
05EA002,2026-08-05T21:05:00Z,46,1.912,,,Provisional/Provisoire,,
05EA002,2026-08-05T21:10:00Z,46,1.910,,,Provisional/Provisoire,,
05EA002,2026-08-05T21:15:00Z,46,1.910,,,Provisional/Provisoire,,
05EA002,2026-08-05T21:20:00Z,46,1.910,,,Provisional/Provisoire,,
05EA002,2026-08-05T21:25:00Z,46,1.910,,,Provisional/Provisoire,,
05EA002,2026-08-05T21:30:00Z,46,1.907,,,Provisional/Provisoire,,
05EA002,2026-08-05T21:35:00Z,46,1.908,,,Provisional/Provisoire,,
05EA002,2026-08-05T21:40:00Z,46,1.907,,,Provisional/Provisoire,,
05EA002,2026-08-05T21:45:00Z,46,1.907,,,Provisional/Provisoire,,
05EA002,2026-08-05T21:50:00Z,46,1.909,,,Provisional/Provisoire,,
05EA002,2026-08-05T21:55:00Z,46,1.909,,,Provisional/Provisoire,,
05EA002,2026-08-05T22:00:00Z,46,1.906,,,Provisional/Provisoire,,
05EA002,2026-08-05T22:05:00Z,46,1.906,,,Provisional/Provisoire,,
05EA002,2026-08-05T22:10:00Z,46,1.910,,,Provisional/Provisoire,,
05EA002,2026-08-05T22:15:00Z,46,1.907,,,Provisional/Provisoire,,
05EA002,2026-08-05T22:20:00Z,46,1.908,,,Provisional/Provisoire,,
05EA002,2026-08-05T22:25:00Z,46,1.907,,,Provisional/Provisoire,,
05EA002,2026-08-05T22:30:00Z,46,1.905,,,Provisional/Provisoire,,
05EA002,2026-08-05T22:35:00Z,46,1.905,,,Provisional/Provisoire,,
05EA002,2026-08-05T22:40:00Z,46,1.906,,,Provisional/Provisoire,,
05EA002,2026-08-05T22:45:00Z,46,1.907,,,Provisional/Provisoire,,
05EA002,2026-08-05T22:50:00Z,46,1.905,,,Provisional/Provisoire,,
05EA002,2026-08-05T22:55:00Z,46,1.903,,,Provisional/Provisoire,,
05EA002,2026-08-05T23:00:00Z,46,1.904,,,Provisional/Provisoire,,
05EA002,2026-08-05T23:05:00Z,46,1.905,,,Provisional/Provisoire,,
05EA002,2026-08-05T23:10:00Z,46,1.905,,,Provisional/Provisoire,,
05EA002,2026-08-05T23:15:00Z,46,1.906,,,Provisional/Provisoire,,
05EA002,2026-08-05T23:20:00Z,46,1.904,,,Provisional/Provisoire,,
05EA002,2026-08-05T23:25:00Z,46,1.903,,,Provisional/Provisoire,,
05EA002,2026-08-05T23:30:00Z,46,1.901,,,Provisional/Provisoire,,
05EA002,2026-08-05T23:35:00Z,46,1.903,,,Provisional/Provisoire,,
05EA002,2026-08-05T23:40:00Z,46,1.902,,,Provisional/Provisoire,,
05EA002,2026-08-05T23:45:00Z,46,1.903,,,Provisional/Provisoire,,
05EA002,2026-08-05T23:50:00Z,46,1.902,,,Provisional/Provisoire,,
05EA002,2026-08-05T23:55:00Z,46,1.904,,,Provisional/Provisoire,,
05EA002,2026-08-06T00:00:00Z,46,1.904,,,Provisional/Provisoire,,
05EA002,2026-08-06T00:05:00Z,46,1.905,,,Provisional/Provisoire,,
05EA002,2026-08-06T00:10:00Z,46,1.904,,,Provisional/Provisoire,,
05EA002,2026-08-06T00:15:00Z,46,1.907,,,Provisional/Provisoire,,
05EA002,2026-08-06T00:20:00Z,46,1.906,,,Provisional/Provisoire,,
05EA002,2026-08-06T00:25:00Z,46,1.906,,,Provisional/Provisoire,,
05EA002,2026-08-06T00:30:00Z,46,1.905,,,Provisional/Provisoire,,
05EA002,2026-08-06T00:35:00Z,46,1.906,,,Provisional/Provisoire,,
05EA002,2026-08-06T00:40:00Z,46,1.905,,,Provisional/Provisoire,,
05EA002,2026-08-06T00:45:00Z,46,1.905,,,Provisional/Provisoire,,
05EA002,2026-08-06T00:50:00Z,46,1.906,,,Provisional/Provisoire,,
05EA002,2026-08-06T00:55:00Z,46,1.905,,,Provisional/Provisoire,,
05EA002,2026-08-06T01:00:00Z,46,1.903,,,Provisional/Provisoire,,
05EA002,2026-08-06T01:05:00Z,46,1.905,,,Provisional/Provisoire,,
05EA002,2026-08-06T01:10:00Z,46,1.905,,,Provisional/Provisoire,,
05EA002,2026-08-06T01:15:00Z,46,1.904,,,Provisional/Provisoire,,
05EA002,2026-08-06T01:20:00Z,46,1.903,,,Provisional/Provisoire,,
05EA002,2026-08-06T01:25:00Z,46,1.903,,,Provisional/Provisoire,,
05EA002,2026-08-06T01:30:00Z,46,1.902,,,Provisional/Provisoire,,
05EA002,2026-08-06T01:35:00Z,46,1.902,,,Provisional/Provisoire,,
05EA002,2026-08-06T01:40:00Z,46,1.901,,,Provisional/Provisoire,,
05EA002,2026-08-06T01:45:00Z,46,1.901,,,Provisional/Provisoire,,
05EA002,2026-08-06T01:50:00Z,46,1.899,,,Provisional/Provisoire,,
05EA002,2026-08-06T01:55:00Z,46,1.898,,,Provisional/Provisoire,,
05EA002,2026-08-06T02:00:00Z,46,1.899,,,Provisional/Provisoire,,
05EA002,2026-08-06T02:05:00Z,46,1.900,,,Provisional/Provisoire,,
05EA002,2026-08-06T02:10:00Z,46,1.897,,,Provisional/Provisoire,,
05EA002,2026-08-06T02:15:00Z,46,1.898,,,Provisional/Provisoire,,
05EA002,2026-08-06T02:20:00Z,46,1.898,,,Provisional/Provisoire,,
05EA002,2026-08-06T02:25:00Z,46,1.897,,,Provisional/Provisoire,,
05EA002,2026-08-06T02:30:00Z,46,1.898,,,Provisional/Provisoire,,
05EA002,2026-08-06T02:35:00Z,46,1.897,,,Provisional/Provisoire,,
05EA002,2026-08-06T02:40:00Z,46,1.896,,,Provisional/Provisoire,,
05EA002,2026-08-06T02:45:00Z,46,1.895,,,Provisional/Provisoire,,
05EA002,2026-08-06T02:50:00Z,46,1.897,,,Provisional/Provisoire,,
05EA002,2026-08-06T02:55:00Z,46,1.896,,,Provisional/Provisoire,,
05EA002,2026-08-06T03:00:00Z,46,1.896,,,Provisional/Provisoire,,
05EA002,2026-08-06T03:05:00Z,46,1.895,,,Provisional/Provisoire,,
05EA002,2026-08-06T03:10:00Z,46,1.895,,,Provisional/Provisoire,,
05EA002,2026-08-06T03:15:00Z,46,1.896,,,Provisional/Provisoire,,
05EA002,2026-08-06T03:20:00Z,46,1.896,,,Provisional/Provisoire,,
05EA002,2026-08-06T03:25:00Z,46,1.896,,,Provisional/Provisoire,,
05EA002,2026-08-06T03:30:00Z,46,1.896,,,Provisional/Provisoire,,
05EA002,2026-08-06T03:35:00Z,46,1.895,,,Provisional/Provisoire,,
05EA002,2026-08-06T03:40:00Z,46,1.897,,,Provisional/Provisoire,,
05EA002,2026-08-06T03:45:00Z,46,1.896,,,Provisional/Provisoire,,
05EA002,2026-08-06T03:50:00Z,46,1.897,,,Provisional/Provisoire,,
05EA002,2026-08-06T03:55:00Z,46,1.895,,,Provisional/Provisoire,,
05EA002,2026-08-06T04:00:00Z,46,1.896,,,Provisional/Provisoire,,
05EA002,2026-08-06T04:05:00Z,46,1.896,,,Provisional/Provisoire,,
05EA002,2026-08-06T04:10:00Z,46,1.896,,,Provisional/Provisoire,,
05EA002,2026-08-06T04:15:00Z,46,1.897,,,Provisional/Provisoire,,
05EA002,2026-08-06T04:20:00Z,46,1.896,,,Provisional/Provisoire,,
05EA002,2026-08-06T04:25:00Z,46,1.897,,,Provisional/Provisoire,,
05EA002,2026-08-06T04:30:00Z,46,1.897,,,Provisional/Provisoire,,
05EA002,2026-08-06T04:35:00Z,46,1.896,,,Provisional/Provisoire,,
05EA002,2026-08-06T04:40:00Z,46,1.896,,,Provisional/Provisoire,,
05EA002,2026-08-06T04:45:00Z,46,1.896,,,Provisional/Provisoire,,
05EA002,2026-08-06T04:50:00Z,46,1.895,,,Provisional/Provisoire,,
05EA002,2026-08-06T04:55:00Z,46,1.897,,,Provisional/Provisoire,,
05EA002,2026-08-06T05:00:00Z,46,1.898,,,Provisional/Provisoire,,
05EA002,2026-08-06T05:05:00Z,46,1.899,,,Provisional/Provisoire,,
05EA002,2026-08-06T05:10:00Z,46,1.900,,,Provisional/Provisoire,,
05EA002,2026-08-06T05:15:00Z,46,1.899,,,Provisional/Provisoire,,
05EA002,2026-08-06T05:20:00Z,46,1.900,,,Provisional/Provisoire,,
05EA002,2026-08-06T05:25:00Z,46,1.901,,,Provisional/Provisoire,,
05EA002,2026-08-06T05:30:00Z,46,1.901,,,Provisional/Provisoire,,
05EA002,2026-08-06T05:35:00Z,46,1.901,,,Provisional/Provisoire,,
05EA002,2026-08-06T05:40:00Z,46,1.902,,,Provisional/Provisoire,,
05EA002,2026-08-06T05:45:00Z,46,1.902,,,Provisional/Provisoire,,
05EA002,2026-08-06T05:50:00Z,46,1.902,,,Provisional/Provisoire,,
05EA002,2026-08-06T05:55:00Z,46,1.901,,,Provisional/Provisoire,,
05EA002,2026-08-06T06:00:00Z,46,1.900,,,Provisional/Provisoire,,
05EA002,2026-08-06T06:05:00Z,46,1.902,,,Provisional/Provisoire,,
05EA002,2026-08-06T06:10:00Z,46,1.902,,,Provisional/Provisoire,,
05EA002,2026-08-06T06:15:00Z,46,1.898,,,Provisional/Provisoire,,
05EA002,2026-08-06T06:20:00Z,46,1.901,,,Provisional/Provisoire,,
05EA002,2026-08-06T06:25:00Z,46,1.892,,,Provisional/Provisoire,,
05EA002,2026-08-06T06:30:00Z,46,1.885,,,Provisional/Provisoire,,
05EA002,2026-08-06T06:35:00Z,46,1.884,,,Provisional/Provisoire,,
05EA002,2026-08-06T06:40:00Z,46,1.887,,,Provisional/Provisoire,,
05EA002,2026-08-06T06:45:00Z,46,1.887,,,Provisional/Provisoire,,
05EA002,2026-08-06T06:50:00Z,46,1.886,,,Provisional/Provisoire,,
05EA002,2026-08-06T06:55:00Z,46,1.884,,,Provisional/Provisoire,,
05EA002,2026-08-06T07:00:00Z,46,1.885,,,Provisional/Provisoire,,
05EA002,2026-08-06T07:05:00Z,46,1.880,,,Provisional/Provisoire,,
05EA002,2026-08-06T07:10:00Z,46,1.878,,,Provisional/Provisoire,,
05EA002,2026-08-06T07:15:00Z,46,1.879,,,Provisional/Provisoire,,
05EA002,2026-08-06T07:20:00Z,46,1.879,,,Provisional/Provisoire,,
05EA002,2026-08-06T07:25:00Z,46,1.879,,,Provisional/Provisoire,,
05EA002,2026-08-06T07:30:00Z,46,1.880,,,Provisional/Provisoire,,
05EA002,2026-08-06T07:35:00Z,46,1.879,,,Provisional/Provisoire,,
05EA002,2026-08-06T07:40:00Z,46,1.880,,,Provisional/Provisoire,,
05EA002,2026-08-06T07:45:00Z,46,1.880,,,Provisional/Provisoire,,
05EA002,2026-08-06T07:50:00Z,46,1.880,,,Provisional/Provisoire,,
05EA002,2026-08-06T07:55:00Z,46,1.878,,,Provisional/Provisoire,,
05EA002,2026-08-06T08:00:00Z,46,1.878,,,Provisional/Provisoire,,
05EA002,2026-08-06T08:05:00Z,46,1.879,,,Provisional/Provisoire,,
05EA002,2026-08-06T08:10:00Z,46,1.879,,,Provisional/Provisoire,,
05EA002,2026-08-06T08:15:00Z,46,1.879,,,Provisional/Provisoire,,
05EA002,2026-08-06T08:20:00Z,46,1.881,,,Provisional/Provisoire,,
05EA002,2026-08-06T08:25:00Z,46,1.882,,,Provisional/Provisoire,,
05EA002,2026-08-06T08:30:00Z,46,1.884,,,Provisional/Provisoire,,
05EA002,2026-08-06T08:35:00Z,46,1.885,,,Provisional/Provisoire,,
05EA002,2026-08-06T08:40:00Z,46,1.886,,,Provisional/Provisoire,,
05EA002,2026-08-06T08:45:00Z,46,1.886,,,Provisional/Provisoire,,
05EA002,2026-08-06T08:50:00Z,46,1.888,,,Provisional/Provisoire,,
05EA002,2026-08-06T08:55:00Z,46,1.884,,,Provisional/Provisoire,,
05EA002,2026-08-06T09:00:00Z,46,1.887,,,Provisional/Provisoire,,
05EA002,2026-08-06T09:05:00Z,46,1.888,,,Provisional/Provisoire,,
05EA002,2026-08-06T09:10:00Z,46,1.888,,,Provisional/Provisoire,,
05EA002,2026-08-06T09:15:00Z,46,1.888,,,Provisional/Provisoire,,
05EA002,2026-08-06T09:20:00Z,46,1.887,,,Provisional/Provisoire,,
05EA002,2026-08-06T09:25:00Z,46,1.888,,,Provisional/Provisoire,,
05EA002,2026-08-06T09:30:00Z,46,1.889,,,Provisional/Provisoire,,
05EA002,2026-08-06T09:35:00Z,46,1.887,,,Provisional/Provisoire,,
05EA002,2026-08-06T09:40:00Z,46,1.886,,,Provisional/Provisoire,,
05EA002,2026-08-06T09:45:00Z,46,1.887,,,Provisional/Provisoire,,
05EA002,2026-08-06T09:50:00Z,46,1.886,,,Provisional/Provisoire,,
05EA002,2026-08-06T09:55:00Z,46,1.886,,,Provisional/Provisoire,,
05EA002,2026-08-06T10:00:00Z,46,1.885,,,Provisional/Provisoire,,
05EA002,2026-08-06T10:05:00Z,46,1.885,,,Provisional/Provisoire,,
05EA002,2026-08-06T10:10:00Z,46,1.887,,,Provisional/Provisoire,,
05EA002,2026-08-06T10:15:00Z,46,1.886,,,Provisional/Provisoire,,
05EA002,2026-08-06T10:20:00Z,46,1.885,,,Provisional/Provisoire,,
05EA002,2026-08-06T10:25:00Z,46,1.885,,,Provisional/Provisoire,,
05EA002,2026-08-06T10:30:00Z,46,1.886,,,Provisional/Provisoire,,
05EA002,2026-08-06T10:35:00Z,46,1.887,,,Provisional/Provisoire,,
05EA002,2026-08-06T10:40:00Z,46,1.886,,,Provisional/Provisoire,,
05EA002,2026-08-06T10:45:00Z,46,1.887,,,Provisional/Provisoire,,
05EA002,2026-08-06T10:50:00Z,46,1.885,,,Provisional/Provisoire,,
05EA002,2026-08-06T10:55:00Z,46,1.885,,,Provisional/Provisoire,,
05EA002,2026-08-06T11:00:00Z,46,1.885,,,Provisional/Provisoire,,
05EA002,2026-08-06T11:05:00Z,46,1.885,,,Provisional/Provisoire,,
05EA002,2026-08-06T11:10:00Z,46,1.885,,,Provisional/Provisoire,,
05EA002,2026-08-06T11:15:00Z,46,1.885,,,Provisional/Provisoire,,
05EA002,2026-08-06T11:20:00Z,46,1.884,,,Provisional/Provisoire,,
05EA002,2026-08-06T11:25:00Z,46,1.886,,,Provisional/Provisoire,,
05EA002,2026-08-06T11:30:00Z,46,1.885,,,Provisional/Provisoire,,
05EA002,2026-08-06T11:35:00Z,46,1.884,,,Provisional/Provisoire,,
05EA002,2026-08-06T11:40:00Z,46,1.883,,,Provisional/Provisoire,,
05EA002,2026-08-06T11:45:00Z,46,1.885,,,Provisional/Provisoire,,
05EA002,2026-08-06T11:50:00Z,46,1.883,,,Provisional/Provisoire,,
05EA002,2026-08-06T11:55:00Z,46,1.884,,,Provisional/Provisoire,,
05EA002,2026-08-06T12:00:00Z,46,1.883,,,Provisional/Provisoire,,
05EA002,2026-08-06T12:05:00Z,46,1.882,,,Provisional/Provisoire,,
05EA002,2026-08-06T12:10:00Z,46,1.881,,,Provisional/Provisoire,,
05EA002,2026-08-06T12:15:00Z,46,1.880,,,Provisional/Provisoire,,
05EA002,2026-08-06T12:20:00Z,46,1.878,,,Provisional/Provisoire,,
05EA002,2026-08-06T12:25:00Z,46,1.880,,,Provisional/Provisoire,,
05EA002,2026-08-06T12:30:00Z,46,1.879,,,Provisional/Provisoire,,
05EA002,2026-08-06T12:35:00Z,46,1.880,,,Provisional/Provisoire,,
05EA002,2026-08-06T12:40:00Z,46,1.878,,,Provisional/Provisoire,,
05EA002,2026-08-06T12:45:00Z,46,1.880,,,Provisional/Provisoire,,
05EA002,2026-08-06T12:50:00Z,46,1.881,,,Provisional/Provisoire,,
05EA002,2026-08-06T12:55:00Z,46,1.881,,,Provisional/Provisoire,,
05EA002,2026-08-06T13:00:00Z,46,1.879,,,Provisional/Provisoire,,
05EA002,2026-08-06T13:05:00Z,46,1.880,,,Provisional/Provisoire,,
05EA002,2026-08-06T13:10:00Z,46,1.879,,,Provisional/Provisoire,,
05EA002,2026-08-06T13:15:00Z,46,1.880,,,Provisional/Provisoire,,
05EA002,2026-08-06T13:20:00Z,46,1.879,,,Provisional/Provisoire,,
05EA002,2026-08-06T13:25:00Z,46,1.880,,,Provisional/Provisoire,,
05EA002,2026-08-06T13:30:00Z,46,1.880,,,Provisional/Provisoire,,
05EA002,2026-08-06T13:35:00Z,46,1.880,,,Provisional/Provisoire,,
05EA002,2026-08-06T13:40:00Z,46,1.880,,,Provisional/Provisoire,,
05EA002,2026-08-06T13:45:00Z,46,1.881,,,Provisional/Provisoire,,
05EA002,2026-08-06T13:50:00Z,46,1.880,,,Provisional/Provisoire,,
05EA002,2026-08-06T13:55:00Z,46,1.881,,,Provisional/Provisoire,,
05EA002,2026-08-06T14:00:00Z,46,1.880,,,Provisional/Provisoire,,
05EA002,2026-08-06T14:05:00Z,46,1.880,,,Provisional/Provisoire,,
05EA002,2026-08-06T14:10:00Z,46,1.880,,,Provisional/Provisoire,,
05EA002,2026-08-06T14:15:00Z,46,1.880,,,Provisional/Provisoire,,
05EA002,2026-08-06T14:20:00Z,46,1.880,,,Provisional/Provisoire,,
05EA002,2026-08-06T14:25:00Z,46,1.879,,,Provisional/Provisoire,,
05EA002,2026-08-06T14:30:00Z,46,1.880,,,Provisional/Provisoire,,
05EA002,2026-08-06T14:35:00Z,46,1.879,,,Provisional/Provisoire,,
05EA002,2026-08-06T14:40:00Z,46,1.879,,,Provisional/Provisoire,,
05EA002,2026-08-06T14:45:00Z,46,1.880,,,Provisional/Provisoire,,
05EA002,2026-08-06T14:50:00Z,46,1.879,,,Provisional/Provisoire,,
05EA002,2026-08-06T14:55:00Z,46,1.878,,,Provisional/Provisoire,,
05EA002,2026-08-06T15:00:00Z,46,1.876,,,Provisional/Provisoire,,
05EA002,2026-08-06T15:05:00Z,46,1.878,,,Provisional/Provisoire,,
05EA002,2026-08-06T15:10:00Z,46,1.876,,,Provisional/Provisoire,,
05EA002,2026-08-06T15:15:00Z,46,1.876,,,Provisional/Provisoire,,
05EA002,2026-08-06T15:20:00Z,46,1.875,,,Provisional/Provisoire,,
05EA002,2026-08-06T15:25:00Z,46,1.874,,,Provisional/Provisoire,,
05EA002,2026-08-06T15:30:00Z,46,1.875,,,Provisional/Provisoire,,
05EA002,2026-08-06T15:35:00Z,46,1.873,,,Provisional/Provisoire,,
05EA002,2026-08-06T15:40:00Z,46,1.874,,,Provisional/Provisoire,,
05EA002,2026-08-06T15:45:00Z,46,1.874,,,Provisional/Provisoire,,
05EA002,2026-08-06T15:50:00Z,46,1.870,,,Provisional/Provisoire,,
05EA002,2026-08-06T15:55:00Z,46,1.873,,,Provisional/Provisoire,,
05EA002,2026-08-06T16:00:00Z,46,1.872,,,Provisional/Provisoire,,
05EA002,2026-08-06T16:05:00Z,46,1.873,,,Provisional/Provisoire,,
05EA002,2026-08-06T16:10:00Z,46,1.872,,,Provisional/Provisoire,,
05EA002,2026-08-06T16:15:00Z,46,1.873,,,Provisional/Provisoire,,
05EA002,2026-08-06T16:20:00Z,46,1.871,,,Provisional/Provisoire,,
05EA002,2026-08-06T16:25:00Z,46,1.872,,,Provisional/Provisoire,,
05EA002,2026-08-06T16:30:00Z,46,1.871,,,Provisional/Provisoire,,
05EA002,2026-08-06T16:35:00Z,46,1.872,,,Provisional/Provisoire,,
05EA002,2026-08-06T16:40:00Z,46,1.874,,,Provisional/Provisoire,,
05EA002,2026-08-06T16:45:00Z,46,1.873,,,Provisional/Provisoire,,
05EA002,2026-08-06T16:50:00Z,46,1.871,,,Provisional/Provisoire,,
05EA002,2026-08-06T16:55:00Z,46,1.872,,,Provisional/Provisoire,,
05EA002,2026-08-06T17:00:00Z,46,1.874,,,Provisional/Provisoire,,
05EA002,2026-08-06T17:05:00Z,46,1.871,,,Provisional/Provisoire,,
05EA002,2026-08-06T17:10:00Z,46,1.872,,,Provisional/Provisoire,,
05EA002,2026-08-06T17:15:00Z,46,1.871,,,Provisional/Provisoire,,
05EA002,2026-08-06T17:20:00Z,46,1.872,,,Provisional/Provisoire,,
05EA002,2026-08-06T17:25:00Z,46,1.870,,,Provisional/Provisoire,,
05EA002,2026-08-06T17:30:00Z,46,1.871,,,Provisional/Provisoire,,
05EA002,2026-08-06T17:35:00Z,46,1.870,,,Provisional/Provisoire,,
05EA002,2026-08-06T17:40:00Z,46,1.872,,,Provisional/Provisoire,,
05EA002,2026-08-06T17:45:00Z,46,1.869,,,Provisional/Provisoire,,
05EA002,2026-08-06T17:50:00Z,46,1.869,,,Provisional/Provisoire,,
05EA002,2026-08-06T17:55:00Z,46,1.871,,,Provisional/Provisoire,,
05EA002,2026-08-06T18:00:00Z,46,1.870,,,Provisional/Provisoire,,
05EA002,2026-08-06T18:05:00Z,46,1.867,,,Provisional/Provisoire,,
05EA002,2026-08-06T18:10:00Z,46,1.868,,,Provisional/Provisoire,,
05EA002,2026-08-06T18:15:00Z,46,1.868,,,Provisional/Provisoire,,
05EA002,2026-08-06T18:20:00Z,46,1.869,,,Provisional/Provisoire,,
05EA002,2026-08-06T18:25:00Z,46,1.869,,,Provisional/Provisoire,,
05EA002,2026-08-06T18:30:00Z,46,1.868,,,Provisional/Provisoire,,
05EA002,2026-08-06T18:35:00Z,46,1.868,,,Provisional/Provisoire,,
05EA002,2026-08-06T18:40:00Z,46,1.869,,,Provisional/Provisoire,,
05EA002,2026-08-06T18:45:00Z,46,1.872,,,Provisional/Provisoire,,
05EA002,2026-08-06T18:50:00Z,46,1.872,,,Provisional/Provisoire,,
05EA002,2026-08-06T18:55:00Z,46,1.874,,,Provisional/Provisoire,,
05EA002,2026-08-06T19:00:00Z,46,1.873,,,Provisional/Provisoire,,
05EA002,2026-08-06T19:05:00Z,46,1.873,,,Provisional/Provisoire,,
05EA002,2026-08-06T19:10:00Z,46,1.871,,,Provisional/Provisoire,,
05EA002,2026-08-06T19:15:00Z,46,1.870,,,Provisional/Provisoire,,
05EA002,2026-08-06T19:20:00Z,46,1.868,,,Provisional/Provisoire,,
05EA002,2026-08-06T19:25:00Z,46,1.869,,,Provisional/Provisoire,,
05EA002,2026-08-06T19:30:00Z,46,1.870,,,Provisional/Provisoire,,
05EA002,2026-08-06T19:35:00Z,46,1.869,,,Provisional/Provisoire,,
05EA002,2026-08-06T19:40:00Z,46,1.870,,,Provisional/Provisoire,,
05EA002,2026-08-06T19:45:00Z,46,1.870,,,Provisional/Provisoire,,
05EA002,2026-08-06T19:50:00Z,46,1.870,,,Provisional/Provisoire,,
05EA002,2026-08-06T19:55:00Z,46,1.870,,,Provisional/Provisoire,,
05EA002,2026-08-06T20:00:00Z,46,1.872,,,Provisional/Provisoire,,
05EA002,2026-08-06T20:05:00Z,46,1.871,,,Provisional/Provisoire,,
05EA002,2026-08-06T20:10:00Z,46,1.870,,,Provisional/Provisoire,,
05EA002,2026-08-06T20:15:00Z,46,1.869,,,Provisional/Provisoire,,
05EA002,2026-08-06T20:20:00Z,46,1.870,,,Provisional/Provisoire,,
05EA002,2026-08-06T20:25:00Z,46,1.867,,,Provisional/Provisoire,,
05EA002,2026-08-06T20:30:00Z,46,1.865,,,Provisional/Provisoire,,
05EA002,2026-08-06T20:35:00Z,46,1.867,,,Provisional/Provisoire,,
05EA002,2026-08-06T20:40:00Z,46,1.866,,,Provisional/Provisoire,,
05EA002,2026-08-06T20:45:00Z,46,1.866,,,Provisional/Provisoire,,
05EA002,2026-08-06T20:50:00Z,46,1.865,,,Provisional/Provisoire,,
05EA002,2026-08-06T20:55:00Z,46,1.864,,,Provisional/Provisoire,,
05EA002,2026-08-06T21:00:00Z,46,1.863,,,Provisional/Provisoire,,
05EA002,2026-08-06T21:05:00Z,46,1.866,,,Provisional/Provisoire,,
05EA002,2026-08-06T21:10:00Z,46,1.864,,,Provisional/Provisoire,,
05EA002,2026-08-06T21:15:00Z,46,1.864,,,Provisional/Provisoire,,
05EA002,2026-08-06T21:20:00Z,46,1.864,,,Provisional/Provisoire,,
05EA002,2026-08-06T21:25:00Z,46,1.862,,,Provisional/Provisoire,,
05EA002,2026-08-06T21:30:00Z,46,1.861,,,Provisional/Provisoire,,
05EA002,2026-08-06T21:35:00Z,46,1.862,,,Provisional/Provisoire,,
05EA002,2026-08-06T21:40:00Z,46,1.862,,,Provisional/Provisoire,,
05EA002,2026-08-06T21:45:00Z,46,1.861,,,Provisional/Provisoire,,
05EA002,2026-08-06T21:50:00Z,46,1.860,,,Provisional/Provisoire,,
05EA002,2026-08-06T21:55:00Z,46,1.861,,,Provisional/Provisoire,,
05EA002,2026-08-06T22:00:00Z,46,1.860,,,Provisional/Provisoire,,
05EA002,2026-08-06T22:05:00Z,46,1.860,,,Provisional/Provisoire,,
05EA002,2026-08-06T22:10:00Z,46,1.858,,,Provisional/Provisoire,,
05EA002,2026-08-06T22:15:00Z,46,1.858,,,Provisional/Provisoire,,
05EA002,2026-08-06T22:20:00Z,46,1.856,,,Provisional/Provisoire,,
05EA002,2026-08-06T22:25:00Z,46,1.856,,,Provisional/Provisoire,,
05EA002,2026-08-06T22:30:00Z,46,1.857,,,Provisional/Provisoire,,
05EA002,2026-08-06T22:35:00Z,46,1.857,,,Provisional/Provisoire,,
05EA002,2026-08-06T22:40:00Z,46,1.855,,,Provisional/Provisoire,,
05EA002,2026-08-06T22:45:00Z,46,1.856,,,Provisional/Provisoire,,
05EA002,2026-08-06T22:50:00Z,46,1.857,,,Provisional/Provisoire,,
05EA002,2026-08-06T22:55:00Z,46,1.856,,,Provisional/Provisoire,,
05EA002,2026-08-06T23:00:00Z,46,1.855,,,Provisional/Provisoire,,
05EA002,2026-08-06T23:05:00Z,46,1.853,,,Provisional/Provisoire,,
05EA002,2026-08-06T23:10:00Z,46,1.853,,,Provisional/Provisoire,,
05EA002,2026-08-06T23:15:00Z,46,1.852,,,Provisional/Provisoire,,
05EA002,2026-08-06T23:20:00Z,46,1.852,,,Provisional/Provisoire,,
05EA002,2026-08-06T23:25:00Z,46,1.851,,,Provisional/Provisoire,,
05EA002,2026-08-06T23:30:00Z,46,1.852,,,Provisional/Provisoire,,
05EA002,2026-08-06T23:35:00Z,46,1.853,,,Provisional/Provisoire,,
05EA002,2026-08-06T23:40:00Z,46,1.852,,,Provisional/Provisoire,,
05EA002,2026-08-06T23:45:00Z,46,1.853,,,Provisional/Provisoire,,
05EA002,2026-08-06T23:50:00Z,46,1.851,,,Provisional/Provisoire,,
05EA002,2026-08-06T23:55:00Z,46,1.850,,,Provisional/Provisoire,,
05EA002,2026-08-07T00:00:00Z,46,1.851,,,Provisional/Provisoire,,
05EA002,2026-08-07T00:05:00Z,46,1.850,,,Provisional/Provisoire,,
05EA002,2026-08-07T00:10:00Z,46,1.852,,,Provisional/Provisoire,,
05EA002,2026-08-07T00:15:00Z,46,1.853,,,Provisional/Provisoire,,
05EA002,2026-08-07T00:20:00Z,46,1.852,,,Provisional/Provisoire,,
05EA002,2026-08-07T00:25:00Z,46,1.850,,,Provisional/Provisoire,,
05EA002,2026-08-07T00:30:00Z,46,1.850,,,Provisional/Provisoire,,
05EA002,2026-08-07T00:35:00Z,46,1.851,,,Provisional/Provisoire,,
05EA002,2026-08-07T00:40:00Z,46,1.851,,,Provisional/Provisoire,,
05EA002,2026-08-07T00:45:00Z,46,1.849,,,Provisional/Provisoire,,
05EA002,2026-08-07T00:50:00Z,46,1.849,,,Provisional/Provisoire,,
05EA002,2026-08-07T00:55:00Z,46,1.851,,,Provisional/Provisoire,,
05EA002,2026-08-07T01:00:00Z,46,1.850,,,Provisional/Provisoire,,
05EA002,2026-08-07T01:05:00Z,46,1.850,,,Provisional/Provisoire,,
05EA002,2026-08-07T01:10:00Z,46,1.849,,,Provisional/Provisoire,,
05EA002,2026-08-07T01:15:00Z,46,1.850,,,Provisional/Provisoire,,
05EA002,2026-08-07T01:20:00Z,46,1.849,,,Provisional/Provisoire,,
05EA002,2026-08-07T01:25:00Z,46,1.847,,,Provisional/Provisoire,,
05EA002,2026-08-07T01:30:00Z,46,1.847,,,Provisional/Provisoire,,
05EA002,2026-08-07T01:35:00Z,46,1.847,,,Provisional/Provisoire,,
05EA002,2026-08-07T01:40:00Z,46,1.848,,,Provisional/Provisoire,,
05EA002,2026-08-07T01:45:00Z,46,1.847,,,Provisional/Provisoire,,
05EA002,2026-08-07T01:50:00Z,46,1.847,,,Provisional/Provisoire,,
05EA002,2026-08-07T01:55:00Z,46,1.845,,,Provisional/Provisoire,,
05EA002,2026-08-07T02:00:00Z,46,1.845,,,Provisional/Provisoire,,
05EA002,2026-08-07T02:05:00Z,46,1.846,,,Provisional/Provisoire,,
05EA002,2026-08-07T02:10:00Z,46,1.847,,,Provisional/Provisoire,,
05EA002,2026-08-07T02:15:00Z,46,1.847,,,Provisional/Provisoire,,
05EA002,2026-08-07T02:20:00Z,46,1.847,,,Provisional/Provisoire,,
05EA002,2026-08-07T02:25:00Z,46,1.846,,,Provisional/Provisoire,,
05EA002,2026-08-07T02:30:00Z,46,1.845,,,Provisional/Provisoire,,
05EA002,2026-08-07T02:35:00Z,46,1.847,,,Provisional/Provisoire,,
05EA002,2026-08-07T02:40:00Z,46,1.845,,,Provisional/Provisoire,,
05EA002,2026-08-07T02:45:00Z,46,1.846,,,Provisional/Provisoire,,
05EA002,2026-08-07T02:50:00Z,46,1.845,,,Provisional/Provisoire,,
05EA002,2026-08-07T02:55:00Z,46,1.846,,,Provisional/Provisoire,,
05EA002,2026-08-07T03:00:00Z,46,1.846,,,Provisional/Provisoire,,
05EA002,2026-08-07T03:05:00Z,46,1.846,,,Provisional/Provisoire,,
05EA002,2026-08-07T03:10:00Z,46,1.846,,,Provisional/Provisoire,,
05EA002,2026-08-07T03:15:00Z,46,1.846,,,Provisional/Provisoire,,
05EA002,2026-08-07T03:20:00Z,46,1.846,,,Provisional/Provisoire,,
05EA002,2026-08-07T03:25:00Z,46,1.847,,,Provisional/Provisoire,,
05EA002,2026-08-07T03:30:00Z,46,1.845,,,Provisional/Provisoire,,
05EA002,2026-08-07T03:35:00Z,46,1.848,,,Provisional/Provisoire,,
05EA002,2026-08-07T03:40:00Z,46,1.846,,,Provisional/Provisoire,,
05EA002,2026-08-07T03:45:00Z,46,1.847,,,Provisional/Provisoire,,
05EA002,2026-08-07T03:50:00Z,46,1.847,,,Provisional/Provisoire,,
05EA002,2026-08-07T03:55:00Z,46,1.847,,,Provisional/Provisoire,,
05EA002,2026-08-07T04:00:00Z,46,1.845,,,Provisional/Provisoire,,
05EA002,2026-08-07T04:05:00Z,46,1.845,,,Provisional/Provisoire,,
05EA002,2026-08-07T04:10:00Z,46,1.846,,,Provisional/Provisoire,,
05EA002,2026-08-07T04:15:00Z,46,1.847,,,Provisional/Provisoire,,
05EA002,2026-08-07T04:20:00Z,46,1.845,,,Provisional/Provisoire,,
05EA002,2026-08-07T04:25:00Z,46,1.846,,,Provisional/Provisoire,,
05EA002,2026-08-07T04:30:00Z,46,1.847,,,Provisional/Provisoire,,
05EA002,2026-08-07T04:35:00Z,46,1.846,,,Provisional/Provisoire,,
05EA002,2026-08-07T04:40:00Z,46,1.846,,,Provisional/Provisoire,,
05EA002,2026-08-07T04:45:00Z,46,1.846,,,Provisional/Provisoire,,
05EA002,2026-08-07T04:50:00Z,46,1.845,,,Provisional/Provisoire,,
05EA002,2026-08-07T04:55:00Z,46,1.845,,,Provisional/Provisoire,,
05EA002,2026-08-07T05:00:00Z,46,1.845,,,Provisional/Provisoire,,
05EA002,2026-08-07T05:05:00Z,46,1.844,,,Provisional/Provisoire,,
05EA002,2026-08-07T05:10:00Z,46,1.844,,,Provisional/Provisoire,,
05EA002,2026-08-07T05:15:00Z,46,1.843,,,Provisional/Provisoire,,
05EA002,2026-08-07T05:20:00Z,46,1.844,,,Provisional/Provisoire,,
05EA002,2026-08-07T05:25:00Z,46,1.843,,,Provisional/Provisoire,,
05EA002,2026-08-07T05:30:00Z,46,1.844,,,Provisional/Provisoire,,
05EA002,2026-08-07T05:35:00Z,46,1.843,,,Provisional/Provisoire,,
05EA002,2026-08-07T05:40:00Z,46,1.844,,,Provisional/Provisoire,,
05EA002,2026-08-07T05:45:00Z,46,1.843,,,Provisional/Provisoire,,
05EA002,2026-08-07T05:50:00Z,46,1.843,,,Provisional/Provisoire,,
05EA002,2026-08-07T05:55:00Z,46,1.842,,,Provisional/Provisoire,,
05EA002,2026-08-07T06:00:00Z,46,1.842,,,Provisional/Provisoire,,
05EA002,2026-08-07T06:05:00Z,46,1.842,,,Provisional/Provisoire,,
05EA002,2026-08-07T06:10:00Z,46,1.842,,,Provisional/Provisoire,,
05EA002,2026-08-07T06:15:00Z,46,1.842,,,Provisional/Provisoire,,
05EA002,2026-08-07T06:20:00Z,46,1.842,,,Provisional/Provisoire,,
05EA002,2026-08-07T06:25:00Z,46,1.842,,,Provisional/Provisoire,,
05EA002,2026-08-07T06:30:00Z,46,1.841,,,Provisional/Provisoire,,
05EA002,2026-08-07T06:35:00Z,46,1.842,,,Provisional/Provisoire,,
05EA002,2026-08-07T06:40:00Z,46,1.842,,,Provisional/Provisoire,,
05EA002,2026-08-07T06:45:00Z,46,1.841,,,Provisional/Provisoire,,
05EA002,2026-08-07T06:50:00Z,46,1.842,,,Provisional/Provisoire,,
05EA002,2026-08-07T06:55:00Z,46,1.841,,,Provisional/Provisoire,,
05EA002,2026-08-07T07:00:00Z,46,1.842,,,Provisional/Provisoire,,
05EA002,2026-08-07T07:05:00Z,46,1.841,,,Provisional/Provisoire,,
05EA002,2026-08-07T07:10:00Z,46,1.839,,,Provisional/Provisoire,,
05EA002,2026-08-07T07:15:00Z,46,1.841,,,Provisional/Provisoire,,
05EA002,2026-08-07T07:20:00Z,46,1.841,,,Provisional/Provisoire,,
05EA002,2026-08-07T07:25:00Z,46,1.840,,,Provisional/Provisoire,,
05EA002,2026-08-07T07:30:00Z,46,1.840,,,Provisional/Provisoire,,
05EA002,2026-08-07T07:35:00Z,46,1.841,,,Provisional/Provisoire,,
05EA002,2026-08-07T07:40:00Z,46,1.841,,,Provisional/Provisoire,,
05EA002,2026-08-07T07:45:00Z,46,1.839,,,Provisional/Provisoire,,
05EA002,2026-08-07T07:50:00Z,46,1.841,,,Provisional/Provisoire,,
05EA002,2026-08-07T07:55:00Z,46,1.840,,,Provisional/Provisoire,,
05EA002,2026-08-07T08:00:00Z,46,1.840,,,Provisional/Provisoire,,
05EA002,2026-08-07T08:05:00Z,46,1.840,,,Provisional/Provisoire,,
05EA002,2026-08-07T08:10:00Z,46,1.839,,,Provisional/Provisoire,,
05EA002,2026-08-07T08:15:00Z,46,1.838,,,Provisional/Provisoire,,
05EA002,2026-08-07T08:20:00Z,46,1.840,,,Provisional/Provisoire,,
05EA002,2026-08-07T08:25:00Z,46,1.838,,,Provisional/Provisoire,,
05EA002,2026-08-07T08:30:00Z,46,1.838,,,Provisional/Provisoire,,
05EA002,2026-08-07T08:35:00Z,46,1.838,,,Provisional/Provisoire,,
05EA002,2026-08-07T08:40:00Z,46,1.838,,,Provisional/Provisoire,,
05EA002,2026-08-07T08:45:00Z,46,1.839,,,Provisional/Provisoire,,
05EA002,2026-08-07T08:50:00Z,46,1.838,,,Provisional/Provisoire,,
05EA002,2026-08-07T08:55:00Z,46,1.838,,,Provisional/Provisoire,,
05EA002,2026-08-07T09:00:00Z,46,1.837,,,Provisional/Provisoire,,
05EA002,2026-08-07T09:05:00Z,46,1.836,,,Provisional/Provisoire,,
05EA002,2026-08-07T09:10:00Z,46,1.837,,,Provisional/Provisoire,,
05EA002,2026-08-07T09:15:00Z,46,1.836,,,Provisional/Provisoire,,
05EA002,2026-08-07T09:20:00Z,46,1.835,,,Provisional/Provisoire,,
05EA002,2026-08-07T09:25:00Z,46,1.836,,,Provisional/Provisoire,,
05EA002,2026-08-07T09:30:00Z,46,1.836,,,Provisional/Provisoire,,
05EA002,2026-08-07T09:35:00Z,46,1.837,,,Provisional/Provisoire,,
05EA002,2026-08-07T09:40:00Z,46,1.836,,,Provisional/Provisoire,,
05EA002,2026-08-07T09:45:00Z,46,1.837,,,Provisional/Provisoire,,
05EA002,2026-08-07T09:50:00Z,46,1.836,,,Provisional/Provisoire,,
05EA002,2026-08-07T09:55:00Z,46,1.836,,,Provisional/Provisoire,,
05EA002,2026-08-07T10:00:00Z,46,1.836,,,Provisional/Provisoire,,
05EA002,2026-08-07T10:05:00Z,46,1.836,,,Provisional/Provisoire,,
05EA002,2026-08-07T10:10:00Z,46,1.837,,,Provisional/Provisoire,,
05EA002,2026-08-07T10:15:00Z,46,1.835,,,Provisional/Provisoire,,
05EA002,2026-08-07T10:20:00Z,46,1.836,,,Provisional/Provisoire,,
05EA002,2026-08-07T10:25:00Z,46,1.835,,,Provisional/Provisoire,,
05EA002,2026-08-07T10:30:00Z,46,1.836,,,Provisional/Provisoire,,
05EA002,2026-08-07T10:35:00Z,46,1.834,,,Provisional/Provisoire,,
05EA002,2026-08-07T10:40:00Z,46,1.834,,,Provisional/Provisoire,,
05EA002,2026-08-07T10:45:00Z,46,1.835,,,Provisional/Provisoire,,
05EA002,2026-08-07T10:50:00Z,46,1.835,,,Provisional/Provisoire,,
05EA002,2026-08-07T10:55:00Z,46,1.834,,,Provisional/Provisoire,,
05EA002,2026-08-07T11:00:00Z,46,1.833,,,Provisional/Provisoire,,
05EA002,2026-08-07T11:05:00Z,46,1.835,,,Provisional/Provisoire,,
05EA002,2026-08-07T11:10:00Z,46,1.833,,,Provisional/Provisoire,,
05EA002,2026-08-07T11:15:00Z,46,1.833,,,Provisional/Provisoire,,
05EA002,2026-08-07T11:20:00Z,46,1.833,,,Provisional/Provisoire,,
05EA002,2026-08-07T11:25:00Z,46,1.833,,,Provisional/Provisoire,,
05EA002,2026-08-07T11:30:00Z,46,1.832,,,Provisional/Provisoire,,
05EA002,2026-08-07T11:35:00Z,46,1.833,,,Provisional/Provisoire,,
05EA002,2026-08-07T11:40:00Z,46,1.833,,,Provisional/Provisoire,,
05EA002,2026-08-07T11:45:00Z,46,1.832,,,Provisional/Provisoire,,
05EA002,2026-08-07T11:50:00Z,46,1.833,,,Provisional/Provisoire,,
05EA002,2026-08-07T11:55:00Z,46,1.832,,,Provisional/Provisoire,,
05EA002,2026-08-07T12:00:00Z,46,1.832,,,Provisional/Provisoire,,
05EA002,2026-08-07T12:05:00Z,46,1.832,,,Provisional/Provisoire,,
05EA002,2026-08-07T12:10:00Z,46,1.831,,,Provisional/Provisoire,,
05EA002,2026-08-07T12:15:00Z,46,1.830,,,Provisional/Provisoire,,
05EA002,2026-08-07T12:20:00Z,46,1.832,,,Provisional/Provisoire,,
05EA002,2026-08-07T12:25:00Z,46,1.830,,,Provisional/Provisoire,,
05EA002,2026-08-07T12:30:00Z,46,1.831,,,Provisional/Provisoire,,
05EA002,2026-08-07T12:35:00Z,46,1.832,,,Provisional/Provisoire,,
05EA002,2026-08-07T12:40:00Z,46,1.831,,,Provisional/Provisoire,,
05EA002,2026-08-07T12:45:00Z,46,1.831,,,Provisional/Provisoire,,
05EA002,2026-08-07T12:50:00Z,46,1.830,,,Provisional/Provisoire,,
05EA002,2026-08-07T12:55:00Z,46,1.831,,,Provisional/Provisoire,,
05EA002,2026-08-07T13:00:00Z,46,1.830,,,Provisional/Provisoire,,
05EA002,2026-08-07T13:05:00Z,46,1.830,,,Provisional/Provisoire,,
05EA002,2026-08-07T13:10:00Z,46,1.829,,,Provisional/Provisoire,,
05EA002,2026-08-07T13:15:00Z,46,1.829,,,Provisional/Provisoire,,
05EA002,2026-08-07T13:20:00Z,46,1.828,,,Provisional/Provisoire,,
05EA002,2026-08-07T13:25:00Z,46,1.829,,,Provisional/Provisoire,,
05EA002,2026-08-07T13:30:00Z,46,1.828,,,Provisional/Provisoire,,
05EA002,2026-08-07T13:35:00Z,46,1.829,,,Provisional/Provisoire,,
05EA002,2026-08-07T13:40:00Z,46,1.829,,,Provisional/Provisoire,,
05EA002,2026-08-07T13:45:00Z,46,1.827,,,Provisional/Provisoire,,
05EA002,2026-08-07T13:50:00Z,46,1.829,,,Provisional/Provisoire,,
05EA002,2026-08-07T13:55:00Z,46,1.828,,,Provisional/Provisoire,,
05EA002,2026-08-07T14:00:00Z,46,1.829,,,Provisional/Provisoire,,
05EA002,2026-08-07T14:05:00Z,46,1.830,,,Provisional/Provisoire,,
05EA002,2026-08-07T14:10:00Z,46,1.828,,,Provisional/Provisoire,,
05EA002,2026-08-07T14:15:00Z,46,1.829,,,Provisional/Provisoire,,
05EA002,2026-08-07T14:20:00Z,46,1.829,,,Provisional/Provisoire,,
05EA002,2026-08-07T14:25:00Z,46,1.828,,,Provisional/Provisoire,,
05EA002,2026-08-07T14:30:00Z,46,1.828,,,Provisional/Provisoire,,
05EA002,2026-08-07T14:35:00Z,46,1.828,,,Provisional/Provisoire,,
05EA002,2026-08-07T14:40:00Z,46,1.828,,,Provisional/Provisoire,,
05EA002,2026-08-07T14:45:00Z,46,1.829,,,Provisional/Provisoire,,
05EA002,2026-08-07T14:50:00Z,46,1.828,,,Provisional/Provisoire,,
05EA002,2026-08-07T14:55:00Z,46,1.828,,,Provisional/Provisoire,,
05EA002,2026-08-07T15:00:00Z,46,1.828,,,Provisional/Provisoire,,
05EA002,2026-08-07T15:05:00Z,46,1.828,,,Provisional/Provisoire,,
05EA002,2026-08-07T15:10:00Z,46,1.827,,,Provisional/Provisoire,,
05EA002,2026-08-07T15:15:00Z,46,1.827,,,Provisional/Provisoire,,
05EA002,2026-08-07T15:20:00Z,46,1.828,,,Provisional/Provisoire,,
05EA002,2026-08-07T15:25:00Z,46,1.827,,,Provisional/Provisoire,,
05EA002,2026-08-07T15:30:00Z,46,1.826,,,Provisional/Provisoire,,
05EA002,2026-08-07T15:35:00Z,46,1.826,,,Provisional/Provisoire,,
05EA002,2026-08-07T15:40:00Z,46,1.827,,,Provisional/Provisoire,,
05EA002,2026-08-07T15:45:00Z,46,1.826,,,Provisional/Provisoire,,
05EA002,2026-08-07T15:50:00Z,46,1.825,,,Provisional/Provisoire,,
05EA002,2026-08-07T15:55:00Z,46,1.827,,,Provisional/Provisoire,,
05EA002,2026-08-07T16:00:00Z,46,1.825,,,Provisional/Provisoire,,
05EA002,2026-08-07T16:05:00Z,46,1.825,,,Provisional/Provisoire,,
05EA002,2026-08-07T16:10:00Z,46,1.826,,,Provisional/Provisoire,,
05EA002,2026-08-07T16:15:00Z,46,1.826,,,Provisional/Provisoire,,
05EA002,2026-08-07T16:20:00Z,46,1.826,,,Provisional/Provisoire,,
05EA002,2026-08-07T16:25:00Z,46,1.825,,,Provisional/Provisoire,,
05EA002,2026-08-07T16:30:00Z,46,1.825,,,Provisional/Provisoire,,
05EA002,2026-08-07T16:35:00Z,46,1.824,,,Provisional/Provisoire,,
05EA002,2026-08-07T16:40:00Z,46,1.824,,,Provisional/Provisoire,,
05EA002,2026-08-07T16:45:00Z,46,1.824,,,Provisional/Provisoire,,
05EA002,2026-08-07T16:50:00Z,46,1.824,,,Provisional/Provisoire,,
05EA002,2026-08-07T16:55:00Z,46,1.824,,,Provisional/Provisoire,,
05EA002,2026-08-07T17:00:00Z,46,1.824,,,Provisional/Provisoire,,
05EA002,2026-08-07T17:05:00Z,46,1.825,,,Provisional/Provisoire,,
05EA002,2026-08-07T17:10:00Z,46,1.824,,,Provisional/Provisoire,,
05EA002,2026-08-07T17:15:00Z,46,1.824,,,Provisional/Provisoire,,
05EA002,2026-08-07T17:20:00Z,46,1.823,,,Provisional/Provisoire,,
05EA002,2026-08-07T17:25:00Z,46,1.823,,,Provisional/Provisoire,,
05EA002,2026-08-07T17:30:00Z,46,1.823,,,Provisional/Provisoire,,
05EA002,2026-08-07T17:35:00Z,46,1.823,,,Provisional/Provisoire,,
05EA002,2026-08-07T17:40:00Z,46,1.823,,,Provisional/Provisoire,,
05EA002,2026-08-07T17:45:00Z,46,1.823,,,Provisional/Provisoire,,
05EA002,2026-08-07T17:50:00Z,46,1.822,,,Provisional/Provisoire,,
05EA002,2026-08-07T17:55:00Z,46,1.824,,,Provisional/Provisoire,,
05EA002,2026-08-07T18:00:00Z,46,1.823,,,Provisional/Provisoire,,
05EA002,2026-08-07T18:05:00Z,46,1.824,,,Provisional/Provisoire,,
05EA002,2026-08-07T18:10:00Z,46,1.823,,,Provisional/Provisoire,,
05EA002,2026-08-07T18:15:00Z,46,1.825,,,Provisional/Provisoire,,
05EA002,2026-08-07T18:20:00Z,46,1.825,,,Provisional/Provisoire,,
05EA002,2026-08-07T18:25:00Z,46,1.823,,,Provisional/Provisoire,,
05EA002,2026-08-07T18:30:00Z,46,1.824,,,Provisional/Provisoire,,
05EA002,2026-08-07T18:35:00Z,46,1.823,,,Provisional/Provisoire,,
05EA002,2026-08-07T18:40:00Z,46,1.825,,,Provisional/Provisoire,,
05EA002,2026-08-07T18:45:00Z,46,1.823,,,Provisional/Provisoire,,
05EA002,2026-08-07T18:50:00Z,46,1.823,,,Provisional/Provisoire,,
05EA002,2026-08-07T18:55:00Z,46,1.822,,,Provisional/Provisoire,,
05EA002,2026-08-07T19:00:00Z,46,1.822,,,Provisional/Provisoire,,
05EA002,2026-08-07T19:05:00Z,46,1.822,,,Provisional/Provisoire,,
05EA002,2026-08-07T19:10:00Z,46,1.822,,,Provisional/Provisoire,,
05EA002,2026-08-07T19:15:00Z,46,1.822,,,Provisional/Provisoire,,
05EA002,2026-08-07T19:20:00Z,46,1.822,,,Provisional/Provisoire,,
05EA002,2026-08-07T19:25:00Z,46,1.821,,,Provisional/Provisoire,,
05EA002,2026-08-07T19:30:00Z,46,1.821,,,Provisional/Provisoire,,
05EA002,2026-08-07T19:35:00Z,46,1.821,,,Provisional/Provisoire,,
05EA002,2026-08-07T19:40:00Z,46,1.819,,,Provisional/Provisoire,,
05EA002,2026-08-07T19:45:00Z,46,1.820,,,Provisional/Provisoire,,
05EA002,2026-08-07T19:50:00Z,46,1.821,,,Provisional/Provisoire,,
05EA002,2026-08-07T19:55:00Z,46,1.821,,,Provisional/Provisoire,,
05EA002,2026-08-07T20:00:00Z,46,1.821,,,Provisional/Provisoire,,
05EA002,2026-08-07T20:05:00Z,46,1.820,,,Provisional/Provisoire,,
05EA002,2026-08-07T20:10:00Z,46,1.820,,,Provisional/Provisoire,,
05EA002,2026-08-07T20:15:00Z,46,1.820,,,Provisional/Provisoire,,
05EA002,2026-08-07T20:20:00Z,46,1.819,,,Provisional/Provisoire,,
05EA002,2026-08-07T20:25:00Z,46,1.818,,,Provisional/Provisoire,,
05EA002,2026-08-07T20:30:00Z,46,1.819,,,Provisional/Provisoire,,
05EA002,2026-08-07T20:35:00Z,46,1.818,,,Provisional/Provisoire,,
05EA002,2026-08-07T20:40:00Z,46,1.819,,,Provisional/Provisoire,,
05EA002,2026-08-07T20:45:00Z,46,1.820,,,Provisional/Provisoire,,
05EA002,2026-08-07T20:50:00Z,46,1.818,,,Provisional/Provisoire,,
05EA002,2026-08-07T20:55:00Z,46,1.818,,,Provisional/Provisoire,,
05EA002,2026-08-07T21:00:00Z,46,1.819,,,Provisional/Provisoire,,
05EA002,2026-08-07T21:05:00Z,46,1.820,,,Provisional/Provisoire,,
05EA002,2026-08-07T21:10:00Z,46,1.819,,,Provisional/Provisoire,,
05EA002,2026-08-07T21:15:00Z,46,1.818,,,Provisional/Provisoire,,
05EA002,2026-08-07T21:20:00Z,46,1.818,,,Provisional/Provisoire,,
05EA002,2026-08-07T21:25:00Z,46,1.817,,,Provisional/Provisoire,,
05EA002,2026-08-07T21:30:00Z,46,1.818,,,Provisional/Provisoire,,
05EA002,2026-08-07T21:35:00Z,46,1.818,,,Provisional/Provisoire,,
05EA002,2026-08-07T21:40:00Z,46,1.817,,,Provisional/Provisoire,,
05EA002,2026-08-07T21:45:00Z,46,1.818,,,Provisional/Provisoire,,
05EA002,2026-08-07T21:50:00Z,46,1.818,,,Provisional/Provisoire,,
05EA002,2026-08-07T21:55:00Z,46,1.817,,,Provisional/Provisoire,,
05EA002,2026-08-07T22:00:00Z,46,1.818,,,Provisional/Provisoire,,
05EA002,2026-08-07T22:05:00Z,46,1.817,,,Provisional/Provisoire,,
05EA002,2026-08-07T22:10:00Z,46,1.816,,,Provisional/Provisoire,,
05EA002,2026-08-07T22:15:00Z,46,1.815,,,Provisional/Provisoire,,
05EA002,2026-08-07T22:20:00Z,46,1.816,,,Provisional/Provisoire,,
05EA002,2026-08-07T22:25:00Z,46,1.815,,,Provisional/Provisoire,,
05EA002,2026-08-07T22:30:00Z,46,1.815,,,Provisional/Provisoire,,
05EA002,2026-08-07T22:35:00Z,46,1.816,,,Provisional/Provisoire,,
05EA002,2026-08-07T22:40:00Z,46,1.816,,,Provisional/Provisoire,,
05EA002,2026-08-07T22:45:00Z,46,1.814,,,Provisional/Provisoire,,
05EA002,2026-08-07T22:50:00Z,46,1.815,,,Provisional/Provisoire,,
05EA002,2026-08-07T22:55:00Z,46,1.814,,,Provisional/Provisoire,,
05EA002,2026-08-07T23:00:00Z,46,1.815,,,Provisional/Provisoire,,
05EA002,2026-08-07T23:05:00Z,46,1.813,,,Provisional/Provisoire,,
05EA002,2026-07-24T00:00:00Z,47,13.5,,,Provisional/Provisoire,,
05EA002,2026-07-24T00:05:00Z,47,13.5,,,Provisional/Provisoire,,
05EA002,2026-07-24T00:10:00Z,47,13.5,,,Provisional/Provisoire,,
05EA002,2026-07-24T00:15:00Z,47,13.5,,,Provisional/Provisoire,,
05EA002,2026-07-24T00:20:00Z,47,13.5,,,Provisional/Provisoire,,
05EA002,2026-07-24T00:25:00Z,47,13.5,,,Provisional/Provisoire,,
05EA002,2026-07-24T00:30:00Z,47,13.5,,,Provisional/Provisoire,,
05EA002,2026-07-24T00:35:00Z,47,13.5,,,Provisional/Provisoire,,
05EA002,2026-07-24T00:40:00Z,47,13.5,,,Provisional/Provisoire,,
05EA002,2026-07-24T00:45:00Z,47,13.5,,,Provisional/Provisoire,,
05EA002,2026-07-24T00:50:00Z,47,13.4,,,Provisional/Provisoire,,
05EA002,2026-07-24T00:55:00Z,47,13.4,,,Provisional/Provisoire,,
05EA002,2026-07-24T01:00:00Z,47,13.4,,,Provisional/Provisoire,,
05EA002,2026-07-24T01:05:00Z,47,13.4,,,Provisional/Provisoire,,
05EA002,2026-07-24T01:10:00Z,47,13.4,,,Provisional/Provisoire,,
05EA002,2026-07-24T01:15:00Z,47,13.4,,,Provisional/Provisoire,,
05EA002,2026-07-24T01:20:00Z,47,13.4,,,Provisional/Provisoire,,
05EA002,2026-07-24T01:25:00Z,47,13.4,,,Provisional/Provisoire,,
05EA002,2026-07-24T01:30:00Z,47,13.4,,,Provisional/Provisoire,,
05EA002,2026-07-24T01:35:00Z,47,13.4,,,Provisional/Provisoire,,
05EA002,2026-07-24T01:40:00Z,47,13.4,,,Provisional/Provisoire,,
05EA002,2026-07-24T01:45:00Z,47,13.4,,,Provisional/Provisoire,,
05EA002,2026-07-24T01:50:00Z,47,13.4,,,Provisional/Provisoire,,
05EA002,2026-07-24T01:55:00Z,47,13.4,,,Provisional/Provisoire,,
05EA002,2026-07-24T02:00:00Z,47,13.4,,,Provisional/Provisoire,,
05EA002,2026-07-24T02:05:00Z,47,13.4,,,Provisional/Provisoire,,
05EA002,2026-07-24T02:10:00Z,47,13.4,,,Provisional/Provisoire,,
05EA002,2026-07-24T02:15:00Z,47,13.4,,,Provisional/Provisoire,,
05EA002,2026-07-24T02:20:00Z,47,13.4,,,Provisional/Provisoire,,
05EA002,2026-07-24T02:25:00Z,47,13.4,,,Provisional/Provisoire,,
05EA002,2026-07-24T02:30:00Z,47,13.4,,,Provisional/Provisoire,,
05EA002,2026-07-24T02:35:00Z,47,13.4,,,Provisional/Provisoire,,
05EA002,2026-07-24T02:40:00Z,47,13.4,,,Provisional/Provisoire,,
05EA002,2026-07-24T02:45:00Z,47,13.4,,,Provisional/Provisoire,,
05EA002,2026-07-24T02:50:00Z,47,13.4,,,Provisional/Provisoire,,
05EA002,2026-07-24T02:55:00Z,47,13.4,,,Provisional/Provisoire,,
05EA002,2026-07-24T03:00:00Z,47,13.4,,,Provisional/Provisoire,,
05EA002,2026-07-24T03:05:00Z,47,13.4,,,Provisional/Provisoire,,
05EA002,2026-07-24T03:10:00Z,47,13.4,,,Provisional/Provisoire,,
05EA002,2026-07-24T03:15:00Z,47,13.4,,,Provisional/Provisoire,,
05EA002,2026-07-24T03:20:00Z,47,13.4,,,Provisional/Provisoire,,
05EA002,2026-07-24T03:25:00Z,47,13.4,,,Provisional/Provisoire,,
05EA002,2026-07-24T03:30:00Z,47,13.4,,,Provisional/Provisoire,,
05EA002,2026-07-24T03:35:00Z,47,13.4,,,Provisional/Provisoire,,
05EA002,2026-07-24T03:40:00Z,47,13.4,,,Provisional/Provisoire,,
05EA002,2026-07-24T03:45:00Z,47,13.4,,,Provisional/Provisoire,,
05EA002,2026-07-24T03:50:00Z,47,13.4,,,Provisional/Provisoire,,
05EA002,2026-07-24T03:55:00Z,47,13.4,,,Provisional/Provisoire,,
05EA002,2026-07-24T04:00:00Z,47,13.4,,,Provisional/Provisoire,,
05EA002,2026-07-24T04:05:00Z,47,13.4,,,Provisional/Provisoire,,
05EA002,2026-07-24T04:10:00Z,47,13.4,,,Provisional/Provisoire,,
05EA002,2026-07-24T04:15:00Z,47,13.4,,,Provisional/Provisoire,,
05EA002,2026-07-24T04:20:00Z,47,13.4,,,Provisional/Provisoire,,
05EA002,2026-07-24T04:25:00Z,47,13.4,,,Provisional/Provisoire,,
05EA002,2026-07-24T04:30:00Z,47,13.4,,,Provisional/Provisoire,,
05EA002,2026-07-24T04:35:00Z,47,13.4,,,Provisional/Provisoire,,
05EA002,2026-07-24T04:40:00Z,47,13.4,,,Provisional/Provisoire,,
05EA002,2026-07-24T04:45:00Z,47,13.4,,,Provisional/Provisoire,,
05EA002,2026-07-24T04:50:00Z,47,13.4,,,Provisional/Provisoire,,
05EA002,2026-07-24T04:55:00Z,47,13.4,,,Provisional/Provisoire,,
05EA002,2026-07-24T05:00:00Z,47,13.4,,,Provisional/Provisoire,,
05EA002,2026-07-24T05:05:00Z,47,13.4,,,Provisional/Provisoire,,
05EA002,2026-07-24T05:10:00Z,47,13.3,,,Provisional/Provisoire,,
05EA002,2026-07-24T05:15:00Z,47,13.4,,,Provisional/Provisoire,,
05EA002,2026-07-24T05:20:00Z,47,13.4,,,Provisional/Provisoire,,
05EA002,2026-07-24T05:25:00Z,47,13.4,,,Provisional/Provisoire,,
05EA002,2026-07-24T05:30:00Z,47,13.4,,,Provisional/Provisoire,,
05EA002,2026-07-24T05:35:00Z,47,13.4,,,Provisional/Provisoire,,
05EA002,2026-07-24T05:40:00Z,47,13.4,,,Provisional/Provisoire,,
05EA002,2026-07-24T05:45:00Z,47,13.4,,,Provisional/Provisoire,,
05EA002,2026-07-24T05:50:00Z,47,13.4,,,Provisional/Provisoire,,
05EA002,2026-07-24T05:55:00Z,47,13.3,,,Provisional/Provisoire,,
05EA002,2026-07-24T06:00:00Z,47,13.4,,,Provisional/Provisoire,,
05EA002,2026-07-24T06:05:00Z,47,13.3,,,Provisional/Provisoire,,
05EA002,2026-07-24T06:10:00Z,47,13.4,,,Provisional/Provisoire,,
05EA002,2026-07-24T06:15:00Z,47,13.3,,,Provisional/Provisoire,,
05EA002,2026-07-24T06:20:00Z,47,13.4,,,Provisional/Provisoire,,
05EA002,2026-07-24T06:25:00Z,47,13.4,,,Provisional/Provisoire,,
05EA002,2026-07-24T06:30:00Z,47,13.4,,,Provisional/Provisoire,,
05EA002,2026-07-24T06:35:00Z,47,13.3,,,Provisional/Provisoire,,
05EA002,2026-07-24T06:40:00Z,47,13.4,,,Provisional/Provisoire,,
05EA002,2026-07-24T06:45:00Z,47,13.4,,,Provisional/Provisoire,,
05EA002,2026-07-24T06:50:00Z,47,13.4,,,Provisional/Provisoire,,
05EA002,2026-07-24T06:55:00Z,47,13.4,,,Provisional/Provisoire,,
05EA002,2026-07-24T07:00:00Z,47,13.3,,,Provisional/Provisoire,,
05EA002,2026-07-24T07:05:00Z,47,13.4,,,Provisional/Provisoire,,
05EA002,2026-07-24T07:10:00Z,47,13.3,,,Provisional/Provisoire,,
05EA002,2026-07-24T07:15:00Z,47,13.3,,,Provisional/Provisoire,,
05EA002,2026-07-24T07:20:00Z,47,13.3,,,Provisional/Provisoire,,
05EA002,2026-07-24T07:25:00Z,47,13.4,,,Provisional/Provisoire,,
05EA002,2026-07-24T07:30:00Z,47,13.3,,,Provisional/Provisoire,,
05EA002,2026-07-24T07:35:00Z,47,13.3,,,Provisional/Provisoire,,
05EA002,2026-07-24T07:40:00Z,47,13.3,,,Provisional/Provisoire,,
05EA002,2026-07-24T07:45:00Z,47,13.3,,,Provisional/Provisoire,,
05EA002,2026-07-24T07:50:00Z,47,13.3,,,Provisional/Provisoire,,
05EA002,2026-07-24T07:55:00Z,47,13.3,,,Provisional/Provisoire,,
05EA002,2026-07-24T08:00:00Z,47,13.3,,,Provisional/Provisoire,,
05EA002,2026-07-24T08:05:00Z,47,13.3,,,Provisional/Provisoire,,
05EA002,2026-07-24T08:10:00Z,47,13.3,,,Provisional/Provisoire,,
05EA002,2026-07-24T08:15:00Z,47,13.3,,,Provisional/Provisoire,,
05EA002,2026-07-24T08:20:00Z,47,13.3,,,Provisional/Provisoire,,
05EA002,2026-07-24T08:25:00Z,47,13.3,,,Provisional/Provisoire,,
05EA002,2026-07-24T08:30:00Z,47,13.3,,,Provisional/Provisoire,,
05EA002,2026-07-24T08:35:00Z,47,13.3,,,Provisional/Provisoire,,
05EA002,2026-07-24T08:40:00Z,47,13.3,,,Provisional/Provisoire,,
05EA002,2026-07-24T08:45:00Z,47,13.3,,,Provisional/Provisoire,,
05EA002,2026-07-24T08:50:00Z,47,13.3,,,Provisional/Provisoire,,
05EA002,2026-07-24T08:55:00Z,47,13.3,,,Provisional/Provisoire,,
05EA002,2026-07-24T09:00:00Z,47,13.3,,,Provisional/Provisoire,,
05EA002,2026-07-24T09:05:00Z,47,13.3,,,Provisional/Provisoire,,
05EA002,2026-07-24T09:10:00Z,47,13.3,,,Provisional/Provisoire,,
05EA002,2026-07-24T09:15:00Z,47,13.3,,,Provisional/Provisoire,,
05EA002,2026-07-24T09:20:00Z,47,13.3,,,Provisional/Provisoire,,
05EA002,2026-07-24T09:25:00Z,47,13.3,,,Provisional/Provisoire,,
05EA002,2026-07-24T09:30:00Z,47,13.3,,,Provisional/Provisoire,,
05EA002,2026-07-24T09:35:00Z,47,13.3,,,Provisional/Provisoire,,
05EA002,2026-07-24T09:40:00Z,47,13.4,,,Provisional/Provisoire,,
05EA002,2026-07-24T09:45:00Z,47,13.4,,,Provisional/Provisoire,,
05EA002,2026-07-24T09:50:00Z,47,13.4,,,Provisional/Provisoire,,
05EA002,2026-07-24T09:55:00Z,47,13.4,,,Provisional/Provisoire,,
05EA002,2026-07-24T10:00:00Z,47,13.4,,,Provisional/Provisoire,,
05EA002,2026-07-24T10:05:00Z,47,13.4,,,Provisional/Provisoire,,
05EA002,2026-07-24T10:10:00Z,47,13.4,,,Provisional/Provisoire,,
05EA002,2026-07-24T10:15:00Z,47,13.3,,,Provisional/Provisoire,,
05EA002,2026-07-24T10:20:00Z,47,13.3,,,Provisional/Provisoire,,
05EA002,2026-07-24T10:25:00Z,47,13.3,,,Provisional/Provisoire,,
05EA002,2026-07-24T10:30:00Z,47,13.3,,,Provisional/Provisoire,,
05EA002,2026-07-24T10:35:00Z,47,13.3,,,Provisional/Provisoire,,
05EA002,2026-07-24T10:40:00Z,47,13.3,,,Provisional/Provisoire,,
05EA002,2026-07-24T10:45:00Z,47,13.3,,,Provisional/Provisoire,,
05EA002,2026-07-24T10:50:00Z,47,13.3,,,Provisional/Provisoire,,
05EA002,2026-07-24T10:55:00Z,47,13.3,,,Provisional/Provisoire,,
05EA002,2026-07-24T11:00:00Z,47,13.3,,,Provisional/Provisoire,,
05EA002,2026-07-24T11:05:00Z,47,13.3,,,Provisional/Provisoire,,
05EA002,2026-07-24T11:10:00Z,47,13.3,,,Provisional/Provisoire,,
05EA002,2026-07-24T11:15:00Z,47,13.3,,,Provisional/Provisoire,,
05EA002,2026-07-24T11:20:00Z,47,13.3,,,Provisional/Provisoire,,
05EA002,2026-07-24T11:25:00Z,47,13.3,,,Provisional/Provisoire,,
05EA002,2026-07-24T11:30:00Z,47,13.3,,,Provisional/Provisoire,,
05EA002,2026-07-24T11:35:00Z,47,13.2,,,Provisional/Provisoire,,
05EA002,2026-07-24T11:40:00Z,47,13.3,,,Provisional/Provisoire,,
05EA002,2026-07-24T11:45:00Z,47,13.2,,,Provisional/Provisoire,,
05EA002,2026-07-24T11:50:00Z,47,13.2,,,Provisional/Provisoire,,
05EA002,2026-07-24T11:55:00Z,47,13.2,,,Provisional/Provisoire,,
05EA002,2026-07-24T12:00:00Z,47,13.2,,,Provisional/Provisoire,,
05EA002,2026-07-24T12:05:00Z,47,13.2,,,Provisional/Provisoire,,
05EA002,2026-07-24T12:10:00Z,47,13.2,,,Provisional/Provisoire,,
05EA002,2026-07-24T12:15:00Z,47,13.2,,,Provisional/Provisoire,,
05EA002,2026-07-24T12:20:00Z,47,13.2,,,Provisional/Provisoire,,
05EA002,2026-07-24T12:25:00Z,47,13.2,,,Provisional/Provisoire,,
05EA002,2026-07-24T12:30:00Z,47,13.2,,,Provisional/Provisoire,,
05EA002,2026-07-24T12:35:00Z,47,13.2,,,Provisional/Provisoire,,
05EA002,2026-07-24T12:40:00Z,47,13.2,,,Provisional/Provisoire,,
05EA002,2026-07-24T12:45:00Z,47,13.2,,,Provisional/Provisoire,,
05EA002,2026-07-24T12:50:00Z,47,13.2,,,Provisional/Provisoire,,
05EA002,2026-07-24T12:55:00Z,47,13.2,,,Provisional/Provisoire,,
05EA002,2026-07-24T13:00:00Z,47,13.2,,,Provisional/Provisoire,,
05EA002,2026-07-24T13:05:00Z,47,13.2,,,Provisional/Provisoire,,
05EA002,2026-07-24T13:10:00Z,47,13.2,,,Provisional/Provisoire,,
05EA002,2026-07-24T13:15:00Z,47,13.2,,,Provisional/Provisoire,,
05EA002,2026-07-24T13:20:00Z,47,13.2,,,Provisional/Provisoire,,
05EA002,2026-07-24T13:25:00Z,47,13.2,,,Provisional/Provisoire,,
05EA002,2026-07-24T13:30:00Z,47,13.2,,,Provisional/Provisoire,,
05EA002,2026-07-24T13:35:00Z,47,13.2,,,Provisional/Provisoire,,
05EA002,2026-07-24T13:40:00Z,47,13.2,,,Provisional/Provisoire,,
05EA002,2026-07-24T13:45:00Z,47,13.2,,,Provisional/Provisoire,,
05EA002,2026-07-24T13:50:00Z,47,13.2,,,Provisional/Provisoire,,
05EA002,2026-07-24T13:55:00Z,47,13.2,,,Provisional/Provisoire,,
05EA002,2026-07-24T14:00:00Z,47,13.2,,,Provisional/Provisoire,,
05EA002,2026-07-24T14:05:00Z,47,13.2,,,Provisional/Provisoire,,
05EA002,2026-07-24T14:10:00Z,47,13.2,,,Provisional/Provisoire,,
05EA002,2026-07-24T14:15:00Z,47,13.2,,,Provisional/Provisoire,,
05EA002,2026-07-24T14:20:00Z,47,13.2,,,Provisional/Provisoire,,
05EA002,2026-07-24T14:25:00Z,47,13.2,,,Provisional/Provisoire,,
05EA002,2026-07-24T14:30:00Z,47,13.2,,,Provisional/Provisoire,,
05EA002,2026-07-24T14:35:00Z,47,13.2,,,Provisional/Provisoire,,
05EA002,2026-07-24T14:40:00Z,47,13.2,,,Provisional/Provisoire,,
05EA002,2026-07-24T14:45:00Z,47,13.2,,,Provisional/Provisoire,,
05EA002,2026-07-24T14:50:00Z,47,13.2,,,Provisional/Provisoire,,
05EA002,2026-07-24T14:55:00Z,47,13.2,,,Provisional/Provisoire,,
05EA002,2026-07-24T15:00:00Z,47,13.2,,,Provisional/Provisoire,,
05EA002,2026-07-24T15:05:00Z,47,13.2,,,Provisional/Provisoire,,
05EA002,2026-07-24T15:10:00Z,47,13.2,,,Provisional/Provisoire,,
05EA002,2026-07-24T15:15:00Z,47,13.2,,,Provisional/Provisoire,,
05EA002,2026-07-24T15:20:00Z,47,13.2,,,Provisional/Provisoire,,
05EA002,2026-07-24T15:25:00Z,47,13.2,,,Provisional/Provisoire,,
05EA002,2026-07-24T15:30:00Z,47,13.2,,,Provisional/Provisoire,,
05EA002,2026-07-24T15:35:00Z,47,13.2,,,Provisional/Provisoire,,
05EA002,2026-07-24T15:40:00Z,47,13.2,,,Provisional/Provisoire,,
05EA002,2026-07-24T15:45:00Z,47,13.2,,,Provisional/Provisoire,,
05EA002,2026-07-24T15:50:00Z,47,13.2,,,Provisional/Provisoire,,
05EA002,2026-07-24T15:55:00Z,47,13.2,,,Provisional/Provisoire,,
05EA002,2026-07-24T16:00:00Z,47,13.2,,,Provisional/Provisoire,,
05EA002,2026-07-24T16:05:00Z,47,13.2,,,Provisional/Provisoire,,
05EA002,2026-07-24T16:10:00Z,47,13.2,,,Provisional/Provisoire,,
05EA002,2026-07-24T16:15:00Z,47,13.2,,,Provisional/Provisoire,,
05EA002,2026-07-24T16:20:00Z,47,13.2,,,Provisional/Provisoire,,
05EA002,2026-07-24T16:25:00Z,47,13.2,,,Provisional/Provisoire,,
05EA002,2026-07-24T16:30:00Z,47,13.2,,,Provisional/Provisoire,,
05EA002,2026-07-24T16:35:00Z,47,13.2,,,Provisional/Provisoire,,
05EA002,2026-07-24T16:40:00Z,47,13.2,,,Provisional/Provisoire,,
05EA002,2026-07-24T16:45:00Z,47,13.2,,,Provisional/Provisoire,,
05EA002,2026-07-24T16:50:00Z,47,13.2,,,Provisional/Provisoire,,
05EA002,2026-07-24T16:55:00Z,47,13.2,,,Provisional/Provisoire,,
05EA002,2026-07-24T17:00:00Z,47,13.2,,,Provisional/Provisoire,,
05EA002,2026-07-24T17:05:00Z,47,13.2,,,Provisional/Provisoire,,
05EA002,2026-07-24T17:10:00Z,47,13.2,,,Provisional/Provisoire,,
05EA002,2026-07-24T17:15:00Z,47,13.2,,,Provisional/Provisoire,,
05EA002,2026-07-24T17:20:00Z,47,13.2,,,Provisional/Provisoire,,
05EA002,2026-07-24T17:25:00Z,47,13.2,,,Provisional/Provisoire,,
05EA002,2026-07-24T17:30:00Z,47,13.2,,,Provisional/Provisoire,,
05EA002,2026-07-24T17:35:00Z,47,13.2,,,Provisional/Provisoire,,
05EA002,2026-07-24T17:40:00Z,47,13.2,,,Provisional/Provisoire,,
05EA002,2026-07-24T17:45:00Z,47,13.2,,,Provisional/Provisoire,,
05EA002,2026-07-24T17:50:00Z,47,13.2,,,Provisional/Provisoire,,
05EA002,2026-07-24T17:55:00Z,47,13.2,,,Provisional/Provisoire,,
05EA002,2026-07-24T18:00:00Z,47,13.2,,,Provisional/Provisoire,,
05EA002,2026-07-24T18:05:00Z,47,13.2,,,Provisional/Provisoire,,
05EA002,2026-07-24T18:10:00Z,47,13.2,,,Provisional/Provisoire,,
05EA002,2026-07-24T18:15:00Z,47,13.2,,,Provisional/Provisoire,,
05EA002,2026-07-24T18:20:00Z,47,13.1,,,Provisional/Provisoire,,
05EA002,2026-07-24T18:25:00Z,47,13.2,,,Provisional/Provisoire,,
05EA002,2026-07-24T18:30:00Z,47,13.2,,,Provisional/Provisoire,,
05EA002,2026-07-24T18:35:00Z,47,13.2,,,Provisional/Provisoire,,
05EA002,2026-07-24T18:40:00Z,47,13.2,,,Provisional/Provisoire,,
05EA002,2026-07-24T18:45:00Z,47,13.2,,,Provisional/Provisoire,,
05EA002,2026-07-24T18:50:00Z,47,13.1,,,Provisional/Provisoire,,
05EA002,2026-07-24T18:55:00Z,47,13.2,,,Provisional/Provisoire,,
05EA002,2026-07-24T19:00:00Z,47,13.1,,,Provisional/Provisoire,,
05EA002,2026-07-24T19:05:00Z,47,13.1,,,Provisional/Provisoire,,
05EA002,2026-07-24T19:10:00Z,47,13.1,,,Provisional/Provisoire,,
05EA002,2026-07-24T19:15:00Z,47,13.2,,,Provisional/Provisoire,,
05EA002,2026-07-24T19:20:00Z,47,13.2,,,Provisional/Provisoire,,
05EA002,2026-07-24T19:25:00Z,47,13.2,,,Provisional/Provisoire,,
05EA002,2026-07-24T19:30:00Z,47,13.2,,,Provisional/Provisoire,,
05EA002,2026-07-24T19:35:00Z,47,13.1,,,Provisional/Provisoire,,
05EA002,2026-07-24T19:40:00Z,47,13.1,,,Provisional/Provisoire,,
05EA002,2026-07-24T19:45:00Z,47,13.1,,,Provisional/Provisoire,,
05EA002,2026-07-24T19:50:00Z,47,13.1,,,Provisional/Provisoire,,
05EA002,2026-07-24T19:55:00Z,47,13.1,,,Provisional/Provisoire,,
05EA002,2026-07-24T20:00:00Z,47,13.1,,,Provisional/Provisoire,,
05EA002,2026-07-24T20:05:00Z,47,13.1,,,Provisional/Provisoire,,
05EA002,2026-07-24T20:10:00Z,47,13.1,,,Provisional/Provisoire,,
05EA002,2026-07-24T20:15:00Z,47,13.1,,,Provisional/Provisoire,,
05EA002,2026-07-24T20:20:00Z,47,13.1,,,Provisional/Provisoire,,
05EA002,2026-07-24T20:25:00Z,47,13.1,,,Provisional/Provisoire,,
05EA002,2026-07-24T20:30:00Z,47,13.1,,,Provisional/Provisoire,,
05EA002,2026-07-24T20:35:00Z,47,13.1,,,Provisional/Provisoire,,
05EA002,2026-07-24T20:40:00Z,47,13.1,,,Provisional/Provisoire,,
05EA002,2026-07-24T20:45:00Z,47,13.1,,,Provisional/Provisoire,,
05EA002,2026-07-24T20:50:00Z,47,13.1,,,Provisional/Provisoire,,
05EA002,2026-07-24T20:55:00Z,47,13.1,,,Provisional/Provisoire,,
05EA002,2026-07-24T21:00:00Z,47,13.1,,,Provisional/Provisoire,,
05EA002,2026-07-24T21:05:00Z,47,13.0,,,Provisional/Provisoire,,
05EA002,2026-07-24T21:10:00Z,47,13.1,,,Provisional/Provisoire,,
05EA002,2026-07-24T21:15:00Z,47,13.1,,,Provisional/Provisoire,,
05EA002,2026-07-24T21:20:00Z,47,13.1,,,Provisional/Provisoire,,
05EA002,2026-07-24T21:25:00Z,47,13.1,,,Provisional/Provisoire,,
05EA002,2026-07-24T21:30:00Z,47,13.1,,,Provisional/Provisoire,,
05EA002,2026-07-24T21:35:00Z,47,13.1,,,Provisional/Provisoire,,
05EA002,2026-07-24T21:40:00Z,47,13.1,,,Provisional/Provisoire,,
05EA002,2026-07-24T21:45:00Z,47,13.1,,,Provisional/Provisoire,,
05EA002,2026-07-24T21:50:00Z,47,13.1,,,Provisional/Provisoire,,
05EA002,2026-07-24T21:55:00Z,47,13.1,,,Provisional/Provisoire,,
05EA002,2026-07-24T22:00:00Z,47,13.1,,,Provisional/Provisoire,,
05EA002,2026-07-24T22:05:00Z,47,13.1,,,Provisional/Provisoire,,
05EA002,2026-07-24T22:10:00Z,47,13.1,,,Provisional/Provisoire,,
05EA002,2026-07-24T22:15:00Z,47,13.1,,,Provisional/Provisoire,,
05EA002,2026-07-24T22:20:00Z,47,13.0,,,Provisional/Provisoire,,
05EA002,2026-07-24T22:25:00Z,47,13.1,,,Provisional/Provisoire,,
05EA002,2026-07-24T22:30:00Z,47,13.0,,,Provisional/Provisoire,,
05EA002,2026-07-24T22:35:00Z,47,13.0,,,Provisional/Provisoire,,
05EA002,2026-07-24T22:40:00Z,47,13.1,,,Provisional/Provisoire,,
05EA002,2026-07-24T22:45:00Z,47,13.0,,,Provisional/Provisoire,,
05EA002,2026-07-24T22:50:00Z,47,13.0,,,Provisional/Provisoire,,
05EA002,2026-07-24T22:55:00Z,47,13.0,,,Provisional/Provisoire,,
05EA002,2026-07-24T23:00:00Z,47,13.0,,,Provisional/Provisoire,,
05EA002,2026-07-24T23:05:00Z,47,13.0,,,Provisional/Provisoire,,
05EA002,2026-07-24T23:10:00Z,47,13.0,,,Provisional/Provisoire,,
05EA002,2026-07-24T23:15:00Z,47,13.0,,,Provisional/Provisoire,,
05EA002,2026-07-24T23:20:00Z,47,13.0,,,Provisional/Provisoire,,
05EA002,2026-07-24T23:25:00Z,47,13.0,,,Provisional/Provisoire,,
05EA002,2026-07-24T23:30:00Z,47,13.0,,,Provisional/Provisoire,,
05EA002,2026-07-24T23:35:00Z,47,13.0,,,Provisional/Provisoire,,
05EA002,2026-07-24T23:40:00Z,47,13.0,,,Provisional/Provisoire,,
05EA002,2026-07-24T23:45:00Z,47,13.0,,,Provisional/Provisoire,,
05EA002,2026-07-24T23:50:00Z,47,13.0,,,Provisional/Provisoire,,
05EA002,2026-07-24T23:55:00Z,47,13.0,,,Provisional/Provisoire,,
05EA002,2026-07-25T00:00:00Z,47,13.0,,,Provisional/Provisoire,,
05EA002,2026-07-25T00:05:00Z,47,13.0,,,Provisional/Provisoire,,
05EA002,2026-07-25T00:10:00Z,47,13.0,,,Provisional/Provisoire,,
05EA002,2026-07-25T00:15:00Z,47,13.0,,,Provisional/Provisoire,,
05EA002,2026-07-25T00:20:00Z,47,13.0,,,Provisional/Provisoire,,
05EA002,2026-07-25T00:25:00Z,47,13.0,,,Provisional/Provisoire,,
05EA002,2026-07-25T00:30:00Z,47,13.0,,,Provisional/Provisoire,,
05EA002,2026-07-25T00:35:00Z,47,13.0,,,Provisional/Provisoire,,
05EA002,2026-07-25T00:40:00Z,47,13.0,,,Provisional/Provisoire,,
05EA002,2026-07-25T00:45:00Z,47,13.0,,,Provisional/Provisoire,,
05EA002,2026-07-25T00:50:00Z,47,13.0,,,Provisional/Provisoire,,
05EA002,2026-07-25T00:55:00Z,47,13.0,,,Provisional/Provisoire,,
05EA002,2026-07-25T01:00:00Z,47,12.9,,,Provisional/Provisoire,,
05EA002,2026-07-25T01:05:00Z,47,13.0,,,Provisional/Provisoire,,
05EA002,2026-07-25T01:10:00Z,47,12.9,,,Provisional/Provisoire,,
05EA002,2026-07-25T01:15:00Z,47,12.9,,,Provisional/Provisoire,,
05EA002,2026-07-25T01:20:00Z,47,12.9,,,Provisional/Provisoire,,
05EA002,2026-07-25T01:25:00Z,47,13.0,,,Provisional/Provisoire,,
05EA002,2026-07-25T01:30:00Z,47,12.9,,,Provisional/Provisoire,,
05EA002,2026-07-25T01:35:00Z,47,12.9,,,Provisional/Provisoire,,
05EA002,2026-07-25T01:40:00Z,47,12.9,,,Provisional/Provisoire,,
05EA002,2026-07-25T01:45:00Z,47,12.9,,,Provisional/Provisoire,,
05EA002,2026-07-25T01:50:00Z,47,12.9,,,Provisional/Provisoire,,
05EA002,2026-07-25T01:55:00Z,47,12.9,,,Provisional/Provisoire,,
05EA002,2026-07-25T02:00:00Z,47,12.9,,,Provisional/Provisoire,,
05EA002,2026-07-25T02:05:00Z,47,12.9,,,Provisional/Provisoire,,
05EA002,2026-07-25T02:10:00Z,47,12.9,,,Provisional/Provisoire,,
05EA002,2026-07-25T02:15:00Z,47,12.9,,,Provisional/Provisoire,,
05EA002,2026-07-25T02:20:00Z,47,12.9,,,Provisional/Provisoire,,
05EA002,2026-07-25T02:25:00Z,47,12.9,,,Provisional/Provisoire,,
05EA002,2026-07-25T02:30:00Z,47,12.9,,,Provisional/Provisoire,,
05EA002,2026-07-25T02:35:00Z,47,12.9,,,Provisional/Provisoire,,
05EA002,2026-07-25T02:40:00Z,47,12.9,,,Provisional/Provisoire,,
05EA002,2026-07-25T02:45:00Z,47,12.9,,,Provisional/Provisoire,,
05EA002,2026-07-25T02:50:00Z,47,12.9,,,Provisional/Provisoire,,
05EA002,2026-07-25T02:55:00Z,47,12.9,,,Provisional/Provisoire,,
05EA002,2026-07-25T03:00:00Z,47,12.9,,,Provisional/Provisoire,,
05EA002,2026-07-25T03:05:00Z,47,12.9,,,Provisional/Provisoire,,
05EA002,2026-07-25T03:10:00Z,47,12.9,,,Provisional/Provisoire,,
05EA002,2026-07-25T03:15:00Z,47,12.9,,,Provisional/Provisoire,,
05EA002,2026-07-25T03:20:00Z,47,12.9,,,Provisional/Provisoire,,
05EA002,2026-07-25T03:25:00Z,47,12.9,,,Provisional/Provisoire,,
05EA002,2026-07-25T03:30:00Z,47,12.9,,,Provisional/Provisoire,,
05EA002,2026-07-25T03:35:00Z,47,12.9,,,Provisional/Provisoire,,
05EA002,2026-07-25T03:40:00Z,47,12.9,,,Provisional/Provisoire,,
05EA002,2026-07-25T03:45:00Z,47,12.9,,,Provisional/Provisoire,,
05EA002,2026-07-25T03:50:00Z,47,12.9,,,Provisional/Provisoire,,
05EA002,2026-07-25T03:55:00Z,47,12.9,,,Provisional/Provisoire,,
05EA002,2026-07-25T04:00:00Z,47,12.9,,,Provisional/Provisoire,,
05EA002,2026-07-25T04:05:00Z,47,12.9,,,Provisional/Provisoire,,
05EA002,2026-07-25T04:10:00Z,47,12.8,,,Provisional/Provisoire,,
05EA002,2026-07-25T04:15:00Z,47,12.8,,,Provisional/Provisoire,,
05EA002,2026-07-25T04:20:00Z,47,12.9,,,Provisional/Provisoire,,
05EA002,2026-07-25T04:25:00Z,47,12.8,,,Provisional/Provisoire,,
05EA002,2026-07-25T04:30:00Z,47,12.8,,,Provisional/Provisoire,,
05EA002,2026-07-25T04:35:00Z,47,12.8,,,Provisional/Provisoire,,
05EA002,2026-07-25T04:40:00Z,47,12.8,,,Provisional/Provisoire,,
05EA002,2026-07-25T04:45:00Z,47,12.8,,,Provisional/Provisoire,,
05EA002,2026-07-25T04:50:00Z,47,12.8,,,Provisional/Provisoire,,
05EA002,2026-07-25T04:55:00Z,47,12.8,,,Provisional/Provisoire,,
05EA002,2026-07-25T05:00:00Z,47,12.8,,,Provisional/Provisoire,,
05EA002,2026-07-25T05:05:00Z,47,12.8,,,Provisional/Provisoire,,
05EA002,2026-07-25T05:10:00Z,47,12.8,,,Provisional/Provisoire,,
05EA002,2026-07-25T05:15:00Z,47,12.8,,,Provisional/Provisoire,,
05EA002,2026-07-25T05:20:00Z,47,12.8,,,Provisional/Provisoire,,
05EA002,2026-07-25T05:25:00Z,47,12.8,,,Provisional/Provisoire,,
05EA002,2026-07-25T05:30:00Z,47,12.8,,,Provisional/Provisoire,,
05EA002,2026-07-25T05:35:00Z,47,12.8,,,Provisional/Provisoire,,
05EA002,2026-07-25T05:40:00Z,47,12.8,,,Provisional/Provisoire,,
05EA002,2026-07-25T05:45:00Z,47,12.8,,,Provisional/Provisoire,,
05EA002,2026-07-25T05:50:00Z,47,12.8,,,Provisional/Provisoire,,
05EA002,2026-07-25T05:55:00Z,47,12.8,,,Provisional/Provisoire,,
05EA002,2026-07-25T06:00:00Z,47,12.8,,,Provisional/Provisoire,,
05EA002,2026-07-25T06:05:00Z,47,12.8,,,Provisional/Provisoire,,
05EA002,2026-07-25T06:10:00Z,47,12.8,,,Provisional/Provisoire,,
05EA002,2026-07-25T06:15:00Z,47,12.8,,,Provisional/Provisoire,,
05EA002,2026-07-25T06:20:00Z,47,12.8,,,Provisional/Provisoire,,
05EA002,2026-07-25T06:25:00Z,47,12.8,,,Provisional/Provisoire,,
05EA002,2026-07-25T06:30:00Z,47,12.8,,,Provisional/Provisoire,,
05EA002,2026-07-25T06:35:00Z,47,12.8,,,Provisional/Provisoire,,
05EA002,2026-07-25T06:40:00Z,47,12.8,,,Provisional/Provisoire,,
05EA002,2026-07-25T06:45:00Z,47,12.8,,,Provisional/Provisoire,,
05EA002,2026-07-25T06:50:00Z,47,12.8,,,Provisional/Provisoire,,
05EA002,2026-07-25T06:55:00Z,47,12.8,,,Provisional/Provisoire,,
05EA002,2026-07-25T07:00:00Z,47,12.8,,,Provisional/Provisoire,,
05EA002,2026-07-25T07:05:00Z,47,12.8,,,Provisional/Provisoire,,
05EA002,2026-07-25T07:10:00Z,47,12.8,,,Provisional/Provisoire,,
05EA002,2026-07-25T07:15:00Z,47,12.8,,,Provisional/Provisoire,,
05EA002,2026-07-25T07:20:00Z,47,12.8,,,Provisional/Provisoire,,
05EA002,2026-07-25T07:25:00Z,47,12.8,,,Provisional/Provisoire,,
05EA002,2026-07-25T07:30:00Z,47,12.8,,,Provisional/Provisoire,,
05EA002,2026-07-25T07:35:00Z,47,12.8,,,Provisional/Provisoire,,
05EA002,2026-07-25T07:40:00Z,47,12.7,,,Provisional/Provisoire,,
05EA002,2026-07-25T07:45:00Z,47,12.8,,,Provisional/Provisoire,,
05EA002,2026-07-25T07:50:00Z,47,12.7,,,Provisional/Provisoire,,
05EA002,2026-07-25T07:55:00Z,47,12.8,,,Provisional/Provisoire,,
05EA002,2026-07-25T08:00:00Z,47,12.8,,,Provisional/Provisoire,,
05EA002,2026-07-25T08:05:00Z,47,12.8,,,Provisional/Provisoire,,
05EA002,2026-07-25T08:10:00Z,47,12.7,,,Provisional/Provisoire,,
05EA002,2026-07-25T08:15:00Z,47,12.8,,,Provisional/Provisoire,,
05EA002,2026-07-25T08:20:00Z,47,12.8,,,Provisional/Provisoire,,
05EA002,2026-07-25T08:25:00Z,47,12.8,,,Provisional/Provisoire,,
05EA002,2026-07-25T08:30:00Z,47,12.8,,,Provisional/Provisoire,,
05EA002,2026-07-25T08:35:00Z,47,12.8,,,Provisional/Provisoire,,
05EA002,2026-07-25T08:40:00Z,47,12.7,,,Provisional/Provisoire,,
05EA002,2026-07-25T08:45:00Z,47,12.7,,,Provisional/Provisoire,,
05EA002,2026-07-25T08:50:00Z,47,12.8,,,Provisional/Provisoire,,
05EA002,2026-07-25T08:55:00Z,47,12.8,,,Provisional/Provisoire,,
05EA002,2026-07-25T09:00:00Z,47,12.7,,,Provisional/Provisoire,,
05EA002,2026-07-25T09:05:00Z,47,12.7,,,Provisional/Provisoire,,
05EA002,2026-07-25T09:10:00Z,47,12.7,,,Provisional/Provisoire,,
05EA002,2026-07-25T09:15:00Z,47,12.8,,,Provisional/Provisoire,,
05EA002,2026-07-25T09:20:00Z,47,12.7,,,Provisional/Provisoire,,
05EA002,2026-07-25T09:25:00Z,47,12.7,,,Provisional/Provisoire,,
05EA002,2026-07-25T09:30:00Z,47,12.7,,,Provisional/Provisoire,,
05EA002,2026-07-25T09:35:00Z,47,12.7,,,Provisional/Provisoire,,
05EA002,2026-07-25T09:40:00Z,47,12.7,,,Provisional/Provisoire,,
05EA002,2026-07-25T09:45:00Z,47,12.7,,,Provisional/Provisoire,,
05EA002,2026-07-25T09:50:00Z,47,12.7,,,Provisional/Provisoire,,
05EA002,2026-07-25T09:55:00Z,47,12.7,,,Provisional/Provisoire,,
05EA002,2026-07-25T10:00:00Z,47,12.7,,,Provisional/Provisoire,,
05EA002,2026-07-25T10:05:00Z,47,12.7,,,Provisional/Provisoire,,
05EA002,2026-07-25T10:10:00Z,47,12.8,,,Provisional/Provisoire,,
05EA002,2026-07-25T10:15:00Z,47,12.8,,,Provisional/Provisoire,,
05EA002,2026-07-25T10:20:00Z,47,12.8,,,Provisional/Provisoire,,
05EA002,2026-07-25T10:25:00Z,47,12.7,,,Provisional/Provisoire,,
05EA002,2026-07-25T10:30:00Z,47,12.7,,,Provisional/Provisoire,,
05EA002,2026-07-25T10:35:00Z,47,12.7,,,Provisional/Provisoire,,
05EA002,2026-07-25T10:40:00Z,47,12.7,,,Provisional/Provisoire,,
05EA002,2026-07-25T10:45:00Z,47,12.7,,,Provisional/Provisoire,,
05EA002,2026-07-25T10:50:00Z,47,12.7,,,Provisional/Provisoire,,
05EA002,2026-07-25T10:55:00Z,47,12.7,,,Provisional/Provisoire,,
05EA002,2026-07-25T11:00:00Z,47,12.7,,,Provisional/Provisoire,,
05EA002,2026-07-25T11:05:00Z,47,12.7,,,Provisional/Provisoire,,
05EA002,2026-07-25T11:10:00Z,47,12.7,,,Provisional/Provisoire,,
05EA002,2026-07-25T11:15:00Z,47,12.7,,,Provisional/Provisoire,,
05EA002,2026-07-25T11:20:00Z,47,12.7,,,Provisional/Provisoire,,
05EA002,2026-07-25T11:25:00Z,47,12.7,,,Provisional/Provisoire,,
05EA002,2026-07-25T11:30:00Z,47,12.7,,,Provisional/Provisoire,,
05EA002,2026-07-25T11:35:00Z,47,12.7,,,Provisional/Provisoire,,
05EA002,2026-07-25T11:40:00Z,47,12.7,,,Provisional/Provisoire,,
05EA002,2026-07-25T11:45:00Z,47,12.7,,,Provisional/Provisoire,,
05EA002,2026-07-25T11:50:00Z,47,12.7,,,Provisional/Provisoire,,
05EA002,2026-07-25T11:55:00Z,47,12.7,,,Provisional/Provisoire,,
05EA002,2026-07-25T12:00:00Z,47,12.7,,,Provisional/Provisoire,,
05EA002,2026-07-25T12:05:00Z,47,12.7,,,Provisional/Provisoire,,
05EA002,2026-07-25T12:10:00Z,47,12.7,,,Provisional/Provisoire,,
05EA002,2026-07-25T12:15:00Z,47,12.7,,,Provisional/Provisoire,,
05EA002,2026-07-25T12:20:00Z,47,12.7,,,Provisional/Provisoire,,
05EA002,2026-07-25T12:25:00Z,47,12.7,,,Provisional/Provisoire,,
05EA002,2026-07-25T12:30:00Z,47,12.7,,,Provisional/Provisoire,,
05EA002,2026-07-25T12:35:00Z,47,12.7,,,Provisional/Provisoire,,
05EA002,2026-07-25T12:40:00Z,47,12.7,,,Provisional/Provisoire,,
05EA002,2026-07-25T12:45:00Z,47,12.7,,,Provisional/Provisoire,,
05EA002,2026-07-25T12:50:00Z,47,12.7,,,Provisional/Provisoire,,
05EA002,2026-07-25T12:55:00Z,47,12.7,,,Provisional/Provisoire,,
05EA002,2026-07-25T13:00:00Z,47,12.7,,,Provisional/Provisoire,,
05EA002,2026-07-25T13:05:00Z,47,12.7,,,Provisional/Provisoire,,
05EA002,2026-07-25T13:10:00Z,47,12.7,,,Provisional/Provisoire,,
05EA002,2026-07-25T13:15:00Z,47,12.7,,,Provisional/Provisoire,,
05EA002,2026-07-25T13:20:00Z,47,12.7,,,Provisional/Provisoire,,
05EA002,2026-07-25T13:25:00Z,47,12.7,,,Provisional/Provisoire,,
05EA002,2026-07-25T13:30:00Z,47,12.7,,,Provisional/Provisoire,,
05EA002,2026-07-25T13:35:00Z,47,12.7,,,Provisional/Provisoire,,
05EA002,2026-07-25T13:40:00Z,47,12.7,,,Provisional/Provisoire,,
05EA002,2026-07-25T13:45:00Z,47,12.7,,,Provisional/Provisoire,,
05EA002,2026-07-25T13:50:00Z,47,12.7,,,Provisional/Provisoire,,
05EA002,2026-07-25T13:55:00Z,47,12.7,,,Provisional/Provisoire,,
05EA002,2026-07-25T14:00:00Z,47,12.7,,,Provisional/Provisoire,,
05EA002,2026-07-25T14:05:00Z,47,12.7,,,Provisional/Provisoire,,
05EA002,2026-07-25T14:10:00Z,47,12.6,,,Provisional/Provisoire,,
05EA002,2026-07-25T14:15:00Z,47,12.7,,,Provisional/Provisoire,,
05EA002,2026-07-25T14:20:00Z,47,12.6,,,Provisional/Provisoire,,
05EA002,2026-07-25T14:25:00Z,47,12.6,,,Provisional/Provisoire,,
05EA002,2026-07-25T14:30:00Z,47,12.6,,,Provisional/Provisoire,,
05EA002,2026-07-25T14:35:00Z,47,12.6,,,Provisional/Provisoire,,
05EA002,2026-07-25T14:40:00Z,47,12.6,,,Provisional/Provisoire,,
05EA002,2026-07-25T14:45:00Z,47,12.6,,,Provisional/Provisoire,,
05EA002,2026-07-25T14:50:00Z,47,12.6,,,Provisional/Provisoire,,
05EA002,2026-07-25T14:55:00Z,47,12.6,,,Provisional/Provisoire,,
05EA002,2026-07-25T15:00:00Z,47,12.6,,,Provisional/Provisoire,,
05EA002,2026-07-25T15:05:00Z,47,12.6,,,Provisional/Provisoire,,
05EA002,2026-07-25T15:10:00Z,47,12.6,,,Provisional/Provisoire,,
05EA002,2026-07-25T15:15:00Z,47,12.6,,,Provisional/Provisoire,,
05EA002,2026-07-25T15:20:00Z,47,12.6,,,Provisional/Provisoire,,
05EA002,2026-07-25T15:25:00Z,47,12.6,,,Provisional/Provisoire,,
05EA002,2026-07-25T15:30:00Z,47,12.6,,,Provisional/Provisoire,,
05EA002,2026-07-25T15:35:00Z,47,12.6,,,Provisional/Provisoire,,
05EA002,2026-07-25T15:40:00Z,47,12.6,,,Provisional/Provisoire,,
05EA002,2026-07-25T15:45:00Z,47,12.6,,,Provisional/Provisoire,,
05EA002,2026-07-25T15:50:00Z,47,12.6,,,Provisional/Provisoire,,
05EA002,2026-07-25T15:55:00Z,47,12.6,,,Provisional/Provisoire,,
05EA002,2026-07-25T16:00:00Z,47,12.6,,,Provisional/Provisoire,,
05EA002,2026-07-25T16:05:00Z,47,12.6,,,Provisional/Provisoire,,
05EA002,2026-07-25T16:10:00Z,47,12.6,,,Provisional/Provisoire,,
05EA002,2026-07-25T16:15:00Z,47,12.6,,,Provisional/Provisoire,,
05EA002,2026-07-25T16:20:00Z,47,12.6,,,Provisional/Provisoire,,
05EA002,2026-07-25T16:25:00Z,47,12.6,,,Provisional/Provisoire,,
05EA002,2026-07-25T16:30:00Z,47,12.6,,,Provisional/Provisoire,,
05EA002,2026-07-25T16:35:00Z,47,12.6,,,Provisional/Provisoire,,
05EA002,2026-07-25T16:40:00Z,47,12.6,,,Provisional/Provisoire,,
05EA002,2026-07-25T16:45:00Z,47,12.5,,,Provisional/Provisoire,,
05EA002,2026-07-25T16:50:00Z,47,12.5,,,Provisional/Provisoire,,
05EA002,2026-07-25T16:55:00Z,47,12.5,,,Provisional/Provisoire,,
05EA002,2026-07-25T17:00:00Z,47,12.5,,,Provisional/Provisoire,,
05EA002,2026-07-25T17:05:00Z,47,12.5,,,Provisional/Provisoire,,
05EA002,2026-07-25T17:10:00Z,47,12.5,,,Provisional/Provisoire,,
05EA002,2026-07-25T17:15:00Z,47,12.5,,,Provisional/Provisoire,,
05EA002,2026-07-25T17:20:00Z,47,12.5,,,Provisional/Provisoire,,
05EA002,2026-07-25T17:25:00Z,47,12.5,,,Provisional/Provisoire,,
05EA002,2026-07-25T17:30:00Z,47,12.5,,,Provisional/Provisoire,,
05EA002,2026-07-25T17:35:00Z,47,12.5,,,Provisional/Provisoire,,
05EA002,2026-07-25T17:40:00Z,47,12.5,,,Provisional/Provisoire,,
05EA002,2026-07-25T17:45:00Z,47,12.5,,,Provisional/Provisoire,,
05EA002,2026-07-25T17:50:00Z,47,12.5,,,Provisional/Provisoire,,
05EA002,2026-07-25T17:55:00Z,47,12.5,,,Provisional/Provisoire,,
05EA002,2026-07-25T18:00:00Z,47,12.5,,,Provisional/Provisoire,,
05EA002,2026-07-25T18:05:00Z,47,12.5,,,Provisional/Provisoire,,
05EA002,2026-07-25T18:10:00Z,47,12.5,,,Provisional/Provisoire,,
05EA002,2026-07-25T18:15:00Z,47,12.5,,,Provisional/Provisoire,,
05EA002,2026-07-25T18:20:00Z,47,12.5,,,Provisional/Provisoire,,
05EA002,2026-07-25T18:25:00Z,47,12.4,,,Provisional/Provisoire,,
05EA002,2026-07-25T18:30:00Z,47,12.5,,,Provisional/Provisoire,,
05EA002,2026-07-25T18:35:00Z,47,12.4,,,Provisional/Provisoire,,
05EA002,2026-07-25T18:40:00Z,47,12.4,,,Provisional/Provisoire,,
05EA002,2026-07-25T18:45:00Z,47,12.4,,,Provisional/Provisoire,,
05EA002,2026-07-25T18:50:00Z,47,12.4,,,Provisional/Provisoire,,
05EA002,2026-07-25T18:55:00Z,47,12.4,,,Provisional/Provisoire,,
05EA002,2026-07-25T19:00:00Z,47,12.4,,,Provisional/Provisoire,,
05EA002,2026-07-25T19:05:00Z,47,12.4,,,Provisional/Provisoire,,
05EA002,2026-07-25T19:10:00Z,47,12.4,,,Provisional/Provisoire,,
05EA002,2026-07-25T19:15:00Z,47,12.4,,,Provisional/Provisoire,,
05EA002,2026-07-25T19:20:00Z,47,12.4,,,Provisional/Provisoire,,
05EA002,2026-07-25T19:25:00Z,47,12.3,,,Provisional/Provisoire,,
05EA002,2026-07-25T19:30:00Z,47,12.4,,,Provisional/Provisoire,,
05EA002,2026-07-25T19:35:00Z,47,12.4,,,Provisional/Provisoire,,
05EA002,2026-07-25T19:40:00Z,47,12.3,,,Provisional/Provisoire,,
05EA002,2026-07-25T19:45:00Z,47,12.3,,,Provisional/Provisoire,,
05EA002,2026-07-25T19:50:00Z,47,12.3,,,Provisional/Provisoire,,
05EA002,2026-07-25T19:55:00Z,47,12.3,,,Provisional/Provisoire,,
05EA002,2026-07-25T20:00:00Z,47,12.3,,,Provisional/Provisoire,,
05EA002,2026-07-25T20:05:00Z,47,12.3,,,Provisional/Provisoire,,
05EA002,2026-07-25T20:10:00Z,47,12.3,,,Provisional/Provisoire,,
05EA002,2026-07-25T20:15:00Z,47,12.3,,,Provisional/Provisoire,,
05EA002,2026-07-25T20:20:00Z,47,12.3,,,Provisional/Provisoire,,
05EA002,2026-07-25T20:25:00Z,47,12.4,,,Provisional/Provisoire,,
05EA002,2026-07-25T20:30:00Z,47,12.3,,,Provisional/Provisoire,,
05EA002,2026-07-25T20:35:00Z,47,12.3,,,Provisional/Provisoire,,
05EA002,2026-07-25T20:40:00Z,47,12.3,,,Provisional/Provisoire,,
05EA002,2026-07-25T20:45:00Z,47,12.3,,,Provisional/Provisoire,,
05EA002,2026-07-25T20:50:00Z,47,12.4,,,Provisional/Provisoire,,
05EA002,2026-07-25T20:55:00Z,47,12.4,,,Provisional/Provisoire,,
05EA002,2026-07-25T21:00:00Z,47,12.3,,,Provisional/Provisoire,,
05EA002,2026-07-25T21:05:00Z,47,12.4,,,Provisional/Provisoire,,
05EA002,2026-07-25T21:10:00Z,47,12.4,,,Provisional/Provisoire,,
05EA002,2026-07-25T21:15:00Z,47,12.4,,,Provisional/Provisoire,,
05EA002,2026-07-25T21:20:00Z,47,12.4,,,Provisional/Provisoire,,
05EA002,2026-07-25T21:25:00Z,47,12.3,,,Provisional/Provisoire,,
05EA002,2026-07-25T21:30:00Z,47,12.3,,,Provisional/Provisoire,,
05EA002,2026-07-25T21:35:00Z,47,12.3,,,Provisional/Provisoire,,
05EA002,2026-07-25T21:40:00Z,47,12.4,,,Provisional/Provisoire,,
05EA002,2026-07-25T21:45:00Z,47,12.3,,,Provisional/Provisoire,,
05EA002,2026-07-25T21:50:00Z,47,12.3,,,Provisional/Provisoire,,
05EA002,2026-07-25T21:55:00Z,47,12.3,,,Provisional/Provisoire,,
05EA002,2026-07-25T22:00:00Z,47,12.3,,,Provisional/Provisoire,,
05EA002,2026-07-25T22:05:00Z,47,12.3,,,Provisional/Provisoire,,
05EA002,2026-07-25T22:10:00Z,47,12.3,,,Provisional/Provisoire,,
05EA002,2026-07-25T22:15:00Z,47,12.3,,,Provisional/Provisoire,,
05EA002,2026-07-25T22:20:00Z,47,12.3,,,Provisional/Provisoire,,
05EA002,2026-07-25T22:25:00Z,47,12.3,,,Provisional/Provisoire,,
05EA002,2026-07-25T22:30:00Z,47,12.3,,,Provisional/Provisoire,,
05EA002,2026-07-25T22:35:00Z,47,12.3,,,Provisional/Provisoire,,
05EA002,2026-07-25T22:40:00Z,47,12.3,,,Provisional/Provisoire,,
05EA002,2026-07-25T22:45:00Z,47,12.3,,,Provisional/Provisoire,,
05EA002,2026-07-25T22:50:00Z,47,12.3,,,Provisional/Provisoire,,
05EA002,2026-07-25T22:55:00Z,47,12.2,,,Provisional/Provisoire,,
05EA002,2026-07-25T23:00:00Z,47,12.3,,,Provisional/Provisoire,,
05EA002,2026-07-25T23:05:00Z,47,12.3,,,Provisional/Provisoire,,
05EA002,2026-07-25T23:10:00Z,47,12.3,,,Provisional/Provisoire,,
05EA002,2026-07-25T23:15:00Z,47,12.3,,,Provisional/Provisoire,,
05EA002,2026-07-25T23:20:00Z,47,12.3,,,Provisional/Provisoire,,
05EA002,2026-07-25T23:25:00Z,47,12.3,,,Provisional/Provisoire,,
05EA002,2026-07-25T23:30:00Z,47,12.3,,,Provisional/Provisoire,,
05EA002,2026-07-25T23:35:00Z,47,12.3,,,Provisional/Provisoire,,
05EA002,2026-07-25T23:40:00Z,47,12.3,,,Provisional/Provisoire,,
05EA002,2026-07-25T23:45:00Z,47,12.2,,,Provisional/Provisoire,,
05EA002,2026-07-25T23:50:00Z,47,12.2,,,Provisional/Provisoire,,
05EA002,2026-07-25T23:55:00Z,47,12.2,,,Provisional/Provisoire,,
05EA002,2026-07-26T00:00:00Z,47,12.2,,,Provisional/Provisoire,,
05EA002,2026-07-26T00:05:00Z,47,12.2,,,Provisional/Provisoire,,
05EA002,2026-07-26T00:10:00Z,47,12.2,,,Provisional/Provisoire,,
05EA002,2026-07-26T00:15:00Z,47,12.2,,,Provisional/Provisoire,,
05EA002,2026-07-26T00:20:00Z,47,12.2,,,Provisional/Provisoire,,
05EA002,2026-07-26T00:25:00Z,47,12.2,,,Provisional/Provisoire,,
05EA002,2026-07-26T00:30:00Z,47,12.2,,,Provisional/Provisoire,,
05EA002,2026-07-26T00:35:00Z,47,12.2,,,Provisional/Provisoire,,
05EA002,2026-07-26T00:40:00Z,47,12.2,,,Provisional/Provisoire,,
05EA002,2026-07-26T00:45:00Z,47,12.2,,,Provisional/Provisoire,,
05EA002,2026-07-26T00:50:00Z,47,12.2,,,Provisional/Provisoire,,
05EA002,2026-07-26T00:55:00Z,47,12.2,,,Provisional/Provisoire,,
05EA002,2026-07-26T01:00:00Z,47,12.2,,,Provisional/Provisoire,,
05EA002,2026-07-26T01:05:00Z,47,12.2,,,Provisional/Provisoire,,
05EA002,2026-07-26T01:10:00Z,47,12.2,,,Provisional/Provisoire,,
05EA002,2026-07-26T01:15:00Z,47,12.2,,,Provisional/Provisoire,,
05EA002,2026-07-26T01:20:00Z,47,12.1,,,Provisional/Provisoire,,
05EA002,2026-07-26T01:25:00Z,47,12.1,,,Provisional/Provisoire,,
05EA002,2026-07-26T01:30:00Z,47,12.1,,,Provisional/Provisoire,,
05EA002,2026-07-26T01:35:00Z,47,12.1,,,Provisional/Provisoire,,
05EA002,2026-07-26T01:40:00Z,47,12.1,,,Provisional/Provisoire,,
05EA002,2026-07-26T01:45:00Z,47,12.1,,,Provisional/Provisoire,,
05EA002,2026-07-26T01:50:00Z,47,12.1,,,Provisional/Provisoire,,
05EA002,2026-07-26T01:55:00Z,47,12.1,,,Provisional/Provisoire,,
05EA002,2026-07-26T02:00:00Z,47,12.1,,,Provisional/Provisoire,,
05EA002,2026-07-26T02:05:00Z,47,12.1,,,Provisional/Provisoire,,
05EA002,2026-07-26T02:10:00Z,47,12.1,,,Provisional/Provisoire,,
05EA002,2026-07-26T02:15:00Z,47,12.1,,,Provisional/Provisoire,,
05EA002,2026-07-26T02:20:00Z,47,12.1,,,Provisional/Provisoire,,
05EA002,2026-07-26T02:25:00Z,47,12.1,,,Provisional/Provisoire,,
05EA002,2026-07-26T02:30:00Z,47,12.1,,,Provisional/Provisoire,,
05EA002,2026-07-26T02:35:00Z,47,12.1,,,Provisional/Provisoire,,
05EA002,2026-07-26T02:40:00Z,47,12.1,,,Provisional/Provisoire,,
05EA002,2026-07-26T02:45:00Z,47,12.1,,,Provisional/Provisoire,,
05EA002,2026-07-26T02:50:00Z,47,12.1,,,Provisional/Provisoire,,
05EA002,2026-07-26T02:55:00Z,47,12.1,,,Provisional/Provisoire,,
05EA002,2026-07-26T03:00:00Z,47,12.1,,,Provisional/Provisoire,,
05EA002,2026-07-26T03:05:00Z,47,12.1,,,Provisional/Provisoire,,
05EA002,2026-07-26T03:10:00Z,47,12.1,,,Provisional/Provisoire,,
05EA002,2026-07-26T03:15:00Z,47,12.0,,,Provisional/Provisoire,,
05EA002,2026-07-26T03:20:00Z,47,12.0,,,Provisional/Provisoire,,
05EA002,2026-07-26T03:25:00Z,47,12.0,,,Provisional/Provisoire,,
05EA002,2026-07-26T03:30:00Z,47,12.0,,,Provisional/Provisoire,,
05EA002,2026-07-26T03:35:00Z,47,12.0,,,Provisional/Provisoire,,
05EA002,2026-07-26T03:40:00Z,47,12.2,,,Provisional/Provisoire,,
05EA002,2026-07-26T03:45:00Z,47,12.2,,,Provisional/Provisoire,,
05EA002,2026-07-26T03:50:00Z,47,12.4,,,Provisional/Provisoire,,
05EA002,2026-07-26T03:55:00Z,47,13.0,,,Provisional/Provisoire,,
05EA002,2026-07-26T04:00:00Z,47,13.3,,,Provisional/Provisoire,,
05EA002,2026-07-26T04:05:00Z,47,13.5,,,Provisional/Provisoire,,
05EA002,2026-07-26T04:10:00Z,47,13.5,,,Provisional/Provisoire,,
05EA002,2026-07-26T04:15:00Z,47,13.7,,,Provisional/Provisoire,,
05EA002,2026-07-26T04:20:00Z,47,13.6,,,Provisional/Provisoire,,
05EA002,2026-07-26T04:25:00Z,47,13.3,,,Provisional/Provisoire,,
05EA002,2026-07-26T04:30:00Z,47,13.2,,,Provisional/Provisoire,,
05EA002,2026-07-26T04:35:00Z,47,13.0,,,Provisional/Provisoire,,
05EA002,2026-07-26T04:40:00Z,47,12.9,,,Provisional/Provisoire,,
05EA002,2026-07-26T04:45:00Z,47,12.7,,,Provisional/Provisoire,,
05EA002,2026-07-26T04:50:00Z,47,12.6,,,Provisional/Provisoire,,
05EA002,2026-07-26T04:55:00Z,47,12.6,,,Provisional/Provisoire,,
05EA002,2026-07-26T05:00:00Z,47,12.6,,,Provisional/Provisoire,,
05EA002,2026-07-26T05:05:00Z,47,12.6,,,Provisional/Provisoire,,
05EA002,2026-07-26T05:10:00Z,47,12.6,,,Provisional/Provisoire,,
05EA002,2026-07-26T05:15:00Z,47,12.6,,,Provisional/Provisoire,,
05EA002,2026-07-26T05:20:00Z,47,12.6,,,Provisional/Provisoire,,
05EA002,2026-07-26T05:25:00Z,47,12.6,,,Provisional/Provisoire,,
05EA002,2026-07-26T05:30:00Z,47,12.6,,,Provisional/Provisoire,,
05EA002,2026-07-26T05:35:00Z,47,12.6,,,Provisional/Provisoire,,
05EA002,2026-07-26T05:40:00Z,47,12.6,,,Provisional/Provisoire,,
05EA002,2026-07-26T05:45:00Z,47,12.6,,,Provisional/Provisoire,,
05EA002,2026-07-26T05:50:00Z,47,12.6,,,Provisional/Provisoire,,
05EA002,2026-07-26T05:55:00Z,47,12.6,,,Provisional/Provisoire,,
05EA002,2026-07-26T06:00:00Z,47,12.7,,,Provisional/Provisoire,,
05EA002,2026-07-26T06:05:00Z,47,12.6,,,Provisional/Provisoire,,
05EA002,2026-07-26T06:10:00Z,47,12.6,,,Provisional/Provisoire,,
05EA002,2026-07-26T06:15:00Z,47,12.7,,,Provisional/Provisoire,,
05EA002,2026-07-26T06:20:00Z,47,12.7,,,Provisional/Provisoire,,
05EA002,2026-07-26T06:25:00Z,47,12.7,,,Provisional/Provisoire,,
05EA002,2026-07-26T06:30:00Z,47,12.6,,,Provisional/Provisoire,,
05EA002,2026-07-26T06:35:00Z,47,12.7,,,Provisional/Provisoire,,
05EA002,2026-07-26T06:40:00Z,47,12.7,,,Provisional/Provisoire,,
05EA002,2026-07-26T06:45:00Z,47,12.6,,,Provisional/Provisoire,,
05EA002,2026-07-26T06:50:00Z,47,12.6,,,Provisional/Provisoire,,
05EA002,2026-07-26T06:55:00Z,47,12.6,,,Provisional/Provisoire,,
05EA002,2026-07-26T07:00:00Z,47,12.6,,,Provisional/Provisoire,,
05EA002,2026-07-26T07:05:00Z,47,12.6,,,Provisional/Provisoire,,
05EA002,2026-07-26T07:10:00Z,47,12.6,,,Provisional/Provisoire,,
05EA002,2026-07-26T07:15:00Z,47,12.6,,,Provisional/Provisoire,,
05EA002,2026-07-26T07:20:00Z,47,12.6,,,Provisional/Provisoire,,
05EA002,2026-07-26T07:25:00Z,47,12.6,,,Provisional/Provisoire,,
05EA002,2026-07-26T07:30:00Z,47,12.6,,,Provisional/Provisoire,,
05EA002,2026-07-26T07:35:00Z,47,12.6,,,Provisional/Provisoire,,
05EA002,2026-07-26T07:40:00Z,47,12.6,,,Provisional/Provisoire,,
05EA002,2026-07-26T07:45:00Z,47,12.6,,,Provisional/Provisoire,,
05EA002,2026-07-26T07:50:00Z,47,12.6,,,Provisional/Provisoire,,
05EA002,2026-07-26T07:55:00Z,47,12.6,,,Provisional/Provisoire,,
05EA002,2026-07-26T08:00:00Z,47,12.6,,,Provisional/Provisoire,,
05EA002,2026-07-26T08:05:00Z,47,12.6,,,Provisional/Provisoire,,
05EA002,2026-07-26T08:10:00Z,47,12.6,,,Provisional/Provisoire,,
05EA002,2026-07-26T08:15:00Z,47,12.6,,,Provisional/Provisoire,,
05EA002,2026-07-26T08:20:00Z,47,12.6,,,Provisional/Provisoire,,
05EA002,2026-07-26T08:25:00Z,47,12.6,,,Provisional/Provisoire,,
05EA002,2026-07-26T08:30:00Z,47,12.6,,,Provisional/Provisoire,,
05EA002,2026-07-26T08:35:00Z,47,12.7,,,Provisional/Provisoire,,
05EA002,2026-07-26T08:40:00Z,47,12.6,,,Provisional/Provisoire,,
05EA002,2026-07-26T08:45:00Z,47,12.6,,,Provisional/Provisoire,,
05EA002,2026-07-26T08:50:00Z,47,12.6,,,Provisional/Provisoire,,
05EA002,2026-07-26T08:55:00Z,47,12.6,,,Provisional/Provisoire,,
05EA002,2026-07-26T09:00:00Z,47,12.6,,,Provisional/Provisoire,,
05EA002,2026-07-26T09:05:00Z,47,12.6,,,Provisional/Provisoire,,
05EA002,2026-07-26T09:10:00Z,47,12.6,,,Provisional/Provisoire,,
05EA002,2026-07-26T09:15:00Z,47,12.6,,,Provisional/Provisoire,,
05EA002,2026-07-26T09:20:00Z,47,12.6,,,Provisional/Provisoire,,
05EA002,2026-07-26T09:25:00Z,47,12.6,,,Provisional/Provisoire,,
05EA002,2026-07-26T09:30:00Z,47,12.6,,,Provisional/Provisoire,,
05EA002,2026-07-26T09:35:00Z,47,12.6,,,Provisional/Provisoire,,
05EA002,2026-07-26T09:40:00Z,47,12.5,,,Provisional/Provisoire,,
05EA002,2026-07-26T09:45:00Z,47,12.5,,,Provisional/Provisoire,,
05EA002,2026-07-26T09:50:00Z,47,12.6,,,Provisional/Provisoire,,
05EA002,2026-07-26T09:55:00Z,47,12.5,,,Provisional/Provisoire,,
05EA002,2026-07-26T10:00:00Z,47,12.5,,,Provisional/Provisoire,,
05EA002,2026-07-26T10:05:00Z,47,12.5,,,Provisional/Provisoire,,
05EA002,2026-07-26T10:10:00Z,47,12.5,,,Provisional/Provisoire,,
05EA002,2026-07-26T10:15:00Z,47,12.5,,,Provisional/Provisoire,,
05EA002,2026-07-26T10:20:00Z,47,12.5,,,Provisional/Provisoire,,
05EA002,2026-07-26T10:25:00Z,47,12.5,,,Provisional/Provisoire,,
05EA002,2026-07-26T10:30:00Z,47,12.5,,,Provisional/Provisoire,,
05EA002,2026-07-26T10:35:00Z,47,12.5,,,Provisional/Provisoire,,
05EA002,2026-07-26T10:40:00Z,47,12.5,,,Provisional/Provisoire,,
05EA002,2026-07-26T10:45:00Z,47,12.5,,,Provisional/Provisoire,,
05EA002,2026-07-26T10:50:00Z,47,12.5,,,Provisional/Provisoire,,
05EA002,2026-07-26T10:55:00Z,47,12.5,,,Provisional/Provisoire,,
05EA002,2026-07-26T11:00:00Z,47,12.5,,,Provisional/Provisoire,,
05EA002,2026-07-26T11:05:00Z,47,12.5,,,Provisional/Provisoire,,
05EA002,2026-07-26T11:10:00Z,47,12.5,,,Provisional/Provisoire,,
05EA002,2026-07-26T11:15:00Z,47,12.5,,,Provisional/Provisoire,,
05EA002,2026-07-26T11:20:00Z,47,12.5,,,Provisional/Provisoire,,
05EA002,2026-07-26T11:25:00Z,47,12.5,,,Provisional/Provisoire,,
05EA002,2026-07-26T11:30:00Z,47,12.5,,,Provisional/Provisoire,,
05EA002,2026-07-26T11:35:00Z,47,12.5,,,Provisional/Provisoire,,
05EA002,2026-07-26T11:40:00Z,47,12.5,,,Provisional/Provisoire,,
05EA002,2026-07-26T11:45:00Z,47,12.5,,,Provisional/Provisoire,,
05EA002,2026-07-26T11:50:00Z,47,12.5,,,Provisional/Provisoire,,
05EA002,2026-07-26T11:55:00Z,47,12.5,,,Provisional/Provisoire,,
05EA002,2026-07-26T12:00:00Z,47,12.5,,,Provisional/Provisoire,,
05EA002,2026-07-26T12:05:00Z,47,12.5,,,Provisional/Provisoire,,
05EA002,2026-07-26T12:10:00Z,47,12.5,,,Provisional/Provisoire,,
05EA002,2026-07-26T12:15:00Z,47,12.5,,,Provisional/Provisoire,,
05EA002,2026-07-26T12:20:00Z,47,12.5,,,Provisional/Provisoire,,
05EA002,2026-07-26T12:25:00Z,47,12.5,,,Provisional/Provisoire,,
05EA002,2026-07-26T12:30:00Z,47,12.5,,,Provisional/Provisoire,,
05EA002,2026-07-26T12:35:00Z,47,12.5,,,Provisional/Provisoire,,
05EA002,2026-07-26T12:40:00Z,47,12.5,,,Provisional/Provisoire,,
05EA002,2026-07-26T12:45:00Z,47,12.5,,,Provisional/Provisoire,,
05EA002,2026-07-26T12:50:00Z,47,12.5,,,Provisional/Provisoire,,
05EA002,2026-07-26T12:55:00Z,47,12.5,,,Provisional/Provisoire,,
05EA002,2026-07-26T13:00:00Z,47,12.5,,,Provisional/Provisoire,,
05EA002,2026-07-26T13:05:00Z,47,12.5,,,Provisional/Provisoire,,
05EA002,2026-07-26T13:10:00Z,47,12.5,,,Provisional/Provisoire,,
05EA002,2026-07-26T13:15:00Z,47,12.5,,,Provisional/Provisoire,,
05EA002,2026-07-26T13:20:00Z,47,12.5,,,Provisional/Provisoire,,
05EA002,2026-07-26T13:25:00Z,47,12.5,,,Provisional/Provisoire,,
05EA002,2026-07-26T13:30:00Z,47,12.5,,,Provisional/Provisoire,,
05EA002,2026-07-26T13:35:00Z,47,12.5,,,Provisional/Provisoire,,
05EA002,2026-07-26T13:40:00Z,47,12.5,,,Provisional/Provisoire,,
05EA002,2026-07-26T13:45:00Z,47,12.5,,,Provisional/Provisoire,,
05EA002,2026-07-26T13:50:00Z,47,12.5,,,Provisional/Provisoire,,
05EA002,2026-07-26T13:55:00Z,47,12.5,,,Provisional/Provisoire,,
05EA002,2026-07-26T14:00:00Z,47,12.5,,,Provisional/Provisoire,,
05EA002,2026-07-26T14:05:00Z,47,12.5,,,Provisional/Provisoire,,
05EA002,2026-07-26T14:10:00Z,47,12.5,,,Provisional/Provisoire,,
05EA002,2026-07-26T14:15:00Z,47,12.5,,,Provisional/Provisoire,,
05EA002,2026-07-26T14:20:00Z,47,12.5,,,Provisional/Provisoire,,
05EA002,2026-07-26T14:25:00Z,47,12.5,,,Provisional/Provisoire,,
05EA002,2026-07-26T14:30:00Z,47,12.5,,,Provisional/Provisoire,,
05EA002,2026-07-26T14:35:00Z,47,12.5,,,Provisional/Provisoire,,
05EA002,2026-07-26T14:40:00Z,47,12.4,,,Provisional/Provisoire,,
05EA002,2026-07-26T14:45:00Z,47,12.5,,,Provisional/Provisoire,,
05EA002,2026-07-26T14:50:00Z,47,12.4,,,Provisional/Provisoire,,
05EA002,2026-07-26T14:55:00Z,47,12.5,,,Provisional/Provisoire,,
05EA002,2026-07-26T15:00:00Z,47,12.4,,,Provisional/Provisoire,,
05EA002,2026-07-26T15:05:00Z,47,12.5,,,Provisional/Provisoire,,
05EA002,2026-07-26T15:10:00Z,47,12.5,,,Provisional/Provisoire,,
05EA002,2026-07-26T15:15:00Z,47,12.5,,,Provisional/Provisoire,,
05EA002,2026-07-26T15:20:00Z,47,12.4,,,Provisional/Provisoire,,
05EA002,2026-07-26T15:25:00Z,47,12.5,,,Provisional/Provisoire,,
05EA002,2026-07-26T15:30:00Z,47,12.5,,,Provisional/Provisoire,,
05EA002,2026-07-26T15:35:00Z,47,12.5,,,Provisional/Provisoire,,
05EA002,2026-07-26T15:40:00Z,47,12.4,,,Provisional/Provisoire,,
05EA002,2026-07-26T15:45:00Z,47,12.5,,,Provisional/Provisoire,,
05EA002,2026-07-26T15:50:00Z,47,12.5,,,Provisional/Provisoire,,
05EA002,2026-07-26T15:55:00Z,47,12.4,,,Provisional/Provisoire,,
05EA002,2026-07-26T16:00:00Z,47,12.5,,,Provisional/Provisoire,,
05EA002,2026-07-26T16:05:00Z,47,12.4,,,Provisional/Provisoire,,
05EA002,2026-07-26T16:10:00Z,47,12.4,,,Provisional/Provisoire,,
05EA002,2026-07-26T16:15:00Z,47,12.4,,,Provisional/Provisoire,,
05EA002,2026-07-26T16:20:00Z,47,12.4,,,Provisional/Provisoire,,
05EA002,2026-07-26T16:25:00Z,47,12.4,,,Provisional/Provisoire,,
05EA002,2026-07-26T16:30:00Z,47,12.4,,,Provisional/Provisoire,,
05EA002,2026-07-26T16:35:00Z,47,12.4,,,Provisional/Provisoire,,
05EA002,2026-07-26T16:40:00Z,47,12.4,,,Provisional/Provisoire,,
05EA002,2026-07-26T16:45:00Z,47,12.4,,,Provisional/Provisoire,,
05EA002,2026-07-26T16:50:00Z,47,12.4,,,Provisional/Provisoire,,
05EA002,2026-07-26T16:55:00Z,47,12.4,,,Provisional/Provisoire,,
05EA002,2026-07-26T17:00:00Z,47,12.4,,,Provisional/Provisoire,,
05EA002,2026-07-26T17:05:00Z,47,12.4,,,Provisional/Provisoire,,
05EA002,2026-07-26T17:10:00Z,47,12.4,,,Provisional/Provisoire,,
05EA002,2026-07-26T17:15:00Z,47,12.4,,,Provisional/Provisoire,,
05EA002,2026-07-26T17:20:00Z,47,12.4,,,Provisional/Provisoire,,
05EA002,2026-07-26T17:25:00Z,47,12.4,,,Provisional/Provisoire,,
05EA002,2026-07-26T17:30:00Z,47,12.4,,,Provisional/Provisoire,,
05EA002,2026-07-26T17:35:00Z,47,12.4,,,Provisional/Provisoire,,
05EA002,2026-07-26T17:40:00Z,47,12.4,,,Provisional/Provisoire,,
05EA002,2026-07-26T17:45:00Z,47,12.4,,,Provisional/Provisoire,,
05EA002,2026-07-26T17:50:00Z,47,12.4,,,Provisional/Provisoire,,
05EA002,2026-07-26T17:55:00Z,47,12.4,,,Provisional/Provisoire,,
05EA002,2026-07-26T18:00:00Z,47,12.4,,,Provisional/Provisoire,,
05EA002,2026-07-26T18:05:00Z,47,12.4,,,Provisional/Provisoire,,
05EA002,2026-07-26T18:10:00Z,47,12.4,,,Provisional/Provisoire,,
05EA002,2026-07-26T18:15:00Z,47,12.4,,,Provisional/Provisoire,,
05EA002,2026-07-26T18:20:00Z,47,12.4,,,Provisional/Provisoire,,
05EA002,2026-07-26T18:25:00Z,47,12.4,,,Provisional/Provisoire,,
05EA002,2026-07-26T18:30:00Z,47,12.4,,,Provisional/Provisoire,,
05EA002,2026-07-26T18:35:00Z,47,12.4,,,Provisional/Provisoire,,
05EA002,2026-07-26T18:40:00Z,47,12.4,,,Provisional/Provisoire,,
05EA002,2026-07-26T18:45:00Z,47,12.4,,,Provisional/Provisoire,,
05EA002,2026-07-26T18:50:00Z,47,12.4,,,Provisional/Provisoire,,
05EA002,2026-07-26T18:55:00Z,47,12.4,,,Provisional/Provisoire,,
05EA002,2026-07-26T19:00:00Z,47,12.4,,,Provisional/Provisoire,,
05EA002,2026-07-26T19:05:00Z,47,12.4,,,Provisional/Provisoire,,
05EA002,2026-07-26T19:10:00Z,47,12.4,,,Provisional/Provisoire,,
05EA002,2026-07-26T19:15:00Z,47,12.4,,,Provisional/Provisoire,,
05EA002,2026-07-26T19:20:00Z,47,12.4,,,Provisional/Provisoire,,
05EA002,2026-07-26T19:25:00Z,47,12.4,,,Provisional/Provisoire,,
05EA002,2026-07-26T19:30:00Z,47,12.3,,,Provisional/Provisoire,,
05EA002,2026-07-26T19:35:00Z,47,12.4,,,Provisional/Provisoire,,
05EA002,2026-07-26T19:40:00Z,47,12.3,,,Provisional/Provisoire,,
05EA002,2026-07-26T19:45:00Z,47,12.3,,,Provisional/Provisoire,,
05EA002,2026-07-26T19:50:00Z,47,12.4,,,Provisional/Provisoire,,
05EA002,2026-07-26T19:55:00Z,47,12.4,,,Provisional/Provisoire,,
05EA002,2026-07-26T20:00:00Z,47,12.4,,,Provisional/Provisoire,,
05EA002,2026-07-26T20:05:00Z,47,12.4,,,Provisional/Provisoire,,
05EA002,2026-07-26T20:10:00Z,47,12.4,,,Provisional/Provisoire,,
05EA002,2026-07-26T20:15:00Z,47,12.3,,,Provisional/Provisoire,,
05EA002,2026-07-26T20:20:00Z,47,12.3,,,Provisional/Provisoire,,
05EA002,2026-07-26T20:25:00Z,47,12.4,,,Provisional/Provisoire,,
05EA002,2026-07-26T20:30:00Z,47,12.3,,,Provisional/Provisoire,,
05EA002,2026-07-26T20:35:00Z,47,12.4,,,Provisional/Provisoire,,
05EA002,2026-07-26T20:40:00Z,47,12.3,,,Provisional/Provisoire,,
05EA002,2026-07-26T20:45:00Z,47,12.3,,,Provisional/Provisoire,,
05EA002,2026-07-26T20:50:00Z,47,12.3,,,Provisional/Provisoire,,
05EA002,2026-07-26T20:55:00Z,47,12.3,,,Provisional/Provisoire,,
05EA002,2026-07-26T21:00:00Z,47,12.4,,,Provisional/Provisoire,,
05EA002,2026-07-26T21:05:00Z,47,12.3,,,Provisional/Provisoire,,
05EA002,2026-07-26T21:10:00Z,47,12.4,,,Provisional/Provisoire,,
05EA002,2026-07-26T21:15:00Z,47,12.3,,,Provisional/Provisoire,,
05EA002,2026-07-26T21:20:00Z,47,12.4,,,Provisional/Provisoire,,
05EA002,2026-07-26T21:25:00Z,47,12.3,,,Provisional/Provisoire,,
05EA002,2026-07-26T21:30:00Z,47,12.3,,,Provisional/Provisoire,,
05EA002,2026-07-26T21:35:00Z,47,12.3,,,Provisional/Provisoire,,
05EA002,2026-07-26T21:40:00Z,47,12.3,,,Provisional/Provisoire,,
05EA002,2026-07-26T21:45:00Z,47,12.3,,,Provisional/Provisoire,,
05EA002,2026-07-26T21:50:00Z,47,12.3,,,Provisional/Provisoire,,
05EA002,2026-07-26T21:55:00Z,47,12.3,,,Provisional/Provisoire,,
05EA002,2026-07-26T22:00:00Z,47,12.3,,,Provisional/Provisoire,,
05EA002,2026-07-26T22:05:00Z,47,12.3,,,Provisional/Provisoire,,
05EA002,2026-07-26T22:10:00Z,47,12.3,,,Provisional/Provisoire,,
05EA002,2026-07-26T22:15:00Z,47,12.3,,,Provisional/Provisoire,,
05EA002,2026-07-26T22:20:00Z,47,12.3,,,Provisional/Provisoire,,
05EA002,2026-07-26T22:25:00Z,47,12.3,,,Provisional/Provisoire,,
05EA002,2026-07-26T22:30:00Z,47,12.3,,,Provisional/Provisoire,,
05EA002,2026-07-26T22:35:00Z,47,12.3,,,Provisional/Provisoire,,
05EA002,2026-07-26T22:40:00Z,47,12.3,,,Provisional/Provisoire,,
05EA002,2026-07-26T22:45:00Z,47,12.3,,,Provisional/Provisoire,,
05EA002,2026-07-26T22:50:00Z,47,12.3,,,Provisional/Provisoire,,
05EA002,2026-07-26T22:55:00Z,47,12.3,,,Provisional/Provisoire,,
05EA002,2026-07-26T23:00:00Z,47,12.3,,,Provisional/Provisoire,,
05EA002,2026-07-26T23:05:00Z,47,12.3,,,Provisional/Provisoire,,
05EA002,2026-07-26T23:10:00Z,47,12.3,,,Provisional/Provisoire,,
05EA002,2026-07-26T23:15:00Z,47,12.3,,,Provisional/Provisoire,,
05EA002,2026-07-26T23:20:00Z,47,12.3,,,Provisional/Provisoire,,
05EA002,2026-07-26T23:25:00Z,47,12.3,,,Provisional/Provisoire,,
05EA002,2026-07-26T23:30:00Z,47,12.3,,,Provisional/Provisoire,,
05EA002,2026-07-26T23:35:00Z,47,12.3,,,Provisional/Provisoire,,
05EA002,2026-07-26T23:40:00Z,47,12.3,,,Provisional/Provisoire,,
05EA002,2026-07-26T23:45:00Z,47,12.3,,,Provisional/Provisoire,,
05EA002,2026-07-26T23:50:00Z,47,12.3,,,Provisional/Provisoire,,
05EA002,2026-07-26T23:55:00Z,47,12.3,,,Provisional/Provisoire,,
05EA002,2026-07-27T00:00:00Z,47,12.3,,,Provisional/Provisoire,,
05EA002,2026-07-27T00:05:00Z,47,12.3,,,Provisional/Provisoire,,
05EA002,2026-07-27T00:10:00Z,47,12.3,,,Provisional/Provisoire,,
05EA002,2026-07-27T00:15:00Z,47,12.3,,,Provisional/Provisoire,,
05EA002,2026-07-27T00:20:00Z,47,12.2,,,Provisional/Provisoire,,
05EA002,2026-07-27T00:25:00Z,47,12.3,,,Provisional/Provisoire,,
05EA002,2026-07-27T00:30:00Z,47,12.3,,,Provisional/Provisoire,,
05EA002,2026-07-27T00:35:00Z,47,12.3,,,Provisional/Provisoire,,
05EA002,2026-07-27T00:40:00Z,47,12.3,,,Provisional/Provisoire,,
05EA002,2026-07-27T00:45:00Z,47,12.3,,,Provisional/Provisoire,,
05EA002,2026-07-27T00:50:00Z,47,12.2,,,Provisional/Provisoire,,
05EA002,2026-07-27T00:55:00Z,47,12.3,,,Provisional/Provisoire,,
05EA002,2026-07-27T01:00:00Z,47,12.3,,,Provisional/Provisoire,,
05EA002,2026-07-27T01:05:00Z,47,12.3,,,Provisional/Provisoire,,
05EA002,2026-07-27T01:10:00Z,47,12.3,,,Provisional/Provisoire,,
05EA002,2026-07-27T01:15:00Z,47,12.3,,,Provisional/Provisoire,,
05EA002,2026-07-27T01:20:00Z,47,12.3,,,Provisional/Provisoire,,
05EA002,2026-07-27T01:25:00Z,47,12.3,,,Provisional/Provisoire,,
05EA002,2026-07-27T01:30:00Z,47,12.3,,,Provisional/Provisoire,,
05EA002,2026-07-27T01:35:00Z,47,12.3,,,Provisional/Provisoire,,
05EA002,2026-07-27T01:40:00Z,47,12.3,,,Provisional/Provisoire,,
05EA002,2026-07-27T01:45:00Z,47,12.3,,,Provisional/Provisoire,,
05EA002,2026-07-27T01:50:00Z,47,12.3,,,Provisional/Provisoire,,
05EA002,2026-07-27T01:55:00Z,47,12.3,,,Provisional/Provisoire,,
05EA002,2026-07-27T02:00:00Z,47,12.3,,,Provisional/Provisoire,,
05EA002,2026-07-27T02:05:00Z,47,12.3,,,Provisional/Provisoire,,
05EA002,2026-07-27T02:10:00Z,47,12.2,,,Provisional/Provisoire,,
05EA002,2026-07-27T02:15:00Z,47,12.2,,,Provisional/Provisoire,,
05EA002,2026-07-27T02:20:00Z,47,12.2,,,Provisional/Provisoire,,
05EA002,2026-07-27T02:25:00Z,47,12.2,,,Provisional/Provisoire,,
05EA002,2026-07-27T02:30:00Z,47,12.2,,,Provisional/Provisoire,,
05EA002,2026-07-27T02:35:00Z,47,12.2,,,Provisional/Provisoire,,
05EA002,2026-07-27T02:40:00Z,47,12.2,,,Provisional/Provisoire,,
05EA002,2026-07-27T02:45:00Z,47,12.3,,,Provisional/Provisoire,,
05EA002,2026-07-27T02:50:00Z,47,12.3,,,Provisional/Provisoire,,
05EA002,2026-07-27T02:55:00Z,47,12.2,,,Provisional/Provisoire,,
05EA002,2026-07-27T03:00:00Z,47,12.2,,,Provisional/Provisoire,,
05EA002,2026-07-27T03:05:00Z,47,12.2,,,Provisional/Provisoire,,
05EA002,2026-07-27T03:10:00Z,47,12.2,,,Provisional/Provisoire,,
05EA002,2026-07-27T03:15:00Z,47,12.2,,,Provisional/Provisoire,,
05EA002,2026-07-27T03:20:00Z,47,12.2,,,Provisional/Provisoire,,
05EA002,2026-07-27T03:25:00Z,47,12.2,,,Provisional/Provisoire,,
05EA002,2026-07-27T03:30:00Z,47,12.2,,,Provisional/Provisoire,,
05EA002,2026-07-27T03:35:00Z,47,12.2,,,Provisional/Provisoire,,
05EA002,2026-07-27T03:40:00Z,47,12.2,,,Provisional/Provisoire,,
05EA002,2026-07-27T03:45:00Z,47,12.2,,,Provisional/Provisoire,,
05EA002,2026-07-27T03:50:00Z,47,12.2,,,Provisional/Provisoire,,
05EA002,2026-07-27T03:55:00Z,47,12.2,,,Provisional/Provisoire,,
05EA002,2026-07-27T04:00:00Z,47,12.2,,,Provisional/Provisoire,,
05EA002,2026-07-27T04:05:00Z,47,12.2,,,Provisional/Provisoire,,
05EA002,2026-07-27T04:10:00Z,47,12.2,,,Provisional/Provisoire,,
05EA002,2026-07-27T04:15:00Z,47,12.2,,,Provisional/Provisoire,,
05EA002,2026-07-27T04:20:00Z,47,12.2,,,Provisional/Provisoire,,
05EA002,2026-07-27T04:25:00Z,47,12.2,,,Provisional/Provisoire,,
05EA002,2026-07-27T04:30:00Z,47,12.2,,,Provisional/Provisoire,,
05EA002,2026-07-27T04:35:00Z,47,12.2,,,Provisional/Provisoire,,
05EA002,2026-07-27T04:40:00Z,47,12.2,,,Provisional/Provisoire,,
05EA002,2026-07-27T04:45:00Z,47,12.2,,,Provisional/Provisoire,,
05EA002,2026-07-27T04:50:00Z,47,12.2,,,Provisional/Provisoire,,
05EA002,2026-07-27T04:55:00Z,47,12.2,,,Provisional/Provisoire,,
05EA002,2026-07-27T05:00:00Z,47,12.2,,,Provisional/Provisoire,,
05EA002,2026-07-27T05:05:00Z,47,12.2,,,Provisional/Provisoire,,
05EA002,2026-07-27T05:10:00Z,47,12.2,,,Provisional/Provisoire,,
05EA002,2026-07-27T05:15:00Z,47,12.2,,,Provisional/Provisoire,,
05EA002,2026-07-27T05:20:00Z,47,12.2,,,Provisional/Provisoire,,
05EA002,2026-07-27T05:25:00Z,47,12.2,,,Provisional/Provisoire,,
05EA002,2026-07-27T05:30:00Z,47,12.2,,,Provisional/Provisoire,,
05EA002,2026-07-27T05:35:00Z,47,12.2,,,Provisional/Provisoire,,
05EA002,2026-07-27T05:40:00Z,47,12.2,,,Provisional/Provisoire,,
05EA002,2026-07-27T05:45:00Z,47,12.2,,,Provisional/Provisoire,,
05EA002,2026-07-27T05:50:00Z,47,12.2,,,Provisional/Provisoire,,
05EA002,2026-07-27T05:55:00Z,47,12.2,,,Provisional/Provisoire,,
05EA002,2026-07-27T06:00:00Z,47,12.2,,,Provisional/Provisoire,,
05EA002,2026-07-27T06:05:00Z,47,12.2,,,Provisional/Provisoire,,
05EA002,2026-07-27T06:10:00Z,47,12.2,,,Provisional/Provisoire,,
05EA002,2026-07-27T06:15:00Z,47,12.2,,,Provisional/Provisoire,,
05EA002,2026-07-27T06:20:00Z,47,12.2,,,Provisional/Provisoire,,
05EA002,2026-07-27T06:25:00Z,47,12.2,,,Provisional/Provisoire,,
05EA002,2026-07-27T06:30:00Z,47,12.2,,,Provisional/Provisoire,,
05EA002,2026-07-27T06:35:00Z,47,12.2,,,Provisional/Provisoire,,
05EA002,2026-07-27T06:40:00Z,47,12.2,,,Provisional/Provisoire,,
05EA002,2026-07-27T06:45:00Z,47,12.2,,,Provisional/Provisoire,,
05EA002,2026-07-27T06:50:00Z,47,12.2,,,Provisional/Provisoire,,
05EA002,2026-07-27T06:55:00Z,47,12.2,,,Provisional/Provisoire,,
05EA002,2026-07-27T07:00:00Z,47,12.1,,,Provisional/Provisoire,,
05EA002,2026-07-27T07:05:00Z,47,12.2,,,Provisional/Provisoire,,
05EA002,2026-07-27T07:10:00Z,47,12.2,,,Provisional/Provisoire,,
05EA002,2026-07-27T07:15:00Z,47,12.1,,,Provisional/Provisoire,,
05EA002,2026-07-27T07:20:00Z,47,12.2,,,Provisional/Provisoire,,
05EA002,2026-07-27T07:25:00Z,47,12.1,,,Provisional/Provisoire,,
05EA002,2026-07-27T07:30:00Z,47,12.1,,,Provisional/Provisoire,,
05EA002,2026-07-27T07:35:00Z,47,12.2,,,Provisional/Provisoire,,
05EA002,2026-07-27T07:40:00Z,47,12.2,,,Provisional/Provisoire,,
05EA002,2026-07-27T07:45:00Z,47,12.1,,,Provisional/Provisoire,,
05EA002,2026-07-27T07:50:00Z,47,12.1,,,Provisional/Provisoire,,
05EA002,2026-07-27T07:55:00Z,47,12.1,,,Provisional/Provisoire,,
05EA002,2026-07-27T08:00:00Z,47,12.1,,,Provisional/Provisoire,,
05EA002,2026-07-27T08:05:00Z,47,12.1,,,Provisional/Provisoire,,
05EA002,2026-07-27T08:10:00Z,47,12.1,,,Provisional/Provisoire,,
05EA002,2026-07-27T08:15:00Z,47,12.1,,,Provisional/Provisoire,,
05EA002,2026-07-27T08:20:00Z,47,12.1,,,Provisional/Provisoire,,
05EA002,2026-07-27T08:25:00Z,47,12.1,,,Provisional/Provisoire,,
05EA002,2026-07-27T08:30:00Z,47,12.1,,,Provisional/Provisoire,,
05EA002,2026-07-27T08:35:00Z,47,12.1,,,Provisional/Provisoire,,
05EA002,2026-07-27T08:40:00Z,47,12.1,,,Provisional/Provisoire,,
05EA002,2026-07-27T08:45:00Z,47,12.1,,,Provisional/Provisoire,,
05EA002,2026-07-27T08:50:00Z,47,12.1,,,Provisional/Provisoire,,
05EA002,2026-07-27T08:55:00Z,47,12.1,,,Provisional/Provisoire,,
05EA002,2026-07-27T09:00:00Z,47,12.1,,,Provisional/Provisoire,,
05EA002,2026-07-27T09:05:00Z,47,12.1,,,Provisional/Provisoire,,
05EA002,2026-07-27T09:10:00Z,47,12.1,,,Provisional/Provisoire,,
05EA002,2026-07-27T09:15:00Z,47,12.1,,,Provisional/Provisoire,,
05EA002,2026-07-27T09:20:00Z,47,12.1,,,Provisional/Provisoire,,
05EA002,2026-07-27T09:25:00Z,47,12.1,,,Provisional/Provisoire,,
05EA002,2026-07-27T09:30:00Z,47,12.1,,,Provisional/Provisoire,,
05EA002,2026-07-27T09:35:00Z,47,12.1,,,Provisional/Provisoire,,
05EA002,2026-07-27T09:40:00Z,47,12.1,,,Provisional/Provisoire,,
05EA002,2026-07-27T09:45:00Z,47,12.1,,,Provisional/Provisoire,,
05EA002,2026-07-27T09:50:00Z,47,12.1,,,Provisional/Provisoire,,
05EA002,2026-07-27T09:55:00Z,47,12.1,,,Provisional/Provisoire,,
05EA002,2026-07-27T10:00:00Z,47,12.1,,,Provisional/Provisoire,,
05EA002,2026-07-27T10:05:00Z,47,12.1,,,Provisional/Provisoire,,
05EA002,2026-07-27T10:10:00Z,47,12.1,,,Provisional/Provisoire,,
05EA002,2026-07-27T10:15:00Z,47,12.1,,,Provisional/Provisoire,,
05EA002,2026-07-27T10:20:00Z,47,12.1,,,Provisional/Provisoire,,
05EA002,2026-07-27T10:25:00Z,47,12.1,,,Provisional/Provisoire,,
05EA002,2026-07-27T10:30:00Z,47,12.1,,,Provisional/Provisoire,,
05EA002,2026-07-27T10:35:00Z,47,12.1,,,Provisional/Provisoire,,
05EA002,2026-07-27T10:40:00Z,47,12.1,,,Provisional/Provisoire,,
05EA002,2026-07-27T10:45:00Z,47,12.1,,,Provisional/Provisoire,,
05EA002,2026-07-27T10:50:00Z,47,12.1,,,Provisional/Provisoire,,
05EA002,2026-07-27T10:55:00Z,47,12.1,,,Provisional/Provisoire,,
05EA002,2026-07-27T11:00:00Z,47,12.1,,,Provisional/Provisoire,,
05EA002,2026-07-27T11:05:00Z,47,12.1,,,Provisional/Provisoire,,
05EA002,2026-07-27T11:10:00Z,47,12.1,,,Provisional/Provisoire,,
05EA002,2026-07-27T11:15:00Z,47,12.1,,,Provisional/Provisoire,,
05EA002,2026-07-27T11:20:00Z,47,12.1,,,Provisional/Provisoire,,
05EA002,2026-07-27T11:25:00Z,47,12.1,,,Provisional/Provisoire,,
05EA002,2026-07-27T11:30:00Z,47,12.1,,,Provisional/Provisoire,,
05EA002,2026-07-27T11:35:00Z,47,12.1,,,Provisional/Provisoire,,
05EA002,2026-07-27T11:40:00Z,47,12.1,,,Provisional/Provisoire,,
05EA002,2026-07-27T11:45:00Z,47,12.1,,,Provisional/Provisoire,,
05EA002,2026-07-27T11:50:00Z,47,12.1,,,Provisional/Provisoire,,
05EA002,2026-07-27T11:55:00Z,47,12.1,,,Provisional/Provisoire,,
05EA002,2026-07-27T12:00:00Z,47,12.1,,,Provisional/Provisoire,,
05EA002,2026-07-27T12:05:00Z,47,12.1,,,Provisional/Provisoire,,
05EA002,2026-07-27T12:10:00Z,47,12.1,,,Provisional/Provisoire,,
05EA002,2026-07-27T12:15:00Z,47,12.1,,,Provisional/Provisoire,,
05EA002,2026-07-27T12:20:00Z,47,12.1,,,Provisional/Provisoire,,
05EA002,2026-07-27T12:25:00Z,47,12.1,,,Provisional/Provisoire,,
05EA002,2026-07-27T12:30:00Z,47,12.1,,,Provisional/Provisoire,,
05EA002,2026-07-27T12:35:00Z,47,12.1,,,Provisional/Provisoire,,
05EA002,2026-07-27T12:40:00Z,47,12.1,,,Provisional/Provisoire,,
05EA002,2026-07-27T12:45:00Z,47,12.1,,,Provisional/Provisoire,,
05EA002,2026-07-27T12:50:00Z,47,12.1,,,Provisional/Provisoire,,
05EA002,2026-07-27T12:55:00Z,47,12.1,,,Provisional/Provisoire,,
05EA002,2026-07-27T13:00:00Z,47,12.1,,,Provisional/Provisoire,,
05EA002,2026-07-27T13:05:00Z,47,12.1,,,Provisional/Provisoire,,
05EA002,2026-07-27T13:10:00Z,47,12.1,,,Provisional/Provisoire,,
05EA002,2026-07-27T13:15:00Z,47,12.1,,,Provisional/Provisoire,,
05EA002,2026-07-27T13:20:00Z,47,12.0,,,Provisional/Provisoire,,
05EA002,2026-07-27T13:25:00Z,47,12.1,,,Provisional/Provisoire,,
05EA002,2026-07-27T13:30:00Z,47,12.1,,,Provisional/Provisoire,,
05EA002,2026-07-27T13:35:00Z,47,12.1,,,Provisional/Provisoire,,
05EA002,2026-07-27T13:40:00Z,47,12.1,,,Provisional/Provisoire,,
05EA002,2026-07-27T13:45:00Z,47,12.1,,,Provisional/Provisoire,,
05EA002,2026-07-27T13:50:00Z,47,12.1,,,Provisional/Provisoire,,
05EA002,2026-07-27T13:55:00Z,47,12.1,,,Provisional/Provisoire,,
05EA002,2026-07-27T14:00:00Z,47,12.1,,,Provisional/Provisoire,,
05EA002,2026-07-27T14:05:00Z,47,12.0,,,Provisional/Provisoire,,
05EA002,2026-07-27T14:10:00Z,47,12.0,,,Provisional/Provisoire,,
05EA002,2026-07-27T14:15:00Z,47,12.0,,,Provisional/Provisoire,,
05EA002,2026-07-27T14:20:00Z,47,12.1,,,Provisional/Provisoire,,
05EA002,2026-07-27T14:25:00Z,47,12.0,,,Provisional/Provisoire,,
05EA002,2026-07-27T14:30:00Z,47,12.0,,,Provisional/Provisoire,,
05EA002,2026-07-27T14:35:00Z,47,12.0,,,Provisional/Provisoire,,
05EA002,2026-07-27T14:40:00Z,47,12.0,,,Provisional/Provisoire,,
05EA002,2026-07-27T14:45:00Z,47,12.1,,,Provisional/Provisoire,,
05EA002,2026-07-27T14:50:00Z,47,12.1,,,Provisional/Provisoire,,
05EA002,2026-07-27T14:55:00Z,47,12.0,,,Provisional/Provisoire,,
05EA002,2026-07-27T15:00:00Z,47,12.0,,,Provisional/Provisoire,,
05EA002,2026-07-27T15:05:00Z,47,12.0,,,Provisional/Provisoire,,
05EA002,2026-07-27T15:10:00Z,47,12.0,,,Provisional/Provisoire,,
05EA002,2026-07-27T15:15:00Z,47,12.0,,,Provisional/Provisoire,,
05EA002,2026-07-27T15:20:00Z,47,12.0,,,Provisional/Provisoire,,
05EA002,2026-07-27T15:25:00Z,47,12.0,,,Provisional/Provisoire,,
05EA002,2026-07-27T15:30:00Z,47,12.0,,,Provisional/Provisoire,,
05EA002,2026-07-27T15:35:00Z,47,12.0,,,Provisional/Provisoire,,
05EA002,2026-07-27T15:40:00Z,47,12.0,,,Provisional/Provisoire,,
05EA002,2026-07-27T15:45:00Z,47,12.0,,,Provisional/Provisoire,,
05EA002,2026-07-27T15:50:00Z,47,12.0,,,Provisional/Provisoire,,
05EA002,2026-07-27T15:55:00Z,47,12.0,,,Provisional/Provisoire,,
05EA002,2026-07-27T16:00:00Z,47,12.0,,,Provisional/Provisoire,,
05EA002,2026-07-27T16:05:00Z,47,12.0,,,Provisional/Provisoire,,
05EA002,2026-07-27T16:10:00Z,47,12.0,,,Provisional/Provisoire,,
05EA002,2026-07-27T16:15:00Z,47,12.0,,,Provisional/Provisoire,,
05EA002,2026-07-27T16:20:00Z,47,12.0,,,Provisional/Provisoire,,
05EA002,2026-07-27T16:25:00Z,47,12.0,,,Provisional/Provisoire,,
05EA002,2026-07-27T16:30:00Z,47,12.0,,,Provisional/Provisoire,,
05EA002,2026-07-27T16:35:00Z,47,12.0,,,Provisional/Provisoire,,
05EA002,2026-07-27T16:40:00Z,47,12.0,,,Provisional/Provisoire,,
05EA002,2026-07-27T16:45:00Z,47,12.0,,,Provisional/Provisoire,,
05EA002,2026-07-27T16:50:00Z,47,11.9,,,Provisional/Provisoire,,
05EA002,2026-07-27T16:55:00Z,47,12.0,,,Provisional/Provisoire,,
05EA002,2026-07-27T17:00:00Z,47,12.0,,,Provisional/Provisoire,,
05EA002,2026-07-27T17:05:00Z,47,12.0,,,Provisional/Provisoire,,
05EA002,2026-07-27T17:10:00Z,47,12.0,,,Provisional/Provisoire,,
05EA002,2026-07-27T17:15:00Z,47,12.0,,,Provisional/Provisoire,,
05EA002,2026-07-27T17:20:00Z,47,12.0,,,Provisional/Provisoire,,
05EA002,2026-07-27T17:25:00Z,47,12.0,,,Provisional/Provisoire,,
05EA002,2026-07-27T17:30:00Z,47,12.0,,,Provisional/Provisoire,,
05EA002,2026-07-27T17:35:00Z,47,12.0,,,Provisional/Provisoire,,
05EA002,2026-07-27T17:40:00Z,47,12.0,,,Provisional/Provisoire,,
05EA002,2026-07-27T17:45:00Z,47,12.0,,,Provisional/Provisoire,,
05EA002,2026-07-27T17:50:00Z,47,12.0,,,Provisional/Provisoire,,
05EA002,2026-07-27T17:55:00Z,47,12.0,,,Provisional/Provisoire,,
05EA002,2026-07-27T18:00:00Z,47,12.0,,,Provisional/Provisoire,,
05EA002,2026-07-27T18:05:00Z,47,12.0,,,Provisional/Provisoire,,
05EA002,2026-07-27T18:10:00Z,47,12.0,,,Provisional/Provisoire,,
05EA002,2026-07-27T18:15:00Z,47,12.0,,,Provisional/Provisoire,,
05EA002,2026-07-27T18:20:00Z,47,12.0,,,Provisional/Provisoire,,
05EA002,2026-07-27T18:25:00Z,47,11.9,,,Provisional/Provisoire,,
05EA002,2026-07-27T18:30:00Z,47,12.0,,,Provisional/Provisoire,,
05EA002,2026-07-27T18:35:00Z,47,12.0,,,Provisional/Provisoire,,
05EA002,2026-07-27T18:40:00Z,47,12.0,,,Provisional/Provisoire,,
05EA002,2026-07-27T18:45:00Z,47,12.0,,,Provisional/Provisoire,,
05EA002,2026-07-27T18:50:00Z,47,12.0,,,Provisional/Provisoire,,
05EA002,2026-07-27T18:55:00Z,47,12.0,,,Provisional/Provisoire,,
05EA002,2026-07-27T19:00:00Z,47,12.0,,,Provisional/Provisoire,,
05EA002,2026-07-27T19:05:00Z,47,12.1,,,Provisional/Provisoire,,
05EA002,2026-07-27T19:10:00Z,47,12.1,,,Provisional/Provisoire,,
05EA002,2026-07-27T19:15:00Z,47,12.1,,,Provisional/Provisoire,,
05EA002,2026-07-27T19:20:00Z,47,12.1,,,Provisional/Provisoire,,
05EA002,2026-07-27T19:25:00Z,47,12.1,,,Provisional/Provisoire,,
05EA002,2026-07-27T19:30:00Z,47,12.1,,,Provisional/Provisoire,,
05EA002,2026-07-27T19:35:00Z,47,12.2,,,Provisional/Provisoire,,
05EA002,2026-07-27T19:40:00Z,47,12.2,,,Provisional/Provisoire,,
05EA002,2026-07-27T19:45:00Z,47,12.5,,,Provisional/Provisoire,,
05EA002,2026-07-27T19:50:00Z,47,12.6,,,Provisional/Provisoire,,
05EA002,2026-07-27T19:55:00Z,47,12.7,,,Provisional/Provisoire,,
05EA002,2026-07-27T20:00:00Z,47,12.6,,,Provisional/Provisoire,,
05EA002,2026-07-27T20:05:00Z,47,12.7,,,Provisional/Provisoire,,
05EA002,2026-07-27T20:10:00Z,47,12.8,,,Provisional/Provisoire,,
05EA002,2026-07-27T20:15:00Z,47,12.8,,,Provisional/Provisoire,,
05EA002,2026-07-27T20:20:00Z,47,12.9,,,Provisional/Provisoire,,
05EA002,2026-07-27T20:25:00Z,47,13.0,,,Provisional/Provisoire,,
05EA002,2026-07-27T20:30:00Z,47,12.9,,,Provisional/Provisoire,,
05EA002,2026-07-27T20:35:00Z,47,12.9,,,Provisional/Provisoire,,
05EA002,2026-07-27T20:40:00Z,47,12.8,,,Provisional/Provisoire,,
05EA002,2026-07-27T20:45:00Z,47,12.7,,,Provisional/Provisoire,,
05EA002,2026-07-27T20:50:00Z,47,12.6,,,Provisional/Provisoire,,
05EA002,2026-07-27T20:55:00Z,47,12.5,,,Provisional/Provisoire,,
05EA002,2026-07-27T21:00:00Z,47,12.4,,,Provisional/Provisoire,,
05EA002,2026-07-27T21:05:00Z,47,12.3,,,Provisional/Provisoire,,
05EA002,2026-07-27T21:10:00Z,47,12.3,,,Provisional/Provisoire,,
05EA002,2026-07-27T21:15:00Z,47,12.3,,,Provisional/Provisoire,,
05EA002,2026-07-27T21:20:00Z,47,12.3,,,Provisional/Provisoire,,
05EA002,2026-07-27T21:25:00Z,47,12.3,,,Provisional/Provisoire,,
05EA002,2026-07-27T21:30:00Z,47,12.3,,,Provisional/Provisoire,,
05EA002,2026-07-27T21:35:00Z,47,12.2,,,Provisional/Provisoire,,
05EA002,2026-07-27T21:40:00Z,47,12.2,,,Provisional/Provisoire,,
05EA002,2026-07-27T21:45:00Z,47,12.2,,,Provisional/Provisoire,,
05EA002,2026-07-27T21:50:00Z,47,12.2,,,Provisional/Provisoire,,
05EA002,2026-07-27T21:55:00Z,47,12.2,,,Provisional/Provisoire,,
05EA002,2026-07-27T22:00:00Z,47,12.2,,,Provisional/Provisoire,,
05EA002,2026-07-27T22:05:00Z,47,12.2,,,Provisional/Provisoire,,
05EA002,2026-07-27T22:10:00Z,47,12.2,,,Provisional/Provisoire,,
05EA002,2026-07-27T22:15:00Z,47,12.2,,,Provisional/Provisoire,,
05EA002,2026-07-27T22:20:00Z,47,12.2,,,Provisional/Provisoire,,
05EA002,2026-07-27T22:25:00Z,47,12.2,,,Provisional/Provisoire,,
05EA002,2026-07-27T22:30:00Z,47,12.2,,,Provisional/Provisoire,,
05EA002,2026-07-27T22:35:00Z,47,12.2,,,Provisional/Provisoire,,
05EA002,2026-07-27T22:40:00Z,47,12.2,,,Provisional/Provisoire,,
05EA002,2026-07-27T22:45:00Z,47,12.2,,,Provisional/Provisoire,,
05EA002,2026-07-27T22:50:00Z,47,12.2,,,Provisional/Provisoire,,
05EA002,2026-07-27T22:55:00Z,47,12.2,,,Provisional/Provisoire,,
05EA002,2026-07-27T23:00:00Z,47,12.2,,,Provisional/Provisoire,,
05EA002,2026-07-27T23:05:00Z,47,12.2,,,Provisional/Provisoire,,
05EA002,2026-07-27T23:10:00Z,47,12.1,,,Provisional/Provisoire,,
05EA002,2026-07-27T23:15:00Z,47,12.1,,,Provisional/Provisoire,,
05EA002,2026-07-27T23:20:00Z,47,12.1,,,Provisional/Provisoire,,
05EA002,2026-07-27T23:25:00Z,47,12.1,,,Provisional/Provisoire,,
05EA002,2026-07-27T23:30:00Z,47,12.1,,,Provisional/Provisoire,,
05EA002,2026-07-27T23:35:00Z,47,12.1,,,Provisional/Provisoire,,
05EA002,2026-07-27T23:40:00Z,47,12.1,,,Provisional/Provisoire,,
05EA002,2026-07-27T23:45:00Z,47,12.1,,,Provisional/Provisoire,,
05EA002,2026-07-27T23:50:00Z,47,12.1,,,Provisional/Provisoire,,
05EA002,2026-07-27T23:55:00Z,47,12.1,,,Provisional/Provisoire,,
05EA002,2026-07-28T00:00:00Z,47,12.1,,,Provisional/Provisoire,,
05EA002,2026-07-28T00:05:00Z,47,12.1,,,Provisional/Provisoire,,
05EA002,2026-07-28T00:10:00Z,47,12.1,,,Provisional/Provisoire,,
05EA002,2026-07-28T00:15:00Z,47,12.1,,,Provisional/Provisoire,,
05EA002,2026-07-28T00:20:00Z,47,12.1,,,Provisional/Provisoire,,
05EA002,2026-07-28T00:25:00Z,47,12.1,,,Provisional/Provisoire,,
05EA002,2026-07-28T00:30:00Z,47,12.1,,,Provisional/Provisoire,,
05EA002,2026-07-28T00:35:00Z,47,12.1,,,Provisional/Provisoire,,
05EA002,2026-07-28T00:40:00Z,47,12.1,,,Provisional/Provisoire,,
05EA002,2026-07-28T00:45:00Z,47,12.1,,,Provisional/Provisoire,,
05EA002,2026-07-28T00:50:00Z,47,12.1,,,Provisional/Provisoire,,
05EA002,2026-07-28T00:55:00Z,47,12.1,,,Provisional/Provisoire,,
05EA002,2026-07-28T01:00:00Z,47,12.1,,,Provisional/Provisoire,,
05EA002,2026-07-28T01:05:00Z,47,12.1,,,Provisional/Provisoire,,
05EA002,2026-07-28T01:10:00Z,47,12.1,,,Provisional/Provisoire,,
05EA002,2026-07-28T01:15:00Z,47,12.1,,,Provisional/Provisoire,,
05EA002,2026-07-28T01:20:00Z,47,12.1,,,Provisional/Provisoire,,
05EA002,2026-07-28T01:25:00Z,47,12.1,,,Provisional/Provisoire,,
05EA002,2026-07-28T01:30:00Z,47,12.1,,,Provisional/Provisoire,,
05EA002,2026-07-28T01:35:00Z,47,12.1,,,Provisional/Provisoire,,
05EA002,2026-07-28T01:40:00Z,47,12.1,,,Provisional/Provisoire,,
05EA002,2026-07-28T01:45:00Z,47,12.1,,,Provisional/Provisoire,,
05EA002,2026-07-28T01:50:00Z,47,12.1,,,Provisional/Provisoire,,
05EA002,2026-07-28T01:55:00Z,47,12.1,,,Provisional/Provisoire,,
05EA002,2026-07-28T02:00:00Z,47,12.0,,,Provisional/Provisoire,,
05EA002,2026-07-28T02:05:00Z,47,12.1,,,Provisional/Provisoire,,
05EA002,2026-07-28T02:10:00Z,47,12.1,,,Provisional/Provisoire,,
05EA002,2026-07-28T02:15:00Z,47,12.1,,,Provisional/Provisoire,,
05EA002,2026-07-28T02:20:00Z,47,12.1,,,Provisional/Provisoire,,
05EA002,2026-07-28T02:25:00Z,47,12.0,,,Provisional/Provisoire,,
05EA002,2026-07-28T02:30:00Z,47,12.0,,,Provisional/Provisoire,,
05EA002,2026-07-28T02:35:00Z,47,12.0,,,Provisional/Provisoire,,
05EA002,2026-07-28T02:40:00Z,47,12.1,,,Provisional/Provisoire,,
05EA002,2026-07-28T02:45:00Z,47,12.1,,,Provisional/Provisoire,,
05EA002,2026-07-28T02:50:00Z,47,12.1,,,Provisional/Provisoire,,
05EA002,2026-07-28T02:55:00Z,47,12.1,,,Provisional/Provisoire,,
05EA002,2026-07-28T03:00:00Z,47,12.1,,,Provisional/Provisoire,,
05EA002,2026-07-28T03:05:00Z,47,12.1,,,Provisional/Provisoire,,
05EA002,2026-07-28T03:10:00Z,47,12.1,,,Provisional/Provisoire,,
05EA002,2026-07-28T03:15:00Z,47,12.1,,,Provisional/Provisoire,,
05EA002,2026-07-28T03:20:00Z,47,12.1,,,Provisional/Provisoire,,
05EA002,2026-07-28T03:25:00Z,47,12.0,,,Provisional/Provisoire,,
05EA002,2026-07-28T03:30:00Z,47,12.1,,,Provisional/Provisoire,,
05EA002,2026-07-28T03:35:00Z,47,12.1,,,Provisional/Provisoire,,
05EA002,2026-07-28T03:40:00Z,47,12.1,,,Provisional/Provisoire,,
05EA002,2026-07-28T03:45:00Z,47,12.1,,,Provisional/Provisoire,,
05EA002,2026-07-28T03:50:00Z,47,12.1,,,Provisional/Provisoire,,
05EA002,2026-07-28T03:55:00Z,47,12.1,,,Provisional/Provisoire,,
05EA002,2026-07-28T04:00:00Z,47,12.1,,,Provisional/Provisoire,,
05EA002,2026-07-28T04:05:00Z,47,12.1,,,Provisional/Provisoire,,
05EA002,2026-07-28T04:10:00Z,47,12.1,,,Provisional/Provisoire,,
05EA002,2026-07-28T04:15:00Z,47,12.1,,,Provisional/Provisoire,,
05EA002,2026-07-28T04:20:00Z,47,12.1,,,Provisional/Provisoire,,
05EA002,2026-07-28T04:25:00Z,47,12.1,,,Provisional/Provisoire,,
05EA002,2026-07-28T04:30:00Z,47,12.1,,,Provisional/Provisoire,,
05EA002,2026-07-28T04:35:00Z,47,12.1,,,Provisional/Provisoire,,
05EA002,2026-07-28T04:40:00Z,47,12.1,,,Provisional/Provisoire,,
05EA002,2026-07-28T04:45:00Z,47,12.1,,,Provisional/Provisoire,,
05EA002,2026-07-28T04:50:00Z,47,12.1,,,Provisional/Provisoire,,
05EA002,2026-07-28T04:55:00Z,47,12.1,,,Provisional/Provisoire,,
05EA002,2026-07-28T05:00:00Z,47,12.1,,,Provisional/Provisoire,,
05EA002,2026-07-28T05:05:00Z,47,12.1,,,Provisional/Provisoire,,
05EA002,2026-07-28T05:10:00Z,47,12.1,,,Provisional/Provisoire,,
05EA002,2026-07-28T05:15:00Z,47,12.1,,,Provisional/Provisoire,,
05EA002,2026-07-28T05:20:00Z,47,12.1,,,Provisional/Provisoire,,
05EA002,2026-07-28T05:25:00Z,47,12.1,,,Provisional/Provisoire,,
05EA002,2026-07-28T05:30:00Z,47,12.0,,,Provisional/Provisoire,,
05EA002,2026-07-28T05:35:00Z,47,12.1,,,Provisional/Provisoire,,
05EA002,2026-07-28T05:40:00Z,47,12.1,,,Provisional/Provisoire,,
05EA002,2026-07-28T05:45:00Z,47,12.0,,,Provisional/Provisoire,,
05EA002,2026-07-28T05:50:00Z,47,12.1,,,Provisional/Provisoire,,
05EA002,2026-07-28T05:55:00Z,47,12.0,,,Provisional/Provisoire,,
05EA002,2026-07-28T06:00:00Z,47,12.0,,,Provisional/Provisoire,,
05EA002,2026-07-28T06:05:00Z,47,12.1,,,Provisional/Provisoire,,
05EA002,2026-07-28T06:10:00Z,47,12.0,,,Provisional/Provisoire,,
05EA002,2026-07-28T06:15:00Z,47,12.0,,,Provisional/Provisoire,,
05EA002,2026-07-28T06:20:00Z,47,12.1,,,Provisional/Provisoire,,
05EA002,2026-07-28T06:25:00Z,47,12.1,,,Provisional/Provisoire,,
05EA002,2026-07-28T06:30:00Z,47,12.1,,,Provisional/Provisoire,,
05EA002,2026-07-28T06:35:00Z,47,12.0,,,Provisional/Provisoire,,
05EA002,2026-07-28T06:40:00Z,47,12.0,,,Provisional/Provisoire,,
05EA002,2026-07-28T06:45:00Z,47,12.1,,,Provisional/Provisoire,,
05EA002,2026-07-28T06:50:00Z,47,12.1,,,Provisional/Provisoire,,
05EA002,2026-07-28T06:55:00Z,47,12.1,,,Provisional/Provisoire,,
05EA002,2026-07-28T07:00:00Z,47,12.1,,,Provisional/Provisoire,,
05EA002,2026-07-28T07:05:00Z,47,12.0,,,Provisional/Provisoire,,
05EA002,2026-07-28T07:10:00Z,47,12.0,,,Provisional/Provisoire,,
05EA002,2026-07-28T07:15:00Z,47,12.0,,,Provisional/Provisoire,,
05EA002,2026-07-28T07:20:00Z,47,12.0,,,Provisional/Provisoire,,
05EA002,2026-07-28T07:25:00Z,47,12.0,,,Provisional/Provisoire,,
05EA002,2026-07-28T07:30:00Z,47,12.0,,,Provisional/Provisoire,,
05EA002,2026-07-28T07:35:00Z,47,12.0,,,Provisional/Provisoire,,
05EA002,2026-07-28T07:40:00Z,47,12.0,,,Provisional/Provisoire,,
05EA002,2026-07-28T07:45:00Z,47,12.0,,,Provisional/Provisoire,,
05EA002,2026-07-28T07:50:00Z,47,12.0,,,Provisional/Provisoire,,
05EA002,2026-07-28T07:55:00Z,47,12.0,,,Provisional/Provisoire,,
05EA002,2026-07-28T08:00:00Z,47,12.0,,,Provisional/Provisoire,,
05EA002,2026-07-28T08:05:00Z,47,12.0,,,Provisional/Provisoire,,
05EA002,2026-07-28T08:10:00Z,47,12.0,,,Provisional/Provisoire,,
05EA002,2026-07-28T08:15:00Z,47,12.0,,,Provisional/Provisoire,,
05EA002,2026-07-28T08:20:00Z,47,12.0,,,Provisional/Provisoire,,
05EA002,2026-07-28T08:25:00Z,47,12.0,,,Provisional/Provisoire,,
05EA002,2026-07-28T08:30:00Z,47,12.0,,,Provisional/Provisoire,,
05EA002,2026-07-28T08:35:00Z,47,12.0,,,Provisional/Provisoire,,
05EA002,2026-07-28T08:40:00Z,47,12.0,,,Provisional/Provisoire,,
05EA002,2026-07-28T08:45:00Z,47,12.0,,,Provisional/Provisoire,,
05EA002,2026-07-28T08:50:00Z,47,12.0,,,Provisional/Provisoire,,
05EA002,2026-07-28T08:55:00Z,47,12.0,,,Provisional/Provisoire,,
05EA002,2026-07-28T09:00:00Z,47,12.0,,,Provisional/Provisoire,,
05EA002,2026-07-28T09:05:00Z,47,12.0,,,Provisional/Provisoire,,
05EA002,2026-07-28T09:10:00Z,47,12.0,,,Provisional/Provisoire,,
05EA002,2026-07-28T09:15:00Z,47,12.0,,,Provisional/Provisoire,,
05EA002,2026-07-28T09:20:00Z,47,12.0,,,Provisional/Provisoire,,
05EA002,2026-07-28T09:25:00Z,47,12.0,,,Provisional/Provisoire,,
05EA002,2026-07-28T09:30:00Z,47,12.0,,,Provisional/Provisoire,,
05EA002,2026-07-28T09:35:00Z,47,12.0,,,Provisional/Provisoire,,
05EA002,2026-07-28T09:40:00Z,47,12.0,,,Provisional/Provisoire,,
05EA002,2026-07-28T09:45:00Z,47,12.0,,,Provisional/Provisoire,,
05EA002,2026-07-28T09:50:00Z,47,12.0,,,Provisional/Provisoire,,
05EA002,2026-07-28T09:55:00Z,47,12.0,,,Provisional/Provisoire,,
05EA002,2026-07-28T10:00:00Z,47,12.0,,,Provisional/Provisoire,,
05EA002,2026-07-28T10:05:00Z,47,12.0,,,Provisional/Provisoire,,
05EA002,2026-07-28T10:10:00Z,47,12.0,,,Provisional/Provisoire,,
05EA002,2026-07-28T10:15:00Z,47,12.0,,,Provisional/Provisoire,,
05EA002,2026-07-28T10:20:00Z,47,12.0,,,Provisional/Provisoire,,
05EA002,2026-07-28T10:25:00Z,47,12.0,,,Provisional/Provisoire,,
05EA002,2026-07-28T10:30:00Z,47,12.0,,,Provisional/Provisoire,,
05EA002,2026-07-28T10:35:00Z,47,12.0,,,Provisional/Provisoire,,
05EA002,2026-07-28T10:40:00Z,47,12.0,,,Provisional/Provisoire,,
05EA002,2026-07-28T10:45:00Z,47,12.0,,,Provisional/Provisoire,,
05EA002,2026-07-28T10:50:00Z,47,12.0,,,Provisional/Provisoire,,
05EA002,2026-07-28T10:55:00Z,47,12.0,,,Provisional/Provisoire,,
05EA002,2026-07-28T11:00:00Z,47,12.0,,,Provisional/Provisoire,,
05EA002,2026-07-28T11:05:00Z,47,12.0,,,Provisional/Provisoire,,
05EA002,2026-07-28T11:10:00Z,47,12.0,,,Provisional/Provisoire,,
05EA002,2026-07-28T11:15:00Z,47,12.0,,,Provisional/Provisoire,,
05EA002,2026-07-28T11:20:00Z,47,12.0,,,Provisional/Provisoire,,
05EA002,2026-07-28T11:25:00Z,47,12.0,,,Provisional/Provisoire,,
05EA002,2026-07-28T11:30:00Z,47,12.0,,,Provisional/Provisoire,,
05EA002,2026-07-28T11:35:00Z,47,12.0,,,Provisional/Provisoire,,
05EA002,2026-07-28T11:40:00Z,47,12.0,,,Provisional/Provisoire,,
05EA002,2026-07-28T11:45:00Z,47,12.0,,,Provisional/Provisoire,,
05EA002,2026-07-28T11:50:00Z,47,12.0,,,Provisional/Provisoire,,
05EA002,2026-07-28T11:55:00Z,47,12.0,,,Provisional/Provisoire,,
05EA002,2026-07-28T12:00:00Z,47,12.0,,,Provisional/Provisoire,,
05EA002,2026-07-28T12:05:00Z,47,12.0,,,Provisional/Provisoire,,
05EA002,2026-07-28T12:10:00Z,47,12.0,,,Provisional/Provisoire,,
05EA002,2026-07-28T12:15:00Z,47,12.0,,,Provisional/Provisoire,,
05EA002,2026-07-28T12:20:00Z,47,12.0,,,Provisional/Provisoire,,
05EA002,2026-07-28T12:25:00Z,47,12.0,,,Provisional/Provisoire,,
05EA002,2026-07-28T12:30:00Z,47,12.0,,,Provisional/Provisoire,,
05EA002,2026-07-28T12:35:00Z,47,12.0,,,Provisional/Provisoire,,
05EA002,2026-07-28T12:40:00Z,47,12.0,,,Provisional/Provisoire,,
05EA002,2026-07-28T12:45:00Z,47,12.0,,,Provisional/Provisoire,,
05EA002,2026-07-28T12:50:00Z,47,11.9,,,Provisional/Provisoire,,
05EA002,2026-07-28T12:55:00Z,47,11.9,,,Provisional/Provisoire,,
05EA002,2026-07-28T13:00:00Z,47,11.9,,,Provisional/Provisoire,,
05EA002,2026-07-28T13:05:00Z,47,11.9,,,Provisional/Provisoire,,
05EA002,2026-07-28T13:10:00Z,47,11.9,,,Provisional/Provisoire,,
05EA002,2026-07-28T13:15:00Z,47,11.9,,,Provisional/Provisoire,,
05EA002,2026-07-28T13:20:00Z,47,11.9,,,Provisional/Provisoire,,
05EA002,2026-07-28T13:25:00Z,47,11.9,,,Provisional/Provisoire,,
05EA002,2026-07-28T13:30:00Z,47,11.9,,,Provisional/Provisoire,,
05EA002,2026-07-28T13:35:00Z,47,11.9,,,Provisional/Provisoire,,
05EA002,2026-07-28T13:40:00Z,47,11.9,,,Provisional/Provisoire,,
05EA002,2026-07-28T13:45:00Z,47,11.9,,,Provisional/Provisoire,,
05EA002,2026-07-28T13:50:00Z,47,11.9,,,Provisional/Provisoire,,
05EA002,2026-07-28T13:55:00Z,47,12.0,,,Provisional/Provisoire,,
05EA002,2026-07-28T14:00:00Z,47,11.9,,,Provisional/Provisoire,,
05EA002,2026-07-28T14:05:00Z,47,12.0,,,Provisional/Provisoire,,
05EA002,2026-07-28T14:10:00Z,47,11.9,,,Provisional/Provisoire,,
05EA002,2026-07-28T14:15:00Z,47,11.9,,,Provisional/Provisoire,,
05EA002,2026-07-28T14:20:00Z,47,11.9,,,Provisional/Provisoire,,
05EA002,2026-07-28T14:25:00Z,47,11.9,,,Provisional/Provisoire,,
05EA002,2026-07-28T14:30:00Z,47,11.9,,,Provisional/Provisoire,,
05EA002,2026-07-28T14:35:00Z,47,11.9,,,Provisional/Provisoire,,
05EA002,2026-07-28T14:40:00Z,47,11.9,,,Provisional/Provisoire,,
05EA002,2026-07-28T14:45:00Z,47,11.9,,,Provisional/Provisoire,,
05EA002,2026-07-28T14:50:00Z,47,11.9,,,Provisional/Provisoire,,
05EA002,2026-07-28T14:55:00Z,47,11.9,,,Provisional/Provisoire,,
05EA002,2026-07-28T15:00:00Z,47,12.0,,,Provisional/Provisoire,,
05EA002,2026-07-28T15:05:00Z,47,11.9,,,Provisional/Provisoire,,
05EA002,2026-07-28T15:10:00Z,47,11.9,,,Provisional/Provisoire,,
05EA002,2026-07-28T15:15:00Z,47,11.9,,,Provisional/Provisoire,,
05EA002,2026-07-28T15:20:00Z,47,11.9,,,Provisional/Provisoire,,
05EA002,2026-07-28T15:25:00Z,47,11.9,,,Provisional/Provisoire,,
05EA002,2026-07-28T15:30:00Z,47,11.9,,,Provisional/Provisoire,,
05EA002,2026-07-28T15:35:00Z,47,11.9,,,Provisional/Provisoire,,
05EA002,2026-07-28T15:40:00Z,47,11.9,,,Provisional/Provisoire,,
05EA002,2026-07-28T15:45:00Z,47,11.9,,,Provisional/Provisoire,,
05EA002,2026-07-28T15:50:00Z,47,11.9,,,Provisional/Provisoire,,
05EA002,2026-07-28T15:55:00Z,47,11.9,,,Provisional/Provisoire,,
05EA002,2026-07-28T16:00:00Z,47,11.9,,,Provisional/Provisoire,,
05EA002,2026-07-28T16:05:00Z,47,11.9,,,Provisional/Provisoire,,
05EA002,2026-07-28T16:10:00Z,47,12.0,,,Provisional/Provisoire,,
05EA002,2026-07-28T16:15:00Z,47,11.9,,,Provisional/Provisoire,,
05EA002,2026-07-28T16:20:00Z,47,11.9,,,Provisional/Provisoire,,
05EA002,2026-07-28T16:25:00Z,47,11.9,,,Provisional/Provisoire,,
05EA002,2026-07-28T16:30:00Z,47,11.9,,,Provisional/Provisoire,,
05EA002,2026-07-28T16:35:00Z,47,11.9,,,Provisional/Provisoire,,
05EA002,2026-07-28T16:40:00Z,47,11.9,,,Provisional/Provisoire,,
05EA002,2026-07-28T16:45:00Z,47,11.9,,,Provisional/Provisoire,,
05EA002,2026-07-28T16:50:00Z,47,11.9,,,Provisional/Provisoire,,
05EA002,2026-07-28T16:55:00Z,47,11.9,,,Provisional/Provisoire,,
05EA002,2026-07-28T17:00:00Z,47,11.9,,,Provisional/Provisoire,,
05EA002,2026-07-28T17:05:00Z,47,11.9,,,Provisional/Provisoire,,
05EA002,2026-07-28T17:10:00Z,47,11.9,,,Provisional/Provisoire,,
05EA002,2026-07-28T17:15:00Z,47,11.9,,,Provisional/Provisoire,,
05EA002,2026-07-28T17:20:00Z,47,11.9,,,Provisional/Provisoire,,
05EA002,2026-07-28T17:25:00Z,47,11.8,,,Provisional/Provisoire,,
05EA002,2026-07-28T17:30:00Z,47,11.9,,,Provisional/Provisoire,,
05EA002,2026-07-28T17:35:00Z,47,11.8,,,Provisional/Provisoire,,
05EA002,2026-07-28T17:40:00Z,47,11.8,,,Provisional/Provisoire,,
05EA002,2026-07-28T17:45:00Z,47,11.8,,,Provisional/Provisoire,,
05EA002,2026-07-28T17:50:00Z,47,11.8,,,Provisional/Provisoire,,
05EA002,2026-07-28T17:55:00Z,47,11.8,,,Provisional/Provisoire,,
05EA002,2026-07-28T18:00:00Z,47,11.8,,,Provisional/Provisoire,,
05EA002,2026-07-28T18:05:00Z,47,11.8,,,Provisional/Provisoire,,
05EA002,2026-07-28T18:10:00Z,47,11.8,,,Provisional/Provisoire,,
05EA002,2026-07-28T18:15:00Z,47,11.8,,,Provisional/Provisoire,,
05EA002,2026-07-28T18:20:00Z,47,11.8,,,Provisional/Provisoire,,
05EA002,2026-07-28T18:25:00Z,47,11.8,,,Provisional/Provisoire,,
05EA002,2026-07-28T18:30:00Z,47,11.8,,,Provisional/Provisoire,,
05EA002,2026-07-28T18:35:00Z,47,11.8,,,Provisional/Provisoire,,
05EA002,2026-07-28T18:40:00Z,47,11.8,,,Provisional/Provisoire,,
05EA002,2026-07-28T18:45:00Z,47,11.8,,,Provisional/Provisoire,,
05EA002,2026-07-28T18:50:00Z,47,11.8,,,Provisional/Provisoire,,
05EA002,2026-07-28T18:55:00Z,47,11.8,,,Provisional/Provisoire,,
05EA002,2026-07-28T19:00:00Z,47,11.8,,,Provisional/Provisoire,,
05EA002,2026-07-28T19:05:00Z,47,11.8,,,Provisional/Provisoire,,
05EA002,2026-07-28T19:10:00Z,47,11.8,,,Provisional/Provisoire,,
05EA002,2026-07-28T19:15:00Z,47,11.8,,,Provisional/Provisoire,,
05EA002,2026-07-28T19:20:00Z,47,11.8,,,Provisional/Provisoire,,
05EA002,2026-07-28T19:25:00Z,47,11.8,,,Provisional/Provisoire,,
05EA002,2026-07-28T19:30:00Z,47,11.8,,,Provisional/Provisoire,,
05EA002,2026-07-28T19:35:00Z,47,11.8,,,Provisional/Provisoire,,
05EA002,2026-07-28T19:40:00Z,47,11.8,,,Provisional/Provisoire,,
05EA002,2026-07-28T19:45:00Z,47,11.8,,,Provisional/Provisoire,,
05EA002,2026-07-28T19:50:00Z,47,11.8,,,Provisional/Provisoire,,
05EA002,2026-07-28T19:55:00Z,47,11.8,,,Provisional/Provisoire,,
05EA002,2026-07-28T20:00:00Z,47,11.8,,,Provisional/Provisoire,,
05EA002,2026-07-28T20:05:00Z,47,11.8,,,Provisional/Provisoire,,
05EA002,2026-07-28T20:10:00Z,47,11.8,,,Provisional/Provisoire,,
05EA002,2026-07-28T20:15:00Z,47,11.8,,,Provisional/Provisoire,,
05EA002,2026-07-28T20:20:00Z,47,11.8,,,Provisional/Provisoire,,
05EA002,2026-07-28T20:25:00Z,47,11.8,,,Provisional/Provisoire,,
05EA002,2026-07-28T20:30:00Z,47,11.8,,,Provisional/Provisoire,,
05EA002,2026-07-28T20:35:00Z,47,11.8,,,Provisional/Provisoire,,
05EA002,2026-07-28T20:40:00Z,47,11.8,,,Provisional/Provisoire,,
05EA002,2026-07-28T20:45:00Z,47,11.8,,,Provisional/Provisoire,,
05EA002,2026-07-28T20:50:00Z,47,11.8,,,Provisional/Provisoire,,
05EA002,2026-07-28T20:55:00Z,47,11.8,,,Provisional/Provisoire,,
05EA002,2026-07-28T21:00:00Z,47,11.8,,,Provisional/Provisoire,,
05EA002,2026-07-28T21:05:00Z,47,11.8,,,Provisional/Provisoire,,
05EA002,2026-07-28T21:10:00Z,47,11.8,,,Provisional/Provisoire,,
05EA002,2026-07-28T21:15:00Z,47,11.8,,,Provisional/Provisoire,,
05EA002,2026-07-28T21:20:00Z,47,11.8,,,Provisional/Provisoire,,
05EA002,2026-07-28T21:25:00Z,47,11.8,,,Provisional/Provisoire,,
05EA002,2026-07-28T21:30:00Z,47,11.8,,,Provisional/Provisoire,,
05EA002,2026-07-28T21:35:00Z,47,11.8,,,Provisional/Provisoire,,
05EA002,2026-07-28T21:40:00Z,47,11.8,,,Provisional/Provisoire,,
05EA002,2026-07-28T21:45:00Z,47,11.8,,,Provisional/Provisoire,,
05EA002,2026-07-28T21:50:00Z,47,11.7,,,Provisional/Provisoire,,
05EA002,2026-07-28T21:55:00Z,47,11.8,,,Provisional/Provisoire,,
05EA002,2026-07-28T22:00:00Z,47,11.8,,,Provisional/Provisoire,,
05EA002,2026-07-28T22:05:00Z,47,11.8,,,Provisional/Provisoire,,
05EA002,2026-07-28T22:10:00Z,47,11.8,,,Provisional/Provisoire,,
05EA002,2026-07-28T22:15:00Z,47,11.8,,,Provisional/Provisoire,,
05EA002,2026-07-28T22:20:00Z,47,11.8,,,Provisional/Provisoire,,
05EA002,2026-07-28T22:25:00Z,47,11.8,,,Provisional/Provisoire,,
05EA002,2026-07-28T22:30:00Z,47,11.8,,,Provisional/Provisoire,,
05EA002,2026-07-28T22:35:00Z,47,11.8,,,Provisional/Provisoire,,
05EA002,2026-07-28T22:40:00Z,47,11.7,,,Provisional/Provisoire,,
05EA002,2026-07-28T22:45:00Z,47,11.8,,,Provisional/Provisoire,,
05EA002,2026-07-28T22:50:00Z,47,11.7,,,Provisional/Provisoire,,
05EA002,2026-07-28T22:55:00Z,47,11.8,,,Provisional/Provisoire,,
05EA002,2026-07-28T23:00:00Z,47,11.8,,,Provisional/Provisoire,,
05EA002,2026-07-28T23:05:00Z,47,11.7,,,Provisional/Provisoire,,
05EA002,2026-07-28T23:10:00Z,47,11.8,,,Provisional/Provisoire,,
05EA002,2026-07-28T23:15:00Z,47,11.8,,,Provisional/Provisoire,,
05EA002,2026-07-28T23:20:00Z,47,11.8,,,Provisional/Provisoire,,
05EA002,2026-07-28T23:25:00Z,47,11.8,,,Provisional/Provisoire,,
05EA002,2026-07-28T23:30:00Z,47,11.7,,,Provisional/Provisoire,,
05EA002,2026-07-28T23:35:00Z,47,11.8,,,Provisional/Provisoire,,
05EA002,2026-07-28T23:40:00Z,47,11.8,,,Provisional/Provisoire,,
05EA002,2026-07-28T23:45:00Z,47,11.7,,,Provisional/Provisoire,,
05EA002,2026-07-28T23:50:00Z,47,11.8,,,Provisional/Provisoire,,
05EA002,2026-07-28T23:55:00Z,47,11.7,,,Provisional/Provisoire,,
05EA002,2026-07-29T00:00:00Z,47,11.7,,,Provisional/Provisoire,,
05EA002,2026-07-29T00:05:00Z,47,11.8,,,Provisional/Provisoire,,
05EA002,2026-07-29T00:10:00Z,47,11.8,,,Provisional/Provisoire,,
05EA002,2026-07-29T00:15:00Z,47,11.8,,,Provisional/Provisoire,,
05EA002,2026-07-29T00:20:00Z,47,11.7,,,Provisional/Provisoire,,
05EA002,2026-07-29T00:25:00Z,47,11.7,,,Provisional/Provisoire,,
05EA002,2026-07-29T00:30:00Z,47,11.7,,,Provisional/Provisoire,,
05EA002,2026-07-29T00:35:00Z,47,11.8,,,Provisional/Provisoire,,
05EA002,2026-07-29T00:40:00Z,47,11.7,,,Provisional/Provisoire,,
05EA002,2026-07-29T00:45:00Z,47,11.7,,,Provisional/Provisoire,,
05EA002,2026-07-29T00:50:00Z,47,11.7,,,Provisional/Provisoire,,
05EA002,2026-07-29T00:55:00Z,47,11.7,,,Provisional/Provisoire,,
05EA002,2026-07-29T01:00:00Z,47,11.8,,,Provisional/Provisoire,,
05EA002,2026-07-29T01:05:00Z,47,11.7,,,Provisional/Provisoire,,
05EA002,2026-07-29T01:10:00Z,47,11.8,,,Provisional/Provisoire,,
05EA002,2026-07-29T01:15:00Z,47,11.8,,,Provisional/Provisoire,,
05EA002,2026-07-29T01:20:00Z,47,11.7,,,Provisional/Provisoire,,
05EA002,2026-07-29T01:25:00Z,47,11.8,,,Provisional/Provisoire,,
05EA002,2026-07-29T01:30:00Z,47,11.8,,,Provisional/Provisoire,,
05EA002,2026-07-29T01:35:00Z,47,11.8,,,Provisional/Provisoire,,
05EA002,2026-07-29T01:40:00Z,47,11.8,,,Provisional/Provisoire,,
05EA002,2026-07-29T01:45:00Z,47,11.9,,,Provisional/Provisoire,,
05EA002,2026-07-29T01:50:00Z,47,12.0,,,Provisional/Provisoire,,
05EA002,2026-07-29T01:55:00Z,47,12.2,,,Provisional/Provisoire,,
05EA002,2026-07-29T02:00:00Z,47,12.6,,,Provisional/Provisoire,,
05EA002,2026-07-29T02:05:00Z,47,12.8,,,Provisional/Provisoire,,
05EA002,2026-07-29T02:10:00Z,47,12.4,,,Provisional/Provisoire,,
05EA002,2026-07-29T02:15:00Z,47,12.4,,,Provisional/Provisoire,,
05EA002,2026-07-29T02:20:00Z,47,12.7,,,Provisional/Provisoire,,
05EA002,2026-07-29T02:25:00Z,47,12.6,,,Provisional/Provisoire,,
05EA002,2026-07-29T02:30:00Z,47,12.4,,,Provisional/Provisoire,,
05EA002,2026-07-29T02:35:00Z,47,12.4,,,Provisional/Provisoire,,
05EA002,2026-07-29T02:40:00Z,47,12.4,,,Provisional/Provisoire,,
05EA002,2026-07-29T02:45:00Z,47,12.3,,,Provisional/Provisoire,,
05EA002,2026-07-29T02:50:00Z,47,12.2,,,Provisional/Provisoire,,
05EA002,2026-07-29T02:55:00Z,47,12.1,,,Provisional/Provisoire,,
05EA002,2026-07-29T03:00:00Z,47,12.1,,,Provisional/Provisoire,,
05EA002,2026-07-29T03:05:00Z,47,12.1,,,Provisional/Provisoire,,
05EA002,2026-07-29T03:10:00Z,47,12.0,,,Provisional/Provisoire,,
05EA002,2026-07-29T03:15:00Z,47,12.0,,,Provisional/Provisoire,,
05EA002,2026-07-29T03:20:00Z,47,12.0,,,Provisional/Provisoire,,
05EA002,2026-07-29T03:25:00Z,47,11.9,,,Provisional/Provisoire,,
05EA002,2026-07-29T03:30:00Z,47,11.9,,,Provisional/Provisoire,,
05EA002,2026-07-29T03:35:00Z,47,11.9,,,Provisional/Provisoire,,
05EA002,2026-07-29T03:40:00Z,47,11.9,,,Provisional/Provisoire,,
05EA002,2026-07-29T03:45:00Z,47,11.9,,,Provisional/Provisoire,,
05EA002,2026-07-29T03:50:00Z,47,11.9,,,Provisional/Provisoire,,
05EA002,2026-07-29T03:55:00Z,47,11.9,,,Provisional/Provisoire,,
05EA002,2026-07-29T04:00:00Z,47,11.9,,,Provisional/Provisoire,,
05EA002,2026-07-29T04:05:00Z,47,11.9,,,Provisional/Provisoire,,
05EA002,2026-07-29T04:10:00Z,47,11.9,,,Provisional/Provisoire,,
05EA002,2026-07-29T04:15:00Z,47,11.9,,,Provisional/Provisoire,,
05EA002,2026-07-29T04:20:00Z,47,11.9,,,Provisional/Provisoire,,
05EA002,2026-07-29T04:25:00Z,47,11.9,,,Provisional/Provisoire,,
05EA002,2026-07-29T04:30:00Z,47,11.9,,,Provisional/Provisoire,,
05EA002,2026-07-29T04:35:00Z,47,12.0,,,Provisional/Provisoire,,
05EA002,2026-07-29T04:40:00Z,47,12.0,,,Provisional/Provisoire,,
05EA002,2026-07-29T04:45:00Z,47,12.0,,,Provisional/Provisoire,,
05EA002,2026-07-29T04:50:00Z,47,11.9,,,Provisional/Provisoire,,
05EA002,2026-07-29T04:55:00Z,47,11.9,,,Provisional/Provisoire,,
05EA002,2026-07-29T05:00:00Z,47,11.9,,,Provisional/Provisoire,,
05EA002,2026-07-29T05:05:00Z,47,11.9,,,Provisional/Provisoire,,
05EA002,2026-07-29T05:10:00Z,47,11.9,,,Provisional/Provisoire,,
05EA002,2026-07-29T05:15:00Z,47,11.9,,,Provisional/Provisoire,,
05EA002,2026-07-29T05:20:00Z,47,11.9,,,Provisional/Provisoire,,
05EA002,2026-07-29T05:25:00Z,47,11.9,,,Provisional/Provisoire,,
05EA002,2026-07-29T05:30:00Z,47,11.9,,,Provisional/Provisoire,,
05EA002,2026-07-29T05:35:00Z,47,11.9,,,Provisional/Provisoire,,
05EA002,2026-07-29T05:40:00Z,47,11.8,,,Provisional/Provisoire,,
05EA002,2026-07-29T05:45:00Z,47,11.9,,,Provisional/Provisoire,,
05EA002,2026-07-29T05:50:00Z,47,11.9,,,Provisional/Provisoire,,
05EA002,2026-07-29T05:55:00Z,47,11.9,,,Provisional/Provisoire,,
05EA002,2026-07-29T06:00:00Z,47,11.9,,,Provisional/Provisoire,,
05EA002,2026-07-29T06:05:00Z,47,11.9,,,Provisional/Provisoire,,
05EA002,2026-07-29T06:10:00Z,47,11.9,,,Provisional/Provisoire,,
05EA002,2026-07-29T06:15:00Z,47,11.9,,,Provisional/Provisoire,,
05EA002,2026-07-29T06:20:00Z,47,11.9,,,Provisional/Provisoire,,
05EA002,2026-07-29T06:25:00Z,47,11.9,,,Provisional/Provisoire,,
05EA002,2026-07-29T06:30:00Z,47,11.9,,,Provisional/Provisoire,,
05EA002,2026-07-29T06:35:00Z,47,11.9,,,Provisional/Provisoire,,
05EA002,2026-07-29T06:40:00Z,47,11.9,,,Provisional/Provisoire,,
05EA002,2026-07-29T06:45:00Z,47,11.9,,,Provisional/Provisoire,,
05EA002,2026-07-29T06:50:00Z,47,11.9,,,Provisional/Provisoire,,
05EA002,2026-07-29T06:55:00Z,47,11.9,,,Provisional/Provisoire,,
05EA002,2026-07-29T07:00:00Z,47,11.9,,,Provisional/Provisoire,,
05EA002,2026-07-29T07:05:00Z,47,11.9,,,Provisional/Provisoire,,
05EA002,2026-07-29T07:10:00Z,47,11.9,,,Provisional/Provisoire,,
05EA002,2026-07-29T07:15:00Z,47,11.9,,,Provisional/Provisoire,,
05EA002,2026-07-29T07:20:00Z,47,11.9,,,Provisional/Provisoire,,
05EA002,2026-07-29T07:25:00Z,47,11.9,,,Provisional/Provisoire,,
05EA002,2026-07-29T07:30:00Z,47,11.8,,,Provisional/Provisoire,,
05EA002,2026-07-29T07:35:00Z,47,11.8,,,Provisional/Provisoire,,
05EA002,2026-07-29T07:40:00Z,47,11.8,,,Provisional/Provisoire,,
05EA002,2026-07-29T07:45:00Z,47,11.8,,,Provisional/Provisoire,,
05EA002,2026-07-29T07:50:00Z,47,11.8,,,Provisional/Provisoire,,
05EA002,2026-07-29T07:55:00Z,47,11.8,,,Provisional/Provisoire,,
05EA002,2026-07-29T08:00:00Z,47,11.8,,,Provisional/Provisoire,,
05EA002,2026-07-29T08:05:00Z,47,11.9,,,Provisional/Provisoire,,
05EA002,2026-07-29T08:10:00Z,47,11.8,,,Provisional/Provisoire,,
05EA002,2026-07-29T08:15:00Z,47,11.8,,,Provisional/Provisoire,,
05EA002,2026-07-29T08:20:00Z,47,11.8,,,Provisional/Provisoire,,
05EA002,2026-07-29T08:25:00Z,47,11.8,,,Provisional/Provisoire,,
05EA002,2026-07-29T08:30:00Z,47,11.8,,,Provisional/Provisoire,,
05EA002,2026-07-29T08:35:00Z,47,11.8,,,Provisional/Provisoire,,
05EA002,2026-07-29T08:40:00Z,47,11.8,,,Provisional/Provisoire,,
05EA002,2026-07-29T08:45:00Z,47,11.8,,,Provisional/Provisoire,,
05EA002,2026-07-29T08:50:00Z,47,11.8,,,Provisional/Provisoire,,
05EA002,2026-07-29T08:55:00Z,47,11.8,,,Provisional/Provisoire,,
05EA002,2026-07-29T09:00:00Z,47,11.8,,,Provisional/Provisoire,,
05EA002,2026-07-29T09:05:00Z,47,11.8,,,Provisional/Provisoire,,
05EA002,2026-07-29T09:10:00Z,47,11.8,,,Provisional/Provisoire,,
05EA002,2026-07-29T09:15:00Z,47,11.8,,,Provisional/Provisoire,,
05EA002,2026-07-29T09:20:00Z,47,11.8,,,Provisional/Provisoire,,
05EA002,2026-07-29T09:25:00Z,47,11.8,,,Provisional/Provisoire,,
05EA002,2026-07-29T09:30:00Z,47,11.8,,,Provisional/Provisoire,,
05EA002,2026-07-29T09:35:00Z,47,11.8,,,Provisional/Provisoire,,
05EA002,2026-07-29T09:40:00Z,47,11.8,,,Provisional/Provisoire,,
05EA002,2026-07-29T09:45:00Z,47,11.8,,,Provisional/Provisoire,,
05EA002,2026-07-29T09:50:00Z,47,11.8,,,Provisional/Provisoire,,
05EA002,2026-07-29T09:55:00Z,47,11.8,,,Provisional/Provisoire,,
05EA002,2026-07-29T10:00:00Z,47,11.8,,,Provisional/Provisoire,,
05EA002,2026-07-29T10:05:00Z,47,11.8,,,Provisional/Provisoire,,
05EA002,2026-07-29T10:10:00Z,47,11.8,,,Provisional/Provisoire,,
05EA002,2026-07-29T10:15:00Z,47,11.8,,,Provisional/Provisoire,,
05EA002,2026-07-29T10:20:00Z,47,11.8,,,Provisional/Provisoire,,
05EA002,2026-07-29T10:25:00Z,47,11.8,,,Provisional/Provisoire,,
05EA002,2026-07-29T10:30:00Z,47,11.8,,,Provisional/Provisoire,,
05EA002,2026-07-29T10:35:00Z,47,11.8,,,Provisional/Provisoire,,
05EA002,2026-07-29T10:40:00Z,47,11.8,,,Provisional/Provisoire,,
05EA002,2026-07-29T10:45:00Z,47,11.8,,,Provisional/Provisoire,,
05EA002,2026-07-29T10:50:00Z,47,11.8,,,Provisional/Provisoire,,
05EA002,2026-07-29T10:55:00Z,47,11.8,,,Provisional/Provisoire,,
05EA002,2026-07-29T11:00:00Z,47,11.8,,,Provisional/Provisoire,,
05EA002,2026-07-29T11:05:00Z,47,11.8,,,Provisional/Provisoire,,
05EA002,2026-07-29T11:10:00Z,47,11.8,,,Provisional/Provisoire,,
05EA002,2026-07-29T11:15:00Z,47,11.8,,,Provisional/Provisoire,,
05EA002,2026-07-29T11:20:00Z,47,11.8,,,Provisional/Provisoire,,
05EA002,2026-07-29T11:25:00Z,47,11.8,,,Provisional/Provisoire,,
05EA002,2026-07-29T11:30:00Z,47,11.8,,,Provisional/Provisoire,,
05EA002,2026-07-29T11:35:00Z,47,11.8,,,Provisional/Provisoire,,
05EA002,2026-07-29T11:40:00Z,47,11.8,,,Provisional/Provisoire,,
05EA002,2026-07-29T11:45:00Z,47,11.8,,,Provisional/Provisoire,,
05EA002,2026-07-29T11:50:00Z,47,11.8,,,Provisional/Provisoire,,
05EA002,2026-07-29T11:55:00Z,47,11.8,,,Provisional/Provisoire,,
05EA002,2026-07-29T12:00:00Z,47,11.8,,,Provisional/Provisoire,,
05EA002,2026-07-29T12:05:00Z,47,11.8,,,Provisional/Provisoire,,
05EA002,2026-07-29T12:10:00Z,47,11.8,,,Provisional/Provisoire,,
05EA002,2026-07-29T12:15:00Z,47,11.8,,,Provisional/Provisoire,,
05EA002,2026-07-29T12:20:00Z,47,11.8,,,Provisional/Provisoire,,
05EA002,2026-07-29T12:25:00Z,47,11.8,,,Provisional/Provisoire,,
05EA002,2026-07-29T12:30:00Z,47,11.8,,,Provisional/Provisoire,,
05EA002,2026-07-29T12:35:00Z,47,11.8,,,Provisional/Provisoire,,
05EA002,2026-07-29T12:40:00Z,47,11.8,,,Provisional/Provisoire,,
05EA002,2026-07-29T12:45:00Z,47,11.8,,,Provisional/Provisoire,,
05EA002,2026-07-29T12:50:00Z,47,11.8,,,Provisional/Provisoire,,
05EA002,2026-07-29T12:55:00Z,47,11.8,,,Provisional/Provisoire,,
05EA002,2026-07-29T13:00:00Z,47,11.8,,,Provisional/Provisoire,,
05EA002,2026-07-29T13:05:00Z,47,11.8,,,Provisional/Provisoire,,
05EA002,2026-07-29T13:10:00Z,47,11.8,,,Provisional/Provisoire,,
05EA002,2026-07-29T13:15:00Z,47,11.8,,,Provisional/Provisoire,,
05EA002,2026-07-29T13:20:00Z,47,11.8,,,Provisional/Provisoire,,
05EA002,2026-07-29T13:25:00Z,47,11.8,,,Provisional/Provisoire,,
05EA002,2026-07-29T13:30:00Z,47,11.8,,,Provisional/Provisoire,,
05EA002,2026-07-29T13:35:00Z,47,11.8,,,Provisional/Provisoire,,
05EA002,2026-07-29T13:40:00Z,47,11.8,,,Provisional/Provisoire,,
05EA002,2026-07-29T13:45:00Z,47,11.8,,,Provisional/Provisoire,,
05EA002,2026-07-29T13:50:00Z,47,11.8,,,Provisional/Provisoire,,
05EA002,2026-07-29T13:55:00Z,47,11.8,,,Provisional/Provisoire,,
05EA002,2026-07-29T14:00:00Z,47,11.8,,,Provisional/Provisoire,,
05EA002,2026-07-29T14:05:00Z,47,11.9,,,Provisional/Provisoire,,
05EA002,2026-07-29T14:10:00Z,47,11.8,,,Provisional/Provisoire,,
05EA002,2026-07-29T14:15:00Z,47,11.9,,,Provisional/Provisoire,,
05EA002,2026-07-29T14:20:00Z,47,11.9,,,Provisional/Provisoire,,
05EA002,2026-07-29T14:25:00Z,47,11.9,,,Provisional/Provisoire,,
05EA002,2026-07-29T14:30:00Z,47,11.9,,,Provisional/Provisoire,,
05EA002,2026-07-29T14:35:00Z,47,11.9,,,Provisional/Provisoire,,
05EA002,2026-07-29T14:40:00Z,47,11.9,,,Provisional/Provisoire,,
05EA002,2026-07-29T14:45:00Z,47,11.9,,,Provisional/Provisoire,,
05EA002,2026-07-29T14:50:00Z,47,11.9,,,Provisional/Provisoire,,
05EA002,2026-07-29T14:55:00Z,47,11.9,,,Provisional/Provisoire,,
05EA002,2026-07-29T15:00:00Z,47,11.9,,,Provisional/Provisoire,,
05EA002,2026-07-29T15:05:00Z,47,11.9,,,Provisional/Provisoire,,
05EA002,2026-07-29T15:10:00Z,47,11.9,,,Provisional/Provisoire,,
05EA002,2026-07-29T15:15:00Z,47,11.8,,,Provisional/Provisoire,,
05EA002,2026-07-29T15:20:00Z,47,11.8,,,Provisional/Provisoire,,
05EA002,2026-07-29T15:25:00Z,47,11.8,,,Provisional/Provisoire,,
05EA002,2026-07-29T15:30:00Z,47,11.8,,,Provisional/Provisoire,,
05EA002,2026-07-29T15:35:00Z,47,11.8,,,Provisional/Provisoire,,
05EA002,2026-07-29T15:40:00Z,47,11.8,,,Provisional/Provisoire,,
05EA002,2026-07-29T15:45:00Z,47,11.8,,,Provisional/Provisoire,,
05EA002,2026-07-29T15:50:00Z,47,11.8,,,Provisional/Provisoire,,
05EA002,2026-07-29T15:55:00Z,47,11.8,,,Provisional/Provisoire,,
05EA002,2026-07-29T16:00:00Z,47,11.8,,,Provisional/Provisoire,,
05EA002,2026-07-29T16:05:00Z,47,11.8,,,Provisional/Provisoire,,
05EA002,2026-07-29T16:10:00Z,47,11.8,,,Provisional/Provisoire,,
05EA002,2026-07-29T16:15:00Z,47,11.8,,,Provisional/Provisoire,,
05EA002,2026-07-29T16:20:00Z,47,11.8,,,Provisional/Provisoire,,
05EA002,2026-07-29T16:25:00Z,47,11.8,,,Provisional/Provisoire,,
05EA002,2026-07-29T16:30:00Z,47,11.8,,,Provisional/Provisoire,,
05EA002,2026-07-29T16:35:00Z,47,11.8,,,Provisional/Provisoire,,
05EA002,2026-07-29T16:40:00Z,47,11.8,,,Provisional/Provisoire,,
05EA002,2026-07-29T16:45:00Z,47,11.8,,,Provisional/Provisoire,,
05EA002,2026-07-29T16:50:00Z,47,11.8,,,Provisional/Provisoire,,
05EA002,2026-07-29T16:55:00Z,47,11.8,,,Provisional/Provisoire,,
05EA002,2026-07-29T17:00:00Z,47,11.8,,,Provisional/Provisoire,,
05EA002,2026-07-29T17:05:00Z,47,11.8,,,Provisional/Provisoire,,
05EA002,2026-07-29T17:10:00Z,47,11.8,,,Provisional/Provisoire,,
05EA002,2026-07-29T17:15:00Z,47,11.8,,,Provisional/Provisoire,,
05EA002,2026-07-29T17:20:00Z,47,11.8,,,Provisional/Provisoire,,
05EA002,2026-07-29T17:25:00Z,47,11.8,,,Provisional/Provisoire,,
05EA002,2026-07-29T17:30:00Z,47,11.8,,,Provisional/Provisoire,,
05EA002,2026-07-29T17:35:00Z,47,11.8,,,Provisional/Provisoire,,
05EA002,2026-07-29T17:40:00Z,47,11.8,,,Provisional/Provisoire,,
05EA002,2026-07-29T17:45:00Z,47,11.8,,,Provisional/Provisoire,,
05EA002,2026-07-29T17:50:00Z,47,11.8,,,Provisional/Provisoire,,
05EA002,2026-07-29T17:55:00Z,47,11.8,,,Provisional/Provisoire,,
05EA002,2026-07-29T18:00:00Z,47,11.8,,,Provisional/Provisoire,,
05EA002,2026-07-29T18:05:00Z,47,11.8,,,Provisional/Provisoire,,
05EA002,2026-07-29T18:10:00Z,47,11.8,,,Provisional/Provisoire,,
05EA002,2026-07-29T18:15:00Z,47,11.8,,,Provisional/Provisoire,,
05EA002,2026-07-29T18:20:00Z,47,11.8,,,Provisional/Provisoire,,
05EA002,2026-07-29T18:25:00Z,47,11.8,,,Provisional/Provisoire,,
05EA002,2026-07-29T18:30:00Z,47,11.8,,,Provisional/Provisoire,,
05EA002,2026-07-29T18:35:00Z,47,11.8,,,Provisional/Provisoire,,
05EA002,2026-07-29T18:40:00Z,47,11.8,,,Provisional/Provisoire,,
05EA002,2026-07-29T18:45:00Z,47,11.8,,,Provisional/Provisoire,,
05EA002,2026-07-29T18:50:00Z,47,11.8,,,Provisional/Provisoire,,
05EA002,2026-07-29T18:55:00Z,47,11.8,,,Provisional/Provisoire,,
05EA002,2026-07-29T19:00:00Z,47,11.8,,,Provisional/Provisoire,,
05EA002,2026-07-29T19:05:00Z,47,11.7,,,Provisional/Provisoire,,
05EA002,2026-07-29T19:10:00Z,47,11.8,,,Provisional/Provisoire,,
05EA002,2026-07-29T19:15:00Z,47,11.8,,,Provisional/Provisoire,,
05EA002,2026-07-29T19:20:00Z,47,11.8,,,Provisional/Provisoire,,
05EA002,2026-07-29T19:25:00Z,47,11.8,,,Provisional/Provisoire,,
05EA002,2026-07-29T19:30:00Z,47,11.8,,,Provisional/Provisoire,,
05EA002,2026-07-29T19:35:00Z,47,11.8,,,Provisional/Provisoire,,
05EA002,2026-07-29T19:40:00Z,47,11.8,,,Provisional/Provisoire,,
05EA002,2026-07-29T19:45:00Z,47,11.8,,,Provisional/Provisoire,,
05EA002,2026-07-29T19:50:00Z,47,11.8,,,Provisional/Provisoire,,
05EA002,2026-07-29T19:55:00Z,47,11.8,,,Provisional/Provisoire,,
05EA002,2026-07-29T20:00:00Z,47,11.7,,,Provisional/Provisoire,,
05EA002,2026-07-29T20:05:00Z,47,11.7,,,Provisional/Provisoire,,
05EA002,2026-07-29T20:10:00Z,47,11.8,,,Provisional/Provisoire,,
05EA002,2026-07-29T20:15:00Z,47,11.7,,,Provisional/Provisoire,,
05EA002,2026-07-29T20:20:00Z,47,11.7,,,Provisional/Provisoire,,
05EA002,2026-07-29T20:25:00Z,47,11.7,,,Provisional/Provisoire,,
05EA002,2026-07-29T20:30:00Z,47,11.7,,,Provisional/Provisoire,,
05EA002,2026-07-29T20:35:00Z,47,11.7,,,Provisional/Provisoire,,
05EA002,2026-07-29T20:40:00Z,47,11.7,,,Provisional/Provisoire,,
05EA002,2026-07-29T20:45:00Z,47,11.8,,,Provisional/Provisoire,,
05EA002,2026-07-29T20:50:00Z,47,11.7,,,Provisional/Provisoire,,
05EA002,2026-07-29T20:55:00Z,47,11.8,,,Provisional/Provisoire,,
05EA002,2026-07-29T21:00:00Z,47,11.7,,,Provisional/Provisoire,,
05EA002,2026-07-29T21:05:00Z,47,11.7,,,Provisional/Provisoire,,
05EA002,2026-07-29T21:10:00Z,47,11.7,,,Provisional/Provisoire,,
05EA002,2026-07-29T21:15:00Z,47,11.7,,,Provisional/Provisoire,,
05EA002,2026-07-29T21:20:00Z,47,11.8,,,Provisional/Provisoire,,
05EA002,2026-07-29T21:25:00Z,47,11.8,,,Provisional/Provisoire,,
05EA002,2026-07-29T21:30:00Z,47,11.8,,,Provisional/Provisoire,,
05EA002,2026-07-29T21:35:00Z,47,11.8,,,Provisional/Provisoire,,
05EA002,2026-07-29T21:40:00Z,47,11.8,,,Provisional/Provisoire,,
05EA002,2026-07-29T21:45:00Z,47,11.7,,,Provisional/Provisoire,,
05EA002,2026-07-29T21:50:00Z,47,11.7,,,Provisional/Provisoire,,
05EA002,2026-07-29T21:55:00Z,47,11.7,,,Provisional/Provisoire,,
05EA002,2026-07-29T22:00:00Z,47,11.7,,,Provisional/Provisoire,,
05EA002,2026-07-29T22:05:00Z,47,11.7,,,Provisional/Provisoire,,
05EA002,2026-07-29T22:10:00Z,47,11.7,,,Provisional/Provisoire,,
05EA002,2026-07-29T22:15:00Z,47,11.7,,,Provisional/Provisoire,,
05EA002,2026-07-29T22:20:00Z,47,11.7,,,Provisional/Provisoire,,
05EA002,2026-07-29T22:25:00Z,47,11.7,,,Provisional/Provisoire,,
05EA002,2026-07-29T22:30:00Z,47,11.7,,,Provisional/Provisoire,,
05EA002,2026-07-29T22:35:00Z,47,11.7,,,Provisional/Provisoire,,
05EA002,2026-07-29T22:40:00Z,47,11.7,,,Provisional/Provisoire,,
05EA002,2026-07-29T22:45:00Z,47,11.7,,,Provisional/Provisoire,,
05EA002,2026-07-29T22:50:00Z,47,11.7,,,Provisional/Provisoire,,
05EA002,2026-07-29T22:55:00Z,47,11.7,,,Provisional/Provisoire,,
05EA002,2026-07-29T23:00:00Z,47,11.7,,,Provisional/Provisoire,,
05EA002,2026-07-29T23:05:00Z,47,11.7,,,Provisional/Provisoire,,
05EA002,2026-07-29T23:10:00Z,47,11.7,,,Provisional/Provisoire,,
05EA002,2026-07-29T23:15:00Z,47,11.7,,,Provisional/Provisoire,,
05EA002,2026-07-29T23:20:00Z,47,11.7,,,Provisional/Provisoire,,
05EA002,2026-07-29T23:25:00Z,47,11.7,,,Provisional/Provisoire,,
05EA002,2026-07-29T23:30:00Z,47,11.7,,,Provisional/Provisoire,,
05EA002,2026-07-29T23:35:00Z,47,11.7,,,Provisional/Provisoire,,
05EA002,2026-07-29T23:40:00Z,47,11.7,,,Provisional/Provisoire,,
05EA002,2026-07-29T23:45:00Z,47,11.7,,,Provisional/Provisoire,,
05EA002,2026-07-29T23:50:00Z,47,11.7,,,Provisional/Provisoire,,
05EA002,2026-07-29T23:55:00Z,47,11.7,,,Provisional/Provisoire,,
05EA002,2026-07-30T00:00:00Z,47,11.7,,,Provisional/Provisoire,,
05EA002,2026-07-30T00:05:00Z,47,11.6,,,Provisional/Provisoire,,
05EA002,2026-07-30T00:10:00Z,47,11.7,,,Provisional/Provisoire,,
05EA002,2026-07-30T00:15:00Z,47,11.7,,,Provisional/Provisoire,,
05EA002,2026-07-30T00:20:00Z,47,11.7,,,Provisional/Provisoire,,
05EA002,2026-07-30T00:25:00Z,47,11.7,,,Provisional/Provisoire,,
05EA002,2026-07-30T00:30:00Z,47,11.7,,,Provisional/Provisoire,,
05EA002,2026-07-30T00:35:00Z,47,11.7,,,Provisional/Provisoire,,
05EA002,2026-07-30T00:40:00Z,47,11.7,,,Provisional/Provisoire,,
05EA002,2026-07-30T00:45:00Z,47,11.7,,,Provisional/Provisoire,,
05EA002,2026-07-30T00:50:00Z,47,11.7,,,Provisional/Provisoire,,
05EA002,2026-07-30T00:55:00Z,47,11.7,,,Provisional/Provisoire,,
05EA002,2026-07-30T01:00:00Z,47,11.7,,,Provisional/Provisoire,,
05EA002,2026-07-30T01:05:00Z,47,11.7,,,Provisional/Provisoire,,
05EA002,2026-07-30T01:10:00Z,47,11.7,,,Provisional/Provisoire,,
05EA002,2026-07-30T01:15:00Z,47,11.7,,,Provisional/Provisoire,,
05EA002,2026-07-30T01:20:00Z,47,11.7,,,Provisional/Provisoire,,
05EA002,2026-07-30T01:25:00Z,47,11.7,,,Provisional/Provisoire,,
05EA002,2026-07-30T01:30:00Z,47,11.7,,,Provisional/Provisoire,,
05EA002,2026-07-30T01:35:00Z,47,11.7,,,Provisional/Provisoire,,
05EA002,2026-07-30T01:40:00Z,47,11.7,,,Provisional/Provisoire,,
05EA002,2026-07-30T01:45:00Z,47,11.7,,,Provisional/Provisoire,,
05EA002,2026-07-30T01:50:00Z,47,11.7,,,Provisional/Provisoire,,
05EA002,2026-07-30T01:55:00Z,47,11.7,,,Provisional/Provisoire,,
05EA002,2026-07-30T02:00:00Z,47,11.6,,,Provisional/Provisoire,,
05EA002,2026-07-30T02:05:00Z,47,11.6,,,Provisional/Provisoire,,
05EA002,2026-07-30T02:10:00Z,47,11.6,,,Provisional/Provisoire,,
05EA002,2026-07-30T02:15:00Z,47,11.6,,,Provisional/Provisoire,,
05EA002,2026-07-30T02:20:00Z,47,11.6,,,Provisional/Provisoire,,
05EA002,2026-07-30T02:25:00Z,47,11.6,,,Provisional/Provisoire,,
05EA002,2026-07-30T02:30:00Z,47,11.6,,,Provisional/Provisoire,,
05EA002,2026-07-30T02:35:00Z,47,11.6,,,Provisional/Provisoire,,
05EA002,2026-07-30T02:40:00Z,47,11.6,,,Provisional/Provisoire,,
05EA002,2026-07-30T02:45:00Z,47,11.6,,,Provisional/Provisoire,,
05EA002,2026-07-30T02:50:00Z,47,11.6,,,Provisional/Provisoire,,
05EA002,2026-07-30T02:55:00Z,47,11.6,,,Provisional/Provisoire,,
05EA002,2026-07-30T03:00:00Z,47,11.6,,,Provisional/Provisoire,,
05EA002,2026-07-30T03:05:00Z,47,11.6,,,Provisional/Provisoire,,
05EA002,2026-07-30T03:10:00Z,47,11.6,,,Provisional/Provisoire,,
05EA002,2026-07-30T03:15:00Z,47,11.6,,,Provisional/Provisoire,,
05EA002,2026-07-30T03:20:00Z,47,11.6,,,Provisional/Provisoire,,
05EA002,2026-07-30T03:25:00Z,47,11.6,,,Provisional/Provisoire,,
05EA002,2026-07-30T03:30:00Z,47,11.6,,,Provisional/Provisoire,,
05EA002,2026-07-30T03:35:00Z,47,11.6,,,Provisional/Provisoire,,
05EA002,2026-07-30T03:40:00Z,47,11.6,,,Provisional/Provisoire,,
05EA002,2026-07-30T03:45:00Z,47,11.6,,,Provisional/Provisoire,,
05EA002,2026-07-30T03:50:00Z,47,11.6,,,Provisional/Provisoire,,
05EA002,2026-07-30T03:55:00Z,47,11.6,,,Provisional/Provisoire,,
05EA002,2026-07-30T04:00:00Z,47,11.6,,,Provisional/Provisoire,,
05EA002,2026-07-30T04:05:00Z,47,11.6,,,Provisional/Provisoire,,
05EA002,2026-07-30T04:10:00Z,47,11.6,,,Provisional/Provisoire,,
05EA002,2026-07-30T04:15:00Z,47,11.6,,,Provisional/Provisoire,,
05EA002,2026-07-30T04:20:00Z,47,11.6,,,Provisional/Provisoire,,
05EA002,2026-07-30T04:25:00Z,47,11.6,,,Provisional/Provisoire,,
05EA002,2026-07-30T04:30:00Z,47,11.6,,,Provisional/Provisoire,,
05EA002,2026-07-30T04:35:00Z,47,11.6,,,Provisional/Provisoire,,
05EA002,2026-07-30T04:40:00Z,47,11.6,,,Provisional/Provisoire,,
05EA002,2026-07-30T04:45:00Z,47,11.6,,,Provisional/Provisoire,,
05EA002,2026-07-30T04:50:00Z,47,11.6,,,Provisional/Provisoire,,
05EA002,2026-07-30T04:55:00Z,47,11.6,,,Provisional/Provisoire,,
05EA002,2026-07-30T05:00:00Z,47,11.6,,,Provisional/Provisoire,,
05EA002,2026-07-30T05:05:00Z,47,11.6,,,Provisional/Provisoire,,
05EA002,2026-07-30T05:10:00Z,47,11.6,,,Provisional/Provisoire,,
05EA002,2026-07-30T05:15:00Z,47,11.6,,,Provisional/Provisoire,,
05EA002,2026-07-30T05:20:00Z,47,11.6,,,Provisional/Provisoire,,
05EA002,2026-07-30T05:25:00Z,47,11.6,,,Provisional/Provisoire,,
05EA002,2026-07-30T05:30:00Z,47,11.6,,,Provisional/Provisoire,,
05EA002,2026-07-30T05:35:00Z,47,11.6,,,Provisional/Provisoire,,
05EA002,2026-07-30T05:40:00Z,47,11.6,,,Provisional/Provisoire,,
05EA002,2026-07-30T05:45:00Z,47,11.6,,,Provisional/Provisoire,,
05EA002,2026-07-30T05:50:00Z,47,11.6,,,Provisional/Provisoire,,
05EA002,2026-07-30T05:55:00Z,47,11.6,,,Provisional/Provisoire,,
05EA002,2026-07-30T06:00:00Z,47,11.6,,,Provisional/Provisoire,,
05EA002,2026-07-30T06:05:00Z,47,11.6,,,Provisional/Provisoire,,
05EA002,2026-07-30T06:10:00Z,47,11.6,,,Provisional/Provisoire,,
05EA002,2026-07-30T06:15:00Z,47,11.6,,,Provisional/Provisoire,,
05EA002,2026-07-30T06:20:00Z,47,11.6,,,Provisional/Provisoire,,
05EA002,2026-07-30T06:25:00Z,47,11.6,,,Provisional/Provisoire,,
05EA002,2026-07-30T06:30:00Z,47,11.6,,,Provisional/Provisoire,,
05EA002,2026-07-30T06:35:00Z,47,11.6,,,Provisional/Provisoire,,
05EA002,2026-07-30T06:40:00Z,47,11.6,,,Provisional/Provisoire,,
05EA002,2026-07-30T06:45:00Z,47,11.6,,,Provisional/Provisoire,,
05EA002,2026-07-30T06:50:00Z,47,11.6,,,Provisional/Provisoire,,
05EA002,2026-07-30T06:55:00Z,47,11.6,,,Provisional/Provisoire,,
05EA002,2026-07-30T07:00:00Z,47,11.6,,,Provisional/Provisoire,,
05EA002,2026-07-30T07:05:00Z,47,11.6,,,Provisional/Provisoire,,
05EA002,2026-07-30T07:10:00Z,47,11.6,,,Provisional/Provisoire,,
05EA002,2026-07-30T07:15:00Z,47,11.6,,,Provisional/Provisoire,,
05EA002,2026-07-30T07:20:00Z,47,11.6,,,Provisional/Provisoire,,
05EA002,2026-07-30T07:25:00Z,47,11.6,,,Provisional/Provisoire,,
05EA002,2026-07-30T07:30:00Z,47,11.6,,,Provisional/Provisoire,,
05EA002,2026-07-30T07:35:00Z,47,11.6,,,Provisional/Provisoire,,
05EA002,2026-07-30T07:40:00Z,47,11.6,,,Provisional/Provisoire,,
05EA002,2026-07-30T07:45:00Z,47,11.5,,,Provisional/Provisoire,,
05EA002,2026-07-30T07:50:00Z,47,11.6,,,Provisional/Provisoire,,
05EA002,2026-07-30T07:55:00Z,47,11.5,,,Provisional/Provisoire,,
05EA002,2026-07-30T08:00:00Z,47,11.5,,,Provisional/Provisoire,,
05EA002,2026-07-30T08:05:00Z,47,11.5,,,Provisional/Provisoire,,
05EA002,2026-07-30T08:10:00Z,47,11.5,,,Provisional/Provisoire,,
05EA002,2026-07-30T08:15:00Z,47,11.6,,,Provisional/Provisoire,,
05EA002,2026-07-30T08:20:00Z,47,11.5,,,Provisional/Provisoire,,
05EA002,2026-07-30T08:25:00Z,47,11.5,,,Provisional/Provisoire,,
05EA002,2026-07-30T08:30:00Z,47,11.5,,,Provisional/Provisoire,,
05EA002,2026-07-30T08:35:00Z,47,11.5,,,Provisional/Provisoire,,
05EA002,2026-07-30T08:40:00Z,47,11.5,,,Provisional/Provisoire,,
05EA002,2026-07-30T08:45:00Z,47,11.5,,,Provisional/Provisoire,,
05EA002,2026-07-30T08:50:00Z,47,11.5,,,Provisional/Provisoire,,
05EA002,2026-07-30T08:55:00Z,47,11.5,,,Provisional/Provisoire,,
05EA002,2026-07-30T09:00:00Z,47,11.5,,,Provisional/Provisoire,,
05EA002,2026-07-30T09:05:00Z,47,11.5,,,Provisional/Provisoire,,
05EA002,2026-07-30T09:10:00Z,47,11.5,,,Provisional/Provisoire,,
05EA002,2026-07-30T09:15:00Z,47,11.5,,,Provisional/Provisoire,,
05EA002,2026-07-30T09:20:00Z,47,11.5,,,Provisional/Provisoire,,
05EA002,2026-07-30T09:25:00Z,47,11.5,,,Provisional/Provisoire,,
05EA002,2026-07-30T09:30:00Z,47,11.5,,,Provisional/Provisoire,,
05EA002,2026-07-30T09:35:00Z,47,11.5,,,Provisional/Provisoire,,
05EA002,2026-07-30T09:40:00Z,47,11.5,,,Provisional/Provisoire,,
05EA002,2026-07-30T09:45:00Z,47,11.5,,,Provisional/Provisoire,,
05EA002,2026-07-30T09:50:00Z,47,11.5,,,Provisional/Provisoire,,
05EA002,2026-07-30T09:55:00Z,47,11.5,,,Provisional/Provisoire,,
05EA002,2026-07-30T10:00:00Z,47,11.5,,,Provisional/Provisoire,,
05EA002,2026-07-30T10:05:00Z,47,11.5,,,Provisional/Provisoire,,
05EA002,2026-07-30T10:10:00Z,47,11.5,,,Provisional/Provisoire,,
05EA002,2026-07-30T10:15:00Z,47,11.5,,,Provisional/Provisoire,,
05EA002,2026-07-30T10:20:00Z,47,11.5,,,Provisional/Provisoire,,
05EA002,2026-07-30T10:25:00Z,47,11.5,,,Provisional/Provisoire,,
05EA002,2026-07-30T10:30:00Z,47,11.5,,,Provisional/Provisoire,,
05EA002,2026-07-30T10:35:00Z,47,11.5,,,Provisional/Provisoire,,
05EA002,2026-07-30T10:40:00Z,47,11.5,,,Provisional/Provisoire,,
05EA002,2026-07-30T10:45:00Z,47,11.5,,,Provisional/Provisoire,,
05EA002,2026-07-30T10:50:00Z,47,11.5,,,Provisional/Provisoire,,
05EA002,2026-07-30T10:55:00Z,47,11.5,,,Provisional/Provisoire,,
05EA002,2026-07-30T11:00:00Z,47,11.5,,,Provisional/Provisoire,,
05EA002,2026-07-30T11:05:00Z,47,11.5,,,Provisional/Provisoire,,
05EA002,2026-07-30T11:10:00Z,47,11.5,,,Provisional/Provisoire,,
05EA002,2026-07-30T11:15:00Z,47,11.5,,,Provisional/Provisoire,,
05EA002,2026-07-30T11:20:00Z,47,11.5,,,Provisional/Provisoire,,
05EA002,2026-07-30T11:25:00Z,47,11.5,,,Provisional/Provisoire,,
05EA002,2026-07-30T11:30:00Z,47,11.5,,,Provisional/Provisoire,,
05EA002,2026-07-30T11:35:00Z,47,11.5,,,Provisional/Provisoire,,
05EA002,2026-07-30T11:40:00Z,47,11.5,,,Provisional/Provisoire,,
05EA002,2026-07-30T11:45:00Z,47,11.5,,,Provisional/Provisoire,,
05EA002,2026-07-30T11:50:00Z,47,11.5,,,Provisional/Provisoire,,
05EA002,2026-07-30T11:55:00Z,47,11.5,,,Provisional/Provisoire,,
05EA002,2026-07-30T12:00:00Z,47,11.5,,,Provisional/Provisoire,,
05EA002,2026-07-30T12:05:00Z,47,11.5,,,Provisional/Provisoire,,
05EA002,2026-07-30T12:10:00Z,47,11.5,,,Provisional/Provisoire,,
05EA002,2026-07-30T12:15:00Z,47,11.5,,,Provisional/Provisoire,,
05EA002,2026-07-30T12:20:00Z,47,11.5,,,Provisional/Provisoire,,
05EA002,2026-07-30T12:25:00Z,47,11.5,,,Provisional/Provisoire,,
05EA002,2026-07-30T12:30:00Z,47,11.5,,,Provisional/Provisoire,,
05EA002,2026-07-30T12:35:00Z,47,11.5,,,Provisional/Provisoire,,
05EA002,2026-07-30T12:40:00Z,47,11.5,,,Provisional/Provisoire,,
05EA002,2026-07-30T12:45:00Z,47,11.5,,,Provisional/Provisoire,,
05EA002,2026-07-30T12:50:00Z,47,11.5,,,Provisional/Provisoire,,
05EA002,2026-07-30T12:55:00Z,47,11.5,,,Provisional/Provisoire,,
05EA002,2026-07-30T13:00:00Z,47,11.5,,,Provisional/Provisoire,,
05EA002,2026-07-30T13:05:00Z,47,11.5,,,Provisional/Provisoire,,
05EA002,2026-07-30T13:10:00Z,47,11.5,,,Provisional/Provisoire,,
05EA002,2026-07-30T13:15:00Z,47,11.5,,,Provisional/Provisoire,,
05EA002,2026-07-30T13:20:00Z,47,11.5,,,Provisional/Provisoire,,
05EA002,2026-07-30T13:25:00Z,47,11.5,,,Provisional/Provisoire,,
05EA002,2026-07-30T13:30:00Z,47,11.5,,,Provisional/Provisoire,,
05EA002,2026-07-30T13:35:00Z,47,11.5,,,Provisional/Provisoire,,
05EA002,2026-07-30T13:40:00Z,47,11.5,,,Provisional/Provisoire,,
05EA002,2026-07-30T13:45:00Z,47,11.5,,,Provisional/Provisoire,,
05EA002,2026-07-30T13:50:00Z,47,11.5,,,Provisional/Provisoire,,
05EA002,2026-07-30T13:55:00Z,47,11.5,,,Provisional/Provisoire,,
05EA002,2026-07-30T14:00:00Z,47,11.5,,,Provisional/Provisoire,,
05EA002,2026-07-30T14:05:00Z,47,11.5,,,Provisional/Provisoire,,
05EA002,2026-07-30T14:10:00Z,47,11.4,,,Provisional/Provisoire,,
05EA002,2026-07-30T14:15:00Z,47,11.4,,,Provisional/Provisoire,,
05EA002,2026-07-30T14:20:00Z,47,11.4,,,Provisional/Provisoire,,
05EA002,2026-07-30T14:25:00Z,47,11.4,,,Provisional/Provisoire,,
05EA002,2026-07-30T14:30:00Z,47,11.4,,,Provisional/Provisoire,,
05EA002,2026-07-30T14:35:00Z,47,11.4,,,Provisional/Provisoire,,
05EA002,2026-07-30T14:40:00Z,47,11.4,,,Provisional/Provisoire,,
05EA002,2026-07-30T14:45:00Z,47,11.4,,,Provisional/Provisoire,,
05EA002,2026-07-30T14:50:00Z,47,11.4,,,Provisional/Provisoire,,
05EA002,2026-07-30T14:55:00Z,47,11.4,,,Provisional/Provisoire,,
05EA002,2026-07-30T15:00:00Z,47,11.4,,,Provisional/Provisoire,,
05EA002,2026-07-30T15:05:00Z,47,11.4,,,Provisional/Provisoire,,
05EA002,2026-07-30T15:10:00Z,47,11.4,,,Provisional/Provisoire,,
05EA002,2026-07-30T15:15:00Z,47,11.4,,,Provisional/Provisoire,,
05EA002,2026-07-30T15:20:00Z,47,11.4,,,Provisional/Provisoire,,
05EA002,2026-07-30T15:25:00Z,47,11.4,,,Provisional/Provisoire,,
05EA002,2026-07-30T15:30:00Z,47,11.4,,,Provisional/Provisoire,,
05EA002,2026-07-30T15:35:00Z,47,11.4,,,Provisional/Provisoire,,
05EA002,2026-07-30T15:40:00Z,47,11.4,,,Provisional/Provisoire,,
05EA002,2026-07-30T15:45:00Z,47,11.4,,,Provisional/Provisoire,,
05EA002,2026-07-30T15:50:00Z,47,11.4,,,Provisional/Provisoire,,
05EA002,2026-07-30T15:55:00Z,47,11.4,,,Provisional/Provisoire,,
05EA002,2026-07-30T16:00:00Z,47,11.4,,,Provisional/Provisoire,,
05EA002,2026-07-30T16:05:00Z,47,11.4,,,Provisional/Provisoire,,
05EA002,2026-07-30T16:10:00Z,47,11.4,,,Provisional/Provisoire,,
05EA002,2026-07-30T16:15:00Z,47,11.4,,,Provisional/Provisoire,,
05EA002,2026-07-30T16:20:00Z,47,11.4,,,Provisional/Provisoire,,
05EA002,2026-07-30T16:25:00Z,47,11.4,,,Provisional/Provisoire,,
05EA002,2026-07-30T16:30:00Z,47,11.4,,,Provisional/Provisoire,,
05EA002,2026-07-30T16:35:00Z,47,11.3,,,Provisional/Provisoire,,
05EA002,2026-07-30T16:40:00Z,47,11.4,,,Provisional/Provisoire,,
05EA002,2026-07-30T16:45:00Z,47,11.4,,,Provisional/Provisoire,,
05EA002,2026-07-30T16:50:00Z,47,11.4,,,Provisional/Provisoire,,
05EA002,2026-07-30T16:55:00Z,47,11.4,,,Provisional/Provisoire,,
05EA002,2026-07-30T17:00:00Z,47,11.4,,,Provisional/Provisoire,,
05EA002,2026-07-30T17:05:00Z,47,11.4,,,Provisional/Provisoire,,
05EA002,2026-07-30T17:10:00Z,47,11.3,,,Provisional/Provisoire,,
05EA002,2026-07-30T17:15:00Z,47,11.4,,,Provisional/Provisoire,,
05EA002,2026-07-30T17:20:00Z,47,11.4,,,Provisional/Provisoire,,
05EA002,2026-07-30T17:25:00Z,47,11.3,,,Provisional/Provisoire,,
05EA002,2026-07-30T17:30:00Z,47,11.4,,,Provisional/Provisoire,,
05EA002,2026-07-30T17:35:00Z,47,11.3,,,Provisional/Provisoire,,
05EA002,2026-07-30T17:40:00Z,47,11.4,,,Provisional/Provisoire,,
05EA002,2026-07-30T17:45:00Z,47,11.3,,,Provisional/Provisoire,,
05EA002,2026-07-30T17:50:00Z,47,11.3,,,Provisional/Provisoire,,
05EA002,2026-07-30T17:55:00Z,47,11.3,,,Provisional/Provisoire,,
05EA002,2026-07-30T18:00:00Z,47,11.3,,,Provisional/Provisoire,,
05EA002,2026-07-30T18:05:00Z,47,11.3,,,Provisional/Provisoire,,
05EA002,2026-07-30T18:10:00Z,47,11.3,,,Provisional/Provisoire,,
05EA002,2026-07-30T18:15:00Z,47,11.3,,,Provisional/Provisoire,,
05EA002,2026-07-30T18:20:00Z,47,11.3,,,Provisional/Provisoire,,
05EA002,2026-07-30T18:25:00Z,47,11.3,,,Provisional/Provisoire,,
05EA002,2026-07-30T18:30:00Z,47,11.3,,,Provisional/Provisoire,,
05EA002,2026-07-30T18:35:00Z,47,11.3,,,Provisional/Provisoire,,
05EA002,2026-07-30T18:40:00Z,47,11.3,,,Provisional/Provisoire,,
05EA002,2026-07-30T18:45:00Z,47,11.3,,,Provisional/Provisoire,,
05EA002,2026-07-30T18:50:00Z,47,11.3,,,Provisional/Provisoire,,
05EA002,2026-07-30T18:55:00Z,47,11.3,,,Provisional/Provisoire,,
05EA002,2026-07-30T19:00:00Z,47,11.3,,,Provisional/Provisoire,,
05EA002,2026-07-30T19:05:00Z,47,11.3,,,Provisional/Provisoire,,
05EA002,2026-07-30T19:10:00Z,47,11.3,,,Provisional/Provisoire,,
05EA002,2026-07-30T19:15:00Z,47,11.3,,,Provisional/Provisoire,,
05EA002,2026-07-30T19:20:00Z,47,11.3,,,Provisional/Provisoire,,
05EA002,2026-07-30T19:25:00Z,47,11.3,,,Provisional/Provisoire,,
05EA002,2026-07-30T19:30:00Z,47,11.3,,,Provisional/Provisoire,,
05EA002,2026-07-30T19:35:00Z,47,11.3,,,Provisional/Provisoire,,
05EA002,2026-07-30T19:40:00Z,47,11.3,,,Provisional/Provisoire,,
05EA002,2026-07-30T19:45:00Z,47,11.3,,,Provisional/Provisoire,,
05EA002,2026-07-30T19:50:00Z,47,11.3,,,Provisional/Provisoire,,
05EA002,2026-07-30T19:55:00Z,47,11.3,,,Provisional/Provisoire,,
05EA002,2026-07-30T20:00:00Z,47,11.3,,,Provisional/Provisoire,,
05EA002,2026-07-30T20:05:00Z,47,11.3,,,Provisional/Provisoire,,
05EA002,2026-07-30T20:10:00Z,47,11.3,,,Provisional/Provisoire,,
05EA002,2026-07-30T20:15:00Z,47,11.3,,,Provisional/Provisoire,,
05EA002,2026-07-30T20:20:00Z,47,11.3,,,Provisional/Provisoire,,
05EA002,2026-07-30T20:25:00Z,47,11.3,,,Provisional/Provisoire,,
05EA002,2026-07-30T20:30:00Z,47,11.3,,,Provisional/Provisoire,,
05EA002,2026-07-30T20:35:00Z,47,11.3,,,Provisional/Provisoire,,
05EA002,2026-07-30T20:40:00Z,47,11.3,,,Provisional/Provisoire,,
05EA002,2026-07-30T20:45:00Z,47,11.3,,,Provisional/Provisoire,,
05EA002,2026-07-30T20:50:00Z,47,11.3,,,Provisional/Provisoire,,
05EA002,2026-07-30T20:55:00Z,47,11.3,,,Provisional/Provisoire,,
05EA002,2026-07-30T21:00:00Z,47,11.2,,,Provisional/Provisoire,,
05EA002,2026-07-30T21:05:00Z,47,11.3,,,Provisional/Provisoire,,
05EA002,2026-07-30T21:10:00Z,47,11.2,,,Provisional/Provisoire,,
05EA002,2026-07-30T21:15:00Z,47,11.2,,,Provisional/Provisoire,,
05EA002,2026-07-30T21:20:00Z,47,11.2,,,Provisional/Provisoire,,
05EA002,2026-07-30T21:25:00Z,47,11.3,,,Provisional/Provisoire,,
05EA002,2026-07-30T21:30:00Z,47,11.2,,,Provisional/Provisoire,,
05EA002,2026-07-30T21:35:00Z,47,11.2,,,Provisional/Provisoire,,
05EA002,2026-07-30T21:40:00Z,47,11.2,,,Provisional/Provisoire,,
05EA002,2026-07-30T21:45:00Z,47,11.2,,,Provisional/Provisoire,,
05EA002,2026-07-30T21:50:00Z,47,11.2,,,Provisional/Provisoire,,
05EA002,2026-07-30T21:55:00Z,47,11.2,,,Provisional/Provisoire,,
05EA002,2026-07-30T22:00:00Z,47,11.3,,,Provisional/Provisoire,,
05EA002,2026-07-30T22:05:00Z,47,11.3,,,Provisional/Provisoire,,
05EA002,2026-07-30T22:10:00Z,47,11.3,,,Provisional/Provisoire,,
05EA002,2026-07-30T22:15:00Z,47,11.3,,,Provisional/Provisoire,,
05EA002,2026-07-30T22:20:00Z,47,11.3,,,Provisional/Provisoire,,
05EA002,2026-07-30T22:25:00Z,47,11.2,,,Provisional/Provisoire,,
05EA002,2026-07-30T22:30:00Z,47,11.3,,,Provisional/Provisoire,,
05EA002,2026-07-30T22:35:00Z,47,11.3,,,Provisional/Provisoire,,
05EA002,2026-07-30T22:40:00Z,47,11.3,,,Provisional/Provisoire,,
05EA002,2026-07-30T22:45:00Z,47,11.3,,,Provisional/Provisoire,,
05EA002,2026-07-30T22:50:00Z,47,11.3,,,Provisional/Provisoire,,
05EA002,2026-07-30T22:55:00Z,47,11.2,,,Provisional/Provisoire,,
05EA002,2026-07-30T23:00:00Z,47,11.2,,,Provisional/Provisoire,,
05EA002,2026-07-30T23:05:00Z,47,11.2,,,Provisional/Provisoire,,
05EA002,2026-07-30T23:10:00Z,47,11.2,,,Provisional/Provisoire,,
05EA002,2026-07-30T23:15:00Z,47,11.2,,,Provisional/Provisoire,,
05EA002,2026-07-30T23:20:00Z,47,11.2,,,Provisional/Provisoire,,
05EA002,2026-07-30T23:25:00Z,47,11.2,,,Provisional/Provisoire,,
05EA002,2026-07-30T23:30:00Z,47,11.2,,,Provisional/Provisoire,,
05EA002,2026-07-30T23:35:00Z,47,11.2,,,Provisional/Provisoire,,
05EA002,2026-07-30T23:40:00Z,47,11.2,,,Provisional/Provisoire,,
05EA002,2026-07-30T23:45:00Z,47,11.2,,,Provisional/Provisoire,,
05EA002,2026-07-30T23:50:00Z,47,11.2,,,Provisional/Provisoire,,
05EA002,2026-07-30T23:55:00Z,47,11.2,,,Provisional/Provisoire,,
05EA002,2026-07-31T00:00:00Z,47,11.2,,,Provisional/Provisoire,,
05EA002,2026-07-31T00:05:00Z,47,11.2,,,Provisional/Provisoire,,
05EA002,2026-07-31T00:10:00Z,47,11.2,,,Provisional/Provisoire,,
05EA002,2026-07-31T00:15:00Z,47,11.2,,,Provisional/Provisoire,,
05EA002,2026-07-31T00:20:00Z,47,11.2,,,Provisional/Provisoire,,
05EA002,2026-07-31T00:25:00Z,47,11.2,,,Provisional/Provisoire,,
05EA002,2026-07-31T00:30:00Z,47,11.2,,,Provisional/Provisoire,,
05EA002,2026-07-31T00:35:00Z,47,11.2,,,Provisional/Provisoire,,
05EA002,2026-07-31T00:40:00Z,47,11.2,,,Provisional/Provisoire,,
05EA002,2026-07-31T00:45:00Z,47,11.2,,,Provisional/Provisoire,,
05EA002,2026-07-31T00:50:00Z,47,11.2,,,Provisional/Provisoire,,
05EA002,2026-07-31T00:55:00Z,47,11.2,,,Provisional/Provisoire,,
05EA002,2026-07-31T01:00:00Z,47,11.2,,,Provisional/Provisoire,,
05EA002,2026-07-31T01:05:00Z,47,11.2,,,Provisional/Provisoire,,
05EA002,2026-07-31T01:10:00Z,47,11.2,,,Provisional/Provisoire,,
05EA002,2026-07-31T01:15:00Z,47,11.2,,,Provisional/Provisoire,,
05EA002,2026-07-31T01:20:00Z,47,11.2,,,Provisional/Provisoire,,
05EA002,2026-07-31T01:25:00Z,47,11.2,,,Provisional/Provisoire,,
05EA002,2026-07-31T01:30:00Z,47,11.2,,,Provisional/Provisoire,,
05EA002,2026-07-31T01:35:00Z,47,11.2,,,Provisional/Provisoire,,
05EA002,2026-07-31T01:40:00Z,47,11.2,,,Provisional/Provisoire,,
05EA002,2026-07-31T01:45:00Z,47,11.2,,,Provisional/Provisoire,,
05EA002,2026-07-31T01:50:00Z,47,11.2,,,Provisional/Provisoire,,
05EA002,2026-07-31T01:55:00Z,47,11.2,,,Provisional/Provisoire,,
05EA002,2026-07-31T02:00:00Z,47,11.2,,,Provisional/Provisoire,,
05EA002,2026-07-31T02:05:00Z,47,11.2,,,Provisional/Provisoire,,
05EA002,2026-07-31T02:10:00Z,47,11.2,,,Provisional/Provisoire,,
05EA002,2026-07-31T02:15:00Z,47,11.2,,,Provisional/Provisoire,,
05EA002,2026-07-31T02:20:00Z,47,11.2,,,Provisional/Provisoire,,
05EA002,2026-07-31T02:25:00Z,47,11.2,,,Provisional/Provisoire,,
05EA002,2026-07-31T02:30:00Z,47,11.2,,,Provisional/Provisoire,,
05EA002,2026-07-31T02:35:00Z,47,11.2,,,Provisional/Provisoire,,
05EA002,2026-07-31T02:40:00Z,47,11.2,,,Provisional/Provisoire,,
05EA002,2026-07-31T02:45:00Z,47,11.2,,,Provisional/Provisoire,,
05EA002,2026-07-31T02:50:00Z,47,11.2,,,Provisional/Provisoire,,
05EA002,2026-07-31T02:55:00Z,47,11.2,,,Provisional/Provisoire,,
05EA002,2026-07-31T03:00:00Z,47,11.2,,,Provisional/Provisoire,,
05EA002,2026-07-31T03:05:00Z,47,11.1,,,Provisional/Provisoire,,
05EA002,2026-07-31T03:10:00Z,47,11.2,,,Provisional/Provisoire,,
05EA002,2026-07-31T03:15:00Z,47,11.1,,,Provisional/Provisoire,,
05EA002,2026-07-31T03:20:00Z,47,11.2,,,Provisional/Provisoire,,
05EA002,2026-07-31T03:25:00Z,47,11.2,,,Provisional/Provisoire,,
05EA002,2026-07-31T03:30:00Z,47,11.2,,,Provisional/Provisoire,,
05EA002,2026-07-31T03:35:00Z,47,11.2,,,Provisional/Provisoire,,
05EA002,2026-07-31T03:40:00Z,47,11.1,,,Provisional/Provisoire,,
05EA002,2026-07-31T03:45:00Z,47,11.2,,,Provisional/Provisoire,,
05EA002,2026-07-31T03:50:00Z,47,11.2,,,Provisional/Provisoire,,
05EA002,2026-07-31T03:55:00Z,47,11.2,,,Provisional/Provisoire,,
05EA002,2026-07-31T04:00:00Z,47,11.2,,,Provisional/Provisoire,,
05EA002,2026-07-31T04:05:00Z,47,11.2,,,Provisional/Provisoire,,
05EA002,2026-07-31T04:10:00Z,47,11.2,,,Provisional/Provisoire,,
05EA002,2026-07-31T04:15:00Z,47,11.2,,,Provisional/Provisoire,,
05EA002,2026-07-31T04:20:00Z,47,11.2,,,Provisional/Provisoire,,
05EA002,2026-07-31T04:25:00Z,47,11.2,,,Provisional/Provisoire,,
05EA002,2026-07-31T04:30:00Z,47,11.2,,,Provisional/Provisoire,,
05EA002,2026-07-31T04:35:00Z,47,11.2,,,Provisional/Provisoire,,
05EA002,2026-07-31T04:40:00Z,47,11.2,,,Provisional/Provisoire,,
05EA002,2026-07-31T04:45:00Z,47,11.2,,,Provisional/Provisoire,,
05EA002,2026-07-31T04:50:00Z,47,11.2,,,Provisional/Provisoire,,
05EA002,2026-07-31T04:55:00Z,47,11.2,,,Provisional/Provisoire,,
05EA002,2026-07-31T05:00:00Z,47,11.2,,,Provisional/Provisoire,,
05EA002,2026-07-31T05:05:00Z,47,11.2,,,Provisional/Provisoire,,
05EA002,2026-07-31T05:10:00Z,47,11.2,,,Provisional/Provisoire,,
05EA002,2026-07-31T05:15:00Z,47,11.2,,,Provisional/Provisoire,,
05EA002,2026-07-31T05:20:00Z,47,11.2,,,Provisional/Provisoire,,
05EA002,2026-07-31T05:25:00Z,47,11.2,,,Provisional/Provisoire,,
05EA002,2026-07-31T05:30:00Z,47,11.2,,,Provisional/Provisoire,,
05EA002,2026-07-31T05:35:00Z,47,11.2,,,Provisional/Provisoire,,
05EA002,2026-07-31T05:40:00Z,47,11.2,,,Provisional/Provisoire,,
05EA002,2026-07-31T05:45:00Z,47,11.2,,,Provisional/Provisoire,,
05EA002,2026-07-31T05:50:00Z,47,11.2,,,Provisional/Provisoire,,
05EA002,2026-07-31T05:55:00Z,47,11.2,,,Provisional/Provisoire,,
05EA002,2026-07-31T06:00:00Z,47,11.2,,,Provisional/Provisoire,,
05EA002,2026-07-31T06:05:00Z,47,11.2,,,Provisional/Provisoire,,
05EA002,2026-07-31T06:10:00Z,47,11.2,,,Provisional/Provisoire,,
05EA002,2026-07-31T06:15:00Z,47,11.2,,,Provisional/Provisoire,,
05EA002,2026-07-31T06:20:00Z,47,11.2,,,Provisional/Provisoire,,
05EA002,2026-07-31T06:25:00Z,47,11.2,,,Provisional/Provisoire,,
05EA002,2026-07-31T06:30:00Z,47,11.2,,,Provisional/Provisoire,,
05EA002,2026-07-31T06:35:00Z,47,11.2,,,Provisional/Provisoire,,
05EA002,2026-07-31T06:40:00Z,47,11.1,,,Provisional/Provisoire,,
05EA002,2026-07-31T06:45:00Z,47,11.2,,,Provisional/Provisoire,,
05EA002,2026-07-31T06:50:00Z,47,11.2,,,Provisional/Provisoire,,
05EA002,2026-07-31T06:55:00Z,47,11.2,,,Provisional/Provisoire,,
05EA002,2026-07-31T07:00:00Z,47,11.2,,,Provisional/Provisoire,,
05EA002,2026-07-31T07:05:00Z,47,11.2,,,Provisional/Provisoire,,
05EA002,2026-07-31T07:10:00Z,47,11.2,,,Provisional/Provisoire,,
05EA002,2026-07-31T07:15:00Z,47,11.2,,,Provisional/Provisoire,,
05EA002,2026-07-31T07:20:00Z,47,11.2,,,Provisional/Provisoire,,
05EA002,2026-07-31T07:25:00Z,47,11.2,,,Provisional/Provisoire,,
05EA002,2026-07-31T07:30:00Z,47,11.2,,,Provisional/Provisoire,,
05EA002,2026-07-31T07:35:00Z,47,11.2,,,Provisional/Provisoire,,
05EA002,2026-07-31T07:40:00Z,47,11.2,,,Provisional/Provisoire,,
05EA002,2026-07-31T07:45:00Z,47,11.2,,,Provisional/Provisoire,,
05EA002,2026-07-31T07:50:00Z,47,11.2,,,Provisional/Provisoire,,
05EA002,2026-07-31T07:55:00Z,47,11.2,,,Provisional/Provisoire,,
05EA002,2026-07-31T08:00:00Z,47,11.2,,,Provisional/Provisoire,,
05EA002,2026-07-31T08:05:00Z,47,11.1,,,Provisional/Provisoire,,
05EA002,2026-07-31T08:10:00Z,47,11.1,,,Provisional/Provisoire,,
05EA002,2026-07-31T08:15:00Z,47,11.1,,,Provisional/Provisoire,,
05EA002,2026-07-31T08:20:00Z,47,11.1,,,Provisional/Provisoire,,
05EA002,2026-07-31T08:25:00Z,47,11.1,,,Provisional/Provisoire,,
05EA002,2026-07-31T08:30:00Z,47,11.1,,,Provisional/Provisoire,,
05EA002,2026-07-31T08:35:00Z,47,11.2,,,Provisional/Provisoire,,
05EA002,2026-07-31T08:40:00Z,47,11.1,,,Provisional/Provisoire,,
05EA002,2026-07-31T08:45:00Z,47,11.2,,,Provisional/Provisoire,,
05EA002,2026-07-31T08:50:00Z,47,11.2,,,Provisional/Provisoire,,
05EA002,2026-07-31T08:55:00Z,47,11.1,,,Provisional/Provisoire,,
05EA002,2026-07-31T09:00:00Z,47,11.1,,,Provisional/Provisoire,,
05EA002,2026-07-31T09:05:00Z,47,11.1,,,Provisional/Provisoire,,
05EA002,2026-07-31T09:10:00Z,47,11.1,,,Provisional/Provisoire,,
05EA002,2026-07-31T09:15:00Z,47,11.1,,,Provisional/Provisoire,,
05EA002,2026-07-31T09:20:00Z,47,11.1,,,Provisional/Provisoire,,
05EA002,2026-07-31T09:25:00Z,47,11.1,,,Provisional/Provisoire,,
05EA002,2026-07-31T09:30:00Z,47,11.1,,,Provisional/Provisoire,,
05EA002,2026-07-31T09:35:00Z,47,11.1,,,Provisional/Provisoire,,
05EA002,2026-07-31T09:40:00Z,47,11.1,,,Provisional/Provisoire,,
05EA002,2026-07-31T09:45:00Z,47,11.1,,,Provisional/Provisoire,,
05EA002,2026-07-31T09:50:00Z,47,11.1,,,Provisional/Provisoire,,
05EA002,2026-07-31T09:55:00Z,47,11.1,,,Provisional/Provisoire,,
05EA002,2026-07-31T10:00:00Z,47,11.1,,,Provisional/Provisoire,,
05EA002,2026-07-31T10:05:00Z,47,11.1,,,Provisional/Provisoire,,
05EA002,2026-07-31T10:10:00Z,47,11.1,,,Provisional/Provisoire,,
05EA002,2026-07-31T10:15:00Z,47,11.1,,,Provisional/Provisoire,,
05EA002,2026-07-31T10:20:00Z,47,11.1,,,Provisional/Provisoire,,
05EA002,2026-07-31T10:25:00Z,47,11.1,,,Provisional/Provisoire,,
05EA002,2026-07-31T10:30:00Z,47,11.1,,,Provisional/Provisoire,,
05EA002,2026-07-31T10:35:00Z,47,11.1,,,Provisional/Provisoire,,
05EA002,2026-07-31T10:40:00Z,47,11.1,,,Provisional/Provisoire,,
05EA002,2026-07-31T10:45:00Z,47,11.1,,,Provisional/Provisoire,,
05EA002,2026-07-31T10:50:00Z,47,11.1,,,Provisional/Provisoire,,
05EA002,2026-07-31T10:55:00Z,47,11.1,,,Provisional/Provisoire,,
05EA002,2026-07-31T11:00:00Z,47,11.1,,,Provisional/Provisoire,,
05EA002,2026-07-31T11:05:00Z,47,11.1,,,Provisional/Provisoire,,
05EA002,2026-07-31T11:10:00Z,47,11.1,,,Provisional/Provisoire,,
05EA002,2026-07-31T11:15:00Z,47,11.1,,,Provisional/Provisoire,,
05EA002,2026-07-31T11:20:00Z,47,11.1,,,Provisional/Provisoire,,
05EA002,2026-07-31T11:25:00Z,47,11.1,,,Provisional/Provisoire,,
05EA002,2026-07-31T11:30:00Z,47,11.1,,,Provisional/Provisoire,,
05EA002,2026-07-31T11:35:00Z,47,11.1,,,Provisional/Provisoire,,
05EA002,2026-07-31T11:40:00Z,47,11.1,,,Provisional/Provisoire,,
05EA002,2026-07-31T11:45:00Z,47,11.1,,,Provisional/Provisoire,,
05EA002,2026-07-31T11:50:00Z,47,11.1,,,Provisional/Provisoire,,
05EA002,2026-07-31T11:55:00Z,47,11.1,,,Provisional/Provisoire,,
05EA002,2026-07-31T12:00:00Z,47,11.1,,,Provisional/Provisoire,,
05EA002,2026-07-31T12:05:00Z,47,11.1,,,Provisional/Provisoire,,
05EA002,2026-07-31T12:10:00Z,47,11.1,,,Provisional/Provisoire,,
05EA002,2026-07-31T12:15:00Z,47,11.1,,,Provisional/Provisoire,,
05EA002,2026-07-31T12:20:00Z,47,11.1,,,Provisional/Provisoire,,
05EA002,2026-07-31T12:25:00Z,47,11.1,,,Provisional/Provisoire,,
05EA002,2026-07-31T12:30:00Z,47,11.1,,,Provisional/Provisoire,,
05EA002,2026-07-31T12:35:00Z,47,11.1,,,Provisional/Provisoire,,
05EA002,2026-07-31T12:40:00Z,47,11.1,,,Provisional/Provisoire,,
05EA002,2026-07-31T12:45:00Z,47,11.1,,,Provisional/Provisoire,,
05EA002,2026-07-31T12:50:00Z,47,11.1,,,Provisional/Provisoire,,
05EA002,2026-07-31T12:55:00Z,47,11.1,,,Provisional/Provisoire,,
05EA002,2026-07-31T13:00:00Z,47,11.1,,,Provisional/Provisoire,,
05EA002,2026-07-31T13:05:00Z,47,11.1,,,Provisional/Provisoire,,
05EA002,2026-07-31T13:10:00Z,47,11.1,,,Provisional/Provisoire,,
05EA002,2026-07-31T13:15:00Z,47,11.1,,,Provisional/Provisoire,,
05EA002,2026-07-31T13:20:00Z,47,11.1,,,Provisional/Provisoire,,
05EA002,2026-07-31T13:25:00Z,47,11.1,,,Provisional/Provisoire,,
05EA002,2026-07-31T13:30:00Z,47,11.1,,,Provisional/Provisoire,,
05EA002,2026-07-31T13:35:00Z,47,11.1,,,Provisional/Provisoire,,
05EA002,2026-07-31T13:40:00Z,47,11.1,,,Provisional/Provisoire,,
05EA002,2026-07-31T13:45:00Z,47,11.0,,,Provisional/Provisoire,,
05EA002,2026-07-31T13:50:00Z,47,11.1,,,Provisional/Provisoire,,
05EA002,2026-07-31T13:55:00Z,47,11.1,,,Provisional/Provisoire,,
05EA002,2026-07-31T14:00:00Z,47,11.0,,,Provisional/Provisoire,,
05EA002,2026-07-31T14:05:00Z,47,11.1,,,Provisional/Provisoire,,
05EA002,2026-07-31T14:10:00Z,47,11.1,,,Provisional/Provisoire,,
05EA002,2026-07-31T14:15:00Z,47,11.1,,,Provisional/Provisoire,,
05EA002,2026-07-31T14:20:00Z,47,11.0,,,Provisional/Provisoire,,
05EA002,2026-07-31T14:25:00Z,47,11.0,,,Provisional/Provisoire,,
05EA002,2026-07-31T14:30:00Z,47,11.1,,,Provisional/Provisoire,,
05EA002,2026-07-31T14:35:00Z,47,11.1,,,Provisional/Provisoire,,
05EA002,2026-07-31T14:40:00Z,47,11.0,,,Provisional/Provisoire,,
05EA002,2026-07-31T14:45:00Z,47,11.0,,,Provisional/Provisoire,,
05EA002,2026-07-31T14:50:00Z,47,11.1,,,Provisional/Provisoire,,
05EA002,2026-07-31T14:55:00Z,47,11.1,,,Provisional/Provisoire,,
05EA002,2026-07-31T15:00:00Z,47,11.1,,,Provisional/Provisoire,,
05EA002,2026-07-31T15:05:00Z,47,11.1,,,Provisional/Provisoire,,
05EA002,2026-07-31T15:10:00Z,47,11.1,,,Provisional/Provisoire,,
05EA002,2026-07-31T15:15:00Z,47,11.1,,,Provisional/Provisoire,,
05EA002,2026-07-31T15:20:00Z,47,11.1,,,Provisional/Provisoire,,
05EA002,2026-07-31T15:25:00Z,47,11.1,,,Provisional/Provisoire,,
05EA002,2026-07-31T15:30:00Z,47,11.1,,,Provisional/Provisoire,,
05EA002,2026-07-31T15:35:00Z,47,11.1,,,Provisional/Provisoire,,
05EA002,2026-07-31T15:40:00Z,47,11.1,,,Provisional/Provisoire,,
05EA002,2026-07-31T15:45:00Z,47,11.1,,,Provisional/Provisoire,,
05EA002,2026-07-31T15:50:00Z,47,11.0,,,Provisional/Provisoire,,
05EA002,2026-07-31T15:55:00Z,47,11.1,,,Provisional/Provisoire,,
05EA002,2026-07-31T16:00:00Z,47,11.1,,,Provisional/Provisoire,,
05EA002,2026-07-31T16:05:00Z,47,11.0,,,Provisional/Provisoire,,
05EA002,2026-07-31T16:10:00Z,47,11.0,,,Provisional/Provisoire,,
05EA002,2026-07-31T16:15:00Z,47,11.1,,,Provisional/Provisoire,,
05EA002,2026-07-31T16:20:00Z,47,11.1,,,Provisional/Provisoire,,
05EA002,2026-07-31T16:25:00Z,47,11.1,,,Provisional/Provisoire,,
05EA002,2026-07-31T16:30:00Z,47,11.0,,,Provisional/Provisoire,,
05EA002,2026-07-31T16:35:00Z,47,11.0,,,Provisional/Provisoire,,
05EA002,2026-07-31T16:40:00Z,47,11.1,,,Provisional/Provisoire,,
05EA002,2026-07-31T16:45:00Z,47,11.1,,,Provisional/Provisoire,,
05EA002,2026-07-31T16:50:00Z,47,11.1,,,Provisional/Provisoire,,
05EA002,2026-07-31T16:55:00Z,47,11.1,,,Provisional/Provisoire,,
05EA002,2026-07-31T17:00:00Z,47,11.1,,,Provisional/Provisoire,,
05EA002,2026-07-31T17:05:00Z,47,11.1,,,Provisional/Provisoire,,
05EA002,2026-07-31T17:10:00Z,47,11.1,,,Provisional/Provisoire,,
05EA002,2026-07-31T17:15:00Z,47,11.1,,,Provisional/Provisoire,,
05EA002,2026-07-31T17:20:00Z,47,11.0,,,Provisional/Provisoire,,
05EA002,2026-07-31T17:25:00Z,47,11.0,,,Provisional/Provisoire,,
05EA002,2026-07-31T17:30:00Z,47,11.0,,,Provisional/Provisoire,,
05EA002,2026-07-31T17:35:00Z,47,11.0,,,Provisional/Provisoire,,
05EA002,2026-07-31T17:40:00Z,47,11.0,,,Provisional/Provisoire,,
05EA002,2026-07-31T17:45:00Z,47,11.0,,,Provisional/Provisoire,,
05EA002,2026-07-31T17:50:00Z,47,11.0,,,Provisional/Provisoire,,
05EA002,2026-07-31T17:55:00Z,47,11.0,,,Provisional/Provisoire,,
05EA002,2026-07-31T18:00:00Z,47,11.0,,,Provisional/Provisoire,,
05EA002,2026-07-31T18:05:00Z,47,11.0,,,Provisional/Provisoire,,
05EA002,2026-07-31T18:10:00Z,47,11.0,,,Provisional/Provisoire,,
05EA002,2026-07-31T18:15:00Z,47,11.0,,,Provisional/Provisoire,,
05EA002,2026-07-31T18:20:00Z,47,11.0,,,Provisional/Provisoire,,
05EA002,2026-07-31T18:25:00Z,47,11.0,,,Provisional/Provisoire,,
05EA002,2026-07-31T18:30:00Z,47,11.0,,,Provisional/Provisoire,,
05EA002,2026-07-31T18:35:00Z,47,11.0,,,Provisional/Provisoire,,
05EA002,2026-07-31T18:40:00Z,47,11.0,,,Provisional/Provisoire,,
05EA002,2026-07-31T18:45:00Z,47,11.0,,,Provisional/Provisoire,,
05EA002,2026-07-31T18:50:00Z,47,11.0,,,Provisional/Provisoire,,
05EA002,2026-07-31T18:55:00Z,47,11.0,,,Provisional/Provisoire,,
05EA002,2026-07-31T19:00:00Z,47,11.0,,,Provisional/Provisoire,,
05EA002,2026-07-31T19:05:00Z,47,11.0,,,Provisional/Provisoire,,
05EA002,2026-07-31T19:10:00Z,47,11.0,,,Provisional/Provisoire,,
05EA002,2026-07-31T19:15:00Z,47,11.0,,,Provisional/Provisoire,,
05EA002,2026-07-31T19:20:00Z,47,11.0,,,Provisional/Provisoire,,
05EA002,2026-07-31T19:25:00Z,47,11.0,,,Provisional/Provisoire,,
05EA002,2026-07-31T19:30:00Z,47,11.0,,,Provisional/Provisoire,,
05EA002,2026-07-31T19:35:00Z,47,11.0,,,Provisional/Provisoire,,
05EA002,2026-07-31T19:40:00Z,47,11.0,,,Provisional/Provisoire,,
05EA002,2026-07-31T19:45:00Z,47,11.0,,,Provisional/Provisoire,,
05EA002,2026-07-31T19:50:00Z,47,11.0,,,Provisional/Provisoire,,
05EA002,2026-07-31T19:55:00Z,47,11.0,,,Provisional/Provisoire,,
05EA002,2026-07-31T20:00:00Z,47,11.0,,,Provisional/Provisoire,,
05EA002,2026-07-31T20:05:00Z,47,11.0,,,Provisional/Provisoire,,
05EA002,2026-07-31T20:10:00Z,47,11.0,,,Provisional/Provisoire,,
05EA002,2026-07-31T20:15:00Z,47,11.0,,,Provisional/Provisoire,,
05EA002,2026-07-31T20:20:00Z,47,11.0,,,Provisional/Provisoire,,
05EA002,2026-07-31T20:25:00Z,47,11.0,,,Provisional/Provisoire,,
05EA002,2026-07-31T20:30:00Z,47,11.0,,,Provisional/Provisoire,,
05EA002,2026-07-31T20:35:00Z,47,11.0,,,Provisional/Provisoire,,
05EA002,2026-07-31T20:40:00Z,47,11.0,,,Provisional/Provisoire,,
05EA002,2026-07-31T20:45:00Z,47,11.0,,,Provisional/Provisoire,,
05EA002,2026-07-31T20:50:00Z,47,11.0,,,Provisional/Provisoire,,
05EA002,2026-07-31T20:55:00Z,47,11.0,,,Provisional/Provisoire,,
05EA002,2026-07-31T21:00:00Z,47,11.0,,,Provisional/Provisoire,,
05EA002,2026-07-31T21:05:00Z,47,11.0,,,Provisional/Provisoire,,
05EA002,2026-07-31T21:10:00Z,47,11.0,,,Provisional/Provisoire,,
05EA002,2026-07-31T21:15:00Z,47,11.0,,,Provisional/Provisoire,,
05EA002,2026-07-31T21:20:00Z,47,11.0,,,Provisional/Provisoire,,
05EA002,2026-07-31T21:25:00Z,47,11.0,,,Provisional/Provisoire,,
05EA002,2026-07-31T21:30:00Z,47,11.0,,,Provisional/Provisoire,,
05EA002,2026-07-31T21:35:00Z,47,11.0,,,Provisional/Provisoire,,
05EA002,2026-07-31T21:40:00Z,47,11.0,,,Provisional/Provisoire,,
05EA002,2026-07-31T21:45:00Z,47,11.0,,,Provisional/Provisoire,,
05EA002,2026-07-31T21:50:00Z,47,11.0,,,Provisional/Provisoire,,
05EA002,2026-07-31T21:55:00Z,47,11.0,,,Provisional/Provisoire,,
05EA002,2026-07-31T22:00:00Z,47,11.0,,,Provisional/Provisoire,,
05EA002,2026-07-31T22:05:00Z,47,11.0,,,Provisional/Provisoire,,
05EA002,2026-07-31T22:10:00Z,47,11.0,,,Provisional/Provisoire,,
05EA002,2026-07-31T22:15:00Z,47,11.0,,,Provisional/Provisoire,,
05EA002,2026-07-31T22:20:00Z,47,11.0,,,Provisional/Provisoire,,
05EA002,2026-07-31T22:25:00Z,47,11.0,,,Provisional/Provisoire,,
05EA002,2026-07-31T22:30:00Z,47,11.0,,,Provisional/Provisoire,,
05EA002,2026-07-31T22:35:00Z,47,11.0,,,Provisional/Provisoire,,
05EA002,2026-07-31T22:40:00Z,47,11.0,,,Provisional/Provisoire,,
05EA002,2026-07-31T22:45:00Z,47,11.0,,,Provisional/Provisoire,,
05EA002,2026-07-31T22:50:00Z,47,11.0,,,Provisional/Provisoire,,
05EA002,2026-07-31T22:55:00Z,47,11.0,,,Provisional/Provisoire,,
05EA002,2026-07-31T23:00:00Z,47,11.0,,,Provisional/Provisoire,,
05EA002,2026-07-31T23:05:00Z,47,11.0,,,Provisional/Provisoire,,
05EA002,2026-07-31T23:10:00Z,47,11.0,,,Provisional/Provisoire,,
05EA002,2026-07-31T23:15:00Z,47,11.0,,,Provisional/Provisoire,,
05EA002,2026-07-31T23:20:00Z,47,11.0,,,Provisional/Provisoire,,
05EA002,2026-07-31T23:25:00Z,47,11.0,,,Provisional/Provisoire,,
05EA002,2026-07-31T23:30:00Z,47,11.0,,,Provisional/Provisoire,,
05EA002,2026-07-31T23:35:00Z,47,11.0,,,Provisional/Provisoire,,
05EA002,2026-07-31T23:40:00Z,47,11.0,,,Provisional/Provisoire,,
05EA002,2026-07-31T23:45:00Z,47,11.0,,,Provisional/Provisoire,,
05EA002,2026-07-31T23:50:00Z,47,11.0,,,Provisional/Provisoire,,
05EA002,2026-07-31T23:55:00Z,47,11.0,,,Provisional/Provisoire,,
05EA002,2026-08-01T00:00:00Z,47,11.0,,,Provisional/Provisoire,,
05EA002,2026-08-01T00:05:00Z,47,11.0,,,Provisional/Provisoire,,
05EA002,2026-08-01T00:10:00Z,47,11.0,,,Provisional/Provisoire,,
05EA002,2026-08-01T00:15:00Z,47,11.0,,,Provisional/Provisoire,,
05EA002,2026-08-01T00:20:00Z,47,11.0,,,Provisional/Provisoire,,
05EA002,2026-08-01T00:25:00Z,47,11.0,,,Provisional/Provisoire,,
05EA002,2026-08-01T00:30:00Z,47,11.0,,,Provisional/Provisoire,,
05EA002,2026-08-01T00:35:00Z,47,11.0,,,Provisional/Provisoire,,
05EA002,2026-08-01T00:40:00Z,47,11.0,,,Provisional/Provisoire,,
05EA002,2026-08-01T00:45:00Z,47,11.0,,,Provisional/Provisoire,,
05EA002,2026-08-01T00:50:00Z,47,11.0,,,Provisional/Provisoire,,
05EA002,2026-08-01T00:55:00Z,47,11.0,,,Provisional/Provisoire,,
05EA002,2026-08-01T01:00:00Z,47,11.0,,,Provisional/Provisoire,,
05EA002,2026-08-01T01:05:00Z,47,10.9,,,Provisional/Provisoire,,
05EA002,2026-08-01T01:10:00Z,47,10.9,,,Provisional/Provisoire,,
05EA002,2026-08-01T01:15:00Z,47,11.0,,,Provisional/Provisoire,,
05EA002,2026-08-01T01:20:00Z,47,11.0,,,Provisional/Provisoire,,
05EA002,2026-08-01T01:25:00Z,47,10.9,,,Provisional/Provisoire,,
05EA002,2026-08-01T01:30:00Z,47,11.0,,,Provisional/Provisoire,,
05EA002,2026-08-01T01:35:00Z,47,11.0,,,Provisional/Provisoire,,
05EA002,2026-08-01T01:40:00Z,47,11.0,,,Provisional/Provisoire,,
05EA002,2026-08-01T01:45:00Z,47,11.0,,,Provisional/Provisoire,,
05EA002,2026-08-01T01:50:00Z,47,11.0,,,Provisional/Provisoire,,
05EA002,2026-08-01T01:55:00Z,47,11.0,,,Provisional/Provisoire,,
05EA002,2026-08-01T02:00:00Z,47,11.0,,,Provisional/Provisoire,,
05EA002,2026-08-01T02:05:00Z,47,10.9,,,Provisional/Provisoire,,
05EA002,2026-08-01T02:10:00Z,47,11.0,,,Provisional/Provisoire,,
05EA002,2026-08-01T02:15:00Z,47,10.9,,,Provisional/Provisoire,,
05EA002,2026-08-01T02:20:00Z,47,10.9,,,Provisional/Provisoire,,
05EA002,2026-08-01T02:25:00Z,47,11.0,,,Provisional/Provisoire,,
05EA002,2026-08-01T02:30:00Z,47,11.0,,,Provisional/Provisoire,,
05EA002,2026-08-01T02:35:00Z,47,10.9,,,Provisional/Provisoire,,
05EA002,2026-08-01T02:40:00Z,47,11.0,,,Provisional/Provisoire,,
05EA002,2026-08-01T02:45:00Z,47,10.9,,,Provisional/Provisoire,,
05EA002,2026-08-01T02:50:00Z,47,10.9,,,Provisional/Provisoire,,
05EA002,2026-08-01T02:55:00Z,47,10.9,,,Provisional/Provisoire,,
05EA002,2026-08-01T03:00:00Z,47,10.9,,,Provisional/Provisoire,,
05EA002,2026-08-01T03:05:00Z,47,10.9,,,Provisional/Provisoire,,
05EA002,2026-08-01T03:10:00Z,47,10.9,,,Provisional/Provisoire,,
05EA002,2026-08-01T03:15:00Z,47,10.9,,,Provisional/Provisoire,,
05EA002,2026-08-01T03:20:00Z,47,10.9,,,Provisional/Provisoire,,
05EA002,2026-08-01T03:25:00Z,47,10.9,,,Provisional/Provisoire,,
05EA002,2026-08-01T03:30:00Z,47,10.9,,,Provisional/Provisoire,,
05EA002,2026-08-01T03:35:00Z,47,10.9,,,Provisional/Provisoire,,
05EA002,2026-08-01T03:40:00Z,47,10.9,,,Provisional/Provisoire,,
05EA002,2026-08-01T03:45:00Z,47,10.9,,,Provisional/Provisoire,,
05EA002,2026-08-01T03:50:00Z,47,10.9,,,Provisional/Provisoire,,
05EA002,2026-08-01T03:55:00Z,47,10.9,,,Provisional/Provisoire,,
05EA002,2026-08-01T04:00:00Z,47,10.9,,,Provisional/Provisoire,,
05EA002,2026-08-01T04:05:00Z,47,10.9,,,Provisional/Provisoire,,
05EA002,2026-08-01T04:10:00Z,47,10.9,,,Provisional/Provisoire,,
05EA002,2026-08-01T04:15:00Z,47,10.9,,,Provisional/Provisoire,,
05EA002,2026-08-01T04:20:00Z,47,10.8,,,Provisional/Provisoire,,
05EA002,2026-08-01T04:25:00Z,47,10.8,,,Provisional/Provisoire,,
05EA002,2026-08-01T04:30:00Z,47,10.9,,,Provisional/Provisoire,,
05EA002,2026-08-01T04:35:00Z,47,10.8,,,Provisional/Provisoire,,
05EA002,2026-08-01T04:40:00Z,47,10.9,,,Provisional/Provisoire,,
05EA002,2026-08-01T04:45:00Z,47,10.9,,,Provisional/Provisoire,,
05EA002,2026-08-01T04:50:00Z,47,10.8,,,Provisional/Provisoire,,
05EA002,2026-08-01T04:55:00Z,47,10.9,,,Provisional/Provisoire,,
05EA002,2026-08-01T05:00:00Z,47,10.9,,,Provisional/Provisoire,,
05EA002,2026-08-01T05:05:00Z,47,10.8,,,Provisional/Provisoire,,
05EA002,2026-08-01T05:10:00Z,47,10.9,,,Provisional/Provisoire,,
05EA002,2026-08-01T05:15:00Z,47,10.9,,,Provisional/Provisoire,,
05EA002,2026-08-01T05:20:00Z,47,10.8,,,Provisional/Provisoire,,
05EA002,2026-08-01T05:25:00Z,47,10.8,,,Provisional/Provisoire,,
05EA002,2026-08-01T05:30:00Z,47,10.8,,,Provisional/Provisoire,,
05EA002,2026-08-01T05:35:00Z,47,10.8,,,Provisional/Provisoire,,
05EA002,2026-08-01T05:40:00Z,47,10.8,,,Provisional/Provisoire,,
05EA002,2026-08-01T05:45:00Z,47,10.8,,,Provisional/Provisoire,,
05EA002,2026-08-01T05:50:00Z,47,10.8,,,Provisional/Provisoire,,
05EA002,2026-08-01T05:55:00Z,47,10.8,,,Provisional/Provisoire,,
05EA002,2026-08-01T06:00:00Z,47,10.8,,,Provisional/Provisoire,,
05EA002,2026-08-01T06:05:00Z,47,10.8,,,Provisional/Provisoire,,
05EA002,2026-08-01T06:10:00Z,47,10.8,,,Provisional/Provisoire,,
05EA002,2026-08-01T06:15:00Z,47,10.8,,,Provisional/Provisoire,,
05EA002,2026-08-01T06:20:00Z,47,10.8,,,Provisional/Provisoire,,
05EA002,2026-08-01T06:25:00Z,47,10.8,,,Provisional/Provisoire,,
05EA002,2026-08-01T06:30:00Z,47,10.8,,,Provisional/Provisoire,,
05EA002,2026-08-01T06:35:00Z,47,10.8,,,Provisional/Provisoire,,
05EA002,2026-08-01T06:40:00Z,47,10.8,,,Provisional/Provisoire,,
05EA002,2026-08-01T06:45:00Z,47,10.8,,,Provisional/Provisoire,,
05EA002,2026-08-01T06:50:00Z,47,10.8,,,Provisional/Provisoire,,
05EA002,2026-08-01T06:55:00Z,47,10.8,,,Provisional/Provisoire,,
05EA002,2026-08-01T07:00:00Z,47,10.8,,,Provisional/Provisoire,,
05EA002,2026-08-01T07:05:00Z,47,10.8,,,Provisional/Provisoire,,
05EA002,2026-08-01T07:10:00Z,47,10.8,,,Provisional/Provisoire,,
05EA002,2026-08-01T07:15:00Z,47,10.8,,,Provisional/Provisoire,,
05EA002,2026-08-01T07:20:00Z,47,10.8,,,Provisional/Provisoire,,
05EA002,2026-08-01T07:25:00Z,47,10.8,,,Provisional/Provisoire,,
05EA002,2026-08-01T07:30:00Z,47,10.8,,,Provisional/Provisoire,,
05EA002,2026-08-01T07:35:00Z,47,10.8,,,Provisional/Provisoire,,
05EA002,2026-08-01T07:40:00Z,47,10.8,,,Provisional/Provisoire,,
05EA002,2026-08-01T07:45:00Z,47,10.8,,,Provisional/Provisoire,,
05EA002,2026-08-01T07:50:00Z,47,10.7,,,Provisional/Provisoire,,
05EA002,2026-08-01T07:55:00Z,47,10.8,,,Provisional/Provisoire,,
05EA002,2026-08-01T08:00:00Z,47,10.8,,,Provisional/Provisoire,,
05EA002,2026-08-01T08:05:00Z,47,10.8,,,Provisional/Provisoire,,
05EA002,2026-08-01T08:10:00Z,47,10.8,,,Provisional/Provisoire,,
05EA002,2026-08-01T08:15:00Z,47,10.7,,,Provisional/Provisoire,,
05EA002,2026-08-01T08:20:00Z,47,10.8,,,Provisional/Provisoire,,
05EA002,2026-08-01T08:25:00Z,47,10.7,,,Provisional/Provisoire,,
05EA002,2026-08-01T08:30:00Z,47,10.8,,,Provisional/Provisoire,,
05EA002,2026-08-01T08:35:00Z,47,10.8,,,Provisional/Provisoire,,
05EA002,2026-08-01T08:40:00Z,47,10.7,,,Provisional/Provisoire,,
05EA002,2026-08-01T08:45:00Z,47,10.8,,,Provisional/Provisoire,,
05EA002,2026-08-01T08:50:00Z,47,10.7,,,Provisional/Provisoire,,
05EA002,2026-08-01T08:55:00Z,47,10.8,,,Provisional/Provisoire,,
05EA002,2026-08-01T09:00:00Z,47,10.7,,,Provisional/Provisoire,,
05EA002,2026-08-01T09:05:00Z,47,10.7,,,Provisional/Provisoire,,
05EA002,2026-08-01T09:10:00Z,47,10.7,,,Provisional/Provisoire,,
05EA002,2026-08-01T09:15:00Z,47,10.7,,,Provisional/Provisoire,,
05EA002,2026-08-01T09:20:00Z,47,10.7,,,Provisional/Provisoire,,
05EA002,2026-08-01T09:25:00Z,47,10.7,,,Provisional/Provisoire,,
05EA002,2026-08-01T09:30:00Z,47,10.7,,,Provisional/Provisoire,,
05EA002,2026-08-01T09:35:00Z,47,10.7,,,Provisional/Provisoire,,
05EA002,2026-08-01T09:40:00Z,47,10.7,,,Provisional/Provisoire,,
05EA002,2026-08-01T09:45:00Z,47,10.7,,,Provisional/Provisoire,,
05EA002,2026-08-01T09:50:00Z,47,10.7,,,Provisional/Provisoire,,
05EA002,2026-08-01T09:55:00Z,47,10.7,,,Provisional/Provisoire,,
05EA002,2026-08-01T10:00:00Z,47,10.7,,,Provisional/Provisoire,,
05EA002,2026-08-01T10:05:00Z,47,10.7,,,Provisional/Provisoire,,
05EA002,2026-08-01T10:10:00Z,47,10.7,,,Provisional/Provisoire,,
05EA002,2026-08-01T10:15:00Z,47,10.7,,,Provisional/Provisoire,,
05EA002,2026-08-01T10:20:00Z,47,10.7,,,Provisional/Provisoire,,
05EA002,2026-08-01T10:25:00Z,47,10.7,,,Provisional/Provisoire,,
05EA002,2026-08-01T10:30:00Z,47,10.7,,,Provisional/Provisoire,,
05EA002,2026-08-01T10:35:00Z,47,10.7,,,Provisional/Provisoire,,
05EA002,2026-08-01T10:40:00Z,47,10.7,,,Provisional/Provisoire,,
05EA002,2026-08-01T10:45:00Z,47,10.7,,,Provisional/Provisoire,,
05EA002,2026-08-01T10:50:00Z,47,10.7,,,Provisional/Provisoire,,
05EA002,2026-08-01T10:55:00Z,47,10.7,,,Provisional/Provisoire,,
05EA002,2026-08-01T11:00:00Z,47,10.7,,,Provisional/Provisoire,,
05EA002,2026-08-01T11:05:00Z,47,10.7,,,Provisional/Provisoire,,
05EA002,2026-08-01T11:10:00Z,47,10.7,,,Provisional/Provisoire,,
05EA002,2026-08-01T11:15:00Z,47,10.7,,,Provisional/Provisoire,,
05EA002,2026-08-01T11:20:00Z,47,10.7,,,Provisional/Provisoire,,
05EA002,2026-08-01T11:25:00Z,47,10.7,,,Provisional/Provisoire,,
05EA002,2026-08-01T11:30:00Z,47,10.7,,,Provisional/Provisoire,,
05EA002,2026-08-01T11:35:00Z,47,10.7,,,Provisional/Provisoire,,
05EA002,2026-08-01T11:40:00Z,47,10.7,,,Provisional/Provisoire,,
05EA002,2026-08-01T11:45:00Z,47,10.7,,,Provisional/Provisoire,,
05EA002,2026-08-01T11:50:00Z,47,10.7,,,Provisional/Provisoire,,
05EA002,2026-08-01T11:55:00Z,47,10.7,,,Provisional/Provisoire,,
05EA002,2026-08-01T12:00:00Z,47,10.7,,,Provisional/Provisoire,,
05EA002,2026-08-01T12:05:00Z,47,10.7,,,Provisional/Provisoire,,
05EA002,2026-08-01T12:10:00Z,47,10.7,,,Provisional/Provisoire,,
05EA002,2026-08-01T12:15:00Z,47,10.7,,,Provisional/Provisoire,,
05EA002,2026-08-01T12:20:00Z,47,10.7,,,Provisional/Provisoire,,
05EA002,2026-08-01T12:25:00Z,47,10.7,,,Provisional/Provisoire,,
05EA002,2026-08-01T12:30:00Z,47,10.7,,,Provisional/Provisoire,,
05EA002,2026-08-01T12:35:00Z,47,10.7,,,Provisional/Provisoire,,
05EA002,2026-08-01T12:40:00Z,47,10.7,,,Provisional/Provisoire,,
05EA002,2026-08-01T12:45:00Z,47,10.7,,,Provisional/Provisoire,,
05EA002,2026-08-01T12:50:00Z,47,10.7,,,Provisional/Provisoire,,
05EA002,2026-08-01T12:55:00Z,47,10.7,,,Provisional/Provisoire,,
05EA002,2026-08-01T13:00:00Z,47,10.7,,,Provisional/Provisoire,,
05EA002,2026-08-01T13:05:00Z,47,10.7,,,Provisional/Provisoire,,
05EA002,2026-08-01T13:10:00Z,47,10.6,,,Provisional/Provisoire,,
05EA002,2026-08-01T13:15:00Z,47,10.6,,,Provisional/Provisoire,,
05EA002,2026-08-01T13:20:00Z,47,10.6,,,Provisional/Provisoire,,
05EA002,2026-08-01T13:25:00Z,47,10.6,,,Provisional/Provisoire,,
05EA002,2026-08-01T13:30:00Z,47,10.6,,,Provisional/Provisoire,,
05EA002,2026-08-01T13:35:00Z,47,10.6,,,Provisional/Provisoire,,
05EA002,2026-08-01T13:40:00Z,47,10.6,,,Provisional/Provisoire,,
05EA002,2026-08-01T13:45:00Z,47,10.6,,,Provisional/Provisoire,,
05EA002,2026-08-01T13:50:00Z,47,10.6,,,Provisional/Provisoire,,
05EA002,2026-08-01T13:55:00Z,47,10.6,,,Provisional/Provisoire,,
05EA002,2026-08-01T14:00:00Z,47,10.7,,,Provisional/Provisoire,,
05EA002,2026-08-01T14:05:00Z,47,10.7,,,Provisional/Provisoire,,
05EA002,2026-08-01T14:10:00Z,47,10.7,,,Provisional/Provisoire,,
05EA002,2026-08-01T14:15:00Z,47,10.7,,,Provisional/Provisoire,,
05EA002,2026-08-01T14:20:00Z,47,10.7,,,Provisional/Provisoire,,
05EA002,2026-08-01T14:25:00Z,47,10.7,,,Provisional/Provisoire,,
05EA002,2026-08-01T14:30:00Z,47,10.7,,,Provisional/Provisoire,,
05EA002,2026-08-01T14:35:00Z,47,10.7,,,Provisional/Provisoire,,
05EA002,2026-08-01T14:40:00Z,47,10.7,,,Provisional/Provisoire,,
05EA002,2026-08-01T14:45:00Z,47,10.7,,,Provisional/Provisoire,,
05EA002,2026-08-01T14:50:00Z,47,10.7,,,Provisional/Provisoire,,
05EA002,2026-08-01T14:55:00Z,47,10.7,,,Provisional/Provisoire,,
05EA002,2026-08-01T15:00:00Z,47,10.7,,,Provisional/Provisoire,,
05EA002,2026-08-01T15:05:00Z,47,10.7,,,Provisional/Provisoire,,
05EA002,2026-08-01T15:10:00Z,47,10.7,,,Provisional/Provisoire,,
05EA002,2026-08-01T15:15:00Z,47,10.7,,,Provisional/Provisoire,,
05EA002,2026-08-01T15:20:00Z,47,10.7,,,Provisional/Provisoire,,
05EA002,2026-08-01T15:25:00Z,47,10.7,,,Provisional/Provisoire,,
05EA002,2026-08-01T15:30:00Z,47,10.7,,,Provisional/Provisoire,,
05EA002,2026-08-01T15:35:00Z,47,10.7,,,Provisional/Provisoire,,
05EA002,2026-08-01T15:40:00Z,47,10.7,,,Provisional/Provisoire,,
05EA002,2026-08-01T15:45:00Z,47,10.6,,,Provisional/Provisoire,,
05EA002,2026-08-01T15:50:00Z,47,10.7,,,Provisional/Provisoire,,
05EA002,2026-08-01T15:55:00Z,47,10.6,,,Provisional/Provisoire,,
05EA002,2026-08-01T16:00:00Z,47,10.6,,,Provisional/Provisoire,,
05EA002,2026-08-01T16:05:00Z,47,10.7,,,Provisional/Provisoire,,
05EA002,2026-08-01T16:10:00Z,47,10.6,,,Provisional/Provisoire,,
05EA002,2026-08-01T16:15:00Z,47,10.6,,,Provisional/Provisoire,,
05EA002,2026-08-01T16:20:00Z,47,10.6,,,Provisional/Provisoire,,
05EA002,2026-08-01T16:25:00Z,47,10.6,,,Provisional/Provisoire,,
05EA002,2026-08-01T16:30:00Z,47,10.6,,,Provisional/Provisoire,,
05EA002,2026-08-01T16:35:00Z,47,10.6,,,Provisional/Provisoire,,
05EA002,2026-08-01T16:40:00Z,47,10.6,,,Provisional/Provisoire,,
05EA002,2026-08-01T16:45:00Z,47,10.6,,,Provisional/Provisoire,,
05EA002,2026-08-01T16:50:00Z,47,10.6,,,Provisional/Provisoire,,
05EA002,2026-08-01T16:55:00Z,47,10.6,,,Provisional/Provisoire,,
05EA002,2026-08-01T17:00:00Z,47,10.7,,,Provisional/Provisoire,,
05EA002,2026-08-01T17:05:00Z,47,10.7,,,Provisional/Provisoire,,
05EA002,2026-08-01T17:10:00Z,47,10.7,,,Provisional/Provisoire,,
05EA002,2026-08-01T17:15:00Z,47,10.6,,,Provisional/Provisoire,,
05EA002,2026-08-01T17:20:00Z,47,10.7,,,Provisional/Provisoire,,
05EA002,2026-08-01T17:25:00Z,47,10.6,,,Provisional/Provisoire,,
05EA002,2026-08-01T17:30:00Z,47,10.6,,,Provisional/Provisoire,,
05EA002,2026-08-01T17:35:00Z,47,10.6,,,Provisional/Provisoire,,
05EA002,2026-08-01T17:40:00Z,47,10.7,,,Provisional/Provisoire,,
05EA002,2026-08-01T17:45:00Z,47,10.6,,,Provisional/Provisoire,,
05EA002,2026-08-01T17:50:00Z,47,10.6,,,Provisional/Provisoire,,
05EA002,2026-08-01T17:55:00Z,47,10.6,,,Provisional/Provisoire,,
05EA002,2026-08-01T18:00:00Z,47,10.6,,,Provisional/Provisoire,,
05EA002,2026-08-01T18:05:00Z,47,10.6,,,Provisional/Provisoire,,
05EA002,2026-08-01T18:10:00Z,47,10.6,,,Provisional/Provisoire,,
05EA002,2026-08-01T18:15:00Z,47,10.6,,,Provisional/Provisoire,,
05EA002,2026-08-01T18:20:00Z,47,10.6,,,Provisional/Provisoire,,
05EA002,2026-08-01T18:25:00Z,47,10.6,,,Provisional/Provisoire,,
05EA002,2026-08-01T18:30:00Z,47,10.6,,,Provisional/Provisoire,,
05EA002,2026-08-01T18:35:00Z,47,10.6,,,Provisional/Provisoire,,
05EA002,2026-08-01T18:40:00Z,47,10.6,,,Provisional/Provisoire,,
05EA002,2026-08-01T18:45:00Z,47,10.6,,,Provisional/Provisoire,,
05EA002,2026-08-01T18:50:00Z,47,10.6,,,Provisional/Provisoire,,
05EA002,2026-08-01T18:55:00Z,47,10.6,,,Provisional/Provisoire,,
05EA002,2026-08-01T19:00:00Z,47,10.6,,,Provisional/Provisoire,,
05EA002,2026-08-01T19:05:00Z,47,10.6,,,Provisional/Provisoire,,
05EA002,2026-08-01T19:10:00Z,47,10.6,,,Provisional/Provisoire,,
05EA002,2026-08-01T19:15:00Z,47,10.6,,,Provisional/Provisoire,,
05EA002,2026-08-01T19:20:00Z,47,10.6,,,Provisional/Provisoire,,
05EA002,2026-08-01T19:25:00Z,47,10.6,,,Provisional/Provisoire,,
05EA002,2026-08-01T19:30:00Z,47,10.6,,,Provisional/Provisoire,,
05EA002,2026-08-01T19:35:00Z,47,10.6,,,Provisional/Provisoire,,
05EA002,2026-08-01T19:40:00Z,47,10.6,,,Provisional/Provisoire,,
05EA002,2026-08-01T19:45:00Z,47,10.6,,,Provisional/Provisoire,,
05EA002,2026-08-01T19:50:00Z,47,10.6,,,Provisional/Provisoire,,
05EA002,2026-08-01T19:55:00Z,47,10.6,,,Provisional/Provisoire,,
05EA002,2026-08-01T20:00:00Z,47,10.6,,,Provisional/Provisoire,,
05EA002,2026-08-01T20:05:00Z,47,10.6,,,Provisional/Provisoire,,
05EA002,2026-08-01T20:10:00Z,47,10.6,,,Provisional/Provisoire,,
05EA002,2026-08-01T20:15:00Z,47,10.5,,,Provisional/Provisoire,,
05EA002,2026-08-01T20:20:00Z,47,10.5,,,Provisional/Provisoire,,
05EA002,2026-08-01T20:25:00Z,47,10.6,,,Provisional/Provisoire,,
05EA002,2026-08-01T20:30:00Z,47,10.6,,,Provisional/Provisoire,,
05EA002,2026-08-01T20:35:00Z,47,10.5,,,Provisional/Provisoire,,
05EA002,2026-08-01T20:40:00Z,47,10.6,,,Provisional/Provisoire,,
05EA002,2026-08-01T20:45:00Z,47,10.5,,,Provisional/Provisoire,,
05EA002,2026-08-01T20:50:00Z,47,10.6,,,Provisional/Provisoire,,
05EA002,2026-08-01T20:55:00Z,47,10.6,,,Provisional/Provisoire,,
05EA002,2026-08-01T21:00:00Z,47,10.6,,,Provisional/Provisoire,,
05EA002,2026-08-01T21:05:00Z,47,10.6,,,Provisional/Provisoire,,
05EA002,2026-08-01T21:10:00Z,47,10.6,,,Provisional/Provisoire,,
05EA002,2026-08-01T21:15:00Z,47,10.6,,,Provisional/Provisoire,,
05EA002,2026-08-01T21:20:00Z,47,10.5,,,Provisional/Provisoire,,
05EA002,2026-08-01T21:25:00Z,47,10.6,,,Provisional/Provisoire,,
05EA002,2026-08-01T21:30:00Z,47,10.5,,,Provisional/Provisoire,,
05EA002,2026-08-01T21:35:00Z,47,10.6,,,Provisional/Provisoire,,
05EA002,2026-08-01T21:40:00Z,47,10.5,,,Provisional/Provisoire,,
05EA002,2026-08-01T21:45:00Z,47,10.6,,,Provisional/Provisoire,,
05EA002,2026-08-01T21:50:00Z,47,10.5,,,Provisional/Provisoire,,
05EA002,2026-08-01T21:55:00Z,47,10.6,,,Provisional/Provisoire,,
05EA002,2026-08-01T22:00:00Z,47,10.5,,,Provisional/Provisoire,,
05EA002,2026-08-01T22:05:00Z,47,10.5,,,Provisional/Provisoire,,
05EA002,2026-08-01T22:10:00Z,47,10.5,,,Provisional/Provisoire,,
05EA002,2026-08-01T22:15:00Z,47,10.5,,,Provisional/Provisoire,,
05EA002,2026-08-01T22:20:00Z,47,10.5,,,Provisional/Provisoire,,
05EA002,2026-08-01T22:25:00Z,47,10.5,,,Provisional/Provisoire,,
05EA002,2026-08-01T22:30:00Z,47,10.5,,,Provisional/Provisoire,,
05EA002,2026-08-01T22:35:00Z,47,10.5,,,Provisional/Provisoire,,
05EA002,2026-08-01T22:40:00Z,47,10.5,,,Provisional/Provisoire,,
05EA002,2026-08-01T22:45:00Z,47,10.5,,,Provisional/Provisoire,,
05EA002,2026-08-01T22:50:00Z,47,10.5,,,Provisional/Provisoire,,
05EA002,2026-08-01T22:55:00Z,47,10.5,,,Provisional/Provisoire,,
05EA002,2026-08-01T23:00:00Z,47,10.5,,,Provisional/Provisoire,,
05EA002,2026-08-01T23:05:00Z,47,10.5,,,Provisional/Provisoire,,
05EA002,2026-08-01T23:10:00Z,47,10.5,,,Provisional/Provisoire,,
05EA002,2026-08-01T23:15:00Z,47,10.5,,,Provisional/Provisoire,,
05EA002,2026-08-01T23:20:00Z,47,10.5,,,Provisional/Provisoire,,
05EA002,2026-08-01T23:25:00Z,47,10.5,,,Provisional/Provisoire,,
05EA002,2026-08-01T23:30:00Z,47,10.5,,,Provisional/Provisoire,,
05EA002,2026-08-01T23:35:00Z,47,10.5,,,Provisional/Provisoire,,
05EA002,2026-08-01T23:40:00Z,47,10.5,,,Provisional/Provisoire,,
05EA002,2026-08-01T23:45:00Z,47,10.5,,,Provisional/Provisoire,,
05EA002,2026-08-01T23:50:00Z,47,10.5,,,Provisional/Provisoire,,
05EA002,2026-08-01T23:55:00Z,47,10.5,,,Provisional/Provisoire,,
05EA002,2026-08-02T00:00:00Z,47,10.5,,,Provisional/Provisoire,,
05EA002,2026-08-02T00:05:00Z,47,10.5,,,Provisional/Provisoire,,
05EA002,2026-08-02T00:10:00Z,47,10.5,,,Provisional/Provisoire,,
05EA002,2026-08-02T00:15:00Z,47,10.5,,,Provisional/Provisoire,,
05EA002,2026-08-02T00:20:00Z,47,10.5,,,Provisional/Provisoire,,
05EA002,2026-08-02T00:25:00Z,47,10.5,,,Provisional/Provisoire,,
05EA002,2026-08-02T00:30:00Z,47,10.5,,,Provisional/Provisoire,,
05EA002,2026-08-02T00:35:00Z,47,10.5,,,Provisional/Provisoire,,
05EA002,2026-08-02T00:40:00Z,47,10.5,,,Provisional/Provisoire,,
05EA002,2026-08-02T00:45:00Z,47,10.5,,,Provisional/Provisoire,,
05EA002,2026-08-02T00:50:00Z,47,10.5,,,Provisional/Provisoire,,
05EA002,2026-08-02T00:55:00Z,47,10.5,,,Provisional/Provisoire,,
05EA002,2026-08-02T01:00:00Z,47,10.5,,,Provisional/Provisoire,,
05EA002,2026-08-02T01:05:00Z,47,10.5,,,Provisional/Provisoire,,
05EA002,2026-08-02T01:10:00Z,47,10.5,,,Provisional/Provisoire,,
05EA002,2026-08-02T01:15:00Z,47,10.5,,,Provisional/Provisoire,,
05EA002,2026-08-02T01:20:00Z,47,10.5,,,Provisional/Provisoire,,
05EA002,2026-08-02T01:25:00Z,47,10.5,,,Provisional/Provisoire,,
05EA002,2026-08-02T01:30:00Z,47,10.5,,,Provisional/Provisoire,,
05EA002,2026-08-02T01:35:00Z,47,10.5,,,Provisional/Provisoire,,
05EA002,2026-08-02T01:40:00Z,47,10.5,,,Provisional/Provisoire,,
05EA002,2026-08-02T01:45:00Z,47,10.5,,,Provisional/Provisoire,,
05EA002,2026-08-02T01:50:00Z,47,10.6,,,Provisional/Provisoire,,
05EA002,2026-08-02T01:55:00Z,47,10.6,,,Provisional/Provisoire,,
05EA002,2026-08-02T02:00:00Z,47,10.6,,,Provisional/Provisoire,,
05EA002,2026-08-02T02:05:00Z,47,10.5,,,Provisional/Provisoire,,
05EA002,2026-08-02T02:10:00Z,47,10.5,,,Provisional/Provisoire,,
05EA002,2026-08-02T02:15:00Z,47,10.6,,,Provisional/Provisoire,,
05EA002,2026-08-02T02:20:00Z,47,10.5,,,Provisional/Provisoire,,
05EA002,2026-08-02T02:25:00Z,47,10.5,,,Provisional/Provisoire,,
05EA002,2026-08-02T02:30:00Z,47,10.5,,,Provisional/Provisoire,,
05EA002,2026-08-02T02:35:00Z,47,10.5,,,Provisional/Provisoire,,
05EA002,2026-08-02T02:40:00Z,47,10.5,,,Provisional/Provisoire,,
05EA002,2026-08-02T02:45:00Z,47,10.5,,,Provisional/Provisoire,,
05EA002,2026-08-02T02:50:00Z,47,10.5,,,Provisional/Provisoire,,
05EA002,2026-08-02T02:55:00Z,47,10.5,,,Provisional/Provisoire,,
05EA002,2026-08-02T03:00:00Z,47,10.4,,,Provisional/Provisoire,,
05EA002,2026-08-02T03:05:00Z,47,10.4,,,Provisional/Provisoire,,
05EA002,2026-08-02T03:10:00Z,47,10.4,,,Provisional/Provisoire,,
05EA002,2026-08-02T03:15:00Z,47,10.4,,,Provisional/Provisoire,,
05EA002,2026-08-02T03:20:00Z,47,10.3,,,Provisional/Provisoire,,
05EA002,2026-08-02T03:25:00Z,47,10.3,,,Provisional/Provisoire,,
05EA002,2026-08-02T03:30:00Z,47,10.3,,,Provisional/Provisoire,,
05EA002,2026-08-02T03:35:00Z,47,10.3,,,Provisional/Provisoire,,
05EA002,2026-08-02T03:40:00Z,47,10.3,,,Provisional/Provisoire,,
05EA002,2026-08-02T03:45:00Z,47,10.3,,,Provisional/Provisoire,,
05EA002,2026-08-02T03:50:00Z,47,10.4,,,Provisional/Provisoire,,
05EA002,2026-08-02T03:55:00Z,47,10.3,,,Provisional/Provisoire,,
05EA002,2026-08-02T04:00:00Z,47,10.3,,,Provisional/Provisoire,,
05EA002,2026-08-02T04:05:00Z,47,10.3,,,Provisional/Provisoire,,
05EA002,2026-08-02T04:10:00Z,47,10.3,,,Provisional/Provisoire,,
05EA002,2026-08-02T04:15:00Z,47,10.3,,,Provisional/Provisoire,,
05EA002,2026-08-02T04:20:00Z,47,10.3,,,Provisional/Provisoire,,
05EA002,2026-08-02T04:25:00Z,47,10.4,,,Provisional/Provisoire,,
05EA002,2026-08-02T04:30:00Z,47,10.4,,,Provisional/Provisoire,,
05EA002,2026-08-02T04:35:00Z,47,10.4,,,Provisional/Provisoire,,
05EA002,2026-08-02T04:40:00Z,47,10.4,,,Provisional/Provisoire,,
05EA002,2026-08-02T04:45:00Z,47,10.4,,,Provisional/Provisoire,,
05EA002,2026-08-02T04:50:00Z,47,10.4,,,Provisional/Provisoire,,
05EA002,2026-08-02T04:55:00Z,47,10.4,,,Provisional/Provisoire,,
05EA002,2026-08-02T05:00:00Z,47,10.4,,,Provisional/Provisoire,,
05EA002,2026-08-02T05:05:00Z,47,10.5,,,Provisional/Provisoire,,
05EA002,2026-08-02T05:10:00Z,47,10.5,,,Provisional/Provisoire,,
05EA002,2026-08-02T05:15:00Z,47,10.5,,,Provisional/Provisoire,,
05EA002,2026-08-02T05:20:00Z,47,10.5,,,Provisional/Provisoire,,
05EA002,2026-08-02T05:25:00Z,47,10.5,,,Provisional/Provisoire,,
05EA002,2026-08-02T05:30:00Z,47,10.5,,,Provisional/Provisoire,,
05EA002,2026-08-02T05:35:00Z,47,10.5,,,Provisional/Provisoire,,
05EA002,2026-08-02T05:40:00Z,47,10.5,,,Provisional/Provisoire,,
05EA002,2026-08-02T05:45:00Z,47,10.5,,,Provisional/Provisoire,,
05EA002,2026-08-02T05:50:00Z,47,10.6,,,Provisional/Provisoire,,
05EA002,2026-08-02T05:55:00Z,47,10.5,,,Provisional/Provisoire,,
05EA002,2026-08-02T06:00:00Z,47,10.5,,,Provisional/Provisoire,,
05EA002,2026-08-02T06:05:00Z,47,10.5,,,Provisional/Provisoire,,
05EA002,2026-08-02T06:10:00Z,47,10.5,,,Provisional/Provisoire,,
05EA002,2026-08-02T06:15:00Z,47,10.5,,,Provisional/Provisoire,,
05EA002,2026-08-02T06:20:00Z,47,10.5,,,Provisional/Provisoire,,
05EA002,2026-08-02T06:25:00Z,47,10.5,,,Provisional/Provisoire,,
05EA002,2026-08-02T06:30:00Z,47,10.5,,,Provisional/Provisoire,,
05EA002,2026-08-02T06:35:00Z,47,10.6,,,Provisional/Provisoire,,
05EA002,2026-08-02T06:40:00Z,47,10.6,,,Provisional/Provisoire,,
05EA002,2026-08-02T06:45:00Z,47,10.6,,,Provisional/Provisoire,,
05EA002,2026-08-02T06:50:00Z,47,10.7,,,Provisional/Provisoire,,
05EA002,2026-08-02T06:55:00Z,47,10.7,,,Provisional/Provisoire,,
05EA002,2026-08-02T07:00:00Z,47,10.8,,,Provisional/Provisoire,,
05EA002,2026-08-02T07:05:00Z,47,10.9,,,Provisional/Provisoire,,
05EA002,2026-08-02T07:10:00Z,47,10.9,,,Provisional/Provisoire,,
05EA002,2026-08-02T07:15:00Z,47,10.9,,,Provisional/Provisoire,,
05EA002,2026-08-02T07:20:00Z,47,10.8,,,Provisional/Provisoire,,
05EA002,2026-08-02T07:25:00Z,47,10.8,,,Provisional/Provisoire,,
05EA002,2026-08-02T07:30:00Z,47,10.9,,,Provisional/Provisoire,,
05EA002,2026-08-02T07:35:00Z,47,10.8,,,Provisional/Provisoire,,
05EA002,2026-08-02T07:40:00Z,47,10.8,,,Provisional/Provisoire,,
05EA002,2026-08-02T07:45:00Z,47,10.8,,,Provisional/Provisoire,,
05EA002,2026-08-02T07:50:00Z,47,10.7,,,Provisional/Provisoire,,
05EA002,2026-08-02T07:55:00Z,47,10.7,,,Provisional/Provisoire,,
05EA002,2026-08-02T08:00:00Z,47,10.6,,,Provisional/Provisoire,,
05EA002,2026-08-02T08:05:00Z,47,10.6,,,Provisional/Provisoire,,
05EA002,2026-08-02T08:10:00Z,47,10.6,,,Provisional/Provisoire,,
05EA002,2026-08-02T08:15:00Z,47,10.5,,,Provisional/Provisoire,,
05EA002,2026-08-02T08:20:00Z,47,10.5,,,Provisional/Provisoire,,
05EA002,2026-08-02T08:25:00Z,47,10.5,,,Provisional/Provisoire,,
05EA002,2026-08-02T08:30:00Z,47,10.5,,,Provisional/Provisoire,,
05EA002,2026-08-02T08:35:00Z,47,10.5,,,Provisional/Provisoire,,
05EA002,2026-08-02T08:40:00Z,47,10.5,,,Provisional/Provisoire,,
05EA002,2026-08-02T08:45:00Z,47,10.6,,,Provisional/Provisoire,,
05EA002,2026-08-02T08:50:00Z,47,10.6,,,Provisional/Provisoire,,
05EA002,2026-08-02T08:55:00Z,47,10.6,,,Provisional/Provisoire,,
05EA002,2026-08-02T09:00:00Z,47,10.7,,,Provisional/Provisoire,,
05EA002,2026-08-02T09:05:00Z,47,10.6,,,Provisional/Provisoire,,
05EA002,2026-08-02T09:10:00Z,47,10.6,,,Provisional/Provisoire,,
05EA002,2026-08-02T09:15:00Z,47,10.5,,,Provisional/Provisoire,,
05EA002,2026-08-02T09:20:00Z,47,10.6,,,Provisional/Provisoire,,
05EA002,2026-08-02T09:25:00Z,47,10.5,,,Provisional/Provisoire,,
05EA002,2026-08-02T09:30:00Z,47,10.5,,,Provisional/Provisoire,,
05EA002,2026-08-02T09:35:00Z,47,10.5,,,Provisional/Provisoire,,
05EA002,2026-08-02T09:40:00Z,47,10.4,,,Provisional/Provisoire,,
05EA002,2026-08-02T09:45:00Z,47,10.4,,,Provisional/Provisoire,,
05EA002,2026-08-02T09:50:00Z,47,10.4,,,Provisional/Provisoire,,
05EA002,2026-08-02T09:55:00Z,47,10.3,,,Provisional/Provisoire,,
05EA002,2026-08-02T10:00:00Z,47,10.3,,,Provisional/Provisoire,,
05EA002,2026-08-02T10:05:00Z,47,10.4,,,Provisional/Provisoire,,
05EA002,2026-08-02T10:10:00Z,47,10.3,,,Provisional/Provisoire,,
05EA002,2026-08-02T10:15:00Z,47,10.3,,,Provisional/Provisoire,,
05EA002,2026-08-02T10:20:00Z,47,10.3,,,Provisional/Provisoire,,
05EA002,2026-08-02T10:25:00Z,47,10.3,,,Provisional/Provisoire,,
05EA002,2026-08-02T10:30:00Z,47,10.3,,,Provisional/Provisoire,,
05EA002,2026-08-02T10:35:00Z,47,10.4,,,Provisional/Provisoire,,
05EA002,2026-08-02T10:40:00Z,47,10.4,,,Provisional/Provisoire,,
05EA002,2026-08-02T10:45:00Z,47,10.4,,,Provisional/Provisoire,,
05EA002,2026-08-02T10:50:00Z,47,10.4,,,Provisional/Provisoire,,
05EA002,2026-08-02T10:55:00Z,47,10.4,,,Provisional/Provisoire,,
05EA002,2026-08-02T11:00:00Z,47,10.4,,,Provisional/Provisoire,,
05EA002,2026-08-02T11:05:00Z,47,10.4,,,Provisional/Provisoire,,
05EA002,2026-08-02T11:10:00Z,47,10.4,,,Provisional/Provisoire,,
05EA002,2026-08-02T11:15:00Z,47,10.4,,,Provisional/Provisoire,,
05EA002,2026-08-02T11:20:00Z,47,10.4,,,Provisional/Provisoire,,
05EA002,2026-08-02T11:25:00Z,47,10.4,,,Provisional/Provisoire,,
05EA002,2026-08-02T11:30:00Z,47,10.4,,,Provisional/Provisoire,,
05EA002,2026-08-02T11:35:00Z,47,10.4,,,Provisional/Provisoire,,
05EA002,2026-08-02T11:40:00Z,47,10.4,,,Provisional/Provisoire,,
05EA002,2026-08-02T11:45:00Z,47,10.4,,,Provisional/Provisoire,,
05EA002,2026-08-02T11:50:00Z,47,10.4,,,Provisional/Provisoire,,
05EA002,2026-08-02T11:55:00Z,47,10.4,,,Provisional/Provisoire,,
05EA002,2026-08-02T12:00:00Z,47,10.5,,,Provisional/Provisoire,,
05EA002,2026-08-02T12:05:00Z,47,10.5,,,Provisional/Provisoire,,
05EA002,2026-08-02T12:10:00Z,47,10.5,,,Provisional/Provisoire,,
05EA002,2026-08-02T12:15:00Z,47,10.5,,,Provisional/Provisoire,,
05EA002,2026-08-02T12:20:00Z,47,10.5,,,Provisional/Provisoire,,
05EA002,2026-08-02T12:25:00Z,47,10.5,,,Provisional/Provisoire,,
05EA002,2026-08-02T12:30:00Z,47,10.5,,,Provisional/Provisoire,,
05EA002,2026-08-02T12:35:00Z,47,10.5,,,Provisional/Provisoire,,
05EA002,2026-08-02T12:40:00Z,47,10.6,,,Provisional/Provisoire,,
05EA002,2026-08-02T12:45:00Z,47,10.6,,,Provisional/Provisoire,,
05EA002,2026-08-02T12:50:00Z,47,10.6,,,Provisional/Provisoire,,
05EA002,2026-08-02T12:55:00Z,47,10.6,,,Provisional/Provisoire,,
05EA002,2026-08-02T13:00:00Z,47,10.6,,,Provisional/Provisoire,,
05EA002,2026-08-02T13:05:00Z,47,10.6,,,Provisional/Provisoire,,
05EA002,2026-08-02T13:10:00Z,47,10.6,,,Provisional/Provisoire,,
05EA002,2026-08-02T13:15:00Z,47,10.6,,,Provisional/Provisoire,,
05EA002,2026-08-02T13:20:00Z,47,10.6,,,Provisional/Provisoire,,
05EA002,2026-08-02T13:25:00Z,47,10.6,,,Provisional/Provisoire,,
05EA002,2026-08-02T13:30:00Z,47,10.6,,,Provisional/Provisoire,,
05EA002,2026-08-02T13:35:00Z,47,10.6,,,Provisional/Provisoire,,
05EA002,2026-08-02T13:40:00Z,47,10.6,,,Provisional/Provisoire,,
05EA002,2026-08-02T13:45:00Z,47,10.6,,,Provisional/Provisoire,,
05EA002,2026-08-02T13:50:00Z,47,10.7,,,Provisional/Provisoire,,
05EA002,2026-08-02T13:55:00Z,47,10.7,,,Provisional/Provisoire,,
05EA002,2026-08-02T14:00:00Z,47,10.7,,,Provisional/Provisoire,,
05EA002,2026-08-02T14:05:00Z,47,10.7,,,Provisional/Provisoire,,
05EA002,2026-08-02T14:10:00Z,47,10.8,,,Provisional/Provisoire,,
05EA002,2026-08-02T14:15:00Z,47,10.9,,,Provisional/Provisoire,,
05EA002,2026-08-02T14:20:00Z,47,10.9,,,Provisional/Provisoire,,
05EA002,2026-08-02T14:25:00Z,47,10.9,,,Provisional/Provisoire,,
05EA002,2026-08-02T14:30:00Z,47,10.9,,,Provisional/Provisoire,,
05EA002,2026-08-02T14:35:00Z,47,10.9,,,Provisional/Provisoire,,
05EA002,2026-08-02T14:40:00Z,47,10.9,,,Provisional/Provisoire,,
05EA002,2026-08-02T14:45:00Z,47,10.9,,,Provisional/Provisoire,,
05EA002,2026-08-02T14:50:00Z,47,10.9,,,Provisional/Provisoire,,
05EA002,2026-08-02T14:55:00Z,47,10.9,,,Provisional/Provisoire,,
05EA002,2026-08-02T15:00:00Z,47,10.9,,,Provisional/Provisoire,,
05EA002,2026-08-02T15:05:00Z,47,10.9,,,Provisional/Provisoire,,
05EA002,2026-08-02T15:10:00Z,47,10.9,,,Provisional/Provisoire,,
05EA002,2026-08-02T15:15:00Z,47,10.9,,,Provisional/Provisoire,,
05EA002,2026-08-02T15:20:00Z,47,10.9,,,Provisional/Provisoire,,
05EA002,2026-08-02T15:25:00Z,47,10.9,,,Provisional/Provisoire,,
05EA002,2026-08-02T15:30:00Z,47,10.9,,,Provisional/Provisoire,,
05EA002,2026-08-02T15:35:00Z,47,10.8,,,Provisional/Provisoire,,
05EA002,2026-08-02T15:40:00Z,47,10.8,,,Provisional/Provisoire,,
05EA002,2026-08-02T15:45:00Z,47,10.8,,,Provisional/Provisoire,,
05EA002,2026-08-02T15:50:00Z,47,10.7,,,Provisional/Provisoire,,
05EA002,2026-08-02T15:55:00Z,47,10.7,,,Provisional/Provisoire,,
05EA002,2026-08-02T16:00:00Z,47,10.7,,,Provisional/Provisoire,,
05EA002,2026-08-02T16:05:00Z,47,10.6,,,Provisional/Provisoire,,
05EA002,2026-08-02T16:10:00Z,47,10.6,,,Provisional/Provisoire,,
05EA002,2026-08-02T16:15:00Z,47,10.6,,,Provisional/Provisoire,,
05EA002,2026-08-02T16:20:00Z,47,10.6,,,Provisional/Provisoire,,
05EA002,2026-08-02T16:25:00Z,47,10.5,,,Provisional/Provisoire,,
05EA002,2026-08-02T16:30:00Z,47,10.5,,,Provisional/Provisoire,,
05EA002,2026-08-02T16:35:00Z,47,10.5,,,Provisional/Provisoire,,
05EA002,2026-08-02T16:40:00Z,47,10.5,,,Provisional/Provisoire,,
05EA002,2026-08-02T16:45:00Z,47,10.5,,,Provisional/Provisoire,,
05EA002,2026-08-02T16:50:00Z,47,10.5,,,Provisional/Provisoire,,
05EA002,2026-08-02T16:55:00Z,47,10.5,,,Provisional/Provisoire,,
05EA002,2026-08-02T17:00:00Z,47,10.5,,,Provisional/Provisoire,,
05EA002,2026-08-02T17:05:00Z,47,10.5,,,Provisional/Provisoire,,
05EA002,2026-08-02T17:10:00Z,47,10.5,,,Provisional/Provisoire,,
05EA002,2026-08-02T17:15:00Z,47,10.6,,,Provisional/Provisoire,,
05EA002,2026-08-02T17:20:00Z,47,10.6,,,Provisional/Provisoire,,
05EA002,2026-08-02T17:25:00Z,47,10.6,,,Provisional/Provisoire,,
05EA002,2026-08-02T17:30:00Z,47,10.7,,,Provisional/Provisoire,,
05EA002,2026-08-02T17:35:00Z,47,10.7,,,Provisional/Provisoire,,
05EA002,2026-08-02T17:40:00Z,47,10.7,,,Provisional/Provisoire,,
05EA002,2026-08-02T17:45:00Z,47,10.8,,,Provisional/Provisoire,,
05EA002,2026-08-02T17:50:00Z,47,10.9,,,Provisional/Provisoire,,
05EA002,2026-08-02T17:55:00Z,47,10.9,,,Provisional/Provisoire,,
05EA002,2026-08-02T18:00:00Z,47,10.9,,,Provisional/Provisoire,,
05EA002,2026-08-02T18:05:00Z,47,11.0,,,Provisional/Provisoire,,
05EA002,2026-08-02T18:10:00Z,47,11.0,,,Provisional/Provisoire,,
05EA002,2026-08-02T18:15:00Z,47,11.1,,,Provisional/Provisoire,,
05EA002,2026-08-02T18:20:00Z,47,11.0,,,Provisional/Provisoire,,
05EA002,2026-08-02T18:25:00Z,47,11.1,,,Provisional/Provisoire,,
05EA002,2026-08-02T18:30:00Z,47,11.1,,,Provisional/Provisoire,,
05EA002,2026-08-02T18:35:00Z,47,11.1,,,Provisional/Provisoire,,
05EA002,2026-08-02T18:40:00Z,47,11.0,,,Provisional/Provisoire,,
05EA002,2026-08-02T18:45:00Z,47,11.0,,,Provisional/Provisoire,,
05EA002,2026-08-02T18:50:00Z,47,11.0,,,Provisional/Provisoire,,
05EA002,2026-08-02T18:55:00Z,47,10.9,,,Provisional/Provisoire,,
05EA002,2026-08-02T19:00:00Z,47,11.0,,,Provisional/Provisoire,,
05EA002,2026-08-02T19:05:00Z,47,11.0,,,Provisional/Provisoire,,
05EA002,2026-08-02T19:10:00Z,47,11.0,,,Provisional/Provisoire,,
05EA002,2026-08-02T19:15:00Z,47,11.0,,,Provisional/Provisoire,,
05EA002,2026-08-02T19:20:00Z,47,11.0,,,Provisional/Provisoire,,
05EA002,2026-08-02T19:25:00Z,47,11.0,,,Provisional/Provisoire,,
05EA002,2026-08-02T19:30:00Z,47,11.1,,,Provisional/Provisoire,,
05EA002,2026-08-02T19:35:00Z,47,11.0,,,Provisional/Provisoire,,
05EA002,2026-08-02T19:40:00Z,47,11.1,,,Provisional/Provisoire,,
05EA002,2026-08-02T19:45:00Z,47,11.1,,,Provisional/Provisoire,,
05EA002,2026-08-02T19:50:00Z,47,11.1,,,Provisional/Provisoire,,
05EA002,2026-08-02T19:55:00Z,47,11.0,,,Provisional/Provisoire,,
05EA002,2026-08-02T20:00:00Z,47,11.0,,,Provisional/Provisoire,,
05EA002,2026-08-02T20:05:00Z,47,11.0,,,Provisional/Provisoire,,
05EA002,2026-08-02T20:10:00Z,47,11.0,,,Provisional/Provisoire,,
05EA002,2026-08-02T20:15:00Z,47,11.1,,,Provisional/Provisoire,,
05EA002,2026-08-02T20:20:00Z,47,11.1,,,Provisional/Provisoire,,
05EA002,2026-08-02T20:25:00Z,47,11.0,,,Provisional/Provisoire,,
05EA002,2026-08-02T20:30:00Z,47,11.0,,,Provisional/Provisoire,,
05EA002,2026-08-02T20:35:00Z,47,10.9,,,Provisional/Provisoire,,
05EA002,2026-08-02T20:40:00Z,47,10.9,,,Provisional/Provisoire,,
05EA002,2026-08-02T20:45:00Z,47,10.9,,,Provisional/Provisoire,,
05EA002,2026-08-02T20:50:00Z,47,10.8,,,Provisional/Provisoire,,
05EA002,2026-08-02T20:55:00Z,47,10.8,,,Provisional/Provisoire,,
05EA002,2026-08-02T21:00:00Z,47,10.8,,,Provisional/Provisoire,,
05EA002,2026-08-02T21:05:00Z,47,10.8,,,Provisional/Provisoire,,
05EA002,2026-08-02T21:10:00Z,47,10.8,,,Provisional/Provisoire,,
05EA002,2026-08-02T21:15:00Z,47,10.8,,,Provisional/Provisoire,,
05EA002,2026-08-02T21:20:00Z,47,10.8,,,Provisional/Provisoire,,
05EA002,2026-08-02T21:25:00Z,47,10.8,,,Provisional/Provisoire,,
05EA002,2026-08-02T21:30:00Z,47,10.8,,,Provisional/Provisoire,,
05EA002,2026-08-02T21:35:00Z,47,10.7,,,Provisional/Provisoire,,
05EA002,2026-08-02T21:40:00Z,47,10.7,,,Provisional/Provisoire,,
05EA002,2026-08-02T21:45:00Z,47,10.7,,,Provisional/Provisoire,,
05EA002,2026-08-02T21:50:00Z,47,10.7,,,Provisional/Provisoire,,
05EA002,2026-08-02T21:55:00Z,47,10.7,,,Provisional/Provisoire,,
05EA002,2026-08-02T22:00:00Z,47,10.8,,,Provisional/Provisoire,,
05EA002,2026-08-02T22:05:00Z,47,10.8,,,Provisional/Provisoire,,
05EA002,2026-08-02T22:10:00Z,47,10.8,,,Provisional/Provisoire,,
05EA002,2026-08-02T22:15:00Z,47,10.7,,,Provisional/Provisoire,,
05EA002,2026-08-02T22:20:00Z,47,10.8,,,Provisional/Provisoire,,
05EA002,2026-08-02T22:25:00Z,47,10.8,,,Provisional/Provisoire,,
05EA002,2026-08-02T22:30:00Z,47,10.8,,,Provisional/Provisoire,,
05EA002,2026-08-02T22:35:00Z,47,10.7,,,Provisional/Provisoire,,
05EA002,2026-08-02T22:40:00Z,47,10.7,,,Provisional/Provisoire,,
05EA002,2026-08-02T22:45:00Z,47,10.7,,,Provisional/Provisoire,,
05EA002,2026-08-02T22:50:00Z,47,10.8,,,Provisional/Provisoire,,
05EA002,2026-08-02T22:55:00Z,47,10.8,,,Provisional/Provisoire,,
05EA002,2026-08-02T23:00:00Z,47,10.8,,,Provisional/Provisoire,,
05EA002,2026-08-02T23:05:00Z,47,10.8,,,Provisional/Provisoire,,
05EA002,2026-08-02T23:10:00Z,47,10.8,,,Provisional/Provisoire,,
05EA002,2026-08-02T23:15:00Z,47,10.8,,,Provisional/Provisoire,,
05EA002,2026-08-02T23:20:00Z,47,10.8,,,Provisional/Provisoire,,
05EA002,2026-08-02T23:25:00Z,47,10.8,,,Provisional/Provisoire,,
05EA002,2026-08-02T23:30:00Z,47,10.8,,,Provisional/Provisoire,,
05EA002,2026-08-02T23:35:00Z,47,10.8,,,Provisional/Provisoire,,
05EA002,2026-08-02T23:40:00Z,47,10.7,,,Provisional/Provisoire,,
05EA002,2026-08-02T23:45:00Z,47,10.8,,,Provisional/Provisoire,,
05EA002,2026-08-02T23:50:00Z,47,10.7,,,Provisional/Provisoire,,
05EA002,2026-08-02T23:55:00Z,47,10.7,,,Provisional/Provisoire,,
05EA002,2026-08-03T00:00:00Z,47,10.6,,,Provisional/Provisoire,,
05EA002,2026-08-03T00:05:00Z,47,10.7,,,Provisional/Provisoire,,
05EA002,2026-08-03T00:10:00Z,47,10.6,,,Provisional/Provisoire,,
05EA002,2026-08-03T00:15:00Z,47,10.6,,,Provisional/Provisoire,,
05EA002,2026-08-03T00:20:00Z,47,10.6,,,Provisional/Provisoire,,
05EA002,2026-08-03T00:25:00Z,47,10.5,,,Provisional/Provisoire,,
05EA002,2026-08-03T00:30:00Z,47,10.5,,,Provisional/Provisoire,,
05EA002,2026-08-03T00:35:00Z,47,10.4,,,Provisional/Provisoire,,
05EA002,2026-08-03T00:40:00Z,47,10.3,,,Provisional/Provisoire,,
05EA002,2026-08-03T00:45:00Z,47,10.3,,,Provisional/Provisoire,,
05EA002,2026-08-03T00:50:00Z,47,10.3,,,Provisional/Provisoire,,
05EA002,2026-08-03T00:55:00Z,47,10.3,,,Provisional/Provisoire,,
05EA002,2026-08-03T01:00:00Z,47,10.3,,,Provisional/Provisoire,,
05EA002,2026-08-03T01:05:00Z,47,10.2,,,Provisional/Provisoire,,
05EA002,2026-08-03T01:10:00Z,47,10.2,,,Provisional/Provisoire,,
05EA002,2026-08-03T01:15:00Z,47,10.2,,,Provisional/Provisoire,,
05EA002,2026-08-03T01:20:00Z,47,10.2,,,Provisional/Provisoire,,
05EA002,2026-08-03T01:25:00Z,47,10.2,,,Provisional/Provisoire,,
05EA002,2026-08-03T01:30:00Z,47,10.2,,,Provisional/Provisoire,,
05EA002,2026-08-03T01:35:00Z,47,10.2,,,Provisional/Provisoire,,
05EA002,2026-08-03T01:40:00Z,47,10.2,,,Provisional/Provisoire,,
05EA002,2026-08-03T01:45:00Z,47,10.2,,,Provisional/Provisoire,,
05EA002,2026-08-03T01:50:00Z,47,10.2,,,Provisional/Provisoire,,
05EA002,2026-08-03T01:55:00Z,47,10.3,,,Provisional/Provisoire,,
05EA002,2026-08-03T02:00:00Z,47,10.3,,,Provisional/Provisoire,,
05EA002,2026-08-03T02:05:00Z,47,10.3,,,Provisional/Provisoire,,
05EA002,2026-08-03T02:10:00Z,47,10.3,,,Provisional/Provisoire,,
05EA002,2026-08-03T02:15:00Z,47,10.3,,,Provisional/Provisoire,,
05EA002,2026-08-03T02:20:00Z,47,10.3,,,Provisional/Provisoire,,
05EA002,2026-08-03T02:25:00Z,47,10.3,,,Provisional/Provisoire,,
05EA002,2026-08-03T02:30:00Z,47,10.3,,,Provisional/Provisoire,,
05EA002,2026-08-03T02:35:00Z,47,10.3,,,Provisional/Provisoire,,
05EA002,2026-08-03T02:40:00Z,47,10.3,,,Provisional/Provisoire,,
05EA002,2026-08-03T02:45:00Z,47,10.3,,,Provisional/Provisoire,,
05EA002,2026-08-03T02:50:00Z,47,10.4,,,Provisional/Provisoire,,
05EA002,2026-08-03T02:55:00Z,47,10.4,,,Provisional/Provisoire,,
05EA002,2026-08-03T03:00:00Z,47,10.3,,,Provisional/Provisoire,,
05EA002,2026-08-03T03:05:00Z,47,10.4,,,Provisional/Provisoire,,
05EA002,2026-08-03T03:10:00Z,47,10.4,,,Provisional/Provisoire,,
05EA002,2026-08-03T03:15:00Z,47,10.4,,,Provisional/Provisoire,,
05EA002,2026-08-03T03:20:00Z,47,10.4,,,Provisional/Provisoire,,
05EA002,2026-08-03T03:25:00Z,47,10.3,,,Provisional/Provisoire,,
05EA002,2026-08-03T03:30:00Z,47,10.3,,,Provisional/Provisoire,,
05EA002,2026-08-03T03:35:00Z,47,10.3,,,Provisional/Provisoire,,
05EA002,2026-08-03T03:40:00Z,47,10.3,,,Provisional/Provisoire,,
05EA002,2026-08-03T03:45:00Z,47,10.3,,,Provisional/Provisoire,,
05EA002,2026-08-03T03:50:00Z,47,10.3,,,Provisional/Provisoire,,
05EA002,2026-08-03T03:55:00Z,47,10.3,,,Provisional/Provisoire,,
05EA002,2026-08-03T04:00:00Z,47,10.3,,,Provisional/Provisoire,,
05EA002,2026-08-03T04:05:00Z,47,10.3,,,Provisional/Provisoire,,
05EA002,2026-08-03T04:10:00Z,47,10.3,,,Provisional/Provisoire,,
05EA002,2026-08-03T04:15:00Z,47,10.3,,,Provisional/Provisoire,,
05EA002,2026-08-03T04:20:00Z,47,10.3,,,Provisional/Provisoire,,
05EA002,2026-08-03T04:25:00Z,47,10.3,,,Provisional/Provisoire,,
05EA002,2026-08-03T04:30:00Z,47,10.3,,,Provisional/Provisoire,,
05EA002,2026-08-03T04:35:00Z,47,10.3,,,Provisional/Provisoire,,
05EA002,2026-08-03T04:40:00Z,47,10.3,,,Provisional/Provisoire,,
05EA002,2026-08-03T04:45:00Z,47,10.3,,,Provisional/Provisoire,,
05EA002,2026-08-03T04:50:00Z,47,10.3,,,Provisional/Provisoire,,
05EA002,2026-08-03T04:55:00Z,47,10.3,,,Provisional/Provisoire,,
05EA002,2026-08-03T05:00:00Z,47,10.3,,,Provisional/Provisoire,,
05EA002,2026-08-03T05:05:00Z,47,10.3,,,Provisional/Provisoire,,
05EA002,2026-08-03T05:10:00Z,47,10.3,,,Provisional/Provisoire,,
05EA002,2026-08-03T05:15:00Z,47,10.3,,,Provisional/Provisoire,,
05EA002,2026-08-03T05:20:00Z,47,10.3,,,Provisional/Provisoire,,
05EA002,2026-08-03T05:25:00Z,47,10.3,,,Provisional/Provisoire,,
05EA002,2026-08-03T05:30:00Z,47,10.2,,,Provisional/Provisoire,,
05EA002,2026-08-03T05:35:00Z,47,10.2,,,Provisional/Provisoire,,
05EA002,2026-08-03T05:40:00Z,47,10.2,,,Provisional/Provisoire,,
05EA002,2026-08-03T05:45:00Z,47,10.2,,,Provisional/Provisoire,,
05EA002,2026-08-03T05:50:00Z,47,10.2,,,Provisional/Provisoire,,
05EA002,2026-08-03T05:55:00Z,47,10.2,,,Provisional/Provisoire,,
05EA002,2026-08-03T06:00:00Z,47,10.2,,,Provisional/Provisoire,,
05EA002,2026-08-03T06:05:00Z,47,10.2,,,Provisional/Provisoire,,
05EA002,2026-08-03T06:10:00Z,47,10.2,,,Provisional/Provisoire,,
05EA002,2026-08-03T06:15:00Z,47,10.2,,,Provisional/Provisoire,,
05EA002,2026-08-03T06:20:00Z,47,10.2,,,Provisional/Provisoire,,
05EA002,2026-08-03T06:25:00Z,47,10.2,,,Provisional/Provisoire,,
05EA002,2026-08-03T06:30:00Z,47,10.2,,,Provisional/Provisoire,,
05EA002,2026-08-03T06:35:00Z,47,10.2,,,Provisional/Provisoire,,
05EA002,2026-08-03T06:40:00Z,47,10.2,,,Provisional/Provisoire,,
05EA002,2026-08-03T06:45:00Z,47,10.2,,,Provisional/Provisoire,,
05EA002,2026-08-03T06:50:00Z,47,10.2,,,Provisional/Provisoire,,
05EA002,2026-08-03T06:55:00Z,47,10.2,,,Provisional/Provisoire,,
05EA002,2026-08-03T07:00:00Z,47,10.2,,,Provisional/Provisoire,,
05EA002,2026-08-03T07:05:00Z,47,10.2,,,Provisional/Provisoire,,
05EA002,2026-08-03T07:10:00Z,47,10.1,,,Provisional/Provisoire,,
05EA002,2026-08-03T07:15:00Z,47,10.2,,,Provisional/Provisoire,,
05EA002,2026-08-03T07:20:00Z,47,10.1,,,Provisional/Provisoire,,
05EA002,2026-08-03T07:25:00Z,47,10.1,,,Provisional/Provisoire,,
05EA002,2026-08-03T07:30:00Z,47,10.1,,,Provisional/Provisoire,,
05EA002,2026-08-03T07:35:00Z,47,10.1,,,Provisional/Provisoire,,
05EA002,2026-08-03T07:40:00Z,47,10.1,,,Provisional/Provisoire,,
05EA002,2026-08-03T07:45:00Z,47,10.1,,,Provisional/Provisoire,,
05EA002,2026-08-03T07:50:00Z,47,10.1,,,Provisional/Provisoire,,
05EA002,2026-08-03T07:55:00Z,47,10.1,,,Provisional/Provisoire,,
05EA002,2026-08-03T08:00:00Z,47,10.1,,,Provisional/Provisoire,,
05EA002,2026-08-03T08:05:00Z,47,10.1,,,Provisional/Provisoire,,
05EA002,2026-08-03T08:10:00Z,47,10.1,,,Provisional/Provisoire,,
05EA002,2026-08-03T08:15:00Z,47,10.1,,,Provisional/Provisoire,,
05EA002,2026-08-03T08:20:00Z,47,10.1,,,Provisional/Provisoire,,
05EA002,2026-08-03T08:25:00Z,47,10.1,,,Provisional/Provisoire,,
05EA002,2026-08-03T08:30:00Z,47,10.1,,,Provisional/Provisoire,,
05EA002,2026-08-03T08:35:00Z,47,10.1,,,Provisional/Provisoire,,
05EA002,2026-08-03T08:40:00Z,47,10.1,,,Provisional/Provisoire,,
05EA002,2026-08-03T08:45:00Z,47,10.1,,,Provisional/Provisoire,,
05EA002,2026-08-03T08:50:00Z,47,10.1,,,Provisional/Provisoire,,
05EA002,2026-08-03T08:55:00Z,47,10.1,,,Provisional/Provisoire,,
05EA002,2026-08-03T09:00:00Z,47,10.1,,,Provisional/Provisoire,,
05EA002,2026-08-03T09:05:00Z,47,10.1,,,Provisional/Provisoire,,
05EA002,2026-08-03T09:10:00Z,47,10.1,,,Provisional/Provisoire,,
05EA002,2026-08-03T09:15:00Z,47,10.1,,,Provisional/Provisoire,,
05EA002,2026-08-03T09:20:00Z,47,10.1,,,Provisional/Provisoire,,
05EA002,2026-08-03T09:25:00Z,47,10.0,,,Provisional/Provisoire,,
05EA002,2026-08-03T09:30:00Z,47,10.0,,,Provisional/Provisoire,,
05EA002,2026-08-03T09:35:00Z,47,10.0,,,Provisional/Provisoire,,
05EA002,2026-08-03T09:40:00Z,47,10.0,,,Provisional/Provisoire,,
05EA002,2026-08-03T09:45:00Z,47,10.0,,,Provisional/Provisoire,,
05EA002,2026-08-03T09:50:00Z,47,10.0,,,Provisional/Provisoire,,
05EA002,2026-08-03T09:55:00Z,47,10.0,,,Provisional/Provisoire,,
05EA002,2026-08-03T10:00:00Z,47,10.0,,,Provisional/Provisoire,,
05EA002,2026-08-03T10:05:00Z,47,10.0,,,Provisional/Provisoire,,
05EA002,2026-08-03T10:10:00Z,47,10.0,,,Provisional/Provisoire,,
05EA002,2026-08-03T10:15:00Z,47,10.0,,,Provisional/Provisoire,,
05EA002,2026-08-03T10:20:00Z,47,10.0,,,Provisional/Provisoire,,
05EA002,2026-08-03T10:25:00Z,47,10.0,,,Provisional/Provisoire,,
05EA002,2026-08-03T10:30:00Z,47,10.0,,,Provisional/Provisoire,,
05EA002,2026-08-03T10:35:00Z,47,10.0,,,Provisional/Provisoire,,
05EA002,2026-08-03T10:40:00Z,47,10.0,,,Provisional/Provisoire,,
05EA002,2026-08-03T10:45:00Z,47,10.0,,,Provisional/Provisoire,,
05EA002,2026-08-03T10:50:00Z,47,10.0,,,Provisional/Provisoire,,
05EA002,2026-08-03T10:55:00Z,47,10.0,,,Provisional/Provisoire,,
05EA002,2026-08-03T11:00:00Z,47,9.99,,,Provisional/Provisoire,,
05EA002,2026-08-03T11:05:00Z,47,10.0,,,Provisional/Provisoire,,
05EA002,2026-08-03T11:10:00Z,47,10.0,,,Provisional/Provisoire,,
05EA002,2026-08-03T11:15:00Z,47,9.99,,,Provisional/Provisoire,,
05EA002,2026-08-03T11:20:00Z,47,10.0,,,Provisional/Provisoire,,
05EA002,2026-08-03T11:25:00Z,47,10.0,,,Provisional/Provisoire,,
05EA002,2026-08-03T11:30:00Z,47,10.0,,,Provisional/Provisoire,,
05EA002,2026-08-03T11:35:00Z,47,10.0,,,Provisional/Provisoire,,
05EA002,2026-08-03T11:40:00Z,47,9.99,,,Provisional/Provisoire,,
05EA002,2026-08-03T11:45:00Z,47,10.0,,,Provisional/Provisoire,,
05EA002,2026-08-03T11:50:00Z,47,10.0,,,Provisional/Provisoire,,
05EA002,2026-08-03T11:55:00Z,47,9.98,,,Provisional/Provisoire,,
05EA002,2026-08-03T12:00:00Z,47,9.99,,,Provisional/Provisoire,,
05EA002,2026-08-03T12:05:00Z,47,9.99,,,Provisional/Provisoire,,
05EA002,2026-08-03T12:10:00Z,47,9.98,,,Provisional/Provisoire,,
05EA002,2026-08-03T12:15:00Z,47,9.98,,,Provisional/Provisoire,,
05EA002,2026-08-03T12:20:00Z,47,9.97,,,Provisional/Provisoire,,
05EA002,2026-08-03T12:25:00Z,47,9.96,,,Provisional/Provisoire,,
05EA002,2026-08-03T12:30:00Z,47,9.95,,,Provisional/Provisoire,,
05EA002,2026-08-03T12:35:00Z,47,9.96,,,Provisional/Provisoire,,
05EA002,2026-08-03T12:40:00Z,47,9.96,,,Provisional/Provisoire,,
05EA002,2026-08-03T12:45:00Z,47,9.94,,,Provisional/Provisoire,,
05EA002,2026-08-03T12:50:00Z,47,9.95,,,Provisional/Provisoire,,
05EA002,2026-08-03T12:55:00Z,47,9.92,,,Provisional/Provisoire,,
05EA002,2026-08-03T13:00:00Z,47,9.94,,,Provisional/Provisoire,,
05EA002,2026-08-03T13:05:00Z,47,9.91,,,Provisional/Provisoire,,
05EA002,2026-08-03T13:10:00Z,47,9.92,,,Provisional/Provisoire,,
05EA002,2026-08-03T13:15:00Z,47,9.92,,,Provisional/Provisoire,,
05EA002,2026-08-03T13:20:00Z,47,9.92,,,Provisional/Provisoire,,
05EA002,2026-08-03T13:25:00Z,47,9.92,,,Provisional/Provisoire,,
05EA002,2026-08-03T13:30:00Z,47,9.94,,,Provisional/Provisoire,,
05EA002,2026-08-03T13:35:00Z,47,9.95,,,Provisional/Provisoire,,
05EA002,2026-08-03T13:40:00Z,47,9.95,,,Provisional/Provisoire,,
05EA002,2026-08-03T13:45:00Z,47,9.92,,,Provisional/Provisoire,,
05EA002,2026-08-03T13:50:00Z,47,9.92,,,Provisional/Provisoire,,
05EA002,2026-08-03T13:55:00Z,47,9.95,,,Provisional/Provisoire,,
05EA002,2026-08-03T14:00:00Z,47,9.96,,,Provisional/Provisoire,,
05EA002,2026-08-03T14:05:00Z,47,9.94,,,Provisional/Provisoire,,
05EA002,2026-08-03T14:10:00Z,47,9.94,,,Provisional/Provisoire,,
05EA002,2026-08-03T14:15:00Z,47,9.96,,,Provisional/Provisoire,,
05EA002,2026-08-03T14:20:00Z,47,9.96,,,Provisional/Provisoire,,
05EA002,2026-08-03T14:25:00Z,47,9.96,,,Provisional/Provisoire,,
05EA002,2026-08-03T14:30:00Z,47,9.97,,,Provisional/Provisoire,,
05EA002,2026-08-03T14:35:00Z,47,9.92,,,Provisional/Provisoire,,
05EA002,2026-08-03T14:40:00Z,47,9.94,,,Provisional/Provisoire,,
05EA002,2026-08-03T14:45:00Z,47,9.92,,,Provisional/Provisoire,,
05EA002,2026-08-03T14:50:00Z,47,9.92,,,Provisional/Provisoire,,
05EA002,2026-08-03T14:55:00Z,47,9.91,,,Provisional/Provisoire,,
05EA002,2026-08-03T15:00:00Z,47,9.90,,,Provisional/Provisoire,,
05EA002,2026-08-03T15:05:00Z,47,9.90,,,Provisional/Provisoire,,
05EA002,2026-08-03T15:10:00Z,47,9.88,,,Provisional/Provisoire,,
05EA002,2026-08-03T15:15:00Z,47,9.89,,,Provisional/Provisoire,,
05EA002,2026-08-03T15:20:00Z,47,9.89,,,Provisional/Provisoire,,
05EA002,2026-08-03T15:25:00Z,47,9.87,,,Provisional/Provisoire,,
05EA002,2026-08-03T15:30:00Z,47,9.87,,,Provisional/Provisoire,,
05EA002,2026-08-03T15:35:00Z,47,9.86,,,Provisional/Provisoire,,
05EA002,2026-08-03T15:40:00Z,47,9.87,,,Provisional/Provisoire,,
05EA002,2026-08-03T15:45:00Z,47,9.84,,,Provisional/Provisoire,,
05EA002,2026-08-03T15:50:00Z,47,9.86,,,Provisional/Provisoire,,
05EA002,2026-08-03T15:55:00Z,47,9.83,,,Provisional/Provisoire,,
05EA002,2026-08-03T16:00:00Z,47,9.83,,,Provisional/Provisoire,,
05EA002,2026-08-03T16:05:00Z,47,9.82,,,Provisional/Provisoire,,
05EA002,2026-08-03T16:10:00Z,47,9.82,,,Provisional/Provisoire,,
05EA002,2026-08-03T16:15:00Z,47,9.81,,,Provisional/Provisoire,,
05EA002,2026-08-03T16:20:00Z,47,9.83,,,Provisional/Provisoire,,
05EA002,2026-08-03T16:25:00Z,47,9.82,,,Provisional/Provisoire,,
05EA002,2026-08-03T16:30:00Z,47,9.83,,,Provisional/Provisoire,,
05EA002,2026-08-03T16:35:00Z,47,9.82,,,Provisional/Provisoire,,
05EA002,2026-08-03T16:40:00Z,47,9.82,,,Provisional/Provisoire,,
05EA002,2026-08-03T16:45:00Z,47,9.83,,,Provisional/Provisoire,,
05EA002,2026-08-03T16:50:00Z,47,9.83,,,Provisional/Provisoire,,
05EA002,2026-08-03T16:55:00Z,47,9.84,,,Provisional/Provisoire,,
05EA002,2026-08-03T17:00:00Z,47,9.83,,,Provisional/Provisoire,,
05EA002,2026-08-03T17:05:00Z,47,9.84,,,Provisional/Provisoire,,
05EA002,2026-08-03T17:10:00Z,47,9.84,,,Provisional/Provisoire,,
05EA002,2026-08-03T17:15:00Z,47,9.84,,,Provisional/Provisoire,,
05EA002,2026-08-03T17:20:00Z,47,9.86,,,Provisional/Provisoire,,
05EA002,2026-08-03T17:25:00Z,47,9.83,,,Provisional/Provisoire,,
05EA002,2026-08-03T17:30:00Z,47,9.82,,,Provisional/Provisoire,,
05EA002,2026-08-03T17:35:00Z,47,9.82,,,Provisional/Provisoire,,
05EA002,2026-08-03T17:40:00Z,47,9.82,,,Provisional/Provisoire,,
05EA002,2026-08-03T17:45:00Z,47,9.84,,,Provisional/Provisoire,,
05EA002,2026-08-03T17:50:00Z,47,9.81,,,Provisional/Provisoire,,
05EA002,2026-08-03T17:55:00Z,47,9.81,,,Provisional/Provisoire,,
05EA002,2026-08-03T18:00:00Z,47,9.80,,,Provisional/Provisoire,,
05EA002,2026-08-03T18:05:00Z,47,9.81,,,Provisional/Provisoire,,
05EA002,2026-08-03T18:10:00Z,47,9.80,,,Provisional/Provisoire,,
05EA002,2026-08-03T18:15:00Z,47,9.84,,,Provisional/Provisoire,,
05EA002,2026-08-03T18:20:00Z,47,9.81,,,Provisional/Provisoire,,
05EA002,2026-08-03T18:25:00Z,47,9.83,,,Provisional/Provisoire,,
05EA002,2026-08-03T18:30:00Z,47,9.80,,,Provisional/Provisoire,,
05EA002,2026-08-03T18:35:00Z,47,9.82,,,Provisional/Provisoire,,
05EA002,2026-08-03T18:40:00Z,47,9.81,,,Provisional/Provisoire,,
05EA002,2026-08-03T18:45:00Z,47,9.81,,,Provisional/Provisoire,,
05EA002,2026-08-03T18:50:00Z,47,9.80,,,Provisional/Provisoire,,
05EA002,2026-08-03T18:55:00Z,47,9.82,,,Provisional/Provisoire,,
05EA002,2026-08-03T19:00:00Z,47,9.81,,,Provisional/Provisoire,,
05EA002,2026-08-03T19:05:00Z,47,9.83,,,Provisional/Provisoire,,
05EA002,2026-08-03T19:10:00Z,47,9.79,,,Provisional/Provisoire,,
05EA002,2026-08-03T19:15:00Z,47,9.79,,,Provisional/Provisoire,,
05EA002,2026-08-03T19:20:00Z,47,9.80,,,Provisional/Provisoire,,
05EA002,2026-08-03T19:25:00Z,47,9.80,,,Provisional/Provisoire,,
05EA002,2026-08-03T19:30:00Z,47,9.79,,,Provisional/Provisoire,,
05EA002,2026-08-03T19:35:00Z,47,9.80,,,Provisional/Provisoire,,
05EA002,2026-08-03T19:40:00Z,47,9.79,,,Provisional/Provisoire,,
05EA002,2026-08-03T19:45:00Z,47,9.78,,,Provisional/Provisoire,,
05EA002,2026-08-03T19:50:00Z,47,9.75,,,Provisional/Provisoire,,
05EA002,2026-08-03T19:55:00Z,47,9.76,,,Provisional/Provisoire,,
05EA002,2026-08-03T20:00:00Z,47,9.73,,,Provisional/Provisoire,,
05EA002,2026-08-03T20:05:00Z,47,9.75,,,Provisional/Provisoire,,
05EA002,2026-08-03T20:10:00Z,47,9.74,,,Provisional/Provisoire,,
05EA002,2026-08-03T20:15:00Z,47,9.72,,,Provisional/Provisoire,,
05EA002,2026-08-03T20:20:00Z,47,9.71,,,Provisional/Provisoire,,
05EA002,2026-08-03T20:25:00Z,47,9.72,,,Provisional/Provisoire,,
05EA002,2026-08-03T20:30:00Z,47,9.70,,,Provisional/Provisoire,,
05EA002,2026-08-03T20:35:00Z,47,9.72,,,Provisional/Provisoire,,
05EA002,2026-08-03T20:40:00Z,47,9.71,,,Provisional/Provisoire,,
05EA002,2026-08-03T20:45:00Z,47,9.72,,,Provisional/Provisoire,,
05EA002,2026-08-03T20:50:00Z,47,9.75,,,Provisional/Provisoire,,
05EA002,2026-08-03T20:55:00Z,47,9.73,,,Provisional/Provisoire,,
05EA002,2026-08-03T21:00:00Z,47,9.72,,,Provisional/Provisoire,,
05EA002,2026-08-03T21:05:00Z,47,9.70,,,Provisional/Provisoire,,
05EA002,2026-08-03T21:10:00Z,47,9.74,,,Provisional/Provisoire,,
05EA002,2026-08-03T21:15:00Z,47,9.72,,,Provisional/Provisoire,,
05EA002,2026-08-03T21:20:00Z,47,9.75,,,Provisional/Provisoire,,
05EA002,2026-08-03T21:25:00Z,47,9.76,,,Provisional/Provisoire,,
05EA002,2026-08-03T21:30:00Z,47,9.73,,,Provisional/Provisoire,,
05EA002,2026-08-03T21:35:00Z,47,9.73,,,Provisional/Provisoire,,
05EA002,2026-08-03T21:40:00Z,47,9.75,,,Provisional/Provisoire,,
05EA002,2026-08-03T21:45:00Z,47,9.74,,,Provisional/Provisoire,,
05EA002,2026-08-03T21:50:00Z,47,9.73,,,Provisional/Provisoire,,
05EA002,2026-08-03T21:55:00Z,47,9.71,,,Provisional/Provisoire,,
05EA002,2026-08-03T22:00:00Z,47,9.71,,,Provisional/Provisoire,,
05EA002,2026-08-03T22:05:00Z,47,9.73,,,Provisional/Provisoire,,
05EA002,2026-08-03T22:10:00Z,47,9.70,,,Provisional/Provisoire,,
05EA002,2026-08-03T22:15:00Z,47,9.71,,,Provisional/Provisoire,,
05EA002,2026-08-03T22:20:00Z,47,9.72,,,Provisional/Provisoire,,
05EA002,2026-08-03T22:25:00Z,47,9.72,,,Provisional/Provisoire,,
05EA002,2026-08-03T22:30:00Z,47,9.71,,,Provisional/Provisoire,,
05EA002,2026-08-03T22:35:00Z,47,9.72,,,Provisional/Provisoire,,
05EA002,2026-08-03T22:40:00Z,47,9.70,,,Provisional/Provisoire,,
05EA002,2026-08-03T22:45:00Z,47,9.67,,,Provisional/Provisoire,,
05EA002,2026-08-03T22:50:00Z,47,9.69,,,Provisional/Provisoire,,
05EA002,2026-08-03T22:55:00Z,47,9.70,,,Provisional/Provisoire,,
05EA002,2026-08-03T23:00:00Z,47,9.67,,,Provisional/Provisoire,,
05EA002,2026-08-03T23:05:00Z,47,9.70,,,Provisional/Provisoire,,
05EA002,2026-08-03T23:10:00Z,47,9.67,,,Provisional/Provisoire,,
05EA002,2026-08-03T23:15:00Z,47,9.66,,,Provisional/Provisoire,,
05EA002,2026-08-03T23:20:00Z,47,9.69,,,Provisional/Provisoire,,
05EA002,2026-08-03T23:25:00Z,47,9.67,,,Provisional/Provisoire,,
05EA002,2026-08-03T23:30:00Z,47,9.65,,,Provisional/Provisoire,,
05EA002,2026-08-03T23:35:00Z,47,9.66,,,Provisional/Provisoire,,
05EA002,2026-08-03T23:40:00Z,47,9.64,,,Provisional/Provisoire,,
05EA002,2026-08-03T23:45:00Z,47,9.65,,,Provisional/Provisoire,,
05EA002,2026-08-03T23:50:00Z,47,9.64,,,Provisional/Provisoire,,
05EA002,2026-08-03T23:55:00Z,47,9.65,,,Provisional/Provisoire,,
05EA002,2026-08-04T00:00:00Z,47,9.65,,,Provisional/Provisoire,,
05EA002,2026-08-04T00:05:00Z,47,9.65,,,Provisional/Provisoire,,
05EA002,2026-08-04T00:10:00Z,47,9.61,,,Provisional/Provisoire,,
05EA002,2026-08-04T00:15:00Z,47,9.63,,,Provisional/Provisoire,,
05EA002,2026-08-04T00:20:00Z,47,9.63,,,Provisional/Provisoire,,
05EA002,2026-08-04T00:25:00Z,47,9.61,,,Provisional/Provisoire,,
05EA002,2026-08-04T00:30:00Z,47,9.61,,,Provisional/Provisoire,,
05EA002,2026-08-04T00:35:00Z,47,9.60,,,Provisional/Provisoire,,
05EA002,2026-08-04T00:40:00Z,47,9.63,,,Provisional/Provisoire,,
05EA002,2026-08-04T00:45:00Z,47,9.60,,,Provisional/Provisoire,,
05EA002,2026-08-04T00:50:00Z,47,9.60,,,Provisional/Provisoire,,
05EA002,2026-08-04T00:55:00Z,47,9.58,,,Provisional/Provisoire,,
05EA002,2026-08-04T01:00:00Z,47,9.60,,,Provisional/Provisoire,,
05EA002,2026-08-04T01:05:00Z,47,9.57,,,Provisional/Provisoire,,
05EA002,2026-08-04T01:10:00Z,47,9.61,,,Provisional/Provisoire,,
05EA002,2026-08-04T01:15:00Z,47,9.60,,,Provisional/Provisoire,,
05EA002,2026-08-04T01:20:00Z,47,9.60,,,Provisional/Provisoire,,
05EA002,2026-08-04T01:25:00Z,47,9.58,,,Provisional/Provisoire,,
05EA002,2026-08-04T01:30:00Z,47,9.58,,,Provisional/Provisoire,,
05EA002,2026-08-04T01:35:00Z,47,9.58,,,Provisional/Provisoire,,
05EA002,2026-08-04T01:40:00Z,47,9.58,,,Provisional/Provisoire,,
05EA002,2026-08-04T01:45:00Z,47,9.57,,,Provisional/Provisoire,,
05EA002,2026-08-04T01:50:00Z,47,9.56,,,Provisional/Provisoire,,
05EA002,2026-08-04T01:55:00Z,47,9.56,,,Provisional/Provisoire,,
05EA002,2026-08-04T02:00:00Z,47,9.56,,,Provisional/Provisoire,,
05EA002,2026-08-04T02:05:00Z,47,9.56,,,Provisional/Provisoire,,
05EA002,2026-08-04T02:10:00Z,47,9.55,,,Provisional/Provisoire,,
05EA002,2026-08-04T02:15:00Z,47,9.57,,,Provisional/Provisoire,,
05EA002,2026-08-04T02:20:00Z,47,9.58,,,Provisional/Provisoire,,
05EA002,2026-08-04T02:25:00Z,47,9.56,,,Provisional/Provisoire,,
05EA002,2026-08-04T02:30:00Z,47,9.56,,,Provisional/Provisoire,,
05EA002,2026-08-04T02:35:00Z,47,9.56,,,Provisional/Provisoire,,
05EA002,2026-08-04T02:40:00Z,47,9.56,,,Provisional/Provisoire,,
05EA002,2026-08-04T02:45:00Z,47,9.55,,,Provisional/Provisoire,,
05EA002,2026-08-04T02:50:00Z,47,9.55,,,Provisional/Provisoire,,
05EA002,2026-08-04T02:55:00Z,47,9.56,,,Provisional/Provisoire,,
05EA002,2026-08-04T03:00:00Z,47,9.55,,,Provisional/Provisoire,,
05EA002,2026-08-04T03:05:00Z,47,9.54,,,Provisional/Provisoire,,
05EA002,2026-08-04T03:10:00Z,47,9.55,,,Provisional/Provisoire,,
05EA002,2026-08-04T03:15:00Z,47,9.55,,,Provisional/Provisoire,,
05EA002,2026-08-04T03:20:00Z,47,9.55,,,Provisional/Provisoire,,
05EA002,2026-08-04T03:25:00Z,47,9.54,,,Provisional/Provisoire,,
05EA002,2026-08-04T03:30:00Z,47,9.54,,,Provisional/Provisoire,,
05EA002,2026-08-04T03:35:00Z,47,9.55,,,Provisional/Provisoire,,
05EA002,2026-08-04T03:40:00Z,47,9.53,,,Provisional/Provisoire,,
05EA002,2026-08-04T03:45:00Z,47,9.53,,,Provisional/Provisoire,,
05EA002,2026-08-04T03:50:00Z,47,9.54,,,Provisional/Provisoire,,
05EA002,2026-08-04T03:55:00Z,47,9.53,,,Provisional/Provisoire,,
05EA002,2026-08-04T04:00:00Z,47,9.52,,,Provisional/Provisoire,,
05EA002,2026-08-04T04:05:00Z,47,9.53,,,Provisional/Provisoire,,
05EA002,2026-08-04T04:10:00Z,47,9.52,,,Provisional/Provisoire,,
05EA002,2026-08-04T04:15:00Z,47,9.52,,,Provisional/Provisoire,,
05EA002,2026-08-04T04:20:00Z,47,9.53,,,Provisional/Provisoire,,
05EA002,2026-08-04T04:25:00Z,47,9.52,,,Provisional/Provisoire,,
05EA002,2026-08-04T04:30:00Z,47,9.52,,,Provisional/Provisoire,,
05EA002,2026-08-04T04:35:00Z,47,9.52,,,Provisional/Provisoire,,
05EA002,2026-08-04T04:40:00Z,47,9.51,,,Provisional/Provisoire,,
05EA002,2026-08-04T04:45:00Z,47,9.51,,,Provisional/Provisoire,,
05EA002,2026-08-04T04:50:00Z,47,9.51,,,Provisional/Provisoire,,
05EA002,2026-08-04T04:55:00Z,47,9.52,,,Provisional/Provisoire,,
05EA002,2026-08-04T05:00:00Z,47,9.51,,,Provisional/Provisoire,,
05EA002,2026-08-04T05:05:00Z,47,9.51,,,Provisional/Provisoire,,
05EA002,2026-08-04T05:10:00Z,47,9.51,,,Provisional/Provisoire,,
05EA002,2026-08-04T05:15:00Z,47,9.52,,,Provisional/Provisoire,,
05EA002,2026-08-04T05:20:00Z,47,9.48,,,Provisional/Provisoire,,
05EA002,2026-08-04T05:25:00Z,47,9.50,,,Provisional/Provisoire,,
05EA002,2026-08-04T05:30:00Z,47,9.51,,,Provisional/Provisoire,,
05EA002,2026-08-04T05:35:00Z,47,9.50,,,Provisional/Provisoire,,
05EA002,2026-08-04T05:40:00Z,47,9.48,,,Provisional/Provisoire,,
05EA002,2026-08-04T05:45:00Z,47,9.50,,,Provisional/Provisoire,,
05EA002,2026-08-04T05:50:00Z,47,9.51,,,Provisional/Provisoire,,
05EA002,2026-08-04T05:55:00Z,47,9.50,,,Provisional/Provisoire,,
05EA002,2026-08-04T06:00:00Z,47,9.50,,,Provisional/Provisoire,,
05EA002,2026-08-04T06:05:00Z,47,9.50,,,Provisional/Provisoire,,
05EA002,2026-08-04T06:10:00Z,47,9.50,,,Provisional/Provisoire,,
05EA002,2026-08-04T06:15:00Z,47,9.46,,,Provisional/Provisoire,,
05EA002,2026-08-04T06:20:00Z,47,9.50,,,Provisional/Provisoire,,
05EA002,2026-08-04T06:25:00Z,47,9.47,,,Provisional/Provisoire,,
05EA002,2026-08-04T06:30:00Z,47,9.48,,,Provisional/Provisoire,,
05EA002,2026-08-04T06:35:00Z,47,9.48,,,Provisional/Provisoire,,
05EA002,2026-08-04T06:40:00Z,47,9.46,,,Provisional/Provisoire,,
05EA002,2026-08-04T06:45:00Z,47,9.47,,,Provisional/Provisoire,,
05EA002,2026-08-04T06:50:00Z,47,9.47,,,Provisional/Provisoire,,
05EA002,2026-08-04T06:55:00Z,47,9.48,,,Provisional/Provisoire,,
05EA002,2026-08-04T07:00:00Z,47,9.48,,,Provisional/Provisoire,,
05EA002,2026-08-04T07:05:00Z,47,9.50,,,Provisional/Provisoire,,
05EA002,2026-08-04T07:10:00Z,47,9.48,,,Provisional/Provisoire,,
05EA002,2026-08-04T07:15:00Z,47,9.50,,,Provisional/Provisoire,,
05EA002,2026-08-04T07:20:00Z,47,9.48,,,Provisional/Provisoire,,
05EA002,2026-08-04T07:25:00Z,47,9.48,,,Provisional/Provisoire,,
05EA002,2026-08-04T07:30:00Z,47,9.50,,,Provisional/Provisoire,,
05EA002,2026-08-04T07:35:00Z,47,9.47,,,Provisional/Provisoire,,
05EA002,2026-08-04T07:40:00Z,47,9.48,,,Provisional/Provisoire,,
05EA002,2026-08-04T07:45:00Z,47,9.47,,,Provisional/Provisoire,,
05EA002,2026-08-04T07:50:00Z,47,9.45,,,Provisional/Provisoire,,
05EA002,2026-08-04T07:55:00Z,47,9.47,,,Provisional/Provisoire,,
05EA002,2026-08-04T08:00:00Z,47,9.48,,,Provisional/Provisoire,,
05EA002,2026-08-04T08:05:00Z,47,9.48,,,Provisional/Provisoire,,
05EA002,2026-08-04T08:10:00Z,47,9.48,,,Provisional/Provisoire,,
05EA002,2026-08-04T08:15:00Z,47,9.47,,,Provisional/Provisoire,,
05EA002,2026-08-04T08:20:00Z,47,9.48,,,Provisional/Provisoire,,
05EA002,2026-08-04T08:25:00Z,47,9.48,,,Provisional/Provisoire,,
05EA002,2026-08-04T08:30:00Z,47,9.48,,,Provisional/Provisoire,,
05EA002,2026-08-04T08:35:00Z,47,9.48,,,Provisional/Provisoire,,
05EA002,2026-08-04T08:40:00Z,47,9.48,,,Provisional/Provisoire,,
05EA002,2026-08-04T08:45:00Z,47,9.47,,,Provisional/Provisoire,,
05EA002,2026-08-04T08:50:00Z,47,9.48,,,Provisional/Provisoire,,
05EA002,2026-08-04T08:55:00Z,47,9.48,,,Provisional/Provisoire,,
05EA002,2026-08-04T09:00:00Z,47,9.47,,,Provisional/Provisoire,,
05EA002,2026-08-04T09:05:00Z,47,9.47,,,Provisional/Provisoire,,
05EA002,2026-08-04T09:10:00Z,47,9.48,,,Provisional/Provisoire,,
05EA002,2026-08-04T09:15:00Z,47,9.47,,,Provisional/Provisoire,,
05EA002,2026-08-04T09:20:00Z,47,9.47,,,Provisional/Provisoire,,
05EA002,2026-08-04T09:25:00Z,47,9.46,,,Provisional/Provisoire,,
05EA002,2026-08-04T09:30:00Z,47,9.46,,,Provisional/Provisoire,,
05EA002,2026-08-04T09:35:00Z,47,9.46,,,Provisional/Provisoire,,
05EA002,2026-08-04T09:40:00Z,47,9.46,,,Provisional/Provisoire,,
05EA002,2026-08-04T09:45:00Z,47,9.45,,,Provisional/Provisoire,,
05EA002,2026-08-04T09:50:00Z,47,9.45,,,Provisional/Provisoire,,
05EA002,2026-08-04T09:55:00Z,47,9.44,,,Provisional/Provisoire,,
05EA002,2026-08-04T10:00:00Z,47,9.45,,,Provisional/Provisoire,,
05EA002,2026-08-04T10:05:00Z,47,9.44,,,Provisional/Provisoire,,
05EA002,2026-08-04T10:10:00Z,47,9.44,,,Provisional/Provisoire,,
05EA002,2026-08-04T10:15:00Z,47,9.41,,,Provisional/Provisoire,,
05EA002,2026-08-04T10:20:00Z,47,9.44,,,Provisional/Provisoire,,
05EA002,2026-08-04T10:25:00Z,47,9.44,,,Provisional/Provisoire,,
05EA002,2026-08-04T10:30:00Z,47,9.43,,,Provisional/Provisoire,,
05EA002,2026-08-04T10:35:00Z,47,9.44,,,Provisional/Provisoire,,
05EA002,2026-08-04T10:40:00Z,47,9.43,,,Provisional/Provisoire,,
05EA002,2026-08-04T10:45:00Z,47,9.43,,,Provisional/Provisoire,,
05EA002,2026-08-04T10:50:00Z,47,9.42,,,Provisional/Provisoire,,
05EA002,2026-08-04T10:55:00Z,47,9.42,,,Provisional/Provisoire,,
05EA002,2026-08-04T11:00:00Z,47,9.44,,,Provisional/Provisoire,,
05EA002,2026-08-04T11:05:00Z,47,9.43,,,Provisional/Provisoire,,
05EA002,2026-08-04T11:10:00Z,47,9.41,,,Provisional/Provisoire,,
05EA002,2026-08-04T11:15:00Z,47,9.43,,,Provisional/Provisoire,,
05EA002,2026-08-04T11:20:00Z,47,9.43,,,Provisional/Provisoire,,
05EA002,2026-08-04T11:25:00Z,47,9.44,,,Provisional/Provisoire,,
05EA002,2026-08-04T11:30:00Z,47,9.44,,,Provisional/Provisoire,,
05EA002,2026-08-04T11:35:00Z,47,9.44,,,Provisional/Provisoire,,
05EA002,2026-08-04T11:40:00Z,47,9.44,,,Provisional/Provisoire,,
05EA002,2026-08-04T11:45:00Z,47,9.43,,,Provisional/Provisoire,,
05EA002,2026-08-04T11:50:00Z,47,9.43,,,Provisional/Provisoire,,
05EA002,2026-08-04T11:55:00Z,47,9.42,,,Provisional/Provisoire,,
05EA002,2026-08-04T12:00:00Z,47,9.42,,,Provisional/Provisoire,,
05EA002,2026-08-04T12:05:00Z,47,9.41,,,Provisional/Provisoire,,
05EA002,2026-08-04T12:10:00Z,47,9.43,,,Provisional/Provisoire,,
05EA002,2026-08-04T12:15:00Z,47,9.42,,,Provisional/Provisoire,,
05EA002,2026-08-04T12:20:00Z,47,9.42,,,Provisional/Provisoire,,
05EA002,2026-08-04T12:25:00Z,47,9.41,,,Provisional/Provisoire,,
05EA002,2026-08-04T12:30:00Z,47,9.41,,,Provisional/Provisoire,,
05EA002,2026-08-04T12:35:00Z,47,9.41,,,Provisional/Provisoire,,
05EA002,2026-08-04T12:40:00Z,47,9.42,,,Provisional/Provisoire,,
05EA002,2026-08-04T12:45:00Z,47,9.42,,,Provisional/Provisoire,,
05EA002,2026-08-04T12:50:00Z,47,9.40,,,Provisional/Provisoire,,
05EA002,2026-08-04T12:55:00Z,47,9.42,,,Provisional/Provisoire,,
05EA002,2026-08-04T13:00:00Z,47,9.42,,,Provisional/Provisoire,,
05EA002,2026-08-04T13:05:00Z,47,9.41,,,Provisional/Provisoire,,
05EA002,2026-08-04T13:10:00Z,47,9.42,,,Provisional/Provisoire,,
05EA002,2026-08-04T13:15:00Z,47,9.42,,,Provisional/Provisoire,,
05EA002,2026-08-04T13:20:00Z,47,9.38,,,Provisional/Provisoire,,
05EA002,2026-08-04T13:25:00Z,47,9.40,,,Provisional/Provisoire,,
05EA002,2026-08-04T13:30:00Z,47,9.41,,,Provisional/Provisoire,,
05EA002,2026-08-04T13:35:00Z,47,9.41,,,Provisional/Provisoire,,
05EA002,2026-08-04T13:40:00Z,47,9.41,,,Provisional/Provisoire,,
05EA002,2026-08-04T13:45:00Z,47,9.41,,,Provisional/Provisoire,,
05EA002,2026-08-04T13:50:00Z,47,9.41,,,Provisional/Provisoire,,
05EA002,2026-08-04T13:55:00Z,47,9.40,,,Provisional/Provisoire,,
05EA002,2026-08-04T14:00:00Z,47,9.41,,,Provisional/Provisoire,,
05EA002,2026-08-04T14:05:00Z,47,9.40,,,Provisional/Provisoire,,
05EA002,2026-08-04T14:10:00Z,47,9.41,,,Provisional/Provisoire,,
05EA002,2026-08-04T14:15:00Z,47,9.38,,,Provisional/Provisoire,,
05EA002,2026-08-04T14:20:00Z,47,9.40,,,Provisional/Provisoire,,
05EA002,2026-08-04T14:25:00Z,47,9.40,,,Provisional/Provisoire,,
05EA002,2026-08-04T14:30:00Z,47,9.38,,,Provisional/Provisoire,,
05EA002,2026-08-04T14:35:00Z,47,9.41,,,Provisional/Provisoire,,
05EA002,2026-08-04T14:40:00Z,47,9.41,,,Provisional/Provisoire,,
05EA002,2026-08-04T14:45:00Z,47,9.40,,,Provisional/Provisoire,,
05EA002,2026-08-04T14:50:00Z,47,9.41,,,Provisional/Provisoire,,
05EA002,2026-08-04T14:55:00Z,47,9.40,,,Provisional/Provisoire,,
05EA002,2026-08-04T15:00:00Z,47,9.40,,,Provisional/Provisoire,,
05EA002,2026-08-04T15:05:00Z,47,9.41,,,Provisional/Provisoire,,
05EA002,2026-08-04T15:10:00Z,47,9.41,,,Provisional/Provisoire,,
05EA002,2026-08-04T15:15:00Z,47,9.40,,,Provisional/Provisoire,,
05EA002,2026-08-04T15:20:00Z,47,9.37,,,Provisional/Provisoire,,
05EA002,2026-08-04T15:25:00Z,47,9.38,,,Provisional/Provisoire,,
05EA002,2026-08-04T15:30:00Z,47,9.38,,,Provisional/Provisoire,,
05EA002,2026-08-04T15:35:00Z,47,9.40,,,Provisional/Provisoire,,
05EA002,2026-08-04T15:40:00Z,47,9.38,,,Provisional/Provisoire,,
05EA002,2026-08-04T15:45:00Z,47,9.41,,,Provisional/Provisoire,,
05EA002,2026-08-04T15:50:00Z,47,9.40,,,Provisional/Provisoire,,
05EA002,2026-08-04T15:55:00Z,47,9.41,,,Provisional/Provisoire,,
05EA002,2026-08-04T16:00:00Z,47,9.41,,,Provisional/Provisoire,,
05EA002,2026-08-04T16:05:00Z,47,9.41,,,Provisional/Provisoire,,
05EA002,2026-08-04T16:10:00Z,47,9.42,,,Provisional/Provisoire,,
05EA002,2026-08-04T16:15:00Z,47,9.42,,,Provisional/Provisoire,,
05EA002,2026-08-04T16:20:00Z,47,9.42,,,Provisional/Provisoire,,
05EA002,2026-08-04T16:25:00Z,47,9.38,,,Provisional/Provisoire,,
05EA002,2026-08-04T16:30:00Z,47,9.38,,,Provisional/Provisoire,,
05EA002,2026-08-04T16:35:00Z,47,9.34,,,Provisional/Provisoire,,
05EA002,2026-08-04T16:40:00Z,47,9.35,,,Provisional/Provisoire,,
05EA002,2026-08-04T16:45:00Z,47,9.33,,,Provisional/Provisoire,,
05EA002,2026-08-04T16:50:00Z,47,9.33,,,Provisional/Provisoire,,
05EA002,2026-08-04T16:55:00Z,47,9.34,,,Provisional/Provisoire,,
05EA002,2026-08-04T17:00:00Z,47,9.35,,,Provisional/Provisoire,,
05EA002,2026-08-04T17:05:00Z,47,9.34,,,Provisional/Provisoire,,
05EA002,2026-08-04T17:10:00Z,47,9.35,,,Provisional/Provisoire,,
05EA002,2026-08-04T17:15:00Z,47,9.32,,,Provisional/Provisoire,,
05EA002,2026-08-04T17:20:00Z,47,9.34,,,Provisional/Provisoire,,
05EA002,2026-08-04T17:25:00Z,47,9.34,,,Provisional/Provisoire,,
05EA002,2026-08-04T17:30:00Z,47,9.35,,,Provisional/Provisoire,,
05EA002,2026-08-04T17:35:00Z,47,9.34,,,Provisional/Provisoire,,
05EA002,2026-08-04T17:40:00Z,47,9.35,,,Provisional/Provisoire,,
05EA002,2026-08-04T17:45:00Z,47,9.35,,,Provisional/Provisoire,,
05EA002,2026-08-04T17:50:00Z,47,9.36,,,Provisional/Provisoire,,
05EA002,2026-08-04T17:55:00Z,47,9.36,,,Provisional/Provisoire,,
05EA002,2026-08-04T18:00:00Z,47,9.38,,,Provisional/Provisoire,,
05EA002,2026-08-04T18:05:00Z,47,9.37,,,Provisional/Provisoire,,
05EA002,2026-08-04T18:10:00Z,47,9.37,,,Provisional/Provisoire,,
05EA002,2026-08-04T18:15:00Z,47,9.38,,,Provisional/Provisoire,,
05EA002,2026-08-04T18:20:00Z,47,9.38,,,Provisional/Provisoire,,
05EA002,2026-08-04T18:25:00Z,47,9.40,,,Provisional/Provisoire,,
05EA002,2026-08-04T18:30:00Z,47,9.36,,,Provisional/Provisoire,,
05EA002,2026-08-04T18:35:00Z,47,9.34,,,Provisional/Provisoire,,
05EA002,2026-08-04T18:40:00Z,47,9.38,,,Provisional/Provisoire,,
05EA002,2026-08-04T18:45:00Z,47,9.40,,,Provisional/Provisoire,,
05EA002,2026-08-04T18:50:00Z,47,9.38,,,Provisional/Provisoire,,
05EA002,2026-08-04T18:55:00Z,47,9.38,,,Provisional/Provisoire,,
05EA002,2026-08-04T19:00:00Z,47,9.40,,,Provisional/Provisoire,,
05EA002,2026-08-04T19:05:00Z,47,9.40,,,Provisional/Provisoire,,
05EA002,2026-08-04T19:10:00Z,47,9.40,,,Provisional/Provisoire,,
05EA002,2026-08-04T19:15:00Z,47,9.41,,,Provisional/Provisoire,,
05EA002,2026-08-04T19:20:00Z,47,9.40,,,Provisional/Provisoire,,
05EA002,2026-08-04T19:25:00Z,47,9.41,,,Provisional/Provisoire,,
05EA002,2026-08-04T19:30:00Z,47,9.37,,,Provisional/Provisoire,,
05EA002,2026-08-04T19:35:00Z,47,9.40,,,Provisional/Provisoire,,
05EA002,2026-08-04T19:40:00Z,47,9.37,,,Provisional/Provisoire,,
05EA002,2026-08-04T19:45:00Z,47,9.37,,,Provisional/Provisoire,,
05EA002,2026-08-04T19:50:00Z,47,9.38,,,Provisional/Provisoire,,
05EA002,2026-08-04T19:55:00Z,47,9.40,,,Provisional/Provisoire,,
05EA002,2026-08-04T20:00:00Z,47,9.40,,,Provisional/Provisoire,,
05EA002,2026-08-04T20:05:00Z,47,9.38,,,Provisional/Provisoire,,
05EA002,2026-08-04T20:10:00Z,47,9.41,,,Provisional/Provisoire,,
05EA002,2026-08-04T20:15:00Z,47,9.38,,,Provisional/Provisoire,,
05EA002,2026-08-04T20:20:00Z,47,9.36,,,Provisional/Provisoire,,
05EA002,2026-08-04T20:25:00Z,47,9.37,,,Provisional/Provisoire,,
05EA002,2026-08-04T20:30:00Z,47,9.36,,,Provisional/Provisoire,,
05EA002,2026-08-04T20:35:00Z,47,9.37,,,Provisional/Provisoire,,
05EA002,2026-08-04T20:40:00Z,47,9.35,,,Provisional/Provisoire,,
05EA002,2026-08-04T20:45:00Z,47,9.37,,,Provisional/Provisoire,,
05EA002,2026-08-04T20:50:00Z,47,9.36,,,Provisional/Provisoire,,
05EA002,2026-08-04T20:55:00Z,47,9.35,,,Provisional/Provisoire,,
05EA002,2026-08-04T21:00:00Z,47,9.35,,,Provisional/Provisoire,,
05EA002,2026-08-04T21:05:00Z,47,9.33,,,Provisional/Provisoire,,
05EA002,2026-08-04T21:10:00Z,47,9.30,,,Provisional/Provisoire,,
05EA002,2026-08-04T21:15:00Z,47,9.33,,,Provisional/Provisoire,,
05EA002,2026-08-04T21:20:00Z,47,9.32,,,Provisional/Provisoire,,
05EA002,2026-08-04T21:25:00Z,47,9.33,,,Provisional/Provisoire,,
05EA002,2026-08-04T21:30:00Z,47,9.33,,,Provisional/Provisoire,,
05EA002,2026-08-04T21:35:00Z,47,9.30,,,Provisional/Provisoire,,
05EA002,2026-08-04T21:40:00Z,47,9.32,,,Provisional/Provisoire,,
05EA002,2026-08-04T21:45:00Z,47,9.34,,,Provisional/Provisoire,,
05EA002,2026-08-04T21:50:00Z,47,9.34,,,Provisional/Provisoire,,
05EA002,2026-08-04T21:55:00Z,47,9.31,,,Provisional/Provisoire,,
05EA002,2026-08-04T22:00:00Z,47,9.32,,,Provisional/Provisoire,,
05EA002,2026-08-04T22:05:00Z,47,9.30,,,Provisional/Provisoire,,
05EA002,2026-08-04T22:10:00Z,47,9.30,,,Provisional/Provisoire,,
05EA002,2026-08-04T22:15:00Z,47,9.32,,,Provisional/Provisoire,,
05EA002,2026-08-04T22:20:00Z,47,9.32,,,Provisional/Provisoire,,
05EA002,2026-08-04T22:25:00Z,47,9.31,,,Provisional/Provisoire,,
05EA002,2026-08-04T22:30:00Z,47,9.33,,,Provisional/Provisoire,,
05EA002,2026-08-04T22:35:00Z,47,9.30,,,Provisional/Provisoire,,
05EA002,2026-08-04T22:40:00Z,47,9.33,,,Provisional/Provisoire,,
05EA002,2026-08-04T22:45:00Z,47,9.34,,,Provisional/Provisoire,,
05EA002,2026-08-04T22:50:00Z,47,9.33,,,Provisional/Provisoire,,
05EA002,2026-08-04T22:55:00Z,47,9.33,,,Provisional/Provisoire,,
05EA002,2026-08-04T23:00:00Z,47,9.35,,,Provisional/Provisoire,,
05EA002,2026-08-04T23:05:00Z,47,9.33,,,Provisional/Provisoire,,
05EA002,2026-08-04T23:10:00Z,47,9.28,,,Provisional/Provisoire,,
05EA002,2026-08-04T23:15:00Z,47,9.31,,,Provisional/Provisoire,,
05EA002,2026-08-04T23:20:00Z,47,9.30,,,Provisional/Provisoire,,
05EA002,2026-08-04T23:25:00Z,47,9.25,,,Provisional/Provisoire,,
05EA002,2026-08-04T23:30:00Z,47,9.28,,,Provisional/Provisoire,,
05EA002,2026-08-04T23:35:00Z,47,9.28,,,Provisional/Provisoire,,
05EA002,2026-08-04T23:40:00Z,47,9.28,,,Provisional/Provisoire,,
05EA002,2026-08-04T23:45:00Z,47,9.27,,,Provisional/Provisoire,,
05EA002,2026-08-04T23:50:00Z,47,9.26,,,Provisional/Provisoire,,
05EA002,2026-08-04T23:55:00Z,47,9.27,,,Provisional/Provisoire,,
05EA002,2026-08-05T00:00:00Z,47,9.25,,,Provisional/Provisoire,,
05EA002,2026-08-05T00:05:00Z,47,9.25,,,Provisional/Provisoire,,
05EA002,2026-08-05T00:10:00Z,47,9.23,,,Provisional/Provisoire,,
05EA002,2026-08-05T00:15:00Z,47,9.23,,,Provisional/Provisoire,,
05EA002,2026-08-05T00:20:00Z,47,9.21,,,Provisional/Provisoire,,
05EA002,2026-08-05T00:25:00Z,47,9.20,,,Provisional/Provisoire,,
05EA002,2026-08-05T00:30:00Z,47,9.16,,,Provisional/Provisoire,,
05EA002,2026-08-05T00:35:00Z,47,9.13,,,Provisional/Provisoire,,
05EA002,2026-08-05T00:40:00Z,47,9.10,,,Provisional/Provisoire,,
05EA002,2026-08-05T00:45:00Z,47,9.04,,,Provisional/Provisoire,,
05EA002,2026-08-05T00:50:00Z,47,9.00,,,Provisional/Provisoire,,
05EA002,2026-08-05T00:55:00Z,47,8.99,,,Provisional/Provisoire,,
05EA002,2026-08-05T01:00:00Z,47,9.00,,,Provisional/Provisoire,,
05EA002,2026-08-05T01:05:00Z,47,9.03,,,Provisional/Provisoire,,
05EA002,2026-08-05T01:10:00Z,47,9.10,,,Provisional/Provisoire,,
05EA002,2026-08-05T01:15:00Z,47,9.19,,,Provisional/Provisoire,,
05EA002,2026-08-05T01:20:00Z,47,9.15,,,Provisional/Provisoire,,
05EA002,2026-08-05T01:25:00Z,47,9.14,,,Provisional/Provisoire,,
05EA002,2026-08-05T01:30:00Z,47,9.15,,,Provisional/Provisoire,,
05EA002,2026-08-05T01:35:00Z,47,9.16,,,Provisional/Provisoire,,
05EA002,2026-08-05T01:40:00Z,47,9.15,,,Provisional/Provisoire,,
05EA002,2026-08-05T01:45:00Z,47,9.13,,,Provisional/Provisoire,,
05EA002,2026-08-05T01:50:00Z,47,9.11,,,Provisional/Provisoire,,
05EA002,2026-08-05T01:55:00Z,47,9.12,,,Provisional/Provisoire,,
05EA002,2026-08-05T02:00:00Z,47,9.10,,,Provisional/Provisoire,,
05EA002,2026-08-05T02:05:00Z,47,9.09,,,Provisional/Provisoire,,
05EA002,2026-08-05T02:10:00Z,47,9.05,,,Provisional/Provisoire,,
05EA002,2026-08-05T02:15:00Z,47,9.06,,,Provisional/Provisoire,,
05EA002,2026-08-05T02:20:00Z,47,9.06,,,Provisional/Provisoire,,
05EA002,2026-08-05T02:25:00Z,47,9.09,,,Provisional/Provisoire,,
05EA002,2026-08-05T02:30:00Z,47,9.12,,,Provisional/Provisoire,,
05EA002,2026-08-05T02:35:00Z,47,9.13,,,Provisional/Provisoire,,
05EA002,2026-08-05T02:40:00Z,47,9.14,,,Provisional/Provisoire,,
05EA002,2026-08-05T02:45:00Z,47,9.16,,,Provisional/Provisoire,,
05EA002,2026-08-05T02:50:00Z,47,9.15,,,Provisional/Provisoire,,
05EA002,2026-08-05T02:55:00Z,47,9.15,,,Provisional/Provisoire,,
05EA002,2026-08-05T03:00:00Z,47,9.14,,,Provisional/Provisoire,,
05EA002,2026-08-05T03:05:00Z,47,9.13,,,Provisional/Provisoire,,
05EA002,2026-08-05T03:10:00Z,47,9.13,,,Provisional/Provisoire,,
05EA002,2026-08-05T03:15:00Z,47,9.14,,,Provisional/Provisoire,,
05EA002,2026-08-05T03:20:00Z,47,9.14,,,Provisional/Provisoire,,
05EA002,2026-08-05T03:25:00Z,47,9.13,,,Provisional/Provisoire,,
05EA002,2026-08-05T03:30:00Z,47,9.12,,,Provisional/Provisoire,,
05EA002,2026-08-05T03:35:00Z,47,9.13,,,Provisional/Provisoire,,
05EA002,2026-08-05T03:40:00Z,47,9.11,,,Provisional/Provisoire,,
05EA002,2026-08-05T03:45:00Z,47,9.12,,,Provisional/Provisoire,,
05EA002,2026-08-05T03:50:00Z,47,9.13,,,Provisional/Provisoire,,
05EA002,2026-08-05T03:55:00Z,47,9.12,,,Provisional/Provisoire,,
05EA002,2026-08-05T04:00:00Z,47,9.14,,,Provisional/Provisoire,,
05EA002,2026-08-05T04:05:00Z,47,9.15,,,Provisional/Provisoire,,
05EA002,2026-08-05T04:10:00Z,47,9.15,,,Provisional/Provisoire,,
05EA002,2026-08-05T04:15:00Z,47,9.15,,,Provisional/Provisoire,,
05EA002,2026-08-05T04:20:00Z,47,9.15,,,Provisional/Provisoire,,
05EA002,2026-08-05T04:25:00Z,47,9.16,,,Provisional/Provisoire,,
05EA002,2026-08-05T04:30:00Z,47,9.17,,,Provisional/Provisoire,,
05EA002,2026-08-05T04:35:00Z,47,9.20,,,Provisional/Provisoire,,
05EA002,2026-08-05T04:40:00Z,47,9.22,,,Provisional/Provisoire,,
05EA002,2026-08-05T04:45:00Z,47,9.31,,,Provisional/Provisoire,,
05EA002,2026-08-05T04:50:00Z,47,9.33,,,Provisional/Provisoire,,
05EA002,2026-08-05T04:55:00Z,47,9.36,,,Provisional/Provisoire,,
05EA002,2026-08-05T05:00:00Z,47,9.37,,,Provisional/Provisoire,,
05EA002,2026-08-05T05:05:00Z,47,9.37,,,Provisional/Provisoire,,
05EA002,2026-08-05T05:10:00Z,47,9.42,,,Provisional/Provisoire,,
05EA002,2026-08-05T05:15:00Z,47,9.43,,,Provisional/Provisoire,,
05EA002,2026-08-05T05:20:00Z,47,9.42,,,Provisional/Provisoire,,
05EA002,2026-08-05T05:25:00Z,47,9.43,,,Provisional/Provisoire,,
05EA002,2026-08-05T05:30:00Z,47,9.44,,,Provisional/Provisoire,,
05EA002,2026-08-05T05:35:00Z,47,9.42,,,Provisional/Provisoire,,
05EA002,2026-08-05T05:40:00Z,47,9.41,,,Provisional/Provisoire,,
05EA002,2026-08-05T05:45:00Z,47,9.38,,,Provisional/Provisoire,,
05EA002,2026-08-05T05:50:00Z,47,9.37,,,Provisional/Provisoire,,
05EA002,2026-08-05T05:55:00Z,47,9.35,,,Provisional/Provisoire,,
05EA002,2026-08-05T06:00:00Z,47,9.32,,,Provisional/Provisoire,,
05EA002,2026-08-05T06:05:00Z,47,9.32,,,Provisional/Provisoire,,
05EA002,2026-08-05T06:10:00Z,47,9.30,,,Provisional/Provisoire,,
05EA002,2026-08-05T06:15:00Z,47,9.27,,,Provisional/Provisoire,,
05EA002,2026-08-05T06:20:00Z,47,9.28,,,Provisional/Provisoire,,
05EA002,2026-08-05T06:25:00Z,47,9.25,,,Provisional/Provisoire,,
05EA002,2026-08-05T06:30:00Z,47,9.27,,,Provisional/Provisoire,,
05EA002,2026-08-05T06:35:00Z,47,9.26,,,Provisional/Provisoire,,
05EA002,2026-08-05T06:40:00Z,47,9.27,,,Provisional/Provisoire,,
05EA002,2026-08-05T06:45:00Z,47,9.26,,,Provisional/Provisoire,,
05EA002,2026-08-05T06:50:00Z,47,9.25,,,Provisional/Provisoire,,
05EA002,2026-08-05T06:55:00Z,47,9.26,,,Provisional/Provisoire,,
05EA002,2026-08-05T07:00:00Z,47,9.23,,,Provisional/Provisoire,,
05EA002,2026-08-05T07:05:00Z,47,9.23,,,Provisional/Provisoire,,
05EA002,2026-08-05T07:10:00Z,47,9.23,,,Provisional/Provisoire,,
05EA002,2026-08-05T07:15:00Z,47,9.24,,,Provisional/Provisoire,,
05EA002,2026-08-05T07:20:00Z,47,9.26,,,Provisional/Provisoire,,
05EA002,2026-08-05T07:25:00Z,47,9.24,,,Provisional/Provisoire,,
05EA002,2026-08-05T07:30:00Z,47,9.25,,,Provisional/Provisoire,,
05EA002,2026-08-05T07:35:00Z,47,9.26,,,Provisional/Provisoire,,
05EA002,2026-08-05T07:40:00Z,47,9.24,,,Provisional/Provisoire,,
05EA002,2026-08-05T07:45:00Z,47,9.23,,,Provisional/Provisoire,,
05EA002,2026-08-05T07:50:00Z,47,9.24,,,Provisional/Provisoire,,
05EA002,2026-08-05T07:55:00Z,47,9.25,,,Provisional/Provisoire,,
05EA002,2026-08-05T08:00:00Z,47,9.23,,,Provisional/Provisoire,,
05EA002,2026-08-05T08:05:00Z,47,9.23,,,Provisional/Provisoire,,
05EA002,2026-08-05T08:10:00Z,47,9.23,,,Provisional/Provisoire,,
05EA002,2026-08-05T08:15:00Z,47,9.23,,,Provisional/Provisoire,,
05EA002,2026-08-05T08:20:00Z,47,9.23,,,Provisional/Provisoire,,
05EA002,2026-08-05T08:25:00Z,47,9.22,,,Provisional/Provisoire,,
05EA002,2026-08-05T08:30:00Z,47,9.22,,,Provisional/Provisoire,,
05EA002,2026-08-05T08:35:00Z,47,9.23,,,Provisional/Provisoire,,
05EA002,2026-08-05T08:40:00Z,47,9.21,,,Provisional/Provisoire,,
05EA002,2026-08-05T08:45:00Z,47,9.20,,,Provisional/Provisoire,,
05EA002,2026-08-05T08:50:00Z,47,9.20,,,Provisional/Provisoire,,
05EA002,2026-08-05T08:55:00Z,47,9.20,,,Provisional/Provisoire,,
05EA002,2026-08-05T09:00:00Z,47,9.20,,,Provisional/Provisoire,,
05EA002,2026-08-05T09:05:00Z,47,9.19,,,Provisional/Provisoire,,
05EA002,2026-08-05T09:10:00Z,47,9.19,,,Provisional/Provisoire,,
05EA002,2026-08-05T09:15:00Z,47,9.19,,,Provisional/Provisoire,,
05EA002,2026-08-05T09:20:00Z,47,9.17,,,Provisional/Provisoire,,
05EA002,2026-08-05T09:25:00Z,47,9.12,,,Provisional/Provisoire,,
05EA002,2026-08-05T09:30:00Z,47,9.17,,,Provisional/Provisoire,,
05EA002,2026-08-05T09:35:00Z,47,9.16,,,Provisional/Provisoire,,
05EA002,2026-08-05T09:40:00Z,47,9.15,,,Provisional/Provisoire,,
05EA002,2026-08-05T09:45:00Z,47,9.15,,,Provisional/Provisoire,,
05EA002,2026-08-05T09:50:00Z,47,9.14,,,Provisional/Provisoire,,
05EA002,2026-08-05T09:55:00Z,47,9.12,,,Provisional/Provisoire,,
05EA002,2026-08-05T10:00:00Z,47,9.12,,,Provisional/Provisoire,,
05EA002,2026-08-05T10:05:00Z,47,9.12,,,Provisional/Provisoire,,
05EA002,2026-08-05T10:10:00Z,47,9.11,,,Provisional/Provisoire,,
05EA002,2026-08-05T10:15:00Z,47,9.10,,,Provisional/Provisoire,,
05EA002,2026-08-05T10:20:00Z,47,9.10,,,Provisional/Provisoire,,
05EA002,2026-08-05T10:25:00Z,47,9.09,,,Provisional/Provisoire,,
05EA002,2026-08-05T10:30:00Z,47,9.08,,,Provisional/Provisoire,,
05EA002,2026-08-05T10:35:00Z,47,9.08,,,Provisional/Provisoire,,
05EA002,2026-08-05T10:40:00Z,47,9.08,,,Provisional/Provisoire,,
05EA002,2026-08-05T10:45:00Z,47,9.08,,,Provisional/Provisoire,,
05EA002,2026-08-05T10:50:00Z,47,9.08,,,Provisional/Provisoire,,
05EA002,2026-08-05T10:55:00Z,47,9.09,,,Provisional/Provisoire,,
05EA002,2026-08-05T11:00:00Z,47,9.10,,,Provisional/Provisoire,,
05EA002,2026-08-05T11:05:00Z,47,9.09,,,Provisional/Provisoire,,
05EA002,2026-08-05T11:10:00Z,47,9.10,,,Provisional/Provisoire,,
05EA002,2026-08-05T11:15:00Z,47,9.08,,,Provisional/Provisoire,,
05EA002,2026-08-05T11:20:00Z,47,9.06,,,Provisional/Provisoire,,
05EA002,2026-08-05T11:25:00Z,47,9.06,,,Provisional/Provisoire,,
05EA002,2026-08-05T11:30:00Z,47,9.05,,,Provisional/Provisoire,,
05EA002,2026-08-05T11:35:00Z,47,9.04,,,Provisional/Provisoire,,
05EA002,2026-08-05T11:40:00Z,47,9.05,,,Provisional/Provisoire,,
05EA002,2026-08-05T11:45:00Z,47,9.05,,,Provisional/Provisoire,,
05EA002,2026-08-05T11:50:00Z,47,9.05,,,Provisional/Provisoire,,
05EA002,2026-08-05T11:55:00Z,47,9.05,,,Provisional/Provisoire,,
05EA002,2026-08-05T12:00:00Z,47,9.04,,,Provisional/Provisoire,,
05EA002,2026-08-05T12:05:00Z,47,9.04,,,Provisional/Provisoire,,
05EA002,2026-08-05T12:10:00Z,47,9.04,,,Provisional/Provisoire,,
05EA002,2026-08-05T12:15:00Z,47,9.04,,,Provisional/Provisoire,,
05EA002,2026-08-05T12:20:00Z,47,9.04,,,Provisional/Provisoire,,
05EA002,2026-08-05T12:25:00Z,47,9.03,,,Provisional/Provisoire,,
05EA002,2026-08-05T12:30:00Z,47,9.03,,,Provisional/Provisoire,,
05EA002,2026-08-05T12:35:00Z,47,9.03,,,Provisional/Provisoire,,
05EA002,2026-08-05T12:40:00Z,47,9.03,,,Provisional/Provisoire,,
05EA002,2026-08-05T12:45:00Z,47,9.02,,,Provisional/Provisoire,,
05EA002,2026-08-05T12:50:00Z,47,9.01,,,Provisional/Provisoire,,
05EA002,2026-08-05T12:55:00Z,47,9.01,,,Provisional/Provisoire,,
05EA002,2026-08-05T13:00:00Z,47,9.01,,,Provisional/Provisoire,,
05EA002,2026-08-05T13:05:00Z,47,9.00,,,Provisional/Provisoire,,
05EA002,2026-08-05T13:10:00Z,47,9.01,,,Provisional/Provisoire,,
05EA002,2026-08-05T13:15:00Z,47,9.01,,,Provisional/Provisoire,,
05EA002,2026-08-05T13:20:00Z,47,9.00,,,Provisional/Provisoire,,
05EA002,2026-08-05T13:25:00Z,47,8.98,,,Provisional/Provisoire,,
05EA002,2026-08-05T13:30:00Z,47,8.98,,,Provisional/Provisoire,,
05EA002,2026-08-05T13:35:00Z,47,8.99,,,Provisional/Provisoire,,
05EA002,2026-08-05T13:40:00Z,47,8.98,,,Provisional/Provisoire,,
05EA002,2026-08-05T13:45:00Z,47,8.97,,,Provisional/Provisoire,,
05EA002,2026-08-05T13:50:00Z,47,8.98,,,Provisional/Provisoire,,
05EA002,2026-08-05T13:55:00Z,47,8.98,,,Provisional/Provisoire,,
05EA002,2026-08-05T14:00:00Z,47,8.98,,,Provisional/Provisoire,,
05EA002,2026-08-05T14:05:00Z,47,8.97,,,Provisional/Provisoire,,
05EA002,2026-08-05T14:10:00Z,47,8.98,,,Provisional/Provisoire,,
05EA002,2026-08-05T14:15:00Z,47,9.00,,,Provisional/Provisoire,,
05EA002,2026-08-05T14:20:00Z,47,8.98,,,Provisional/Provisoire,,
05EA002,2026-08-05T14:25:00Z,47,8.98,,,Provisional/Provisoire,,
05EA002,2026-08-05T14:30:00Z,47,8.98,,,Provisional/Provisoire,,
05EA002,2026-08-05T14:35:00Z,47,8.98,,,Provisional/Provisoire,,
05EA002,2026-08-05T14:40:00Z,47,8.96,,,Provisional/Provisoire,,
05EA002,2026-08-05T14:45:00Z,47,8.98,,,Provisional/Provisoire,,
05EA002,2026-08-05T14:50:00Z,47,8.98,,,Provisional/Provisoire,,
05EA002,2026-08-05T14:55:00Z,47,8.97,,,Provisional/Provisoire,,
05EA002,2026-08-05T15:00:00Z,47,8.98,,,Provisional/Provisoire,,
05EA002,2026-08-05T15:05:00Z,47,8.96,,,Provisional/Provisoire,,
05EA002,2026-08-05T15:10:00Z,47,8.98,,,Provisional/Provisoire,,
05EA002,2026-08-05T15:15:00Z,47,8.96,,,Provisional/Provisoire,,
05EA002,2026-08-05T15:20:00Z,47,8.97,,,Provisional/Provisoire,,
05EA002,2026-08-05T15:25:00Z,47,8.98,,,Provisional/Provisoire,,
05EA002,2026-08-05T15:30:00Z,47,8.97,,,Provisional/Provisoire,,
05EA002,2026-08-05T15:35:00Z,47,8.98,,,Provisional/Provisoire,,
05EA002,2026-08-05T15:40:00Z,47,8.96,,,Provisional/Provisoire,,
05EA002,2026-08-05T15:45:00Z,47,8.97,,,Provisional/Provisoire,,
05EA002,2026-08-05T15:50:00Z,47,8.98,,,Provisional/Provisoire,,
05EA002,2026-08-05T15:55:00Z,47,8.96,,,Provisional/Provisoire,,
05EA002,2026-08-05T16:00:00Z,47,8.96,,,Provisional/Provisoire,,
05EA002,2026-08-05T16:05:00Z,47,8.97,,,Provisional/Provisoire,,
05EA002,2026-08-05T16:10:00Z,47,8.99,,,Provisional/Provisoire,,
05EA002,2026-08-05T16:15:00Z,47,8.97,,,Provisional/Provisoire,,
05EA002,2026-08-05T16:20:00Z,47,8.97,,,Provisional/Provisoire,,
05EA002,2026-08-05T16:25:00Z,47,8.97,,,Provisional/Provisoire,,
05EA002,2026-08-05T16:30:00Z,47,8.99,,,Provisional/Provisoire,,
05EA002,2026-08-05T16:35:00Z,47,8.98,,,Provisional/Provisoire,,
05EA002,2026-08-05T16:40:00Z,47,8.98,,,Provisional/Provisoire,,
05EA002,2026-08-05T16:45:00Z,47,8.97,,,Provisional/Provisoire,,
05EA002,2026-08-05T16:50:00Z,47,8.97,,,Provisional/Provisoire,,
05EA002,2026-08-05T16:55:00Z,47,8.99,,,Provisional/Provisoire,,
05EA002,2026-08-05T17:00:00Z,47,8.98,,,Provisional/Provisoire,,
05EA002,2026-08-05T17:05:00Z,47,8.97,,,Provisional/Provisoire,,
05EA002,2026-08-05T17:10:00Z,47,8.97,,,Provisional/Provisoire,,
05EA002,2026-08-05T17:15:00Z,47,8.97,,,Provisional/Provisoire,,
05EA002,2026-08-05T17:20:00Z,47,8.96,,,Provisional/Provisoire,,
05EA002,2026-08-05T17:25:00Z,47,8.96,,,Provisional/Provisoire,,
05EA002,2026-08-05T17:30:00Z,47,8.96,,,Provisional/Provisoire,,
05EA002,2026-08-05T17:35:00Z,47,8.95,,,Provisional/Provisoire,,
05EA002,2026-08-05T17:40:00Z,47,8.96,,,Provisional/Provisoire,,
05EA002,2026-08-05T17:45:00Z,47,8.95,,,Provisional/Provisoire,,
05EA002,2026-08-05T17:50:00Z,47,8.97,,,Provisional/Provisoire,,
05EA002,2026-08-05T17:55:00Z,47,8.95,,,Provisional/Provisoire,,
05EA002,2026-08-05T18:00:00Z,47,8.95,,,Provisional/Provisoire,,
05EA002,2026-08-05T18:05:00Z,47,8.95,,,Provisional/Provisoire,,
05EA002,2026-08-05T18:10:00Z,47,8.96,,,Provisional/Provisoire,,
05EA002,2026-08-05T18:15:00Z,47,8.93,,,Provisional/Provisoire,,
05EA002,2026-08-05T18:20:00Z,47,8.95,,,Provisional/Provisoire,,
05EA002,2026-08-05T18:25:00Z,47,8.95,,,Provisional/Provisoire,,
05EA002,2026-08-05T18:30:00Z,47,8.96,,,Provisional/Provisoire,,
05EA002,2026-08-05T18:35:00Z,47,8.95,,,Provisional/Provisoire,,
05EA002,2026-08-05T18:40:00Z,47,8.93,,,Provisional/Provisoire,,
05EA002,2026-08-05T18:45:00Z,47,8.93,,,Provisional/Provisoire,,
05EA002,2026-08-05T18:50:00Z,47,8.93,,,Provisional/Provisoire,,
05EA002,2026-08-05T18:55:00Z,47,8.95,,,Provisional/Provisoire,,
05EA002,2026-08-05T19:00:00Z,47,8.96,,,Provisional/Provisoire,,
05EA002,2026-08-05T19:05:00Z,47,8.95,,,Provisional/Provisoire,,
05EA002,2026-08-05T19:10:00Z,47,8.96,,,Provisional/Provisoire,,
05EA002,2026-08-05T19:15:00Z,47,8.98,,,Provisional/Provisoire,,
05EA002,2026-08-05T19:20:00Z,47,8.93,,,Provisional/Provisoire,,
05EA002,2026-08-05T19:25:00Z,47,8.97,,,Provisional/Provisoire,,
05EA002,2026-08-05T19:30:00Z,47,8.93,,,Provisional/Provisoire,,
05EA002,2026-08-05T19:35:00Z,47,8.97,,,Provisional/Provisoire,,
05EA002,2026-08-05T19:40:00Z,47,8.93,,,Provisional/Provisoire,,
05EA002,2026-08-05T19:45:00Z,47,8.93,,,Provisional/Provisoire,,
05EA002,2026-08-05T19:50:00Z,47,8.96,,,Provisional/Provisoire,,
05EA002,2026-08-05T19:55:00Z,47,8.92,,,Provisional/Provisoire,,
05EA002,2026-08-05T20:00:00Z,47,8.92,,,Provisional/Provisoire,,
05EA002,2026-08-05T20:05:00Z,47,8.95,,,Provisional/Provisoire,,
05EA002,2026-08-05T20:10:00Z,47,8.95,,,Provisional/Provisoire,,
05EA002,2026-08-05T20:15:00Z,47,8.96,,,Provisional/Provisoire,,
05EA002,2026-08-05T20:20:00Z,47,8.95,,,Provisional/Provisoire,,
05EA002,2026-08-05T20:25:00Z,47,8.96,,,Provisional/Provisoire,,
05EA002,2026-08-05T20:30:00Z,47,8.93,,,Provisional/Provisoire,,
05EA002,2026-08-05T20:35:00Z,47,8.91,,,Provisional/Provisoire,,
05EA002,2026-08-05T20:40:00Z,47,8.93,,,Provisional/Provisoire,,
05EA002,2026-08-05T20:45:00Z,47,8.92,,,Provisional/Provisoire,,
05EA002,2026-08-05T20:50:00Z,47,8.93,,,Provisional/Provisoire,,
05EA002,2026-08-05T20:55:00Z,47,8.92,,,Provisional/Provisoire,,
05EA002,2026-08-05T21:00:00Z,47,8.92,,,Provisional/Provisoire,,
05EA002,2026-08-05T21:05:00Z,47,8.92,,,Provisional/Provisoire,,
05EA002,2026-08-05T21:10:00Z,47,8.90,,,Provisional/Provisoire,,
05EA002,2026-08-05T21:15:00Z,47,8.90,,,Provisional/Provisoire,,
05EA002,2026-08-05T21:20:00Z,47,8.90,,,Provisional/Provisoire,,
05EA002,2026-08-05T21:25:00Z,47,8.90,,,Provisional/Provisoire,,
05EA002,2026-08-05T21:30:00Z,47,8.87,,,Provisional/Provisoire,,
05EA002,2026-08-05T21:35:00Z,47,8.88,,,Provisional/Provisoire,,
05EA002,2026-08-05T21:40:00Z,47,8.87,,,Provisional/Provisoire,,
05EA002,2026-08-05T21:45:00Z,47,8.87,,,Provisional/Provisoire,,
05EA002,2026-08-05T21:50:00Z,47,8.89,,,Provisional/Provisoire,,
05EA002,2026-08-05T21:55:00Z,47,8.89,,,Provisional/Provisoire,,
05EA002,2026-08-05T22:00:00Z,47,8.86,,,Provisional/Provisoire,,
05EA002,2026-08-05T22:05:00Z,47,8.86,,,Provisional/Provisoire,,
05EA002,2026-08-05T22:10:00Z,47,8.90,,,Provisional/Provisoire,,
05EA002,2026-08-05T22:15:00Z,47,8.87,,,Provisional/Provisoire,,
05EA002,2026-08-05T22:20:00Z,47,8.88,,,Provisional/Provisoire,,
05EA002,2026-08-05T22:25:00Z,47,8.87,,,Provisional/Provisoire,,
05EA002,2026-08-05T22:30:00Z,47,8.85,,,Provisional/Provisoire,,
05EA002,2026-08-05T22:35:00Z,47,8.85,,,Provisional/Provisoire,,
05EA002,2026-08-05T22:40:00Z,47,8.86,,,Provisional/Provisoire,,
05EA002,2026-08-05T22:45:00Z,47,8.87,,,Provisional/Provisoire,,
05EA002,2026-08-05T22:50:00Z,47,8.85,,,Provisional/Provisoire,,
05EA002,2026-08-05T22:55:00Z,47,8.83,,,Provisional/Provisoire,,
05EA002,2026-08-05T23:00:00Z,47,8.84,,,Provisional/Provisoire,,
05EA002,2026-08-05T23:05:00Z,47,8.85,,,Provisional/Provisoire,,
05EA002,2026-08-05T23:10:00Z,47,8.85,,,Provisional/Provisoire,,
05EA002,2026-08-05T23:15:00Z,47,8.86,,,Provisional/Provisoire,,
05EA002,2026-08-05T23:20:00Z,47,8.84,,,Provisional/Provisoire,,
05EA002,2026-08-05T23:25:00Z,47,8.83,,,Provisional/Provisoire,,
05EA002,2026-08-05T23:30:00Z,47,8.80,,,Provisional/Provisoire,,
05EA002,2026-08-05T23:35:00Z,47,8.83,,,Provisional/Provisoire,,
05EA002,2026-08-05T23:40:00Z,47,8.82,,,Provisional/Provisoire,,
05EA002,2026-08-05T23:45:00Z,47,8.83,,,Provisional/Provisoire,,
05EA002,2026-08-05T23:50:00Z,47,8.82,,,Provisional/Provisoire,,
05EA002,2026-08-05T23:55:00Z,47,8.84,,,Provisional/Provisoire,,
05EA002,2026-08-06T00:00:00Z,47,8.84,,,Provisional/Provisoire,,
05EA002,2026-08-06T00:05:00Z,47,8.85,,,Provisional/Provisoire,,
05EA002,2026-08-06T00:10:00Z,47,8.84,,,Provisional/Provisoire,,
05EA002,2026-08-06T00:15:00Z,47,8.87,,,Provisional/Provisoire,,
05EA002,2026-08-06T00:20:00Z,47,8.86,,,Provisional/Provisoire,,
05EA002,2026-08-06T00:25:00Z,47,8.86,,,Provisional/Provisoire,,
05EA002,2026-08-06T00:30:00Z,47,8.85,,,Provisional/Provisoire,,
05EA002,2026-08-06T00:35:00Z,47,8.86,,,Provisional/Provisoire,,
05EA002,2026-08-06T00:40:00Z,47,8.85,,,Provisional/Provisoire,,
05EA002,2026-08-06T00:45:00Z,47,8.85,,,Provisional/Provisoire,,
05EA002,2026-08-06T00:50:00Z,47,8.86,,,Provisional/Provisoire,,
05EA002,2026-08-06T00:55:00Z,47,8.85,,,Provisional/Provisoire,,
05EA002,2026-08-06T01:00:00Z,47,8.83,,,Provisional/Provisoire,,
05EA002,2026-08-06T01:05:00Z,47,8.85,,,Provisional/Provisoire,,
05EA002,2026-08-06T01:10:00Z,47,8.85,,,Provisional/Provisoire,,
05EA002,2026-08-06T01:15:00Z,47,8.84,,,Provisional/Provisoire,,
05EA002,2026-08-06T01:20:00Z,47,8.83,,,Provisional/Provisoire,,
05EA002,2026-08-06T01:25:00Z,47,8.83,,,Provisional/Provisoire,,
05EA002,2026-08-06T01:30:00Z,47,8.82,,,Provisional/Provisoire,,
05EA002,2026-08-06T01:35:00Z,47,8.82,,,Provisional/Provisoire,,
05EA002,2026-08-06T01:40:00Z,47,8.80,,,Provisional/Provisoire,,
05EA002,2026-08-06T01:45:00Z,47,8.80,,,Provisional/Provisoire,,
05EA002,2026-08-06T01:50:00Z,47,8.78,,,Provisional/Provisoire,,
05EA002,2026-08-06T01:55:00Z,47,8.77,,,Provisional/Provisoire,,
05EA002,2026-08-06T02:00:00Z,47,8.78,,,Provisional/Provisoire,,
05EA002,2026-08-06T02:05:00Z,47,8.79,,,Provisional/Provisoire,,
05EA002,2026-08-06T02:10:00Z,47,8.76,,,Provisional/Provisoire,,
05EA002,2026-08-06T02:15:00Z,47,8.77,,,Provisional/Provisoire,,
05EA002,2026-08-06T02:20:00Z,47,8.77,,,Provisional/Provisoire,,
05EA002,2026-08-06T02:25:00Z,47,8.76,,,Provisional/Provisoire,,
05EA002,2026-08-06T02:30:00Z,47,8.77,,,Provisional/Provisoire,,
05EA002,2026-08-06T02:35:00Z,47,8.76,,,Provisional/Provisoire,,
05EA002,2026-08-06T02:40:00Z,47,8.75,,,Provisional/Provisoire,,
05EA002,2026-08-06T02:45:00Z,47,8.74,,,Provisional/Provisoire,,
05EA002,2026-08-06T02:50:00Z,47,8.76,,,Provisional/Provisoire,,
05EA002,2026-08-06T02:55:00Z,47,8.75,,,Provisional/Provisoire,,
05EA002,2026-08-06T03:00:00Z,47,8.75,,,Provisional/Provisoire,,
05EA002,2026-08-06T03:05:00Z,47,8.74,,,Provisional/Provisoire,,
05EA002,2026-08-06T03:10:00Z,47,8.74,,,Provisional/Provisoire,,
05EA002,2026-08-06T03:15:00Z,47,8.75,,,Provisional/Provisoire,,
05EA002,2026-08-06T03:20:00Z,47,8.75,,,Provisional/Provisoire,,
05EA002,2026-08-06T03:25:00Z,47,8.75,,,Provisional/Provisoire,,
05EA002,2026-08-06T03:30:00Z,47,8.75,,,Provisional/Provisoire,,
05EA002,2026-08-06T03:35:00Z,47,8.74,,,Provisional/Provisoire,,
05EA002,2026-08-06T03:40:00Z,47,8.76,,,Provisional/Provisoire,,
05EA002,2026-08-06T03:45:00Z,47,8.75,,,Provisional/Provisoire,,
05EA002,2026-08-06T03:50:00Z,47,8.76,,,Provisional/Provisoire,,
05EA002,2026-08-06T03:55:00Z,47,8.74,,,Provisional/Provisoire,,
05EA002,2026-08-06T04:00:00Z,47,8.75,,,Provisional/Provisoire,,
05EA002,2026-08-06T04:05:00Z,47,8.75,,,Provisional/Provisoire,,
05EA002,2026-08-06T04:10:00Z,47,8.75,,,Provisional/Provisoire,,
05EA002,2026-08-06T04:15:00Z,47,8.76,,,Provisional/Provisoire,,
05EA002,2026-08-06T04:20:00Z,47,8.75,,,Provisional/Provisoire,,
05EA002,2026-08-06T04:25:00Z,47,8.76,,,Provisional/Provisoire,,
05EA002,2026-08-06T04:30:00Z,47,8.76,,,Provisional/Provisoire,,
05EA002,2026-08-06T04:35:00Z,47,8.75,,,Provisional/Provisoire,,
05EA002,2026-08-06T04:40:00Z,47,8.75,,,Provisional/Provisoire,,
05EA002,2026-08-06T04:45:00Z,47,8.75,,,Provisional/Provisoire,,
05EA002,2026-08-06T04:50:00Z,47,8.74,,,Provisional/Provisoire,,
05EA002,2026-08-06T04:55:00Z,47,8.76,,,Provisional/Provisoire,,
05EA002,2026-08-06T05:00:00Z,47,8.77,,,Provisional/Provisoire,,
05EA002,2026-08-06T05:05:00Z,47,8.78,,,Provisional/Provisoire,,
05EA002,2026-08-06T05:10:00Z,47,8.79,,,Provisional/Provisoire,,
05EA002,2026-08-06T05:15:00Z,47,8.78,,,Provisional/Provisoire,,
05EA002,2026-08-06T05:20:00Z,47,8.79,,,Provisional/Provisoire,,
05EA002,2026-08-06T05:25:00Z,47,8.80,,,Provisional/Provisoire,,
05EA002,2026-08-06T05:30:00Z,47,8.80,,,Provisional/Provisoire,,
05EA002,2026-08-06T05:35:00Z,47,8.80,,,Provisional/Provisoire,,
05EA002,2026-08-06T05:40:00Z,47,8.82,,,Provisional/Provisoire,,
05EA002,2026-08-06T05:45:00Z,47,8.82,,,Provisional/Provisoire,,
05EA002,2026-08-06T05:50:00Z,47,8.82,,,Provisional/Provisoire,,
05EA002,2026-08-06T05:55:00Z,47,8.80,,,Provisional/Provisoire,,
05EA002,2026-08-06T06:00:00Z,47,8.79,,,Provisional/Provisoire,,
05EA002,2026-08-06T06:05:00Z,47,8.82,,,Provisional/Provisoire,,
05EA002,2026-08-06T06:10:00Z,47,8.82,,,Provisional/Provisoire,,
05EA002,2026-08-06T06:15:00Z,47,8.77,,,Provisional/Provisoire,,
05EA002,2026-08-06T06:20:00Z,47,8.80,,,Provisional/Provisoire,,
05EA002,2026-08-06T06:25:00Z,47,8.71,,,Provisional/Provisoire,,
05EA002,2026-08-06T06:30:00Z,47,8.63,,,Provisional/Provisoire,,
05EA002,2026-08-06T06:35:00Z,47,8.62,,,Provisional/Provisoire,,
05EA002,2026-08-06T06:40:00Z,47,8.65,,,Provisional/Provisoire,,
05EA002,2026-08-06T06:45:00Z,47,8.65,,,Provisional/Provisoire,,
05EA002,2026-08-06T06:50:00Z,47,8.64,,,Provisional/Provisoire,,
05EA002,2026-08-06T06:55:00Z,47,8.62,,,Provisional/Provisoire,,
05EA002,2026-08-06T07:00:00Z,47,8.63,,,Provisional/Provisoire,,
05EA002,2026-08-06T07:05:00Z,47,8.58,,,Provisional/Provisoire,,
05EA002,2026-08-06T07:10:00Z,47,8.56,,,Provisional/Provisoire,,
05EA002,2026-08-06T07:15:00Z,47,8.57,,,Provisional/Provisoire,,
05EA002,2026-08-06T07:20:00Z,47,8.57,,,Provisional/Provisoire,,
05EA002,2026-08-06T07:25:00Z,47,8.57,,,Provisional/Provisoire,,
05EA002,2026-08-06T07:30:00Z,47,8.58,,,Provisional/Provisoire,,
05EA002,2026-08-06T07:35:00Z,47,8.57,,,Provisional/Provisoire,,
05EA002,2026-08-06T07:40:00Z,47,8.58,,,Provisional/Provisoire,,
05EA002,2026-08-06T07:45:00Z,47,8.58,,,Provisional/Provisoire,,
05EA002,2026-08-06T07:50:00Z,47,8.58,,,Provisional/Provisoire,,
05EA002,2026-08-06T07:55:00Z,47,8.56,,,Provisional/Provisoire,,
05EA002,2026-08-06T08:00:00Z,47,8.56,,,Provisional/Provisoire,,
05EA002,2026-08-06T08:05:00Z,47,8.57,,,Provisional/Provisoire,,
05EA002,2026-08-06T08:10:00Z,47,8.57,,,Provisional/Provisoire,,
05EA002,2026-08-06T08:15:00Z,47,8.57,,,Provisional/Provisoire,,
05EA002,2026-08-06T08:20:00Z,47,8.59,,,Provisional/Provisoire,,
05EA002,2026-08-06T08:25:00Z,47,8.60,,,Provisional/Provisoire,,
05EA002,2026-08-06T08:30:00Z,47,8.62,,,Provisional/Provisoire,,
05EA002,2026-08-06T08:35:00Z,47,8.63,,,Provisional/Provisoire,,
05EA002,2026-08-06T08:40:00Z,47,8.64,,,Provisional/Provisoire,,
05EA002,2026-08-06T08:45:00Z,47,8.64,,,Provisional/Provisoire,,
05EA002,2026-08-06T08:50:00Z,47,8.67,,,Provisional/Provisoire,,
05EA002,2026-08-06T08:55:00Z,47,8.62,,,Provisional/Provisoire,,
05EA002,2026-08-06T09:00:00Z,47,8.65,,,Provisional/Provisoire,,
05EA002,2026-08-06T09:05:00Z,47,8.67,,,Provisional/Provisoire,,
05EA002,2026-08-06T09:10:00Z,47,8.67,,,Provisional/Provisoire,,
05EA002,2026-08-06T09:15:00Z,47,8.67,,,Provisional/Provisoire,,
05EA002,2026-08-06T09:20:00Z,47,8.65,,,Provisional/Provisoire,,
05EA002,2026-08-06T09:25:00Z,47,8.67,,,Provisional/Provisoire,,
05EA002,2026-08-06T09:30:00Z,47,8.68,,,Provisional/Provisoire,,
05EA002,2026-08-06T09:35:00Z,47,8.65,,,Provisional/Provisoire,,
05EA002,2026-08-06T09:40:00Z,47,8.64,,,Provisional/Provisoire,,
05EA002,2026-08-06T09:45:00Z,47,8.65,,,Provisional/Provisoire,,
05EA002,2026-08-06T09:50:00Z,47,8.64,,,Provisional/Provisoire,,
05EA002,2026-08-06T09:55:00Z,47,8.64,,,Provisional/Provisoire,,
05EA002,2026-08-06T10:00:00Z,47,8.63,,,Provisional/Provisoire,,
05EA002,2026-08-06T10:05:00Z,47,8.63,,,Provisional/Provisoire,,
05EA002,2026-08-06T10:10:00Z,47,8.65,,,Provisional/Provisoire,,
05EA002,2026-08-06T10:15:00Z,47,8.64,,,Provisional/Provisoire,,
05EA002,2026-08-06T10:20:00Z,47,8.63,,,Provisional/Provisoire,,
05EA002,2026-08-06T10:25:00Z,47,8.63,,,Provisional/Provisoire,,
05EA002,2026-08-06T10:30:00Z,47,8.64,,,Provisional/Provisoire,,
05EA002,2026-08-06T10:35:00Z,47,8.65,,,Provisional/Provisoire,,
05EA002,2026-08-06T10:40:00Z,47,8.64,,,Provisional/Provisoire,,
05EA002,2026-08-06T10:45:00Z,47,8.65,,,Provisional/Provisoire,,
05EA002,2026-08-06T10:50:00Z,47,8.63,,,Provisional/Provisoire,,
05EA002,2026-08-06T10:55:00Z,47,8.63,,,Provisional/Provisoire,,
05EA002,2026-08-06T11:00:00Z,47,8.63,,,Provisional/Provisoire,,
05EA002,2026-08-06T11:05:00Z,47,8.63,,,Provisional/Provisoire,,
05EA002,2026-08-06T11:10:00Z,47,8.63,,,Provisional/Provisoire,,
05EA002,2026-08-06T11:15:00Z,47,8.63,,,Provisional/Provisoire,,
05EA002,2026-08-06T11:20:00Z,47,8.62,,,Provisional/Provisoire,,
05EA002,2026-08-06T11:25:00Z,47,8.64,,,Provisional/Provisoire,,
05EA002,2026-08-06T11:30:00Z,47,8.63,,,Provisional/Provisoire,,
05EA002,2026-08-06T11:35:00Z,47,8.62,,,Provisional/Provisoire,,
05EA002,2026-08-06T11:40:00Z,47,8.61,,,Provisional/Provisoire,,
05EA002,2026-08-06T11:45:00Z,47,8.63,,,Provisional/Provisoire,,
05EA002,2026-08-06T11:50:00Z,47,8.61,,,Provisional/Provisoire,,
05EA002,2026-08-06T11:55:00Z,47,8.62,,,Provisional/Provisoire,,
05EA002,2026-08-06T12:00:00Z,47,8.61,,,Provisional/Provisoire,,
05EA002,2026-08-06T12:05:00Z,47,8.60,,,Provisional/Provisoire,,
05EA002,2026-08-06T12:10:00Z,47,8.59,,,Provisional/Provisoire,,
05EA002,2026-08-06T12:15:00Z,47,8.58,,,Provisional/Provisoire,,
05EA002,2026-08-06T12:20:00Z,47,8.56,,,Provisional/Provisoire,,
05EA002,2026-08-06T12:25:00Z,47,8.58,,,Provisional/Provisoire,,
05EA002,2026-08-06T12:30:00Z,47,8.57,,,Provisional/Provisoire,,
05EA002,2026-08-06T12:35:00Z,47,8.58,,,Provisional/Provisoire,,
05EA002,2026-08-06T12:40:00Z,47,8.56,,,Provisional/Provisoire,,
05EA002,2026-08-06T12:45:00Z,47,8.58,,,Provisional/Provisoire,,
05EA002,2026-08-06T12:50:00Z,47,8.59,,,Provisional/Provisoire,,
05EA002,2026-08-06T12:55:00Z,47,8.59,,,Provisional/Provisoire,,
05EA002,2026-08-06T13:00:00Z,47,8.57,,,Provisional/Provisoire,,
05EA002,2026-08-06T13:05:00Z,47,8.58,,,Provisional/Provisoire,,
05EA002,2026-08-06T13:10:00Z,47,8.57,,,Provisional/Provisoire,,
05EA002,2026-08-06T13:15:00Z,47,8.58,,,Provisional/Provisoire,,
05EA002,2026-08-06T13:20:00Z,47,8.57,,,Provisional/Provisoire,,
05EA002,2026-08-06T13:25:00Z,47,8.58,,,Provisional/Provisoire,,
05EA002,2026-08-06T13:30:00Z,47,8.58,,,Provisional/Provisoire,,
05EA002,2026-08-06T13:35:00Z,47,8.58,,,Provisional/Provisoire,,
05EA002,2026-08-06T13:40:00Z,47,8.58,,,Provisional/Provisoire,,
05EA002,2026-08-06T13:45:00Z,47,8.59,,,Provisional/Provisoire,,
05EA002,2026-08-06T13:50:00Z,47,8.58,,,Provisional/Provisoire,,
05EA002,2026-08-06T13:55:00Z,47,8.59,,,Provisional/Provisoire,,
05EA002,2026-08-06T14:00:00Z,47,8.58,,,Provisional/Provisoire,,
05EA002,2026-08-06T14:05:00Z,47,8.58,,,Provisional/Provisoire,,
05EA002,2026-08-06T14:10:00Z,47,8.58,,,Provisional/Provisoire,,
05EA002,2026-08-06T14:15:00Z,47,8.58,,,Provisional/Provisoire,,
05EA002,2026-08-06T14:20:00Z,47,8.58,,,Provisional/Provisoire,,
05EA002,2026-08-06T14:25:00Z,47,8.57,,,Provisional/Provisoire,,
05EA002,2026-08-06T14:30:00Z,47,8.58,,,Provisional/Provisoire,,
05EA002,2026-08-06T14:35:00Z,47,8.57,,,Provisional/Provisoire,,
05EA002,2026-08-06T14:40:00Z,47,8.57,,,Provisional/Provisoire,,
05EA002,2026-08-06T14:45:00Z,47,8.58,,,Provisional/Provisoire,,
05EA002,2026-08-06T14:50:00Z,47,8.57,,,Provisional/Provisoire,,
05EA002,2026-08-06T14:55:00Z,47,8.56,,,Provisional/Provisoire,,
05EA002,2026-08-06T15:00:00Z,47,8.54,,,Provisional/Provisoire,,
05EA002,2026-08-06T15:05:00Z,47,8.56,,,Provisional/Provisoire,,
05EA002,2026-08-06T15:10:00Z,47,8.54,,,Provisional/Provisoire,,
05EA002,2026-08-06T15:15:00Z,47,8.54,,,Provisional/Provisoire,,
05EA002,2026-08-06T15:20:00Z,47,8.53,,,Provisional/Provisoire,,
05EA002,2026-08-06T15:25:00Z,47,8.52,,,Provisional/Provisoire,,
05EA002,2026-08-06T15:30:00Z,47,8.53,,,Provisional/Provisoire,,
05EA002,2026-08-06T15:35:00Z,47,8.51,,,Provisional/Provisoire,,
05EA002,2026-08-06T15:40:00Z,47,8.52,,,Provisional/Provisoire,,
05EA002,2026-08-06T15:45:00Z,47,8.52,,,Provisional/Provisoire,,
05EA002,2026-08-06T15:50:00Z,47,8.47,,,Provisional/Provisoire,,
05EA002,2026-08-06T15:55:00Z,47,8.51,,,Provisional/Provisoire,,
05EA002,2026-08-06T16:00:00Z,47,8.49,,,Provisional/Provisoire,,
05EA002,2026-08-06T16:05:00Z,47,8.51,,,Provisional/Provisoire,,
05EA002,2026-08-06T16:10:00Z,47,8.49,,,Provisional/Provisoire,,
05EA002,2026-08-06T16:15:00Z,47,8.51,,,Provisional/Provisoire,,
05EA002,2026-08-06T16:20:00Z,47,8.48,,,Provisional/Provisoire,,
05EA002,2026-08-06T16:25:00Z,47,8.49,,,Provisional/Provisoire,,
05EA002,2026-08-06T16:30:00Z,47,8.48,,,Provisional/Provisoire,,
05EA002,2026-08-06T16:35:00Z,47,8.49,,,Provisional/Provisoire,,
05EA002,2026-08-06T16:40:00Z,47,8.52,,,Provisional/Provisoire,,
05EA002,2026-08-06T16:45:00Z,47,8.51,,,Provisional/Provisoire,,
05EA002,2026-08-06T16:50:00Z,47,8.48,,,Provisional/Provisoire,,
05EA002,2026-08-06T16:55:00Z,47,8.49,,,Provisional/Provisoire,,
05EA002,2026-08-06T17:00:00Z,47,8.52,,,Provisional/Provisoire,,
05EA002,2026-08-06T17:05:00Z,47,8.48,,,Provisional/Provisoire,,
05EA002,2026-08-06T17:10:00Z,47,8.49,,,Provisional/Provisoire,,
05EA002,2026-08-06T17:15:00Z,47,8.48,,,Provisional/Provisoire,,
05EA002,2026-08-06T17:20:00Z,47,8.49,,,Provisional/Provisoire,,
05EA002,2026-08-06T17:25:00Z,47,8.47,,,Provisional/Provisoire,,
05EA002,2026-08-06T17:30:00Z,47,8.48,,,Provisional/Provisoire,,
05EA002,2026-08-06T17:35:00Z,47,8.47,,,Provisional/Provisoire,,
05EA002,2026-08-06T17:40:00Z,47,8.49,,,Provisional/Provisoire,,
05EA002,2026-08-06T17:45:00Z,47,8.46,,,Provisional/Provisoire,,
05EA002,2026-08-06T17:50:00Z,47,8.46,,,Provisional/Provisoire,,
05EA002,2026-08-06T17:55:00Z,47,8.48,,,Provisional/Provisoire,,
05EA002,2026-08-06T18:00:00Z,47,8.47,,,Provisional/Provisoire,,
05EA002,2026-08-06T18:05:00Z,47,8.44,,,Provisional/Provisoire,,
05EA002,2026-08-06T18:10:00Z,47,8.45,,,Provisional/Provisoire,,
05EA002,2026-08-06T18:15:00Z,47,8.45,,,Provisional/Provisoire,,
05EA002,2026-08-06T18:20:00Z,47,8.46,,,Provisional/Provisoire,,
05EA002,2026-08-06T18:25:00Z,47,8.46,,,Provisional/Provisoire,,
05EA002,2026-08-06T18:30:00Z,47,8.45,,,Provisional/Provisoire,,
05EA002,2026-08-06T18:35:00Z,47,8.45,,,Provisional/Provisoire,,
05EA002,2026-08-06T18:40:00Z,47,8.46,,,Provisional/Provisoire,,
05EA002,2026-08-06T18:45:00Z,47,8.49,,,Provisional/Provisoire,,
05EA002,2026-08-06T18:50:00Z,47,8.49,,,Provisional/Provisoire,,
05EA002,2026-08-06T18:55:00Z,47,8.52,,,Provisional/Provisoire,,
05EA002,2026-08-06T19:00:00Z,47,8.51,,,Provisional/Provisoire,,
05EA002,2026-08-06T19:05:00Z,47,8.51,,,Provisional/Provisoire,,
05EA002,2026-08-06T19:10:00Z,47,8.48,,,Provisional/Provisoire,,
05EA002,2026-08-06T19:15:00Z,47,8.47,,,Provisional/Provisoire,,
05EA002,2026-08-06T19:20:00Z,47,8.45,,,Provisional/Provisoire,,
05EA002,2026-08-06T19:25:00Z,47,8.46,,,Provisional/Provisoire,,
05EA002,2026-08-06T19:30:00Z,47,8.47,,,Provisional/Provisoire,,
05EA002,2026-08-06T19:35:00Z,47,8.46,,,Provisional/Provisoire,,
05EA002,2026-08-06T19:40:00Z,47,8.47,,,Provisional/Provisoire,,
05EA002,2026-08-06T19:45:00Z,47,8.47,,,Provisional/Provisoire,,
05EA002,2026-08-06T19:50:00Z,47,8.47,,,Provisional/Provisoire,,
05EA002,2026-08-06T19:55:00Z,47,8.47,,,Provisional/Provisoire,,
05EA002,2026-08-06T20:00:00Z,47,8.49,,,Provisional/Provisoire,,
05EA002,2026-08-06T20:05:00Z,47,8.48,,,Provisional/Provisoire,,
05EA002,2026-08-06T20:10:00Z,47,8.47,,,Provisional/Provisoire,,
05EA002,2026-08-06T20:15:00Z,47,8.46,,,Provisional/Provisoire,,
05EA002,2026-08-06T20:20:00Z,47,8.47,,,Provisional/Provisoire,,
05EA002,2026-08-06T20:25:00Z,47,8.44,,,Provisional/Provisoire,,
05EA002,2026-08-06T20:30:00Z,47,8.42,,,Provisional/Provisoire,,
05EA002,2026-08-06T20:35:00Z,47,8.44,,,Provisional/Provisoire,,
05EA002,2026-08-06T20:40:00Z,47,8.43,,,Provisional/Provisoire,,
05EA002,2026-08-06T20:45:00Z,47,8.43,,,Provisional/Provisoire,,
05EA002,2026-08-06T20:50:00Z,47,8.42,,,Provisional/Provisoire,,
05EA002,2026-08-06T20:55:00Z,47,8.41,,,Provisional/Provisoire,,
05EA002,2026-08-06T21:00:00Z,47,8.40,,,Provisional/Provisoire,,
05EA002,2026-08-06T21:05:00Z,47,8.43,,,Provisional/Provisoire,,
05EA002,2026-08-06T21:10:00Z,47,8.41,,,Provisional/Provisoire,,
05EA002,2026-08-06T21:15:00Z,47,8.41,,,Provisional/Provisoire,,
05EA002,2026-08-06T21:20:00Z,47,8.41,,,Provisional/Provisoire,,
05EA002,2026-08-06T21:25:00Z,47,8.39,,,Provisional/Provisoire,,
05EA002,2026-08-06T21:30:00Z,47,8.38,,,Provisional/Provisoire,,
05EA002,2026-08-06T21:35:00Z,47,8.39,,,Provisional/Provisoire,,
05EA002,2026-08-06T21:40:00Z,47,8.39,,,Provisional/Provisoire,,
05EA002,2026-08-06T21:45:00Z,47,8.38,,,Provisional/Provisoire,,
05EA002,2026-08-06T21:50:00Z,47,8.37,,,Provisional/Provisoire,,
05EA002,2026-08-06T21:55:00Z,47,8.38,,,Provisional/Provisoire,,
05EA002,2026-08-06T22:00:00Z,47,8.37,,,Provisional/Provisoire,,
05EA002,2026-08-06T22:05:00Z,47,8.37,,,Provisional/Provisoire,,
05EA002,2026-08-06T22:10:00Z,47,8.35,,,Provisional/Provisoire,,
05EA002,2026-08-06T22:15:00Z,47,8.35,,,Provisional/Provisoire,,
05EA002,2026-08-06T22:20:00Z,47,8.33,,,Provisional/Provisoire,,
05EA002,2026-08-06T22:25:00Z,47,8.33,,,Provisional/Provisoire,,
05EA002,2026-08-06T22:30:00Z,47,8.34,,,Provisional/Provisoire,,
05EA002,2026-08-06T22:35:00Z,47,8.34,,,Provisional/Provisoire,,
05EA002,2026-08-06T22:40:00Z,47,8.32,,,Provisional/Provisoire,,
05EA002,2026-08-06T22:45:00Z,47,8.33,,,Provisional/Provisoire,,
05EA002,2026-08-06T22:50:00Z,47,8.34,,,Provisional/Provisoire,,
05EA002,2026-08-06T22:55:00Z,47,8.33,,,Provisional/Provisoire,,
05EA002,2026-08-06T23:00:00Z,47,8.32,,,Provisional/Provisoire,,
05EA002,2026-08-06T23:05:00Z,47,8.29,,,Provisional/Provisoire,,
05EA002,2026-08-06T23:10:00Z,47,8.29,,,Provisional/Provisoire,,
05EA002,2026-08-06T23:15:00Z,47,8.28,,,Provisional/Provisoire,,
05EA002,2026-08-06T23:20:00Z,47,8.28,,,Provisional/Provisoire,,
05EA002,2026-08-06T23:25:00Z,47,8.27,,,Provisional/Provisoire,,
05EA002,2026-08-06T23:30:00Z,47,8.28,,,Provisional/Provisoire,,
05EA002,2026-08-06T23:35:00Z,47,8.29,,,Provisional/Provisoire,,
05EA002,2026-08-06T23:40:00Z,47,8.28,,,Provisional/Provisoire,,
05EA002,2026-08-06T23:45:00Z,47,8.29,,,Provisional/Provisoire,,
05EA002,2026-08-06T23:50:00Z,47,8.27,,,Provisional/Provisoire,,
05EA002,2026-08-06T23:55:00Z,47,8.26,,,Provisional/Provisoire,,
05EA002,2026-08-07T00:00:00Z,47,8.27,,,Provisional/Provisoire,,
05EA002,2026-08-07T00:05:00Z,47,8.26,,,Provisional/Provisoire,,
05EA002,2026-08-07T00:10:00Z,47,8.28,,,Provisional/Provisoire,,
05EA002,2026-08-07T00:15:00Z,47,8.29,,,Provisional/Provisoire,,
05EA002,2026-08-07T00:20:00Z,47,8.28,,,Provisional/Provisoire,,
05EA002,2026-08-07T00:25:00Z,47,8.26,,,Provisional/Provisoire,,
05EA002,2026-08-07T00:30:00Z,47,8.26,,,Provisional/Provisoire,,
05EA002,2026-08-07T00:35:00Z,47,8.27,,,Provisional/Provisoire,,
05EA002,2026-08-07T00:40:00Z,47,8.27,,,Provisional/Provisoire,,
05EA002,2026-08-07T00:45:00Z,47,8.25,,,Provisional/Provisoire,,
05EA002,2026-08-07T00:50:00Z,47,8.25,,,Provisional/Provisoire,,
05EA002,2026-08-07T00:55:00Z,47,8.27,,,Provisional/Provisoire,,
05EA002,2026-08-07T01:00:00Z,47,8.26,,,Provisional/Provisoire,,
05EA002,2026-08-07T01:05:00Z,47,8.26,,,Provisional/Provisoire,,
05EA002,2026-08-07T01:10:00Z,47,8.25,,,Provisional/Provisoire,,
05EA002,2026-08-07T01:15:00Z,47,8.26,,,Provisional/Provisoire,,
05EA002,2026-08-07T01:20:00Z,47,8.25,,,Provisional/Provisoire,,
05EA002,2026-08-07T01:25:00Z,47,8.23,,,Provisional/Provisoire,,
05EA002,2026-08-07T01:30:00Z,47,8.23,,,Provisional/Provisoire,,
05EA002,2026-08-07T01:35:00Z,47,8.23,,,Provisional/Provisoire,,
05EA002,2026-08-07T01:40:00Z,47,8.24,,,Provisional/Provisoire,,
05EA002,2026-08-07T01:45:00Z,47,8.23,,,Provisional/Provisoire,,
05EA002,2026-08-07T01:50:00Z,47,8.23,,,Provisional/Provisoire,,
05EA002,2026-08-07T01:55:00Z,47,8.21,,,Provisional/Provisoire,,
05EA002,2026-08-07T02:00:00Z,47,8.21,,,Provisional/Provisoire,,
05EA002,2026-08-07T02:05:00Z,47,8.22,,,Provisional/Provisoire,,
05EA002,2026-08-07T02:10:00Z,47,8.23,,,Provisional/Provisoire,,
05EA002,2026-08-07T02:15:00Z,47,8.23,,,Provisional/Provisoire,,
05EA002,2026-08-07T02:20:00Z,47,8.23,,,Provisional/Provisoire,,
05EA002,2026-08-07T02:25:00Z,47,8.22,,,Provisional/Provisoire,,
05EA002,2026-08-07T02:30:00Z,47,8.21,,,Provisional/Provisoire,,
05EA002,2026-08-07T02:35:00Z,47,8.23,,,Provisional/Provisoire,,
05EA002,2026-08-07T02:40:00Z,47,8.21,,,Provisional/Provisoire,,
05EA002,2026-08-07T02:45:00Z,47,8.22,,,Provisional/Provisoire,,
05EA002,2026-08-07T02:50:00Z,47,8.21,,,Provisional/Provisoire,,
05EA002,2026-08-07T02:55:00Z,47,8.22,,,Provisional/Provisoire,,
05EA002,2026-08-07T03:00:00Z,47,8.22,,,Provisional/Provisoire,,
05EA002,2026-08-07T03:05:00Z,47,8.22,,,Provisional/Provisoire,,
05EA002,2026-08-07T03:10:00Z,47,8.22,,,Provisional/Provisoire,,
05EA002,2026-08-07T03:15:00Z,47,8.22,,,Provisional/Provisoire,,
05EA002,2026-08-07T03:20:00Z,47,8.22,,,Provisional/Provisoire,,
05EA002,2026-08-07T03:25:00Z,47,8.23,,,Provisional/Provisoire,,
05EA002,2026-08-07T03:30:00Z,47,8.21,,,Provisional/Provisoire,,
05EA002,2026-08-07T03:35:00Z,47,8.24,,,Provisional/Provisoire,,
05EA002,2026-08-07T03:40:00Z,47,8.22,,,Provisional/Provisoire,,
05EA002,2026-08-07T03:45:00Z,47,8.23,,,Provisional/Provisoire,,
05EA002,2026-08-07T03:50:00Z,47,8.23,,,Provisional/Provisoire,,
05EA002,2026-08-07T03:55:00Z,47,8.23,,,Provisional/Provisoire,,
05EA002,2026-08-07T04:00:00Z,47,8.21,,,Provisional/Provisoire,,
05EA002,2026-08-07T04:05:00Z,47,8.21,,,Provisional/Provisoire,,
05EA002,2026-08-07T04:10:00Z,47,8.22,,,Provisional/Provisoire,,
05EA002,2026-08-07T04:15:00Z,47,8.23,,,Provisional/Provisoire,,
05EA002,2026-08-07T04:20:00Z,47,8.21,,,Provisional/Provisoire,,
05EA002,2026-08-07T04:25:00Z,47,8.22,,,Provisional/Provisoire,,
05EA002,2026-08-07T04:30:00Z,47,8.23,,,Provisional/Provisoire,,
05EA002,2026-08-07T04:35:00Z,47,8.22,,,Provisional/Provisoire,,
05EA002,2026-08-07T04:40:00Z,47,8.22,,,Provisional/Provisoire,,
05EA002,2026-08-07T04:45:00Z,47,8.22,,,Provisional/Provisoire,,
05EA002,2026-08-07T04:50:00Z,47,8.21,,,Provisional/Provisoire,,
05EA002,2026-08-07T04:55:00Z,47,8.21,,,Provisional/Provisoire,,
05EA002,2026-08-07T05:00:00Z,47,8.21,,,Provisional/Provisoire,,
05EA002,2026-08-07T05:05:00Z,47,8.20,,,Provisional/Provisoire,,
05EA002,2026-08-07T05:10:00Z,47,8.20,,,Provisional/Provisoire,,
05EA002,2026-08-07T05:15:00Z,47,8.19,,,Provisional/Provisoire,,
05EA002,2026-08-07T05:20:00Z,47,8.20,,,Provisional/Provisoire,,
05EA002,2026-08-07T05:25:00Z,47,8.19,,,Provisional/Provisoire,,
05EA002,2026-08-07T05:30:00Z,47,8.20,,,Provisional/Provisoire,,
05EA002,2026-08-07T05:35:00Z,47,8.19,,,Provisional/Provisoire,,
05EA002,2026-08-07T05:40:00Z,47,8.20,,,Provisional/Provisoire,,
05EA002,2026-08-07T05:45:00Z,47,8.19,,,Provisional/Provisoire,,
05EA002,2026-08-07T05:50:00Z,47,8.19,,,Provisional/Provisoire,,
05EA002,2026-08-07T05:55:00Z,47,8.18,,,Provisional/Provisoire,,
05EA002,2026-08-07T06:00:00Z,47,8.18,,,Provisional/Provisoire,,
05EA002,2026-08-07T06:05:00Z,47,8.18,,,Provisional/Provisoire,,
05EA002,2026-08-07T06:10:00Z,47,8.18,,,Provisional/Provisoire,,
05EA002,2026-08-07T06:15:00Z,47,8.18,,,Provisional/Provisoire,,
05EA002,2026-08-07T06:20:00Z,47,8.18,,,Provisional/Provisoire,,
05EA002,2026-08-07T06:25:00Z,47,8.18,,,Provisional/Provisoire,,
05EA002,2026-08-07T06:30:00Z,47,8.17,,,Provisional/Provisoire,,
05EA002,2026-08-07T06:35:00Z,47,8.18,,,Provisional/Provisoire,,
05EA002,2026-08-07T06:40:00Z,47,8.18,,,Provisional/Provisoire,,
05EA002,2026-08-07T06:45:00Z,47,8.17,,,Provisional/Provisoire,,
05EA002,2026-08-07T06:50:00Z,47,8.18,,,Provisional/Provisoire,,
05EA002,2026-08-07T06:55:00Z,47,8.17,,,Provisional/Provisoire,,
05EA002,2026-08-07T07:00:00Z,47,8.18,,,Provisional/Provisoire,,
05EA002,2026-08-07T07:05:00Z,47,8.17,,,Provisional/Provisoire,,
05EA002,2026-08-07T07:10:00Z,47,8.15,,,Provisional/Provisoire,,
05EA002,2026-08-07T07:15:00Z,47,8.17,,,Provisional/Provisoire,,
05EA002,2026-08-07T07:20:00Z,47,8.17,,,Provisional/Provisoire,,
05EA002,2026-08-07T07:25:00Z,47,8.16,,,Provisional/Provisoire,,
05EA002,2026-08-07T07:30:00Z,47,8.16,,,Provisional/Provisoire,,
05EA002,2026-08-07T07:35:00Z,47,8.17,,,Provisional/Provisoire,,
05EA002,2026-08-07T07:40:00Z,47,8.17,,,Provisional/Provisoire,,
05EA002,2026-08-07T07:45:00Z,47,8.15,,,Provisional/Provisoire,,
05EA002,2026-08-07T07:50:00Z,47,8.17,,,Provisional/Provisoire,,
05EA002,2026-08-07T07:55:00Z,47,8.16,,,Provisional/Provisoire,,
05EA002,2026-08-07T08:00:00Z,47,8.16,,,Provisional/Provisoire,,
05EA002,2026-08-07T08:05:00Z,47,8.16,,,Provisional/Provisoire,,
05EA002,2026-08-07T08:10:00Z,47,8.15,,,Provisional/Provisoire,,
05EA002,2026-08-07T08:15:00Z,47,8.14,,,Provisional/Provisoire,,
05EA002,2026-08-07T08:20:00Z,47,8.16,,,Provisional/Provisoire,,
05EA002,2026-08-07T08:25:00Z,47,8.14,,,Provisional/Provisoire,,
05EA002,2026-08-07T08:30:00Z,47,8.14,,,Provisional/Provisoire,,
05EA002,2026-08-07T08:35:00Z,47,8.14,,,Provisional/Provisoire,,
05EA002,2026-08-07T08:40:00Z,47,8.14,,,Provisional/Provisoire,,
05EA002,2026-08-07T08:45:00Z,47,8.15,,,Provisional/Provisoire,,
05EA002,2026-08-07T08:50:00Z,47,8.14,,,Provisional/Provisoire,,
05EA002,2026-08-07T08:55:00Z,47,8.14,,,Provisional/Provisoire,,
05EA002,2026-08-07T09:00:00Z,47,8.13,,,Provisional/Provisoire,,
05EA002,2026-08-07T09:05:00Z,47,8.12,,,Provisional/Provisoire,,
05EA002,2026-08-07T09:10:00Z,47,8.13,,,Provisional/Provisoire,,
05EA002,2026-08-07T09:15:00Z,47,8.12,,,Provisional/Provisoire,,
05EA002,2026-08-07T09:20:00Z,47,8.11,,,Provisional/Provisoire,,
05EA002,2026-08-07T09:25:00Z,47,8.12,,,Provisional/Provisoire,,
05EA002,2026-08-07T09:30:00Z,47,8.12,,,Provisional/Provisoire,,
05EA002,2026-08-07T09:35:00Z,47,8.13,,,Provisional/Provisoire,,
05EA002,2026-08-07T09:40:00Z,47,8.12,,,Provisional/Provisoire,,
05EA002,2026-08-07T09:45:00Z,47,8.13,,,Provisional/Provisoire,,
05EA002,2026-08-07T09:50:00Z,47,8.12,,,Provisional/Provisoire,,
05EA002,2026-08-07T09:55:00Z,47,8.12,,,Provisional/Provisoire,,
05EA002,2026-08-07T10:00:00Z,47,8.12,,,Provisional/Provisoire,,
05EA002,2026-08-07T10:05:00Z,47,8.12,,,Provisional/Provisoire,,
05EA002,2026-08-07T10:10:00Z,47,8.13,,,Provisional/Provisoire,,
05EA002,2026-08-07T10:15:00Z,47,8.11,,,Provisional/Provisoire,,
05EA002,2026-08-07T10:20:00Z,47,8.12,,,Provisional/Provisoire,,
05EA002,2026-08-07T10:25:00Z,47,8.11,,,Provisional/Provisoire,,
05EA002,2026-08-07T10:30:00Z,47,8.12,,,Provisional/Provisoire,,
05EA002,2026-08-07T10:35:00Z,47,8.10,,,Provisional/Provisoire,,
05EA002,2026-08-07T10:40:00Z,47,8.10,,,Provisional/Provisoire,,
05EA002,2026-08-07T10:45:00Z,47,8.11,,,Provisional/Provisoire,,
05EA002,2026-08-07T10:50:00Z,47,8.11,,,Provisional/Provisoire,,
05EA002,2026-08-07T10:55:00Z,47,8.10,,,Provisional/Provisoire,,
05EA002,2026-08-07T11:00:00Z,47,8.09,,,Provisional/Provisoire,,
05EA002,2026-08-07T11:05:00Z,47,8.11,,,Provisional/Provisoire,,
05EA002,2026-08-07T11:10:00Z,47,8.09,,,Provisional/Provisoire,,
05EA002,2026-08-07T11:15:00Z,47,8.09,,,Provisional/Provisoire,,
05EA002,2026-08-07T11:20:00Z,47,8.09,,,Provisional/Provisoire,,
05EA002,2026-08-07T11:25:00Z,47,8.09,,,Provisional/Provisoire,,
05EA002,2026-08-07T11:30:00Z,47,8.08,,,Provisional/Provisoire,,
05EA002,2026-08-07T11:35:00Z,47,8.09,,,Provisional/Provisoire,,
05EA002,2026-08-07T11:40:00Z,47,8.09,,,Provisional/Provisoire,,
05EA002,2026-08-07T11:45:00Z,47,8.08,,,Provisional/Provisoire,,
05EA002,2026-08-07T11:50:00Z,47,8.09,,,Provisional/Provisoire,,
05EA002,2026-08-07T11:55:00Z,47,8.08,,,Provisional/Provisoire,,
05EA002,2026-08-07T12:00:00Z,47,8.08,,,Provisional/Provisoire,,
05EA002,2026-08-07T12:05:00Z,47,8.08,,,Provisional/Provisoire,,
05EA002,2026-08-07T12:10:00Z,47,8.07,,,Provisional/Provisoire,,
05EA002,2026-08-07T12:15:00Z,47,8.06,,,Provisional/Provisoire,,
05EA002,2026-08-07T12:20:00Z,47,8.08,,,Provisional/Provisoire,,
05EA002,2026-08-07T12:25:00Z,47,8.06,,,Provisional/Provisoire,,
05EA002,2026-08-07T12:30:00Z,47,8.07,,,Provisional/Provisoire,,
05EA002,2026-08-07T12:35:00Z,47,8.08,,,Provisional/Provisoire,,
05EA002,2026-08-07T12:40:00Z,47,8.07,,,Provisional/Provisoire,,
05EA002,2026-08-07T12:45:00Z,47,8.07,,,Provisional/Provisoire,,
05EA002,2026-08-07T12:50:00Z,47,8.06,,,Provisional/Provisoire,,
05EA002,2026-08-07T12:55:00Z,47,8.07,,,Provisional/Provisoire,,
05EA002,2026-08-07T13:00:00Z,47,8.06,,,Provisional/Provisoire,,
05EA002,2026-08-07T13:05:00Z,47,8.06,,,Provisional/Provisoire,,
05EA002,2026-08-07T13:10:00Z,47,8.05,,,Provisional/Provisoire,,
05EA002,2026-08-07T13:15:00Z,47,8.05,,,Provisional/Provisoire,,
05EA002,2026-08-07T13:20:00Z,47,8.03,,,Provisional/Provisoire,,
05EA002,2026-08-07T13:25:00Z,47,8.05,,,Provisional/Provisoire,,
05EA002,2026-08-07T13:30:00Z,47,8.03,,,Provisional/Provisoire,,
05EA002,2026-08-07T13:35:00Z,47,8.05,,,Provisional/Provisoire,,
05EA002,2026-08-07T13:40:00Z,47,8.05,,,Provisional/Provisoire,,
05EA002,2026-08-07T13:45:00Z,47,8.02,,,Provisional/Provisoire,,
05EA002,2026-08-07T13:50:00Z,47,8.05,,,Provisional/Provisoire,,
05EA002,2026-08-07T13:55:00Z,47,8.03,,,Provisional/Provisoire,,
05EA002,2026-08-07T14:00:00Z,47,8.05,,,Provisional/Provisoire,,
05EA002,2026-08-07T14:05:00Z,47,8.06,,,Provisional/Provisoire,,
05EA002,2026-08-07T14:10:00Z,47,8.03,,,Provisional/Provisoire,,
05EA002,2026-08-07T14:15:00Z,47,8.05,,,Provisional/Provisoire,,
05EA002,2026-08-07T14:20:00Z,47,8.05,,,Provisional/Provisoire,,
05EA002,2026-08-07T14:25:00Z,47,8.03,,,Provisional/Provisoire,,
05EA002,2026-08-07T14:30:00Z,47,8.03,,,Provisional/Provisoire,,
05EA002,2026-08-07T14:35:00Z,47,8.03,,,Provisional/Provisoire,,
05EA002,2026-08-07T14:40:00Z,47,8.03,,,Provisional/Provisoire,,
05EA002,2026-08-07T14:45:00Z,47,8.05,,,Provisional/Provisoire,,
05EA002,2026-08-07T14:50:00Z,47,8.03,,,Provisional/Provisoire,,
05EA002,2026-08-07T14:55:00Z,47,8.03,,,Provisional/Provisoire,,
05EA002,2026-08-07T15:00:00Z,47,8.03,,,Provisional/Provisoire,,
05EA002,2026-08-07T15:05:00Z,47,8.03,,,Provisional/Provisoire,,
05EA002,2026-08-07T15:10:00Z,47,8.02,,,Provisional/Provisoire,,
05EA002,2026-08-07T15:15:00Z,47,8.02,,,Provisional/Provisoire,,
05EA002,2026-08-07T15:20:00Z,47,8.03,,,Provisional/Provisoire,,
05EA002,2026-08-07T15:25:00Z,47,8.02,,,Provisional/Provisoire,,
05EA002,2026-08-07T15:30:00Z,47,8.01,,,Provisional/Provisoire,,
05EA002,2026-08-07T15:35:00Z,47,8.01,,,Provisional/Provisoire,,
05EA002,2026-08-07T15:40:00Z,47,8.02,,,Provisional/Provisoire,,
05EA002,2026-08-07T15:45:00Z,47,8.01,,,Provisional/Provisoire,,
05EA002,2026-08-07T15:50:00Z,47,8.00,,,Provisional/Provisoire,,
05EA002,2026-08-07T15:55:00Z,47,8.02,,,Provisional/Provisoire,,
05EA002,2026-08-07T16:00:00Z,47,8.00,,,Provisional/Provisoire,,
05EA002,2026-08-07T16:05:00Z,47,8.00,,,Provisional/Provisoire,,
05EA002,2026-08-07T16:10:00Z,47,8.01,,,Provisional/Provisoire,,
05EA002,2026-08-07T16:15:00Z,47,8.01,,,Provisional/Provisoire,,
05EA002,2026-08-07T16:20:00Z,47,8.01,,,Provisional/Provisoire,,
05EA002,2026-08-07T16:25:00Z,47,8.00,,,Provisional/Provisoire,,
05EA002,2026-08-07T16:30:00Z,47,8.00,,,Provisional/Provisoire,,
05EA002,2026-08-07T16:35:00Z,47,7.99,,,Provisional/Provisoire,,
05EA002,2026-08-07T16:40:00Z,47,7.99,,,Provisional/Provisoire,,
05EA002,2026-08-07T16:45:00Z,47,7.99,,,Provisional/Provisoire,,
05EA002,2026-08-07T16:50:00Z,47,7.99,,,Provisional/Provisoire,,
05EA002,2026-08-07T16:55:00Z,47,7.99,,,Provisional/Provisoire,,
05EA002,2026-08-07T17:00:00Z,47,7.99,,,Provisional/Provisoire,,
05EA002,2026-08-07T17:05:00Z,47,8.00,,,Provisional/Provisoire,,
05EA002,2026-08-07T17:10:00Z,47,7.99,,,Provisional/Provisoire,,
05EA002,2026-08-07T17:15:00Z,47,7.99,,,Provisional/Provisoire,,
05EA002,2026-08-07T17:20:00Z,47,7.98,,,Provisional/Provisoire,,
05EA002,2026-08-07T17:25:00Z,47,7.98,,,Provisional/Provisoire,,
05EA002,2026-08-07T17:30:00Z,47,7.98,,,Provisional/Provisoire,,
05EA002,2026-08-07T17:35:00Z,47,7.98,,,Provisional/Provisoire,,
05EA002,2026-08-07T17:40:00Z,47,7.98,,,Provisional/Provisoire,,
05EA002,2026-08-07T17:45:00Z,47,7.98,,,Provisional/Provisoire,,
05EA002,2026-08-07T17:50:00Z,47,7.97,,,Provisional/Provisoire,,
05EA002,2026-08-07T17:55:00Z,47,7.99,,,Provisional/Provisoire,,
05EA002,2026-08-07T18:00:00Z,47,7.98,,,Provisional/Provisoire,,
05EA002,2026-08-07T18:05:00Z,47,7.99,,,Provisional/Provisoire,,
05EA002,2026-08-07T18:10:00Z,47,7.98,,,Provisional/Provisoire,,
05EA002,2026-08-07T18:15:00Z,47,8.00,,,Provisional/Provisoire,,
05EA002,2026-08-07T18:20:00Z,47,8.00,,,Provisional/Provisoire,,
05EA002,2026-08-07T18:25:00Z,47,7.98,,,Provisional/Provisoire,,
05EA002,2026-08-07T18:30:00Z,47,7.99,,,Provisional/Provisoire,,
05EA002,2026-08-07T18:35:00Z,47,7.98,,,Provisional/Provisoire,,
05EA002,2026-08-07T18:40:00Z,47,8.00,,,Provisional/Provisoire,,
05EA002,2026-08-07T18:45:00Z,47,7.98,,,Provisional/Provisoire,,
05EA002,2026-08-07T18:50:00Z,47,7.98,,,Provisional/Provisoire,,
05EA002,2026-08-07T18:55:00Z,47,7.97,,,Provisional/Provisoire,,
05EA002,2026-08-07T19:00:00Z,47,7.97,,,Provisional/Provisoire,,
05EA002,2026-08-07T19:05:00Z,47,7.97,,,Provisional/Provisoire,,
05EA002,2026-08-07T19:10:00Z,47,7.97,,,Provisional/Provisoire,,
05EA002,2026-08-07T19:15:00Z,47,7.97,,,Provisional/Provisoire,,
05EA002,2026-08-07T19:20:00Z,47,7.97,,,Provisional/Provisoire,,
05EA002,2026-08-07T19:25:00Z,47,7.96,,,Provisional/Provisoire,,
05EA002,2026-08-07T19:30:00Z,47,7.96,,,Provisional/Provisoire,,
05EA002,2026-08-07T19:35:00Z,47,7.96,,,Provisional/Provisoire,,
05EA002,2026-08-07T19:40:00Z,47,7.94,,,Provisional/Provisoire,,
05EA002,2026-08-07T19:45:00Z,47,7.95,,,Provisional/Provisoire,,
05EA002,2026-08-07T19:50:00Z,47,7.96,,,Provisional/Provisoire,,
05EA002,2026-08-07T19:55:00Z,47,7.96,,,Provisional/Provisoire,,
05EA002,2026-08-07T20:00:00Z,47,7.96,,,Provisional/Provisoire,,
05EA002,2026-08-07T20:05:00Z,47,7.95,,,Provisional/Provisoire,,
05EA002,2026-08-07T20:10:00Z,47,7.95,,,Provisional/Provisoire,,
05EA002,2026-08-07T20:15:00Z,47,7.95,,,Provisional/Provisoire,,
05EA002,2026-08-07T20:20:00Z,47,7.94,,,Provisional/Provisoire,,
05EA002,2026-08-07T20:25:00Z,47,7.93,,,Provisional/Provisoire,,
05EA002,2026-08-07T20:30:00Z,47,7.94,,,Provisional/Provisoire,,
05EA002,2026-08-07T20:35:00Z,47,7.93,,,Provisional/Provisoire,,
05EA002,2026-08-07T20:40:00Z,47,7.94,,,Provisional/Provisoire,,
05EA002,2026-08-07T20:45:00Z,47,7.95,,,Provisional/Provisoire,,
05EA002,2026-08-07T20:50:00Z,47,7.93,,,Provisional/Provisoire,,
05EA002,2026-08-07T20:55:00Z,47,7.93,,,Provisional/Provisoire,,
05EA002,2026-08-07T21:00:00Z,47,7.94,,,Provisional/Provisoire,,
05EA002,2026-08-07T21:05:00Z,47,7.95,,,Provisional/Provisoire,,
05EA002,2026-08-07T21:10:00Z,47,7.94,,,Provisional/Provisoire,,
05EA002,2026-08-07T21:15:00Z,47,7.93,,,Provisional/Provisoire,,
05EA002,2026-08-07T21:20:00Z,47,7.93,,,Provisional/Provisoire,,
05EA002,2026-08-07T21:25:00Z,47,7.92,,,Provisional/Provisoire,,
05EA002,2026-08-07T21:30:00Z,47,7.93,,,Provisional/Provisoire,,
05EA002,2026-08-07T21:35:00Z,47,7.93,,,Provisional/Provisoire,,
05EA002,2026-08-07T21:40:00Z,47,7.92,,,Provisional/Provisoire,,
05EA002,2026-08-07T21:45:00Z,47,7.93,,,Provisional/Provisoire,,
05EA002,2026-08-07T21:50:00Z,47,7.93,,,Provisional/Provisoire,,
05EA002,2026-08-07T21:55:00Z,47,7.92,,,Provisional/Provisoire,,
05EA002,2026-08-07T22:00:00Z,47,7.93,,,Provisional/Provisoire,,
05EA002,2026-08-07T22:05:00Z,47,7.92,,,Provisional/Provisoire,,
05EA002,2026-08-07T22:10:00Z,47,7.91,,,Provisional/Provisoire,,
05EA002,2026-08-07T22:15:00Z,47,7.90,,,Provisional/Provisoire,,
05EA002,2026-08-07T22:20:00Z,47,7.91,,,Provisional/Provisoire,,
05EA002,2026-08-07T22:25:00Z,47,7.90,,,Provisional/Provisoire,,
05EA002,2026-08-07T22:30:00Z,47,7.90,,,Provisional/Provisoire,,
05EA002,2026-08-07T22:35:00Z,47,7.91,,,Provisional/Provisoire,,
05EA002,2026-08-07T22:40:00Z,47,7.91,,,Provisional/Provisoire,,
05EA002,2026-08-07T22:45:00Z,47,7.89,,,Provisional/Provisoire,,
05EA002,2026-08-07T22:50:00Z,47,7.90,,,Provisional/Provisoire,,
05EA002,2026-08-07T22:55:00Z,47,7.89,,,Provisional/Provisoire,,
05EA002,2026-08-07T23:00:00Z,47,7.90,,,Provisional/Provisoire,,
05EA002,2026-08-07T23:05:00Z,47,7.88,,,Provisional/Provisoire,,