 ID,Date,Parameter/Paramètre,Value/Valeur,Qualifier/Qualificatif,Symbol/Symbole,Approval/Approbation,Grade/Classification,Qualifiers/Qualificatifs
05EA006,2026-08-02T00:00:00Z,46,723.603,,,Provisional/Provisoire,,
05EA006,2026-08-02T00:05:00Z,46,723.600,,,Provisional/Provisoire,,
05EA006,2026-08-02T00:10:00Z,46,723.596,,,Provisional/Provisoire,,
05EA006,2026-08-02T00:15:00Z,46,723.585,,,Provisional/Provisoire,,
05EA006,2026-08-02T00:20:00Z,46,723.578,,,Provisional/Provisoire,,
05EA006,2026-08-02T00:25:00Z,46,723.584,,,Provisional/Provisoire,,
05EA006,2026-08-02T00:30:00Z,46,723.581,,,Provisional/Provisoire,,
05EA006,2026-08-02T00:35:00Z,46,723.584,,,Provisional/Provisoire,,
05EA006,2026-08-02T00:40:00Z,46,723.577,,,Provisional/Provisoire,,
05EA006,2026-08-02T00:45:00Z,46,723.566,,,Provisional/Provisoire,,
05EA006,2026-08-02T00:50:00Z,46,723.572,,,Provisional/Provisoire,,
05EA006,2026-08-02T00:55:00Z,46,723.568,,,Provisional/Provisoire,,
05EA006,2026-08-02T01:00:00Z,46,723.598,,,Provisional/Provisoire,,
05EA006,2026-08-02T01:05:00Z,46,723.600,,,Provisional/Provisoire,,
05EA006,2026-08-02T01:10:00Z,46,723.592,,,Provisional/Provisoire,,
05EA006,2026-08-02T01:15:00Z,46,723.586,,,Provisional/Provisoire,,
05EA006,2026-08-02T01:20:00Z,46,723.580,,,Provisional/Provisoire,,
05EA006,2026-08-02T01:25:00Z,46,723.576,,,Provisional/Provisoire,,
05EA006,2026-08-02T01:30:00Z,46,723.579,,,Provisional/Provisoire,,
05EA006,2026-08-02T01:35:00Z,46,723.575,,,Provisional/Provisoire,,
05EA006,2026-08-02T01:40:00Z,46,723.563,,,Provisional/Provisoire,,
05EA006,2026-08-02T01:45:00Z,46,723.564,,,Provisional/Provisoire,,
05EA006,2026-08-02T01:50:00Z,46,723.567,,,Provisional/Provisoire,,
05EA006,2026-08-02T01:55:00Z,46,723.578,,,Provisional/Provisoire,,
05EA006,2026-08-02T02:00:00Z,46,723.610,,,Provisional/Provisoire,,
05EA006,2026-08-02T02:05:00Z,46,723.600,,,Provisional/Provisoire,,
05EA006,2026-08-02T02:10:00Z,46,723.598,,,Provisional/Provisoire,,
05EA006,2026-08-02T02:15:00Z,46,723.596,,,Provisional/Provisoire,,
05EA006,2026-08-02T02:20:00Z,46,723.581,,,Provisional/Provisoire,,
05EA006,2026-08-02T02:25:00Z,46,723.575,,,Provisional/Provisoire,,
05EA006,2026-08-02T02:30:00Z,46,723.574,,,Provisional/Provisoire,,
05EA006,2026-08-02T02:35:00Z,46,723.571,,,Provisional/Provisoire,,
05EA006,2026-08-02T02:40:00Z,46,723.579,,,Provisional/Provisoire,,
05EA006,2026-08-02T02:45:00Z,46,723.579,,,Provisional/Provisoire,,
05EA006,2026-08-02T02:50:00Z,46,723.573,,,Provisional/Provisoire,,
05EA006,2026-08-02T02:55:00Z,46,723.571,,,Provisional/Provisoire,,
05EA006,2026-08-02T03:00:00Z,46,723.564,,,Provisional/Provisoire,,
05EA006,2026-08-02T03:05:00Z,46,723.549,,,Provisional/Provisoire,,
05EA006,2026-08-02T03:10:00Z,46,723.587,,,Provisional/Provisoire,,
05EA006,2026-08-02T03:15:00Z,46,723.616,,,Provisional/Provisoire,,
05EA006,2026-08-02T03:20:00Z,46,723.611,,,Provisional/Provisoire,,
05EA006,2026-08-02T03:25:00Z,46,723.603,,,Provisional/Provisoire,,
05EA006,2026-08-02T03:30:00Z,46,723.587,,,Provisional/Provisoire,,
05EA006,2026-08-02T03:35:00Z,46,723.570,,,Provisional/Provisoire,,
05EA006,2026-08-02T03:40:00Z,46,723.564,,,Provisional/Provisoire,,
05EA006,2026-08-02T03:45:00Z,46,723.582,,,Provisional/Provisoire,,
05EA006,2026-08-02T03:50:00Z,46,723.587,,,Provisional/Provisoire,,
05EA006,2026-08-02T03:55:00Z,46,723.597,,,Provisional/Provisoire,,
05EA006,2026-08-02T04:00:00Z,46,723.589,,,Provisional/Provisoire,,
05EA006,2026-08-02T04:05:00Z,46,723.585,,,Provisional/Provisoire,,
05EA006,2026-08-02T04:10:00Z,46,723.588,,,Provisional/Provisoire,,
05EA006,2026-08-02T04:15:00Z,46,723.591,,,Provisional/Provisoire,,
05EA006,2026-08-02T04:20:00Z,46,723.582,,,Provisional/Provisoire,,
05EA006,2026-08-02T04:25:00Z,46,723.586,,,Provisional/Provisoire,,
05EA006,2026-08-02T04:30:00Z,46,723.574,,,Provisional/Provisoire,,
05EA006,2026-08-02T04:35:00Z,46,723.606,,,Provisional/Provisoire,,
05EA006,2026-08-02T04:40:00Z,46,723.618,,,Provisional/Provisoire,,
05EA006,2026-08-02T04:45:00Z,46,723.623,,,Provisional/Provisoire,,
05EA006,2026-08-02T04:50:00Z,46,723.612,,,Provisional/Provisoire,,
05EA006,2026-08-02T04:55:00Z,46,723.634,,,Provisional/Provisoire,,
05EA006,2026-08-02T05:00:00Z,46,723.623,,,Provisional/Provisoire,,
05EA006,2026-08-02T05:05:00Z,46,723.609,,,Provisional/Provisoire,,
05EA006,2026-08-02T05:10:00Z,46,723.602,,,Provisional/Provisoire,,
05EA006,2026-08-02T05:15:00Z,46,723.593,,,Provisional/Provisoire,,
05EA006,2026-08-02T05:20:00Z,46,723.589,,,Provisional/Provisoire,,
05EA006,2026-08-02T05:25:00Z,46,723.589,,,Provisional/Provisoire,,
05EA006,2026-08-02T05:30:00Z,46,723.597,,,Provisional/Provisoire,,
05EA006,2026-08-02T05:35:00Z,46,723.597,,,Provisional/Provisoire,,
05EA006,2026-08-02T05:40:00Z,46,723.582,,,Provisional/Provisoire,,
05EA006,2026-08-02T05:45:00Z,46,723.573,,,Provisional/Provisoire,,
05EA006,2026-08-02T05:50:00Z,46,723.574,,,Provisional/Provisoire,,
05EA006,2026-08-02T05:55:00Z,46,723.568,,,Provisional/Provisoire,,
05EA006,2026-08-02T06:00:00Z,46,723.576,,,Provisional/Provisoire,,
05EA006,2026-08-02T06:05:00Z,46,723.611,,,Provisional/Provisoire,,
05EA006,2026-08-02T06:10:00Z,46,723.619,,,Provisional/Provisoire,,
05EA006,2026-08-02T06:15:00Z,46,723.628,,,Provisional/Provisoire,,
05EA006,2026-08-02T06:20:00Z,46,723.644,,,Provisional/Provisoire,,
05EA006,2026-08-02T06:25:00Z,46,723.643,,,Provisional/Provisoire,,
05EA006,2026-08-02T06:30:00Z,46,723.637,,,Provisional/Provisoire,,
05EA006,2026-08-02T06:35:00Z,46,723.612,,,Provisional/Provisoire,,
05EA006,2026-08-02T06:40:00Z,46,723.586,,,Provisional/Provisoire,,
05EA006,2026-08-02T06:45:00Z,46,723.601,,,Provisional/Provisoire,,
05EA006,2026-08-02T06:50:00Z,46,723.584,,,Provisional/Provisoire,,
05EA006,2026-08-02T06:55:00Z,46,723.619,,,Provisional/Provisoire,,
05EA006,2026-08-02T07:00:00Z,46,723.621,,,Provisional/Provisoire,,
05EA006,2026-08-02T07:05:00Z,46,723.603,,,Provisional/Provisoire,,
05EA006,2026-08-02T07:10:00Z,46,723.580,,,Provisional/Provisoire,,
05EA006,2026-08-02T07:15:00Z,46,723.575,,,Provisional/Provisoire,,
05EA006,2026-08-02T07:20:00Z,46,723.591,,,Provisional/Provisoire,,
05EA006,2026-08-02T07:25:00Z,46,723.605,,,Provisional/Provisoire,,
05EA006,2026-08-02T07:30:00Z,46,723.600,,,Provisional/Provisoire,,
05EA006,2026-08-02T07:35:00Z,46,723.598,,,Provisional/Provisoire,,
05EA006,2026-08-02T07:40:00Z,46,723.587,,,Provisional/Provisoire,,
05EA006,2026-08-02T07:45:00Z,46,723.595,,,Provisional/Provisoire,,
05EA006,2026-08-02T07:50:00Z,46,723.580,,,Provisional/Provisoire,,
05EA006,2026-08-02T07:55:00Z,46,723.594,,,Provisional/Provisoire,,
05EA006,2026-08-02T08:00:00Z,46,723.585,,,Provisional/Provisoire,,
05EA006,2026-08-02T08:05:00Z,46,723.587,,,Provisional/Provisoire,,
05EA006,2026-08-02T08:10:00Z,46,723.601,,,Provisional/Provisoire,,
05EA006,2026-08-02T08:15:00Z,46,723.601,,,Provisional/Provisoire,,
05EA006,2026-08-02T08:20:00Z,46,723.599,,,Provisional/Provisoire,,
05EA006,2026-08-02T08:25:00Z,46,723.573,,,Provisional/Provisoire,,
05EA006,2026-08-02T08:30:00Z,46,723.576,,,Provisional/Provisoire,,
05EA006,2026-08-02T08:35:00Z,46,723.555,,,Provisional/Provisoire,,
05EA006,2026-08-02T08:40:00Z,46,723.575,,,Provisional/Provisoire,,
05EA006,2026-08-02T08:45:00Z,46,723.578,,,Provisional/Provisoire,,
05EA006,2026-08-02T08:50:00Z,46,723.621,,,Provisional/Provisoire,,
05EA006,2026-08-02T08:55:00Z,46,723.617,,,Provisional/Provisoire,,
05EA006,2026-08-02T09:00:00Z,46,723.611,,,Provisional/Provisoire,,
05EA006,2026-08-02T09:05:00Z,46,723.605,,,Provisional/Provisoire,,
05EA006,2026-08-02T09:10:00Z,46,723.604,,,Provisional/Provisoire,,
05EA006,2026-08-02T09:15:00Z,46,723.619,,,Provisional/Provisoire,,
05EA006,2026-08-02T09:20:00Z,46,723.623,,,Provisional/Provisoire,,
05EA006,2026-08-02T09:25:00Z,46,723.618,,,Provisional/Provisoire,,
05EA006,2026-08-02T09:30:00Z,46,723.617,,,Provisional/Provisoire,,
05EA006,2026-08-02T09:35:00Z,46,723.617,,,Provisional/Provisoire,,
05EA006,2026-08-02T09:40:00Z,46,723.619,,,Provisional/Provisoire,,
05EA006,2026-08-02T09:45:00Z,46,723.624,,,Provisional/Provisoire,,
05EA006,2026-08-02T09:50:00Z,46,723.618,,,Provisional/Provisoire,,
05EA006,2026-08-02T09:55:00Z,46,723.619,,,Provisional/Provisoire,,
05EA006,2026-08-02T10:00:00Z,46,723.626,,,Provisional/Provisoire,,
05EA006,2026-08-02T10:05:00Z,46,723.624,,,Provisional/Provisoire,,
05EA006,2026-08-02T10:10:00Z,46,723.616,,,Provisional/Provisoire,,
05EA006,2026-08-02T10:15:00Z,46,723.598,,,Provisional/Provisoire,,
05EA006,2026-08-02T10:20:00Z,46,723.603,,,Provisional/Provisoire,,
05EA006,2026-08-02T10:25:00Z,46,723.603,,,Provisional/Provisoire,,
05EA006,2026-08-02T10:30:00Z,46,723.610,,,Provisional/Provisoire,,
05EA006,2026-08-02T10:35:00Z,46,723.614,,,Provisional/Provisoire,,
05EA006,2026-08-02T10:40:00Z,46,723.614,,,Provisional/Provisoire,,
05EA006,2026-08-02T10:45:00Z,46,723.613,,,Provisional/Provisoire,,
05EA006,2026-08-02T10:50:00Z,46,723.602,,,Provisional/Provisoire,,
05EA006,2026-08-02T10:55:00Z,46,723.606,,,Provisional/Provisoire,,
05EA006,2026-08-02T11:00:00Z,46,723.605,,,Provisional/Provisoire,,
05EA006,2026-08-02T11:05:00Z,46,723.607,,,Provisional/Provisoire,,
05EA006,2026-08-02T11:10:00Z,46,723.621,,,Provisional/Provisoire,,
05EA006,2026-08-02T11:15:00Z,46,723.628,,,Provisional/Provisoire,,
05EA006,2026-08-02T11:20:00Z,46,723.619,,,Provisional/Provisoire,,
05EA006,2026-08-02T11:25:00Z,46,723.613,,,Provisional/Provisoire,,
05EA006,2026-08-02T11:30:00Z,46,723.606,,,Provisional/Provisoire,,
05EA006,2026-08-02T11:35:00Z,46,723.604,,,Provisional/Provisoire,,
05EA006,2026-08-02T11:40:00Z,46,723.610,,,Provisional/Provisoire,,
05EA006,2026-08-02T11:45:00Z,46,723.609,,,Provisional/Provisoire,,
05EA006,2026-08-02T11:50:00Z,46,723.615,,,Provisional/Provisoire,,
05EA006,2026-08-02T11:55:00Z,46,723.618,,,Provisional/Provisoire,,
05EA006,2026-08-02T12:00:00Z,46,723.621,,,Provisional/Provisoire,,
05EA006,2026-08-02T12:05:00Z,46,723.610,,,Provisional/Provisoire,,
05EA006,2026-08-02T12:10:00Z,46,723.605,,,Provisional/Provisoire,,
05EA006,2026-08-02T12:15:00Z,46,723.607,,,Provisional/Provisoire,,
05EA006,2026-08-02T12:20:00Z,46,723.613,,,Provisional/Provisoire,,
05EA006,2026-08-02T12:25:00Z,46,723.616,,,Provisional/Provisoire,,
05EA006,2026-08-02T12:30:00Z,46,723.613,,,Provisional/Provisoire,,
05EA006,2026-08-02T12:35:00Z,46,723.614,,,Provisional/Provisoire,,
05EA006,2026-08-02T12:40:00Z,46,723.605,,,Provisional/Provisoire,,
05EA006,2026-08-02T12:45:00Z,46,723.599,,,Provisional/Provisoire,,
05EA006,2026-08-02T12:50:00Z,46,723.573,,,Provisional/Provisoire,,
05EA006,2026-08-02T12:55:00Z,46,723.588,,,Provisional/Provisoire,,
05EA006,2026-08-02T13:00:00Z,46,723.592,,,Provisional/Provisoire,,
05EA006,2026-08-02T13:05:00Z,46,723.595,,,Provisional/Provisoire,,
05EA006,2026-08-02T13:10:00Z,46,723.597,,,Provisional/Provisoire,,
05EA006,2026-08-02T13:15:00Z,46,723.610,,,Provisional/Provisoire,,
05EA006,2026-08-02T13:20:00Z,46,723.604,,,Provisional/Provisoire,,
05EA006,2026-08-02T13:25:00Z,46,723.595,,,Provisional/Provisoire,,
05EA006,2026-08-02T13:30:00Z,46,723.582,,,Provisional/Provisoire,,
05EA006,2026-08-02T13:35:00Z,46,723.589,,,Provisional/Provisoire,,
05EA006,2026-08-02T13:40:00Z,46,723.596,,,Provisional/Provisoire,,
05EA006,2026-08-02T13:45:00Z,46,723.611,,,Provisional/Provisoire,,
05EA006,2026-08-02T13:50:00Z,46,723.615,,,Provisional/Provisoire,,
05EA006,2026-08-02T13:55:00Z,46,723.596,,,Provisional/Provisoire,,
05EA006,2026-08-02T14:00:00Z,46,723.605,,,Provisional/Provisoire,,
05EA006,2026-08-02T14:05:00Z,46,723.589,,,Provisional/Provisoire,,
05EA006,2026-08-02T14:10:00Z,46,723.590,,,Provisional/Provisoire,,
05EA006,2026-08-02T14:15:00Z,46,723.584,,,Provisional/Provisoire,,
05EA006,2026-08-02T14:20:00Z,46,723.578,,,Provisional/Provisoire,,
05EA006,2026-08-02T14:25:00Z,46,723.600,,,Provisional/Provisoire,,
05EA006,2026-08-02T14:30:00Z,46,723.607,,,Provisional/Provisoire,,
05EA006,2026-08-02T14:35:00Z,46,723.608,,,Provisional/Provisoire,,
05EA006,2026-08-02T14:40:00Z,46,723.600,,,Provisional/Provisoire,,
05EA006,2026-08-02T14:45:00Z,46,723.595,,,Provisional/Provisoire,,
05EA006,2026-08-02T14:50:00Z,46,723.560,,,Provisional/Provisoire,,
05EA006,2026-08-02T14:55:00Z,46,723.596,,,Provisional/Provisoire,,
05EA006,2026-08-02T15:00:00Z,46,723.595,,,Provisional/Provisoire,,
05EA006,2026-08-02T15:05:00Z,46,723.602,,,Provisional/Provisoire,,
05EA006,2026-08-02T15:10:00Z,46,723.601,,,Provisional/Provisoire,,
05EA006,2026-08-02T15:15:00Z,46,723.600,,,Provisional/Provisoire,,
05EA006,2026-08-02T15:20:00Z,46,723.561,,,Provisional/Provisoire,,
05EA006,2026-08-02T15:25:00Z,46,723.566,,,Provisional/Provisoire,,
05EA006,2026-08-02T15:30:00Z,46,723.572,,,Provisional/Provisoire,,
05EA006,2026-08-02T15:35:00Z,46,723.602,,,Provisional/Provisoire,,
05EA006,2026-08-02T15:40:00Z,46,723.605,,,Provisional/Provisoire,,
05EA006,2026-08-02T15:45:00Z,46,723.610,,,Provisional/Provisoire,,
05EA006,2026-08-02T15:50:00Z,46,723.593,,,Provisional/Provisoire,,
05EA006,2026-08-02T15:55:00Z,46,723.584,,,Provisional/Provisoire,,
05EA006,2026-08-02T16:00:00Z,46,723.589,,,Provisional/Provisoire,,
05EA006,2026-08-02T16:05:00Z,46,723.610,,,Provisional/Provisoire,,
05EA006,2026-08-02T16:10:00Z,46,723.609,,,Provisional/Provisoire,,
05EA006,2026-08-02T16:15:00Z,46,723.608,,,Provisional/Provisoire,,
05EA006,2026-08-02T16:20:00Z,46,723.577,,,Provisional/Provisoire,,
05EA006,2026-08-02T16:25:00Z,46,723.585,,,Provisional/Provisoire,,
05EA006,2026-08-02T16:30:00Z,46,723.578,,,Provisional/Provisoire,,
05EA006,2026-08-02T16:35:00Z,46,723.662,,,Provisional/Provisoire,,
05EA006,2026-08-02T16:40:00Z,46,723.628,,,Provisional/Provisoire,,
05EA006,2026-08-02T16:45:00Z,46,723.631,,,Provisional/Provisoire,,
05EA006,2026-08-02T16:50:00Z,46,723.635,,,Provisional/Provisoire,,
05EA006,2026-08-02T16:55:00Z,46,723.666,,,Provisional/Provisoire,,
05EA006,2026-08-02T17:00:00Z,46,723.651,,,Provisional/Provisoire,,
05EA006,2026-08-02T17:05:00Z,46,723.640,,,Provisional/Provisoire,,
05EA006,2026-08-02T17:10:00Z,46,723.655,,,Provisional/Provisoire,,
05EA006,2026-08-02T17:15:00Z,46,723.660,,,Provisional/Provisoire,,
05EA006,2026-08-02T17:20:00Z,46,723.625,,,Provisional/Provisoire,,
05EA006,2026-08-02T17:25:00Z,46,723.600,,,Provisional/Provisoire,,
05EA006,2026-08-02T17:30:00Z,46,723.631,,,Provisional/Provisoire,,
05EA006,2026-08-02T17:35:00Z,46,723.638,,,Provisional/Provisoire,,
05EA006,2026-08-02T17:40:00Z,46,723.641,,,Provisional/Provisoire,,
05EA006,2026-08-02T17:45:00Z,46,723.649,,,Provisional/Provisoire,,
05EA006,2026-08-02T17:50:00Z,46,723.673,,,Provisional/Provisoire,,
05EA006,2026-08-02T17:55:00Z,46,723.645,,,Provisional/Provisoire,,
05EA006,2026-08-02T18:00:00Z,46,723.615,,,Provisional/Provisoire,,
05EA006,2026-08-02T18:05:00Z,46,723.614,,,Provisional/Provisoire,,
05EA006,2026-08-02T18:10:00Z,46,723.658,,,Provisional/Provisoire,,
05EA006,2026-08-02T18:15:00Z,46,723.666,,,Provisional/Provisoire,,
05EA006,2026-08-02T18:20:00Z,46,723.667,,,Provisional/Provisoire,,
05EA006,2026-08-02T18:25:00Z,46,723.647,,,Provisional/Provisoire,,
05EA006,2026-08-02T18:30:00Z,46,723.659,,,Provisional/Provisoire,,
05EA006,2026-08-02T18:35:00Z,46,723.661,,,Provisional/Provisoire,,
05EA006,2026-08-02T18:40:00Z,46,723.642,,,Provisional/Provisoire,,
05EA006,2026-08-02T18:45:00Z,46,723.648,,,Provisional/Provisoire,,
05EA006,2026-08-02T18:50:00Z,46,723.650,,,Provisional/Provisoire,,
05EA006,2026-08-02T18:55:00Z,46,723.684,,,Provisional/Provisoire,,
05EA006,2026-08-02T19:00:00Z,46,723.659,,,Provisional/Provisoire,,
05EA006,2026-08-02T19:05:00Z,46,723.648,,,Provisional/Provisoire,,
05EA006,2026-08-02T19:10:00Z,46,723.623,,,Provisional/Provisoire,,
05EA006,2026-08-02T19:15:00Z,46,723.651,,,Provisional/Provisoire,,
05EA006,2026-08-02T19:20:00Z,46,723.658,,,Provisional/Provisoire,,
05EA006,2026-08-02T19:25:00Z,46,723.645,,,Provisional/Provisoire,,
05EA006,2026-08-02T19:30:00Z,46,723.639,,,Provisional/Provisoire,,
05EA006,2026-08-02T19:35:00Z,46,723.673,,,Provisional/Provisoire,,
05EA006,2026-08-02T19:40:00Z,46,723.652,,,Provisional/Provisoire,,
05EA006,2026-08-02T19:45:00Z,46,723.625,,,Provisional/Provisoire,,
05EA006,2026-08-02T19:50:00Z,46,723.617,,,Provisional/Provisoire,,
05EA006,2026-08-02T19:55:00Z,46,723.654,,,Provisional/Provisoire,,
05EA006,2026-08-02T20:00:00Z,46,723.657,,,Provisional/Provisoire,,
05EA006,2026-08-02T20:05:00Z,46,723.650,,,Provisional/Provisoire,,
05EA006,2026-08-02T20:10:00Z,46,723.636,,,Provisional/Provisoire,,
05EA006,2026-08-02T20:15:00Z,46,723.654,,,Provisional/Provisoire,,
05EA006,2026-08-02T20:20:00Z,46,723.644,,,Provisional/Provisoire,,
05EA006,2026-08-02T20:25:00Z,46,723.634,,,Provisional/Provisoire,,
05EA006,2026-08-02T20:30:00Z,46,723.651,,,Provisional/Provisoire,,
05EA006,2026-08-02T20:35:00Z,46,723.684,,,Provisional/Provisoire,,
05EA006,2026-08-02T20:40:00Z,46,723.675,,,Provisional/Provisoire,,
05EA006,2026-08-02T20:45:00Z,46,723.648,,,Provisional/Provisoire,,
05EA006,2026-08-02T20:50:00Z,46,723.662,,,Provisional/Provisoire,,
05EA006,2026-08-02T20:55:00Z,46,723.650,,,Provisional/Provisoire,,
05EA006,2026-08-02T21:00:00Z,46,723.636,,,Provisional/Provisoire,,
05EA006,2026-08-02T21:05:00Z,46,723.626,,,Provisional/Provisoire,,
05EA006,2026-08-02T21:10:00Z,46,723.654,,,Provisional/Provisoire,,
05EA006,2026-08-02T21:15:00Z,46,723.644,,,Provisional/Provisoire,,
05EA006,2026-08-02T21:20:00Z,46,723.640,,,Provisional/Provisoire,,
05EA006,2026-08-02T21:25:00Z,46,723.668,,,Provisional/Provisoire,,
05EA006,2026-08-02T21:30:00Z,46,723.657,,,Provisional/Provisoire,,
05EA006,2026-08-02T21:35:00Z,46,723.623,,,Provisional/Provisoire,,
05EA006,2026-08-02T21:40:00Z,46,723.604,,,Provisional/Provisoire,,
05EA006,2026-08-02T21:45:00Z,46,723.633,,,Provisional/Provisoire,,
05EA006,2026-08-02T21:50:00Z,46,723.637,,,Provisional/Provisoire,,
05EA006,2026-08-02T21:55:00Z,46,723.640,,,Provisional/Provisoire,,
05EA006,2026-08-02T22:00:00Z,46,723.638,,,Provisional/Provisoire,,
05EA006,2026-08-02T22:05:00Z,46,723.614,,,Provisional/Provisoire,,
05EA006,2026-08-02T22:10:00Z,46,723.597,,,Provisional/Provisoire,,
05EA006,2026-08-02T22:15:00Z,46,723.598,,,Provisional/Provisoire,,
05EA006,2026-08-02T22:20:00Z,46,723.634,,,Provisional/Provisoire,,
05EA006,2026-08-02T22:25:00Z,46,723.634,,,Provisional/Provisoire,,
05EA006,2026-08-02T22:30:00Z,46,723.623,,,Provisional/Provisoire,,
05EA006,2026-08-02T22:35:00Z,46,723.657,,,Provisional/Provisoire,,
05EA006,2026-08-02T22:40:00Z,46,723.647,,,Provisional/Provisoire,,
05EA006,2026-08-02T22:45:00Z,46,723.623,,,Provisional/Provisoire,,
05EA006,2026-08-02T22:50:00Z,46,723.614,,,Provisional/Provisoire,,
05EA006,2026-08-02T22:55:00Z,46,723.598,,,Provisional/Provisoire,,
05EA006,2026-08-02T23:00:00Z,46,723.630,,,Provisional/Provisoire,,
05EA006,2026-08-02T23:05:00Z,46,723.636,,,Provisional/Provisoire,,
05EA006,2026-08-02T23:10:00Z,46,723.629,,,Provisional/Provisoire,,
05EA006,2026-08-02T23:15:00Z,46,723.651,,,Provisional/Provisoire,,
05EA006,2026-08-02T23:20:00Z,46,723.638,,,Provisional/Provisoire,,
05EA006,2026-08-02T23:25:00Z,46,723.620,,,Provisional/Provisoire,,
05EA006,2026-08-02T23:30:00Z,46,723.609,,,Provisional/Provisoire,,
05EA006,2026-08-02T23:35:00Z,46,723.618,,,Provisional/Provisoire,,
05EA006,2026-08-02T23:40:00Z,46,723.617,,,Provisional/Provisoire,,
05EA006,2026-08-02T23:45:00Z,46,723.633,,,Provisional/Provisoire,,
05EA006,2026-08-02T23:50:00Z,46,723.631,,,Provisional/Provisoire,,
05EA006,2026-08-02T23:55:00Z,46,723.636,,,Provisional/Provisoire,,
05EA006,2026-08-03T00:00:00Z,46,723.610,,,Provisional/Provisoire,,
05EA006,2026-08-03T00:05:00Z,46,723.603,,,Provisional/Provisoire,,
05EA006,2026-08-03T00:10:00Z,46,723.602,,,Provisional/Provisoire,,
05EA006,2026-08-03T00:15:00Z,46,723.616,,,Provisional/Provisoire,,
05EA006,2026-08-03T00:20:00Z,46,723.618,,,Provisional/Provisoire,,
05EA006,2026-08-03T00:25:00Z,46,723.614,,,Provisional/Provisoire,,
05EA006,2026-08-03T00:30:00Z,46,723.596,,,Provisional/Provisoire,,
05EA006,2026-08-03T00:35:00Z,46,723.593,,,Provisional/Provisoire,,
05EA006,2026-08-03T00:40:00Z,46,723.585,,,Provisional/Provisoire,,
05EA006,2026-08-03T00:45:00Z,46,723.637,,,Provisional/Provisoire,,
05EA006,2026-08-03T00:50:00Z,46,723.630,,,Provisional/Provisoire,,
05EA006,2026-08-03T00:55:00Z,46,723.638,,,Provisional/Provisoire,,
05EA006,2026-08-03T01:00:00Z,46,723.644,,,Provisional/Provisoire,,
05EA006,2026-08-03T01:05:00Z,46,723.654,,,Provisional/Provisoire,,
05EA006,2026-08-03T01:10:00Z,46,723.647,,,Provisional/Provisoire,,
05EA006,2026-08-03T01:15:00Z,46,723.645,,,Provisional/Provisoire,,
05EA006,2026-08-03T01:20:00Z,46,723.643,,,Provisional/Provisoire,,
05EA006,2026-08-03T01:25:00Z,46,723.634,,,Provisional/Provisoire,,
05EA006,2026-08-03T01:30:00Z,46,723.643,,,Provisional/Provisoire,,
05EA006,2026-08-03T01:35:00Z,46,723.640,,,Provisional/Provisoire,,
05EA006,2026-08-03T01:40:00Z,46,723.623,,,Provisional/Provisoire,,
05EA006,2026-08-03T01:45:00Z,46,723.626,,,Provisional/Provisoire,,
05EA006,2026-08-03T01:50:00Z,46,723.619,,,Provisional/Provisoire,,
05EA006,2026-08-03T01:55:00Z,46,723.619,,,Provisional/Provisoire,,
05EA006,2026-08-03T02:00:00Z,46,723.613,,,Provisional/Provisoire,,
05EA006,2026-08-03T02:05:00Z,46,723.622,,,Provisional/Provisoire,,
05EA006,2026-08-03T02:10:00Z,46,723.626,,,Provisional/Provisoire,,
05EA006,2026-08-03T02:15:00Z,46,723.626,,,Provisional/Provisoire,,
05EA006,2026-08-03T02:20:00Z,46,723.624,,,Provisional/Provisoire,,
05EA006,2026-08-03T02:25:00Z,46,723.623,,,Provisional/Provisoire,,
05EA006,2026-08-03T02:30:00Z,46,723.615,,,Provisional/Provisoire,,
05EA006,2026-08-03T02:35:00Z,46,723.616,,,Provisional/Provisoire,,
05EA006,2026-08-03T02:40:00Z,46,723.624,,,Provisional/Provisoire,,
05EA006,2026-08-03T02:45:00Z,46,723.629,,,Provisional/Provisoire,,
05EA006,2026-08-03T02:50:00Z,46,723.625,,,Provisional/Provisoire,,
05EA006,2026-08-03T02:55:00Z,46,723.620,,,Provisional/Provisoire,,
05EA006,2026-08-03T03:00:00Z,46,723.624,,,Provisional/Provisoire,,
05EA006,2026-08-03T03:05:00Z,46,723.621,,,Provisional/Provisoire,,
05EA006,2026-08-03T03:10:00Z,46,723.620,,,Provisional/Provisoire,,
05EA006,2026-08-03T03:15:00Z,46,723.632,,,Provisional/Provisoire,,
05EA006,2026-08-03T03:20:00Z,46,723.627,,,Provisional/Provisoire,,
05EA006,2026-08-03T03:25:00Z,46,723.629,,,Provisional/Provisoire,,
05EA006,2026-08-03T03:30:00Z,46,723.638,,,Provisional/Provisoire,,
05EA006,2026-08-03T03:35:00Z,46,723.637,,,Provisional/Provisoire,,
05EA006,2026-08-03T03:40:00Z,46,723.630,,,Provisional/Provisoire,,
05EA006,2026-08-03T03:45:00Z,46,723.626,,,Provisional/Provisoire,,
05EA006,2026-08-03T03:50:00Z,46,723.625,,,Provisional/Provisoire,,
05EA006,2026-08-03T03:55:00Z,46,723.629,,,Provisional/Provisoire,,
05EA006,2026-08-03T04:00:00Z,46,723.631,,,Provisional/Provisoire,,
05EA006,2026-08-03T04:05:00Z,46,723.631,,,Provisional/Provisoire,,
05EA006,2026-08-03T04:10:00Z,46,723.628,,,Provisional/Provisoire,,
05EA006,2026-08-03T04:15:00Z,46,723.624,,,Provisional/Provisoire,,
05EA006,2026-08-03T04:20:00Z,46,723.624,,,Provisional/Provisoire,,
05EA006,2026-08-03T04:25:00Z,46,723.628,,,Provisional/Provisoire,,
05EA006,2026-08-03T04:30:00Z,46,723.628,,,Provisional/Provisoire,,
05EA006,2026-08-03T04:35:00Z,46,723.630,,,Provisional/Provisoire,,
05EA006,2026-08-03T04:40:00Z,46,723.635,,,Provisional/Provisoire,,
05EA006,2026-08-03T04:45:00Z,46,723.632,,,Provisional/Provisoire,,
05EA006,2026-08-03T04:50:00Z,46,723.635,,,Provisional/Provisoire,,
05EA006,2026-08-03T04:55:00Z,46,723.634,,,Provisional/Provisoire,,
05EA006,2026-08-03T05:00:00Z,46,723.634,,,Provisional/Provisoire,,
05EA006,2026-08-03T05:05:00Z,46,723.631,,,Provisional/Provisoire,,
05EA006,2026-08-03T05:10:00Z,46,723.632,,,Provisional/Provisoire,,
05EA006,2026-08-03T05:15:00Z,46,723.632,,,Provisional/Provisoire,,
05EA006,2026-08-03T05:20:00Z,46,723.633,,,Provisional/Provisoire,,
05EA006,2026-08-03T05:25:00Z,46,723.637,,,Provisional/Provisoire,,
05EA006,2026-08-03T05:30:00Z,46,723.636,,,Provisional/Provisoire,,
05EA006,2026-08-03T05:35:00Z,46,723.632,,,Provisional/Provisoire,,
05EA006,2026-08-03T05:40:00Z,46,723.631,,,Provisional/Provisoire,,
05EA006,2026-08-03T05:45:00Z,46,723.635,,,Provisional/Provisoire,,
05EA006,2026-08-03T05:50:00Z,46,723.643,,,Provisional/Provisoire,,
05EA006,2026-08-03T05:55:00Z,46,723.638,,,Provisional/Provisoire,,
05EA006,2026-08-03T06:00:00Z,46,723.640,,,Provisional/Provisoire,,
05EA006,2026-08-03T06:05:00Z,46,723.634,,,Provisional/Provisoire,,
05EA006,2026-08-03T06:10:00Z,46,723.632,,,Provisional/Provisoire,,
05EA006,2026-08-03T06:15:00Z,46,723.634,,,Provisional/Provisoire,,
05EA006,2026-08-03T06:20:00Z,46,723.635,,,Provisional/Provisoire,,
05EA006,2026-08-03T06:25:00Z,46,723.635,,,Provisional/Provisoire,,
05EA006,2026-08-03T06:30:00Z,46,723.639,,,Provisional/Provisoire,,
05EA006,2026-08-03T06:35:00Z,46,723.632,,,Provisional/Provisoire,,
05EA006,2026-08-03T06:40:00Z,46,723.649,,,Provisional/Provisoire,,
05EA006,2026-08-03T06:45:00Z,46,723.642,,,Provisional/Provisoire,,
05EA006,2026-08-03T06:50:00Z,46,723.644,,,Provisional/Provisoire,,
05EA006,2026-08-03T06:55:00Z,46,723.642,,,Provisional/Provisoire,,
05EA006,2026-08-03T07:00:00Z,46,723.645,,,Provisional/Provisoire,,
05EA006,2026-08-03T07:05:00Z,46,723.643,,,Provisional/Provisoire,,
05EA006,2026-08-03T07:10:00Z,46,723.653,,,Provisional/Provisoire,,
05EA006,2026-08-03T07:15:00Z,46,723.657,,,Provisional/Provisoire,,
05EA006,2026-08-03T07:20:00Z,46,723.647,,,Provisional/Provisoire,,
05EA006,2026-08-03T07:25:00Z,46,723.644,,,Provisional/Provisoire,,
05EA006,2026-08-03T07:30:00Z,46,723.642,,,Provisional/Provisoire,,
05EA006,2026-08-03T07:35:00Z,46,723.649,,,Provisional/Provisoire,,
05EA006,2026-08-03T07:40:00Z,46,723.644,,,Provisional/Provisoire,,
05EA006,2026-08-03T07:45:00Z,46,723.655,,,Provisional/Provisoire,,
05EA006,2026-08-03T07:50:00Z,46,723.658,,,Provisional/Provisoire,,
05EA006,2026-08-03T07:55:00Z,46,723.648,,,Provisional/Provisoire,,
05EA006,2026-08-03T08:00:00Z,46,723.652,,,Provisional/Provisoire,,
05EA006,2026-08-03T08:05:00Z,46,723.653,,,Provisional/Provisoire,,
05EA006,2026-08-03T08:10:00Z,46,723.656,,,Provisional/Provisoire,,
05EA006,2026-08-03T08:15:00Z,46,723.647,,,Provisional/Provisoire,,
05EA006,2026-08-03T08:20:00Z,46,723.657,,,Provisional/Provisoire,,
05EA006,2026-08-03T08:25:00Z,46,723.660,,,Provisional/Provisoire,,
05EA006,2026-08-03T08:30:00Z,46,723.659,,,Provisional/Provisoire,,
05EA006,2026-08-03T08:35:00Z,46,723.656,,,Provisional/Provisoire,,
05EA006,2026-08-03T08:40:00Z,46,723.659,,,Provisional/Provisoire,,
05EA006,2026-08-03T08:45:00Z,46,723.659,,,Provisional/Provisoire,,
05EA006,2026-08-03T08:50:00Z,46,723.667,,,Provisional/Provisoire,,
05EA006,2026-08-03T08:55:00Z,46,723.673,,,Provisional/Provisoire,,
05EA006,2026-08-03T09:00:00Z,46,723.663,,,Provisional/Provisoire,,
05EA006,2026-08-03T09:05:00Z,46,723.669,,,Provisional/Provisoire,,
05EA006,2026-08-03T09:10:00Z,46,723.670,,,Provisional/Provisoire,,
05EA006,2026-08-03T09:15:00Z,46,723.666,,,Provisional/Provisoire,,
05EA006,2026-08-03T09:20:00Z,46,723.667,,,Provisional/Provisoire,,
05EA006,2026-08-03T09:25:00Z,46,723.672,,,Provisional/Provisoire,,
05EA006,2026-08-03T09:30:00Z,46,723.676,,,Provisional/Provisoire,,
05EA006,2026-08-03T09:35:00Z,46,723.672,,,Provisional/Provisoire,,
05EA006,2026-08-03T09:40:00Z,46,723.671,,,Provisional/Provisoire,,
05EA006,2026-08-03T09:45:00Z,46,723.678,,,Provisional/Provisoire,,
05EA006,2026-08-03T09:50:00Z,46,723.672,,,Provisional/Provisoire,,
05EA006,2026-08-03T09:55:00Z,46,723.678,,,Provisional/Provisoire,,
05EA006,2026-08-03T10:00:00Z,46,723.676,,,Provisional/Provisoire,,
05EA006,2026-08-03T10:05:00Z,46,723.680,,,Provisional/Provisoire,,
05EA006,2026-08-03T10:10:00Z,46,723.666,,,Provisional/Provisoire,,
05EA006,2026-08-03T10:15:00Z,46,723.673,,,Provisional/Provisoire,,
05EA006,2026-08-03T10:20:00Z,46,723.684,,,Provisional/Provisoire,,
05EA006,2026-08-03T10:25:00Z,46,723.681,,,Provisional/Provisoire,,
05EA006,2026-08-03T10:30:00Z,46,723.677,,,Provisional/Provisoire,,
05EA006,2026-08-03T10:35:00Z,46,723.675,,,Provisional/Provisoire,,
05EA006,2026-08-03T10:40:00Z,46,723.679,,,Provisional/Provisoire,,
05EA006,2026-08-03T10:45:00Z,46,723.676,,,Provisional/Provisoire,,
05EA006,2026-08-03T10:50:00Z,46,723.678,,,Provisional/Provisoire,,
05EA006,2026-08-03T10:55:00Z,46,723.681,,,Provisional/Provisoire,,
05EA006,2026-08-03T11:00:00Z,46,723.678,,,Provisional/Provisoire,,
05EA006,2026-08-03T11:05:00Z,46,723.678,,,Provisional/Provisoire,,
05EA006,2026-08-03T11:10:00Z,46,723.681,,,Provisional/Provisoire,,
05EA006,2026-08-03T11:15:00Z,46,723.680,,,Provisional/Provisoire,,
05EA006,2026-08-03T11:20:00Z,46,723.685,,,Provisional/Provisoire,,
05EA006,2026-08-03T11:25:00Z,46,723.684,,,Provisional/Provisoire,,
05EA006,2026-08-03T11:30:00Z,46,723.683,,,Provisional/Provisoire,,
05EA006,2026-08-03T11:35:00Z,46,723.684,,,Provisional/Provisoire,,
05EA006,2026-08-03T11:40:00Z,46,723.681,,,Provisional/Provisoire,,
05EA006,2026-08-03T11:45:00Z,46,723.683,,,Provisional/Provisoire,,
05EA006,2026-08-03T11:50:00Z,46,723.686,,,Provisional/Provisoire,,
05EA006,2026-08-03T11:55:00Z,46,723.682,,,Provisional/Provisoire,,
05EA006,2026-08-03T12:00:00Z,46,723.685,,,Provisional/Provisoire,,
05EA006,2026-08-03T12:05:00Z,46,723.688,,,Provisional/Provisoire,,
05EA006,2026-08-03T12:10:00Z,46,723.688,,,Provisional/Provisoire,,
05EA006,2026-08-03T12:15:00Z,46,723.688,,,Provisional/Provisoire,,
05EA006,2026-08-03T12:20:00Z,46,723.689,,,Provisional/Provisoire,,
05EA006,2026-08-03T12:25:00Z,46,723.697,,,Provisional/Provisoire,,
05EA006,2026-08-03T12:30:00Z,46,723.698,,,Provisional/Provisoire,,
05EA006,2026-08-03T12:35:00Z,46,723.705,,,Provisional/Provisoire,,
05EA006,2026-08-03T12:40:00Z,46,723.723,,,Provisional/Provisoire,,
05EA006,2026-08-03T12:45:00Z,46,723.713,,,Provisional/Provisoire,,
05EA006,2026-08-03T12:50:00Z,46,723.693,,,Provisional/Provisoire,,
05EA006,2026-08-03T12:55:00Z,46,723.714,,,Provisional/Provisoire,,
05EA006,2026-08-03T13:00:00Z,46,723.732,,,Provisional/Provisoire,,
05EA006,2026-08-03T13:05:00Z,46,723.731,,,Provisional/Provisoire,,
05EA006,2026-08-03T13:10:00Z,46,723.700,,,Provisional/Provisoire,,
05EA006,2026-08-03T13:15:00Z,46,723.721,,,Provisional/Provisoire,,
05EA006,2026-08-03T13:20:00Z,46,723.738,,,Provisional/Provisoire,,
05EA006,2026-08-03T13:25:00Z,46,723.703,,,Provisional/Provisoire,,
05EA006,2026-08-03T13:30:00Z,46,723.746,,,Provisional/Provisoire,,
05EA006,2026-08-03T13:35:00Z,46,723.747,,,Provisional/Provisoire,,
05EA006,2026-08-03T13:40:00Z,46,723.718,,,Provisional/Provisoire,,
05EA006,2026-08-03T13:45:00Z,46,723.730,,,Provisional/Provisoire,,
05EA006,2026-08-03T13:50:00Z,46,723.719,,,Provisional/Provisoire,,
05EA006,2026-08-03T13:55:00Z,46,723.736,,,Provisional/Provisoire,,
05EA006,2026-08-03T14:00:00Z,46,723.730,,,Provisional/Provisoire,,
05EA006,2026-08-03T14:05:00Z,46,723.710,,,Provisional/Provisoire,,
05EA006,2026-08-03T14:10:00Z,46,723.703,,,Provisional/Provisoire,,
05EA006,2026-08-03T14:15:00Z,46,723.735,,,Provisional/Provisoire,,
05EA006,2026-08-03T14:20:00Z,46,723.720,,,Provisional/Provisoire,,
05EA006,2026-08-03T14:25:00Z,46,723.720,,,Provisional/Provisoire,,
05EA006,2026-08-03T14:30:00Z,46,723.681,,,Provisional/Provisoire,,
05EA006,2026-08-03T14:35:00Z,46,723.739,,,Provisional/Provisoire,,
05EA006,2026-08-03T14:40:00Z,46,723.731,,,Provisional/Provisoire,,
05EA006,2026-08-03T14:45:00Z,46,723.696,,,Provisional/Provisoire,,
05EA006,2026-08-03T14:50:00Z,46,723.699,,,Provisional/Provisoire,,
05EA006,2026-08-03T14:55:00Z,46,723.744,,,Provisional/Provisoire,,
05EA006,2026-08-03T15:00:00Z,46,723.720,,,Provisional/Provisoire,,
05EA006,2026-08-03T15:05:00Z,46,723.728,,,Provisional/Provisoire,,
05EA006,2026-08-03T15:10:00Z,46,723.720,,,Provisional/Provisoire,,
05EA006,2026-08-03T15:15:00Z,46,723.754,,,Provisional/Provisoire,,
05EA006,2026-08-03T15:20:00Z,46,723.736,,,Provisional/Provisoire,,
05EA006,2026-08-03T15:25:00Z,46,723.747,,,Provisional/Provisoire,,
05EA006,2026-08-03T15:30:00Z,46,723.738,,,Provisional/Provisoire,,
05EA006,2026-08-03T15:35:00Z,46,723.768,,,Provisional/Provisoire,,
05EA006,2026-08-03T15:40:00Z,46,723.757,,,Provisional/Provisoire,,
05EA006,2026-08-03T15:45:00Z,46,723.761,,,Provisional/Provisoire,,
05EA006,2026-08-03T15:50:00Z,46,723.740,,,Provisional/Provisoire,,
05EA006,2026-08-03T15:55:00Z,46,723.716,,,Provisional/Provisoire,,
05EA006,2026-08-03T16:00:00Z,46,723.759,,,Provisional/Provisoire,,
05EA006,2026-08-03T16:05:00Z,46,723.745,,,Provisional/Provisoire,,
05EA006,2026-08-03T16:10:00Z,46,723.742,,,Provisional/Provisoire,,
05EA006,2026-08-03T16:15:00Z,46,723.716,,,Provisional/Provisoire,,
05EA006,2026-08-03T16:20:00Z,46,723.768,,,Provisional/Provisoire,,
05EA006,2026-08-03T16:25:00Z,46,723.749,,,Provisional/Provisoire,,
05EA006,2026-08-03T16:30:00Z,46,723.739,,,Provisional/Provisoire,,
05EA006,2026-08-03T16:35:00Z,46,723.715,,,Provisional/Provisoire,,
05EA006,2026-08-03T16:40:00Z,46,723.754,,,Provisional/Provisoire,,
05EA006,2026-08-03T16:45:00Z,46,723.753,,,Provisional/Provisoire,,
05EA006,2026-08-03T16:50:00Z,46,723.754,,,Provisional/Provisoire,,
05EA006,2026-08-03T16:55:00Z,46,723.743,,,Provisional/Provisoire,,
05EA006,2026-08-03T17:00:00Z,46,723.763,,,Provisional/Provisoire,,
05EA006,2026-08-03T17:05:00Z,46,723.755,,,Provisional/Provisoire,,
05EA006,2026-08-03T17:10:00Z,46,723.747,,,Provisional/Provisoire,,
05EA006,2026-08-03T17:15:00Z,46,723.736,,,Provisional/Provisoire,,
05EA006,2026-08-03T17:20:00Z,46,723.759,,,Provisional/Provisoire,,
05EA006,2026-08-03T17:25:00Z,46,723.752,,,Provisional/Provisoire,,
05EA006,2026-08-03T17:30:00Z,46,723.746,,,Provisional/Provisoire,,
05EA006,2026-08-03T17:35:00Z,46,723.720,,,Provisional/Provisoire,,
05EA006,2026-08-03T17:40:00Z,46,723.761,,,Provisional/Provisoire,,
05EA006,2026-08-03T17:45:00Z,46,723.751,,,Provisional/Provisoire,,
05EA006,2026-08-03T17:50:00Z,46,723.751,,,Provisional/Provisoire,,
05EA006,2026-08-03T17:55:00Z,46,723.731,,,Provisional/Provisoire,,
05EA006,2026-08-03T18:00:00Z,46,723.756,,,Provisional/Provisoire,,
05EA006,2026-08-03T18:05:00Z,46,723.757,,,Provisional/Provisoire,,
05EA006,2026-08-03T18:10:00Z,46,723.743,,,Provisional/Provisoire,,
05EA006,2026-08-03T18:15:00Z,46,723.747,,,Provisional/Provisoire,,
05EA006,2026-08-03T18:20:00Z,46,723.758,,,Provisional/Provisoire,,
05EA006,2026-08-03T18:25:00Z,46,723.749,,,Provisional/Provisoire,,
05EA006,2026-08-03T18:30:00Z,46,723.727,,,Provisional/Provisoire,,
05EA006,2026-08-03T18:35:00Z,46,723.754,,,Provisional/Provisoire,,
05EA006,2026-08-03T18:40:00Z,46,723.750,,,Provisional/Provisoire,,
05EA006,2026-08-03T18:45:00Z,46,723.745,,,Provisional/Provisoire,,
05EA006,2026-08-03T18:50:00Z,46,723.713,,,Provisional/Provisoire,,
05EA006,2026-08-03T18:55:00Z,46,723.764,,,Provisional/Provisoire,,
05EA006,2026-08-03T19:00:00Z,46,723.748,,,Provisional/Provisoire,,
05EA006,2026-08-03T19:05:00Z,46,723.728,,,Provisional/Provisoire,,
05EA006,2026-08-03T19:10:00Z,46,723.713,,,Provisional/Provisoire,,
05EA006,2026-08-03T19:15:00Z,46,723.756,,,Provisional/Provisoire,,
05EA006,2026-08-03T19:20:00Z,46,723.748,,,Provisional/Provisoire,,
05EA006,2026-08-03T19:25:00Z,46,723.720,,,Provisional/Provisoire,,
05EA006,2026-08-03T19:30:00Z,46,723.750,,,Provisional/Provisoire,,
05EA006,2026-08-03T19:35:00Z,46,723.750,,,Provisional/Provisoire,,
05EA006,2026-08-03T19:40:00Z,46,723.737,,,Provisional/Provisoire,,
05EA006,2026-08-03T19:45:00Z,46,723.714,,,Provisional/Provisoire,,
05EA006,2026-08-03T19:50:00Z,46,723.758,,,Provisional/Provisoire,,
05EA006,2026-08-03T19:55:00Z,46,723.751,,,Provisional/Provisoire,,
05EA006,2026-08-03T20:00:00Z,46,723.750,,,Provisional/Provisoire,,
05EA006,2026-08-03T20:05:00Z,46,723.751,,,Provisional/Provisoire,,
05EA006,2026-08-03T20:10:00Z,46,723.725,,,Provisional/Provisoire,,
05EA006,2026-08-03T20:15:00Z,46,723.720,,,Provisional/Provisoire,,
05EA006,2026-08-03T20:20:00Z,46,723.704,,,Provisional/Provisoire,,
05EA006,2026-08-03T20:25:00Z,46,723.729,,,Provisional/Provisoire,,
05EA006,2026-08-03T20:30:00Z,46,723.731,,,Provisional/Provisoire,,
05EA006,2026-08-03T20:35:00Z,46,723.721,,,Provisional/Provisoire,,
05EA006,2026-08-03T20:40:00Z,46,723.720,,,Provisional/Provisoire,,
05EA006,2026-08-03T20:45:00Z,46,723.718,,,Provisional/Provisoire,,
05EA006,2026-08-03T20:50:00Z,46,723.710,,,Provisional/Provisoire,,
05EA006,2026-08-03T20:55:00Z,46,723.713,,,Provisional/Provisoire,,
05EA006,2026-08-03T21:00:00Z,46,723.713,,,Provisional/Provisoire,,
05EA006,2026-08-03T21:05:00Z,46,723.711,,,Provisional/Provisoire,,
05EA006,2026-08-03T21:10:00Z,46,723.766,,,Provisional/Provisoire,,
05EA006,2026-08-03T21:15:00Z,46,723.755,,,Provisional/Provisoire,,
05EA006,2026-08-03T21:20:00Z,46,723.745,,,Provisional/Provisoire,,
05EA006,2026-08-03T21:25:00Z,46,723.742,,,Provisional/Provisoire,,
05EA006,2026-08-03T21:30:00Z,46,723.728,,,Provisional/Provisoire,,
05EA006,2026-08-03T21:35:00Z,46,723.744,,,Provisional/Provisoire,,
05EA006,2026-08-03T21:40:00Z,46,723.748,,,Provisional/Provisoire,,
05EA006,2026-08-03T21:45:00Z,46,723.746,,,Provisional/Provisoire,,
05EA006,2026-08-03T21:50:00Z,46,723.719,,,Provisional/Provisoire,,
05EA006,2026-08-03T21:55:00Z,46,723.741,,,Provisional/Provisoire,,
05EA006,2026-08-03T22:00:00Z,46,723.734,,,Provisional/Provisoire,,
05EA006,2026-08-03T22:05:00Z,46,723.719,,,Provisional/Provisoire,,
05EA006,2026-08-03T22:10:00Z,46,723.713,,,Provisional/Provisoire,,
05EA006,2026-08-03T22:15:00Z,46,723.711,,,Provisional/Provisoire,,
05EA006,2026-08-03T22:20:00Z,46,723.711,,,Provisional/Provisoire,,
05EA006,2026-08-03T22:25:00Z,46,723.711,,,Provisional/Provisoire,,
05EA006,2026-08-03T22:30:00Z,46,723.724,,,Provisional/Provisoire,,
05EA006,2026-08-03T22:35:00Z,46,723.748,,,Provisional/Provisoire,,
05EA006,2026-08-03T22:40:00Z,46,723.751,,,Provisional/Provisoire,,
05EA006,2026-08-03T22:45:00Z,46,723.751,,,Provisional/Provisoire,,
05EA006,2026-08-03T22:50:00Z,46,723.748,,,Provisional/Provisoire,,
05EA006,2026-08-03T22:55:00Z,46,723.749,,,Provisional/Provisoire,,
05EA006,2026-08-03T23:00:00Z,46,723.756,,,Provisional/Provisoire,,
05EA006,2026-08-03T23:05:00Z,46,723.750,,,Provisional/Provisoire,,
05EA006,2026-08-03T23:10:00Z,46,723.746,,,Provisional/Provisoire,,
05EA006,2026-08-03T23:15:00Z,46,723.726,,,Provisional/Provisoire,,
05EA006,2026-08-03T23:20:00Z,46,723.742,,,Provisional/Provisoire,,
05EA006,2026-08-03T23:25:00Z,46,723.726,,,Provisional/Provisoire,,
05EA006,2026-08-03T23:30:00Z,46,723.742,,,Provisional/Provisoire,,
05EA006,2026-08-03T23:35:00Z,46,723.736,,,Provisional/Provisoire,,
05EA006,2026-08-03T23:40:00Z,46,723.721,,,Provisional/Provisoire,,
05EA006,2026-08-03T23:45:00Z,46,723.708,,,Provisional/Provisoire,,
05EA006,2026-08-03T23:50:00Z,46,723.701,,,Provisional/Provisoire,,
05EA006,2026-08-03T23:55:00Z,46,723.698,,,Provisional/Provisoire,,
05EA006,2026-08-04T00:00:00Z,46,723.706,,,Provisional/Provisoire,,
05EA006,2026-08-04T00:05:00Z,46,723.698,,,Provisional/Provisoire,,
05EA006,2026-08-04T00:10:00Z,46,723.694,,,Provisional/Provisoire,,
05EA006,2026-08-04T00:15:00Z,46,723.693,,,Provisional/Provisoire,,
05EA006,2026-08-04T00:20:00Z,46,723.737,,,Provisional/Provisoire,,
05EA006,2026-08-04T00:25:00Z,46,723.719,,,Provisional/Provisoire,,
05EA006,2026-08-04T00:30:00Z,46,723.726,,,Provisional/Provisoire,,
05EA006,2026-08-04T00:35:00Z,46,723.727,,,Provisional/Provisoire,,
05EA006,2026-08-04T00:40:00Z,46,723.728,,,Provisional/Provisoire,,
05EA006,2026-08-04T00:45:00Z,46,723.724,,,Provisional/Provisoire,,
05EA006,2026-08-04T00:50:00Z,46,723.723,,,Provisional/Provisoire,,
05EA006,2026-08-04T00:55:00Z,46,723.714,,,Provisional/Provisoire,,
05EA006,2026-08-04T01:00:00Z,46,723.714,,,Provisional/Provisoire,,
05EA006,2026-08-04T01:05:00Z,46,723.709,,,Provisional/Provisoire,,
05EA006,2026-08-04T01:10:00Z,46,723.710,,,Provisional/Provisoire,,
05EA006,2026-08-04T01:15:00Z,46,723.713,,,Provisional/Provisoire,,
05EA006,2026-08-04T01:20:00Z,46,723.714,,,Provisional/Provisoire,,
05EA006,2026-08-04T01:25:00Z,46,723.705,,,Provisional/Provisoire,,
05EA006,2026-08-04T01:30:00Z,46,723.696,,,Provisional/Provisoire,,
05EA006,2026-08-04T01:35:00Z,46,723.693,,,Provisional/Provisoire,,
05EA006,2026-08-04T01:40:00Z,46,723.690,,,Provisional/Provisoire,,
05EA006,2026-08-04T01:45:00Z,46,723.698,,,Provisional/Provisoire,,
05EA006,2026-08-04T01:50:00Z,46,723.696,,,Provisional/Provisoire,,
05EA006,2026-08-04T01:55:00Z,46,723.690,,,Provisional/Provisoire,,
05EA006,2026-08-04T02:00:00Z,46,723.670,,,Provisional/Provisoire,,
05EA006,2026-08-04T02:05:00Z,46,723.747,,,Provisional/Provisoire,,
05EA006,2026-08-04T02:10:00Z,46,723.728,,,Provisional/Provisoire,,
05EA006,2026-08-04T02:15:00Z,46,723.751,,,Provisional/Provisoire,,
05EA006,2026-08-04T02:20:00Z,46,723.695,,,Provisional/Provisoire,,
05EA006,2026-08-04T02:25:00Z,46,723.726,,,Provisional/Provisoire,,
05EA006,2026-08-04T02:30:00Z,46,723.743,,,Provisional/Provisoire,,
05EA006,2026-08-04T02:35:00Z,46,723.728,,,Provisional/Provisoire,,
05EA006,2026-08-04T02:40:00Z,46,723.725,,,Provisional/Provisoire,,
05EA006,2026-08-04T02:45:00Z,46,723.722,,,Provisional/Provisoire,,
05EA006,2026-08-04T02:50:00Z,46,723.720,,,Provisional/Provisoire,,
05EA006,2026-08-04T02:55:00Z,46,723.706,,,Provisional/Provisoire,,
05EA006,2026-08-04T03:00:00Z,46,723.701,,,Provisional/Provisoire,,
05EA006,2026-08-04T03:05:00Z,46,723.670,,,Provisional/Provisoire,,
05EA006,2026-08-04T03:10:00Z,46,723.680,,,Provisional/Provisoire,,
05EA006,2026-08-04T03:15:00Z,46,723.677,,,Provisional/Provisoire,,
05EA006,2026-08-04T03:20:00Z,46,723.654,,,Provisional/Provisoire,,
05EA006,2026-08-04T03:25:00Z,46,723.658,,,Provisional/Provisoire,,
05EA006,2026-08-04T03:30:00Z,46,723.657,,,Provisional/Provisoire,,
05EA006,2026-08-04T03:35:00Z,46,723.657,,,Provisional/Provisoire,,
05EA006,2026-08-04T03:40:00Z,46,723.676,,,Provisional/Provisoire,,
05EA006,2026-08-04T03:45:00Z,46,723.734,,,Provisional/Provisoire,,
05EA006,2026-08-04T03:50:00Z,46,723.690,,,Provisional/Provisoire,,
05EA006,2026-08-04T03:55:00Z,46,723.701,,,Provisional/Provisoire,,
05EA006,2026-08-04T04:00:00Z,46,723.693,,,Provisional/Provisoire,,
05EA006,2026-08-04T04:05:00Z,46,723.688,,,Provisional/Provisoire,,
05EA006,2026-08-04T04:10:00Z,46,723.685,,,Provisional/Provisoire,,
05EA006,2026-08-04T04:15:00Z,46,723.687,,,Provisional/Provisoire,,
05EA006,2026-08-04T04:20:00Z,46,723.686,,,Provisional/Provisoire,,
05EA006,2026-08-04T04:25:00Z,46,723.685,,,Provisional/Provisoire,,
05EA006,2026-08-04T04:30:00Z,46,723.678,,,Provisional/Provisoire,,
05EA006,2026-08-04T04:35:00Z,46,723.675,,,Provisional/Provisoire,,
05EA006,2026-08-04T04:40:00Z,46,723.678,,,Provisional/Provisoire,,
05EA006,2026-08-04T04:45:00Z,46,723.676,,,Provisional/Provisoire,,
05EA006,2026-08-04T04:50:00Z,46,723.662,,,Provisional/Provisoire,,
05EA006,2026-08-04T04:55:00Z,46,723.664,,,Provisional/Provisoire,,
05EA006,2026-08-04T05:00:00Z,46,723.663,,,Provisional/Provisoire,,
05EA006,2026-08-04T05:05:00Z,46,723.660,,,Provisional/Provisoire,,
05EA006,2026-08-04T05:10:00Z,46,723.663,,,Provisional/Provisoire,,
05EA006,2026-08-04T05:15:00Z,46,723.655,,,Provisional/Provisoire,,
05EA006,2026-08-04T05:20:00Z,46,723.645,,,Provisional/Provisoire,,
05EA006,2026-08-04T05:25:00Z,46,723.644,,,Provisional/Provisoire,,
05EA006,2026-08-04T05:30:00Z,46,723.643,,,Provisional/Provisoire,,
05EA006,2026-08-04T05:35:00Z,46,723.666,,,Provisional/Provisoire,,
05EA006,2026-08-04T05:40:00Z,46,723.663,,,Provisional/Provisoire,,
05EA006,2026-08-04T05:45:00Z,46,723.684,,,Provisional/Provisoire,,
05EA006,2026-08-04T05:50:00Z,46,723.689,,,Provisional/Provisoire,,
05EA006,2026-08-04T05:55:00Z,46,723.694,,,Provisional/Provisoire,,
05EA006,2026-08-04T06:00:00Z,46,723.696,,,Provisional/Provisoire,,
05EA006,2026-08-04T06:05:00Z,46,723.696,,,Provisional/Provisoire,,
05EA006,2026-08-04T06:10:00Z,46,723.699,,,Provisional/Provisoire,,
05EA006,2026-08-04T06:15:00Z,46,723.699,,,Provisional/Provisoire,,
05EA006,2026-08-04T06:20:00Z,46,723.697,,,Provisional/Provisoire,,
05EA006,2026-08-04T06:25:00Z,46,723.706,,,Provisional/Provisoire,,
05EA006,2026-08-04T06:30:00Z,46,723.696,,,Provisional/Provisoire,,
05EA006,2026-08-04T06:35:00Z,46,723.697,,,Provisional/Provisoire,,
05EA006,2026-08-04T06:40:00Z,46,723.699,,,Provisional/Provisoire,,
05EA006,2026-08-04T06:45:00Z,46,723.702,,,Provisional/Provisoire,,
05EA006,2026-08-04T06:50:00Z,46,723.695,,,Provisional/Provisoire,,
05EA006,2026-08-04T06:55:00Z,46,723.699,,,Provisional/Provisoire,,
05EA006,2026-08-04T07:00:00Z,46,723.697,,,Provisional/Provisoire,,
05EA006,2026-08-04T07:05:00Z,46,723.698,,,Provisional/Provisoire,,
05EA006,2026-08-04T07:10:00Z,46,723.698,,,Provisional/Provisoire,,
05EA006,2026-08-04T07:15:00Z,46,723.699,,,Provisional/Provisoire,,
05EA006,2026-08-04T07:20:00Z,46,723.703,,,Provisional/Provisoire,,
05EA006,2026-08-04T07:25:00Z,46,723.700,,,Provisional/Provisoire,,
05EA006,2026-08-04T07:30:00Z,46,723.700,,,Provisional/Provisoire,,
05EA006,2026-08-04T07:35:00Z,46,723.704,,,Provisional/Provisoire,,
05EA006,2026-08-04T07:40:00Z,46,723.705,,,Provisional/Provisoire,,
05EA006,2026-08-04T07:45:00Z,46,723.707,,,Provisional/Provisoire,,
05EA006,2026-08-04T07:50:00Z,46,723.700,,,Provisional/Provisoire,,
05EA006,2026-08-04T07:55:00Z,46,723.707,,,Provisional/Provisoire,,
05EA006,2026-08-04T08:00:00Z,46,723.702,,,Provisional/Provisoire,,
05EA006,2026-08-04T08:05:00Z,46,723.703,,,Provisional/Provisoire,,
05EA006,2026-08-04T08:10:00Z,46,723.705,,,Provisional/Provisoire,,
05EA006,2026-08-04T08:15:00Z,46,723.724,,,Provisional/Provisoire,,
05EA006,2026-08-04T08:20:00Z,46,723.708,,,Provisional/Provisoire,,
05EA006,2026-08-04T08:25:00Z,46,723.702,,,Provisional/Provisoire,,
05EA006,2026-08-04T08:30:00Z,46,723.707,,,Provisional/Provisoire,,
05EA006,2026-08-04T08:35:00Z,46,723.709,,,Provisional/Provisoire,,
05EA006,2026-08-04T08:40:00Z,46,723.711,,,Provisional/Provisoire,,
05EA006,2026-08-04T08:45:00Z,46,723.700,,,Provisional/Provisoire,,
05EA006,2026-08-04T08:50:00Z,46,723.701,,,Provisional/Provisoire,,
05EA006,2026-08-04T08:55:00Z,46,723.702,,,Provisional/Provisoire,,
05EA006,2026-08-04T09:00:00Z,46,723.700,,,Provisional/Provisoire,,
05EA006,2026-08-04T09:05:00Z,46,723.771,,,Provisional/Provisoire,,
05EA006,2026-08-04T09:10:00Z,46,723.718,,,Provisional/Provisoire,,
05EA006,2026-08-04T09:15:00Z,46,723.686,,,Provisional/Provisoire,,
05EA006,2026-08-04T09:20:00Z,46,723.693,,,Provisional/Provisoire,,
05EA006,2026-08-04T09:25:00Z,46,723.690,,,Provisional/Provisoire,,
05EA006,2026-08-04T09:30:00Z,46,723.687,,,Provisional/Provisoire,,
05EA006,2026-08-04T09:35:00Z,46,723.681,,,Provisional/Provisoire,,
05EA006,2026-08-04T09:40:00Z,46,723.738,,,Provisional/Provisoire,,
05EA006,2026-08-04T09:45:00Z,46,723.687,,,Provisional/Provisoire,,
05EA006,2026-08-04T09:50:00Z,46,723.689,,,Provisional/Provisoire,,
05EA006,2026-08-04T09:55:00Z,46,723.684,,,Provisional/Provisoire,,
05EA006,2026-08-04T10:00:00Z,46,723.686,,,Provisional/Provisoire,,
05EA006,2026-08-04T10:05:00Z,46,723.676,,,Provisional/Provisoire,,
05EA006,2026-08-04T10:10:00Z,46,723.679,,,Provisional/Provisoire,,
05EA006,2026-08-04T10:15:00Z,46,723.668,,,Provisional/Provisoire,,
05EA006,2026-08-04T10:20:00Z,46,723.683,,,Provisional/Provisoire,,
05EA006,2026-08-04T10:25:00Z,46,723.675,,,Provisional/Provisoire,,
05EA006,2026-08-04T10:30:00Z,46,723.691,,,Provisional/Provisoire,,
05EA006,2026-08-04T10:35:00Z,46,723.675,,,Provisional/Provisoire,,
05EA006,2026-08-04T10:40:00Z,46,723.678,,,Provisional/Provisoire,,
05EA006,2026-08-04T10:45:00Z,46,723.680,,,Provisional/Provisoire,,
05EA006,2026-08-04T10:50:00Z,46,723.675,,,Provisional/Provisoire,,
05EA006,2026-08-04T10:55:00Z,46,723.682,,,Provisional/Provisoire,,
05EA006,2026-08-04T11:00:00Z,46,723.678,,,Provisional/Provisoire,,
05EA006,2026-08-04T11:05:00Z,46,723.691,,,Provisional/Provisoire,,
05EA006,2026-08-04T11:10:00Z,46,723.671,,,Provisional/Provisoire,,
05EA006,2026-08-04T11:15:00Z,46,723.668,,,Provisional/Provisoire,,
05EA006,2026-08-04T11:20:00Z,46,723.662,,,Provisional/Provisoire,,
05EA006,2026-08-04T11:25:00Z,46,723.684,,,Provisional/Provisoire,,
05EA006,2026-08-04T11:30:00Z,46,723.687,,,Provisional/Provisoire,,
05EA006,2026-08-04T11:35:00Z,46,723.679,,,Provisional/Provisoire,,
05EA006,2026-08-04T11:40:00Z,46,723.695,,,Provisional/Provisoire,,
05EA006,2026-08-04T11:45:00Z,46,723.753,,,Provisional/Provisoire,,
05EA006,2026-08-04T11:50:00Z,46,723.676,,,Provisional/Provisoire,,
05EA006,2026-08-04T11:55:00Z,46,723.665,,,Provisional/Provisoire,,
05EA006,2026-08-04T12:00:00Z,46,723.661,,,Provisional/Provisoire,,
05EA006,2026-08-04T12:05:00Z,46,723.668,,,Provisional/Provisoire,,
05EA006,2026-08-04T12:10:00Z,46,723.697,,,Provisional/Provisoire,,
05EA006,2026-08-04T12:15:00Z,46,723.687,,,Provisional/Provisoire,,
05EA006,2026-08-04T12:20:00Z,46,723.680,,,Provisional/Provisoire,,
05EA006,2026-08-04T12:25:00Z,46,723.673,,,Provisional/Provisoire,,
05EA006,2026-08-04T12:30:00Z,46,723.666,,,Provisional/Provisoire,,
05EA006,2026-08-04T12:35:00Z,46,723.684,,,Provisional/Provisoire,,
05EA006,2026-08-04T12:40:00Z,46,723.653,,,Provisional/Provisoire,,
05EA006,2026-08-04T12:45:00Z,46,723.653,,,Provisional/Provisoire,,
05EA006,2026-08-04T12:50:00Z,46,723.652,,,Provisional/Provisoire,,
05EA006,2026-08-04T12:55:00Z,46,723.686,,,Provisional/Provisoire,,
05EA006,2026-08-04T13:00:00Z,46,723.674,,,Provisional/Provisoire,,
05EA006,2026-08-04T13:05:00Z,46,723.652,,,Provisional/Provisoire,,
05EA006,2026-08-04T13:10:00Z,46,723.645,,,Provisional/Provisoire,,
05EA006,2026-08-04T13:15:00Z,46,723.706,,,Provisional/Provisoire,,
05EA006,2026-08-04T13:20:00Z,46,723.692,,,Provisional/Provisoire,,
05EA006,2026-08-04T13:25:00Z,46,723.677,,,Provisional/Provisoire,,
05EA006,2026-08-04T13:30:00Z,46,723.646,,,Provisional/Provisoire,,
05EA006,2026-08-04T13:35:00Z,46,723.684,,,Provisional/Provisoire,,
05EA006,2026-08-04T13:40:00Z,46,723.672,,,Provisional/Provisoire,,
05EA006,2026-08-04T13:45:00Z,46,723.663,,,Provisional/Provisoire,,
05EA006,2026-08-04T13:50:00Z,46,723.660,,,Provisional/Provisoire,,
05EA006,2026-08-04T13:55:00Z,46,723.678,,,Provisional/Provisoire,,
05EA006,2026-08-04T14:00:00Z,46,723.680,,,Provisional/Provisoire,,
05EA006,2026-08-04T14:05:00Z,46,723.664,,,Provisional/Provisoire,,
05EA006,2026-08-04T14:10:00Z,46,723.648,,,Provisional/Provisoire,,
05EA006,2026-08-04T14:15:00Z,46,723.638,,,Provisional/Provisoire,,
05EA006,2026-08-04T14:20:00Z,46,723.683,,,Provisional/Provisoire,,
05EA006,2026-08-04T14:25:00Z,46,723.673,,,Provisional/Provisoire,,
05EA006,2026-08-04T14:30:00Z,46,723.659,,,Provisional/Provisoire,,
05EA006,2026-08-04T14:35:00Z,46,723.648,,,Provisional/Provisoire,,
05EA006,2026-08-04T14:40:00Z,46,723.675,,,Provisional/Provisoire,,
05EA006,2026-08-04T14:45:00Z,46,723.673,,,Provisional/Provisoire,,
05EA006,2026-08-04T14:50:00Z,46,723.662,,,Provisional/Provisoire,,
05EA006,2026-08-04T14:55:00Z,46,723.653,,,Provisional/Provisoire,,
05EA006,2026-08-04T15:00:00Z,46,723.662,,,Provisional/Provisoire,,
05EA006,2026-08-04T15:05:00Z,46,723.678,,,Provisional/Provisoire,,
05EA006,2026-08-04T15:10:00Z,46,723.662,,,Provisional/Provisoire,,
05EA006,2026-08-04T15:15:00Z,46,723.653,,,Provisional/Provisoire,,
05EA006,2026-08-04T15:20:00Z,46,723.641,,,Provisional/Provisoire,,
05EA006,2026-08-04T15:25:00Z,46,723.670,,,Provisional/Provisoire,,
05EA006,2026-08-04T15:30:00Z,46,723.658,,,Provisional/Provisoire,,
05EA006,2026-08-04T15:35:00Z,46,723.653,,,Provisional/Provisoire,,
05EA006,2026-08-04T15:40:00Z,46,723.668,,,Provisional/Provisoire,,
05EA006,2026-08-04T15:45:00Z,46,723.666,,,Provisional/Provisoire,,
05EA006,2026-08-04T15:50:00Z,46,723.657,,,Provisional/Provisoire,,
05EA006,2026-08-04T15:55:00Z,46,723.643,,,Provisional/Provisoire,,
05EA006,2026-08-04T16:00:00Z,46,723.678,,,Provisional/Provisoire,,
05EA006,2026-08-04T16:05:00Z,46,723.659,,,Provisional/Provisoire,,
05EA006,2026-08-04T16:10:00Z,46,723.648,,,Provisional/Provisoire,,
05EA006,2026-08-04T16:15:00Z,46,723.647,,,Provisional/Provisoire,,
05EA006,2026-08-04T16:20:00Z,46,723.673,,,Provisional/Provisoire,,
05EA006,2026-08-04T16:25:00Z,46,723.658,,,Provisional/Provisoire,,
05EA006,2026-08-04T16:30:00Z,46,723.663,,,Provisional/Provisoire,,
05EA006,2026-08-04T16:35:00Z,46,723.646,,,Provisional/Provisoire,,
05EA006,2026-08-04T16:40:00Z,46,723.672,,,Provisional/Provisoire,,
05EA006,2026-08-04T16:45:00Z,46,723.684,,,Provisional/Provisoire,,
05EA006,2026-08-04T16:50:00Z,46,723.684,,,Provisional/Provisoire,,
05EA006,2026-08-04T16:55:00Z,46,723.669,,,Provisional/Provisoire,,
05EA006,2026-08-04T17:00:00Z,46,723.673,,,Provisional/Provisoire,,
05EA006,2026-08-04T17:05:00Z,46,723.657,,,Provisional/Provisoire,,
05EA006,2026-08-04T17:10:00Z,46,723.656,,,Provisional/Provisoire,,
05EA006,2026-08-04T17:15:00Z,46,723.641,,,Provisional/Provisoire,,
05EA006,2026-08-04T17:20:00Z,46,723.641,,,Provisional/Provisoire,,
05EA006,2026-08-04T17:25:00Z,46,723.687,,,Provisional/Provisoire,,
05EA006,2026-08-04T17:30:00Z,46,723.677,,,Provisional/Provisoire,,
05EA006,2026-08-04T17:35:00Z,46,723.678,,,Provisional/Provisoire,,
05EA006,2026-08-04T17:40:00Z,46,723.683,,,Provisional/Provisoire,,
05EA006,2026-08-04T17:45:00Z,46,723.680,,,Provisional/Provisoire,,
05EA006,2026-08-04T17:50:00Z,46,723.673,,,Provisional/Provisoire,,
05EA006,2026-08-04T17:55:00Z,46,723.670,,,Provisional/Provisoire,,
05EA006,2026-08-04T18:00:00Z,46,723.670,,,Provisional/Provisoire,,
05EA006,2026-08-04T18:05:00Z,46,723.664,,,Provisional/Provisoire,,
05EA006,2026-08-04T18:10:00Z,46,723.662,,,Provisional/Provisoire,,
05EA006,2026-08-04T18:15:00Z,46,723.662,,,Provisional/Provisoire,,
05EA006,2026-08-04T18:20:00Z,46,723.663,,,Provisional/Provisoire,,
05EA006,2026-08-04T18:25:00Z,46,723.656,,,Provisional/Provisoire,,
05EA006,2026-08-04T18:30:00Z,46,723.660,,,Provisional/Provisoire,,
05EA006,2026-08-04T18:35:00Z,46,723.649,,,Provisional/Provisoire,,
05EA006,2026-08-04T18:40:00Z,46,723.647,,,Provisional/Provisoire,,
05EA006,2026-08-04T18:45:00Z,46,723.651,,,Provisional/Provisoire,,
05EA006,2026-08-04T18:50:00Z,46,723.641,,,Provisional/Provisoire,,
05EA006,2026-08-04T18:55:00Z,46,723.667,,,Provisional/Provisoire,,
05EA006,2026-08-04T19:00:00Z,46,723.678,,,Provisional/Provisoire,,
05EA006,2026-08-04T19:05:00Z,46,723.710,,,Provisional/Provisoire,,
05EA006,2026-08-04T19:10:00Z,46,723.676,,,Provisional/Provisoire,,
05EA006,2026-08-04T19:15:00Z,46,723.677,,,Provisional/Provisoire,,
05EA006,2026-08-04T19:20:00Z,46,723.661,,,Provisional/Provisoire,,
05EA006,2026-08-04T19:25:00Z,46,723.659,,,Provisional/Provisoire,,
05EA006,2026-08-04T19:30:00Z,46,723.658,,,Provisional/Provisoire,,
05EA006,2026-08-04T19:35:00Z,46,723.657,,,Provisional/Provisoire,,
05EA006,2026-08-04T19:40:00Z,46,723.652,,,Provisional/Provisoire,,
05EA006,2026-08-04T19:45:00Z,46,723.658,,,Provisional/Provisoire,,
05EA006,2026-08-04T19:50:00Z,46,723.641,,,Provisional/Provisoire,,
05EA006,2026-08-04T19:55:00Z,46,723.643,,,Provisional/Provisoire,,
05EA006,2026-08-04T20:00:00Z,46,723.643,,,Provisional/Provisoire,,
05EA006,2026-08-04T20:05:00Z,46,723.638,,,Provisional/Provisoire,,
05EA006,2026-08-04T20:10:00Z,46,723.677,,,Provisional/Provisoire,,
05EA006,2026-08-04T20:15:00Z,46,723.677,,,Provisional/Provisoire,,
05EA006,2026-08-04T20:20:00Z,46,723.673,,,Provisional/Provisoire,,
05EA006,2026-08-04T20:25:00Z,46,723.668,,,Provisional/Provisoire,,
05EA006,2026-08-04T20:30:00Z,46,723.648,,,Provisional/Provisoire,,
05EA006,2026-08-04T20:35:00Z,46,723.650,,,Provisional/Provisoire,,
05EA006,2026-08-04T20:40:00Z,46,723.649,,,Provisional/Provisoire,,
05EA006,2026-08-04T20:45:00Z,46,723.650,,,Provisional/Provisoire,,
05EA006,2026-08-04T20:50:00Z,46,723.650,,,Provisional/Provisoire,,
05EA006,2026-08-04T20:55:00Z,46,723.644,,,Provisional/Provisoire,,
05EA006,2026-08-04T21:00:00Z,46,723.641,,,Provisional/Provisoire,,
05EA006,2026-08-04T21:05:00Z,46,723.635,,,Provisional/Provisoire,,
05EA006,2026-08-04T21:10:00Z,46,723.662,,,Provisional/Provisoire,,
05EA006,2026-08-04T21:15:00Z,46,723.670,,,Provisional/Provisoire,,
05EA006,2026-08-04T21:20:00Z,46,723.675,,,Provisional/Provisoire,,
05EA006,2026-08-04T21:25:00Z,46,723.677,,,Provisional/Provisoire,,
05EA006,2026-08-04T21:30:00Z,46,723.673,,,Provisional/Provisoire,,
05EA006,2026-08-04T21:35:00Z,46,723.669,,,Provisional/Provisoire,,
05EA006,2026-08-04T21:40:00Z,46,723.660,,,Provisional/Provisoire,,
05EA006,2026-08-04T21:45:00Z,46,723.660,,,Provisional/Provisoire,,
05EA006,2026-08-04T21:50:00Z,46,723.671,,,Provisional/Provisoire,,
05EA006,2026-08-04T21:55:00Z,46,723.658,,,Provisional/Provisoire,,
05EA006,2026-08-04T22:00:00Z,46,723.657,,,Provisional/Provisoire,,
05EA006,2026-08-04T22:05:00Z,46,723.652,,,Provisional/Provisoire,,
05EA006,2026-08-04T22:10:00Z,46,723.634,,,Provisional/Provisoire,,
05EA006,2026-08-04T22:15:00Z,46,723.630,,,Provisional/Provisoire,,
05EA006,2026-08-04T22:20:00Z,46,723.632,,,Provisional/Provisoire,,
05EA006,2026-08-04T22:25:00Z,46,723.656,,,Provisional/Provisoire,,
05EA006,2026-08-04T22:30:00Z,46,723.667,,,Provisional/Provisoire,,
05EA006,2026-08-04T22:35:00Z,46,723.687,,,Provisional/Provisoire,,
05EA006,2026-08-04T22:40:00Z,46,723.688,,,Provisional/Provisoire,,
05EA006,2026-08-04T22:45:00Z,46,723.664,,,Provisional/Provisoire,,
05EA006,2026-08-04T22:50:00Z,46,723.674,,,Provisional/Provisoire,,
05EA006,2026-08-04T22:55:00Z,46,723.655,,,Provisional/Provisoire,,
05EA006,2026-08-04T23:00:00Z,46,723.647,,,Provisional/Provisoire,,
05EA006,2026-08-04T23:05:00Z,46,723.643,,,Provisional/Provisoire,,
05EA006,2026-08-04T23:10:00Z,46,723.642,,,Provisional/Provisoire,,
05EA006,2026-08-04T23:15:00Z,46,723.642,,,Provisional/Provisoire,,
05EA006,2026-08-04T23:20:00Z,46,723.639,,,Provisional/Provisoire,,
05EA006,2026-08-04T23:25:00Z,46,723.657,,,Provisional/Provisoire,,
05EA006,2026-08-04T23:30:00Z,46,723.625,,,Provisional/Provisoire,,
05EA006,2026-08-04T23:35:00Z,46,723.634,,,Provisional/Provisoire,,
05EA006,2026-08-04T23:40:00Z,46,723.662,,,Provisional/Provisoire,,
05EA006,2026-08-04T23:45:00Z,46,723.668,,,Provisional/Provisoire,,
05EA006,2026-08-04T23:50:00Z,46,723.675,,,Provisional/Provisoire,,
05EA006,2026-08-04T23:55:00Z,46,723.673,,,Provisional/Provisoire,,
05EA006,2026-08-05T00:00:00Z,46,723.677,,,Provisional/Provisoire,,
05EA006,2026-08-05T00:05:00Z,46,723.663,,,Provisional/Provisoire,,
05EA006,2026-08-05T00:10:00Z,46,723.661,,,Provisional/Provisoire,,
05EA006,2026-08-05T00:15:00Z,46,723.655,,,Provisional/Provisoire,,
05EA006,2026-08-05T00:20:00Z,46,723.641,,,Provisional/Provisoire,,
05EA006,2026-08-05T00:25:00Z,46,723.651,,,Provisional/Provisoire,,
05EA006,2026-08-05T00:30:00Z,46,723.637,,,Provisional/Provisoire,,
05EA006,2026-08-05T00:35:00Z,46,723.649,,,Provisional/Provisoire,,
05EA006,2026-08-05T00:40:00Z,46,723.651,,,Provisional/Provisoire,,
05EA006,2026-08-05T00:45:00Z,46,723.645,,,Provisional/Provisoire,,
05EA006,2026-08-05T00:50:00Z,46,723.654,,,Provisional/Provisoire,,
05EA006,2026-08-05T00:55:00Z,46,723.672,,,Provisional/Provisoire,,
05EA006,2026-08-05T01:00:00Z,46,723.662,,,Provisional/Provisoire,,
05EA006,2026-08-05T01:05:00Z,46,723.660,,,Provisional/Provisoire,,
05EA006,2026-08-05T01:10:00Z,46,723.663,,,Provisional/Provisoire,,
05EA006,2026-08-05T01:15:00Z,46,723.656,,,Provisional/Provisoire,,
05EA006,2026-08-05T01:20:00Z,46,723.654,,,Provisional/Provisoire,,
05EA006,2026-08-05T01:25:00Z,46,723.651,,,Provisional/Provisoire,,
05EA006,2026-08-05T01:30:00Z,46,723.637,,,Provisional/Provisoire,,
05EA006,2026-08-05T01:35:00Z,46,723.623,,,Provisional/Provisoire,,
05EA006,2026-08-05T01:40:00Z,46,723.641,,,Provisional/Provisoire,,
05EA006,2026-08-05T01:45:00Z,46,723.638,,,Provisional/Provisoire,,
05EA006,2026-08-05T01:50:00Z,46,723.653,,,Provisional/Provisoire,,
05EA006,2026-08-05T01:55:00Z,46,723.666,,,Provisional/Provisoire,,
05EA006,2026-08-05T02:00:00Z,46,723.671,,,Provisional/Provisoire,,
05EA006,2026-08-05T02:05:00Z,46,723.657,,,Provisional/Provisoire,,
05EA006,2026-08-05T02:10:00Z,46,723.649,,,Provisional/Provisoire,,
05EA006,2026-08-05T02:15:00Z,46,723.660,,,Provisional/Provisoire,,
05EA006,2026-08-05T02:20:00Z,46,723.655,,,Provisional/Provisoire,,
05EA006,2026-08-05T02:25:00Z,46,723.650,,,Provisional/Provisoire,,
05EA006,2026-08-05T02:30:00Z,46,723.649,,,Provisional/Provisoire,,
05EA006,2026-08-05T02:35:00Z,46,723.652,,,Provisional/Provisoire,,
05EA006,2026-08-05T02:40:00Z,46,723.679,,,Provisional/Provisoire,,
05EA006,2026-08-05T02:45:00Z,46,723.643,,,Provisional/Provisoire,,
05EA006,2026-08-05T02:50:00Z,46,723.619,,,Provisional/Provisoire,,
05EA006,2026-08-05T02:55:00Z,46,723.619,,,Provisional/Provisoire,,
05EA006,2026-08-05T03:00:00Z,46,723.622,,,Provisional/Provisoire,,
05EA006,2026-08-05T03:05:00Z,46,723.606,,,Provisional/Provisoire,,
05EA006,2026-08-05T03:10:00Z,46,723.610,,,Provisional/Provisoire,,
05EA006,2026-08-05T03:15:00Z,46,723.648,,,Provisional/Provisoire,,
05EA006,2026-08-05T03:20:00Z,46,723.639,,,Provisional/Provisoire,,
05EA006,2026-08-05T03:25:00Z,46,723.652,,,Provisional/Provisoire,,
05EA006,2026-08-05T03:30:00Z,46,723.655,,,Provisional/Provisoire,,
05EA006,2026-08-05T03:35:00Z,46,723.675,,,Provisional/Provisoire,,
05EA006,2026-08-05T03:40:00Z,46,723.675,,,Provisional/Provisoire,,
05EA006,2026-08-05T03:45:00Z,46,723.668,,,Provisional/Provisoire,,
05EA006,2026-08-05T03:50:00Z,46,723.767,,,Provisional/Provisoire,,
05EA006,2026-08-05T03:55:00Z,46,723.771,,,Provisional/Provisoire,,
05EA006,2026-08-05T04:00:00Z,46,723.759,,,Provisional/Provisoire,,
05EA006,2026-08-05T04:05:00Z,46,723.751,,,Provisional/Provisoire,,
05EA006,2026-08-05T04:10:00Z,46,723.709,,,Provisional/Provisoire,,
05EA006,2026-08-05T04:15:00Z,46,723.672,,,Provisional/Provisoire,,
05EA006,2026-08-05T04:20:00Z,46,723.665,,,Provisional/Provisoire,,
05EA006,2026-08-05T04:25:00Z,46,723.670,,,Provisional/Provisoire,,
05EA006,2026-08-05T04:30:00Z,46,723.693,,,Provisional/Provisoire,,
05EA006,2026-08-05T04:35:00Z,46,723.707,,,Provisional/Provisoire,,
05EA006,2026-08-05T04:40:00Z,46,723.710,,,Provisional/Provisoire,,
05EA006,2026-08-05T04:45:00Z,46,723.698,,,Provisional/Provisoire,,
05EA006,2026-08-05T04:50:00Z,46,723.681,,,Provisional/Provisoire,,
05EA006,2026-08-05T04:55:00Z,46,723.694,,,Provisional/Provisoire,,
05EA006,2026-08-05T05:00:00Z,46,723.704,,,Provisional/Provisoire,,
05EA006,2026-08-05T05:05:00Z,46,723.758,,,Provisional/Provisoire,,
05EA006,2026-08-05T05:10:00Z,46,723.773,,,Provisional/Provisoire,,
05EA006,2026-08-05T05:15:00Z,46,723.767,,,Provisional/Provisoire,,
05EA006,2026-08-05T05:20:00Z,46,723.767,,,Provisional/Provisoire,,
05EA006,2026-08-05T05:25:00Z,46,723.749,,,Provisional/Provisoire,,
05EA006,2026-08-05T05:30:00Z,46,723.745,,,Provisional/Provisoire,,
05EA006,2026-08-05T05:35:00Z,46,723.746,,,Provisional/Provisoire,,
05EA006,2026-08-05T05:40:00Z,46,723.754,,,Provisional/Provisoire,,
05EA006,2026-08-05T05:45:00Z,46,723.763,,,Provisional/Provisoire,,
05EA006,2026-08-05T05:50:00Z,46,723.770,,,Provisional/Provisoire,,
05EA006,2026-08-05T05:55:00Z,46,723.763,,,Provisional/Provisoire,,
05EA006,2026-08-05T06:00:00Z,46,723.746,,,Provisional/Provisoire,,
05EA006,2026-08-05T06:05:00Z,46,723.742,,,Provisional/Provisoire,,
05EA006,2026-08-05T06:10:00Z,46,723.750,,,Provisional/Provisoire,,
05EA006,2026-08-05T06:15:00Z,46,723.751,,,Provisional/Provisoire,,
05EA006,2026-08-05T06:20:00Z,46,723.757,,,Provisional/Provisoire,,
05EA006,2026-08-05T06:25:00Z,46,723.769,,,Provisional/Provisoire,,
05EA006,2026-08-05T06:30:00Z,46,723.768,,,Provisional/Provisoire,,
05EA006,2026-08-05T06:35:00Z,46,723.756,,,Provisional/Provisoire,,
05EA006,2026-08-05T06:40:00Z,46,723.747,,,Provisional/Provisoire,,
05EA006,2026-08-05T06:45:00Z,46,723.748,,,Provisional/Provisoire,,
05EA006,2026-08-05T06:50:00Z,46,723.740,,,Provisional/Provisoire,,
05EA006,2026-08-05T06:55:00Z,46,723.739,,,Provisional/Provisoire,,
05EA006,2026-08-05T07:00:00Z,46,723.748,,,Provisional/Provisoire,,
05EA006,2026-08-05T07:05:00Z,46,723.741,,,Provisional/Provisoire,,
05EA006,2026-08-05T07:10:00Z,46,723.737,,,Provisional/Provisoire,,
05EA006,2026-08-05T07:15:00Z,46,723.733,,,Provisional/Provisoire,,
05EA006,2026-08-05T07:20:00Z,46,723.714,,,Provisional/Provisoire,,
05EA006,2026-08-05T07:25:00Z,46,723.713,,,Provisional/Provisoire,,
05EA006,2026-08-05T07:30:00Z,46,723.731,,,Provisional/Provisoire,,
05EA006,2026-08-05T07:35:00Z,46,723.734,,,Provisional/Provisoire,,
05EA006,2026-08-05T07:40:00Z,46,723.739,,,Provisional/Provisoire,,
05EA006,2026-08-05T07:45:00Z,46,723.740,,,Provisional/Provisoire,,
05EA006,2026-08-05T07:50:00Z,46,723.716,,,Provisional/Provisoire,,
05EA006,2026-08-05T07:55:00Z,46,723.714,,,Provisional/Provisoire,,
05EA006,2026-08-05T08:00:00Z,46,723.727,,,Provisional/Provisoire,,
05EA006,2026-08-05T08:05:00Z,46,723.728,,,Provisional/Provisoire,,
05EA006,2026-08-05T08:10:00Z,46,723.731,,,Provisional/Provisoire,,
05EA006,2026-08-05T08:15:00Z,46,723.740,,,Provisional/Provisoire,,
05EA006,2026-08-05T08:20:00Z,46,723.739,,,Provisional/Provisoire,,
05EA006,2026-08-05T08:25:00Z,46,723.734,,,Provisional/Provisoire,,
05EA006,2026-08-05T08:30:00Z,46,723.716,,,Provisional/Provisoire,,
05EA006,2026-08-05T08:35:00Z,46,723.731,,,Provisional/Provisoire,,
05EA006,2026-08-05T08:40:00Z,46,723.737,,,Provisional/Provisoire,,
05EA006,2026-08-05T08:45:00Z,46,723.743,,,Provisional/Provisoire,,
05EA006,2026-08-05T08:50:00Z,46,723.741,,,Provisional/Provisoire,,
05EA006,2026-08-05T08:55:00Z,46,723.737,,,Provisional/Provisoire,,
05EA006,2026-08-05T09:00:00Z,46,723.742,,,Provisional/Provisoire,,
05EA006,2026-08-05T09:05:00Z,46,723.730,,,Provisional/Provisoire,,
05EA006,2026-08-05T09:10:00Z,46,723.737,,,Provisional/Provisoire,,
05EA006,2026-08-05T09:15:00Z,46,723.733,,,Provisional/Provisoire,,
05EA006,2026-08-05T09:20:00Z,46,723.716,,,Provisional/Provisoire,,
05EA006,2026-08-05T09:25:00Z,46,723.733,,,Provisional/Provisoire,,
05EA006,2026-08-05T09:30:00Z,46,723.736,,,Provisional/Provisoire,,
05EA006,2026-08-05T09:35:00Z,46,723.732,,,Provisional/Provisoire,,
05EA006,2026-08-05T09:40:00Z,46,723.726,,,Provisional/Provisoire,,
05EA006,2026-08-05T09:45:00Z,46,723.705,,,Provisional/Provisoire,,
05EA006,2026-08-05T09:50:00Z,46,723.723,,,Provisional/Provisoire,,
05EA006,2026-08-05T09:55:00Z,46,723.709,,,Provisional/Provisoire,,
05EA006,2026-08-05T10:00:00Z,46,723.727,,,Provisional/Provisoire,,
05EA006,2026-08-05T10:05:00Z,46,723.715,,,Provisional/Provisoire,,
05EA006,2026-08-05T10:10:00Z,46,723.731,,,Provisional/Provisoire,,
05EA006,2026-08-05T10:15:00Z,46,723.717,,,Provisional/Provisoire,,
05EA006,2026-08-05T10:20:00Z,46,723.713,,,Provisional/Provisoire,,
05EA006,2026-08-05T10:25:00Z,46,723.726,,,Provisional/Provisoire,,
05EA006,2026-08-05T10:30:00Z,46,723.729,,,Provisional/Provisoire,,
05EA006,2026-08-05T10:35:00Z,46,723.730,,,Provisional/Provisoire,,
05EA006,2026-08-05T10:40:00Z,46,723.734,,,Provisional/Provisoire,,
05EA006,2026-08-05T10:45:00Z,46,723.713,,,Provisional/Provisoire,,
05EA006,2026-08-05T10:50:00Z,46,723.736,,,Provisional/Provisoire,,
05EA006,2026-08-05T10:55:00Z,46,723.717,,,Provisional/Provisoire,,
05EA006,2026-08-05T11:00:00Z,46,723.728,,,Provisional/Provisoire,,
05EA006,2026-08-05T11:05:00Z,46,723.729,,,Provisional/Provisoire,,
05EA006,2026-08-05T11:10:00Z,46,723.730,,,Provisional/Provisoire,,
05EA006,2026-08-05T11:15:00Z,46,723.734,,,Provisional/Provisoire,,
05EA006,2026-08-05T11:20:00Z,46,723.733,,,Provisional/Provisoire,,
05EA006,2026-08-05T11:25:00Z,46,723.734,,,Provisional/Provisoire,,
05EA006,2026-08-05T11:30:00Z,46,723.706,,,Provisional/Provisoire,,
05EA006,2026-08-05T11:35:00Z,46,723.705,,,Provisional/Provisoire,,
05EA006,2026-08-05T11:40:00Z,46,723.707,,,Provisional/Provisoire,,
05EA006,2026-08-05T11:45:00Z,46,723.733,,,Provisional/Provisoire,,
05EA006,2026-08-05T11:50:00Z,46,723.708,,,Provisional/Provisoire,,
05EA006,2026-08-05T11:55:00Z,46,723.734,,,Provisional/Provisoire,,
05EA006,2026-08-05T12:00:00Z,46,723.729,,,Provisional/Provisoire,,
05EA006,2026-08-05T12:05:00Z,46,723.729,,,Provisional/Provisoire,,
05EA006,2026-08-05T12:10:00Z,46,723.728,,,Provisional/Provisoire,,
05EA006,2026-08-05T12:15:00Z,46,723.688,,,Provisional/Provisoire,,
05EA006,2026-08-05T12:20:00Z,46,723.728,,,Provisional/Provisoire,,
05EA006,2026-08-05T12:25:00Z,46,723.734,,,Provisional/Provisoire,,
05EA006,2026-08-05T12:30:00Z,46,723.734,,,Provisional/Provisoire,,
05EA006,2026-08-05T12:35:00Z,46,723.738,,,Provisional/Provisoire,,
05EA006,2026-08-05T12:40:00Z,46,723.735,,,Provisional/Provisoire,,
05EA006,2026-08-05T12:45:00Z,46,723.753,,,Provisional/Provisoire,,
05EA006,2026-08-05T12:50:00Z,46,723.778,,,Provisional/Provisoire,,
05EA006,2026-08-05T12:55:00Z,46,723.781,,,Provisional/Provisoire,,
05EA006,2026-08-05T13:00:00Z,46,723.791,,,Provisional/Provisoire,,
05EA006,2026-08-05T13:05:00Z,46,723.797,,,Provisional/Provisoire,,
05EA006,2026-08-05T13:10:00Z,46,723.795,,,Provisional/Provisoire,,
05EA006,2026-08-05T13:15:00Z,46,723.780,,,Provisional/Provisoire,,
05EA006,2026-08-05T13:20:00Z,46,723.775,,,Provisional/Provisoire,,
05EA006,2026-08-05T13:25:00Z,46,723.767,,,Provisional/Provisoire,,
05EA006,2026-08-05T13:30:00Z,46,723.771,,,Provisional/Provisoire,,
05EA006,2026-08-05T13:35:00Z,46,723.786,,,Provisional/Provisoire,,
05EA006,2026-08-05T13:40:00Z,46,723.780,,,Provisional/Provisoire,,
05EA006,2026-08-05T13:45:00Z,46,723.773,,,Provisional/Provisoire,,
05EA006,2026-08-05T13:50:00Z,46,723.805,,,Provisional/Provisoire,,
05EA006,2026-08-05T13:55:00Z,46,723.788,,,Provisional/Provisoire,,
05EA006,2026-08-05T14:00:00Z,46,723.759,,,Provisional/Provisoire,,
05EA006,2026-08-05T14:05:00Z,46,723.753,,,Provisional/Provisoire,,
05EA006,2026-08-05T14:10:00Z,46,723.787,,,Provisional/Provisoire,,
05EA006,2026-08-05T14:15:00Z,46,723.775,,,Provisional/Provisoire,,
05EA006,2026-08-05T14:20:00Z,46,723.757,,,Provisional/Provisoire,,
05EA006,2026-08-05T14:25:00Z,46,723.740,,,Provisional/Provisoire,,
05EA006,2026-08-05T14:30:00Z,46,723.787,,,Provisional/Provisoire,,
05EA006,2026-08-05T14:35:00Z,46,723.772,,,Provisional/Provisoire,,
05EA006,2026-08-05T14:40:00Z,46,723.764,,,Provisional/Provisoire,,
05EA006,2026-08-05T14:45:00Z,46,723.791,,,Provisional/Provisoire,,
05EA006,2026-08-05T14:50:00Z,46,723.794,,,Provisional/Provisoire,,
05EA006,2026-08-05T14:55:00Z,46,723.777,,,Provisional/Provisoire,,
05EA006,2026-08-05T15:00:00Z,46,723.766,,,Provisional/Provisoire,,
05EA006,2026-08-05T15:05:00Z,46,723.797,,,Provisional/Provisoire,,
05EA006,2026-08-05T15:10:00Z,46,723.800,,,Provisional/Provisoire,,
05EA006,2026-08-05T15:15:00Z,46,723.776,,,Provisional/Provisoire,,
05EA006,2026-08-05T15:20:00Z,46,723.766,,,Provisional/Provisoire,,
05EA006,2026-08-05T15:25:00Z,46,723.768,,,Provisional/Provisoire,,
05EA006,2026-08-05T15:30:00Z,46,723.787,,,Provisional/Provisoire,,
05EA006,2026-08-05T15:35:00Z,46,723.777,,,Provisional/Provisoire,,
05EA006,2026-08-05T15:40:00Z,46,723.762,,,Provisional/Provisoire,,
05EA006,2026-08-05T15:45:00Z,46,723.777,,,Provisional/Provisoire,,
05EA006,2026-08-05T15:50:00Z,46,723.788,,,Provisional/Provisoire,,
05EA006,2026-08-05T15:55:00Z,46,723.777,,,Provisional/Provisoire,,
05EA006,2026-08-05T16:00:00Z,46,723.767,,,Provisional/Provisoire,,
05EA006,2026-08-05T16:05:00Z,46,723.773,,,Provisional/Provisoire,,
05EA006,2026-08-05T16:10:00Z,46,723.775,,,Provisional/Provisoire,,
05EA006,2026-08-05T16:15:00Z,46,723.764,,,Provisional/Provisoire,,
05EA006,2026-08-05T16:20:00Z,46,723.755,,,Provisional/Provisoire,,
05EA006,2026-08-05T16:25:00Z,46,723.774,,,Provisional/Provisoire,,
05EA006,2026-08-05T16:30:00Z,46,723.773,,,Provisional/Provisoire,,
05EA006,2026-08-05T16:35:00Z,46,723.760,,,Provisional/Provisoire,,
05EA006,2026-08-05T16:40:00Z,46,723.746,,,Provisional/Provisoire,,
05EA006,2026-08-05T16:45:00Z,46,723.772,,,Provisional/Provisoire,,
05EA006,2026-08-05T16:50:00Z,46,723.746,,,Provisional/Provisoire,,
05EA006,2026-08-05T16:55:00Z,46,723.756,,,Provisional/Provisoire,,
05EA006,2026-08-05T17:00:00Z,46,723.767,,,Provisional/Provisoire,,
05EA006,2026-08-05T17:05:00Z,46,723.773,,,Provisional/Provisoire,,
05EA006,2026-08-05T17:10:00Z,46,723.764,,,Provisional/Provisoire,,
05EA006,2026-08-05T17:15:00Z,46,723.748,,,Provisional/Provisoire,,
05EA006,2026-08-05T17:20:00Z,46,723.784,,,Provisional/Provisoire,,
05EA006,2026-08-05T17:25:00Z,46,723.763,,,Provisional/Provisoire,,
05EA006,2026-08-05T17:30:00Z,46,723.766,,,Provisional/Provisoire,,
05EA006,2026-08-05T17:35:00Z,46,723.760,,,Provisional/Provisoire,,
05EA006,2026-08-05T17:40:00Z,46,723.749,,,Provisional/Provisoire,,
05EA006,2026-08-05T17:45:00Z,46,723.743,,,Provisional/Provisoire,,
05EA006,2026-08-05T17:50:00Z,46,723.748,,,Provisional/Provisoire,,
05EA006,2026-08-05T17:55:00Z,46,723.793,,,Provisional/Provisoire,,
05EA006,2026-08-05T18:00:00Z,46,723.789,,,Provisional/Provisoire,,
05EA006,2026-08-05T18:05:00Z,46,723.788,,,Provisional/Provisoire,,
05EA006,2026-08-05T18:10:00Z,46,723.785,,,Provisional/Provisoire,,
05EA006,2026-08-05T18:15:00Z,46,723.785,,,Provisional/Provisoire,,
05EA006,2026-08-05T18:20:00Z,46,723.783,,,Provisional/Provisoire,,
05EA006,2026-08-05T18:25:00Z,46,723.760,,,Provisional/Provisoire,,
05EA006,2026-08-05T18:30:00Z,46,723.776,,,Provisional/Provisoire,,
05EA006,2026-08-05T18:35:00Z,46,723.778,,,Provisional/Provisoire,,
05EA006,2026-08-05T18:40:00Z,46,723.753,,,Provisional/Provisoire,,
05EA006,2026-08-05T18:45:00Z,46,723.770,,,Provisional/Provisoire,,
05EA006,2026-08-05T18:50:00Z,46,723.791,,,Provisional/Provisoire,,
05EA006,2026-08-05T18:55:00Z,46,723.800,,,Provisional/Provisoire,,
05EA006,2026-08-05T19:00:00Z,46,723.801,,,Provisional/Provisoire,,
05EA006,2026-08-05T19:05:00Z,46,723.801,,,Provisional/Provisoire,,
05EA006,2026-08-05T19:10:00Z,46,723.794,,,Provisional/Provisoire,,
05EA006,2026-08-05T19:15:00Z,46,723.798,,,Provisional/Provisoire,,
05EA006,2026-08-05T19:20:00Z,46,723.793,,,Provisional/Provisoire,,
05EA006,2026-08-05T19:25:00Z,46,723.783,,,Provisional/Provisoire,,
05EA006,2026-08-05T19:30:00Z,46,723.787,,,Provisional/Provisoire,,
05EA006,2026-08-05T19:35:00Z,46,723.769,,,Provisional/Provisoire,,
05EA006,2026-08-05T19:40:00Z,46,723.772,,,Provisional/Provisoire,,
05EA006,2026-08-05T19:45:00Z,46,723.772,,,Provisional/Provisoire,,
05EA006,2026-08-05T19:50:00Z,46,723.772,,,Provisional/Provisoire,,
05EA006,2026-08-05T19:55:00Z,46,723.790,,,Provisional/Provisoire,,
05EA006,2026-08-05T20:00:00Z,46,723.774,,,Provisional/Provisoire,,
05EA006,2026-08-05T20:05:00Z,46,723.778,,,Provisional/Provisoire,,
05EA006,2026-08-05T20:10:00Z,46,723.776,,,Provisional/Provisoire,,
05EA006,2026-08-05T20:15:00Z,46,723.774,,,Provisional/Provisoire,,
05EA006,2026-08-05T20:20:00Z,46,723.769,,,Provisional/Provisoire,,
05EA006,2026-08-05T20:25:00Z,46,723.765,,,Provisional/Provisoire,,
05EA006,2026-08-05T20:30:00Z,46,723.765,,,Provisional/Provisoire,,
05EA006,2026-08-05T20:35:00Z,46,723.762,,,Provisional/Provisoire,,
05EA006,2026-08-05T20:40:00Z,46,723.752,,,Provisional/Provisoire,,
05EA006,2026-08-05T20:45:00Z,46,723.750,,,Provisional/Provisoire,,
05EA006,2026-08-05T20:50:00Z,46,723.744,,,Provisional/Provisoire,,
05EA006,2026-08-05T20:55:00Z,46,723.738,,,Provisional/Provisoire,,
05EA006,2026-08-05T21:00:00Z,46,723.764,,,Provisional/Provisoire,,
05EA006,2026-08-05T21:05:00Z,46,723.782,,,Provisional/Provisoire,,
05EA006,2026-08-05T21:10:00Z,46,723.783,,,Provisional/Provisoire,,
05EA006,2026-08-05T21:15:00Z,46,723.774,,,Provisional/Provisoire,,
05EA006,2026-08-05T21:20:00Z,46,723.769,,,Provisional/Provisoire,,
05EA006,2026-08-05T21:25:00Z,46,723.764,,,Provisional/Provisoire,,
05EA006,2026-08-05T21:30:00Z,46,723.761,,,Provisional/Provisoire,,
05EA006,2026-08-05T21:35:00Z,46,723.755,,,Provisional/Provisoire,,
05EA006,2026-08-05T21:40:00Z,46,723.754,,,Provisional/Provisoire,,
05EA006,2026-08-05T21:45:00Z,46,723.751,,,Provisional/Provisoire,,
05EA006,2026-08-05T21:50:00Z,46,723.745,,,Provisional/Provisoire,,
05EA006,2026-08-05T21:55:00Z,46,723.747,,,Provisional/Provisoire,,
05EA006,2026-08-05T22:00:00Z,46,723.773,,,Provisional/Provisoire,,
05EA006,2026-08-05T22:05:00Z,46,723.777,,,Provisional/Provisoire,,
05EA006,2026-08-05T22:10:00Z,46,723.768,,,Provisional/Provisoire,,
05EA006,2026-08-05T22:15:00Z,46,723.768,,,Provisional/Provisoire,,
05EA006,2026-08-05T22:20:00Z,46,723.768,,,Provisional/Provisoire,,
05EA006,2026-08-05T22:25:00Z,46,723.764,,,Provisional/Provisoire,,
05EA006,2026-08-05T22:30:00Z,46,723.764,,,Provisional/Provisoire,,
05EA006,2026-08-05T22:35:00Z,46,723.760,,,Provisional/Provisoire,,
05EA006,2026-08-05T22:40:00Z,46,723.754,,,Provisional/Provisoire,,
05EA006,2026-08-05T22:45:00Z,46,723.751,,,Provisional/Provisoire,,
05EA006,2026-08-05T22:50:00Z,46,723.752,,,Provisional/Provisoire,,
05EA006,2026-08-05T22:55:00Z,46,723.754,,,Provisional/Provisoire,,
05EA006,2026-08-05T23:00:00Z,46,723.743,,,Provisional/Provisoire,,
05EA006,2026-08-05T23:05:00Z,46,723.771,,,Provisional/Provisoire,,
05EA006,2026-08-05T23:10:00Z,46,723.784,,,Provisional/Provisoire,,
05EA006,2026-08-05T23:15:00Z,46,723.782,,,Provisional/Provisoire,,
05EA006,2026-08-05T23:20:00Z,46,723.782,,,Provisional/Provisoire,,
05EA006,2026-08-05T23:25:00Z,46,723.769,,,Provisional/Provisoire,,
05EA006,2026-08-05T23:30:00Z,46,723.770,,,Provisional/Provisoire,,
05EA006,2026-08-05T23:35:00Z,46,723.750,,,Provisional/Provisoire,,
05EA006,2026-08-05T23:40:00Z,46,723.772,,,Provisional/Provisoire,,
05EA006,2026-08-05T23:45:00Z,46,723.767,,,Provisional/Provisoire,,
05EA006,2026-08-05T23:50:00Z,46,723.756,,,Provisional/Provisoire,,
05EA006,2026-08-05T23:55:00Z,46,723.751,,,Provisional/Provisoire,,
05EA006,2026-08-06T00:00:00Z,46,723.782,,,Provisional/Provisoire,,
05EA006,2026-08-06T00:05:00Z,46,723.781,,,Provisional/Provisoire,,
05EA006,2026-08-06T00:10:00Z,46,723.782,,,Provisional/Provisoire,,
05EA006,2026-08-06T00:15:00Z,46,723.777,,,Provisional/Provisoire,,
05EA006,2026-08-06T00:20:00Z,46,723.773,,,Provisional/Provisoire,,
05EA006,2026-08-06T00:25:00Z,46,723.759,,,Provisional/Provisoire,,
05EA006,2026-08-06T00:30:00Z,46,723.743,,,Provisional/Provisoire,,
05EA006,2026-08-06T00:35:00Z,46,723.778,,,Provisional/Provisoire,,
05EA006,2026-08-06T00:40:00Z,46,723.784,,,Provisional/Provisoire,,
05EA006,2026-08-06T00:45:00Z,46,723.774,,,Provisional/Provisoire,,
05EA006,2026-08-06T00:50:00Z,46,723.762,,,Provisional/Provisoire,,
05EA006,2026-08-06T00:55:00Z,46,723.745,,,Provisional/Provisoire,,
05EA006,2026-08-06T01:00:00Z,46,723.716,,,Provisional/Provisoire,,
05EA006,2026-08-06T01:05:00Z,46,723.722,,,Provisional/Provisoire,,
05EA006,2026-08-06T01:10:00Z,46,723.709,,,Provisional/Provisoire,,
05EA006,2026-08-06T01:15:00Z,46,723.706,,,Provisional/Provisoire,,
05EA006,2026-08-06T01:20:00Z,46,723.702,,,Provisional/Provisoire,,
05EA006,2026-08-06T01:25:00Z,46,723.696,,,Provisional/Provisoire,,
05EA006,2026-08-06T01:30:00Z,46,723.694,,,Provisional/Provisoire,,
05EA006,2026-08-06T01:35:00Z,46,723.713,,,Provisional/Provisoire,,
05EA006,2026-08-06T01:40:00Z,46,723.722,,,Provisional/Provisoire,,
05EA006,2026-08-06T01:45:00Z,46,723.748,,,Provisional/Provisoire,,
05EA006,2026-08-06T01:50:00Z,46,723.728,,,Provisional/Provisoire,,
05EA006,2026-08-06T01:55:00Z,46,723.740,,,Provisional/Provisoire,,
05EA006,2026-08-06T02:00:00Z,46,723.723,,,Provisional/Provisoire,,
05EA006,2026-08-06T02:05:00Z,46,723.721,,,Provisional/Provisoire,,
05EA006,2026-08-06T02:10:00Z,46,723.713,,,Provisional/Provisoire,,
05EA006,2026-08-06T02:15:00Z,46,723.710,,,Provisional/Provisoire,,
05EA006,2026-08-06T02:20:00Z,46,723.705,,,Provisional/Provisoire,,
05EA006,2026-08-06T02:25:00Z,46,723.704,,,Provisional/Provisoire,,
05EA006,2026-08-06T02:30:00Z,46,723.701,,,Provisional/Provisoire,,
05EA006,2026-08-06T02:35:00Z,46,723.699,,,Provisional/Provisoire,,
05EA006,2026-08-06T02:40:00Z,46,723.697,,,Provisional/Provisoire,,
05EA006,2026-08-06T02:45:00Z,46,723.692,,,Provisional/Provisoire,,
05EA006,2026-08-06T02:50:00Z,46,723.697,,,Provisional/Provisoire,,
05EA006,2026-08-06T02:55:00Z,46,723.692,,,Provisional/Provisoire,,
05EA006,2026-08-06T03:00:00Z,46,723.686,,,Provisional/Provisoire,,
05EA006,2026-08-06T03:05:00Z,46,723.695,,,Provisional/Provisoire,,
05EA006,2026-08-06T03:10:00Z,46,723.694,,,Provisional/Provisoire,,
05EA006,2026-08-06T03:15:00Z,46,723.718,,,Provisional/Provisoire,,
05EA006,2026-08-06T03:20:00Z,46,723.744,,,Provisional/Provisoire,,
05EA006,2026-08-06T03:25:00Z,46,723.752,,,Provisional/Provisoire,,
05EA006,2026-08-06T03:30:00Z,46,723.751,,,Provisional/Provisoire,,
05EA006,2026-08-06T03:35:00Z,46,723.764,,,Provisional/Provisoire,,
05EA006,2026-08-06T03:40:00Z,46,723.767,,,Provisional/Provisoire,,
05EA006,2026-08-06T03:45:00Z,46,723.758,,,Provisional/Provisoire,,
05EA006,2026-08-06T03:50:00Z,46,723.764,,,Provisional/Provisoire,,
05EA006,2026-08-06T03:55:00Z,46,723.758,,,Provisional/Provisoire,,
05EA006,2026-08-06T04:00:00Z,46,723.760,,,Provisional/Provisoire,,
05EA006,2026-08-06T04:05:00Z,46,723.756,,,Provisional/Provisoire,,
05EA006,2026-08-06T04:10:00Z,46,723.756,,,Provisional/Provisoire,,
05EA006,2026-08-06T04:15:00Z,46,723.755,,,Provisional/Provisoire,,
05EA006,2026-08-06T04:20:00Z,46,723.755,,,Provisional/Provisoire,,
05EA006,2026-08-06T04:25:00Z,46,723.752,,,Provisional/Provisoire,,
05EA006,2026-08-06T04:30:00Z,46,723.745,,,Provisional/Provisoire,,
05EA006,2026-08-06T04:35:00Z,46,723.741,,,Provisional/Provisoire,,
05EA006,2026-08-06T04:40:00Z,46,723.743,,,Provisional/Provisoire,,
05EA006,2026-08-06T04:45:00Z,46,723.739,,,Provisional/Provisoire,,
05EA006,2026-08-06T04:50:00Z,46,723.735,,,Provisional/Provisoire,,
05EA006,2026-08-06T04:55:00Z,46,723.767,,,Provisional/Provisoire,,
05EA006,2026-08-06T05:00:00Z,46,723.774,,,Provisional/Provisoire,,
05EA006,2026-08-06T05:05:00Z,46,723.772,,,Provisional/Provisoire,,
05EA006,2026-08-06T05:10:00Z,46,723.770,,,Provisional/Provisoire,,
05EA006,2026-08-06T05:15:00Z,46,723.772,,,Provisional/Provisoire,,
05EA006,2026-08-06T05:20:00Z,46,723.769,,,Provisional/Provisoire,,
05EA006,2026-08-06T05:25:00Z,46,723.769,,,Provisional/Provisoire,,
05EA006,2026-08-06T05:30:00Z,46,723.762,,,Provisional/Provisoire,,
05EA006,2026-08-06T05:35:00Z,46,723.775,,,Provisional/Provisoire,,
05EA006,2026-08-06T05:40:00Z,46,723.777,,,Provisional/Provisoire,,
05EA006,2026-08-06T05:45:00Z,46,723.802,,,Provisional/Provisoire,,
05EA006,2026-08-06T05:50:00Z,46,723.812,,,Provisional/Provisoire,,
05EA006,2026-08-06T05:55:00Z,46,723.806,,,Provisional/Provisoire,,
05EA006,2026-08-06T06:00:00Z,46,723.788,,,Provisional/Provisoire,,
05EA006,2026-08-06T06:05:00Z,46,723.744,,,Provisional/Provisoire,,
05EA006,2026-08-06T06:10:00Z,46,723.714,,,Provisional/Provisoire,,
05EA006,2026-08-06T06:15:00Z,46,723.724,,,Provisional/Provisoire,,
05EA006,2026-08-06T06:20:00Z,46,723.766,,,Provisional/Provisoire,,
05EA006,2026-08-06T06:25:00Z,46,723.802,,,Provisional/Provisoire,,
05EA006,2026-08-06T06:30:00Z,46,723.786,,,Provisional/Provisoire,,
05EA006,2026-08-06T06:35:00Z,46,723.748,,,Provisional/Provisoire,,
05EA006,2026-08-06T06:40:00Z,46,723.705,,,Provisional/Provisoire,,
05EA006,2026-08-06T06:45:00Z,46,723.719,,,Provisional/Provisoire,,
05EA006,2026-08-06T06:50:00Z,46,723.768,,,Provisional/Provisoire,,
05EA006,2026-08-06T06:55:00Z,46,723.791,,,Provisional/Provisoire,,
05EA006,2026-08-06T07:00:00Z,46,723.800,,,Provisional/Provisoire,,
05EA006,2026-08-06T07:05:00Z,46,723.798,,,Provisional/Provisoire,,
05EA006,2026-08-06T07:10:00Z,46,723.792,,,Provisional/Provisoire,,
05EA006,2026-08-06T07:15:00Z,46,723.787,,,Provisional/Provisoire,,
05EA006,2026-08-06T07:20:00Z,46,723.779,,,Provisional/Provisoire,,
05EA006,2026-08-06T07:25:00Z,46,723.777,,,Provisional/Provisoire,,
05EA006,2026-08-06T07:30:00Z,46,723.769,,,Provisional/Provisoire,,
05EA006,2026-08-06T07:35:00Z,46,723.775,,,Provisional/Provisoire,,
05EA006,2026-08-06T07:40:00Z,46,723.791,,,Provisional/Provisoire,,
05EA006,2026-08-06T07:45:00Z,46,723.798,,,Provisional/Provisoire,,
05EA006,2026-08-06T07:50:00Z,46,723.804,,,Provisional/Provisoire,,
05EA006,2026-08-06T07:55:00Z,46,723.785,,,Provisional/Provisoire,,
05EA006,2026-08-06T08:00:00Z,46,723.762,,,Provisional/Provisoire,,
05EA006,2026-08-06T08:05:00Z,46,723.752,,,Provisional/Provisoire,,
05EA006,2026-08-06T08:10:00Z,46,723.771,,,Provisional/Provisoire,,
05EA006,2026-08-06T08:15:00Z,46,723.788,,,Provisional/Provisoire,,
05EA006,2026-08-06T08:20:00Z,46,723.793,,,Provisional/Provisoire,,
05EA006,2026-08-06T08:25:00Z,46,723.773,,,Provisional/Provisoire,,
05EA006,2026-08-06T08:30:00Z,46,723.751,,,Provisional/Provisoire,,
05EA006,2026-08-06T08:35:00Z,46,723.720,,,Provisional/Provisoire,,
05EA006,2026-08-06T08:40:00Z,46,723.733,,,Provisional/Provisoire,,
05EA006,2026-08-06T08:45:00Z,46,723.748,,,Provisional/Provisoire,,
05EA006,2026-08-06T08:50:00Z,46,723.755,,,Provisional/Provisoire,,
05EA006,2026-08-06T08:55:00Z,46,723.757,,,Provisional/Provisoire,,
05EA006,2026-08-06T09:00:00Z,46,723.748,,,Provisional/Provisoire,,
05EA006,2026-08-06T09:05:00Z,46,723.745,,,Provisional/Provisoire,,
05EA006,2026-08-06T09:10:00Z,46,723.749,,,Provisional/Provisoire,,
05EA006,2026-08-06T09:15:00Z,46,723.744,,,Provisional/Provisoire,,
05EA006,2026-08-06T09:20:00Z,46,723.744,,,Provisional/Provisoire,,
05EA006,2026-08-06T09:25:00Z,46,723.738,,,Provisional/Provisoire,,
05EA006,2026-08-06T09:30:00Z,46,723.745,,,Provisional/Provisoire,,
05EA006,2026-08-06T09:35:00Z,46,723.750,,,Provisional/Provisoire,,
05EA006,2026-08-06T09:40:00Z,46,723.750,,,Provisional/Provisoire,,
05EA006,2026-08-06T09:45:00Z,46,723.744,,,Provisional/Provisoire,,
05EA006,2026-08-06T09:50:00Z,46,723.732,,,Provisional/Provisoire,,
05EA006,2026-08-06T09:55:00Z,46,723.730,,,Provisional/Provisoire,,
05EA006,2026-08-06T10:00:00Z,46,723.733,,,Provisional/Provisoire,,
05EA006,2026-08-06T10:05:00Z,46,723.739,,,Provisional/Provisoire,,
05EA006,2026-08-06T10:10:00Z,46,723.739,,,Provisional/Provisoire,,
05EA006,2026-08-06T10:15:00Z,46,723.738,,,Provisional/Provisoire,,
05EA006,2026-08-06T10:20:00Z,46,723.732,,,Provisional/Provisoire,,
05EA006,2026-08-06T10:25:00Z,46,723.729,,,Provisional/Provisoire,,
05EA006,2026-08-06T10:30:00Z,46,723.729,,,Provisional/Provisoire,,
05EA006,2026-08-06T10:35:00Z,46,723.732,,,Provisional/Provisoire,,
05EA006,2026-08-06T10:40:00Z,46,723.730,,,Provisional/Provisoire,,
05EA006,2026-08-06T10:45:00Z,46,723.738,,,Provisional/Provisoire,,
05EA006,2026-08-06T10:50:00Z,46,723.744,,,Provisional/Provisoire,,
05EA006,2026-08-06T10:55:00Z,46,723.739,,,Provisional/Provisoire,,
05EA006,2026-08-06T11:00:00Z,46,723.711,,,Provisional/Provisoire,,
05EA006,2026-08-06T11:05:00Z,46,723.733,,,Provisional/Provisoire,,
05EA006,2026-08-06T11:10:00Z,46,723.739,,,Provisional/Provisoire,,
05EA006,2026-08-06T11:15:00Z,46,723.733,,,Provisional/Provisoire,,
05EA006,2026-08-06T11:20:00Z,46,723.733,,,Provisional/Provisoire,,
05EA006,2026-08-06T11:25:00Z,46,723.734,,,Provisional/Provisoire,,
05EA006,2026-08-06T11:30:00Z,46,723.733,,,Provisional/Provisoire,,
05EA006,2026-08-06T11:35:00Z,46,723.740,,,Provisional/Provisoire,,
05EA006,2026-08-06T11:40:00Z,46,723.734,,,Provisional/Provisoire,,
05EA006,2026-08-06T11:45:00Z,46,723.731,,,Provisional/Provisoire,,
05EA006,2026-08-06T11:50:00Z,46,723.733,,,Provisional/Provisoire,,
05EA006,2026-08-06T11:55:00Z,46,723.734,,,Provisional/Provisoire,,
05EA006,2026-08-06T12:00:00Z,46,723.730,,,Provisional/Provisoire,,
05EA006,2026-08-06T12:05:00Z,46,723.729,,,Provisional/Provisoire,,
05EA006,2026-08-06T12:10:00Z,46,723.732,,,Provisional/Provisoire,,
05EA006,2026-08-06T12:15:00Z,46,723.736,,,Provisional/Provisoire,,
05EA006,2026-08-06T12:20:00Z,46,723.735,,,Provisional/Provisoire,,
05EA006,2026-08-06T12:25:00Z,46,723.707,,,Provisional/Provisoire,,
05EA006,2026-08-06T12:30:00Z,46,723.727,,,Provisional/Provisoire,,
05EA006,2026-08-06T12:35:00Z,46,723.725,,,Provisional/Provisoire,,
05EA006,2026-08-06T12:40:00Z,46,723.715,,,Provisional/Provisoire,,
05EA006,2026-08-06T12:45:00Z,46,723.737,,,Provisional/Provisoire,,
05EA006,2026-08-06T12:50:00Z,46,723.735,,,Provisional/Provisoire,,
05EA006,2026-08-06T12:55:00Z,46,723.736,,,Provisional/Provisoire,,
05EA006,2026-08-06T13:00:00Z,46,723.735,,,Provisional/Provisoire,,
05EA006,2026-08-06T13:05:00Z,46,723.736,,,Provisional/Provisoire,,
05EA006,2026-08-06T13:10:00Z,46,723.732,,,Provisional/Provisoire,,
05EA006,2026-08-06T13:15:00Z,46,723.734,,,Provisional/Provisoire,,
05EA006,2026-08-06T13:20:00Z,46,723.745,,,Provisional/Provisoire,,
05EA006,2026-08-06T13:25:00Z,46,723.740,,,Provisional/Provisoire,,
05EA006,2026-08-06T13:30:00Z,46,723.747,,,Provisional/Provisoire,,
05EA006,2026-08-06T13:35:00Z,46,723.742,,,Provisional/Provisoire,,
05EA006,2026-08-06T13:40:00Z,46,723.744,,,Provisional/Provisoire,,
05EA006,2026-08-06T13:45:00Z,46,723.749,,,Provisional/Provisoire,,
05EA006,2026-08-06T13:50:00Z,46,723.744,,,Provisional/Provisoire,,
05EA006,2026-08-06T13:55:00Z,46,723.748,,,Provisional/Provisoire,,
05EA006,2026-08-06T14:00:00Z,46,723.737,,,Provisional/Provisoire,,
05EA006,2026-08-06T14:05:00Z,46,723.797,,,Provisional/Provisoire,,
05EA006,2026-08-06T14:10:00Z,46,723.803,,,Provisional/Provisoire,,
05EA006,2026-08-06T14:15:00Z,46,723.795,,,Provisional/Provisoire,,
05EA006,2026-08-06T14:20:00Z,46,723.787,,,Provisional/Provisoire,,
05EA006,2026-08-06T14:25:00Z,46,723.790,,,Provisional/Provisoire,,
05EA006,2026-08-06T14:30:00Z,46,723.800,,,Provisional/Provisoire,,
05EA006,2026-08-06T14:35:00Z,46,723.791,,,Provisional/Provisoire,,
05EA006,2026-08-06T14:40:00Z,46,723.787,,,Provisional/Provisoire,,
05EA006,2026-08-06T14:45:00Z,46,723.797,,,Provisional/Provisoire,,
05EA006,2026-08-06T14:50:00Z,46,723.815,,,Provisional/Provisoire,,
05EA006,2026-08-06T14:55:00Z,46,723.801,,,Provisional/Provisoire,,
05EA006,2026-08-06T15:00:00Z,46,723.785,,,Provisional/Provisoire,,
05EA006,2026-08-06T15:05:00Z,46,723.767,,,Provisional/Provisoire,,
05EA006,2026-08-06T15:10:00Z,46,723.802,,,Provisional/Provisoire,,
05EA006,2026-08-06T15:15:00Z,46,723.791,,,Provisional/Provisoire,,
05EA006,2026-08-06T15:20:00Z,46,723.783,,,Provisional/Provisoire,,
05EA006,2026-08-06T15:25:00Z,46,723.775,,,Provisional/Provisoire,,
05EA006,2026-08-06T15:30:00Z,46,723.816,,,Provisional/Provisoire,,
05EA006,2026-08-06T15:35:00Z,46,723.777,,,Provisional/Provisoire,,
05EA006,2026-08-06T15:40:00Z,46,723.766,,,Provisional/Provisoire,,
05EA006,2026-08-06T15:45:00Z,46,723.757,,,Provisional/Provisoire,,
05EA006,2026-08-06T15:50:00Z,46,723.805,,,Provisional/Provisoire,,
05EA006,2026-08-06T15:55:00Z,46,723.797,,,Provisional/Provisoire,,
05EA006,2026-08-06T16:00:00Z,46,723.781,,,Provisional/Provisoire,,
05EA006,2026-08-06T16:05:00Z,46,723.773,,,Provisional/Provisoire,,
05EA006,2026-08-06T16:10:00Z,46,723.817,,,Provisional/Provisoire,,
05EA006,2026-08-06T16:15:00Z,46,723.795,,,Provisional/Provisoire,,
05EA006,2026-08-06T16:20:00Z,46,723.765,,,Provisional/Provisoire,,
05EA006,2026-08-06T16:25:00Z,46,723.772,,,Provisional/Provisoire,,
05EA006,2026-08-06T16:30:00Z,46,723.792,,,Provisional/Provisoire,,
05EA006,2026-08-06T16:35:00Z,46,723.794,,,Provisional/Provisoire,,
05EA006,2026-08-06T16:40:00Z,46,723.789,,,Provisional/Provisoire,,
05EA006,2026-08-06T16:45:00Z,46,723.790,,,Provisional/Provisoire,,
05EA006,2026-08-06T16:50:00Z,46,723.735,,,Provisional/Provisoire,,
05EA006,2026-08-06T16:55:00Z,46,723.764,,,Provisional/Provisoire,,
05EA006,2026-08-06T17:00:00Z,46,723.749,,,Provisional/Provisoire,,
05EA006,2026-08-06T17:05:00Z,46,723.741,,,Provisional/Provisoire,,
05EA006,2026-08-06T17:10:00Z,46,723.716,,,Provisional/Provisoire,,
05EA006,2026-08-06T17:15:00Z,46,723.765,,,Provisional/Provisoire,,
05EA006,2026-08-06T17:20:00Z,46,723.752,,,Provisional/Provisoire,,
05EA006,2026-08-06T17:25:00Z,46,723.742,,,Provisional/Provisoire,,
05EA006,2026-08-06T17:30:00Z,46,723.713,,,Provisional/Provisoire,,
05EA006,2026-08-06T17:35:00Z,46,723.753,,,Provisional/Provisoire,,
05EA006,2026-08-06T17:40:00Z,46,723.744,,,Provisional/Provisoire,,
05EA006,2026-08-06T17:45:00Z,46,723.719,,,Provisional/Provisoire,,
05EA006,2026-08-06T17:50:00Z,46,723.747,,,Provisional/Provisoire,,
05EA006,2026-08-06T17:55:00Z,46,723.758,,,Provisional/Provisoire,,
05EA006,2026-08-06T18:00:00Z,46,723.752,,,Provisional/Provisoire,,
05EA006,2026-08-06T18:05:00Z,46,723.737,,,Provisional/Provisoire,,
05EA006,2026-08-06T18:10:00Z,46,723.758,,,Provisional/Provisoire,,
05EA006,2026-08-06T18:15:00Z,46,723.745,,,Provisional/Provisoire,,
05EA006,2026-08-06T18:20:00Z,46,723.742,,,Provisional/Provisoire,,
05EA006,2026-08-06T18:25:00Z,46,723.733,,,Provisional/Provisoire,,
05EA006,2026-08-06T18:30:00Z,46,723.769,,,Provisional/Provisoire,,
05EA006,2026-08-06T18:35:00Z,46,723.758,,,Provisional/Provisoire,,
05EA006,2026-08-06T18:40:00Z,46,723.738,,,Provisional/Provisoire,,
05EA006,2026-08-06T18:45:00Z,46,723.714,,,Provisional/Provisoire,,
05EA006,2026-08-06T18:50:00Z,46,723.752,,,Provisional/Provisoire,,
05EA006,2026-08-06T18:55:00Z,46,723.742,,,Provisional/Provisoire,,
05EA006,2026-08-06T19:00:00Z,46,723.725,,,Provisional/Provisoire,,
05EA006,2026-08-06T19:05:00Z,46,723.761,,,Provisional/Provisoire,,
05EA006,2026-08-06T19:10:00Z,46,723.759,,,Provisional/Provisoire,,
05EA006,2026-08-06T19:15:00Z,46,723.744,,,Provisional/Provisoire,,
05EA006,2026-08-06T19:20:00Z,46,723.724,,,Provisional/Provisoire,,
05EA006,2026-08-06T19:25:00Z,46,723.761,,,Provisional/Provisoire,,
05EA006,2026-08-06T19:30:00Z,46,723.749,,,Provisional/Provisoire,,
05EA006,2026-08-06T19:35:00Z,46,723.740,,,Provisional/Provisoire,,
05EA006,2026-08-06T19:40:00Z,46,723.721,,,Provisional/Provisoire,,
05EA006,2026-08-06T19:45:00Z,46,723.769,,,Provisional/Provisoire,,
05EA006,2026-08-06T19:50:00Z,46,723.756,,,Provisional/Provisoire,,
05EA006,2026-08-06T19:55:00Z,46,723.745,,,Provisional/Provisoire,,
05EA006,2026-08-06T20:00:00Z,46,723.723,,,Provisional/Provisoire,,
05EA006,2026-08-06T20:05:00Z,46,723.757,,,Provisional/Provisoire,,
05EA006,2026-08-06T20:10:00Z,46,723.746,,,Provisional/Provisoire,,
05EA006,2026-08-06T20:15:00Z,46,723.743,,,Provisional/Provisoire,,
05EA006,2026-08-06T20:20:00Z,46,723.735,,,Provisional/Provisoire,,
05EA006,2026-08-06T20:25:00Z,46,723.769,,,Provisional/Provisoire,,
05EA006,2026-08-06T20:30:00Z,46,723.757,,,Provisional/Provisoire,,
05EA006,2026-08-06T20:35:00Z,46,723.741,,,Provisional/Provisoire,,
05EA006,2026-08-06T20:40:00Z,46,723.758,,,Provisional/Provisoire,,
05EA006,2026-08-06T20:45:00Z,46,723.760,,,Provisional/Provisoire,,
05EA006,2026-08-06T20:50:00Z,46,723.755,,,Provisional/Provisoire,,
05EA006,2026-08-06T20:55:00Z,46,723.740,,,Provisional/Provisoire,,
05EA006,2026-08-06T21:00:00Z,46,723.766,,,Provisional/Provisoire,,
05EA006,2026-08-06T21:05:00Z,46,723.760,,,Provisional/Provisoire,,
05EA006,2026-08-06T21:10:00Z,46,723.750,,,Provisional/Provisoire,,
05EA006,2026-08-06T21:15:00Z,46,723.762,,,Provisional/Provisoire,,
05EA006,2026-08-06T21:20:00Z,46,723.761,,,Provisional/Provisoire,,
05EA006,2026-08-06T21:25:00Z,46,723.752,,,Provisional/Provisoire,,
05EA006,2026-08-06T21:30:00Z,46,723.747,,,Provisional/Provisoire,,
05EA006,2026-08-06T21:35:00Z,46,723.776,,,Provisional/Provisoire,,
05EA006,2026-08-06T21:40:00Z,46,723.765,,,Provisional/Provisoire,,
05EA006,2026-08-06T21:45:00Z,46,723.761,,,Provisional/Provisoire,,
05EA006,2026-08-06T21:50:00Z,46,723.766,,,Provisional/Provisoire,,
05EA006,2026-08-06T21:55:00Z,46,723.770,,,Provisional/Provisoire,,
05EA006,2026-08-06T22:00:00Z,46,723.757,,,Provisional/Provisoire,,
05EA006,2026-08-06T22:05:00Z,46,723.749,,,Provisional/Provisoire,,
05EA006,2026-08-06T22:10:00Z,46,723.786,,,Provisional/Provisoire,,
05EA006,2026-08-06T22:15:00Z,46,723.770,,,Provisional/Provisoire,,
05EA006,2026-08-06T22:20:00Z,46,723.758,,,Provisional/Provisoire,,
05EA006,2026-08-06T22:25:00Z,46,723.779,,,Provisional/Provisoire,,
05EA006,2026-08-06T22:30:00Z,46,723.767,,,Provisional/Provisoire,,
05EA006,2026-08-06T22:35:00Z,46,723.758,,,Provisional/Provisoire,,
05EA006,2026-08-06T22:40:00Z,46,723.753,,,Provisional/Provisoire,,
05EA006,2026-08-06T22:45:00Z,46,723.762,,,Provisional/Provisoire,,
05EA006,2026-08-06T22:50:00Z,46,723.770,,,Provisional/Provisoire,,
05EA006,2026-08-06T22:55:00Z,46,723.752,,,Provisional/Provisoire,,
05EA006,2026-08-06T23:00:00Z,46,723.777,,,Provisional/Provisoire,,
05EA006,2026-08-06T23:05:00Z,46,723.764,,,Provisional/Provisoire,,
05EA006,2026-08-06T23:10:00Z,46,723.753,,,Provisional/Provisoire,,
05EA006,2026-08-06T23:15:00Z,46,723.780,,,Provisional/Provisoire,,
05EA006,2026-08-06T23:20:00Z,46,723.771,,,Provisional/Provisoire,,
05EA006,2026-08-06T23:25:00Z,46,723.761,,,Provisional/Provisoire,,
05EA006,2026-08-06T23:30:00Z,46,723.776,,,Provisional/Provisoire,,
05EA006,2026-08-06T23:35:00Z,46,723.771,,,Provisional/Provisoire,,
05EA006,2026-08-06T23:40:00Z,46,723.770,,,Provisional/Provisoire,,
05EA006,2026-08-06T23:45:00Z,46,723.751,,,Provisional/Provisoire,,
05EA006,2026-08-06T23:50:00Z,46,723.718,,,Provisional/Provisoire,,
05EA006,2026-08-06T23:55:00Z,46,723.761,,,Provisional/Provisoire,,
05EA006,2026-08-07T00:00:00Z,46,723.749,,,Provisional/Provisoire,,
05EA006,2026-08-07T00:05:00Z,46,723.747,,,Provisional/Provisoire,,
05EA006,2026-08-07T00:10:00Z,46,723.745,,,Provisional/Provisoire,,
05EA006,2026-08-07T00:15:00Z,46,723.738,,,Provisional/Provisoire,,
05EA006,2026-08-07T00:20:00Z,46,723.763,,,Provisional/Provisoire,,
05EA006,2026-08-07T00:25:00Z,46,723.749,,,Provisional/Provisoire,,
05EA006,2026-08-07T00:30:00Z,46,723.744,,,Provisional/Provisoire,,
05EA006,2026-08-07T00:35:00Z,46,723.722,,,Provisional/Provisoire,,
05EA006,2026-08-07T00:40:00Z,46,723.739,,,Provisional/Provisoire,,
05EA006,2026-08-07T00:45:00Z,46,723.716,,,Provisional/Provisoire,,
05EA006,2026-08-07T00:50:00Z,46,723.744,,,Provisional/Provisoire,,
05EA006,2026-08-07T00:55:00Z,46,723.726,,,Provisional/Provisoire,,
05EA006,2026-08-07T01:00:00Z,46,723.760,,,Provisional/Provisoire,,
05EA006,2026-08-07T01:05:00Z,46,723.750,,,Provisional/Provisoire,,
05EA006,2026-08-07T01:10:00Z,46,723.756,,,Provisional/Provisoire,,
05EA006,2026-08-07T01:15:00Z,46,723.755,,,Provisional/Provisoire,,
05EA006,2026-08-07T01:20:00Z,46,723.710,,,Provisional/Provisoire,,
05EA006,2026-08-07T01:25:00Z,46,723.698,,,Provisional/Provisoire,,
05EA006,2026-08-07T01:30:00Z,46,723.679,,,Provisional/Provisoire,,
05EA006,2026-08-07T01:35:00Z,46,723.675,,,Provisional/Provisoire,,
05EA006,2026-08-07T01:40:00Z,46,723.665,,,Provisional/Provisoire,,
05EA006,2026-08-07T01:45:00Z,46,723.659,,,Provisional/Provisoire,,
05EA006,2026-08-07T01:50:00Z,46,723.660,,,Provisional/Provisoire,,
05EA006,2026-08-07T01:55:00Z,46,723.657,,,Provisional/Provisoire,,
05EA006,2026-08-07T02:00:00Z,46,723.658,,,Provisional/Provisoire,,
05EA006,2026-08-07T02:05:00Z,46,723.693,,,Provisional/Provisoire,,
05EA006,2026-08-07T02:10:00Z,46,723.692,,,Provisional/Provisoire,,
05EA006,2026-08-07T02:15:00Z,46,723.698,,,Provisional/Provisoire,,
05EA006,2026-08-07T02:20:00Z,46,723.697,,,Provisional/Provisoire,,
05EA006,2026-08-07T02:25:00Z,46,723.694,,,Provisional/Provisoire,,
05EA006,2026-08-07T02:30:00Z,46,723.695,,,Provisional/Provisoire,,
05EA006,2026-08-07T02:35:00Z,46,723.698,,,Provisional/Provisoire,,
05EA006,2026-08-07T02:40:00Z,46,723.699,,,Provisional/Provisoire,,
05EA006,2026-08-07T02:45:00Z,46,723.692,,,Provisional/Provisoire,,
05EA006,2026-08-07T02:50:00Z,46,723.686,,,Provisional/Provisoire,,
05EA006,2026-08-07T02:55:00Z,46,723.686,,,Provisional/Provisoire,,
05EA006,2026-08-07T03:00:00Z,46,723.689,,,Provisional/Provisoire,,
05EA006,2026-08-07T03:05:00Z,46,723.691,,,Provisional/Provisoire,,
05EA006,2026-08-07T03:10:00Z,46,723.688,,,Provisional/Provisoire,,
05EA006,2026-08-07T03:15:00Z,46,723.687,,,Provisional/Provisoire,,
05EA006,2026-08-07T03:20:00Z,46,723.688,,,Provisional/Provisoire,,
05EA006,2026-08-07T03:25:00Z,46,723.687,,,Provisional/Provisoire,,
05EA006,2026-08-07T03:30:00Z,46,723.687,,,Provisional/Provisoire,,
05EA006,2026-08-07T03:35:00Z,46,723.680,,,Provisional/Provisoire,,
05EA006,2026-08-07T03:40:00Z,46,723.682,,,Provisional/Provisoire,,
05EA006,2026-08-07T03:45:00Z,46,723.682,,,Provisional/Provisoire,,
05EA006,2026-08-07T03:50:00Z,46,723.683,,,Provisional/Provisoire,,
05EA006,2026-08-07T03:55:00Z,46,723.676,,,Provisional/Provisoire,,
05EA006,2026-08-07T04:00:00Z,46,723.678,,,Provisional/Provisoire,,
05EA006,2026-08-07T04:05:00Z,46,723.667,,,Provisional/Provisoire,,
05EA006,2026-08-07T04:10:00Z,46,723.666,,,Provisional/Provisoire,,
05EA006,2026-08-07T04:15:00Z,46,723.667,,,Provisional/Provisoire,,
05EA006,2026-08-07T04:20:00Z,46,723.671,,,Provisional/Provisoire,,
05EA006,2026-08-07T04:25:00Z,46,723.664,,,Provisional/Provisoire,,
05EA006,2026-08-07T04:30:00Z,46,723.693,,,Provisional/Provisoire,,
05EA006,2026-08-07T04:35:00Z,46,723.685,,,Provisional/Provisoire,,
05EA006,2026-08-07T04:40:00Z,46,723.697,,,Provisional/Provisoire,,
05EA006,2026-08-07T04:45:00Z,46,723.686,,,Provisional/Provisoire,,
05EA006,2026-08-07T04:50:00Z,46,723.689,,,Provisional/Provisoire,,
05EA006,2026-08-07T04:55:00Z,46,723.689,,,Provisional/Provisoire,,
05EA006,2026-08-07T05:00:00Z,46,723.697,,,Provisional/Provisoire,,
05EA006,2026-08-07T05:05:00Z,46,723.690,,,Provisional/Provisoire,,
05EA006,2026-08-07T05:10:00Z,46,723.697,,,Provisional/Provisoire,,
05EA006,2026-08-07T05:15:00Z,46,723.694,,,Provisional/Provisoire,,
05EA006,2026-08-07T05:20:00Z,46,723.690,,,Provisional/Provisoire,,
05EA006,2026-08-07T05:25:00Z,46,723.697,,,Provisional/Provisoire,,
05EA006,2026-08-07T05:30:00Z,46,723.699,,,Provisional/Provisoire,,
05EA006,2026-08-07T05:35:00Z,46,723.697,,,Provisional/Provisoire,,
05EA006,2026-08-07T05:40:00Z,46,723.705,,,Provisional/Provisoire,,
05EA006,2026-08-07T05:45:00Z,46,723.710,,,Provisional/Provisoire,,
05EA006,2026-08-07T05:50:00Z,46,723.717,,,Provisional/Provisoire,,
05EA006,2026-08-07T05:55:00Z,46,723.712,,,Provisional/Provisoire,,
05EA006,2026-08-07T06:00:00Z,46,723.716,,,Provisional/Provisoire,,
05EA006,2026-08-07T06:05:00Z,46,723.713,,,Provisional/Provisoire,,
05EA006,2026-08-07T06:10:00Z,46,723.717,,,Provisional/Provisoire,,
05EA006,2026-08-07T06:15:00Z,46,723.733,,,Provisional/Provisoire,,
05EA006,2026-08-07T06:20:00Z,46,723.743,,,Provisional/Provisoire,,
05EA006,2026-08-07T06:25:00Z,46,723.744,,,Provisional/Provisoire,,
05EA006,2026-08-07T06:30:00Z,46,723.748,,,Provisional/Provisoire,,
05EA006,2026-08-07T06:35:00Z,46,723.743,,,Provisional/Provisoire,,
05EA006,2026-08-07T06:40:00Z,46,723.740,,,Provisional/Provisoire,,
05EA006,2026-08-07T06:45:00Z,46,723.736,,,Provisional/Provisoire,,
05EA006,2026-08-07T06:50:00Z,46,723.738,,,Provisional/Provisoire,,
05EA006,2026-08-07T06:55:00Z,46,723.743,,,Provisional/Provisoire,,
05EA006,2026-08-07T07:00:00Z,46,723.748,,,Provisional/Provisoire,,
05EA006,2026-08-07T07:05:00Z,46,723.736,,,Provisional/Provisoire,,
05EA006,2026-08-07T07:10:00Z,46,723.739,,,Provisional/Provisoire,,
05EA006,2026-08-07T07:15:00Z,46,723.731,,,Provisional/Provisoire,,
05EA006,2026-08-07T07:20:00Z,46,723.736,,,Provisional/Provisoire,,
05EA006,2026-08-07T07:25:00Z,46,723.736,,,Provisional/Provisoire,,
05EA006,2026-08-07T07:30:00Z,46,723.732,,,Provisional/Provisoire,,
05EA006,2026-08-07T07:35:00Z,46,723.731,,,Provisional/Provisoire,,
05EA006,2026-08-07T07:40:00Z,46,723.737,,,Provisional/Provisoire,,
05EA006,2026-08-07T07:45:00Z,46,723.734,,,Provisional/Provisoire,,
05EA006,2026-08-07T07:50:00Z,46,723.737,,,Provisional/Provisoire,,
05EA006,2026-08-07T07:55:00Z,46,723.734,,,Provisional/Provisoire,,
05EA006,2026-08-07T08:00:00Z,46,723.733,,,Provisional/Provisoire,,
05EA006,2026-08-07T08:05:00Z,46,723.727,,,Provisional/Provisoire,,
05EA006,2026-08-07T08:10:00Z,46,723.739,,,Provisional/Provisoire,,
05EA006,2026-08-07T08:15:00Z,46,723.744,,,Provisional/Provisoire,,
05EA006,2026-08-07T08:20:00Z,46,723.736,,,Provisional/Provisoire,,
05EA006,2026-08-07T08:25:00Z,46,723.737,,,Provisional/Provisoire,,
05EA006,2026-08-07T08:30:00Z,46,723.740,,,Provisional/Provisoire,,
05EA006,2026-08-07T08:35:00Z,46,723.738,,,Provisional/Provisoire,,
05EA006,2026-08-07T08:40:00Z,46,723.737,,,Provisional/Provisoire,,
05EA006,2026-08-07T08:45:00Z,46,723.736,,,Provisional/Provisoire,,
05EA006,2026-08-07T08:50:00Z,46,723.745,,,Provisional/Provisoire,,
05EA006,2026-08-07T08:55:00Z,46,723.741,,,Provisional/Provisoire,,
05EA006,2026-08-07T09:00:00Z,46,723.743,,,Provisional/Provisoire,,
05EA006,2026-08-07T09:05:00Z,46,723.742,,,Provisional/Provisoire,,
05EA006,2026-08-07T09:10:00Z,46,723.741,,,Provisional/Provisoire,,
05EA006,2026-08-07T09:15:00Z,46,723.736,,,Provisional/Provisoire,,
05EA006,2026-08-07T09:20:00Z,46,723.739,,,Provisional/Provisoire,,
05EA006,2026-08-07T09:25:00Z,46,723.736,,,Provisional/Provisoire,,
05EA006,2026-08-07T09:30:00Z,46,723.740,,,Provisional/Provisoire,,
05EA006,2026-08-07T09:35:00Z,46,723.746,,,Provisional/Provisoire,,
05EA006,2026-08-07T09:40:00Z,46,723.749,,,Provisional/Provisoire,,
05EA006,2026-08-07T09:45:00Z,46,723.747,,,Provisional/Provisoire,,
05EA006,2026-08-07T09:50:00Z,46,723.741,,,Provisional/Provisoire,,
05EA006,2026-08-07T09:55:00Z,46,723.744,,,Provisional/Provisoire,,
05EA006,2026-08-07T10:00:00Z,46,723.743,,,Provisional/Provisoire,,
05EA006,2026-08-07T10:05:00Z,46,723.744,,,Provisional/Provisoire,,
05EA006,2026-08-07T10:10:00Z,46,723.734,,,Provisional/Provisoire,,
05EA006,2026-08-07T10:15:00Z,46,723.737,,,Provisional/Provisoire,,
05EA006,2026-08-07T10:20:00Z,46,723.738,,,Provisional/Provisoire,,
05EA006,2026-08-07T10:25:00Z,46,723.731,,,Provisional/Provisoire,,
05EA006,2026-08-07T10:30:00Z,46,723.732,,,Provisional/Provisoire,,
05EA006,2026-08-07T10:35:00Z,46,723.726,,,Provisional/Provisoire,,
05EA006,2026-08-07T10:40:00Z,46,723.734,,,Provisional/Provisoire,,
05EA006,2026-08-07T10:45:00Z,46,723.730,,,Provisional/Provisoire,,
05EA006,2026-08-07T10:50:00Z,46,723.740,,,Provisional/Provisoire,,
05EA006,2026-08-07T10:55:00Z,46,723.727,,,Provisional/Provisoire,,
05EA006,2026-08-07T11:00:00Z,46,723.735,,,Provisional/Provisoire,,
05EA006,2026-08-07T11:05:00Z,46,723.734,,,Provisional/Provisoire,,
05EA006,2026-08-07T11:10:00Z,46,723.742,,,Provisional/Provisoire,,
05EA006,2026-08-07T11:15:00Z,46,723.732,,,Provisional/Provisoire,,
05EA006,2026-08-07T11:20:00Z,46,723.740,,,Provisional/Provisoire,,
05EA006,2026-08-07T11:25:00Z,46,723.738,,,Provisional/Provisoire,,
05EA006,2026-08-07T11:30:00Z,46,723.732,,,Provisional/Provisoire,,
05EA006,2026-08-07T11:35:00Z,46,723.730,,,Provisional/Provisoire,,
05EA006,2026-08-07T11:40:00Z,46,723.730,,,Provisional/Provisoire,,
05EA006,2026-08-07T11:45:00Z,46,723.731,,,Provisional/Provisoire,,
05EA006,2026-08-07T11:50:00Z,46,723.726,,,Provisional/Provisoire,,
05EA006,2026-08-07T11:55:00Z,46,723.723,,,Provisional/Provisoire,,
05EA006,2026-08-07T12:00:00Z,46,723.729,,,Provisional/Provisoire,,
05EA006,2026-08-07T12:05:00Z,46,723.716,,,Provisional/Provisoire,,
05EA006,2026-08-07T12:10:00Z,46,723.721,,,Provisional/Provisoire,,
05EA006,2026-08-07T12:15:00Z,46,723.742,,,Provisional/Provisoire,,
05EA006,2026-08-07T12:20:00Z,46,723.739,,,Provisional/Provisoire,,
05EA006,2026-08-07T12:25:00Z,46,723.752,,,Provisional/Provisoire,,
05EA006,2026-08-07T12:30:00Z,46,723.755,,,Provisional/Provisoire,,
05EA006,2026-08-07T12:35:00Z,46,723.749,,,Provisional/Provisoire,,
05EA006,2026-08-07T12:40:00Z,46,723.754,,,Provisional/Provisoire,,
05EA006,2026-08-07T12:45:00Z,46,723.770,,,Provisional/Provisoire,,
05EA006,2026-08-07T12:50:00Z,46,723.764,,,Provisional/Provisoire,,
05EA006,2026-08-07T12:55:00Z,46,723.769,,,Provisional/Provisoire,,
05EA006,2026-08-07T13:00:00Z,46,723.770,,,Provisional/Provisoire,,
05EA006,2026-08-07T13:05:00Z,46,723.762,,,Provisional/Provisoire,,
05EA006,2026-08-07T13:10:00Z,46,723.760,,,Provisional/Provisoire,,
05EA006,2026-08-07T13:15:00Z,46,723.791,,,Provisional/Provisoire,,
05EA006,2026-08-07T13:20:00Z,46,723.780,,,Provisional/Provisoire,,
05EA006,2026-08-07T13:25:00Z,46,723.778,,,Provisional/Provisoire,,
05EA006,2026-08-07T13:30:00Z,46,723.771,,,Provisional/Provisoire,,
05EA006,2026-08-07T13:35:00Z,46,723.800,,,Provisional/Provisoire,,
05EA006,2026-08-07T13:40:00Z,46,723.793,,,Provisional/Provisoire,,
05EA006,2026-08-07T13:45:00Z,46,723.784,,,Provisional/Provisoire,,
05EA006,2026-08-07T13:50:00Z,46,723.764,,,Provisional/Provisoire,,
05EA006,2026-08-07T13:55:00Z,46,723.798,,,Provisional/Provisoire,,
05EA006,2026-08-07T14:00:00Z,46,723.796,,,Provisional/Provisoire,,
05EA006,2026-08-07T14:05:00Z,46,723.782,,,Provisional/Provisoire,,
05EA006,2026-08-07T14:10:00Z,46,723.748,,,Provisional/Provisoire,,
05EA006,2026-08-07T14:15:00Z,46,723.792,,,Provisional/Provisoire,,
05EA006,2026-08-07T14:20:00Z,46,723.771,,,Provisional/Provisoire,,
05EA006,2026-08-07T14:25:00Z,46,723.747,,,Provisional/Provisoire,,
05EA006,2026-08-07T14:30:00Z,46,723.704,,,Provisional/Provisoire,,
05EA006,2026-08-07T14:35:00Z,46,723.713,,,Provisional/Provisoire,,
05EA006,2026-08-07T14:40:00Z,46,723.772,,,Provisional/Provisoire,,
05EA006,2026-08-07T14:45:00Z,46,723.757,,,Provisional/Provisoire,,
05EA006,2026-08-07T14:50:00Z,46,723.767,,,Provisional/Provisoire,,
05EA006,2026-08-07T14:55:00Z,46,723.722,,,Provisional/Provisoire,,
05EA006,2026-08-07T15:00:00Z,46,723.795,,,Provisional/Provisoire,,
05EA006,2026-08-07T15:05:00Z,46,723.768,,,Provisional/Provisoire,,
05EA006,2026-08-07T15:10:00Z,46,723.747,,,Provisional/Provisoire,,
05EA006,2026-08-07T15:15:00Z,46,723.696,,,Provisional/Provisoire,,
05EA006,2026-08-07T15:20:00Z,46,723.749,,,Provisional/Provisoire,,
05EA006,2026-08-07T15:25:00Z,46,723.754,,,Provisional/Provisoire,,
05EA006,2026-08-07T15:30:00Z,46,723.737,,,Provisional/Provisoire,,
05EA006,2026-08-07T15:35:00Z,46,723.697,,,Provisional/Provisoire,,
05EA006,2026-08-07T15:40:00Z,46,723.712,,,Provisional/Provisoire,,
05EA006,2026-08-07T15:45:00Z,46,723.750,,,Provisional/Provisoire,,
05EA006,2026-08-07T15:50:00Z,46,723.748,,,Provisional/Provisoire,,
05EA006,2026-08-07T15:55:00Z,46,723.717,,,Provisional/Provisoire,,
05EA006,2026-08-07T16:00:00Z,46,723.700,,,Provisional/Provisoire,,
05EA006,2026-08-07T16:05:00Z,46,723.708,,,Provisional/Provisoire,,
05EA006,2026-08-07T16:10:00Z,46,723.694,,,Provisional/Provisoire,,
05EA006,2026-08-07T16:15:00Z,46,723.743,,,Provisional/Provisoire,,
05EA006,2026-08-07T16:20:00Z,46,723.711,,,Provisional/Provisoire,,
05EA006,2026-08-07T16:25:00Z,46,723.732,,,Provisional/Provisoire,,
05EA006,2026-08-07T16:30:00Z,46,723.713,,,Provisional/Provisoire,,
05EA006,2026-08-07T16:35:00Z,46,723.705,,,Provisional/Provisoire,,
05EA006,2026-08-07T16:40:00Z,46,723.704,,,Provisional/Provisoire,,
05EA006,2026-08-07T16:45:00Z,46,723.696,,,Provisional/Provisoire,,
05EA006,2026-08-07T16:50:00Z,46,723.715,,,Provisional/Provisoire,,
05EA006,2026-08-07T16:55:00Z,46,723.690,,,Provisional/Provisoire,,
05EA006,2026-08-07T17:00:00Z,46,723.681,,,Provisional/Provisoire,,
05EA006,2026-08-07T17:05:00Z,46,723.685,,,Provisional/Provisoire,,
05EA006,2026-08-07T17:10:00Z,46,723.685,,,Provisional/Provisoire,,
05EA006,2026-08-07T17:15:00Z,46,723.718,,,Provisional/Provisoire,,
05EA006,2026-08-07T17:20:00Z,46,723.750,,,Provisional/Provisoire,,
05EA006,2026-08-07T17:25:00Z,46,723.768,,,Provisional/Provisoire,,
05EA006,2026-08-07T17:30:00Z,46,723.767,,,Provisional/Provisoire,,
05EA006,2026-08-07T17:35:00Z,46,723.770,,,Provisional/Provisoire,,
05EA006,2026-08-07T17:40:00Z,46,723.765,,,Provisional/Provisoire,,
05EA006,2026-08-07T17:45:00Z,46,723.769,,,Provisional/Provisoire,,
05EA006,2026-08-07T17:50:00Z,46,723.764,,,Provisional/Provisoire,,
05EA006,2026-08-07T17:55:00Z,46,723.758,,,Provisional/Provisoire,,
05EA006,2026-08-07T18:00:00Z,46,723.755,,,Provisional/Provisoire,,
05EA006,2026-08-07T18:05:00Z,46,723.756,,,Provisional/Provisoire,,
05EA006,2026-08-07T18:10:00Z,46,723.759,,,Provisional/Provisoire,,
05EA006,2026-08-07T18:15:00Z,46,723.735,,,Provisional/Provisoire,,
05EA006,2026-08-07T18:20:00Z,46,723.719,,,Provisional/Provisoire,,
05EA006,2026-08-07T18:25:00Z,46,723.714,,,Provisional/Provisoire,,
05EA006,2026-08-07T18:30:00Z,46,723.719,,,Provisional/Provisoire,,
05EA006,2026-08-07T18:35:00Z,46,723.766,,,Provisional/Provisoire,,
05EA006,2026-08-07T18:40:00Z,46,723.775,,,Provisional/Provisoire,,
05EA006,2026-08-07T18:45:00Z,46,723.779,,,Provisional/Provisoire,,
05EA006,2026-08-07T18:50:00Z,46,723.783,,,Provisional/Provisoire,,
05EA006,2026-08-07T18:55:00Z,46,723.788,,,Provisional/Provisoire,,
05EA006,2026-08-07T19:00:00Z,46,723.778,,,Provisional/Provisoire,,
05EA006,2026-08-07T19:05:00Z,46,723.779,,,Provisional/Provisoire,,
05EA006,2026-08-07T19:10:00Z,46,723.768,,,Provisional/Provisoire,,
05EA006,2026-08-07T19:15:00Z,46,723.772,,,Provisional/Provisoire,,
05EA006,2026-08-07T19:20:00Z,46,723.768,,,Provisional/Provisoire,,
05EA006,2026-08-07T19:25:00Z,46,723.770,,,Provisional/Provisoire,,
05EA006,2026-08-07T19:30:00Z,46,723.765,,,Provisional/Provisoire,,
05EA006,2026-08-07T19:35:00Z,46,723.766,,,Provisional/Provisoire,,
05EA006,2026-08-07T19:40:00Z,46,723.742,,,Provisional/Provisoire,,
05EA006,2026-08-07T19:45:00Z,46,723.745,,,Provisional/Provisoire,,
05EA006,2026-08-07T19:50:00Z,46,723.727,,,Provisional/Provisoire,,
05EA006,2026-08-07T19:55:00Z,46,723.751,,,Provisional/Provisoire,,
05EA006,2026-08-07T20:00:00Z,46,723.721,,,Provisional/Provisoire,,
05EA006,2026-08-07T20:05:00Z,46,723.785,,,Provisional/Provisoire,,
05EA006,2026-08-07T20:10:00Z,46,723.787,,,Provisional/Provisoire,,
05EA006,2026-08-07T20:15:00Z,46,723.789,,,Provisional/Provisoire,,
05EA006,2026-08-07T20:20:00Z,46,723.782,,,Provisional/Provisoire,,
05EA006,2026-08-07T20:25:00Z,46,723.777,,,Provisional/Provisoire,,
05EA006,2026-08-07T20:30:00Z,46,723.762,,,Provisional/Provisoire,,
05EA006,2026-08-07T20:35:00Z,46,723.758,,,Provisional/Provisoire,,
05EA006,2026-08-07T20:40:00Z,46,723.753,,,Provisional/Provisoire,,
05EA006,2026-08-07T20:45:00Z,46,723.741,,,Provisional/Provisoire,,
05EA006,2026-08-07T20:50:00Z,46,723.748,,,Provisional/Provisoire,,
05EA006,2026-08-07T20:55:00Z,46,723.743,,,Provisional/Provisoire,,
05EA006,2026-08-07T21:00:00Z,46,723.725,,,Provisional/Provisoire,,
05EA006,2026-08-07T21:05:00Z,46,723.719,,,Provisional/Provisoire,,
05EA006,2026-08-07T21:10:00Z,46,723.793,,,Provisional/Provisoire,,
05EA006,2026-08-07T21:15:00Z,46,723.788,,,Provisional/Provisoire,,
05EA006,2026-08-07T21:20:00Z,46,723.788,,,Provisional/Provisoire,,
05EA006,2026-08-07T21:25:00Z,46,723.784,,,Provisional/Provisoire,,
05EA006,2026-08-07T21:30:00Z,46,723.776,,,Provisional/Provisoire,,
05EA006,2026-08-07T21:35:00Z,46,723.774,,,Provisional/Provisoire,,
05EA006,2026-08-07T21:40:00Z,46,723.767,,,Provisional/Provisoire,,
05EA006,2026-08-07T21:45:00Z,46,723.755,,,Provisional/Provisoire,,
05EA006,2026-08-07T21:50:00Z,46,723.751,,,Provisional/Provisoire,,
05EA006,2026-08-07T21:55:00Z,46,723.719,,,Provisional/Provisoire,,
05EA006,2026-08-07T22:00:00Z,46,723.707,,,Provisional/Provisoire,,
05EA006,2026-08-07T22:05:00Z,46,723.765,,,Provisional/Provisoire,,
05EA006,2026-08-07T22:10:00Z,46,723.772,,,Provisional/Provisoire,,
05EA006,2026-08-07T22:15:00Z,46,723.781,,,Provisional/Provisoire,,
05EA006,2026-08-07T22:20:00Z,46,723.781,,,Provisional/Provisoire,,
05EA006,2026-08-07T22:25:00Z,46,723.768,,,Provisional/Provisoire,,
05EA006,2026-08-07T22:30:00Z,46,723.762,,,Provisional/Provisoire,,
05EA006,2026-08-07T22:35:00Z,46,723.756,,,Provisional/Provisoire,,
05EA006,2026-08-07T22:40:00Z,46,723.747,,,Provisional/Provisoire,,
05EA006,2026-08-07T22:45:00Z,46,723.743,,,Provisional/Provisoire,,
05EA006,2026-08-07T22:50:00Z,46,723.729,,,Provisional/Provisoire,,
05EA006,2026-08-07T22:55:00Z,46,723.727,,,Provisional/Provisoire,,
05EA006,2026-08-07T23:00:00Z,46,723.778,,,Provisional/Provisoire,,
05EA006,2026-08-07T23:05:00Z,46,723.775,,,Provisional/Provisoire,,
05EA006,2026-08-07T23:10:00Z,46,723.775,,,Provisional/Provisoire,,
05EA006,2026-08-07T23:15:00Z,46,723.775,,,Provisional/Provisoire,,
05EA006,2026-08-07T23:20:00Z,46,723.771,,,Provisional/Provisoire,,
05EA006,2026-08-07T23:25:00Z,46,723.764,,,Provisional/Provisoire,,
05EA006,2026-08-07T23:30:00Z,46,723.761,,,Provisional/Provisoire,,
05EA006,2026-08-07T23:35:00Z,46,723.759,,,Provisional/Provisoire,,
05EA006,2026-08-07T23:40:00Z,46,723.748,,,Provisional/Provisoire,,
05EA006,2026-08-07T23:45:00Z,46,723.745,,,Provisional/Provisoire,,
05EA006,2026-08-07T23:50:00Z,46,723.722,,,Provisional/Provisoire,,
05EA006,2026-08-07T23:55:00Z,46,723.729,,,Provisional/Provisoire,,
05EA006,2026-08-08T00:00:00Z,46,723.765,,,Provisional/Provisoire,,
05EA006,2026-08-08T00:05:00Z,46,723.784,,,Provisional/Provisoire,,
05EA006,2026-08-08T00:10:00Z,46,723.778,,,Provisional/Provisoire,,
05EA006,2026-08-08T00:15:00Z,46,723.768,,,Provisional/Provisoire,,
05EA006,2026-08-08T00:20:00Z,46,723.772,,,Provisional/Provisoire,,
05EA006,2026-08-08T00:25:00Z,46,723.760,,,Provisional/Provisoire,,
05EA006,2026-08-08T00:30:00Z,46,723.761,,,Provisional/Provisoire,,
05EA006,2026-08-08T00:35:00Z,46,723.753,,,Provisional/Provisoire,,
05EA006,2026-08-08T00:40:00Z,46,723.738,,,Provisional/Provisoire,,
05EA006,2026-08-08T00:45:00Z,46,723.746,,,Provisional/Provisoire,,
05EA006,2026-08-08T00:50:00Z,46,723.725,,,Provisional/Provisoire,,
05EA006,2026-08-08T00:55:00Z,46,723.725,,,Provisional/Provisoire,,
05EA006,2026-08-08T01:00:00Z,46,723.718,,,Provisional/Provisoire,,
05EA006,2026-08-08T01:05:00Z,46,723.739,,,Provisional/Provisoire,,
05EA006,2026-08-08T01:10:00Z,46,723.779,,,Provisional/Provisoire,,
05EA006,2026-08-08T01:15:00Z,46,723.777,,,Provisional/Provisoire,,
05EA006,2026-08-08T01:20:00Z,46,723.778,,,Provisional/Provisoire,,
05EA006,2026-08-08T01:25:00Z,46,723.772,,,Provisional/Provisoire,,
05EA006,2026-08-08T01:30:00Z,46,723.774,,,Provisional/Provisoire,,
05EA006,2026-08-08T01:35:00Z,46,723.763,,,Provisional/Provisoire,,
05EA006,2026-08-08T01:40:00Z,46,723.760,,,Provisional/Provisoire,,
05EA006,2026-08-08T01:45:00Z,46,723.747,,,Provisional/Provisoire,,
05EA006,2026-08-08T01:50:00Z,46,723.746,,,Provisional/Provisoire,,
05EA006,2026-08-08T01:55:00Z,46,723.729,,,Provisional/Provisoire,,
05EA006,2026-08-08T02:00:00Z,46,723.771,,,Provisional/Provisoire,,
05EA006,2026-08-08T02:05:00Z,46,723.771,,,Provisional/Provisoire,,
05EA006,2026-08-08T02:10:00Z,46,723.774,,,Provisional/Provisoire,,
05EA006,2026-08-08T02:15:00Z,46,723.773,,,Provisional/Provisoire,,
05EA006,2026-08-08T02:20:00Z,46,723.763,,,Provisional/Provisoire,,
05EA006,2026-08-08T02:25:00Z,46,723.771,,,Provisional/Provisoire,,
05EA006,2026-08-08T02:30:00Z,46,723.759,,,Provisional/Provisoire,,
05EA006,2026-08-08T02:35:00Z,46,723.755,,,Provisional/Provisoire,,
05EA006,2026-08-08T02:40:00Z,46,723.757,,,Provisional/Provisoire,,
05EA006,2026-08-08T02:45:00Z,46,723.745,,,Provisional/Provisoire,,
05EA006,2026-08-08T02:50:00Z,46,723.713,,,Provisional/Provisoire,,
05EA006,2026-08-08T02:55:00Z,46,723.710,,,Provisional/Provisoire,,
05EA006,2026-08-08T03:00:00Z,46,723.688,,,Provisional/Provisoire,,
05EA006,2026-08-08T03:05:00Z,46,723.700,,,Provisional/Provisoire,,
05EA006,2026-08-08T03:10:00Z,46,723.750,,,Provisional/Provisoire,,
05EA006,2026-08-08T03:15:00Z,46,723.763,,,Provisional/Provisoire,,
05EA006,2026-08-08T03:20:00Z,46,723.763,,,Provisional/Provisoire,,
05EA006,2026-08-08T03:25:00Z,46,723.769,,,Provisional/Provisoire,,
05EA006,2026-08-08T03:30:00Z,46,723.756,,,Provisional/Provisoire,,
05EA006,2026-08-08T03:35:00Z,46,723.758,,,Provisional/Provisoire,,
05EA006,2026-08-08T03:40:00Z,46,723.753,,,Provisional/Provisoire,,
05EA006,2026-08-08T03:45:00Z,46,723.756,,,Provisional/Provisoire,,
05EA006,2026-08-08T03:50:00Z,46,723.769,,,Provisional/Provisoire,,
05EA006,2026-08-08T03:55:00Z,46,723.752,,,Provisional/Provisoire,,
05EA006,2026-08-08T04:00:00Z,46,723.762,,,Provisional/Provisoire,,
05EA006,2026-08-08T04:05:00Z,46,723.753,,,Provisional/Provisoire,,
05EA006,2026-08-08T04:10:00Z,46,723.747,,,Provisional/Provisoire,,
05EA006,2026-08-08T04:15:00Z,46,723.758,,,Provisional/Provisoire,,
05EA006,2026-08-08T04:20:00Z,46,723.751,,,Provisional/Provisoire,,
05EA006,2026-08-08T04:25:00Z,46,723.785,,,Provisional/Provisoire,,
05EA006,2026-08-08T04:30:00Z,46,723.786,,,Provisional/Provisoire,,
05EA006,2026-08-08T04:35:00Z,46,723.784,,,Provisional/Provisoire,,
05EA006,2026-08-08T04:40:00Z,46,723.770,,,Provisional/Provisoire,,
05EA006,2026-08-08T04:45:00Z,46,723.766,,,Provisional/Provisoire,,
05EA006,2026-08-08T04:50:00Z,46,723.771,,,Provisional/Provisoire,,
05EA006,2026-08-08T04:55:00Z,46,723.758,,,Provisional/Provisoire,,
05EA006,2026-08-08T05:00:00Z,46,723.758,,,Provisional/Provisoire,,
05EA006,2026-08-08T05:05:00Z,46,723.757,,,Provisional/Provisoire,,
05EA006,2026-08-08T05:10:00Z,46,723.750,,,Provisional/Provisoire,,
05EA006,2026-08-08T05:15:00Z,46,723.752,,,Provisional/Provisoire,,
05EA006,2026-08-08T05:20:00Z,46,723.750,,,Provisional/Provisoire,,
05EA006,2026-08-08T05:25:00Z,46,723.733,,,Provisional/Provisoire,,
05EA006,2026-08-08T05:30:00Z,46,723.725,,,Provisional/Provisoire,,
05EA006,2026-08-08T05:35:00Z,46,723.745,,,Provisional/Provisoire,,
05EA006,2026-08-08T05:40:00Z,46,723.746,,,Provisional/Provisoire,,
05EA006,2026-08-08T05:45:00Z,46,723.773,,,Provisional/Provisoire,,
05EA006,2026-08-08T05:50:00Z,46,723.776,,,Provisional/Provisoire,,
05EA006,2026-08-08T05:55:00Z,46,723.783,,,Provisional/Provisoire,,
05EA006,2026-08-08T06:00:00Z,46,723.787,,,Provisional/Provisoire,,
05EA006,2026-08-08T06:05:00Z,46,723.796,,,Provisional/Provisoire,,
05EA006,2026-08-08T06:10:00Z,46,723.781,,,Provisional/Provisoire,,
05EA006,2026-08-08T06:15:00Z,46,723.783,,,Provisional/Provisoire,,
05EA006,2026-08-08T06:20:00Z,46,723.784,,,Provisional/Provisoire,,
05EA006,2026-08-08T06:25:00Z,46,723.774,,,Provisional/Provisoire,,
05EA006,2026-08-08T06:30:00Z,46,723.764,,,Provisional/Provisoire,,
05EA006,2026-08-08T06:35:00Z,46,723.763,,,Provisional/Provisoire,,
05EA006,2026-08-08T06:40:00Z,46,723.777,,,Provisional/Provisoire,,
05EA006,2026-08-08T06:45:00Z,46,723.767,,,Provisional/Provisoire,,
05EA006,2026-08-08T06:50:00Z,46,723.763,,,Provisional/Provisoire,,
05EA006,2026-08-08T06:55:00Z,46,723.758,,,Provisional/Provisoire,,
05EA006,2026-08-08T07:00:00Z,46,723.756,,,Provisional/Provisoire,,
05EA006,2026-08-08T07:05:00Z,46,723.761,,,Provisional/Provisoire,,
05EA006,2026-08-08T07:10:00Z,46,723.764,,,Provisional/Provisoire,,
05EA006,2026-08-08T07:15:00Z,46,723.756,,,Provisional/Provisoire,,
05EA006,2026-08-08T07:20:00Z,46,723.741,,,Provisional/Provisoire,,
05EA006,2026-08-08T07:25:00Z,46,723.720,,,Provisional/Provisoire,,
05EA006,2026-08-08T07:30:00Z,46,723.749,,,Provisional/Provisoire,,
05EA006,2026-08-08T07:35:00Z,46,723.789,,,Provisional/Provisoire,,
05EA006,2026-08-08T07:40:00Z,46,723.799,,,Provisional/Provisoire,,
05EA006,2026-08-08T07:45:00Z,46,723.788,,,Provisional/Provisoire,,
05EA006,2026-08-08T07:50:00Z,46,723.748,,,Provisional/Provisoire,,
05EA006,2026-08-08T07:55:00Z,46,723.741,,,Provisional/Provisoire,,
05EA006,2026-08-08T08:00:00Z,46,723.725,,,Provisional/Provisoire,,
05EA006,2026-08-08T08:05:00Z,46,723.754,,,Provisional/Provisoire,,
05EA006,2026-08-08T08:10:00Z,46,723.785,,,Provisional/Provisoire,,
05EA006,2026-08-08T08:15:00Z,46,723.779,,,Provisional/Provisoire,,
05EA006,2026-08-08T08:20:00Z,46,723.767,,,Provisional/Provisoire,,
05EA006,2026-08-08T08:25:00Z,46,723.776,,,Provisional/Provisoire,,
05EA006,2026-08-08T08:30:00Z,46,723.782,,,Provisional/Provisoire,,
05EA006,2026-08-08T08:35:00Z,46,723.785,,,Provisional/Provisoire,,
05EA006,2026-08-08T08:40:00Z,46,723.788,,,Provisional/Provisoire,,
05EA006,2026-08-08T08:45:00Z,46,723.798,,,Provisional/Provisoire,,
05EA006,2026-08-08T08:50:00Z,46,723.810,,,Provisional/Provisoire,,
05EA006,2026-08-08T08:55:00Z,46,723.812,,,Provisional/Provisoire,,
05EA006,2026-08-08T09:00:00Z,46,723.807,,,Provisional/Provisoire,,
05EA006,2026-08-08T09:05:00Z,46,723.799,,,Provisional/Provisoire,,
05EA006,2026-08-08T09:10:00Z,46,723.791,,,Provisional/Provisoire,,
05EA006,2026-08-08T09:15:00Z,46,723.787,,,Provisional/Provisoire,,
05EA006,2026-08-08T09:20:00Z,46,723.795,,,Provisional/Provisoire,,
05EA006,2026-08-08T09:25:00Z,46,723.811,,,Provisional/Provisoire,,
05EA006,2026-08-08T09:30:00Z,46,723.820,,,Provisional/Provisoire,,
05EA006,2026-08-08T09:35:00Z,46,723.817,,,Provisional/Provisoire,,
05EA006,2026-08-08T09:40:00Z,46,723.792,,,Provisional/Provisoire,,
05EA006,2026-08-08T09:45:00Z,46,723.774,,,Provisional/Provisoire,,
05EA006,2026-08-08T09:50:00Z,46,723.768,,,Provisional/Provisoire,,
05EA006,2026-08-08T09:55:00Z,46,723.787,,,Provisional/Provisoire,,
05EA006,2026-08-08T10:00:00Z,46,723.807,,,Provisional/Provisoire,,
05EA006,2026-08-08T10:05:00Z,46,723.814,,,Provisional/Provisoire,,
05EA006,2026-08-08T10:10:00Z,46,723.803,,,Provisional/Provisoire,,
05EA006,2026-08-08T10:15:00Z,46,723.789,,,Provisional/Provisoire,,
05EA006,2026-08-08T10:20:00Z,46,723.782,,,Provisional/Provisoire,,
05EA006,2026-08-08T10:25:00Z,46,723.779,,,Provisional/Provisoire,,
05EA006,2026-08-08T10:30:00Z,46,723.784,,,Provisional/Provisoire,,
05EA006,2026-08-08T10:35:00Z,46,723.796,,,Provisional/Provisoire,,
05EA006,2026-08-08T10:40:00Z,46,723.783,,,Provisional/Provisoire,,
05EA006,2026-08-08T10:45:00Z,46,723.793,,,Provisional/Provisoire,,
05EA006,2026-08-08T10:50:00Z,46,723.797,,,Provisional/Provisoire,,
05EA006,2026-08-08T10:55:00Z,46,723.785,,,Provisional/Provisoire,,
05EA006,2026-08-08T11:00:00Z,46,723.790,,,Provisional/Provisoire,,
05EA006,2026-08-08T11:05:00Z,46,723.786,,,Provisional/Provisoire,,
05EA006,2026-08-08T11:10:00Z,46,723.781,,,Provisional/Provisoire,,
05EA006,2026-08-08T11:15:00Z,46,723.795,,,Provisional/Provisoire,,
05EA006,2026-08-08T11:20:00Z,46,723.790,,,Provisional/Provisoire,,
05EA006,2026-08-08T11:25:00Z,46,723.789,,,Provisional/Provisoire,,
05EA006,2026-08-08T11:30:00Z,46,723.782,,,Provisional/Provisoire,,
05EA006,2026-08-08T11:35:00Z,46,723.779,,,Provisional/Provisoire,,
05EA006,2026-08-08T11:40:00Z,46,723.764,,,Provisional/Provisoire,,
05EA006,2026-08-08T11:45:00Z,46,723.776,,,Provisional/Provisoire,,
05EA006,2026-08-08T11:50:00Z,46,723.804,,,Provisional/Provisoire,,
05EA006,2026-08-08T11:55:00Z,46,723.792,,,Provisional/Provisoire,,
05EA006,2026-08-08T12:00:00Z,46,723.773,,,Provisional/Provisoire,,
05EA006,2026-08-08T12:05:00Z,46,723.779,,,Provisional/Provisoire,,
05EA006,2026-08-08T12:10:00Z,46,723.771,,,Provisional/Provisoire,,
05EA006,2026-08-08T12:15:00Z,46,723.785,,,Provisional/Provisoire,,
05EA006,2026-08-08T12:20:00Z,46,723.780,,,Provisional/Provisoire,,
05EA006,2026-08-08T12:25:00Z,46,723.798,,,Provisional/Provisoire,,
05EA006,2026-08-08T12:30:00Z,46,723.789,,,Provisional/Provisoire,,
05EA006,2026-08-08T12:35:00Z,46,723.784,,,Provisional/Provisoire,,
05EA006,2026-08-08T12:40:00Z,46,723.775,,,Provisional/Provisoire,,
05EA006,2026-08-08T12:45:00Z,46,723.773,,,Provisional/Provisoire,,
05EA006,2026-08-08T12:50:00Z,46,723.771,,,Provisional/Provisoire,,
05EA006,2026-08-08T12:55:00Z,46,723.785,,,Provisional/Provisoire,,
05EA006,2026-08-08T13:00:00Z,46,723.778,,,Provisional/Provisoire,,
05EA006,2026-08-08T13:05:00Z,46,723.784,,,Provisional/Provisoire,,
05EA006,2026-08-08T13:10:00Z,46,723.800,,,Provisional/Provisoire,,
05EA006,2026-08-08T13:15:00Z,46,723.798,,,Provisional/Provisoire,,
05EA006,2026-08-08T13:20:00Z,46,723.791,,,Provisional/Provisoire,,
05EA006,2026-08-08T13:25:00Z,46,723.817,,,Provisional/Provisoire,,
05EA006,2026-08-08T13:30:00Z,46,723.811,,,Provisional/Provisoire,,
05EA006,2026-08-08T13:35:00Z,46,723.803,,,Provisional/Provisoire,,
05EA006,2026-08-08T13:40:00Z,46,723.827,,,Provisional/Provisoire,,
05EA006,2026-08-08T13:45:00Z,46,723.826,,,Provisional/Provisoire,,
05EA006,2026-08-08T13:50:00Z,46,723.818,,,Provisional/Provisoire,,
05EA006,2026-08-08T13:55:00Z,46,723.806,,,Provisional/Provisoire,,
05EA006,2026-08-08T14:00:00Z,46,723.828,,,Provisional/Provisoire,,
05EA006,2026-08-08T14:05:00Z,46,723.812,,,Provisional/Provisoire,,
05EA006,2026-08-08T14:10:00Z,46,723.819,,,Provisional/Provisoire,,
05EA006,2026-08-08T14:15:00Z,46,723.836,,,Provisional/Provisoire,,
05EA006,2026-08-08T14:20:00Z,46,723.838,,,Provisional/Provisoire,,
05EA006,2026-08-08T14:25:00Z,46,723.825,,,Provisional/Provisoire,,
05EA006,2026-08-08T14:30:00Z,46,723.814,,,Provisional/Provisoire,,
05EA006,2026-08-08T14:35:00Z,46,723.845,,,Provisional/Provisoire,,
05EA006,2026-08-08T14:40:00Z,46,723.838,,,Provisional/Provisoire,,
05EA006,2026-08-08T14:45:00Z,46,723.829,,,Provisional/Provisoire,,
05EA006,2026-08-08T14:50:00Z,46,723.841,,,Provisional/Provisoire,,
05EA006,2026-08-08T14:55:00Z,46,723.843,,,Provisional/Provisoire,,
05EA006,2026-08-08T15:00:00Z,46,723.837,,,Provisional/Provisoire,,
05EA006,2026-08-08T15:05:00Z,46,723.826,,,Provisional/Provisoire,,
05EA006,2026-08-08T15:10:00Z,46,723.853,,,Provisional/Provisoire,,
05EA006,2026-08-08T15:15:00Z,46,723.845,,,Provisional/Provisoire,,
05EA006,2026-08-08T15:20:00Z,46,723.835,,,Provisional/Provisoire,,
05EA006,2026-08-08T15:25:00Z,46,723.825,,,Provisional/Provisoire,,
05EA006,2026-08-08T15:30:00Z,46,723.852,,,Provisional/Provisoire,,
05EA006,2026-08-08T15:35:00Z,46,723.841,,,Provisional/Provisoire,,
05EA006,2026-08-08T15:40:00Z,46,723.834,,,Provisional/Provisoire,,
05EA006,2026-08-08T15:45:00Z,46,723.831,,,Provisional/Provisoire,,
05EA006,2026-08-08T15:50:00Z,46,723.834,,,Provisional/Provisoire,,
05EA006,2026-08-08T15:55:00Z,46,723.825,,,Provisional/Provisoire,,
05EA006,2026-08-08T16:00:00Z,46,723.849,,,Provisional/Provisoire,,
05EA006,2026-08-08T16:05:00Z,46,723.838,,,Provisional/Provisoire,,
05EA006,2026-08-08T16:10:00Z,46,723.823,,,Provisional/Provisoire,,
05EA006,2026-08-08T16:15:00Z,46,723.815,,,Provisional/Provisoire,,
05EA006,2026-08-08T16:20:00Z,46,723.842,,,Provisional/Provisoire,,
05EA006,2026-08-08T16:25:00Z,46,723.820,,,Provisional/Provisoire,,
05EA006,2026-08-08T16:30:00Z,46,723.810,,,Provisional/Provisoire,,
05EA006,2026-08-08T16:35:00Z,46,723.834,,,Provisional/Provisoire,,
05EA006,2026-08-08T16:40:00Z,46,723.825,,,Provisional/Provisoire,,
05EA006,2026-08-08T16:45:00Z,46,723.821,,,Provisional/Provisoire,,
05EA006,2026-08-08T16:50:00Z,46,723.796,,,Provisional/Provisoire,,
05EA006,2026-08-08T16:55:00Z,46,723.837,,,Provisional/Provisoire,,
05EA006,2026-08-08T17:00:00Z,46,723.820,,,Provisional/Provisoire,,
05EA006,2026-08-08T17:05:00Z,46,723.807,,,Provisional/Provisoire,,
05EA006,2026-08-08T17:10:00Z,46,723.798,,,Provisional/Provisoire,,
05EA006,2026-08-08T17:15:00Z,46,723.836,,,Provisional/Provisoire,,
05EA006,2026-08-08T17:20:00Z,46,723.833,,,Provisional/Provisoire,,
05EA006,2026-08-08T17:25:00Z,46,723.823,,,Provisional/Provisoire,,
05EA006,2026-08-08T17:30:00Z,46,723.814,,,Provisional/Provisoire,,
05EA006,2026-08-08T17:35:00Z,46,723.823,,,Provisional/Provisoire,,
05EA006,2026-08-08T17:40:00Z,46,723.829,,,Provisional/Provisoire,,
05EA006,2026-08-08T17:45:00Z,46,723.837,,,Provisional/Provisoire,,
05EA006,2026-08-08T17:50:00Z,46,723.852,,,Provisional/Provisoire,,
05EA006,2026-08-08T17:55:00Z,46,723.847,,,Provisional/Provisoire,,
05EA006,2026-08-08T18:00:00Z,46,723.836,,,Provisional/Provisoire,,
05EA006,2026-08-08T18:05:00Z,46,723.812,,,Provisional/Provisoire,,
05EA006,2026-08-08T18:10:00Z,46,723.850,,,Provisional/Provisoire,,
05EA006,2026-08-08T18:15:00Z,46,723.851,,,Provisional/Provisoire,,
05EA006,2026-08-08T18:20:00Z,46,723.844,,,Provisional/Provisoire,,
05EA006,2026-08-08T18:25:00Z,46,723.846,,,Provisional/Provisoire,,
05EA006,2026-08-08T18:30:00Z,46,723.830,,,Provisional/Provisoire,,
05EA006,2026-08-08T18:35:00Z,46,723.831,,,Provisional/Provisoire,,
05EA006,2026-08-08T18:40:00Z,46,723.815,,,Provisional/Provisoire,,
05EA006,2026-08-08T18:45:00Z,46,723.809,,,Provisional/Provisoire,,
05EA006,2026-08-08T18:50:00Z,46,723.838,,,Provisional/Provisoire,,
05EA006,2026-08-08T18:55:00Z,46,723.847,,,Provisional/Provisoire,,
05EA006,2026-08-08T19:00:00Z,46,723.845,,,Provisional/Provisoire,,
05EA006,2026-08-08T19:05:00Z,46,723.848,,,Provisional/Provisoire,,
05EA006,2026-08-08T19:10:00Z,46,723.833,,,Provisional/Provisoire,,
05EA006,2026-08-08T19:15:00Z,46,723.830,,,Provisional/Provisoire,,
05EA006,2026-08-08T19:20:00Z,46,723.813,,,Provisional/Provisoire,,
05EA006,2026-08-08T19:25:00Z,46,723.807,,,Provisional/Provisoire,,
05EA006,2026-08-08T19:30:00Z,46,723.804,,,Provisional/Provisoire,,
05EA006,2026-08-08T19:35:00Z,46,723.836,,,Provisional/Provisoire,,
05EA006,2026-08-08T19:40:00Z,46,723.844,,,Provisional/Provisoire,,
05EA006,2026-08-08T19:45:00Z,46,723.842,,,Provisional/Provisoire,,
05EA006,2026-08-08T19:50:00Z,46,723.838,,,Provisional/Provisoire,,
05EA006,2026-08-08T19:55:00Z,46,723.828,,,Provisional/Provisoire,,
05EA006,2026-08-08T20:00:00Z,46,723.823,,,Provisional/Provisoire,,
05EA006,2026-08-08T20:05:00Z,46,723.828,,,Provisional/Provisoire,,
05EA006,2026-08-08T20:10:00Z,46,723.825,,,Provisional/Provisoire,,
05EA006,2026-08-08T20:15:00Z,46,723.828,,,Provisional/Provisoire,,
05EA006,2026-08-08T20:20:00Z,46,723.821,,,Provisional/Provisoire,,
05EA006,2026-08-08T20:25:00Z,46,723.815,,,Provisional/Provisoire,,
05EA006,2026-08-08T20:30:00Z,46,723.807,,,Provisional/Provisoire,,
05EA006,2026-08-08T20:35:00Z,46,723.806,,,Provisional/Provisoire,,
05EA006,2026-08-08T20:40:00Z,46,723.825,,,Provisional/Provisoire,,
05EA006,2026-08-08T20:45:00Z,46,723.843,,,Provisional/Provisoire,,
05EA006,2026-08-08T20:50:00Z,46,723.849,,,Provisional/Provisoire,,
05EA006,2026-08-08T20:55:00Z,46,723.842,,,Provisional/Provisoire,,
05EA006,2026-08-08T21:00:00Z,46,723.830,,,Provisional/Provisoire,,
05EA006,2026-08-08T21:05:00Z,46,723.827,,,Provisional/Provisoire,,
05EA006,2026-08-08T21:10:00Z,46,723.815,,,Provisional/Provisoire,,
05EA006,2026-08-08T21:15:00Z,46,723.823,,,Provisional/Provisoire,,
05EA006,2026-08-08T21:20:00Z,46,723.813,,,Provisional/Provisoire,,
05EA006,2026-08-08T21:25:00Z,46,723.807,,,Provisional/Provisoire,,
05EA006,2026-08-08T21:30:00Z,46,723.801,,,Provisional/Provisoire,,
05EA006,2026-08-08T21:35:00Z,46,723.800,,,Provisional/Provisoire,,
05EA006,2026-08-08T21:40:00Z,46,723.791,,,Provisional/Provisoire,,
05EA006,2026-08-08T21:45:00Z,46,723.822,,,Provisional/Provisoire,,
05EA006,2026-08-08T21:50:00Z,46,723.817,,,Provisional/Provisoire,,
05EA006,2026-08-08T21:55:00Z,46,723.820,,,Provisional/Provisoire,,
05EA006,2026-08-08T22:00:00Z,46,723.820,,,Provisional/Provisoire,,
05EA006,2026-08-08T22:05:00Z,46,723.816,,,Provisional/Provisoire,,
05EA006,2026-08-08T22:10:00Z,46,723.809,,,Provisional/Provisoire,,
05EA006,2026-08-08T22:15:00Z,46,723.799,,,Provisional/Provisoire,,
05EA006,2026-08-08T22:20:00Z,46,723.818,,,Provisional/Provisoire,,
05EA006,2026-08-08T22:25:00Z,46,723.820,,,Provisional/Provisoire,,
05EA006,2026-08-08T22:30:00Z,46,723.810,,,Provisional/Provisoire,,
05EA006,2026-08-08T22:35:00Z,46,723.809,,,Provisional/Provisoire,,
05EA006,2026-08-08T22:40:00Z,46,723.769,,,Provisional/Provisoire,,
05EA006,2026-08-08T22:45:00Z,46,723.790,,,Provisional/Provisoire,,
05EA006,2026-08-08T22:50:00Z,46,723.798,,,Provisional/Provisoire,,
05EA006,2026-08-08T22:55:00Z,46,723.798,,,Provisional/Provisoire,,
05EA006,2026-08-08T23:00:00Z,46,723.805,,,Provisional/Provisoire,,
05EA006,2026-08-08T23:05:00Z,46,723.798,,,Provisional/Provisoire,,
05EA006,2026-08-08T23:10:00Z,46,723.794,,,Provisional/Provisoire,,
05EA006,2026-08-08T23:15:00Z,46,723.790,,,Provisional/Provisoire,,
05EA006,2026-08-08T23:20:00Z,46,723.785,,,Provisional/Provisoire,,
05EA006,2026-08-08T23:25:00Z,46,723.784,,,Provisional/Provisoire,,
05EA006,2026-08-08T23:30:00Z,46,723.777,,,Provisional/Provisoire,,
05EA006,2026-08-08T23:35:00Z,46,723.773,,,Provisional/Provisoire,,
05EA006,2026-08-08T23:40:00Z,46,723.801,,,Provisional/Provisoire,,
05EA006,2026-08-08T23:45:00Z,46,723.815,,,Provisional/Provisoire,,
05EA006,2026-08-08T23:50:00Z,46,723.817,,,Provisional/Provisoire,,
05EA006,2026-08-08T23:55:00Z,46,723.810,,,Provisional/Provisoire,,
05EA006,2026-08-09T00:00:00Z,46,723.798,,,Provisional/Provisoire,,
05EA006,2026-08-09T00:05:00Z,46,723.792,,,Provisional/Provisoire,,
05EA006,2026-08-09T00:10:00Z,46,723.787,,,Provisional/Provisoire,,
05EA006,2026-08-09T00:15:00Z,46,723.775,,,Provisional/Provisoire,,
05EA006,2026-08-09T00:20:00Z,46,723.777,,,Provisional/Provisoire,,
05EA006,2026-08-09T00:25:00Z,46,723.771,,,Provisional/Provisoire,,
05EA006,2026-08-09T00:30:00Z,46,723.762,,,Provisional/Provisoire,,
05EA006,2026-08-09T00:35:00Z,46,723.799,,,Provisional/Provisoire,,
05EA006,2026-08-09T00:40:00Z,46,723.812,,,Provisional/Provisoire,,
05EA006,2026-08-09T00:45:00Z,46,723.807,,,Provisional/Provisoire,,
05EA006,2026-08-09T00:50:00Z,46,723.799,,,Provisional/Provisoire,,
05EA006,2026-08-09T00:55:00Z,46,723.797,,,Provisional/Provisoire,,
05EA006,2026-08-09T01:00:00Z,46,723.810,,,Provisional/Provisoire,,
05EA006,2026-08-09T01:05:00Z,46,723.802,,,Provisional/Provisoire,,
05EA006,2026-08-09T01:10:00Z,46,723.800,,,Provisional/Provisoire,,
05EA006,2026-08-09T01:15:00Z,46,723.791,,,Provisional/Provisoire,,
05EA006,2026-08-09T01:20:00Z,46,723.791,,,Provisional/Provisoire,,
05EA006,2026-08-09T01:25:00Z,46,723.793,,,Provisional/Provisoire,,
05EA006,2026-08-09T01:30:00Z,46,723.785,,,Provisional/Provisoire,,
05EA006,2026-08-09T01:35:00Z,46,723.777,,,Provisional/Provisoire,,
05EA006,2026-08-09T01:40:00Z,46,723.770,,,Provisional/Provisoire,,
05EA006,2026-08-09T01:45:00Z,46,723.760,,,Provisional/Provisoire,,
05EA006,2026-08-09T01:50:00Z,46,723.747,,,Provisional/Provisoire,,
05EA006,2026-08-09T01:55:00Z,46,723.739,,,Provisional/Provisoire,,
05EA006,2026-08-09T02:00:00Z,46,723.772,,,Provisional/Provisoire,,
05EA006,2026-08-09T02:05:00Z,46,723.816,,,Provisional/Provisoire,,
05EA006,2026-08-09T02:10:00Z,46,723.815,,,Provisional/Provisoire,,
05EA006,2026-08-09T02:15:00Z,46,723.821,,,Provisional/Provisoire,,
05EA006,2026-08-09T02:20:00Z,46,723.809,,,Provisional/Provisoire,,
05EA006,2026-08-09T02:25:00Z,46,723.810,,,Provisional/Provisoire,,
05EA006,2026-08-09T02:30:00Z,46,723.802,,,Provisional/Provisoire,,
05EA006,2026-08-09T02:35:00Z,46,723.797,,,Provisional/Provisoire,,
05EA006,2026-08-09T02:40:00Z,46,723.784,,,Provisional/Provisoire,,
05EA006,2026-08-09T02:45:00Z,46,723.772,,,Provisional/Provisoire,,
05EA006,2026-08-09T02:50:00Z,46,723.766,,,Provisional/Provisoire,,
05EA006,2026-08-09T02:55:00Z,46,723.753,,,Provisional/Provisoire,,
05EA006,2026-08-09T03:00:00Z,46,723.751,,,Provisional/Provisoire,,
05EA006,2026-08-09T03:05:00Z,46,723.754,,,Provisional/Provisoire,,
05EA006,2026-08-09T03:10:00Z,46,723.748,,,Provisional/Provisoire,,
05EA006,2026-08-09T03:15:00Z,46,723.746,,,Provisional/Provisoire,,
05EA006,2026-08-09T03:20:00Z,46,723.722,,,Provisional/Provisoire,,
05EA006,2026-08-09T03:25:00Z,46,723.707,,,Provisional/Provisoire,,
05EA006,2026-08-09T03:30:00Z,46,723.697,,,Provisional/Provisoire,,
05EA006,2026-08-09T03:35:00Z,46,723.689,,,Provisional/Provisoire,,
05EA006,2026-08-09T03:40:00Z,46,723.679,,,Provisional/Provisoire,,
05EA006,2026-08-09T03:45:00Z,46,723.690,,,Provisional/Provisoire,,
05EA006,2026-08-09T03:50:00Z,46,723.688,,,Provisional/Provisoire,,
05EA006,2026-08-09T03:55:00Z,46,723.674,,,Provisional/Provisoire,,
05EA006,2026-08-09T04:00:00Z,46,723.699,,,Provisional/Provisoire,,
05EA006,2026-08-09T04:05:00Z,46,723.698,,,Provisional/Provisoire,,
05EA006,2026-08-09T04:10:00Z,46,723.714,,,Provisional/Provisoire,,
05EA006,2026-08-09T04:15:00Z,46,723.715,,,Provisional/Provisoire,,
05EA006,2026-08-09T04:20:00Z,46,723.722,,,Provisional/Provisoire,,
05EA006,2026-08-09T04:25:00Z,46,723.722,,,Provisional/Provisoire,,
05EA006,2026-08-09T04:30:00Z,46,723.723,,,Provisional/Provisoire,,
05EA006,2026-08-09T04:35:00Z,46,723.738,,,Provisional/Provisoire,,
05EA006,2026-08-09T04:40:00Z,46,723.738,,,Provisional/Provisoire,,
05EA006,2026-08-09T04:45:00Z,46,723.716,,,Provisional/Provisoire,,
05EA006,2026-08-09T04:50:00Z,46,723.732,,,Provisional/Provisoire,,
05EA006,2026-08-09T04:55:00Z,46,723.736,,,Provisional/Provisoire,,
05EA006,2026-08-09T05:00:00Z,46,723.719,,,Provisional/Provisoire,,
05EA006,2026-08-09T05:05:00Z,46,723.725,,,Provisional/Provisoire,,
05EA006,2026-08-09T05:10:00Z,46,723.721,,,Provisional/Provisoire,,
05EA006,2026-08-09T05:15:00Z,46,723.740,,,Provisional/Provisoire,,
05EA006,2026-08-09T05:20:00Z,46,723.748,,,Provisional/Provisoire,,
05EA006,2026-08-09T05:25:00Z,46,723.738,,,Provisional/Provisoire,,
05EA006,2026-08-09T05:30:00Z,46,723.730,,,Provisional/Provisoire,,
05EA006,2026-08-09T05:35:00Z,46,723.714,,,Provisional/Provisoire,,
05EA006,2026-08-09T05:40:00Z,46,723.711,,,Provisional/Provisoire,,
05EA006,2026-08-09T05:45:00Z,46,723.706,,,Provisional/Provisoire,,
05EA006,2026-08-09T05:50:00Z,46,723.713,,,Provisional/Provisoire,,
05EA006,2026-08-09T05:55:00Z,46,723.708,,,Provisional/Provisoire,,
05EA006,2026-08-09T06:00:00Z,46,723.697,,,Provisional/Provisoire,,
05EA006,2026-08-09T06:05:00Z,46,723.699,,,Provisional/Provisoire,,
05EA006,2026-08-09T06:10:00Z,46,723.701,,,Provisional/Provisoire,,
05EA006,2026-08-09T06:15:00Z,46,723.697,,,Provisional/Provisoire,,
05EA006,2026-08-09T06:20:00Z,46,723.704,,,Provisional/Provisoire,,
05EA006,2026-08-09T06:25:00Z,46,723.703,,,Provisional/Provisoire,,
05EA006,2026-08-09T06:30:00Z,46,723.696,,,Provisional/Provisoire,,
05EA006,2026-08-09T06:35:00Z,46,723.682,,,Provisional/Provisoire,,
05EA006,2026-08-09T06:40:00Z,46,723.683,,,Provisional/Provisoire,,
05EA006,2026-08-09T06:45:00Z,46,723.687,,,Provisional/Provisoire,,
05EA006,2026-08-09T06:50:00Z,46,723.690,,,Provisional/Provisoire,,
05EA006,2026-08-09T06:55:00Z,46,723.685,,,Provisional/Provisoire,,
05EA006,2026-08-09T07:00:00Z,46,723.686,,,Provisional/Provisoire,,
05EA006,2026-08-09T07:05:00Z,46,723.680,,,Provisional/Provisoire,,
05EA006,2026-08-09T07:10:00Z,46,723.680,,,Provisional/Provisoire,,
05EA006,2026-08-09T07:15:00Z,46,723.677,,,Provisional/Provisoire,,
05EA006,2026-08-09T07:20:00Z,46,723.680,,,Provisional/Provisoire,,
05EA006,2026-08-09T07:25:00Z,46,723.684,,,Provisional/Provisoire,,
05EA006,2026-08-09T07:30:00Z,46,723.679,,,Provisional/Provisoire,,
05EA006,2026-08-09T07:35:00Z,46,723.684,,,Provisional/Provisoire,,
05EA006,2026-08-09T07:40:00Z,46,723.692,,,Provisional/Provisoire,,
05EA006,2026-08-09T07:45:00Z,46,723.700,,,Provisional/Provisoire,,
05EA006,2026-08-09T07:50:00Z,46,723.682,,,Provisional/Provisoire,,
05EA006,2026-08-09T07:55:00Z,46,723.687,,,Provisional/Provisoire,,
05EA006,2026-08-09T08:00:00Z,46,723.684,,,Provisional/Provisoire,,
05EA006,2026-08-09T08:05:00Z,46,723.682,,,Provisional/Provisoire,,
05EA006,2026-08-09T08:10:00Z,46,723.684,,,Provisional/Provisoire,,
05EA006,2026-08-09T08:15:00Z,46,723.681,,,Provisional/Provisoire,,
05EA006,2026-08-09T08:20:00Z,46,723.678,,,Provisional/Provisoire,,
05EA006,2026-08-09T08:25:00Z,46,723.679,,,Provisional/Provisoire,,
05EA006,2026-08-09T08:30:00Z,46,723.676,,,Provisional/Provisoire,,
05EA006,2026-08-09T08:35:00Z,46,723.682,,,Provisional/Provisoire,,
05EA006,2026-08-09T08:40:00Z,46,723.688,,,Provisional/Provisoire,,
05EA006,2026-08-09T08:45:00Z,46,723.694,,,Provisional/Provisoire,,
05EA006,2026-08-09T08:50:00Z,46,723.681,,,Provisional/Provisoire,,
05EA006,2026-08-09T08:55:00Z,46,723.686,,,Provisional/Provisoire,,
05EA006,2026-08-09T09:00:00Z,46,723.684,,,Provisional/Provisoire,,
05EA006,2026-08-09T09:05:00Z,46,723.682,,,Provisional/Provisoire,,
05EA006,2026-08-09T09:10:00Z,46,723.689,,,Provisional/Provisoire,,
05EA006,2026-08-09T09:15:00Z,46,723.690,,,Provisional/Provisoire,,
05EA006,2026-08-09T09:20:00Z,46,723.691,,,Provisional/Provisoire,,
05EA006,2026-08-09T09:25:00Z,46,723.688,,,Provisional/Provisoire,,
05EA006,2026-08-09T09:30:00Z,46,723.693,,,Provisional/Provisoire,,
05EA006,2026-08-09T09:35:00Z,46,723.693,,,Provisional/Provisoire,,
05EA006,2026-08-09T09:40:00Z,46,723.691,,,Provisional/Provisoire,,
05EA006,2026-08-09T09:45:00Z,46,723.680,,,Provisional/Provisoire,,
05EA006,2026-08-09T09:50:00Z,46,723.686,,,Provisional/Provisoire,,
05EA006,2026-08-09T09:55:00Z,46,723.688,,,Provisional/Provisoire,,
05EA006,2026-08-09T10:00:00Z,46,723.691,,,Provisional/Provisoire,,
05EA006,2026-08-09T10:05:00Z,46,723.691,,,Provisional/Provisoire,,
05EA006,2026-08-09T10:10:00Z,46,723.691,,,Provisional/Provisoire,,
05EA006,2026-08-09T10:15:00Z,46,723.686,,,Provisional/Provisoire,,
05EA006,2026-08-09T10:20:00Z,46,723.690,,,Provisional/Provisoire,,
05EA006,2026-08-09T10:25:00Z,46,723.686,,,Provisional/Provisoire,,
05EA006,2026-08-09T10:30:00Z,46,723.695,,,Provisional/Provisoire,,
05EA006,2026-08-09T10:35:00Z,46,723.692,,,Provisional/Provisoire,,
05EA006,2026-08-09T10:40:00Z,46,723.696,,,Provisional/Provisoire,,
05EA006,2026-08-09T10:45:00Z,46,723.679,,,Provisional/Provisoire,,
05EA006,2026-08-09T10:50:00Z,46,723.710,,,Provisional/Provisoire,,
05EA006,2026-08-09T10:55:00Z,46,723.708,,,Provisional/Provisoire,,
05EA006,2026-08-09T11:00:00Z,46,723.723,,,Provisional/Provisoire,,
05EA006,2026-08-09T11:05:00Z,46,723.719,,,Provisional/Provisoire,,
05EA006,2026-08-09T11:10:00Z,46,723.721,,,Provisional/Provisoire,,
05EA006,2026-08-09T11:15:00Z,46,723.750,,,Provisional/Provisoire,,
05EA006,2026-08-09T11:20:00Z,46,723.747,,,Provisional/Provisoire,,
05EA006,2026-08-09T11:25:00Z,46,723.752,,,Provisional/Provisoire,,
05EA006,2026-08-09T11:30:00Z,46,723.751,,,Provisional/Provisoire,,
05EA006,2026-08-09T11:35:00Z,46,723.775,,,Provisional/Provisoire,,
05EA006,2026-08-09T11:40:00Z,46,723.771,,,Provisional/Provisoire,,
05EA006,2026-08-09T11:45:00Z,46,723.761,,,Provisional/Provisoire,,
05EA006,2026-08-09T11:50:00Z,46,723.766,,,Provisional/Provisoire,,
05EA006,2026-08-09T11:55:00Z,46,723.767,,,Provisional/Provisoire,,
05EA006,2026-08-09T12:00:00Z,46,723.770,,,Provisional/Provisoire,,
05EA006,2026-08-09T12:05:00Z,46,723.775,,,Provisional/Provisoire,,
05EA006,2026-08-09T12:10:00Z,46,723.775,,,Provisional/Provisoire,,
05EA006,2026-08-09T12:15:00Z,46,723.780,,,Provisional/Provisoire,,
05EA006,2026-08-09T12:20:00Z,46,723.775,,,Provisional/Provisoire,,
05EA006,2026-08-09T12:25:00Z,46,723.764,,,Provisional/Provisoire,,
05EA006,2026-08-09T12:30:00Z,46,723.765,,,Provisional/Provisoire,,
05EA006,2026-08-09T12:35:00Z,46,723.775,,,Provisional/Provisoire,,
05EA006,2026-08-09T12:40:00Z,46,723.780,,,Provisional/Provisoire,,
05EA006,2026-08-09T12:45:00Z,46,723.768,,,Provisional/Provisoire,,
05EA006,2026-08-09T12:50:00Z,46,723.770,,,Provisional/Provisoire,,
05EA006,2026-08-09T12:55:00Z,46,723.768,,,Provisional/Provisoire,,
05EA006,2026-08-09T13:00:00Z,46,723.786,,,Provisional/Provisoire,,
05EA006,2026-08-09T13:05:00Z,46,723.768,,,Provisional/Provisoire,,
05EA006,2026-08-09T13:10:00Z,46,723.760,,,Provisional/Provisoire,,
05EA006,2026-08-09T13:15:00Z,46,723.771,,,Provisional/Provisoire,,
05EA006,2026-08-09T13:20:00Z,46,723.773,,,Provisional/Provisoire,,
05EA006,2026-08-09T13:25:00Z,46,723.776,,,Provisional/Provisoire,,
05EA006,2026-08-09T13:30:00Z,46,723.770,,,Provisional/Provisoire,,
05EA006,2026-08-09T13:35:00Z,46,723.762,,,Provisional/Provisoire,,
05EA006,2026-08-09T13:40:00Z,46,723.773,,,Provisional/Provisoire,,
05EA006,2026-08-09T13:45:00Z,46,723.749,,,Provisional/Provisoire,,
05EA006,2026-08-09T13:50:00Z,46,723.767,,,Provisional/Provisoire,,
05EA006,2026-08-09T13:55:00Z,46,723.763,,,Provisional/Provisoire,,
05EA006,2026-08-09T14:00:00Z,46,723.770,,,Provisional/Provisoire,,
05EA006,2026-08-09T14:05:00Z,46,723.758,,,Provisional/Provisoire,,
05EA006,2026-08-09T14:10:00Z,46,723.751,,,Provisional/Provisoire,,
05EA006,2026-08-09T14:15:00Z,46,723.753,,,Provisional/Provisoire,,
05EA006,2026-08-09T14:20:00Z,46,723.749,,,Provisional/Provisoire,,
05EA006,2026-08-09T14:25:00Z,46,723.802,,,Provisional/Provisoire,,
05EA006,2026-08-09T14:30:00Z,46,723.800,,,Provisional/Provisoire,,
05EA006,2026-08-09T14:35:00Z,46,723.784,,,Provisional/Provisoire,,
05EA006,2026-08-09T14:40:00Z,46,723.767,,,Provisional/Provisoire,,
05EA006,2026-08-09T14:45:00Z,46,723.800,,,Provisional/Provisoire,,
05EA006,2026-08-09T14:50:00Z,46,723.788,,,Provisional/Provisoire,,
05EA006,2026-08-09T14:55:00Z,46,723.778,,,Provisional/Provisoire,,
05EA006,2026-08-09T15:00:00Z,46,723.758,,,Provisional/Provisoire,,
05EA006,2026-08-09T15:05:00Z,46,723.803,,,Provisional/Provisoire,,
05EA006,2026-08-09T15:10:00Z,46,723.797,,,Provisional/Provisoire,,
05EA006,2026-08-09T15:15:00Z,46,723.778,,,Provisional/Provisoire,,
05EA006,2026-08-09T15:20:00Z,46,723.765,,,Provisional/Provisoire,,
05EA006,2026-08-09T15:25:00Z,46,723.799,,,Provisional/Provisoire,,
05EA006,2026-08-09T15:30:00Z,46,723.784,,,Provisional/Provisoire,,
05EA006,2026-08-09T15:35:00Z,46,723.769,,,Provisional/Provisoire,,
05EA006,2026-08-09T15:40:00Z,46,723.760,,,Provisional/Provisoire,,
05EA006,2026-08-09T15:45:00Z,46,723.802,,,Provisional/Provisoire,,
05EA006,2026-08-09T15:50:00Z,46,723.788,,,Provisional/Provisoire,,
05EA006,2026-08-09T15:55:00Z,46,723.776,,,Provisional/Provisoire,,
05EA006,2026-08-09T16:00:00Z,46,723.758,,,Provisional/Provisoire,,
05EA006,2026-08-09T16:05:00Z,46,723.780,,,Provisional/Provisoire,,
05EA006,2026-08-09T16:10:00Z,46,723.787,,,Provisional/Provisoire,,
05EA006,2026-08-09T16:15:00Z,46,723.780,,,Provisional/Provisoire,,
05EA006,2026-08-09T16:20:00Z,46,723.765,,,Provisional/Provisoire,,
05EA006,2026-08-09T16:25:00Z,46,723.756,,,Provisional/Provisoire,,
05EA006,2026-08-09T16:30:00Z,46,723.784,,,Provisional/Provisoire,,
05EA006,2026-08-09T16:35:00Z,46,723.765,,,Provisional/Provisoire,,
05EA006,2026-08-09T16:40:00Z,46,723.738,,,Provisional/Provisoire,,
05EA006,2026-08-09T16:45:00Z,46,723.764,,,Provisional/Provisoire,,
05EA006,2026-08-09T16:50:00Z,46,723.771,,,Provisional/Provisoire,,
05EA006,2026-08-09T16:55:00Z,46,723.746,,,Provisional/Provisoire,,
05EA006,2026-08-09T17:00:00Z,46,723.779,,,Provisional/Provisoire,,
05EA006,2026-08-09T17:05:00Z,46,723.759,,,Provisional/Provisoire,,
05EA006,2026-08-09T17:10:00Z,46,723.759,,,Provisional/Provisoire,,
05EA006,2026-08-09T17:15:00Z,46,723.752,,,Provisional/Provisoire,,
05EA006,2026-08-09T17:20:00Z,46,723.717,,,Provisional/Provisoire,,
05EA006,2026-08-09T17:25:00Z,46,723.751,,,Provisional/Provisoire,,
05EA006,2026-08-09T17:30:00Z,46,723.777,,,Provisional/Provisoire,,
05EA006,2026-08-09T17:35:00Z,46,723.767,,,Provisional/Provisoire,,
05EA006,2026-08-09T17:40:00Z,46,723.770,,,Provisional/Provisoire,,
05EA006,2026-08-09T17:45:00Z,46,723.757,,,Provisional/Provisoire,,
05EA006,2026-08-09T17:50:00Z,46,723.746,,,Provisional/Provisoire,,
05EA006,2026-08-09T17:55:00Z,46,723.712,,,Provisional/Provisoire,,
05EA006,2026-08-09T18:00:00Z,46,723.709,,,Provisional/Provisoire,,
05EA006,2026-08-09T18:05:00Z,46,723.711,,,Provisional/Provisoire,,
05EA006,2026-08-09T18:10:00Z,46,723.709,,,Provisional/Provisoire,,
05EA006,2026-08-09T18:15:00Z,46,723.707,,,Provisional/Provisoire,,
05EA006,2026-08-09T18:20:00Z,46,723.750,,,Provisional/Provisoire,,
05EA006,2026-08-09T18:25:00Z,46,723.771,,,Provisional/Provisoire,,
05EA006,2026-08-09T18:30:00Z,46,723.776,,,Provisional/Provisoire,,
05EA006,2026-08-09T18:35:00Z,46,723.764,,,Provisional/Provisoire,,
05EA006,2026-08-09T18:40:00Z,46,723.760,,,Provisional/Provisoire,,
05EA006,2026-08-09T18:45:00Z,46,723.746,,,Provisional/Provisoire,,
05EA006,2026-08-09T18:50:00Z,46,723.720,,,Provisional/Provisoire,,
05EA006,2026-08-09T18:55:00Z,46,723.710,,,Provisional/Provisoire,,
05EA006,2026-08-09T19:00:00Z,46,723.706,,,Provisional/Provisoire,,
05EA006,2026-08-09T19:05:00Z,46,723.696,,,Provisional/Provisoire,,
05EA006,2026-08-09T19:10:00Z,46,723.692,,,Provisional/Provisoire,,
05EA006,2026-08-09T19:15:00Z,46,723.695,,,Provisional/Provisoire,,
05EA006,2026-08-09T19:20:00Z,46,723.693,,,Provisional/Provisoire,,
05EA006,2026-08-09T19:25:00Z,46,723.693,,,Provisional/Provisoire,,
05EA006,2026-08-09T19:30:00Z,46,723.712,,,Provisional/Provisoire,,
05EA006,2026-08-09T19:35:00Z,46,723.731,,,Provisional/Provisoire,,
05EA006,2026-08-09T19:40:00Z,46,723.756,,,Provisional/Provisoire,,
05EA006,2026-08-09T19:45:00Z,46,723.767,,,Provisional/Provisoire,,
05EA006,2026-08-09T19:50:00Z,46,723.754,,,Provisional/Provisoire,,
05EA006,2026-08-09T19:55:00Z,46,723.750,,,Provisional/Provisoire,,
05EA006,2026-08-09T20:00:00Z,46,723.750,,,Provisional/Provisoire,,
05EA006,2026-08-09T20:05:00Z,46,723.745,,,Provisional/Provisoire,,
05EA006,2026-08-09T20:10:00Z,46,723.730,,,Provisional/Provisoire,,
05EA006,2026-08-09T20:15:00Z,46,723.720,,,Provisional/Provisoire,,
05EA006,2026-08-09T20:20:00Z,46,723.713,,,Provisional/Provisoire,,
05EA006,2026-08-09T20:25:00Z,46,723.712,,,Provisional/Provisoire,,
05EA006,2026-08-09T20:30:00Z,46,723.723,,,Provisional/Provisoire,,
05EA006,2026-08-09T20:35:00Z,46,723.712,,,Provisional/Provisoire,,
05EA006,2026-08-09T20:40:00Z,46,723.701,,,Provisional/Provisoire,,
05EA006,2026-08-09T20:45:00Z,46,723.718,,,Provisional/Provisoire,,
05EA006,2026-08-09T20:50:00Z,46,723.766,,,Provisional/Provisoire,,
05EA006,2026-08-09T20:55:00Z,46,723.774,,,Provisional/Provisoire,,
05EA006,2026-08-09T21:00:00Z,46,723.782,,,Provisional/Provisoire,,
05EA006,2026-08-09T21:05:00Z,46,723.777,,,Provisional/Provisoire,,
05EA006,2026-08-09T21:10:00Z,46,723.768,,,Provisional/Provisoire,,
05EA006,2026-08-09T21:15:00Z,46,723.769,,,Provisional/Provisoire,,
05EA006,2026-08-09T21:20:00Z,46,723.739,,,Provisional/Provisoire,,
05EA006,2026-08-09T21:25:00Z,46,723.724,,,Provisional/Provisoire,,
05EA006,2026-08-09T21:30:00Z,46,723.722,,,Provisional/Provisoire,,
05EA006,2026-08-09T21:35:00Z,46,723.725,,,Provisional/Provisoire,,
05EA006,2026-08-09T21:40:00Z,46,723.712,,,Provisional/Provisoire,,
05EA006,2026-08-09T21:45:00Z,46,723.711,,,Provisional/Provisoire,,
05EA006,2026-08-09T21:50:00Z,46,723.728,,,Provisional/Provisoire,,
05EA006,2026-08-09T21:55:00Z,46,723.772,,,Provisional/Provisoire,,
05EA006,2026-08-09T22:00:00Z,46,723.772,,,Provisional/Provisoire,,
05EA006,2026-08-09T22:05:00Z,46,723.773,,,Provisional/Provisoire,,
05EA006,2026-08-09T22:10:00Z,46,723.770,,,Provisional/Provisoire,,
05EA006,2026-08-09T22:15:00Z,46,723.763,,,Provisional/Provisoire,,
05EA006,2026-08-09T22:20:00Z,46,723.764,,,Provisional/Provisoire,,
05EA006,2026-08-09T22:25:00Z,46,723.753,,,Provisional/Provisoire,,
05EA006,2026-08-09T22:30:00Z,46,723.757,,,Provisional/Provisoire,,
05EA006,2026-08-09T22:35:00Z,46,723.724,,,Provisional/Provisoire,,
05EA006,2026-08-09T22:40:00Z,46,723.746,,,Provisional/Provisoire,,
05EA006,2026-08-09T22:45:00Z,46,723.743,,,Provisional/Provisoire,,
05EA006,2026-08-09T22:50:00Z,46,723.790,,,Provisional/Provisoire,,
05EA006,2026-08-09T22:55:00Z,46,723.784,,,Provisional/Provisoire,,
05EA006,2026-08-09T23:00:00Z,46,723.786,,,Provisional/Provisoire,,
05EA006,2026-08-09T23:05:00Z,46,723.777,,,Provisional/Provisoire,,
05EA006,2026-08-09T23:10:00Z,46,723.766,,,Provisional/Provisoire,,
05EA006,2026-08-09T23:15:00Z,46,723.758,,,Provisional/Provisoire,,
05EA006,2026-08-09T23:20:00Z,46,723.759,,,Provisional/Provisoire,,
05EA006,2026-08-09T23:25:00Z,46,723.732,,,Provisional/Provisoire,,
05EA006,2026-08-09T23:30:00Z,46,723.713,,,Provisional/Provisoire,,
05EA006,2026-08-09T23:35:00Z,46,723.720,,,Provisional/Provisoire,,
05EA006,2026-08-09T23:40:00Z,46,723.709,,,Provisional/Provisoire,,
05EA006,2026-08-09T23:45:00Z,46,723.778,,,Provisional/Provisoire,,
05EA006,2026-08-09T23:50:00Z,46,723.781,,,Provisional/Provisoire,,
05EA006,2026-08-09T23:55:00Z,46,723.786,,,Provisional/Provisoire,,
05EA006,2026-08-10T00:00:00Z,46,723.777,,,Provisional/Provisoire,,
05EA006,2026-08-10T00:05:00Z,46,723.770,,,Provisional/Provisoire,,
05EA006,2026-08-10T00:10:00Z,46,723.763,,,Provisional/Provisoire,,
05EA006,2026-08-10T00:15:00Z,46,723.763,,,Provisional/Provisoire,,
05EA006,2026-08-10T00:20:00Z,46,723.756,,,Provisional/Provisoire,,
05EA006,2026-08-10T00:25:00Z,46,723.747,,,Provisional/Provisoire,,
05EA006,2026-08-10T00:30:00Z,46,723.783,,,Provisional/Provisoire,,
05EA006,2026-08-10T00:35:00Z,46,723.784,,,Provisional/Provisoire,,
05EA006,2026-08-10T00:40:00Z,46,723.784,,,Provisional/Provisoire,,
05EA006,2026-08-10T00:45:00Z,46,723.776,,,Provisional/Provisoire,,
05EA006,2026-08-10T00:50:00Z,46,723.765,,,Provisional/Provisoire,,
05EA006,2026-08-10T00:55:00Z,46,723.755,,,Provisional/Provisoire,,
05EA006,2026-08-10T01:00:00Z,46,723.755,,,Provisional/Provisoire,,
05EA006,2026-08-10T01:05:00Z,46,723.753,,,Provisional/Provisoire,,
05EA006,2026-08-10T01:10:00Z,46,723.755,,,Provisional/Provisoire,,
05EA006,2026-08-10T01:15:00Z,46,723.749,,,Provisional/Provisoire,,
05EA006,2026-08-10T01:20:00Z,46,723.734,,,Provisional/Provisoire,,
05EA006,2026-08-10T01:25:00Z,46,723.744,,,Provisional/Provisoire,,
05EA006,2026-08-10T01:30:00Z,46,723.775,,,Provisional/Provisoire,,
05EA006,2026-08-10T01:35:00Z,46,723.782,,,Provisional/Provisoire,,
05EA006,2026-08-10T01:40:00Z,46,723.784,,,Provisional/Provisoire,,
05EA006,2026-08-10T01:45:00Z,46,723.781,,,Provisional/Provisoire,,
05EA006,2026-08-10T01:50:00Z,46,723.783,,,Provisional/Provisoire,,
05EA006,2026-08-10T01:55:00Z,46,723.777,,,Provisional/Provisoire,,
05EA006,2026-08-10T02:00:00Z,46,723.777,,,Provisional/Provisoire,,
05EA006,2026-08-10T02:05:00Z,46,723.772,,,Provisional/Provisoire,,
05EA006,2026-08-10T02:10:00Z,46,723.768,,,Provisional/Provisoire,,
05EA006,2026-08-10T02:15:00Z,46,723.775,,,Provisional/Provisoire,,
05EA006,2026-08-10T02:20:00Z,46,723.771,,,Provisional/Provisoire,,
05EA006,2026-08-10T02:25:00Z,46,723.773,,,Provisional/Provisoire,,
05EA006,2026-08-10T02:30:00Z,46,723.775,,,Provisional/Provisoire,,
05EA006,2026-08-10T02:35:00Z,46,723.771,,,Provisional/Provisoire,,
05EA006,2026-08-10T02:40:00Z,46,723.794,,,Provisional/Provisoire,,
05EA006,2026-08-10T02:45:00Z,46,723.796,,,Provisional/Provisoire,,
05EA006,2026-08-10T02:50:00Z,46,723.788,,,Provisional/Provisoire,,
05EA006,2026-08-10T02:55:00Z,46,723.789,,,Provisional/Provisoire,,
05EA006,2026-08-10T03:00:00Z,46,723.792,,,Provisional/Provisoire,,
05EA006,2026-08-10T03:05:00Z,46,723.792,,,Provisional/Provisoire,,
05EA006,2026-08-10T03:10:00Z,46,723.793,,,Provisional/Provisoire,,
05EA006,2026-08-10T03:15:00Z,46,723.790,,,Provisional/Provisoire,,
05EA006,2026-08-10T03:20:00Z,46,723.787,,,Provisional/Provisoire,,
05EA006,2026-08-10T03:25:00Z,46,723.787,,,Provisional/Provisoire,,
05EA006,2026-08-10T03:30:00Z,46,723.780,,,Provisional/Provisoire,,
05EA006,2026-08-10T03:35:00Z,46,723.778,,,Provisional/Provisoire,,
05EA006,2026-08-10T03:40:00Z,46,723.774,,,Provisional/Provisoire,,
05EA006,2026-08-10T03:45:00Z,46,723.774,,,Provisional/Provisoire,,
05EA006,2026-08-10T03:50:00Z,46,723.781,,,Provisional/Provisoire,,
05EA006,2026-08-10T03:55:00Z,46,723.774,,,Provisional/Provisoire,,
05EA006,2026-08-10T04:00:00Z,46,723.774,,,Provisional/Provisoire,,
05EA006,2026-08-10T04:05:00Z,46,723.791,,,Provisional/Provisoire,,
05EA006,2026-08-10T04:10:00Z,46,723.799,,,Provisional/Provisoire,,
05EA006,2026-08-10T04:15:00Z,46,723.806,,,Provisional/Provisoire,,
05EA006,2026-08-10T04:20:00Z,46,723.798,,,Provisional/Provisoire,,
05EA006,2026-08-10T04:25:00Z,46,723.795,,,Provisional/Provisoire,,
05EA006,2026-08-10T04:30:00Z,46,723.798,,,Provisional/Provisoire,,
05EA006,2026-08-10T04:35:00Z,46,723.792,,,Provisional/Provisoire,,
05EA006,2026-08-10T04:40:00Z,46,723.802,,,Provisional/Provisoire,,
05EA006,2026-08-10T04:45:00Z,46,723.798,,,Provisional/Provisoire,,
05EA006,2026-08-10T04:50:00Z,46,723.800,,,Provisional/Provisoire,,
05EA006,2026-08-10T04:55:00Z,46,723.805,,,Provisional/Provisoire,,
05EA006,2026-08-10T05:00:00Z,46,723.797,,,Provisional/Provisoire,,
05EA006,2026-08-10T05:05:00Z,46,723.788,,,Provisional/Provisoire,,
05EA006,2026-08-10T05:10:00Z,46,723.787,,,Provisional/Provisoire,,
05EA006,2026-08-10T05:15:00Z,46,723.787,,,Provisional/Provisoire,,
05EA006,2026-08-10T05:20:00Z,46,723.786,,,Provisional/Provisoire,,
05EA006,2026-08-10T05:25:00Z,46,723.785,,,Provisional/Provisoire,,
05EA006,2026-08-10T05:30:00Z,46,723.783,,,Provisional/Provisoire,,
05EA006,2026-08-10T05:35:00Z,46,723.783,,,Provisional/Provisoire,,
05EA006,2026-08-10T05:40:00Z,46,723.786,,,Provisional/Provisoire,,
05EA006,2026-08-10T05:45:00Z,46,723.782,,,Provisional/Provisoire,,
05EA006,2026-08-10T05:50:00Z,46,723.820,,,Provisional/Provisoire,,
05EA006,2026-08-10T05:55:00Z,46,723.816,,,Provisional/Provisoire,,
05EA006,2026-08-10T06:00:00Z,46,723.818,,,Provisional/Provisoire,,
05EA006,2026-08-10T06:05:00Z,46,723.819,,,Provisional/Provisoire,,
05EA006,2026-08-10T06:10:00Z,46,723.817,,,Provisional/Provisoire,,
05EA006,2026-08-10T06:15:00Z,46,723.814,,,Provisional/Provisoire,,
05EA006,2026-08-10T06:20:00Z,46,723.818,,,Provisional/Provisoire,,
05EA006,2026-08-10T06:25:00Z,46,723.815,,,Provisional/Provisoire,,
05EA006,2026-08-10T06:30:00Z,46,723.807,,,Provisional/Provisoire,,
05EA006,2026-08-10T06:35:00Z,46,723.814,,,Provisional/Provisoire,,
05EA006,2026-08-10T06:40:00Z,46,723.811,,,Provisional/Provisoire,,
05EA006,2026-08-10T06:45:00Z,46,723.809,,,Provisional/Provisoire,,
05EA006,2026-08-10T06:50:00Z,46,723.815,,,Provisional/Provisoire,,
05EA006,2026-08-10T06:55:00Z,46,723.814,,,Provisional/Provisoire,,
05EA006,2026-08-10T07:00:00Z,46,723.807,,,Provisional/Provisoire,,
05EA006,2026-08-10T07:05:00Z,46,723.811,,,Provisional/Provisoire,,
05EA006,2026-08-10T07:10:00Z,46,723.813,,,Provisional/Provisoire,,
05EA006,2026-08-10T07:15:00Z,46,723.809,,,Provisional/Provisoire,,
05EA006,2026-08-10T07:20:00Z,46,723.814,,,Provisional/Provisoire,,
05EA006,2026-08-10T07:25:00Z,46,723.810,,,Provisional/Provisoire,,
05EA006,2026-08-10T07:30:00Z,46,723.813,,,Provisional/Provisoire,,
05EA006,2026-08-10T07:35:00Z,46,723.812,,,Provisional/Provisoire,,
05EA006,2026-08-10T07:40:00Z,46,723.810,,,Provisional/Provisoire,,
05EA006,2026-08-10T07:45:00Z,46,723.807,,,Provisional/Provisoire,,
05EA006,2026-08-10T07:50:00Z,46,723.811,,,Provisional/Provisoire,,
05EA006,2026-08-10T07:55:00Z,46,723.805,,,Provisional/Provisoire,,
05EA006,2026-08-10T08:00:00Z,46,723.803,,,Provisional/Provisoire,,
05EA006,2026-08-10T08:05:00Z,46,723.813,,,Provisional/Provisoire,,
05EA006,2026-08-10T08:10:00Z,46,723.830,,,Provisional/Provisoire,,
05EA006,2026-08-10T08:15:00Z,46,723.809,,,Provisional/Provisoire,,
05EA006,2026-08-10T08:20:00Z,46,723.817,,,Provisional/Provisoire,,
05EA006,2026-08-10T08:25:00Z,46,723.818,,,Provisional/Provisoire,,
05EA006,2026-08-10T08:30:00Z,46,723.810,,,Provisional/Provisoire,,
05EA006,2026-08-10T08:35:00Z,46,723.822,,,Provisional/Provisoire,,
05EA006,2026-08-10T08:40:00Z,46,723.816,,,Provisional/Provisoire,,
05EA006,2026-08-10T08:45:00Z,46,723.818,,,Provisional/Provisoire,,
05EA006,2026-08-10T08:50:00Z,46,723.826,,,Provisional/Provisoire,,
05EA006,2026-08-10T08:55:00Z,46,723.821,,,Provisional/Provisoire,,
05EA006,2026-08-10T09:00:00Z,46,723.819,,,Provisional/Provisoire,,
05EA006,2026-08-10T09:05:00Z,46,723.829,,,Provisional/Provisoire,,
05EA006,2026-08-10T09:10:00Z,46,723.816,,,Provisional/Provisoire,,
05EA006,2026-08-10T09:15:00Z,46,723.812,,,Provisional/Provisoire,,
05EA006,2026-08-10T09:20:00Z,46,723.817,,,Provisional/Provisoire,,
05EA006,2026-08-10T09:25:00Z,46,723.816,,,Provisional/Provisoire,,
05EA006,2026-08-10T09:30:00Z,46,723.811,,,Provisional/Provisoire,,
05EA006,2026-08-10T09:35:00Z,46,723.825,,,Provisional/Provisoire,,
05EA006,2026-08-10T09:40:00Z,46,723.832,,,Provisional/Provisoire,,
05EA006,2026-08-10T09:45:00Z,46,723.835,,,Provisional/Provisoire,,
05EA006,2026-08-10T09:50:00Z,46,723.829,,,Provisional/Provisoire,,
05EA006,2026-08-10T09:55:00Z,46,723.830,,,Provisional/Provisoire,,
05EA006,2026-08-10T10:00:00Z,46,723.826,,,Provisional/Provisoire,,
05EA006,2026-08-10T10:05:00Z,46,723.836,,,Provisional/Provisoire,,
05EA006,2026-08-10T10:10:00Z,46,723.824,,,Provisional/Provisoire,,
05EA006,2026-08-10T10:15:00Z,46,723.808,,,Provisional/Provisoire,,
05EA006,2026-08-10T10:20:00Z,46,723.803,,,Provisional/Provisoire,,
05EA006,2026-08-10T10:25:00Z,46,723.805,,,Provisional/Provisoire,,
05EA006,2026-08-10T10:30:00Z,46,723.805,,,Provisional/Provisoire,,
05EA006,2026-08-10T10:35:00Z,46,723.814,,,Provisional/Provisoire,,
05EA006,2026-08-10T10:40:00Z,46,723.794,,,Provisional/Provisoire,,
05EA006,2026-08-10T10:45:00Z,46,723.787,,,Provisional/Provisoire,,
05EA006,2026-08-10T10:50:00Z,46,723.820,,,Provisional/Provisoire,,
05EA006,2026-08-10T10:55:00Z,46,723.829,,,Provisional/Provisoire,,
05EA006,2026-08-10T11:00:00Z,46,723.847,,,Provisional/Provisoire,,
05EA006,2026-08-10T11:05:00Z,46,723.849,,,Provisional/Provisoire,,
05EA006,2026-08-10T11:10:00Z,46,723.846,,,Provisional/Provisoire,,
05EA006,2026-08-10T11:15:00Z,46,723.845,,,Provisional/Provisoire,,
05EA006,2026-08-10T11:20:00Z,46,723.829,,,Provisional/Provisoire,,
05EA006,2026-08-10T11:25:00Z,46,723.826,,,Provisional/Provisoire,,
05EA006,2026-08-10T11:30:00Z,46,723.829,,,Provisional/Provisoire,,
05EA006,2026-08-10T11:35:00Z,46,723.830,,,Provisional/Provisoire,,
05EA006,2026-08-10T11:40:00Z,46,723.838,,,Provisional/Provisoire,,
05EA006,2026-08-10T11:45:00Z,46,723.821,,,Provisional/Provisoire,,
05EA006,2026-08-10T11:50:00Z,46,723.835,,,Provisional/Provisoire,,
05EA006,2026-08-10T11:55:00Z,46,723.825,,,Provisional/Provisoire,,
05EA006,2026-08-10T12:00:00Z,46,723.838,,,Provisional/Provisoire,,
05EA006,2026-08-10T12:05:00Z,46,723.844,,,Provisional/Provisoire,,
05EA006,2026-08-10T12:10:00Z,46,723.833,,,Provisional/Provisoire,,
05EA006,2026-08-10T12:15:00Z,46,723.833,,,Provisional/Provisoire,,
05EA006,2026-08-10T12:20:00Z,46,723.828,,,Provisional/Provisoire,,
05EA006,2026-08-10T12:25:00Z,46,723.820,,,Provisional/Provisoire,,
05EA006,2026-08-10T12:30:00Z,46,723.825,,,Provisional/Provisoire,,
05EA006,2026-08-10T12:35:00Z,46,723.822,,,Provisional/Provisoire,,
05EA006,2026-08-10T12:40:00Z,46,723.828,,,Provisional/Provisoire,,
05EA006,2026-08-10T12:45:00Z,46,723.836,,,Provisional/Provisoire,,
05EA006,2026-08-10T12:50:00Z,46,723.828,,,Provisional/Provisoire,,
05EA006,2026-08-10T12:55:00Z,46,723.824,,,Provisional/Provisoire,,
05EA006,2026-08-10T13:00:00Z,46,723.820,,,Provisional/Provisoire,,
05EA006,2026-08-10T13:05:00Z,46,723.828,,,Provisional/Provisoire,,
05EA006,2026-08-10T13:10:00Z,46,723.831,,,Provisional/Provisoire,,
05EA006,2026-08-10T13:15:00Z,46,723.836,,,Provisional/Provisoire,,
05EA006,2026-08-10T13:20:00Z,46,723.841,,,Provisional/Provisoire,,
05EA006,2026-08-10T13:25:00Z,46,723.840,,,Provisional/Provisoire,,
05EA006,2026-08-10T13:30:00Z,46,723.831,,,Provisional/Provisoire,,
05EA006,2026-08-10T13:35:00Z,46,723.808,,,Provisional/Provisoire,,
05EA006,2026-08-10T13:40:00Z,46,723.806,,,Provisional/Provisoire,,
05EA006,2026-08-10T13:45:00Z,46,723.815,,,Provisional/Provisoire,,
05EA006,2026-08-10T13:50:00Z,46,723.818,,,Provisional/Provisoire,,
05EA006,2026-08-10T13:55:00Z,46,723.822,,,Provisional/Provisoire,,
05EA006,2026-08-10T14:00:00Z,46,723.820,,,Provisional/Provisoire,,
05EA006,2026-08-10T14:05:00Z,46,723.814,,,Provisional/Provisoire,,
05EA006,2026-08-10T14:10:00Z,46,723.810,,,Provisional/Provisoire,,
05EA006,2026-08-10T14:15:00Z,46,723.817,,,Provisional/Provisoire,,
05EA006,2026-08-10T14:20:00Z,46,723.816,,,Provisional/Provisoire,,
05EA006,2026-08-10T14:25:00Z,46,723.819,,,Provisional/Provisoire,,
05EA006,2026-08-10T14:30:00Z,46,723.823,,,Provisional/Provisoire,,
05EA006,2026-08-10T14:35:00Z,46,723.822,,,Provisional/Provisoire,,
05EA006,2026-08-10T14:40:00Z,46,723.825,,,Provisional/Provisoire,,
05EA006,2026-08-10T14:45:00Z,46,723.813,,,Provisional/Provisoire,,
05EA006,2026-08-10T14:50:00Z,46,723.809,,,Provisional/Provisoire,,
05EA006,2026-08-10T14:55:00Z,46,723.785,,,Provisional/Provisoire,,
05EA006,2026-08-10T15:00:00Z,46,723.840,,,Provisional/Provisoire,,
05EA006,2026-08-10T15:05:00Z,46,723.833,,,Provisional/Provisoire,,
05EA006,2026-08-10T15:10:00Z,46,723.814,,,Provisional/Provisoire,,
05EA006,2026-08-10T15:15:00Z,46,723.826,,,Provisional/Provisoire,,
05EA006,2026-08-10T15:20:00Z,46,723.841,,,Provisional/Provisoire,,
05EA006,2026-08-10T15:25:00Z,46,723.788,,,Provisional/Provisoire,,
05EA006,2026-08-10T15:30:00Z,46,723.809,,,Provisional/Provisoire,,
05EA006,2026-08-10T15:35:00Z,46,723.837,,,Provisional/Provisoire,,
05EA006,2026-08-10T15:40:00Z,46,723.855,,,Provisional/Provisoire,,
05EA006,2026-08-10T15:45:00Z,46,723.839,,,Provisional/Provisoire,,
05EA006,2026-08-10T15:50:00Z,46,723.849,,,Provisional/Provisoire,,
05EA006,2026-08-10T15:55:00Z,46,723.834,,,Provisional/Provisoire,,
05EA006,2026-08-10T16:00:00Z,46,723.853,,,Provisional/Provisoire,,
05EA006,2026-08-10T16:05:00Z,46,723.857,,,Provisional/Provisoire,,
05EA006,2026-08-10T16:10:00Z,46,723.850,,,Provisional/Provisoire,,
05EA006,2026-08-10T16:15:00Z,46,723.843,,,Provisional/Provisoire,,
05EA006,2026-08-10T16:20:00Z,46,723.864,,,Provisional/Provisoire,,
05EA006,2026-08-10T16:25:00Z,46,723.857,,,Provisional/Provisoire,,
05EA006,2026-08-10T16:30:00Z,46,723.851,,,Provisional/Provisoire,,
05EA006,2026-08-10T16:35:00Z,46,723.834,,,Provisional/Provisoire,,
05EA006,2026-08-10T16:40:00Z,46,723.872,,,Provisional/Provisoire,,
05EA006,2026-08-10T16:45:00Z,46,723.865,,,Provisional/Provisoire,,
05EA006,2026-08-10T16:50:00Z,46,723.848,,,Provisional/Provisoire,,
05EA006,2026-08-10T16:55:00Z,46,723.833,,,Provisional/Provisoire,,
05EA006,2026-08-10T17:00:00Z,46,723.871,,,Provisional/Provisoire,,
05EA006,2026-08-10T17:05:00Z,46,723.854,,,Provisional/Provisoire,,
05EA006,2026-08-10T17:10:00Z,46,723.843,,,Provisional/Provisoire,,
05EA006,2026-08-10T17:15:00Z,46,723.835,,,Provisional/Provisoire,,
05EA006,2026-08-10T17:20:00Z,46,723.869,,,Provisional/Provisoire,,
05EA006,2026-08-10T17:25:00Z,46,723.857,,,Provisional/Provisoire,,
05EA006,2026-08-10T17:30:00Z,46,723.849,,,Provisional/Provisoire,,
05EA006,2026-08-10T17:35:00Z,46,723.835,,,Provisional/Provisoire,,
05EA006,2026-08-10T17:40:00Z,46,723.872,,,Provisional/Provisoire,,
05EA006,2026-08-10T17:45:00Z,46,723.860,,,Provisional/Provisoire,,
05EA006,2026-08-10T17:50:00Z,46,723.835,,,Provisional/Provisoire,,
05EA006,2026-08-10T17:55:00Z,46,723.867,,,Provisional/Provisoire,,
05EA006,2026-08-10T18:00:00Z,46,723.847,,,Provisional/Provisoire,,
05EA006,2026-08-10T18:05:00Z,46,723.852,,,Provisional/Provisoire,,
05EA006,2026-08-10T18:10:00Z,46,723.853,,,Provisional/Provisoire,,
05EA006,2026-08-10T18:15:00Z,46,723.849,,,Provisional/Provisoire,,
05EA006,2026-08-10T18:20:00Z,46,723.849,,,Provisional/Provisoire,,
05EA006,2026-08-10T18:25:00Z,46,723.849,,,Provisional/Provisoire,,
05EA006,2026-08-10T18:30:00Z,46,723.852,,,Provisional/Provisoire,,
05EA006,2026-08-10T18:35:00Z,46,723.844,,,Provisional/Provisoire,,
05EA006,2026-08-10T18:40:00Z,46,723.875,,,Provisional/Provisoire,,
05EA006,2026-08-10T18:45:00Z,46,723.881,,,Provisional/Provisoire,,
05EA006,2026-08-10T18:50:00Z,46,723.878,,,Provisional/Provisoire,,
05EA006,2026-08-10T18:55:00Z,46,723.878,,,Provisional/Provisoire,,
05EA006,2026-08-10T19:00:00Z,46,723.880,,,Provisional/Provisoire,,
05EA006,2026-08-10T19:05:00Z,46,723.875,,,Provisional/Provisoire,,
05EA006,2026-08-10T19:10:00Z,46,723.878,,,Provisional/Provisoire,,
05EA006,2026-08-10T19:15:00Z,46,723.878,,,Provisional/Provisoire,,
05EA006,2026-08-10T19:20:00Z,46,723.877,,,Provisional/Provisoire,,
05EA006,2026-08-10T19:25:00Z,46,723.873,,,Provisional/Provisoire,,
05EA006,2026-08-10T19:30:00Z,46,723.870,,,Provisional/Provisoire,,
05EA006,2026-08-10T19:35:00Z,46,723.859,,,Provisional/Provisoire,,
05EA006,2026-08-10T19:40:00Z,46,723.863,,,Provisional/Provisoire,,
05EA006,2026-08-10T19:45:00Z,46,723.859,,,Provisional/Provisoire,,
05EA006,2026-08-10T19:50:00Z,46,723.866,,,Provisional/Provisoire,,
05EA006,2026-08-10T19:55:00Z,46,723.866,,,Provisional/Provisoire,,
05EA006,2026-08-10T20:00:00Z,46,723.868,,,Provisional/Provisoire,,
05EA006,2026-08-10T20:05:00Z,46,723.882,,,Provisional/Provisoire,,
05EA006,2026-08-10T20:10:00Z,46,723.895,,,Provisional/Provisoire,,
05EA006,2026-08-10T20:15:00Z,46,723.901,,,Provisional/Provisoire,,
05EA006,2026-08-10T20:20:00Z,46,723.916,,,Provisional/Provisoire,,
05EA006,2026-08-10T20:25:00Z,46,723.946,,,Provisional/Provisoire,,
05EA006,2026-08-10T20:30:00Z,46,723.891,,,Provisional/Provisoire,,
05EA006,2026-08-10T20:35:00Z,46,723.880,,,Provisional/Provisoire,,
05EA006,2026-08-10T20:40:00Z,46,723.896,,,Provisional/Provisoire,,
05EA006,2026-08-10T20:45:00Z,46,723.886,,,Provisional/Provisoire,,
05EA006,2026-08-10T20:50:00Z,46,723.894,,,Provisional/Provisoire,,
05EA006,2026-08-10T20:55:00Z,46,723.895,,,Provisional/Provisoire,,
05EA006,2026-08-10T21:00:00Z,46,723.898,,,Provisional/Provisoire,,
05EA006,2026-08-10T21:05:00Z,46,723.907,,,Provisional/Provisoire,,
05EA006,2026-08-10T21:10:00Z,46,723.885,,,Provisional/Provisoire,,
05EA006,2026-08-10T21:15:00Z,46,723.871,,,Provisional/Provisoire,,
05EA006,2026-08-10T21:20:00Z,46,723.867,,,Provisional/Provisoire,,
05EA006,2026-08-10T21:25:00Z,46,723.878,,,Provisional/Provisoire,,
05EA006,2026-08-10T21:30:00Z,46,723.904,,,Provisional/Provisoire,,
05EA006,2026-08-10T21:35:00Z,46,723.897,,,Provisional/Provisoire,,
05EA006,2026-08-10T21:40:00Z,46,723.891,,,Provisional/Provisoire,,
05EA006,2026-08-10T21:45:00Z,46,723.867,,,Provisional/Provisoire,,
05EA006,2026-08-10T21:50:00Z,46,723.858,,,Provisional/Provisoire,,
05EA006,2026-08-10T21:55:00Z,46,723.843,,,Provisional/Provisoire,,
05EA006,2026-08-10T22:00:00Z,46,723.878,,,Provisional/Provisoire,,
05EA006,2026-08-10T22:05:00Z,46,723.882,,,Provisional/Provisoire,,
05EA006,2026-08-10T22:10:00Z,46,723.889,,,Provisional/Provisoire,,
05EA006,2026-08-10T22:15:00Z,46,723.897,,,Provisional/Provisoire,,
05EA006,2026-08-10T22:20:00Z,46,723.882,,,Provisional/Provisoire,,
05EA006,2026-08-10T22:25:00Z,46,723.874,,,Provisional/Provisoire,,
05EA006,2026-08-10T22:30:00Z,46,723.904,,,Provisional/Provisoire,,
05EA006,2026-08-10T22:35:00Z,46,723.895,,,Provisional/Provisoire,,
05EA006,2026-08-10T22:40:00Z,46,723.898,,,Provisional/Provisoire,,
05EA006,2026-08-10T22:45:00Z,46,723.907,,,Provisional/Provisoire,,
05EA006,2026-08-10T22:50:00Z,46,723.911,,,Provisional/Provisoire,,
05EA006,2026-08-10T22:55:00Z,46,723.906,,,Provisional/Provisoire,,
05EA006,2026-08-10T23:00:00Z,46,723.899,,,Provisional/Provisoire,,
05EA006,2026-08-10T23:05:00Z,46,723.896,,,Provisional/Provisoire,,
05EA006,2026-08-10T23:10:00Z,46,723.897,,,Provisional/Provisoire,,
05EA006,2026-08-10T23:15:00Z,46,723.905,,,Provisional/Provisoire,,
05EA006,2026-08-10T23:20:00Z,46,723.924,,,Provisional/Provisoire,,
05EA006,2026-08-10T23:25:00Z,46,723.934,,,Provisional/Provisoire,,
05EA006,2026-08-10T23:30:00Z,46,723.926,,,Provisional/Provisoire,,
05EA006,2026-08-10T23:35:00Z,46,723.914,,,Provisional/Provisoire,,
05EA006,2026-08-10T23:40:00Z,46,723.901,,,Provisional/Provisoire,,
05EA006,2026-08-10T23:45:00Z,46,723.888,,,Provisional/Provisoire,,
05EA006,2026-08-10T23:50:00Z,46,723.909,,,Provisional/Provisoire,,
05EA006,2026-08-10T23:55:00Z,46,723.921,,,Provisional/Provisoire,,
05EA006,2026-08-11T00:00:00Z,46,723.922,,,Provisional/Provisoire,,
05EA006,2026-08-11T00:05:00Z,46,723.925,,,Provisional/Provisoire,,
05EA006,2026-08-11T00:10:00Z,46,723.917,,,Provisional/Provisoire,,
05EA006,2026-08-11T00:15:00Z,46,723.912,,,Provisional/Provisoire,,
05EA006,2026-08-11T00:20:00Z,46,723.908,,,Provisional/Provisoire,,
05EA006,2026-08-11T00:25:00Z,46,723.923,,,Provisional/Provisoire,,
05EA006,2026-08-11T00:30:00Z,46,723.918,,,Provisional/Provisoire,,
05EA006,2026-08-11T00:35:00Z,46,723.921,,,Provisional/Provisoire,,
05EA006,2026-08-11T00:40:00Z,46,723.921,,,Provisional/Provisoire,,
05EA006,2026-08-11T00:45:00Z,46,723.916,,,Provisional/Provisoire,,
05EA006,2026-08-11T00:50:00Z,46,723.917,,,Provisional/Provisoire,,
05EA006,2026-08-11T00:55:00Z,46,723.912,,,Provisional/Provisoire,,
05EA006,2026-08-11T01:00:00Z,46,723.917,,,Provisional/Provisoire,,
05EA006,2026-08-11T01:05:00Z,46,723.911,,,Provisional/Provisoire,,
05EA006,2026-08-11T01:10:00Z,46,723.924,,,Provisional/Provisoire,,
05EA006,2026-08-11T01:15:00Z,46,723.919,,,Provisional/Provisoire,,
05EA006,2026-08-11T01:20:00Z,46,723.913,,,Provisional/Provisoire,,
05EA006,2026-08-11T01:25:00Z,46,723.914,,,Provisional/Provisoire,,
05EA006,2026-08-11T01:30:00Z,46,723.912,,,Provisional/Provisoire,,
05EA006,2026-08-11T01:35:00Z,46,723.900,,,Provisional/Provisoire,,
05EA006,2026-08-11T01:40:00Z,46,723.923,,,Provisional/Provisoire,,
05EA006,2026-08-11T01:45:00Z,46,723.935,,,Provisional/Provisoire,,
05EA006,2026-08-11T01:50:00Z,46,723.930,,,Provisional/Provisoire,,
05EA006,2026-08-11T01:55:00Z,46,723.929,,,Provisional/Provisoire,,
05EA006,2026-08-11T02:00:00Z,46,723.930,,,Provisional/Provisoire,,
05EA006,2026-08-11T02:05:00Z,46,723.905,,,Provisional/Provisoire,,
05EA006,2026-08-11T02:10:00Z,46,723.919,,,Provisional/Provisoire,,
05EA006,2026-08-11T02:15:00Z,46,723.917,,,Provisional/Provisoire,,
05EA006,2026-08-11T02:20:00Z,46,723.923,,,Provisional/Provisoire,,
05EA006,2026-08-11T02:25:00Z,46,723.924,,,Provisional/Provisoire,,
05EA006,2026-08-11T02:30:00Z,46,723.926,,,Provisional/Provisoire,,
05EA006,2026-08-11T02:35:00Z,46,723.917,,,Provisional/Provisoire,,
05EA006,2026-08-11T02:40:00Z,46,723.920,,,Provisional/Provisoire,,
05EA006,2026-08-11T02:45:00Z,46,723.915,,,Provisional/Provisoire,,
05EA006,2026-08-11T02:50:00Z,46,723.902,,,Provisional/Provisoire,,
05EA006,2026-08-11T02:55:00Z,46,723.898,,,Provisional/Provisoire,,
05EA006,2026-08-11T03:00:00Z,46,723.878,,,Provisional/Provisoire,,
05EA006,2026-08-11T03:05:00Z,46,723.918,,,Provisional/Provisoire,,
05EA006,2026-08-11T03:10:00Z,46,723.910,,,Provisional/Provisoire,,
05EA006,2026-08-11T03:15:00Z,46,723.913,,,Provisional/Provisoire,,
05EA006,2026-08-11T03:20:00Z,46,723.907,,,Provisional/Provisoire,,
05EA006,2026-08-11T03:25:00Z,46,723.903,,,Provisional/Provisoire,,
05EA006,2026-08-11T03:30:00Z,46,723.893,,,Provisional/Provisoire,,
05EA006,2026-08-11T03:35:00Z,46,723.910,,,Provisional/Provisoire,,
05EA006,2026-08-11T03:40:00Z,46,723.926,,,Provisional/Provisoire,,
05EA006,2026-08-11T03:45:00Z,46,723.920,,,Provisional/Provisoire,,
05EA006,2026-08-11T03:50:00Z,46,723.922,,,Provisional/Provisoire,,
05EA006,2026-08-11T03:55:00Z,46,723.925,,,Provisional/Provisoire,,
05EA006,2026-08-11T04:00:00Z,46,723.922,,,Provisional/Provisoire,,
05EA006,2026-08-11T04:05:00Z,46,723.924,,,Provisional/Provisoire,,
05EA006,2026-08-11T04:10:00Z,46,723.922,,,Provisional/Provisoire,,
05EA006,2026-08-11T04:15:00Z,46,723.924,,,Provisional/Provisoire,,
05EA006,2026-08-11T04:20:00Z,46,723.924,,,Provisional/Provisoire,,
05EA006,2026-08-11T04:25:00Z,46,723.924,,,Provisional/Provisoire,,
05EA006,2026-08-11T04:30:00Z,46,723.912,,,Provisional/Provisoire,,
05EA006,2026-08-11T04:35:00Z,46,723.909,,,Provisional/Provisoire,,
05EA006,2026-08-11T04:40:00Z,46,723.909,,,Provisional/Provisoire,,
05EA006,2026-08-11T04:45:00Z,46,723.918,,,Provisional/Provisoire,,
05EA006,2026-08-11T04:50:00Z,46,723.916,,,Provisional/Provisoire,,
05EA006,2026-08-11T04:55:00Z,46,723.910,,,Provisional/Provisoire,,
05EA006,2026-08-11T05:00:00Z,46,723.913,,,Provisional/Provisoire,,
05EA006,2026-08-11T05:05:00Z,46,723.911,,,Provisional/Provisoire,,
05EA006,2026-08-11T05:10:00Z,46,723.904,,,Provisional/Provisoire,,
05EA006,2026-08-11T05:15:00Z,46,723.912,,,Provisional/Provisoire,,
05EA006,2026-08-11T05:20:00Z,46,723.916,,,Provisional/Provisoire,,
05EA006,2026-08-11T05:25:00Z,46,723.919,,,Provisional/Provisoire,,
05EA006,2026-08-11T05:30:00Z,46,723.907,,,Provisional/Provisoire,,
05EA006,2026-08-11T05:35:00Z,46,723.916,,,Provisional/Provisoire,,
05EA006,2026-08-11T05:40:00Z,46,723.911,,,Provisional/Provisoire,,
05EA006,2026-08-11T05:45:00Z,46,723.918,,,Provisional/Provisoire,,
05EA006,2026-08-11T05:50:00Z,46,723.929,,,Provisional/Provisoire,,
05EA006,2026-08-11T05:55:00Z,46,723.918,,,Provisional/Provisoire,,
05EA006,2026-08-11T06:00:00Z,46,723.912,,,Provisional/Provisoire,,
05EA006,2026-08-11T06:05:00Z,46,723.906,,,Provisional/Provisoire,,
05EA006,2026-08-11T06:10:00Z,46,723.929,,,Provisional/Provisoire,,
05EA006,2026-08-11T06:15:00Z,46,723.935,,,Provisional/Provisoire,,
05EA006,2026-08-11T06:20:00Z,46,723.935,,,Provisional/Provisoire,,
05EA006,2026-08-11T06:25:00Z,46,723.931,,,Provisional/Provisoire,,
05EA006,2026-08-11T06:30:00Z,46,723.928,,,Provisional/Provisoire,,
05EA006,2026-08-11T06:35:00Z,46,723.924,,,Provisional/Provisoire,,
05EA006,2026-08-11T06:40:00Z,46,723.921,,,Provisional/Provisoire,,
05EA006,2026-08-11T06:45:00Z,46,723.918,,,Provisional/Provisoire,,
05EA006,2026-08-11T06:50:00Z,46,723.916,,,Provisional/Provisoire,,
05EA006,2026-08-11T06:55:00Z,46,723.910,,,Provisional/Provisoire,,
05EA006,2026-08-11T07:00:00Z,46,723.912,,,Provisional/Provisoire,,
05EA006,2026-08-11T07:05:00Z,46,723.905,,,Provisional/Provisoire,,
05EA006,2026-08-11T07:10:00Z,46,723.897,,,Provisional/Provisoire,,
05EA006,2026-08-11T07:15:00Z,46,723.911,,,Provisional/Provisoire,,
05EA006,2026-08-11T07:20:00Z,46,723.906,,,Provisional/Provisoire,,
05EA006,2026-08-11T07:25:00Z,46,723.908,,,Provisional/Provisoire,,
05EA006,2026-08-11T07:30:00Z,46,723.895,,,Provisional/Provisoire,,
05EA006,2026-08-11T07:35:00Z,46,723.899,,,Provisional/Provisoire,,
05EA006,2026-08-11T07:40:00Z,46,723.911,,,Provisional/Provisoire,,
05EA006,2026-08-11T07:45:00Z,46,723.906,,,Provisional/Provisoire,,
05EA006,2026-08-11T07:50:00Z,46,723.911,,,Provisional/Provisoire,,
05EA006,2026-08-11T07:55:00Z,46,723.910,,,Provisional/Provisoire,,
05EA006,2026-08-11T08:00:00Z,46,723.915,,,Provisional/Provisoire,,
05EA006,2026-08-11T08:05:00Z,46,723.913,,,Provisional/Provisoire,,
05EA006,2026-08-11T08:10:00Z,46,723.907,,,Provisional/Provisoire,,
05EA006,2026-08-11T08:15:00Z,46,723.896,,,Provisional/Provisoire,,
05EA006,2026-08-11T08:20:00Z,46,723.894,,,Provisional/Provisoire,,
05EA006,2026-08-11T08:25:00Z,46,723.899,,,Provisional/Provisoire,,
05EA006,2026-08-11T08:30:00Z,46,723.906,,,Provisional/Provisoire,,
05EA006,2026-08-11T08:35:00Z,46,723.894,,,Provisional/Provisoire,,
05EA006,2026-08-11T08:40:00Z,46,723.890,,,Provisional/Provisoire,,
05EA006,2026-08-11T08:45:00Z,46,723.896,,,Provisional/Provisoire,,
05EA006,2026-08-11T08:50:00Z,46,723.889,,,Provisional/Provisoire,,
05EA006,2026-08-11T08:55:00Z,46,723.890,,,Provisional/Provisoire,,
05EA006,2026-08-11T09:00:00Z,46,723.889,,,Provisional/Provisoire,,
05EA006,2026-08-11T09:05:00Z,46,723.894,,,Provisional/Provisoire,,
05EA006,2026-08-11T09:10:00Z,46,723.896,,,Provisional/Provisoire,,
05EA006,2026-08-11T09:15:00Z,46,723.900,,,Provisional/Provisoire,,
05EA006,2026-08-11T09:20:00Z,46,723.895,,,Provisional/Provisoire,,
05EA006,2026-08-11T09:25:00Z,46,723.899,,,Provisional/Provisoire,,
05EA006,2026-08-11T09:30:00Z,46,723.897,,,Provisional/Provisoire,,
05EA006,2026-08-11T09:35:00Z,46,723.895,,,Provisional/Provisoire,,
05EA006,2026-08-11T09:40:00Z,46,723.894,,,Provisional/Provisoire,,
05EA006,2026-08-11T09:45:00Z,46,723.891,,,Provisional/Provisoire,,
05EA006,2026-08-11T09:50:00Z,46,723.892,,,Provisional/Provisoire,,
05EA006,2026-08-11T09:55:00Z,46,723.892,,,Provisional/Provisoire,,
05EA006,2026-08-11T10:00:00Z,46,723.898,,,Provisional/Provisoire,,
05EA006,2026-08-11T10:05:00Z,46,723.902,,,Provisional/Provisoire,,
05EA006,2026-08-11T10:10:00Z,46,723.894,,,Provisional/Provisoire,,
05EA006,2026-08-11T10:15:00Z,46,723.881,,,Provisional/Provisoire,,
05EA006,2026-08-11T10:20:00Z,46,723.886,,,Provisional/Provisoire,,
05EA006,2026-08-11T10:25:00Z,46,723.888,,,Provisional/Provisoire,,
05EA006,2026-08-11T10:30:00Z,46,723.898,,,Provisional/Provisoire,,
05EA006,2026-08-11T10:35:00Z,46,723.905,,,Provisional/Provisoire,,
05EA006,2026-08-11T10:40:00Z,46,723.921,,,Provisional/Provisoire,,
05EA006,2026-08-11T10:45:00Z,46,723.911,,,Provisional/Provisoire,,
05EA006,2026-08-11T10:50:00Z,46,723.915,,,Provisional/Provisoire,,
05EA006,2026-08-11T10:55:00Z,46,723.912,,,Provisional/Provisoire,,
05EA006,2026-08-11T11:00:00Z,46,723.915,,,Provisional/Provisoire,,
05EA006,2026-08-11T11:05:00Z,46,723.910,,,Provisional/Provisoire,,
05EA006,2026-08-11T11:10:00Z,46,723.911,,,Provisional/Provisoire,,
05EA006,2026-08-11T11:15:00Z,46,723.909,,,Provisional/Provisoire,,
05EA006,2026-08-11T11:20:00Z,46,723.912,,,Provisional/Provisoire,,
05EA006,2026-08-11T11:25:00Z,46,723.912,,,Provisional/Provisoire,,
05EA006,2026-08-11T11:30:00Z,46,723.912,,,Provisional/Provisoire,,
05EA006,2026-08-11T11:35:00Z,46,723.913,,,Provisional/Provisoire,,
05EA006,2026-08-11T11:40:00Z,46,723.904,,,Provisional/Provisoire,,
05EA006,2026-08-11T11:45:00Z,46,723.912,,,Provisional/Provisoire,,
05EA006,2026-08-11T11:50:00Z,46,723.916,,,Provisional/Provisoire,,
05EA006,2026-08-11T11:55:00Z,46,723.907,,,Provisional/Provisoire,,
05EA006,2026-08-11T12:00:00Z,46,723.882,,,Provisional/Provisoire,,
05EA006,2026-08-11T12:05:00Z,46,723.884,,,Provisional/Provisoire,,
05EA006,2026-08-11T12:10:00Z,46,723.876,,,Provisional/Provisoire,,
05EA006,2026-08-11T12:15:00Z,46,723.874,,,Provisional/Provisoire,,
05EA006,2026-08-11T12:20:00Z,46,723.874,,,Provisional/Provisoire,,
05EA006,2026-08-11T12:25:00Z,46,723.877,,,Provisional/Provisoire,,
05EA006,2026-08-11T12:30:00Z,46,723.875,,,Provisional/Provisoire,,
05EA006,2026-08-11T12:35:00Z,46,723.872,,,Provisional/Provisoire,,
05EA006,2026-08-11T12:40:00Z,46,723.873,,,Provisional/Provisoire,,
05EA006,2026-08-11T12:45:00Z,46,723.898,,,Provisional/Provisoire,,
05EA006,2026-08-11T12:50:00Z,46,723.858,,,Provisional/Provisoire,,
05EA006,2026-08-11T12:55:00Z,46,723.843,,,Provisional/Provisoire,,
05EA006,2026-08-11T13:00:00Z,46,723.848,,,Provisional/Provisoire,,
05EA006,2026-08-11T13:05:00Z,46,723.869,,,Provisional/Provisoire,,
05EA006,2026-08-11T13:10:00Z,46,723.870,,,Provisional/Provisoire,,
05EA006,2026-08-11T13:15:00Z,46,723.869,,,Provisional/Provisoire,,
05EA006,2026-08-11T13:20:00Z,46,723.877,,,Provisional/Provisoire,,
05EA006,2026-08-11T13:25:00Z,46,723.894,,,Provisional/Provisoire,,
05EA006,2026-08-11T13:30:00Z,46,723.891,,,Provisional/Provisoire,,
05EA006,2026-08-11T13:35:00Z,46,723.901,,,Provisional/Provisoire,,
05EA006,2026-08-11T13:40:00Z,46,723.896,,,Provisional/Provisoire,,
05EA006,2026-08-11T13:45:00Z,46,723.883,,,Provisional/Provisoire,,
05EA006,2026-08-11T13:50:00Z,46,723.906,,,Provisional/Provisoire,,
05EA006,2026-08-11T13:55:00Z,46,723.898,,,Provisional/Provisoire,,
05EA006,2026-08-11T14:00:00Z,46,723.891,,,Provisional/Provisoire,,
05EA006,2026-08-11T14:05:00Z,46,723.881,,,Provisional/Provisoire,,
05EA006,2026-08-11T14:10:00Z,46,723.903,,,Provisional/Provisoire,,
05EA006,2026-08-11T14:15:00Z,46,723.898,,,Provisional/Provisoire,,
05EA006,2026-08-11T14:20:00Z,46,723.901,,,Provisional/Provisoire,,
05EA006,2026-08-11T14:25:00Z,46,723.890,,,Provisional/Provisoire,,
05EA006,2026-08-11T14:30:00Z,46,723.891,,,Provisional/Provisoire,,
05EA006,2026-08-11T14:35:00Z,46,723.879,,,Provisional/Provisoire,,
05EA006,2026-08-11T14:40:00Z,46,723.883,,,Provisional/Provisoire,,
05EA006,2026-08-11T14:45:00Z,46,723.896,,,Provisional/Provisoire,,
05EA006,2026-08-11T14:50:00Z,46,723.894,,,Provisional/Provisoire,,
05EA006,2026-08-11T14:55:00Z,46,723.886,,,Provisional/Provisoire,,
05EA006,2026-08-11T15:00:00Z,46,723.899,,,Provisional/Provisoire,,
05EA006,2026-08-11T15:05:00Z,46,723.870,,,Provisional/Provisoire,,
05EA006,2026-08-11T15:10:00Z,46,723.891,,,Provisional/Provisoire,,
05EA006,2026-08-11T15:15:00Z,46,723.875,,,Provisional/Provisoire,,
05EA006,2026-08-11T15:20:00Z,46,723.854,,,Provisional/Provisoire,,
05EA006,2026-08-11T15:25:00Z,46,723.887,,,Provisional/Provisoire,,
05EA006,2026-08-11T15:30:00Z,46,723.873,,,Provisional/Provisoire,,
05EA006,2026-08-11T15:35:00Z,46,723.900,,,Provisional/Provisoire,,
05EA006,2026-08-11T15:40:00Z,46,723.885,,,Provisional/Provisoire,,
05EA006,2026-08-11T15:45:00Z,46,723.882,,,Provisional/Provisoire,,
05EA006,2026-08-11T15:50:00Z,46,723.867,,,Provisional/Provisoire,,
05EA006,2026-08-11T15:55:00Z,46,723.861,,,Provisional/Provisoire,,
05EA006,2026-08-11T16:00:00Z,46,723.858,,,Provisional/Provisoire,,
05EA006,2026-08-11T16:05:00Z,46,723.857,,,Provisional/Provisoire,,
05EA006,2026-08-11T16:10:00Z,46,723.860,,,Provisional/Provisoire,,
05EA006,2026-08-11T16:15:00Z,46,723.867,,,Provisional/Provisoire,,
05EA006,2026-08-11T16:20:00Z,46,723.863,,,Provisional/Provisoire,,
05EA006,2026-08-11T16:25:00Z,46,723.855,,,Provisional/Provisoire,,
05EA006,2026-08-11T16:30:00Z,46,723.855,,,Provisional/Provisoire,,
05EA006,2026-08-11T16:35:00Z,46,723.861,,,Provisional/Provisoire,,
05EA006,2026-08-11T16:40:00Z,46,723.871,,,Provisional/Provisoire,,
05EA006,2026-08-11T16:45:00Z,46,723.870,,,Provisional/Provisoire,,
05EA006,2026-08-11T16:50:00Z,46,723.857,,,Provisional/Provisoire,,
05EA006,2026-08-11T16:55:00Z,46,723.825,,,Provisional/Provisoire,,
05EA006,2026-08-11T17:00:00Z,46,723.831,,,Provisional/Provisoire,,
05EA006,2026-08-11T17:05:00Z,46,723.867,,,Provisional/Provisoire,,
05EA006,2026-08-11T17:10:00Z,46,723.878,,,Provisional/Provisoire,,
05EA006,2026-08-11T17:15:00Z,46,723.870,,,Provisional/Provisoire,,
05EA006,2026-08-11T17:20:00Z,46,723.867,,,Provisional/Provisoire,,
05EA006,2026-08-11T17:25:00Z,46,723.867,,,Provisional/Provisoire,,
05EA006,2026-08-11T17:30:00Z,46,723.863,,,Provisional/Provisoire,,
05EA006,2026-08-11T17:35:00Z,46,723.866,,,Provisional/Provisoire,,
05EA006,2026-08-11T17:40:00Z,46,723.867,,,Provisional/Provisoire,,
05EA006,2026-08-11T17:45:00Z,46,723.859,,,Provisional/Provisoire,,
05EA006,2026-08-11T17:50:00Z,46,723.863,,,Provisional/Provisoire,,
05EA006,2026-08-11T17:55:00Z,46,723.856,,,Provisional/Provisoire,,
05EA006,2026-08-11T18:00:00Z,46,723.854,,,Provisional/Provisoire,,
05EA006,2026-08-11T18:05:00Z,46,723.858,,,Provisional/Provisoire,,
05EA006,2026-08-11T18:10:00Z,46,723.887,,,Provisional/Provisoire,,
05EA006,2026-08-11T18:15:00Z,46,723.873,,,Provisional/Provisoire,,
05EA006,2026-08-11T18:20:00Z,46,723.896,,,Provisional/Provisoire,,
05EA006,2026-08-11T18:25:00Z,46,723.903,,,Provisional/Provisoire,,
05EA006,2026-08-11T18:30:00Z,46,723.913,,,Provisional/Provisoire,,
05EA006,2026-08-11T18:35:00Z,46,723.915,,,Provisional/Provisoire,,
05EA006,2026-08-11T18:40:00Z,46,723.919,,,Provisional/Provisoire,,
05EA006,2026-08-11T18:45:00Z,46,723.909,,,Provisional/Provisoire,,
05EA006,2026-08-11T18:50:00Z,46,723.917,,,Provisional/Provisoire,,
05EA006,2026-08-11T18:55:00Z,46,723.908,,,Provisional/Provisoire,,
05EA006,2026-08-11T19:00:00Z,46,723.887,,,Provisional/Provisoire,,
05EA006,2026-08-11T19:05:00Z,46,723.904,,,Provisional/Provisoire,,
05EA006,2026-08-11T19:10:00Z,46,723.886,,,Provisional/Provisoire,,
05EA006,2026-08-11T19:15:00Z,46,723.914,,,Provisional/Provisoire,,
05EA006,2026-08-11T19:20:00Z,46,723.904,,,Provisional/Provisoire,,
05EA006,2026-08-11T19:25:00Z,46,723.902,,,Provisional/Provisoire,,
05EA006,2026-08-11T19:30:00Z,46,723.909,,,Provisional/Provisoire,,
05EA006,2026-08-11T19:35:00Z,46,723.911,,,Provisional/Provisoire,,
05EA006,2026-08-11T19:40:00Z,46,723.906,,,Provisional/Provisoire,,
05EA006,2026-08-11T19:45:00Z,46,723.897,,,Provisional/Provisoire,,
05EA006,2026-08-11T19:50:00Z,46,723.915,,,Provisional/Provisoire,,
05EA006,2026-08-11T19:55:00Z,46,723.910,,,Provisional/Provisoire,,
05EA006,2026-08-11T20:00:00Z,46,723.901,,,Provisional/Provisoire,,
05EA006,2026-08-11T20:05:00Z,46,723.891,,,Provisional/Provisoire,,
05EA006,2026-08-11T20:10:00Z,46,723.914,,,Provisional/Provisoire,,
05EA006,2026-08-11T20:15:00Z,46,723.910,,,Provisional/Provisoire,,
05EA006,2026-08-11T20:20:00Z,46,723.904,,,Provisional/Provisoire,,
05EA006,2026-08-11T20:25:00Z,46,723.892,,,Provisional/Provisoire,,
05EA006,2026-08-11T20:30:00Z,46,723.914,,,Provisional/Provisoire,,
05EA006,2026-08-11T20:35:00Z,46,723.908,,,Provisional/Provisoire,,
05EA006,2026-08-11T20:40:00Z,46,723.898,,,Provisional/Provisoire,,
05EA006,2026-08-11T20:45:00Z,46,723.901,,,Provisional/Provisoire,,
05EA006,2026-08-11T20:50:00Z,46,723.902,,,Provisional/Provisoire,,
05EA006,2026-08-11T20:55:00Z,46,723.897,,,Provisional/Provisoire,,
05EA006,2026-08-11T21:00:00Z,46,723.888,,,Provisional/Provisoire,,
05EA006,2026-08-11T21:05:00Z,46,723.911,,,Provisional/Provisoire,,
05EA006,2026-08-11T21:10:00Z,46,723.908,,,Provisional/Provisoire,,
05EA006,2026-08-11T21:15:00Z,46,723.895,,,Provisional/Provisoire,,
05EA006,2026-08-11T21:20:00Z,46,723.873,,,Provisional/Provisoire,,
05EA006,2026-08-11T21:25:00Z,46,723.904,,,Provisional/Provisoire,,
05EA006,2026-08-11T21:30:00Z,46,723.900,,,Provisional/Provisoire,,
05EA006,2026-08-11T21:35:00Z,46,723.890,,,Provisional/Provisoire,,
05EA006,2026-08-11T21:40:00Z,46,723.892,,,Provisional/Provisoire,,
05EA006,2026-08-11T21:45:00Z,46,723.887,,,Provisional/Provisoire,,
05EA006,2026-08-11T21:50:00Z,46,723.877,,,Provisional/Provisoire,,
05EA006,2026-08-11T21:55:00Z,46,723.880,,,Provisional/Provisoire,,
05EA006,2026-08-11T22:00:00Z,46,723.880,,,Provisional/Provisoire,,
05EA006,2026-08-11T22:05:00Z,46,723.863,,,Provisional/Provisoire,,
05EA006,2026-08-11T22:10:00Z,46,723.876,,,Provisional/Provisoire,,
05EA006,2026-08-11T22:15:00Z,46,723.899,,,Provisional/Provisoire,,
05EA006,2026-08-11T22:20:00Z,46,723.913,,,Provisional/Provisoire,,
05EA006,2026-08-11T22:25:00Z,46,723.917,,,Provisional/Provisoire,,
05EA006,2026-08-11T22:30:00Z,46,723.904,,,Provisional/Provisoire,,
05EA006,2026-08-11T22:35:00Z,46,723.904,,,Provisional/Provisoire,,
05EA006,2026-08-11T22:40:00Z,46,723.904,,,Provisional/Provisoire,,
05EA006,2026-08-11T22:45:00Z,46,723.897,,,Provisional/Provisoire,,
05EA006,2026-08-11T22:50:00Z,46,723.893,,,Provisional/Provisoire,,
05EA006,2026-08-11T22:55:00Z,46,723.891,,,Provisional/Provisoire,,
05EA006,2026-08-11T23:00:00Z,46,723.891,,,Provisional/Provisoire,,
05EA006,2026-08-11T23:05:00Z,46,723.877,,,Provisional/Provisoire,,
05EA006,2026-08-11T23:10:00Z,46,723.880,,,Provisional/Provisoire,,
05EA006,2026-08-11T23:15:00Z,46,723.866,,,Provisional/Provisoire,,
05EA006,2026-08-11T23:20:00Z,46,723.867,,,Provisional/Provisoire,,
05EA006,2026-08-11T23:25:00Z,46,723.908,,,Provisional/Provisoire,,
05EA006,2026-08-11T23:30:00Z,46,723.903,,,Provisional/Provisoire,,
05EA006,2026-08-11T23:35:00Z,46,723.906,,,Provisional/Provisoire,,
05EA006,2026-08-11T23:40:00Z,46,723.904,,,Provisional/Provisoire,,
05EA006,2026-08-11T23:45:00Z,46,723.898,,,Provisional/Provisoire,,
05EA006,2026-08-11T23:50:00Z,46,723.895,,,Provisional/Provisoire,,
05EA006,2026-08-11T23:55:00Z,46,723.901,,,Provisional/Provisoire,,
05EA006,2026-08-12T00:00:00Z,46,723.901,,,Provisional/Provisoire,,
05EA006,2026-08-12T00:05:00Z,46,723.896,,,Provisional/Provisoire,,
05EA006,2026-08-12T00:10:00Z,46,723.892,,,Provisional/Provisoire,,
05EA006,2026-08-12T00:15:00Z,46,723.887,,,Provisional/Provisoire,,
05EA006,2026-08-12T00:20:00Z,46,723.886,,,Provisional/Provisoire,,
05EA006,2026-08-12T00:25:00Z,46,723.884,,,Provisional/Provisoire,,
05EA006,2026-08-12T00:30:00Z,46,723.911,,,Provisional/Provisoire,,
05EA006,2026-08-12T00:35:00Z,46,723.904,,,Provisional/Provisoire,,
05EA006,2026-08-12T00:40:00Z,46,723.896,,,Provisional/Provisoire,,
05EA006,2026-08-12T00:45:00Z,46,723.888,,,Provisional/Provisoire,,
05EA006,2026-08-12T00:50:00Z,46,723.893,,,Provisional/Provisoire,,
05EA006,2026-08-12T00:55:00Z,46,723.884,,,Provisional/Provisoire,,
05EA006,2026-08-12T01:00:00Z,46,723.879,,,Provisional/Provisoire,,
05EA006,2026-08-12T01:05:00Z,46,723.879,,,Provisional/Provisoire,,
05EA006,2026-08-12T01:10:00Z,46,723.914,,,Provisional/Provisoire,,
05EA006,2026-08-12T01:15:00Z,46,723.915,,,Provisional/Provisoire,,
05EA006,2026-08-12T01:20:00Z,46,723.906,,,Provisional/Provisoire,,
05EA006,2026-08-12T01:25:00Z,46,723.905,,,Provisional/Provisoire,,
05EA006,2026-08-12T01:30:00Z,46,723.901,,,Provisional/Provisoire,,
05EA006,2026-08-12T01:35:00Z,46,723.899,,,Provisional/Provisoire,,
05EA006,2026-08-12T01:40:00Z,46,723.898,,,Provisional/Provisoire,,
05EA006,2026-08-12T01:45:00Z,46,723.895,,,Provisional/Provisoire,,
05EA006,2026-08-12T01:50:00Z,46,723.895,,,Provisional/Provisoire,,
05EA006,2026-08-12T01:55:00Z,46,723.885,,,Provisional/Provisoire,,
05EA006,2026-08-12T02:00:00Z,46,723.880,,,Provisional/Provisoire,,
05EA006,2026-08-12T02:05:00Z,46,723.864,,,Provisional/Provisoire,,
05EA006,2026-08-12T02:10:00Z,46,723.884,,,Provisional/Provisoire,,
05EA006,2026-08-12T02:15:00Z,46,723.876,,,Provisional/Provisoire,,
05EA006,2026-08-12T02:20:00Z,46,723.878,,,Provisional/Provisoire,,
05EA006,2026-08-12T02:25:00Z,46,723.895,,,Provisional/Provisoire,,
05EA006,2026-08-12T02:30:00Z,46,723.892,,,Provisional/Provisoire,,
05EA006,2026-08-12T02:35:00Z,46,723.903,,,Provisional/Provisoire,,
05EA006,2026-08-12T02:40:00Z,46,723.894,,,Provisional/Provisoire,,
05EA006,2026-08-12T02:45:00Z,46,723.899,,,Provisional/Provisoire,,
05EA006,2026-08-12T02:50:00Z,46,723.894,,,Provisional/Provisoire,,
05EA006,2026-08-12T02:55:00Z,46,723.891,,,Provisional/Provisoire,,
05EA006,2026-08-12T03:00:00Z,46,723.887,,,Provisional/Provisoire,,
05EA006,2026-08-12T03:05:00Z,46,723.877,,,Provisional/Provisoire,,
05EA006,2026-08-12T03:10:00Z,46,723.872,,,Provisional/Provisoire,,
05EA006,2026-08-12T03:15:00Z,46,723.879,,,Provisional/Provisoire,,
05EA006,2026-08-12T03:20:00Z,46,723.880,,,Provisional/Provisoire,,
05EA006,2026-08-12T03:25:00Z,46,723.880,,,Provisional/Provisoire,,
05EA006,2026-08-12T03:30:00Z,46,723.875,,,Provisional/Provisoire,,
05EA006,2026-08-12T03:35:00Z,46,723.866,,,Provisional/Provisoire,,
05EA006,2026-08-12T03:40:00Z,46,723.852,,,Provisional/Provisoire,,
05EA006,2026-08-12T03:45:00Z,46,723.878,,,Provisional/Provisoire,,
05EA006,2026-08-12T03:50:00Z,46,723.900,,,Provisional/Provisoire,,
05EA006,2026-08-12T03:55:00Z,46,723.903,,,Provisional/Provisoire,,
05EA006,2026-08-12T04:00:00Z,46,723.904,,,Provisional/Provisoire,,
05EA006,2026-08-12T04:05:00Z,46,723.907,,,Provisional/Provisoire,,
05EA006,2026-08-12T04:10:00Z,46,723.905,,,Provisional/Provisoire,,
05EA006,2026-08-12T04:15:00Z,46,723.906,,,Provisional/Provisoire,,
05EA006,2026-08-12T04:20:00Z,46,723.902,,,Provisional/Provisoire,,
05EA006,2026-08-12T04:25:00Z,46,723.886,,,Provisional/Provisoire,,
05EA006,2026-08-12T04:30:00Z,46,723.838,,,Provisional/Provisoire,,
05EA006,2026-08-12T04:35:00Z,46,723.899,,,Provisional/Provisoire,,
05EA006,2026-08-12T04:40:00Z,46,723.902,,,Provisional/Provisoire,,
05EA006,2026-08-12T04:45:00Z,46,723.889,,,Provisional/Provisoire,,
05EA006,2026-08-12T04:50:00Z,46,723.893,,,Provisional/Provisoire,,
05EA006,2026-08-12T04:55:00Z,46,723.883,,,Provisional/Provisoire,,
05EA006,2026-08-12T05:00:00Z,46,723.887,,,Provisional/Provisoire,,
05EA006,2026-08-12T05:05:00Z,46,723.891,,,Provisional/Provisoire,,
05EA006,2026-08-12T05:10:00Z,46,723.861,,,Provisional/Provisoire,,
05EA006,2026-08-12T05:15:00Z,46,723.842,,,Provisional/Provisoire,,
05EA006,2026-08-12T05:20:00Z,46,723.896,,,Provisional/Provisoire,,
05EA006,2026-08-12T05:25:00Z,46,723.894,,,Provisional/Provisoire,,
05EA006,2026-08-12T05:30:00Z,46,723.897,,,Provisional/Provisoire,,
05EA006,2026-08-12T05:35:00Z,46,723.878,,,Provisional/Provisoire,,
05EA006,2026-08-12T05:40:00Z,46,723.886,,,Provisional/Provisoire,,
05EA006,2026-08-12T05:45:00Z,46,723.891,,,Provisional/Provisoire,,
05EA006,2026-08-12T05:50:00Z,46,723.915,,,Provisional/Provisoire,,
05EA006,2026-08-12T05:55:00Z,46,723.923,,,Provisional/Provisoire,,
05EA006,2026-08-12T06:00:00Z,46,723.920,,,Provisional/Provisoire,,
05EA006,2026-08-12T06:05:00Z,46,723.894,,,Provisional/Provisoire,,
05EA006,2026-08-12T06:10:00Z,46,723.915,,,Provisional/Provisoire,,
05EA006,2026-08-12T06:15:00Z,46,723.917,,,Provisional/Provisoire,,
05EA006,2026-08-12T06:20:00Z,46,723.917,,,Provisional/Provisoire,,
05EA006,2026-08-12T06:25:00Z,46,723.881,,,Provisional/Provisoire,,
05EA006,2026-08-12T06:30:00Z,46,723.918,,,Provisional/Provisoire,,
05EA006,2026-08-12T06:35:00Z,46,723.916,,,Provisional/Provisoire,,
05EA006,2026-08-12T06:40:00Z,46,723.915,,,Provisional/Provisoire,,
05EA006,2026-08-12T06:45:00Z,46,723.910,,,Provisional/Provisoire,,
05EA006,2026-08-12T06:50:00Z,46,723.917,,,Provisional/Provisoire,,
05EA006,2026-08-12T06:55:00Z,46,723.897,,,Provisional/Provisoire,,
05EA006,2026-08-12T07:00:00Z,46,723.905,,,Provisional/Provisoire,,
05EA006,2026-08-12T07:05:00Z,46,723.910,,,Provisional/Provisoire,,
05EA006,2026-08-12T07:10:00Z,46,723.875,,,Provisional/Provisoire,,
05EA006,2026-08-12T07:15:00Z,46,723.909,,,Provisional/Provisoire,,
05EA006,2026-08-12T07:20:00Z,46,723.912,,,Provisional/Provisoire,,
05EA006,2026-08-12T07:25:00Z,46,723.906,,,Provisional/Provisoire,,
05EA006,2026-08-12T07:30:00Z,46,723.864,,,Provisional/Provisoire,,
05EA006,2026-08-12T07:35:00Z,46,723.909,,,Provisional/Provisoire,,
05EA006,2026-08-12T07:40:00Z,46,723.902,,,Provisional/Provisoire,,
05EA006,2026-08-12T07:45:00Z,46,723.914,,,Provisional/Provisoire,,
05EA006,2026-08-12T07:50:00Z,46,723.904,,,Provisional/Provisoire,,
05EA006,2026-08-12T07:55:00Z,46,723.891,,,Provisional/Provisoire,,
05EA006,2026-08-12T08:00:00Z,46,723.897,,,Provisional/Provisoire,,
05EA006,2026-08-12T08:05:00Z,46,723.878,,,Provisional/Provisoire,,
05EA006,2026-08-12T08:10:00Z,46,723.890,,,Provisional/Provisoire,,
05EA006,2026-08-12T08:15:00Z,46,723.896,,,Provisional/Provisoire,,
05EA006,2026-08-12T08:20:00Z,46,723.884,,,Provisional/Provisoire,,
05EA006,2026-08-12T08:25:00Z,46,723.890,,,Provisional/Provisoire,,
05EA006,2026-08-12T08:30:00Z,46,723.891,,,Provisional/Provisoire,,
05EA006,2026-08-12T08:35:00Z,46,723.890,,,Provisional/Provisoire,,
05EA006,2026-08-12T08:40:00Z,46,723.885,,,Provisional/Provisoire,,
05EA006,2026-08-12T08:45:00Z,46,723.904,,,Provisional/Provisoire,,
05EA006,2026-08-12T08:50:00Z,46,723.917,,,Provisional/Provisoire,,
05EA006,2026-08-12T08:55:00Z,46,723.918,,,Provisional/Provisoire,,
05EA006,2026-08-12T09:00:00Z,46,723.916,,,Provisional/Provisoire,,
05EA006,2026-08-12T09:05:00Z,46,723.908,,,Provisional/Provisoire,,
05EA006,2026-08-12T09:10:00Z,46,723.902,,,Provisional/Provisoire,,
05EA006,2026-08-12T09:15:00Z,46,723.908,,,Provisional/Provisoire,,
05EA006,2026-08-12T09:20:00Z,46,723.882,,,Provisional/Provisoire,,
05EA006,2026-08-12T09:25:00Z,46,723.917,,,Provisional/Provisoire,,
05EA006,2026-08-12T09:30:00Z,46,723.910,,,Provisional/Provisoire,,
05EA006,2026-08-12T09:35:00Z,46,723.915,,,Provisional/Provisoire,,
05EA006,2026-08-12T09:40:00Z,46,723.908,,,Provisional/Provisoire,,
05EA006,2026-08-12T09:45:00Z,46,723.908,,,Provisional/Provisoire,,
05EA006,2026-08-12T09:50:00Z,46,723.913,,,Provisional/Provisoire,,
05EA006,2026-08-12T09:55:00Z,46,723.906,,,Provisional/Provisoire,,
05EA006,2026-08-12T10:00:00Z,46,723.905,,,Provisional/Provisoire,,
05EA006,2026-08-12T10:05:00Z,46,723.905,,,Provisional/Provisoire,,
05EA006,2026-08-12T10:10:00Z,46,723.905,,,Provisional/Provisoire,,
05EA006,2026-08-12T10:15:00Z,46,723.906,,,Provisional/Provisoire,,
05EA006,2026-08-12T10:20:00Z,46,723.910,,,Provisional/Provisoire,,
05EA006,2026-08-12T10:25:00Z,46,723.906,,,Provisional/Provisoire,,
05EA006,2026-08-12T10:30:00Z,46,723.908,,,Provisional/Provisoire,,
05EA006,2026-08-12T10:35:00Z,46,723.908,,,Provisional/Provisoire,,
05EA006,2026-08-12T10:40:00Z,46,723.912,,,Provisional/Provisoire,,
05EA006,2026-08-12T10:45:00Z,46,723.849,,,Provisional/Provisoire,,
05EA006,2026-08-12T10:50:00Z,46,723.900,,,Provisional/Provisoire,,
05EA006,2026-08-12T10:55:00Z,46,723.909,,,Provisional/Provisoire,,
05EA006,2026-08-12T11:00:00Z,46,723.905,,,Provisional/Provisoire,,
05EA006,2026-08-12T11:05:00Z,46,723.899,,,Provisional/Provisoire,,
05EA006,2026-08-12T11:10:00Z,46,723.900,,,Provisional/Provisoire,,
05EA006,2026-08-12T11:15:00Z,46,723.901,,,Provisional/Provisoire,,
05EA006,2026-08-12T11:20:00Z,46,723.900,,,Provisional/Provisoire,,
05EA006,2026-08-12T11:25:00Z,46,723.892,,,Provisional/Provisoire,,
05EA006,2026-08-12T11:30:00Z,46,723.911,,,Provisional/Provisoire,,
05EA006,2026-08-12T11:35:00Z,46,723.904,,,Provisional/Provisoire,,
05EA006,2026-08-12T11:40:00Z,46,723.916,,,Provisional/Provisoire,,
05EA006,2026-08-12T11:45:00Z,46,723.915,,,Provisional/Provisoire,,
05EA006,2026-08-12T11:50:00Z,46,723.895,,,Provisional/Provisoire,,
05EA006,2026-08-12T11:55:00Z,46,723.895,,,Provisional/Provisoire,,
05EA006,2026-08-12T12:00:00Z,46,723.900,,,Provisional/Provisoire,,
05EA006,2026-08-12T12:05:00Z,46,723.899,,,Provisional/Provisoire,,
05EA006,2026-08-12T12:10:00Z,46,723.896,,,Provisional/Provisoire,,
05EA006,2026-08-12T12:15:00Z,46,723.896,,,Provisional/Provisoire,,
05EA006,2026-08-12T12:20:00Z,46,723.897,,,Provisional/Provisoire,,
05EA006,2026-08-12T12:25:00Z,46,723.897,,,Provisional/Provisoire,,
05EA006,2026-08-12T12:30:00Z,46,723.900,,,Provisional/Provisoire,,
05EA006,2026-08-12T12:35:00Z,46,723.898,,,Provisional/Provisoire,,
05EA006,2026-08-12T12:40:00Z,46,723.903,,,Provisional/Provisoire,,
05EA006,2026-08-12T12:45:00Z,46,723.903,,,Provisional/Provisoire,,
05EA006,2026-08-12T12:50:00Z,46,723.896,,,Provisional/Provisoire,,
05EA006,2026-08-12T12:55:00Z,46,723.896,,,Provisional/Provisoire,,
05EA006,2026-08-12T13:00:00Z,46,723.912,,,Provisional/Provisoire,,
05EA006,2026-08-12T13:05:00Z,46,723.901,,,Provisional/Provisoire,,
05EA006,2026-08-12T13:10:00Z,46,723.894,,,Provisional/Provisoire,,
05EA006,2026-08-12T13:15:00Z,46,723.880,,,Provisional/Provisoire,,
05EA006,2026-08-12T13:20:00Z,46,723.876,,,Provisional/Provisoire,,
05EA006,2026-08-12T13:25:00Z,46,723.900,,,Provisional/Provisoire,,
05EA006,2026-08-12T13:30:00Z,46,723.900,,,Provisional/Provisoire,,
05EA006,2026-08-12T13:35:00Z,46,723.892,,,Provisional/Provisoire,,
05EA006,2026-08-12T13:40:00Z,46,723.885,,,Provisional/Provisoire,,
05EA006,2026-08-12T13:45:00Z,46,723.895,,,Provisional/Provisoire,,
05EA006,2026-08-12T13:50:00Z,46,723.874,,,Provisional/Provisoire,,
05EA006,2026-08-12T13:55:00Z,46,723.913,,,Provisional/Provisoire,,
05EA006,2026-08-12T14:00:00Z,46,723.909,,,Provisional/Provisoire,,
05EA006,2026-08-12T14:05:00Z,46,723.842,,,Provisional/Provisoire,,
05EA006,2026-08-12T14:10:00Z,46,723.921,,,Provisional/Provisoire,,
05EA006,2026-08-12T14:15:00Z,46,723.924,,,Provisional/Provisoire,,
05EA006,2026-08-12T14:20:00Z,46,723.911,,,Provisional/Provisoire,,
05EA006,2026-08-12T14:25:00Z,46,723.874,,,Provisional/Provisoire,,
05EA006,2026-08-12T14:30:00Z,46,723.900,,,Provisional/Provisoire,,
05EA006,2026-08-12T14:35:00Z,46,723.877,,,Provisional/Provisoire,,
05EA006,2026-08-12T14:40:00Z,46,723.917,,,Provisional/Provisoire,,
05EA006,2026-08-12T14:45:00Z,46,723.903,,,Provisional/Provisoire,,
05EA006,2026-08-12T14:50:00Z,46,723.896,,,Provisional/Provisoire,,
05EA006,2026-08-12T14:55:00Z,46,723.873,,,Provisional/Provisoire,,
05EA006,2026-08-12T15:00:00Z,46,723.850,,,Provisional/Provisoire,,
05EA006,2026-08-12T15:05:00Z,46,723.900,,,Provisional/Provisoire,,
05EA006,2026-08-12T15:10:00Z,46,723.878,,,Provisional/Provisoire,,
05EA006,2026-08-12T15:15:00Z,46,723.862,,,Provisional/Provisoire,,
05EA006,2026-08-12T15:20:00Z,46,723.871,,,Provisional/Provisoire,,
05EA006,2026-08-12T15:25:00Z,46,723.893,,,Provisional/Provisoire,,
05EA006,2026-08-12T15:30:00Z,46,723.876,,,Provisional/Provisoire,,
05EA006,2026-08-12T15:35:00Z,46,723.863,,,Provisional/Provisoire,,
05EA006,2026-08-12T15:40:00Z,46,723.902,,,Provisional/Provisoire,,
05EA006,2026-08-12T15:45:00Z,46,723.887,,,Provisional/Provisoire,,
05EA006,2026-08-12T15:50:00Z,46,723.882,,,Provisional/Provisoire,,
05EA006,2026-08-12T15:55:00Z,46,723.849,,,Provisional/Provisoire,,
05EA006,2026-08-12T16:00:00Z,46,723.896,,,Provisional/Provisoire,,
05EA006,2026-08-12T16:05:00Z,46,723.887,,,Provisional/Provisoire,,
05EA006,2026-08-12T16:10:00Z,46,723.870,,,Provisional/Provisoire,,
05EA006,2026-08-12T16:15:00Z,46,723.833,,,Provisional/Provisoire,,
05EA006,2026-08-12T16:20:00Z,46,723.898,,,Provisional/Provisoire,,
05EA006,2026-08-12T16:25:00Z,46,723.887,,,Provisional/Provisoire,,
05EA006,2026-08-12T16:30:00Z,46,723.871,,,Provisional/Provisoire,,
05EA006,2026-08-12T16:35:00Z,46,723.846,,,Provisional/Provisoire,,
05EA006,2026-08-12T16:40:00Z,46,723.900,,,Provisional/Provisoire,,
05EA006,2026-08-12T16:45:00Z,46,723.891,,,Provisional/Provisoire,,
05EA006,2026-08-12T16:50:00Z,46,723.866,,,Provisional/Provisoire,,
05EA006,2026-08-12T16:55:00Z,46,723.884,,,Provisional/Provisoire,,
05EA006,2026-08-12T17:00:00Z,46,723.887,,,Provisional/Provisoire,,
05EA006,2026-08-12T17:05:00Z,46,723.866,,,Provisional/Provisoire,,
05EA006,2026-08-12T17:10:00Z,46,723.841,,,Provisional/Provisoire,,
05EA006,2026-08-12T17:15:00Z,46,723.900,,,Provisional/Provisoire,,
05EA006,2026-08-12T17:20:00Z,46,723.891,,,Provisional/Provisoire,,
05EA006,2026-08-12T17:25:00Z,46,723.885,,,Provisional/Provisoire,,
05EA006,2026-08-12T17:30:00Z,46,723.899,,,Provisional/Provisoire,,
05EA006,2026-08-12T17:35:00Z,46,723.886,,,Provisional/Provisoire,,
05EA006,2026-08-12T17:40:00Z,46,723.870,,,Provisional/Provisoire,,
05EA006,2026-08-12T17:45:00Z,46,723.854,,,Provisional/Provisoire,,
05EA006,2026-08-12T17:50:00Z,46,723.887,,,Provisional/Provisoire,,
05EA006,2026-08-12T17:55:00Z,46,723.877,,,Provisional/Provisoire,,
05EA006,2026-08-12T18:00:00Z,46,723.860,,,Provisional/Provisoire,,
05EA006,2026-08-12T18:05:00Z,46,723.891,,,Provisional/Provisoire,,
05EA006,2026-08-12T18:10:00Z,46,723.884,,,Provisional/Provisoire,,
05EA006,2026-08-12T18:15:00Z,46,723.870,,,Provisional/Provisoire,,
05EA006,2026-08-12T18:20:00Z,46,723.849,,,Provisional/Provisoire,,
05EA006,2026-08-12T18:25:00Z,46,723.898,,,Provisional/Provisoire,,
05EA006,2026-08-12T18:30:00Z,46,723.877,,,Provisional/Provisoire,,
05EA006,2026-08-12T18:35:00Z,46,723.864,,,Provisional/Provisoire,,
05EA006,2026-08-12T18:40:00Z,46,723.906,,,Provisional/Provisoire,,
05EA006,2026-08-12T18:45:00Z,46,723.878,,,Provisional/Provisoire,,
05EA006,2026-08-12T18:50:00Z,46,723.876,,,Provisional/Provisoire,,
05EA006,2026-08-12T18:55:00Z,46,723.906,,,Provisional/Provisoire,,
05EA006,2026-08-12T19:00:00Z,46,723.897,,,Provisional/Provisoire,,
05EA006,2026-08-12T19:05:00Z,46,723.895,,,Provisional/Provisoire,,
05EA006,2026-08-12T19:10:00Z,46,723.880,,,Provisional/Provisoire,,
05EA006,2026-08-12T19:15:00Z,46,723.907,,,Provisional/Provisoire,,
05EA006,2026-08-12T19:20:00Z,46,723.894,,,Provisional/Provisoire,,
05EA006,2026-08-12T19:25:00Z,46,723.871,,,Provisional/Provisoire,,
05EA006,2026-08-12T19:30:00Z,46,723.877,,,Provisional/Provisoire,,
05EA006,2026-08-12T19:35:00Z,46,723.880,,,Provisional/Provisoire,,
05EA006,2026-08-12T19:40:00Z,46,723.912,,,Provisional/Provisoire,,
05EA006,2026-08-12T19:45:00Z,46,723.904,,,Provisional/Provisoire,,
05EA006,2026-08-12T19:50:00Z,46,723.900,,,Provisional/Provisoire,,
05EA006,2026-08-12T19:55:00Z,46,723.893,,,Provisional/Provisoire,,
05EA006,2026-08-12T20:00:00Z,46,723.892,,,Provisional/Provisoire,,
05EA006,2026-08-12T20:05:00Z,46,723.889,,,Provisional/Provisoire,,
05EA006,2026-08-12T20:10:00Z,46,723.881,,,Provisional/Provisoire,,
05EA006,2026-08-12T20:15:00Z,46,723.909,,,Provisional/Provisoire,,
05EA006,2026-08-12T20:20:00Z,46,723.905,,,Provisional/Provisoire,,
05EA006,2026-08-12T20:25:00Z,46,723.905,,,Provisional/Provisoire,,
05EA006,2026-08-12T20:30:00Z,46,723.904,,,Provisional/Provisoire,,
05EA006,2026-08-12T20:35:00Z,46,723.904,,,Provisional/Provisoire,,
05EA006,2026-08-12T20:40:00Z,46,723.900,,,Provisional/Provisoire,,
05EA006,2026-08-12T20:45:00Z,46,723.900,,,Provisional/Provisoire,,
05EA006,2026-08-12T20:50:00Z,46,723.899,,,Provisional/Provisoire,,
05EA006,2026-08-12T20:55:00Z,46,723.894,,,Provisional/Provisoire,,
05EA006,2026-08-12T21:00:00Z,46,723.893,,,Provisional/Provisoire,,
05EA006,2026-08-12T21:05:00Z,46,723.896,,,Provisional/Provisoire,,
05EA006,2026-08-12T21:10:00Z,46,723.898,,,Provisional/Provisoire,,
05EA006,2026-08-12T21:15:00Z,46,723.889,,,Provisional/Provisoire,,
05EA006,2026-08-12T21:20:00Z,46,723.885,,,Provisional/Provisoire,,
05EA006,2026-08-12T21:25:00Z,46,723.909,,,Provisional/Provisoire,,
05EA006,2026-08-12T21:30:00Z,46,723.914,,,Provisional/Provisoire,,
05EA006,2026-08-12T21:35:00Z,46,723.904,,,Provisional/Provisoire,,
05EA006,2026-08-12T21:40:00Z,46,723.906,,,Provisional/Provisoire,,
05EA006,2026-08-12T21:45:00Z,46,723.903,,,Provisional/Provisoire,,
05EA006,2026-08-12T21:50:00Z,46,723.903,,,Provisional/Provisoire,,
05EA006,2026-08-12T21:55:00Z,46,723.903,,,Provisional/Provisoire,,
05EA006,2026-08-12T22:00:00Z,46,723.904,,,Provisional/Provisoire,,
05EA006,2026-08-12T22:05:00Z,46,723.892,,,Provisional/Provisoire,,
05EA006,2026-08-12T22:10:00Z,46,723.896,,,Provisional/Provisoire,,
05EA006,2026-08-12T22:15:00Z,46,723.880,,,Provisional/Provisoire,,
05EA006,2026-08-12T22:20:00Z,46,723.899,,,Provisional/Provisoire,,
05EA006,2026-08-12T22:25:00Z,46,723.897,,,Provisional/Provisoire,,
05EA006,2026-08-12T22:30:00Z,46,723.903,,,Provisional/Provisoire,,
05EA006,2026-08-12T22:35:00Z,46,723.882,,,Provisional/Provisoire,,
05EA006,2026-08-12T22:40:00Z,46,723.876,,,Provisional/Provisoire,,
05EA006,2026-08-12T22:45:00Z,46,723.856,,,Provisional/Provisoire,,
05EA006,2026-08-12T22:50:00Z,46,723.863,,,Provisional/Provisoire,,
05EA006,2026-08-12T22:55:00Z,46,723.871,,,Provisional/Provisoire,,
05EA006,2026-08-12T23:00:00Z,46,723.866,,,Provisional/Provisoire,,
05EA006,2026-08-12T23:05:00Z,46,723.871,,,Provisional/Provisoire,,
05EA006,2026-08-12T23:10:00Z,46,723.860,,,Provisional/Provisoire,,
05EA006,2026-08-12T23:15:00Z,46,723.873,,,Provisional/Provisoire,,
05EA006,2026-08-12T23:20:00Z,46,723.899,,,Provisional/Provisoire,,
05EA006,2026-08-12T23:25:00Z,46,723.886,,,Provisional/Provisoire,,
05EA006,2026-08-12T23:30:00Z,46,723.891,,,Provisional/Provisoire,,
05EA006,2026-08-12T23:35:00Z,46,723.875,,,Provisional/Provisoire,,
05EA006,2026-08-12T23:40:00Z,46,723.898,,,Provisional/Provisoire,,
05EA006,2026-08-12T23:45:00Z,46,723.885,,,Provisional/Provisoire,,
05EA006,2026-08-12T23:50:00Z,46,723.879,,,Provisional/Provisoire,,
05EA006,2026-08-12T23:55:00Z,46,723.880,,,Provisional/Provisoire,,
05EA006,2026-08-13T00:00:00Z,46,723.876,,,Provisional/Provisoire,,
05EA006,2026-08-13T00:05:00Z,46,723.877,,,Provisional/Provisoire,,
05EA006,2026-08-13T00:10:00Z,46,723.871,,,Provisional/Provisoire,,
05EA006,2026-08-13T00:15:00Z,46,723.883,,,Provisional/Provisoire,,
05EA006,2026-08-13T00:20:00Z,46,723.892,,,Provisional/Provisoire,,
05EA006,2026-08-13T00:25:00Z,46,723.864,,,Provisional/Provisoire,,
05EA006,2026-08-13T00:30:00Z,46,723.879,,,Provisional/Provisoire,,
05EA006,2026-08-13T00:35:00Z,46,723.906,,,Provisional/Provisoire,,
05EA006,2026-08-13T00:40:00Z,46,723.889,,,Provisional/Provisoire,,
05EA006,2026-08-13T00:45:00Z,46,723.875,,,Provisional/Provisoire,,
05EA006,2026-08-13T00:50:00Z,46,723.899,,,Provisional/Provisoire,,
05EA006,2026-08-13T00:55:00Z,46,723.892,,,Provisional/Provisoire,,
05EA006,2026-08-13T01:00:00Z,46,723.873,,,Provisional/Provisoire,,
05EA006,2026-08-13T01:05:00Z,46,723.880,,,Provisional/Provisoire,,
05EA006,2026-08-13T01:10:00Z,46,723.909,,,Provisional/Provisoire,,
05EA006,2026-08-13T01:15:00Z,46,723.905,,,Provisional/Provisoire,,
05EA006,2026-08-13T01:20:00Z,46,723.888,,,Provisional/Provisoire,,
05EA006,2026-08-13T01:25:00Z,46,723.907,,,Provisional/Provisoire,,
05EA006,2026-08-13T01:30:00Z,46,723.916,,,Provisional/Provisoire,,
05EA006,2026-08-13T01:35:00Z,46,723.910,,,Provisional/Provisoire,,
05EA006,2026-08-13T01:40:00Z,46,723.897,,,Provisional/Provisoire,,
05EA006,2026-08-13T01:45:00Z,46,723.910,,,Provisional/Provisoire,,
05EA006,2026-08-13T01:50:00Z,46,723.925,,,Provisional/Provisoire,,
05EA006,2026-08-13T01:55:00Z,46,723.930,,,Provisional/Provisoire,,
05EA006,2026-08-13T02:00:00Z,46,723.930,,,Provisional/Provisoire,,
05EA006,2026-08-13T02:05:00Z,46,723.925,,,Provisional/Provisoire,,
05EA006,2026-08-13T02:10:00Z,46,723.929,,,Provisional/Provisoire,,
05EA006,2026-08-13T02:15:00Z,46,723.936,,,Provisional/Provisoire,,
05EA006,2026-08-13T02:20:00Z,46,723.921,,,Provisional/Provisoire,,
05EA006,2026-08-13T02:25:00Z,46,723.929,,,Provisional/Provisoire,,
05EA006,2026-08-13T02:30:00Z,46,723.938,,,Provisional/Provisoire,,
05EA006,2026-08-13T02:35:00Z,46,723.939,,,Provisional/Provisoire,,
05EA006,2026-08-13T02:40:00Z,46,723.930,,,Provisional/Provisoire,,
05EA006,2026-08-13T02:45:00Z,46,723.931,,,Provisional/Provisoire,,
05EA006,2026-08-13T02:50:00Z,46,723.933,,,Provisional/Provisoire,,
05EA006,2026-08-13T02:55:00Z,46,723.937,,,Provisional/Provisoire,,
05EA006,2026-08-13T03:00:00Z,46,723.938,,,Provisional/Provisoire,,
05EA006,2026-08-13T03:05:00Z,46,723.949,,,Provisional/Provisoire,,
05EA006,2026-08-13T03:10:00Z,46,723.945,,,Provisional/Provisoire,,
05EA006,2026-08-13T03:15:00Z,46,723.950,,,Provisional/Provisoire,,
05EA006,2026-08-13T03:20:00Z,46,723.948,,,Provisional/Provisoire,,
05EA006,2026-08-13T03:25:00Z,46,723.953,,,Provisional/Provisoire,,
05EA006,2026-08-13T03:30:00Z,46,723.942,,,Provisional/Provisoire,,
05EA006,2026-08-13T03:35:00Z,46,723.950,,,Provisional/Provisoire,,
05EA006,2026-08-13T03:40:00Z,46,723.950,,,Provisional/Provisoire,,
05EA006,2026-08-13T03:45:00Z,46,723.958,,,Provisional/Provisoire,,
05EA006,2026-08-13T03:50:00Z,46,723.956,,,Provisional/Provisoire,,
05EA006,2026-08-13T03:55:00Z,46,723.957,,,Provisional/Provisoire,,
05EA006,2026-08-13T04:00:00Z,46,723.958,,,Provisional/Provisoire,,
05EA006,2026-08-13T04:05:00Z,46,723.960,,,Provisional/Provisoire,,
05EA006,2026-08-13T04:10:00Z,46,723.961,,,Provisional/Provisoire,,
05EA006,2026-08-13T04:15:00Z,46,723.958,,,Provisional/Provisoire,,
05EA006,2026-08-13T04:20:00Z,46,723.916,,,Provisional/Provisoire,,
05EA006,2026-08-13T04:25:00Z,46,723.911,,,Provisional/Provisoire,,
05EA006,2026-08-13T04:30:00Z,46,723.913,,,Provisional/Provisoire,,
05EA006,2026-08-13T04:35:00Z,46,723.961,,,Provisional/Provisoire,,
05EA006,2026-08-13T04:40:00Z,46,723.966,,,Provisional/Provisoire,,
05EA006,2026-08-13T04:45:00Z,46,723.957,,,Provisional/Provisoire,,
05EA006,2026-08-13T04:50:00Z,46,723.943,,,Provisional/Provisoire,,
05EA006,2026-08-13T04:55:00Z,46,723.954,,,Provisional/Provisoire,,
05EA006,2026-08-13T05:00:00Z,46,723.953,,,Provisional/Provisoire,,
05EA006,2026-08-13T05:05:00Z,46,723.962,,,Provisional/Provisoire,,
05EA006,2026-08-13T05:10:00Z,46,723.970,,,Provisional/Provisoire,,
05EA006,2026-08-13T05:15:00Z,46,723.962,,,Provisional/Provisoire,,
05EA006,2026-08-13T05:20:00Z,46,723.957,,,Provisional/Provisoire,,
05EA006,2026-08-13T05:25:00Z,46,723.963,,,Provisional/Provisoire,,
05EA006,2026-08-13T05:30:00Z,46,723.958,,,Provisional/Provisoire,,
05EA006,2026-08-13T05:35:00Z,46,723.965,,,Provisional/Provisoire,,
05EA006,2026-08-13T05:40:00Z,46,723.966,,,Provisional/Provisoire,,
05EA006,2026-08-13T05:45:00Z,46,723.953,,,Provisional/Provisoire,,
05EA006,2026-08-13T05:50:00Z,46,723.952,,,Provisional/Provisoire,,
05EA006,2026-08-13T05:55:00Z,46,723.959,,,Provisional/Provisoire,,
05EA006,2026-08-13T06:00:00Z,46,723.961,,,Provisional/Provisoire,,
05EA006,2026-08-13T06:05:00Z,46,723.958,,,Provisional/Provisoire,,
05EA006,2026-08-13T06:10:00Z,46,723.961,,,Provisional/Provisoire,,
05EA006,2026-08-13T06:15:00Z,46,723.946,,,Provisional/Provisoire,,
05EA006,2026-08-13T06:20:00Z,46,723.954,,,Provisional/Provisoire,,
05EA006,2026-08-13T06:25:00Z,46,723.958,,,Provisional/Provisoire,,
05EA006,2026-08-13T06:30:00Z,46,723.947,,,Provisional/Provisoire,,
05EA006,2026-08-13T06:35:00Z,46,723.954,,,Provisional/Provisoire,,
05EA006,2026-08-13T06:40:00Z,46,723.954,,,Provisional/Provisoire,,
05EA006,2026-08-13T06:45:00Z,46,723.959,,,Provisional/Provisoire,,
05EA006,2026-08-13T06:50:00Z,46,723.955,,,Provisional/Provisoire,,
05EA006,2026-08-13T06:55:00Z,46,723.953,,,Provisional/Provisoire,,
05EA006,2026-08-13T07:00:00Z,46,723.945,,,Provisional/Provisoire,,
05EA006,2026-08-13T07:05:00Z,46,723.955,,,Provisional/Provisoire,,
05EA006,2026-08-13T07:10:00Z,46,723.979,,,Provisional/Provisoire,,
05EA006,2026-08-13T07:15:00Z,46,723.981,,,Provisional/Provisoire,,
05EA006,2026-08-13T07:20:00Z,46,723.977,,,Provisional/Provisoire,,
05EA006,2026-08-13T07:25:00Z,46,723.979,,,Provisional/Provisoire,,
05EA006,2026-08-13T07:30:00Z,46,723.973,,,Provisional/Provisoire,,
05EA006,2026-08-13T07:35:00Z,46,723.987,,,Provisional/Provisoire,,
05EA006,2026-08-13T07:40:00Z,46,723.977,,,Provisional/Provisoire,,
05EA006,2026-08-13T07:45:00Z,46,723.986,,,Provisional/Provisoire,,
05EA006,2026-08-13T07:50:00Z,46,723.988,,,Provisional/Provisoire,,
05EA006,2026-08-13T07:55:00Z,46,723.985,,,Provisional/Provisoire,,
05EA006,2026-08-13T08:00:00Z,46,723.986,,,Provisional/Provisoire,,
05EA006,2026-08-13T08:05:00Z,46,723.988,,,Provisional/Provisoire,,
05EA006,2026-08-13T08:10:00Z,46,723.993,,,Provisional/Provisoire,,
05EA006,2026-08-13T08:15:00Z,46,723.982,,,Provisional/Provisoire,,
05EA006,2026-08-13T08:20:00Z,46,723.990,,,Provisional/Provisoire,,
05EA006,2026-08-13T08:25:00Z,46,723.984,,,Provisional/Provisoire,,
05EA006,2026-08-13T08:30:00Z,46,723.990,,,Provisional/Provisoire,,
05EA006,2026-08-13T08:35:00Z,46,723.984,,,Provisional/Provisoire,,
05EA006,2026-08-13T08:40:00Z,46,723.998,,,Provisional/Provisoire,,
05EA006,2026-08-13T08:45:00Z,46,723.990,,,Provisional/Provisoire,,
05EA006,2026-08-13T08:50:00Z,46,723.998,,,Provisional/Provisoire,,
05EA006,2026-08-13T08:55:00Z,46,724.001,,,Provisional/Provisoire,,
05EA006,2026-08-13T09:00:00Z,46,724.001,,,Provisional/Provisoire,,
05EA006,2026-08-13T09:05:00Z,46,724.002,,,Provisional/Provisoire,,
05EA006,2026-08-13T09:10:00Z,46,724.004,,,Provisional/Provisoire,,
05EA006,2026-08-13T09:15:00Z,46,723.970,,,Provisional/Provisoire,,
05EA006,2026-08-13T09:20:00Z,46,723.964,,,Provisional/Provisoire,,
05EA006,2026-08-13T09:25:00Z,46,723.989,,,Provisional/Provisoire,,
05EA006,2026-08-13T09:30:00Z,46,723.989,,,Provisional/Provisoire,,
05EA006,2026-08-13T09:35:00Z,46,723.976,,,Provisional/Provisoire,,
05EA006,2026-08-13T09:40:00Z,46,723.982,,,Provisional/Provisoire,,
05EA006,2026-08-13T09:45:00Z,46,723.984,,,Provisional/Provisoire,,
05EA006,2026-08-13T09:50:00Z,46,723.976,,,Provisional/Provisoire,,
05EA006,2026-08-13T09:55:00Z,46,723.965,,,Provisional/Provisoire,,
05EA006,2026-08-13T10:00:00Z,46,723.965,,,Provisional/Provisoire,,
05EA006,2026-08-13T10:05:00Z,46,723.972,,,Provisional/Provisoire,,
05EA006,2026-08-13T10:10:00Z,46,723.976,,,Provisional/Provisoire,,
05EA006,2026-08-13T10:15:00Z,46,723.982,,,Provisional/Provisoire,,
05EA006,2026-08-13T10:20:00Z,46,723.977,,,Provisional/Provisoire,,
05EA006,2026-08-13T10:25:00Z,46,723.972,,,Provisional/Provisoire,,
05EA006,2026-08-13T10:30:00Z,46,723.972,,,Provisional/Provisoire,,
05EA006,2026-08-13T10:35:00Z,46,723.981,,,Provisional/Provisoire,,
05EA006,2026-08-13T10:40:00Z,46,723.965,,,Provisional/Provisoire,,
05EA006,2026-08-13T10:45:00Z,46,723.990,,,Provisional/Provisoire,,
05EA006,2026-08-13T10:50:00Z,46,723.998,,,Provisional/Provisoire,,
05EA006,2026-08-13T10:55:00Z,46,724.007,,,Provisional/Provisoire,,
05EA006,2026-08-13T11:00:00Z,46,724.004,,,Provisional/Provisoire,,
05EA006,2026-08-13T11:05:00Z,46,724.008,,,Provisional/Provisoire,,
05EA006,2026-08-13T11:10:00Z,46,724.002,,,Provisional/Provisoire,,
05EA006,2026-08-13T11:15:00Z,46,724.003,,,Provisional/Provisoire,,
05EA006,2026-08-13T11:20:00Z,46,724.006,,,Provisional/Provisoire,,
05EA006,2026-08-13T11:25:00Z,46,724.005,,,Provisional/Provisoire,,
05EA006,2026-08-13T11:30:00Z,46,724.013,,,Provisional/Provisoire,,
05EA006,2026-08-13T11:35:00Z,46,724.012,,,Provisional/Provisoire,,
05EA006,2026-08-13T11:40:00Z,46,724.007,,,Provisional/Provisoire,,
05EA006,2026-08-13T11:45:00Z,46,724.002,,,Provisional/Provisoire,,
05EA006,2026-08-13T11:50:00Z,46,724.000,,,Provisional/Provisoire,,
05EA006,2026-08-13T11:55:00Z,46,724.003,,,Provisional/Provisoire,,
05EA006,2026-08-13T12:00:00Z,46,723.997,,,Provisional/Provisoire,,
05EA006,2026-08-13T12:05:00Z,46,724.005,,,Provisional/Provisoire,,
05EA006,2026-08-13T12:10:00Z,46,723.997,,,Provisional/Provisoire,,
05EA006,2026-08-13T12:15:00Z,46,724.002,,,Provisional/Provisoire,,
05EA006,2026-08-13T12:20:00Z,46,724.003,,,Provisional/Provisoire,,
05EA006,2026-08-13T12:25:00Z,46,723.967,,,Provisional/Provisoire,,
05EA006,2026-08-13T12:30:00Z,46,723.999,,,Provisional/Provisoire,,
05EA006,2026-08-13T12:35:00Z,46,723.990,,,Provisional/Provisoire,,
05EA006,2026-08-13T12:40:00Z,46,723.997,,,Provisional/Provisoire,,
05EA006,2026-08-13T12:45:00Z,46,724.001,,,Provisional/Provisoire,,
05EA006,2026-08-13T12:50:00Z,46,724.001,,,Provisional/Provisoire,,
05EA006,2026-08-13T12:55:00Z,46,723.995,,,Provisional/Provisoire,,
05EA006,2026-08-13T13:00:00Z,46,723.997,,,Provisional/Provisoire,,
05EA006,2026-08-13T13:05:00Z,46,724.008,,,Provisional/Provisoire,,
05EA006,2026-08-13T13:10:00Z,46,724.003,,,Provisional/Provisoire,,
05EA006,2026-08-13T13:15:00Z,46,724.007,,,Provisional/Provisoire,,
05EA006,2026-08-13T13:20:00Z,46,724.002,,,Provisional/Provisoire,,
05EA006,2026-08-13T13:25:00Z,46,723.998,,,Provisional/Provisoire,,
05EA006,2026-08-13T13:30:00Z,46,723.997,,,Provisional/Provisoire,,
05EA006,2026-08-13T13:35:00Z,46,724.002,,,Provisional/Provisoire,,
05EA006,2026-08-13T13:40:00Z,46,724.000,,,Provisional/Provisoire,,
05EA006,2026-08-13T13:45:00Z,46,723.996,,,Provisional/Provisoire,,
05EA006,2026-08-13T13:50:00Z,46,723.993,,,Provisional/Provisoire,,
05EA006,2026-08-13T13:55:00Z,46,723.998,,,Provisional/Provisoire,,
05EA006,2026-08-13T14:00:00Z,46,723.997,,,Provisional/Provisoire,,
05EA006,2026-08-13T14:05:00Z,46,723.997,,,Provisional/Provisoire,,
05EA006,2026-08-13T14:10:00Z,46,724.009,,,Provisional/Provisoire,,
05EA006,2026-08-13T14:15:00Z,46,724.012,,,Provisional/Provisoire,,
05EA006,2026-08-13T14:20:00Z,46,724.016,,,Provisional/Provisoire,,
05EA006,2026-08-13T14:25:00Z,46,724.007,,,Provisional/Provisoire,,
05EA006,2026-08-13T14:30:00Z,46,724.002,,,Provisional/Provisoire,,
05EA006,2026-08-13T14:35:00Z,46,724.004,,,Provisional/Provisoire,,
05EA006,2026-08-13T14:40:00Z,46,724.004,,,Provisional/Provisoire,,
05EA006,2026-08-13T14:45:00Z,46,724.010,,,Provisional/Provisoire,,
05EA006,2026-08-13T14:50:00Z,46,724.021,,,Provisional/Provisoire,,
05EA006,2026-08-13T14:55:00Z,46,724.013,,,Provisional/Provisoire,,
05EA006,2026-08-13T15:00:00Z,46,724.008,,,Provisional/Provisoire,,
05EA006,2026-08-13T15:05:00Z,46,724.034,,,Provisional/Provisoire,,
05EA006,2026-08-13T15:10:00Z,46,724.030,,,Provisional/Provisoire,,
05EA006,2026-08-13T15:15:00Z,46,724.020,,,Provisional/Provisoire,,
05EA006,2026-08-13T15:20:00Z,46,724.018,,,Provisional/Provisoire,,
05EA006,2026-08-13T15:25:00Z,46,724.036,,,Provisional/Provisoire,,
05EA006,2026-08-13T15:30:00Z,46,724.032,,,Provisional/Provisoire,,
05EA006,2026-08-13T15:35:00Z,46,724.030,,,Provisional/Provisoire,,
05EA006,2026-08-13T15:40:00Z,46,724.013,,,Provisional/Provisoire,,
05EA006,2026-08-13T15:45:00Z,46,724.011,,,Provisional/Provisoire,,
05EA006,2026-08-13T15:50:00Z,46,724.025,,,Provisional/Provisoire,,
05EA006,2026-08-13T15:55:00Z,46,724.013,,,Provisional/Provisoire,,
05EA006,2026-08-13T16:00:00Z,46,724.018,,,Provisional/Provisoire,,
05EA006,2026-08-13T16:05:00Z,46,724.025,,,Provisional/Provisoire,,
05EA006,2026-08-13T16:10:00Z,46,724.022,,,Provisional/Provisoire,,
05EA006,2026-08-13T16:15:00Z,46,724.019,,,Provisional/Provisoire,,
05EA006,2026-08-13T16:20:00Z,46,724.019,,,Provisional/Provisoire,,
05EA006,2026-08-13T16:25:00Z,46,724.029,,,Provisional/Provisoire,,
05EA006,2026-08-13T16:30:00Z,46,724.021,,,Provisional/Provisoire,,
05EA006,2026-08-13T16:35:00Z,46,724.010,,,Provisional/Provisoire,,
05EA006,2026-08-13T16:40:00Z,46,724.027,,,Provisional/Provisoire,,
05EA006,2026-08-13T16:45:00Z,46,724.025,,,Provisional/Provisoire,,
05EA006,2026-08-13T16:50:00Z,46,724.031,,,Provisional/Provisoire,,
05EA006,2026-08-13T16:55:00Z,46,724.011,,,Provisional/Provisoire,,
05EA006,2026-08-13T17:00:00Z,46,724.030,,,Provisional/Provisoire,,
05EA006,2026-08-13T17:05:00Z,46,724.021,,,Provisional/Provisoire,,
05EA006,2026-08-13T17:10:00Z,46,724.014,,,Provisional/Provisoire,,
05EA006,2026-08-13T17:15:00Z,46,724.022,,,Provisional/Provisoire,,
05EA006,2026-08-13T17:20:00Z,46,724.028,,,Provisional/Provisoire,,
05EA006,2026-08-13T17:25:00Z,46,724.026,,,Provisional/Provisoire,,
05EA006,2026-08-13T17:30:00Z,46,724.020,,,Provisional/Provisoire,,
05EA006,2026-08-13T17:35:00Z,46,724.037,,,Provisional/Provisoire,,
05EA006,2026-08-13T17:40:00Z,46,724.012,,,Provisional/Provisoire,,
05EA006,2026-08-13T17:45:00Z,46,723.995,,,Provisional/Provisoire,,
05EA006,2026-08-13T17:50:00Z,46,724.006,,,Provisional/Provisoire,,
05EA006,2026-08-13T17:55:00Z,46,723.972,,,Provisional/Provisoire,,
05EA006,2026-08-13T18:00:00Z,46,723.976,,,Provisional/Provisoire,,
05EA006,2026-08-13T18:05:00Z,46,723.965,,,Provisional/Provisoire,,
05EA006,2026-08-13T18:10:00Z,46,723.967,,,Provisional/Provisoire,,
05EA006,2026-08-13T18:15:00Z,46,723.991,,,Provisional/Provisoire,,
05EA006,2026-08-13T18:20:00Z,46,723.988,,,Provisional/Provisoire,,
05EA006,2026-08-13T18:25:00Z,46,723.961,,,Provisional/Provisoire,,
05EA006,2026-08-13T18:30:00Z,46,723.977,,,Provisional/Provisoire,,
05EA006,2026-08-13T18:35:00Z,46,723.979,,,Provisional/Provisoire,,
05EA006,2026-08-13T18:40:00Z,46,723.968,,,Provisional/Provisoire,,
05EA006,2026-08-13T18:45:00Z,46,723.964,,,Provisional/Provisoire,,
05EA006,2026-08-13T18:50:00Z,46,723.984,,,Provisional/Provisoire,,
05EA006,2026-08-13T18:55:00Z,46,723.983,,,Provisional/Provisoire,,
05EA006,2026-08-13T19:00:00Z,46,723.973,,,Provisional/Provisoire,,
05EA006,2026-08-13T19:05:00Z,46,723.960,,,Provisional/Provisoire,,
05EA006,2026-08-13T19:10:00Z,46,724.002,,,Provisional/Provisoire,,
05EA006,2026-08-13T19:15:00Z,46,723.980,,,Provisional/Provisoire,,
05EA006,2026-08-13T19:20:00Z,46,723.974,,,Provisional/Provisoire,,
05EA006,2026-08-13T19:25:00Z,46,723.958,,,Provisional/Provisoire,,
05EA006,2026-08-13T19:30:00Z,46,723.987,,,Provisional/Provisoire,,
05EA006,2026-08-13T19:35:00Z,46,723.991,,,Provisional/Provisoire,,
05EA006,2026-08-13T19:40:00Z,46,723.959,,,Provisional/Provisoire,,
05EA006,2026-08-13T19:45:00Z,46,723.953,,,Provisional/Provisoire,,
05EA006,2026-08-13T19:50:00Z,46,723.993,,,Provisional/Provisoire,,
05EA006,2026-08-13T19:55:00Z,46,724.010,,,Provisional/Provisoire,,
05EA006,2026-08-13T20:00:00Z,46,724.024,,,Provisional/Provisoire,,
05EA006,2026-08-13T20:05:00Z,46,724.035,,,Provisional/Provisoire,,
05EA006,2026-08-13T20:10:00Z,46,724.018,,,Provisional/Provisoire,,
05EA006,2026-08-13T20:15:00Z,46,724.025,,,Provisional/Provisoire,,
05EA006,2026-08-13T20:20:00Z,46,724.020,,,Provisional/Provisoire,,
05EA006,2026-08-13T20:25:00Z,46,724.037,,,Provisional/Provisoire,,
05EA006,2026-08-13T20:30:00Z,46,724.037,,,Provisional/Provisoire,,
05EA006,2026-08-13T20:35:00Z,46,724.026,,,Provisional/Provisoire,,
05EA006,2026-08-13T20:40:00Z,46,724.036,,,Provisional/Provisoire,,
05EA006,2026-08-13T20:45:00Z,46,724.028,,,Provisional/Provisoire,,
05EA006,2026-08-13T20:50:00Z,46,724.026,,,Provisional/Provisoire,,
05EA006,2026-08-13T20:55:00Z,46,724.021,,,Provisional/Provisoire,,
05EA006,2026-08-13T21:00:00Z,46,724.032,,,Provisional/Provisoire,,
05EA006,2026-08-13T21:05:00Z,46,724.029,,,Provisional/Provisoire,,
05EA006,2026-08-13T21:10:00Z,46,724.033,,,Provisional/Provisoire,,
05EA006,2026-08-13T21:15:00Z,46,724.044,,,Provisional/Provisoire,,
05EA006,2026-08-13T21:20:00Z,46,724.035,,,Provisional/Provisoire,,
05EA006,2026-08-13T21:25:00Z,46,724.029,,,Provisional/Provisoire,,
05EA006,2026-08-13T21:30:00Z,46,724.038,,,Provisional/Provisoire,,
05EA006,2026-08-13T21:35:00Z,46,724.007,,,Provisional/Provisoire,,
05EA006,2026-08-13T21:40:00Z,46,723.984,,,Provisional/Provisoire,,
05EA006,2026-08-13T21:45:00Z,46,723.982,,,Provisional/Provisoire,,
05EA006,2026-08-13T21:50:00Z,46,723.970,,,Provisional/Provisoire,,
05EA006,2026-08-13T21:55:00Z,46,723.967,,,Provisional/Provisoire,,
05EA006,2026-08-13T22:00:00Z,46,724.025,,,Provisional/Provisoire,,
05EA006,2026-08-13T22:05:00Z,46,724.023,,,Provisional/Provisoire,,
05EA006,2026-08-13T22:10:00Z,46,724.019,,,Provisional/Provisoire,,
05EA006,2026-08-13T22:15:00Z,46,724.045,,,Provisional/Provisoire,,
05EA006,2026-08-13T22:20:00Z,46,724.034,,,Provisional/Provisoire,,
05EA006,2026-08-13T22:25:00Z,46,724.038,,,Provisional/Provisoire,,
05EA006,2026-08-13T22:30:00Z,46,724.033,,,Provisional/Provisoire,,
05EA006,2026-08-13T22:35:00Z,46,724.032,,,Provisional/Provisoire,,
05EA006,2026-08-13T22:40:00Z,46,724.050,,,Provisional/Provisoire,,
05EA006,2026-08-13T22:45:00Z,46,724.058,,,Provisional/Provisoire,,
05EA006,2026-08-13T22:50:00Z,46,724.047,,,Provisional/Provisoire,,
05EA006,2026-08-13T22:55:00Z,46,724.052,,,Provisional/Provisoire,,
05EA006,2026-08-13T23:00:00Z,46,724.039,,,Provisional/Provisoire,,
05EA006,2026-08-13T23:05:00Z,46,724.043,,,Provisional/Provisoire,,
05EA006,2026-08-13T23:10:00Z,46,724.044,,,Provisional/Provisoire,,
05EA006,2026-08-13T23:15:00Z,46,724.044,,,Provisional/Provisoire,,
05EA006,2026-08-13T23:20:00Z,46,724.036,,,Provisional/Provisoire,,
05EA006,2026-08-13T23:25:00Z,46,724.033,,,Provisional/Provisoire,,
05EA006,2026-08-13T23:30:00Z,46,724.027,,,Provisional/Provisoire,,
05EA006,2026-08-13T23:35:00Z,46,724.021,,,Provisional/Provisoire,,
05EA006,2026-08-13T23:40:00Z,46,724.035,,,Provisional/Provisoire,,
05EA006,2026-08-13T23:45:00Z,46,724.028,,,Provisional/Provisoire,,
05EA006,2026-08-13T23:50:00Z,46,724.032,,,Provisional/Provisoire,,
05EA006,2026-08-13T23:55:00Z,46,724.043,,,Provisional/Provisoire,,
05EA006,2026-08-14T00:00:00Z,46,724.032,,,Provisional/Provisoire,,
05EA006,2026-08-14T00:05:00Z,46,724.022,,,Provisional/Provisoire,,
05EA006,2026-08-14T00:10:00Z,46,724.031,,,Provisional/Provisoire,,
05EA006,2026-08-14T00:15:00Z,46,724.035,,,Provisional/Provisoire,,
05EA006,2026-08-14T00:20:00Z,46,724.042,,,Provisional/Provisoire,,
05EA006,2026-08-14T00:25:00Z,46,724.058,,,Provisional/Provisoire,,
05EA006,2026-08-14T00:30:00Z,46,724.033,,,Provisional/Provisoire,,
05EA006,2026-08-14T00:35:00Z,46,724.012,,,Provisional/Provisoire,,
05EA006,2026-08-14T00:40:00Z,46,724.026,,,Provisional/Provisoire,,
05EA006,2026-08-14T00:45:00Z,46,724.000,,,Provisional/Provisoire,,
05EA006,2026-08-14T00:50:00Z,46,724.039,,,Provisional/Provisoire,,
05EA006,2026-08-14T00:55:00Z,46,724.047,,,Provisional/Provisoire,,
05EA006,2026-08-14T01:00:00Z,46,724.042,,,Provisional/Provisoire,,
05EA006,2026-08-14T01:05:00Z,46,724.026,,,Provisional/Provisoire,,
05EA006,2026-08-14T01:10:00Z,46,724.006,,,Provisional/Provisoire,,
05EA006,2026-08-14T01:15:00Z,46,724.057,,,Provisional/Provisoire,,
05EA006,2026-08-14T01:20:00Z,46,724.043,,,Provisional/Provisoire,,
05EA006,2026-08-14T01:25:00Z,46,724.041,,,Provisional/Provisoire,,
05EA006,2026-08-14T01:30:00Z,46,724.027,,,Provisional/Provisoire,,
05EA006,2026-08-14T01:35:00Z,46,724.029,,,Provisional/Provisoire,,
05EA006,2026-08-14T01:40:00Z,46,724.013,,,Provisional/Provisoire,,
05EA006,2026-08-14T01:45:00Z,46,724.001,,,Provisional/Provisoire,,
05EA006,2026-08-14T01:50:00Z,46,724.015,,,Provisional/Provisoire,,
05EA006,2026-08-14T01:55:00Z,46,723.998,,,Provisional/Provisoire,,
05EA006,2026-08-14T02:00:00Z,46,723.998,,,Provisional/Provisoire,,
05EA006,2026-08-14T02:05:00Z,46,724.039,,,Provisional/Provisoire,,
05EA006,2026-08-14T02:10:00Z,46,724.046,,,Provisional/Provisoire,,
05EA006,2026-08-14T02:15:00Z,46,724.054,,,Provisional/Provisoire,,
05EA006,2026-08-14T02:20:00Z,46,724.034,,,Provisional/Provisoire,,
05EA006,2026-08-14T02:25:00Z,46,724.038,,,Provisional/Provisoire,,
05EA006,2026-08-14T02:30:00Z,46,724.036,,,Provisional/Provisoire,,
05EA006,2026-08-14T02:35:00Z,46,724.015,,,Provisional/Provisoire,,
05EA006,2026-08-14T02:40:00Z,46,724.016,,,Provisional/Provisoire,,
05EA006,2026-08-14T02:45:00Z,46,724.020,,,Provisional/Provisoire,,
05EA006,2026-08-14T02:50:00Z,46,724.015,,,Provisional/Provisoire,,
05EA006,2026-08-14T02:55:00Z,46,724.009,,,Provisional/Provisoire,,
05EA006,2026-08-14T03:00:00Z,46,724.009,,,Provisional/Provisoire,,
05EA006,2026-08-14T03:05:00Z,46,724.017,,,Provisional/Provisoire,,
05EA006,2026-08-14T03:10:00Z,46,724.002,,,Provisional/Provisoire,,
05EA006,2026-08-14T03:15:00Z,46,724.007,,,Provisional/Provisoire,,
05EA006,2026-08-14T03:20:00Z,46,724.007,,,Provisional/Provisoire,,
05EA006,2026-08-14T03:25:00Z,46,723.992,,,Provisional/Provisoire,,
05EA006,2026-08-14T03:30:00Z,46,724.001,,,Provisional/Provisoire,,
05EA006,2026-08-14T03:35:00Z,46,723.990,,,Provisional/Provisoire,,
05EA006,2026-08-14T03:40:00Z,46,724.013,,,Provisional/Provisoire,,
05EA006,2026-08-14T03:45:00Z,46,724.009,,,Provisional/Provisoire,,
05EA006,2026-08-14T03:50:00Z,46,723.982,,,Provisional/Provisoire,,
05EA006,2026-08-14T03:55:00Z,46,724.017,,,Provisional/Provisoire,,
05EA006,2026-08-14T04:00:00Z,46,724.032,,,Provisional/Provisoire,,
05EA006,2026-08-14T04:05:00Z,46,724.039,,,Provisional/Provisoire,,
05EA006,2026-08-14T04:10:00Z,46,724.047,,,Provisional/Provisoire,,
05EA006,2026-08-14T04:15:00Z,46,724.042,,,Provisional/Provisoire,,
05EA006,2026-08-14T04:20:00Z,46,724.050,,,Provisional/Provisoire,,
05EA006,2026-08-14T04:25:00Z,46,724.046,,,Provisional/Provisoire,,
05EA006,2026-08-14T04:30:00Z,46,724.045,,,Provisional/Provisoire,,
05EA006,2026-08-14T04:35:00Z,46,724.046,,,Provisional/Provisoire,,
05EA006,2026-08-14T04:40:00Z,46,724.041,,,Provisional/Provisoire,,
05EA006,2026-08-14T04:45:00Z,46,724.042,,,Provisional/Provisoire,,
05EA006,2026-08-14T04:50:00Z,46,724.022,,,Provisional/Provisoire,,
05EA006,2026-08-14T04:55:00Z,46,724.036,,,Provisional/Provisoire,,
05EA006,2026-08-14T05:00:00Z,46,724.034,,,Provisional/Provisoire,,
05EA006,2026-08-14T05:05:00Z,46,724.029,,,Provisional/Provisoire,,
05EA006,2026-08-14T05:10:00Z,46,724.033,,,Provisional/Provisoire,,
05EA006,2026-08-14T05:15:00Z,46,724.036,,,Provisional/Provisoire,,
05EA006,2026-08-14T05:20:00Z,46,724.049,,,Provisional/Provisoire,,
05EA006,2026-08-14T05:25:00Z,46,724.053,,,Provisional/Provisoire,,
05EA006,2026-08-14T05:30:00Z,46,724.033,,,Provisional/Provisoire,,
05EA006,2026-08-14T05:35:00Z,46,724.034,,,Provisional/Provisoire,,
05EA006,2026-08-14T05:40:00Z,46,724.025,,,Provisional/Provisoire,,
05EA006,2026-08-14T05:45:00Z,46,724.021,,,Provisional/Provisoire,,
05EA006,2026-08-14T05:50:00Z,46,724.035,,,Provisional/Provisoire,,
05EA006,2026-08-14T05:55:00Z,46,724.037,,,Provisional/Provisoire,,
05EA006,2026-08-14T06:00:00Z,46,724.059,,,Provisional/Provisoire,,
05EA006,2026-08-14T06:05:00Z,46,724.065,,,Provisional/Provisoire,,
05EA006,2026-08-14T06:10:00Z,46,724.068,,,Provisional/Provisoire,,
05EA006,2026-08-14T06:15:00Z,46,724.063,,,Provisional/Provisoire,,
05EA006,2026-08-14T06:20:00Z,46,724.065,,,Provisional/Provisoire,,
05EA006,2026-08-14T06:25:00Z,46,724.065,,,Provisional/Provisoire,,
05EA006,2026-08-14T06:30:00Z,46,724.065,,,Provisional/Provisoire,,
05EA006,2026-08-14T06:35:00Z,46,724.062,,,Provisional/Provisoire,,
05EA006,2026-08-14T06:40:00Z,46,724.061,,,Provisional/Provisoire,,
05EA006,2026-08-14T06:45:00Z,46,724.068,,,Provisional/Provisoire,,
05EA006,2026-08-14T06:50:00Z,46,724.060,,,Provisional/Provisoire,,
05EA006,2026-08-14T06:55:00Z,46,724.060,,,Provisional/Provisoire,,
05EA006,2026-08-14T07:00:00Z,46,724.055,,,Provisional/Provisoire,,
05EA006,2026-08-14T07:05:00Z,46,724.044,,,Provisional/Provisoire,,
05EA006,2026-08-14T07:10:00Z,46,724.051,,,Provisional/Provisoire,,
05EA006,2026-08-14T07:15:00Z,46,724.031,,,Provisional/Provisoire,,
05EA006,2026-08-14T07:20:00Z,46,724.054,,,Provisional/Provisoire,,
05EA006,2026-08-14T07:25:00Z,46,724.046,,,Provisional/Provisoire,,
05EA006,2026-08-14T07:30:00Z,46,724.026,,,Provisional/Provisoire,,
05EA006,2026-08-14T07:35:00Z,46,724.036,,,Provisional/Provisoire,,
05EA006,2026-08-14T07:40:00Z,46,724.025,,,Provisional/Provisoire,,
05EA006,2026-08-14T07:45:00Z,46,724.020,,,Provisional/Provisoire,,
05EA006,2026-08-14T07:50:00Z,46,724.016,,,Provisional/Provisoire,,
05EA006,2026-08-14T07:55:00Z,46,724.012,,,Provisional/Provisoire,,
05EA006,2026-08-14T08:00:00Z,46,724.019,,,Provisional/Provisoire,,
05EA006,2026-08-14T08:05:00Z,46,724.018,,,Provisional/Provisoire,,
05EA006,2026-08-14T08:10:00Z,46,724.027,,,Provisional/Provisoire,,
05EA006,2026-08-14T08:15:00Z,46,724.040,,,Provisional/Provisoire,,
05EA006,2026-08-14T08:20:00Z,46,724.006,,,Provisional/Provisoire,,
05EA006,2026-08-14T08:25:00Z,46,724.017,,,Provisional/Provisoire,,
05EA006,2026-08-14T08:30:00Z,46,724.014,,,Provisional/Provisoire,,
05EA006,2026-08-14T08:35:00Z,46,724.002,,,Provisional/Provisoire,,
05EA006,2026-08-14T08:40:00Z,46,724.022,,,Provisional/Provisoire,,
05EA006,2026-08-14T08:45:00Z,46,724.020,,,Provisional/Provisoire,,
05EA006,2026-08-14T08:50:00Z,46,724.040,,,Provisional/Provisoire,,
05EA006,2026-08-14T08:55:00Z,46,724.045,,,Provisional/Provisoire,,
05EA006,2026-08-14T09:00:00Z,46,724.063,,,Provisional/Provisoire,,
05EA006,2026-08-14T09:05:00Z,46,724.059,,,Provisional/Provisoire,,
05EA006,2026-08-14T09:10:00Z,46,724.065,,,Provisional/Provisoire,,
05EA006,2026-08-14T09:15:00Z,46,724.061,,,Provisional/Provisoire,,
05EA006,2026-08-14T09:20:00Z,46,724.052,,,Provisional/Provisoire,,
05EA006,2026-08-14T09:25:00Z,46,724.055,,,Provisional/Provisoire,,
05EA006,2026-08-14T09:30:00Z,46,724.066,,,Provisional/Provisoire,,
05EA006,2026-08-14T09:35:00Z,46,724.069,,,Provisional/Provisoire,,
05EA006,2026-08-14T09:40:00Z,46,724.075,,,Provisional/Provisoire,,
05EA006,2026-08-14T09:45:00Z,46,724.075,,,Provisional/Provisoire,,
05EA006,2026-08-14T09:50:00Z,46,724.058,,,Provisional/Provisoire,,
05EA006,2026-08-14T09:55:00Z,46,724.052,,,Provisional/Provisoire,,
05EA006,2026-08-14T10:00:00Z,46,724.058,,,Provisional/Provisoire,,
05EA006,2026-08-14T10:05:00Z,46,724.062,,,Provisional/Provisoire,,
05EA006,2026-08-14T10:10:00Z,46,724.062,,,Provisional/Provisoire,,
05EA006,2026-08-14T10:15:00Z,46,724.061,,,Provisional/Provisoire,,
05EA006,2026-08-14T10:20:00Z,46,724.048,,,Provisional/Provisoire,,
05EA006,2026-08-14T10:25:00Z,46,724.042,,,Provisional/Provisoire,,
05EA006,2026-08-14T10:30:00Z,46,724.060,,,Provisional/Provisoire,,
05EA006,2026-08-14T10:35:00Z,46,724.041,,,Provisional/Provisoire,,
05EA006,2026-08-14T10:40:00Z,46,724.049,,,Provisional/Provisoire,,
05EA006,2026-08-14T10:45:00Z,46,724.049,,,Provisional/Provisoire,,
05EA006,2026-08-14T10:50:00Z,46,724.069,,,Provisional/Provisoire,,
05EA006,2026-08-14T10:55:00Z,46,724.067,,,Provisional/Provisoire,,
05EA006,2026-08-14T11:00:00Z,46,724.062,,,Provisional/Provisoire,,
05EA006,2026-08-14T11:05:00Z,46,724.057,,,Provisional/Provisoire,,
05EA006,2026-08-14T11:10:00Z,46,724.053,,,Provisional/Provisoire,,
05EA006,2026-08-14T11:15:00Z,46,724.056,,,Provisional/Provisoire,,
05EA006,2026-08-14T11:20:00Z,46,724.059,,,Provisional/Provisoire,,
05EA006,2026-08-14T11:25:00Z,46,724.059,,,Provisional/Provisoire,,
05EA006,2026-08-14T11:30:00Z,46,724.029,,,Provisional/Provisoire,,
05EA006,2026-08-14T11:35:00Z,46,724.050,,,Provisional/Provisoire,,
05EA006,2026-08-14T11:40:00Z,46,724.001,,,Provisional/Provisoire,,
05EA006,2026-08-14T11:45:00Z,46,724.004,,,Provisional/Provisoire,,
05EA006,2026-08-14T11:50:00Z,46,724.059,,,Provisional/Provisoire,,
05EA006,2026-08-14T11:55:00Z,46,724.028,,,Provisional/Provisoire,,
05EA006,2026-08-14T12:00:00Z,46,724.052,,,Provisional/Provisoire,,
05EA006,2026-08-14T12:05:00Z,46,724.050,,,Provisional/Provisoire,,
05EA006,2026-08-14T12:10:00Z,46,724.003,,,Provisional/Provisoire,,
05EA006,2026-08-14T12:15:00Z,46,724.078,,,Provisional/Provisoire,,
05EA006,2026-08-14T12:20:00Z,46,724.085,,,Provisional/Provisoire,,
05EA006,2026-08-14T12:25:00Z,46,724.083,,,Provisional/Provisoire,,
05EA006,2026-08-14T12:30:00Z,46,724.067,,,Provisional/Provisoire,,
05EA006,2026-08-14T12:35:00Z,46,724.076,,,Provisional/Provisoire,,
05EA006,2026-08-14T12:40:00Z,46,724.080,,,Provisional/Provisoire,,
05EA006,2026-08-14T12:45:00Z,46,724.078,,,Provisional/Provisoire,,
05EA006,2026-08-14T12:50:00Z,46,724.041,,,Provisional/Provisoire,,
05EA006,2026-08-14T12:55:00Z,46,724.073,,,Provisional/Provisoire,,
05EA006,2026-08-14T13:00:00Z,46,724.075,,,Provisional/Provisoire,,
05EA006,2026-08-14T13:05:00Z,46,724.081,,,Provisional/Provisoire,,
05EA006,2026-08-14T13:10:00Z,46,724.078,,,Provisional/Provisoire,,
05EA006,2026-08-14T13:15:00Z,46,724.084,,,Provisional/Provisoire,,
05EA006,2026-08-14T13:20:00Z,46,724.079,,,Provisional/Provisoire,,
05EA006,2026-08-14T13:25:00Z,46,724.081,,,Provisional/Provisoire,,
05EA006,2026-08-14T13:30:00Z,46,724.080,,,Provisional/Provisoire,,
05EA006,2026-08-14T13:35:00Z,46,724.082,,,Provisional/Provisoire,,
05EA006,2026-08-14T13:40:00Z,46,724.077,,,Provisional/Provisoire,,
05EA006,2026-08-14T13:45:00Z,46,724.068,,,Provisional/Provisoire,,
05EA006,2026-08-14T13:50:00Z,46,724.081,,,Provisional/Provisoire,,
05EA006,2026-08-14T13:55:00Z,46,724.076,,,Provisional/Provisoire,,
05EA006,2026-08-14T14:00:00Z,46,724.075,,,Provisional/Provisoire,,
05EA006,2026-08-14T14:05:00Z,46,724.087,,,Provisional/Provisoire,,
05EA006,2026-08-14T14:10:00Z,46,724.068,,,Provisional/Provisoire,,
05EA006,2026-08-14T14:15:00Z,46,724.072,,,Provisional/Provisoire,,
05EA006,2026-08-14T14:20:00Z,46,724.068,,,Provisional/Provisoire,,
05EA006,2026-08-14T14:25:00Z,46,724.068,,,Provisional/Provisoire,,
05EA006,2026-08-14T14:30:00Z,46,724.068,,,Provisional/Provisoire,,
05EA006,2026-08-14T14:35:00Z,46,724.060,,,Provisional/Provisoire,,
05EA006,2026-08-14T14:40:00Z,46,724.063,,,Provisional/Provisoire,,
05EA006,2026-08-14T14:45:00Z,46,724.062,,,Provisional/Provisoire,,
05EA006,2026-08-14T14:50:00Z,46,724.062,,,Provisional/Provisoire,,
05EA006,2026-08-14T14:55:00Z,46,724.055,,,Provisional/Provisoire,,
05EA006,2026-08-14T15:00:00Z,46,724.070,,,Provisional/Provisoire,,
05EA006,2026-08-14T15:05:00Z,46,724.064,,,Provisional/Provisoire,,
05EA006,2026-08-14T15:10:00Z,46,724.062,,,Provisional/Provisoire,,
05EA006,2026-08-14T15:15:00Z,46,724.079,,,Provisional/Provisoire,,
05EA006,2026-08-14T15:20:00Z,46,724.072,,,Provisional/Provisoire,,
05EA006,2026-08-14T15:25:00Z,46,724.020,,,Provisional/Provisoire,,
05EA006,2026-08-14T15:30:00Z,46,724.019,,,Provisional/Provisoire,,
05EA006,2026-08-14T15:35:00Z,46,724.024,,,Provisional/Provisoire,,
05EA006,2026-08-14T15:40:00Z,46,724.053,,,Provisional/Provisoire,,
05EA006,2026-08-14T15:45:00Z,46,724.041,,,Provisional/Provisoire,,
05EA006,2026-08-14T15:50:00Z,46,724.048,,,Provisional/Provisoire,,
05EA006,2026-08-14T15:55:00Z,46,724.042,,,Provisional/Provisoire,,
05EA006,2026-08-14T16:00:00Z,46,724.054,,,Provisional/Provisoire,,
05EA006,2026-08-14T16:05:00Z,46,724.029,,,Provisional/Provisoire,,
05EA006,2026-08-14T16:10:00Z,46,724.101,,,Provisional/Provisoire,,
05EA006,2026-08-14T16:15:00Z,46,724.077,,,Provisional/Provisoire,,
05EA006,2026-08-14T16:20:00Z,46,724.066,,,Provisional/Provisoire,,
05EA006,2026-08-14T16:25:00Z,46,724.085,,,Provisional/Provisoire,,
05EA006,2026-08-14T16:30:00Z,46,724.094,,,Provisional/Provisoire,,
05EA006,2026-08-14T16:35:00Z,46,724.050,,,Provisional/Provisoire,,
05EA006,2026-08-14T16:40:00Z,46,724.041,,,Provisional/Provisoire,,
05EA006,2026-08-14T16:45:00Z,46,724.096,,,Provisional/Provisoire,,
05EA006,2026-08-14T16:50:00Z,46,724.092,,,Provisional/Provisoire,,
05EA006,2026-08-14T16:55:00Z,46,724.075,,,Provisional/Provisoire,,
05EA006,2026-08-14T17:00:00Z,46,724.108,,,Provisional/Provisoire,,
05EA006,2026-08-14T17:05:00Z,46,724.099,,,Provisional/Provisoire,,
05EA006,2026-08-14T17:10:00Z,46,724.081,,,Provisional/Provisoire,,
05EA006,2026-08-14T17:15:00Z,46,724.019,,,Provisional/Provisoire,,
05EA006,2026-08-14T17:20:00Z,46,724.086,,,Provisional/Provisoire,,
05EA006,2026-08-14T17:25:00Z,46,724.069,,,Provisional/Provisoire,,
05EA006,2026-08-14T17:30:00Z,46,724.071,,,Provisional/Provisoire,,
05EA006,2026-08-14T17:35:00Z,46,724.003,,,Provisional/Provisoire,,
05EA006,2026-08-14T17:40:00Z,46,724.090,,,Provisional/Provisoire,,
05EA006,2026-08-14T17:45:00Z,46,724.070,,,Provisional/Provisoire,,
05EA006,2026-08-14T17:50:00Z,46,724.064,,,Provisional/Provisoire,,
05EA006,2026-08-14T17:55:00Z,46,724.039,,,Provisional/Provisoire,,
05EA006,2026-08-14T18:00:00Z,46,724.093,,,Provisional/Provisoire,,
05EA006,2026-08-14T18:05:00Z,46,724.075,,,Provisional/Provisoire,,
05EA006,2026-08-14T18:10:00Z,46,724.057,,,Provisional/Provisoire,,
05EA006,2026-08-14T18:15:00Z,46,724.026,,,Provisional/Provisoire,,
05EA006,2026-08-14T18:20:00Z,46,724.084,,,Provisional/Provisoire,,
05EA006,2026-08-14T18:25:00Z,46,724.027,,,Provisional/Provisoire,,
05EA006,2026-08-14T18:30:00Z,46,724.050,,,Provisional/Provisoire,,
05EA006,2026-08-14T18:35:00Z,46,724.034,,,Provisional/Provisoire,,
05EA006,2026-08-14T18:40:00Z,46,724.081,,,Provisional/Provisoire,,
05EA006,2026-08-14T18:45:00Z,46,724.055,,,Provisional/Provisoire,,
05EA006,2026-08-14T18:50:00Z,46,724.020,,,Provisional/Provisoire,,
05EA006,2026-08-14T18:55:00Z,46,723.989,,,Provisional/Provisoire,,
05EA006,2026-08-14T19:00:00Z,46,724.049,,,Provisional/Provisoire,,
05EA006,2026-08-14T19:05:00Z,46,724.038,,,Provisional/Provisoire,,
05EA006,2026-08-14T19:10:00Z,46,724.006,,,Provisional/Provisoire,,
05EA006,2026-08-14T19:15:00Z,46,724.017,,,Provisional/Provisoire,,
05EA006,2026-08-14T19:20:00Z,46,724.040,,,Provisional/Provisoire,,
05EA006,2026-08-14T19:25:00Z,46,724.023,,,Provisional/Provisoire,,
05EA006,2026-08-14T19:30:00Z,46,724.018,,,Provisional/Provisoire,,
05EA006,2026-08-14T19:35:00Z,46,724.011,,,Provisional/Provisoire,,
05EA006,2026-08-14T19:40:00Z,46,724.005,,,Provisional/Provisoire,,
05EA006,2026-08-14T19:45:00Z,46,723.984,,,Provisional/Provisoire,,
05EA006,2026-08-14T19:50:00Z,46,723.995,,,Provisional/Provisoire,,
05EA006,2026-08-14T19:55:00Z,46,723.995,,,Provisional/Provisoire,,
05EA006,2026-08-14T20:00:00Z,46,724.048,,,Provisional/Provisoire,,
05EA006,2026-08-14T20:05:00Z,46,724.069,,,Provisional/Provisoire,,
05EA006,2026-08-14T20:10:00Z,46,724.046,,,Provisional/Provisoire,,
05EA006,2026-08-14T20:15:00Z,46,724.059,,,Provisional/Provisoire,,
05EA006,2026-08-14T20:20:00Z,46,724.043,,,Provisional/Provisoire,,
05EA006,2026-08-14T20:25:00Z,46,724.030,,,Provisional/Provisoire,,
05EA006,2026-08-14T20:30:00Z,46,724.037,,,Provisional/Provisoire,,
05EA006,2026-08-14T20:35:00Z,46,724.034,,,Provisional/Provisoire,,
05EA006,2026-08-14T20:40:00Z,46,724.025,,,Provisional/Provisoire,,
05EA006,2026-08-14T20:45:00Z,46,724.015,,,Provisional/Provisoire,,
05EA006,2026-08-14T20:50:00Z,46,724.011,,,Provisional/Provisoire,,
05EA006,2026-08-14T20:55:00Z,46,723.994,,,Provisional/Provisoire,,
05EA006,2026-08-14T21:00:00Z,46,723.985,,,Provisional/Provisoire,,
05EA006,2026-08-14T21:05:00Z,46,724.001,,,Provisional/Provisoire,,
05EA006,2026-08-14T21:10:00Z,46,724.029,,,Provisional/Provisoire,,
05EA006,2026-08-14T21:15:00Z,46,724.044,,,Provisional/Provisoire,,
05EA006,2026-08-14T21:20:00Z,46,724.054,,,Provisional/Provisoire,,
05EA006,2026-08-14T21:25:00Z,46,724.057,,,Provisional/Provisoire,,
05EA006,2026-08-14T21:30:00Z,46,724.015,,,Provisional/Provisoire,,
05EA006,2026-08-14T21:35:00Z,46,724.053,,,Provisional/Provisoire,,
05EA006,2026-08-14T21:40:00Z,46,724.042,,,Provisional/Provisoire,,
05EA006,2026-08-14T21:45:00Z,46,724.021,,,Provisional/Provisoire,,
05EA006,2026-08-14T21:50:00Z,46,724.032,,,Provisional/Provisoire,,
05EA006,2026-08-14T21:55:00Z,46,724.002,,,Provisional/Provisoire,,
05EA006,2026-08-14T22:00:00Z,46,723.989,,,Provisional/Provisoire,,
05EA006,2026-08-14T22:05:00Z,46,723.980,,,Provisional/Provisoire,,
05EA006,2026-08-14T22:10:00Z,46,723.969,,,Provisional/Provisoire,,
05EA006,2026-08-14T22:15:00Z,46,724.032,,,Provisional/Provisoire,,
05EA006,2026-08-14T22:20:00Z,46,724.041,,,Provisional/Provisoire,,
05EA006,2026-08-14T22:25:00Z,46,724.044,,,Provisional/Provisoire,,
05EA006,2026-08-14T22:30:00Z,46,724.036,,,Provisional/Provisoire,,
05EA006,2026-08-14T22:35:00Z,46,724.029,,,Provisional/Provisoire,,
05EA006,2026-08-14T22:40:00Z,46,724.014,,,Provisional/Provisoire,,
05EA006,2026-08-14T22:45:00Z,46,723.992,,,Provisional/Provisoire,,
05EA006,2026-08-14T22:50:00Z,46,723.986,,,Provisional/Provisoire,,
05EA006,2026-08-14T22:55:00Z,46,723.977,,,Provisional/Provisoire,,
05EA006,2026-08-14T23:00:00Z,46,723.968,,,Provisional/Provisoire,,
05EA006,2026-08-14T23:05:00Z,46,723.970,,,Provisional/Provisoire,,
05EA006,2026-08-14T23:10:00Z,46,724.019,,,Provisional/Provisoire,,
05EA006,2026-08-14T23:15:00Z,46,724.032,,,Provisional/Provisoire,,
05EA006,2026-08-14T23:20:00Z,46,724.029,,,Provisional/Provisoire,,
05EA006,2026-08-14T23:25:00Z,46,724.023,,,Provisional/Provisoire,,
05EA006,2026-08-14T23:30:00Z,46,724.018,,,Provisional/Provisoire,,
05EA006,2026-08-14T23:35:00Z,46,724.008,,,Provisional/Provisoire,,
05EA006,2026-08-14T23:40:00Z,46,724.001,,,Provisional/Provisoire,,
05EA006,2026-08-14T23:45:00Z,46,723.974,,,Provisional/Provisoire,,
05EA006,2026-08-14T23:50:00Z,46,723.981,,,Provisional/Provisoire,,
05EA006,2026-08-14T23:55:00Z,46,723.978,,,Provisional/Provisoire,,
05EA006,2026-08-15T00:00:00Z,46,723.994,,,Provisional/Provisoire,,
05EA006,2026-08-15T00:05:00Z,46,724.024,,,Provisional/Provisoire,,
05EA006,2026-08-15T00:10:00Z,46,724.030,,,Provisional/Provisoire,,
05EA006,2026-08-15T00:15:00Z,46,724.030,,,Provisional/Provisoire,,
05EA006,2026-08-15T00:20:00Z,46,724.023,,,Provisional/Provisoire,,
05EA006,2026-08-15T00:25:00Z,46,724.019,,,Provisional/Provisoire,,
05EA006,2026-08-15T00:30:00Z,46,724.008,,,Provisional/Provisoire,,
05EA006,2026-08-15T00:35:00Z,46,724.003,,,Provisional/Provisoire,,
05EA006,2026-08-15T00:40:00Z,46,723.992,,,Provisional/Provisoire,,
05EA006,2026-08-15T00:45:00Z,46,723.975,,,Provisional/Provisoire,,
05EA006,2026-08-15T00:50:00Z,46,723.961,,,Provisional/Provisoire,,
05EA006,2026-08-15T00:55:00Z,46,723.988,,,Provisional/Provisoire,,
05EA006,2026-08-15T01:00:00Z,46,724.003,,,Provisional/Provisoire,,
05EA006,2026-08-15T01:05:00Z,46,724.016,,,Provisional/Provisoire,,
05EA006,2026-08-15T01:10:00Z,46,724.018,,,Provisional/Provisoire,,
05EA006,2026-08-15T01:15:00Z,46,724.015,,,Provisional/Provisoire,,
05EA006,2026-08-15T01:20:00Z,46,724.015,,,Provisional/Provisoire,,
05EA006,2026-08-15T01:25:00Z,46,724.009,,,Provisional/Provisoire,,
05EA006,2026-08-15T01:30:00Z,46,724.002,,,Provisional/Provisoire,,
05EA006,2026-08-15T01:35:00Z,46,723.996,,,Provisional/Provisoire,,
05EA006,2026-08-15T01:40:00Z,46,723.994,,,Provisional/Provisoire,,
05EA006,2026-08-15T01:45:00Z,46,723.988,,,Provisional/Provisoire,,
05EA006,2026-08-15T01:50:00Z,46,723.990,,,Provisional/Provisoire,,
05EA006,2026-08-15T01:55:00Z,46,723.982,,,Provisional/Provisoire,,
05EA006,2026-08-15T02:00:00Z,46,724.019,,,Provisional/Provisoire,,
05EA006,2026-08-15T02:05:00Z,46,724.032,,,Provisional/Provisoire,,
05EA006,2026-08-15T02:10:00Z,46,723.990,,,Provisional/Provisoire,,
05EA006,2026-08-15T02:15:00Z,46,724.029,,,Provisional/Provisoire,,
05EA006,2026-08-15T02:20:00Z,46,723.977,,,Provisional/Provisoire,,
05EA006,2026-08-15T02:25:00Z,46,723.954,,,Provisional/Provisoire,,
05EA006,2026-08-15T02:30:00Z,46,723.959,,,Provisional/Provisoire,,
05EA006,2026-08-15T02:35:00Z,46,724.004,,,Provisional/Provisoire,,
05EA006,2026-08-15T02:40:00Z,46,723.939,,,Provisional/Provisoire,,
05EA006,2026-08-15T02:45:00Z,46,723.994,,,Provisional/Provisoire,,
05EA006,2026-08-15T02:50:00Z,46,723.990,,,Provisional/Provisoire,,
05EA006,2026-08-15T02:55:00Z,46,724.024,,,Provisional/Provisoire,,
05EA006,2026-08-15T03:00:00Z,46,724.040,,,Provisional/Provisoire,,
05EA006,2026-08-15T03:05:00Z,46,724.028,,,Provisional/Provisoire,,
05EA006,2026-08-15T03:10:00Z,46,724.030,,,Provisional/Provisoire,,
05EA006,2026-08-15T03:15:00Z,46,724.019,,,Provisional/Provisoire,,
05EA006,2026-08-15T03:20:00Z,46,724.022,,,Provisional/Provisoire,,
05EA006,2026-08-15T03:25:00Z,46,724.016,,,Provisional/Provisoire,,
05EA006,2026-08-15T03:30:00Z,46,724.008,,,Provisional/Provisoire,,
05EA006,2026-08-15T03:35:00Z,46,724.005,,,Provisional/Provisoire,,
05EA006,2026-08-15T03:40:00Z,46,723.999,,,Provisional/Provisoire,,
05EA006,2026-08-15T03:45:00Z,46,724.022,,,Provisional/Provisoire,,
05EA006,2026-08-15T03:50:00Z,46,724.037,,,Provisional/Provisoire,,
05EA006,2026-08-15T03:55:00Z,46,724.044,,,Provisional/Provisoire,,
05EA006,2026-08-15T04:00:00Z,46,724.039,,,Provisional/Provisoire,,
05EA006,2026-08-15T04:05:00Z,46,724.039,,,Provisional/Provisoire,,
05EA006,2026-08-15T04:10:00Z,46,724.039,,,Provisional/Provisoire,,
05EA006,2026-08-15T04:15:00Z,46,724.038,,,Provisional/Provisoire,,
05EA006,2026-08-15T04:20:00Z,46,724.022,,,Provisional/Provisoire,,
05EA006,2026-08-15T04:25:00Z,46,724.018,,,Provisional/Provisoire,,
05EA006,2026-08-15T04:30:00Z,46,724.032,,,Provisional/Provisoire,,
05EA006,2026-08-15T04:35:00Z,46,724.015,,,Provisional/Provisoire,,
05EA006,2026-08-15T04:40:00Z,46,724.008,,,Provisional/Provisoire,,
05EA006,2026-08-15T04:45:00Z,46,724.044,,,Provisional/Provisoire,,
05EA006,2026-08-15T04:50:00Z,46,724.057,,,Provisional/Provisoire,,
05EA006,2026-08-15T04:55:00Z,46,724.008,,,Provisional/Provisoire,,
05EA006,2026-08-15T05:00:00Z,46,723.999,,,Provisional/Provisoire,,
05EA006,2026-08-15T05:05:00Z,46,723.991,,,Provisional/Provisoire,,
05EA006,2026-08-15T05:10:00Z,46,723.988,,,Provisional/Provisoire,,
05EA006,2026-08-15T05:15:00Z,46,723.981,,,Provisional/Provisoire,,
05EA006,2026-08-15T05:20:00Z,46,723.971,,,Provisional/Provisoire,,
05EA006,2026-08-15T05:25:00Z,46,723.979,,,Provisional/Provisoire,,
05EA006,2026-08-15T05:30:00Z,46,723.976,,,Provisional/Provisoire,,
05EA006,2026-08-15T05:35:00Z,46,723.969,,,Provisional/Provisoire,,
05EA006,2026-08-15T05:40:00Z,46,723.959,,,Provisional/Provisoire,,
05EA006,2026-08-15T05:45:00Z,46,723.952,,,Provisional/Provisoire,,
05EA006,2026-08-15T05:50:00Z,46,723.991,,,Provisional/Provisoire,,
05EA006,2026-08-15T05:55:00Z,46,724.007,,,Provisional/Provisoire,,
05EA006,2026-08-15T06:00:00Z,46,724.023,,,Provisional/Provisoire,,
05EA006,2026-08-15T06:05:00Z,46,724.023,,,Provisional/Provisoire,,
05EA006,2026-08-15T06:10:00Z,46,724.012,,,Provisional/Provisoire,,
05EA006,2026-08-15T06:15:00Z,46,724.019,,,Provisional/Provisoire,,
05EA006,2026-08-15T06:20:00Z,46,724.015,,,Provisional/Provisoire,,
05EA006,2026-08-15T06:25:00Z,46,724.009,,,Provisional/Provisoire,,
05EA006,2026-08-15T06:30:00Z,46,724.018,,,Provisional/Provisoire,,
05EA006,2026-08-15T06:35:00Z,46,724.004,,,Provisional/Provisoire,,
05EA006,2026-08-15T06:40:00Z,46,723.999,,,Provisional/Provisoire,,
05EA006,2026-08-15T06:45:00Z,46,723.999,,,Provisional/Provisoire,,
05EA006,2026-08-15T06:50:00Z,46,723.999,,,Provisional/Provisoire,,
05EA006,2026-08-15T06:55:00Z,46,724.003,,,Provisional/Provisoire,,
05EA006,2026-08-15T07:00:00Z,46,724.001,,,Provisional/Provisoire,,
05EA006,2026-08-15T07:05:00Z,46,723.997,,,Provisional/Provisoire,,
05EA006,2026-08-15T07:10:00Z,46,724.002,,,Provisional/Provisoire,,
05EA006,2026-08-15T07:15:00Z,46,723.999,,,Provisional/Provisoire,,
05EA006,2026-08-15T07:20:00Z,46,724.012,,,Provisional/Provisoire,,
05EA006,2026-08-15T07:25:00Z,46,724.011,,,Provisional/Provisoire,,
05EA006,2026-08-15T07:30:00Z,46,724.008,,,Provisional/Provisoire,,
05EA006,2026-08-15T07:35:00Z,46,724.004,,,Provisional/Provisoire,,
05EA006,2026-08-15T07:40:00Z,46,724.001,,,Provisional/Provisoire,,
05EA006,2026-08-15T07:45:00Z,46,723.996,,,Provisional/Provisoire,,
05EA006,2026-08-15T07:50:00Z,46,723.996,,,Provisional/Provisoire,,
05EA006,2026-08-15T07:55:00Z,46,724.003,,,Provisional/Provisoire,,
05EA006,2026-08-15T08:00:00Z,46,724.003,,,Provisional/Provisoire,,
05EA006,2026-08-15T08:05:00Z,46,724.001,,,Provisional/Provisoire,,
05EA006,2026-08-15T08:10:00Z,46,723.999,,,Provisional/Provisoire,,
05EA006,2026-08-15T08:15:00Z,46,724.000,,,Provisional/Provisoire,,
05EA006,2026-08-15T08:20:00Z,46,723.999,,,Provisional/Provisoire,,
05EA006,2026-08-15T08:25:00Z,46,724.002,,,Provisional/Provisoire,,
05EA006,2026-08-15T08:30:00Z,46,723.999,,,Provisional/Provisoire,,
05EA006,2026-08-15T08:35:00Z,46,724.001,,,Provisional/Provisoire,,
05EA006,2026-08-15T08:40:00Z,46,724.008,,,Provisional/Provisoire,,
05EA006,2026-08-15T08:45:00Z,46,724.011,,,Provisional/Provisoire,,
05EA006,2026-08-15T08:50:00Z,46,724.008,,,Provisional/Provisoire,,
05EA006,2026-08-15T08:55:00Z,46,724.013,,,Provisional/Provisoire,,
05EA006,2026-08-15T09:00:00Z,46,724.010,,,Provisional/Provisoire,,
05EA006,2026-08-15T09:05:00Z,46,724.021,,,Provisional/Provisoire,,
05EA006,2026-08-15T09:10:00Z,46,724.022,,,Provisional/Provisoire,,
05EA006,2026-08-15T09:15:00Z,46,724.019,,,Provisional/Provisoire,,
05EA006,2026-08-15T09:20:00Z,46,724.012,,,Provisional/Provisoire,,
05EA006,2026-08-15T09:25:00Z,46,724.014,,,Provisional/Provisoire,,
05EA006,2026-08-15T09:30:00Z,46,724.010,,,Provisional/Provisoire,,
05EA006,2026-08-15T09:35:00Z,46,724.012,,,Provisional/Provisoire,,
05EA006,2026-08-15T09:40:00Z,46,724.008,,,Provisional/Provisoire,,
05EA006,2026-08-15T09:45:00Z,46,724.007,,,Provisional/Provisoire,,
05EA006,2026-08-15T09:50:00Z,46,724.030,,,Provisional/Provisoire,,
05EA006,2026-08-15T09:55:00Z,46,724.044,,,Provisional/Provisoire,,
05EA006,2026-08-15T10:00:00Z,46,724.056,,,Provisional/Provisoire,,
05EA006,2026-08-15T10:05:00Z,46,724.063,,,Provisional/Provisoire,,
05EA006,2026-08-15T10:10:00Z,46,724.059,,,Provisional/Provisoire,,
05EA006,2026-08-15T10:15:00Z,46,724.053,,,Provisional/Provisoire,,
05EA006,2026-08-15T10:20:00Z,46,724.063,,,Provisional/Provisoire,,
05EA006,2026-08-15T10:25:00Z,46,724.050,,,Provisional/Provisoire,,
05EA006,2026-08-15T10:30:00Z,46,724.057,,,Provisional/Provisoire,,
05EA006,2026-08-15T10:35:00Z,46,724.046,,,Provisional/Provisoire,,
05EA006,2026-08-15T10:40:00Z,46,724.058,,,Provisional/Provisoire,,
05EA006,2026-08-15T10:45:00Z,46,724.061,,,Provisional/Provisoire,,
05EA006,2026-08-15T10:50:00Z,46,724.044,,,Provisional/Provisoire,,
05EA006,2026-08-15T10:55:00Z,46,724.038,,,Provisional/Provisoire,,
05EA006,2026-08-15T11:00:00Z,46,724.045,,,Provisional/Provisoire,,
05EA006,2026-08-15T11:05:00Z,46,724.036,,,Provisional/Provisoire,,
05EA006,2026-08-15T11:10:00Z,46,724.042,,,Provisional/Provisoire,,
05EA006,2026-08-15T11:15:00Z,46,724.042,,,Provisional/Provisoire,,
05EA006,2026-08-15T11:20:00Z,46,724.035,,,Provisional/Provisoire,,
05EA006,2026-08-15T11:25:00Z,46,724.040,,,Provisional/Provisoire,,
05EA006,2026-08-15T11:30:00Z,46,724.025,,,Provisional/Provisoire,,
05EA006,2026-08-15T11:35:00Z,46,724.032,,,Provisional/Provisoire,,
05EA006,2026-08-15T11:40:00Z,46,724.050,,,Provisional/Provisoire,,
05EA006,2026-08-15T11:45:00Z,46,724.026,,,Provisional/Provisoire,,
05EA006,2026-08-15T11:50:00Z,46,724.039,,,Provisional/Provisoire,,
05EA006,2026-08-15T11:55:00Z,46,724.033,,,Provisional/Provisoire,,
05EA006,2026-08-15T12:00:00Z,46,724.026,,,Provisional/Provisoire,,
05EA006,2026-08-15T12:05:00Z,46,724.027,,,Provisional/Provisoire,,
05EA006,2026-08-15T12:10:00Z,46,724.029,,,Provisional/Provisoire,,
05EA006,2026-08-15T12:15:00Z,46,724.027,,,Provisional/Provisoire,,
05EA006,2026-08-15T12:20:00Z,46,724.024,,,Provisional/Provisoire,,
05EA006,2026-08-15T12:25:00Z,46,724.021,,,Provisional/Provisoire,,
05EA006,2026-08-15T12:30:00Z,46,724.018,,,Provisional/Provisoire,,
05EA006,2026-08-15T12:35:00Z,46,724.014,,,Provisional/Provisoire,,
05EA006,2026-08-15T12:40:00Z,46,724.041,,,Provisional/Provisoire,,
05EA006,2026-08-15T12:45:00Z,46,724.062,,,Provisional/Provisoire,,
05EA006,2026-08-15T12:50:00Z,46,724.076,,,Provisional/Provisoire,,
05EA006,2026-08-15T12:55:00Z,46,724.063,,,Provisional/Provisoire,,
05EA006,2026-08-15T13:00:00Z,46,724.056,,,Provisional/Provisoire,,
05EA006,2026-08-15T13:05:00Z,46,724.050,,,Provisional/Provisoire,,
05EA006,2026-08-15T13:10:00Z,46,724.072,,,Provisional/Provisoire,,
05EA006,2026-08-15T13:15:00Z,46,724.067,,,Provisional/Provisoire,,
05EA006,2026-08-15T13:20:00Z,46,724.064,,,Provisional/Provisoire,,
05EA006,2026-08-15T13:25:00Z,46,724.046,,,Provisional/Provisoire,,
05EA006,2026-08-15T13:30:00Z,46,724.084,,,Provisional/Provisoire,,
05EA006,2026-08-15T13:35:00Z,46,724.076,,,Provisional/Provisoire,,
05EA006,2026-08-15T13:40:00Z,46,724.061,,,Provisional/Provisoire,,
05EA006,2026-08-15T13:45:00Z,46,724.082,,,Provisional/Provisoire,,
05EA006,2026-08-15T13:50:00Z,46,724.066,,,Provisional/Provisoire,,
05EA006,2026-08-15T13:55:00Z,46,724.051,,,Provisional/Provisoire,,
05EA006,2026-08-15T14:00:00Z,46,724.040,,,Provisional/Provisoire,,
05EA006,2026-08-15T14:05:00Z,46,724.089,,,Provisional/Provisoire,,
05EA006,2026-08-15T14:10:00Z,46,724.064,,,Provisional/Provisoire,,
05EA006,2026-08-15T14:15:00Z,46,724.074,,,Provisional/Provisoire,,
05EA006,2026-08-15T14:20:00Z,46,724.041,,,Provisional/Provisoire,,
05EA006,2026-08-15T14:25:00Z,46,724.069,,,Provisional/Provisoire,,
05EA006,2026-08-15T14:30:00Z,46,724.067,,,Provisional/Provisoire,,
05EA006,2026-08-15T14:35:00Z,46,724.054,,,Provisional/Provisoire,,
05EA006,2026-08-15T14:40:00Z,46,724.046,,,Provisional/Provisoire,,
05EA006,2026-08-15T14:45:00Z,46,724.067,,,Provisional/Provisoire,,
05EA006,2026-08-15T14:50:00Z,46,724.062,,,Provisional/Provisoire,,
05EA006,2026-08-15T14:55:00Z,46,724.053,,,Provisional/Provisoire,,
05EA006,2026-08-15T15:00:00Z,46,724.067,,,Provisional/Provisoire,,
05EA006,2026-08-15T15:05:00Z,46,724.073,,,Provisional/Provisoire,,
05EA006,2026-08-15T15:10:00Z,46,724.062,,,Provisional/Provisoire,,
05EA006,2026-08-15T15:15:00Z,46,724.051,,,Provisional/Provisoire,,
05EA006,2026-08-15T15:20:00Z,46,724.063,,,Provisional/Provisoire,,
05EA006,2026-08-15T15:25:00Z,46,724.062,,,Provisional/Provisoire,,
05EA006,2026-08-15T15:30:00Z,46,724.067,,,Provisional/Provisoire,,
05EA006,2026-08-15T15:35:00Z,46,724.053,,,Provisional/Provisoire,,
05EA006,2026-08-15T15:40:00Z,46,724.070,,,Provisional/Provisoire,,
05EA006,2026-08-15T15:45:00Z,46,724.066,,,Provisional/Provisoire,,
05EA006,2026-08-15T15:50:00Z,46,724.054,,,Provisional/Provisoire,,
05EA006,2026-08-15T15:55:00Z,46,724.019,,,Provisional/Provisoire,,
05EA006,2026-08-15T16:00:00Z,46,724.057,,,Provisional/Provisoire,,
05EA006,2026-08-15T16:05:00Z,46,724.045,,,Provisional/Provisoire,,
05EA006,2026-08-15T16:10:00Z,46,724.023,,,Provisional/Provisoire,,
05EA006,2026-08-15T16:15:00Z,46,724.030,,,Provisional/Provisoire,,
05EA006,2026-08-15T16:20:00Z,46,724.030,,,Provisional/Provisoire,,
05EA006,2026-08-15T16:25:00Z,46,724.038,,,Provisional/Provisoire,,
05EA006,2026-08-15T16:30:00Z,46,724.045,,,Provisional/Provisoire,,
05EA006,2026-08-15T16:35:00Z,46,724.046,,,Provisional/Provisoire,,
05EA006,2026-08-15T16:40:00Z,46,724.049,,,Provisional/Provisoire,,
05EA006,2026-08-15T16:45:00Z,46,724.055,,,Provisional/Provisoire,,
05EA006,2026-08-15T16:50:00Z,46,724.047,,,Provisional/Provisoire,,
05EA006,2026-08-15T16:55:00Z,46,724.039,,,Provisional/Provisoire,,
05EA006,2026-08-15T17:00:00Z,46,724.032,,,Provisional/Provisoire,,
05EA006,2026-08-15T17:05:00Z,46,724.006,,,Provisional/Provisoire,,
05EA006,2026-08-15T17:10:00Z,46,724.049,,,Provisional/Provisoire,,
05EA006,2026-08-15T17:15:00Z,46,724.064,,,Provisional/Provisoire,,
05EA006,2026-08-15T17:20:00Z,46,724.067,,,Provisional/Provisoire,,
05EA006,2026-08-15T17:25:00Z,46,724.063,,,Provisional/Provisoire,,
05EA006,2026-08-15T17:30:00Z,46,724.062,,,Provisional/Provisoire,,
05EA006,2026-08-15T17:35:00Z,46,724.064,,,Provisional/Provisoire,,
05EA006,2026-08-15T17:40:00Z,46,724.050,,,Provisional/Provisoire,,
05EA006,2026-08-15T17:45:00Z,46,724.034,,,Provisional/Provisoire,,
05EA006,2026-08-15T17:50:00Z,46,724.028,,,Provisional/Provisoire,,
05EA006,2026-08-15T17:55:00Z,46,724.026,,,Provisional/Provisoire,,
05EA006,2026-08-15T18:00:00Z,46,724.019,,,Provisional/Provisoire,,
05EA006,2026-08-15T18:05:00Z,46,724.009,,,Provisional/Provisoire,,
05EA006,2026-08-15T18:10:00Z,46,724.003,,,Provisional/Provisoire,,
05EA006,2026-08-15T18:15:00Z,46,724.002,,,Provisional/Provisoire,,
05EA006,2026-08-15T18:20:00Z,46,724.001,,,Provisional/Provisoire,,
05EA006,2026-08-15T18:25:00Z,46,724.042,,,Provisional/Provisoire,,
05EA006,2026-08-15T18:30:00Z,46,724.059,,,Provisional/Provisoire,,
05EA006,2026-08-15T18:35:00Z,46,724.048,,,Provisional/Provisoire,,
05EA006,2026-08-15T18:40:00Z,46,724.050,,,Provisional/Provisoire,,
05EA006,2026-08-15T18:45:00Z,46,724.058,,,Provisional/Provisoire,,
05EA006,2026-08-15T18:50:00Z,46,724.042,,,Provisional/Provisoire,,
05EA006,2026-08-15T18:55:00Z,46,724.037,,,Provisional/Provisoire,,
05EA006,2026-08-15T19:00:00Z,46,724.031,,,Provisional/Provisoire,,
05EA006,2026-08-15T19:05:00Z,46,724.018,,,Provisional/Provisoire,,
05EA006,2026-08-15T19:10:00Z,46,724.006,,,Provisional/Provisoire,,
05EA006,2026-08-15T19:15:00Z,46,723.987,,,Provisional/Provisoire,,
05EA006,2026-08-15T19:20:00Z,46,723.981,,,Provisional/Provisoire,,
05EA006,2026-08-15T19:25:00Z,46,723.976,,,Provisional/Provisoire,,
05EA006,2026-08-15T19:30:00Z,46,724.016,,,Provisional/Provisoire,,
05EA006,2026-08-15T19:35:00Z,46,724.039,,,Provisional/Provisoire,,
05EA006,2026-08-15T19:40:00Z,46,724.045,,,Provisional/Provisoire,,
05EA006,2026-08-15T19:45:00Z,46,724.040,,,Provisional/Provisoire,,
05EA006,2026-08-15T19:50:00Z,46,724.025,,,Provisional/Provisoire,,
05EA006,2026-08-15T19:55:00Z,46,724.025,,,Provisional/Provisoire,,
05EA006,2026-08-15T20:00:00Z,46,724.023,,,Provisional/Provisoire,,
05EA006,2026-08-15T20:05:00Z,46,724.007,,,Provisional/Provisoire,,
05EA006,2026-08-15T20:10:00Z,46,724.011,,,Provisional/Provisoire,,
05EA006,2026-08-15T20:15:00Z,46,724.011,,,Provisional/Provisoire,,
05EA006,2026-08-15T20:20:00Z,46,724.001,,,Provisional/Provisoire,,
05EA006,2026-08-15T20:25:00Z,46,723.993,,,Provisional/Provisoire,,
05EA006,2026-08-15T20:30:00Z,46,724.037,,,Provisional/Provisoire,,
05EA006,2026-08-15T20:35:00Z,46,724.038,,,Provisional/Provisoire,,
05EA006,2026-08-15T20:40:00Z,46,724.033,,,Provisional/Provisoire,,
05EA006,2026-08-15T20:45:00Z,46,724.028,,,Provisional/Provisoire,,
05EA006,2026-08-15T20:50:00Z,46,724.029,,,Provisional/Provisoire,,
05EA006,2026-08-15T20:55:00Z,46,724.021,,,Provisional/Provisoire,,
05EA006,2026-08-15T21:00:00Z,46,724.020,,,Provisional/Provisoire,,
05EA006,2026-08-15T21:05:00Z,46,724.013,,,Provisional/Provisoire,,
05EA006,2026-08-15T21:10:00Z,46,724.005,,,Provisional/Provisoire,,
05EA006,2026-08-15T21:15:00Z,46,724.005,,,Provisional/Provisoire,,
05EA006,2026-08-15T21:20:00Z,46,724.039,,,Provisional/Provisoire,,
05EA006,2026-08-15T21:25:00Z,46,724.039,,,Provisional/Provisoire,,
05EA006,2026-08-15T21:30:00Z,46,724.038,,,Provisional/Provisoire,,
05EA006,2026-08-15T21:35:00Z,46,724.037,,,Provisional/Provisoire,,
05EA006,2026-08-15T21:40:00Z,46,724.035,,,Provisional/Provisoire,,
05EA006,2026-08-15T21:45:00Z,46,724.030,,,Provisional/Provisoire,,
05EA006,2026-08-15T21:50:00Z,46,724.034,,,Provisional/Provisoire,,
05EA006,2026-08-15T21:55:00Z,46,724.017,,,Provisional/Provisoire,,
05EA006,2026-08-15T22:00:00Z,46,724.018,,,Provisional/Provisoire,,
05EA006,2026-08-15T22:05:00Z,46,724.012,,,Provisional/Provisoire,,
05EA006,2026-08-15T22:10:00Z,46,724.053,,,Provisional/Provisoire,,
05EA006,2026-08-15T22:15:00Z,46,724.046,,,Provisional/Provisoire,,
05EA006,2026-08-15T22:20:00Z,46,724.039,,,Provisional/Provisoire,,
05EA006,2026-08-15T22:25:00Z,46,724.036,,,Provisional/Provisoire,,
05EA006,2026-08-15T22:30:00Z,46,724.029,,,Provisional/Provisoire,,
05EA006,2026-08-15T22:35:00Z,46,724.028,,,Provisional/Provisoire,,
05EA006,2026-08-15T22:40:00Z,46,724.024,,,Provisional/Provisoire,,
05EA006,2026-08-15T22:45:00Z,46,724.020,,,Provisional/Provisoire,,
05EA006,2026-08-15T22:50:00Z,46,724.014,,,Provisional/Provisoire,,
05EA006,2026-08-15T22:55:00Z,46,724.051,,,Provisional/Provisoire,,
05EA006,2026-08-15T23:00:00Z,46,724.048,,,Provisional/Provisoire,,
05EA006,2026-08-15T23:05:00Z,46,724.040,,,Provisional/Provisoire,,
05EA006,2026-08-15T23:10:00Z,46,724.039,,,Provisional/Provisoire,,
05EA006,2026-08-15T23:15:00Z,46,724.034,,,Provisional/Provisoire,,
05EA006,2026-08-15T23:20:00Z,46,724.034,,,Provisional/Provisoire,,
05EA006,2026-08-15T23:25:00Z,46,724.029,,,Provisional/Provisoire,,
05EA006,2026-08-15T23:30:00Z,46,724.027,,,Provisional/Provisoire,,
05EA006,2026-08-15T23:35:00Z,46,724.027,,,Provisional/Provisoire,,
05EA006,2026-08-15T23:40:00Z,46,724.061,,,Provisional/Provisoire,,
05EA006,2026-08-15T23:45:00Z,46,724.053,,,Provisional/Provisoire,,
05EA006,2026-08-15T23:50:00Z,46,724.046,,,Provisional/Provisoire,,
05EA006,2026-08-15T23:55:00Z,46,724.043,,,Provisional/Provisoire,,
05EA006,2026-08-16T00:00:00Z,46,724.039,,,Provisional/Provisoire,,
05EA006,2026-08-16T00:05:00Z,46,724.045,,,Provisional/Provisoire,,
05EA006,2026-08-16T00:10:00Z,46,724.040,,,Provisional/Provisoire,,
05EA006,2026-08-16T00:15:00Z,46,724.036,,,Provisional/Provisoire,,
05EA006,2026-08-16T00:20:00Z,46,724.035,,,Provisional/Provisoire,,
05EA006,2026-08-16T00:25:00Z,46,724.038,,,Provisional/Provisoire,,
05EA006,2026-08-16T00:30:00Z,46,724.041,,,Provisional/Provisoire,,
05EA006,2026-08-16T00:35:00Z,46,724.032,,,Provisional/Provisoire,,
05EA006,2026-08-16T00:40:00Z,46,724.054,,,Provisional/Provisoire,,
05EA006,2026-08-16T00:45:00Z,46,724.066,,,Provisional/Provisoire,,
05EA006,2026-08-16T00:50:00Z,46,724.053,,,Provisional/Provisoire,,
05EA006,2026-08-16T00:55:00Z,46,724.052,,,Provisional/Provisoire,,
05EA006,2026-08-16T01:00:00Z,46,724.045,,,Provisional/Provisoire,,
05EA006,2026-08-16T01:05:00Z,46,724.043,,,Provisional/Provisoire,,
05EA006,2026-08-16T01:10:00Z,46,724.038,,,Provisional/Provisoire,,
05EA006,2026-08-16T01:15:00Z,46,724.038,,,Provisional/Provisoire,,
05EA006,2026-08-16T01:20:00Z,46,724.032,,,Provisional/Provisoire,,
05EA006,2026-08-16T01:25:00Z,46,724.067,,,Provisional/Provisoire,,
05EA006,2026-08-16T01:30:00Z,46,724.063,,,Provisional/Provisoire,,
05EA006,2026-08-16T01:35:00Z,46,724.058,,,Provisional/Provisoire,,
05EA006,2026-08-16T01:40:00Z,46,724.050,,,Provisional/Provisoire,,
05EA006,2026-08-16T01:45:00Z,46,724.049,,,Provisional/Provisoire,,
05EA006,2026-08-16T01:50:00Z,46,724.041,,,Provisional/Provisoire,,
05EA006,2026-08-16T01:55:00Z,46,724.039,,,Provisional/Provisoire,,
05EA006,2026-08-16T02:00:00Z,46,724.027,,,Provisional/Provisoire,,
05EA006,2026-08-16T02:05:00Z,46,724.025,,,Provisional/Provisoire,,
05EA006,2026-08-16T02:10:00Z,46,724.063,,,Provisional/Provisoire,,
05EA006,2026-08-16T02:15:00Z,46,724.062,,,Provisional/Provisoire,,
05EA006,2026-08-16T02:20:00Z,46,724.056,,,Provisional/Provisoire,,
05EA006,2026-08-16T02:25:00Z,46,724.048,,,Provisional/Provisoire,,
05EA006,2026-08-16T02:30:00Z,46,724.042,,,Provisional/Provisoire,,
05EA006,2026-08-16T02:35:00Z,46,724.032,,,Provisional/Provisoire,,
05EA006,2026-08-16T02:40:00Z,46,724.031,,,Provisional/Provisoire,,
05EA006,2026-08-16T02:45:00Z,46,724.028,,,Provisional/Provisoire,,
05EA006,2026-08-16T02:50:00Z,46,724.023,,,Provisional/Provisoire,,
05EA006,2026-08-16T02:55:00Z,46,724.070,,,Provisional/Provisoire,,
05EA006,2026-08-16T03:00:00Z,46,724.061,,,Provisional/Provisoire,,
05EA006,2026-08-16T03:05:00Z,46,724.054,,,Provisional/Provisoire,,
05EA006,2026-08-16T03:10:00Z,46,724.057,,,Provisional/Provisoire,,
05EA006,2026-08-16T03:15:00Z,46,724.046,,,Provisional/Provisoire,,
05EA006,2026-08-16T03:20:00Z,46,724.031,,,Provisional/Provisoire,,
05EA006,2026-08-16T03:25:00Z,46,724.036,,,Provisional/Provisoire,,
05EA006,2026-08-16T03:30:00Z,46,724.032,,,Provisional/Provisoire,,
05EA006,2026-08-16T03:35:00Z,46,724.033,,,Provisional/Provisoire,,
05EA006,2026-08-16T03:40:00Z,46,724.061,,,Provisional/Provisoire,,
05EA006,2026-08-16T03:45:00Z,46,724.067,,,Provisional/Provisoire,,
05EA006,2026-08-16T03:50:00Z,46,724.066,,,Provisional/Provisoire,,
05EA006,2026-08-16T03:55:00Z,46,724.058,,,Provisional/Provisoire,,
05EA006,2026-08-16T04:00:00Z,46,724.067,,,Provisional/Provisoire,,
05EA006,2026-08-16T04:05:00Z,46,724.068,,,Provisional/Provisoire,,
05EA006,2026-08-16T04:10:00Z,46,724.052,,,Provisional/Provisoire,,
05EA006,2026-08-16T04:15:00Z,46,724.057,,,Provisional/Provisoire,,
05EA006,2026-08-16T04:20:00Z,46,724.042,,,Provisional/Provisoire,,
05EA006,2026-08-16T04:25:00Z,46,724.027,,,Provisional/Provisoire,,
05EA006,2026-08-16T04:30:00Z,46,724.024,,,Provisional/Provisoire,,
05EA006,2026-08-16T04:35:00Z,46,724.043,,,Provisional/Provisoire,,
05EA006,2026-08-16T04:40:00Z,46,724.056,,,Provisional/Provisoire,,
05EA006,2026-08-16T04:45:00Z,46,724.058,,,Provisional/Provisoire,,
05EA006,2026-08-16T04:50:00Z,46,724.070,,,Provisional/Provisoire,,
05EA006,2026-08-16T04:55:00Z,46,724.061,,,Provisional/Provisoire,,
05EA006,2026-08-16T05:00:00Z,46,724.059,,,Provisional/Provisoire,,
05EA006,2026-08-16T05:05:00Z,46,724.055,,,Provisional/Provisoire,,
05EA006,2026-08-16T05:10:00Z,46,724.037,,,Provisional/Provisoire,,
05EA006,2026-08-16T05:15:00Z,46,724.039,,,Provisional/Provisoire,,
05EA006,2026-08-16T05:20:00Z,46,724.046,,,Provisional/Provisoire,,
05EA006,2026-08-16T05:25:00Z,46,724.046,,,Provisional/Provisoire,,
05EA006,2026-08-16T05:30:00Z,46,724.021,,,Provisional/Provisoire,,
05EA006,2026-08-16T05:35:00Z,46,724.019,,,Provisional/Provisoire,,
05EA006,2026-08-16T05:40:00Z,46,724.076,,,Provisional/Provisoire,,
05EA006,2026-08-16T05:45:00Z,46,724.066,,,Provisional/Provisoire,,
05EA006,2026-08-16T05:50:00Z,46,724.076,,,Provisional/Provisoire,,
05EA006,2026-08-16T05:55:00Z,46,724.076,,,Provisional/Provisoire,,
05EA006,2026-08-16T06:00:00Z,46,724.074,,,Provisional/Provisoire,,
05EA006,2026-08-16T06:05:00Z,46,724.062,,,Provisional/Provisoire,,
05EA006,2026-08-16T06:10:00Z,46,724.052,,,Provisional/Provisoire,,
05EA006,2026-08-16T06:15:00Z,46,724.054,,,Provisional/Provisoire,,
05EA006,2026-08-16T06:20:00Z,46,724.063,,,Provisional/Provisoire,,
05EA006,2026-08-16T06:25:00Z,46,724.052,,,Provisional/Provisoire,,
05EA006,2026-08-16T06:30:00Z,46,724.051,,,Provisional/Provisoire,,
05EA006,2026-08-16T06:35:00Z,46,724.074,,,Provisional/Provisoire,,
05EA006,2026-08-16T06:40:00Z,46,724.081,,,Provisional/Provisoire,,
05EA006,2026-08-16T06:45:00Z,46,724.082,,,Provisional/Provisoire,,
05EA006,2026-08-16T06:50:00Z,46,724.079,,,Provisional/Provisoire,,
05EA006,2026-08-16T06:55:00Z,46,724.090,,,Provisional/Provisoire,,
05EA006,2026-08-16T07:00:00Z,46,724.095,,,Provisional/Provisoire,,
05EA006,2026-08-16T07:05:00Z,46,724.093,,,Provisional/Provisoire,,
05EA006,2026-08-16T07:10:00Z,46,724.090,,,Provisional/Provisoire,,
05EA006,2026-08-16T07:15:00Z,46,724.092,,,Provisional/Provisoire,,
05EA006,2026-08-16T07:20:00Z,46,724.078,,,Provisional/Provisoire,,
05EA006,2026-08-16T07:25:00Z,46,724.090,,,Provisional/Provisoire,,
05EA006,2026-08-16T07:30:00Z,46,724.086,,,Provisional/Provisoire,,
05EA006,2026-08-16T07:35:00Z,46,724.085,,,Provisional/Provisoire,,
05EA006,2026-08-16T07:40:00Z,46,724.086,,,Provisional/Provisoire,,
05EA006,2026-08-16T07:45:00Z,46,724.097,,,Provisional/Provisoire,,
05EA006,2026-08-16T07:50:00Z,46,724.083,,,Provisional/Provisoire,,
05EA006,2026-08-16T07:55:00Z,46,724.086,,,Provisional/Provisoire,,
05EA006,2026-08-16T08:00:00Z,46,724.082,,,Provisional/Provisoire,,
05EA006,2026-08-16T08:05:00Z,46,724.078,,,Provisional/Provisoire,,
05EA006,2026-08-16T08:10:00Z,46,724.081,,,Provisional/Provisoire,,
05EA006,2026-08-16T08:15:00Z,46,724.079,,,Provisional/Provisoire,,
05EA006,2026-08-16T08:20:00Z,46,724.091,,,Provisional/Provisoire,,
05EA006,2026-08-16T08:25:00Z,46,724.091,,,Provisional/Provisoire,,
05EA006,2026-08-16T08:30:00Z,46,724.074,,,Provisional/Provisoire,,
05EA006,2026-08-16T08:35:00Z,46,724.081,,,Provisional/Provisoire,,
05EA006,2026-08-16T08:40:00Z,46,724.109,,,Provisional/Provisoire,,
05EA006,2026-08-16T08:45:00Z,46,724.106,,,Provisional/Provisoire,,
05EA006,2026-08-16T08:50:00Z,46,724.114,,,Provisional/Provisoire,,
05EA006,2026-08-16T08:55:00Z,46,724.119,,,Provisional/Provisoire,,
05EA006,2026-08-16T09:00:00Z,46,724.114,,,Provisional/Provisoire,,
05EA006,2026-08-16T09:05:00Z,46,724.117,,,Provisional/Provisoire,,
05EA006,2026-08-16T09:10:00Z,46,724.118,,,Provisional/Provisoire,,
05EA006,2026-08-16T09:15:00Z,46,724.126,,,Provisional/Provisoire,,
05EA006,2026-08-16T09:20:00Z,46,724.122,,,Provisional/Provisoire,,
05EA006,2026-08-16T09:25:00Z,46,724.125,,,Provisional/Provisoire,,
05EA006,2026-08-16T09:30:00Z,46,724.108,,,Provisional/Provisoire,,
05EA006,2026-08-16T09:35:00Z,46,724.104,,,Provisional/Provisoire,,
05EA006,2026-08-16T09:40:00Z,46,724.113,,,Provisional/Provisoire,,
05EA006,2026-08-16T09:45:00Z,46,724.112,,,Provisional/Provisoire,,
05EA006,2026-08-16T09:50:00Z,46,724.112,,,Provisional/Provisoire,,
05EA006,2026-08-16T09:55:00Z,46,724.120,,,Provisional/Provisoire,,
05EA006,2026-08-16T10:00:00Z,46,724.118,,,Provisional/Provisoire,,
05EA006,2026-08-16T10:05:00Z,46,724.126,,,Provisional/Provisoire,,
05EA006,2026-08-16T10:10:00Z,46,724.120,,,Provisional/Provisoire,,
05EA006,2026-08-16T10:15:00Z,46,724.116,,,Provisional/Provisoire,,
05EA006,2026-08-16T10:20:00Z,46,724.120,,,Provisional/Provisoire,,
05EA006,2026-08-16T10:25:00Z,46,724.114,,,Provisional/Provisoire,,
05EA006,2026-08-16T10:30:00Z,46,724.093,,,Provisional/Provisoire,,
05EA006,2026-08-16T10:35:00Z,46,724.089,,,Provisional/Provisoire,,
05EA006,2026-08-16T10:40:00Z,46,724.084,,,Provisional/Provisoire,,
05EA006,2026-08-16T10:45:00Z,46,724.088,,,Provisional/Provisoire,,
05EA006,2026-08-16T10:50:00Z,46,724.090,,,Provisional/Provisoire,,
05EA006,2026-08-16T10:55:00Z,46,724.116,,,Provisional/Provisoire,,
05EA006,2026-08-16T11:00:00Z,46,724.133,,,Provisional/Provisoire,,
05EA006,2026-08-16T11:05:00Z,46,724.131,,,Provisional/Provisoire,,
05EA006,2026-08-16T11:10:00Z,46,724.126,,,Provisional/Provisoire,,
05EA006,2026-08-16T11:15:00Z,46,724.132,,,Provisional/Provisoire,,
05EA006,2026-08-16T11:20:00Z,46,724.126,,,Provisional/Provisoire,,
05EA006,2026-08-16T11:25:00Z,46,724.128,,,Provisional/Provisoire,,
05EA006,2026-08-16T11:30:00Z,46,724.130,,,Provisional/Provisoire,,
05EA006,2026-08-16T11:35:00Z,46,724.130,,,Provisional/Provisoire,,
05EA006,2026-08-16T11:40:00Z,46,724.128,,,Provisional/Provisoire,,
05EA006,2026-08-16T11:45:00Z,46,724.123,,,Provisional/Provisoire,,
05EA006,2026-08-16T11:50:00Z,46,724.120,,,Provisional/Provisoire,,
05EA006,2026-08-16T11:55:00Z,46,724.124,,,Provisional/Provisoire,,
05EA006,2026-08-16T12:00:00Z,46,724.123,,,Provisional/Provisoire,,
05EA006,2026-08-16T12:05:00Z,46,724.125,,,Provisional/Provisoire,,
05EA006,2026-08-16T12:10:00Z,46,724.123,,,Provisional/Provisoire,,
05EA006,2026-08-16T12:15:00Z,46,724.115,,,Provisional/Provisoire,,
05EA006,2026-08-16T12:20:00Z,46,724.108,,,Provisional/Provisoire,,
05EA006,2026-08-16T12:25:00Z,46,724.118,,,Provisional/Provisoire,,
05EA006,2026-08-16T12:30:00Z,46,724.122,,,Provisional/Provisoire,,
05EA006,2026-08-16T12:35:00Z,46,724.123,,,Provisional/Provisoire,,
05EA006,2026-08-16T12:40:00Z,46,724.127,,,Provisional/Provisoire,,
05EA006,2026-08-16T12:45:00Z,46,724.125,,,Provisional/Provisoire,,
05EA006,2026-08-16T12:50:00Z,46,724.123,,,Provisional/Provisoire,,
05EA006,2026-08-16T12:55:00Z,46,724.126,,,Provisional/Provisoire,,
05EA006,2026-08-16T13:00:00Z,46,724.127,,,Provisional/Provisoire,,
05EA006,2026-08-16T13:05:00Z,46,724.123,,,Provisional/Provisoire,,
05EA006,2026-08-16T13:10:00Z,46,724.153,,,Provisional/Provisoire,,
05EA006,2026-08-16T13:15:00Z,46,724.154,,,Provisional/Provisoire,,
05EA006,2026-08-16T13:20:00Z,46,724.151,,,Provisional/Provisoire,,
05EA006,2026-08-16T13:25:00Z,46,724.140,,,Provisional/Provisoire,,
05EA006,2026-08-16T13:30:00Z,46,724.143,,,Provisional/Provisoire,,
05EA006,2026-08-16T13:35:00Z,46,724.159,,,Provisional/Provisoire,,
05EA006,2026-08-16T13:40:00Z,46,724.147,,,Provisional/Provisoire,,
05EA006,2026-08-16T13:45:00Z,46,724.140,,,Provisional/Provisoire,,
05EA006,2026-08-16T13:50:00Z,46,724.160,,,Provisional/Provisoire,,
05EA006,2026-08-16T13:55:00Z,46,724.160,,,Provisional/Provisoire,,
05EA006,2026-08-16T14:00:00Z,46,724.157,,,Provisional/Provisoire,,
05EA006,2026-08-16T14:05:00Z,46,724.144,,,Provisional/Provisoire,,
05EA006,2026-08-16T14:10:00Z,46,724.168,,,Provisional/Provisoire,,
05EA006,2026-08-16T14:15:00Z,46,724.161,,,Provisional/Provisoire,,
05EA006,2026-08-16T14:20:00Z,46,724.155,,,Provisional/Provisoire,,
05EA006,2026-08-16T14:25:00Z,46,724.166,,,Provisional/Provisoire,,
05EA006,2026-08-16T14:30:00Z,46,724.160,,,Provisional/Provisoire,,
05EA006,2026-08-16T14:35:00Z,46,724.155,,,Provisional/Provisoire,,
05EA006,2026-08-16T14:40:00Z,46,724.145,,,Provisional/Provisoire,,