model,run_time_utc,horizon_h,member_index,subarea,cumulative_mm,source_file
GEPS,2026-08-04T00:00:00+00:00,24,1,basin_to_05EA002,0.0,CMC_geps-raw_APCP_SFC_0_latlon0p5x0p5_2026080400_P024_allmbrs.grib2
GEPS,2026-08-04T00:00:00+00:00,24,1,lower_incremental_05EA005_to_05EA002,0.0,CMC_geps-raw_APCP_SFC_0_latlon0p5x0p5_2026080400_P024_allmbrs.grib2
GEPS,2026-08-04T00:00:00+00:00,24,1,upper_lake_chain_isle_lac_ste_anne,,CMC_geps-raw_APCP_SFC_0_latlon0p5x0p5_2026080400_P024_allmbrs.grib2
GEPS,2026-08-04T00:00:00+00:00,24,2,basin_to_05EA002,0.0,CMC_geps-raw_APCP_SFC_0_latlon0p5x0p5_2026080400_P024_allmbrs.grib2
GEPS,2026-08-04T00:00:00+00:00,24,2,lower_incremental_05EA005_to_05EA002,0.0,CMC_geps-raw_APCP_SFC_0_latlon0p5x0p5_2026080400_P024_allmbrs.grib2
GEPS,2026-08-04T00:00:00+00:00,24,2,upper_lake_chain_isle_lac_ste_anne,,CMC_geps-raw_APCP_SFC_0_latlon0p5x0p5_2026080400_P024_allmbrs.grib2
GEPS,2026-08-04T00:00:00+00:00,24,3,basin_to_05EA002,0.0,CMC_geps-raw_APCP_SFC_0_latlon0p5x0p5_2026080400_P024_allmbrs.grib2
GEPS,2026-08-04T00:00:00+00:00,24,3,lower_incremental_05EA005_to_05EA002,0.0,CMC_geps-raw_APCP_SFC_0_latlon0p5x0p5_2026080400_P024_allmbrs.grib2
GEPS,2026-08-04T00:00:00+00:00,24,3,upper_lake_chain_isle_lac_ste_anne,,CMC_geps-raw_APCP_SFC_0_latlon0p5x0p5_2026080400_P024_allmbrs.grib2
GEPS,2026-08-04T00:00:00+00:00,24,4,basin_to_05EA002,0.0,CMC_geps-raw_APCP_SFC_0_latlon0p5x0p5_2026080400_P024_allmbrs.grib2
GEPS,2026-08-04T00:00:00+00:00,24,4,lower_incremental_05EA005_to_05EA002,0.0,CMC_geps-raw_APCP_SFC_0_latlon0p5x0p5_2026080400_P024_allmbrs.grib2
GEPS,2026-08-04T00:00:00+00:00,24,4,upper_lake_chain_isle_lac_ste_anne,,CMC_geps-raw_APCP_SFC_0_latlon0p5x0p5_2026080400_P024_allmbrs.grib2
GEPS,2026-08-04T00:00:00+00:00,24,5,basin_to_05EA002,0.0,CMC_geps-raw_APCP_SFC_0_latlon0p5x0p5_2026080400_P024_allmbrs.grib2
GEPS,2026-08-04T00:00:00+00:00,24,5,lower_incremental_05EA005_to_05EA002,0.0,CMC_geps-raw_APCP_SFC_0_latlon0p5x0p5_2026080400_P024_allmbrs.grib2
GEPS,2026-08-04T00:00:00+00:00,24,5,upper_lake_chain_isle_lac_ste_anne,,CMC_geps-raw_APCP_SFC_0_latlon0p5x0p5_2026080400_P024_allmbrs.grib2
GEPS,2026-08-04T00:00:00+00:00,24,6,basin_to_05EA002,0.0,CMC_geps-raw_APCP_SFC_0_latlon0p5x0p5_2026080400_P024_allmbrs.grib2
GEPS,2026-08-04T00:00:00+00:00,24,6,lower_incremental_05EA005_to_05EA002,0.0,CMC_geps-raw_APCP_SFC_0_latlon0p5x0p5_2026080400_P024_allmbrs.grib2
GEPS,2026-08-04T00:00:00+00:00,24,6,upper_lake_chain_isle_lac_ste_anne,,CMC_geps-raw_APCP_SFC_0_latlon0p5x0p5_2026080400_P024_allmbrs.grib2
GEPS,2026-08-04T00:00:00+00:00,24,7,basin_to_05EA002,0.0,CMC_geps-raw_APCP_SFC_0_latlon0p5x0p5_2026080400_P024_allmbrs.grib2
GEPS,2026-08-04T00:00:00+00:00,24,7,lower_incremental_05EA005_to_05EA002,0.0,CMC_geps-raw_APCP_SFC_0_latlon0p5x0p5_2026080400_P024_allmbrs.grib2
GEPS,2026-08-04T00:00:00+00:00,24,7,upper_lake_chain_isle_lac_ste_anne,,CMC_geps-raw_APCP_SFC_0_latlon0p5x0p5_2026080400_P024_allmbrs.grib2
GEPS,2026-08-04T00:00:00+00:00,24,8,basin_to_05EA002,0.0,CMC_geps-raw_APCP_SFC_0_latlon0p5x0p5_2026080400_P024_allmbrs.grib2
GEPS,2026-08-04T00:00:00+00:00,24,8,lower_incremental_05EA005_to_05EA002,0.0,CMC_geps-raw_APCP_SFC_0_latlon0p5x0p5_2026080400_P024_allmbrs.grib2
GEPS,2026-08-04T00:00:00+00:00,24,8,upper_lake_chain_isle_lac_ste_anne,,CMC_geps-raw_APCP_SFC_0_latlon0p5x0p5_2026080400_P024_allmbrs.grib2
GEPS,2026-08-04T00:00:00+00:00,24,9,basin_to_05EA002,0.0,CMC_geps-raw_APCP_SFC_0_latlon0p5x0p5_2026080400_P024_allmbrs.grib2
GEPS,2026-08-04T00:00:00+00:00,24,9,lower_incremental_05EA005_to_05EA002,0.0,CMC_geps-raw_APCP_SFC_0_latlon0p5x0p5_2026080400_P024_allmbrs.grib2
GEPS,2026-08-04T00:00:00+00:00,24,9,upper_lake_chain_isle_lac_ste_anne,,CMC_geps-raw_APCP_SFC_0_latlon0p5x0p5_2026080400_P024_allmbrs.grib2
GEPS,2026-08-04T00:00:00+00:00,24,10,basin_to_05EA002,0.0,CMC_geps-raw_APCP_SFC_0_latlon0p5x0p5_2026080400_P024_allmbrs.grib2
GEPS,2026-08-04T00:00:00+00:00,24,10,lower_incremental_05EA005_to_05EA002,0.0,CMC_geps-raw_APCP_SFC_0_latlon0p5x0p5_2026080400_P024_allmbrs.grib2
GEPS,2026-08-04T00:00:00+00:00,24,10,upper_lake_chain_isle_lac_ste_anne,,CMC_geps-raw_APCP_SFC_0_latlon0p5x0p5_2026080400_P024_allmbrs.grib2
GEPS,2026-08-04T00:00:00+00:00,24,11,basin_to_05EA002,0.0,CMC_geps-raw_APCP_SFC_0_latlon0p5x0p5_2026080400_P024_allmbrs.grib2
GEPS,2026-08-04T00:00:00+00:00,24,11,lower_incremental_05EA005_to_05EA002,0.0,CMC_geps-raw_APCP_SFC_0_latlon0p5x0p5_2026080400_P024_allmbrs.grib2
GEPS,2026-08-04T00:00:00+00:00,24,11,upper_lake_chain_isle_lac_ste_anne,,CMC_geps-raw_APCP_SFC_0_latlon0p5x0p5_2026080400_P024_allmbrs.grib2
GEPS,2026-08-04T00:00:00+00:00,24,12,basin_to_05EA002,0.0,CMC_geps-raw_APCP_SFC_0_latlon0p5x0p5_2026080400_P024_allmbrs.grib2
GEPS,2026-08-04T00:00:00+00:00,24,12,lower_incremental_05EA005_to_05EA002,0.0,CMC_geps-raw_APCP_SFC_0_latlon0p5x0p5_2026080400_P024_allmbrs.grib2
GEPS,2026-08-04T00:00:00+00:00,24,12,upper_lake_chain_isle_lac_ste_anne,,CMC_geps-raw_APCP_SFC_0_latlon0p5x0p5_2026080400_P024_allmbrs.grib2
GEPS,2026-08-04T00:00:00+00:00,24,13,basin_to_05EA002,0.0,CMC_geps-raw_APCP_SFC_0_latlon0p5x0p5_2026080400_P024_allmbrs.grib2
GEPS,2026-08-04T00:00:00+00:00,24,13,lower_incremental_05EA005_to_05EA002,0.0,CMC_geps-raw_APCP_SFC_0_latlon0p5x0p5_2026080400_P024_allmbrs.grib2
GEPS,2026-08-04T00:00:00+00:00,24,13,upper_lake_chain_isle_lac_ste_anne,,CMC_geps-raw_APCP_SFC_0_latlon0p5x0p5_2026080400_P024_allmbrs.grib2
GEPS,2026-08-04T00:00:00+00:00,24,14,basin_to_05EA002,0.05999999865889549,CMC_geps-raw_APCP_SFC_0_latlon0p5x0p5_2026080400_P024_allmbrs.grib2
GEPS,2026-08-04T00:00:00+00:00,24,14,lower_incremental_05EA005_to_05EA002,0.05999999865889549,CMC_geps-raw_APCP_SFC_0_latlon0p5x0p5_2026080400_P024_allmbrs.grib2
GEPS,2026-08-04T00:00:00+00:00,24,14,upper_lake_chain_isle_lac_ste_anne,,CMC_geps-raw_APCP_SFC_0_latlon0p5x0p5_2026080400_P024_allmbrs.grib2
GEPS,2026-08-04T00:00:00+00:00,24,15,basin_to_05EA002,0.0,CMC_geps-raw_APCP_SFC_0_latlon0p5x0p5_2026080400_P024_allmbrs.grib2
GEPS,2026-08-04T00:00:00+00:00,24,15,lower_incremental_05EA005_to_05EA002,0.0,CMC_geps-raw_APCP_SFC_0_latlon0p5x0p5_2026080400_P024_allmbrs.grib2
GEPS,2026-08-04T00:00:00+00:00,24,15,upper_lake_chain_isle_lac_ste_anne,,CMC_geps-raw_APCP_SFC_0_latlon0p5x0p5_2026080400_P024_allmbrs.grib2
GEPS,2026-08-04T00:00:00+00:00,24,16,basin_to_05EA002,0.0,CMC_geps-raw_APCP_SFC_0_latlon0p5x0p5_2026080400_P024_allmbrs.grib2
GEPS,2026-08-04T00:00:00+00:00,24,16,lower_incremental_05EA005_to_05EA002,0.0,CMC_geps-raw_APCP_SFC_0_latlon0p5x0p5_2026080400_P024_allmbrs.grib2
GEPS,2026-08-04T00:00:00+00:00,24,16,upper_lake_chain_isle_lac_ste_anne,,CMC_geps-raw_APCP_SFC_0_latlon0p5x0p5_2026080400_P024_allmbrs.grib2
GEPS,2026-08-04T00:00:00+00:00,24,17,basin_to_05EA002,0.0,CMC_geps-raw_APCP_SFC_0_latlon0p5x0p5_2026080400_P024_allmbrs.grib2
GEPS,2026-08-04T00:00:00+00:00,24,17,lower_incremental_05EA005_to_05EA002,0.0,CMC_geps-raw_APCP_SFC_0_latlon0p5x0p5_2026080400_P024_allmbrs.grib2
GEPS,2026-08-04T00:00:00+00:00,24,17,upper_lake_chain_isle_lac_ste_anne,,CMC_geps-raw_APCP_SFC_0_latlon0p5x0p5_2026080400_P024_allmbrs.grib2
GEPS,2026-08-04T00:00:00+00:00,24,18,basin_to_05EA002,0.0,CMC_geps-raw_APCP_SFC_0_latlon0p5x0p5_2026080400_P024_allmbrs.grib2
GEPS,2026-08-04T00:00:00+00:00,24,18,lower_incremental_05EA005_to_05EA002,0.0,CMC_geps-raw_APCP_SFC_0_latlon0p5x0p5_2026080400_P024_allmbrs.grib2
GEPS,2026-08-04T00:00:00+00:00,24,18,upper_lake_chain_isle_lac_ste_anne,,CMC_geps-raw_APCP_SFC_0_latlon0p5x0p5_2026080400_P024_allmbrs.grib2
GEPS,2026-08-04T00:00:00+00:00,24,19,basin_to_05EA002,0.0,CMC_geps-raw_APCP_SFC_0_latlon0p5x0p5_2026080400_P024_allmbrs.grib2
GEPS,2026-08-04T00:00:00+00:00,24,19,lower_incremental_05EA005_to_05EA002,0.0,CMC_geps-raw_APCP_SFC_0_latlon0p5x0p5_2026080400_P024_allmbrs.grib2
GEPS,2026-08-04T00:00:00+00:00,24,19,upper_lake_chain_isle_lac_ste_anne,,CMC_geps-raw_APCP_SFC_0_latlon0p5x0p5_2026080400_P024_allmbrs.grib2
GEPS,2026-08-04T00:00:00+00:00,24,20,basin_to_05EA002,0.0,CMC_geps-raw_APCP_SFC_0_latlon0p5x0p5_2026080400_P024_allmbrs.grib2
GEPS,2026-08-04T00:00:00+00:00,24,20,lower_incremental_05EA005_to_05EA002,0.0,CMC_geps-raw_APCP_SFC_0_latlon0p5x0p5_2026080400_P024_allmbrs.grib2
GEPS,2026-08-04T00:00:00+00:00,24,20,upper_lake_chain_isle_lac_ste_anne,,CMC_geps-raw_APCP_SFC_0_latlon0p5x0p5_2026080400_P024_allmbrs.grib2
GEPS,2026-08-04T00:00:00+00:00,24,21,basin_to_05EA002,0.0,CMC_geps-raw_APCP_SFC_0_latlon0p5x0p5_2026080400_P024_allmbrs.grib2
GEPS,2026-08-04T00:00:00+00:00,24,21,lower_incremental_05EA005_to_05EA002,0.0,CMC_geps-raw_APCP_SFC_0_latlon0p5x0p5_2026080400_P024_allmbrs.grib2
GEPS,2026-08-04T00:00:00+00:00,24,21,upper_lake_chain_isle_lac_ste_anne,,CMC_geps-raw_APCP_SFC_0_latlon0p5x0p5_2026080400_P024_allmbrs.grib2
GEPS,2026-08-04T00:00:00+00:00,48,1,basin_to_05EA002,0.0,CMC_geps-raw_APCP_SFC_0_latlon0p5x0p5_2026080400_P048_allmbrs.grib2
GEPS,2026-08-04T00:00:00+00:00,48,1,lower_incremental_05EA005_to_05EA002,0.0,CMC_geps-raw_APCP_SFC_0_latlon0p5x0p5_2026080400_P048_allmbrs.grib2
GEPS,2026-08-04T00:00:00+00:00,48,1,upper_lake_chain_isle_lac_ste_anne,,CMC_geps-raw_APCP_SFC_0_latlon0p5x0p5_2026080400_P048_allmbrs.grib2
GEPS,2026-08-04T00:00:00+00:00,48,2,basin_to_05EA002,0.0,CMC_geps-raw_APCP_SFC_0_latlon0p5x0p5_2026080400_P048_allmbrs.grib2
GEPS,2026-08-04T00:00:00+00:00,48,2,lower_incremental_05EA005_to_05EA002,0.0,CMC_geps-raw_APCP_SFC_0_latlon0p5x0p5_2026080400_P048_allmbrs.grib2
GEPS,2026-08-04T00:00:00+00:00,48,2,upper_lake_chain_isle_lac_ste_anne,,CMC_geps-raw_APCP_SFC_0_latlon0p5x0p5_2026080400_P048_allmbrs.grib2
GEPS,2026-08-04T00:00:00+00:00,48,3,basin_to_05EA002,0.0,CMC_geps-raw_APCP_SFC_0_latlon0p5x0p5_2026080400_P048_allmbrs.grib2
GEPS,2026-08-04T00:00:00+00:00,48,3,lower_incremental_05EA005_to_05EA002,0.0,CMC_geps-raw_APCP_SFC_0_latlon0p5x0p5_2026080400_P048_allmbrs.grib2
GEPS,2026-08-04T00:00:00+00:00,48,3,upper_lake_chain_isle_lac_ste_anne,,CMC_geps-raw_APCP_SFC_0_latlon0p5x0p5_2026080400_P048_allmbrs.grib2
GEPS,2026-08-04T00:00:00+00:00,48,4,basin_to_05EA002,0.0,CMC_geps-raw_APCP_SFC_0_latlon0p5x0p5_2026080400_P048_allmbrs.grib2
GEPS,2026-08-04T00:00:00+00:00,48,4,lower_incremental_05EA005_to_05EA002,0.0,CMC_geps-raw_APCP_SFC_0_latlon0p5x0p5_2026080400_P048_allmbrs.grib2
GEPS,2026-08-04T00:00:00+00:00,48,4,upper_lake_chain_isle_lac_ste_anne,,CMC_geps-raw_APCP_SFC_0_latlon0p5x0p5_2026080400_P048_allmbrs.grib2
GEPS,2026-08-04T00:00:00+00:00,48,5,basin_to_05EA002,0.699999988079071,CMC_geps-raw_APCP_SFC_0_latlon0p5x0p5_2026080400_P048_allmbrs.grib2
GEPS,2026-08-04T00:00:00+00:00,48,5,lower_incremental_05EA005_to_05EA002,0.699999988079071,CMC_geps-raw_APCP_SFC_0_latlon0p5x0p5_2026080400_P048_allmbrs.grib2
GEPS,2026-08-04T00:00:00+00:00,48,5,upper_lake_chain_isle_lac_ste_anne,,CMC_geps-raw_APCP_SFC_0_latlon0p5x0p5_2026080400_P048_allmbrs.grib2
GEPS,2026-08-04T00:00:00+00:00,48,6,basin_to_05EA002,0.0,CMC_geps-raw_APCP_SFC_0_latlon0p5x0p5_2026080400_P048_allmbrs.grib2
GEPS,2026-08-04T00:00:00+00:00,48,6,lower_incremental_05EA005_to_05EA002,0.0,CMC_geps-raw_APCP_SFC_0_latlon0p5x0p5_2026080400_P048_allmbrs.grib2
GEPS,2026-08-04T00:00:00+00:00,48,6,upper_lake_chain_isle_lac_ste_anne,,CMC_geps-raw_APCP_SFC_0_latlon0p5x0p5_2026080400_P048_allmbrs.grib2
GEPS,2026-08-04T00:00:00+00:00,48,7,basin_to_05EA002,0.10999999940395355,CMC_geps-raw_APCP_SFC_0_latlon0p5x0p5_2026080400_P048_allmbrs.grib2
GEPS,2026-08-04T00:00:00+00:00,48,7,lower_incremental_05EA005_to_05EA002,0.10999999940395355,CMC_geps-raw_APCP_SFC_0_latlon0p5x0p5_2026080400_P048_allmbrs.grib2
GEPS,2026-08-04T00:00:00+00:00,48,7,upper_lake_chain_isle_lac_ste_anne,,CMC_geps-raw_APCP_SFC_0_latlon0p5x0p5_2026080400_P048_allmbrs.grib2
GEPS,2026-08-04T00:00:00+00:00,48,8,basin_to_05EA002,2.429999828338623,CMC_geps-raw_APCP_SFC_0_latlon0p5x0p5_2026080400_P048_allmbrs.grib2
GEPS,2026-08-04T00:00:00+00:00,48,8,lower_incremental_05EA005_to_05EA002,2.429999828338623,CMC_geps-raw_APCP_SFC_0_latlon0p5x0p5_2026080400_P048_allmbrs.grib2
GEPS,2026-08-04T00:00:00+00:00,48,8,upper_lake_chain_isle_lac_ste_anne,,CMC_geps-raw_APCP_SFC_0_latlon0p5x0p5_2026080400_P048_allmbrs.grib2
GEPS,2026-08-04T00:00:00+00:00,48,9,basin_to_05EA002,0.0,CMC_geps-raw_APCP_SFC_0_latlon0p5x0p5_2026080400_P048_allmbrs.grib2
GEPS,2026-08-04T00:00:00+00:00,48,9,lower_incremental_05EA005_to_05EA002,0.0,CMC_geps-raw_APCP_SFC_0_latlon0p5x0p5_2026080400_P048_allmbrs.grib2
GEPS,2026-08-04T00:00:00+00:00,48,9,upper_lake_chain_isle_lac_ste_anne,,CMC_geps-raw_APCP_SFC_0_latlon0p5x0p5_2026080400_P048_allmbrs.grib2
GEPS,2026-08-04T00:00:00+00:00,48,10,basin_to_05EA002,0.0,CMC_geps-raw_APCP_SFC_0_latlon0p5x0p5_2026080400_P048_allmbrs.grib2
GEPS,2026-08-04T00:00:00+00:00,48,10,lower_incremental_05EA005_to_05EA002,0.0,CMC_geps-raw_APCP_SFC_0_latlon0p5x0p5_2026080400_P048_allmbrs.grib2
GEPS,2026-08-04T00:00:00+00:00,48,10,upper_lake_chain_isle_lac_ste_anne,,CMC_geps-raw_APCP_SFC_0_latlon0p5x0p5_2026080400_P048_allmbrs.grib2
GEPS,2026-08-04T00:00:00+00:00,48,11,basin_to_05EA002,0.0,CMC_geps-raw_APCP_SFC_0_latlon0p5x0p5_2026080400_P048_allmbrs.grib2
GEPS,2026-08-04T00:00:00+00:00,48,11,lower_incremental_05EA005_to_05EA002,0.0,CMC_geps-raw_APCP_SFC_0_latlon0p5x0p5_2026080400_P048_allmbrs.grib2
GEPS,2026-08-04T00:00:00+00:00,48,11,upper_lake_chain_isle_lac_ste_anne,,CMC_geps-raw_APCP_SFC_0_latlon0p5x0p5_2026080400_P048_allmbrs.grib2
GEPS,2026-08-04T00:00:00+00:00,48,12,basin_to_05EA002,0.0,CMC_geps-raw_APCP_SFC_0_latlon0p5x0p5_2026080400_P048_allmbrs.grib2
GEPS,2026-08-04T00:00:00+00:00,48,12,lower_incremental_05EA005_to_05EA002,0.0,CMC_geps-raw_APCP_SFC_0_latlon0p5x0p5_2026080400_P048_allmbrs.grib2
GEPS,2026-08-04T00:00:00+00:00,48,12,upper_lake_chain_isle_lac_ste_anne,,CMC_geps-raw_APCP_SFC_0_latlon0p5x0p5_2026080400_P048_allmbrs.grib2
GEPS,2026-08-04T00:00:00+00:00,48,13,basin_to_05EA002,0.0,CMC_geps-raw_APCP_SFC_0_latlon0p5x0p5_2026080400_P048_allmbrs.grib2
GEPS,2026-08-04T00:00:00+00:00,48,13,lower_incremental_05EA005_to_05EA002,0.0,CMC_geps-raw_APCP_SFC_0_latlon0p5x0p5_2026080400_P048_allmbrs.grib2
GEPS,2026-08-04T00:00:00+00:00,48,13,upper_lake_chain_isle_lac_ste_anne,,CMC_geps-raw_APCP_SFC_0_latlon0p5x0p5_2026080400_P048_allmbrs.grib2
GEPS,2026-08-04T00:00:00+00:00,48,14,basin_to_05EA002,0.05999999865889549,CMC_geps-raw_APCP_SFC_0_latlon0p5x0p5_2026080400_P048_allmbrs.grib2
GEPS,2026-08-04T00:00:00+00:00,48,14,lower_incremental_05EA005_to_05EA002,0.05999999865889549,CMC_geps-raw_APCP_SFC_0_latlon0p5x0p5_2026080400_P048_allmbrs.grib2
GEPS,2026-08-04T00:00:00+00:00,48,14,upper_lake_chain_isle_lac_ste_anne,,CMC_geps-raw_APCP_SFC_0_latlon0p5x0p5_2026080400_P048_allmbrs.grib2
GEPS,2026-08-04T00:00:00+00:00,48,15,basin_to_05EA002,2.6549999713897705,CMC_geps-raw_APCP_SFC_0_latlon0p5x0p5_2026080400_P048_allmbrs.grib2
GEPS,2026-08-04T00:00:00+00:00,48,15,lower_incremental_05EA005_to_05EA002,2.6549999713897705,CMC_geps-raw_APCP_SFC_0_latlon0p5x0p5_2026080400_P048_allmbrs.grib2
GEPS,2026-08-04T00:00:00+00:00,48,15,upper_lake_chain_isle_lac_ste_anne,,CMC_geps-raw_APCP_SFC_0_latlon0p5x0p5_2026080400_P048_allmbrs.grib2
GEPS,2026-08-04T00:00:00+00:00,48,16,basin_to_05EA002,0.0,CMC_geps-raw_APCP_SFC_0_latlon0p5x0p5_2026080400_P048_allmbrs.grib2
GEPS,2026-08-04T00:00:00+00:00,48,16,lower_incremental_05EA005_to_05EA002,0.0,CMC_geps-raw_APCP_SFC_0_latlon0p5x0p5_2026080400_P048_allmbrs.grib2
GEPS,2026-08-04T00:00:00+00:00,48,16,upper_lake_chain_isle_lac_ste_anne,,CMC_geps-raw_APCP_SFC_0_latlon0p5x0p5_2026080400_P048_allmbrs.grib2
GEPS,2026-08-04T00:00:00+00:00,48,17,basin_to_05EA002,0.0,CMC_geps-raw_APCP_SFC_0_latlon0p5x0p5_2026080400_P048_allmbrs.grib2
GEPS,2026-08-04T00:00:00+00:00,48,17,lower_incremental_05EA005_to_05EA002,0.0,CMC_geps-raw_APCP_SFC_0_latlon0p5x0p5_2026080400_P048_allmbrs.grib2
GEPS,2026-08-04T00:00:00+00:00,48,17,upper_lake_chain_isle_lac_ste_anne,,CMC_geps-raw_APCP_SFC_0_latlon0p5x0p5_2026080400_P048_allmbrs.grib2
GEPS,2026-08-04T00:00:00+00:00,48,18,basin_to_05EA002,0.0,CMC_geps-raw_APCP_SFC_0_latlon0p5x0p5_2026080400_P048_allmbrs.grib2
GEPS,2026-08-04T00:00:00+00:00,48,18,lower_incremental_05EA005_to_05EA002,0.0,CMC_geps-raw_APCP_SFC_0_latlon0p5x0p5_2026080400_P048_allmbrs.grib2
GEPS,2026-08-04T00:00:00+00:00,48,18,upper_lake_chain_isle_lac_ste_anne,,CMC_geps-raw_APCP_SFC_0_latlon0p5x0p5_2026080400_P048_allmbrs.grib2
GEPS,2026-08-04T00:00:00+00:00,48,19,basin_to_05EA002,0.0,CMC_geps-raw_APCP_SFC_0_latlon0p5x0p5_2026080400_P048_allmbrs.grib2
GEPS,2026-08-04T00:00:00+00:00,48,19,lower_incremental_05EA005_to_05EA002,0.0,CMC_geps-raw_APCP_SFC_0_latlon0p5x0p5_2026080400_P048_allmbrs.grib2
GEPS,2026-08-04T00:00:00+00:00,48,19,upper_lake_chain_isle_lac_ste_anne,,CMC_geps-raw_APCP_SFC_0_latlon0p5x0p5_2026080400_P048_allmbrs.grib2
GEPS,2026-08-04T00:00:00+00:00,48,20,basin_to_05EA002,0.0,CMC_geps-raw_APCP_SFC_0_latlon0p5x0p5_2026080400_P048_allmbrs.grib2
GEPS,2026-08-04T00:00:00+00:00,48,20,lower_incremental_05EA005_to_05EA002,0.0,CMC_geps-raw_APCP_SFC_0_latlon0p5x0p5_2026080400_P048_allmbrs.grib2
GEPS,2026-08-04T00:00:00+00:00,48,20,upper_lake_chain_isle_lac_ste_anne,,CMC_geps-raw_APCP_SFC_0_latlon0p5x0p5_2026080400_P048_allmbrs.grib2
GEPS,2026-08-04T00:00:00+00:00,48,21,basin_to_05EA002,0.0,CMC_geps-raw_APCP_SFC_0_latlon0p5x0p5_2026080400_P048_allmbrs.grib2
GEPS,2026-08-04T00:00:00+00:00,48,21,lower_incremental_05EA005_to_05EA002,0.0,CMC_geps-raw_APCP_SFC_0_latlon0p5x0p5_2026080400_P048_allmbrs.grib2
GEPS,2026-08-04T00:00:00+00:00,48,21,upper_lake_chain_isle_lac_ste_anne,,CMC_geps-raw_APCP_SFC_0_latlon0p5x0p5_2026080400_P048_allmbrs.grib2
GEPS,2026-08-04T00:00:00+00:00,72,1,basin_to_05EA002,0.6500000357627869,CMC_geps-raw_APCP_SFC_0_latlon0p5x0p5_2026080400_P072_allmbrs.grib2
GEPS,2026-08-04T00:00:00+00:00,72,1,lower_incremental_05EA005_to_05EA002,0.6500000357627869,CMC_geps-raw_APCP_SFC_0_latlon0p5x0p5_2026080400_P072_allmbrs.grib2
GEPS,2026-08-04T00:00:00+00:00,72,1,upper_lake_chain_isle_lac_ste_anne,,CMC_geps-raw_APCP_SFC_0_latlon0p5x0p5_2026080400_P072_allmbrs.grib2
GEPS,2026-08-04T00:00:00+00:00,72,2,basin_to_05EA002,0.0,CMC_geps-raw_APCP_SFC_0_latlon0p5x0p5_2026080400_P072_allmbrs.grib2
GEPS,2026-08-04T00:00:00+00:00,72,2,lower_incremental_05EA005_to_05EA002,0.0,CMC_geps-raw_APCP_SFC_0_latlon0p5x0p5_2026080400_P072_allmbrs.grib2
GEPS,2026-08-04T00:00:00+00:00,72,2,upper_lake_chain_isle_lac_ste_anne,,CMC_geps-raw_APCP_SFC_0_latlon0p5x0p5_2026080400_P072_allmbrs.grib2
GEPS,2026-08-04T00:00:00+00:00,72,3,basin_to_05EA002,0.02500000037252903,CMC_geps-raw_APCP_SFC_0_latlon0p5x0p5_2026080400_P072_allmbrs.grib2
GEPS,2026-08-04T00:00:00+00:00,72,3,lower_incremental_05EA005_to_05EA002,0.02500000037252903,CMC_geps-raw_APCP_SFC_0_latlon0p5x0p5_2026080400_P072_allmbrs.grib2
GEPS,2026-08-04T00:00:00+00:00,72,3,upper_lake_chain_isle_lac_ste_anne,,CMC_geps-raw_APCP_SFC_0_latlon0p5x0p5_2026080400_P072_allmbrs.grib2
GEPS,2026-08-04T00:00:00+00:00,72,4,basin_to_05EA002,2.0399999618530273,CMC_geps-raw_APCP_SFC_0_latlon0p5x0p5_2026080400_P072_allmbrs.grib2
GEPS,2026-08-04T00:00:00+00:00,72,4,lower_incremental_05EA005_to_05EA002,2.0399999618530273,CMC_geps-raw_APCP_SFC_0_latlon0p5x0p5_2026080400_P072_allmbrs.grib2
GEPS,2026-08-04T00:00:00+00:00,72,4,upper_lake_chain_isle_lac_ste_anne,,CMC_geps-raw_APCP_SFC_0_latlon0p5x0p5_2026080400_P072_allmbrs.grib2
GEPS,2026-08-04T00:00:00+00:00,72,5,basin_to_05EA002,0.699999988079071,CMC_geps-raw_APCP_SFC_0_latlon0p5x0p5_2026080400_P072_allmbrs.grib2
GEPS,2026-08-04T00:00:00+00:00,72,5,lower_incremental_05EA005_to_05EA002,0.699999988079071,CMC_geps-raw_APCP_SFC_0_latlon0p5x0p5_2026080400_P072_allmbrs.grib2
GEPS,2026-08-04T00:00:00+00:00,72,5,upper_lake_chain_isle_lac_ste_anne,,CMC_geps-raw_APCP_SFC_0_latlon0p5x0p5_2026080400_P072_allmbrs.grib2
GEPS,2026-08-04T00:00:00+00:00,72,6,basin_to_05EA002,0.014999999664723873,CMC_geps-raw_APCP_SFC_0_latlon0p5x0p5_2026080400_P072_allmbrs.grib2
GEPS,2026-08-04T00:00:00+00:00,72,6,lower_incremental_05EA005_to_05EA002,0.014999999664723873,CMC_geps-raw_APCP_SFC_0_latlon0p5x0p5_2026080400_P072_allmbrs.grib2
GEPS,2026-08-04T00:00:00+00:00,72,6,upper_lake_chain_isle_lac_ste_anne,,CMC_geps-raw_APCP_SFC_0_latlon0p5x0p5_2026080400_P072_allmbrs.grib2
GEPS,2026-08-04T00:00:00+00:00,72,7,basin_to_05EA002,0.14000000059604645,CMC_geps-raw_APCP_SFC_0_latlon0p5x0p5_2026080400_P072_allmbrs.grib2
GEPS,2026-08-04T00:00:00+00:00,72,7,lower_incremental_05EA005_to_05EA002,0.14000000059604645,CMC_geps-raw_APCP_SFC_0_latlon0p5x0p5_2026080400_P072_allmbrs.grib2
GEPS,2026-08-04T00:00:00+00:00,72,7,upper_lake_chain_isle_lac_ste_anne,,CMC_geps-raw_APCP_SFC_0_latlon0p5x0p5_2026080400_P072_allmbrs.grib2
GEPS,2026-08-04T00:00:00+00:00,72,8,basin_to_05EA002,2.5899999141693115,CMC_geps-raw_APCP_SFC_0_latlon0p5x0p5_2026080400_P072_allmbrs.grib2
GEPS,2026-08-04T00:00:00+00:00,72,8,lower_incremental_05EA005_to_05EA002,2.5899999141693115,CMC_geps-raw_APCP_SFC_0_latlon0p5x0p5_2026080400_P072_allmbrs.grib2
GEPS,2026-08-04T00:00:00+00:00,72,8,upper_lake_chain_isle_lac_ste_anne,,CMC_geps-raw_APCP_SFC_0_latlon0p5x0p5_2026080400_P072_allmbrs.grib2
GEPS,2026-08-04T00:00:00+00:00,72,9,basin_to_05EA002,0.0,CMC_geps-raw_APCP_SFC_0_latlon0p5x0p5_2026080400_P072_allmbrs.grib2
GEPS,2026-08-04T00:00:00+00:00,72,9,lower_incremental_05EA005_to_05EA002,0.0,CMC_geps-raw_APCP_SFC_0_latlon0p5x0p5_2026080400_P072_allmbrs.grib2
GEPS,2026-08-04T00:00:00+00:00,72,9,upper_lake_chain_isle_lac_ste_anne,,CMC_geps-raw_APCP_SFC_0_latlon0p5x0p5_2026080400_P072_allmbrs.grib2
GEPS,2026-08-04T00:00:00+00:00,72,10,basin_to_05EA002,0.0,CMC_geps-raw_APCP_SFC_0_latlon0p5x0p5_2026080400_P072_allmbrs.grib2
GEPS,2026-08-04T00:00:00+00:00,72,10,lower_incremental_05EA005_to_05EA002,0.0,CMC_geps-raw_APCP_SFC_0_latlon0p5x0p5_2026080400_P072_allmbrs.grib2
GEPS,2026-08-04T00:00:00+00:00,72,10,upper_lake_chain_isle_lac_ste_anne,,CMC_geps-raw_APCP_SFC_0_latlon0p5x0p5_2026080400_P072_allmbrs.grib2
GEPS,2026-08-04T00:00:00+00:00,72,11,basin_to_05EA002,0.0,CMC_geps-raw_APCP_SFC_0_latlon0p5x0p5_2026080400_P072_allmbrs.grib2
GEPS,2026-08-04T00:00:00+00:00,72,11,lower_incremental_05EA005_to_05EA002,0.0,CMC_geps-raw_APCP_SFC_0_latlon0p5x0p5_2026080400_P072_allmbrs.grib2
GEPS,2026-08-04T00:00:00+00:00,72,11,upper_lake_chain_isle_lac_ste_anne,,CMC_geps-raw_APCP_SFC_0_latlon0p5x0p5_2026080400_P072_allmbrs.grib2
GEPS,2026-08-04T00:00:00+00:00,72,12,basin_to_05EA002,0.0,CMC_geps-raw_APCP_SFC_0_latlon0p5x0p5_2026080400_P072_allmbrs.grib2
GEPS,2026-08-04T00:00:00+00:00,72,12,lower_incremental_05EA005_to_05EA002,0.0,CMC_geps-raw_APCP_SFC_0_latlon0p5x0p5_2026080400_P072_allmbrs.grib2
GEPS,2026-08-04T00:00:00+00:00,72,12,upper_lake_chain_isle_lac_ste_anne,,CMC_geps-raw_APCP_SFC_0_latlon0p5x0p5_2026080400_P072_allmbrs.grib2
GEPS,2026-08-04T00:00:00+00:00,72,13,basin_to_05EA002,0.029999999329447746,CMC_geps-raw_APCP_SFC_0_latlon0p5x0p5_2026080400_P072_allmbrs.grib2
GEPS,2026-08-04T00:00:00+00:00,72,13,lower_incremental_05EA005_to_05EA002,0.029999999329447746,CMC_geps-raw_APCP_SFC_0_latlon0p5x0p5_2026080400_P072_allmbrs.grib2
GEPS,2026-08-04T00:00:00+00:00,72,13,upper_lake_chain_isle_lac_ste_anne,,CMC_geps-raw_APCP_SFC_0_latlon0p5x0p5_2026080400_P072_allmbrs.grib2
GEPS,2026-08-04T00:00:00+00:00,72,14,basin_to_05EA002,0.0625,CMC_geps-raw_APCP_SFC_0_latlon0p5x0p5_2026080400_P072_allmbrs.grib2
GEPS,2026-08-04T00:00:00+00:00,72,14,lower_incremental_05EA005_to_05EA002,0.0625,CMC_geps-raw_APCP_SFC_0_latlon0p5x0p5_2026080400_P072_allmbrs.grib2
GEPS,2026-08-04T00:00:00+00:00,72,14,upper_lake_chain_isle_lac_ste_anne,,CMC_geps-raw_APCP_SFC_0_latlon0p5x0p5_2026080400_P072_allmbrs.grib2
GEPS,2026-08-04T00:00:00+00:00,72,15,basin_to_05EA002,2.6599998474121094,CMC_geps-raw_APCP_SFC_0_latlon0p5x0p5_2026080400_P072_allmbrs.grib2
GEPS,2026-08-04T00:00:00+00:00,72,15,lower_incremental_05EA005_to_05EA002,2.6599998474121094,CMC_geps-raw_APCP_SFC_0_latlon0p5x0p5_2026080400_P072_allmbrs.grib2
GEPS,2026-08-04T00:00:00+00:00,72,15,upper_lake_chain_isle_lac_ste_anne,,CMC_geps-raw_APCP_SFC_0_latlon0p5x0p5_2026080400_P072_allmbrs.grib2
GEPS,2026-08-04T00:00:00+00:00,72,16,basin_to_05EA002,0.0,CMC_geps-raw_APCP_SFC_0_latlon0p5x0p5_2026080400_P072_allmbrs.grib2
GEPS,2026-08-04T00:00:00+00:00,72,16,lower_incremental_05EA005_to_05EA002,0.0,CMC_geps-raw_APCP_SFC_0_latlon0p5x0p5_2026080400_P072_allmbrs.grib2
GEPS,2026-08-04T00:00:00+00:00,72,16,upper_lake_chain_isle_lac_ste_anne,,CMC_geps-raw_APCP_SFC_0_latlon0p5x0p5_2026080400_P072_allmbrs.grib2
GEPS,2026-08-04T00:00:00+00:00,72,17,basin_to_05EA002,0.0,CMC_geps-raw_APCP_SFC_0_latlon0p5x0p5_2026080400_P072_allmbrs.grib2
GEPS,2026-08-04T00:00:00+00:00,72,17,lower_incremental_05EA005_to_05EA002,0.0,CMC_geps-raw_APCP_SFC_0_latlon0p5x0p5_2026080400_P072_allmbrs.grib2
GEPS,2026-08-04T00:00:00+00:00,72,17,upper_lake_chain_isle_lac_ste_anne,,CMC_geps-raw_APCP_SFC_0_latlon0p5x0p5_2026080400_P072_allmbrs.grib2
GEPS,2026-08-04T00:00:00+00:00,72,18,basin_to_05EA002,0.4399999976158142,CMC_geps-raw_APCP_SFC_0_latlon0p5x0p5_2026080400_P072_allmbrs.grib2
GEPS,2026-08-04T00:00:00+00:00,72,18,lower_incremental_05EA005_to_05EA002,0.4399999976158142,CMC_geps-raw_APCP_SFC_0_latlon0p5x0p5_2026080400_P072_allmbrs.grib2
GEPS,2026-08-04T00:00:00+00:00,72,18,upper_lake_chain_isle_lac_ste_anne,,CMC_geps-raw_APCP_SFC_0_latlon0p5x0p5_2026080400_P072_allmbrs.grib2
GEPS,2026-08-04T00:00:00+00:00,72,19,basin_to_05EA002,0.3799999952316284,CMC_geps-raw_APCP_SFC_0_latlon0p5x0p5_2026080400_P072_allmbrs.grib2
GEPS,2026-08-04T00:00:00+00:00,72,19,lower_incremental_05EA005_to_05EA002,0.3799999952316284,CMC_geps-raw_APCP_SFC_0_latlon0p5x0p5_2026080400_P072_allmbrs.grib2
GEPS,2026-08-04T00:00:00+00:00,72,19,upper_lake_chain_isle_lac_ste_anne,,CMC_geps-raw_APCP_SFC_0_latlon0p5x0p5_2026080400_P072_allmbrs.grib2
GEPS,2026-08-04T00:00:00+00:00,72,20,basin_to_05EA002,0.0,CMC_geps-raw_APCP_SFC_0_latlon0p5x0p5_2026080400_P072_allmbrs.grib2
GEPS,2026-08-04T00:00:00+00:00,72,20,lower_incremental_05EA005_to_05EA002,0.0,CMC_geps-raw_APCP_SFC_0_latlon0p5x0p5_2026080400_P072_allmbrs.grib2
GEPS,2026-08-04T00:00:00+00:00,72,20,upper_lake_chain_isle_lac_ste_anne,,CMC_geps-raw_APCP_SFC_0_latlon0p5x0p5_2026080400_P072_allmbrs.grib2
GEPS,2026-08-04T00:00:00+00:00,72,21,basin_to_05EA002,0.05999999865889549,CMC_geps-raw_APCP_SFC_0_latlon0p5x0p5_2026080400_P072_allmbrs.grib2
GEPS,2026-08-04T00:00:00+00:00,72,21,lower_incremental_05EA005_to_05EA002,0.05999999865889549,CMC_geps-raw_APCP_SFC_0_latlon0p5x0p5_2026080400_P072_allmbrs.grib2
GEPS,2026-08-04T00:00:00+00:00,72,21,upper_lake_chain_isle_lac_ste_anne,,CMC_geps-raw_APCP_SFC_0_latlon0p5x0p5_2026080400_P072_allmbrs.grib2
GEPS,2026-08-04T00:00:00+00:00,96,1,basin_to_05EA002,0.6500000357627869,CMC_geps-raw_APCP_SFC_0_latlon0p5x0p5_2026080400_P096_allmbrs.grib2
GEPS,2026-08-04T00:00:00+00:00,96,1,lower_incremental_05EA005_to_05EA002,0.6500000357627869,CMC_geps-raw_APCP_SFC_0_latlon0p5x0p5_2026080400_P096_allmbrs.grib2
GEPS,2026-08-04T00:00:00+00:00,96,1,upper_lake_chain_isle_lac_ste_anne,,CMC_geps-raw_APCP_SFC_0_latlon0p5x0p5_2026080400_P096_allmbrs.grib2
GEPS,2026-08-04T00:00:00+00:00,96,2,basin_to_05EA002,0.0,CMC_geps-raw_APCP_SFC_0_latlon0p5x0p5_2026080400_P096_allmbrs.grib2
GEPS,2026-08-04T00:00:00+00:00,96,2,lower_incremental_05EA005_to_05EA002,0.0,CMC_geps-raw_APCP_SFC_0_latlon0p5x0p5_2026080400_P096_allmbrs.grib2
GEPS,2026-08-04T00:00:00+00:00,96,2,upper_lake_chain_isle_lac_ste_anne,,CMC_geps-raw_APCP_SFC_0_latlon0p5x0p5_2026080400_P096_allmbrs.grib2
GEPS,2026-08-04T00:00:00+00:00,96,3,basin_to_05EA002,0.02500000037252903,CMC_geps-raw_APCP_SFC_0_latlon0p5x0p5_2026080400_P096_allmbrs.grib2
GEPS,2026-08-04T00:00:00+00:00,96,3,lower_incremental_05EA005_to_05EA002,0.02500000037252903,CMC_geps-raw_APCP_SFC_0_latlon0p5x0p5_2026080400_P096_allmbrs.grib2
GEPS,2026-08-04T00:00:00+00:00,96,3,upper_lake_chain_isle_lac_ste_anne,,CMC_geps-raw_APCP_SFC_0_latlon0p5x0p5_2026080400_P096_allmbrs.grib2
GEPS,2026-08-04T00:00:00+00:00,96,4,basin_to_05EA002,2.049999952316284,CMC_geps-raw_APCP_SFC_0_latlon0p5x0p5_2026080400_P096_allmbrs.grib2
GEPS,2026-08-04T00:00:00+00:00,96,4,lower_incremental_05EA005_to_05EA002,2.049999952316284,CMC_geps-raw_APCP_SFC_0_latlon0p5x0p5_2026080400_P096_allmbrs.grib2
GEPS,2026-08-04T00:00:00+00:00,96,4,upper_lake_chain_isle_lac_ste_anne,,CMC_geps-raw_APCP_SFC_0_latlon0p5x0p5_2026080400_P096_allmbrs.grib2
GEPS,2026-08-04T00:00:00+00:00,96,5,basin_to_05EA002,0.699999988079071,CMC_geps-raw_APCP_SFC_0_latlon0p5x0p5_2026080400_P096_allmbrs.grib2
GEPS,2026-08-04T00:00:00+00:00,96,5,lower_incremental_05EA005_to_05EA002,0.699999988079071,CMC_geps-raw_APCP_SFC_0_latlon0p5x0p5_2026080400_P096_allmbrs.grib2
GEPS,2026-08-04T00:00:00+00:00,96,5,upper_lake_chain_isle_lac_ste_anne,,CMC_geps-raw_APCP_SFC_0_latlon0p5x0p5_2026080400_P096_allmbrs.grib2
GEPS,2026-08-04T00:00:00+00:00,96,6,basin_to_05EA002,0.019999999552965164,CMC_geps-raw_APCP_SFC_0_latlon0p5x0p5_2026080400_P096_allmbrs.grib2
GEPS,2026-08-04T00:00:00+00:00,96,6,lower_incremental_05EA005_to_05EA002,0.019999999552965164,CMC_geps-raw_APCP_SFC_0_latlon0p5x0p5_2026080400_P096_allmbrs.grib2
GEPS,2026-08-04T00:00:00+00:00,96,6,upper_lake_chain_isle_lac_ste_anne,,CMC_geps-raw_APCP_SFC_0_latlon0p5x0p5_2026080400_P096_allmbrs.grib2
GEPS,2026-08-04T00:00:00+00:00,96,7,basin_to_05EA002,0.13750000298023224,CMC_geps-raw_APCP_SFC_0_latlon0p5x0p5_2026080400_P096_allmbrs.grib2
GEPS,2026-08-04T00:00:00+00:00,96,7,lower_incremental_05EA005_to_05EA002,0.13750000298023224,CMC_geps-raw_APCP_SFC_0_latlon0p5x0p5_2026080400_P096_allmbrs.grib2
GEPS,2026-08-04T00:00:00+00:00,96,7,upper_lake_chain_isle_lac_ste_anne,,CMC_geps-raw_APCP_SFC_0_latlon0p5x0p5_2026080400_P096_allmbrs.grib2
GEPS,2026-08-04T00:00:00+00:00,96,8,basin_to_05EA002,2.5899999141693115,CMC_geps-raw_APCP_SFC_0_latlon0p5x0p5_2026080400_P096_allmbrs.grib2
GEPS,2026-08-04T00:00:00+00:00,96,8,lower_incremental_05EA005_to_05EA002,2.5899999141693115,CMC_geps-raw_APCP_SFC_0_latlon0p5x0p5_2026080400_P096_allmbrs.grib2
GEPS,2026-08-04T00:00:00+00:00,96,8,upper_lake_chain_isle_lac_ste_anne,,CMC_geps-raw_APCP_SFC_0_latlon0p5x0p5_2026080400_P096_allmbrs.grib2
GEPS,2026-08-04T00:00:00+00:00,96,9,basin_to_05EA002,0.0,CMC_geps-raw_APCP_SFC_0_latlon0p5x0p5_2026080400_P096_allmbrs.grib2
GEPS,2026-08-04T00:00:00+00:00,96,9,lower_incremental_05EA005_to_05EA002,0.0,CMC_geps-raw_APCP_SFC_0_latlon0p5x0p5_2026080400_P096_allmbrs.grib2
GEPS,2026-08-04T00:00:00+00:00,96,9,upper_lake_chain_isle_lac_ste_anne,,CMC_geps-raw_APCP_SFC_0_latlon0p5x0p5_2026080400_P096_allmbrs.grib2
GEPS,2026-08-04T00:00:00+00:00,96,10,basin_to_05EA002,0.0,CMC_geps-raw_APCP_SFC_0_latlon0p5x0p5_2026080400_P096_allmbrs.grib2
GEPS,2026-08-04T00:00:00+00:00,96,10,lower_incremental_05EA005_to_05EA002,0.0,CMC_geps-raw_APCP_SFC_0_latlon0p5x0p5_2026080400_P096_allmbrs.grib2
GEPS,2026-08-04T00:00:00+00:00,96,10,upper_lake_chain_isle_lac_ste_anne,,CMC_geps-raw_APCP_SFC_0_latlon0p5x0p5_2026080400_P096_allmbrs.grib2
GEPS,2026-08-04T00:00:00+00:00,96,11,basin_to_05EA002,0.0,CMC_geps-raw_APCP_SFC_0_latlon0p5x0p5_2026080400_P096_allmbrs.grib2
GEPS,2026-08-04T00:00:00+00:00,96,11,lower_incremental_05EA005_to_05EA002,0.0,CMC_geps-raw_APCP_SFC_0_latlon0p5x0p5_2026080400_P096_allmbrs.grib2
GEPS,2026-08-04T00:00:00+00:00,96,11,upper_lake_chain_isle_lac_ste_anne,,CMC_geps-raw_APCP_SFC_0_latlon0p5x0p5_2026080400_P096_allmbrs.grib2
GEPS,2026-08-04T00:00:00+00:00,96,12,basin_to_05EA002,0.0,CMC_geps-raw_APCP_SFC_0_latlon0p5x0p5_2026080400_P096_allmbrs.grib2
GEPS,2026-08-04T00:00:00+00:00,96,12,lower_incremental_05EA005_to_05EA002,0.0,CMC_geps-raw_APCP_SFC_0_latlon0p5x0p5_2026080400_P096_allmbrs.grib2
GEPS,2026-08-04T00:00:00+00:00,96,12,upper_lake_chain_isle_lac_ste_anne,,CMC_geps-raw_APCP_SFC_0_latlon0p5x0p5_2026080400_P096_allmbrs.grib2
GEPS,2026-08-04T00:00:00+00:00,96,13,basin_to_05EA002,0.02500000037252903,CMC_geps-raw_APCP_SFC_0_latlon0p5x0p5_2026080400_P096_allmbrs.grib2
GEPS,2026-08-04T00:00:00+00:00,96,13,lower_incremental_05EA005_to_05EA002,0.02500000037252903,CMC_geps-raw_APCP_SFC_0_latlon0p5x0p5_2026080400_P096_allmbrs.grib2
GEPS,2026-08-04T00:00:00+00:00,96,13,upper_lake_chain_isle_lac_ste_anne,,CMC_geps-raw_APCP_SFC_0_latlon0p5x0p5_2026080400_P096_allmbrs.grib2
GEPS,2026-08-04T00:00:00+00:00,96,14,basin_to_05EA002,0.05000000074505806,CMC_geps-raw_APCP_SFC_0_latlon0p5x0p5_2026080400_P096_allmbrs.grib2
GEPS,2026-08-04T00:00:00+00:00,96,14,lower_incremental_05EA005_to_05EA002,0.05000000074505806,CMC_geps-raw_APCP_SFC_0_latlon0p5x0p5_2026080400_P096_allmbrs.grib2
GEPS,2026-08-04T00:00:00+00:00,96,14,upper_lake_chain_isle_lac_ste_anne,,CMC_geps-raw_APCP_SFC_0_latlon0p5x0p5_2026080400_P096_allmbrs.grib2
GEPS,2026-08-04T00:00:00+00:00,96,15,basin_to_05EA002,2.6599998474121094,CMC_geps-raw_APCP_SFC_0_latlon0p5x0p5_2026080400_P096_allmbrs.grib2
GEPS,2026-08-04T00:00:00+00:00,96,15,lower_incremental_05EA005_to_05EA002,2.6599998474121094,CMC_geps-raw_APCP_SFC_0_latlon0p5x0p5_2026080400_P096_allmbrs.grib2
GEPS,2026-08-04T00:00:00+00:00,96,15,upper_lake_chain_isle_lac_ste_anne,,CMC_geps-raw_APCP_SFC_0_latlon0p5x0p5_2026080400_P096_allmbrs.grib2
GEPS,2026-08-04T00:00:00+00:00,96,16,basin_to_05EA002,0.0,CMC_geps-raw_APCP_SFC_0_latlon0p5x0p5_2026080400_P096_allmbrs.grib2
GEPS,2026-08-04T00:00:00+00:00,96,16,lower_incremental_05EA005_to_05EA002,0.0,CMC_geps-raw_APCP_SFC_0_latlon0p5x0p5_2026080400_P096_allmbrs.grib2
GEPS,2026-08-04T00:00:00+00:00,96,16,upper_lake_chain_isle_lac_ste_anne,,CMC_geps-raw_APCP_SFC_0_latlon0p5x0p5_2026080400_P096_allmbrs.grib2
GEPS,2026-08-04T00:00:00+00:00,96,17,basin_to_05EA002,0.22500000894069672,CMC_geps-raw_APCP_SFC_0_latlon0p5x0p5_2026080400_P096_allmbrs.grib2
GEPS,2026-08-04T00:00:00+00:00,96,17,lower_incremental_05EA005_to_05EA002,0.22500000894069672,CMC_geps-raw_APCP_SFC_0_latlon0p5x0p5_2026080400_P096_allmbrs.grib2
GEPS,2026-08-04T00:00:00+00:00,96,17,upper_lake_chain_isle_lac_ste_anne,,CMC_geps-raw_APCP_SFC_0_latlon0p5x0p5_2026080400_P096_allmbrs.grib2
GEPS,2026-08-04T00:00:00+00:00,96,18,basin_to_05EA002,0.4399999976158142,CMC_geps-raw_APCP_SFC_0_latlon0p5x0p5_2026080400_P096_allmbrs.grib2
GEPS,2026-08-04T00:00:00+00:00,96,18,lower_incremental_05EA005_to_05EA002,0.4399999976158142,CMC_geps-raw_APCP_SFC_0_latlon0p5x0p5_2026080400_P096_allmbrs.grib2
GEPS,2026-08-04T00:00:00+00:00,96,18,upper_lake_chain_isle_lac_ste_anne,,CMC_geps-raw_APCP_SFC_0_latlon0p5x0p5_2026080400_P096_allmbrs.grib2
GEPS,2026-08-04T00:00:00+00:00,96,19,basin_to_05EA002,1.0699999332427979,CMC_geps-raw_APCP_SFC_0_latlon0p5x0p5_2026080400_P096_allmbrs.grib2
GEPS,2026-08-04T00:00:00+00:00,96,19,lower_incremental_05EA005_to_05EA002,1.0699999332427979,CMC_geps-raw_APCP_SFC_0_latlon0p5x0p5_2026080400_P096_allmbrs.grib2
GEPS,2026-08-04T00:00:00+00:00,96,19,upper_lake_chain_isle_lac_ste_anne,,CMC_geps-raw_APCP_SFC_0_latlon0p5x0p5_2026080400_P096_allmbrs.grib2
GEPS,2026-08-04T00:00:00+00:00,96,20,basin_to_05EA002,0.0,CMC_geps-raw_APCP_SFC_0_latlon0p5x0p5_2026080400_P096_allmbrs.grib2
GEPS,2026-08-04T00:00:00+00:00,96,20,lower_incremental_05EA005_to_05EA002,0.0,CMC_geps-raw_APCP_SFC_0_latlon0p5x0p5_2026080400_P096_allmbrs.grib2
GEPS,2026-08-04T00:00:00+00:00,96,20,upper_lake_chain_isle_lac_ste_anne,,CMC_geps-raw_APCP_SFC_0_latlon0p5x0p5_2026080400_P096_allmbrs.grib2
GEPS,2026-08-04T00:00:00+00:00,96,21,basin_to_05EA002,0.05000000074505806,CMC_geps-raw_APCP_SFC_0_latlon0p5x0p5_2026080400_P096_allmbrs.grib2
GEPS,2026-08-04T00:00:00+00:00,96,21,lower_incremental_05EA005_to_05EA002,0.05000000074505806,CMC_geps-raw_APCP_SFC_0_latlon0p5x0p5_2026080400_P096_allmbrs.grib2
GEPS,2026-08-04T00:00:00+00:00,96,21,upper_lake_chain_isle_lac_ste_anne,,CMC_geps-raw_APCP_SFC_0_latlon0p5x0p5_2026080400_P096_allmbrs.grib2
GEPS,2026-08-04T00:00:00+00:00,120,1,basin_to_05EA002,4.075000286102295,CMC_geps-raw_APCP_SFC_0_latlon0p5x0p5_2026080400_P120_allmbrs.grib2
GEPS,2026-08-04T00:00:00+00:00,120,1,lower_incremental_05EA005_to_05EA002,4.075000286102295,CMC_geps-raw_APCP_SFC_0_latlon0p5x0p5_2026080400_P120_allmbrs.grib2
GEPS,2026-08-04T00:00:00+00:00,120,1,upper_lake_chain_isle_lac_ste_anne,,CMC_geps-raw_APCP_SFC_0_latlon0p5x0p5_2026080400_P120_allmbrs.grib2
GEPS,2026-08-04T00:00:00+00:00,120,2,basin_to_05EA002,6.700000286102295,CMC_geps-raw_APCP_SFC_0_latlon0p5x0p5_2026080400_P120_allmbrs.grib2
GEPS,2026-08-04T00:00:00+00:00,120,2,lower_incremental_05EA005_to_05EA002,6.700000286102295,CMC_geps-raw_APCP_SFC_0_latlon0p5x0p5_2026080400_P120_allmbrs.grib2
GEPS,2026-08-04T00:00:00+00:00,120,2,upper_lake_chain_isle_lac_ste_anne,,CMC_geps-raw_APCP_SFC_0_latlon0p5x0p5_2026080400_P120_allmbrs.grib2
GEPS,2026-08-04T00:00:00+00:00,120,3,basin_to_05EA002,0.02500000037252903,CMC_geps-raw_APCP_SFC_0_latlon0p5x0p5_2026080400_P120_allmbrs.grib2
GEPS,2026-08-04T00:00:00+00:00,120,3,lower_incremental_05EA005_to_05EA002,0.02500000037252903,CMC_geps-raw_APCP_SFC_0_latlon0p5x0p5_2026080400_P120_allmbrs.grib2
GEPS,2026-08-04T00:00:00+00:00,120,3,upper_lake_chain_isle_lac_ste_anne,,CMC_geps-raw_APCP_SFC_0_latlon0p5x0p5_2026080400_P120_allmbrs.grib2
GEPS,2026-08-04T00:00:00+00:00,120,4,basin_to_05EA002,2.049999952316284,CMC_geps-raw_APCP_SFC_0_latlon0p5x0p5_2026080400_P120_allmbrs.grib2
GEPS,2026-08-04T00:00:00+00:00,120,4,lower_incremental_05EA005_to_05EA002,2.049999952316284,CMC_geps-raw_APCP_SFC_0_latlon0p5x0p5_2026080400_P120_allmbrs.grib2
GEPS,2026-08-04T00:00:00+00:00,120,4,upper_lake_chain_isle_lac_ste_anne,,CMC_geps-raw_APCP_SFC_0_latlon0p5x0p5_2026080400_P120_allmbrs.grib2
GEPS,2026-08-04T00:00:00+00:00,120,5,basin_to_05EA002,1.9250000715255737,CMC_geps-raw_APCP_SFC_0_latlon0p5x0p5_2026080400_P120_allmbrs.grib2
GEPS,2026-08-04T00:00:00+00:00,120,5,lower_incremental_05EA005_to_05EA002,1.9250000715255737,CMC_geps-raw_APCP_SFC_0_latlon0p5x0p5_2026080400_P120_allmbrs.grib2
GEPS,2026-08-04T00:00:00+00:00,120,5,upper_lake_chain_isle_lac_ste_anne,,CMC_geps-raw_APCP_SFC_0_latlon0p5x0p5_2026080400_P120_allmbrs.grib2
GEPS,2026-08-04T00:00:00+00:00,120,6,basin_to_05EA002,0.7125000357627869,CMC_geps-raw_APCP_SFC_0_latlon0p5x0p5_2026080400_P120_allmbrs.grib2
GEPS,2026-08-04T00:00:00+00:00,120,6,lower_incremental_05EA005_to_05EA002,0.7125000357627869,CMC_geps-raw_APCP_SFC_0_latlon0p5x0p5_2026080400_P120_allmbrs.grib2
GEPS,2026-08-04T00:00:00+00:00,120,6,upper_lake_chain_isle_lac_ste_anne,,CMC_geps-raw_APCP_SFC_0_latlon0p5x0p5_2026080400_P120_allmbrs.grib2
GEPS,2026-08-04T00:00:00+00:00,120,7,basin_to_05EA002,0.4375,CMC_geps-raw_APCP_SFC_0_latlon0p5x0p5_2026080400_P120_allmbrs.grib2
GEPS,2026-08-04T00:00:00+00:00,120,7,lower_incremental_05EA005_to_05EA002,0.4375,CMC_geps-raw_APCP_SFC_0_latlon0p5x0p5_2026080400_P120_allmbrs.grib2
GEPS,2026-08-04T00:00:00+00:00,120,7,upper_lake_chain_isle_lac_ste_anne,,CMC_geps-raw_APCP_SFC_0_latlon0p5x0p5_2026080400_P120_allmbrs.grib2
GEPS,2026-08-04T00:00:00+00:00,120,8,basin_to_05EA002,5.962500095367432,CMC_geps-raw_APCP_SFC_0_latlon0p5x0p5_2026080400_P120_allmbrs.grib2
GEPS,2026-08-04T00:00:00+00:00,120,8,lower_incremental_05EA005_to_05EA002,5.962500095367432,CMC_geps-raw_APCP_SFC_0_latlon0p5x0p5_2026080400_P120_allmbrs.grib2
GEPS,2026-08-04T00:00:00+00:00,120,8,upper_lake_chain_isle_lac_ste_anne,,CMC_geps-raw_APCP_SFC_0_latlon0p5x0p5_2026080400_P120_allmbrs.grib2
GEPS,2026-08-04T00:00:00+00:00,120,9,basin_to_05EA002,0.3199999928474426,CMC_geps-raw_APCP_SFC_0_latlon0p5x0p5_2026080400_P120_allmbrs.grib2
GEPS,2026-08-04T00:00:00+00:00,120,9,lower_incremental_05EA005_to_05EA002,0.3199999928474426,CMC_geps-raw_APCP_SFC_0_latlon0p5x0p5_2026080400_P120_allmbrs.grib2
GEPS,2026-08-04T00:00:00+00:00,120,9,upper_lake_chain_isle_lac_ste_anne,,CMC_geps-raw_APCP_SFC_0_latlon0p5x0p5_2026080400_P120_allmbrs.grib2
GEPS,2026-08-04T00:00:00+00:00,120,10,basin_to_05EA002,0.08749999850988388,CMC_geps-raw_APCP_SFC_0_latlon0p5x0p5_2026080400_P120_allmbrs.grib2
GEPS,2026-08-04T00:00:00+00:00,120,10,lower_incremental_05EA005_to_05EA002,0.08749999850988388,CMC_geps-raw_APCP_SFC_0_latlon0p5x0p5_2026080400_P120_allmbrs.grib2
GEPS,2026-08-04T00:00:00+00:00,120,10,upper_lake_chain_isle_lac_ste_anne,,CMC_geps-raw_APCP_SFC_0_latlon0p5x0p5_2026080400_P120_allmbrs.grib2
GEPS,2026-08-04T00:00:00+00:00,120,11,basin_to_05EA002,3.1999998092651367,CMC_geps-raw_APCP_SFC_0_latlon0p5x0p5_2026080400_P120_allmbrs.grib2
GEPS,2026-08-04T00:00:00+00:00,120,11,lower_incremental_05EA005_to_05EA002,3.1999998092651367,CMC_geps-raw_APCP_SFC_0_latlon0p5x0p5_2026080400_P120_allmbrs.grib2
GEPS,2026-08-04T00:00:00+00:00,120,11,upper_lake_chain_isle_lac_ste_anne,,CMC_geps-raw_APCP_SFC_0_latlon0p5x0p5_2026080400_P120_allmbrs.grib2
GEPS,2026-08-04T00:00:00+00:00,120,12,basin_to_05EA002,0.0,CMC_geps-raw_APCP_SFC_0_latlon0p5x0p5_2026080400_P120_allmbrs.grib2
GEPS,2026-08-04T00:00:00+00:00,120,12,lower_incremental_05EA005_to_05EA002,0.0,CMC_geps-raw_APCP_SFC_0_latlon0p5x0p5_2026080400_P120_allmbrs.grib2
GEPS,2026-08-04T00:00:00+00:00,120,12,upper_lake_chain_isle_lac_ste_anne,,CMC_geps-raw_APCP_SFC_0_latlon0p5x0p5_2026080400_P120_allmbrs.grib2
GEPS,2026-08-04T00:00:00+00:00,120,13,basin_to_05EA002,0.762499988079071,CMC_geps-raw_APCP_SFC_0_latlon0p5x0p5_2026080400_P120_allmbrs.grib2
GEPS,2026-08-04T00:00:00+00:00,120,13,lower_incremental_05EA005_to_05EA002,0.762499988079071,CMC_geps-raw_APCP_SFC_0_latlon0p5x0p5_2026080400_P120_allmbrs.grib2
GEPS,2026-08-04T00:00:00+00:00,120,13,upper_lake_chain_isle_lac_ste_anne,,CMC_geps-raw_APCP_SFC_0_latlon0p5x0p5_2026080400_P120_allmbrs.grib2
GEPS,2026-08-04T00:00:00+00:00,120,14,basin_to_05EA002,0.05000000074505806,CMC_geps-raw_APCP_SFC_0_latlon0p5x0p5_2026080400_P120_allmbrs.grib2
GEPS,2026-08-04T00:00:00+00:00,120,14,lower_incremental_05EA005_to_05EA002,0.05000000074505806,CMC_geps-raw_APCP_SFC_0_latlon0p5x0p5_2026080400_P120_allmbrs.grib2
GEPS,2026-08-04T00:00:00+00:00,120,14,upper_lake_chain_isle_lac_ste_anne,,CMC_geps-raw_APCP_SFC_0_latlon0p5x0p5_2026080400_P120_allmbrs.grib2
GEPS,2026-08-04T00:00:00+00:00,120,15,basin_to_05EA002,5.112500190734863,CMC_geps-raw_APCP_SFC_0_latlon0p5x0p5_2026080400_P120_allmbrs.grib2
GEPS,2026-08-04T00:00:00+00:00,120,15,lower_incremental_05EA005_to_05EA002,5.112500190734863,CMC_geps-raw_APCP_SFC_0_latlon0p5x0p5_2026080400_P120_allmbrs.grib2
GEPS,2026-08-04T00:00:00+00:00,120,15,upper_lake_chain_isle_lac_ste_anne,,CMC_geps-raw_APCP_SFC_0_latlon0p5x0p5_2026080400_P120_allmbrs.grib2
GEPS,2026-08-04T00:00:00+00:00,120,16,basin_to_05EA002,0.05999999865889549,CMC_geps-raw_APCP_SFC_0_latlon0p5x0p5_2026080400_P120_allmbrs.grib2
GEPS,2026-08-04T00:00:00+00:00,120,16,lower_incremental_05EA005_to_05EA002,0.05999999865889549,CMC_geps-raw_APCP_SFC_0_latlon0p5x0p5_2026080400_P120_allmbrs.grib2
GEPS,2026-08-04T00:00:00+00:00,120,16,upper_lake_chain_isle_lac_ste_anne,,CMC_geps-raw_APCP_SFC_0_latlon0p5x0p5_2026080400_P120_allmbrs.grib2
GEPS,2026-08-04T00:00:00+00:00,120,17,basin_to_05EA002,11.475000381469727,CMC_geps-raw_APCP_SFC_0_latlon0p5x0p5_2026080400_P120_allmbrs.grib2
GEPS,2026-08-04T00:00:00+00:00,120,17,lower_incremental_05EA005_to_05EA002,11.475000381469727,CMC_geps-raw_APCP_SFC_0_latlon0p5x0p5_2026080400_P120_allmbrs.grib2
GEPS,2026-08-04T00:00:00+00:00,120,17,upper_lake_chain_isle_lac_ste_anne,,CMC_geps-raw_APCP_SFC_0_latlon0p5x0p5_2026080400_P120_allmbrs.grib2
GEPS,2026-08-04T00:00:00+00:00,120,18,basin_to_05EA002,0.737500011920929,CMC_geps-raw_APCP_SFC_0_latlon0p5x0p5_2026080400_P120_allmbrs.grib2
GEPS,2026-08-04T00:00:00+00:00,120,18,lower_incremental_05EA005_to_05EA002,0.737500011920929,CMC_geps-raw_APCP_SFC_0_latlon0p5x0p5_2026080400_P120_allmbrs.grib2
GEPS,2026-08-04T00:00:00+00:00,120,18,upper_lake_chain_isle_lac_ste_anne,,CMC_geps-raw_APCP_SFC_0_latlon0p5x0p5_2026080400_P120_allmbrs.grib2
GEPS,2026-08-04T00:00:00+00:00,120,19,basin_to_05EA002,1.9799998998641968,CMC_geps-raw_APCP_SFC_0_latlon0p5x0p5_2026080400_P120_allmbrs.grib2
GEPS,2026-08-04T00:00:00+00:00,120,19,lower_incremental_05EA005_to_05EA002,1.9799998998641968,CMC_geps-raw_APCP_SFC_0_latlon0p5x0p5_2026080400_P120_allmbrs.grib2
GEPS,2026-08-04T00:00:00+00:00,120,19,upper_lake_chain_isle_lac_ste_anne,,CMC_geps-raw_APCP_SFC_0_latlon0p5x0p5_2026080400_P120_allmbrs.grib2
GEPS,2026-08-04T00:00:00+00:00,120,20,basin_to_05EA002,0.07999999821186066,CMC_geps-raw_APCP_SFC_0_latlon0p5x0p5_2026080400_P120_allmbrs.grib2
GEPS,2026-08-04T00:00:00+00:00,120,20,lower_incremental_05EA005_to_05EA002,0.07999999821186066,CMC_geps-raw_APCP_SFC_0_latlon0p5x0p5_2026080400_P120_allmbrs.grib2
GEPS,2026-08-04T00:00:00+00:00,120,20,upper_lake_chain_isle_lac_ste_anne,,CMC_geps-raw_APCP_SFC_0_latlon0p5x0p5_2026080400_P120_allmbrs.grib2
GEPS,2026-08-04T00:00:00+00:00,120,21,basin_to_05EA002,0.6000000238418579,CMC_geps-raw_APCP_SFC_0_latlon0p5x0p5_2026080400_P120_allmbrs.grib2
GEPS,2026-08-04T00:00:00+00:00,120,21,lower_incremental_05EA005_to_05EA002,0.6000000238418579,CMC_geps-raw_APCP_SFC_0_latlon0p5x0p5_2026080400_P120_allmbrs.grib2
GEPS,2026-08-04T00:00:00+00:00,120,21,upper_lake_chain_isle_lac_ste_anne,,CMC_geps-raw_APCP_SFC_0_latlon0p5x0p5_2026080400_P120_allmbrs.grib2
GEPS,2026-08-04T00:00:00+00:00,144,1,basin_to_05EA002,5.849999904632568,CMC_geps-raw_APCP_SFC_0_latlon0p5x0p5_2026080400_P144_allmbrs.grib2
GEPS,2026-08-04T00:00:00+00:00,144,1,lower_incremental_05EA005_to_05EA002,5.849999904632568,CMC_geps-raw_APCP_SFC_0_latlon0p5x0p5_2026080400_P144_allmbrs.grib2
GEPS,2026-08-04T00:00:00+00:00,144,1,upper_lake_chain_isle_lac_ste_anne,,CMC_geps-raw_APCP_SFC_0_latlon0p5x0p5_2026080400_P144_allmbrs.grib2
GEPS,2026-08-04T00:00:00+00:00,144,2,basin_to_05EA002,9.912500381469727,CMC_geps-raw_APCP_SFC_0_latlon0p5x0p5_2026080400_P144_allmbrs.grib2
GEPS,2026-08-04T00:00:00+00:00,144,2,lower_incremental_05EA005_to_05EA002,9.912500381469727,CMC_geps-raw_APCP_SFC_0_latlon0p5x0p5_2026080400_P144_allmbrs.grib2
GEPS,2026-08-04T00:00:00+00:00,144,2,upper_lake_chain_isle_lac_ste_anne,,CMC_geps-raw_APCP_SFC_0_latlon0p5x0p5_2026080400_P144_allmbrs.grib2
GEPS,2026-08-04T00:00:00+00:00,144,3,basin_to_05EA002,1.287500023841858,CMC_geps-raw_APCP_SFC_0_latlon0p5x0p5_2026080400_P144_allmbrs.grib2
GEPS,2026-08-04T00:00:00+00:00,144,3,lower_incremental_05EA005_to_05EA002,1.287500023841858,CMC_geps-raw_APCP_SFC_0_latlon0p5x0p5_2026080400_P144_allmbrs.grib2
GEPS,2026-08-04T00:00:00+00:00,144,3,upper_lake_chain_isle_lac_ste_anne,,CMC_geps-raw_APCP_SFC_0_latlon0p5x0p5_2026080400_P144_allmbrs.grib2
GEPS,2026-08-04T00:00:00+00:00,144,4,basin_to_05EA002,3.637500047683716,CMC_geps-raw_APCP_SFC_0_latlon0p5x0p5_2026080400_P144_allmbrs.grib2
GEPS,2026-08-04T00:00:00+00:00,144,4,lower_incremental_05EA005_to_05EA002,3.637500047683716,CMC_geps-raw_APCP_SFC_0_latlon0p5x0p5_2026080400_P144_allmbrs.grib2
GEPS,2026-08-04T00:00:00+00:00,144,4,upper_lake_chain_isle_lac_ste_anne,,CMC_geps-raw_APCP_SFC_0_latlon0p5x0p5_2026080400_P144_allmbrs.grib2
GEPS,2026-08-04T00:00:00+00:00,144,5,basin_to_05EA002,2.6500000953674316,CMC_geps-raw_APCP_SFC_0_latlon0p5x0p5_2026080400_P144_allmbrs.grib2
GEPS,2026-08-04T00:00:00+00:00,144,5,lower_incremental_05EA005_to_05EA002,2.6500000953674316,CMC_geps-raw_APCP_SFC_0_latlon0p5x0p5_2026080400_P144_allmbrs.grib2
GEPS,2026-08-04T00:00:00+00:00,144,5,upper_lake_chain_isle_lac_ste_anne,,CMC_geps-raw_APCP_SFC_0_latlon0p5x0p5_2026080400_P144_allmbrs.grib2
GEPS,2026-08-04T00:00:00+00:00,144,6,basin_to_05EA002,8.0,CMC_geps-raw_APCP_SFC_0_latlon0p5x0p5_2026080400_P144_allmbrs.grib2
GEPS,2026-08-04T00:00:00+00:00,144,6,lower_incremental_05EA005_to_05EA002,8.0,CMC_geps-raw_APCP_SFC_0_latlon0p5x0p5_2026080400_P144_allmbrs.grib2
GEPS,2026-08-04T00:00:00+00:00,144,6,upper_lake_chain_isle_lac_ste_anne,,CMC_geps-raw_APCP_SFC_0_latlon0p5x0p5_2026080400_P144_allmbrs.grib2
GEPS,2026-08-04T00:00:00+00:00,144,7,basin_to_05EA002,14.050000190734863,CMC_geps-raw_APCP_SFC_0_latlon0p5x0p5_2026080400_P144_allmbrs.grib2
GEPS,2026-08-04T00:00:00+00:00,144,7,lower_incremental_05EA005_to_05EA002,14.050000190734863,CMC_geps-raw_APCP_SFC_0_latlon0p5x0p5_2026080400_P144_allmbrs.grib2
GEPS,2026-08-04T00:00:00+00:00,144,7,upper_lake_chain_isle_lac_ste_anne,,CMC_geps-raw_APCP_SFC_0_latlon0p5x0p5_2026080400_P144_allmbrs.grib2
GEPS,2026-08-04T00:00:00+00:00,144,8,basin_to_05EA002,33.22500228881836,CMC_geps-raw_APCP_SFC_0_latlon0p5x0p5_2026080400_P144_allmbrs.grib2
GEPS,2026-08-04T00:00:00+00:00,144,8,lower_incremental_05EA005_to_05EA002,33.22500228881836,CMC_geps-raw_APCP_SFC_0_latlon0p5x0p5_2026080400_P144_allmbrs.grib2
GEPS,2026-08-04T00:00:00+00:00,144,8,upper_lake_chain_isle_lac_ste_anne,,CMC_geps-raw_APCP_SFC_0_latlon0p5x0p5_2026080400_P144_allmbrs.grib2
GEPS,2026-08-04T00:00:00+00:00,144,9,basin_to_05EA002,0.8899999856948853,CMC_geps-raw_APCP_SFC_0_latlon0p5x0p5_2026080400_P144_allmbrs.grib2
GEPS,2026-08-04T00:00:00+00:00,144,9,lower_incremental_05EA005_to_05EA002,0.8899999856948853,CMC_geps-raw_APCP_SFC_0_latlon0p5x0p5_2026080400_P144_allmbrs.grib2
GEPS,2026-08-04T00:00:00+00:00,144,9,upper_lake_chain_isle_lac_ste_anne,,CMC_geps-raw_APCP_SFC_0_latlon0p5x0p5_2026080400_P144_allmbrs.grib2
GEPS,2026-08-04T00:00:00+00:00,144,10,basin_to_05EA002,0.875,CMC_geps-raw_APCP_SFC_0_latlon0p5x0p5_2026080400_P144_allmbrs.grib2
GEPS,2026-08-04T00:00:00+00:00,144,10,lower_incremental_05EA005_to_05EA002,0.875,CMC_geps-raw_APCP_SFC_0_latlon0p5x0p5_2026080400_P144_allmbrs.grib2
GEPS,2026-08-04T00:00:00+00:00,144,10,upper_lake_chain_isle_lac_ste_anne,,CMC_geps-raw_APCP_SFC_0_latlon0p5x0p5_2026080400_P144_allmbrs.grib2
GEPS,2026-08-04T00:00:00+00:00,144,11,basin_to_05EA002,17.92500114440918,CMC_geps-raw_APCP_SFC_0_latlon0p5x0p5_2026080400_P144_allmbrs.grib2
GEPS,2026-08-04T00:00:00+00:00,144,11,lower_incremental_05EA005_to_05EA002,17.92500114440918,CMC_geps-raw_APCP_SFC_0_latlon0p5x0p5_2026080400_P144_allmbrs.grib2
GEPS,2026-08-04T00:00:00+00:00,144,11,upper_lake_chain_isle_lac_ste_anne,,CMC_geps-raw_APCP_SFC_0_latlon0p5x0p5_2026080400_P144_allmbrs.grib2
GEPS,2026-08-04T00:00:00+00:00,144,12,basin_to_05EA002,6.480000019073486,CMC_geps-raw_APCP_SFC_0_latlon0p5x0p5_2026080400_P144_allmbrs.grib2
GEPS,2026-08-04T00:00:00+00:00,144,12,lower_incremental_05EA005_to_05EA002,6.480000019073486,CMC_geps-raw_APCP_SFC_0_latlon0p5x0p5_2026080400_P144_allmbrs.grib2
GEPS,2026-08-04T00:00:00+00:00,144,12,upper_lake_chain_isle_lac_ste_anne,,CMC_geps-raw_APCP_SFC_0_latlon0p5x0p5_2026080400_P144_allmbrs.grib2
GEPS,2026-08-04T00:00:00+00:00,144,13,basin_to_05EA002,3.6000001430511475,CMC_geps-raw_APCP_SFC_0_latlon0p5x0p5_2026080400_P144_allmbrs.grib2
GEPS,2026-08-04T00:00:00+00:00,144,13,lower_incremental_05EA005_to_05EA002,3.6000001430511475,CMC_geps-raw_APCP_SFC_0_latlon0p5x0p5_2026080400_P144_allmbrs.grib2
GEPS,2026-08-04T00:00:00+00:00,144,13,upper_lake_chain_isle_lac_ste_anne,,CMC_geps-raw_APCP_SFC_0_latlon0p5x0p5_2026080400_P144_allmbrs.grib2
GEPS,2026-08-04T00:00:00+00:00,144,14,basin_to_05EA002,5.724999904632568,CMC_geps-raw_APCP_SFC_0_latlon0p5x0p5_2026080400_P144_allmbrs.grib2
GEPS,2026-08-04T00:00:00+00:00,144,14,lower_incremental_05EA005_to_05EA002,5.724999904632568,CMC_geps-raw_APCP_SFC_0_latlon0p5x0p5_2026080400_P144_allmbrs.grib2
GEPS,2026-08-04T00:00:00+00:00,144,14,upper_lake_chain_isle_lac_ste_anne,,CMC_geps-raw_APCP_SFC_0_latlon0p5x0p5_2026080400_P144_allmbrs.grib2
GEPS,2026-08-04T00:00:00+00:00,144,15,basin_to_05EA002,7.287499904632568,CMC_geps-raw_APCP_SFC_0_latlon0p5x0p5_2026080400_P144_allmbrs.grib2
GEPS,2026-08-04T00:00:00+00:00,144,15,lower_incremental_05EA005_to_05EA002,7.287499904632568,CMC_geps-raw_APCP_SFC_0_latlon0p5x0p5_2026080400_P144_allmbrs.grib2
GEPS,2026-08-04T00:00:00+00:00,144,15,upper_lake_chain_isle_lac_ste_anne,,CMC_geps-raw_APCP_SFC_0_latlon0p5x0p5_2026080400_P144_allmbrs.grib2
GEPS,2026-08-04T00:00:00+00:00,144,16,basin_to_05EA002,17.23750114440918,CMC_geps-raw_APCP_SFC_0_latlon0p5x0p5_2026080400_P144_allmbrs.grib2
GEPS,2026-08-04T00:00:00+00:00,144,16,lower_incremental_05EA005_to_05EA002,17.23750114440918,CMC_geps-raw_APCP_SFC_0_latlon0p5x0p5_2026080400_P144_allmbrs.grib2
GEPS,2026-08-04T00:00:00+00:00,144,16,upper_lake_chain_isle_lac_ste_anne,,CMC_geps-raw_APCP_SFC_0_latlon0p5x0p5_2026080400_P144_allmbrs.grib2
GEPS,2026-08-04T00:00:00+00:00,144,17,basin_to_05EA002,28.1875,CMC_geps-raw_APCP_SFC_0_latlon0p5x0p5_2026080400_P144_allmbrs.grib2
GEPS,2026-08-04T00:00:00+00:00,144,17,lower_incremental_05EA005_to_05EA002,28.1875,CMC_geps-raw_APCP_SFC_0_latlon0p5x0p5_2026080400_P144_allmbrs.grib2
GEPS,2026-08-04T00:00:00+00:00,144,17,upper_lake_chain_isle_lac_ste_anne,,CMC_geps-raw_APCP_SFC_0_latlon0p5x0p5_2026080400_P144_allmbrs.grib2
GEPS,2026-08-04T00:00:00+00:00,144,18,basin_to_05EA002,2.125,CMC_geps-raw_APCP_SFC_0_latlon0p5x0p5_2026080400_P144_allmbrs.grib2
GEPS,2026-08-04T00:00:00+00:00,144,18,lower_incremental_05EA005_to_05EA002,2.125,CMC_geps-raw_APCP_SFC_0_latlon0p5x0p5_2026080400_P144_allmbrs.grib2
GEPS,2026-08-04T00:00:00+00:00,144,18,upper_lake_chain_isle_lac_ste_anne,,CMC_geps-raw_APCP_SFC_0_latlon0p5x0p5_2026080400_P144_allmbrs.grib2
GEPS,2026-08-04T00:00:00+00:00,144,19,basin_to_05EA002,2.7799999713897705,CMC_geps-raw_APCP_SFC_0_latlon0p5x0p5_2026080400_P144_allmbrs.grib2
GEPS,2026-08-04T00:00:00+00:00,144,19,lower_incremental_05EA005_to_05EA002,2.7799999713897705,CMC_geps-raw_APCP_SFC_0_latlon0p5x0p5_2026080400_P144_allmbrs.grib2
GEPS,2026-08-04T00:00:00+00:00,144,19,upper_lake_chain_isle_lac_ste_anne,,CMC_geps-raw_APCP_SFC_0_latlon0p5x0p5_2026080400_P144_allmbrs.grib2
GEPS,2026-08-04T00:00:00+00:00,144,20,basin_to_05EA002,2.3499999046325684,CMC_geps-raw_APCP_SFC_0_latlon0p5x0p5_2026080400_P144_allmbrs.grib2
GEPS,2026-08-04T00:00:00+00:00,144,20,lower_incremental_05EA005_to_05EA002,2.3499999046325684,CMC_geps-raw_APCP_SFC_0_latlon0p5x0p5_2026080400_P144_allmbrs.grib2
GEPS,2026-08-04T00:00:00+00:00,144,20,upper_lake_chain_isle_lac_ste_anne,,CMC_geps-raw_APCP_SFC_0_latlon0p5x0p5_2026080400_P144_allmbrs.grib2
GEPS,2026-08-04T00:00:00+00:00,144,21,basin_to_05EA002,14.5,CMC_geps-raw_APCP_SFC_0_latlon0p5x0p5_2026080400_P144_allmbrs.grib2
GEPS,2026-08-04T00:00:00+00:00,144,21,lower_incremental_05EA005_to_05EA002,14.5,CMC_geps-raw_APCP_SFC_0_latlon0p5x0p5_2026080400_P144_allmbrs.grib2
GEPS,2026-08-04T00:00:00+00:00,144,21,upper_lake_chain_isle_lac_ste_anne,,CMC_geps-raw_APCP_SFC_0_latlon0p5x0p5_2026080400_P144_allmbrs.grib2
GEPS,2026-08-04T00:00:00+00:00,168,1,basin_to_05EA002,9.77500057220459,CMC_geps-raw_APCP_SFC_0_latlon0p5x0p5_2026080400_P168_allmbrs.grib2
GEPS,2026-08-04T00:00:00+00:00,168,1,lower_incremental_05EA005_to_05EA002,9.77500057220459,CMC_geps-raw_APCP_SFC_0_latlon0p5x0p5_2026080400_P168_allmbrs.grib2
GEPS,2026-08-04T00:00:00+00:00,168,1,upper_lake_chain_isle_lac_ste_anne,,CMC_geps-raw_APCP_SFC_0_latlon0p5x0p5_2026080400_P168_allmbrs.grib2
GEPS,2026-08-04T00:00:00+00:00,168,2,basin_to_05EA002,14.787500381469727,CMC_geps-raw_APCP_SFC_0_latlon0p5x0p5_2026080400_P168_allmbrs.grib2
GEPS,2026-08-04T00:00:00+00:00,168,2,lower_incremental_05EA005_to_05EA002,14.787500381469727,CMC_geps-raw_APCP_SFC_0_latlon0p5x0p5_2026080400_P168_allmbrs.grib2
GEPS,2026-08-04T00:00:00+00:00,168,2,upper_lake_chain_isle_lac_ste_anne,,CMC_geps-raw_APCP_SFC_0_latlon0p5x0p5_2026080400_P168_allmbrs.grib2
GEPS,2026-08-04T00:00:00+00:00,168,3,basin_to_05EA002,1.350000023841858,CMC_geps-raw_APCP_SFC_0_latlon0p5x0p5_2026080400_P168_allmbrs.grib2
GEPS,2026-08-04T00:00:00+00:00,168,3,lower_incremental_05EA005_to_05EA002,1.350000023841858,CMC_geps-raw_APCP_SFC_0_latlon0p5x0p5_2026080400_P168_allmbrs.grib2
GEPS,2026-08-04T00:00:00+00:00,168,3,upper_lake_chain_isle_lac_ste_anne,,CMC_geps-raw_APCP_SFC_0_latlon0p5x0p5_2026080400_P168_allmbrs.grib2
GEPS,2026-08-04T00:00:00+00:00,168,4,basin_to_05EA002,11.0625,CMC_geps-raw_APCP_SFC_0_latlon0p5x0p5_2026080400_P168_allmbrs.grib2
GEPS,2026-08-04T00:00:00+00:00,168,4,lower_incremental_05EA005_to_05EA002,11.0625,CMC_geps-raw_APCP_SFC_0_latlon0p5x0p5_2026080400_P168_allmbrs.grib2
GEPS,2026-08-04T00:00:00+00:00,168,4,upper_lake_chain_isle_lac_ste_anne,,CMC_geps-raw_APCP_SFC_0_latlon0p5x0p5_2026080400_P168_allmbrs.grib2
GEPS,2026-08-04T00:00:00+00:00,168,5,basin_to_05EA002,2.924999952316284,CMC_geps-raw_APCP_SFC_0_latlon0p5x0p5_2026080400_P168_allmbrs.grib2
GEPS,2026-08-04T00:00:00+00:00,168,5,lower_incremental_05EA005_to_05EA002,2.924999952316284,CMC_geps-raw_APCP_SFC_0_latlon0p5x0p5_2026080400_P168_allmbrs.grib2
GEPS,2026-08-04T00:00:00+00:00,168,5,upper_lake_chain_isle_lac_ste_anne,,CMC_geps-raw_APCP_SFC_0_latlon0p5x0p5_2026080400_P168_allmbrs.grib2
GEPS,2026-08-04T00:00:00+00:00,168,6,basin_to_05EA002,14.25,CMC_geps-raw_APCP_SFC_0_latlon0p5x0p5_2026080400_P168_allmbrs.grib2
GEPS,2026-08-04T00:00:00+00:00,168,6,lower_incremental_05EA005_to_05EA002,14.25,CMC_geps-raw_APCP_SFC_0_latlon0p5x0p5_2026080400_P168_allmbrs.grib2
GEPS,2026-08-04T00:00:00+00:00,168,6,upper_lake_chain_isle_lac_ste_anne,,CMC_geps-raw_APCP_SFC_0_latlon0p5x0p5_2026080400_P168_allmbrs.grib2
GEPS,2026-08-04T00:00:00+00:00,168,7,basin_to_05EA002,17.5,CMC_geps-raw_APCP_SFC_0_latlon0p5x0p5_2026080400_P168_allmbrs.grib2
GEPS,2026-08-04T00:00:00+00:00,168,7,lower_incremental_05EA005_to_05EA002,17.5,CMC_geps-raw_APCP_SFC_0_latlon0p5x0p5_2026080400_P168_allmbrs.grib2
GEPS,2026-08-04T00:00:00+00:00,168,7,upper_lake_chain_isle_lac_ste_anne,,CMC_geps-raw_APCP_SFC_0_latlon0p5x0p5_2026080400_P168_allmbrs.grib2
GEPS,2026-08-04T00:00:00+00:00,168,8,basin_to_05EA002,69.9000015258789,CMC_geps-raw_APCP_SFC_0_latlon0p5x0p5_2026080400_P168_allmbrs.grib2
GEPS,2026-08-04T00:00:00+00:00,168,8,lower_incremental_05EA005_to_05EA002,69.9000015258789,CMC_geps-raw_APCP_SFC_0_latlon0p5x0p5_2026080400_P168_allmbrs.grib2
GEPS,2026-08-04T00:00:00+00:00,168,8,upper_lake_chain_isle_lac_ste_anne,,CMC_geps-raw_APCP_SFC_0_latlon0p5x0p5_2026080400_P168_allmbrs.grib2
GEPS,2026-08-04T00:00:00+00:00,168,9,basin_to_05EA002,9.199999809265137,CMC_geps-raw_APCP_SFC_0_latlon0p5x0p5_2026080400_P168_allmbrs.grib2
GEPS,2026-08-04T00:00:00+00:00,168,9,lower_incremental_05EA005_to_05EA002,9.199999809265137,CMC_geps-raw_APCP_SFC_0_latlon0p5x0p5_2026080400_P168_allmbrs.grib2
GEPS,2026-08-04T00:00:00+00:00,168,9,upper_lake_chain_isle_lac_ste_anne,,CMC_geps-raw_APCP_SFC_0_latlon0p5x0p5_2026080400_P168_allmbrs.grib2
GEPS,2026-08-04T00:00:00+00:00,168,10,basin_to_05EA002,1.600000023841858,CMC_geps-raw_APCP_SFC_0_latlon0p5x0p5_2026080400_P168_allmbrs.grib2
GEPS,2026-08-04T00:00:00+00:00,168,10,lower_incremental_05EA005_to_05EA002,1.600000023841858,CMC_geps-raw_APCP_SFC_0_latlon0p5x0p5_2026080400_P168_allmbrs.grib2
GEPS,2026-08-04T00:00:00+00:00,168,10,upper_lake_chain_isle_lac_ste_anne,,CMC_geps-raw_APCP_SFC_0_latlon0p5x0p5_2026080400_P168_allmbrs.grib2
GEPS,2026-08-04T00:00:00+00:00,168,11,basin_to_05EA002,30.774999618530273,CMC_geps-raw_APCP_SFC_0_latlon0p5x0p5_2026080400_P168_allmbrs.grib2
GEPS,2026-08-04T00:00:00+00:00,168,11,lower_incremental_05EA005_to_05EA002,30.774999618530273,CMC_geps-raw_APCP_SFC_0_latlon0p5x0p5_2026080400_P168_allmbrs.grib2
GEPS,2026-08-04T00:00:00+00:00,168,11,upper_lake_chain_isle_lac_ste_anne,,CMC_geps-raw_APCP_SFC_0_latlon0p5x0p5_2026080400_P168_allmbrs.grib2
GEPS,2026-08-04T00:00:00+00:00,168,12,basin_to_05EA002,15.65000057220459,CMC_geps-raw_APCP_SFC_0_latlon0p5x0p5_2026080400_P168_allmbrs.grib2
GEPS,2026-08-04T00:00:00+00:00,168,12,lower_incremental_05EA005_to_05EA002,15.65000057220459,CMC_geps-raw_APCP_SFC_0_latlon0p5x0p5_2026080400_P168_allmbrs.grib2
GEPS,2026-08-04T00:00:00+00:00,168,12,upper_lake_chain_isle_lac_ste_anne,,CMC_geps-raw_APCP_SFC_0_latlon0p5x0p5_2026080400_P168_allmbrs.grib2
GEPS,2026-08-04T00:00:00+00:00,168,13,basin_to_05EA002,4.337500095367432,CMC_geps-raw_APCP_SFC_0_latlon0p5x0p5_2026080400_P168_allmbrs.grib2
GEPS,2026-08-04T00:00:00+00:00,168,13,lower_incremental_05EA005_to_05EA002,4.337500095367432,CMC_geps-raw_APCP_SFC_0_latlon0p5x0p5_2026080400_P168_allmbrs.grib2
GEPS,2026-08-04T00:00:00+00:00,168,13,upper_lake_chain_isle_lac_ste_anne,,CMC_geps-raw_APCP_SFC_0_latlon0p5x0p5_2026080400_P168_allmbrs.grib2
GEPS,2026-08-04T00:00:00+00:00,168,14,basin_to_05EA002,41.525001525878906,CMC_geps-raw_APCP_SFC_0_latlon0p5x0p5_2026080400_P168_allmbrs.grib2
GEPS,2026-08-04T00:00:00+00:00,168,14,lower_incremental_05EA005_to_05EA002,41.525001525878906,CMC_geps-raw_APCP_SFC_0_latlon0p5x0p5_2026080400_P168_allmbrs.grib2
GEPS,2026-08-04T00:00:00+00:00,168,14,upper_lake_chain_isle_lac_ste_anne,,CMC_geps-raw_APCP_SFC_0_latlon0p5x0p5_2026080400_P168_allmbrs.grib2
GEPS,2026-08-04T00:00:00+00:00,168,15,basin_to_05EA002,13.574999809265137,CMC_geps-raw_APCP_SFC_0_latlon0p5x0p5_2026080400_P168_allmbrs.grib2
GEPS,2026-08-04T00:00:00+00:00,168,15,lower_incremental_05EA005_to_05EA002,13.574999809265137,CMC_geps-raw_APCP_SFC_0_latlon0p5x0p5_2026080400_P168_allmbrs.grib2
GEPS,2026-08-04T00:00:00+00:00,168,15,upper_lake_chain_isle_lac_ste_anne,,CMC_geps-raw_APCP_SFC_0_latlon0p5x0p5_2026080400_P168_allmbrs.grib2
GEPS,2026-08-04T00:00:00+00:00,168,16,basin_to_05EA002,30.950000762939453,CMC_geps-raw_APCP_SFC_0_latlon0p5x0p5_2026080400_P168_allmbrs.grib2
GEPS,2026-08-04T00:00:00+00:00,168,16,lower_incremental_05EA005_to_05EA002,30.950000762939453,CMC_geps-raw_APCP_SFC_0_latlon0p5x0p5_2026080400_P168_allmbrs.grib2
GEPS,2026-08-04T00:00:00+00:00,168,16,upper_lake_chain_isle_lac_ste_anne,,CMC_geps-raw_APCP_SFC_0_latlon0p5x0p5_2026080400_P168_allmbrs.grib2
GEPS,2026-08-04T00:00:00+00:00,168,17,basin_to_05EA002,29.950000762939453,CMC_geps-raw_APCP_SFC_0_latlon0p5x0p5_2026080400_P168_allmbrs.grib2
GEPS,2026-08-04T00:00:00+00:00,168,17,lower_incremental_05EA005_to_05EA002,29.950000762939453,CMC_geps-raw_APCP_SFC_0_latlon0p5x0p5_2026080400_P168_allmbrs.grib2
GEPS,2026-08-04T00:00:00+00:00,168,17,upper_lake_chain_isle_lac_ste_anne,,CMC_geps-raw_APCP_SFC_0_latlon0p5x0p5_2026080400_P168_allmbrs.grib2
GEPS,2026-08-04T00:00:00+00:00,168,18,basin_to_05EA002,21.274999618530273,CMC_geps-raw_APCP_SFC_0_latlon0p5x0p5_2026080400_P168_allmbrs.grib2
GEPS,2026-08-04T00:00:00+00:00,168,18,lower_incremental_05EA005_to_05EA002,21.274999618530273,CMC_geps-raw_APCP_SFC_0_latlon0p5x0p5_2026080400_P168_allmbrs.grib2
GEPS,2026-08-04T00:00:00+00:00,168,18,upper_lake_chain_isle_lac_ste_anne,,CMC_geps-raw_APCP_SFC_0_latlon0p5x0p5_2026080400_P168_allmbrs.grib2
GEPS,2026-08-04T00:00:00+00:00,168,19,basin_to_05EA002,15.362500190734863,CMC_geps-raw_APCP_SFC_0_latlon0p5x0p5_2026080400_P168_allmbrs.grib2
GEPS,2026-08-04T00:00:00+00:00,168,19,lower_incremental_05EA005_to_05EA002,15.362500190734863,CMC_geps-raw_APCP_SFC_0_latlon0p5x0p5_2026080400_P168_allmbrs.grib2
GEPS,2026-08-04T00:00:00+00:00,168,19,upper_lake_chain_isle_lac_ste_anne,,CMC_geps-raw_APCP_SFC_0_latlon0p5x0p5_2026080400_P168_allmbrs.grib2
GEPS,2026-08-04T00:00:00+00:00,168,20,basin_to_05EA002,2.3500001430511475,CMC_geps-raw_APCP_SFC_0_latlon0p5x0p5_2026080400_P168_allmbrs.grib2
GEPS,2026-08-04T00:00:00+00:00,168,20,lower_incremental_05EA005_to_05EA002,2.3500001430511475,CMC_geps-raw_APCP_SFC_0_latlon0p5x0p5_2026080400_P168_allmbrs.grib2
GEPS,2026-08-04T00:00:00+00:00,168,20,upper_lake_chain_isle_lac_ste_anne,,CMC_geps-raw_APCP_SFC_0_latlon0p5x0p5_2026080400_P168_allmbrs.grib2
GEPS,2026-08-04T00:00:00+00:00,168,21,basin_to_05EA002,18.575000762939453,CMC_geps-raw_APCP_SFC_0_latlon0p5x0p5_2026080400_P168_allmbrs.grib2
GEPS,2026-08-04T00:00:00+00:00,168,21,lower_incremental_05EA005_to_05EA002,18.575000762939453,CMC_geps-raw_APCP_SFC_0_latlon0p5x0p5_2026080400_P168_allmbrs.grib2
GEPS,2026-08-04T00:00:00+00:00,168,21,upper_lake_chain_isle_lac_ste_anne,,CMC_geps-raw_APCP_SFC_0_latlon0p5x0p5_2026080400_P168_allmbrs.grib2
GEPS,2026-08-04T00:00:00+00:00,192,1,basin_to_05EA002,9.850000381469727,CMC_geps-raw_APCP_SFC_0_latlon0p5x0p5_2026080400_P192_allmbrs.grib2
GEPS,2026-08-04T00:00:00+00:00,192,1,lower_incremental_05EA005_to_05EA002,9.850000381469727,CMC_geps-raw_APCP_SFC_0_latlon0p5x0p5_2026080400_P192_allmbrs.grib2
GEPS,2026-08-04T00:00:00+00:00,192,1,upper_lake_chain_isle_lac_ste_anne,,CMC_geps-raw_APCP_SFC_0_latlon0p5x0p5_2026080400_P192_allmbrs.grib2
GEPS,2026-08-04T00:00:00+00:00,192,2,basin_to_05EA002,14.787500381469727,CMC_geps-raw_APCP_SFC_0_latlon0p5x0p5_2026080400_P192_allmbrs.grib2
GEPS,2026-08-04T00:00:00+00:00,192,2,lower_incremental_05EA005_to_05EA002,14.787500381469727,CMC_geps-raw_APCP_SFC_0_latlon0p5x0p5_2026080400_P192_allmbrs.grib2
GEPS,2026-08-04T00:00:00+00:00,192,2,upper_lake_chain_isle_lac_ste_anne,,CMC_geps-raw_APCP_SFC_0_latlon0p5x0p5_2026080400_P192_allmbrs.grib2
GEPS,2026-08-04T00:00:00+00:00,192,3,basin_to_05EA002,1.399999976158142,CMC_geps-raw_APCP_SFC_0_latlon0p5x0p5_2026080400_P192_allmbrs.grib2
GEPS,2026-08-04T00:00:00+00:00,192,3,lower_incremental_05EA005_to_05EA002,1.399999976158142,CMC_geps-raw_APCP_SFC_0_latlon0p5x0p5_2026080400_P192_allmbrs.grib2
GEPS,2026-08-04T00:00:00+00:00,192,3,upper_lake_chain_isle_lac_ste_anne,,CMC_geps-raw_APCP_SFC_0_latlon0p5x0p5_2026080400_P192_allmbrs.grib2
GEPS,2026-08-04T00:00:00+00:00,192,4,basin_to_05EA002,13.90000057220459,CMC_geps-raw_APCP_SFC_0_latlon0p5x0p5_2026080400_P192_allmbrs.grib2
GEPS,2026-08-04T00:00:00+00:00,192,4,lower_incremental_05EA005_to_05EA002,13.90000057220459,CMC_geps-raw_APCP_SFC_0_latlon0p5x0p5_2026080400_P192_allmbrs.grib2
GEPS,2026-08-04T00:00:00+00:00,192,4,upper_lake_chain_isle_lac_ste_anne,,CMC_geps-raw_APCP_SFC_0_latlon0p5x0p5_2026080400_P192_allmbrs.grib2
GEPS,2026-08-04T00:00:00+00:00,192,5,basin_to_05EA002,6.25,CMC_geps-raw_APCP_SFC_0_latlon0p5x0p5_2026080400_P192_allmbrs.grib2
GEPS,2026-08-04T00:00:00+00:00,192,5,lower_incremental_05EA005_to_05EA002,6.25,CMC_geps-raw_APCP_SFC_0_latlon0p5x0p5_2026080400_P192_allmbrs.grib2
GEPS,2026-08-04T00:00:00+00:00,192,5,upper_lake_chain_isle_lac_ste_anne,,CMC_geps-raw_APCP_SFC_0_latlon0p5x0p5_2026080400_P192_allmbrs.grib2
GEPS,2026-08-04T00:00:00+00:00,192,6,basin_to_05EA002,14.475000381469727,CMC_geps-raw_APCP_SFC_0_latlon0p5x0p5_2026080400_P192_allmbrs.grib2
GEPS,2026-08-04T00:00:00+00:00,192,6,lower_incremental_05EA005_to_05EA002,14.475000381469727,CMC_geps-raw_APCP_SFC_0_latlon0p5x0p5_2026080400_P192_allmbrs.grib2
GEPS,2026-08-04T00:00:00+00:00,192,6,upper_lake_chain_isle_lac_ste_anne,,CMC_geps-raw_APCP_SFC_0_latlon0p5x0p5_2026080400_P192_allmbrs.grib2
GEPS,2026-08-04T00:00:00+00:00,192,7,basin_to_05EA002,29.0,CMC_geps-raw_APCP_SFC_0_latlon0p5x0p5_2026080400_P192_allmbrs.grib2
GEPS,2026-08-04T00:00:00+00:00,192,7,lower_incremental_05EA005_to_05EA002,29.0,CMC_geps-raw_APCP_SFC_0_latlon0p5x0p5_2026080400_P192_allmbrs.grib2
GEPS,2026-08-04T00:00:00+00:00,192,7,upper_lake_chain_isle_lac_ste_anne,,CMC_geps-raw_APCP_SFC_0_latlon0p5x0p5_2026080400_P192_allmbrs.grib2
GEPS,2026-08-04T00:00:00+00:00,192,8,basin_to_05EA002,71.7750015258789,CMC_geps-raw_APCP_SFC_0_latlon0p5x0p5_2026080400_P192_allmbrs.grib2
GEPS,2026-08-04T00:00:00+00:00,192,8,lower_incremental_05EA005_to_05EA002,71.7750015258789,CMC_geps-raw_APCP_SFC_0_latlon0p5x0p5_2026080400_P192_allmbrs.grib2
GEPS,2026-08-04T00:00:00+00:00,192,8,upper_lake_chain_isle_lac_ste_anne,,CMC_geps-raw_APCP_SFC_0_latlon0p5x0p5_2026080400_P192_allmbrs.grib2
GEPS,2026-08-04T00:00:00+00:00,192,9,basin_to_05EA002,10.83750057220459,CMC_geps-raw_APCP_SFC_0_latlon0p5x0p5_2026080400_P192_allmbrs.grib2
GEPS,2026-08-04T00:00:00+00:00,192,9,lower_incremental_05EA005_to_05EA002,10.83750057220459,CMC_geps-raw_APCP_SFC_0_latlon0p5x0p5_2026080400_P192_allmbrs.grib2
GEPS,2026-08-04T00:00:00+00:00,192,9,upper_lake_chain_isle_lac_ste_anne,,CMC_geps-raw_APCP_SFC_0_latlon0p5x0p5_2026080400_P192_allmbrs.grib2
GEPS,2026-08-04T00:00:00+00:00,192,10,basin_to_05EA002,2.450000047683716,CMC_geps-raw_APCP_SFC_0_latlon0p5x0p5_2026080400_P192_allmbrs.grib2
GEPS,2026-08-04T00:00:00+00:00,192,10,lower_incremental_05EA005_to_05EA002,2.450000047683716,CMC_geps-raw_APCP_SFC_0_latlon0p5x0p5_2026080400_P192_allmbrs.grib2
GEPS,2026-08-04T00:00:00+00:00,192,10,upper_lake_chain_isle_lac_ste_anne,,CMC_geps-raw_APCP_SFC_0_latlon0p5x0p5_2026080400_P192_allmbrs.grib2
GEPS,2026-08-04T00:00:00+00:00,192,11,basin_to_05EA002,38.375,CMC_geps-raw_APCP_SFC_0_latlon0p5x0p5_2026080400_P192_allmbrs.grib2
GEPS,2026-08-04T00:00:00+00:00,192,11,lower_incremental_05EA005_to_05EA002,38.375,CMC_geps-raw_APCP_SFC_0_latlon0p5x0p5_2026080400_P192_allmbrs.grib2
GEPS,2026-08-04T00:00:00+00:00,192,11,upper_lake_chain_isle_lac_ste_anne,,CMC_geps-raw_APCP_SFC_0_latlon0p5x0p5_2026080400_P192_allmbrs.grib2
GEPS,2026-08-04T00:00:00+00:00,192,12,basin_to_05EA002,19.55000114440918,CMC_geps-raw_APCP_SFC_0_latlon0p5x0p5_2026080400_P192_allmbrs.grib2
GEPS,2026-08-04T00:00:00+00:00,192,12,lower_incremental_05EA005_to_05EA002,19.55000114440918,CMC_geps-raw_APCP_SFC_0_latlon0p5x0p5_2026080400_P192_allmbrs.grib2
GEPS,2026-08-04T00:00:00+00:00,192,12,upper_lake_chain_isle_lac_ste_anne,,CMC_geps-raw_APCP_SFC_0_latlon0p5x0p5_2026080400_P192_allmbrs.grib2
GEPS,2026-08-04T00:00:00+00:00,192,13,basin_to_05EA002,4.362500190734863,CMC_geps-raw_APCP_SFC_0_latlon0p5x0p5_2026080400_P192_allmbrs.grib2
GEPS,2026-08-04T00:00:00+00:00,192,13,lower_incremental_05EA005_to_05EA002,4.362500190734863,CMC_geps-raw_APCP_SFC_0_latlon0p5x0p5_2026080400_P192_allmbrs.grib2
GEPS,2026-08-04T00:00:00+00:00,192,13,upper_lake_chain_isle_lac_ste_anne,,CMC_geps-raw_APCP_SFC_0_latlon0p5x0p5_2026080400_P192_allmbrs.grib2
GEPS,2026-08-04T00:00:00+00:00,192,14,basin_to_05EA002,41.57500076293945,CMC_geps-raw_APCP_SFC_0_latlon0p5x0p5_2026080400_P192_allmbrs.grib2
GEPS,2026-08-04T00:00:00+00:00,192,14,lower_incremental_05EA005_to_05EA002,41.57500076293945,CMC_geps-raw_APCP_SFC_0_latlon0p5x0p5_2026080400_P192_allmbrs.grib2
GEPS,2026-08-04T00:00:00+00:00,192,14,upper_lake_chain_isle_lac_ste_anne,,CMC_geps-raw_APCP_SFC_0_latlon0p5x0p5_2026080400_P192_allmbrs.grib2
GEPS,2026-08-04T00:00:00+00:00,192,15,basin_to_05EA002,13.875,CMC_geps-raw_APCP_SFC_0_latlon0p5x0p5_2026080400_P192_allmbrs.grib2
GEPS,2026-08-04T00:00:00+00:00,192,15,lower_incremental_05EA005_to_05EA002,13.875,CMC_geps-raw_APCP_SFC_0_latlon0p5x0p5_2026080400_P192_allmbrs.grib2
GEPS,2026-08-04T00:00:00+00:00,192,15,upper_lake_chain_isle_lac_ste_anne,,CMC_geps-raw_APCP_SFC_0_latlon0p5x0p5_2026080400_P192_allmbrs.grib2
GEPS,2026-08-04T00:00:00+00:00,192,16,basin_to_05EA002,32.47500228881836,CMC_geps-raw_APCP_SFC_0_latlon0p5x0p5_2026080400_P192_allmbrs.grib2
GEPS,2026-08-04T00:00:00+00:00,192,16,lower_incremental_05EA005_to_05EA002,32.47500228881836,CMC_geps-raw_APCP_SFC_0_latlon0p5x0p5_2026080400_P192_allmbrs.grib2
GEPS,2026-08-04T00:00:00+00:00,192,16,upper_lake_chain_isle_lac_ste_anne,,CMC_geps-raw_APCP_SFC_0_latlon0p5x0p5_2026080400_P192_allmbrs.grib2
GEPS,2026-08-04T00:00:00+00:00,192,17,basin_to_05EA002,29.950000762939453,CMC_geps-raw_APCP_SFC_0_latlon0p5x0p5_2026080400_P192_allmbrs.grib2
GEPS,2026-08-04T00:00:00+00:00,192,17,lower_incremental_05EA005_to_05EA002,29.950000762939453,CMC_geps-raw_APCP_SFC_0_latlon0p5x0p5_2026080400_P192_allmbrs.grib2
GEPS,2026-08-04T00:00:00+00:00,192,17,upper_lake_chain_isle_lac_ste_anne,,CMC_geps-raw_APCP_SFC_0_latlon0p5x0p5_2026080400_P192_allmbrs.grib2
GEPS,2026-08-04T00:00:00+00:00,192,18,basin_to_05EA002,23.100000381469727,CMC_geps-raw_APCP_SFC_0_latlon0p5x0p5_2026080400_P192_allmbrs.grib2
GEPS,2026-08-04T00:00:00+00:00,192,18,lower_incremental_05EA005_to_05EA002,23.100000381469727,CMC_geps-raw_APCP_SFC_0_latlon0p5x0p5_2026080400_P192_allmbrs.grib2
GEPS,2026-08-04T00:00:00+00:00,192,18,upper_lake_chain_isle_lac_ste_anne,,CMC_geps-raw_APCP_SFC_0_latlon0p5x0p5_2026080400_P192_allmbrs.grib2
GEPS,2026-08-04T00:00:00+00:00,192,19,basin_to_05EA002,15.375,CMC_geps-raw_APCP_SFC_0_latlon0p5x0p5_2026080400_P192_allmbrs.grib2
GEPS,2026-08-04T00:00:00+00:00,192,19,lower_incremental_05EA005_to_05EA002,15.375,CMC_geps-raw_APCP_SFC_0_latlon0p5x0p5_2026080400_P192_allmbrs.grib2
GEPS,2026-08-04T00:00:00+00:00,192,19,upper_lake_chain_isle_lac_ste_anne,,CMC_geps-raw_APCP_SFC_0_latlon0p5x0p5_2026080400_P192_allmbrs.grib2
GEPS,2026-08-04T00:00:00+00:00,192,20,basin_to_05EA002,2.3500001430511475,CMC_geps-raw_APCP_SFC_0_latlon0p5x0p5_2026080400_P192_allmbrs.grib2
GEPS,2026-08-04T00:00:00+00:00,192,20,lower_incremental_05EA005_to_05EA002,2.3500001430511475,CMC_geps-raw_APCP_SFC_0_latlon0p5x0p5_2026080400_P192_allmbrs.grib2
GEPS,2026-08-04T00:00:00+00:00,192,20,upper_lake_chain_isle_lac_ste_anne,,CMC_geps-raw_APCP_SFC_0_latlon0p5x0p5_2026080400_P192_allmbrs.grib2
GEPS,2026-08-04T00:00:00+00:00,192,21,basin_to_05EA002,52.125,CMC_geps-raw_APCP_SFC_0_latlon0p5x0p5_2026080400_P192_allmbrs.grib2
GEPS,2026-08-04T00:00:00+00:00,192,21,lower_incremental_05EA005_to_05EA002,52.125,CMC_geps-raw_APCP_SFC_0_latlon0p5x0p5_2026080400_P192_allmbrs.grib2
GEPS,2026-08-04T00:00:00+00:00,192,21,upper_lake_chain_isle_lac_ste_anne,,CMC_geps-raw_APCP_SFC_0_latlon0p5x0p5_2026080400_P192_allmbrs.grib2
GEPS,2026-08-04T00:00:00+00:00,240,1,basin_to_05EA002,11.550000190734863,CMC_geps-raw_APCP_SFC_0_latlon0p5x0p5_2026080400_P240_allmbrs.grib2
GEPS,2026-08-04T00:00:00+00:00,240,1,lower_incremental_05EA005_to_05EA002,11.550000190734863,CMC_geps-raw_APCP_SFC_0_latlon0p5x0p5_2026080400_P240_allmbrs.grib2
GEPS,2026-08-04T00:00:00+00:00,240,1,upper_lake_chain_isle_lac_ste_anne,,CMC_geps-raw_APCP_SFC_0_latlon0p5x0p5_2026080400_P240_allmbrs.grib2
GEPS,2026-08-04T00:00:00+00:00,240,2,basin_to_05EA002,14.77500057220459,CMC_geps-raw_APCP_SFC_0_latlon0p5x0p5_2026080400_P240_allmbrs.grib2
GEPS,2026-08-04T00:00:00+00:00,240,2,lower_incremental_05EA005_to_05EA002,14.77500057220459,CMC_geps-raw_APCP_SFC_0_latlon0p5x0p5_2026080400_P240_allmbrs.grib2
GEPS,2026-08-04T00:00:00+00:00,240,2,upper_lake_chain_isle_lac_ste_anne,,CMC_geps-raw_APCP_SFC_0_latlon0p5x0p5_2026080400_P240_allmbrs.grib2
GEPS,2026-08-04T00:00:00+00:00,240,3,basin_to_05EA002,5.550000190734863,CMC_geps-raw_APCP_SFC_0_latlon0p5x0p5_2026080400_P240_allmbrs.grib2
GEPS,2026-08-04T00:00:00+00:00,240,3,lower_incremental_05EA005_to_05EA002,5.550000190734863,CMC_geps-raw_APCP_SFC_0_latlon0p5x0p5_2026080400_P240_allmbrs.grib2
GEPS,2026-08-04T00:00:00+00:00,240,3,upper_lake_chain_isle_lac_ste_anne,,CMC_geps-raw_APCP_SFC_0_latlon0p5x0p5_2026080400_P240_allmbrs.grib2
GEPS,2026-08-04T00:00:00+00:00,240,4,basin_to_05EA002,18.80000114440918,CMC_geps-raw_APCP_SFC_0_latlon0p5x0p5_2026080400_P240_allmbrs.grib2
GEPS,2026-08-04T00:00:00+00:00,240,4,lower_incremental_05EA005_to_05EA002,18.80000114440918,CMC_geps-raw_APCP_SFC_0_latlon0p5x0p5_2026080400_P240_allmbrs.grib2
GEPS,2026-08-04T00:00:00+00:00,240,4,upper_lake_chain_isle_lac_ste_anne,,CMC_geps-raw_APCP_SFC_0_latlon0p5x0p5_2026080400_P240_allmbrs.grib2
GEPS,2026-08-04T00:00:00+00:00,240,5,basin_to_05EA002,27.274999618530273,CMC_geps-raw_APCP_SFC_0_latlon0p5x0p5_2026080400_P240_allmbrs.grib2
GEPS,2026-08-04T00:00:00+00:00,240,5,lower_incremental_05EA005_to_05EA002,27.274999618530273,CMC_geps-raw_APCP_SFC_0_latlon0p5x0p5_2026080400_P240_allmbrs.grib2
GEPS,2026-08-04T00:00:00+00:00,240,5,upper_lake_chain_isle_lac_ste_anne,,CMC_geps-raw_APCP_SFC_0_latlon0p5x0p5_2026080400_P240_allmbrs.grib2
GEPS,2026-08-04T00:00:00+00:00,240,6,basin_to_05EA002,30.725000381469727,CMC_geps-raw_APCP_SFC_0_latlon0p5x0p5_2026080400_P240_allmbrs.grib2
GEPS,2026-08-04T00:00:00+00:00,240,6,lower_incremental_05EA005_to_05EA002,30.725000381469727,CMC_geps-raw_APCP_SFC_0_latlon0p5x0p5_2026080400_P240_allmbrs.grib2
GEPS,2026-08-04T00:00:00+00:00,240,6,upper_lake_chain_isle_lac_ste_anne,,CMC_geps-raw_APCP_SFC_0_latlon0p5x0p5_2026080400_P240_allmbrs.grib2
GEPS,2026-08-04T00:00:00+00:00,240,7,basin_to_05EA002,29.200000762939453,CMC_geps-raw_APCP_SFC_0_latlon0p5x0p5_2026080400_P240_allmbrs.grib2
GEPS,2026-08-04T00:00:00+00:00,240,7,lower_incremental_05EA005_to_05EA002,29.200000762939453,CMC_geps-raw_APCP_SFC_0_latlon0p5x0p5_2026080400_P240_allmbrs.grib2
GEPS,2026-08-04T00:00:00+00:00,240,7,upper_lake_chain_isle_lac_ste_anne,,CMC_geps-raw_APCP_SFC_0_latlon0p5x0p5_2026080400_P240_allmbrs.grib2
GEPS,2026-08-04T00:00:00+00:00,240,8,basin_to_05EA002,71.7750015258789,CMC_geps-raw_APCP_SFC_0_latlon0p5x0p5_2026080400_P240_allmbrs.grib2
GEPS,2026-08-04T00:00:00+00:00,240,8,lower_incremental_05EA005_to_05EA002,71.7750015258789,CMC_geps-raw_APCP_SFC_0_latlon0p5x0p5_2026080400_P240_allmbrs.grib2
GEPS,2026-08-04T00:00:00+00:00,240,8,upper_lake_chain_isle_lac_ste_anne,,CMC_geps-raw_APCP_SFC_0_latlon0p5x0p5_2026080400_P240_allmbrs.grib2
GEPS,2026-08-04T00:00:00+00:00,240,9,basin_to_05EA002,63.9375,CMC_geps-raw_APCP_SFC_0_latlon0p5x0p5_2026080400_P240_allmbrs.grib2
GEPS,2026-08-04T00:00:00+00:00,240,9,lower_incremental_05EA005_to_05EA002,63.9375,CMC_geps-raw_APCP_SFC_0_latlon0p5x0p5_2026080400_P240_allmbrs.grib2
GEPS,2026-08-04T00:00:00+00:00,240,9,upper_lake_chain_isle_lac_ste_anne,,CMC_geps-raw_APCP_SFC_0_latlon0p5x0p5_2026080400_P240_allmbrs.grib2
GEPS,2026-08-04T00:00:00+00:00,240,10,basin_to_05EA002,29.42500114440918,CMC_geps-raw_APCP_SFC_0_latlon0p5x0p5_2026080400_P240_allmbrs.grib2
GEPS,2026-08-04T00:00:00+00:00,240,10,lower_incremental_05EA005_to_05EA002,29.42500114440918,CMC_geps-raw_APCP_SFC_0_latlon0p5x0p5_2026080400_P240_allmbrs.grib2
GEPS,2026-08-04T00:00:00+00:00,240,10,upper_lake_chain_isle_lac_ste_anne,,CMC_geps-raw_APCP_SFC_0_latlon0p5x0p5_2026080400_P240_allmbrs.grib2
GEPS,2026-08-04T00:00:00+00:00,240,11,basin_to_05EA002,38.45000076293945,CMC_geps-raw_APCP_SFC_0_latlon0p5x0p5_2026080400_P240_allmbrs.grib2
GEPS,2026-08-04T00:00:00+00:00,240,11,lower_incremental_05EA005_to_05EA002,38.45000076293945,CMC_geps-raw_APCP_SFC_0_latlon0p5x0p5_2026080400_P240_allmbrs.grib2
GEPS,2026-08-04T00:00:00+00:00,240,11,upper_lake_chain_isle_lac_ste_anne,,CMC_geps-raw_APCP_SFC_0_latlon0p5x0p5_2026080400_P240_allmbrs.grib2
GEPS,2026-08-04T00:00:00+00:00,240,12,basin_to_05EA002,19.649999618530273,CMC_geps-raw_APCP_SFC_0_latlon0p5x0p5_2026080400_P240_allmbrs.grib2
GEPS,2026-08-04T00:00:00+00:00,240,12,lower_incremental_05EA005_to_05EA002,19.649999618530273,CMC_geps-raw_APCP_SFC_0_latlon0p5x0p5_2026080400_P240_allmbrs.grib2
GEPS,2026-08-04T00:00:00+00:00,240,12,upper_lake_chain_isle_lac_ste_anne,,CMC_geps-raw_APCP_SFC_0_latlon0p5x0p5_2026080400_P240_allmbrs.grib2
GEPS,2026-08-04T00:00:00+00:00,240,13,basin_to_05EA002,5.900000095367432,CMC_geps-raw_APCP_SFC_0_latlon0p5x0p5_2026080400_P240_allmbrs.grib2
GEPS,2026-08-04T00:00:00+00:00,240,13,lower_incremental_05EA005_to_05EA002,5.900000095367432,CMC_geps-raw_APCP_SFC_0_latlon0p5x0p5_2026080400_P240_allmbrs.grib2
GEPS,2026-08-04T00:00:00+00:00,240,13,upper_lake_chain_isle_lac_ste_anne,,CMC_geps-raw_APCP_SFC_0_latlon0p5x0p5_2026080400_P240_allmbrs.grib2
GEPS,2026-08-04T00:00:00+00:00,240,14,basin_to_05EA002,42.35000228881836,CMC_geps-raw_APCP_SFC_0_latlon0p5x0p5_2026080400_P240_allmbrs.grib2
GEPS,2026-08-04T00:00:00+00:00,240,14,lower_incremental_05EA005_to_05EA002,42.35000228881836,CMC_geps-raw_APCP_SFC_0_latlon0p5x0p5_2026080400_P240_allmbrs.grib2
GEPS,2026-08-04T00:00:00+00:00,240,14,upper_lake_chain_isle_lac_ste_anne,,CMC_geps-raw_APCP_SFC_0_latlon0p5x0p5_2026080400_P240_allmbrs.grib2
GEPS,2026-08-04T00:00:00+00:00,240,15,basin_to_05EA002,13.875,CMC_geps-raw_APCP_SFC_0_latlon0p5x0p5_2026080400_P240_allmbrs.grib2
GEPS,2026-08-04T00:00:00+00:00,240,15,lower_incremental_05EA005_to_05EA002,13.875,CMC_geps-raw_APCP_SFC_0_latlon0p5x0p5_2026080400_P240_allmbrs.grib2
GEPS,2026-08-04T00:00:00+00:00,240,15,upper_lake_chain_isle_lac_ste_anne,,CMC_geps-raw_APCP_SFC_0_latlon0p5x0p5_2026080400_P240_allmbrs.grib2
GEPS,2026-08-04T00:00:00+00:00,240,16,basin_to_05EA002,32.47500228881836,CMC_geps-raw_APCP_SFC_0_latlon0p5x0p5_2026080400_P240_allmbrs.grib2
GEPS,2026-08-04T00:00:00+00:00,240,16,lower_incremental_05EA005_to_05EA002,32.47500228881836,CMC_geps-raw_APCP_SFC_0_latlon0p5x0p5_2026080400_P240_allmbrs.grib2
GEPS,2026-08-04T00:00:00+00:00,240,16,upper_lake_chain_isle_lac_ste_anne,,CMC_geps-raw_APCP_SFC_0_latlon0p5x0p5_2026080400_P240_allmbrs.grib2
GEPS,2026-08-04T00:00:00+00:00,240,17,basin_to_05EA002,49.67499923706055,CMC_geps-raw_APCP_SFC_0_latlon0p5x0p5_2026080400_P240_allmbrs.grib2
GEPS,2026-08-04T00:00:00+00:00,240,17,lower_incremental_05EA005_to_05EA002,49.67499923706055,CMC_geps-raw_APCP_SFC_0_latlon0p5x0p5_2026080400_P240_allmbrs.grib2
GEPS,2026-08-04T00:00:00+00:00,240,17,upper_lake_chain_isle_lac_ste_anne,,CMC_geps-raw_APCP_SFC_0_latlon0p5x0p5_2026080400_P240_allmbrs.grib2
GEPS,2026-08-04T00:00:00+00:00,240,18,basin_to_05EA002,25.600000381469727,CMC_geps-raw_APCP_SFC_0_latlon0p5x0p5_2026080400_P240_allmbrs.grib2
GEPS,2026-08-04T00:00:00+00:00,240,18,lower_incremental_05EA005_to_05EA002,25.600000381469727,CMC_geps-raw_APCP_SFC_0_latlon0p5x0p5_2026080400_P240_allmbrs.grib2
GEPS,2026-08-04T00:00:00+00:00,240,18,upper_lake_chain_isle_lac_ste_anne,,CMC_geps-raw_APCP_SFC_0_latlon0p5x0p5_2026080400_P240_allmbrs.grib2
GEPS,2026-08-04T00:00:00+00:00,240,19,basin_to_05EA002,36.22500228881836,CMC_geps-raw_APCP_SFC_0_latlon0p5x0p5_2026080400_P240_allmbrs.grib2
GEPS,2026-08-04T00:00:00+00:00,240,19,lower_incremental_05EA005_to_05EA002,36.22500228881836,CMC_geps-raw_APCP_SFC_0_latlon0p5x0p5_2026080400_P240_allmbrs.grib2
GEPS,2026-08-04T00:00:00+00:00,240,19,upper_lake_chain_isle_lac_ste_anne,,CMC_geps-raw_APCP_SFC_0_latlon0p5x0p5_2026080400_P240_allmbrs.grib2
GEPS,2026-08-04T00:00:00+00:00,240,20,basin_to_05EA002,3.9750001430511475,CMC_geps-raw_APCP_SFC_0_latlon0p5x0p5_2026080400_P240_allmbrs.grib2
GEPS,2026-08-04T00:00:00+00:00,240,20,lower_incremental_05EA005_to_05EA002,3.9750001430511475,CMC_geps-raw_APCP_SFC_0_latlon0p5x0p5_2026080400_P240_allmbrs.grib2
GEPS,2026-08-04T00:00:00+00:00,240,20,upper_lake_chain_isle_lac_ste_anne,,CMC_geps-raw_APCP_SFC_0_latlon0p5x0p5_2026080400_P240_allmbrs.grib2
GEPS,2026-08-04T00:00:00+00:00,240,21,basin_to_05EA002,57.29999923706055,CMC_geps-raw_APCP_SFC_0_latlon0p5x0p5_2026080400_P240_allmbrs.grib2
GEPS,2026-08-04T00:00:00+00:00,240,21,lower_incremental_05EA005_to_05EA002,57.29999923706055,CMC_geps-raw_APCP_SFC_0_latlon0p5x0p5_2026080400_P240_allmbrs.grib2
GEPS,2026-08-04T00:00:00+00:00,240,21,upper_lake_chain_isle_lac_ste_anne,,CMC_geps-raw_APCP_SFC_0_latlon0p5x0p5_2026080400_P240_allmbrs.grib2
GEPS,2026-08-04T00:00:00+00:00,288,1,basin_to_05EA002,11.550000190734863,CMC_geps-raw_APCP_SFC_0_latlon0p5x0p5_2026080400_P288_allmbrs.grib2
GEPS,2026-08-04T00:00:00+00:00,288,1,lower_incremental_05EA005_to_05EA002,11.550000190734863,CMC_geps-raw_APCP_SFC_0_latlon0p5x0p5_2026080400_P288_allmbrs.grib2
GEPS,2026-08-04T00:00:00+00:00,288,1,upper_lake_chain_isle_lac_ste_anne,,CMC_geps-raw_APCP_SFC_0_latlon0p5x0p5_2026080400_P288_allmbrs.grib2
GEPS,2026-08-04T00:00:00+00:00,288,2,basin_to_05EA002,16.899999618530273,CMC_geps-raw_APCP_SFC_0_latlon0p5x0p5_2026080400_P288_allmbrs.grib2
GEPS,2026-08-04T00:00:00+00:00,288,2,lower_incremental_05EA005_to_05EA002,16.899999618530273,CMC_geps-raw_APCP_SFC_0_latlon0p5x0p5_2026080400_P288_allmbrs.grib2
GEPS,2026-08-04T00:00:00+00:00,288,2,upper_lake_chain_isle_lac_ste_anne,,CMC_geps-raw_APCP_SFC_0_latlon0p5x0p5_2026080400_P288_allmbrs.grib2
GEPS,2026-08-04T00:00:00+00:00,288,3,basin_to_05EA002,11.225000381469727,CMC_geps-raw_APCP_SFC_0_latlon0p5x0p5_2026080400_P288_allmbrs.grib2
GEPS,2026-08-04T00:00:00+00:00,288,3,lower_incremental_05EA005_to_05EA002,11.225000381469727,CMC_geps-raw_APCP_SFC_0_latlon0p5x0p5_2026080400_P288_allmbrs.grib2
GEPS,2026-08-04T00:00:00+00:00,288,3,upper_lake_chain_isle_lac_ste_anne,,CMC_geps-raw_APCP_SFC_0_latlon0p5x0p5_2026080400_P288_allmbrs.grib2
GEPS,2026-08-04T00:00:00+00:00,288,4,basin_to_05EA002,21.399999618530273,CMC_geps-raw_APCP_SFC_0_latlon0p5x0p5_2026080400_P288_allmbrs.grib2
GEPS,2026-08-04T00:00:00+00:00,288,4,lower_incremental_05EA005_to_05EA002,21.399999618530273,CMC_geps-raw_APCP_SFC_0_latlon0p5x0p5_2026080400_P288_allmbrs.grib2
GEPS,2026-08-04T00:00:00+00:00,288,4,upper_lake_chain_isle_lac_ste_anne,,CMC_geps-raw_APCP_SFC_0_latlon0p5x0p5_2026080400_P288_allmbrs.grib2
GEPS,2026-08-04T00:00:00+00:00,288,5,basin_to_05EA002,47.04999923706055,CMC_geps-raw_APCP_SFC_0_latlon0p5x0p5_2026080400_P288_allmbrs.grib2
GEPS,2026-08-04T00:00:00+00:00,288,5,lower_incremental_05EA005_to_05EA002,47.04999923706055,CMC_geps-raw_APCP_SFC_0_latlon0p5x0p5_2026080400_P288_allmbrs.grib2
GEPS,2026-08-04T00:00:00+00:00,288,5,upper_lake_chain_isle_lac_ste_anne,,CMC_geps-raw_APCP_SFC_0_latlon0p5x0p5_2026080400_P288_allmbrs.grib2
GEPS,2026-08-04T00:00:00+00:00,288,6,basin_to_05EA002,117.92500305175781,CMC_geps-raw_APCP_SFC_0_latlon0p5x0p5_2026080400_P288_allmbrs.grib2
GEPS,2026-08-04T00:00:00+00:00,288,6,lower_incremental_05EA005_to_05EA002,117.92500305175781,CMC_geps-raw_APCP_SFC_0_latlon0p5x0p5_2026080400_P288_allmbrs.grib2
GEPS,2026-08-04T00:00:00+00:00,288,6,upper_lake_chain_isle_lac_ste_anne,,CMC_geps-raw_APCP_SFC_0_latlon0p5x0p5_2026080400_P288_allmbrs.grib2
GEPS,2026-08-04T00:00:00+00:00,288,7,basin_to_05EA002,30.200000762939453,CMC_geps-raw_APCP_SFC_0_latlon0p5x0p5_2026080400_P288_allmbrs.grib2
GEPS,2026-08-04T00:00:00+00:00,288,7,lower_incremental_05EA005_to_05EA002,30.200000762939453,CMC_geps-raw_APCP_SFC_0_latlon0p5x0p5_2026080400_P288_allmbrs.grib2
GEPS,2026-08-04T00:00:00+00:00,288,7,upper_lake_chain_isle_lac_ste_anne,,CMC_geps-raw_APCP_SFC_0_latlon0p5x0p5_2026080400_P288_allmbrs.grib2
GEPS,2026-08-04T00:00:00+00:00,288,8,basin_to_05EA002,79.32500457763672,CMC_geps-raw_APCP_SFC_0_latlon0p5x0p5_2026080400_P288_allmbrs.grib2
GEPS,2026-08-04T00:00:00+00:00,288,8,lower_incremental_05EA005_to_05EA002,79.32500457763672,CMC_geps-raw_APCP_SFC_0_latlon0p5x0p5_2026080400_P288_allmbrs.grib2
GEPS,2026-08-04T00:00:00+00:00,288,8,upper_lake_chain_isle_lac_ste_anne,,CMC_geps-raw_APCP_SFC_0_latlon0p5x0p5_2026080400_P288_allmbrs.grib2
GEPS,2026-08-04T00:00:00+00:00,288,9,basin_to_05EA002,73.45000457763672,CMC_geps-raw_APCP_SFC_0_latlon0p5x0p5_2026080400_P288_allmbrs.grib2
GEPS,2026-08-04T00:00:00+00:00,288,9,lower_incremental_05EA005_to_05EA002,73.45000457763672,CMC_geps-raw_APCP_SFC_0_latlon0p5x0p5_2026080400_P288_allmbrs.grib2
GEPS,2026-08-04T00:00:00+00:00,288,9,upper_lake_chain_isle_lac_ste_anne,,CMC_geps-raw_APCP_SFC_0_latlon0p5x0p5_2026080400_P288_allmbrs.grib2
GEPS,2026-08-04T00:00:00+00:00,288,10,basin_to_05EA002,29.42500114440918,CMC_geps-raw_APCP_SFC_0_latlon0p5x0p5_2026080400_P288_allmbrs.grib2
GEPS,2026-08-04T00:00:00+00:00,288,10,lower_incremental_05EA005_to_05EA002,29.42500114440918,CMC_geps-raw_APCP_SFC_0_latlon0p5x0p5_2026080400_P288_allmbrs.grib2
GEPS,2026-08-04T00:00:00+00:00,288,10,upper_lake_chain_isle_lac_ste_anne,,CMC_geps-raw_APCP_SFC_0_latlon0p5x0p5_2026080400_P288_allmbrs.grib2
GEPS,2026-08-04T00:00:00+00:00,288,11,basin_to_05EA002,39.22500228881836,CMC_geps-raw_APCP_SFC_0_latlon0p5x0p5_2026080400_P288_allmbrs.grib2
GEPS,2026-08-04T00:00:00+00:00,288,11,lower_incremental_05EA005_to_05EA002,39.22500228881836,CMC_geps-raw_APCP_SFC_0_latlon0p5x0p5_2026080400_P288_allmbrs.grib2
GEPS,2026-08-04T00:00:00+00:00,288,11,upper_lake_chain_isle_lac_ste_anne,,CMC_geps-raw_APCP_SFC_0_latlon0p5x0p5_2026080400_P288_allmbrs.grib2
GEPS,2026-08-04T00:00:00+00:00,288,12,basin_to_05EA002,19.75,CMC_geps-raw_APCP_SFC_0_latlon0p5x0p5_2026080400_P288_allmbrs.grib2
GEPS,2026-08-04T00:00:00+00:00,288,12,lower_incremental_05EA005_to_05EA002,19.75,CMC_geps-raw_APCP_SFC_0_latlon0p5x0p5_2026080400_P288_allmbrs.grib2
GEPS,2026-08-04T00:00:00+00:00,288,12,upper_lake_chain_isle_lac_ste_anne,,CMC_geps-raw_APCP_SFC_0_latlon0p5x0p5_2026080400_P288_allmbrs.grib2
GEPS,2026-08-04T00:00:00+00:00,288,13,basin_to_05EA002,5.900000095367432,CMC_geps-raw_APCP_SFC_0_latlon0p5x0p5_2026080400_P288_allmbrs.grib2
GEPS,2026-08-04T00:00:00+00:00,288,13,lower_incremental_05EA005_to_05EA002,5.900000095367432,CMC_geps-raw_APCP_SFC_0_latlon0p5x0p5_2026080400_P288_allmbrs.grib2
GEPS,2026-08-04T00:00:00+00:00,288,13,upper_lake_chain_isle_lac_ste_anne,,CMC_geps-raw_APCP_SFC_0_latlon0p5x0p5_2026080400_P288_allmbrs.grib2
GEPS,2026-08-04T00:00:00+00:00,288,14,basin_to_05EA002,42.35000228881836,CMC_geps-raw_APCP_SFC_0_latlon0p5x0p5_2026080400_P288_allmbrs.grib2
GEPS,2026-08-04T00:00:00+00:00,288,14,lower_incremental_05EA005_to_05EA002,42.35000228881836,CMC_geps-raw_APCP_SFC_0_latlon0p5x0p5_2026080400_P288_allmbrs.grib2
GEPS,2026-08-04T00:00:00+00:00,288,14,upper_lake_chain_isle_lac_ste_anne,,CMC_geps-raw_APCP_SFC_0_latlon0p5x0p5_2026080400_P288_allmbrs.grib2
GEPS,2026-08-04T00:00:00+00:00,288,15,basin_to_05EA002,28.399999618530273,CMC_geps-raw_APCP_SFC_0_latlon0p5x0p5_2026080400_P288_allmbrs.grib2
GEPS,2026-08-04T00:00:00+00:00,288,15,lower_incremental_05EA005_to_05EA002,28.399999618530273,CMC_geps-raw_APCP_SFC_0_latlon0p5x0p5_2026080400_P288_allmbrs.grib2
GEPS,2026-08-04T00:00:00+00:00,288,15,upper_lake_chain_isle_lac_ste_anne,,CMC_geps-raw_APCP_SFC_0_latlon0p5x0p5_2026080400_P288_allmbrs.grib2
GEPS,2026-08-04T00:00:00+00:00,288,16,basin_to_05EA002,32.47500228881836,CMC_geps-raw_APCP_SFC_0_latlon0p5x0p5_2026080400_P288_allmbrs.grib2
GEPS,2026-08-04T00:00:00+00:00,288,16,lower_incremental_05EA005_to_05EA002,32.47500228881836,CMC_geps-raw_APCP_SFC_0_latlon0p5x0p5_2026080400_P288_allmbrs.grib2
GEPS,2026-08-04T00:00:00+00:00,288,16,upper_lake_chain_isle_lac_ste_anne,,CMC_geps-raw_APCP_SFC_0_latlon0p5x0p5_2026080400_P288_allmbrs.grib2
GEPS,2026-08-04T00:00:00+00:00,288,17,basin_to_05EA002,56.5,CMC_geps-raw_APCP_SFC_0_latlon0p5x0p5_2026080400_P288_allmbrs.grib2
GEPS,2026-08-04T00:00:00+00:00,288,17,lower_incremental_05EA005_to_05EA002,56.5,CMC_geps-raw_APCP_SFC_0_latlon0p5x0p5_2026080400_P288_allmbrs.grib2
GEPS,2026-08-04T00:00:00+00:00,288,17,upper_lake_chain_isle_lac_ste_anne,,CMC_geps-raw_APCP_SFC_0_latlon0p5x0p5_2026080400_P288_allmbrs.grib2
GEPS,2026-08-04T00:00:00+00:00,288,18,basin_to_05EA002,25.600000381469727,CMC_geps-raw_APCP_SFC_0_latlon0p5x0p5_2026080400_P288_allmbrs.grib2
GEPS,2026-08-04T00:00:00+00:00,288,18,lower_incremental_05EA005_to_05EA002,25.600000381469727,CMC_geps-raw_APCP_SFC_0_latlon0p5x0p5_2026080400_P288_allmbrs.grib2
GEPS,2026-08-04T00:00:00+00:00,288,18,upper_lake_chain_isle_lac_ste_anne,,CMC_geps-raw_APCP_SFC_0_latlon0p5x0p5_2026080400_P288_allmbrs.grib2
GEPS,2026-08-04T00:00:00+00:00,288,19,basin_to_05EA002,37.70000076293945,CMC_geps-raw_APCP_SFC_0_latlon0p5x0p5_2026080400_P288_allmbrs.grib2
GEPS,2026-08-04T00:00:00+00:00,288,19,lower_incremental_05EA005_to_05EA002,37.70000076293945,CMC_geps-raw_APCP_SFC_0_latlon0p5x0p5_2026080400_P288_allmbrs.grib2
GEPS,2026-08-04T00:00:00+00:00,288,19,upper_lake_chain_isle_lac_ste_anne,,CMC_geps-raw_APCP_SFC_0_latlon0p5x0p5_2026080400_P288_allmbrs.grib2
GEPS,2026-08-04T00:00:00+00:00,288,20,basin_to_05EA002,9.175000190734863,CMC_geps-raw_APCP_SFC_0_latlon0p5x0p5_2026080400_P288_allmbrs.grib2
GEPS,2026-08-04T00:00:00+00:00,288,20,lower_incremental_05EA005_to_05EA002,9.175000190734863,CMC_geps-raw_APCP_SFC_0_latlon0p5x0p5_2026080400_P288_allmbrs.grib2
GEPS,2026-08-04T00:00:00+00:00,288,20,upper_lake_chain_isle_lac_ste_anne,,CMC_geps-raw_APCP_SFC_0_latlon0p5x0p5_2026080400_P288_allmbrs.grib2
GEPS,2026-08-04T00:00:00+00:00,288,21,basin_to_05EA002,109.20000457763672,CMC_geps-raw_APCP_SFC_0_latlon0p5x0p5_2026080400_P288_allmbrs.grib2
GEPS,2026-08-04T00:00:00+00:00,288,21,lower_incremental_05EA005_to_05EA002,109.20000457763672,CMC_geps-raw_APCP_SFC_0_latlon0p5x0p5_2026080400_P288_allmbrs.grib2
GEPS,2026-08-04T00:00:00+00:00,288,21,upper_lake_chain_isle_lac_ste_anne,,CMC_geps-raw_APCP_SFC_0_latlon0p5x0p5_2026080400_P288_allmbrs.grib2
GEPS,2026-08-04T00:00:00+00:00,336,1,basin_to_05EA002,11.949999809265137,CMC_geps-raw_APCP_SFC_0_latlon0p5x0p5_2026080400_P336_allmbrs.grib2
GEPS,2026-08-04T00:00:00+00:00,336,1,lower_incremental_05EA005_to_05EA002,11.949999809265137,CMC_geps-raw_APCP_SFC_0_latlon0p5x0p5_2026080400_P336_allmbrs.grib2
GEPS,2026-08-04T00:00:00+00:00,336,1,upper_lake_chain_isle_lac_ste_anne,,CMC_geps-raw_APCP_SFC_0_latlon0p5x0p5_2026080400_P336_allmbrs.grib2
GEPS,2026-08-04T00:00:00+00:00,336,2,basin_to_05EA002,17.25,CMC_geps-raw_APCP_SFC_0_latlon0p5x0p5_2026080400_P336_allmbrs.grib2
GEPS,2026-08-04T00:00:00+00:00,336,2,lower_incremental_05EA005_to_05EA002,17.25,CMC_geps-raw_APCP_SFC_0_latlon0p5x0p5_2026080400_P336_allmbrs.grib2
GEPS,2026-08-04T00:00:00+00:00,336,2,upper_lake_chain_isle_lac_ste_anne,,CMC_geps-raw_APCP_SFC_0_latlon0p5x0p5_2026080400_P336_allmbrs.grib2
GEPS,2026-08-04T00:00:00+00:00,336,3,basin_to_05EA002,20.42500114440918,CMC_geps-raw_APCP_SFC_0_latlon0p5x0p5_2026080400_P336_allmbrs.grib2
GEPS,2026-08-04T00:00:00+00:00,336,3,lower_incremental_05EA005_to_05EA002,20.42500114440918,CMC_geps-raw_APCP_SFC_0_latlon0p5x0p5_2026080400_P336_allmbrs.grib2
GEPS,2026-08-04T00:00:00+00:00,336,3,upper_lake_chain_isle_lac_ste_anne,,CMC_geps-raw_APCP_SFC_0_latlon0p5x0p5_2026080400_P336_allmbrs.grib2
GEPS,2026-08-04T00:00:00+00:00,336,4,basin_to_05EA002,21.399999618530273,CMC_geps-raw_APCP_SFC_0_latlon0p5x0p5_2026080400_P336_allmbrs.grib2
GEPS,2026-08-04T00:00:00+00:00,336,4,lower_incremental_05EA005_to_05EA002,21.399999618530273,CMC_geps-raw_APCP_SFC_0_latlon0p5x0p5_2026080400_P336_allmbrs.grib2
GEPS,2026-08-04T00:00:00+00:00,336,4,upper_lake_chain_isle_lac_ste_anne,,CMC_geps-raw_APCP_SFC_0_latlon0p5x0p5_2026080400_P336_allmbrs.grib2
GEPS,2026-08-04T00:00:00+00:00,336,5,basin_to_05EA002,53.625,CMC_geps-raw_APCP_SFC_0_latlon0p5x0p5_2026080400_P336_allmbrs.grib2
GEPS,2026-08-04T00:00:00+00:00,336,5,lower_incremental_05EA005_to_05EA002,53.625,CMC_geps-raw_APCP_SFC_0_latlon0p5x0p5_2026080400_P336_allmbrs.grib2
GEPS,2026-08-04T00:00:00+00:00,336,5,upper_lake_chain_isle_lac_ste_anne,,CMC_geps-raw_APCP_SFC_0_latlon0p5x0p5_2026080400_P336_allmbrs.grib2
GEPS,2026-08-04T00:00:00+00:00,336,6,basin_to_05EA002,118.0999984741211,CMC_geps-raw_APCP_SFC_0_latlon0p5x0p5_2026080400_P336_allmbrs.grib2
GEPS,2026-08-04T00:00:00+00:00,336,6,lower_incremental_05EA005_to_05EA002,118.0999984741211,CMC_geps-raw_APCP_SFC_0_latlon0p5x0p5_2026080400_P336_allmbrs.grib2
GEPS,2026-08-04T00:00:00+00:00,336,6,upper_lake_chain_isle_lac_ste_anne,,CMC_geps-raw_APCP_SFC_0_latlon0p5x0p5_2026080400_P336_allmbrs.grib2
GEPS,2026-08-04T00:00:00+00:00,336,7,basin_to_05EA002,31.75,CMC_geps-raw_APCP_SFC_0_latlon0p5x0p5_2026080400_P336_allmbrs.grib2
GEPS,2026-08-04T00:00:00+00:00,336,7,lower_incremental_05EA005_to_05EA002,31.75,CMC_geps-raw_APCP_SFC_0_latlon0p5x0p5_2026080400_P336_allmbrs.grib2
GEPS,2026-08-04T00:00:00+00:00,336,7,upper_lake_chain_isle_lac_ste_anne,,CMC_geps-raw_APCP_SFC_0_latlon0p5x0p5_2026080400_P336_allmbrs.grib2
GEPS,2026-08-04T00:00:00+00:00,336,8,basin_to_05EA002,93.5250015258789,CMC_geps-raw_APCP_SFC_0_latlon0p5x0p5_2026080400_P336_allmbrs.grib2
GEPS,2026-08-04T00:00:00+00:00,336,8,lower_incremental_05EA005_to_05EA002,93.5250015258789,CMC_geps-raw_APCP_SFC_0_latlon0p5x0p5_2026080400_P336_allmbrs.grib2
GEPS,2026-08-04T00:00:00+00:00,336,8,upper_lake_chain_isle_lac_ste_anne,,CMC_geps-raw_APCP_SFC_0_latlon0p5x0p5_2026080400_P336_allmbrs.grib2
GEPS,2026-08-04T00:00:00+00:00,336,9,basin_to_05EA002,77.95000457763672,CMC_geps-raw_APCP_SFC_0_latlon0p5x0p5_2026080400_P336_allmbrs.grib2
GEPS,2026-08-04T00:00:00+00:00,336,9,lower_incremental_05EA005_to_05EA002,77.95000457763672,CMC_geps-raw_APCP_SFC_0_latlon0p5x0p5_2026080400_P336_allmbrs.grib2
GEPS,2026-08-04T00:00:00+00:00,336,9,upper_lake_chain_isle_lac_ste_anne,,CMC_geps-raw_APCP_SFC_0_latlon0p5x0p5_2026080400_P336_allmbrs.grib2
GEPS,2026-08-04T00:00:00+00:00,336,10,basin_to_05EA002,35.25,CMC_geps-raw_APCP_SFC_0_latlon0p5x0p5_2026080400_P336_allmbrs.grib2
GEPS,2026-08-04T00:00:00+00:00,336,10,lower_incremental_05EA005_to_05EA002,35.25,CMC_geps-raw_APCP_SFC_0_latlon0p5x0p5_2026080400_P336_allmbrs.grib2
GEPS,2026-08-04T00:00:00+00:00,336,10,upper_lake_chain_isle_lac_ste_anne,,CMC_geps-raw_APCP_SFC_0_latlon0p5x0p5_2026080400_P336_allmbrs.grib2
GEPS,2026-08-04T00:00:00+00:00,336,11,basin_to_05EA002,39.82500076293945,CMC_geps-raw_APCP_SFC_0_latlon0p5x0p5_2026080400_P336_allmbrs.grib2
GEPS,2026-08-04T00:00:00+00:00,336,11,lower_incremental_05EA005_to_05EA002,39.82500076293945,CMC_geps-raw_APCP_SFC_0_latlon0p5x0p5_2026080400_P336_allmbrs.grib2
GEPS,2026-08-04T00:00:00+00:00,336,11,upper_lake_chain_isle_lac_ste_anne,,CMC_geps-raw_APCP_SFC_0_latlon0p5x0p5_2026080400_P336_allmbrs.grib2
GEPS,2026-08-04T00:00:00+00:00,336,12,basin_to_05EA002,24.375,CMC_geps-raw_APCP_SFC_0_latlon0p5x0p5_2026080400_P336_allmbrs.grib2
GEPS,2026-08-04T00:00:00+00:00,336,12,lower_incremental_05EA005_to_05EA002,24.375,CMC_geps-raw_APCP_SFC_0_latlon0p5x0p5_2026080400_P336_allmbrs.grib2
GEPS,2026-08-04T00:00:00+00:00,336,12,upper_lake_chain_isle_lac_ste_anne,,CMC_geps-raw_APCP_SFC_0_latlon0p5x0p5_2026080400_P336_allmbrs.grib2
GEPS,2026-08-04T00:00:00+00:00,336,13,basin_to_05EA002,33.85000228881836,CMC_geps-raw_APCP_SFC_0_latlon0p5x0p5_2026080400_P336_allmbrs.grib2
GEPS,2026-08-04T00:00:00+00:00,336,13,lower_incremental_05EA005_to_05EA002,33.85000228881836,CMC_geps-raw_APCP_SFC_0_latlon0p5x0p5_2026080400_P336_allmbrs.grib2
GEPS,2026-08-04T00:00:00+00:00,336,13,upper_lake_chain_isle_lac_ste_anne,,CMC_geps-raw_APCP_SFC_0_latlon0p5x0p5_2026080400_P336_allmbrs.grib2
GEPS,2026-08-04T00:00:00+00:00,336,14,basin_to_05EA002,43.95000076293945,CMC_geps-raw_APCP_SFC_0_latlon0p5x0p5_2026080400_P336_allmbrs.grib2
GEPS,2026-08-04T00:00:00+00:00,336,14,lower_incremental_05EA005_to_05EA002,43.95000076293945,CMC_geps-raw_APCP_SFC_0_latlon0p5x0p5_2026080400_P336_allmbrs.grib2
GEPS,2026-08-04T00:00:00+00:00,336,14,upper_lake_chain_isle_lac_ste_anne,,CMC_geps-raw_APCP_SFC_0_latlon0p5x0p5_2026080400_P336_allmbrs.grib2
GEPS,2026-08-04T00:00:00+00:00,336,15,basin_to_05EA002,29.55000114440918,CMC_geps-raw_APCP_SFC_0_latlon0p5x0p5_2026080400_P336_allmbrs.grib2
GEPS,2026-08-04T00:00:00+00:00,336,15,lower_incremental_05EA005_to_05EA002,29.55000114440918,CMC_geps-raw_APCP_SFC_0_latlon0p5x0p5_2026080400_P336_allmbrs.grib2
GEPS,2026-08-04T00:00:00+00:00,336,15,upper_lake_chain_isle_lac_ste_anne,,CMC_geps-raw_APCP_SFC_0_latlon0p5x0p5_2026080400_P336_allmbrs.grib2
GEPS,2026-08-04T00:00:00+00:00,336,16,basin_to_05EA002,32.47500228881836,CMC_geps-raw_APCP_SFC_0_latlon0p5x0p5_2026080400_P336_allmbrs.grib2
GEPS,2026-08-04T00:00:00+00:00,336,16,lower_incremental_05EA005_to_05EA002,32.47500228881836,CMC_geps-raw_APCP_SFC_0_latlon0p5x0p5_2026080400_P336_allmbrs.grib2
GEPS,2026-08-04T00:00:00+00:00,336,16,upper_lake_chain_isle_lac_ste_anne,,CMC_geps-raw_APCP_SFC_0_latlon0p5x0p5_2026080400_P336_allmbrs.grib2
GEPS,2026-08-04T00:00:00+00:00,336,17,basin_to_05EA002,56.60000228881836,CMC_geps-raw_APCP_SFC_0_latlon0p5x0p5_2026080400_P336_allmbrs.grib2
GEPS,2026-08-04T00:00:00+00:00,336,17,lower_incremental_05EA005_to_05EA002,56.60000228881836,CMC_geps-raw_APCP_SFC_0_latlon0p5x0p5_2026080400_P336_allmbrs.grib2
GEPS,2026-08-04T00:00:00+00:00,336,17,upper_lake_chain_isle_lac_ste_anne,,CMC_geps-raw_APCP_SFC_0_latlon0p5x0p5_2026080400_P336_allmbrs.grib2
GEPS,2026-08-04T00:00:00+00:00,336,18,basin_to_05EA002,26.55000114440918,CMC_geps-raw_APCP_SFC_0_latlon0p5x0p5_2026080400_P336_allmbrs.grib2
GEPS,2026-08-04T00:00:00+00:00,336,18,lower_incremental_05EA005_to_05EA002,26.55000114440918,CMC_geps-raw_APCP_SFC_0_latlon0p5x0p5_2026080400_P336_allmbrs.grib2
GEPS,2026-08-04T00:00:00+00:00,336,18,upper_lake_chain_isle_lac_ste_anne,,CMC_geps-raw_APCP_SFC_0_latlon0p5x0p5_2026080400_P336_allmbrs.grib2
GEPS,2026-08-04T00:00:00+00:00,336,19,basin_to_05EA002,37.79999923706055,CMC_geps-raw_APCP_SFC_0_latlon0p5x0p5_2026080400_P336_allmbrs.grib2
GEPS,2026-08-04T00:00:00+00:00,336,19,lower_incremental_05EA005_to_05EA002,37.79999923706055,CMC_geps-raw_APCP_SFC_0_latlon0p5x0p5_2026080400_P336_allmbrs.grib2
GEPS,2026-08-04T00:00:00+00:00,336,19,upper_lake_chain_isle_lac_ste_anne,,CMC_geps-raw_APCP_SFC_0_latlon0p5x0p5_2026080400_P336_allmbrs.grib2
GEPS,2026-08-04T00:00:00+00:00,336,20,basin_to_05EA002,9.175000190734863,CMC_geps-raw_APCP_SFC_0_latlon0p5x0p5_2026080400_P336_allmbrs.grib2
GEPS,2026-08-04T00:00:00+00:00,336,20,lower_incremental_05EA005_to_05EA002,9.175000190734863,CMC_geps-raw_APCP_SFC_0_latlon0p5x0p5_2026080400_P336_allmbrs.grib2
GEPS,2026-08-04T00:00:00+00:00,336,20,upper_lake_chain_isle_lac_ste_anne,,CMC_geps-raw_APCP_SFC_0_latlon0p5x0p5_2026080400_P336_allmbrs.grib2
GEPS,2026-08-04T00:00:00+00:00,336,21,basin_to_05EA002,114.75,CMC_geps-raw_APCP_SFC_0_latlon0p5x0p5_2026080400_P336_allmbrs.grib2
GEPS,2026-08-04T00:00:00+00:00,336,21,lower_incremental_05EA005_to_05EA002,114.75,CMC_geps-raw_APCP_SFC_0_latlon0p5x0p5_2026080400_P336_allmbrs.grib2
GEPS,2026-08-04T00:00:00+00:00,336,21,upper_lake_chain_isle_lac_ste_anne,,CMC_geps-raw_APCP_SFC_0_latlon0p5x0p5_2026080400_P336_allmbrs.grib2
GEPS,2026-08-04T00:00:00+00:00,384,1,basin_to_05EA002,19.149999618530273,CMC_geps-raw_APCP_SFC_0_latlon0p5x0p5_2026080400_P384_allmbrs.grib2
GEPS,2026-08-04T00:00:00+00:00,384,1,lower_incremental_05EA005_to_05EA002,19.149999618530273,CMC_geps-raw_APCP_SFC_0_latlon0p5x0p5_2026080400_P384_allmbrs.grib2
GEPS,2026-08-04T00:00:00+00:00,384,1,upper_lake_chain_isle_lac_ste_anne,,CMC_geps-raw_APCP_SFC_0_latlon0p5x0p5_2026080400_P384_allmbrs.grib2
GEPS,2026-08-04T00:00:00+00:00,384,2,basin_to_05EA002,22.700000762939453,CMC_geps-raw_APCP_SFC_0_latlon0p5x0p5_2026080400_P384_allmbrs.grib2
GEPS,2026-08-04T00:00:00+00:00,384,2,lower_incremental_05EA005_to_05EA002,22.700000762939453,CMC_geps-raw_APCP_SFC_0_latlon0p5x0p5_2026080400_P384_allmbrs.grib2
GEPS,2026-08-04T00:00:00+00:00,384,2,upper_lake_chain_isle_lac_ste_anne,,CMC_geps-raw_APCP_SFC_0_latlon0p5x0p5_2026080400_P384_allmbrs.grib2
GEPS,2026-08-04T00:00:00+00:00,384,3,basin_to_05EA002,21.200000762939453,CMC_geps-raw_APCP_SFC_0_latlon0p5x0p5_2026080400_P384_allmbrs.grib2
GEPS,2026-08-04T00:00:00+00:00,384,3,lower_incremental_05EA005_to_05EA002,21.200000762939453,CMC_geps-raw_APCP_SFC_0_latlon0p5x0p5_2026080400_P384_allmbrs.grib2
GEPS,2026-08-04T00:00:00+00:00,384,3,upper_lake_chain_isle_lac_ste_anne,,CMC_geps-raw_APCP_SFC_0_latlon0p5x0p5_2026080400_P384_allmbrs.grib2
GEPS,2026-08-04T00:00:00+00:00,384,4,basin_to_05EA002,23.80000114440918,CMC_geps-raw_APCP_SFC_0_latlon0p5x0p5_2026080400_P384_allmbrs.grib2
GEPS,2026-08-04T00:00:00+00:00,384,4,lower_incremental_05EA005_to_05EA002,23.80000114440918,CMC_geps-raw_APCP_SFC_0_latlon0p5x0p5_2026080400_P384_allmbrs.grib2
GEPS,2026-08-04T00:00:00+00:00,384,4,upper_lake_chain_isle_lac_ste_anne,,CMC_geps-raw_APCP_SFC_0_latlon0p5x0p5_2026080400_P384_allmbrs.grib2
GEPS,2026-08-04T00:00:00+00:00,384,5,basin_to_05EA002,53.67499923706055,CMC_geps-raw_APCP_SFC_0_latlon0p5x0p5_2026080400_P384_allmbrs.grib2
GEPS,2026-08-04T00:00:00+00:00,384,5,lower_incremental_05EA005_to_05EA002,53.67499923706055,CMC_geps-raw_APCP_SFC_0_latlon0p5x0p5_2026080400_P384_allmbrs.grib2
GEPS,2026-08-04T00:00:00+00:00,384,5,upper_lake_chain_isle_lac_ste_anne,,CMC_geps-raw_APCP_SFC_0_latlon0p5x0p5_2026080400_P384_allmbrs.grib2
GEPS,2026-08-04T00:00:00+00:00,384,6,basin_to_05EA002,135.6999969482422,CMC_geps-raw_APCP_SFC_0_latlon0p5x0p5_2026080400_P384_allmbrs.grib2
GEPS,2026-08-04T00:00:00+00:00,384,6,lower_incremental_05EA005_to_05EA002,135.6999969482422,CMC_geps-raw_APCP_SFC_0_latlon0p5x0p5_2026080400_P384_allmbrs.grib2
GEPS,2026-08-04T00:00:00+00:00,384,6,upper_lake_chain_isle_lac_ste_anne,,CMC_geps-raw_APCP_SFC_0_latlon0p5x0p5_2026080400_P384_allmbrs.grib2
GEPS,2026-08-04T00:00:00+00:00,384,7,basin_to_05EA002,33.47500228881836,CMC_geps-raw_APCP_SFC_0_latlon0p5x0p5_2026080400_P384_allmbrs.grib2
GEPS,2026-08-04T00:00:00+00:00,384,7,lower_incremental_05EA005_to_05EA002,33.47500228881836,CMC_geps-raw_APCP_SFC_0_latlon0p5x0p5_2026080400_P384_allmbrs.grib2
GEPS,2026-08-04T00:00:00+00:00,384,7,upper_lake_chain_isle_lac_ste_anne,,CMC_geps-raw_APCP_SFC_0_latlon0p5x0p5_2026080400_P384_allmbrs.grib2
GEPS,2026-08-04T00:00:00+00:00,384,8,basin_to_05EA002,93.5250015258789,CMC_geps-raw_APCP_SFC_0_latlon0p5x0p5_2026080400_P384_allmbrs.grib2
GEPS,2026-08-04T00:00:00+00:00,384,8,lower_incremental_05EA005_to_05EA002,93.5250015258789,CMC_geps-raw_APCP_SFC_0_latlon0p5x0p5_2026080400_P384_allmbrs.grib2
GEPS,2026-08-04T00:00:00+00:00,384,8,upper_lake_chain_isle_lac_ste_anne,,CMC_geps-raw_APCP_SFC_0_latlon0p5x0p5_2026080400_P384_allmbrs.grib2
GEPS,2026-08-04T00:00:00+00:00,384,9,basin_to_05EA002,82.4000015258789,CMC_geps-raw_APCP_SFC_0_latlon0p5x0p5_2026080400_P384_allmbrs.grib2
GEPS,2026-08-04T00:00:00+00:00,384,9,lower_incremental_05EA005_to_05EA002,82.4000015258789,CMC_geps-raw_APCP_SFC_0_latlon0p5x0p5_2026080400_P384_allmbrs.grib2
GEPS,2026-08-04T00:00:00+00:00,384,9,upper_lake_chain_isle_lac_ste_anne,,CMC_geps-raw_APCP_SFC_0_latlon0p5x0p5_2026080400_P384_allmbrs.grib2
GEPS,2026-08-04T00:00:00+00:00,384,10,basin_to_05EA002,35.45000076293945,CMC_geps-raw_APCP_SFC_0_latlon0p5x0p5_2026080400_P384_allmbrs.grib2
GEPS,2026-08-04T00:00:00+00:00,384,10,lower_incremental_05EA005_to_05EA002,35.45000076293945,CMC_geps-raw_APCP_SFC_0_latlon0p5x0p5_2026080400_P384_allmbrs.grib2
GEPS,2026-08-04T00:00:00+00:00,384,10,upper_lake_chain_isle_lac_ste_anne,,CMC_geps-raw_APCP_SFC_0_latlon0p5x0p5_2026080400_P384_allmbrs.grib2
GEPS,2026-08-04T00:00:00+00:00,384,11,basin_to_05EA002,45.45000076293945,CMC_geps-raw_APCP_SFC_0_latlon0p5x0p5_2026080400_P384_allmbrs.grib2
GEPS,2026-08-04T00:00:00+00:00,384,11,lower_incremental_05EA005_to_05EA002,45.45000076293945,CMC_geps-raw_APCP_SFC_0_latlon0p5x0p5_2026080400_P384_allmbrs.grib2
GEPS,2026-08-04T00:00:00+00:00,384,11,upper_lake_chain_isle_lac_ste_anne,,CMC_geps-raw_APCP_SFC_0_latlon0p5x0p5_2026080400_P384_allmbrs.grib2
GEPS,2026-08-04T00:00:00+00:00,384,12,basin_to_05EA002,24.55000114440918,CMC_geps-raw_APCP_SFC_0_latlon0p5x0p5_2026080400_P384_allmbrs.grib2
GEPS,2026-08-04T00:00:00+00:00,384,12,lower_incremental_05EA005_to_05EA002,24.55000114440918,CMC_geps-raw_APCP_SFC_0_latlon0p5x0p5_2026080400_P384_allmbrs.grib2
GEPS,2026-08-04T00:00:00+00:00,384,12,upper_lake_chain_isle_lac_ste_anne,,CMC_geps-raw_APCP_SFC_0_latlon0p5x0p5_2026080400_P384_allmbrs.grib2
GEPS,2026-08-04T00:00:00+00:00,384,13,basin_to_05EA002,35.150001525878906,CMC_geps-raw_APCP_SFC_0_latlon0p5x0p5_2026080400_P384_allmbrs.grib2
GEPS,2026-08-04T00:00:00+00:00,384,13,lower_incremental_05EA005_to_05EA002,35.150001525878906,CMC_geps-raw_APCP_SFC_0_latlon0p5x0p5_2026080400_P384_allmbrs.grib2
GEPS,2026-08-04T00:00:00+00:00,384,13,upper_lake_chain_isle_lac_ste_anne,,CMC_geps-raw_APCP_SFC_0_latlon0p5x0p5_2026080400_P384_allmbrs.grib2
GEPS,2026-08-04T00:00:00+00:00,384,14,basin_to_05EA002,44.025001525878906,CMC_geps-raw_APCP_SFC_0_latlon0p5x0p5_2026080400_P384_allmbrs.grib2
GEPS,2026-08-04T00:00:00+00:00,384,14,lower_incremental_05EA005_to_05EA002,44.025001525878906,CMC_geps-raw_APCP_SFC_0_latlon0p5x0p5_2026080400_P384_allmbrs.grib2
GEPS,2026-08-04T00:00:00+00:00,384,14,upper_lake_chain_isle_lac_ste_anne,,CMC_geps-raw_APCP_SFC_0_latlon0p5x0p5_2026080400_P384_allmbrs.grib2
GEPS,2026-08-04T00:00:00+00:00,384,15,basin_to_05EA002,30.149999618530273,CMC_geps-raw_APCP_SFC_0_latlon0p5x0p5_2026080400_P384_allmbrs.grib2
GEPS,2026-08-04T00:00:00+00:00,384,15,lower_incremental_05EA005_to_05EA002,30.149999618530273,CMC_geps-raw_APCP_SFC_0_latlon0p5x0p5_2026080400_P384_allmbrs.grib2
GEPS,2026-08-04T00:00:00+00:00,384,15,upper_lake_chain_isle_lac_ste_anne,,CMC_geps-raw_APCP_SFC_0_latlon0p5x0p5_2026080400_P384_allmbrs.grib2
GEPS,2026-08-04T00:00:00+00:00,384,16,basin_to_05EA002,37.025001525878906,CMC_geps-raw_APCP_SFC_0_latlon0p5x0p5_2026080400_P384_allmbrs.grib2
GEPS,2026-08-04T00:00:00+00:00,384,16,lower_incremental_05EA005_to_05EA002,37.025001525878906,CMC_geps-raw_APCP_SFC_0_latlon0p5x0p5_2026080400_P384_allmbrs.grib2
GEPS,2026-08-04T00:00:00+00:00,384,16,upper_lake_chain_isle_lac_ste_anne,,CMC_geps-raw_APCP_SFC_0_latlon0p5x0p5_2026080400_P384_allmbrs.grib2
GEPS,2026-08-04T00:00:00+00:00,384,17,basin_to_05EA002,56.900001525878906,CMC_geps-raw_APCP_SFC_0_latlon0p5x0p5_2026080400_P384_allmbrs.grib2
GEPS,2026-08-04T00:00:00+00:00,384,17,lower_incremental_05EA005_to_05EA002,56.900001525878906,CMC_geps-raw_APCP_SFC_0_latlon0p5x0p5_2026080400_P384_allmbrs.grib2
GEPS,2026-08-04T00:00:00+00:00,384,17,upper_lake_chain_isle_lac_ste_anne,,CMC_geps-raw_APCP_SFC_0_latlon0p5x0p5_2026080400_P384_allmbrs.grib2
GEPS,2026-08-04T00:00:00+00:00,384,18,basin_to_05EA002,26.55000114440918,CMC_geps-raw_APCP_SFC_0_latlon0p5x0p5_2026080400_P384_allmbrs.grib2
GEPS,2026-08-04T00:00:00+00:00,384,18,lower_incremental_05EA005_to_05EA002,26.55000114440918,CMC_geps-raw_APCP_SFC_0_latlon0p5x0p5_2026080400_P384_allmbrs.grib2
GEPS,2026-08-04T00:00:00+00:00,384,18,upper_lake_chain_isle_lac_ste_anne,,CMC_geps-raw_APCP_SFC_0_latlon0p5x0p5_2026080400_P384_allmbrs.grib2
GEPS,2026-08-04T00:00:00+00:00,384,19,basin_to_05EA002,38.025001525878906,CMC_geps-raw_APCP_SFC_0_latlon0p5x0p5_2026080400_P384_allmbrs.grib2
GEPS,2026-08-04T00:00:00+00:00,384,19,lower_incremental_05EA005_to_05EA002,38.025001525878906,CMC_geps-raw_APCP_SFC_0_latlon0p5x0p5_2026080400_P384_allmbrs.grib2
GEPS,2026-08-04T00:00:00+00:00,384,19,upper_lake_chain_isle_lac_ste_anne,,CMC_geps-raw_APCP_SFC_0_latlon0p5x0p5_2026080400_P384_allmbrs.grib2
GEPS,2026-08-04T00:00:00+00:00,384,20,basin_to_05EA002,10.75,CMC_geps-raw_APCP_SFC_0_latlon0p5x0p5_2026080400_P384_allmbrs.grib2
GEPS,2026-08-04T00:00:00+00:00,384,20,lower_incremental_05EA005_to_05EA002,10.75,CMC_geps-raw_APCP_SFC_0_latlon0p5x0p5_2026080400_P384_allmbrs.grib2
GEPS,2026-08-04T00:00:00+00:00,384,20,upper_lake_chain_isle_lac_ste_anne,,CMC_geps-raw_APCP_SFC_0_latlon0p5x0p5_2026080400_P384_allmbrs.grib2
GEPS,2026-08-04T00:00:00+00:00,384,21,basin_to_05EA002,121.55000305175781,CMC_geps-raw_APCP_SFC_0_latlon0p5x0p5_2026080400_P384_allmbrs.grib2
GEPS,2026-08-04T00:00:00+00:00,384,21,lower_incremental_05EA005_to_05EA002,121.55000305175781,CMC_geps-raw_APCP_SFC_0_latlon0p5x0p5_2026080400_P384_allmbrs.grib2
GEPS,2026-08-04T00:00:00+00:00,384,21,upper_lake_chain_isle_lac_ste_anne,,CMC_geps-raw_APCP_SFC_0_latlon0p5x0p5_2026080400_P384_allmbrs.grib2
