date_utc,stage_m,discharge_m3s,stage_change_6h_m,stage_change_24h_m,q_change_6h_m3s,q_change_24h_m3s,stage_rate_m_per_day,q_rate_m3s_per_day,limb,season,year,rain_24h_mm,rain_24h_coverage,rain_72h_mm,rain_72h_coverage,rain_168h_mm,rain_168h_coverage,complete_168h_coverage
2025-04-17 17:00:00+00:00,0.9395,3.73,-0.014999999999999902,-0.04049999999999998,-0.14500000000000002,-0.4200000000000004,-0.05999999999999961,-0.5800000000000001,falling,spring,2025,,0.0,,0.0,,0.0,False
2025-04-17 18:00:00+00:00,0.937,3.71,-0.01649999999999996,-0.03199999999999992,-0.15500000000000025,-0.33000000000000007,-0.06599999999999984,-0.620000000000001,falling,spring,2025,,0.0,,0.0,,0.0,False
2025-04-17 19:00:00+00:00,0.936,3.7,-0.016999999999999904,-0.041999999999999926,-0.1599999999999997,-0.41999999999999993,-0.06799999999999962,-0.6399999999999988,falling,spring,2025,,0.0,,0.0,,0.0,False
2025-04-17 20:00:00+00:00,0.937,3.7,-0.013999999999999901,-0.04049999999999998,-0.13999999999999968,-0.41500000000000004,-0.055999999999999606,-0.5599999999999987,falling,spring,2025,,0.0,,0.0,,0.0,False
2025-04-17 21:00:00+00:00,0.937,3.7,-0.010499999999999954,-0.03649999999999998,-0.10499999999999954,-0.375,-0.041999999999999815,-0.41999999999999815,falling,spring,2025,,0.0,,0.0,,0.0,False
2025-04-17 22:00:00+00:00,0.939,3.72,-0.0045000000000000595,-0.025000000000000022,-0.044999999999999485,-0.27,-0.018000000000000238,-0.17999999999999794,falling,spring,2025,,0.0,,0.0,,0.0,False
2025-04-18 01:00:00+00:00,0.934,3.67,-0.0020000000000000018,-0.020999999999999908,-0.03000000000000025,-0.22999999999999998,-0.008000000000000007,-0.120000000000001,approximately_flat,spring,2025,,0.0,,0.0,,0.0,False
2025-04-18 02:00:00+00:00,0.934,3.67,-0.0030000000000000027,-0.020999999999999908,-0.03000000000000025,-0.22999999999999998,-0.01200000000000001,-0.120000000000001,falling,spring,2025,,0.0,,0.0,,0.0,False
2025-04-18 03:00:00+00:00,0.932,3.65,-0.0050000000000000044,-0.022499999999999853,-0.050000000000000266,-0.2450000000000001,-0.020000000000000018,-0.20000000000000107,falling,spring,2025,,0.0,,0.0,,0.0,False
2025-04-18 04:00:00+00:00,0.932,3.645,-0.006999999999999895,-0.02199999999999991,-0.07500000000000018,-0.23499999999999988,-0.02799999999999958,-0.3000000000000007,falling,spring,2025,,0.0,,0.0,,0.0,False
2025-04-18 05:00:00+00:00,0.932,3.64,-0.006999999999999895,-0.020999999999999908,-0.08000000000000007,-0.22999999999999998,-0.02799999999999958,-0.3200000000000003,falling,spring,2025,,0.0,,0.0,,0.0,False
2025-04-18 06:00:00+00:00,0.933,3.65,-0.0040000000000000036,-0.018999999999999906,-0.050000000000000266,-0.20999999999999996,-0.016000000000000014,-0.20000000000000107,falling,spring,2025,,0.0,,0.0,,0.0,False
2025-04-24 23:00:00+00:00,0.849,2.69,-0.0040000000000000036,-0.03049999999999997,-0.04500000000000037,-0.28500000000000014,-0.016000000000000014,-0.1800000000000015,falling,spring,2025,,0.0,,0.0,,0.0,False
2025-04-25 00:00:00+00:00,0.848,2.69,-0.0045000000000000595,-0.02949999999999997,-0.040000000000000036,-0.2650000000000001,-0.018000000000000238,-0.16000000000000014,falling,spring,2025,,0.0,,0.0,,0.0,False
2025-04-25 01:00:00+00:00,0.846,2.67,-0.0050000000000000044,-0.024500000000000077,-0.050000000000000266,-0.2250000000000001,-0.020000000000000018,-0.20000000000000107,falling,spring,2025,,0.0,,0.0,,0.0,False
2025-04-25 02:00:00+00:00,0.845,2.66,-0.008000000000000007,-0.02100000000000002,-0.06999999999999984,-0.19999999999999973,-0.03200000000000003,-0.27999999999999936,falling,spring,2025,,0.0,,0.0,,0.0,False
2025-04-25 03:00:00+00:00,0.843,2.64,-0.009000000000000008,-0.020000000000000018,-0.08000000000000007,-0.18999999999999995,-0.03600000000000003,-0.3200000000000003,falling,spring,2025,,0.0,,0.0,,0.0,False
2025-04-25 04:00:00+00:00,0.8414999999999999,2.63,-0.009000000000000119,-0.018500000000000072,-0.07500000000000018,-0.18000000000000016,-0.036000000000000476,-0.3000000000000007,falling,spring,2025,,0.0,,0.0,,0.0,False
2025-04-25 05:00:00+00:00,0.8405,2.62,-0.008499999999999952,-0.01849999999999996,-0.06999999999999984,-0.17999999999999972,-0.03399999999999981,-0.27999999999999936,falling,spring,2025,,0.0,,0.0,,0.0,False
2025-04-25 06:00:00+00:00,0.84,2.62,-0.008000000000000007,-0.018000000000000016,-0.06999999999999984,-0.16999999999999993,-0.03200000000000003,-0.27999999999999936,falling,spring,2025,,0.0,,0.0,,0.0,False
2025-04-25 07:00:00+00:00,0.839,2.61,-0.007000000000000006,-0.018000000000000016,-0.06000000000000005,-0.16999999999999993,-0.028000000000000025,-0.2400000000000002,falling,spring,2025,,0.0,,0.0,,0.0,False
2025-04-25 08:00:00+00:00,0.838,2.6,-0.007000000000000006,-0.019000000000000017,-0.06000000000000005,-0.17999999999999972,-0.028000000000000025,-0.2400000000000002,falling,spring,2025,,0.0,,0.0,,0.0,False
2025-04-25 09:00:00+00:00,0.837,2.59,-0.006000000000000005,-0.019000000000000017,-0.050000000000000266,-0.18000000000000016,-0.02400000000000002,-0.20000000000000107,falling,spring,2025,,0.0,,0.0,,0.0,False
2025-04-25 10:00:00+00:00,0.836,2.58,-0.005499999999999949,-0.019000000000000017,-0.04999999999999982,-0.17999999999999972,-0.021999999999999797,-0.1999999999999993,falling,spring,2025,,0.0,,0.0,,0.0,False
2025-04-25 11:00:00+00:00,0.8354999999999999,2.575,-0.0050000000000001155,-0.019500000000000073,-0.04499999999999993,-0.1849999999999996,-0.020000000000000462,-0.17999999999999972,falling,spring,2025,,0.0,,0.0,,0.0,False
2025-04-25 12:00:00+00:00,0.834,2.56,-0.006000000000000005,-0.02100000000000002,-0.06000000000000005,-0.19999999999999973,-0.02400000000000002,-0.2400000000000002,falling,spring,2025,,0.0,,0.0,,0.0,False
2025-04-25 13:00:00+00:00,0.8354999999999999,2.57,-0.0035000000000000586,-0.018500000000000072,-0.040000000000000036,-0.18000000000000016,-0.014000000000000234,-0.16000000000000014,falling,spring,2025,,0.0,,0.0,,0.0,False
2025-04-26 22:00:00+00:00,0.822,2.42,-0.0030000000000000027,-0.028000000000000025,-0.03000000000000025,-0.25,-0.01200000000000001,-0.120000000000001,falling,spring,2025,,0.0,,0.0,,0.0,False
2025-04-26 23:00:00+00:00,0.819,2.4,-0.0040000000000000036,-0.03200000000000003,-0.040000000000000036,-0.27,-0.016000000000000014,-0.16000000000000014,falling,spring,2025,,0.0,,0.0,,0.0,False
2025-04-27 00:00:00+00:00,0.8145,2.365,-0.008499999999999952,-0.033499999999999974,-0.07499999999999973,-0.2849999999999997,-0.03399999999999981,-0.29999999999999893,falling,spring,2025,,0.0,,0.0,,0.0,False
2025-04-27 01:00:00+00:00,0.7995000000000001,2.255,-0.022499999999999853,-0.046499999999999875,-0.17500000000000027,-0.375,-0.08999999999999941,-0.7000000000000011,falling,spring,2025,,0.0,,0.0,,0.0,False
2025-04-27 02:00:00+00:00,0.7935000000000001,2.21,-0.02949999999999986,-0.046499999999999875,-0.2200000000000002,-0.3799999999999999,-0.11799999999999944,-0.8800000000000008,falling,spring,2025,,0.0,,0.0,,0.0,False
2025-04-27 03:00:00+00:00,0.7915000000000001,2.1950000000000003,-0.03149999999999986,-0.04399999999999982,-0.23499999999999988,-0.35499999999999954,-0.12599999999999945,-0.9399999999999995,falling,spring,2025,,0.0,,0.0,,0.0,False
2025-04-27 04:00:00+00:00,0.7925,2.205,-0.02949999999999997,-0.03949999999999998,-0.21499999999999986,-0.31499999999999995,-0.11799999999999988,-0.8599999999999994,falling,spring,2025,,0.0,,0.0,,0.0,False
2025-04-27 05:00:00+00:00,0.783,2.135,-0.03599999999999992,-0.04799999999999993,-0.2650000000000001,-0.375,-0.14399999999999968,-1.0600000000000005,falling,spring,2025,,0.0,,0.0,,0.0,False
2025-04-27 06:00:00+00:00,0.779,2.11,-0.035499999999999976,-0.04999999999999993,-0.25500000000000034,-0.3900000000000001,-0.1419999999999999,-1.0200000000000014,falling,spring,2025,,0.0,,0.0,,0.0,False
2025-04-27 07:00:00+00:00,0.7725,2.06,-0.027000000000000135,-0.057499999999999996,-0.19499999999999984,-0.43999999999999995,-0.10800000000000054,-0.7799999999999994,falling,spring,2025,,0.0,,0.0,,0.0,False
2025-04-27 08:00:00+00:00,0.778,2.1,-0.01550000000000007,-0.04899999999999993,-0.10999999999999988,-0.3799999999999999,-0.06200000000000028,-0.4399999999999995,falling,spring,2025,,0.0,,0.0,,0.0,False
2025-05-03 23:00:00+00:00,0.713,1.49,-0.007000000000000006,-0.02200000000000002,-0.050000000000000044,-0.15999999999999992,-0.028000000000000025,-0.20000000000000018,falling,spring,2025,,0.0,,0.0,,0.0,False
2025-05-04 00:00:00+00:00,0.715,1.5,-0.0030000000000000027,-0.018500000000000072,-0.030000000000000027,-0.1399999999999999,-0.01200000000000001,-0.1200000000000001,falling,spring,2025,,0.0,,0.0,,0.0,False
2025-05-04 01:00:00+00:00,0.703,1.43,-0.016000000000000014,-0.028000000000000025,-0.10000000000000009,-0.19000000000000017,-0.06400000000000006,-0.40000000000000036,falling,spring,2025,,0.0,,0.0,,0.0,False
2025-05-04 02:00:00+00:00,0.694,1.38,-0.025500000000000078,-0.03500000000000003,-0.15000000000000013,-0.2300000000000002,-0.10200000000000031,-0.6000000000000005,falling,spring,2025,,0.0,,0.0,,0.0,False
2025-05-04 03:00:00+00:00,0.696,1.39,-0.020000000000000018,-0.030000000000000027,-0.1200000000000001,-0.20000000000000018,-0.08000000000000007,-0.4800000000000004,falling,spring,2025,,0.0,,0.0,,0.0,False
2025-05-04 04:00:00+00:00,0.697,1.395,-0.017000000000000015,-0.027000000000000024,-0.10499999999999998,-0.18500000000000005,-0.06800000000000006,-0.41999999999999993,falling,spring,2025,,0.0,,0.0,,0.0,False
2025-05-04 05:00:00+00:00,0.701,1.41,-0.01200000000000001,-0.02200000000000002,-0.08000000000000007,-0.16000000000000014,-0.04800000000000004,-0.3200000000000003,falling,spring,2025,,0.0,,0.0,,0.0,False
2025-05-04 06:00:00+00:00,0.703,1.42,-0.01200000000000001,-0.018000000000000016,-0.08000000000000007,-0.14000000000000012,-0.04800000000000004,-0.3200000000000003,falling,spring,2025,,0.0,,0.0,,0.0,False
2025-05-05 21:00:00+00:00,0.691,1.31,-0.007000000000000006,-0.051000000000000045,-0.050000000000000044,-0.32999999999999985,-0.028000000000000025,-0.20000000000000018,falling,spring,2025,,0.0,,0.0,,0.0,False
2025-05-05 22:00:00+00:00,0.69,1.31,-0.00550000000000006,-0.052000000000000046,-0.03500000000000014,-0.32999999999999985,-0.02200000000000024,-0.14000000000000057,falling,spring,2025,,0.0,,0.0,,0.0,False
2025-05-05 23:00:00+00:00,0.69,1.31,-0.0044999999999999485,-0.04849999999999999,-0.030000000000000027,-0.30500000000000016,-0.017999999999999794,-0.1200000000000001,falling,spring,2025,,0.0,,0.0,,0.0,False
2025-05-06 00:00:00+00:00,0.69,1.31,-0.0020000000000000018,-0.04800000000000004,-0.010000000000000009,-0.30000000000000004,-0.008000000000000007,-0.040000000000000036,approximately_flat,spring,2025,,0.0,,0.0,,0.0,False
2025-05-06 01:00:00+00:00,0.6875,1.29,-0.0024999999999999467,-0.05249999999999999,-0.020000000000000018,-0.33000000000000007,-0.009999999999999787,-0.08000000000000007,approximately_flat,spring,2025,,0.0,,0.0,,0.0,False
2025-05-06 02:00:00+00:00,0.683,1.27,-0.006999999999999895,-0.05449999999999999,-0.040000000000000036,-0.33499999999999996,-0.02799999999999958,-0.16000000000000014,falling,spring,2025,,0.0,,0.0,,0.0,False
2025-05-06 03:00:00+00:00,0.6795,1.245,-0.011499999999999955,-0.05249999999999999,-0.06499999999999995,-0.32499999999999996,-0.04599999999999982,-0.2599999999999998,falling,spring,2025,,0.0,,0.0,,0.0,False
2025-05-06 04:00:00+00:00,0.676,1.23,-0.013999999999999901,-0.04949999999999999,-0.08000000000000007,-0.30000000000000004,-0.055999999999999606,-0.3200000000000003,falling,spring,2025,,0.0,,0.0,,0.0,False
2025-05-06 05:00:00+00:00,0.674,1.21,-0.015999999999999903,-0.04499999999999993,-0.10000000000000009,-0.28,-0.06399999999999961,-0.40000000000000036,falling,spring,2025,,0.0,,0.0,,0.0,False
2025-05-06 06:00:00+00:00,0.673,1.21,-0.016999999999999904,-0.04299999999999993,-0.10000000000000009,-0.26,-0.06799999999999962,-0.40000000000000036,falling,spring,2025,,0.0,,0.0,,0.0,False
2025-05-06 07:00:00+00:00,0.672,1.2,-0.015499999999999958,-0.040999999999999925,-0.09000000000000008,-0.25,-0.06199999999999983,-0.3600000000000003,falling,spring,2025,,0.0,,0.0,,0.0,False
2025-05-06 08:00:00+00:00,0.671,1.2,-0.01200000000000001,-0.03749999999999987,-0.07000000000000006,-0.22499999999999987,-0.04800000000000004,-0.28000000000000025,falling,spring,2025,,0.0,,0.0,,0.0,False
2025-05-06 09:00:00+00:00,0.6705000000000001,1.19,-0.008999999999999897,-0.03599999999999981,-0.05500000000000016,-0.2250000000000001,-0.03599999999999959,-0.22000000000000064,falling,spring,2025,,0.0,,0.0,,0.0,False
2025-05-06 10:00:00+00:00,0.669,1.18,-0.007000000000000006,-0.03499999999999992,-0.050000000000000044,-0.21999999999999997,-0.028000000000000025,-0.20000000000000018,falling,spring,2025,,0.0,,0.0,,0.0,False
2025-05-06 11:00:00+00:00,0.669,1.18,-0.0050000000000000044,-0.03299999999999992,-0.030000000000000027,-0.20999999999999996,-0.020000000000000018,-0.1200000000000001,falling,spring,2025,,0.0,,0.0,,0.0,False
2025-05-06 12:00:00+00:00,0.668,1.18,-0.0050000000000000044,-0.03199999999999992,-0.030000000000000027,-0.19000000000000017,-0.020000000000000018,-0.1200000000000001,falling,spring,2025,,0.0,,0.0,,0.0,False
2025-05-06 13:00:00+00:00,0.668,1.18,-0.0040000000000000036,-0.029999999999999916,-0.020000000000000018,-0.18000000000000016,-0.016000000000000014,-0.08000000000000007,falling,spring,2025,,0.0,,0.0,,0.0,False
2025-05-06 14:00:00+00:00,0.67,1.18,-0.0010000000000000009,-0.028999999999999915,-0.020000000000000018,-0.19000000000000017,-0.0040000000000000036,-0.08000000000000007,approximately_flat,spring,2025,,0.0,,0.0,,0.0,False
2025-05-07 23:00:00+00:00,0.657,1.085,-0.0040000000000000036,-0.026000000000000023,-0.025000000000000133,-0.15500000000000003,-0.016000000000000014,-0.10000000000000053,falling,spring,2025,,0.0,,0.0,,0.0,False
2025-05-08 00:00:00+00:00,0.655,1.07,-0.0035000000000000586,-0.026499999999999968,-0.025000000000000133,-0.1649999999999998,-0.014000000000000234,-0.10000000000000053,falling,spring,2025,,0.0,,0.0,,0.0,False
2025-05-08 01:00:00+00:00,0.653,1.06,-0.0040000000000000036,-0.026499999999999968,-0.030000000000000027,-0.16500000000000004,-0.016000000000000014,-0.1200000000000001,falling,spring,2025,,0.0,,0.0,,0.0,False
2025-05-08 02:00:00+00:00,0.651,1.05,-0.007500000000000062,-0.02300000000000002,-0.04500000000000015,-0.1399999999999999,-0.03000000000000025,-0.1800000000000006,falling,spring,2025,,0.0,,0.0,,0.0,False
2025-05-08 03:00:00+00:00,0.65,1.05,-0.010000000000000009,-0.019000000000000017,-0.050000000000000044,-0.11999999999999988,-0.040000000000000036,-0.20000000000000018,falling,spring,2025,,0.0,,0.0,,0.0,False
2025-05-08 04:00:00+00:00,0.6375,0.9844999999999999,-0.020500000000000074,-0.02950000000000008,-0.10550000000000015,-0.16549999999999998,-0.0820000000000003,-0.4220000000000006,falling,spring,2025,,0.0,,0.0,,0.0,False
2025-05-08 05:00:00+00:00,0.632,0.957,-0.025000000000000022,-0.03200000000000003,-0.128,-0.18299999999999994,-0.10000000000000009,-0.512,falling,spring,2025,,0.0,,0.0,,0.0,False
2025-05-08 06:00:00+00:00,0.636,0.9755,-0.019000000000000017,-0.028000000000000025,-0.09450000000000003,-0.16449999999999987,-0.07600000000000007,-0.3780000000000001,falling,spring,2025,,0.0,,0.0,,0.0,False
2025-05-08 07:00:00+00:00,0.64,0.9935,-0.013000000000000012,-0.02400000000000002,-0.0665,-0.14649999999999985,-0.052000000000000046,-0.266,falling,spring,2025,,0.0,,0.0,,0.0,False
2025-05-08 08:00:00+00:00,0.6415,0.999,-0.009500000000000064,-0.02100000000000013,-0.051000000000000045,-0.1309999999999999,-0.038000000000000256,-0.20400000000000018,falling,spring,2025,,0.0,,0.0,,0.0,False
2025-05-08 09:00:00+00:00,0.643,1.01,-0.007000000000000006,-0.024499999999999966,-0.040000000000000036,-0.1399999999999999,-0.028000000000000025,-0.16000000000000014,falling,spring,2025,,0.0,,0.0,,0.0,False
2025-05-11 00:00:00+00:00,0.612,0.807,-0.012500000000000067,-0.02300000000000002,-0.06099999999999994,-0.125,-0.050000000000000266,-0.24399999999999977,falling,spring,2025,,0.0,,0.0,,0.0,False
2025-05-11 01:00:00+00:00,0.607,0.7845,-0.01849999999999996,-0.02400000000000002,-0.08699999999999997,-0.12850000000000006,-0.07399999999999984,-0.34799999999999986,falling,spring,2025,,0.0,,0.0,,0.0,False
2025-05-11 02:00:00+00:00,0.6005,0.756,-0.024499999999999966,-0.02749999999999997,-0.11199999999999999,-0.14200000000000002,-0.09799999999999986,-0.44799999999999995,falling,spring,2025,,0.0,,0.0,,0.0,False
2025-05-11 03:00:00+00:00,0.595,0.732,-0.028000000000000025,-0.030000000000000027,-0.126,-0.15100000000000002,-0.1120000000000001,-0.504,falling,spring,2025,,0.0,,0.0,,0.0,False
2025-05-11 04:00:00+00:00,0.595,0.731,-0.027000000000000024,-0.027000000000000024,-0.122,-0.138,-0.1080000000000001,-0.488,falling,spring,2025,,0.0,,0.0,,0.0,False
2025-05-11 05:00:00+00:00,0.599,0.747,-0.017000000000000015,-0.02300000000000002,-0.07799999999999996,-0.121,-0.06800000000000006,-0.31199999999999983,falling,spring,2025,,0.0,,0.0,,0.0,False
2025-05-11 06:00:00+00:00,0.6,0.75,-0.01200000000000001,-0.02100000000000002,-0.05700000000000005,-0.11250000000000004,-0.04800000000000004,-0.2280000000000002,falling,spring,2025,,0.0,,0.0,,0.0,False
2025-05-11 07:00:00+00:00,0.599,0.745,-0.008000000000000007,-0.02300000000000002,-0.03949999999999998,-0.121,-0.03200000000000003,-0.15799999999999992,falling,spring,2025,,0.0,,0.0,,0.0,False
2025-05-18 14:00:00+00:00,0.581,0.542,-0.008000000000000007,-0.013000000000000012,-0.03299999999999992,-0.06499999999999995,-0.03200000000000003,-0.13199999999999967,falling,spring,2025,,0.0,,0.0,,0.0,False
2025-05-18 15:00:00+00:00,0.5785,0.532,-0.009499999999999953,-0.015499999999999958,-0.038999999999999924,-0.07399999999999995,-0.03799999999999981,-0.1559999999999997,falling,spring,2025,,0.0,,0.0,,0.0,False
2025-05-18 16:00:00+00:00,0.578,0.529,-0.010000000000000009,-0.015499999999999958,-0.040999999999999925,-0.07499999999999996,-0.040000000000000036,-0.1639999999999997,falling,spring,2025,,0.0,,0.0,,0.0,False
2025-05-18 17:00:00+00:00,0.574,0.5145,-0.013000000000000012,-0.019000000000000017,-0.05149999999999999,-0.08650000000000002,-0.052000000000000046,-0.20599999999999996,falling,spring,2025,,0.0,,0.0,,0.0,False
2025-05-18 18:00:00+00:00,0.569,0.496,-0.017000000000000015,-0.02100000000000002,-0.06500000000000006,-0.09299999999999997,-0.06800000000000006,-0.26000000000000023,falling,spring,2025,,0.0,,0.0,,0.0,False
2025-05-18 19:00:00+00:00,0.565,0.482,-0.01849999999999996,-0.025000000000000022,-0.06950000000000012,-0.10599999999999998,-0.07399999999999984,-0.27800000000000047,falling,spring,2025,,0.0,,0.0,,0.0,False
2025-05-18 20:00:00+00:00,0.562,0.471,-0.018999999999999906,-0.027999999999999914,-0.07100000000000006,-0.11699999999999999,-0.07599999999999962,-0.28400000000000025,falling,spring,2025,,0.0,,0.0,,0.0,False
2025-05-18 21:00:00+00:00,0.559,0.46,-0.019499999999999962,-0.03199999999999992,-0.07200000000000001,-0.13099999999999995,-0.07799999999999985,-0.28800000000000003,falling,spring,2025,,0.0,,0.0,,0.0,False
2025-05-18 22:00:00+00:00,0.557,0.453,-0.020999999999999908,-0.03299999999999992,-0.07600000000000001,-0.13299999999999995,-0.08399999999999963,-0.30400000000000005,falling,spring,2025,,0.0,,0.0,,0.0,False
2025-05-18 23:00:00+00:00,0.555,0.446,-0.018999999999999906,-0.03599999999999992,-0.06849999999999995,-0.1434999999999999,-0.07599999999999962,-0.2739999999999998,falling,spring,2025,,0.0,,0.0,,0.0,False
2025-05-19 00:00:00+00:00,0.554,0.442,-0.014999999999999902,-0.03749999999999987,-0.05399999999999999,-0.14850000000000002,-0.05999999999999961,-0.21599999999999997,falling,spring,2025,,0.0,,0.0,,0.0,False
2025-05-19 01:00:00+00:00,0.554,0.441,-0.010999999999999899,-0.03649999999999998,-0.04099999999999998,-0.14499999999999996,-0.043999999999999595,-0.16399999999999992,falling,spring,2025,,0.0,,0.0,,0.0,False
2025-05-19 02:00:00+00:00,0.554,0.44,-0.008000000000000007,-0.03599999999999992,-0.030999999999999972,-0.14299999999999996,-0.03200000000000003,-0.12399999999999989,falling,spring,2025,,0.0,,0.0,,0.0,False
2025-05-19 03:00:00+00:00,0.553,0.436,-0.006000000000000005,-0.03599999999999992,-0.02400000000000002,-0.14299999999999996,-0.02400000000000002,-0.09600000000000009,falling,spring,2025,,0.0,,0.0,,0.0,False
2025-05-19 04:00:00+00:00,0.552,0.432,-0.0050000000000000044,-0.035499999999999865,-0.02100000000000002,-0.1405,-0.020000000000000018,-0.08400000000000007,falling,spring,2025,,0.0,,0.0,,0.0,False
2025-05-19 05:00:00+00:00,0.551,0.428,-0.0040000000000000036,-0.03599999999999992,-0.018000000000000016,-0.14199999999999996,-0.016000000000000014,-0.07200000000000006,falling,spring,2025,,0.0,,0.0,,0.0,False
2025-05-19 06:00:00+00:00,0.551,0.428,-0.0030000000000000027,-0.03699999999999992,-0.014000000000000012,-0.14499999999999996,-0.01200000000000001,-0.05600000000000005,falling,spring,2025,,0.0,,0.0,,0.0,False
2025-05-19 07:00:00+00:00,0.5505,0.4255,-0.0035000000000000586,-0.03849999999999998,-0.015500000000000014,-0.15049999999999997,-0.014000000000000234,-0.062000000000000055,falling,spring,2025,,0.0,,0.0,,0.0,False
2025-05-19 08:00:00+00:00,0.5515000000000001,0.4285,-0.0024999999999999467,-0.03749999999999987,-0.01150000000000001,-0.14649999999999996,-0.009999999999999787,-0.04600000000000004,approximately_flat,spring,2025,,0.0,,0.0,,0.0,False
2025-05-19 15:00:00+00:00,0.552,0.425,-0.0010000000000000009,-0.026499999999999968,-0.008000000000000007,-0.10700000000000004,-0.0040000000000000036,-0.03200000000000003,approximately_flat,spring,2025,,0.0,,0.0,,0.0,False
2025-05-19 16:00:00+00:00,0.551,0.422,-0.0020000000000000018,-0.026999999999999913,-0.010000000000000009,-0.10700000000000004,-0.008000000000000007,-0.040000000000000036,approximately_flat,spring,2025,,0.0,,0.0,,0.0,False
2025-05-19 17:00:00+00:00,0.5485,0.413,-0.0035000000000000586,-0.025499999999999967,-0.015000000000000013,-0.10149999999999998,-0.014000000000000234,-0.06000000000000005,falling,spring,2025,,0.0,,0.0,,0.0,False
2025-05-19 18:00:00+00:00,0.5455000000000001,0.4025,-0.00649999999999995,-0.023499999999999854,-0.024499999999999966,-0.09349999999999997,-0.0259999999999998,-0.09799999999999986,falling,spring,2025,,0.0,,0.0,,0.0,False
2025-05-19 19:00:00+00:00,0.5425,0.3925,-0.009500000000000064,-0.022499999999999964,-0.034499999999999975,-0.08949999999999997,-0.038000000000000256,-0.1379999999999999,falling,spring,2025,,0.0,,0.0,,0.0,False
2025-05-19 20:00:00+00:00,0.54,0.3845,-0.01200000000000001,-0.02200000000000002,-0.04149999999999998,-0.08649999999999997,-0.04800000000000004,-0.16599999999999993,falling,spring,2025,,0.0,,0.0,,0.0,False
2025-05-19 21:00:00+00:00,0.537,0.375,-0.015000000000000013,-0.02200000000000002,-0.04999999999999999,-0.08500000000000002,-0.06000000000000005,-0.19999999999999996,falling,spring,2025,,0.0,,0.0,,0.0,False
2025-05-19 22:00:00+00:00,0.5355000000000001,0.3695,-0.015499999999999958,-0.021499999999999964,-0.05249999999999999,-0.08350000000000002,-0.06199999999999983,-0.20999999999999996,falling,spring,2025,,0.0,,0.0,,0.0,False
2025-05-19 23:00:00+00:00,0.535,0.368,-0.013499999999999956,-0.020000000000000018,-0.044999999999999984,-0.07800000000000001,-0.053999999999999826,-0.17999999999999994,falling,spring,2025,,0.0,,0.0,,0.0,False
2025-05-20 00:00:00+00:00,0.5345,0.3655,-0.01100000000000012,-0.019500000000000073,-0.03700000000000003,-0.07650000000000001,-0.04400000000000048,-0.14800000000000013,falling,spring,2025,,0.0,,0.0,,0.0,False
2025-05-20 01:00:00+00:00,0.535,0.366,-0.007499999999999951,-0.019000000000000017,-0.026500000000000024,-0.07500000000000001,-0.029999999999999805,-0.1060000000000001,falling,spring,2025,,0.0,,0.0,,0.0,False
2025-05-20 02:00:00+00:00,0.534,0.363,-0.006000000000000005,-0.020000000000000018,-0.02150000000000002,-0.07700000000000001,-0.02400000000000002,-0.08600000000000008,falling,spring,2025,,0.0,,0.0,,0.0,False
2025-05-20 03:00:00+00:00,0.532,0.356,-0.0050000000000000044,-0.02100000000000002,-0.019000000000000017,-0.08000000000000002,-0.020000000000000018,-0.07600000000000007,falling,spring,2025,,0.0,,0.0,,0.0,False
2025-05-20 04:00:00+00:00,0.532,0.356,-0.0035000000000000586,-0.020000000000000018,-0.013500000000000012,-0.07600000000000001,-0.014000000000000234,-0.05400000000000005,falling,spring,2025,,0.0,,0.0,,0.0,False
2025-05-20 05:00:00+00:00,0.532,0.355,-0.0030000000000000027,-0.019000000000000017,-0.013000000000000012,-0.07300000000000001,-0.01200000000000001,-0.052000000000000046,falling,spring,2025,,0.0,,0.0,,0.0,False
2025-05-20 06:00:00+00:00,0.533,0.358,-0.0014999999999999458,-0.018000000000000016,-0.007500000000000007,-0.07,-0.005999999999999783,-0.030000000000000027,approximately_flat,spring,2025,,0.0,,0.0,,0.0,False
2025-05-28 04:00:00+00:00,0.649,0.641,-0.010000000000000009,-0.10999999999999999,-0.04400000000000004,-0.524,-0.040000000000000036,-0.17600000000000016,falling,spring,2025,,0.0,,0.0,,0.0,False
2025-05-28 05:00:00+00:00,0.647,0.633,-0.01200000000000001,-0.10349999999999993,-0.052000000000000046,-0.4820000000000002,-0.04800000000000004,-0.20800000000000018,falling,spring,2025,,0.0,,0.0,,0.0,False
2025-05-28 06:00:00+00:00,0.646,0.628,-0.01200000000000001,-0.08950000000000002,-0.052000000000000046,-0.41200000000000003,-0.04800000000000004,-0.20800000000000018,falling,spring,2025,,0.0,,0.0,,0.0,False
2025-05-28 07:00:00+00:00,0.645,0.624,-0.01100000000000001,-0.0714999999999999,-0.04700000000000004,-0.3244999999999999,-0.04400000000000004,-0.18800000000000017,falling,spring,2025,,0.0,,0.0,,0.0,False
2025-05-28 08:00:00+00:00,0.645,0.623,-0.008000000000000007,-0.059499999999999886,-0.03550000000000009,-0.26849999999999996,-0.03200000000000003,-0.14200000000000035,falling,spring,2025,,0.0,,0.0,,0.0,False
2025-05-28 09:00:00+00:00,0.644,0.619,-0.006500000000000061,-0.05049999999999988,-0.029000000000000026,-0.22699999999999998,-0.026000000000000245,-0.1160000000000001,falling,spring,2025,,0.0,,0.0,,0.0,False
2025-05-28 10:00:00+00:00,0.644,0.618,-0.0050000000000000044,-0.04050000000000009,-0.02300000000000002,-0.18300000000000005,-0.020000000000000018,-0.09200000000000008,falling,spring,2025,,0.0,,0.0,,0.0,False
2025-05-28 11:00:00+00:00,0.644,0.617,-0.0030000000000000027,-0.03149999999999997,-0.016000000000000014,-0.14450000000000007,-0.01200000000000001,-0.06400000000000006,falling,spring,2025,,0.0,,0.0,,0.0,False
2025-05-28 12:00:00+00:00,0.643,0.613,-0.0030000000000000027,-0.026000000000000023,-0.015000000000000013,-0.12,-0.01200000000000001,-0.06000000000000005,falling,spring,2025,,0.0,,0.0,,0.0,False
2025-05-28 13:00:00+00:00,0.643,0.612,-0.0020000000000000018,-0.02200000000000002,-0.01200000000000001,-0.10399999999999998,-0.008000000000000007,-0.04800000000000004,approximately_flat,spring,2025,,0.0,,0.0,,0.0,False
2025-05-28 14:00:00+00:00,0.644,0.615,-0.0010000000000000009,-0.02100000000000002,-0.008000000000000007,-0.09999999999999998,-0.0040000000000000036,-0.03200000000000003,approximately_flat,spring,2025,,0.0,,0.0,,0.0,False
2025-05-31 08:00:00+00:00,0.6355,0.542,-0.013500000000000068,-0.02650000000000008,-0.05399999999999994,-0.11599999999999999,-0.05400000000000027,-0.21599999999999975,falling,spring,2025,,0.0,,0.0,,0.0,False
2025-05-31 09:00:00+00:00,0.635,0.539,-0.01200000000000001,-0.02400000000000002,-0.04799999999999993,-0.10599999999999998,-0.04800000000000004,-0.19199999999999973,falling,spring,2025,,0.0,,0.0,,0.0,False
2025-05-31 10:00:00+00:00,0.634,0.535,-0.010000000000000009,-0.02300000000000002,-0.04049999999999987,-0.10199999999999998,-0.040000000000000036,-0.16199999999999948,falling,spring,2025,,0.0,,0.0,,0.0,False
2025-05-31 11:00:00+00:00,0.633,0.531,-0.008000000000000007,-0.02400000000000002,-0.03299999999999992,-0.10499999999999998,-0.03200000000000003,-0.13199999999999967,falling,spring,2025,,0.0,,0.0,,0.0,False
2025-05-31 12:00:00+00:00,0.632,0.527,-0.007000000000000006,-0.025000000000000022,-0.029000000000000026,-0.10899999999999999,-0.028000000000000025,-0.1160000000000001,falling,spring,2025,,0.0,,0.0,,0.0,False
2025-05-31 13:00:00+00:00,0.631,0.523,-0.006000000000000005,-0.027000000000000024,-0.025000000000000022,-0.11599999999999999,-0.02400000000000002,-0.10000000000000009,falling,spring,2025,,0.0,,0.0,,0.0,False
2025-05-31 14:00:00+00:00,0.631,0.522,-0.0044999999999999485,-0.02750000000000008,-0.020000000000000018,-0.118,-0.017999999999999794,-0.08000000000000007,falling,spring,2025,,0.0,,0.0,,0.0,False
2025-05-31 15:00:00+00:00,0.63,0.518,-0.0050000000000000044,-0.029000000000000026,-0.02100000000000002,-0.123,-0.020000000000000018,-0.08400000000000007,falling,spring,2025,,0.0,,0.0,,0.0,False
2025-05-31 16:00:00+00:00,0.63,0.517,-0.0040000000000000036,-0.028000000000000025,-0.018000000000000016,-0.12,-0.016000000000000014,-0.07200000000000006,falling,spring,2025,,0.0,,0.0,,0.0,False
2025-05-31 17:00:00+00:00,0.628,0.51,-0.0050000000000000044,-0.030000000000000027,-0.02100000000000002,-0.126,-0.020000000000000018,-0.08400000000000007,falling,spring,2025,,0.0,,0.0,,0.0,False
2025-05-31 18:00:00+00:00,0.626,0.502,-0.006000000000000005,-0.031000000000000028,-0.025000000000000022,-0.13,-0.02400000000000002,-0.10000000000000009,falling,spring,2025,,0.0,,0.0,,0.0,False
2025-05-31 19:00:00+00:00,0.6265000000000001,0.5035000000000001,-0.0044999999999999485,-0.02949999999999997,-0.019499999999999962,-0.12349999999999994,-0.017999999999999794,-0.07799999999999985,falling,spring,2025,,0.0,,0.0,,0.0,False
2025-05-31 20:00:00+00:00,0.629,0.511,-0.0020000000000000018,-0.026000000000000023,-0.01100000000000001,-0.11099999999999999,-0.008000000000000007,-0.04400000000000004,approximately_flat,spring,2025,,0.0,,0.0,,0.0,False
2025-06-03 03:00:00+00:00,0.651,0.557,-0.00649999999999995,-0.02200000000000002,-0.027999999999999914,-0.09899999999999998,-0.0259999999999998,-0.11199999999999966,falling,summer,2025,,0.0,,0.0,,0.0,False
2025-06-03 04:00:00+00:00,0.65,0.553,-0.005499999999999949,-0.020000000000000018,-0.02399999999999991,-0.09099999999999997,-0.021999999999999797,-0.09599999999999964,falling,summer,2025,,0.0,,0.0,,0.0,False
2025-06-03 05:00:00+00:00,0.6485000000000001,0.5465,-0.004999999999999893,-0.019499999999999962,-0.02200000000000002,-0.08850000000000002,-0.019999999999999574,-0.08800000000000008,falling,summer,2025,,0.0,,0.0,,0.0,False
2025-06-03 06:00:00+00:00,0.6475,0.542,-0.00550000000000006,-0.019500000000000073,-0.02399999999999991,-0.08899999999999997,-0.02200000000000024,-0.09599999999999964,falling,summer,2025,,0.0,,0.0,,0.0,False
2025-06-03 07:00:00+00:00,0.646,0.536,-0.006000000000000005,-0.020000000000000018,-0.026000000000000023,-0.08999999999999997,-0.02400000000000002,-0.10400000000000009,falling,summer,2025,,0.0,,0.0,,0.0,False
2025-06-03 08:00:00+00:00,0.645,0.532,-0.007000000000000006,-0.020000000000000018,-0.029000000000000026,-0.08999999999999997,-0.028000000000000025,-0.1160000000000001,falling,summer,2025,,0.0,,0.0,,0.0,False
2025-06-03 09:00:00+00:00,0.644,0.528,-0.007000000000000006,-0.020000000000000018,-0.029000000000000026,-0.08899999999999997,-0.028000000000000025,-0.1160000000000001,falling,summer,2025,,0.0,,0.0,,0.0,False
2025-06-03 10:00:00+00:00,0.643,0.524,-0.007000000000000006,-0.020000000000000018,-0.029000000000000026,-0.08899999999999997,-0.028000000000000025,-0.1160000000000001,falling,summer,2025,,0.0,,0.0,,0.0,False
2025-06-03 11:00:00+00:00,0.6415,0.5175000000000001,-0.007000000000000117,-0.020500000000000074,-0.028999999999999915,-0.09049999999999991,-0.02800000000000047,-0.11599999999999966,falling,summer,2025,,0.0,,0.0,,0.0,False
2025-06-03 12:00:00+00:00,0.64,0.512,-0.007499999999999951,-0.021499999999999964,-0.030000000000000027,-0.09399999999999997,-0.029999999999999805,-0.1200000000000001,falling,summer,2025,,0.0,,0.0,,0.0,False
2025-06-03 13:00:00+00:00,0.639,0.508,-0.007000000000000006,-0.02200000000000002,-0.028000000000000025,-0.09499999999999997,-0.028000000000000025,-0.1120000000000001,falling,summer,2025,,0.0,,0.0,,0.0,False
2025-06-03 14:00:00+00:00,0.64,0.5105,-0.0050000000000000044,-0.020500000000000074,-0.021500000000000075,-0.09000000000000008,-0.020000000000000018,-0.0860000000000003,falling,summer,2025,,0.0,,0.0,,0.0,False
2025-06-03 15:00:00+00:00,0.64,0.51,-0.0040000000000000036,-0.020000000000000018,-0.018000000000000016,-0.08799999999999997,-0.016000000000000014,-0.07200000000000006,falling,summer,2025,,0.0,,0.0,,0.0,False
2025-06-03 16:00:00+00:00,0.64,0.509,-0.0030000000000000027,-0.020000000000000018,-0.015000000000000013,-0.08799999999999997,-0.01200000000000001,-0.06000000000000005,falling,summer,2025,,0.0,,0.0,,0.0,False
2025-06-03 17:00:00+00:00,0.6395,0.507,-0.0020000000000000018,-0.020500000000000074,-0.010500000000000065,-0.08999999999999997,-0.008000000000000007,-0.04200000000000026,approximately_flat,summer,2025,,0.0,,0.0,,0.0,False
2025-06-03 18:00:00+00:00,0.638,0.501,-0.0020000000000000018,-0.02200000000000002,-0.01100000000000001,-0.09499999999999997,-0.008000000000000007,-0.04400000000000004,approximately_flat,summer,2025,,0.0,,0.0,,0.0,False
2025-06-03 19:00:00+00:00,0.636,0.494,-0.0030000000000000027,-0.02300000000000002,-0.014000000000000012,-0.09799999999999998,-0.01200000000000001,-0.05600000000000005,falling,summer,2025,,0.0,,0.0,,0.0,False
2025-06-03 20:00:00+00:00,0.6335,0.4845,-0.006500000000000061,-0.025500000000000078,-0.025999999999999968,-0.10649999999999998,-0.026000000000000245,-0.10399999999999987,falling,summer,2025,,0.0,,0.0,,0.0,False
2025-06-03 21:00:00+00:00,0.632,0.479,-0.008000000000000007,-0.025499999999999967,-0.031000000000000028,-0.10599999999999998,-0.03200000000000003,-0.12400000000000011,falling,summer,2025,,0.0,,0.0,,0.0,False
2025-06-03 22:00:00+00:00,0.63,0.471,-0.010000000000000009,-0.025499999999999967,-0.038000000000000034,-0.10599999999999998,-0.040000000000000036,-0.15200000000000014,falling,summer,2025,,0.0,,0.0,,0.0,False
2025-06-03 23:00:00+00:00,0.628,0.464,-0.011499999999999955,-0.025499999999999967,-0.04299999999999998,-0.10449999999999998,-0.04599999999999982,-0.17199999999999993,falling,summer,2025,,0.0,,0.0,,0.0,False
2025-06-04 00:00:00+00:00,0.627,0.46,-0.01100000000000001,-0.026000000000000023,-0.04099999999999998,-0.10599999999999993,-0.04400000000000004,-0.16399999999999992,falling,summer,2025,,0.0,,0.0,,0.0,False
2025-06-04 01:00:00+00:00,0.625,0.453,-0.01100000000000001,-0.027000000000000024,-0.04099999999999998,-0.10900000000000004,-0.04400000000000004,-0.16399999999999992,falling,summer,2025,,0.0,,0.0,,0.0,False
2025-06-04 02:00:00+00:00,0.624,0.449,-0.009499999999999953,-0.028000000000000025,-0.035499999999999976,-0.11200000000000004,-0.03799999999999981,-0.1419999999999999,falling,summer,2025,,0.0,,0.0,,0.0,False
2025-06-04 03:00:00+00:00,0.624,0.448,-0.008000000000000007,-0.027000000000000024,-0.030999999999999972,-0.10900000000000004,-0.03200000000000003,-0.12399999999999989,falling,summer,2025,,0.0,,0.0,,0.0,False
2025-06-04 04:00:00+00:00,0.624,0.448,-0.006000000000000005,-0.026000000000000023,-0.022999999999999965,-0.10500000000000004,-0.02400000000000002,-0.09199999999999986,falling,summer,2025,,0.0,,0.0,,0.0,False
2025-06-04 05:00:00+00:00,0.624,0.447,-0.0040000000000000036,-0.024500000000000077,-0.017000000000000015,-0.09949999999999998,-0.016000000000000014,-0.06800000000000006,falling,summer,2025,,0.0,,0.0,,0.0,False
2025-06-04 06:00:00+00:00,0.625,0.45,-0.0020000000000000018,-0.022499999999999964,-0.010000000000000009,-0.09200000000000003,-0.008000000000000007,-0.040000000000000036,approximately_flat,summer,2025,,0.0,,0.0,,0.0,False
2025-06-04 07:00:00+00:00,0.624,0.446,-0.0010000000000000009,-0.02200000000000002,-0.007000000000000006,-0.09000000000000002,-0.0040000000000000036,-0.028000000000000025,approximately_flat,summer,2025,,0.0,,0.0,,0.0,False
2025-06-04 12:00:00+00:00,0.624,0.443,-0.0010000000000000009,-0.016000000000000014,-0.007000000000000006,-0.069,-0.0040000000000000036,-0.028000000000000025,approximately_flat,summer,2025,,0.0,,0.0,,0.0,False
2025-06-15 21:00:00+00:00,0.764,0.802,-0.01849999999999996,-0.22249999999999992,-0.08699999999999997,-1.263,-0.07399999999999984,-0.34799999999999986,falling,summer,2025,,0.0,,0.0,,0.0,False
2025-06-15 22:00:00+00:00,0.762,0.793,-0.017000000000000015,-0.20699999999999996,-0.07899999999999996,-1.157,-0.06800000000000006,-0.31599999999999984,falling,summer,2025,,0.0,,0.0,,0.0,False
2025-06-15 23:00:00+00:00,0.76,0.783,-0.016000000000000014,-0.18499999999999994,-0.07499999999999996,-1.012,-0.06400000000000006,-0.2999999999999998,falling,summer,2025,,0.0,,0.0,,0.0,False
2025-06-16 00:00:00+00:00,0.7585,0.776,-0.014000000000000012,-0.1635000000000001,-0.06549999999999989,-0.869,-0.05600000000000005,-0.26199999999999957,falling,summer,2025,,0.0,,0.0,,0.0,False
2025-06-17 07:00:00+00:00,0.754,0.735,-0.007000000000000006,-0.07399999999999995,-0.03400000000000003,-0.3550000000000001,-0.028000000000000025,-0.13600000000000012,falling,summer,2025,,0.0,,0.0,,0.0,False
2025-06-17 08:00:00+00:00,0.7525,0.728,-0.007500000000000062,-0.06800000000000006,-0.03600000000000003,-0.3270000000000002,-0.03000000000000025,-0.14400000000000013,falling,summer,2025,,0.0,,0.0,,0.0,False
2025-06-17 09:00:00+00:00,0.752,0.725,-0.006000000000000005,-0.061999999999999944,-0.029000000000000026,-0.29500000000000004,-0.02400000000000002,-0.1160000000000001,falling,summer,2025,,0.0,,0.0,,0.0,False
2025-06-17 10:00:00+00:00,0.751,0.72,-0.006000000000000005,-0.05700000000000005,-0.029000000000000026,-0.274,-0.02400000000000002,-0.1160000000000001,falling,summer,2025,,0.0,,0.0,,0.0,False
2025-06-17 11:00:00+00:00,0.749,0.711,-0.007000000000000006,-0.05400000000000005,-0.033499999999999974,-0.258,-0.028000000000000025,-0.1339999999999999,falling,summer,2025,,0.0,,0.0,,0.0,False
2025-06-17 12:00:00+00:00,0.749,0.71,-0.006000000000000005,-0.049000000000000044,-0.030000000000000027,-0.23449999999999993,-0.02400000000000002,-0.1200000000000001,falling,summer,2025,,0.0,,0.0,,0.0,False
2025-06-17 13:00:00+00:00,0.748,0.706,-0.006000000000000005,-0.04600000000000004,-0.029000000000000026,-0.21900000000000008,-0.02400000000000002,-0.1160000000000001,falling,summer,2025,,0.0,,0.0,,0.0,False
2025-06-17 14:00:00+00:00,0.747,0.701,-0.005499999999999949,-0.04300000000000004,-0.027000000000000024,-0.20500000000000007,-0.021999999999999797,-0.1080000000000001,falling,summer,2025,,0.0,,0.0,,0.0,False
2025-06-17 15:00:00+00:00,0.746,0.696,-0.006000000000000005,-0.04049999999999998,-0.029000000000000026,-0.19300000000000006,-0.02400000000000002,-0.1160000000000001,falling,summer,2025,,0.0,,0.0,,0.0,False
2025-06-17 16:00:00+00:00,0.745,0.691,-0.006000000000000005,-0.038000000000000034,-0.029000000000000026,-0.18100000000000005,-0.02400000000000002,-0.1160000000000001,falling,summer,2025,,0.0,,0.0,,0.0,False
2025-06-17 17:00:00+00:00,0.744,0.687,-0.0050000000000000044,-0.03649999999999998,-0.02399999999999991,-0.17299999999999993,-0.020000000000000018,-0.09599999999999964,falling,summer,2025,,0.0,,0.0,,0.0,False
2025-06-17 18:00:00+00:00,0.743,0.682,-0.006000000000000005,-0.03400000000000003,-0.027999999999999914,-0.16199999999999992,-0.02400000000000002,-0.11199999999999966,falling,summer,2025,,0.0,,0.0,,0.0,False
2025-06-17 19:00:00+00:00,0.742,0.677,-0.006000000000000005,-0.03200000000000003,-0.028999999999999915,-0.1529999999999999,-0.02400000000000002,-0.11599999999999966,falling,summer,2025,,0.0,,0.0,,0.0,False
2025-06-17 20:00:00+00:00,0.741,0.672,-0.006000000000000005,-0.030000000000000027,-0.028999999999999915,-0.1439999999999999,-0.02400000000000002,-0.11599999999999966,falling,summer,2025,,0.0,,0.0,,0.0,False
2025-06-17 21:00:00+00:00,0.741,0.672,-0.0050000000000000044,-0.028000000000000025,-0.02399999999999991,-0.134,-0.020000000000000018,-0.09599999999999964,falling,summer,2025,,0.0,,0.0,,0.0,False
2025-06-17 22:00:00+00:00,0.74,0.667,-0.0050000000000000044,-0.027000000000000024,-0.02399999999999991,-0.13,-0.020000000000000018,-0.09599999999999964,falling,summer,2025,,0.0,,0.0,,0.0,False
2025-06-17 23:00:00+00:00,0.739,0.662,-0.0050000000000000044,-0.026000000000000023,-0.025000000000000022,-0.125,-0.020000000000000018,-0.10000000000000009,falling,summer,2025,,0.0,,0.0,,0.0,False
2025-06-18 00:00:00+00:00,0.738,0.658,-0.0050000000000000044,-0.025000000000000022,-0.02400000000000002,-0.12,-0.020000000000000018,-0.09600000000000009,falling,summer,2025,,0.0,,0.0,,0.0,False
2025-06-18 01:00:00+00:00,0.738,0.657,-0.0040000000000000036,-0.02300000000000002,-0.020000000000000018,-0.11199999999999999,-0.016000000000000014,-0.08000000000000007,falling,summer,2025,,0.0,,0.0,,0.0,False
2025-06-18 02:00:00+00:00,0.737,0.652,-0.0040000000000000036,-0.02300000000000002,-0.020000000000000018,-0.11199999999999999,-0.016000000000000014,-0.08000000000000007,falling,summer,2025,,0.0,,0.0,,0.0,False
2025-06-18 03:00:00+00:00,0.736,0.648,-0.0050000000000000044,-0.02200000000000002,-0.02400000000000002,-0.10599999999999998,-0.020000000000000018,-0.09600000000000009,falling,summer,2025,,0.0,,0.0,,0.0,False
2025-06-18 04:00:00+00:00,0.736,0.647,-0.0040000000000000036,-0.02100000000000002,-0.020000000000000018,-0.10199999999999998,-0.016000000000000014,-0.08000000000000007,falling,summer,2025,,0.0,,0.0,,0.0,False
2025-06-18 05:00:00+00:00,0.735,0.643,-0.0040000000000000036,-0.02100000000000002,-0.019000000000000017,-0.10149999999999992,-0.016000000000000014,-0.07600000000000007,falling,summer,2025,,0.0,,0.0,,0.0,False
2025-06-18 06:00:00+00:00,0.7344999999999999,0.64,-0.0035000000000000586,-0.020500000000000074,-0.018000000000000016,-0.09999999999999998,-0.014000000000000234,-0.07200000000000006,falling,summer,2025,,0.0,,0.0,,0.0,False
2025-06-18 07:00:00+00:00,0.734,0.637,-0.0040000000000000036,-0.020000000000000018,-0.020000000000000018,-0.09799999999999998,-0.016000000000000014,-0.08000000000000007,falling,summer,2025,,0.0,,0.0,,0.0,False
2025-06-18 08:00:00+00:00,0.734,0.637,-0.0030000000000000027,-0.01849999999999996,-0.015000000000000013,-0.09099999999999997,-0.01200000000000001,-0.06000000000000005,falling,summer,2025,,0.0,,0.0,,0.0,False
2025-06-18 09:00:00+00:00,0.733,0.632,-0.0030000000000000027,-0.019000000000000017,-0.016000000000000014,-0.09299999999999997,-0.01200000000000001,-0.06400000000000006,falling,summer,2025,,0.0,,0.0,,0.0,False
2025-06-18 10:00:00+00:00,0.733,0.631,-0.0030000000000000027,-0.018000000000000016,-0.016000000000000014,-0.08899999999999997,-0.01200000000000001,-0.06400000000000006,falling,summer,2025,,0.0,,0.0,,0.0,False
2025-06-18 11:00:00+00:00,0.733,0.631,-0.0020000000000000018,-0.016000000000000014,-0.01200000000000001,-0.07999999999999996,-0.008000000000000007,-0.04800000000000004,approximately_flat,summer,2025,,0.0,,0.0,,0.0,False
2025-06-18 12:00:00+00:00,0.732,0.626,-0.0024999999999999467,-0.017000000000000015,-0.014000000000000012,-0.08399999999999996,-0.009999999999999787,-0.05600000000000005,approximately_flat,summer,2025,,0.0,,0.0,,0.0,False
2025-06-18 13:00:00+00:00,0.732,0.626,-0.0020000000000000018,-0.016000000000000014,-0.01100000000000001,-0.07999999999999996,-0.008000000000000007,-0.04400000000000004,approximately_flat,summer,2025,,0.0,,0.0,,0.0,False
2025-06-18 14:00:00+00:00,0.731,0.621,-0.0030000000000000027,-0.016000000000000014,-0.016000000000000014,-0.07999999999999996,-0.01200000000000001,-0.06400000000000006,falling,summer,2025,,0.0,,0.0,,0.0,False
2025-06-18 15:00:00+00:00,0.731,0.62,-0.0020000000000000018,-0.015000000000000013,-0.01200000000000001,-0.07599999999999996,-0.008000000000000007,-0.04800000000000004,approximately_flat,summer,2025,,0.0,,0.0,,0.0,False
2025-06-18 16:00:00+00:00,0.731,0.62,-0.0020000000000000018,-0.014000000000000012,-0.01100000000000001,-0.07099999999999995,-0.008000000000000007,-0.04400000000000004,approximately_flat,summer,2025,,0.0,,0.0,,0.0,False
2025-06-18 17:00:00+00:00,0.73,0.615,-0.0030000000000000027,-0.014000000000000012,-0.016000000000000014,-0.07200000000000006,-0.01200000000000001,-0.06400000000000006,falling,summer,2025,,0.0,,0.0,,0.0,False
2025-06-18 18:00:00+00:00,0.73,0.615,-0.0020000000000000018,-0.013000000000000012,-0.01100000000000001,-0.06700000000000006,-0.008000000000000007,-0.04400000000000004,approximately_flat,summer,2025,,0.0,,0.0,,0.0,False
2025-06-18 19:00:00+00:00,0.729,0.61,-0.0030000000000000027,-0.013000000000000012,-0.016000000000000014,-0.06700000000000006,-0.01200000000000001,-0.06400000000000006,falling,summer,2025,,0.0,,0.0,,0.0,False
2025-06-18 20:00:00+00:00,0.728,0.606,-0.0030000000000000027,-0.013000000000000012,-0.015000000000000013,-0.06600000000000006,-0.01200000000000001,-0.06000000000000005,falling,summer,2025,,0.0,,0.0,,0.0,False
2025-06-18 21:00:00+00:00,0.726,0.597,-0.0050000000000000044,-0.015000000000000013,-0.02300000000000002,-0.07500000000000007,-0.020000000000000018,-0.09200000000000008,falling,summer,2025,,0.0,,0.0,,0.0,False
2025-06-18 22:00:00+00:00,0.724,0.589,-0.007000000000000006,-0.016000000000000014,-0.031000000000000028,-0.07800000000000007,-0.028000000000000025,-0.12400000000000011,falling,summer,2025,,0.0,,0.0,,0.0,False
2025-06-18 23:00:00+00:00,0.7224999999999999,0.583,-0.007500000000000062,-0.01650000000000007,-0.03200000000000003,-0.07900000000000007,-0.03000000000000025,-0.1280000000000001,falling,summer,2025,,0.0,,0.0,,0.0,False
2025-06-19 00:00:00+00:00,0.721,0.577,-0.009000000000000008,-0.017000000000000015,-0.038000000000000034,-0.08100000000000007,-0.03600000000000003,-0.15200000000000014,falling,summer,2025,,0.0,,0.0,,0.0,False
2025-06-19 01:00:00+00:00,0.719,0.568,-0.010000000000000009,-0.019000000000000017,-0.04200000000000004,-0.08900000000000008,-0.040000000000000036,-0.16800000000000015,falling,summer,2025,,0.0,,0.0,,0.0,False
2025-06-19 02:00:00+00:00,0.717,0.561,-0.01100000000000001,-0.020000000000000018,-0.04499999999999993,-0.09099999999999997,-0.04400000000000004,-0.17999999999999972,falling,summer,2025,,0.0,,0.0,,0.0,False
2025-06-19 03:00:00+00:00,0.716,0.556,-0.010000000000000009,-0.020000000000000018,-0.040999999999999925,-0.09199999999999997,-0.040000000000000036,-0.1639999999999997,falling,summer,2025,,0.0,,0.0,,0.0,False
2025-06-19 04:00:00+00:00,0.715,0.552,-0.009000000000000008,-0.02100000000000002,-0.03699999999999992,-0.09499999999999997,-0.03600000000000003,-0.1479999999999997,falling,summer,2025,,0.0,,0.0,,0.0,False
2025-06-19 05:00:00+00:00,0.713,0.544,-0.009499999999999953,-0.02200000000000002,-0.038999999999999924,-0.09899999999999998,-0.03799999999999981,-0.1559999999999997,falling,summer,2025,,0.0,,0.0,,0.0,False
2025-06-19 06:00:00+00:00,0.712,0.54,-0.009000000000000008,-0.022499999999999964,-0.03699999999999992,-0.09999999999999998,-0.03600000000000003,-0.1479999999999997,falling,summer,2025,,0.0,,0.0,,0.0,False
2025-06-19 07:00:00+00:00,0.7104999999999999,0.534,-0.008500000000000063,-0.023500000000000076,-0.03399999999999992,-0.10299999999999998,-0.03400000000000025,-0.13599999999999968,falling,summer,2025,,0.0,,0.0,,0.0,False
2025-06-19 08:00:00+00:00,0.709,0.528,-0.008000000000000007,-0.025000000000000022,-0.03300000000000003,-0.10899999999999999,-0.03200000000000003,-0.13200000000000012,falling,summer,2025,,0.0,,0.0,,0.0,False
2025-06-19 09:00:00+00:00,0.708,0.524,-0.008000000000000007,-0.025000000000000022,-0.03200000000000003,-0.10799999999999998,-0.03200000000000003,-0.1280000000000001,falling,summer,2025,,0.0,,0.0,,0.0,False
2025-06-19 10:00:00+00:00,0.707,0.519,-0.008000000000000007,-0.026000000000000023,-0.03300000000000003,-0.11199999999999999,-0.03200000000000003,-0.13200000000000012,falling,summer,2025,,0.0,,0.0,,0.0,False
2025-06-19 11:00:00+00:00,0.7095,0.5275000000000001,-0.0034999999999999476,-0.023499999999999965,-0.01649999999999996,-0.10349999999999993,-0.01399999999999979,-0.06599999999999984,falling,summer,2025,,0.0,,0.0,,0.0,False
2025-06-20 20:00:00+00:00,0.809,0.9135,-0.013999999999999901,-0.15949999999999986,-0.07050000000000001,-0.9015,-0.055999999999999606,-0.28200000000000003,falling,summer,2025,,0.0,,0.0,,0.0,False
2025-06-20 21:00:00+00:00,0.807,0.9035,-0.013999999999999901,-0.1409999999999999,-0.07050000000000001,-0.7815000000000001,-0.055999999999999606,-0.28200000000000003,falling,summer,2025,,0.0,,0.0,,0.0,False
2025-06-20 22:00:00+00:00,0.805,0.8935,-0.0129999999999999,-0.12849999999999995,-0.0655,-0.7015000000000002,-0.0519999999999996,-0.262,falling,summer,2025,,0.0,,0.0,,0.0,False
2025-06-20 23:00:00+00:00,0.804,0.888,-0.011499999999999844,-0.11650000000000005,-0.058499999999999885,-0.632,-0.045999999999999375,-0.23399999999999954,falling,summer,2025,,0.0,,0.0,,0.0,False
2025-06-21 00:00:00+00:00,0.804,0.887,-0.008999999999999897,-0.10450000000000004,-0.04700000000000004,-0.5579999999999998,-0.03599999999999959,-0.18800000000000017,falling,summer,2025,,0.0,,0.0,,0.0,False
2025-06-22 07:00:00+00:00,0.804,0.8634999999999999,-0.012499999999999956,-0.10549999999999993,-0.062000000000000055,-0.5614999999999999,-0.04999999999999982,-0.24800000000000022,falling,summer,2025,,0.0,,0.0,,0.0,False
2025-06-22 08:00:00+00:00,0.8025,0.856,-0.011499999999999955,-0.09650000000000003,-0.05700000000000005,-0.5040000000000001,-0.04599999999999982,-0.2280000000000002,falling,summer,2025,,0.0,,0.0,,0.0,False
2025-06-22 09:00:00+00:00,0.801,0.8485,-0.010500000000000065,-0.08950000000000002,-0.052000000000000046,-0.4664999999999999,-0.04200000000000026,-0.20800000000000018,falling,summer,2025,,0.0,,0.0,,0.0,False
2025-06-22 10:00:00+00:00,0.8,0.843,-0.009500000000000064,-0.08250000000000002,-0.0475000000000001,-0.42700000000000005,-0.038000000000000256,-0.1900000000000004,falling,summer,2025,,0.0,,0.0,,0.0,False
2025-06-22 11:00:00+00:00,0.7975000000000001,0.8314999999999999,-0.010499999999999954,-0.0774999999999999,-0.0515000000000001,-0.3985000000000001,-0.041999999999999815,-0.2060000000000004,falling,summer,2025,,0.0,,0.0,,0.0,False
2025-06-22 12:00:00+00:00,0.795,0.82,-0.01100000000000001,-0.07299999999999995,-0.05300000000000005,-0.37,-0.04400000000000004,-0.2120000000000002,falling,summer,2025,,0.0,,0.0,,0.0,False
2025-06-22 13:00:00+00:00,0.793,0.81,-0.01100000000000001,-0.06899999999999995,-0.05349999999999988,-0.34999999999999987,-0.04400000000000004,-0.21399999999999952,falling,summer,2025,,0.0,,0.0,,0.0,False
2025-06-22 14:00:00+00:00,0.791,0.801,-0.011499999999999955,-0.06499999999999995,-0.05499999999999994,-0.32899999999999985,-0.04599999999999982,-0.21999999999999975,falling,summer,2025,,0.0,,0.0,,0.0,False
2025-06-22 15:00:00+00:00,0.789,0.791,-0.01200000000000001,-0.0615,-0.057499999999999996,-0.30900000000000005,-0.04800000000000004,-0.22999999999999998,falling,summer,2025,,0.0,,0.0,,0.0,False
2025-06-22 16:00:00+00:00,0.787,0.782,-0.013000000000000012,-0.05899999999999994,-0.06099999999999994,-0.29800000000000004,-0.052000000000000046,-0.24399999999999977,falling,summer,2025,,0.0,,0.0,,0.0,False
2025-06-22 17:00:00+00:00,0.785,0.7725,-0.012500000000000067,-0.05599999999999994,-0.05899999999999994,-0.2775000000000001,-0.050000000000000266,-0.23599999999999977,falling,summer,2025,,0.0,,0.0,,0.0,False
2025-06-22 18:00:00+00:00,0.783,0.763,-0.01200000000000001,-0.05449999999999988,-0.05699999999999994,-0.267,-0.04800000000000004,-0.22799999999999976,falling,summer,2025,,0.0,,0.0,,0.0,False
2025-06-22 19:00:00+00:00,0.781,0.754,-0.01200000000000001,-0.052999999999999936,-0.05600000000000005,-0.256,-0.04800000000000004,-0.2240000000000002,falling,summer,2025,,0.0,,0.0,,0.0,False
2025-06-22 20:00:00+00:00,0.7795000000000001,0.747,-0.011499999999999955,-0.050999999999999934,-0.05400000000000005,-0.24850000000000005,-0.04599999999999982,-0.2160000000000002,falling,summer,2025,,0.0,,0.0,,0.0,False
2025-06-22 21:00:00+00:00,0.7775000000000001,0.738,-0.011499999999999955,-0.04999999999999982,-0.05300000000000005,-0.24249999999999994,-0.04599999999999982,-0.2120000000000002,falling,summer,2025,,0.0,,0.0,,0.0,False
2025-06-22 22:00:00+00:00,0.776,0.731,-0.01100000000000001,-0.04849999999999999,-0.051000000000000045,-0.23450000000000004,-0.04400000000000004,-0.20400000000000018,falling,summer,2025,,0.0,,0.0,,0.0,False
2025-06-22 23:00:00+00:00,0.774,0.722,-0.01100000000000001,-0.047499999999999876,-0.05049999999999999,-0.22849999999999993,-0.04400000000000004,-0.20199999999999996,falling,summer,2025,,0.0,,0.0,,0.0,False
2025-06-23 00:00:00+00:00,0.773,0.717,-0.010000000000000009,-0.04599999999999993,-0.04600000000000004,-0.22099999999999997,-0.040000000000000036,-0.18400000000000016,falling,summer,2025,,0.0,,0.0,,0.0,False
2025-06-23 01:00:00+00:00,0.771,0.708,-0.010000000000000009,-0.045499999999999985,-0.04600000000000004,-0.21750000000000003,-0.040000000000000036,-0.18400000000000016,falling,summer,2025,,0.0,,0.0,,0.0,False
2025-06-23 02:00:00+00:00,0.77,0.703,-0.009500000000000064,-0.04399999999999993,-0.04400000000000004,-0.21000000000000008,-0.038000000000000256,-0.17600000000000016,falling,summer,2025,,0.0,,0.0,,0.0,False
2025-06-23 03:00:00+00:00,0.768,0.694,-0.009500000000000064,-0.043500000000000094,-0.04400000000000004,-0.20650000000000013,-0.038000000000000256,-0.17600000000000016,falling,summer,2025,,0.0,,0.0,,0.0,False
2025-06-23 04:00:00+00:00,0.767,0.69,-0.009000000000000008,-0.04250000000000009,-0.041000000000000036,-0.20050000000000012,-0.03600000000000003,-0.16400000000000015,falling,summer,2025,,0.0,,0.0,,0.0,False
2025-06-23 05:00:00+00:00,0.766,0.685,-0.008000000000000007,-0.04200000000000004,-0.03699999999999992,-0.19799999999999995,-0.03200000000000003,-0.1479999999999997,falling,summer,2025,,0.0,,0.0,,0.0,False
2025-06-23 06:00:00+00:00,0.765,0.68,-0.008000000000000007,-0.041000000000000036,-0.03699999999999992,-0.19299999999999995,-0.03200000000000003,-0.1479999999999997,falling,summer,2025,,0.0,,0.0,,0.0,False
2025-06-23 07:00:00+00:00,0.764,0.6755,-0.007000000000000006,-0.040000000000000036,-0.03249999999999997,-0.18799999999999994,-0.028000000000000025,-0.1299999999999999,falling,summer,2025,,0.0,,0.0,,0.0,False
2025-06-23 08:00:00+00:00,0.763,0.671,-0.007000000000000006,-0.03949999999999998,-0.03199999999999992,-0.18499999999999994,-0.028000000000000025,-0.12799999999999967,falling,summer,2025,,0.0,,0.0,,0.0,False
2025-06-23 09:00:00+00:00,0.763,0.67,-0.0050000000000000044,-0.038000000000000034,-0.02399999999999991,-0.1785,-0.020000000000000018,-0.09599999999999964,falling,summer,2025,,0.0,,0.0,,0.0,False
2025-06-23 10:00:00+00:00,0.762,0.6655,-0.0050000000000000044,-0.038000000000000034,-0.024499999999999966,-0.1775,-0.020000000000000018,-0.09799999999999986,falling,summer,2025,,0.0,,0.0,,0.0,False
2025-06-23 11:00:00+00:00,0.762,0.665,-0.0040000000000000036,-0.03550000000000009,-0.020000000000000018,-0.16649999999999987,-0.016000000000000014,-0.08000000000000007,falling,summer,2025,,0.0,,0.0,,0.0,False
2025-06-24 17:00:00+00:00,0.748,0.591,-0.0040000000000000036,-0.020000000000000018,-0.019000000000000017,-0.09400000000000008,-0.016000000000000014,-0.07600000000000007,falling,summer,2025,,0.0,,0.0,,0.0,False
2025-06-24 18:00:00+00:00,0.747,0.586,-0.0040000000000000036,-0.02100000000000002,-0.019000000000000017,-0.09800000000000009,-0.016000000000000014,-0.07600000000000007,falling,summer,2025,,0.0,,0.0,,0.0,False
2025-06-24 19:00:00+00:00,0.747,0.586,-0.0040000000000000036,-0.020000000000000018,-0.019000000000000017,-0.09300000000000008,-0.016000000000000014,-0.07600000000000007,falling,summer,2025,,0.0,,0.0,,0.0,False
2025-06-24 20:00:00+00:00,0.7464999999999999,0.583,-0.0035000000000000586,-0.019500000000000073,-0.017000000000000015,-0.09200000000000008,-0.014000000000000234,-0.06800000000000006,falling,summer,2025,,0.0,,0.0,,0.0,False
2025-06-24 21:00:00+00:00,0.746,0.581,-0.0030000000000000027,-0.019000000000000017,-0.015000000000000013,-0.08900000000000008,-0.01200000000000001,-0.06000000000000005,falling,summer,2025,,0.0,,0.0,,0.0,False
2025-06-24 22:00:00+00:00,0.745,0.576,-0.0030000000000000027,-0.019000000000000017,-0.015499999999999958,-0.08900000000000008,-0.01200000000000001,-0.06199999999999983,falling,summer,2025,,0.0,,0.0,,0.0,False
2025-06-24 23:00:00+00:00,0.745,0.576,-0.0030000000000000027,-0.018000000000000016,-0.015000000000000013,-0.08500000000000008,-0.01200000000000001,-0.06000000000000005,falling,summer,2025,,0.0,,0.0,,0.0,False
2025-06-25 00:00:00+00:00,0.744,0.571,-0.0030000000000000027,-0.018000000000000016,-0.015000000000000013,-0.08500000000000008,-0.01200000000000001,-0.06000000000000005,falling,summer,2025,,0.0,,0.0,,0.0,False
2025-06-25 01:00:00+00:00,0.744,0.571,-0.0030000000000000027,-0.017000000000000015,-0.015000000000000013,-0.08000000000000007,-0.01200000000000001,-0.06000000000000005,falling,summer,2025,,0.0,,0.0,,0.0,False
2025-06-25 02:00:00+00:00,0.744,0.57,-0.0024999999999999467,-0.01550000000000007,-0.013000000000000012,-0.07500000000000007,-0.009999999999999787,-0.052000000000000046,approximately_flat,summer,2025,,0.0,,0.0,,0.0,False
2025-06-25 03:00:00+00:00,0.743,0.566,-0.0030000000000000027,-0.015000000000000013,-0.015000000000000013,-0.07200000000000006,-0.01200000000000001,-0.06000000000000005,falling,summer,2025,,0.0,,0.0,,0.0,False
2025-06-25 04:00:00+00:00,0.743,0.565,-0.0020000000000000018,-0.014000000000000012,-0.01100000000000001,-0.06900000000000006,-0.008000000000000007,-0.04400000000000004,approximately_flat,summer,2025,,0.0,,0.0,,0.0,False
2025-06-25 05:00:00+00:00,0.743,0.564,-0.0020000000000000018,-0.013000000000000012,-0.01200000000000001,-0.06500000000000006,-0.008000000000000007,-0.04800000000000004,approximately_flat,summer,2025,,0.0,,0.0,,0.0,False
2025-06-25 06:00:00+00:00,0.743,0.564,-0.0010000000000000009,-0.012500000000000067,-0.007000000000000006,-0.06300000000000006,-0.0040000000000000036,-0.028000000000000025,approximately_flat,summer,2025,,0.0,,0.0,,0.0,False
2025-06-25 07:00:00+00:00,0.7424999999999999,0.5615,-0.0015000000000000568,-0.012500000000000067,-0.009499999999999953,-0.0625,-0.006000000000000227,-0.03799999999999981,approximately_flat,summer,2025,,0.0,,0.0,,0.0,False
2025-06-25 08:00:00+00:00,0.742,0.559,-0.0020000000000000018,-0.01200000000000001,-0.010999999999999899,-0.05999999999999994,-0.008000000000000007,-0.043999999999999595,approximately_flat,summer,2025,,0.0,,0.0,,0.0,False
2025-06-25 09:00:00+00:00,0.742,0.558,-0.0010000000000000009,-0.01100000000000001,-0.007999999999999896,-0.05699999999999994,-0.0040000000000000036,-0.031999999999999584,approximately_flat,summer,2025,,0.0,,0.0,,0.0,False
2025-06-25 10:00:00+00:00,0.742,0.558,-0.0010000000000000009,-0.010499999999999954,-0.006999999999999895,-0.05399999999999994,-0.0040000000000000036,-0.02799999999999958,approximately_flat,summer,2025,,0.0,,0.0,,0.0,False
2025-06-25 11:00:00+00:00,0.742,0.557,-0.0010000000000000009,-0.010000000000000009,-0.006999999999999895,-0.052999999999999936,-0.0040000000000000036,-0.02799999999999958,approximately_flat,summer,2025,,0.0,,0.0,,0.0,False
2025-06-25 12:00:00+00:00,0.741,0.553,-0.0020000000000000018,-0.010000000000000009,-0.010999999999999899,-0.051999999999999935,-0.008000000000000007,-0.043999999999999595,approximately_flat,summer,2025,,0.0,,0.0,,0.0,False
2025-06-25 13:00:00+00:00,0.741,0.552,-0.0014999999999999458,-0.010000000000000009,-0.009499999999999953,-0.052999999999999936,-0.005999999999999783,-0.03799999999999981,approximately_flat,summer,2025,,0.0,,0.0,,0.0,False
2025-07-03 12:00:00+00:00,0.763,0.515,-0.0040000000000000036,-0.02300000000000002,-0.018000000000000016,-0.09999999999999998,-0.016000000000000014,-0.07200000000000006,falling,summer,2025,,0.0,,0.0,,0.0,False
2025-07-03 13:00:00+00:00,0.763,0.514,-0.0040000000000000036,-0.02200000000000002,-0.018000000000000016,-0.09599999999999997,-0.016000000000000014,-0.07200000000000006,falling,summer,2025,,0.0,,0.0,,0.0,False
2025-07-03 14:00:00+00:00,0.762,0.51,-0.0040000000000000036,-0.02200000000000002,-0.018000000000000016,-0.09599999999999997,-0.016000000000000014,-0.07200000000000006,falling,summer,2025,,0.0,,0.0,,0.0,False
2025-07-03 15:00:00+00:00,0.762,0.509,-0.0030000000000000027,-0.020000000000000018,-0.015000000000000013,-0.08799999999999997,-0.01200000000000001,-0.06000000000000005,falling,summer,2025,,0.0,,0.0,,0.0,False
2025-07-03 16:00:00+00:00,0.761,0.505,-0.0030000000000000027,-0.020500000000000074,-0.014000000000000012,-0.08999999999999997,-0.01200000000000001,-0.05600000000000005,falling,summer,2025,,0.0,,0.0,,0.0,False
2025-07-03 17:00:00+00:00,0.761,0.504,-0.0030000000000000027,-0.020000000000000018,-0.015000000000000013,-0.08799999999999997,-0.01200000000000001,-0.06000000000000005,falling,summer,2025,,0.0,,0.0,,0.0,False
2025-07-03 18:00:00+00:00,0.76,0.501,-0.0030000000000000027,-0.019500000000000073,-0.014000000000000012,-0.08499999999999996,-0.01200000000000001,-0.05600000000000005,falling,summer,2025,,0.0,,0.0,,0.0,False
2025-07-03 19:00:00+00:00,0.76,0.5,-0.0030000000000000027,-0.01849999999999996,-0.014000000000000012,-0.0814999999999999,-0.01200000000000001,-0.05600000000000005,falling,summer,2025,,0.0,,0.0,,0.0,False
2025-07-03 20:00:00+00:00,0.759,0.496,-0.0030000000000000027,-0.018000000000000016,-0.014000000000000012,-0.07899999999999996,-0.01200000000000001,-0.05600000000000005,falling,summer,2025,,0.0,,0.0,,0.0,False
2025-07-03 21:00:00+00:00,0.759,0.495,-0.0030000000000000027,-0.017000000000000015,-0.014000000000000012,-0.07599999999999996,-0.01200000000000001,-0.05600000000000005,falling,summer,2025,,0.0,,0.0,,0.0,False
2025-07-03 22:00:00+00:00,0.758,0.491,-0.0030000000000000027,-0.017000000000000015,-0.014000000000000012,-0.07599999999999996,-0.01200000000000001,-0.05600000000000005,falling,summer,2025,,0.0,,0.0,,0.0,False
2025-07-03 23:00:00+00:00,0.757,0.487,-0.0040000000000000036,-0.017000000000000015,-0.017000000000000015,-0.07500000000000007,-0.016000000000000014,-0.06800000000000006,falling,summer,2025,,0.0,,0.0,,0.0,False
2025-07-04 00:00:00+00:00,0.757,0.487,-0.0030000000000000027,-0.016000000000000014,-0.014000000000000012,-0.07100000000000006,-0.01200000000000001,-0.05600000000000005,falling,summer,2025,,0.0,,0.0,,0.0,False
2025-07-04 01:00:00+00:00,0.756,0.483,-0.0040000000000000036,-0.016000000000000014,-0.017000000000000015,-0.07100000000000006,-0.016000000000000014,-0.06800000000000006,falling,summer,2025,,0.0,,0.0,,0.0,False
2025-07-04 02:00:00+00:00,0.756,0.482,-0.0030000000000000027,-0.015000000000000013,-0.014000000000000012,-0.06750000000000012,-0.01200000000000001,-0.05600000000000005,falling,summer,2025,,0.0,,0.0,,0.0,False
2025-07-04 03:00:00+00:00,0.755,0.478,-0.0040000000000000036,-0.015000000000000013,-0.017000000000000015,-0.06700000000000006,-0.016000000000000014,-0.06800000000000006,falling,summer,2025,,0.0,,0.0,,0.0,False
2025-07-04 04:00:00+00:00,0.755,0.477,-0.0030000000000000027,-0.014000000000000012,-0.014000000000000012,-0.06400000000000006,-0.01200000000000001,-0.05600000000000005,falling,summer,2025,,0.0,,0.0,,0.0,False
2025-07-04 05:00:00+00:00,0.755,0.477,-0.0020000000000000018,-0.013000000000000012,-0.010000000000000009,-0.06000000000000005,-0.008000000000000007,-0.040000000000000036,approximately_flat,summer,2025,,0.0,,0.0,,0.0,False
2025-07-04 06:00:00+00:00,0.754,0.473,-0.0030000000000000027,-0.013000000000000012,-0.014000000000000012,-0.06000000000000005,-0.01200000000000001,-0.05600000000000005,falling,summer,2025,,0.0,,0.0,,0.0,False
2025-07-04 07:00:00+00:00,0.754,0.472,-0.0020000000000000018,-0.013000000000000012,-0.01100000000000001,-0.06000000000000005,-0.008000000000000007,-0.04400000000000004,approximately_flat,summer,2025,,0.0,,0.0,,0.0,False
2025-07-04 08:00:00+00:00,0.754,0.472,-0.0020000000000000018,-0.01200000000000001,-0.010000000000000009,-0.05600000000000005,-0.008000000000000007,-0.040000000000000036,approximately_flat,summer,2025,,0.0,,0.0,,0.0,False
2025-07-04 09:00:00+00:00,0.753,0.468,-0.0020000000000000018,-0.01200000000000001,-0.009999999999999953,-0.055999999999999994,-0.008000000000000007,-0.039999999999999813,approximately_flat,summer,2025,,0.0,,0.0,,0.0,False
2025-07-04 10:00:00+00:00,0.753,0.467,-0.0020000000000000018,-0.01100000000000001,-0.009999999999999953,-0.05199999999999999,-0.008000000000000007,-0.039999999999999813,approximately_flat,summer,2025,,0.0,,0.0,,0.0,False
2025-07-04 11:00:00+00:00,0.753,0.467,-0.0020000000000000018,-0.01100000000000001,-0.009999999999999953,-0.05199999999999999,-0.008000000000000007,-0.039999999999999813,approximately_flat,summer,2025,,0.0,,0.0,,0.0,False
2025-07-04 12:00:00+00:00,0.753,0.466,-0.0010000000000000009,-0.010000000000000009,-0.006999999999999951,-0.04899999999999999,-0.0040000000000000036,-0.027999999999999803,approximately_flat,summer,2025,,0.0,,0.0,,0.0,False
2025-07-04 13:00:00+00:00,0.752,0.462,-0.0020000000000000018,-0.01100000000000001,-0.009999999999999953,-0.05199999999999999,-0.008000000000000007,-0.039999999999999813,approximately_flat,summer,2025,,0.0,,0.0,,0.0,False
2025-07-04 14:00:00+00:00,0.752,0.4615,-0.0020000000000000018,-0.010000000000000009,-0.010499999999999954,-0.04849999999999999,-0.008000000000000007,-0.041999999999999815,approximately_flat,summer,2025,,0.0,,0.0,,0.0,False
2025-07-04 15:00:00+00:00,0.752,0.461,-0.0010000000000000009,-0.010000000000000009,-0.007000000000000006,-0.04799999999999999,-0.0040000000000000036,-0.028000000000000025,approximately_flat,summer,2025,,0.0,,0.0,,0.0,False
2025-07-04 17:00:00+00:00,0.751,0.4565,-0.0020000000000000018,-0.010000000000000009,-0.01050000000000001,-0.04749999999999999,-0.008000000000000007,-0.04200000000000004,approximately_flat,summer,2025,,0.0,,0.0,,0.0,False
2025-07-05 16:00:00+00:00,0.742,0.414,-0.0030000000000000027,-0.010000000000000009,-0.013000000000000012,-0.04600000000000004,-0.01200000000000001,-0.052000000000000046,falling,summer,2025,,0.0,,0.0,,0.0,False
2025-07-05 18:00:00+00:00,0.741,0.41,-0.0030000000000000027,-0.010000000000000009,-0.013000000000000012,-0.04600000000000004,-0.01200000000000001,-0.052000000000000046,falling,summer,2025,,0.0,,0.0,,0.0,False
2025-07-05 19:00:00+00:00,0.74,0.406,-0.0040000000000000036,-0.01100000000000001,-0.01599999999999996,-0.04899999999999999,-0.016000000000000014,-0.06399999999999983,falling,summer,2025,,0.0,,0.0,,0.0,False
2025-07-05 20:00:00+00:00,0.7395,0.4045,-0.0034999999999999476,-0.010499999999999954,-0.014499999999999957,-0.046999999999999986,-0.01399999999999979,-0.05799999999999983,falling,summer,2025,,0.0,,0.0,,0.0,False
2025-07-05 21:00:00+00:00,0.739,0.402,-0.0040000000000000036,-0.01100000000000001,-0.01599999999999996,-0.04899999999999999,-0.016000000000000014,-0.06399999999999983,falling,summer,2025,,0.0,,0.0,,0.0,False
2025-07-05 22:00:00+00:00,0.738,0.398,-0.0040000000000000036,-0.01200000000000001,-0.01599999999999996,-0.05199999999999999,-0.016000000000000014,-0.06399999999999983,falling,summer,2025,,0.0,,0.0,,0.0,False
2025-07-05 23:00:00+00:00,0.738,0.398,-0.0040000000000000036,-0.01100000000000001,-0.01599999999999996,-0.04799999999999999,-0.016000000000000014,-0.06399999999999983,falling,summer,2025,,0.0,,0.0,,0.0,False
2025-07-06 00:00:00+00:00,0.737,0.394,-0.0040000000000000036,-0.01200000000000001,-0.01599999999999996,-0.05199999999999999,-0.016000000000000014,-0.06399999999999983,falling,summer,2025,,0.0,,0.0,,0.0,False
2025-07-06 01:00:00+00:00,0.736,0.391,-0.0040000000000000036,-0.013000000000000012,-0.015000000000000013,-0.05399999999999999,-0.016000000000000014,-0.06000000000000005,falling,summer,2025,,0.0,,0.0,,0.0,False
2025-07-06 02:00:00+00:00,0.736,0.39,-0.0035000000000000586,-0.01200000000000001,-0.014500000000000013,-0.05099999999999999,-0.014000000000000234,-0.05800000000000005,falling,summer,2025,,0.0,,0.0,,0.0,False
2025-07-06 03:00:00+00:00,0.735,0.386,-0.0040000000000000036,-0.013000000000000012,-0.016000000000000014,-0.05499999999999999,-0.016000000000000014,-0.06400000000000006,falling,summer,2025,,0.0,,0.0,,0.0,False
2025-07-06 04:00:00+00:00,0.735,0.386,-0.0030000000000000027,-0.013000000000000012,-0.01200000000000001,-0.05399999999999999,-0.01200000000000001,-0.04800000000000004,falling,summer,2025,,0.0,,0.0,,0.0,False
2025-07-07 18:00:00+00:00,0.83,0.704,-0.017000000000000015,-0.07800000000000007,-0.07600000000000007,-0.3760000000000001,-0.06800000000000006,-0.30400000000000027,falling,summer,2025,,0.0,,0.0,,0.0,False
2025-07-07 19:00:00+00:00,0.827,0.691,-0.01750000000000007,-0.07800000000000007,-0.07750000000000001,-0.3690000000000001,-0.07000000000000028,-0.31000000000000005,falling,summer,2025,,0.0,,0.0,,0.0,False
2025-07-07 20:00:00+00:00,0.824,0.679,-0.01749999999999996,-0.08100000000000007,-0.07599999999999996,-0.381,-0.06999999999999984,-0.3039999999999998,falling,summer,2025,,0.0,,0.0,,0.0,False
2025-07-07 21:00:00+00:00,0.822,0.67,-0.01650000000000007,-0.07950000000000002,-0.07199999999999995,-0.3749999999999999,-0.06600000000000028,-0.2879999999999998,falling,summer,2025,,0.0,,0.0,,0.0,False
2025-07-07 22:00:00+00:00,0.819,0.657,-0.01649999999999996,-0.07900000000000007,-0.0714999999999999,-0.373,-0.06599999999999984,-0.2859999999999996,falling,summer,2025,,0.0,,0.0,,0.0,False
2025-07-07 23:00:00+00:00,0.817,0.649,-0.016000000000000014,-0.07550000000000012,-0.06799999999999995,-0.34850000000000003,-0.06400000000000006,-0.2719999999999998,falling,summer,2025,,0.0,,0.0,,0.0,False
2025-07-08 00:00:00+00:00,0.815,0.64,-0.015000000000000013,-0.07300000000000006,-0.06399999999999995,-0.33499999999999996,-0.06000000000000005,-0.2559999999999998,falling,summer,2025,,0.0,,0.0,,0.0,False
2025-07-08 01:00:00+00:00,0.813,0.632,-0.014000000000000012,-0.07100000000000006,-0.05899999999999994,-0.32399999999999995,-0.05600000000000005,-0.23599999999999977,falling,summer,2025,,0.0,,0.0,,0.0,False
2025-07-08 02:00:00+00:00,0.811,0.623,-0.0129999999999999,-0.06799999999999995,-0.05600000000000005,-0.30800000000000005,-0.0519999999999996,-0.2240000000000002,falling,summer,2025,,0.0,,0.0,,0.0,False
2025-07-08 03:00:00+00:00,0.8095000000000001,0.617,-0.012499999999999845,-0.06499999999999995,-0.05300000000000005,-0.2925,-0.04999999999999938,-0.2120000000000002,falling,summer,2025,,0.0,,0.0,,0.0,False
2025-07-08 04:00:00+00:00,0.808,0.61,-0.010999999999999899,-0.061999999999999944,-0.04700000000000004,-0.278,-0.043999999999999595,-0.18800000000000017,falling,summer,2025,,0.0,,0.0,,0.0,False
2025-07-08 05:00:00+00:00,0.806,0.602,-0.010999999999999899,-0.06099999999999994,-0.04700000000000004,-0.272,-0.043999999999999595,-0.18800000000000017,falling,summer,2025,,0.0,,0.0,,0.0,False
2025-07-08 06:00:00+00:00,0.804,0.594,-0.010999999999999899,-0.05899999999999994,-0.04600000000000004,-0.261,-0.043999999999999595,-0.18400000000000016,falling,summer,2025,,0.0,,0.0,,0.0,False
2025-07-08 07:00:00+00:00,0.803,0.5894999999999999,-0.009999999999999898,-0.05699999999999994,-0.04250000000000009,-0.25150000000000006,-0.03999999999999959,-0.17000000000000037,falling,summer,2025,,0.0,,0.0,,0.0,False
2025-07-08 08:00:00+00:00,0.801,0.581,-0.010000000000000009,-0.05599999999999994,-0.04200000000000004,-0.246,-0.040000000000000036,-0.16800000000000015,falling,summer,2025,,0.0,,0.0,,0.0,False
2025-07-08 09:00:00+00:00,0.8,0.577,-0.009500000000000064,-0.05399999999999994,-0.040000000000000036,-0.236,-0.038000000000000256,-0.16000000000000014,falling,summer,2025,,0.0,,0.0,,0.0,False
2025-07-08 10:00:00+00:00,0.798,0.569,-0.010000000000000009,-0.05399999999999994,-0.041000000000000036,-0.2340000000000001,-0.040000000000000036,-0.16400000000000015,falling,summer,2025,,0.0,,0.0,,0.0,False
2025-07-08 11:00:00+00:00,0.796,0.561,-0.010000000000000009,-0.052999999999999936,-0.040999999999999925,-0.22799999999999998,-0.040000000000000036,-0.1639999999999997,falling,summer,2025,,0.0,,0.0,,0.0,False
2025-07-08 12:00:00+00:00,0.795,0.557,-0.009000000000000008,-0.051999999999999935,-0.03699999999999992,-0.22299999999999998,-0.03600000000000003,-0.1479999999999997,falling,summer,2025,,0.0,,0.0,,0.0,False
2025-07-08 13:00:00+00:00,0.793,0.549,-0.010000000000000009,-0.05149999999999999,-0.04049999999999987,-0.21949999999999992,-0.040000000000000036,-0.16199999999999948,falling,summer,2025,,0.0,,0.0,,0.0,False
2025-07-08 14:00:00+00:00,0.792,0.544,-0.009000000000000008,-0.04949999999999988,-0.03699999999999992,-0.21099999999999997,-0.03600000000000003,-0.1479999999999997,falling,summer,2025,,0.0,,0.0,,0.0,False
2025-07-08 15:00:00+00:00,0.79,0.537,-0.010000000000000009,-0.04849999999999999,-0.039999999999999925,-0.20499999999999996,-0.040000000000000036,-0.1599999999999997,falling,summer,2025,,0.0,,0.0,,0.0,False
2025-07-08 16:00:00+00:00,0.788,0.529,-0.010000000000000009,-0.047499999999999876,-0.039999999999999925,-0.1994999999999999,-0.040000000000000036,-0.1599999999999997,falling,summer,2025,,0.0,,0.0,,0.0,False
2025-07-08 17:00:00+00:00,0.787,0.525,-0.009000000000000008,-0.04599999999999993,-0.03600000000000003,-0.19199999999999995,-0.03600000000000003,-0.14400000000000013,falling,summer,2025,,0.0,,0.0,,0.0,False
2025-07-08 18:00:00+00:00,0.785,0.517,-0.010000000000000009,-0.04499999999999993,-0.040000000000000036,-0.18699999999999994,-0.040000000000000036,-0.16000000000000014,falling,summer,2025,,0.0,,0.0,,0.0,False
2025-07-08 19:00:00+00:00,0.784,0.513,-0.009000000000000008,-0.04299999999999993,-0.03600000000000003,-0.17799999999999994,-0.03600000000000003,-0.14400000000000013,falling,summer,2025,,0.0,,0.0,,0.0,False
2025-07-08 20:00:00+00:00,0.782,0.505,-0.010000000000000009,-0.041999999999999926,-0.039000000000000035,-0.17400000000000004,-0.040000000000000036,-0.15600000000000014,falling,summer,2025,,0.0,,0.0,,0.0,False
2025-07-08 21:00:00+00:00,0.781,0.501,-0.009000000000000008,-0.040999999999999925,-0.03600000000000003,-0.16900000000000004,-0.03600000000000003,-0.14400000000000013,falling,summer,2025,,0.0,,0.0,,0.0,False
2025-07-08 22:00:00+00:00,0.779,0.493,-0.009000000000000008,-0.039999999999999925,-0.03600000000000003,-0.16400000000000003,-0.03600000000000003,-0.14400000000000013,falling,summer,2025,,0.0,,0.0,,0.0,False
2025-07-08 23:00:00+00:00,0.777,0.486,-0.010000000000000009,-0.039999999999999925,-0.039000000000000035,-0.16300000000000003,-0.040000000000000036,-0.15600000000000014,falling,summer,2025,,0.0,,0.0,,0.0,False
2025-07-09 00:00:00+00:00,0.776,0.482,-0.009000000000000008,-0.038999999999999924,-0.03500000000000003,-0.15800000000000003,-0.03600000000000003,-0.14000000000000012,falling,summer,2025,,0.0,,0.0,,0.0,False
2025-07-09 01:00:00+00:00,0.774,0.4745,-0.010000000000000009,-0.038999999999999924,-0.038500000000000034,-0.15750000000000003,-0.040000000000000036,-0.15400000000000014,falling,summer,2025,,0.0,,0.0,,0.0,False
2025-07-09 02:00:00+00:00,0.773,0.4705,-0.009000000000000008,-0.038000000000000034,-0.03450000000000003,-0.15250000000000002,-0.03600000000000003,-0.13800000000000012,falling,summer,2025,,0.0,,0.0,,0.0,False
2025-07-09 03:00:00+00:00,0.772,0.467,-0.009000000000000008,-0.03750000000000009,-0.033999999999999975,-0.14999999999999997,-0.03600000000000003,-0.1359999999999999,falling,summer,2025,,0.0,,0.0,,0.0,False
2025-07-09 04:00:00+00:00,0.771,0.463,-0.008000000000000007,-0.03700000000000003,-0.02999999999999997,-0.14699999999999996,-0.03200000000000003,-0.11999999999999988,falling,summer,2025,,0.0,,0.0,,0.0,False
2025-07-09 05:00:00+00:00,0.77,0.459,-0.007000000000000006,-0.03600000000000003,-0.02699999999999997,-0.14299999999999996,-0.028000000000000025,-0.10799999999999987,falling,summer,2025,,0.0,,0.0,,0.0,False
2025-07-09 06:00:00+00:00,0.769,0.455,-0.007000000000000006,-0.03500000000000003,-0.02699999999999997,-0.13899999999999996,-0.028000000000000025,-0.10799999999999987,falling,summer,2025,,0.0,,0.0,,0.0,False
2025-07-09 07:00:00+00:00,0.768,0.451,-0.006000000000000005,-0.03500000000000003,-0.023499999999999965,-0.1384999999999999,-0.02400000000000002,-0.09399999999999986,falling,summer,2025,,0.0,,0.0,,0.0,False
2025-07-09 08:00:00+00:00,0.7665,0.4455,-0.006500000000000061,-0.034500000000000086,-0.024999999999999967,-0.13549999999999995,-0.026000000000000245,-0.09999999999999987,falling,summer,2025,,0.0,,0.0,,0.0,False
2025-07-09 09:00:00+00:00,0.765,0.44,-0.007000000000000006,-0.03500000000000003,-0.027000000000000024,-0.13699999999999996,-0.028000000000000025,-0.1080000000000001,falling,summer,2025,,0.0,,0.0,,0.0,False
2025-07-09 10:00:00+00:00,0.764,0.436,-0.007000000000000006,-0.03400000000000003,-0.027000000000000024,-0.13299999999999995,-0.028000000000000025,-0.1080000000000001,falling,summer,2025,,0.0,,0.0,,0.0,False
2025-07-09 11:00:00+00:00,0.763,0.432,-0.007000000000000006,-0.03300000000000003,-0.027000000000000024,-0.12900000000000006,-0.028000000000000025,-0.1080000000000001,falling,summer,2025,,0.0,,0.0,,0.0,False
2025-07-09 12:00:00+00:00,0.7625,0.43,-0.006500000000000061,-0.032500000000000084,-0.025000000000000022,-0.12700000000000006,-0.026000000000000245,-0.10000000000000009,falling,summer,2025,,0.0,,0.0,,0.0,False
2025-07-09 13:00:00+00:00,0.7615000000000001,0.4265,-0.00649999999999995,-0.03149999999999997,-0.024500000000000022,-0.12250000000000005,-0.0259999999999998,-0.09800000000000009,falling,summer,2025,,0.0,,0.0,,0.0,False
2025-07-09 14:00:00+00:00,0.761,0.424,-0.005499999999999949,-0.031000000000000028,-0.02150000000000002,-0.12000000000000005,-0.021999999999999797,-0.08600000000000008,falling,summer,2025,,0.0,,0.0,,0.0,False
2025-07-09 15:00:00+00:00,0.76,0.42,-0.0050000000000000044,-0.030000000000000027,-0.020000000000000018,-0.11700000000000005,-0.020000000000000018,-0.08000000000000007,falling,summer,2025,,0.0,,0.0,,0.0,False
2025-07-09 16:00:00+00:00,0.759,0.417,-0.0050000000000000044,-0.029000000000000026,-0.019000000000000017,-0.11200000000000004,-0.020000000000000018,-0.07600000000000007,falling,summer,2025,,0.0,,0.0,,0.0,False
2025-07-09 17:00:00+00:00,0.758,0.413,-0.0050000000000000044,-0.029000000000000026,-0.019000000000000017,-0.11200000000000004,-0.020000000000000018,-0.07600000000000007,falling,summer,2025,,0.0,,0.0,,0.0,False
2025-07-09 18:00:00+00:00,0.757,0.409,-0.005499999999999949,-0.028000000000000025,-0.02100000000000002,-0.10800000000000004,-0.021999999999999797,-0.08400000000000007,falling,summer,2025,,0.0,,0.0,,0.0,False
2025-07-09 19:00:00+00:00,0.756,0.405,-0.00550000000000006,-0.028000000000000025,-0.021499999999999964,-0.10799999999999998,-0.02200000000000024,-0.08599999999999985,falling,summer,2025,,0.0,,0.0,,0.0,False
2025-07-09 20:00:00+00:00,0.755,0.402,-0.006000000000000005,-0.027000000000000024,-0.021999999999999964,-0.10299999999999998,-0.02400000000000002,-0.08799999999999986,falling,summer,2025,,0.0,,0.0,,0.0,False
2025-07-09 21:00:00+00:00,0.754,0.398,-0.006000000000000005,-0.027000000000000024,-0.021999999999999964,-0.10299999999999998,-0.02400000000000002,-0.08799999999999986,falling,summer,2025,,0.0,,0.0,,0.0,False
2025-07-09 22:00:00+00:00,0.753,0.394,-0.006000000000000005,-0.026000000000000023,-0.022999999999999965,-0.09899999999999998,-0.02400000000000002,-0.09199999999999986,falling,summer,2025,,0.0,,0.0,,0.0,False
2025-07-09 23:00:00+00:00,0.752,0.391,-0.006000000000000005,-0.025000000000000022,-0.021999999999999964,-0.09499999999999997,-0.02400000000000002,-0.08799999999999986,falling,summer,2025,,0.0,,0.0,,0.0,False
2025-07-10 00:00:00+00:00,0.751,0.387,-0.006000000000000005,-0.025000000000000022,-0.021999999999999964,-0.09499999999999997,-0.02400000000000002,-0.08799999999999986,falling,summer,2025,,0.0,,0.0,,0.0,False
2025-07-10 01:00:00+00:00,0.75,0.383,-0.006000000000000005,-0.02400000000000002,-0.02200000000000002,-0.09149999999999997,-0.02400000000000002,-0.08800000000000008,falling,summer,2025,,0.0,,0.0,,0.0,False
2025-07-10 02:00:00+00:00,0.749,0.38,-0.006000000000000005,-0.02400000000000002,-0.02200000000000002,-0.09049999999999997,-0.02400000000000002,-0.08800000000000008,falling,summer,2025,,0.0,,0.0,,0.0,False
2025-07-10 03:00:00+00:00,0.749,0.379,-0.0050000000000000044,-0.02300000000000002,-0.019000000000000017,-0.08800000000000002,-0.020000000000000018,-0.07600000000000007,falling,summer,2025,,0.0,,0.0,,0.0,False
2025-07-10 04:00:00+00:00,0.748,0.376,-0.0050000000000000044,-0.02300000000000002,-0.018000000000000016,-0.08700000000000002,-0.020000000000000018,-0.07200000000000006,falling,summer,2025,,0.0,,0.0,,0.0,False
2025-07-10 05:00:00+00:00,0.748,0.375,-0.0040000000000000036,-0.02200000000000002,-0.016000000000000014,-0.08400000000000002,-0.016000000000000014,-0.06400000000000006,falling,summer,2025,,0.0,,0.0,,0.0,False
2025-07-10 06:00:00+00:00,0.747,0.372,-0.0040000000000000036,-0.02200000000000002,-0.015000000000000013,-0.08300000000000002,-0.016000000000000014,-0.06000000000000005,falling,summer,2025,,0.0,,0.0,,0.0,False
2025-07-10 07:00:00+00:00,0.7464999999999999,0.3695,-0.0035000000000000586,-0.021500000000000075,-0.013500000000000012,-0.08150000000000002,-0.014000000000000234,-0.05400000000000005,falling,summer,2025,,0.0,,0.0,,0.0,False
2025-07-10 08:00:00+00:00,0.746,0.368,-0.0030000000000000027,-0.020499999999999963,-0.01200000000000001,-0.07750000000000001,-0.01200000000000001,-0.04800000000000004,falling,summer,2025,,0.0,,0.0,,0.0,False
2025-07-10 09:00:00+00:00,0.745,0.364,-0.0040000000000000036,-0.020000000000000018,-0.015000000000000013,-0.07600000000000001,-0.016000000000000014,-0.06000000000000005,falling,summer,2025,,0.0,,0.0,,0.0,False
2025-07-10 10:00:00+00:00,0.745,0.364,-0.0030000000000000027,-0.019000000000000017,-0.01200000000000001,-0.07200000000000001,-0.01200000000000001,-0.04800000000000004,falling,summer,2025,,0.0,,0.0,,0.0,False
2025-07-10 11:00:00+00:00,0.744,0.36,-0.0040000000000000036,-0.019000000000000017,-0.015000000000000013,-0.07200000000000001,-0.016000000000000014,-0.06000000000000005,falling,summer,2025,,0.0,,0.0,,0.0,False
2025-07-10 12:00:00+00:00,0.743,0.357,-0.0040000000000000036,-0.019499999999999962,-0.015000000000000013,-0.07300000000000001,-0.016000000000000014,-0.06000000000000005,falling,summer,2025,,0.0,,0.0,,0.0,False
2025-07-10 13:00:00+00:00,0.743,0.356,-0.0034999999999999476,-0.018500000000000072,-0.013500000000000012,-0.07050000000000001,-0.01399999999999979,-0.05400000000000005,falling,summer,2025,,0.0,,0.0,,0.0,False
2025-07-10 14:00:00+00:00,0.742,0.353,-0.0040000000000000036,-0.019000000000000017,-0.015000000000000013,-0.07100000000000001,-0.016000000000000014,-0.06000000000000005,falling,summer,2025,,0.0,,0.0,,0.0,False
2025-07-10 15:00:00+00:00,0.742,0.352,-0.0030000000000000027,-0.018000000000000016,-0.01200000000000001,-0.068,-0.01200000000000001,-0.04800000000000004,falling,summer,2025,,0.0,,0.0,,0.0,False
2025-07-10 16:00:00+00:00,0.741,0.349,-0.0040000000000000036,-0.018000000000000016,-0.015000000000000013,-0.068,-0.016000000000000014,-0.06000000000000005,falling,summer,2025,,0.0,,0.0,,0.0,False
2025-07-10 17:00:00+00:00,0.74,0.345,-0.0040000000000000036,-0.018000000000000016,-0.015000000000000013,-0.068,-0.016000000000000014,-0.06000000000000005,falling,summer,2025,,0.0,,0.0,,0.0,False
2025-07-10 18:00:00+00:00,0.7395,0.3435,-0.0034999999999999476,-0.01749999999999996,-0.013499999999999956,-0.06549999999999995,-0.01399999999999979,-0.053999999999999826,falling,summer,2025,,0.0,,0.0,,0.0,False
2025-07-10 19:00:00+00:00,0.739,0.341,-0.0040000000000000036,-0.017000000000000015,-0.014999999999999958,-0.064,-0.016000000000000014,-0.05999999999999983,falling,summer,2025,,0.0,,0.0,,0.0,False
2025-07-10 20:00:00+00:00,0.738,0.338,-0.0040000000000000036,-0.017000000000000015,-0.014999999999999958,-0.064,-0.016000000000000014,-0.05999999999999983,falling,summer,2025,,0.0,,0.0,,0.0,False
2025-07-10 21:00:00+00:00,0.737,0.335,-0.0050000000000000044,-0.017000000000000015,-0.01699999999999996,-0.063,-0.020000000000000018,-0.06799999999999984,falling,summer,2025,,0.0,,0.0,,0.0,False
2025-07-10 22:00:00+00:00,0.736,0.331,-0.0050000000000000044,-0.017000000000000015,-0.01799999999999996,-0.063,-0.020000000000000018,-0.07199999999999984,falling,summer,2025,,0.0,,0.0,,0.0,False
2025-07-10 23:00:00+00:00,0.737,0.334,-0.0030000000000000027,-0.015000000000000013,-0.010999999999999954,-0.056999999999999995,-0.01200000000000001,-0.04399999999999982,falling,summer,2025,,0.0,,0.0,,0.0,False
2025-07-11 06:00:00+00:00,0.737,0.33,-0.0020000000000000018,-0.010000000000000009,-0.009000000000000008,-0.04199999999999998,-0.008000000000000007,-0.03600000000000003,approximately_flat,summer,2025,,0.0,,0.0,,0.0,False
2025-07-11 07:00:00+00:00,0.736,0.327,-0.0030000000000000027,-0.010499999999999954,-0.01100000000000001,-0.04249999999999998,-0.01200000000000001,-0.04400000000000004,falling,summer,2025,,0.0,,0.0,,0.0,False
2025-07-11 08:00:00+00:00,0.736,0.326,-0.0030000000000000027,-0.010000000000000009,-0.01200000000000001,-0.04199999999999998,-0.01200000000000001,-0.04800000000000004,falling,summer,2025,,0.0,,0.0,,0.0,False
2025-07-11 09:00:00+00:00,0.735,0.323,-0.0030000000000000027,-0.010000000000000009,-0.01100000000000001,-0.04099999999999998,-0.01200000000000001,-0.04400000000000004,falling,summer,2025,,0.0,,0.0,,0.0,False
2025-07-11 10:00:00+00:00,0.735,0.322,-0.0030000000000000027,-0.010000000000000009,-0.01200000000000001,-0.04199999999999998,-0.01200000000000001,-0.04800000000000004,falling,summer,2025,,0.0,,0.0,,0.0,False
2025-07-11 11:00:00+00:00,0.734,0.319,-0.0030000000000000027,-0.010000000000000009,-0.01200000000000001,-0.04099999999999998,-0.01200000000000001,-0.04800000000000004,falling,summer,2025,,0.0,,0.0,,0.0,False
2025-07-11 12:00:00+00:00,0.733,0.316,-0.0040000000000000036,-0.010000000000000009,-0.014000000000000012,-0.04099999999999998,-0.016000000000000014,-0.05600000000000005,falling,summer,2025,,0.0,,0.0,,0.0,False
2025-07-11 13:00:00+00:00,0.733,0.315,-0.0030000000000000027,-0.010000000000000009,-0.01200000000000001,-0.04099999999999998,-0.01200000000000001,-0.04800000000000004,falling,summer,2025,,0.0,,0.0,,0.0,False
2025-07-11 14:00:00+00:00,0.732,0.312,-0.0040000000000000036,-0.010000000000000009,-0.014000000000000012,-0.04099999999999998,-0.016000000000000014,-0.05600000000000005,falling,summer,2025,,0.0,,0.0,,0.0,False
2025-07-11 15:00:00+00:00,0.732,0.312,-0.0030000000000000027,-0.010000000000000009,-0.01100000000000001,-0.03999999999999998,-0.01200000000000001,-0.04400000000000004,falling,summer,2025,,0.0,,0.0,,0.0,False
2025-07-11 16:00:00+00:00,0.731,0.308,-0.0040000000000000036,-0.010000000000000009,-0.014000000000000012,-0.04099999999999998,-0.016000000000000014,-0.05600000000000005,falling,summer,2025,,0.0,,0.0,,0.0,False
2025-07-11 19:00:00+00:00,0.729,0.3015,-0.0040000000000000036,-0.010000000000000009,-0.013500000000000012,-0.039500000000000035,-0.016000000000000014,-0.05400000000000005,falling,summer,2025,,0.0,,0.0,,0.0,False
2025-07-11 23:00:00+00:00,0.727,0.294,-0.0040000000000000036,-0.010000000000000009,-0.014000000000000012,-0.040000000000000036,-0.016000000000000014,-0.05600000000000005,falling,summer,2025,,0.0,,0.0,,0.0,False
2025-07-12 00:00:00+00:00,0.726,0.291,-0.0040000000000000036,-0.013000000000000012,-0.014000000000000012,-0.04800000000000004,-0.016000000000000014,-0.05600000000000005,falling,summer,2025,,0.0,,0.0,,0.0,False
2025-07-12 01:00:00+00:00,0.725,0.288,-0.0040000000000000036,-0.014000000000000012,-0.013500000000000012,-0.050000000000000044,-0.016000000000000014,-0.05400000000000005,falling,summer,2025,,0.0,,0.0,,0.0,False
2025-07-12 02:00:00+00:00,0.725,0.287,-0.0040000000000000036,-0.014000000000000012,-0.014000000000000012,-0.051000000000000045,-0.016000000000000014,-0.05600000000000005,falling,summer,2025,,0.0,,0.0,,0.0,False
2025-07-12 03:00:00+00:00,0.725,0.287,-0.0030000000000000027,-0.013000000000000012,-0.01100000000000001,-0.04700000000000004,-0.01200000000000001,-0.04400000000000004,falling,summer,2025,,0.0,,0.0,,0.0,False
2025-07-12 04:00:00+00:00,0.7244999999999999,0.285,-0.0025000000000000577,-0.013500000000000068,-0.010000000000000009,-0.049000000000000044,-0.010000000000000231,-0.040000000000000036,approximately_flat,summer,2025,,0.0,,0.0,,0.0,False
2025-07-12 05:00:00+00:00,0.724,0.283,-0.0030000000000000027,-0.013000000000000012,-0.01100000000000001,-0.04800000000000004,-0.01200000000000001,-0.04400000000000004,falling,summer,2025,,0.0,,0.0,,0.0,False
2025-07-12 06:00:00+00:00,0.724,0.283,-0.0020000000000000018,-0.013000000000000012,-0.008000000000000007,-0.04700000000000004,-0.008000000000000007,-0.03200000000000003,approximately_flat,summer,2025,,0.0,,0.0,,0.0,False
2025-07-12 07:00:00+00:00,0.724,0.282,-0.0010000000000000009,-0.01200000000000001,-0.006000000000000005,-0.04500000000000004,-0.0040000000000000036,-0.02400000000000002,approximately_flat,summer,2025,,0.0,,0.0,,0.0,False
2025-07-12 08:00:00+00:00,0.724,0.282,-0.0010000000000000009,-0.01200000000000001,-0.0050000000000000044,-0.04400000000000004,-0.0040000000000000036,-0.020000000000000018,approximately_flat,summer,2025,,0.0,,0.0,,0.0,False
2025-07-12 09:00:00+00:00,0.723,0.279,-0.0020000000000000018,-0.01200000000000001,-0.007999999999999952,-0.043999999999999984,-0.008000000000000007,-0.031999999999999806,approximately_flat,summer,2025,,0.0,,0.0,,0.0,False
2025-07-12 10:00:00+00:00,0.723,0.278,-0.0014999999999999458,-0.01200000000000001,-0.006999999999999951,-0.043999999999999984,-0.005999999999999783,-0.027999999999999803,approximately_flat,summer,2025,,0.0,,0.0,,0.0,False
2025-07-12 11:00:00+00:00,0.723,0.278,-0.0010000000000000009,-0.01100000000000001,-0.004999999999999949,-0.04099999999999998,-0.0040000000000000036,-0.019999999999999796,approximately_flat,summer,2025,,0.0,,0.0,,0.0,False
2025-07-12 12:00:00+00:00,0.723,0.277,-0.0010000000000000009,-0.010000000000000009,-0.00599999999999995,-0.03899999999999998,-0.0040000000000000036,-0.0239999999999998,approximately_flat,summer,2025,,0.0,,0.0,,0.0,False
2025-07-12 13:00:00+00:00,0.722,0.274,-0.0020000000000000018,-0.01100000000000001,-0.007999999999999952,-0.04099999999999998,-0.008000000000000007,-0.031999999999999806,approximately_flat,summer,2025,,0.0,,0.0,,0.0,False
2025-07-12 14:00:00+00:00,0.722,0.274,-0.0020000000000000018,-0.010000000000000009,-0.007999999999999952,-0.03799999999999998,-0.008000000000000007,-0.031999999999999806,approximately_flat,summer,2025,,0.0,,0.0,,0.0,False
2025-07-12 15:00:00+00:00,0.722,0.273,-0.0010000000000000009,-0.010000000000000009,-0.006000000000000005,-0.03899999999999998,-0.0040000000000000036,-0.02400000000000002,approximately_flat,summer,2025,,0.0,,0.0,,0.0,False
2025-07-12 17:00:00+00:00,0.721,0.27,-0.0020000000000000018,-0.010000000000000009,-0.008000000000000007,-0.03799999999999998,-0.008000000000000007,-0.03200000000000003,approximately_flat,summer,2025,,0.0,,0.0,,0.0,False
2025-07-12 20:00:00+00:00,0.719,0.2635,-0.0030000000000000027,-0.010000000000000009,-0.01050000000000001,-0.03749999999999998,-0.01200000000000001,-0.04200000000000004,falling,summer,2025,,0.0,,0.0,,0.0,False
2025-07-12 23:00:00+00:00,0.717,0.257,-0.0040000000000000036,-0.010000000000000009,-0.013000000000000012,-0.03699999999999998,-0.016000000000000014,-0.052000000000000046,falling,summer,2025,,0.0,,0.0,,0.0,False
2025-07-13 03:00:00+00:00,0.715,0.25,-0.0040000000000000036,-0.010000000000000009,-0.013000000000000012,-0.03699999999999998,-0.016000000000000014,-0.052000000000000046,falling,summer,2025,,0.0,,0.0,,0.0,False
2025-07-13 06:00:00+00:00,0.714,0.246,-0.0030000000000000027,-0.010000000000000009,-0.01050000000000001,-0.03699999999999998,-0.01200000000000001,-0.04200000000000004,falling,summer,2025,,0.0,,0.0,,0.0,False
2025-07-13 07:00:00+00:00,0.714,0.246,-0.0020000000000000018,-0.010000000000000009,-0.008000000000000007,-0.035999999999999976,-0.008000000000000007,-0.03200000000000003,approximately_flat,summer,2025,,0.0,,0.0,,0.0,False
2025-07-13 08:00:00+00:00,0.714,0.246,-0.0020000000000000018,-0.010000000000000009,-0.007000000000000006,-0.035999999999999976,-0.008000000000000007,-0.028000000000000025,approximately_flat,summer,2025,,0.0,,0.0,,0.0,False
2025-07-13 09:00:00+00:00,0.713,0.243,-0.0020000000000000018,-0.010000000000000009,-0.007000000000000006,-0.03600000000000003,-0.008000000000000007,-0.028000000000000025,approximately_flat,summer,2025,,0.0,,0.0,,0.0,False
2025-07-13 10:00:00+00:00,0.713,0.242,-0.0020000000000000018,-0.010000000000000009,-0.008000000000000007,-0.03600000000000003,-0.008000000000000007,-0.03200000000000003,approximately_flat,summer,2025,,0.0,,0.0,,0.0,False
2025-07-13 11:00:00+00:00,0.713,0.242,-0.0020000000000000018,-0.010000000000000009,-0.007000000000000006,-0.03600000000000003,-0.008000000000000007,-0.028000000000000025,approximately_flat,summer,2025,,0.0,,0.0,,0.0,False
2025-07-14 18:00:00+00:00,0.7115,0.225,-0.0024999999999999467,-0.010499999999999954,-0.009000000000000008,-0.037000000000000005,-0.009999999999999787,-0.03600000000000003,approximately_flat,summer,2025,,0.0,,0.0,,0.0,False
2025-07-14 19:00:00+00:00,0.711,0.224,-0.0030000000000000027,-0.010500000000000065,-0.009000000000000008,-0.036000000000000004,-0.01200000000000001,-0.03600000000000003,falling,summer,2025,,0.0,,0.0,,0.0,False
2025-07-14 20:00:00+00:00,0.711,0.223,-0.0025000000000000577,-0.010000000000000009,-0.009000000000000008,-0.035,-0.010000000000000231,-0.03600000000000003,approximately_flat,summer,2025,,0.0,,0.0,,0.0,False
2025-07-14 21:00:00+00:00,0.7104999999999999,0.222,-0.0025000000000000577,-0.010500000000000065,-0.008000000000000007,-0.036000000000000004,-0.010000000000000231,-0.03200000000000003,approximately_flat,summer,2025,,0.0,,0.0,,0.0,False
2025-07-14 22:00:00+00:00,0.71,0.22,-0.0030000000000000027,-0.010000000000000009,-0.010000000000000009,-0.035,-0.01200000000000001,-0.040000000000000036,falling,summer,2025,,0.0,,0.0,,0.0,False
2025-07-14 23:00:00+00:00,0.709,0.217,-0.0030000000000000027,-0.010500000000000065,-0.010000000000000009,-0.036000000000000004,-0.01200000000000001,-0.040000000000000036,falling,summer,2025,,0.0,,0.0,,0.0,False
2025-07-15 00:00:00+00:00,0.709,0.217,-0.0025000000000000577,-0.010000000000000009,-0.008000000000000007,-0.034,-0.010000000000000231,-0.03200000000000003,approximately_flat,summer,2025,,0.0,,0.0,,0.0,False
2025-07-15 01:00:00+00:00,0.708,0.214,-0.0030000000000000027,-0.01100000000000001,-0.010000000000000009,-0.037000000000000005,-0.01200000000000001,-0.040000000000000036,falling,summer,2025,,0.0,,0.0,,0.0,False
2025-07-15 02:00:00+00:00,0.707,0.211,-0.0040000000000000036,-0.01100000000000001,-0.01200000000000001,-0.037000000000000005,-0.016000000000000014,-0.04800000000000004,falling,summer,2025,,0.0,,0.0,,0.0,False
2025-07-15 03:00:00+00:00,0.706,0.209,-0.0044999999999999485,-0.01200000000000001,-0.013000000000000012,-0.038500000000000006,-0.017999999999999794,-0.052000000000000046,falling,summer,2025,,0.0,,0.0,,0.0,False
2025-07-15 04:00:00+00:00,0.705,0.206,-0.0050000000000000044,-0.013000000000000012,-0.014000000000000012,-0.04100000000000001,-0.020000000000000018,-0.05600000000000005,falling,summer,2025,,0.0,,0.0,,0.0,False
2025-07-15 05:00:00+00:00,0.7044999999999999,0.20450000000000002,-0.0045000000000000595,-0.012500000000000067,-0.012499999999999983,-0.03949999999999998,-0.018000000000000238,-0.04999999999999993,falling,summer,2025,,0.0,,0.0,,0.0,False
2025-07-15 06:00:00+00:00,0.704,0.203,-0.0050000000000000044,-0.013000000000000012,-0.013999999999999985,-0.04099999999999998,-0.020000000000000018,-0.05599999999999994,falling,summer,2025,,0.0,,0.0,,0.0,False
2025-07-15 07:00:00+00:00,0.703,0.2,-0.0050000000000000044,-0.014000000000000012,-0.013999999999999985,-0.04299999999999998,-0.020000000000000018,-0.05599999999999994,falling,summer,2025,,0.0,,0.0,,0.0,False
2025-07-15 08:00:00+00:00,0.703,0.2,-0.0040000000000000036,-0.013000000000000012,-0.010999999999999982,-0.03999999999999998,-0.016000000000000014,-0.04399999999999993,falling,summer,2025,,0.0,,0.0,,0.0,False
2025-07-15 09:00:00+00:00,0.702,0.197,-0.0040000000000000036,-0.014000000000000012,-0.011999999999999983,-0.04299999999999998,-0.016000000000000014,-0.04799999999999993,falling,summer,2025,,0.0,,0.0,,0.0,False
2025-07-15 10:00:00+00:00,0.702,0.197,-0.0030000000000000027,-0.013000000000000012,-0.00899999999999998,-0.03999999999999998,-0.01200000000000001,-0.03599999999999992,falling,summer,2025,,0.0,,0.0,,0.0,False
2025-07-15 11:00:00+00:00,0.701,0.194,-0.0034999999999999476,-0.014000000000000012,-0.01050000000000001,-0.04299999999999998,-0.01399999999999979,-0.04200000000000004,falling,summer,2025,,0.0,,0.0,,0.0,False
2025-07-15 12:00:00+00:00,0.701,0.194,-0.0030000000000000027,-0.013000000000000012,-0.009000000000000008,-0.04000000000000001,-0.01200000000000001,-0.03600000000000003,falling,summer,2025,,0.0,,0.0,,0.0,False
2025-07-15 13:00:00+00:00,0.7,0.191,-0.0030000000000000027,-0.014000000000000012,-0.009000000000000008,-0.04200000000000001,-0.01200000000000001,-0.03600000000000003,falling,summer,2025,,0.0,,0.0,,0.0,False
2025-07-15 14:00:00+00:00,0.7,0.191,-0.0030000000000000027,-0.013500000000000068,-0.009000000000000008,-0.04100000000000001,-0.01200000000000001,-0.03600000000000003,falling,summer,2025,,0.0,,0.0,,0.0,False
2025-07-15 15:00:00+00:00,0.699,0.188,-0.0030000000000000027,-0.014000000000000012,-0.009000000000000008,-0.04200000000000001,-0.01200000000000001,-0.03600000000000003,falling,summer,2025,,0.0,,0.0,,0.0,False
2025-07-15 16:00:00+00:00,0.699,0.188,-0.0030000000000000027,-0.014000000000000012,-0.009000000000000008,-0.04200000000000001,-0.01200000000000001,-0.03600000000000003,falling,summer,2025,,0.0,,0.0,,0.0,False
2025-07-15 17:00:00+00:00,0.699,0.188,-0.0020000000000000018,-0.013000000000000012,-0.006000000000000005,-0.03900000000000001,-0.008000000000000007,-0.02400000000000002,approximately_flat,summer,2025,,0.0,,0.0,,0.0,False
2025-07-15 18:00:00+00:00,0.698,0.185,-0.0030000000000000027,-0.013500000000000068,-0.009000000000000008,-0.04000000000000001,-0.01200000000000001,-0.03600000000000003,falling,summer,2025,,0.0,,0.0,,0.0,False
2025-07-15 19:00:00+00:00,0.697,0.182,-0.0030000000000000027,-0.014000000000000012,-0.009000000000000008,-0.04200000000000001,-0.01200000000000001,-0.03600000000000003,falling,summer,2025,,0.0,,0.0,,0.0,False
2025-07-15 20:00:00+00:00,0.697,0.182,-0.0030000000000000027,-0.014000000000000012,-0.009000000000000008,-0.04100000000000001,-0.01200000000000001,-0.03600000000000003,falling,summer,2025,,0.0,,0.0,,0.0,False
2025-07-15 21:00:00+00:00,0.696,0.18,-0.0030000000000000027,-0.014499999999999957,-0.008000000000000007,-0.04200000000000001,-0.01200000000000001,-0.03200000000000003,falling,summer,2025,,0.0,,0.0,,0.0,False
2025-07-15 22:00:00+00:00,0.695,0.177,-0.0040000000000000036,-0.015000000000000013,-0.01100000000000001,-0.04300000000000001,-0.016000000000000014,-0.04400000000000004,falling,summer,2025,,0.0,,0.0,,0.0,False
2025-07-15 23:00:00+00:00,0.695,0.177,-0.0040000000000000036,-0.014000000000000012,-0.01100000000000001,-0.04000000000000001,-0.016000000000000014,-0.04400000000000004,falling,summer,2025,,0.0,,0.0,,0.0,False
2025-07-16 00:00:00+00:00,0.694,0.174,-0.0040000000000000036,-0.015000000000000013,-0.01100000000000001,-0.04300000000000001,-0.016000000000000014,-0.04400000000000004,falling,summer,2025,,0.0,,0.0,,0.0,False
2025-07-16 01:00:00+00:00,0.694,0.174,-0.0030000000000000027,-0.014000000000000012,-0.008000000000000007,-0.04000000000000001,-0.01200000000000001,-0.03200000000000003,falling,summer,2025,,0.0,,0.0,,0.0,False
2025-07-16 02:00:00+00:00,0.693,0.171,-0.0040000000000000036,-0.014000000000000012,-0.010999999999999982,-0.03999999999999998,-0.016000000000000014,-0.04399999999999993,falling,summer,2025,,0.0,,0.0,,0.0,False
2025-07-16 03:00:00+00:00,0.693,0.171,-0.0030000000000000027,-0.013000000000000012,-0.00899999999999998,-0.03799999999999998,-0.01200000000000001,-0.03599999999999992,falling,summer,2025,,0.0,,0.0,,0.0,False
2025-07-16 04:00:00+00:00,0.692,0.169,-0.0030000000000000027,-0.013000000000000012,-0.00799999999999998,-0.03699999999999998,-0.01200000000000001,-0.03199999999999992,falling,summer,2025,,0.0,,0.0,,0.0,False
2025-07-16 05:00:00+00:00,0.692,0.168,-0.0030000000000000027,-0.012499999999999956,-0.00899999999999998,-0.036500000000000005,-0.01200000000000001,-0.03599999999999992,falling,summer,2025,,0.0,,0.0,,0.0,False
2025-07-16 06:00:00+00:00,0.692,0.168,-0.0020000000000000018,-0.01200000000000001,-0.005999999999999978,-0.035,-0.008000000000000007,-0.02399999999999991,approximately_flat,summer,2025,,0.0,,0.0,,0.0,False
2025-07-16 07:00:00+00:00,0.692,0.167,-0.0020000000000000018,-0.01100000000000001,-0.0069999999999999785,-0.033,-0.008000000000000007,-0.027999999999999914,approximately_flat,summer,2025,,0.0,,0.0,,0.0,False
2025-07-16 08:00:00+00:00,0.691,0.165,-0.0020000000000000018,-0.01200000000000001,-0.006000000000000005,-0.035,-0.008000000000000007,-0.02400000000000002,approximately_flat,summer,2025,,0.0,,0.0,,0.0,False
2025-07-16 09:00:00+00:00,0.691,0.165,-0.0020000000000000018,-0.01100000000000001,-0.006000000000000005,-0.032,-0.008000000000000007,-0.02400000000000002,approximately_flat,summer,2025,,0.0,,0.0,,0.0,False
2025-07-16 10:00:00+00:00,0.691,0.164,-0.0010000000000000009,-0.01100000000000001,-0.0050000000000000044,-0.033,-0.0040000000000000036,-0.020000000000000018,approximately_flat,summer,2025,,0.0,,0.0,,0.0,False
2025-07-16 11:00:00+00:00,0.691,0.164,-0.0010000000000000009,-0.010000000000000009,-0.0040000000000000036,-0.03,-0.0040000000000000036,-0.016000000000000014,approximately_flat,summer,2025,,0.0,,0.0,,0.0,False
2025-07-16 12:00:00+00:00,0.691,0.164,-0.0010000000000000009,-0.010000000000000009,-0.0040000000000000036,-0.03,-0.0040000000000000036,-0.016000000000000014,approximately_flat,summer,2025,,0.0,,0.0,,0.0,False
2025-07-16 14:00:00+00:00,0.69,0.161,-0.0010000000000000009,-0.010000000000000009,-0.0040000000000000036,-0.03,-0.0040000000000000036,-0.016000000000000014,approximately_flat,summer,2025,,0.0,,0.0,,0.0,False
2025-07-16 16:00:00+00:00,0.689,0.158,-0.0020000000000000018,-0.010000000000000009,-0.006000000000000005,-0.03,-0.008000000000000007,-0.02400000000000002,approximately_flat,summer,2025,,0.0,,0.0,,0.0,False
2025-07-16 17:00:00+00:00,0.689,0.158,-0.0020000000000000018,-0.010000000000000009,-0.006000000000000005,-0.03,-0.008000000000000007,-0.02400000000000002,approximately_flat,summer,2025,,0.0,,0.0,,0.0,False
2025-07-16 18:00:00+00:00,0.688,0.155,-0.0030000000000000027,-0.010000000000000009,-0.009000000000000008,-0.03,-0.01200000000000001,-0.03600000000000003,falling,summer,2025,,0.0,,0.0,,0.0,False
2025-07-18 06:00:00+00:00,0.675,0.119,-0.0030000000000000027,-0.010000000000000009,-0.007000000000000006,-0.025999999999999995,-0.01200000000000001,-0.028000000000000025,falling,summer,2025,,0.0,,0.0,,0.0,False
2025-07-21 05:00:00+00:00,0.723,0.191,-0.008000000000000007,-0.03600000000000003,-0.02099999999999999,-0.09899999999999998,-0.03200000000000003,-0.08399999999999996,falling,summer,2025,,0.0,,0.0,,0.0,False
2025-07-21 06:00:00+00:00,0.722,0.1885,-0.008000000000000007,-0.034499999999999975,-0.02049999999999999,-0.09399999999999997,-0.03200000000000003,-0.08199999999999996,falling,summer,2025,,0.0,,0.0,,0.0,False
2025-07-21 07:00:00+00:00,0.72,0.184,-0.008000000000000007,-0.03400000000000003,-0.01999999999999999,-0.09150000000000003,-0.03200000000000003,-0.07999999999999996,falling,summer,2025,,0.0,,0.0,,0.0,False
2025-07-21 08:00:00+00:00,0.719,0.181,-0.008000000000000007,-0.033499999999999974,-0.020000000000000018,-0.09000000000000002,-0.03200000000000003,-0.08000000000000007,falling,summer,2025,,0.0,,0.0,,0.0,False
2025-07-21 09:00:00+00:00,0.718,0.179,-0.008000000000000007,-0.03500000000000003,-0.020000000000000018,-0.09300000000000003,-0.03200000000000003,-0.08000000000000007,falling,summer,2025,,0.0,,0.0,,0.0,False
2025-07-21 10:00:00+00:00,0.717,0.176,-0.007000000000000006,-0.03700000000000003,-0.018000000000000016,-0.09800000000000003,-0.028000000000000025,-0.07200000000000006,falling,summer,2025,,0.0,,0.0,,0.0,False
2025-07-21 11:00:00+00:00,0.716,0.174,-0.007000000000000006,-0.03700000000000003,-0.017000000000000015,-0.09700000000000003,-0.028000000000000025,-0.06800000000000006,falling,summer,2025,,0.0,,0.0,,0.0,False
2025-07-21 12:00:00+00:00,0.715,0.171,-0.007000000000000006,-0.03600000000000003,-0.017499999999999988,-0.094,-0.028000000000000025,-0.06999999999999995,falling,summer,2025,,0.0,,0.0,,0.0,False
2025-07-21 13:00:00+00:00,0.714,0.169,-0.006000000000000005,-0.03600000000000003,-0.014999999999999986,-0.093,-0.02400000000000002,-0.05999999999999994,falling,summer,2025,,0.0,,0.0,,0.0,False
2025-07-21 14:00:00+00:00,0.7124999999999999,0.165,-0.006500000000000061,-0.03550000000000009,-0.015999999999999986,-0.092,-0.026000000000000245,-0.06399999999999995,falling,summer,2025,,0.0,,0.0,,0.0,False
2025-07-21 15:00:00+00:00,0.712,0.164,-0.006000000000000005,-0.03400000000000003,-0.014999999999999986,-0.087,-0.02400000000000002,-0.05999999999999994,falling,summer,2025,,0.0,,0.0,,0.0,False
2025-07-21 16:00:00+00:00,0.711,0.161,-0.006000000000000005,-0.03300000000000003,-0.014999999999999986,-0.08499999999999999,-0.02400000000000002,-0.05999999999999994,falling,summer,2025,,0.0,,0.0,,0.0,False
2025-07-21 17:00:00+00:00,0.71,0.159,-0.006000000000000005,-0.03200000000000003,-0.014999999999999986,-0.08149999999999999,-0.02400000000000002,-0.05999999999999994,falling,summer,2025,,0.0,,0.0,,0.0,False
2025-07-21 18:00:00+00:00,0.709,0.157,-0.006000000000000005,-0.03149999999999997,-0.014000000000000012,-0.07949999999999999,-0.02400000000000002,-0.05600000000000005,falling,summer,2025,,0.0,,0.0,,0.0,False
2025-07-21 19:00:00+00:00,0.708,0.154,-0.006000000000000005,-0.030000000000000027,-0.015000000000000013,-0.07600000000000001,-0.02400000000000002,-0.06000000000000005,falling,summer,2025,,0.0,,0.0,,0.0,False
2025-07-21 20:00:00+00:00,0.707,0.152,-0.005499999999999949,-0.02949999999999997,-0.013000000000000012,-0.07400000000000001,-0.021999999999999797,-0.052000000000000046,falling,summer,2025,,0.0,,0.0,,0.0,False
2025-07-21 21:00:00+00:00,0.707,0.152,-0.0050000000000000044,-0.028000000000000025,-0.01200000000000001,-0.07,-0.020000000000000018,-0.04800000000000004,falling,summer,2025,,0.0,,0.0,,0.0,False
2025-07-21 22:00:00+00:00,0.706,0.149,-0.0050000000000000044,-0.027000000000000024,-0.01200000000000001,-0.068,-0.020000000000000018,-0.04800000000000004,falling,summer,2025,,0.0,,0.0,,0.0,False
2025-07-21 23:00:00+00:00,0.7044999999999999,0.146,-0.00550000000000006,-0.02650000000000008,-0.013000000000000012,-0.066,-0.02200000000000024,-0.052000000000000046,falling,summer,2025,,0.0,,0.0,,0.0,False
2025-07-22 00:00:00+00:00,0.703,0.143,-0.006000000000000005,-0.027000000000000024,-0.014000000000000012,-0.066,-0.02400000000000002,-0.05600000000000005,falling,summer,2025,,0.0,,0.0,,0.0,False
2025-07-22 01:00:00+00:00,0.702,0.141,-0.006000000000000005,-0.026000000000000023,-0.013000000000000012,-0.063,-0.02400000000000002,-0.052000000000000046,falling,summer,2025,,0.0,,0.0,,0.0,False
2025-07-22 02:00:00+00:00,0.701,0.138,-0.006000000000000005,-0.026000000000000023,-0.013999999999999985,-0.063,-0.02400000000000002,-0.05599999999999994,falling,summer,2025,,0.0,,0.0,,0.0,False
2025-07-22 03:00:00+00:00,0.7,0.136,-0.007000000000000006,-0.026000000000000023,-0.015999999999999986,-0.063,-0.028000000000000025,-0.06399999999999995,falling,summer,2025,,0.0,,0.0,,0.0,False
2025-07-22 04:00:00+00:00,0.699,0.134,-0.007000000000000006,-0.025000000000000022,-0.014999999999999986,-0.06,-0.028000000000000025,-0.05999999999999994,falling,summer,2025,,0.0,,0.0,,0.0,False
2025-07-22 05:00:00+00:00,0.698,0.132,-0.00649999999999995,-0.025000000000000022,-0.013999999999999985,-0.059,-0.0259999999999998,-0.05599999999999994,falling,summer,2025,,0.0,,0.0,,0.0,False
2025-07-22 06:00:00+00:00,0.6975,0.1305,-0.005499999999999949,-0.024499999999999966,-0.012499999999999983,-0.057999999999999996,-0.021999999999999797,-0.04999999999999993,falling,summer,2025,,0.0,,0.0,,0.0,False
2025-07-22 07:00:00+00:00,0.697,0.129,-0.0050000000000000044,-0.02300000000000002,-0.011999999999999983,-0.05499999999999999,-0.020000000000000018,-0.04799999999999993,falling,summer,2025,,0.0,,0.0,,0.0,False
2025-07-22 08:00:00+00:00,0.696,0.127,-0.0050000000000000044,-0.02300000000000002,-0.01100000000000001,-0.05399999999999999,-0.020000000000000018,-0.04400000000000004,falling,summer,2025,,0.0,,0.0,,0.0,False
2025-07-22 09:00:00+00:00,0.695,0.125,-0.0050000000000000044,-0.02300000000000002,-0.01100000000000001,-0.05399999999999999,-0.020000000000000018,-0.04400000000000004,falling,summer,2025,,0.0,,0.0,,0.0,False
2025-07-22 10:00:00+00:00,0.695,0.125,-0.0040000000000000036,-0.02200000000000002,-0.009000000000000008,-0.05099999999999999,-0.016000000000000014,-0.03600000000000003,falling,summer,2025,,0.0,,0.0,,0.0,False
2025-07-22 11:00:00+00:00,0.694,0.122,-0.0040000000000000036,-0.02200000000000002,-0.010000000000000009,-0.05199999999999999,-0.016000000000000014,-0.040000000000000036,falling,summer,2025,,0.0,,0.0,,0.0,False
2025-07-22 12:00:00+00:00,0.694,0.122,-0.0035000000000000586,-0.02100000000000002,-0.008500000000000008,-0.049000000000000016,-0.014000000000000234,-0.03400000000000003,falling,summer,2025,,0.0,,0.0,,0.0,False
2025-07-22 13:00:00+00:00,0.693,0.12,-0.0040000000000000036,-0.02100000000000002,-0.009000000000000008,-0.049000000000000016,-0.016000000000000014,-0.03600000000000003,falling,summer,2025,,0.0,,0.0,,0.0,False
2025-07-22 14:00:00+00:00,0.693,0.12,-0.0030000000000000027,-0.019499999999999962,-0.007000000000000006,-0.04500000000000001,-0.01200000000000001,-0.028000000000000025,falling,summer,2025,,0.0,,0.0,,0.0,False
2025-07-22 15:00:00+00:00,0.692,0.118,-0.0030000000000000027,-0.020000000000000018,-0.007000000000000006,-0.04600000000000001,-0.01200000000000001,-0.028000000000000025,falling,summer,2025,,0.0,,0.0,,0.0,False
2025-07-22 16:00:00+00:00,0.692,0.117,-0.0030000000000000027,-0.019000000000000017,-0.007999999999999993,-0.044,-0.01200000000000001,-0.03199999999999997,falling,summer,2025,,0.0,,0.0,,0.0,False
2025-07-22 17:00:00+00:00,0.691,0.115,-0.0030000000000000027,-0.019000000000000017,-0.006999999999999992,-0.044,-0.01200000000000001,-0.02799999999999997,falling,summer,2025,,0.0,,0.0,,0.0,False
2025-07-22 18:00:00+00:00,0.691,0.115,-0.0030000000000000027,-0.018000000000000016,-0.006999999999999992,-0.041999999999999996,-0.01200000000000001,-0.02799999999999997,falling,summer,2025,,0.0,,0.0,,0.0,False
2025-07-22 19:00:00+00:00,0.69,0.113,-0.0030000000000000027,-0.018000000000000016,-0.006999999999999992,-0.040999999999999995,-0.01200000000000001,-0.02799999999999997,falling,summer,2025,,0.0,,0.0,,0.0,False
2025-07-22 20:00:00+00:00,0.69,0.113,-0.0030000000000000027,-0.017000000000000015,-0.006999999999999992,-0.03899999999999999,-0.01200000000000001,-0.02799999999999997,falling,summer,2025,,0.0,,0.0,,0.0,False
2025-07-22 21:00:00+00:00,0.689,0.111,-0.0030000000000000027,-0.018000000000000016,-0.006999999999999992,-0.040999999999999995,-0.01200000000000001,-0.02799999999999997,falling,summer,2025,,0.0,,0.0,,0.0,False
2025-07-22 22:00:00+00:00,0.688,0.109,-0.0040000000000000036,-0.018000000000000016,-0.008000000000000007,-0.039999999999999994,-0.016000000000000014,-0.03200000000000003,falling,summer,2025,,0.0,,0.0,,0.0,False
2025-07-22 23:00:00+00:00,0.688,0.108,-0.0030000000000000027,-0.01649999999999996,-0.007000000000000006,-0.03799999999999999,-0.01200000000000001,-0.028000000000000025,falling,summer,2025,,0.0,,0.0,,0.0,False
2025-07-23 00:00:00+00:00,0.687,0.106,-0.0039999999999998925,-0.015999999999999903,-0.009000000000000008,-0.03699999999999999,-0.01599999999999957,-0.03600000000000003,falling,summer,2025,,0.0,,0.0,,0.0,False
2025-07-23 01:00:00+00:00,0.687,0.106,-0.0029999999999998916,-0.014999999999999902,-0.007000000000000006,-0.03499999999999999,-0.011999999999999567,-0.028000000000000025,approximately_flat,summer,2025,,0.0,,0.0,,0.0,False
2025-07-23 02:00:00+00:00,0.686,0.104,-0.0039999999999998925,-0.014999999999999902,-0.009000000000000008,-0.034000000000000016,-0.01599999999999957,-0.03600000000000003,falling,summer,2025,,0.0,,0.0,,0.0,False
2025-07-23 03:00:00+00:00,0.686,0.104,-0.0029999999999998916,-0.013999999999999901,-0.007000000000000006,-0.032000000000000015,-0.011999999999999567,-0.028000000000000025,approximately_flat,summer,2025,,0.0,,0.0,,0.0,False
2025-07-23 04:00:00+00:00,0.685,0.102,-0.0029999999999998916,-0.013999999999999901,-0.007000000000000006,-0.032000000000000015,-0.011999999999999567,-0.028000000000000025,approximately_flat,summer,2025,,0.0,,0.0,,0.0,False
2025-07-23 05:00:00+00:00,0.685,0.102,-0.0029999999999998916,-0.0129999999999999,-0.006000000000000005,-0.030000000000000013,-0.011999999999999567,-0.02400000000000002,approximately_flat,summer,2025,,0.0,,0.0,,0.0,False
2025-07-23 06:00:00+00:00,0.685,0.101,-0.0020000000000000018,-0.012499999999999956,-0.0049999999999999906,-0.0295,-0.008000000000000007,-0.019999999999999962,approximately_flat,summer,2025,,0.0,,0.0,,0.0,False
2025-07-23 07:00:00+00:00,0.685,0.101,-0.0020000000000000018,-0.0119999999999999,-0.0049999999999999906,-0.027999999999999997,-0.008000000000000007,-0.019999999999999962,approximately_flat,summer,2025,,0.0,,0.0,,0.0,False
2025-07-23 08:00:00+00:00,0.685,0.101,-0.0010000000000000009,-0.010999999999999899,-0.002999999999999989,-0.025999999999999995,-0.0040000000000000036,-0.011999999999999955,approximately_flat,summer,2025,,0.0,,0.0,,0.0,False
2025-07-26 14:00:00+00:00,0.7435,0.188,-0.014499999999999957,-0.08449999999999991,-0.036000000000000004,-0.242,-0.05799999999999983,-0.14400000000000002,falling,summer,2025,,0.0,,0.0,,0.0,False
2025-07-26 15:00:00+00:00,0.741,0.182,-0.014000000000000012,-0.08099999999999996,-0.034,-0.22799999999999998,-0.05600000000000005,-0.136,falling,summer,2025,,0.0,,0.0,,0.0,False
2025-07-26 16:00:00+00:00,0.739,0.1775,-0.014000000000000012,-0.07799999999999996,-0.0335,-0.21650000000000003,-0.05600000000000005,-0.134,falling,summer,2025,,0.0,,0.0,,0.0,False
2025-07-26 17:00:00+00:00,0.737,0.173,-0.013499999999999956,-0.07500000000000007,-0.032,-0.20500000000000002,-0.053999999999999826,-0.128,falling,summer,2025,,0.0,,0.0,,0.0,False
2025-07-26 18:00:00+00:00,0.735,0.168,-0.013000000000000012,-0.07200000000000006,-0.031,-0.19399999999999998,-0.052000000000000046,-0.124,falling,summer,2025,,0.0,,0.0,,0.0,False
2025-07-26 19:00:00+00:00,0.7335,0.165,-0.01200000000000001,-0.06899999999999995,-0.027999999999999997,-0.18349999999999997,-0.04800000000000004,-0.11199999999999999,falling,summer,2025,,0.0,,0.0,,0.0,False
2025-07-26 20:00:00+00:00,0.732,0.161,-0.011500000000000066,-0.06600000000000006,-0.026999999999999996,-0.17400000000000002,-0.04600000000000026,-0.10799999999999998,falling,summer,2025,,0.0,,0.0,,0.0,False
2025-07-26 21:00:00+00:00,0.73,0.157,-0.01100000000000001,-0.06400000000000006,-0.024999999999999994,-0.166,-0.04400000000000004,-0.09999999999999998,falling,summer,2025,,0.0,,0.0,,0.0,False
2025-07-26 22:00:00+00:00,0.728,0.153,-0.01100000000000001,-0.062000000000000055,-0.024499999999999994,-0.158,-0.04400000000000004,-0.09799999999999998,falling,summer,2025,,0.0,,0.0,,0.0,False
2025-07-26 23:00:00+00:00,0.726,0.148,-0.01100000000000001,-0.06000000000000005,-0.024999999999999994,-0.1515,-0.04400000000000004,-0.09999999999999998,falling,summer,2025,,0.0,,0.0,,0.0,False
2025-07-27 00:00:00+00:00,0.725,0.146,-0.010000000000000009,-0.05800000000000005,-0.02200000000000002,-0.145,-0.040000000000000036,-0.08800000000000008,falling,summer,2025,,0.0,,0.0,,0.0,False
2025-07-27 01:00:00+00:00,0.7275,0.151,-0.006000000000000005,-0.05249999999999999,-0.014000000000000012,-0.13099999999999998,-0.02400000000000002,-0.05600000000000005,falling,summer,2025,,0.0,,0.0,,0.0,False
2025-07-28 07:00:00+00:00,0.706,0.102,-0.007000000000000006,-0.029000000000000026,-0.014000000000000012,-0.06200000000000001,-0.028000000000000025,-0.05600000000000005,falling,summer,2025,,0.0,,0.0,,0.0,False
2025-07-28 08:00:00+00:00,0.705,0.1,-0.007000000000000006,-0.029000000000000026,-0.013999999999999999,-0.061,-0.028000000000000025,-0.055999999999999994,falling,summer,2025,,0.0,,0.0,,0.0,False
2025-07-28 09:00:00+00:00,0.704,0.098,-0.007000000000000006,-0.029000000000000026,-0.013999999999999999,-0.061,-0.028000000000000025,-0.055999999999999994,falling,summer,2025,,0.0,,0.0,,0.0,False
2025-07-28 10:00:00+00:00,0.704,0.098,-0.00550000000000006,-0.027000000000000024,-0.010999999999999996,-0.056999999999999995,-0.02200000000000024,-0.043999999999999984,falling,summer,2025,,0.0,,0.0,,0.0,False
2025-07-28 11:00:00+00:00,0.703,0.096,-0.0050000000000000044,-0.027000000000000024,-0.009999999999999995,-0.055999999999999994,-0.020000000000000018,-0.03999999999999998,falling,summer,2025,,0.0,,0.0,,0.0,False
2025-07-28 12:00:00+00:00,0.702,0.094,-0.0050000000000000044,-0.026000000000000023,-0.009999999999999995,-0.05399999999999999,-0.020000000000000018,-0.03999999999999998,falling,summer,2025,,0.0,,0.0,,0.0,False
2025-07-28 13:00:00+00:00,0.701,0.092,-0.0050000000000000044,-0.026000000000000023,-0.009999999999999995,-0.05399999999999999,-0.020000000000000018,-0.03999999999999998,falling,summer,2025,,0.0,,0.0,,0.0,False
2025-07-28 14:00:00+00:00,0.701,0.092,-0.0040000000000000036,-0.025000000000000022,-0.008000000000000007,-0.05099999999999999,-0.016000000000000014,-0.03200000000000003,falling,summer,2025,,0.0,,0.0,,0.0,False
2025-07-28 15:00:00+00:00,0.7,0.09,-0.0040000000000000036,-0.025000000000000022,-0.008000000000000007,-0.05099999999999999,-0.016000000000000014,-0.03200000000000003,falling,summer,2025,,0.0,,0.0,,0.0,False
2025-07-28 16:00:00+00:00,0.7,0.09,-0.0040000000000000036,-0.02400000000000002,-0.008000000000000007,-0.049000000000000016,-0.016000000000000014,-0.03200000000000003,falling,summer,2025,,0.0,,0.0,,0.0,False
2025-07-28 17:00:00+00:00,0.699,0.088,-0.0040000000000000036,-0.02400000000000002,-0.008000000000000007,-0.049000000000000016,-0.016000000000000014,-0.03200000000000003,falling,summer,2025,,0.0,,0.0,,0.0,False
2025-07-28 18:00:00+00:00,0.699,0.088,-0.0030000000000000027,-0.02300000000000002,-0.006000000000000005,-0.04600000000000001,-0.01200000000000001,-0.02400000000000002,falling,summer,2025,,0.0,,0.0,,0.0,False
2025-07-28 19:00:00+00:00,0.699,0.088,-0.0020000000000000018,-0.02100000000000002,-0.0040000000000000036,-0.04200000000000001,-0.008000000000000007,-0.016000000000000014,approximately_flat,summer,2025,,0.0,,0.0,,0.0,False
2025-07-28 20:00:00+00:00,0.698,0.086,-0.0030000000000000027,-0.02100000000000002,-0.006000000000000005,-0.04200000000000001,-0.01200000000000001,-0.02400000000000002,falling,summer,2025,,0.0,,0.0,,0.0,False
2025-07-28 21:00:00+00:00,0.698,0.086,-0.0020000000000000018,-0.020000000000000018,-0.0040000000000000036,-0.04000000000000001,-0.008000000000000007,-0.016000000000000014,approximately_flat,summer,2025,,0.0,,0.0,,0.0,False
2025-07-28 22:00:00+00:00,0.697,0.084,-0.0030000000000000027,-0.020000000000000018,-0.0059999999999999915,-0.039999999999999994,-0.01200000000000001,-0.023999999999999966,falling,summer,2025,,0.0,,0.0,,0.0,False
2025-07-28 23:00:00+00:00,0.697,0.084,-0.0020000000000000018,-0.019000000000000017,-0.00399999999999999,-0.03799999999999999,-0.008000000000000007,-0.01599999999999996,approximately_flat,summer,2025,,0.0,,0.0,,0.0,False
2025-07-29 00:00:00+00:00,0.696,0.082,-0.0030000000000000027,-0.019000000000000017,-0.0059999999999999915,-0.03799999999999999,-0.01200000000000001,-0.023999999999999966,falling,summer,2025,,0.0,,0.0,,0.0,False
2025-07-29 01:00:00+00:00,0.696,0.082,-0.0030000000000000027,-0.017000000000000015,-0.0059999999999999915,-0.034,-0.01200000000000001,-0.023999999999999966,falling,summer,2025,,0.0,,0.0,,0.0,False
2025-07-29 02:00:00+00:00,0.696,0.081,-0.0020000000000000018,-0.016000000000000014,-0.0049999999999999906,-0.033,-0.008000000000000007,-0.019999999999999962,approximately_flat,summer,2025,,0.0,,0.0,,0.0,False
2025-07-29 03:00:00+00:00,0.695,0.08,-0.0030000000000000027,-0.016000000000000014,-0.0059999999999999915,-0.032,-0.01200000000000001,-0.023999999999999966,falling,summer,2025,,0.0,,0.0,,0.0,False
2025-07-29 04:00:00+00:00,0.695,0.079,-0.0020000000000000018,-0.014500000000000068,-0.0050000000000000044,-0.03,-0.008000000000000007,-0.020000000000000018,approximately_flat,summer,2025,,0.0,,0.0,,0.0,False
2025-07-29 05:00:00+00:00,0.695,0.079,-0.0020000000000000018,-0.013000000000000012,-0.0050000000000000044,-0.026999999999999996,-0.008000000000000007,-0.020000000000000018,approximately_flat,summer,2025,,0.0,,0.0,,0.0,False
2025-07-29 06:00:00+00:00,0.694,0.077,-0.0020000000000000018,-0.013000000000000012,-0.0050000000000000044,-0.026999999999999996,-0.008000000000000007,-0.020000000000000018,approximately_flat,summer,2025,,0.0,,0.0,,0.0,False
2025-07-29 07:00:00+00:00,0.694,0.077,-0.0020000000000000018,-0.01200000000000001,-0.0050000000000000044,-0.024999999999999994,-0.008000000000000007,-0.020000000000000018,approximately_flat,summer,2025,,0.0,,0.0,,0.0,False
2025-07-29 08:00:00+00:00,0.694,0.077,-0.0020000000000000018,-0.01100000000000001,-0.0040000000000000036,-0.023000000000000007,-0.008000000000000007,-0.016000000000000014,approximately_flat,summer,2025,,0.0,,0.0,,0.0,False
2025-07-29 09:00:00+00:00,0.694,0.077,-0.0010000000000000009,-0.010000000000000009,-0.0030000000000000027,-0.021000000000000005,-0.0040000000000000036,-0.01200000000000001,approximately_flat,summer,2025,,0.0,,0.0,,0.0,False
2025-07-29 10:00:00+00:00,0.694,0.076,-0.0010000000000000009,-0.010000000000000009,-0.0030000000000000027,-0.022000000000000006,-0.0040000000000000036,-0.01200000000000001,approximately_flat,summer,2025,,0.0,,0.0,,0.0,False
2025-08-05 01:00:00+00:00,0.725,0.117,-0.0030000000000000027,-0.03850000000000009,-0.0049999999999999906,-0.077,-0.01200000000000001,-0.019999999999999962,falling,summer,2025,,0.0,,0.0,,0.0,False
2025-08-05 02:00:00+00:00,0.724,0.115,-0.0040000000000000036,-0.03500000000000003,-0.006999999999999992,-0.06899999999999999,-0.016000000000000014,-0.02799999999999997,falling,summer,2025,,0.0,,0.0,,0.0,False
2025-08-05 03:00:00+00:00,0.724,0.115,-0.0040000000000000036,-0.03049999999999997,-0.006999999999999992,-0.05949999999999998,-0.016000000000000014,-0.02799999999999997,falling,summer,2025,,0.0,,0.0,,0.0,False
2025-08-05 04:00:00+00:00,0.723,0.114,-0.0045000000000000595,-0.02749999999999997,-0.007499999999999993,-0.052000000000000005,-0.018000000000000238,-0.02999999999999997,falling,summer,2025,,0.0,,0.0,,0.0,False
2025-08-05 05:00:00+00:00,0.723,0.114,-0.0040000000000000036,-0.02400000000000002,-0.006999999999999992,-0.045,-0.016000000000000014,-0.02799999999999997,falling,summer,2025,,0.0,,0.0,,0.0,False
2025-08-05 06:00:00+00:00,0.723,0.114,-0.0030000000000000027,-0.020500000000000074,-0.0049999999999999906,-0.03799999999999999,-0.01200000000000001,-0.019999999999999962,falling,summer,2025,,0.0,,0.0,,0.0,False
2025-08-05 07:00:00+00:00,0.723,0.114,-0.0020000000000000018,-0.018000000000000016,-0.0030000000000000027,-0.03299999999999999,-0.008000000000000007,-0.01200000000000001,approximately_flat,summer,2025,,0.0,,0.0,,0.0,False
2025-08-05 08:00:00+00:00,0.7224999999999999,0.113,-0.0015000000000000568,-0.01550000000000007,-0.0020000000000000018,-0.027999999999999983,-0.006000000000000227,-0.008000000000000007,approximately_flat,summer,2025,,0.0,,0.0,,0.0,False
2025-08-05 09:00:00+00:00,0.722,0.112,-0.0020000000000000018,-0.013000000000000012,-0.0030000000000000027,-0.023000000000000007,-0.008000000000000007,-0.01200000000000001,approximately_flat,summer,2025,,0.0,,0.0,,0.0,False
2025-08-05 10:00:00+00:00,0.721,0.11,-0.0020000000000000018,-0.013000000000000012,-0.0040000000000000036,-0.023000000000000007,-0.008000000000000007,-0.016000000000000014,approximately_flat,summer,2025,,0.0,,0.0,,0.0,False
2025-08-05 11:00:00+00:00,0.72,0.108,-0.0030000000000000027,-0.013000000000000012,-0.006000000000000005,-0.024000000000000007,-0.01200000000000001,-0.02400000000000002,falling,summer,2025,,0.0,,0.0,,0.0,False
2025-08-05 12:00:00+00:00,0.718,0.105,-0.0050000000000000044,-0.014000000000000012,-0.009000000000000008,-0.02500000000000001,-0.020000000000000018,-0.03600000000000003,falling,summer,2025,,0.0,,0.0,,0.0,False
2025-08-05 13:00:00+00:00,0.717,0.103,-0.006000000000000005,-0.014000000000000012,-0.01100000000000001,-0.02500000000000001,-0.02400000000000002,-0.04400000000000004,falling,summer,2025,,0.0,,0.0,,0.0,False
2025-08-05 14:00:00+00:00,0.716,0.102,-0.00649999999999995,-0.014000000000000012,-0.01100000000000001,-0.024000000000000007,-0.0259999999999998,-0.04400000000000004,falling,summer,2025,,0.0,,0.0,,0.0,False
2025-08-05 15:00:00+00:00,0.715,0.1,-0.007000000000000006,-0.014000000000000012,-0.011999999999999997,-0.023999999999999994,-0.028000000000000025,-0.04799999999999999,falling,summer,2025,,0.0,,0.0,,0.0,False
2025-08-05 16:00:00+00:00,0.714,0.098,-0.007000000000000006,-0.015000000000000013,-0.011999999999999997,-0.025999999999999995,-0.028000000000000025,-0.04799999999999999,falling,summer,2025,,0.0,,0.0,,0.0,False
2025-08-05 17:00:00+00:00,0.713,0.097,-0.007000000000000006,-0.016000000000000014,-0.010999999999999996,-0.026999999999999996,-0.028000000000000025,-0.043999999999999984,falling,summer,2025,,0.0,,0.0,,0.0,False
2025-08-05 18:00:00+00:00,0.7124999999999999,0.096,-0.00550000000000006,-0.016000000000000014,-0.008999999999999994,-0.026999999999999996,-0.02200000000000024,-0.035999999999999976,falling,summer,2025,,0.0,,0.0,,0.0,False
2025-08-05 19:00:00+00:00,0.712,0.095,-0.0050000000000000044,-0.016000000000000014,-0.007999999999999993,-0.026999999999999996,-0.020000000000000018,-0.03199999999999997,falling,summer,2025,,0.0,,0.0,,0.0,False
2025-08-05 20:00:00+00:00,0.711,0.094,-0.0050000000000000044,-0.017000000000000015,-0.007999999999999993,-0.027999999999999997,-0.020000000000000018,-0.03199999999999997,falling,summer,2025,,0.0,,0.0,,0.0,False
2025-08-05 21:00:00+00:00,0.71,0.092,-0.0050000000000000044,-0.018000000000000016,-0.008000000000000007,-0.03,-0.020000000000000018,-0.03200000000000003,falling,summer,2025,,0.0,,0.0,,0.0,False
2025-08-05 22:00:00+00:00,0.709,0.091,-0.0050000000000000044,-0.018500000000000072,-0.007000000000000006,-0.0305,-0.020000000000000018,-0.028000000000000025,falling,summer,2025,,0.0,,0.0,,0.0,False
2025-08-05 23:00:00+00:00,0.7084999999999999,0.09,-0.0045000000000000595,-0.018500000000000072,-0.007000000000000006,-0.031,-0.018000000000000238,-0.028000000000000025,falling,summer,2025,,0.0,,0.0,,0.0,False
2025-08-06 00:00:00+00:00,0.707,0.087,-0.005499999999999949,-0.019000000000000017,-0.009000000000000008,-0.032,-0.021999999999999797,-0.03600000000000003,falling,summer,2025,,0.0,,0.0,,0.0,False
2025-08-06 01:00:00+00:00,0.706,0.086,-0.006000000000000005,-0.019000000000000017,-0.009000000000000008,-0.031000000000000014,-0.02400000000000002,-0.03600000000000003,falling,summer,2025,,0.0,,0.0,,0.0,False
2025-08-06 02:00:00+00:00,0.705,0.084,-0.006000000000000005,-0.019000000000000017,-0.009999999999999995,-0.031,-0.02400000000000002,-0.03999999999999998,falling,summer,2025,,0.0,,0.0,,0.0,False
2025-08-06 03:00:00+00:00,0.703,0.081,-0.007000000000000006,-0.02100000000000002,-0.010999999999999996,-0.034,-0.028000000000000025,-0.043999999999999984,falling,summer,2025,,0.0,,0.0,,0.0,False
2025-08-06 04:00:00+00:00,0.702,0.08,-0.007000000000000006,-0.02100000000000002,-0.010999999999999996,-0.034,-0.028000000000000025,-0.043999999999999984,falling,summer,2025,,0.0,,0.0,,0.0,False
2025-08-06 05:00:00+00:00,0.702,0.08,-0.00649999999999995,-0.02100000000000002,-0.009999999999999995,-0.034,-0.0259999999999998,-0.03999999999999998,falling,summer,2025,,0.0,,0.0,,0.0,False
2025-08-06 06:00:00+00:00,0.701,0.078,-0.006000000000000005,-0.02200000000000002,-0.008999999999999994,-0.036000000000000004,-0.02400000000000002,-0.035999999999999976,falling,summer,2025,,0.0,,0.0,,0.0,False
2025-08-06 07:00:00+00:00,0.701,0.078,-0.0050000000000000044,-0.02200000000000002,-0.007999999999999993,-0.036000000000000004,-0.020000000000000018,-0.03199999999999997,falling,summer,2025,,0.0,,0.0,,0.0,False
2025-08-06 08:00:00+00:00,0.7,0.077,-0.0050000000000000044,-0.022499999999999964,-0.007000000000000006,-0.036000000000000004,-0.020000000000000018,-0.028000000000000025,falling,summer,2025,,0.0,,0.0,,0.0,False
2025-08-06 09:00:00+00:00,0.7,0.077,-0.0030000000000000027,-0.02200000000000002,-0.0040000000000000036,-0.035,-0.01200000000000001,-0.016000000000000014,falling,summer,2025,,0.0,,0.0,,0.0,False
2025-08-06 10:00:00+00:00,0.7,0.077,-0.0020000000000000018,-0.02100000000000002,-0.0030000000000000027,-0.033,-0.008000000000000007,-0.01200000000000001,approximately_flat,summer,2025,,0.0,,0.0,,0.0,False
2025-08-06 11:00:00+00:00,0.7,0.077,-0.0020000000000000018,-0.020000000000000018,-0.0030000000000000027,-0.031,-0.008000000000000007,-0.01200000000000001,approximately_flat,summer,2025,,0.0,,0.0,,0.0,False
2025-08-06 12:00:00+00:00,0.7,0.077,-0.0010000000000000009,-0.018000000000000016,-0.0010000000000000009,-0.027999999999999997,-0.0040000000000000036,-0.0040000000000000036,approximately_flat,summer,2025,,0.0,,0.0,,0.0,False
2025-08-06 13:00:00+00:00,0.7,0.077,-0.0010000000000000009,-0.017000000000000015,-0.0010000000000000009,-0.025999999999999995,-0.0040000000000000036,-0.0040000000000000036,approximately_flat,summer,2025,,0.0,,0.0,,0.0,False
2025-08-08 15:00:00+00:00,0.7935000000000001,0.267,-0.018000000000000016,-0.11299999999999999,-0.04849999999999999,-0.368,-0.07200000000000006,-0.19399999999999995,falling,summer,2025,,0.0,,0.0,,0.0,False
2025-08-08 16:00:00+00:00,0.79,0.258,-0.01750000000000007,-0.10149999999999992,-0.046499999999999986,-0.31999999999999995,-0.07000000000000028,-0.18599999999999994,falling,summer,2025,,0.0,,0.0,,0.0,False
2025-08-08 17:00:00+00:00,0.791,0.261,-0.013000000000000012,-0.08849999999999991,-0.033999999999999975,-0.273,-0.052000000000000046,-0.1359999999999999,falling,summer,2025,,0.0,,0.0,,0.0,False
2025-08-08 18:00:00+00:00,0.7925,0.2645,-0.008500000000000063,-0.07699999999999996,-0.022499999999999964,-0.23399999999999999,-0.03400000000000025,-0.08999999999999986,falling,summer,2025,,0.0,,0.0,,0.0,False
2025-08-08 19:00:00+00:00,0.789,0.255,-0.009499999999999953,-0.07199999999999995,-0.025000000000000022,-0.21399999999999997,-0.03799999999999981,-0.10000000000000009,falling,summer,2025,,0.0,,0.0,,0.0,False
2025-08-08 20:00:00+00:00,0.786,0.248,-0.010499999999999954,-0.06799999999999995,-0.027000000000000024,-0.198,-0.041999999999999815,-0.1080000000000001,falling,summer,2025,,0.0,,0.0,,0.0,False
2025-08-08 21:00:00+00:00,0.7825,0.239,-0.01100000000000012,-0.06400000000000006,-0.028000000000000025,-0.1825,-0.04400000000000048,-0.1120000000000001,falling,summer,2025,,0.0,,0.0,,0.0,False
2025-08-08 22:00:00+00:00,0.78,0.233,-0.010000000000000009,-0.0605,-0.024999999999999994,-0.1695,-0.040000000000000036,-0.09999999999999998,falling,summer,2025,,0.0,,0.0,,0.0,False
2025-08-08 23:00:00+00:00,0.777,0.226,-0.014000000000000012,-0.05899999999999994,-0.035,-0.162,-0.05600000000000005,-0.14,falling,summer,2025,,0.0,,0.0,,0.0,False
2025-08-09 00:00:00+00:00,0.773,0.216,-0.019499999999999962,-0.07399999999999995,-0.048500000000000015,-0.2065,-0.07799999999999985,-0.19400000000000006,falling,summer,2025,,0.0,,0.0,,0.0,False
2025-08-09 01:00:00+00:00,0.771,0.212,-0.018000000000000016,-0.0824999999999999,-0.04300000000000001,-0.232,-0.07200000000000006,-0.17200000000000004,falling,summer,2025,,0.0,,0.0,,0.0,False
2025-08-10 07:00:00+00:00,0.745,0.155,-0.005499999999999949,-0.03600000000000003,-0.01100000000000001,-0.07999999999999999,-0.021999999999999797,-0.04400000000000004,falling,summer,2025,,0.0,,0.0,,0.0,False
2025-08-10 08:00:00+00:00,0.745,0.155,-0.0040000000000000036,-0.03200000000000003,-0.008000000000000007,-0.07100000000000001,-0.016000000000000014,-0.03200000000000003,falling,summer,2025,,0.0,,0.0,,0.0,False
2025-08-10 09:00:00+00:00,0.744,0.153,-0.0040000000000000036,-0.030000000000000027,-0.008000000000000007,-0.066,-0.016000000000000014,-0.03200000000000003,falling,summer,2025,,0.0,,0.0,,0.0,False
2025-08-10 10:00:00+00:00,0.744,0.153,-0.0030000000000000027,-0.027000000000000024,-0.006000000000000005,-0.059,-0.01200000000000001,-0.02400000000000002,falling,summer,2025,,0.0,,0.0,,0.0,False
2025-08-10 11:00:00+00:00,0.744,0.153,-0.0020000000000000018,-0.024499999999999966,-0.0040000000000000036,-0.05299999999999999,-0.008000000000000007,-0.016000000000000014,approximately_flat,summer,2025,,0.0,,0.0,,0.0,False
2025-08-10 12:00:00+00:00,0.744,0.153,-0.0015000000000000568,-0.02200000000000002,-0.0030000000000000027,-0.047000000000000014,-0.006000000000000227,-0.01200000000000001,approximately_flat,summer,2025,,0.0,,0.0,,0.0,False
2025-08-10 13:00:00+00:00,0.744,0.153,-0.0010000000000000009,-0.020000000000000018,-0.0020000000000000018,-0.04300000000000001,-0.0040000000000000036,-0.008000000000000007,approximately_flat,summer,2025,,0.0,,0.0,,0.0,False
2025-08-12 07:00:00+00:00,0.756,0.178,-0.008000000000000007,-0.055500000000000105,-0.018000000000000016,-0.1375,-0.03200000000000003,-0.07200000000000006,falling,summer,2025,,0.0,,0.0,,0.0,False
2025-08-12 08:00:00+00:00,0.755,0.176,-0.007000000000000006,-0.052000000000000046,-0.015000000000000013,-0.127,-0.028000000000000025,-0.06000000000000005,falling,summer,2025,,0.0,,0.0,,0.0,False
2025-08-12 09:00:00+00:00,0.755,0.176,-0.0050000000000000044,-0.04749999999999999,-0.01100000000000001,-0.11499999999999999,-0.020000000000000018,-0.04400000000000004,falling,summer,2025,,0.0,,0.0,,0.0,False
2025-08-12 10:00:00+00:00,0.754,0.174,-0.0050000000000000044,-0.044499999999999984,-0.01100000000000001,-0.10649999999999998,-0.020000000000000018,-0.04400000000000004,falling,summer,2025,,0.0,,0.0,,0.0,False
2025-08-12 11:00:00+00:00,0.754,0.174,-0.0040000000000000036,-0.041000000000000036,-0.008000000000000007,-0.09700000000000003,-0.016000000000000014,-0.03200000000000003,falling,summer,2025,,0.0,,0.0,,0.0,False
2025-08-12 12:00:00+00:00,0.755,0.176,-0.0020000000000000018,-0.03700000000000003,-0.0040000000000000036,-0.08700000000000002,-0.008000000000000007,-0.016000000000000014,approximately_flat,summer,2025,,0.0,,0.0,,0.0,False
2025-08-12 13:00:00+00:00,0.755,0.176,-0.0010000000000000009,-0.03400000000000003,-0.0020000000000000018,-0.08000000000000002,-0.0040000000000000036,-0.008000000000000007,approximately_flat,summer,2025,,0.0,,0.0,,0.0,False
2025-08-14 23:00:00+00:00,0.776,0.224,-0.0030000000000000027,-0.029000000000000026,-0.007000000000000006,-0.07399999999999998,-0.01200000000000001,-0.028000000000000025,falling,summer,2025,,0.0,,0.0,,0.0,False
2025-08-15 00:00:00+00:00,0.774,0.219,-0.006000000000000005,-0.02950000000000008,-0.014000000000000012,-0.07499999999999998,-0.02400000000000002,-0.05600000000000005,falling,summer,2025,,0.0,,0.0,,0.0,False
2025-08-15 01:00:00+00:00,0.771,0.212,-0.008000000000000007,-0.029000000000000026,-0.019000000000000017,-0.07199999999999998,-0.03200000000000003,-0.07600000000000007,falling,summer,2025,,0.0,,0.0,,0.0,False
2025-08-15 02:00:00+00:00,0.7695000000000001,0.2085,-0.009499999999999953,-0.026999999999999913,-0.02250000000000002,-0.06650000000000003,-0.03799999999999981,-0.09000000000000008,falling,summer,2025,,0.0,,0.0,,0.0,False
2025-08-15 03:00:00+00:00,0.7685,0.206,-0.010500000000000065,-0.025500000000000078,-0.025000000000000022,-0.06300000000000003,-0.04200000000000026,-0.10000000000000009,falling,summer,2025,,0.0,,0.0,,0.0,False
2025-08-15 04:00:00+00:00,0.768,0.205,-0.010000000000000009,-0.02300000000000002,-0.02300000000000002,-0.05600000000000002,-0.040000000000000036,-0.09200000000000008,falling,summer,2025,,0.0,,0.0,,0.0,False
2025-08-15 05:00:00+00:00,0.767,0.203,-0.009000000000000008,-0.02200000000000002,-0.02099999999999999,-0.05299999999999999,-0.03600000000000003,-0.08399999999999996,falling,summer,2025,,0.0,,0.0,,0.0,False
2025-08-15 06:00:00+00:00,0.767,0.203,-0.007000000000000006,-0.020000000000000018,-0.015999999999999986,-0.04799999999999999,-0.028000000000000025,-0.06399999999999995,falling,summer,2025,,0.0,,0.0,,0.0,False
2025-08-15 07:00:00+00:00,0.766,0.2,-0.0050000000000000044,-0.019000000000000017,-0.011999999999999983,-0.045999999999999985,-0.020000000000000018,-0.04799999999999993,falling,summer,2025,,0.0,,0.0,,0.0,False
2025-08-15 08:00:00+00:00,0.766,0.2,-0.0035000000000000586,-0.018000000000000016,-0.00849999999999998,-0.04299999999999998,-0.014000000000000234,-0.03399999999999992,falling,summer,2025,,0.0,,0.0,,0.0,False
2025-08-15 09:00:00+00:00,0.765,0.198,-0.0034999999999999476,-0.017000000000000015,-0.00799999999999998,-0.03999999999999998,-0.01399999999999979,-0.03199999999999992,falling,summer,2025,,0.0,,0.0,,0.0,False
2025-08-15 10:00:00+00:00,0.765,0.198,-0.0030000000000000027,-0.016000000000000014,-0.0069999999999999785,-0.03799999999999998,-0.01200000000000001,-0.027999999999999914,falling,summer,2025,,0.0,,0.0,,0.0,False
2025-08-15 11:00:00+00:00,0.764,0.196,-0.0030000000000000027,-0.016000000000000014,-0.007000000000000006,-0.037000000000000005,-0.01200000000000001,-0.028000000000000025,falling,summer,2025,,0.0,,0.0,,0.0,False
2025-08-15 12:00:00+00:00,0.764,0.196,-0.0030000000000000027,-0.015000000000000013,-0.007000000000000006,-0.035,-0.01200000000000001,-0.028000000000000025,falling,summer,2025,,0.0,,0.0,,0.0,False
2025-08-15 13:00:00+00:00,0.7635000000000001,0.195,-0.0024999999999999467,-0.015499999999999958,-0.0050000000000000044,-0.036000000000000004,-0.009999999999999787,-0.020000000000000018,approximately_flat,summer,2025,,0.0,,0.0,,0.0,False
2025-08-15 14:00:00+00:00,0.763,0.194,-0.0030000000000000027,-0.016000000000000014,-0.006000000000000005,-0.037000000000000005,-0.01200000000000001,-0.02400000000000002,falling,summer,2025,,0.0,,0.0,,0.0,False
2025-08-15 15:00:00+00:00,0.763,0.194,-0.0020000000000000018,-0.016000000000000014,-0.0040000000000000036,-0.037000000000000005,-0.008000000000000007,-0.016000000000000014,approximately_flat,summer,2025,,0.0,,0.0,,0.0,False
2025-08-15 16:00:00+00:00,0.7625,0.1925,-0.0025000000000000577,-0.01650000000000007,-0.005500000000000005,-0.038500000000000006,-0.010000000000000231,-0.02200000000000002,approximately_flat,summer,2025,,0.0,,0.0,,0.0,False
2025-08-15 17:00:00+00:00,0.762,0.191,-0.0020000000000000018,-0.017000000000000015,-0.0050000000000000044,-0.04000000000000001,-0.008000000000000007,-0.020000000000000018,approximately_flat,summer,2025,,0.0,,0.0,,0.0,False
2025-08-15 18:00:00+00:00,0.762,0.191,-0.0020000000000000018,-0.018000000000000016,-0.0050000000000000044,-0.04200000000000001,-0.008000000000000007,-0.020000000000000018,approximately_flat,summer,2025,,0.0,,0.0,,0.0,False
2025-08-15 19:00:00+00:00,0.761,0.189,-0.0025000000000000577,-0.018000000000000016,-0.006000000000000005,-0.04200000000000001,-0.010000000000000231,-0.02400000000000002,approximately_flat,summer,2025,,0.0,,0.0,,0.0,False
2025-08-15 20:00:00+00:00,0.761,0.189,-0.0020000000000000018,-0.018000000000000016,-0.0050000000000000044,-0.04200000000000001,-0.008000000000000007,-0.020000000000000018,approximately_flat,summer,2025,,0.0,,0.0,,0.0,False
2025-08-18 10:00:00+00:00,0.795,0.271,-0.0050000000000000044,-0.03749999999999998,-0.013999999999999957,-0.10649999999999998,-0.020000000000000018,-0.05599999999999983,falling,summer,2025,,0.0,,0.0,,0.0,False
2025-08-18 11:00:00+00:00,0.796,0.274,-0.0035000000000000586,-0.03299999999999992,-0.009499999999999953,-0.09299999999999997,-0.014000000000000234,-0.03799999999999981,falling,summer,2025,,0.0,,0.0,,0.0,False
2025-08-18 12:00:00+00:00,0.798,0.279,-0.0020000000000000018,-0.02849999999999997,-0.00599999999999995,-0.08049999999999996,-0.008000000000000007,-0.0239999999999998,approximately_flat,summer,2025,,0.0,,0.0,,0.0,False
2025-08-23 01:00:00+00:00,0.822,0.347,-0.0040000000000000036,-0.02300000000000002,-0.01200000000000001,-0.07,-0.016000000000000014,-0.04800000000000004,falling,summer,2025,,0.0,,0.0,,0.0,False
2025-08-23 02:00:00+00:00,0.821,0.344,-0.0050000000000000044,-0.02300000000000002,-0.015000000000000013,-0.07,-0.020000000000000018,-0.06000000000000005,falling,summer,2025,,0.0,,0.0,,0.0,False
2025-08-23 03:00:00+00:00,0.82,0.341,-0.006000000000000005,-0.02200000000000002,-0.01799999999999996,-0.06699999999999995,-0.02400000000000002,-0.07199999999999984,falling,summer,2025,,0.0,,0.0,,0.0,False
2025-08-23 04:00:00+00:00,0.818,0.335,-0.008000000000000007,-0.022500000000000075,-0.023999999999999966,-0.068,-0.03200000000000003,-0.09599999999999986,falling,summer,2025,,0.0,,0.0,,0.0,False
2025-08-23 05:00:00+00:00,0.817,0.332,-0.008000000000000007,-0.020000000000000018,-0.023999999999999966,-0.06,-0.03200000000000003,-0.09599999999999986,falling,summer,2025,,0.0,,0.0,,0.0,False
2025-08-23 06:00:00+00:00,0.816,0.329,-0.008000000000000007,-0.018500000000000072,-0.023999999999999966,-0.055499999999999994,-0.03200000000000003,-0.09599999999999986,falling,summer,2025,,0.0,,0.0,,0.0,False
2025-08-23 07:00:00+00:00,0.816,0.329,-0.006000000000000005,-0.01650000000000007,-0.01799999999999996,-0.04949999999999999,-0.02400000000000002,-0.07199999999999984,falling,summer,2025,,0.0,,0.0,,0.0,False
2025-08-23 08:00:00+00:00,0.815,0.326,-0.006000000000000005,-0.017000000000000015,-0.01799999999999996,-0.05099999999999999,-0.02400000000000002,-0.07199999999999984,falling,summer,2025,,0.0,,0.0,,0.0,False
2025-08-23 09:00:00+00:00,0.815,0.326,-0.0050000000000000044,-0.016000000000000014,-0.015000000000000013,-0.04799999999999999,-0.020000000000000018,-0.06000000000000005,falling,summer,2025,,0.0,,0.0,,0.0,False
2025-08-23 10:00:00+00:00,0.814,0.324,-0.0040000000000000036,-0.016000000000000014,-0.01100000000000001,-0.046999999999999986,-0.016000000000000014,-0.04400000000000004,falling,summer,2025,,0.0,,0.0,,0.0,False
2025-08-23 11:00:00+00:00,0.814,0.324,-0.0030000000000000027,-0.015000000000000013,-0.008000000000000007,-0.043999999999999984,-0.01200000000000001,-0.03200000000000003,falling,summer,2025,,0.0,,0.0,,0.0,False
2025-08-23 12:00:00+00:00,0.813,0.321,-0.0030000000000000027,-0.015000000000000013,-0.008000000000000007,-0.043999999999999984,-0.01200000000000001,-0.03200000000000003,falling,summer,2025,,0.0,,0.0,,0.0,False
2025-08-23 13:00:00+00:00,0.813,0.321,-0.0030000000000000027,-0.015000000000000013,-0.008000000000000007,-0.043999999999999984,-0.01200000000000001,-0.03200000000000003,falling,summer,2025,,0.0,,0.0,,0.0,False
2025-08-23 14:00:00+00:00,0.813,0.321,-0.0020000000000000018,-0.015000000000000013,-0.0050000000000000044,-0.043999999999999984,-0.008000000000000007,-0.020000000000000018,approximately_flat,summer,2025,,0.0,,0.0,,0.0,False
2025-08-23 15:00:00+00:00,0.8134999999999999,0.3225,-0.0015000000000000568,-0.014500000000000068,-0.003500000000000003,-0.04249999999999998,-0.006000000000000227,-0.014000000000000012,approximately_flat,summer,2025,,0.0,,0.0,,0.0,False
2025-09-14 21:00:00+00:00,0.733,0.133,-0.0030000000000000027,-0.016000000000000014,-0.006000000000000005,-0.032,-0.01200000000000001,-0.02400000000000002,falling,fall,2025,,0.0,,0.0,,0.0,False
2025-09-14 22:00:00+00:00,0.733,0.133,-0.0020000000000000018,-0.015000000000000013,-0.0040000000000000036,-0.03,-0.008000000000000007,-0.016000000000000014,approximately_flat,fall,2025,,0.0,,0.0,,0.0,False
2025-09-14 23:00:00+00:00,0.732,0.131,-0.0020000000000000018,-0.015000000000000013,-0.0040000000000000036,-0.03,-0.008000000000000007,-0.016000000000000014,approximately_flat,fall,2025,,0.0,,0.0,,0.0,False
2025-09-15 00:00:00+00:00,0.732,0.131,-0.0010000000000000009,-0.01200000000000001,-0.0020000000000000018,-0.023999999999999994,-0.0040000000000000036,-0.008000000000000007,approximately_flat,fall,2025,,0.0,,0.0,,0.0,False
2025-09-21 21:00:00+00:00,0.715,0.102,-0.007000000000000006,-0.010000000000000009,-0.01100000000000001,-0.017,-0.028000000000000025,-0.04400000000000004,falling,fall,2025,,0.0,,0.0,,0.0,False
2025-09-21 22:00:00+00:00,0.715,0.102,-0.006500000000000061,-0.010000000000000009,-0.01050000000000001,-0.017,-0.026000000000000245,-0.04200000000000004,falling,fall,2025,,0.0,,0.0,,0.0,False
2025-09-21 23:00:00+00:00,0.716,0.103,-0.0015000000000000568,-0.010000000000000009,-0.0030000000000000027,-0.017,-0.006000000000000227,-0.01200000000000001,approximately_flat,fall,2025,,0.0,,0.0,,0.0,False
2025-09-24 00:00:00+00:00,0.712,0.097,-0.0040000000000000036,-0.025000000000000022,-0.0059999999999999915,-0.043999999999999984,-0.016000000000000014,-0.023999999999999966,falling,fall,2025,,0.0,,0.0,,0.0,False
2025-09-24 01:00:00+00:00,0.711,0.095,-0.0030000000000000027,-0.02300000000000002,-0.0050000000000000044,-0.04000000000000001,-0.01200000000000001,-0.020000000000000018,falling,fall,2025,,0.0,,0.0,,0.0,False
2025-09-24 02:00:00+00:00,0.712,0.097,-0.0020000000000000018,-0.018000000000000016,-0.0030000000000000027,-0.031,-0.008000000000000007,-0.01200000000000001,approximately_flat,fall,2025,,0.0,,0.0,,0.0,False
2025-09-24 03:00:00+00:00,0.711,0.095,-0.0020000000000000018,-0.016000000000000014,-0.0030000000000000027,-0.026999999999999996,-0.008000000000000007,-0.01200000000000001,approximately_flat,fall,2025,,0.0,,0.0,,0.0,False
2025-09-24 04:00:00+00:00,0.71,0.093,-0.0040000000000000036,-0.016000000000000014,-0.007000000000000006,-0.026999999999999996,-0.016000000000000014,-0.028000000000000025,falling,fall,2025,,0.0,,0.0,,0.0,False
2025-09-24 05:00:00+00:00,0.711,0.095,-0.0030000000000000027,-0.015499999999999958,-0.0050000000000000044,-0.025999999999999995,-0.01200000000000001,-0.020000000000000018,falling,fall,2025,,0.0,,0.0,,0.0,False
2025-09-26 04:00:00+00:00,0.708,0.09,-0.009000000000000008,-0.01100000000000001,-0.015,-0.018000000000000002,-0.03600000000000003,-0.06,falling,fall,2025,,0.0,,0.0,,0.0,False
2025-09-26 05:00:00+00:00,0.709,0.092,-0.007000000000000006,-0.010000000000000009,-0.010999999999999996,-0.016,-0.028000000000000025,-0.043999999999999984,falling,fall,2025,,0.0,,0.0,,0.0,False
2025-09-28 00:00:00+00:00,0.715,0.102,-0.0050000000000000044,-0.017000000000000015,-0.008000000000000007,-0.029000000000000012,-0.020000000000000018,-0.03200000000000003,falling,fall,2025,,0.0,,0.0,,0.0,False
2025-09-28 01:00:00+00:00,0.715,0.102,-0.0030000000000000027,-0.01200000000000001,-0.0050000000000000044,-0.020000000000000004,-0.01200000000000001,-0.020000000000000018,falling,fall,2025,,0.0,,0.0,,0.0,False
2025-09-28 02:00:00+00:00,0.715,0.102,-0.0040000000000000036,-0.010000000000000009,-0.006000000000000005,-0.017,-0.016000000000000014,-0.02400000000000002,falling,fall,2025,,0.0,,0.0,,0.0,False
2025-09-28 03:00:00+00:00,0.7124999999999999,0.0975,-0.007500000000000062,-0.011500000000000066,-0.012499999999999997,-0.019500000000000003,-0.03000000000000025,-0.04999999999999999,falling,fall,2025,,0.0,,0.0,,0.0,False
2025-09-28 04:00:00+00:00,0.708,0.09,-0.01200000000000001,-0.015000000000000013,-0.020000000000000004,-0.02500000000000001,-0.04800000000000004,-0.08000000000000002,falling,fall,2025,,0.0,,0.0,,0.0,False
2025-09-28 05:00:00+00:00,0.706,0.087,-0.01200000000000001,-0.016000000000000014,-0.020000000000000004,-0.02600000000000001,-0.04800000000000004,-0.08000000000000002,falling,fall,2025,,0.0,,0.0,,0.0,False
2025-09-28 06:00:00+00:00,0.708,0.09,-0.007000000000000006,-0.014000000000000012,-0.011999999999999997,-0.023000000000000007,-0.028000000000000025,-0.04799999999999999,falling,fall,2025,,0.0,,0.0,,0.0,False
2025-09-28 07:00:00+00:00,0.711,0.095,-0.0040000000000000036,-0.010000000000000009,-0.006999999999999992,-0.017,-0.016000000000000014,-0.02799999999999997,falling,fall,2025,,0.0,,0.0,,0.0,False
2025-09-29 20:00:00+00:00,0.704,0.084,-0.0030000000000000027,-0.010000000000000009,-0.0049999999999999906,-0.016,-0.01200000000000001,-0.019999999999999962,falling,fall,2025,,0.0,,0.0,,0.0,False
2025-10-12 19:00:00+00:00,0.6895,0.0635,-0.012499999999999956,-0.023499999999999965,-0.0175,-0.0345,-0.04999999999999982,-0.07,falling,fall,2025,,0.0,,0.0,,0.0,False
2025-10-12 20:00:00+00:00,0.688,0.062,-0.01200000000000001,-0.025000000000000022,-0.016,-0.036000000000000004,-0.04800000000000004,-0.064,falling,fall,2025,,0.0,,0.0,,0.0,False
2025-10-12 21:00:00+00:00,0.687,0.06,-0.012499999999999956,-0.025999999999999912,-0.0175,-0.038000000000000006,-0.04999999999999982,-0.07,falling,fall,2025,,0.0,,0.0,,0.0,False
2025-10-12 22:00:00+00:00,0.687,0.06,-0.009999999999999898,-0.027999999999999914,-0.013999999999999999,-0.041999999999999996,-0.03999999999999959,-0.055999999999999994,falling,fall,2025,,0.0,,0.0,,0.0,False
2025-10-12 23:00:00+00:00,0.688,0.062,-0.00550000000000006,-0.026499999999999968,-0.007000000000000006,-0.03900000000000001,-0.02200000000000024,-0.028000000000000025,falling,fall,2025,,0.0,,0.0,,0.0,False
2025-10-13 00:00:00+00:00,0.687,0.06,-0.0039999999999998925,-0.023499999999999854,-0.006000000000000005,-0.034,-0.01599999999999957,-0.02400000000000002,falling,fall,2025,,0.0,,0.0,,0.0,False
2025-10-13 01:00:00+00:00,0.688,0.062,-0.0015000000000000568,-0.020000000000000018,-0.0015000000000000013,-0.027999999999999997,-0.006000000000000227,-0.006000000000000005,approximately_flat,fall,2025,,0.0,,0.0,,0.0,False
2025-10-15 11:00:00+00:00,0.695,0.071,-0.0010000000000000009,-0.01200000000000001,-0.0020000000000000018,-0.018000000000000002,-0.0040000000000000036,-0.008000000000000007,approximately_flat,fall,2025,,0.0,,0.0,,0.0,False
2025-10-15 12:00:00+00:00,0.695,0.071,-0.0020000000000000018,-0.01100000000000001,-0.0030000000000000027,-0.016,-0.008000000000000007,-0.01200000000000001,approximately_flat,fall,2025,,0.0,,0.0,,0.0,False
2025-10-19 21:00:00+00:00,0.699,0.077,-0.0020000000000000018,-0.02300000000000002,-0.0030000000000000027,-0.036000000000000004,-0.008000000000000007,-0.01200000000000001,approximately_flat,fall,2025,,0.0,,0.0,,0.0,False
2025-10-19 22:00:00+00:00,0.6984999999999999,0.076,-0.0045000000000000595,-0.020500000000000074,-0.007000000000000006,-0.032,-0.018000000000000238,-0.028000000000000025,falling,fall,2025,,0.0,,0.0,,0.0,False
2025-10-19 23:00:00+00:00,0.701,0.08,-0.0010000000000000009,-0.014500000000000068,-0.0010000000000000009,-0.022499999999999992,-0.0040000000000000036,-0.0040000000000000036,approximately_flat,fall,2025,,0.0,,0.0,,0.0,False
2025-10-20 00:00:00+00:00,0.699,0.077,-0.0034999999999999476,-0.014000000000000012,-0.0050000000000000044,-0.021000000000000005,-0.01399999999999979,-0.020000000000000018,falling,fall,2025,,0.0,,0.0,,0.0,False
2025-10-20 01:00:00+00:00,0.7004999999999999,0.079,-0.0015000000000000568,-0.010500000000000065,-0.0020000000000000018,-0.016,-0.006000000000000227,-0.008000000000000007,approximately_flat,fall,2025,,0.0,,0.0,,0.0,False
2025-10-21 12:00:00+00:00,0.701,0.08,-0.010000000000000009,-0.02200000000000002,-0.015,-0.035,-0.040000000000000036,-0.06,falling,fall,2025,,0.0,,0.0,,0.0,False
2025-10-21 13:00:00+00:00,0.7,0.078,-0.009000000000000008,-0.020000000000000018,-0.013999999999999999,-0.032,-0.03600000000000003,-0.055999999999999994,falling,fall,2025,,0.0,,0.0,,0.0,False
2025-10-21 14:00:00+00:00,0.7,0.078,-0.007000000000000006,-0.019000000000000017,-0.010999999999999996,-0.03,-0.028000000000000025,-0.043999999999999984,falling,fall,2025,,0.0,,0.0,,0.0,False
2025-10-21 15:00:00+00:00,0.6995,0.0775,-0.00649999999999995,-0.01849999999999996,-0.009499999999999995,-0.0295,-0.0259999999999998,-0.03799999999999998,falling,fall,2025,,0.0,,0.0,,0.0,False
2025-10-21 16:00:00+00:00,0.7,0.078,-0.0030000000000000027,-0.015000000000000013,-0.0050000000000000044,-0.023999999999999994,-0.01200000000000001,-0.020000000000000018,falling,fall,2025,,0.0,,0.0,,0.0,False
2025-10-29 04:00:00+00:00,0.725,0.119,-0.020000000000000018,-0.06500000000000006,-0.038000000000000006,-0.14100000000000001,-0.08000000000000007,-0.15200000000000002,falling,fall,2025,,0.0,,0.0,,0.0,False
2025-10-29 05:00:00+00:00,0.725,0.119,-0.016000000000000014,-0.06300000000000006,-0.03,-0.136,-0.06400000000000006,-0.12,falling,fall,2025,,0.0,,0.0,,0.0,False
2025-10-29 06:00:00+00:00,0.7244999999999999,0.118,-0.013500000000000068,-0.05950000000000011,-0.024999999999999994,-0.127,-0.05400000000000027,-0.09999999999999998,falling,fall,2025,,0.0,,0.0,,0.0,False
2025-10-29 07:00:00+00:00,0.723,0.115,-0.01200000000000001,-0.06000000000000005,-0.022000000000000006,-0.127,-0.04800000000000004,-0.08800000000000002,falling,fall,2025,,0.0,,0.0,,0.0,False
2025-10-29 08:00:00+00:00,0.7195,0.109,-0.01200000000000001,-0.06000000000000005,-0.021500000000000005,-0.12499999999999999,-0.04800000000000004,-0.08600000000000002,falling,fall,2025,,0.0,,0.0,,0.0,False
2025-10-29 09:00:00+00:00,0.718,0.107,-0.009000000000000008,-0.05900000000000005,-0.015,-0.12100000000000001,-0.03600000000000003,-0.06,falling,fall,2025,,0.0,,0.0,,0.0,False
2025-10-29 10:00:00+00:00,0.717,0.105,-0.008000000000000007,-0.05400000000000005,-0.013999999999999999,-0.108,-0.03200000000000003,-0.055999999999999994,falling,fall,2025,,0.0,,0.0,,0.0,False
2025-10-29 11:00:00+00:00,0.715,0.102,-0.010000000000000009,-0.05400000000000005,-0.017,-0.107,-0.040000000000000036,-0.068,falling,fall,2025,,0.0,,0.0,,0.0,False
2025-10-29 12:00:00+00:00,0.716,0.103,-0.008499999999999952,-0.05400000000000005,-0.015,-0.108,-0.03399999999999981,-0.06,falling,fall,2025,,0.0,,0.0,,0.0,False
2025-10-29 13:00:00+00:00,0.715,0.102,-0.008000000000000007,-0.0525000000000001,-0.013000000000000012,-0.103,-0.03200000000000003,-0.052000000000000046,falling,fall,2025,,0.0,,0.0,,0.0,False
2025-10-29 14:00:00+00:00,0.716,0.103,-0.0035000000000000586,-0.04400000000000004,-0.006000000000000005,-0.085,-0.014000000000000234,-0.02400000000000002,falling,fall,2025,,0.0,,0.0,,0.0,False
2025-10-29 15:00:00+00:00,0.715,0.102,-0.0030000000000000027,-0.04400000000000004,-0.0050000000000000044,-0.084,-0.01200000000000001,-0.020000000000000018,falling,fall,2025,,0.0,,0.0,,0.0,False
2025-10-29 16:00:00+00:00,0.716,0.103,-0.0010000000000000009,-0.041000000000000036,-0.0020000000000000018,-0.079,-0.0040000000000000036,-0.008000000000000007,approximately_flat,fall,2025,,0.0,,0.0,,0.0,False
2025-10-29 20:00:00+00:00,0.715,0.102,-0.0010000000000000009,-0.03850000000000009,-0.0010000000000000009,-0.072,-0.0040000000000000036,-0.0040000000000000036,approximately_flat,fall,2025,,0.0,,0.0,,0.0,False
2025-10-29 22:00:00+00:00,0.713,0.098,-0.0030000000000000027,-0.03200000000000003,-0.0049999999999999906,-0.059,-0.01200000000000001,-0.019999999999999962,falling,fall,2025,,0.0,,0.0,,0.0,False
2025-10-29 23:00:00+00:00,0.712,0.097,-0.0040000000000000036,-0.029000000000000026,-0.0059999999999999915,-0.05199999999999999,-0.016000000000000014,-0.023999999999999966,falling,fall,2025,,0.0,,0.0,,0.0,False
2025-10-30 00:00:00+00:00,0.712,0.097,-0.0050000000000000044,-0.026000000000000023,-0.007999999999999993,-0.045999999999999985,-0.020000000000000018,-0.03199999999999997,falling,fall,2025,,0.0,,0.0,,0.0,False
2025-10-30 01:00:00+00:00,0.711,0.095,-0.0050000000000000044,-0.02400000000000002,-0.007999999999999993,-0.04200000000000001,-0.020000000000000018,-0.03199999999999997,falling,fall,2025,,0.0,,0.0,,0.0,False
2025-10-30 02:00:00+00:00,0.712,0.097,-0.0030000000000000027,-0.019500000000000073,-0.0049999999999999906,-0.0335,-0.01200000000000001,-0.019999999999999962,falling,fall,2025,,0.0,,0.0,,0.0,False
2025-10-30 03:00:00+00:00,0.713,0.098,-0.0030000000000000027,-0.014000000000000012,-0.0049999999999999906,-0.023999999999999994,-0.01200000000000001,-0.019999999999999962,falling,fall,2025,,0.0,,0.0,,0.0,False
2025-10-30 04:00:00+00:00,0.712,0.097,-0.0010000000000000009,-0.013000000000000012,-0.0010000000000000009,-0.021999999999999992,-0.0040000000000000036,-0.0040000000000000036,approximately_flat,fall,2025,,0.0,,0.0,,0.0,False
2025-10-30 05:00:00+00:00,0.708,0.09,-0.0040000000000000036,-0.017000000000000015,-0.007000000000000006,-0.028999999999999998,-0.016000000000000014,-0.028000000000000025,falling,fall,2025,,0.0,,0.0,,0.0,False
2025-10-30 06:00:00+00:00,0.705,0.086,-0.007000000000000006,-0.019499999999999962,-0.01100000000000001,-0.032,-0.028000000000000025,-0.04400000000000004,falling,fall,2025,,0.0,,0.0,,0.0,False
2025-10-30 07:00:00+00:00,0.708,0.09,-0.0030000000000000027,-0.015000000000000013,-0.0050000000000000044,-0.02500000000000001,-0.01200000000000001,-0.020000000000000018,falling,fall,2025,,0.0,,0.0,,0.0,False
2025-10-30 08:00:00+00:00,0.708,0.09,-0.0040000000000000036,-0.011500000000000066,-0.007000000000000006,-0.019000000000000003,-0.016000000000000014,-0.028000000000000025,falling,fall,2025,,0.0,,0.0,,0.0,False
2025-10-30 10:00:00+00:00,0.707,0.089,-0.0050000000000000044,-0.010000000000000009,-0.008000000000000007,-0.016,-0.020000000000000018,-0.03200000000000003,falling,fall,2025,,0.0,,0.0,,0.0,False
2025-10-30 14:00:00+00:00,0.705,0.086,-0.0030000000000000027,-0.01100000000000001,-0.0040000000000000036,-0.017,-0.01200000000000001,-0.016000000000000014,falling,fall,2025,,0.0,,0.0,,0.0,False
2025-10-30 15:00:00+00:00,0.705,0.086,-0.0040000000000000036,-0.010000000000000009,-0.006000000000000005,-0.016,-0.016000000000000014,-0.02400000000000002,falling,fall,2025,,0.0,,0.0,,0.0,False
2025-10-30 16:00:00+00:00,0.704,0.084,-0.0030000000000000027,-0.01200000000000001,-0.0049999999999999906,-0.01899999999999999,-0.01200000000000001,-0.019999999999999962,falling,fall,2025,,0.0,,0.0,,0.0,False
2025-10-30 17:00:00+00:00,0.704,0.084,-0.0030000000000000027,-0.01200000000000001,-0.0049999999999999906,-0.01899999999999999,-0.01200000000000001,-0.019999999999999962,falling,fall,2025,,0.0,,0.0,,0.0,False
2025-10-30 18:00:00+00:00,0.703,0.083,-0.0034999999999999476,-0.014000000000000012,-0.0049999999999999906,-0.021999999999999992,-0.01399999999999979,-0.019999999999999962,falling,fall,2025,,0.0,,0.0,,0.0,False
2025-10-30 19:00:00+00:00,0.703,0.083,-0.0030000000000000027,-0.013000000000000012,-0.00399999999999999,-0.01999999999999999,-0.01200000000000001,-0.01599999999999996,falling,fall,2025,,0.0,,0.0,,0.0,False
2025-10-30 20:00:00+00:00,0.703,0.083,-0.0020000000000000018,-0.01200000000000001,-0.002999999999999989,-0.01899999999999999,-0.008000000000000007,-0.011999999999999955,approximately_flat,fall,2025,,0.0,,0.0,,0.0,False
2025-10-30 21:00:00+00:00,0.702,0.081,-0.0030000000000000027,-0.014000000000000012,-0.0049999999999999906,-0.021999999999999992,-0.01200000000000001,-0.019999999999999962,falling,fall,2025,,0.0,,0.0,,0.0,False
2025-10-30 22:00:00+00:00,0.701,0.08,-0.0030000000000000027,-0.01200000000000001,-0.0040000000000000036,-0.018000000000000002,-0.01200000000000001,-0.016000000000000014,falling,fall,2025,,0.0,,0.0,,0.0,False
2025-10-30 23:00:00+00:00,0.7,0.078,-0.0040000000000000036,-0.01200000000000001,-0.006000000000000005,-0.019000000000000003,-0.016000000000000014,-0.02400000000000002,falling,fall,2025,,0.0,,0.0,,0.0,False
2025-10-31 00:00:00+00:00,0.7,0.078,-0.0030000000000000027,-0.01200000000000001,-0.0050000000000000044,-0.019000000000000003,-0.01200000000000001,-0.020000000000000018,falling,fall,2025,,0.0,,0.0,,0.0,False
2025-10-31 01:00:00+00:00,0.699,0.077,-0.0040000000000000036,-0.01200000000000001,-0.006000000000000005,-0.018000000000000002,-0.016000000000000014,-0.02400000000000002,falling,fall,2025,,0.0,,0.0,,0.0,False
2025-10-31 02:00:00+00:00,0.7,0.078,-0.0030000000000000027,-0.01200000000000001,-0.0050000000000000044,-0.019000000000000003,-0.01200000000000001,-0.020000000000000018,falling,fall,2025,,0.0,,0.0,,0.0,False
2025-10-31 03:00:00+00:00,0.7,0.078,-0.0020000000000000018,-0.013000000000000012,-0.0030000000000000027,-0.020000000000000004,-0.008000000000000007,-0.01200000000000001,approximately_flat,fall,2025,,0.0,,0.0,,0.0,False
2025-10-31 04:00:00+00:00,0.7,0.078,-0.0010000000000000009,-0.01200000000000001,-0.0020000000000000018,-0.019000000000000003,-0.0040000000000000036,-0.008000000000000007,approximately_flat,fall,2025,,0.0,,0.0,,0.0,False
2025-10-31 09:00:00+00:00,0.699,0.077,-0.0010000000000000009,-0.010000000000000009,-0.0010000000000000009,-0.015,-0.0040000000000000036,-0.0040000000000000036,approximately_flat,fall,2025,,0.0,,0.0,,0.0,False
2026-03-21 06:00:00+00:00,0.9115,1.15,-0.024500000000000077,-0.17199999999999993,-0.040000000000000036,-0.020000000000000018,-0.09800000000000031,-0.16000000000000014,falling,spring,2026,,0.0,,0.0,,0.0,False
2026-03-21 07:00:00+00:00,0.91,1.14,-0.022500000000000075,-0.15400000000000003,-0.040000000000000036,-0.030000000000000027,-0.0900000000000003,-0.16000000000000014,falling,spring,2026,,0.0,,0.0,,0.0,False
2026-03-21 08:00:00+00:00,0.908,1.13,-0.019499999999999962,-0.13649999999999995,-0.050000000000000044,-0.040000000000000036,-0.07799999999999985,-0.20000000000000018,falling,spring,2026,,0.0,,0.0,,0.0,False
2026-03-21 09:00:00+00:00,0.907,1.12,-0.015000000000000013,-0.11949999999999994,-0.04999999999999982,-0.05999999999999983,-0.06000000000000005,-0.1999999999999993,falling,spring,2026,,0.0,,0.0,,0.0,False
2026-03-21 10:00:00+00:00,0.906,1.12,-0.01200000000000001,-0.10449999999999993,-0.04999999999999982,-0.05999999999999983,-0.04800000000000004,-0.1999999999999993,falling,spring,2026,,0.0,,0.0,,0.0,False
2026-03-21 11:00:00+00:00,0.906,1.11,-0.008500000000000063,-0.08950000000000002,-0.04999999999999982,-0.06999999999999984,-0.03400000000000025,-0.1999999999999993,falling,spring,2026,,0.0,,0.0,,0.0,False
2026-03-21 12:00:00+00:00,0.906,1.1,-0.005499999999999949,-0.07750000000000001,-0.04999999999999982,-0.07999999999999985,-0.021999999999999797,-0.1999999999999993,falling,spring,2026,,0.0,,0.0,,0.0,False
2026-03-21 13:00:00+00:00,0.906,1.1,-0.0040000000000000036,-0.06649999999999989,-0.039999999999999813,-0.08999999999999986,-0.016000000000000014,-0.15999999999999925,falling,spring,2026,,0.0,,0.0,,0.0,False
2026-03-21 14:00:00+00:00,0.907,1.1,-0.0010000000000000009,-0.05549999999999988,-0.029999999999999805,-0.08999999999999986,-0.0040000000000000036,-0.11999999999999922,approximately_flat,spring,2026,,0.0,,0.0,,0.0,False
2026-04-06 02:00:00+00:00,1.143,3.03,-0.0020000000000000018,-0.02849999999999997,0.009999999999999787,0.009999999999999787,-0.008000000000000007,0.03999999999999915,approximately_flat,spring,2026,,0.0,,0.0,,0.0,False
2026-04-06 03:00:00+00:00,1.143,3.03,-0.0020000000000000018,-0.02299999999999991,0.009999999999999787,0.009999999999999787,-0.008000000000000007,0.03999999999999915,approximately_flat,spring,2026,,0.0,,0.0,,0.0,False
2026-04-06 04:00:00+00:00,1.143,3.03,-0.0020000000000000018,-0.018000000000000016,0.009999999999999787,0.009999999999999787,-0.008000000000000007,0.03999999999999915,approximately_flat,spring,2026,,0.0,,0.0,,0.0,False
2026-04-06 05:00:00+00:00,1.142,3.04,-0.0020000000000000018,-0.016000000000000014,0.020000000000000018,0.020000000000000018,-0.008000000000000007,0.08000000000000007,approximately_flat,spring,2026,,0.0,,0.0,,0.0,False
2026-04-06 06:00:00+00:00,1.142,3.04,-0.0020000000000000018,-0.013000000000000123,0.010000000000000231,0.020000000000000018,-0.008000000000000007,0.040000000000000924,approximately_flat,spring,2026,,0.0,,0.0,,0.0,False
2026-04-06 07:00:00+00:00,1.142,3.04,-0.0020000000000000018,-0.01100000000000012,0.010000000000000231,0.020000000000000018,-0.008000000000000007,0.040000000000000924,approximately_flat,spring,2026,,0.0,,0.0,,0.0,False
2026-04-26 11:00:00+00:00,1.836,13.2,-0.0024999999999999467,-0.010499999999999954,-0.05000000000000071,-0.3000000000000007,-0.009999999999999787,-0.20000000000000284,approximately_flat,spring,2026,,0.0,,0.0,,0.0,False
2026-04-26 12:00:00+00:00,1.8345,13.149999999999999,-0.0035000000000000586,-0.010499999999999954,-0.05000000000000071,-0.2500000000000018,-0.014000000000000234,-0.20000000000000284,falling,spring,2026,,0.0,,0.0,,0.0,False
2026-04-26 19:00:00+00:00,1.831,13.1,-0.0030000000000001137,-0.010000000000000009,0.0,-0.20000000000000107,-0.012000000000000455,0.0,falling,spring,2026,,0.0,,0.0,,0.0,False
2026-04-26 20:00:00+00:00,1.83,13.0,-0.004999999999999893,-0.010999999999999899,-0.14999999999999858,-0.3000000000000007,-0.019999999999999574,-0.5999999999999943,falling,spring,2026,,0.0,,0.0,,0.0,False
2026-04-26 21:00:00+00:00,1.8295,13.0,-0.0045000000000001705,-0.011500000000000066,-0.09999999999999964,-0.3000000000000007,-0.018000000000000682,-0.3999999999999986,falling,spring,2026,,0.0,,0.0,,0.0,False
2026-04-26 22:00:00+00:00,1.83,13.0,-0.0040000000000000036,-0.010999999999999899,-0.09999999999999964,-0.3000000000000007,-0.016000000000000014,-0.3999999999999986,falling,spring,2026,,0.0,,0.0,,0.0,False
2026-04-27 03:00:00+00:00,1.826,12.9,-0.0034999999999998366,-0.01200000000000001,-0.09999999999999964,-0.40000000000000036,-0.013999999999999346,-0.3999999999999986,falling,spring,2026,,0.0,,0.0,,0.0,False
2026-04-27 04:00:00+00:00,1.8255,12.9,-0.0045000000000001705,-0.013500000000000068,-0.09999999999999964,-0.40000000000000036,-0.018000000000000682,-0.3999999999999986,falling,spring,2026,,0.0,,0.0,,0.0,False
2026-04-27 05:00:00+00:00,1.824,12.9,-0.006000000000000005,-0.014499999999999957,-0.09999999999999964,-0.34999999999999964,-0.02400000000000002,-0.3999999999999986,falling,spring,2026,,0.0,,0.0,,0.0,False
2026-04-27 06:00:00+00:00,1.823,12.9,-0.007000000000000117,-0.015000000000000124,-0.09999999999999964,-0.29999999999999893,-0.02800000000000047,-0.3999999999999986,falling,spring,2026,,0.0,,0.0,,0.0,False
2026-04-27 07:00:00+00:00,1.822,12.9,-0.00649999999999995,-0.014999999999999902,-0.09999999999999964,-0.29999999999999893,-0.0259999999999998,-0.3999999999999986,falling,spring,2026,,0.0,,0.0,,0.0,False
2026-04-27 08:00:00+00:00,1.8215,12.850000000000001,-0.006500000000000172,-0.014000000000000234,-0.14999999999999858,-0.34999999999999787,-0.02600000000000069,-0.5999999999999943,falling,spring,2026,,0.0,,0.0,,0.0,False
2026-04-27 09:00:00+00:00,1.821,12.8,-0.0050000000000001155,-0.014000000000000012,-0.09999999999999964,-0.3999999999999986,-0.020000000000000462,-0.3999999999999986,falling,spring,2026,,0.0,,0.0,,0.0,False
2026-04-27 10:00:00+00:00,1.82,12.8,-0.005499999999999838,-0.014999999999999902,-0.09999999999999964,-0.3999999999999986,-0.021999999999999353,-0.3999999999999986,falling,spring,2026,,0.0,,0.0,,0.0,False
2026-04-27 11:00:00+00:00,1.819,12.8,-0.0050000000000001155,-0.017000000000000126,-0.09999999999999964,-0.3999999999999986,-0.020000000000000462,-0.3999999999999986,falling,spring,2026,,0.0,,0.0,,0.0,False
2026-04-27 12:00:00+00:00,1.8175,12.8,-0.00550000000000006,-0.017000000000000126,-0.09999999999999964,-0.34999999999999787,-0.02200000000000024,-0.3999999999999986,falling,spring,2026,,0.0,,0.0,,0.0,False
2026-04-27 13:00:00+00:00,1.817,12.8,-0.0050000000000001155,-0.017000000000000126,-0.09999999999999964,-0.29999999999999893,-0.020000000000000462,-0.3999999999999986,falling,spring,2026,,0.0,,0.0,,0.0,False
2026-04-27 14:00:00+00:00,1.817,12.8,-0.0044999999999999485,-0.018000000000000016,-0.05000000000000071,-0.34999999999999787,-0.017999999999999794,-0.20000000000000284,falling,spring,2026,,0.0,,0.0,,0.0,False
2026-04-27 15:00:00+00:00,1.816,12.7,-0.004999999999999893,-0.018000000000000016,-0.10000000000000142,-0.40000000000000036,-0.019999999999999574,-0.4000000000000057,falling,spring,2026,,0.0,,0.0,,0.0,False
2026-04-27 16:00:00+00:00,1.8155000000000001,12.7,-0.0044999999999999485,-0.01849999999999996,-0.10000000000000142,-0.40000000000000036,-0.017999999999999794,-0.4000000000000057,falling,spring,2026,,0.0,,0.0,,0.0,False
2026-04-27 17:00:00+00:00,1.8145,12.7,-0.0044999999999999485,-0.018000000000000016,-0.10000000000000142,-0.40000000000000036,-0.017999999999999794,-0.4000000000000057,falling,spring,2026,,0.0,,0.0,,0.0,False
2026-04-27 18:00:00+00:00,1.814,12.7,-0.0034999999999998366,-0.018000000000000016,-0.10000000000000142,-0.40000000000000036,-0.013999999999999346,-0.4000000000000057,falling,spring,2026,,0.0,,0.0,,0.0,False
2026-04-27 19:00:00+00:00,1.813,12.7,-0.0040000000000000036,-0.018000000000000016,-0.10000000000000142,-0.40000000000000036,-0.016000000000000014,-0.4000000000000057,falling,spring,2026,,0.0,,0.0,,0.0,False
2026-04-27 20:00:00+00:00,1.812,12.6,-0.004999999999999893,-0.018000000000000016,-0.20000000000000107,-0.40000000000000036,-0.019999999999999574,-0.8000000000000043,falling,spring,2026,,0.0,,0.0,,0.0,False
2026-04-27 21:00:00+00:00,1.8115,12.6,-0.0044999999999999485,-0.017999999999999794,-0.09999999999999964,-0.40000000000000036,-0.017999999999999794,-0.3999999999999986,falling,spring,2026,,0.0,,0.0,,0.0,False
2026-04-27 22:00:00+00:00,1.809,12.6,-0.006500000000000172,-0.02100000000000013,-0.09999999999999964,-0.40000000000000036,-0.02600000000000069,-0.3999999999999986,falling,spring,2026,,0.0,,0.0,,0.0,False
2026-04-27 23:00:00+00:00,1.808,12.6,-0.00649999999999995,-0.02200000000000002,-0.09999999999999964,-0.40000000000000036,-0.0259999999999998,-0.3999999999999986,falling,spring,2026,,0.0,,0.0,,0.0,False
2026-04-28 00:00:00+00:00,1.806,12.5,-0.008000000000000007,-0.02400000000000002,-0.1999999999999993,-0.5,-0.03200000000000003,-0.7999999999999972,falling,spring,2026,,0.0,,0.0,,0.0,False
2026-04-28 01:00:00+00:00,1.803,12.5,-0.010000000000000009,-0.025500000000000078,-0.1999999999999993,-0.5,-0.040000000000000036,-0.7999999999999972,falling,spring,2026,,0.0,,0.0,,0.0,False
2026-04-28 02:00:00+00:00,1.802,12.5,-0.010000000000000009,-0.026000000000000023,-0.09999999999999964,-0.5,-0.040000000000000036,-0.3999999999999986,falling,spring,2026,,0.0,,0.0,,0.0,False
2026-04-28 03:00:00+00:00,1.801,12.4,-0.010500000000000176,-0.025000000000000133,-0.1999999999999993,-0.5,-0.0420000000000007,-0.7999999999999972,falling,spring,2026,,0.0,,0.0,,0.0,False
2026-04-28 04:00:00+00:00,1.8,12.4,-0.008999999999999897,-0.025499999999999856,-0.1999999999999993,-0.5,-0.03599999999999959,-0.7999999999999972,falling,spring,2026,,0.0,,0.0,,0.0,False
2026-04-28 05:00:00+00:00,1.799,12.4,-0.009000000000000119,-0.025000000000000133,-0.1999999999999993,-0.5,-0.036000000000000476,-0.7999999999999972,falling,spring,2026,,0.0,,0.0,,0.0,False
2026-04-28 06:00:00+00:00,1.799,12.4,-0.007000000000000117,-0.02400000000000002,-0.09999999999999964,-0.5,-0.02800000000000047,-0.3999999999999986,falling,spring,2026,,0.0,,0.0,,0.0,False
2026-04-28 07:00:00+00:00,1.798,12.4,-0.004999999999999893,-0.02400000000000002,-0.09999999999999964,-0.5,-0.019999999999999574,-0.3999999999999986,falling,spring,2026,,0.0,,0.0,,0.0,False
2026-04-28 08:00:00+00:00,1.797,12.4,-0.0050000000000001155,-0.024499999999999966,-0.09999999999999964,-0.45000000000000107,-0.020000000000000462,-0.3999999999999986,falling,spring,2026,,0.0,,0.0,,0.0,False
2026-04-28 09:00:00+00:00,1.796,12.3,-0.004999999999999893,-0.02499999999999991,-0.09999999999999964,-0.5,-0.019999999999999574,-0.3999999999999986,falling,spring,2026,,0.0,,0.0,,0.0,False
2026-04-28 10:00:00+00:00,1.796,12.3,-0.0040000000000000036,-0.02400000000000002,-0.09999999999999964,-0.5,-0.016000000000000014,-0.3999999999999986,falling,spring,2026,,0.0,,0.0,,0.0,False
2026-04-28 11:00:00+00:00,1.795,12.3,-0.0040000000000000036,-0.02400000000000002,-0.09999999999999964,-0.5,-0.016000000000000014,-0.3999999999999986,falling,spring,2026,,0.0,,0.0,,0.0,False
2026-04-28 12:00:00+00:00,1.794,12.3,-0.004999999999999893,-0.023499999999999854,-0.09999999999999964,-0.5,-0.019999999999999574,-0.3999999999999986,falling,spring,2026,,0.0,,0.0,,0.0,False
2026-04-28 13:00:00+00:00,1.793,12.3,-0.0050000000000001155,-0.02400000000000002,-0.09999999999999964,-0.5,-0.020000000000000462,-0.3999999999999986,falling,spring,2026,,0.0,,0.0,,0.0,False
2026-04-28 14:00:00+00:00,1.793,12.3,-0.0040000000000000036,-0.02400000000000002,-0.09999999999999964,-0.5,-0.016000000000000014,-0.3999999999999986,falling,spring,2026,,0.0,,0.0,,0.0,False
2026-04-28 15:00:00+00:00,1.793,12.3,-0.0030000000000001137,-0.02300000000000013,0.0,-0.3999999999999986,-0.012000000000000455,0.0,falling,spring,2026,,0.0,,0.0,,0.0,False
2026-04-28 16:00:00+00:00,1.792,12.2,-0.0040000000000000036,-0.023500000000000076,-0.10000000000000142,-0.5,-0.016000000000000014,-0.4000000000000057,falling,spring,2026,,0.0,,0.0,,0.0,False
2026-04-28 17:00:00+00:00,1.791,12.2,-0.0040000000000000036,-0.023500000000000076,-0.10000000000000142,-0.5,-0.016000000000000014,-0.4000000000000057,falling,spring,2026,,0.0,,0.0,,0.0,False
2026-04-28 18:00:00+00:00,1.79,12.2,-0.0040000000000000036,-0.02400000000000002,-0.10000000000000142,-0.5,-0.016000000000000014,-0.4000000000000057,falling,spring,2026,,0.0,,0.0,,0.0,False
2026-04-28 19:00:00+00:00,1.7865,12.149999999999999,-0.00649999999999995,-0.026499999999999968,-0.15000000000000213,-0.5500000000000007,-0.0259999999999998,-0.6000000000000085,falling,spring,2026,,0.0,,0.0,,0.0,False
2026-04-28 20:00:00+00:00,1.785,12.1,-0.008000000000000007,-0.027000000000000135,-0.20000000000000107,-0.5,-0.03200000000000003,-0.8000000000000043,falling,spring,2026,,0.0,,0.0,,0.0,False
2026-04-28 21:00:00+00:00,1.783,12.1,-0.010000000000000009,-0.028500000000000192,-0.20000000000000107,-0.5,-0.040000000000000036,-0.8000000000000043,falling,spring,2026,,0.0,,0.0,,0.0,False
2026-04-28 22:00:00+00:00,1.781,12.1,-0.01100000000000012,-0.028000000000000025,-0.09999999999999964,-0.5,-0.04400000000000048,-0.3999999999999986,falling,spring,2026,,0.0,,0.0,,0.0,False
2026-04-28 23:00:00+00:00,1.779,12.0,-0.01200000000000001,-0.029000000000000137,-0.1999999999999993,-0.5999999999999996,-0.04800000000000004,-0.7999999999999972,falling,spring,2026,,0.0,,0.0,,0.0,False
2026-04-29 00:00:00+00:00,1.779,12.0,-0.01100000000000012,-0.027000000000000135,-0.1999999999999993,-0.5,-0.04400000000000048,-0.7999999999999972,falling,spring,2026,,0.0,,0.0,,0.0,False
2026-04-29 01:00:00+00:00,1.777,12.0,-0.009500000000000064,-0.026000000000000023,-0.14999999999999858,-0.5,-0.038000000000000256,-0.5999999999999943,falling,spring,2026,,0.0,,0.0,,0.0,False
2026-04-29 02:00:00+00:00,1.776,12.0,-0.008999999999999897,-0.026000000000000023,-0.09999999999999964,-0.5,-0.03599999999999959,-0.3999999999999986,falling,spring,2026,,0.0,,0.0,,0.0,False
2026-04-29 03:00:00+00:00,1.776,12.0,-0.006999999999999895,-0.02499999999999991,-0.09999999999999964,-0.40000000000000036,-0.02799999999999958,-0.3999999999999986,falling,spring,2026,,0.0,,0.0,,0.0,False
2026-04-29 04:00:00+00:00,1.775,11.9,-0.006000000000000005,-0.025000000000000133,-0.1999999999999993,-0.5,-0.02400000000000002,-0.7999999999999972,falling,spring,2026,,0.0,,0.0,,0.0,False
2026-04-29 05:00:00+00:00,1.774,11.9,-0.004999999999999893,-0.02499999999999991,-0.09999999999999964,-0.5,-0.019999999999999574,-0.3999999999999986,falling,spring,2026,,0.0,,0.0,,0.0,False
2026-04-29 06:00:00+00:00,1.774,11.9,-0.004999999999999893,-0.02499999999999991,-0.09999999999999964,-0.5,-0.019999999999999574,-0.3999999999999986,falling,spring,2026,,0.0,,0.0,,0.0,False
2026-04-29 07:00:00+00:00,1.773,11.9,-0.0040000000000000036,-0.025000000000000133,-0.09999999999999964,-0.5,-0.016000000000000014,-0.3999999999999986,falling,spring,2026,,0.0,,0.0,,0.0,False
2026-04-29 08:00:00+00:00,1.772,11.9,-0.0040000000000000036,-0.02499999999999991,-0.09999999999999964,-0.5,-0.016000000000000014,-0.3999999999999986,falling,spring,2026,,0.0,,0.0,,0.0,False
2026-04-29 09:00:00+00:00,1.77,11.8,-0.006000000000000005,-0.026000000000000023,-0.1999999999999993,-0.5,-0.02400000000000002,-0.7999999999999972,falling,spring,2026,,0.0,,0.0,,0.0,False
2026-04-29 10:00:00+00:00,1.7685,11.8,-0.00649999999999995,-0.02750000000000008,-0.09999999999999964,-0.5,-0.0259999999999998,-0.3999999999999986,falling,spring,2026,,0.0,,0.0,,0.0,False
2026-04-29 11:00:00+00:00,1.768,11.8,-0.006000000000000005,-0.026999999999999913,-0.09999999999999964,-0.5,-0.02400000000000002,-0.3999999999999986,falling,spring,2026,,0.0,,0.0,,0.0,False
2026-04-29 12:00:00+00:00,1.768,11.8,-0.006000000000000005,-0.026000000000000023,-0.09999999999999964,-0.5,-0.02400000000000002,-0.3999999999999986,falling,spring,2026,,0.0,,0.0,,0.0,False
2026-04-29 13:00:00+00:00,1.7665,11.8,-0.00649999999999995,-0.026499999999999968,-0.09999999999999964,-0.5,-0.0259999999999998,-0.3999999999999986,falling,spring,2026,,0.0,,0.0,,0.0,False
2026-04-29 14:00:00+00:00,1.7665,11.8,-0.00550000000000006,-0.026499999999999968,-0.09999999999999964,-0.5,-0.02200000000000024,-0.3999999999999986,falling,spring,2026,,0.0,,0.0,,0.0,False
2026-04-29 15:00:00+00:00,1.766,11.8,-0.0040000000000000036,-0.026999999999999913,0.0,-0.5,-0.016000000000000014,0.0,falling,spring,2026,,0.0,,0.0,,0.0,False
2026-04-29 16:00:00+00:00,1.763,11.7,-0.00550000000000006,-0.029000000000000137,-0.10000000000000142,-0.5,-0.02200000000000024,-0.4000000000000057,falling,spring,2026,,0.0,,0.0,,0.0,False
2026-04-29 17:00:00+00:00,1.7625,11.7,-0.00550000000000006,-0.02849999999999997,-0.10000000000000142,-0.5,-0.02200000000000024,-0.4000000000000057,falling,spring,2026,,0.0,,0.0,,0.0,False
2026-04-29 18:00:00+00:00,1.762,11.7,-0.006000000000000005,-0.028000000000000025,-0.10000000000000142,-0.5,-0.02400000000000002,-0.4000000000000057,falling,spring,2026,,0.0,,0.0,,0.0,False
2026-04-29 19:00:00+00:00,1.759,11.6,-0.007500000000000062,-0.02750000000000008,-0.20000000000000107,-0.5499999999999989,-0.03000000000000025,-0.8000000000000043,falling,spring,2026,,0.0,,0.0,,0.0,False
2026-04-29 20:00:00+00:00,1.756,11.6,-0.010499999999999954,-0.028999999999999915,-0.20000000000000107,-0.5,-0.041999999999999815,-0.8000000000000043,falling,spring,2026,,0.0,,0.0,,0.0,False
2026-04-29 21:00:00+00:00,1.752,11.5,-0.014000000000000012,-0.030999999999999917,-0.3000000000000007,-0.5999999999999996,-0.05600000000000005,-1.2000000000000028,falling,spring,2026,,0.0,,0.0,,0.0,False
2026-04-29 22:00:00+00:00,1.7485,11.5,-0.014499999999999957,-0.03249999999999997,-0.1999999999999993,-0.5999999999999996,-0.05799999999999983,-0.7999999999999972,falling,spring,2026,,0.0,,0.0,,0.0,False
2026-04-29 23:00:00+00:00,1.744,11.4,-0.01849999999999996,-0.03499999999999992,-0.29999999999999893,-0.5999999999999996,-0.07399999999999984,-1.1999999999999957,falling,spring,2026,,0.0,,0.0,,0.0,False
2026-04-30 00:00:00+00:00,1.743,11.4,-0.018999999999999906,-0.03599999999999981,-0.29999999999999893,-0.5999999999999996,-0.07599999999999962,-1.1999999999999957,falling,spring,2026,,0.0,,0.0,,0.0,False
2026-04-30 01:00:00+00:00,1.744,11.4,-0.014999999999999902,-0.03299999999999992,-0.1999999999999993,-0.5999999999999996,-0.05999999999999961,-0.7999999999999972,falling,spring,2026,,0.0,,0.0,,0.0,False
2026-04-30 02:00:00+00:00,1.744,11.4,-0.01200000000000001,-0.03200000000000003,-0.1999999999999993,-0.5999999999999996,-0.04800000000000004,-0.7999999999999972,falling,spring,2026,,0.0,,0.0,,0.0,False
2026-04-30 03:00:00+00:00,1.745,11.4,-0.006999999999999895,-0.030999999999999917,-0.09999999999999964,-0.5999999999999996,-0.02799999999999958,-0.3999999999999986,falling,spring,2026,,0.0,,0.0,,0.0,False
2026-04-30 04:00:00+00:00,1.744,11.4,-0.0044999999999999485,-0.030999999999999917,-0.09999999999999964,-0.5,-0.017999999999999794,-0.3999999999999986,falling,spring,2026,,0.0,,0.0,,0.0,False
2026-04-30 06:00:00+00:00,1.742,11.3,-0.001000000000000112,-0.03200000000000003,-0.09999999999999964,-0.5999999999999996,-0.004000000000000448,-0.3999999999999986,approximately_flat,spring,2026,,0.0,,0.0,,0.0,False
2026-04-30 07:00:00+00:00,1.741,11.3,-0.0029999999999998916,-0.031999999999999806,-0.09999999999999964,-0.5999999999999996,-0.011999999999999567,-0.3999999999999986,approximately_flat,spring,2026,,0.0,,0.0,,0.0,False
2026-04-30 08:00:00+00:00,1.74,11.3,-0.0040000000000000036,-0.03200000000000003,-0.09999999999999964,-0.5999999999999996,-0.016000000000000014,-0.3999999999999986,falling,spring,2026,,0.0,,0.0,,0.0,False
2026-04-30 09:00:00+00:00,1.739,11.3,-0.006000000000000005,-0.030999999999999917,-0.09999999999999964,-0.5,-0.02400000000000002,-0.3999999999999986,falling,spring,2026,,0.0,,0.0,,0.0,False
2026-04-30 10:00:00+00:00,1.738,11.3,-0.006000000000000005,-0.03049999999999997,-0.09999999999999964,-0.5,-0.02400000000000002,-0.3999999999999986,falling,spring,2026,,0.0,,0.0,,0.0,False
2026-04-30 11:00:00+00:00,1.735,11.2,-0.008499999999999952,-0.03299999999999992,-0.20000000000000107,-0.6000000000000014,-0.03399999999999981,-0.8000000000000043,falling,spring,2026,,0.0,,0.0,,0.0,False
2026-04-30 12:00:00+00:00,1.735,11.2,-0.006999999999999895,-0.03299999999999992,-0.10000000000000142,-0.6000000000000014,-0.02799999999999958,-0.4000000000000057,falling,spring,2026,,0.0,,0.0,,0.0,False
2026-04-30 13:00:00+00:00,1.734,11.2,-0.007000000000000117,-0.03249999999999997,-0.10000000000000142,-0.6000000000000014,-0.02800000000000047,-0.4000000000000057,falling,spring,2026,,0.0,,0.0,,0.0,False
2026-04-30 14:00:00+00:00,1.734,11.2,-0.006000000000000005,-0.03249999999999997,-0.10000000000000142,-0.6000000000000014,-0.02400000000000002,-0.4000000000000057,falling,spring,2026,,0.0,,0.0,,0.0,False
2026-04-30 15:00:00+00:00,1.733,11.2,-0.006000000000000005,-0.03299999999999992,-0.10000000000000142,-0.6000000000000014,-0.02400000000000002,-0.4000000000000057,falling,spring,2026,,0.0,,0.0,,0.0,False
2026-04-30 16:00:00+00:00,1.731,11.1,-0.006999999999999895,-0.031999999999999806,-0.20000000000000107,-0.5999999999999996,-0.02799999999999958,-0.8000000000000043,falling,spring,2026,,0.0,,0.0,,0.0,False
2026-04-30 17:00:00+00:00,1.729,11.1,-0.006000000000000005,-0.03349999999999986,-0.09999999999999964,-0.5999999999999996,-0.02400000000000002,-0.3999999999999986,falling,spring,2026,,0.0,,0.0,,0.0,False
2026-04-30 18:00:00+00:00,1.728,11.1,-0.007000000000000117,-0.03400000000000003,-0.09999999999999964,-0.5999999999999996,-0.02800000000000047,-0.3999999999999986,falling,spring,2026,,0.0,,0.0,,0.0,False
2026-04-30 19:00:00+00:00,1.728,11.1,-0.006000000000000005,-0.030999999999999917,-0.09999999999999964,-0.5,-0.02400000000000002,-0.3999999999999986,falling,spring,2026,,0.0,,0.0,,0.0,False
2026-04-30 20:00:00+00:00,1.726,11.0,-0.008000000000000007,-0.030000000000000027,-0.1999999999999993,-0.5999999999999996,-0.03200000000000003,-0.7999999999999972,falling,spring,2026,,0.0,,0.0,,0.0,False
2026-04-30 21:00:00+00:00,1.726,11.0,-0.007000000000000117,-0.026000000000000023,-0.1999999999999993,-0.5,-0.02800000000000047,-0.7999999999999972,falling,spring,2026,,0.0,,0.0,,0.0,False
2026-04-30 22:00:00+00:00,1.725,11.0,-0.006000000000000005,-0.023499999999999854,-0.09999999999999964,-0.5,-0.02400000000000002,-0.3999999999999986,falling,spring,2026,,0.0,,0.0,,0.0,False
2026-04-30 23:00:00+00:00,1.724,11.0,-0.0050000000000001155,-0.020000000000000018,-0.09999999999999964,-0.40000000000000036,-0.020000000000000462,-0.3999999999999986,falling,spring,2026,,0.0,,0.0,,0.0,False
2026-05-01 00:00:00+00:00,1.7215,11.0,-0.00649999999999995,-0.021500000000000075,-0.09999999999999964,-0.40000000000000036,-0.0259999999999998,-0.3999999999999986,falling,spring,2026,,0.0,,0.0,,0.0,False
2026-05-01 01:00:00+00:00,1.7195,10.9,-0.008499999999999952,-0.024499999999999966,-0.1999999999999993,-0.5,-0.03399999999999981,-0.7999999999999972,falling,spring,2026,,0.0,,0.0,,0.0,False
2026-05-01 02:00:00+00:00,1.717,10.9,-0.008999999999999897,-0.026999999999999913,-0.09999999999999964,-0.5,-0.03599999999999959,-0.3999999999999986,falling,spring,2026,,0.0,,0.0,,0.0,False
2026-05-01 03:00:00+00:00,1.7145000000000001,10.850000000000001,-0.011499999999999844,-0.03049999999999997,-0.14999999999999858,-0.5499999999999989,-0.045999999999999375,-0.5999999999999943,falling,spring,2026,,0.0,,0.0,,0.0,False
2026-05-01 04:00:00+00:00,1.713,10.8,-0.01200000000000001,-0.030999999999999917,-0.1999999999999993,-0.5999999999999996,-0.04800000000000004,-0.7999999999999972,falling,spring,2026,,0.0,,0.0,,0.0,False
2026-05-01 05:00:00+00:00,1.711,10.8,-0.0129999999999999,-0.03249999999999997,-0.1999999999999993,-0.5999999999999996,-0.0519999999999996,-0.7999999999999972,falling,spring,2026,,0.0,,0.0,,0.0,False
2026-05-01 06:00:00+00:00,1.709,10.8,-0.012499999999999956,-0.03299999999999992,-0.1999999999999993,-0.5,-0.04999999999999982,-0.7999999999999972,falling,spring,2026,,0.0,,0.0,,0.0,False
2026-05-01 07:00:00+00:00,1.707,10.7,-0.012499999999999956,-0.03400000000000003,-0.20000000000000107,-0.6000000000000014,-0.04999999999999982,-0.8000000000000043,falling,spring,2026,,0.0,,0.0,,0.0,False
2026-05-01 08:00:00+00:00,1.708,10.7,-0.009000000000000119,-0.03200000000000003,-0.20000000000000107,-0.6000000000000014,-0.036000000000000476,-0.8000000000000043,falling,spring,2026,,0.0,,0.0,,0.0,False
2026-05-01 09:00:00+00:00,1.708,10.7,-0.006500000000000172,-0.03100000000000014,-0.15000000000000213,-0.6000000000000014,-0.02600000000000069,-0.6000000000000085,falling,spring,2026,,0.0,,0.0,,0.0,False
2026-05-01 10:00:00+00:00,1.7085,10.7,-0.0045000000000001705,-0.02950000000000008,-0.10000000000000142,-0.6000000000000014,-0.018000000000000682,-0.4000000000000057,falling,spring,2026,,0.0,,0.0,,0.0,False
2026-05-01 11:00:00+00:00,1.707,10.7,-0.0040000000000000036,-0.028000000000000025,-0.10000000000000142,-0.5,-0.016000000000000014,-0.4000000000000057,falling,spring,2026,,0.0,,0.0,,0.0,False
2026-05-01 12:00:00+00:00,1.705,10.7,-0.0040000000000000036,-0.030000000000000027,-0.10000000000000142,-0.5,-0.016000000000000014,-0.4000000000000057,falling,spring,2026,,0.0,,0.0,,0.0,False
2026-05-01 13:00:00+00:00,1.704,10.7,-0.0030000000000001137,-0.030000000000000027,0.0,-0.5,-0.012000000000000455,0.0,falling,spring,2026,,0.0,,0.0,,0.0,False
2026-05-01 14:00:00+00:00,1.702,10.6,-0.006000000000000005,-0.03200000000000003,-0.09999999999999964,-0.5999999999999996,-0.02400000000000002,-0.3999999999999986,falling,spring,2026,,0.0,,0.0,,0.0,False
2026-05-01 15:00:00+00:00,1.7005,10.6,-0.007500000000000062,-0.032500000000000195,-0.09999999999999964,-0.5999999999999996,-0.03000000000000025,-0.3999999999999986,falling,spring,2026,,0.0,,0.0,,0.0,False
2026-05-01 16:00:00+00:00,1.699,10.6,-0.009499999999999842,-0.03200000000000003,-0.09999999999999964,-0.5,-0.03799999999999937,-0.3999999999999986,falling,spring,2026,,0.0,,0.0,,0.0,False
2026-05-01 17:00:00+00:00,1.6995,10.6,-0.007500000000000062,-0.02950000000000008,-0.09999999999999964,-0.5,-0.03000000000000025,-0.3999999999999986,falling,spring,2026,,0.0,,0.0,,0.0,False
2026-05-01 18:00:00+00:00,1.698,10.6,-0.007000000000000117,-0.030000000000000027,-0.09999999999999964,-0.5,-0.02800000000000047,-0.3999999999999986,falling,spring,2026,,0.0,,0.0,,0.0,False
2026-05-01 19:00:00+00:00,1.6945000000000001,10.5,-0.009499999999999842,-0.03349999999999986,-0.1999999999999993,-0.5999999999999996,-0.03799999999999937,-0.7999999999999972,falling,spring,2026,,0.0,,0.0,,0.0,False
2026-05-01 20:00:00+00:00,1.693,10.5,-0.008999999999999897,-0.03299999999999992,-0.09999999999999964,-0.5,-0.03599999999999959,-0.3999999999999986,falling,spring,2026,,0.0,,0.0,,0.0,False
2026-05-01 21:00:00+00:00,1.69,10.4,-0.010499999999999954,-0.03600000000000003,-0.1999999999999993,-0.5999999999999996,-0.041999999999999815,-0.7999999999999972,falling,spring,2026,,0.0,,0.0,,0.0,False
2026-05-01 22:00:00+00:00,1.6925,10.5,-0.006500000000000172,-0.032500000000000195,-0.09999999999999964,-0.5,-0.02600000000000069,-0.3999999999999986,falling,spring,2026,,0.0,,0.0,,0.0,False
2026-05-01 23:00:00+00:00,1.69,10.4,-0.009500000000000064,-0.03400000000000003,-0.1999999999999993,-0.5999999999999996,-0.038000000000000256,-0.7999999999999972,falling,spring,2026,,0.0,,0.0,,0.0,False
2026-05-02 00:00:00+00:00,1.688,10.4,-0.010000000000000009,-0.033500000000000085,-0.1999999999999993,-0.5999999999999996,-0.040000000000000036,-0.7999999999999972,falling,spring,2026,,0.0,,0.0,,0.0,False
2026-05-02 01:00:00+00:00,1.6815,10.3,-0.013000000000000123,-0.038000000000000034,-0.1999999999999993,-0.5999999999999996,-0.05200000000000049,-0.7999999999999972,falling,spring,2026,,0.0,,0.0,,0.0,False
2026-05-02 02:00:00+00:00,1.6755,10.2,-0.01750000000000007,-0.04150000000000009,-0.3000000000000007,-0.7000000000000011,-0.07000000000000028,-1.2000000000000028,falling,spring,2026,,0.0,,0.0,,0.0,False
2026-05-02 03:00:00+00:00,1.676,10.2,-0.014000000000000012,-0.0385000000000002,-0.20000000000000107,-0.6500000000000021,-0.05600000000000005,-0.8000000000000043,falling,spring,2026,,0.0,,0.0,,0.0,False
2026-05-02 04:00:00+00:00,1.6775,10.2,-0.014999999999999902,-0.03550000000000009,-0.3000000000000007,-0.6000000000000014,-0.05999999999999961,-1.2000000000000028,falling,spring,2026,,0.0,,0.0,,0.0,False
2026-05-02 05:00:00+00:00,1.678,10.2,-0.01200000000000001,-0.03300000000000014,-0.20000000000000107,-0.6000000000000014,-0.04800000000000004,-0.8000000000000043,falling,spring,2026,,0.0,,0.0,,0.0,False
2026-05-02 06:00:00+00:00,1.676,10.2,-0.01200000000000001,-0.03300000000000014,-0.20000000000000107,-0.6000000000000014,-0.04800000000000004,-0.8000000000000043,falling,spring,2026,,0.0,,0.0,,0.0,False
2026-05-02 07:00:00+00:00,1.675,10.2,-0.00649999999999995,-0.03200000000000003,-0.10000000000000142,-0.5,-0.0259999999999998,-0.4000000000000057,falling,spring,2026,,0.0,,0.0,,0.0,False
2026-05-02 08:00:00+00:00,1.674,10.2,-0.0015000000000000568,-0.03400000000000003,0.0,-0.5,-0.006000000000000227,0.0,approximately_flat,spring,2026,,0.0,,0.0,,0.0,False
2026-05-02 09:00:00+00:00,1.672,10.1,-0.0040000000000000036,-0.03600000000000003,-0.09999999999999964,-0.5999999999999996,-0.016000000000000014,-0.3999999999999986,falling,spring,2026,,0.0,,0.0,,0.0,False
2026-05-02 10:00:00+00:00,1.67,10.1,-0.007500000000000062,-0.03849999999999998,-0.09999999999999964,-0.5999999999999996,-0.03000000000000025,-0.3999999999999986,falling,spring,2026,,0.0,,0.0,,0.0,False
2026-05-02 11:00:00+00:00,1.669,10.1,-0.008999999999999897,-0.038000000000000034,-0.09999999999999964,-0.5999999999999996,-0.03599999999999959,-0.3999999999999986,falling,spring,2026,,0.0,,0.0,,0.0,False
2026-05-02 12:00:00+00:00,1.668,10.1,-0.008000000000000007,-0.037000000000000144,-0.09999999999999964,-0.5999999999999996,-0.03200000000000003,-0.3999999999999986,falling,spring,2026,,0.0,,0.0,,0.0,False
2026-05-02 13:00:00+00:00,1.667,10.1,-0.008000000000000007,-0.03699999999999992,-0.09999999999999964,-0.5999999999999996,-0.03200000000000003,-0.3999999999999986,falling,spring,2026,,0.0,,0.0,,0.0,False
2026-05-02 14:00:00+00:00,1.666,10.0,-0.008000000000000007,-0.03600000000000003,-0.1999999999999993,-0.5999999999999996,-0.03200000000000003,-0.7999999999999972,falling,spring,2026,,0.0,,0.0,,0.0,False
2026-05-02 15:00:00+00:00,1.664,10.0,-0.008000000000000007,-0.03649999999999998,-0.09999999999999964,-0.5999999999999996,-0.03200000000000003,-0.3999999999999986,falling,spring,2026,,0.0,,0.0,,0.0,False
2026-05-02 16:00:00+00:00,1.663,9.99,-0.006999999999999895,-0.03600000000000003,-0.10999999999999943,-0.6099999999999994,-0.02799999999999958,-0.4399999999999977,falling,spring,2026,,0.0,,0.0,,0.0,False
2026-05-02 17:00:00+00:00,1.662,9.97,-0.007000000000000117,-0.03750000000000009,-0.129999999999999,-0.629999999999999,-0.02800000000000047,-0.519999999999996,falling,spring,2026,,0.0,,0.0,,0.0,False
2026-05-02 18:00:00+00:00,1.662,9.97,-0.006000000000000005,-0.03600000000000003,-0.129999999999999,-0.629999999999999,-0.02400000000000002,-0.519999999999996,falling,spring,2026,,0.0,,0.0,,0.0,False
2026-05-02 19:00:00+00:00,1.6635,9.985,-0.0035000000000000586,-0.03100000000000014,-0.11500000000000021,-0.5150000000000006,-0.014000000000000234,-0.46000000000000085,falling,spring,2026,,0.0,,0.0,,0.0,False
2026-05-02 20:00:00+00:00,1.6644999999999999,9.995000000000001,-0.0015000000000000568,-0.028500000000000192,-0.004999999999999005,-0.504999999999999,-0.006000000000000227,-0.01999999999999602,approximately_flat,spring,2026,,0.0,,0.0,,0.0,False
2026-05-02 21:00:00+00:00,1.662,9.96,-0.0020000000000000018,-0.028000000000000025,-0.03999999999999915,-0.4399999999999995,-0.008000000000000007,-0.1599999999999966,approximately_flat,spring,2026,,0.0,,0.0,,0.0,False
2026-05-02 22:00:00+00:00,1.66,9.92,-0.0030000000000001137,-0.03249999999999997,-0.07000000000000028,-0.5800000000000001,-0.012000000000000455,-0.28000000000000114,falling,spring,2026,,0.0,,0.0,,0.0,False
2026-05-02 23:00:00+00:00,1.658,9.895,-0.0040000000000000036,-0.03200000000000003,-0.07500000000000107,-0.5050000000000008,-0.016000000000000014,-0.30000000000000426,falling,spring,2026,,0.0,,0.0,,0.0,False
2026-05-03 00:00:00+00:00,1.657,9.88,-0.004999999999999893,-0.030999999999999917,-0.08999999999999986,-0.5199999999999996,-0.019999999999999574,-0.35999999999999943,falling,spring,2026,,0.0,,0.0,,0.0,False
2026-05-03 01:00:00+00:00,1.655,9.85,-0.008499999999999952,-0.026499999999999968,-0.1349999999999998,-0.45000000000000107,-0.03399999999999981,-0.5399999999999991,falling,spring,2026,,0.0,,0.0,,0.0,False
2026-05-03 02:00:00+00:00,1.6505,9.785,-0.01399999999999979,-0.02499999999999991,-0.21000000000000085,-0.41499999999999915,-0.05599999999999916,-0.8400000000000034,falling,spring,2026,,0.0,,0.0,,0.0,False
2026-05-03 03:00:00+00:00,1.6475,9.74,-0.014499999999999957,-0.02849999999999997,-0.22000000000000064,-0.4599999999999991,-0.05799999999999983,-0.8800000000000026,falling,spring,2026,,0.0,,0.0,,0.0,False
2026-05-03 04:00:00+00:00,1.644,9.69,-0.016000000000000014,-0.033500000000000085,-0.23000000000000043,-0.5099999999999998,-0.06400000000000006,-0.9200000000000017,falling,spring,2026,,0.0,,0.0,,0.0,False
2026-05-03 05:00:00+00:00,1.644,9.68,-0.014000000000000012,-0.03400000000000003,-0.21499999999999986,-0.5199999999999996,-0.05600000000000005,-0.8599999999999994,falling,spring,2026,,0.0,,0.0,,0.0,False
2026-05-03 06:00:00+00:00,1.643,9.67,-0.014000000000000012,-0.03299999999999992,-0.21000000000000085,-0.5299999999999994,-0.05600000000000005,-0.8400000000000034,falling,spring,2026,,0.0,,0.0,,0.0,False
2026-05-03 07:00:00+00:00,1.642,9.65,-0.013000000000000123,-0.03300000000000014,-0.1999999999999993,-0.5499999999999989,-0.05200000000000049,-0.7999999999999972,falling,spring,2026,,0.0,,0.0,,0.0,False
2026-05-03 08:00:00+00:00,1.6404999999999998,9.625,-0.010000000000000231,-0.033500000000000085,-0.16000000000000014,-0.5749999999999993,-0.040000000000000924,-0.6400000000000006,falling,spring,2026,,0.0,,0.0,,0.0,False
2026-05-03 09:00:00+00:00,1.639,9.6,-0.008499999999999952,-0.03299999999999992,-0.14000000000000057,-0.5,-0.03399999999999981,-0.5600000000000023,falling,spring,2026,,0.0,,0.0,,0.0,False
2026-05-03 10:00:00+00:00,1.638,9.59,-0.006000000000000005,-0.03200000000000003,-0.09999999999999964,-0.5099999999999998,-0.02400000000000002,-0.3999999999999986,falling,spring,2026,,0.0,,0.0,,0.0,False
2026-05-03 11:00:00+00:00,1.6375,9.575,-0.00649999999999995,-0.031500000000000083,-0.10500000000000043,-0.5250000000000004,-0.0259999999999998,-0.4200000000000017,falling,spring,2026,,0.0,,0.0,,0.0,False
2026-05-03 12:00:00+00:00,1.637,9.57,-0.006000000000000005,-0.030999999999999917,-0.09999999999999964,-0.5299999999999994,-0.02400000000000002,-0.3999999999999986,falling,spring,2026,,0.0,,0.0,,0.0,False
2026-05-03 13:00:00+00:00,1.637,9.56,-0.004999999999999893,-0.030000000000000027,-0.08999999999999986,-0.5399999999999991,-0.019999999999999574,-0.35999999999999943,falling,spring,2026,,0.0,,0.0,,0.0,False
2026-05-03 14:00:00+00:00,1.638,9.57,-0.0024999999999999467,-0.028000000000000025,-0.054999999999999716,-0.4299999999999997,-0.009999999999999787,-0.21999999999999886,approximately_flat,spring,2026,,0.0,,0.0,,0.0,False
2026-05-03 15:00:00+00:00,1.6375,9.56,-0.0015000000000000568,-0.026499999999999968,-0.03999999999999915,-0.4399999999999995,-0.006000000000000227,-0.1599999999999966,approximately_flat,spring,2026,,0.0,,0.0,,0.0,False
2026-05-03 16:00:00+00:00,1.634,9.51,-0.0040000000000000036,-0.029000000000000137,-0.08000000000000007,-0.4800000000000004,-0.016000000000000014,-0.3200000000000003,falling,spring,2026,,0.0,,0.0,,0.0,False
2026-05-03 17:00:00+00:00,1.629,9.44,-0.008499999999999952,-0.03299999999999992,-0.1349999999999998,-0.5300000000000011,-0.03399999999999981,-0.5399999999999991,falling,spring,2026,,0.0,,0.0,,0.0,False
2026-05-03 18:00:00+00:00,1.6255,9.395,-0.011500000000000066,-0.03649999999999998,-0.1750000000000007,-0.5750000000000011,-0.04600000000000026,-0.7000000000000028,falling,spring,2026,,0.0,,0.0,,0.0,False
2026-05-03 19:00:00+00:00,1.6255,9.385000000000002,-0.011500000000000066,-0.038000000000000034,-0.17499999999999893,-0.5999999999999979,-0.04600000000000026,-0.6999999999999957,falling,spring,2026,,0.0,,0.0,,0.0,False
2026-05-03 20:00:00+00:00,1.6155,9.254999999999999,-0.022499999999999964,-0.04899999999999993,-0.3150000000000013,-0.740000000000002,-0.08999999999999986,-1.2600000000000051,falling,spring,2026,,0.0,,0.0,,0.0,False
2026-05-03 21:00:00+00:00,1.6165,9.265,-0.020999999999999908,-0.045499999999999874,-0.29499999999999993,-0.6950000000000003,-0.08399999999999963,-1.1799999999999997,falling,spring,2026,,0.0,,0.0,,0.0,False
2026-05-03 22:00:00+00:00,1.615,9.24,-0.018999999999999906,-0.04499999999999993,-0.2699999999999996,-0.6799999999999997,-0.07599999999999962,-1.0799999999999983,falling,spring,2026,,0.0,,0.0,,0.0,False
2026-05-03 23:00:00+00:00,1.61,9.17,-0.018999999999999906,-0.04799999999999982,-0.2699999999999996,-0.7249999999999996,-0.07599999999999962,-1.0799999999999983,falling,spring,2026,,0.0,,0.0,,0.0,False
2026-05-04 00:00:00+00:00,1.6075,9.135000000000002,-0.018000000000000016,-0.0495000000000001,-0.259999999999998,-0.7449999999999992,-0.07200000000000006,-1.039999999999992,falling,spring,2026,,0.0,,0.0,,0.0,False
2026-05-04 01:00:00+00:00,1.5995,9.03,-0.026000000000000023,-0.055500000000000105,-0.3550000000000022,-0.8200000000000003,-0.10400000000000009,-1.4200000000000088,falling,spring,2026,,0.0,,0.0,,0.0,False
2026-05-04 02:00:00+00:00,1.5985,9.015,-0.016999999999999904,-0.052000000000000046,-0.23999999999999844,-0.7699999999999996,-0.06799999999999962,-0.9599999999999937,falling,spring,2026,,0.0,,0.0,,0.0,False
2026-05-04 03:00:00+00:00,1.5985,9.01,-0.018000000000000016,-0.04899999999999993,-0.2550000000000008,-0.7300000000000004,-0.07200000000000006,-1.0200000000000031,falling,spring,2026,,0.0,,0.0,,0.0,False
2026-05-04 04:00:00+00:00,1.5985,9.004999999999999,-0.01649999999999996,-0.045499999999999874,-0.2350000000000012,-0.6850000000000005,-0.06599999999999984,-0.9400000000000048,falling,spring,2026,,0.0,,0.0,,0.0,False
2026-05-04 05:00:00+00:00,1.6005,9.024999999999999,-0.009500000000000064,-0.04349999999999987,-0.14500000000000135,-0.6550000000000011,-0.038000000000000256,-0.5800000000000054,falling,spring,2026,,0.0,,0.0,,0.0,False
2026-05-04 06:00:00+00:00,1.601,9.03,-0.00649999999999995,-0.04200000000000004,-0.1050000000000022,-0.6400000000000006,-0.0259999999999998,-0.4200000000000088,falling,spring,2026,,0.0,,0.0,,0.0,False
2026-05-04 11:00:00+00:00,1.597,8.96,-0.0035000000000000586,-0.04049999999999998,-0.06499999999999773,-0.6149999999999984,-0.014000000000000234,-0.2599999999999909,falling,spring,2026,,0.0,,0.0,,0.0,False
2026-05-04 12:00:00+00:00,1.594,8.92,-0.006999999999999895,-0.04299999999999993,-0.10999999999999943,-0.6500000000000004,-0.02799999999999958,-0.4399999999999977,falling,spring,2026,,0.0,,0.0,,0.0,False
2026-05-04 13:00:00+00:00,1.593,8.9,-0.006000000000000005,-0.04400000000000004,-0.09999999999999964,-0.6600000000000001,-0.02400000000000002,-0.3999999999999986,falling,spring,2026,,0.0,,0.0,,0.0,False
2026-05-04 14:00:00+00:00,1.59,8.86,-0.009499999999999842,-0.04799999999999982,-0.14499999999999957,-0.7100000000000009,-0.03799999999999937,-0.5799999999999983,falling,spring,2026,,0.0,,0.0,,0.0,False
2026-05-04 15:00:00+00:00,1.587,8.82,-0.01200000000000001,-0.05049999999999999,-0.16999999999999993,-0.7400000000000002,-0.04800000000000004,-0.6799999999999997,falling,spring,2026,,0.0,,0.0,,0.0,False
2026-05-04 16:00:00+00:00,1.5855000000000001,8.795,-0.01200000000000001,-0.048499999999999766,-0.1750000000000007,-0.7149999999999999,-0.04800000000000004,-0.7000000000000028,falling,spring,2026,,0.0,,0.0,,0.0,False
2026-05-04 17:00:00+00:00,1.581,8.74,-0.016000000000000014,-0.04800000000000004,-0.22000000000000064,-0.6999999999999993,-0.06400000000000006,-0.8800000000000026,falling,spring,2026,,0.0,,0.0,,0.0,False
2026-05-04 18:00:00+00:00,1.579,8.71,-0.015000000000000124,-0.046499999999999986,-0.20999999999999908,-0.6849999999999987,-0.0600000000000005,-0.8399999999999963,falling,spring,2026,,0.0,,0.0,,0.0,False
2026-05-04 19:00:00+00:00,1.5755,8.665,-0.01750000000000007,-0.050000000000000044,-0.2350000000000012,-0.7200000000000024,-0.07000000000000028,-0.9400000000000048,falling,spring,2026,,0.0,,0.0,,0.0,False
2026-05-04 20:00:00+00:00,1.571,8.6,-0.019000000000000128,-0.044499999999999984,-0.2599999999999998,-0.6549999999999994,-0.07600000000000051,-1.0399999999999991,falling,spring,2026,,0.0,,0.0,,0.0,False
2026-05-04 21:00:00+00:00,1.5655000000000001,8.53,-0.021499999999999853,-0.050999999999999934,-0.2900000000000009,-0.7350000000000012,-0.08599999999999941,-1.1600000000000037,falling,spring,2026,,0.0,,0.0,,0.0,False
2026-05-04 22:00:00+00:00,1.563,8.49,-0.022500000000000187,-0.052000000000000046,-0.3049999999999997,-0.75,-0.09000000000000075,-1.2199999999999989,falling,spring,2026,,0.0,,0.0,,0.0,False
2026-05-04 23:00:00+00:00,1.563,8.49,-0.018000000000000016,-0.04700000000000015,-0.25,-0.6799999999999997,-0.07200000000000006,-1.0,falling,spring,2026,,0.0,,0.0,,0.0,False
2026-05-05 00:00:00+00:00,1.5615,8.465,-0.01749999999999985,-0.04599999999999982,-0.245000000000001,-0.6700000000000017,-0.0699999999999994,-0.980000000000004,falling,spring,2026,,0.0,,0.0,,0.0,False
2026-05-05 01:00:00+00:00,1.558,8.42,-0.01749999999999985,-0.04149999999999987,-0.24499999999999922,-0.6099999999999994,-0.0699999999999994,-0.9799999999999969,falling,spring,2026,,0.0,,0.0,,0.0,False
2026-05-05 02:00:00+00:00,1.554,8.37,-0.016999999999999904,-0.044499999999999984,-0.23000000000000043,-0.6450000000000014,-0.06799999999999962,-0.9200000000000017,falling,spring,2026,,0.0,,0.0,,0.0,False
2026-05-05 03:00:00+00:00,1.552,8.34,-0.013500000000000068,-0.046499999999999986,-0.1899999999999995,-0.6699999999999999,-0.05400000000000027,-0.759999999999998,falling,spring,2026,,0.0,,0.0,,0.0,False
2026-05-05 04:00:00+00:00,1.554,8.36,-0.008999999999999897,-0.044499999999999984,-0.13000000000000078,-0.6449999999999996,-0.03599999999999959,-0.5200000000000031,falling,spring,2026,,0.0,,0.0,,0.0,False
2026-05-05 05:00:00+00:00,1.556,8.38,-0.006999999999999895,-0.044499999999999984,-0.10999999999999943,-0.6449999999999978,-0.02799999999999958,-0.4399999999999977,falling,spring,2026,,0.0,,0.0,,0.0,False
2026-05-05 06:00:00+00:00,1.555,8.37,-0.006500000000000172,-0.04600000000000004,-0.09500000000000064,-0.6600000000000001,-0.02600000000000069,-0.38000000000000256,falling,spring,2026,,0.0,,0.0,,0.0,False
2026-05-05 07:00:00+00:00,1.555,8.36,-0.0030000000000001137,-0.04400000000000004,-0.0600000000000005,-0.6400000000000006,-0.012000000000000455,-0.240000000000002,falling,spring,2026,,0.0,,0.0,,0.0,False
2026-05-05 11:00:00+00:00,1.553,8.32,-0.0030000000000001137,-0.04400000000000004,-0.0600000000000005,-0.6400000000000006,-0.012000000000000455,-0.240000000000002,falling,spring,2026,,0.0,,0.0,,0.0,False
2026-05-05 12:00:00+00:00,1.551,8.3,-0.0040000000000000036,-0.04300000000000015,-0.06999999999999851,-0.6199999999999992,-0.016000000000000014,-0.27999999999999403,falling,spring,2026,,0.0,,0.0,,0.0,False
2026-05-05 13:00:00+00:00,1.549,8.27,-0.006000000000000005,-0.04400000000000004,-0.08999999999999986,-0.6300000000000008,-0.02400000000000002,-0.35999999999999943,falling,spring,2026,,0.0,,0.0,,0.0,False
2026-05-05 14:00:00+00:00,1.548,8.25,-0.006999999999999895,-0.04200000000000004,-0.10999999999999943,-0.6099999999999994,-0.02799999999999958,-0.4399999999999977,falling,spring,2026,,0.0,,0.0,,0.0,False
2026-05-05 15:00:00+00:00,1.545,8.215,-0.010000000000000009,-0.04200000000000004,-0.14499999999999957,-0.6050000000000004,-0.040000000000000036,-0.5799999999999983,falling,spring,2026,,0.0,,0.0,,0.0,False
2026-05-05 16:00:00+00:00,1.544,8.2,-0.010999999999999899,-0.04150000000000009,-0.15000000000000036,-0.5950000000000006,-0.043999999999999595,-0.6000000000000014,falling,spring,2026,,0.0,,0.0,,0.0,False
2026-05-05 17:00:00+00:00,1.543,8.18,-0.010000000000000009,-0.038000000000000034,-0.14000000000000057,-0.5600000000000005,-0.040000000000000036,-0.5600000000000023,falling,spring,2026,,0.0,,0.0,,0.0,False
2026-05-05 18:00:00+00:00,1.54,8.14,-0.010999999999999899,-0.038999999999999924,-0.16000000000000014,-0.5700000000000003,-0.043999999999999595,-0.6400000000000006,falling,spring,2026,,0.0,,0.0,,0.0,False
2026-05-05 19:00:00+00:00,1.539,8.13,-0.010000000000000009,-0.03649999999999998,-0.1399999999999988,-0.5349999999999984,-0.040000000000000036,-0.5599999999999952,falling,spring,2026,,0.0,,0.0,,0.0,False
2026-05-05 20:00:00+00:00,1.536,8.09,-0.01200000000000001,-0.03499999999999992,-0.16000000000000014,-0.5099999999999998,-0.04800000000000004,-0.6400000000000006,falling,spring,2026,,0.0,,0.0,,0.0,False
2026-05-05 21:00:00+00:00,1.534,8.06,-0.010999999999999899,-0.031500000000000083,-0.15499999999999936,-0.46999999999999886,-0.043999999999999595,-0.6199999999999974,falling,spring,2026,,0.0,,0.0,,0.0,False
2026-05-05 22:00:00+00:00,1.532,8.03,-0.01200000000000001,-0.030999999999999917,-0.16999999999999993,-0.46000000000000085,-0.04800000000000004,-0.6799999999999997,falling,spring,2026,,0.0,,0.0,,0.0,False
2026-05-05 23:00:00+00:00,1.533,8.04,-0.010000000000000009,-0.030000000000000027,-0.14000000000000057,-0.45000000000000107,-0.040000000000000036,-0.5600000000000023,falling,spring,2026,,0.0,,0.0,,0.0,False
2026-05-06 00:00:00+00:00,1.532,8.03,-0.008000000000000007,-0.02950000000000008,-0.11000000000000121,-0.4350000000000005,-0.03200000000000003,-0.44000000000000483,falling,spring,2026,,0.0,,0.0,,0.0,False
2026-05-06 01:00:00+00:00,1.53,8.0,-0.008999999999999897,-0.028000000000000025,-0.13000000000000078,-0.41999999999999993,-0.03599999999999959,-0.5200000000000031,falling,spring,2026,,0.0,,0.0,,0.0,False
2026-05-06 02:00:00+00:00,1.529,7.98,-0.007000000000000117,-0.025000000000000133,-0.10999999999999943,-0.3899999999999988,-0.02800000000000047,-0.4399999999999977,falling,spring,2026,,0.0,,0.0,,0.0,False
2026-05-06 03:00:00+00:00,1.527,7.96,-0.007000000000000117,-0.025000000000000133,-0.10000000000000053,-0.3799999999999999,-0.02800000000000047,-0.40000000000000213,falling,spring,2026,,0.0,,0.0,,0.0,False
2026-05-06 04:00:00+00:00,1.525,7.93,-0.007000000000000117,-0.029000000000000137,-0.09999999999999964,-0.4299999999999997,-0.02800000000000047,-0.3999999999999986,falling,spring,2026,,0.0,,0.0,,0.0,False
2026-05-06 05:00:00+00:00,1.524,7.91,-0.008999999999999897,-0.03200000000000003,-0.129999999999999,-0.47000000000000064,-0.03599999999999959,-0.519999999999996,falling,spring,2026,,0.0,,0.0,,0.0,False
2026-05-06 06:00:00+00:00,1.522,7.89,-0.010000000000000009,-0.03299999999999992,-0.13999999999999968,-0.47999999999999954,-0.040000000000000036,-0.5599999999999987,falling,spring,2026,,0.0,,0.0,,0.0,False
2026-05-06 07:00:00+00:00,1.5205,7.865,-0.009500000000000064,-0.034499999999999975,-0.1349999999999998,-0.4949999999999992,-0.038000000000000256,-0.5399999999999991,falling,spring,2026,,0.0,,0.0,,0.0,False
2026-05-06 08:00:00+00:00,1.518,7.83,-0.010999999999999899,-0.03699999999999992,-0.15000000000000036,-0.5299999999999994,-0.043999999999999595,-0.6000000000000014,falling,spring,2026,,0.0,,0.0,,0.0,False
2026-05-06 09:00:00+00:00,1.517,7.82,-0.010000000000000009,-0.038000000000000034,-0.13999999999999968,-0.5399999999999991,-0.040000000000000036,-0.5599999999999987,falling,spring,2026,,0.0,,0.0,,0.0,False
2026-05-06 10:00:00+00:00,1.516,7.8,-0.008999999999999897,-0.038999999999999924,-0.1299999999999999,-0.5499999999999998,-0.03599999999999959,-0.5199999999999996,falling,spring,2026,,0.0,,0.0,,0.0,False
2026-05-06 11:00:00+00:00,1.515,7.79,-0.009000000000000119,-0.038000000000000034,-0.1200000000000001,-0.5300000000000002,-0.036000000000000476,-0.4800000000000004,falling,spring,2026,,0.0,,0.0,,0.0,False
2026-05-06 12:00:00+00:00,1.511,7.74,-0.01100000000000012,-0.040000000000000036,-0.14999999999999947,-0.5600000000000005,-0.04400000000000048,-0.5999999999999979,falling,spring,2026,,0.0,,0.0,,0.0,False
2026-05-06 13:00:00+00:00,1.511,7.73,-0.009500000000000064,-0.038000000000000034,-0.1349999999999998,-0.5399999999999991,-0.038000000000000256,-0.5399999999999991,falling,spring,2026,,0.0,,0.0,,0.0,False
2026-05-06 14:00:00+00:00,1.511,7.73,-0.007000000000000117,-0.037000000000000144,-0.09999999999999964,-0.5199999999999996,-0.02800000000000047,-0.3999999999999986,falling,spring,2026,,0.0,,0.0,,0.0,False
2026-05-06 15:00:00+00:00,1.511,7.73,-0.006000000000000005,-0.03400000000000003,-0.08999999999999986,-0.48499999999999943,-0.02400000000000002,-0.35999999999999943,falling,spring,2026,,0.0,,0.0,,0.0,False
2026-05-06 16:00:00+00:00,1.509,7.7,-0.007000000000000117,-0.03500000000000014,-0.09999999999999964,-0.4999999999999991,-0.02800000000000047,-0.3999999999999986,falling,spring,2026,,0.0,,0.0,,0.0,False
2026-05-06 17:00:00+00:00,1.5065,7.665,-0.008499999999999952,-0.03649999999999998,-0.125,-0.5149999999999997,-0.03399999999999981,-0.5,falling,spring,2026,,0.0,,0.0,,0.0,False
2026-05-06 18:00:00+00:00,1.5055,7.655,-0.005499999999999838,-0.034499999999999975,-0.08499999999999996,-0.4850000000000003,-0.021999999999999353,-0.33999999999999986,falling,spring,2026,,0.0,,0.0,,0.0,False
2026-05-06 19:00:00+00:00,1.5025,7.615,-0.008499999999999952,-0.03649999999999998,-0.11500000000000021,-0.5150000000000006,-0.03399999999999981,-0.46000000000000085,falling,spring,2026,,0.0,,0.0,,0.0,False
2026-05-06 20:00:00+00:00,1.5005,7.585,-0.010499999999999954,-0.03550000000000009,-0.14500000000000046,-0.5049999999999999,-0.041999999999999815,-0.5800000000000018,falling,spring,2026,,0.0,,0.0,,0.0,False
2026-05-06 21:00:00+00:00,1.497,7.54,-0.01399999999999979,-0.03699999999999992,-0.1900000000000004,-0.5200000000000005,-0.05599999999999916,-0.7600000000000016,falling,spring,2026,,0.0,,0.0,,0.0,False
2026-05-06 22:00:00+00:00,1.494,7.51,-0.014999999999999902,-0.038000000000000034,-0.1900000000000004,-0.5199999999999996,-0.05999999999999961,-0.7600000000000016,falling,spring,2026,,0.0,,0.0,,0.0,False
2026-05-06 23:00:00+00:00,1.4925000000000002,7.485,-0.01399999999999979,-0.04049999999999976,-0.17999999999999972,-0.5549999999999988,-0.05599999999999916,-0.7199999999999989,falling,spring,2026,,0.0,,0.0,,0.0,False
2026-05-07 00:00:00+00:00,1.4915,7.465,-0.014000000000000012,-0.04049999999999998,-0.1900000000000004,-0.5649999999999995,-0.05600000000000005,-0.7600000000000016,falling,spring,2026,,0.0,,0.0,,0.0,False
2026-05-07 01:00:00+00:00,1.4915,7.465,-0.010999999999999899,-0.03849999999999998,-0.15000000000000036,-0.5350000000000001,-0.043999999999999595,-0.6000000000000014,falling,spring,2026,,0.0,,0.0,,0.0,False
2026-05-07 02:00:00+00:00,1.4925000000000002,7.475,-0.007999999999999785,-0.036499999999999755,-0.11000000000000032,-0.5050000000000008,-0.03199999999999914,-0.4400000000000013,falling,spring,2026,,0.0,,0.0,,0.0,False
2026-05-07 03:00:00+00:00,1.492,7.47,-0.0050000000000001155,-0.03499999999999992,-0.07000000000000028,-0.4900000000000002,-0.020000000000000462,-0.28000000000000114,falling,spring,2026,,0.0,,0.0,,0.0,False
2026-05-07 04:00:00+00:00,1.491,7.45,-0.0029999999999998916,-0.03399999999999981,-0.05999999999999961,-0.47999999999999954,-0.011999999999999567,-0.23999999999999844,approximately_flat,spring,2026,,0.0,,0.0,,0.0,False
2026-05-07 05:00:00+00:00,1.4875,7.405,-0.0050000000000001155,-0.03649999999999998,-0.08000000000000007,-0.5049999999999999,-0.020000000000000462,-0.3200000000000003,falling,spring,2026,,0.0,,0.0,,0.0,False
2026-05-07 06:00:00+00:00,1.4865,7.395,-0.0050000000000001155,-0.03550000000000009,-0.07000000000000028,-0.4950000000000001,-0.020000000000000462,-0.28000000000000114,falling,spring,2026,,0.0,,0.0,,0.0,False
2026-05-07 07:00:00+00:00,1.486,7.39,-0.00550000000000006,-0.034499999999999975,-0.07500000000000018,-0.47500000000000053,-0.02200000000000024,-0.3000000000000007,falling,spring,2026,,0.0,,0.0,,0.0,False
2026-05-07 08:00:00+00:00,1.485,7.37,-0.007500000000000062,-0.03299999999999992,-0.10499999999999954,-0.45999999999999996,-0.03000000000000025,-0.41999999999999815,falling,spring,2026,,0.0,,0.0,,0.0,False
2026-05-07 09:00:00+00:00,1.485,7.37,-0.006999999999999895,-0.031999999999999806,-0.09999999999999964,-0.4500000000000002,-0.02799999999999958,-0.3999999999999986,falling,spring,2026,,0.0,,0.0,,0.0,False
2026-05-07 10:00:00+00:00,1.484,7.35,-0.007000000000000117,-0.03200000000000003,-0.10000000000000053,-0.4500000000000002,-0.02800000000000047,-0.40000000000000213,falling,spring,2026,,0.0,,0.0,,0.0,False
2026-05-07 11:00:00+00:00,1.482,7.33,-0.00550000000000006,-0.03299999999999992,-0.07500000000000018,-0.45999999999999996,-0.02200000000000024,-0.3000000000000007,falling,spring,2026,,0.0,,0.0,,0.0,False
2026-05-07 12:00:00+00:00,1.481,7.31,-0.005499999999999838,-0.029999999999999805,-0.08499999999999996,-0.4300000000000006,-0.021999999999999353,-0.33999999999999986,falling,spring,2026,,0.0,,0.0,,0.0,False
2026-05-07 13:00:00+00:00,1.4795,7.295,-0.00649999999999995,-0.03149999999999986,-0.09499999999999975,-0.4350000000000005,-0.0259999999999998,-0.379999999999999,falling,spring,2026,,0.0,,0.0,,0.0,False
2026-05-07 14:00:00+00:00,1.477,7.26,-0.008000000000000007,-0.03399999999999981,-0.11000000000000032,-0.47000000000000064,-0.03200000000000003,-0.4400000000000013,falling,spring,2026,,0.0,,0.0,,0.0,False
2026-05-07 15:00:00+00:00,1.476,7.245,-0.009000000000000119,-0.03499999999999992,-0.125,-0.4850000000000003,-0.036000000000000476,-0.5,falling,spring,2026,,0.0,,0.0,,0.0,False
2026-05-07 16:00:00+00:00,1.4715,7.1899999999999995,-0.012499999999999956,-0.03749999999999987,-0.16000000000000014,-0.5100000000000007,-0.04999999999999982,-0.6400000000000006,falling,spring,2026,,0.0,,0.0,,0.0,False
2026-05-07 17:00:00+00:00,1.469,7.16,-0.0129999999999999,-0.03749999999999987,-0.16999999999999993,-0.5049999999999999,-0.0519999999999996,-0.6799999999999997,falling,spring,2026,,0.0,,0.0,,0.0,False
2026-05-07 18:00:00+00:00,1.467,7.13,-0.014000000000000012,-0.03849999999999998,-0.17999999999999972,-0.5250000000000004,-0.05600000000000005,-0.7199999999999989,falling,spring,2026,,0.0,,0.0,,0.0,False
2026-05-07 19:00:00+00:00,1.467,7.13,-0.012499999999999956,-0.035499999999999865,-0.16500000000000004,-0.4850000000000003,-0.04999999999999982,-0.6600000000000001,falling,spring,2026,,0.0,,0.0,,0.0,False
2026-05-07 20:00:00+00:00,1.462,7.07,-0.015000000000000124,-0.03849999999999998,-0.1899999999999995,-0.5149999999999997,-0.0600000000000005,-0.759999999999998,falling,spring,2026,,0.0,,0.0,,0.0,False
2026-05-07 21:00:00+00:00,1.463,7.08,-0.0129999999999999,-0.03400000000000003,-0.16500000000000004,-0.45999999999999996,-0.0519999999999996,-0.6600000000000001,falling,spring,2026,,0.0,,0.0,,0.0,False
2026-05-07 22:00:00+00:00,1.462,7.0649999999999995,-0.009500000000000064,-0.03200000000000003,-0.125,-0.4450000000000003,-0.038000000000000256,-0.5,falling,spring,2026,,0.0,,0.0,,0.0,False
2026-05-07 23:00:00+00:00,1.458,7.02,-0.01100000000000012,-0.0345000000000002,-0.14000000000000057,-0.46500000000000075,-0.04400000000000048,-0.5600000000000023,falling,spring,2026,,0.0,,0.0,,0.0,False
2026-05-08 00:00:00+00:00,1.4555,6.985,-0.011500000000000066,-0.03600000000000003,-0.14499999999999957,-0.47999999999999954,-0.04600000000000026,-0.5799999999999983,falling,spring,2026,,0.0,,0.0,,0.0,False
2026-05-08 01:00:00+00:00,1.4525000000000001,6.95,-0.014499999999999957,-0.038999999999999924,-0.17999999999999972,-0.5149999999999997,-0.05799999999999983,-0.7199999999999989,falling,spring,2026,,0.0,,0.0,,0.0,False
2026-05-08 02:00:00+00:00,1.45,6.92,-0.01200000000000001,-0.042500000000000204,-0.15000000000000036,-0.5549999999999997,-0.04800000000000004,-0.6000000000000014,falling,spring,2026,,0.0,,0.0,,0.0,False
2026-05-08 03:00:00+00:00,1.4495,6.91,-0.013500000000000068,-0.04249999999999998,-0.16999999999999993,-0.5599999999999996,-0.05400000000000027,-0.6799999999999997,falling,spring,2026,,0.0,,0.0,,0.0,False
2026-05-08 04:00:00+00:00,1.448,6.89,-0.014000000000000012,-0.04300000000000015,-0.17499999999999982,-0.5600000000000005,-0.05600000000000005,-0.6999999999999993,falling,spring,2026,,0.0,,0.0,,0.0,False
2026-05-08 05:00:00+00:00,1.447,6.88,-0.010999999999999899,-0.04049999999999998,-0.13999999999999968,-0.5250000000000004,-0.043999999999999595,-0.5599999999999987,falling,spring,2026,,0.0,,0.0,,0.0,False
2026-05-08 06:00:00+00:00,1.445,6.85,-0.010499999999999954,-0.04149999999999987,-0.13500000000000068,-0.5449999999999999,-0.041999999999999815,-0.5400000000000027,falling,spring,2026,,0.0,,0.0,,0.0,False
2026-05-08 07:00:00+00:00,1.444,6.84,-0.008500000000000174,-0.04200000000000004,-0.11000000000000032,-0.5499999999999998,-0.034000000000000696,-0.4400000000000013,falling,spring,2026,,0.0,,0.0,,0.0,False
2026-05-08 08:00:00+00:00,1.4425,6.8149999999999995,-0.007500000000000062,-0.042500000000000204,-0.10500000000000043,-0.5550000000000006,-0.03000000000000025,-0.4200000000000017,falling,spring,2026,,0.0,,0.0,,0.0,False
2026-05-08 09:00:00+00:00,1.441,6.8,-0.008499999999999952,-0.04400000000000004,-0.11000000000000032,-0.5700000000000003,-0.03399999999999981,-0.4400000000000013,falling,spring,2026,,0.0,,0.0,,0.0,False
2026-05-08 10:00:00+00:00,1.439,6.77,-0.008999999999999897,-0.04499999999999993,-0.1200000000000001,-0.5800000000000001,-0.03599999999999959,-0.4800000000000004,falling,spring,2026,,0.0,,0.0,,0.0,False
2026-05-08 11:00:00+00:00,1.438,6.76,-0.009000000000000119,-0.04400000000000004,-0.1200000000000001,-0.5700000000000003,-0.036000000000000476,-0.4800000000000004,falling,spring,2026,,0.0,,0.0,,0.0,False
2026-05-08 12:00:00+00:00,1.434,6.71,-0.01100000000000012,-0.04700000000000015,-0.13999999999999968,-0.5999999999999996,-0.04400000000000048,-0.5599999999999987,falling,spring,2026,,0.0,,0.0,,0.0,False
2026-05-08 13:00:00+00:00,1.434,6.71,-0.010000000000000009,-0.045500000000000096,-0.1299999999999999,-0.585,-0.040000000000000036,-0.5199999999999996,falling,spring,2026,,0.0,,0.0,,0.0,False
2026-05-08 14:00:00+00:00,1.43,6.66,-0.012499999999999956,-0.04700000000000015,-0.15499999999999936,-0.5999999999999996,-0.04999999999999982,-0.6199999999999974,falling,spring,2026,,0.0,,0.0,,0.0,False
2026-05-08 15:00:00+00:00,1.422,6.57,-0.019000000000000128,-0.05400000000000005,-0.22999999999999954,-0.6749999999999998,-0.07600000000000051,-0.9199999999999982,falling,spring,2026,,0.0,,0.0,,0.0,False
2026-05-08 16:00:00+00:00,1.416,6.51,-0.02300000000000013,-0.055500000000000105,-0.2599999999999998,-0.6799999999999997,-0.09200000000000053,-1.0399999999999991,falling,spring,2026,,0.0,,0.0,,0.0,False
2026-05-08 17:00:00+00:00,1.4155,6.495,-0.022499999999999964,-0.0535000000000001,-0.2649999999999997,-0.665,-0.08999999999999986,-1.0599999999999987,falling,spring,2026,,0.0,,0.0,,0.0,False
2026-05-08 18:00:00+00:00,1.415,6.49,-0.018999999999999906,-0.052000000000000046,-0.21999999999999975,-0.6399999999999997,-0.07599999999999962,-0.879999999999999,falling,spring,2026,,0.0,,0.0,,0.0,False
2026-05-08 19:00:00+00:00,1.416,6.5,-0.018000000000000016,-0.051000000000000156,-0.20999999999999996,-0.6299999999999999,-0.07200000000000006,-0.8399999999999999,falling,spring,2026,,0.0,,0.0,,0.0,False
2026-05-08 20:00:00+00:00,1.4155,6.485,-0.014499999999999957,-0.046499999999999986,-0.17499999999999982,-0.585,-0.05799999999999983,-0.6999999999999993,falling,spring,2026,,0.0,,0.0,,0.0,False
2026-05-08 21:00:00+00:00,1.414,6.47,-0.008000000000000007,-0.049000000000000155,-0.10000000000000053,-0.6100000000000003,-0.03200000000000003,-0.40000000000000213,falling,spring,2026,,0.0,,0.0,,0.0,False
2026-05-08 22:00:00+00:00,1.413,6.46,-0.0029999999999998916,-0.04899999999999993,-0.04999999999999982,-0.6049999999999995,-0.011999999999999567,-0.1999999999999993,approximately_flat,spring,2026,,0.0,,0.0,,0.0,False
2026-05-08 23:00:00+00:00,1.408,6.4,-0.007500000000000062,-0.050000000000000044,-0.09499999999999975,-0.6199999999999992,-0.03000000000000025,-0.379999999999999,falling,spring,2026,,0.0,,0.0,,0.0,False
2026-05-09 00:00:00+00:00,1.405,6.365,-0.010000000000000009,-0.05049999999999999,-0.125,-0.6200000000000001,-0.040000000000000036,-0.5,falling,spring,2026,,0.0,,0.0,,0.0,False
2026-05-09 01:00:00+00:00,1.399,6.3,-0.016999999999999904,-0.0535000000000001,-0.20000000000000018,-0.6500000000000004,-0.06799999999999962,-0.8000000000000007,falling,spring,2026,,0.0,,0.0,,0.0,False
2026-05-09 02:00:00+00:00,1.3984999999999999,6.29,-0.017000000000000126,-0.0515000000000001,-0.19500000000000028,-0.6299999999999999,-0.0680000000000005,-0.7800000000000011,falling,spring,2026,,0.0,,0.0,,0.0,False
2026-05-09 03:00:00+00:00,1.3975,6.275,-0.01649999999999996,-0.052000000000000046,-0.1949999999999994,-0.6349999999999998,-0.06599999999999984,-0.7799999999999976,falling,spring,2026,,0.0,,0.0,,0.0,False
2026-05-09 04:00:00+00:00,1.395,6.25,-0.018000000000000016,-0.052999999999999936,-0.20999999999999996,-0.6399999999999997,-0.07200000000000006,-0.8399999999999999,falling,spring,2026,,0.0,,0.0,,0.0,False
2026-05-09 05:00:00+00:00,1.3944999999999999,6.24,-0.013500000000000068,-0.05250000000000021,-0.16000000000000014,-0.6399999999999997,-0.05400000000000027,-0.6400000000000006,falling,spring,2026,,0.0,,0.0,,0.0,False
2026-05-09 06:00:00+00:00,1.396,6.25,-0.009000000000000119,-0.049000000000000155,-0.11500000000000021,-0.5999999999999996,-0.036000000000000476,-0.46000000000000085,falling,spring,2026,,0.0,,0.0,,0.0,False
2026-05-09 07:00:00+00:00,1.396,6.25,-0.0030000000000001137,-0.04800000000000004,-0.04999999999999982,-0.5899999999999999,-0.012000000000000455,-0.1999999999999993,falling,spring,2026,,0.0,,0.0,,0.0,False
2026-05-09 08:00:00+00:00,1.392,6.205,-0.00649999999999995,-0.05049999999999999,-0.08499999999999996,-0.6099999999999994,-0.0259999999999998,-0.33999999999999986,falling,spring,2026,,0.0,,0.0,,0.0,False
2026-05-09 09:00:00+00:00,1.392,6.2,-0.00550000000000006,-0.049000000000000155,-0.07500000000000018,-0.5999999999999996,-0.02200000000000024,-0.3000000000000007,falling,spring,2026,,0.0,,0.0,,0.0,False
2026-05-09 10:00:00+00:00,1.392,6.2,-0.0030000000000001137,-0.04700000000000015,-0.04999999999999982,-0.5699999999999994,-0.012000000000000455,-0.1999999999999993,falling,spring,2026,,0.0,,0.0,,0.0,False
2026-05-09 11:00:00+00:00,1.393,6.21,-0.0014999999999998348,-0.04499999999999993,-0.03000000000000025,-0.5499999999999998,-0.005999999999999339,-0.120000000000001,approximately_flat,spring,2026,,0.0,,0.0,,0.0,False
2026-05-09 12:00:00+00:00,1.3925,6.2,-0.0034999999999998366,-0.04149999999999987,-0.04999999999999982,-0.5099999999999998,-0.013999999999999346,-0.1999999999999993,falling,spring,2026,,0.0,,0.0,,0.0,False
2026-05-09 13:00:00+00:00,1.393,6.2,-0.0029999999999998916,-0.040999999999999925,-0.04999999999999982,-0.5099999999999998,-0.011999999999999567,-0.1999999999999993,approximately_flat,spring,2026,,0.0,,0.0,,0.0,False
2026-05-09 16:00:00+00:00,1.389,6.15,-0.0029999999999998916,-0.026999999999999913,-0.04999999999999982,-0.35999999999999943,-0.011999999999999567,-0.1999999999999993,approximately_flat,spring,2026,,0.0,,0.0,,0.0,False
2026-05-09 17:00:00+00:00,1.3875,6.135,-0.00550000000000006,-0.028000000000000025,-0.07500000000000018,-0.3600000000000003,-0.02200000000000024,-0.3000000000000007,falling,spring,2026,,0.0,,0.0,,0.0,False
2026-05-09 18:00:00+00:00,1.386,6.11,-0.006500000000000172,-0.029000000000000137,-0.08999999999999986,-0.3799999999999999,-0.02600000000000069,-0.35999999999999943,falling,spring,2026,,0.0,,0.0,,0.0,False
2026-05-09 19:00:00+00:00,1.385,6.1,-0.008000000000000007,-0.030999999999999917,-0.10000000000000053,-0.40000000000000036,-0.03200000000000003,-0.40000000000000213,falling,spring,2026,,0.0,,0.0,,0.0,False
2026-05-09 20:00:00+00:00,1.385,6.1,-0.006000000000000005,-0.03049999999999997,-0.08000000000000007,-0.3850000000000007,-0.02400000000000002,-0.3200000000000003,falling,spring,2026,,0.0,,0.0,,0.0,False
2026-05-09 21:00:00+00:00,1.382,6.06,-0.009000000000000119,-0.03200000000000003,-0.11000000000000032,-0.41000000000000014,-0.036000000000000476,-0.4400000000000013,falling,spring,2026,,0.0,,0.0,,0.0,False
2026-05-09 22:00:00+00:00,1.381,6.05,-0.008000000000000007,-0.03200000000000003,-0.10000000000000053,-0.41000000000000014,-0.03200000000000003,-0.40000000000000213,falling,spring,2026,,0.0,,0.0,,0.0,False
2026-05-09 23:00:00+00:00,1.378,6.02,-0.009500000000000064,-0.030000000000000027,-0.11500000000000021,-0.3800000000000008,-0.038000000000000256,-0.46000000000000085,falling,spring,2026,,0.0,,0.0,,0.0,False
2026-05-10 00:00:00+00:00,1.376,5.99,-0.010000000000000009,-0.029000000000000137,-0.1200000000000001,-0.375,-0.040000000000000036,-0.4800000000000004,falling,spring,2026,,0.0,,0.0,,0.0,False
2026-05-10 01:00:00+00:00,1.374,5.97,-0.010999999999999899,-0.02499999999999991,-0.1299999999999999,-0.33000000000000007,-0.043999999999999595,-0.5199999999999996,falling,spring,2026,,0.0,,0.0,,0.0,False
2026-05-10 02:00:00+00:00,1.372,5.95,-0.0129999999999999,-0.026499999999999746,-0.14999999999999947,-0.33999999999999986,-0.0519999999999996,-0.5999999999999979,falling,spring,2026,,0.0,,0.0,,0.0,False
2026-05-10 03:00:00+00:00,1.3695,5.92,-0.012499999999999956,-0.028000000000000025,-0.13999999999999968,-0.3550000000000004,-0.04999999999999982,-0.5599999999999987,falling,spring,2026,,0.0,,0.0,,0.0,False
2026-05-10 04:00:00+00:00,1.368,5.9,-0.0129999999999999,-0.026999999999999913,-0.14999999999999947,-0.34999999999999964,-0.0519999999999996,-0.5999999999999979,falling,spring,2026,,0.0,,0.0,,0.0,False
2026-05-10 05:00:00+00:00,1.365,5.87,-0.0129999999999999,-0.02949999999999986,-0.14999999999999947,-0.3700000000000001,-0.0519999999999996,-0.5999999999999979,falling,spring,2026,,0.0,,0.0,,0.0,False
2026-05-10 06:00:00+00:00,1.363,5.85,-0.0129999999999999,-0.03299999999999992,-0.14000000000000057,-0.40000000000000036,-0.0519999999999996,-0.5600000000000023,falling,spring,2026,,0.0,,0.0,,0.0,False
2026-05-10 07:00:00+00:00,1.361,5.82,-0.013000000000000123,-0.03499999999999992,-0.14999999999999947,-0.4299999999999997,-0.05200000000000049,-0.5999999999999979,falling,spring,2026,,0.0,,0.0,,0.0,False
2026-05-10 08:00:00+00:00,1.359,5.8,-0.013000000000000123,-0.03299999999999992,-0.15000000000000036,-0.40500000000000025,-0.05200000000000049,-0.6000000000000014,falling,spring,2026,,0.0,,0.0,,0.0,False
2026-05-10 09:00:00+00:00,1.359,5.8,-0.010499999999999954,-0.03299999999999992,-0.1200000000000001,-0.40000000000000036,-0.041999999999999815,-0.4800000000000004,falling,spring,2026,,0.0,,0.0,,0.0,False
2026-05-10 10:00:00+00:00,1.356,5.76,-0.01200000000000001,-0.03599999999999981,-0.14000000000000057,-0.4400000000000004,-0.04800000000000004,-0.5600000000000023,falling,spring,2026,,0.0,,0.0,,0.0,False
2026-05-10 11:00:00+00:00,1.355,5.75,-0.010000000000000009,-0.038000000000000034,-0.1200000000000001,-0.45999999999999996,-0.040000000000000036,-0.4800000000000004,falling,spring,2026,,0.0,,0.0,,0.0,False
2026-05-10 12:00:00+00:00,1.355,5.75,-0.008000000000000007,-0.03750000000000009,-0.09999999999999964,-0.4500000000000002,-0.03200000000000003,-0.3999999999999986,falling,spring,2026,,0.0,,0.0,,0.0,False
2026-05-10 13:00:00+00:00,1.354,5.74,-0.006999999999999895,-0.038999999999999924,-0.08000000000000007,-0.45999999999999996,-0.02799999999999958,-0.3200000000000003,falling,spring,2026,,0.0,,0.0,,0.0,False
2026-05-10 14:00:00+00:00,1.354,5.73,-0.004999999999999893,-0.03699999999999992,-0.0699999999999994,-0.4499999999999993,-0.019999999999999574,-0.2799999999999976,falling,spring,2026,,0.0,,0.0,,0.0,False
2026-05-10 15:00:00+00:00,1.353,5.72,-0.006000000000000005,-0.038000000000000034,-0.08000000000000007,-0.4500000000000002,-0.02400000000000002,-0.3200000000000003,falling,spring,2026,,0.0,,0.0,,0.0,False
2026-05-10 16:00:00+00:00,1.352,5.71,-0.0040000000000000036,-0.03699999999999992,-0.04999999999999982,-0.4400000000000004,-0.016000000000000014,-0.1999999999999993,falling,spring,2026,,0.0,,0.0,,0.0,False
2026-05-10 17:00:00+00:00,1.351,5.7,-0.0040000000000000036,-0.03649999999999998,-0.04999999999999982,-0.4349999999999996,-0.016000000000000014,-0.1999999999999993,falling,spring,2026,,0.0,,0.0,,0.0,False
2026-05-10 18:00:00+00:00,1.349,5.67,-0.006000000000000005,-0.03699999999999992,-0.08000000000000007,-0.4400000000000004,-0.02400000000000002,-0.3200000000000003,falling,spring,2026,,0.0,,0.0,,0.0,False
2026-05-10 19:00:00+00:00,1.349,5.67,-0.0050000000000001155,-0.03600000000000003,-0.07000000000000028,-0.4299999999999997,-0.020000000000000462,-0.28000000000000114,falling,spring,2026,,0.0,,0.0,,0.0,False
2026-05-10 20:00:00+00:00,1.347,5.65,-0.007000000000000117,-0.038000000000000034,-0.08000000000000007,-0.4499999999999993,-0.02800000000000047,-0.3200000000000003,falling,spring,2026,,0.0,,0.0,,0.0,False
2026-05-10 21:00:00+00:00,1.346,5.64,-0.006999999999999895,-0.03599999999999981,-0.08000000000000007,-0.41999999999999993,-0.02799999999999958,-0.3200000000000003,falling,spring,2026,,0.0,,0.0,,0.0,False
2026-05-10 22:00:00+00:00,1.344,5.61,-0.008000000000000007,-0.03699999999999992,-0.09999999999999964,-0.4399999999999995,-0.03200000000000003,-0.3999999999999986,falling,spring,2026,,0.0,,0.0,,0.0,False
2026-05-10 23:00:00+00:00,1.3425,5.595,-0.008499999999999952,-0.035499999999999865,-0.10500000000000043,-0.4249999999999998,-0.03399999999999981,-0.4200000000000017,falling,spring,2026,,0.0,,0.0,,0.0,False
2026-05-11 00:00:00+00:00,1.34,5.57,-0.008999999999999897,-0.03599999999999981,-0.09999999999999964,-0.41999999999999993,-0.03599999999999959,-0.3999999999999986,falling,spring,2026,,0.0,,0.0,,0.0,False
2026-05-11 01:00:00+00:00,1.338,5.55,-0.010999999999999899,-0.03600000000000003,-0.1200000000000001,-0.41999999999999993,-0.043999999999999595,-0.4800000000000004,falling,spring,2026,,0.0,,0.0,,0.0,False
2026-05-11 02:00:00+00:00,1.3365,5.525,-0.010499999999999954,-0.03550000000000009,-0.125,-0.4249999999999998,-0.041999999999999815,-0.5,falling,spring,2026,,0.0,,0.0,,0.0,False
2026-05-11 03:00:00+00:00,1.334,5.5,-0.01200000000000001,-0.035499999999999865,-0.13999999999999968,-0.41999999999999993,-0.04800000000000004,-0.5599999999999987,falling,spring,2026,,0.0,,0.0,,0.0,False
2026-05-11 04:00:00+00:00,1.332,5.48,-0.01200000000000001,-0.03600000000000003,-0.1299999999999999,-0.41999999999999993,-0.04800000000000004,-0.5199999999999996,falling,spring,2026,,0.0,,0.0,,0.0,False
2026-05-11 05:00:00+00:00,1.3290000000000002,5.45,-0.013499999999999845,-0.03599999999999981,-0.14499999999999957,-0.41999999999999993,-0.05399999999999938,-0.5799999999999983,falling,spring,2026,,0.0,,0.0,,0.0,False
2026-05-11 06:00:00+00:00,1.322,5.375,-0.018000000000000016,-0.040999999999999925,-0.19500000000000028,-0.47499999999999964,-0.07200000000000006,-0.7800000000000011,falling,spring,2026,,0.0,,0.0,,0.0,False
2026-05-11 07:00:00+00:00,1.32,5.35,-0.018000000000000016,-0.040999999999999925,-0.20000000000000018,-0.47000000000000064,-0.07200000000000006,-0.8000000000000007,falling,spring,2026,,0.0,,0.0,,0.0,False
2026-05-11 08:00:00+00:00,1.3215,5.365,-0.015000000000000124,-0.03750000000000009,-0.16000000000000014,-0.4349999999999996,-0.0600000000000005,-0.6400000000000006,falling,spring,2026,,0.0,,0.0,,0.0,False
2026-05-11 09:00:00+00:00,1.322,5.37,-0.01200000000000001,-0.03699999999999992,-0.1299999999999999,-0.4299999999999997,-0.04800000000000004,-0.5199999999999996,falling,spring,2026,,0.0,,0.0,,0.0,False
2026-05-11 10:00:00+00:00,1.322,5.37,-0.010000000000000009,-0.03400000000000003,-0.11000000000000032,-0.3899999999999997,-0.040000000000000036,-0.4400000000000013,falling,spring,2026,,0.0,,0.0,,0.0,False
2026-05-11 11:00:00+00:00,1.325,5.39,-0.004000000000000226,-0.030000000000000027,-0.0600000000000005,-0.3600000000000003,-0.016000000000000902,-0.240000000000002,falling,spring,2026,,0.0,,0.0,,0.0,False
2026-05-12 20:00:00+00:00,1.277,4.86,-0.0025000000000001688,-0.061000000000000165,-0.034999999999999254,-0.6399999999999997,-0.010000000000000675,-0.13999999999999702,approximately_flat,spring,2026,,0.0,,0.0,,0.0,False
2026-05-12 21:00:00+00:00,1.2715,4.805,-0.00749999999999984,-0.05899999999999994,-0.08499999999999996,-0.6200000000000001,-0.02999999999999936,-0.33999999999999986,falling,spring,2026,,0.0,,0.0,,0.0,False
2026-05-12 22:00:00+00:00,1.2685,4.775,-0.009500000000000064,-0.05750000000000011,-0.10499999999999954,-0.6049999999999995,-0.038000000000000256,-0.41999999999999815,falling,spring,2026,,0.0,,0.0,,0.0,False
2026-05-12 23:00:00+00:00,1.267,4.76,-0.012500000000000178,-0.05250000000000021,-0.125,-0.5499999999999998,-0.05000000000000071,-0.5,falling,spring,2026,,0.0,,0.0,,0.0,False
2026-05-13 00:00:00+00:00,1.264,4.73,-0.014999999999999902,-0.050999999999999934,-0.14999999999999947,-0.5299999999999994,-0.05999999999999961,-0.5999999999999979,falling,spring,2026,,0.0,,0.0,,0.0,False
2026-05-13 01:00:00+00:00,1.261,4.7,-0.017000000000000126,-0.0475000000000001,-0.16999999999999993,-0.4950000000000001,-0.0680000000000005,-0.6799999999999997,falling,spring,2026,,0.0,,0.0,,0.0,False
2026-05-13 02:00:00+00:00,1.2574999999999998,4.665,-0.019500000000000073,-0.044500000000000206,-0.19500000000000028,-0.46499999999999986,-0.07800000000000029,-0.7800000000000011,falling,spring,2026,,0.0,,0.0,,0.0,False
2026-05-13 03:00:00+00:00,1.253,4.62,-0.018500000000000183,-0.04500000000000015,-0.1849999999999996,-0.46999999999999975,-0.07400000000000073,-0.7399999999999984,falling,spring,2026,,0.0,,0.0,,0.0,False
2026-05-13 04:00:00+00:00,1.25,4.59,-0.01849999999999996,-0.04400000000000004,-0.1850000000000005,-0.45999999999999996,-0.07399999999999984,-0.740000000000002,falling,spring,2026,,0.0,,0.0,,0.0,False
2026-05-13 05:00:00+00:00,1.248,4.57,-0.018999999999999906,-0.04299999999999993,-0.1899999999999995,-0.4499999999999993,-0.07599999999999962,-0.759999999999998,falling,spring,2026,,0.0,,0.0,,0.0,False
2026-05-13 06:00:00+00:00,1.246,4.55,-0.018000000000000016,-0.04400000000000004,-0.1800000000000006,-0.45999999999999996,-0.07200000000000006,-0.7200000000000024,falling,spring,2026,,0.0,,0.0,,0.0,False
2026-05-13 07:00:00+00:00,1.243,4.52,-0.017999999999999794,-0.04399999999999982,-0.1800000000000006,-0.46000000000000085,-0.07199999999999918,-0.7200000000000024,falling,spring,2026,,0.0,,0.0,,0.0,False
2026-05-13 08:00:00+00:00,1.241,4.505,-0.016499999999999737,-0.045499999999999874,-0.16000000000000014,-0.46999999999999975,-0.06599999999999895,-0.6400000000000006,falling,spring,2026,,0.0,,0.0,,0.0,False
2026-05-13 09:00:00+00:00,1.24,4.49,-0.0129999999999999,-0.04499999999999993,-0.1299999999999999,-0.46999999999999975,-0.0519999999999996,-0.5199999999999996,falling,spring,2026,,0.0,,0.0,,0.0,False
2026-05-13 10:00:00+00:00,1.24,4.49,-0.010000000000000009,-0.04299999999999993,-0.09999999999999964,-0.4500000000000002,-0.040000000000000036,-0.3999999999999986,falling,spring,2026,,0.0,,0.0,,0.0,False
2026-05-13 11:00:00+00:00,1.2385000000000002,4.475,-0.009499999999999842,-0.04349999999999987,-0.09500000000000064,-0.4450000000000003,-0.03799999999999937,-0.38000000000000256,falling,spring,2026,,0.0,,0.0,,0.0,False
2026-05-13 12:00:00+00:00,1.2385000000000002,4.475,-0.00749999999999984,-0.04149999999999987,-0.07500000000000018,-0.4250000000000007,-0.02999999999999936,-0.3000000000000007,falling,spring,2026,,0.0,,0.0,,0.0,False
2026-05-13 13:00:00+00:00,1.238,4.47,-0.0050000000000001155,-0.040999999999999925,-0.04999999999999982,-0.41999999999999993,-0.020000000000000462,-0.1999999999999993,falling,spring,2026,,0.0,,0.0,,0.0,False
2026-05-13 14:00:00+00:00,1.2375,4.46,-0.0035000000000000586,-0.04200000000000004,-0.04499999999999993,-0.4349999999999996,-0.014000000000000234,-0.17999999999999972,falling,spring,2026,,0.0,,0.0,,0.0,False
2026-05-13 15:00:00+00:00,1.238,4.46,-0.0020000000000000018,-0.040999999999999925,-0.03000000000000025,-0.4299999999999997,-0.008000000000000007,-0.120000000000001,approximately_flat,spring,2026,,0.0,,0.0,,0.0,False
2026-05-13 16:00:00+00:00,1.237,4.45,-0.0029999999999998916,-0.040999999999999925,-0.040000000000000036,-0.4299999999999997,-0.011999999999999567,-0.16000000000000014,approximately_flat,spring,2026,,0.0,,0.0,,0.0,False
2026-05-13 17:00:00+00:00,1.236,4.44,-0.0025000000000001688,-0.043500000000000094,-0.034999999999999254,-0.4449999999999994,-0.010000000000000675,-0.13999999999999702,approximately_flat,spring,2026,,0.0,,0.0,,0.0,False
2026-05-13 18:00:00+00:00,1.236,4.44,-0.0025000000000001688,-0.04299999999999993,-0.034999999999999254,-0.4399999999999995,-0.010000000000000675,-0.13999999999999702,approximately_flat,spring,2026,,0.0,,0.0,,0.0,False
2026-05-13 19:00:00+00:00,1.235,4.43,-0.0029999999999998916,-0.04299999999999993,-0.040000000000000036,-0.4400000000000004,-0.011999999999999567,-0.16000000000000014,approximately_flat,spring,2026,,0.0,,0.0,,0.0,False
2026-05-13 20:00:00+00:00,1.232,4.4,-0.00550000000000006,-0.04499999999999993,-0.05999999999999961,-0.45999999999999996,-0.02200000000000024,-0.23999999999999844,falling,spring,2026,,0.0,,0.0,,0.0,False
2026-05-13 21:00:00+00:00,1.231,4.39,-0.006999999999999895,-0.04049999999999998,-0.07000000000000028,-0.41500000000000004,-0.02799999999999958,-0.28000000000000114,falling,spring,2026,,0.0,,0.0,,0.0,False
2026-05-13 22:00:00+00:00,1.229,4.37,-0.008000000000000007,-0.03949999999999987,-0.08000000000000007,-0.40500000000000025,-0.03200000000000003,-0.3200000000000003,falling,spring,2026,,0.0,,0.0,,0.0,False
2026-05-13 23:00:00+00:00,1.2255,4.335,-0.010499999999999954,-0.04149999999999987,-0.10500000000000043,-0.4249999999999998,-0.041999999999999815,-0.4200000000000017,falling,spring,2026,,0.0,,0.0,,0.0,False
2026-05-14 00:00:00+00:00,1.224,4.32,-0.01200000000000001,-0.040000000000000036,-0.1200000000000001,-0.41000000000000014,-0.04800000000000004,-0.4800000000000004,falling,spring,2026,,0.0,,0.0,,0.0,False
2026-05-14 01:00:00+00:00,1.223,4.31,-0.01200000000000001,-0.03799999999999981,-0.1200000000000001,-0.39000000000000057,-0.04800000000000004,-0.4800000000000004,falling,spring,2026,,0.0,,0.0,,0.0,False
2026-05-14 02:00:00+00:00,1.222,4.3,-0.010000000000000009,-0.035499999999999865,-0.10000000000000053,-0.3650000000000002,-0.040000000000000036,-0.40000000000000213,falling,spring,2026,,0.0,,0.0,,0.0,False
2026-05-14 03:00:00+00:00,1.222,4.3,-0.009000000000000119,-0.030999999999999917,-0.08999999999999986,-0.3200000000000003,-0.036000000000000476,-0.35999999999999943,falling,spring,2026,,0.0,,0.0,,0.0,False
2026-05-14 04:00:00+00:00,1.222,4.3,-0.007000000000000117,-0.028000000000000025,-0.07000000000000028,-0.29000000000000004,-0.02800000000000047,-0.28000000000000114,falling,spring,2026,,0.0,,0.0,,0.0,False
2026-05-14 05:00:00+00:00,1.223,4.3,-0.0024999999999999467,-0.02499999999999991,-0.03500000000000014,-0.27000000000000046,-0.009999999999999787,-0.14000000000000057,approximately_flat,spring,2026,,0.0,,0.0,,0.0,False
2026-05-17 10:00:00+00:00,1.1165,3.295,-0.0015000000000000568,-0.014499999999999957,-0.015000000000000124,-0.14500000000000002,-0.006000000000000227,-0.0600000000000005,approximately_flat,spring,2026,,0.0,,0.0,,0.0,False
2026-05-17 11:00:00+00:00,1.116,3.29,-0.0020000000000000018,-0.015999999999999792,-0.020000000000000018,-0.16000000000000014,-0.008000000000000007,-0.08000000000000007,approximately_flat,spring,2026,,0.0,,0.0,,0.0,False
2026-05-17 12:00:00+00:00,1.115,3.28,-0.0040000000000000036,-0.016999999999999904,-0.040000000000000036,-0.17000000000000037,-0.016000000000000014,-0.16000000000000014,falling,spring,2026,,0.0,,0.0,,0.0,False
2026-05-17 13:00:00+00:00,1.114,3.27,-0.004999999999999893,-0.017999999999999794,-0.04999999999999982,-0.18000000000000016,-0.019999999999999574,-0.1999999999999993,falling,spring,2026,,0.0,,0.0,,0.0,False
2026-05-17 14:00:00+00:00,1.116,3.28,-0.0020000000000000018,-0.015999999999999792,-0.03000000000000025,-0.16500000000000048,-0.008000000000000007,-0.120000000000001,approximately_flat,spring,2026,,0.0,,0.0,,0.0,False
2026-05-17 15:00:00+00:00,1.116,3.28,-0.0020000000000000018,-0.015999999999999792,-0.020000000000000018,-0.16000000000000014,-0.008000000000000007,-0.08000000000000007,approximately_flat,spring,2026,,0.0,,0.0,,0.0,False
2026-05-17 16:00:00+00:00,1.115,3.27,-0.0015000000000000568,-0.014499999999999957,-0.02499999999999991,-0.1549999999999998,-0.006000000000000227,-0.09999999999999964,approximately_flat,spring,2026,,0.0,,0.0,,0.0,False
2026-05-17 17:00:00+00:00,1.112,3.25,-0.0040000000000000036,-0.016999999999999904,-0.040000000000000036,-0.16999999999999993,-0.016000000000000014,-0.16000000000000014,falling,spring,2026,,0.0,,0.0,,0.0,False
2026-05-17 18:00:00+00:00,1.113,3.25,-0.0020000000000000018,-0.016999999999999904,-0.029999999999999805,-0.16999999999999993,-0.008000000000000007,-0.11999999999999922,approximately_flat,spring,2026,,0.0,,0.0,,0.0,False
2026-05-17 19:00:00+00:00,1.112,3.24,-0.0020000000000000018,-0.017999999999999794,-0.029999999999999805,-0.17999999999999972,-0.008000000000000007,-0.11999999999999922,approximately_flat,spring,2026,,0.0,,0.0,,0.0,False
2026-05-17 20:00:00+00:00,1.108,3.21,-0.008000000000000007,-0.02299999999999991,-0.06999999999999984,-0.2200000000000002,-0.03200000000000003,-0.27999999999999936,falling,spring,2026,,0.0,,0.0,,0.0,False
2026-05-17 21:00:00+00:00,1.109,3.22,-0.007000000000000117,-0.020999999999999908,-0.05999999999999961,-0.19999999999999973,-0.02800000000000047,-0.23999999999999844,falling,spring,2026,,0.0,,0.0,,0.0,False
2026-05-17 22:00:00+00:00,1.11,3.22,-0.004999999999999893,-0.014999999999999902,-0.04999999999999982,-0.1599999999999997,-0.019999999999999574,-0.1999999999999993,falling,spring,2026,,0.0,,0.0,,0.0,False
2026-05-18 23:00:00+00:00,1.084,2.99,-0.006999999999999895,-0.033500000000000085,-0.05999999999999961,-0.2849999999999997,-0.02799999999999958,-0.23999999999999844,falling,spring,2026,,0.0,,0.0,,0.0,False
2026-05-19 00:00:00+00:00,1.082,2.97,-0.008499999999999952,-0.030000000000000027,-0.07499999999999973,-0.2599999999999998,-0.03399999999999981,-0.29999999999999893,falling,spring,2026,,0.0,,0.0,,0.0,False
2026-05-19 01:00:00+00:00,1.08,2.96,-0.010000000000000009,-0.030000000000000027,-0.08000000000000007,-0.26000000000000023,-0.040000000000000036,-0.3200000000000003,falling,spring,2026,,0.0,,0.0,,0.0,False
2026-05-19 02:00:00+00:00,1.079,2.95,-0.010000000000000009,-0.030000000000000027,-0.07999999999999963,-0.2599999999999998,-0.040000000000000036,-0.3199999999999985,falling,spring,2026,,0.0,,0.0,,0.0,False
2026-05-19 03:00:00+00:00,1.079,2.95,-0.008000000000000007,-0.027000000000000135,-0.06999999999999984,-0.22999999999999998,-0.03200000000000003,-0.27999999999999936,falling,spring,2026,,0.0,,0.0,,0.0,False
2026-05-19 04:00:00+00:00,1.077,2.93,-0.008000000000000007,-0.026000000000000023,-0.06999999999999984,-0.22999999999999998,-0.03200000000000003,-0.27999999999999936,falling,spring,2026,,0.0,,0.0,,0.0,False
2026-05-19 05:00:00+00:00,1.075,2.92,-0.009000000000000119,-0.026000000000000023,-0.07000000000000028,-0.2200000000000002,-0.036000000000000476,-0.28000000000000114,falling,spring,2026,,0.0,,0.0,,0.0,False
2026-05-19 06:00:00+00:00,1.073,2.9,-0.009000000000000119,-0.027000000000000135,-0.07000000000000028,-0.22999999999999998,-0.036000000000000476,-0.28000000000000114,falling,spring,2026,,0.0,,0.0,,0.0,False
2026-05-19 07:00:00+00:00,1.0725,2.895,-0.007500000000000062,-0.026499999999999968,-0.06499999999999995,-0.23499999999999988,-0.03000000000000025,-0.2599999999999998,falling,spring,2026,,0.0,,0.0,,0.0,False
2026-05-19 08:00:00+00:00,1.071,2.88,-0.008000000000000007,-0.02650000000000019,-0.07000000000000028,-0.23500000000000032,-0.03200000000000003,-0.28000000000000114,falling,spring,2026,,0.0,,0.0,,0.0,False
2026-05-19 09:00:00+00:00,1.0705,2.88,-0.008499999999999952,-0.026499999999999968,-0.07000000000000028,-0.22999999999999998,-0.03399999999999981,-0.28000000000000114,falling,spring,2026,,0.0,,0.0,,0.0,False
2026-05-19 10:00:00+00:00,1.069,2.87,-0.008000000000000007,-0.027000000000000135,-0.06000000000000005,-0.22999999999999998,-0.03200000000000003,-0.2400000000000002,falling,spring,2026,,0.0,,0.0,,0.0,False
2026-05-19 11:00:00+00:00,1.068,2.86,-0.006999999999999895,-0.026999999999999913,-0.06000000000000005,-0.22999999999999998,-0.02799999999999958,-0.2400000000000002,falling,spring,2026,,0.0,,0.0,,0.0,False
2026-05-19 12:00:00+00:00,1.067,2.85,-0.006000000000000005,-0.027000000000000135,-0.04999999999999982,-0.22999999999999998,-0.02400000000000002,-0.1999999999999993,falling,spring,2026,,0.0,,0.0,,0.0,False
2026-05-19 13:00:00+00:00,1.067,2.85,-0.00550000000000006,-0.027000000000000135,-0.04499999999999993,-0.22999999999999998,-0.02200000000000024,-0.17999999999999972,falling,spring,2026,,0.0,,0.0,,0.0,False
2026-05-19 14:00:00+00:00,1.068,2.85,-0.0029999999999998916,-0.026000000000000023,-0.029999999999999805,-0.22999999999999998,-0.011999999999999567,-0.11999999999999922,approximately_flat,spring,2026,,0.0,,0.0,,0.0,False
2026-05-19 15:00:00+00:00,1.068,2.85,-0.0024999999999999467,-0.024499999999999966,-0.029999999999999805,-0.21499999999999986,-0.009999999999999787,-0.11999999999999922,approximately_flat,spring,2026,,0.0,,0.0,,0.0,False
2026-05-22 09:00:00+00:00,0.994,2.22,-0.006999999999999895,-0.02200000000000002,-0.04999999999999982,-0.18999999999999995,-0.02799999999999958,-0.1999999999999993,falling,spring,2026,,0.0,,0.0,,0.0,False
2026-05-22 10:00:00+00:00,0.993,2.21,-0.007499999999999951,-0.02199999999999991,-0.06000000000000005,-0.18999999999999995,-0.029999999999999805,-0.2400000000000002,falling,spring,2026,,0.0,,0.0,,0.0,False
2026-05-22 11:00:00+00:00,0.992,2.2,-0.007000000000000006,-0.02200000000000002,-0.05999999999999961,-0.18999999999999995,-0.028000000000000025,-0.23999999999999844,falling,spring,2026,,0.0,,0.0,,0.0,False
2026-05-22 12:00:00+00:00,0.992,2.2,-0.0050000000000000044,-0.020999999999999908,-0.040000000000000036,-0.17999999999999972,-0.020000000000000018,-0.16000000000000014,falling,spring,2026,,0.0,,0.0,,0.0,False
2026-05-22 13:00:00+00:00,0.993,2.2,-0.0030000000000000027,-0.019000000000000017,-0.029999999999999805,-0.16999999999999993,-0.01200000000000001,-0.11999999999999922,falling,spring,2026,,0.0,,0.0,,0.0,False
2026-05-22 14:00:00+00:00,0.994,2.21,-0.0020000000000000018,-0.018000000000000016,-0.020000000000000018,-0.16000000000000014,-0.008000000000000007,-0.08000000000000007,approximately_flat,spring,2026,,0.0,,0.0,,0.0,False
2026-05-23 19:00:00+00:00,0.966,1.98,-0.0020000000000000018,-0.030000000000000027,-0.020000000000000018,-0.2400000000000002,-0.008000000000000007,-0.08000000000000007,approximately_flat,spring,2026,,0.0,,0.0,,0.0,False
2026-05-23 20:00:00+00:00,0.966,1.98,-0.0030000000000000027,-0.029000000000000026,-0.029999999999999805,-0.22999999999999998,-0.01200000000000001,-0.11999999999999922,falling,spring,2026,,0.0,,0.0,,0.0,False
2026-05-23 21:00:00+00:00,0.967,1.98,-0.0020000000000000018,-0.026000000000000023,-0.029999999999999805,-0.20999999999999996,-0.008000000000000007,-0.11999999999999922,approximately_flat,spring,2026,,0.0,,0.0,,0.0,False
2026-05-25 23:00:00+00:00,0.8975,1.49,-0.01750000000000007,-0.055499999999999994,-0.1100000000000001,-0.3700000000000001,-0.07000000000000028,-0.4400000000000004,falling,spring,2026,,0.0,,0.0,,0.0,False
2026-05-26 00:00:00+00:00,0.894,1.47,-0.018000000000000016,-0.05399999999999994,-0.1100000000000001,-0.3600000000000001,-0.07200000000000006,-0.4400000000000004,falling,spring,2026,,0.0,,0.0,,0.0,False
2026-05-26 01:00:00+00:00,0.895,1.47,-0.014000000000000012,-0.04699999999999993,-0.09000000000000008,-0.32000000000000006,-0.05600000000000005,-0.3600000000000003,falling,spring,2026,,0.0,,0.0,,0.0,False
2026-05-26 02:00:00+00:00,0.8905000000000001,1.4449999999999998,-0.014499999999999957,-0.045499999999999985,-0.0950000000000002,-0.30500000000000016,-0.05799999999999983,-0.3800000000000008,falling,spring,2026,,0.0,,0.0,,0.0,False
2026-05-26 03:00:00+00:00,0.889,1.44,-0.01200000000000001,-0.04300000000000004,-0.07000000000000006,-0.28,-0.04800000000000004,-0.28000000000000025,falling,spring,2026,,0.0,,0.0,,0.0,False
2026-05-26 04:00:00+00:00,0.89,1.44,-0.01200000000000001,-0.038000000000000034,-0.08000000000000007,-0.26,-0.04800000000000004,-0.3200000000000003,falling,spring,2026,,0.0,,0.0,,0.0,False
2026-05-26 05:00:00+00:00,0.8905000000000001,1.4449999999999998,-0.006999999999999895,-0.034499999999999975,-0.04500000000000015,-0.2350000000000001,-0.02799999999999958,-0.1800000000000006,falling,spring,2026,,0.0,,0.0,,0.0,False
2026-05-26 06:00:00+00:00,0.891,1.44,-0.0030000000000000027,-0.03300000000000003,-0.030000000000000027,-0.22999999999999998,-0.01200000000000001,-0.1200000000000001,falling,spring,2026,,0.0,,0.0,,0.0,False
2026-05-26 07:00:00+00:00,0.893,1.46,-0.0020000000000000018,-0.030000000000000027,-0.010000000000000009,-0.19999999999999996,-0.008000000000000007,-0.040000000000000036,approximately_flat,spring,2026,,0.0,,0.0,,0.0,False
2026-05-28 05:00:00+00:00,0.868,1.27,-0.005499999999999949,-0.020000000000000018,-0.030000000000000027,-0.1299999999999999,-0.021999999999999797,-0.1200000000000001,falling,spring,2026,,0.0,,0.0,,0.0,False
2026-05-28 06:00:00+00:00,0.868,1.27,-0.0050000000000000044,-0.019000000000000017,-0.030000000000000027,-0.1299999999999999,-0.020000000000000018,-0.1200000000000001,falling,spring,2026,,0.0,,0.0,,0.0,False
2026-05-28 07:00:00+00:00,0.867,1.26,-0.006000000000000005,-0.019000000000000017,-0.040000000000000036,-0.1299999999999999,-0.02400000000000002,-0.16000000000000014,falling,spring,2026,,0.0,,0.0,,0.0,False
2026-05-28 08:00:00+00:00,0.867,1.26,-0.0030000000000000027,-0.018000000000000016,-0.020000000000000018,-0.11999999999999988,-0.01200000000000001,-0.08000000000000007,falling,spring,2026,,0.0,,0.0,,0.0,False
2026-05-28 09:00:00+00:00,0.866,1.25,-0.0030000000000000027,-0.019000000000000017,-0.020000000000000018,-0.1299999999999999,-0.01200000000000001,-0.08000000000000007,falling,spring,2026,,0.0,,0.0,,0.0,False
2026-05-28 10:00:00+00:00,0.866,1.25,-0.0020000000000000018,-0.019000000000000017,-0.020000000000000018,-0.1299999999999999,-0.008000000000000007,-0.08000000000000007,approximately_flat,spring,2026,,0.0,,0.0,,0.0,False
2026-05-28 11:00:00+00:00,0.864,1.24,-0.0040000000000000036,-0.020000000000000018,-0.030000000000000027,-0.13000000000000012,-0.016000000000000014,-0.1200000000000001,falling,spring,2026,,0.0,,0.0,,0.0,False
2026-05-28 12:00:00+00:00,0.864,1.24,-0.0040000000000000036,-0.020000000000000018,-0.030000000000000027,-0.13000000000000012,-0.016000000000000014,-0.1200000000000001,falling,spring,2026,,0.0,,0.0,,0.0,False
2026-05-28 13:00:00+00:00,0.864,1.24,-0.0030000000000000027,-0.019000000000000017,-0.020000000000000018,-0.13000000000000012,-0.01200000000000001,-0.08000000000000007,falling,spring,2026,,0.0,,0.0,,0.0,False
2026-05-28 14:00:00+00:00,0.863,1.23,-0.0040000000000000036,-0.019000000000000017,-0.030000000000000027,-0.13000000000000012,-0.016000000000000014,-0.1200000000000001,falling,spring,2026,,0.0,,0.0,,0.0,False
2026-05-28 15:00:00+00:00,0.863,1.23,-0.0030000000000000027,-0.017000000000000015,-0.020000000000000018,-0.1200000000000001,-0.01200000000000001,-0.08000000000000007,falling,spring,2026,,0.0,,0.0,,0.0,False
2026-05-28 16:00:00+00:00,0.863,1.23,-0.0030000000000000027,-0.015000000000000013,-0.020000000000000018,-0.10000000000000009,-0.01200000000000001,-0.08000000000000007,falling,spring,2026,,0.0,,0.0,,0.0,False
2026-05-28 17:00:00+00:00,0.86,1.21,-0.0040000000000000036,-0.018000000000000016,-0.030000000000000027,-0.1200000000000001,-0.016000000000000014,-0.1200000000000001,falling,spring,2026,,0.0,,0.0,,0.0,False
2026-05-28 18:00:00+00:00,0.858,1.2,-0.006000000000000005,-0.02100000000000002,-0.040000000000000036,-0.14000000000000012,-0.02400000000000002,-0.16000000000000014,falling,spring,2026,,0.0,,0.0,,0.0,False
2026-05-28 19:00:00+00:00,0.856,1.19,-0.008000000000000007,-0.02300000000000002,-0.050000000000000044,-0.15000000000000013,-0.03200000000000003,-0.20000000000000018,falling,spring,2026,,0.0,,0.0,,0.0,False
2026-05-28 20:00:00+00:00,0.852,1.17,-0.01100000000000001,-0.025000000000000022,-0.06000000000000005,-0.15000000000000013,-0.04400000000000004,-0.2400000000000002,falling,spring,2026,,0.0,,0.0,,0.0,False
2026-05-28 21:00:00+00:00,0.8494999999999999,1.15,-0.013500000000000068,-0.025500000000000078,-0.08000000000000007,-0.16000000000000014,-0.05400000000000027,-0.3200000000000003,falling,spring,2026,,0.0,,0.0,,0.0,False
2026-05-28 22:00:00+00:00,0.8465,1.1349999999999998,-0.01649999999999996,-0.02849999999999997,-0.0950000000000002,-0.17500000000000027,-0.06599999999999984,-0.3800000000000008,falling,spring,2026,,0.0,,0.0,,0.0,False
2026-05-28 23:00:00+00:00,0.844,1.12,-0.016000000000000014,-0.02949999999999997,-0.08999999999999986,-0.17999999999999994,-0.06400000000000006,-0.35999999999999943,falling,spring,2026,,0.0,,0.0,,0.0,False
2026-05-29 00:00:00+00:00,0.844,1.12,-0.014000000000000012,-0.029000000000000026,-0.07999999999999985,-0.17999999999999994,-0.05600000000000005,-0.3199999999999994,falling,spring,2026,,0.0,,0.0,,0.0,False
2026-05-29 01:00:00+00:00,0.842,1.11,-0.014000000000000012,-0.031000000000000028,-0.07999999999999985,-0.18999999999999995,-0.05600000000000005,-0.3199999999999994,falling,spring,2026,,0.0,,0.0,,0.0,False
2026-05-29 02:00:00+00:00,0.839,1.09,-0.013000000000000012,-0.031000000000000028,-0.07999999999999985,-0.18999999999999995,-0.052000000000000046,-0.3199999999999994,falling,spring,2026,,0.0,,0.0,,0.0,False
2026-05-29 03:00:00+00:00,0.839,1.09,-0.010499999999999954,-0.030000000000000027,-0.05999999999999983,-0.17999999999999994,-0.041999999999999815,-0.23999999999999932,falling,spring,2026,,0.0,,0.0,,0.0,False
2026-05-29 04:00:00+00:00,0.84,1.1,-0.006500000000000061,-0.028000000000000025,-0.0349999999999997,-0.16999999999999993,-0.026000000000000245,-0.1399999999999988,falling,spring,2026,,0.0,,0.0,,0.0,False
2026-05-29 05:00:00+00:00,0.841,1.1,-0.0030000000000000027,-0.027000000000000024,-0.020000000000000018,-0.16999999999999993,-0.01200000000000001,-0.08000000000000007,falling,spring,2026,,0.0,,0.0,,0.0,False
2026-05-29 06:00:00+00:00,0.84,1.1,-0.0040000000000000036,-0.028000000000000025,-0.020000000000000018,-0.16999999999999993,-0.016000000000000014,-0.08000000000000007,falling,spring,2026,,0.0,,0.0,,0.0,False
2026-05-29 07:00:00+00:00,0.841,1.1,-0.0010000000000000009,-0.026000000000000023,-0.010000000000000009,-0.15999999999999992,-0.0040000000000000036,-0.040000000000000036,approximately_flat,spring,2026,,0.0,,0.0,,0.0,False
2026-05-29 17:00:00+00:00,0.839,1.08,-0.0030000000000000027,-0.02100000000000002,-0.020000000000000018,-0.1299999999999999,-0.01200000000000001,-0.08000000000000007,falling,spring,2026,,0.0,,0.0,,0.0,False
2026-05-29 18:00:00+00:00,0.836,1.06,-0.006000000000000005,-0.02200000000000002,-0.040000000000000036,-0.1399999999999999,-0.02400000000000002,-0.16000000000000014,falling,spring,2026,,0.0,,0.0,,0.0,False
2026-05-29 19:00:00+00:00,0.833,1.05,-0.008499999999999952,-0.02300000000000002,-0.04500000000000015,-0.1399999999999999,-0.03399999999999981,-0.1800000000000006,falling,spring,2026,,0.0,,0.0,,0.0,False
2026-05-29 20:00:00+00:00,0.832,1.045,-0.010000000000000009,-0.020000000000000018,-0.05500000000000016,-0.125,-0.040000000000000036,-0.22000000000000064,falling,spring,2026,,0.0,,0.0,,0.0,False
2026-06-10 04:00:00+00:00,1.05,2.01,-0.0020000000000000018,-0.020000000000000018,-0.020000000000000018,-0.15000000000000036,-0.008000000000000007,-0.08000000000000007,approximately_flat,summer,2026,,0.0,,0.0,,0.0,False
2026-06-12 00:00:00+00:00,1.042,1.9,-0.018999999999999906,-0.05349999999999988,-0.1200000000000001,-0.3400000000000003,-0.07599999999999962,-0.4800000000000004,falling,summer,2026,,0.0,,0.0,,0.0,False
2026-06-12 01:00:00+00:00,1.0415,1.895,-0.01849999999999996,-0.05149999999999988,-0.125,-0.3250000000000002,-0.07399999999999984,-0.5,falling,summer,2026,,0.0,,0.0,,0.0,False
2026-06-12 02:00:00+00:00,1.0455,1.92,-0.013499999999999845,-0.040999999999999925,-0.08999999999999986,-0.2650000000000001,-0.05399999999999938,-0.35999999999999943,falling,summer,2026,,0.0,,0.0,,0.0,False
2026-06-12 03:00:00+00:00,1.049,1.94,-0.001000000000000112,-0.03500000000000014,-0.010000000000000009,-0.22999999999999998,-0.004000000000000448,-0.040000000000000036,approximately_flat,summer,2026,,0.0,,0.0,,0.0,False
2026-06-19 00:00:00+00:00,1.048,1.92,-0.0029999999999998916,-0.05600000000000005,-0.020000000000000018,-0.31000000000000005,-0.011999999999999567,-0.08000000000000007,approximately_flat,summer,2026,,0.0,,0.0,,0.0,False
2026-06-19 01:00:00+00:00,1.046,1.9,-0.0040000000000000036,-0.04899999999999993,-0.030000000000000027,-0.28000000000000025,-0.016000000000000014,-0.1200000000000001,falling,summer,2026,,0.0,,0.0,,0.0,False
2026-06-19 02:00:00+00:00,1.042,1.88,-0.008000000000000007,-0.04499999999999993,-0.050000000000000044,-0.26000000000000023,-0.03200000000000003,-0.20000000000000018,falling,summer,2026,,0.0,,0.0,,0.0,False
2026-06-19 03:00:00+00:00,1.0405,1.8650000000000002,-0.007500000000000062,-0.038999999999999924,-0.054999999999999716,-0.22999999999999954,-0.03000000000000025,-0.21999999999999886,falling,summer,2026,,0.0,,0.0,,0.0,False
2026-06-19 04:00:00+00:00,1.039,1.86,-0.010000000000000009,-0.03300000000000014,-0.05999999999999983,-0.18999999999999972,-0.040000000000000036,-0.23999999999999932,falling,summer,2026,,0.0,,0.0,,0.0,False
2026-06-19 05:00:00+00:00,1.037,1.85,-0.01200000000000001,-0.03049999999999997,-0.06999999999999984,-0.17999999999999972,-0.04800000000000004,-0.27999999999999936,falling,summer,2026,,0.0,,0.0,,0.0,False
2026-06-19 06:00:00+00:00,1.034,1.83,-0.014000000000000012,-0.03200000000000003,-0.08999999999999986,-0.18999999999999995,-0.05600000000000005,-0.35999999999999943,falling,summer,2026,,0.0,,0.0,,0.0,False
2026-06-19 07:00:00+00:00,1.0325,1.815,-0.013500000000000068,-0.034499999999999975,-0.08499999999999996,-0.21499999999999986,-0.05400000000000027,-0.33999999999999986,falling,summer,2026,,0.0,,0.0,,0.0,False
2026-06-19 08:00:00+00:00,1.031,1.81,-0.01100000000000012,-0.03400000000000003,-0.06999999999999984,-0.20999999999999996,-0.04400000000000048,-0.27999999999999936,falling,summer,2026,,0.0,,0.0,,0.0,False
2026-06-19 09:00:00+00:00,1.029,1.79,-0.011500000000000066,-0.03550000000000009,-0.07500000000000018,-0.22499999999999964,-0.04600000000000026,-0.3000000000000007,falling,summer,2026,,0.0,,0.0,,0.0,False
2026-06-19 10:00:00+00:00,1.028,1.79,-0.010999999999999899,-0.03499999999999992,-0.07000000000000006,-0.21999999999999975,-0.043999999999999595,-0.28000000000000025,falling,summer,2026,,0.0,,0.0,,0.0,False
2026-06-19 11:00:00+00:00,1.027,1.78,-0.010000000000000009,-0.03300000000000014,-0.07000000000000006,-0.20999999999999996,-0.040000000000000036,-0.28000000000000025,falling,summer,2026,,0.0,,0.0,,0.0,False
2026-06-19 12:00:00+00:00,1.026,1.77,-0.008000000000000007,-0.03299999999999992,-0.06000000000000005,-0.20999999999999996,-0.03200000000000003,-0.2400000000000002,falling,summer,2026,,0.0,,0.0,,0.0,False
2026-06-19 13:00:00+00:00,1.026,1.77,-0.00649999999999995,-0.03299999999999992,-0.04499999999999993,-0.20999999999999996,-0.0259999999999998,-0.17999999999999972,falling,summer,2026,,0.0,,0.0,,0.0,False
2026-06-19 14:00:00+00:00,1.025,1.77,-0.006000000000000005,-0.03300000000000014,-0.040000000000000036,-0.20999999999999996,-0.02400000000000002,-0.16000000000000014,falling,summer,2026,,0.0,,0.0,,0.0,False
2026-06-19 15:00:00+00:00,1.025,1.77,-0.0040000000000000036,-0.03200000000000003,-0.020000000000000018,-0.19999999999999996,-0.016000000000000014,-0.08000000000000007,falling,summer,2026,,0.0,,0.0,,0.0,False
2026-06-19 16:00:00+00:00,1.026,1.77,-0.0020000000000000018,-0.028000000000000025,-0.020000000000000018,-0.18999999999999995,-0.008000000000000007,-0.08000000000000007,approximately_flat,summer,2026,,0.0,,0.0,,0.0,False
2026-06-19 21:00:00+00:00,1.0234999999999999,1.76,-0.0015000000000000568,-0.02450000000000019,-0.010000000000000009,-0.15999999999999992,-0.006000000000000227,-0.040000000000000036,approximately_flat,summer,2026,,0.0,,0.0,,0.0,False
2026-06-19 22:00:00+00:00,1.0215,1.745,-0.0044999999999999485,-0.027499999999999858,-0.02499999999999991,-0.17499999999999982,-0.017999999999999794,-0.09999999999999964,falling,summer,2026,,0.0,,0.0,,0.0,False
2026-06-19 23:00:00+00:00,1.019,1.73,-0.007500000000000062,-0.030000000000000027,-0.04499999999999993,-0.18999999999999995,-0.03000000000000025,-0.17999999999999972,falling,summer,2026,,0.0,,0.0,,0.0,False
2026-06-20 00:00:00+00:00,1.017,1.72,-0.010000000000000009,-0.03100000000000014,-0.06000000000000005,-0.19999999999999996,-0.040000000000000036,-0.2400000000000002,falling,summer,2026,,0.0,,0.0,,0.0,False
2026-06-20 01:00:00+00:00,1.0114999999999998,1.685,-0.01450000000000018,-0.0345000000000002,-0.08499999999999996,-0.21499999999999986,-0.05800000000000072,-0.33999999999999986,falling,summer,2026,,0.0,,0.0,,0.0,False
2026-06-20 02:00:00+00:00,1.005,1.64,-0.020000000000000018,-0.037000000000000144,-0.13000000000000012,-0.24,-0.08000000000000007,-0.5200000000000005,falling,summer,2026,,0.0,,0.0,,0.0,False
2026-06-20 03:00:00+00:00,0.9995,1.61,-0.0239999999999998,-0.040999999999999925,-0.1499999999999999,-0.2550000000000001,-0.0959999999999992,-0.5999999999999996,falling,summer,2026,,0.0,,0.0,,0.0,False
2026-06-20 04:00:00+00:00,0.995,1.58,-0.02650000000000008,-0.04399999999999993,-0.16500000000000004,-0.28,-0.10600000000000032,-0.6600000000000001,falling,summer,2026,,0.0,,0.0,,0.0,False
2026-06-20 05:00:00+00:00,0.9915,1.565,-0.027499999999999858,-0.045499999999999874,-0.16500000000000004,-0.28500000000000014,-0.10999999999999943,-0.6600000000000001,falling,summer,2026,,0.0,,0.0,,0.0,False
2026-06-20 06:00:00+00:00,0.9895,1.55,-0.027499999999999858,-0.044499999999999984,-0.16999999999999993,-0.28,-0.10999999999999943,-0.6799999999999997,falling,summer,2026,,0.0,,0.0,,0.0,False
2026-06-20 07:00:00+00:00,0.989,1.55,-0.022499999999999853,-0.04349999999999998,-0.135,-0.2649999999999999,-0.08999999999999941,-0.54,falling,summer,2026,,0.0,,0.0,,0.0,False
2026-06-20 08:00:00+00:00,0.988,1.54,-0.016999999999999904,-0.04299999999999993,-0.09999999999999987,-0.27,-0.06799999999999962,-0.39999999999999947,falling,summer,2026,,0.0,,0.0,,0.0,False
2026-06-20 09:00:00+00:00,0.987,1.54,-0.012500000000000067,-0.041999999999999926,-0.07000000000000006,-0.25,-0.050000000000000266,-0.28000000000000025,falling,summer,2026,,0.0,,0.0,,0.0,False
2026-06-20 10:00:00+00:00,0.988,1.54,-0.007000000000000006,-0.040000000000000036,-0.040000000000000036,-0.25,-0.028000000000000025,-0.16000000000000014,falling,summer,2026,,0.0,,0.0,,0.0,False
2026-07-06 14:00:00+00:00,2.98,25.6,-0.008999999999999897,-0.03049999999999997,-0.1999999999999993,-0.6999999999999993,-0.03599999999999959,-0.7999999999999972,falling,summer,2026,1.958096988237319,1.0,2.32131271537196,1.0,12.017228632889376,1.0,True
2026-07-06 15:00:00+00:00,2.979,25.6,-0.008000000000000007,-0.028999999999999915,-0.1999999999999993,-0.6999999999999993,-0.03200000000000003,-0.7999999999999972,falling,summer,2026,1.958096988237319,1.0,2.32131271537196,1.0,12.017228632889376,1.0,True
2026-07-06 16:00:00+00:00,2.978,25.6,-0.00749999999999984,-0.03349999999999964,-0.1999999999999993,-0.75,-0.02999999999999936,-0.7999999999999972,falling,summer,2026,1.958096988237319,1.0,2.32131271537196,1.0,12.017228632889376,1.0,True
2026-07-06 17:00:00+00:00,2.978,25.6,-0.005999999999999783,-0.028999999999999915,-0.09999999999999787,-0.5999999999999979,-0.023999999999999133,-0.3999999999999915,falling,summer,2026,1.958096988237319,1.0,2.32131271537196,1.0,12.017228632889376,1.0,True
2026-07-06 18:00:00+00:00,2.977,25.6,-0.006000000000000227,-0.03299999999999992,-0.09999999999999787,-0.6999999999999993,-0.02400000000000091,-0.3999999999999915,falling,summer,2026,0.7623970803526829,1.0,2.198928430562132,1.0,12.017224155966288,1.0,True
2026-07-06 19:00:00+00:00,2.977,25.6,-0.0040000000000000036,-0.03299999999999992,-0.09999999999999787,-0.6999999999999993,-0.016000000000000014,-0.3999999999999915,falling,summer,2026,0.7623970803526829,1.0,2.198928430562132,1.0,12.017224155966288,1.0,True
2026-07-06 20:00:00+00:00,2.976,25.6,-0.0040000000000000036,-0.03200000000000003,0.0,-0.6999999999999993,-0.016000000000000014,0.0,falling,summer,2026,0.7623970803526829,1.0,2.198928430562132,1.0,12.017224155966288,1.0,True
2026-07-06 21:00:00+00:00,2.9735,25.5,-0.00550000000000006,-0.035499999999999865,-0.10000000000000142,-0.8000000000000007,-0.02200000000000024,-0.4000000000000057,falling,summer,2026,0.7623970803526829,1.0,2.198928430562132,1.0,12.017224155966288,1.0,True
2026-07-06 22:00:00+00:00,2.973,25.5,-0.0050000000000003375,-0.026500000000000412,-0.10000000000000142,-0.6000000000000014,-0.02000000000000135,-0.4000000000000057,falling,summer,2026,0.7623970803526829,1.0,2.198928430562132,1.0,12.017224155966288,1.0,True
2026-07-06 23:00:00+00:00,2.9695,25.4,-0.008500000000000174,-0.03299999999999992,-0.20000000000000284,-0.75,-0.034000000000000696,-0.8000000000000114,falling,summer,2026,0.7623970803526829,1.0,2.198928430562132,1.0,12.017224155966288,1.0,True
2026-07-07 00:00:00+00:00,2.965,25.3,-0.01200000000000001,-0.040000000000000036,-0.3000000000000007,-0.8999999999999986,-0.04800000000000004,-1.2000000000000028,falling,summer,2026,0.011171744944546,1.0,2.187917328676493,1.0,12.003369848126832,1.0,True
2026-07-07 01:00:00+00:00,2.9625000000000004,25.25,-0.014499999999999513,-0.0389999999999997,-0.3500000000000014,-0.8500000000000014,-0.05799999999999805,-1.4000000000000057,falling,summer,2026,0.011171744944546,1.0,2.187917328676493,1.0,12.003369848126832,1.0,True
2026-07-07 02:00:00+00:00,2.958,25.2,-0.017999999999999794,-0.04249999999999954,-0.40000000000000213,-0.9000000000000021,-0.07199999999999918,-1.6000000000000085,falling,summer,2026,0.011171744944546,1.0,2.187917328676493,1.0,12.003369848126832,1.0,True
2026-07-07 03:00:00+00:00,2.957,25.1,-0.01650000000000018,-0.03100000000000014,-0.3999999999999986,-0.6999999999999993,-0.06600000000000072,-1.5999999999999943,falling,summer,2026,0.011171744944546,1.0,2.187917328676493,1.0,12.003369848126832,1.0,True
2026-07-07 04:00:00+00:00,2.955,25.1,-0.017999999999999794,-0.03699999999999992,-0.3999999999999986,-0.7999999999999972,-0.07199999999999918,-1.5999999999999943,falling,summer,2026,0.011171744944546,1.0,2.187917328676493,1.0,12.003369848126832,1.0,True
2026-07-07 05:00:00+00:00,2.953,25.1,-0.01650000000000018,-0.037000000000000366,-0.29999999999999716,-0.7999999999999972,-0.06600000000000072,-1.1999999999999886,falling,summer,2026,0.011171744944546,1.0,2.187917328676493,1.0,12.003369848126832,1.0,True
2026-07-07 06:00:00+00:00,2.953,25.1,-0.01200000000000001,-0.03850000000000042,-0.1999999999999993,-0.7999999999999972,-0.04800000000000004,-0.7999999999999972,falling,summer,2026,1.2395348719e-05,1.0,2.181897694763472,1.0,11.097124104646015,1.0,True
2026-07-07 07:00:00+00:00,2.951,25.0,-0.011500000000000288,-0.039000000000000146,-0.25,-0.8999999999999986,-0.04600000000000115,-1.0,falling,summer,2026,1.2395348719e-05,1.0,2.181897694763472,1.0,11.097124104646015,1.0,True
2026-07-07 08:00:00+00:00,2.949,25.0,-0.009000000000000341,-0.040000000000000036,-0.1999999999999993,-0.8000000000000007,-0.036000000000001364,-0.7999999999999972,falling,summer,2026,1.2395348719e-05,1.0,2.181897694763472,1.0,11.097124104646015,1.0,True
2026-07-07 09:00:00+00:00,2.946,24.9,-0.010999999999999677,-0.040999999999999925,-0.20000000000000284,-0.9000000000000021,-0.04399999999999871,-0.8000000000000114,falling,summer,2026,1.2395348719e-05,1.0,2.181897694763472,1.0,11.097124104646015,1.0,True
2026-07-07 10:00:00+00:00,2.944,24.9,-0.01100000000000012,-0.04150000000000009,-0.20000000000000284,-0.9000000000000021,-0.04400000000000048,-0.8000000000000114,falling,summer,2026,1.2395348719e-05,1.0,2.181897694763472,1.0,11.097124104646015,1.0,True
2026-07-07 11:00:00+00:00,2.942,24.8,-0.010999999999999677,-0.041999999999999815,-0.3000000000000007,-0.8999999999999986,-0.04399999999999871,-1.2000000000000028,falling,summer,2026,1.2395348719e-05,1.0,2.181897694763472,1.0,11.097124104646015,1.0,True
2026-07-07 12:00:00+00:00,2.9405,24.8,-0.012499999999999734,-0.04249999999999998,-0.3000000000000007,-0.8999999999999986,-0.049999999999998934,-1.2000000000000028,falling,summer,2026,1.2395348719e-05,1.0,2.1670314406767677,1.0,11.087583646399226,1.0,True
2026-07-07 13:00:00+00:00,2.938,24.7,-0.0129999999999999,-0.042999999999999705,-0.3000000000000007,-1.0,-0.0519999999999996,-1.2000000000000028,falling,summer,2026,1.2395348719e-05,1.0,2.1670314406767677,1.0,11.087583646399226,1.0,True
2026-07-07 14:00:00+00:00,2.937,24.7,-0.01200000000000001,-0.04300000000000015,-0.3000000000000007,-0.9000000000000021,-0.04800000000000004,-1.2000000000000028,falling,summer,2026,1.2395348719e-05,1.0,2.1670314406767677,1.0,11.087583646399226,1.0,True
2026-07-07 15:00:00+00:00,2.934,24.6,-0.01200000000000001,-0.04499999999999993,-0.29999999999999716,-1.0,-0.04800000000000004,-1.1999999999999886,falling,summer,2026,1.2395348719e-05,1.0,2.1670314406767677,1.0,11.087583646399226,1.0,True
2026-07-07 16:00:00+00:00,2.9325,24.6,-0.011499999999999844,-0.045500000000000096,-0.29999999999999716,-1.0,-0.045999999999999375,-1.1999999999999886,falling,summer,2026,1.2395348719e-05,1.0,2.1670314406767677,1.0,11.087583646399226,1.0,True
2026-07-07 17:00:00+00:00,2.929,24.5,-0.013000000000000345,-0.04900000000000038,-0.3000000000000007,-1.1000000000000014,-0.05200000000000138,-1.2000000000000028,falling,summer,2026,1.2395348719e-05,1.0,2.1670314406767677,1.0,11.087583646399226,1.0,True
2026-07-07 18:00:00+00:00,2.9265,24.5,-0.014000000000000234,-0.05049999999999999,-0.3000000000000007,-1.1000000000000014,-0.05600000000000094,-1.2000000000000028,falling,summer,2026,1.2395348719e-05,1.0,2.141317671461506,1.0,11.083585130061781,1.0,True
2026-07-07 19:00:00+00:00,2.9234999999999998,24.4,-0.014500000000000401,-0.0535000000000001,-0.3000000000000007,-1.2000000000000028,-0.058000000000001606,-1.2000000000000028,falling,summer,2026,1.2395348719e-05,1.0,2.141317671461506,1.0,11.083585130061781,1.0,True
2026-07-07 20:00:00+00:00,2.92,24.3,-0.016999999999999904,-0.05600000000000005,-0.3999999999999986,-1.3000000000000007,-0.06799999999999962,-1.5999999999999943,falling,summer,2026,1.2395348719e-05,1.0,2.141317671461506,1.0,11.083585130061781,1.0,True
2026-07-07 21:00:00+00:00,2.9185,24.3,-0.015500000000000291,-0.05500000000000016,-0.3000000000000007,-1.1999999999999993,-0.062000000000001165,-1.2000000000000028,falling,summer,2026,1.2395348719e-05,1.0,2.141317671461506,1.0,11.083585130061781,1.0,True
2026-07-07 22:00:00+00:00,2.915,24.2,-0.01750000000000007,-0.05799999999999983,-0.40000000000000213,-1.3000000000000007,-0.07000000000000028,-1.6000000000000085,falling,summer,2026,1.2395348719e-05,1.0,2.141317671461506,1.0,11.083585130061781,1.0,True
2026-07-07 23:00:00+00:00,2.915,24.2,-0.01399999999999979,-0.05449999999999999,-0.3000000000000007,-1.1999999999999993,-0.05599999999999916,-1.2000000000000028,falling,summer,2026,1.2395348719e-05,1.0,2.141317671461506,1.0,11.083585130061781,1.0,True
2026-07-08 00:00:00+00:00,2.9124999999999996,24.2,-0.014000000000000234,-0.05250000000000021,-0.3000000000000007,-1.1000000000000014,-0.05600000000000094,-1.2000000000000028,falling,summer,2026,0.0,1.0,2.036755703653341,1.0,9.964519737653562,1.0,True
2026-07-08 01:00:00+00:00,2.91,24.1,-0.013499999999999623,-0.05250000000000021,-0.29999999999999716,-1.1499999999999986,-0.053999999999998494,-1.1999999999999886,falling,summer,2026,0.0,1.0,2.036755703653341,1.0,9.964519737653562,1.0,True
2026-07-08 02:00:00+00:00,2.908,24.1,-0.01200000000000001,-0.050000000000000266,-0.1999999999999993,-1.0999999999999979,-0.04800000000000004,-0.7999999999999972,falling,summer,2026,0.0,1.0,2.036755703653341,1.0,9.964519737653562,1.0,True
2026-07-08 03:00:00+00:00,2.904,24.0,-0.014499999999999957,-0.052999999999999936,-0.3000000000000007,-1.1000000000000014,-0.05799999999999983,-1.2000000000000028,falling,summer,2026,0.0,1.0,2.036755703653341,1.0,9.964519737653562,1.0,True
2026-07-08 04:00:00+00:00,2.903,24.0,-0.01200000000000001,-0.052000000000000046,-0.1999999999999993,-1.1000000000000014,-0.04800000000000004,-0.7999999999999972,falling,summer,2026,0.0,1.0,2.036755703653341,1.0,9.964519737653562,1.0,True
2026-07-08 05:00:00+00:00,2.9005,23.9,-0.014499999999999957,-0.05249999999999977,-0.3000000000000007,-1.2000000000000028,-0.05799999999999983,-1.2000000000000028,falling,summer,2026,0.0,1.0,2.036755703653341,1.0,9.964519737653562,1.0,True
2026-07-08 06:00:00+00:00,2.898,23.9,-0.014499999999999513,-0.054999999999999716,-0.3000000000000007,-1.2000000000000028,-0.05799999999999805,-1.2000000000000028,falling,summer,2026,0.000115088889899,1.0,1.959413689863127,1.0,9.939493036593747,1.0,True
2026-07-08 07:00:00+00:00,2.895,23.8,-0.015000000000000124,-0.05600000000000005,-0.3000000000000007,-1.1999999999999993,-0.0600000000000005,-1.2000000000000028,falling,summer,2026,0.000115088889899,1.0,1.959413689863127,1.0,9.939493036593747,1.0,True
2026-07-08 08:00:00+00:00,2.892,23.7,-0.016000000000000014,-0.05699999999999994,-0.40000000000000213,-1.3000000000000007,-0.06400000000000006,-1.6000000000000085,falling,summer,2026,0.000115088889899,1.0,1.959413689863127,1.0,9.939493036593747,1.0,True
2026-07-08 09:00:00+00:00,2.889,23.7,-0.015000000000000124,-0.057000000000000384,-0.3000000000000007,-1.1999999999999993,-0.0600000000000005,-1.2000000000000028,falling,summer,2026,0.000115088889899,1.0,1.959413689863127,1.0,9.939493036593747,1.0,True
2026-07-08 10:00:00+00:00,2.8845,23.6,-0.01849999999999996,-0.059499999999999886,-0.3999999999999986,-1.2999999999999972,-0.07399999999999984,-1.5999999999999943,falling,summer,2026,0.000115088889899,1.0,1.959413689863127,1.0,9.939493036593747,1.0,True
2026-07-08 11:00:00+00:00,2.882,23.5,-0.01849999999999996,-0.06000000000000005,-0.3999999999999986,-1.3000000000000007,-0.07399999999999984,-1.5999999999999943,falling,summer,2026,0.000115088889899,1.0,1.959413689863127,1.0,9.939493036593747,1.0,True
2026-07-08 12:00:00+00:00,2.881,23.5,-0.017000000000000348,-0.05950000000000033,-0.3999999999999986,-1.3000000000000007,-0.06800000000000139,-1.5999999999999943,falling,summer,2026,0.001218326066435,1.0,1.959327709652473,1.0,9.924718343339118,1.0,True
2026-07-08 13:00:00+00:00,2.8825000000000003,23.5,-0.012499999999999734,-0.05549999999999988,-0.3000000000000007,-1.1999999999999993,-0.049999999999998934,-1.2000000000000028,falling,summer,2026,0.001218326066435,1.0,1.959327709652473,1.0,9.924718343339118,1.0,True
2026-07-08 14:00:00+00:00,2.88,23.5,-0.01200000000000001,-0.05699999999999994,-0.1999999999999993,-1.1999999999999993,-0.04800000000000004,-0.7999999999999972,falling,summer,2026,0.001218326066435,1.0,1.959327709652473,1.0,9.924718343339118,1.0,True
2026-07-08 15:00:00+00:00,2.878,23.4,-0.010999999999999677,-0.05600000000000005,-0.3000000000000007,-1.2000000000000028,-0.04399999999999871,-1.2000000000000028,falling,summer,2026,0.001218326066435,1.0,1.959327709652473,1.0,9.924718343339118,1.0,True
2026-07-08 16:00:00+00:00,2.8715,23.3,-0.0129999999999999,-0.06099999999999994,-0.3000000000000007,-1.3000000000000007,-0.0519999999999996,-1.2000000000000028,falling,summer,2026,0.001218326066435,1.0,1.959327709652473,1.0,9.924718343339118,1.0,True
2026-07-08 17:00:00+00:00,2.878,23.4,-0.0040000000000000036,-0.05099999999999971,-0.10000000000000142,-1.1000000000000014,-0.016000000000000014,-0.4000000000000057,falling,summer,2026,0.001218326066435,1.0,1.959327709652473,1.0,9.924718343339118,1.0,True
2026-07-08 18:00:00+00:00,2.879,23.45,-0.0019999999999997797,-0.047499999999999876,-0.05000000000000071,-1.0500000000000007,-0.007999999999999119,-0.20000000000000284,approximately_flat,summer,2026,0.0071666699913570005,1.0,0.769576145692759,1.0,8.451049463937416,1.0,True
2026-07-08 19:00:00+00:00,2.867,23.2,-0.015500000000000291,-0.05649999999999977,-0.3000000000000007,-1.1999999999999993,-0.062000000000001165,-1.2000000000000028,falling,summer,2026,0.0071666699913570005,1.0,0.769576145692759,1.0,8.451049463937416,1.0,True
2026-07-08 20:00:00+00:00,2.8665000000000003,23.2,-0.013499999999999623,-0.05349999999999966,-0.3000000000000007,-1.1000000000000014,-0.053999999999998494,-1.2000000000000028,falling,summer,2026,0.0071666699913570005,1.0,0.769576145692759,1.0,8.451049463937416,1.0,True
2026-07-08 21:00:00+00:00,2.864,23.15,-0.014000000000000234,-0.05449999999999999,-0.25,-1.1500000000000021,-0.05600000000000094,-1.0,falling,summer,2026,0.0071666699913570005,1.0,0.769576145692759,1.0,8.451049463937416,1.0,True
2026-07-08 22:00:00+00:00,2.858,23.0,-0.013500000000000068,-0.05699999999999994,-0.3000000000000007,-1.1999999999999993,-0.05400000000000027,-1.2000000000000028,falling,summer,2026,0.0071666699913570005,1.0,0.769576145692759,1.0,8.451049463937416,1.0,True
2026-07-08 23:00:00+00:00,2.8555,22.95,-0.022499999999999964,-0.059499999999999886,-0.4499999999999993,-1.25,-0.08999999999999986,-1.7999999999999972,falling,summer,2026,0.0071666699913570005,1.0,0.769576145692759,1.0,8.451049463937416,1.0,True
2026-07-09 00:00:00+00:00,2.851,22.9,-0.028000000000000025,-0.061499999999999666,-0.5500000000000007,-1.3000000000000007,-0.1120000000000001,-2.200000000000003,falling,summer,2026,0.036541600884089004,1.0,0.047713345828635,1.0,8.346495023993025,1.0,True
2026-07-09 01:00:00+00:00,2.846,22.8,-0.020999999999999908,-0.06400000000000006,-0.3999999999999986,-1.3000000000000007,-0.08399999999999963,-1.5999999999999943,falling,summer,2026,0.036541600884089004,1.0,0.047713345828635,1.0,8.346495023993025,1.0,True
2026-07-09 02:00:00+00:00,2.848,22.8,-0.018500000000000405,-0.06000000000000005,-0.3999999999999986,-1.3000000000000007,-0.07400000000000162,-1.5999999999999943,falling,summer,2026,0.036541600884089004,1.0,0.047713345828635,1.0,8.346495023993025,1.0,True
2026-07-09 03:00:00+00:00,2.846,22.8,-0.017999999999999794,-0.05799999999999983,-0.34999999999999787,-1.1999999999999993,-0.07199999999999918,-1.3999999999999915,falling,summer,2026,0.036541600884089004,1.0,0.047713345828635,1.0,8.346495023993025,1.0,True
2026-07-09 04:00:00+00:00,2.843,22.7,-0.015000000000000124,-0.06000000000000005,-0.3000000000000007,-1.3000000000000007,-0.0600000000000005,-1.2000000000000028,falling,summer,2026,0.036541600884089004,1.0,0.047713345828635,1.0,8.346495023993025,1.0,True
2026-07-09 05:00:00+00:00,2.84,22.6,-0.015500000000000291,-0.06050000000000022,-0.34999999999999787,-1.2999999999999972,-0.062000000000001165,-1.3999999999999915,falling,summer,2026,0.036541600884089004,1.0,0.047713345828635,1.0,8.346495023993025,1.0,True
2026-07-09 06:00:00+00:00,2.839,22.6,-0.01200000000000001,-0.05900000000000016,-0.29999999999999716,-1.2999999999999972,-0.04800000000000004,-1.1999999999999886,falling,summer,2026,0.038581016220113,1.0,0.038708500458731,1.0,2.5413202176726486,1.0,True
2026-07-09 07:00:00+00:00,2.837,22.6,-0.008999999999999897,-0.05799999999999983,-0.1999999999999993,-1.1999999999999993,-0.03599999999999959,-0.7999999999999972,falling,summer,2026,0.038581016220113,1.0,0.038708500458731,1.0,2.5413202176726486,1.0,True
2026-07-09 08:00:00+00:00,2.8335,22.5,-0.014499999999999957,-0.058499999999999996,-0.3000000000000007,-1.1999999999999993,-0.05799999999999983,-1.2000000000000028,falling,summer,2026,0.038581016220113,1.0,0.038708500458731,1.0,2.5413202176726486,1.0,True
2026-07-09 09:00:00+00:00,2.83,22.4,-0.016000000000000014,-0.05899999999999972,-0.40000000000000213,-1.3000000000000007,-0.06400000000000006,-1.6000000000000085,falling,summer,2026,0.038581016220113,1.0,0.038708500458731,1.0,2.5413202176726486,1.0,True
2026-07-09 10:00:00+00:00,2.8265000000000002,22.35,-0.016499999999999737,-0.05799999999999983,-0.34999999999999787,-1.25,-0.06599999999999895,-1.3999999999999915,falling,summer,2026,0.038581016220113,1.0,0.038708500458731,1.0,2.5413202176726486,1.0,True
2026-07-09 11:00:00+00:00,2.823,22.3,-0.016999999999999904,-0.05900000000000016,-0.3000000000000007,-1.1999999999999993,-0.06799999999999962,-1.2000000000000028,falling,summer,2026,0.038581016220113,1.0,0.038708500458731,1.0,2.5413202176726486,1.0,True
2026-07-09 12:00:00+00:00,2.8205,22.2,-0.01849999999999996,-0.060499999999999776,-0.40000000000000213,-1.3000000000000007,-0.07399999999999984,-1.6000000000000085,falling,summer,2026,0.10512573752124799,1.0,0.106356458936402,1.0,2.5719054047912175,1.0,True
2026-07-09 13:00:00+00:00,2.82,22.2,-0.017000000000000348,-0.06250000000000044,-0.40000000000000213,-1.3000000000000007,-0.06800000000000139,-1.6000000000000085,falling,summer,2026,0.10512573752124799,1.0,0.106356458936402,1.0,2.5719054047912175,1.0,True
2026-07-09 14:00:00+00:00,2.815,22.1,-0.01849999999999996,-0.06499999999999995,-0.3999999999999986,-1.3999999999999986,-0.07399999999999984,-1.5999999999999943,falling,summer,2026,0.10512573752124799,1.0,0.106356458936402,1.0,2.5719054047912175,1.0,True
2026-07-09 15:00:00+00:00,2.811,22.0,-0.019000000000000128,-0.06700000000000017,-0.3999999999999986,-1.3999999999999986,-0.07600000000000051,-1.5999999999999943,falling,summer,2026,0.10512573752124799,1.0,0.106356458936402,1.0,2.5719054047912175,1.0,True
2026-07-09 16:00:00+00:00,2.8005,21.8,-0.026000000000000245,-0.07100000000000017,-0.5500000000000007,-1.5,-0.10400000000000098,-2.200000000000003,falling,summer,2026,0.10512573752124799,1.0,0.106356458936402,1.0,2.5719054047912175,1.0,True
2026-07-09 17:00:00+00:00,2.798,21.8,-0.02499999999999991,-0.08000000000000007,-0.5,-1.5999999999999979,-0.09999999999999964,-2.0,falling,summer,2026,0.10512573752124799,1.0,0.106356458936402,1.0,2.5719054047912175,1.0,True
2026-07-09 18:00:00+00:00,2.7965,21.7,-0.02400000000000002,-0.08250000000000002,-0.5,-1.75,-0.09600000000000009,-2.0,falling,summer,2026,1.030530917470222,1.0,1.037709982810298,1.0,3.503226187091925,1.0,True
2026-07-09 19:00:00+00:00,2.796,21.7,-0.02400000000000002,-0.07100000000000017,-0.5,-1.5,-0.09600000000000009,-2.0,falling,summer,2026,1.030530917470222,1.0,1.037709982810298,1.0,3.503226187091925,1.0,True
2026-07-09 20:00:00+00:00,2.796,21.7,-0.019000000000000128,-0.07050000000000045,-0.40000000000000213,-1.5,-0.07600000000000051,-1.6000000000000085,falling,summer,2026,1.030530917470222,1.0,1.037709982810298,1.0,3.503226187091925,1.0,True
2026-07-09 21:00:00+00:00,2.794,21.7,-0.016999999999999904,-0.06999999999999984,-0.3000000000000007,-1.4499999999999993,-0.06799999999999962,-1.2000000000000028,falling,summer,2026,1.030530917470222,1.0,1.037709982810298,1.0,3.503226187091925,1.0,True
2026-07-09 22:00:00+00:00,2.7925,21.65,-0.008000000000000007,-0.06550000000000011,-0.15000000000000213,-1.3500000000000014,-0.03200000000000003,-0.6000000000000085,falling,summer,2026,1.030530917470222,1.0,1.037709982810298,1.0,3.503226187091925,1.0,True
2026-07-09 23:00:00+00:00,2.791,21.6,-0.007000000000000117,-0.06450000000000022,-0.1999999999999993,-1.3499999999999979,-0.02800000000000047,-0.7999999999999972,falling,summer,2026,1.030530917470222,1.0,1.037709982810298,1.0,3.503226187091925,1.0,True
2026-07-10 00:00:00+00:00,2.792,21.6,-0.0045000000000001705,-0.05900000000000016,-0.09999999999999787,-1.2999999999999972,-0.018000000000000682,-0.3999999999999915,falling,summer,2026,1.0021322990696528,1.0,1.038673899953742,1.0,3.4918055774510375,1.0,True
2026-07-10 01:00:00+00:00,2.786,21.5,-0.009999999999999787,-0.06000000000000005,-0.1999999999999993,-1.3000000000000007,-0.03999999999999915,-0.7999999999999972,falling,summer,2026,1.0021322990696528,1.0,1.038673899953742,1.0,3.4918055774510375,1.0,True
2026-07-10 02:00:00+00:00,2.783,21.5,-0.0129999999999999,-0.06499999999999995,-0.1999999999999993,-1.3000000000000007,-0.0519999999999996,-0.7999999999999972,falling,summer,2026,1.0021322990696528,1.0,1.038673899953742,1.0,3.4918055774510375,1.0,True
2026-07-10 03:00:00+00:00,2.78,21.4,-0.014000000000000234,-0.06600000000000028,-0.3000000000000007,-1.4000000000000021,-0.05600000000000094,-1.2000000000000028,falling,summer,2026,1.0021322990696528,1.0,1.038673899953742,1.0,3.4918055774510375,1.0,True
2026-07-10 04:00:00+00:00,2.777,21.3,-0.015499999999999847,-0.06599999999999984,-0.34999999999999787,-1.3999999999999986,-0.06199999999999939,-1.3999999999999915,falling,summer,2026,1.0021322990696528,1.0,1.038673899953742,1.0,3.4918055774510375,1.0,True
2026-07-10 05:00:00+00:00,2.774,21.3,-0.016999999999999904,-0.06599999999999984,-0.3000000000000007,-1.3000000000000007,-0.06799999999999962,-1.2000000000000028,falling,summer,2026,1.0021322990696528,1.0,1.038673899953742,1.0,3.4918055774510375,1.0,True
2026-07-10 06:00:00+00:00,2.77,21.2,-0.021999999999999797,-0.06899999999999995,-0.40000000000000213,-1.4000000000000021,-0.08799999999999919,-1.6000000000000085,falling,summer,2026,1.341992885339964,1.0,1.380688990449976,1.0,3.821824558493486,1.0,True
2026-07-10 07:00:00+00:00,2.768,21.1,-0.018000000000000238,-0.0690000000000004,-0.3999999999999986,-1.5,-0.07200000000000095,-1.5999999999999943,falling,summer,2026,1.341992885339964,1.0,1.380688990449976,1.0,3.821824558493486,1.0,True
2026-07-10 08:00:00+00:00,2.766,21.1,-0.016999999999999904,-0.0674999999999999,-0.3999999999999986,-1.3999999999999986,-0.06799999999999962,-1.5999999999999943,falling,summer,2026,1.341992885339964,1.0,1.380688990449976,1.0,3.821824558493486,1.0,True
2026-07-10 09:00:00+00:00,2.763,21.0,-0.016999999999999904,-0.06700000000000017,-0.3999999999999986,-1.3999999999999986,-0.06799999999999962,-1.5999999999999943,falling,summer,2026,1.341992885339964,1.0,1.380688990449976,1.0,3.821824558493486,1.0,True
2026-07-10 10:00:00+00:00,2.7595,21.0,-0.01750000000000007,-0.06700000000000017,-0.3000000000000007,-1.3500000000000014,-0.07000000000000028,-1.2000000000000028,falling,summer,2026,1.341992885339964,1.0,1.380688990449976,1.0,3.821824558493486,1.0,True
2026-07-10 11:00:00+00:00,2.758,20.9,-0.016000000000000014,-0.06499999999999995,-0.40000000000000213,-1.4000000000000021,-0.06400000000000006,-1.6000000000000085,falling,summer,2026,1.341992885339964,1.0,1.380688990449976,1.0,3.821824558493486,1.0,True
2026-07-10 12:00:00+00:00,2.7535,20.85,-0.01650000000000018,-0.06700000000000017,-0.34999999999999787,-1.3499999999999979,-0.06600000000000072,-1.3999999999999915,falling,summer,2026,1.6815494831254771,1.0,1.78789354671316,1.0,4.109218657433838,1.0,True
2026-07-12 23:00:00+00:00,2.657,19.0,-0.013499999999999623,-0.06050000000000022,-0.1999999999999993,-1.1000000000000014,-0.053999999999998494,-0.7999999999999972,falling,summer,2026,9.502590561846473,1.0,28.527892939112736,1.0,30.32800000227572,1.0,True
2026-07-13 00:00:00+00:00,2.657,19.0,-0.01200000000000001,-0.05049999999999999,-0.1999999999999993,-0.9499999999999993,-0.04800000000000004,-0.7999999999999972,falling,summer,2026,0.014653801623171,1.0,28.539080441316255,1.0,29.588926086214542,1.0,True
2026-07-13 01:00:00+00:00,2.6525,18.9,-0.013500000000000068,-0.05250000000000021,-0.20000000000000284,-1.0,-0.05400000000000027,-0.8000000000000114,falling,summer,2026,0.014653801623171,1.0,28.539080441316255,1.0,29.588926086214542,1.0,True
2026-07-13 02:00:00+00:00,2.6464999999999996,18.75,-0.02150000000000052,-0.05450000000000044,-0.4499999999999993,-1.0500000000000007,-0.08600000000000207,-1.7999999999999972,falling,summer,2026,0.014653801623171,1.0,28.539080441316255,1.0,29.588926086214542,1.0,True
2026-07-13 03:00:00+00:00,2.6455,18.7,-0.017499999999999627,-0.052999999999999936,-0.40000000000000213,-1.1000000000000014,-0.06999999999999851,-1.6000000000000085,falling,summer,2026,0.014653801623171,1.0,28.539080441316255,1.0,29.588926086214542,1.0,True
2026-07-13 04:00:00+00:00,2.643,18.7,-0.018000000000000238,-0.05300000000000038,-0.3000000000000007,-1.0,-0.07200000000000095,-1.2000000000000028,falling,summer,2026,0.014653801623171,1.0,28.539080441316255,1.0,29.588926086214542,1.0,True
2026-07-13 05:00:00+00:00,2.643,18.7,-0.014000000000000234,-0.051000000000000156,-0.3000000000000007,-1.0,-0.05600000000000094,-1.2000000000000028,falling,summer,2026,0.014653801623171,1.0,28.539080441316255,1.0,29.588926086214542,1.0,True
2026-07-13 06:00:00+00:00,2.64,18.6,-0.016999999999999904,-0.05249999999999977,-0.3999999999999986,-1.0499999999999972,-0.06799999999999962,-1.5999999999999943,falling,summer,2026,0.072317691832551,1.0,28.256785792614107,1.0,29.637487178412805,1.0,True
2026-07-13 07:00:00+00:00,2.639,18.6,-0.013500000000000068,-0.052000000000000046,-0.29999999999999716,-1.0,-0.05400000000000027,-1.1999999999999886,falling,summer,2026,0.072317691832551,1.0,28.256785792614107,1.0,29.637487178412805,1.0,True
2026-07-13 08:00:00+00:00,2.638,18.6,-0.00849999999999973,-0.0495000000000001,-0.14999999999999858,-0.9499999999999993,-0.03399999999999892,-0.5999999999999943,falling,summer,2026,0.072317691832551,1.0,28.256785792614107,1.0,29.637487178412805,1.0,True
2026-07-13 09:00:00+00:00,2.634,18.5,-0.011500000000000288,-0.05150000000000032,-0.1999999999999993,-1.0,-0.04600000000000115,-0.7999999999999972,falling,summer,2026,0.072317691832551,1.0,28.256785792614107,1.0,29.637487178412805,1.0,True
2026-07-13 10:00:00+00:00,2.631,18.5,-0.01200000000000001,-0.05049999999999999,-0.1999999999999993,-0.8999999999999986,-0.04800000000000004,-0.7999999999999972,falling,summer,2026,0.072317691832551,1.0,28.256785792614107,1.0,29.637487178412805,1.0,True
2026-07-13 11:00:00+00:00,2.629,18.4,-0.01399999999999979,-0.052000000000000046,-0.3000000000000007,-1.0,-0.05599999999999916,-1.2000000000000028,falling,summer,2026,0.072317691832551,1.0,28.256785792614107,1.0,29.637487178412805,1.0,True
2026-07-13 12:00:00+00:00,2.627,18.4,-0.013000000000000345,-0.05149999999999988,-0.20000000000000284,-1.0,-0.05200000000000138,-0.8000000000000114,falling,summer,2026,0.07197177119551,1.0,27.849581236350925,1.0,29.637487178412805,1.0,True
2026-07-13 13:00:00+00:00,2.628,18.4,-0.010999999999999677,-0.04800000000000004,-0.20000000000000284,-0.9000000000000021,-0.04399999999999871,-0.8000000000000114,falling,summer,2026,0.07197177119551,1.0,27.849581236350925,1.0,29.637487178412805,1.0,True
2026-07-13 14:00:00+00:00,2.6254999999999997,18.35,-0.012500000000000178,-0.05150000000000032,-0.25,-0.9499999999999993,-0.05000000000000071,-1.0,falling,summer,2026,0.07197177119551,1.0,27.849581236350925,1.0,29.637487178412805,1.0,True
2026-07-13 15:00:00+00:00,2.622,18.3,-0.01200000000000001,-0.052999999999999936,-0.1999999999999993,-1.0,-0.04800000000000004,-0.7999999999999972,falling,summer,2026,0.07197177119551,1.0,27.849581236350925,1.0,29.637487178412805,1.0,True
2026-07-13 16:00:00+00:00,2.619,18.2,-0.011999999999999567,-0.05099999999999971,-0.3000000000000007,-1.0,-0.047999999999998266,-1.2000000000000028,falling,summer,2026,0.07197177119551,1.0,27.849581236350925,1.0,29.637487178412805,1.0,True
2026-07-13 17:00:00+00:00,2.6135,18.1,-0.015499999999999847,-0.056999999999999496,-0.29999999999999716,-1.0999999999999979,-0.06199999999999939,-1.1999999999999886,falling,summer,2026,0.07197177119551,1.0,27.849581236350925,1.0,29.637487178412805,1.0,True
2026-07-13 18:00:00+00:00,2.6125,18.1,-0.014499999999999957,-0.05650000000000022,-0.29999999999999716,-1.0999999999999979,-0.05799999999999983,-1.1999999999999886,falling,summer,2026,0.07188425648977001,1.0,27.350143038483697,1.0,29.637487178412805,1.0,True
2026-07-13 19:00:00+00:00,2.608,18.0,-0.020000000000000018,-0.05799999999999983,-0.3999999999999986,-1.1000000000000014,-0.08000000000000007,-1.5999999999999943,falling,summer,2026,0.07188425648977001,1.0,27.350143038483697,1.0,29.637487178412805,1.0,True
2026-07-13 20:00:00+00:00,2.6055,18.0,-0.019999999999999574,-0.0625,-0.3500000000000014,-1.1999999999999993,-0.0799999999999983,-1.4000000000000057,falling,summer,2026,0.07188425648977001,1.0,27.350143038483697,1.0,29.637487178412805,1.0,True
2026-07-13 21:00:00+00:00,2.606,18.0,-0.016000000000000014,-0.05699999999999994,-0.3000000000000007,-1.1000000000000014,-0.06400000000000006,-1.2000000000000028,falling,summer,2026,0.07188425648977001,1.0,27.350143038483697,1.0,29.637487178412805,1.0,True
2026-07-13 22:00:00+00:00,2.603,17.9,-0.016000000000000014,-0.05799999999999983,-0.3000000000000007,-1.1000000000000014,-0.06400000000000006,-1.2000000000000028,falling,summer,2026,0.07188425648977001,1.0,27.350143038483697,1.0,29.637487178412805,1.0,True
2026-07-13 23:00:00+00:00,2.6025,17.9,-0.01100000000000012,-0.05449999999999999,-0.20000000000000284,-1.1000000000000014,-0.04400000000000048,-0.8000000000000114,falling,summer,2026,0.07188425648977001,1.0,27.350143038483697,1.0,29.637487178412805,1.0,True
2026-07-14 00:00:00+00:00,2.5985,17.85,-0.01399999999999979,-0.058499999999999996,-0.25,-1.1499999999999986,-0.05599999999999916,-1.0,falling,summer,2026,0.065168385450392,1.0,26.392805591453847,1.0,29.642922726720386,1.0,True
2026-07-14 01:00:00+00:00,2.5934999999999997,17.75,-0.014500000000000401,-0.05900000000000016,-0.25,-1.1499999999999986,-0.058000000000001606,-1.0,falling,summer,2026,0.065168385450392,1.0,26.392805591453847,1.0,29.642922726720386,1.0,True
2026-07-14 02:00:00+00:00,2.5895,17.7,-0.016000000000000014,-0.056999999999999496,-0.3000000000000007,-1.0500000000000007,-0.06400000000000006,-1.2000000000000028,falling,summer,2026,0.065168385450392,1.0,26.392805591453847,1.0,29.642922726720386,1.0,True
2026-07-14 03:00:00+00:00,2.5854999999999997,17.6,-0.020500000000000185,-0.0600000000000005,-0.3999999999999986,-1.0999999999999979,-0.08200000000000074,-1.5999999999999943,falling,summer,2026,0.065168385450392,1.0,26.392805591453847,1.0,29.642922726720386,1.0,True
2026-07-14 04:00:00+00:00,2.583,17.6,-0.020000000000000018,-0.05999999999999961,-0.29999999999999716,-1.0999999999999979,-0.08000000000000007,-1.1999999999999886,falling,summer,2026,0.065168385450392,1.0,26.392805591453847,1.0,29.642922726720386,1.0,True
2026-07-14 05:00:00+00:00,2.581,17.5,-0.021500000000000075,-0.06199999999999983,-0.3999999999999986,-1.1999999999999993,-0.0860000000000003,-1.5999999999999943,falling,summer,2026,0.065168385450392,1.0,26.392805591453847,1.0,29.642922726720386,1.0,True
2026-07-14 06:00:00+00:00,2.581,17.5,-0.01750000000000007,-0.05900000000000016,-0.3500000000000014,-1.1000000000000014,-0.07000000000000028,-1.4000000000000057,falling,summer,2026,0.008611666499366,1.0,19.1342243676966,1.0,29.64608644956345,1.0,True
2026-07-14 07:00:00+00:00,2.579,17.5,-0.014499999999999513,-0.05999999999999961,-0.25,-1.1000000000000014,-0.05799999999999805,-1.0,falling,summer,2026,0.008611666499366,1.0,19.1342243676966,1.0,29.64608644956345,1.0,True
2026-07-14 08:00:00+00:00,2.5785,17.5,-0.01100000000000012,-0.059499999999999886,-0.1999999999999993,-1.1000000000000014,-0.04400000000000048,-0.7999999999999972,falling,summer,2026,0.008611666499366,1.0,19.1342243676966,1.0,29.64608644956345,1.0,True
2026-07-14 09:00:00+00:00,2.576,17.5,-0.00949999999999962,-0.05799999999999983,-0.10000000000000142,-1.0,-0.03799999999999848,-0.4000000000000057,falling,summer,2026,0.008611666499366,1.0,19.1342243676966,1.0,29.64608644956345,1.0,True
2026-07-14 10:00:00+00:00,2.572,17.4,-0.01100000000000012,-0.05899999999999972,-0.20000000000000284,-1.1000000000000014,-0.04400000000000048,-0.8000000000000114,falling,summer,2026,0.008611666499366,1.0,19.1342243676966,1.0,29.64608644956345,1.0,True
2026-07-14 11:00:00+00:00,2.568,17.3,-0.0129999999999999,-0.06099999999999994,-0.1999999999999993,-1.0999999999999979,-0.0519999999999996,-0.7999999999999972,falling,summer,2026,0.008611666499366,1.0,19.1342243676966,1.0,29.64608644956345,1.0,True
2026-07-14 12:00:00+00:00,2.5665,17.3,-0.014499999999999957,-0.060499999999999776,-0.1999999999999993,-1.0999999999999979,-0.05799999999999983,-0.7999999999999972,falling,summer,2026,0.008868812228932,1.0,15.052903776413356,1.0,29.64634359529302,1.0,True
2026-07-14 13:00:00+00:00,2.561,17.2,-0.018000000000000238,-0.06700000000000017,-0.3000000000000007,-1.1999999999999993,-0.07200000000000095,-1.2000000000000028,falling,summer,2026,0.008868812228932,1.0,15.052903776413356,1.0,29.64634359529302,1.0,True
2026-07-14 14:00:00+00:00,2.561,17.2,-0.01750000000000007,-0.06449999999999978,-0.3000000000000007,-1.1500000000000021,-0.07000000000000028,-1.2000000000000028,falling,summer,2026,0.008868812228932,1.0,15.052903776413356,1.0,29.64634359529302,1.0,True
2026-07-14 15:00:00+00:00,2.557,17.2,-0.019000000000000128,-0.06499999999999995,-0.3000000000000007,-1.1000000000000014,-0.07600000000000051,-1.2000000000000028,falling,summer,2026,0.008868812228932,1.0,15.052903776413356,1.0,29.64634359529302,1.0,True
2026-07-14 16:00:00+00:00,2.555,17.2,-0.016999999999999904,-0.06400000000000006,-0.1999999999999993,-1.0,-0.06799999999999962,-0.7999999999999972,falling,summer,2026,0.008868812228932,1.0,15.052903776413356,1.0,29.64634359529302,1.0,True
2026-07-14 17:00:00+00:00,2.552,17.1,-0.016000000000000014,-0.06150000000000011,-0.1999999999999993,-1.0,-0.06400000000000006,-0.7999999999999972,falling,summer,2026,0.008868812228932,1.0,15.052903776413356,1.0,29.64634359529302,1.0,True
2026-07-14 18:00:00+00:00,2.551,17.1,-0.015499999999999847,-0.061499999999999666,-0.1999999999999993,-1.0,-0.06199999999999939,-0.7999999999999972,falling,summer,2026,0.009124622500997,1.0,9.583599440837242,1.0,29.646599405565084,1.0,True
2026-07-14 19:00:00+00:00,2.5484999999999998,17.05,-0.012500000000000178,-0.05950000000000033,-0.14999999999999858,-0.9499999999999993,-0.05000000000000071,-0.5999999999999943,falling,summer,2026,0.009124622500997,1.0,9.583599440837242,1.0,29.646599405565084,1.0,True
2026-07-14 20:00:00+00:00,2.545,17.0,-0.016000000000000014,-0.06050000000000022,-0.1999999999999993,-1.0,-0.06400000000000006,-0.7999999999999972,falling,summer,2026,0.009124622500997,1.0,9.583599440837242,1.0,29.646599405565084,1.0,True
2026-07-14 21:00:00+00:00,2.5425,17.0,-0.014499999999999957,-0.06349999999999989,-0.1999999999999993,-1.0,-0.05799999999999983,-0.7999999999999972,falling,summer,2026,0.009124622500997,1.0,9.583599440837242,1.0,29.646599405565084,1.0,True
2026-07-14 22:00:00+00:00,2.539,16.9,-0.016000000000000014,-0.06400000000000006,-0.3000000000000007,-1.0,-0.06400000000000006,-1.2000000000000028,falling,summer,2026,0.009124622500997,1.0,9.583599440837242,1.0,29.646599405565084,1.0,True
2026-07-14 23:00:00+00:00,2.5355,16.9,-0.01650000000000018,-0.06700000000000017,-0.20000000000000284,-1.0,-0.06600000000000072,-0.8000000000000114,falling,summer,2026,0.009124622500997,1.0,9.583599440837242,1.0,29.646599405565084,1.0,True
2026-07-15 00:00:00+00:00,2.532,16.8,-0.019000000000000128,-0.0665,-0.3000000000000007,-1.0500000000000007,-0.07600000000000051,-1.2000000000000028,falling,summer,2026,0.0036782621780249995,1.0,0.083500449251588,1.0,29.646600988898413,1.0,True
2026-07-15 01:00:00+00:00,2.528,16.8,-0.02049999999999974,-0.06549999999999967,-0.25,-0.9499999999999993,-0.08199999999999896,-1.0,falling,summer,2026,0.0036782621780249995,1.0,0.083500449251588,1.0,29.646600988898413,1.0,True
2026-07-15 02:00:00+00:00,2.526,16.7,-0.019000000000000128,-0.06350000000000033,-0.3000000000000007,-1.0,-0.07600000000000051,-1.2000000000000028,falling,summer,2026,0.0036782621780249995,1.0,0.083500449251588,1.0,29.646600988898413,1.0,True
2026-07-15 03:00:00+00:00,2.526,16.7,-0.01650000000000018,-0.059499999999999886,-0.3000000000000007,-0.9000000000000021,-0.06600000000000072,-1.2000000000000028,falling,summer,2026,0.0036782621780249995,1.0,0.083500449251588,1.0,29.646600988898413,1.0,True
2026-07-15 04:00:00+00:00,2.525,16.7,-0.014000000000000234,-0.058000000000000274,-0.1999999999999993,-0.9000000000000021,-0.05600000000000094,-0.7999999999999972,falling,summer,2026,0.0036782621780249995,1.0,0.083500449251588,1.0,29.646600988898413,1.0,True
2026-07-15 05:00:00+00:00,2.5205,16.65,-0.01499999999999968,-0.060499999999999776,-0.25,-0.8500000000000014,-0.05999999999999872,-1.0,falling,summer,2026,0.0036782621780249995,1.0,0.083500449251588,1.0,29.646600988898413,1.0,True
2026-07-15 06:00:00+00:00,2.515,16.6,-0.016999999999999904,-0.06599999999999984,-0.1999999999999993,-0.8999999999999986,-0.06799999999999962,-0.7999999999999972,falling,summer,2026,1.079501044235265,1.0,1.160430402567182,1.0,30.725472404908817,1.0,True
2026-07-15 07:00:00+00:00,2.5265,16.75,-0.0015000000000000568,-0.05250000000000021,-0.05000000000000071,-0.75,-0.006000000000000227,-0.20000000000000284,approximately_flat,summer,2026,1.079501044235265,1.0,1.160430402567182,1.0,30.725472404908817,1.0,True
2026-07-16 13:00:00+00:00,2.497,16.3,-0.007500000000000284,-0.040999999999999925,-0.09999999999999787,-0.5999999999999979,-0.030000000000001137,-0.3999999999999915,falling,summer,2026,1.16653613214337,1.0,14.214903419940194,1.0,43.7460341394166,1.0,True
2026-07-16 14:00:00+00:00,2.499,16.3,-0.005999999999999783,-0.038499999999999535,-0.09999999999999787,-0.5999999999999979,-0.023999999999999133,-0.3999999999999915,falling,summer,2026,1.16653613214337,1.0,14.214903419940194,1.0,43.7460341394166,1.0,True
2026-07-16 15:00:00+00:00,2.4965,16.3,-0.006999999999999673,-0.03949999999999987,-0.09999999999999787,-0.5999999999999979,-0.027999999999998693,-0.3999999999999915,falling,summer,2026,1.16653613214337,1.0,14.214903419940194,1.0,43.7460341394166,1.0,True
2026-07-16 16:00:00+00:00,2.496,16.3,-0.007000000000000117,-0.03600000000000003,-0.09999999999999787,-0.5,-0.02800000000000047,-0.3999999999999915,falling,summer,2026,1.16653613214337,1.0,14.214903419940194,1.0,43.7460341394166,1.0,True
2026-07-16 17:00:00+00:00,2.4924999999999997,16.25,-0.0030000000000001137,-0.03699999999999992,-0.05000000000000071,-0.5500000000000007,-0.012000000000000455,-0.20000000000000284,falling,summer,2026,1.16653613214337,1.0,14.214903419940194,1.0,43.7460341394166,1.0,True
2026-07-16 18:00:00+00:00,2.49,16.2,-0.005499999999999616,-0.03799999999999981,-0.10000000000000142,-0.6000000000000014,-0.021999999999998465,-0.4000000000000057,falling,summer,2026,1.155776154269776,1.0,14.214944215307268,1.0,42.814721410909776,1.0,True
2026-07-16 19:00:00+00:00,2.488,16.2,-0.008999999999999897,-0.03699999999999992,-0.10000000000000142,-0.5,-0.03599999999999959,-0.4000000000000057,falling,summer,2026,1.155776154269776,1.0,14.214944215307268,1.0,42.814721410909776,1.0,True
2026-07-16 20:00:00+00:00,2.485,16.1,-0.014000000000000234,-0.03699999999999992,-0.1999999999999993,-0.5999999999999979,-0.05600000000000094,-0.7999999999999972,falling,summer,2026,1.155776154269776,1.0,14.214944215307268,1.0,42.814721410909776,1.0,True
2026-07-16 21:00:00+00:00,2.483,16.1,-0.013500000000000068,-0.03699999999999992,-0.1999999999999993,-0.5,-0.05400000000000027,-0.7999999999999972,falling,summer,2026,1.155776154269776,1.0,14.214944215307268,1.0,42.814721410909776,1.0,True
2026-07-16 22:00:00+00:00,2.482,16.1,-0.01399999999999979,-0.03599999999999959,-0.1999999999999993,-0.5,-0.05599999999999916,-0.7999999999999972,falling,summer,2026,1.155776154269776,1.0,14.214944215307268,1.0,42.814721410909776,1.0,True
2026-07-16 23:00:00+00:00,2.4805,16.1,-0.011999999999999567,-0.03949999999999987,-0.14999999999999858,-0.5,-0.047999999999998266,-0.5999999999999943,falling,summer,2026,1.155776154269776,1.0,14.214944215307268,1.0,42.814721410909776,1.0,True
2026-07-17 00:00:00+00:00,2.4825,16.1,-0.007500000000000284,-0.035499999999999865,-0.09999999999999787,-0.5,-0.030000000000001137,-0.3999999999999915,falling,summer,2026,1.15535668522327,1.0,14.209858297628108,1.0,42.81410712439476,1.0,True
2026-07-17 01:00:00+00:00,2.483,16.1,-0.004999999999999893,-0.035499999999999865,-0.09999999999999787,-0.5,-0.019999999999999574,-0.3999999999999915,falling,summer,2026,1.15535668522327,1.0,14.209858297628108,1.0,42.81410712439476,1.0,True
2026-07-17 02:00:00+00:00,2.477,16.0,-0.008000000000000007,-0.0405000000000002,-0.10000000000000142,-0.6000000000000014,-0.03200000000000003,-0.4000000000000057,falling,summer,2026,1.15535668522327,1.0,14.209858297628108,1.0,42.81410712439476,1.0,True
2026-07-17 03:00:00+00:00,2.4725,15.95,-0.010499999999999954,-0.041999999999999815,-0.15000000000000213,-0.6500000000000021,-0.041999999999999815,-0.6000000000000085,falling,summer,2026,1.15535668522327,1.0,14.209858297628108,1.0,42.81410712439476,1.0,True
2026-07-17 04:00:00+00:00,2.47,15.9,-0.01200000000000001,-0.038499999999999535,-0.20000000000000107,-0.5999999999999996,-0.04800000000000004,-0.8000000000000043,falling,summer,2026,1.15535668522327,1.0,14.209858297628108,1.0,42.81410712439476,1.0,True
2026-07-17 05:00:00+00:00,2.468,15.9,-0.012500000000000178,-0.039000000000000146,-0.20000000000000107,-0.5999999999999996,-0.05000000000000071,-0.8000000000000043,falling,summer,2026,1.15535668522327,1.0,14.209858297628108,1.0,42.81410712439476,1.0,True
2026-07-17 06:00:00+00:00,2.466,15.9,-0.016499999999999737,-0.039499999999999424,-0.20000000000000107,-0.4999999999999982,-0.06599999999999895,-0.8000000000000043,falling,summer,2026,0.106423509842791,1.0,14.20670347013379,1.0,42.47210092924727,1.0,True
2026-07-17 07:00:00+00:00,2.465,15.9,-0.018000000000000238,-0.03950000000000031,-0.20000000000000107,-0.4999999999999982,-0.07200000000000095,-0.8000000000000043,falling,summer,2026,0.106423509842791,1.0,14.20670347013379,1.0,42.47210092924727,1.0,True
2026-07-17 08:00:00+00:00,2.464,15.8,-0.0129999999999999,-0.040999999999999925,-0.1999999999999993,-0.5999999999999979,-0.0519999999999996,-0.7999999999999972,falling,summer,2026,0.106423509842791,1.0,14.20670347013379,1.0,42.47210092924727,1.0,True
2026-07-17 09:00:00+00:00,2.462,15.8,-0.010499999999999954,-0.04149999999999965,-0.14999999999999858,-0.5999999999999979,-0.041999999999999815,-0.5999999999999943,falling,summer,2026,0.106423509842791,1.0,14.20670347013379,1.0,42.47210092924727,1.0,True
2026-07-17 10:00:00+00:00,2.46,15.8,-0.010000000000000231,-0.04300000000000015,-0.09999999999999964,-0.5999999999999979,-0.040000000000000924,-0.3999999999999986,falling,summer,2026,0.106423509842791,1.0,14.20670347013379,1.0,42.47210092924727,1.0,True
2026-07-17 11:00:00+00:00,2.4585,15.8,-0.009500000000000064,-0.03699999999999992,-0.09999999999999964,-0.5,-0.038000000000000256,-0.3999999999999986,falling,summer,2026,0.106423509842791,1.0,14.20670347013379,1.0,42.47210092924727,1.0,True
2026-07-17 12:00:00+00:00,2.457,15.7,-0.009000000000000341,-0.03849999999999998,-0.20000000000000107,-0.6000000000000014,-0.036000000000001364,-0.8000000000000043,falling,summer,2026,0.000476526394588,1.0,14.206511134105853,1.0,42.0649611826857,1.0,True
2026-07-17 13:00:00+00:00,2.456,15.7,-0.008999999999999897,-0.040999999999999925,-0.20000000000000107,-0.6000000000000014,-0.03599999999999959,-0.8000000000000043,falling,summer,2026,0.000476526394588,1.0,14.206511134105853,1.0,42.0649611826857,1.0,True
2026-07-17 14:00:00+00:00,2.4545000000000003,15.7,-0.00949999999999962,-0.04449999999999976,-0.10000000000000142,-0.6000000000000014,-0.03799999999999848,-0.4000000000000057,falling,summer,2026,0.000476526394588,1.0,14.206511134105853,1.0,42.0649611826857,1.0,True
2026-07-17 15:00:00+00:00,2.451,15.7,-0.01100000000000012,-0.045500000000000096,-0.10000000000000142,-0.6000000000000014,-0.04400000000000048,-0.4000000000000057,falling,summer,2026,0.000476526394588,1.0,14.206511134105853,1.0,42.0649611826857,1.0,True
2026-07-17 16:00:00+00:00,2.45,15.6,-0.009999999999999787,-0.04599999999999982,-0.20000000000000107,-0.7000000000000011,-0.03999999999999915,-0.8000000000000043,falling,summer,2026,0.000476526394588,1.0,14.206511134105853,1.0,42.0649611826857,1.0,True
2026-07-17 17:00:00+00:00,2.448,15.6,-0.010499999999999954,-0.04449999999999976,-0.20000000000000107,-0.6500000000000004,-0.041999999999999815,-0.8000000000000043,falling,summer,2026,0.000476526394588,1.0,14.206511134105853,1.0,42.0649611826857,1.0,True
2026-07-17 18:00:00+00:00,2.4405,15.5,-0.016499999999999737,-0.0495000000000001,-0.1999999999999993,-0.6999999999999993,-0.06599999999999895,-0.7999999999999972,falling,summer,2026,0.000687458297095,1.0,14.206507051103369,1.0,41.56577471208806,1.0,True
2026-07-17 19:00:00+00:00,2.438,15.5,-0.017999999999999794,-0.04999999999999982,-0.1999999999999993,-0.6999999999999993,-0.07199999999999918,-0.7999999999999972,falling,summer,2026,0.000687458297095,1.0,14.206507051103369,1.0,41.56577471208806,1.0,True
2026-07-17 20:00:00+00:00,2.434,15.4,-0.020500000000000185,-0.05099999999999971,-0.29999999999999893,-0.7000000000000011,-0.08200000000000074,-1.1999999999999957,falling,summer,2026,0.000687458297095,1.0,14.206507051103369,1.0,41.56577471208806,1.0,True
2026-07-17 21:00:00+00:00,2.4305000000000003,15.4,-0.02049999999999974,-0.05249999999999977,-0.29999999999999893,-0.7000000000000011,-0.08199999999999896,-1.1999999999999957,falling,summer,2026,0.000687458297095,1.0,14.206507051103369,1.0,41.56577471208806,1.0,True
2026-07-17 22:00:00+00:00,2.4284999999999997,15.3,-0.02150000000000052,-0.05350000000000055,-0.29999999999999893,-0.8000000000000007,-0.08600000000000207,-1.1999999999999957,falling,summer,2026,0.000687458297095,1.0,14.206507051103369,1.0,41.56577471208806,1.0,True
2026-07-17 23:00:00+00:00,2.426,15.3,-0.021999999999999797,-0.05449999999999999,-0.29999999999999893,-0.8000000000000007,-0.08799999999999919,-1.1999999999999957,falling,summer,2026,0.000687458297095,1.0,14.206507051103369,1.0,41.56577471208806,1.0,True
2026-07-18 00:00:00+00:00,2.422,15.2,-0.01849999999999996,-0.060499999999999776,-0.3000000000000007,-0.9000000000000021,-0.07399999999999984,-1.2000000000000028,falling,summer,2026,0.001674423537813,1.0,14.207854458987894,1.0,40.60433831261976,1.0,True
2026-07-18 01:00:00+00:00,2.419,15.2,-0.019000000000000128,-0.06400000000000006,-0.3000000000000007,-0.9000000000000021,-0.07600000000000051,-1.2000000000000028,falling,summer,2026,0.001674423537813,1.0,14.207854458987894,1.0,40.60433831261976,1.0,True
2026-07-18 02:00:00+00:00,2.42,15.2,-0.014000000000000234,-0.05699999999999994,-0.20000000000000107,-0.8000000000000007,-0.05600000000000094,-0.8000000000000043,falling,summer,2026,0.001674423537813,1.0,14.207854458987894,1.0,40.60433831261976,1.0,True
2026-07-18 03:00:00+00:00,2.417,15.2,-0.013500000000000512,-0.05550000000000033,-0.20000000000000107,-0.75,-0.054000000000002046,-0.8000000000000043,falling,summer,2026,0.001674423537813,1.0,14.207854458987894,1.0,40.60433831261976,1.0,True
2026-07-18 04:00:00+00:00,2.413,15.1,-0.015499999999999847,-0.057000000000000384,-0.20000000000000107,-0.8000000000000007,-0.06199999999999939,-0.8000000000000043,falling,summer,2026,0.001674423537813,1.0,14.207854458987894,1.0,40.60433831261976,1.0,True
2026-07-18 05:00:00+00:00,2.4115,15.1,-0.014499999999999957,-0.05649999999999977,-0.20000000000000107,-0.8000000000000007,-0.05799999999999983,-0.8000000000000043,falling,summer,2026,0.001674423537813,1.0,14.207854458987894,1.0,40.60433831261976,1.0,True
2026-07-18 06:00:00+00:00,2.41,15.1,-0.01200000000000001,-0.05600000000000005,-0.09999999999999964,-0.8000000000000007,-0.04800000000000004,-0.3999999999999986,falling,summer,2026,0.001705719493034,1.0,13.128908145391557,1.0,33.342633557323424,1.0,True
2026-07-18 07:00:00+00:00,2.407,15.0,-0.01200000000000001,-0.05799999999999983,-0.1999999999999993,-0.9000000000000004,-0.04800000000000004,-0.7999999999999972,falling,summer,2026,0.001705719493034,1.0,13.128908145391557,1.0,33.342633557323424,1.0,True
2026-07-18 08:00:00+00:00,2.4055,15.0,-0.014499999999999957,-0.058499999999999996,-0.1999999999999993,-0.8000000000000007,-0.05799999999999983,-0.7999999999999972,falling,summer,2026,0.001705719493034,1.0,13.128908145391557,1.0,33.342633557323424,1.0,True
2026-07-18 09:00:00+00:00,2.404,15.0,-0.0129999999999999,-0.058000000000000274,-0.1999999999999993,-0.8000000000000007,-0.0519999999999996,-0.7999999999999972,falling,summer,2026,0.001705719493034,1.0,13.128908145391557,1.0,33.342633557323424,1.0,True
2026-07-18 10:00:00+00:00,2.404,15.0,-0.008999999999999897,-0.05600000000000005,-0.09999999999999964,-0.8000000000000007,-0.03599999999999959,-0.3999999999999986,falling,summer,2026,0.001705719493034,1.0,13.128908145391557,1.0,33.342633557323424,1.0,True
2026-07-18 11:00:00+00:00,2.3994999999999997,14.9,-0.012000000000000455,-0.05900000000000016,-0.1999999999999993,-0.9000000000000004,-0.04800000000000182,-0.7999999999999972,falling,summer,2026,0.001705719493034,1.0,13.128908145391557,1.0,33.342633557323424,1.0,True
2026-07-18 12:00:00+00:00,2.403,15.0,-0.007000000000000117,-0.053999999999999826,-0.09999999999999964,-0.6999999999999993,-0.02800000000000047,-0.3999999999999986,falling,summer,2026,0.005888652810902,1.0,1.17290131134886,1.0,29.265303563330104,1.0,True
2026-07-18 14:00:00+00:00,2.402,15.0,-0.0034999999999998366,-0.05250000000000021,0.0,-0.6999999999999993,-0.013999999999999346,0.0,falling,summer,2026,0.005888652810902,1.0,1.17290131134886,1.0,29.265303563330104,1.0,True
2026-07-18 15:00:00+00:00,2.3964999999999996,14.9,-0.007500000000000284,-0.05450000000000044,-0.09999999999999964,-0.7999999999999989,-0.030000000000001137,-0.3999999999999986,falling,summer,2026,0.005888652810902,1.0,1.17290131134886,1.0,29.265303563330104,1.0,True
2026-07-18 16:00:00+00:00,2.397,14.9,-0.007000000000000117,-0.05300000000000038,-0.09999999999999964,-0.6999999999999993,-0.02800000000000047,-0.3999999999999986,falling,summer,2026,0.005888652810902,1.0,1.17290131134886,1.0,29.265303563330104,1.0,True
2026-07-18 18:00:00+00:00,2.399,14.9,-0.0040000000000000036,-0.04150000000000009,-0.09999999999999964,-0.5999999999999996,-0.016000000000000014,-0.3999999999999986,falling,summer,2026,0.006572990580968,1.0,1.163036603147839,1.0,23.796679482521572,1.0,True
2026-07-18 19:00:00+00:00,2.397,14.9,-0.010000000000000231,-0.04100000000000037,-0.09999999999999964,-0.5999999999999996,-0.040000000000000924,-0.3999999999999986,falling,summer,2026,0.006572990580968,1.0,1.163036603147839,1.0,23.796679482521572,1.0,True
2026-07-18 20:00:00+00:00,2.391,14.8,-0.01100000000000012,-0.04300000000000015,-0.1999999999999993,-0.5999999999999996,-0.04400000000000048,-0.7999999999999972,falling,summer,2026,0.006572990580968,1.0,1.163036603147839,1.0,23.796679482521572,1.0,True
2026-07-18 21:00:00+00:00,2.388,14.8,-0.00849999999999973,-0.042500000000000426,-0.09999999999999964,-0.5999999999999996,-0.03399999999999892,-0.3999999999999986,falling,summer,2026,0.006572990580968,1.0,1.163036603147839,1.0,23.796679482521572,1.0,True
2026-07-18 22:00:00+00:00,2.385,14.7,-0.01200000000000001,-0.04349999999999987,-0.20000000000000107,-0.6000000000000014,-0.04800000000000004,-0.8000000000000043,falling,summer,2026,0.006572990580968,1.0,1.163036603147839,1.0,23.796679482521572,1.0,True
2026-07-18 23:00:00+00:00,2.381,14.7,-0.018000000000000238,-0.04500000000000037,-0.20000000000000107,-0.6000000000000014,-0.07200000000000095,-0.8000000000000043,falling,summer,2026,0.006572990580968,1.0,1.163036603147839,1.0,23.796679482521572,1.0,True
2026-07-19 00:00:00+00:00,2.3775,14.6,-0.021500000000000075,-0.044500000000000206,-0.3000000000000007,-0.5999999999999996,-0.0860000000000003,-1.2000000000000028,falling,summer,2026,0.015919447984108,1.0,1.1729505567451912,1.0,14.30727435622359,1.0,True
2026-07-19 01:00:00+00:00,2.374,14.6,-0.022999999999999687,-0.04499999999999993,-0.3000000000000007,-0.5999999999999996,-0.09199999999999875,-1.2000000000000028,falling,summer,2026,0.015919447984108,1.0,1.1729505567451912,1.0,14.30727435622359,1.0,True
2026-07-19 02:00:00+00:00,2.3715,14.55,-0.01949999999999985,-0.048499999999999766,-0.25,-0.6499999999999986,-0.0779999999999994,-1.0,falling,summer,2026,0.015919447984108,1.0,1.1729505567451912,1.0,14.30727435622359,1.0,True
2026-07-20 20:00:00+00:00,2.3354999999999997,14.1,-0.017000000000000348,-0.07699999999999996,-0.20000000000000107,-1.0,-0.06800000000000139,-0.8000000000000043,falling,summer,2026,7.50951131728738,1.0,32.40767404922424,1.0,46.623305722828604,1.0,True
2026-07-20 21:00:00+00:00,2.3335,14.0,-0.015500000000000291,-0.07350000000000012,-0.1999999999999993,-1.0,-0.062000000000001165,-0.7999999999999972,falling,summer,2026,7.50951131728738,1.0,32.40767404922424,1.0,46.623305722828604,1.0,True
2026-07-20 22:00:00+00:00,2.33,14.0,-0.015000000000000124,-0.0674999999999999,-0.1999999999999993,-0.9000000000000004,-0.0600000000000005,-0.7999999999999972,falling,summer,2026,7.50951131728738,1.0,32.40767404922424,1.0,46.623305722828604,1.0,True
2026-07-20 23:00:00+00:00,2.3255,13.9,-0.01650000000000018,-0.07350000000000012,-0.1999999999999993,-1.0,-0.06600000000000072,-0.7999999999999972,falling,summer,2026,7.50951131728738,1.0,32.40767404922424,1.0,46.623305722828604,1.0,True
2026-07-21 00:00:00+00:00,2.324,13.9,-0.016000000000000014,-0.06850000000000023,-0.1999999999999993,-0.9000000000000004,-0.06400000000000006,-0.7999999999999972,falling,summer,2026,7.513404825781837,1.0,32.41459043962786,1.0,46.626123160793796,1.0,True
2026-07-21 01:00:00+00:00,2.322,13.9,-0.015000000000000124,-0.06499999999999995,-0.1999999999999993,-0.9000000000000004,-0.0600000000000005,-0.7999999999999972,falling,summer,2026,7.513404825781837,1.0,32.41459043962786,1.0,46.626123160793796,1.0,True
2026-07-21 02:00:00+00:00,2.321,13.9,-0.014499999999999513,-0.05799999999999983,-0.1999999999999993,-0.7499999999999982,-0.05799999999999805,-0.7999999999999972,falling,summer,2026,7.513404825781837,1.0,32.41459043962786,1.0,46.626123160793796,1.0,True
2026-07-21 03:00:00+00:00,2.32,13.9,-0.013500000000000068,-0.05600000000000005,-0.09999999999999964,-0.6999999999999993,-0.05400000000000027,-0.3999999999999986,falling,summer,2026,7.513404825781837,1.0,32.41459043962786,1.0,46.626123160793796,1.0,True
2026-07-21 04:00:00+00:00,2.321,13.9,-0.008999999999999897,-0.052999999999999936,-0.09999999999999964,-0.6999999999999993,-0.03599999999999959,-0.3999999999999986,falling,summer,2026,7.513404825781837,1.0,32.41459043962786,1.0,46.626123160793796,1.0,True
2026-07-21 05:00:00+00:00,2.32,13.9,-0.00550000000000006,-0.04200000000000026,0.0,-0.5,-0.02200000000000024,0.0,falling,summer,2026,7.513404825781837,1.0,32.41459043962786,1.0,46.626123160793796,1.0,True
2026-07-21 06:00:00+00:00,2.319,13.8,-0.004999999999999893,-0.040999999999999925,-0.09999999999999964,-0.5999999999999996,-0.019999999999999574,-0.3999999999999986,falling,summer,2026,6.747388211795328,1.0,32.42296248328253,1.0,46.63137167290935,1.0,True
2026-07-21 07:00:00+00:00,2.318,13.8,-0.0040000000000000036,-0.0405000000000002,-0.09999999999999964,-0.5999999999999996,-0.016000000000000014,-0.3999999999999986,falling,summer,2026,6.747388211795328,1.0,32.42296248328253,1.0,46.63137167290935,1.0,True
2026-07-21 08:00:00+00:00,2.316,13.8,-0.0050000000000003375,-0.03600000000000003,-0.09999999999999964,-0.5,-0.02000000000000135,-0.3999999999999986,falling,summer,2026,6.747388211795328,1.0,32.42296248328253,1.0,46.63137167290935,1.0,True
2026-07-22 17:00:00+00:00,2.328,14.0,-0.002000000000000224,-0.019000000000000128,0.0,-0.1999999999999993,-0.008000000000000895,0.0,approximately_flat,summer,2026,0.830594485583616,1.0,12.209310661993667,1.0,37.5402359813828,1.0,True
2026-07-22 18:00:00+00:00,2.328,14.0,-0.002000000000000224,-0.016000000000000014,0.0,-0.1999999999999993,-0.008000000000000895,0.0,approximately_flat,summer,2026,0.032093567428326995,1.0,11.476756445446856,1.0,37.531382789950584,1.0,True
2026-07-22 19:00:00+00:00,2.327,13.9,-0.002000000000000224,-0.016000000000000014,-0.09999999999999964,-0.29999999999999893,-0.008000000000000895,-0.3999999999999986,approximately_flat,summer,2026,0.032093567428326995,1.0,11.476756445446856,1.0,37.531382789950584,1.0,True
2026-07-22 20:00:00+00:00,2.326,13.9,-0.0040000000000000036,-0.016000000000000014,-0.09999999999999964,-0.1999999999999993,-0.016000000000000014,-0.3999999999999986,falling,summer,2026,0.032093567428326995,1.0,11.476756445446856,1.0,37.531382789950584,1.0,True
2026-07-22 21:00:00+00:00,2.3285,14.0,-0.0015000000000000568,-0.011499999999999844,0.0,-0.09999999999999964,-0.006000000000000227,0.0,approximately_flat,summer,2026,0.032093567428326995,1.0,11.476756445446856,1.0,37.531382789950584,1.0,True
2026-07-23 00:00:00+00:00,2.326,13.9,-0.0019999999999997797,-0.0129999999999999,-0.09999999999999964,-0.1999999999999993,-0.007999999999999119,-0.3999999999999986,approximately_flat,summer,2026,0.002842356589082,1.0,11.47250759417812,1.0,37.530724316785225,1.0,True
2026-07-23 01:00:00+00:00,2.321,13.9,-0.005999999999999783,-0.016000000000000014,0.0,-0.1999999999999993,-0.023999999999999133,0.0,falling,summer,2026,0.002842356589082,1.0,11.47250759417812,1.0,37.530724316785225,1.0,True
2026-07-23 02:00:00+00:00,2.321,13.9,-0.004999999999999893,-0.015499999999999847,0.0,-0.1999999999999993,-0.019999999999999574,0.0,falling,summer,2026,0.002842356589082,1.0,11.47250759417812,1.0,37.530724316785225,1.0,True
2026-07-23 03:00:00+00:00,2.319,13.8,-0.009500000000000064,-0.016999999999999904,-0.1999999999999993,-0.29999999999999893,-0.038000000000000256,-0.7999999999999972,falling,summer,2026,0.002842356589082,1.0,11.47250759417812,1.0,37.530724316785225,1.0,True
2026-07-23 04:00:00+00:00,2.317,13.8,-0.012500000000000178,-0.01750000000000007,-0.1999999999999993,-0.25,-0.05000000000000071,-0.7999999999999972,falling,summer,2026,0.002842356589082,1.0,11.47250759417812,1.0,37.530724316785225,1.0,True
2026-07-23 05:00:00+00:00,2.316,13.8,-0.01200000000000001,-0.018000000000000238,-0.1999999999999993,-0.1999999999999993,-0.04800000000000004,-0.7999999999999972,falling,summer,2026,0.002842356589082,1.0,11.47250759417812,1.0,37.530724316785225,1.0,True
2026-07-23 06:00:00+00:00,2.3155,13.8,-0.010499999999999954,-0.01849999999999996,-0.09999999999999964,-0.1999999999999993,-0.041999999999999815,-0.3999999999999986,falling,summer,2026,0.00208927525348,1.0,10.698078745232985,1.0,36.48178224605601,1.0,True
2026-07-23 07:00:00+00:00,2.314,13.8,-0.007000000000000117,-0.01849999999999996,-0.09999999999999964,-0.1999999999999993,-0.02800000000000047,-0.3999999999999986,falling,summer,2026,0.00208927525348,1.0,10.698078745232985,1.0,36.48178224605601,1.0,True
2026-07-23 08:00:00+00:00,2.312,13.7,-0.009000000000000341,-0.019500000000000295,-0.20000000000000107,-0.3000000000000007,-0.036000000000001364,-0.8000000000000043,falling,summer,2026,0.00208927525348,1.0,10.698078745232985,1.0,36.48178224605601,1.0,True
2026-07-23 09:00:00+00:00,2.31,13.7,-0.008999999999999897,-0.020999999999999908,-0.10000000000000142,-0.3000000000000007,-0.03599999999999959,-0.4000000000000057,falling,summer,2026,0.00208927525348,1.0,10.698078745232985,1.0,36.48178224605601,1.0,True
2026-07-23 10:00:00+00:00,2.309,13.7,-0.008000000000000007,-0.020999999999999908,-0.10000000000000142,-0.3000000000000007,-0.03200000000000003,-0.4000000000000057,falling,summer,2026,0.00208927525348,1.0,10.698078745232985,1.0,36.48178224605601,1.0,True
2026-07-23 11:00:00+00:00,2.3085,13.7,-0.00749999999999984,-0.021500000000000075,-0.10000000000000142,-0.3000000000000007,-0.02999999999999936,-0.4000000000000057,falling,summer,2026,0.00208927525348,1.0,10.698078745232985,1.0,36.48178224605601,1.0,True
2026-07-23 12:00:00+00:00,2.307,13.7,-0.008500000000000174,-0.02300000000000013,-0.10000000000000142,-0.3000000000000007,-0.034000000000000696,-0.4000000000000057,falling,summer,2026,0.002070603666741,1.0,8.832441422488778,1.0,36.375770452906174,1.0,True
2026-07-23 13:00:00+00:00,2.307,13.7,-0.007000000000000117,-0.02200000000000024,-0.10000000000000142,-0.3000000000000007,-0.02800000000000047,-0.4000000000000057,falling,summer,2026,0.002070603666741,1.0,8.832441422488778,1.0,36.375770452906174,1.0,True
2026-07-23 14:00:00+00:00,2.3075,13.7,-0.0044999999999997264,-0.022499999999999964,0.0,-0.3000000000000007,-0.017999999999998906,0.0,falling,summer,2026,0.002070603666741,1.0,8.832441422488778,1.0,36.375770452906174,1.0,True
2026-07-23 15:00:00+00:00,2.307,13.7,-0.0030000000000001137,-0.02300000000000013,0.0,-0.3000000000000007,-0.012000000000000455,0.0,falling,summer,2026,0.002070603666741,1.0,8.832441422488778,1.0,36.375770452906174,1.0,True
2026-07-23 16:00:00+00:00,2.306,13.7,-0.0030000000000001137,-0.0235000000000003,0.0,-0.3000000000000007,-0.012000000000000455,0.0,falling,summer,2026,0.002070603666741,1.0,8.832441422488778,1.0,36.375770452906174,1.0,True
2026-07-23 17:00:00+00:00,2.306,13.7,-0.0024999999999999467,-0.021999999999999797,0.0,-0.3000000000000007,-0.009999999999999787,0.0,approximately_flat,summer,2026,0.002070603666741,1.0,8.832441422488778,1.0,36.375770452906174,1.0,True
2026-07-23 18:00:00+00:00,2.303,13.6,-0.0040000000000000036,-0.02499999999999991,-0.09999999999999964,-0.40000000000000036,-0.016000000000000014,-0.3999999999999986,falling,summer,2026,0.00012302185829,1.0,3.967368150017766,1.0,36.375729657539104,1.0,True
2026-07-23 19:00:00+00:00,2.3025,13.6,-0.0044999999999997264,-0.024499999999999744,-0.09999999999999964,-0.3000000000000007,-0.017999999999998906,-0.3999999999999986,falling,summer,2026,0.00012302185829,1.0,3.967368150017766,1.0,36.375729657539104,1.0,True
2026-07-23 20:00:00+00:00,2.3015,13.6,-0.006000000000000227,-0.02450000000000019,-0.09999999999999964,-0.3000000000000007,-0.02400000000000091,-0.3999999999999986,falling,summer,2026,0.00012302185829,1.0,3.967368150017766,1.0,36.375729657539104,1.0,True
2026-07-23 21:00:00+00:00,2.3,13.6,-0.007000000000000117,-0.028500000000000192,-0.09999999999999964,-0.40000000000000036,-0.02800000000000047,-0.3999999999999986,falling,summer,2026,0.00012302185829,1.0,3.967368150017766,1.0,36.375729657539104,1.0,True
2026-07-23 22:00:00+00:00,2.2984999999999998,13.6,-0.007500000000000284,-0.031000000000000583,-0.09999999999999964,-0.40000000000000036,-0.030000000000001137,-0.3999999999999986,falling,summer,2026,0.00012302185829,1.0,3.967368150017766,1.0,36.375729657539104,1.0,True
2026-07-23 23:00:00+00:00,2.2965,13.55,-0.009500000000000064,-0.03149999999999986,-0.14999999999999858,-0.4499999999999993,-0.038000000000000256,-0.5999999999999943,falling,summer,2026,0.00012302185829,1.0,3.967368150017766,1.0,36.375729657539104,1.0,True
2026-07-24 00:00:00+00:00,2.292,13.5,-0.01100000000000012,-0.03400000000000025,-0.09999999999999964,-0.40000000000000036,-0.04400000000000048,-0.3999999999999986,falling,summer,2026,3.866336633e-06,1.0,3.9591066347329145,1.0,36.375371497898584,1.0,True
2026-07-24 01:00:00+00:00,2.2855,13.4,-0.017000000000000348,-0.03550000000000031,-0.1999999999999993,-0.5,-0.06800000000000139,-0.7999999999999972,falling,summer,2026,3.866336633e-06,1.0,3.9591066347329145,1.0,36.375371497898584,1.0,True
2026-07-24 02:00:00+00:00,2.287,13.4,-0.014499999999999957,-0.03400000000000025,-0.1999999999999993,-0.5,-0.05799999999999983,-0.7999999999999972,falling,summer,2026,3.866336633e-06,1.0,3.9591066347329145,1.0,36.375371497898584,1.0,True
2026-07-24 03:00:00+00:00,2.2845,13.4,-0.015499999999999847,-0.034499999999999975,-0.1999999999999993,-0.40000000000000036,-0.06199999999999939,-0.7999999999999972,falling,summer,2026,3.866336633e-06,1.0,3.9591066347329145,1.0,36.375371497898584,1.0,True
2026-07-24 04:00:00+00:00,2.284,13.4,-0.014499999999999957,-0.03300000000000036,-0.1999999999999993,-0.40000000000000036,-0.05799999999999983,-0.7999999999999972,falling,summer,2026,3.866336633e-06,1.0,3.9591066347329145,1.0,36.375371497898584,1.0,True
2026-07-24 05:00:00+00:00,2.283,13.4,-0.013500000000000068,-0.03299999999999992,-0.15000000000000036,-0.40000000000000036,-0.05400000000000027,-0.6000000000000014,falling,summer,2026,3.866336633e-06,1.0,3.9591066347329145,1.0,36.375371497898584,1.0,True
2026-07-24 06:00:00+00:00,2.282,13.4,-0.009999999999999787,-0.033500000000000085,-0.09999999999999964,-0.40000000000000036,-0.03999999999999915,-0.3999999999999986,falling,summer,2026,0.034871210340029,1.0,3.9855617437776862,1.0,36.410229946553244,1.0,True
2026-07-24 07:00:00+00:00,2.281,13.3,-0.0044999999999997264,-0.03299999999999992,-0.09999999999999964,-0.5,-0.017999999999998906,-0.3999999999999986,falling,summer,2026,0.034871210340029,1.0,3.9855617437776862,1.0,36.410229946553244,1.0,True
2026-07-24 08:00:00+00:00,2.279,13.3,-0.008000000000000007,-0.03299999999999992,-0.09999999999999964,-0.3999999999999986,-0.03200000000000003,-0.3999999999999986,falling,summer,2026,0.034871210340029,1.0,3.9855617437776862,1.0,36.410229946553244,1.0,True
2026-07-24 09:00:00+00:00,2.277,13.3,-0.00749999999999984,-0.03299999999999992,-0.09999999999999964,-0.3999999999999986,-0.02999999999999936,-0.3999999999999986,falling,summer,2026,0.034871210340029,1.0,3.9855617437776862,1.0,36.410229946553244,1.0,True
2026-07-24 10:00:00+00:00,2.28,13.3,-0.0040000000000000036,-0.02900000000000036,-0.09999999999999964,-0.3999999999999986,-0.016000000000000014,-0.3999999999999986,falling,summer,2026,0.034871210340029,1.0,3.9855617437776862,1.0,36.410229946553244,1.0,True
2026-07-24 11:00:00+00:00,2.2755,13.3,-0.00749999999999984,-0.03299999999999992,-0.09999999999999964,-0.3999999999999986,-0.02999999999999936,-0.3999999999999986,falling,summer,2026,0.034871210340029,1.0,3.9855617437776862,1.0,36.410229946553244,1.0,True
2026-07-24 12:00:00+00:00,2.273,13.2,-0.008999999999999897,-0.03399999999999981,-0.20000000000000107,-0.5,-0.03599999999999959,-0.8000000000000043,falling,summer,2026,0.034871210340029,1.0,0.867536299590386,1.0,36.41016513685161,1.0,True
2026-07-24 13:00:00+00:00,2.272,13.2,-0.009000000000000341,-0.03500000000000014,-0.10000000000000142,-0.5,-0.036000000000001364,-0.4000000000000057,falling,summer,2026,0.034871210340029,1.0,0.867536299590386,1.0,36.41016513685161,1.0,True
2026-07-24 14:00:00+00:00,2.27,13.2,-0.008999999999999897,-0.03750000000000009,-0.10000000000000142,-0.5,-0.03599999999999959,-0.4000000000000057,falling,summer,2026,0.034871210340029,1.0,0.867536299590386,1.0,36.41016513685161,1.0,True
2026-07-24 15:00:00+00:00,2.271,13.2,-0.006000000000000227,-0.03600000000000003,-0.10000000000000142,-0.5,-0.02400000000000091,-0.4000000000000057,falling,summer,2026,0.034871210340029,1.0,0.867536299590386,1.0,36.41016513685161,1.0,True
2026-07-24 16:00:00+00:00,2.2714999999999996,13.2,-0.008500000000000174,-0.03450000000000042,-0.10000000000000142,-0.5,-0.034000000000000696,-0.4000000000000057,falling,summer,2026,0.034871210340029,1.0,0.867536299590386,1.0,36.41016513685161,1.0,True
2026-07-24 17:00:00+00:00,2.2695,13.2,-0.006000000000000227,-0.0365000000000002,-0.10000000000000142,-0.5,-0.02400000000000091,-0.4000000000000057,falling,summer,2026,0.034871210340029,1.0,0.867536299590386,1.0,36.41016513685161,1.0,True
2026-07-24 18:00:00+00:00,2.267,13.2,-0.006000000000000227,-0.03600000000000003,0.0,-0.40000000000000036,-0.02400000000000091,0.0,falling,summer,2026,0.034872543673359,1.0,0.067089132959976,1.0,36.40991474291536,1.0,True
2026-07-24 19:00:00+00:00,2.266,13.1,-0.005999999999999783,-0.0365000000000002,-0.09999999999999964,-0.5,-0.023999999999999133,-0.3999999999999986,falling,summer,2026,0.034872543673359,1.0,0.067089132959976,1.0,36.40991474291536,1.0,True
2026-07-24 20:00:00+00:00,2.2634999999999996,13.1,-0.006500000000000394,-0.038000000000000256,-0.09999999999999964,-0.5,-0.026000000000001577,-0.3999999999999986,falling,summer,2026,0.034872543673359,1.0,0.067089132959976,1.0,36.40991474291536,1.0,True
2026-07-24 21:00:00+00:00,2.2605,13.1,-0.010499999999999954,-0.03949999999999987,-0.09999999999999964,-0.5,-0.041999999999999815,-0.3999999999999986,falling,summer,2026,0.034872543673359,1.0,0.067089132959976,1.0,36.40991474291536,1.0,True
2026-07-24 22:00:00+00:00,2.2584999999999997,13.05,-0.0129999999999999,-0.040000000000000036,-0.14999999999999858,-0.5499999999999989,-0.0519999999999996,-0.5999999999999943,falling,summer,2026,0.034872543673359,1.0,0.067089132959976,1.0,36.40991474291536,1.0,True
2026-07-24 23:00:00+00:00,2.255,13.0,-0.014499999999999957,-0.04150000000000009,-0.1999999999999993,-0.5500000000000007,-0.05799999999999983,-0.7999999999999972,falling,summer,2026,0.034872543673359,1.0,0.067089132959976,1.0,36.40991474291536,1.0,True
2026-07-25 00:00:00+00:00,2.253,13.0,-0.01399999999999979,-0.0389999999999997,-0.1999999999999993,-0.5,-0.05599999999999916,-0.7999999999999972,falling,summer,2026,0.040773019487018,1.0,0.043619242412733,1.0,36.4144700938478,1.0,True
2026-07-25 01:00:00+00:00,2.251,12.9,-0.015000000000000124,-0.034499999999999975,-0.1999999999999993,-0.5,-0.0600000000000005,-0.7999999999999972,falling,summer,2026,0.040773019487018,1.0,0.043619242412733,1.0,36.4144700938478,1.0,True
2026-07-25 02:00:00+00:00,2.249,12.9,-0.014499999999999513,-0.03799999999999981,-0.1999999999999993,-0.5,-0.05799999999999805,-0.7999999999999972,falling,summer,2026,0.040773019487018,1.0,0.043619242412733,1.0,36.4144700938478,1.0,True
2026-07-25 03:00:00+00:00,2.2455,12.9,-0.015000000000000124,-0.039000000000000146,-0.1999999999999993,-0.5,-0.0600000000000005,-0.7999999999999972,falling,summer,2026,0.040773019487018,1.0,0.043619242412733,1.0,36.4144700938478,1.0,True
2026-07-25 04:00:00+00:00,2.243,12.8,-0.015499999999999847,-0.040999999999999925,-0.25,-0.5999999999999996,-0.06199999999999939,-1.0,falling,summer,2026,0.040773019487018,1.0,0.043619242412733,1.0,36.4144700938478,1.0,True
2026-07-25 05:00:00+00:00,2.241,12.8,-0.01399999999999979,-0.041999999999999815,-0.1999999999999993,-0.5999999999999996,-0.05599999999999916,-0.7999999999999972,falling,summer,2026,0.040773019487018,1.0,0.043619242412733,1.0,36.4144700938478,1.0,True
2026-07-25 06:00:00+00:00,2.238,12.8,-0.015000000000000124,-0.04400000000000004,-0.1999999999999993,-0.5999999999999996,-0.0600000000000005,-0.7999999999999972,falling,summer,2026,0.00609789116985,1.0,0.043058376763359,1.0,36.414622118230064,1.0,True
2026-07-25 07:00:00+00:00,2.2365000000000004,12.8,-0.014499999999999513,-0.04449999999999976,-0.09999999999999964,-0.5,-0.05799999999999805,-0.3999999999999986,falling,summer,2026,0.00609789116985,1.0,0.043058376763359,1.0,36.414622118230064,1.0,True
2026-07-25 08:00:00+00:00,2.236,12.8,-0.0129999999999999,-0.042999999999999705,-0.09999999999999964,-0.5,-0.0519999999999996,-0.3999999999999986,falling,summer,2026,0.00609789116985,1.0,0.043058376763359,1.0,36.414622118230064,1.0,True
2026-07-25 09:00:00+00:00,2.235,12.7,-0.010499999999999954,-0.04200000000000026,-0.20000000000000107,-0.6000000000000014,-0.041999999999999815,-0.8000000000000043,falling,summer,2026,0.00609789116985,1.0,0.043058376763359,1.0,36.414622118230064,1.0,True
2026-07-25 10:00:00+00:00,2.234,12.7,-0.008999999999999897,-0.04599999999999982,-0.10000000000000142,-0.6000000000000014,-0.03599999999999959,-0.4000000000000057,falling,summer,2026,0.00609789116985,1.0,0.043058376763359,1.0,36.414622118230064,1.0,True
2026-07-25 11:00:00+00:00,2.231,12.7,-0.010000000000000231,-0.044500000000000206,-0.10000000000000142,-0.6000000000000014,-0.040000000000000924,-0.4000000000000057,falling,summer,2026,0.00609789116985,1.0,0.043058376763359,1.0,36.414622118230064,1.0,True
2026-07-25 12:00:00+00:00,2.231,12.7,-0.007000000000000117,-0.04200000000000026,-0.10000000000000142,-0.5,-0.02800000000000047,-0.4000000000000057,falling,summer,2026,0.006098899169847,1.0,0.043040713176617,1.0,36.41037538321056,1.0,True
2026-07-25 13:00:00+00:00,2.231,12.7,-0.0055000000000005045,-0.040999999999999925,-0.10000000000000142,-0.5,-0.022000000000002018,-0.4000000000000057,falling,summer,2026,0.006098899169847,1.0,0.043040713176617,1.0,36.41037538321056,1.0,True
2026-07-25 14:00:00+00:00,2.2264999999999997,12.6,-0.009500000000000508,-0.043500000000000316,-0.20000000000000107,-0.5999999999999996,-0.03800000000000203,-0.8000000000000043,falling,summer,2026,0.006098899169847,1.0,0.043040713176617,1.0,36.41037538321056,1.0,True
2026-07-25 15:00:00+00:00,2.225,12.6,-0.009999999999999787,-0.04599999999999982,-0.09999999999999964,-0.5999999999999996,-0.03999999999999915,-0.3999999999999986,falling,summer,2026,0.006098899169847,1.0,0.043040713176617,1.0,36.41037538321056,1.0,True
2026-07-25 16:00:00+00:00,2.2205000000000004,12.6,-0.013499999999999623,-0.05099999999999927,-0.09999999999999964,-0.5999999999999996,-0.053999999999998494,-0.3999999999999986,falling,summer,2026,0.006098899169847,1.0,0.043040713176617,1.0,36.41037538321056,1.0,True
2026-07-25 17:00:00+00:00,2.217,12.5,-0.01399999999999979,-0.05249999999999977,-0.1999999999999993,-0.6999999999999993,-0.05599999999999916,-0.7999999999999972,falling,summer,2026,0.006098899169847,1.0,0.043040713176617,1.0,36.41037538321056,1.0,True
2026-07-25 18:00:00+00:00,2.2119999999999997,12.45,-0.019000000000000128,-0.05500000000000016,-0.25,-0.75,-0.07600000000000051,-1.0,falling,summer,2026,0.006099391707169,1.0,0.041094957238818,1.0,36.40944114404157,1.0,True
2026-07-25 19:00:00+00:00,2.2055,12.4,-0.025500000000000078,-0.06050000000000022,-0.29999999999999893,-0.6999999999999993,-0.10200000000000031,-1.1999999999999957,falling,summer,2026,0.006099391707169,1.0,0.041094957238818,1.0,36.40944114404157,1.0,True
2026-07-25 20:00:00+00:00,2.2035,12.3,-0.022999999999999687,-0.05999999999999961,-0.29999999999999893,-0.7999999999999989,-0.09199999999999875,-1.1999999999999957,falling,summer,2026,0.006099391707169,1.0,0.041094957238818,1.0,36.40944114404157,1.0,True
2026-07-25 21:00:00+00:00,2.204,12.3,-0.020999999999999908,-0.05649999999999977,-0.29999999999999893,-0.7999999999999989,-0.08399999999999963,-1.1999999999999957,falling,summer,2026,0.006099391707169,1.0,0.041094957238818,1.0,36.40944114404157,1.0,True
2026-07-25 22:00:00+00:00,2.201,12.3,-0.019500000000000295,-0.05749999999999966,-0.29999999999999893,-0.75,-0.07800000000000118,-1.1999999999999957,falling,summer,2026,0.006099391707169,1.0,0.041094957238818,1.0,36.40944114404157,1.0,True
2026-07-25 23:00:00+00:00,2.198,12.3,-0.019000000000000128,-0.05699999999999994,-0.1999999999999993,-0.6999999999999993,-0.07600000000000051,-0.7999999999999972,falling,summer,2026,0.006099391707169,1.0,0.041094957238818,1.0,36.40944114404157,1.0,True
2026-07-26 00:00:00+00:00,2.193,12.2,-0.018999999999999684,-0.06000000000000005,-0.25,-0.8000000000000007,-0.07599999999999874,-1.0,falling,summer,2026,0.008062824179155,1.0,0.048839710002806,1.0,36.40661347004284,1.0,True
2026-07-26 01:00:00+00:00,2.187,12.1,-0.01849999999999996,-0.06400000000000006,-0.3000000000000007,-0.8000000000000007,-0.07399999999999984,-1.2000000000000028,falling,summer,2026,0.008062824179155,1.0,0.048839710002806,1.0,36.40661347004284,1.0,True
2026-07-26 02:00:00+00:00,2.184,12.1,-0.01949999999999985,-0.06499999999999995,-0.20000000000000107,-0.8000000000000007,-0.0779999999999994,-0.8000000000000043,falling,summer,2026,0.008062824179155,1.0,0.048839710002806,1.0,36.40661347004284,1.0,True
2026-07-26 03:00:00+00:00,2.182,12.1,-0.02200000000000024,-0.06349999999999989,-0.20000000000000107,-0.8000000000000007,-0.08800000000000097,-0.8000000000000043,falling,summer,2026,0.008062824179155,1.0,0.048839710002806,1.0,36.40661347004284,1.0,True
2026-07-27 09:00:00+00:00,2.185,12.1,-0.008999999999999897,-0.03600000000000003,-0.09999999999999964,-0.5,-0.03599999999999959,-0.3999999999999986,falling,summer,2026,0.8497249945144429,1.0,15.2747525673894,1.0,26.007702522962415,1.0,True
2026-07-27 10:00:00+00:00,2.183,12.1,-0.010000000000000231,-0.033500000000000085,-0.09999999999999964,-0.40000000000000036,-0.040000000000000924,-0.3999999999999986,falling,summer,2026,0.8497249945144429,1.0,15.2747525673894,1.0,26.007702522962415,1.0,True
2026-07-27 11:00:00+00:00,2.185,12.1,-0.005999999999999783,-0.03100000000000014,-0.09999999999999964,-0.40000000000000036,-0.023999999999999133,-0.3999999999999986,falling,summer,2026,0.8497249945144429,1.0,15.2747525673894,1.0,26.007702522962415,1.0,True
2026-07-27 12:00:00+00:00,2.183,12.1,-0.010500000000000398,-0.031500000000000306,-0.09999999999999964,-0.40000000000000036,-0.04200000000000159,-0.3999999999999986,falling,summer,2026,1.4853377475592309,1.0,15.921080934627488,1.0,24.788393567456296,1.0,True
2026-07-27 13:00:00+00:00,2.182,12.1,-0.006000000000000227,-0.03149999999999986,0.0,-0.40000000000000036,-0.02400000000000091,0.0,falling,summer,2026,1.4853377475592309,1.0,15.921080934627488,1.0,24.788393567456296,1.0,True
2026-07-27 14:00:00+00:00,2.18,12.0,-0.0040000000000000036,-0.03299999999999992,-0.09999999999999964,-0.5,-0.016000000000000014,-0.3999999999999986,falling,summer,2026,1.4853377475592309,1.0,15.921080934627488,1.0,24.788393567456296,1.0,True
2026-07-27 15:00:00+00:00,2.177,12.0,-0.008000000000000007,-0.03500000000000014,-0.09999999999999964,-0.5,-0.03200000000000003,-0.3999999999999986,falling,summer,2026,1.4853377475592309,1.0,15.921080934627488,1.0,24.788393567456296,1.0,True
2026-07-27 16:00:00+00:00,2.174,12.0,-0.008999999999999897,-0.03600000000000003,-0.09999999999999964,-0.40000000000000036,-0.03599999999999959,-0.3999999999999986,falling,summer,2026,1.4853377475592309,1.0,15.921080934627488,1.0,24.788393567456296,1.0,True
2026-07-27 17:00:00+00:00,2.174,12.0,-0.01100000000000012,-0.03500000000000014,-0.09999999999999964,-0.40000000000000036,-0.04400000000000048,-0.3999999999999986,falling,summer,2026,1.4853377475592309,1.0,15.921080934627488,1.0,24.788393567456296,1.0,True
2026-07-27 18:00:00+00:00,2.1745,12.0,-0.00849999999999973,-0.033500000000000085,-0.09999999999999964,-0.40000000000000036,-0.03399999999999892,-0.3999999999999986,falling,summer,2026,1.767059947295235,1.0,16.20281105419472,1.0,20.205051747885847,1.0,True
2026-07-29 00:00:00+00:00,2.155,11.7,-0.007000000000000117,-0.03000000000000025,-0.10000000000000142,-0.40000000000000036,-0.02800000000000047,-0.4000000000000057,falling,summer,2026,0.017123881987673,1.0,22.32626638690956,1.0,22.377948453501446,1.0,True
2026-07-29 01:00:00+00:00,2.156,11.8,-0.004999999999999893,-0.02699999999999969,0.0,-0.29999999999999893,-0.019999999999999574,0.0,falling,summer,2026,0.017123881987673,1.0,22.32626638690956,1.0,22.377948453501446,1.0,True
