CFIA,PR_mm,Shp_Area,Shp_Perime,Station,StationNam,Stn_UID,_source_file
0.870119168356998,1.119065392408218,2590.88335366,360.639148567,05EA002,STURGEON RIVER AT ST. ALBERT,05EA002_1,CMC_HRDPA_WATERSHED-006-0700cutoff_SFC_0_ps2.5km_2026070100_000_05.dbf
0.864239386792453,1.133686160383811,1889.49091781,318.236156123,05EA005,STURGEON RIVER NEAR VILLENEUVE,05EA005_1,CMC_HRDPA_WATERSHED-006-0700cutoff_SFC_0_ps2.5km_2026070100_000_05.dbf
0.85546875,0.036475969901816,121.243196585,50.3451448569,05EA010,STURGEON RIVER NEAR MAGNOLIA BRIDGE,05EA010_1,CMC_HRDPA_WATERSHED-006-0700cutoff_SFC_0_ps2.5km_2026070100_000_05.dbf
0.868024553571429,1.26626134876694,97.0690958164,57.1534836129,05EA011,CARROT CREEK NEAR THE MOUTH,05EA011_1,CMC_HRDPA_WATERSHED-006-0700cutoff_SFC_0_ps2.5km_2026070100_000_05.dbf
0.895967371323529,1.239802124088301,287.073915676,89.9755621393,05EA012,ATIM CREEK AT CENTURY ROAD,05EA012_1,CMC_HRDPA_WATERSHED-006-0700cutoff_SFC_0_ps2.5km_2026070100_000_05.dbf
0.878169371196755,0.025141789949716,2590.88335366,360.639148567,05EA002,STURGEON RIVER AT ST. ALBERT,05EA002_1,CMC_HRDPA_WATERSHED-006-0700cutoff_SFC_0_ps2.5km_2026070106_000_05.dbf
0.872136118598383,0.034213579595302,1889.49091781,318.236156123,05EA005,STURGEON RIVER NEAR VILLENEUVE,05EA005_1,CMC_HRDPA_WATERSHED-006-0700cutoff_SFC_0_ps2.5km_2026070106_000_05.dbf
0.85546875,0.006651277856387,121.243196585,50.3451448569,05EA010,STURGEON RIVER NEAR MAGNOLIA BRIDGE,05EA010_1,CMC_HRDPA_WATERSHED-006-0700cutoff_SFC_0_ps2.5km_2026070106_000_05.dbf
0.879185267857143,0.0,97.0690958164,57.1534836129,05EA011,CARROT CREEK NEAR THE MOUTH,05EA011_1,CMC_HRDPA_WATERSHED-006-0700cutoff_SFC_0_ps2.5km_2026070106_000_05.dbf
0.898897058823529,4.1685714625e-05,287.073915676,89.9755621393,05EA012,ATIM CREEK AT CENTURY ROAD,05EA012_1,CMC_HRDPA_WATERSHED-006-0700cutoff_SFC_0_ps2.5km_2026070106_000_05.dbf
0.878153524340771,0.015877930431166,2590.88335366,360.639148567,05EA002,STURGEON RIVER AT ST. ALBERT,05EA002_1,CMC_HRDPA_WATERSHED-006-0700cutoff_SFC_0_ps2.5km_2026070112_000_05.dbf
0.872104531671159,0.016562279584925,1889.49091781,318.236156123,05EA005,STURGEON RIVER NEAR VILLENEUVE,05EA005_1,CMC_HRDPA_WATERSHED-006-0700cutoff_SFC_0_ps2.5km_2026070112_000_05.dbf
0.85546875,0.0,121.243196585,50.3451448569,05EA010,STURGEON RIVER NEAR MAGNOLIA BRIDGE,05EA010_1,CMC_HRDPA_WATERSHED-006-0700cutoff_SFC_0_ps2.5km_2026070112_000_05.dbf
0.879324776785714,0.000926999957301,97.0690958164,57.1534836129,05EA011,CARROT CREEK NEAR THE MOUTH,05EA011_1,CMC_HRDPA_WATERSHED-006-0700cutoff_SFC_0_ps2.5km_2026070112_000_05.dbf
0.898897058823529,0.006691629639978,287.073915676,89.9755621393,05EA012,ATIM CREEK AT CENTURY ROAD,05EA012_1,CMC_HRDPA_WATERSHED-006-0700cutoff_SFC_0_ps2.5km_2026070112_000_05.dbf
0.878510078600406,1.479617223326624,2590.88335366,360.639148567,05EA002,STURGEON RIVER AT ST. ALBERT,05EA002_1,CMC_HRDPA_WATERSHED-006-0700cutoff_SFC_0_ps2.5km_2026070118_000_05.dbf
0.872304582210243,1.728888595331366,1889.49091781,318.236156123,05EA005,STURGEON RIVER NEAR VILLENEUVE,05EA005_1,CMC_HRDPA_WATERSHED-006-0700cutoff_SFC_0_ps2.5km_2026070118_000_05.dbf
0.85546875,1.680068417028947,121.243196585,50.3451448569,05EA010,STURGEON RIVER NEAR MAGNOLIA BRIDGE,05EA010_1,CMC_HRDPA_WATERSHED-006-0700cutoff_SFC_0_ps2.5km_2026070118_000_05.dbf
0.879603794642857,0.045899666360735,97.0690958164,57.1534836129,05EA011,CARROT CREEK NEAR THE MOUTH,05EA011_1,CMC_HRDPA_WATERSHED-006-0700cutoff_SFC_0_ps2.5km_2026070118_000_05.dbf
0.900448069852941,0.956687015864779,287.073915676,89.9755621393,05EA012,ATIM CREEK AT CENTURY ROAD,05EA012_1,CMC_HRDPA_WATERSHED-006-0700cutoff_SFC_0_ps2.5km_2026070118_000_05.dbf
0.878589312880324,0.133929370837122,2590.88335366,360.639148567,05EA002,STURGEON RIVER AT ST. ALBERT,05EA002_1,CMC_HRDPA_WATERSHED-006-0700cutoff_SFC_0_ps2.5km_2026070200_000_05.dbf
0.87262045148248,0.09976875072334,1889.49091781,318.236156123,05EA005,STURGEON RIVER NEAR VILLENEUVE,05EA005_1,CMC_HRDPA_WATERSHED-006-0700cutoff_SFC_0_ps2.5km_2026070200_000_05.dbf
0.85546875,0.009349759965553,121.243196585,50.3451448569,05EA010,STURGEON RIVER NEAR MAGNOLIA BRIDGE,05EA010_1,CMC_HRDPA_WATERSHED-006-0700cutoff_SFC_0_ps2.5km_2026070200_000_05.dbf
0.879743303571429,0.665598890611104,97.0690958164,57.1534836129,05EA011,CARROT CREEK NEAR THE MOUTH,05EA011_1,CMC_HRDPA_WATERSHED-006-0700cutoff_SFC_0_ps2.5km_2026070200_000_05.dbf
0.899299172794118,0.013926454772941,287.073915676,89.9755621393,05EA012,ATIM CREEK AT CENTURY ROAD,05EA012_1,CMC_HRDPA_WATERSHED-006-0700cutoff_SFC_0_ps2.5km_2026070200_000_05.dbf
0.87907264198783,5.807329310546298,2590.88335366,360.639148567,05EA002,STURGEON RIVER AT ST. ALBERT,05EA002_1,CMC_HRDPA_WATERSHED-006-0700cutoff_SFC_0_ps2.5km_2026070206_000_05.dbf
0.872999494609164,5.761276651264201,1889.49091781,318.236156123,05EA005,STURGEON RIVER NEAR VILLENEUVE,05EA005_1,CMC_HRDPA_WATERSHED-006-0700cutoff_SFC_0_ps2.5km_2026070206_000_05.dbf
0.855587121212121,8.432464281717936,121.243196585,50.3451448569,05EA010,STURGEON RIVER NEAR MAGNOLIA BRIDGE,05EA010_1,CMC_HRDPA_WATERSHED-006-0700cutoff_SFC_0_ps2.5km_2026070206_000_05.dbf
0.8798828125,7.204119426863534,97.0690958164,57.1534836129,05EA011,CARROT CREEK NEAR THE MOUTH,05EA011_1,CMC_HRDPA_WATERSHED-006-0700cutoff_SFC_0_ps2.5km_2026070206_000_05.dbf
0.899931066176471,2.882225541069227,287.073915676,89.9755621393,05EA012,ATIM CREEK AT CENTURY ROAD,05EA012_1,CMC_HRDPA_WATERSHED-006-0700cutoff_SFC_0_ps2.5km_2026070206_000_05.dbf
0.878850786004057,0.037062771359102,2590.88335366,360.639148567,05EA002,STURGEON RIVER AT ST. ALBERT,05EA002_1,CMC_HRDPA_WATERSHED-006-0700cutoff_SFC_0_ps2.5km_2026070212_000_05.dbf
0.872862617924528,0.047515355677064,1889.49091781,318.236156123,05EA005,STURGEON RIVER NEAR VILLENEUVE,05EA005_1,CMC_HRDPA_WATERSHED-006-0700cutoff_SFC_0_ps2.5km_2026070212_000_05.dbf
0.85546875,0.009293999902487,121.243196585,50.3451448569,05EA010,STURGEON RIVER NEAR MAGNOLIA BRIDGE,05EA010_1,CMC_HRDPA_WATERSHED-006-0700cutoff_SFC_0_ps2.5km_2026070212_000_05.dbf
0.879464285714286,0.046706826069251,97.0690958164,57.1534836129,05EA011,CARROT CREEK NEAR THE MOUTH,05EA011_1,CMC_HRDPA_WATERSHED-006-0700cutoff_SFC_0_ps2.5km_2026070212_000_05.dbf
0.899931066176471,0.000521368421113,287.073915676,89.9755621393,05EA012,ATIM CREEK AT CENTURY ROAD,05EA012_1,CMC_HRDPA_WATERSHED-006-0700cutoff_SFC_0_ps2.5km_2026070212_000_05.dbf
0.878953790567951,3.2741573189e-05,2590.88335366,360.639148567,05EA002,STURGEON RIVER AT ST. ALBERT,05EA002_1,CMC_HRDPA_WATERSHED-006-0700cutoff_SFC_0_ps2.5km_2026070218_000_05.dbf
0.872967907681941,2.0335195557e-05,1889.49091781,318.236156123,05EA005,STURGEON RIVER NEAR VILLENEUVE,05EA005_1,CMC_HRDPA_WATERSHED-006-0700cutoff_SFC_0_ps2.5km_2026070218_000_05.dbf
0.855823863636364,9.250000001e-06,121.243196585,50.3451448569,05EA010,STURGEON RIVER NEAR MAGNOLIA BRIDGE,05EA010_1,CMC_HRDPA_WATERSHED-006-0700cutoff_SFC_0_ps2.5km_2026070218_000_05.dbf
0.879603794642857,0.0,97.0690958164,57.1534836129,05EA011,CARROT CREEK NEAR THE MOUTH,05EA011_1,CMC_HRDPA_WATERSHED-006-0700cutoff_SFC_0_ps2.5km_2026070218_000_05.dbf
0.899988511029412,4.5046154292e-05,287.073915676,89.9755621393,05EA012,ATIM CREEK AT CENTURY ROAD,05EA012_1,CMC_HRDPA_WATERSHED-006-0700cutoff_SFC_0_ps2.5km_2026070218_000_05.dbf
0.879136029411765,0.01239692213305,2590.88335366,360.639148567,05EA002,STURGEON RIVER AT ST. ALBERT,05EA002_1,CMC_HRDPA_WATERSHED-006-0700cutoff_SFC_0_ps2.5km_2026070300_000_05.dbf
0.873199545148248,0.005931506003884,1889.49091781,318.236156123,05EA005,STURGEON RIVER NEAR VILLENEUVE,05EA005_1,CMC_HRDPA_WATERSHED-006-0700cutoff_SFC_0_ps2.5km_2026070300_000_05.dbf
0.85641571969697,0.0,121.243196585,50.3451448569,05EA010,STURGEON RIVER NEAR MAGNOLIA BRIDGE,05EA010_1,CMC_HRDPA_WATERSHED-006-0700cutoff_SFC_0_ps2.5km_2026070300_000_05.dbf
0.879743303571429,0.015084687662238,97.0690958164,57.1534836129,05EA011,CARROT CREEK NEAR THE MOUTH,05EA011_1,CMC_HRDPA_WATERSHED-006-0700cutoff_SFC_0_ps2.5km_2026070300_000_05.dbf
0.899988511029412,0.023162628064436,287.073915676,89.9755621393,05EA012,ATIM CREEK AT CENTURY ROAD,05EA012_1,CMC_HRDPA_WATERSHED-006-0700cutoff_SFC_0_ps2.5km_2026070300_000_05.dbf
0.879524277383367,0.011996109453786,2590.88335366,360.639148567,05EA002,STURGEON RIVER AT ST. ALBERT,05EA002_1,CMC_HRDPA_WATERSHED-006-0700cutoff_SFC_0_ps2.5km_2026070306_000_05.dbf
0.873704935983827,0.015259836684853,1889.49091781,318.236156123,05EA005,STURGEON RIVER NEAR VILLENEUVE,05EA005_1,CMC_HRDPA_WATERSHED-006-0700cutoff_SFC_0_ps2.5km_2026070306_000_05.dbf
0.85842803030303,0.046560704927234,121.243196585,50.3451448569,05EA010,STURGEON RIVER NEAR MAGNOLIA BRIDGE,05EA010_1,CMC_HRDPA_WATERSHED-006-0700cutoff_SFC_0_ps2.5km_2026070306_000_05.dbf
0.879743303571429,0.004239923029672,97.0690958164,57.1534836129,05EA011,CARROT CREEK NEAR THE MOUTH,05EA011_1,CMC_HRDPA_WATERSHED-006-0700cutoff_SFC_0_ps2.5km_2026070306_000_05.dbf
0.900045955882353,0.005353714326962,287.073915676,89.9755621393,05EA012,ATIM CREEK AT CENTURY ROAD,05EA012_1,CMC_HRDPA_WATERSHED-006-0700cutoff_SFC_0_ps2.5km_2026070306_000_05.dbf
0.880047223630832,0.119810457322831,2590.88335366,360.639148567,05EA002,STURGEON RIVER AT ST. ALBERT,05EA002_1,CMC_HRDPA_WATERSHED-006-0700cutoff_SFC_0_ps2.5km_2026070312_000_05.dbf
0.874273500673854,0.153900325823953,1889.49091781,318.236156123,05EA005,STURGEON RIVER NEAR VILLENEUVE,05EA005_1,CMC_HRDPA_WATERSHED-006-0700cutoff_SFC_0_ps2.5km_2026070312_000_05.dbf
0.859375,0.116520906259211,121.243196585,50.3451448569,05EA010,STURGEON RIVER NEAR MAGNOLIA BRIDGE,05EA010_1,CMC_HRDPA_WATERSHED-006-0700cutoff_SFC_0_ps2.5km_2026070312_000_05.dbf
0.880161830357143,0.001472678575997,97.0690958164,57.1534836129,05EA011,CARROT CREEK NEAR THE MOUTH,05EA011_1,CMC_HRDPA_WATERSHED-006-0700cutoff_SFC_0_ps2.5km_2026070312_000_05.dbf
0.900505514705882,0.000888528295379,287.073915676,89.9755621393,05EA012,ATIM CREEK AT CENTURY ROAD,05EA012_1,CMC_HRDPA_WATERSHED-006-0700cutoff_SFC_0_ps2.5km_2026070312_000_05.dbf
0.880760332150101,0.122384284809828,2590.88335366,360.639148567,05EA002,STURGEON RIVER AT ST. ALBERT,05EA002_1,CMC_HRDPA_WATERSHED-006-0700cutoff_SFC_0_ps2.5km_2026070318_000_05.dbf
0.874926297169811,0.109420440533835,1889.49091781,318.236156123,05EA005,STURGEON RIVER NEAR VILLENEUVE,05EA005_1,CMC_HRDPA_WATERSHED-006-0700cutoff_SFC_0_ps2.5km_2026070318_000_05.dbf
0.859375,0.101569545088392,121.243196585,50.3451448569,05EA010,STURGEON RIVER NEAR MAGNOLIA BRIDGE,05EA010_1,CMC_HRDPA_WATERSHED-006-0700cutoff_SFC_0_ps2.5km_2026070318_000_05.dbf
0.880580357142857,0.016033750027418,97.0690958164,57.1534836129,05EA011,CARROT CREEK NEAR THE MOUTH,05EA011_1,CMC_HRDPA_WATERSHED-006-0700cutoff_SFC_0_ps2.5km_2026070318_000_05.dbf
0.901309742647059,0.308662601637051,287.073915676,89.9755621393,05EA012,ATIM CREEK AT CENTURY ROAD,05EA012_1,CMC_HRDPA_WATERSHED-006-0700cutoff_SFC_0_ps2.5km_2026070318_000_05.dbf
0.880665251014199,0.011023497234358,2590.88335366,360.639148567,05EA002,STURGEON RIVER AT ST. ALBERT,05EA002_1,CMC_HRDPA_WATERSHED-006-0700cutoff_SFC_0_ps2.5km_2026070400_000_05.dbf
0.874905239218329,0.012140802247732,1889.49091781,318.236156123,05EA005,STURGEON RIVER NEAR VILLENEUVE,05EA005_1,CMC_HRDPA_WATERSHED-006-0700cutoff_SFC_0_ps2.5km_2026070400_000_05.dbf
0.859375,0.041938000104644,121.243196585,50.3451448569,05EA010,STURGEON RIVER NEAR MAGNOLIA BRIDGE,05EA010_1,CMC_HRDPA_WATERSHED-006-0700cutoff_SFC_0_ps2.5km_2026070400_000_05.dbf
0.880440848214286,0.0,97.0690958164,57.1534836129,05EA011,CARROT CREEK NEAR THE MOUTH,05EA011_1,CMC_HRDPA_WATERSHED-006-0700cutoff_SFC_0_ps2.5km_2026070400_000_05.dbf
0.900850183823529,0.007050926519536,287.073915676,89.9755621393,05EA012,ATIM CREEK AT CENTURY ROAD,05EA012_1,CMC_HRDPA_WATERSHED-006-0700cutoff_SFC_0_ps2.5km_2026070400_000_05.dbf
0.881766607505071,0.006019633913021,2590.88335366,360.639148567,05EA002,STURGEON RIVER AT ST. ALBERT,05EA002_1,CMC_HRDPA_WATERSHED-006-0700cutoff_SFC_0_ps2.5km_2026070406_000_05.dbf
0.876200303234501,0.005045150701285,1889.49091781,318.236156123,05EA005,STURGEON RIVER NEAR VILLENEUVE,05EA005_1,CMC_HRDPA_WATERSHED-006-0700cutoff_SFC_0_ps2.5km_2026070406_000_05.dbf
0.861624053030303,0.0,121.243196585,50.3451448569,05EA010,STURGEON RIVER NEAR MAGNOLIA BRIDGE,05EA010_1,CMC_HRDPA_WATERSHED-006-0700cutoff_SFC_0_ps2.5km_2026070406_000_05.dbf
0.881556919642857,0.006671111151162,97.0690958164,57.1534836129,05EA011,CARROT CREEK NEAR THE MOUTH,05EA011_1,CMC_HRDPA_WATERSHED-006-0700cutoff_SFC_0_ps2.5km_2026070406_000_05.dbf
0.900965073529412,0.0,287.073915676,89.9755621393,05EA012,ATIM CREEK AT CENTURY ROAD,05EA012_1,CMC_HRDPA_WATERSHED-006-0700cutoff_SFC_0_ps2.5km_2026070406_000_05.dbf
0.88075240872211,0.014866254086704,2590.88335366,360.639148567,05EA002,STURGEON RIVER AT ST. ALBERT,05EA002_1,CMC_HRDPA_WATERSHED-006-0700cutoff_SFC_0_ps2.5km_2026070412_000_05.dbf
0.875157934636119,0.018041335780332,1889.49091781,318.236156123,05EA005,STURGEON RIVER NEAR VILLENEUVE,05EA005_1,CMC_HRDPA_WATERSHED-006-0700cutoff_SFC_0_ps2.5km_2026070412_000_05.dbf
0.859375,0.006348303039417,121.243196585,50.3451448569,05EA010,STURGEON RIVER NEAR MAGNOLIA BRIDGE,05EA010_1,CMC_HRDPA_WATERSHED-006-0700cutoff_SFC_0_ps2.5km_2026070412_000_05.dbf
0.880859375,0.000958666652878,97.0690958164,57.1534836129,05EA011,CARROT CREEK NEAR THE MOUTH,05EA011_1,CMC_HRDPA_WATERSHED-006-0700cutoff_SFC_0_ps2.5km_2026070412_000_05.dbf
0.900160845588235,0.009553789368957,287.073915676,89.9755621393,05EA012,ATIM CREEK AT CENTURY ROAD,05EA012_1,CMC_HRDPA_WATERSHED-006-0700cutoff_SFC_0_ps2.5km_2026070412_000_05.dbf
0.882281630324544,0.025713769215262,2590.88335366,360.639148567,05EA002,STURGEON RIVER AT ST. ALBERT,05EA002_1,CMC_HRDPA_WATERSHED-006-0700cutoff_SFC_0_ps2.5km_2026070418_000_05.dbf
0.876800454851752,0.031672469588413,1889.49091781,318.236156123,05EA005,STURGEON RIVER NEAR VILLENEUVE,05EA005_1,CMC_HRDPA_WATERSHED-006-0700cutoff_SFC_0_ps2.5km_2026070418_000_05.dbf
0.86328125,0.029209560097661,121.243196585,50.3451448569,05EA010,STURGEON RIVER NEAR MAGNOLIA BRIDGE,05EA010_1,CMC_HRDPA_WATERSHED-006-0700cutoff_SFC_0_ps2.5km_2026070418_000_05.dbf
0.881975446428571,0.025061110957284,97.0690958164,57.1534836129,05EA011,CARROT CREEK NEAR THE MOUTH,05EA011_1,CMC_HRDPA_WATERSHED-006-0700cutoff_SFC_0_ps2.5km_2026070418_000_05.dbf
0.901194852941177,0.002192605260413,287.073915676,89.9755621393,05EA012,ATIM CREEK AT CENTURY ROAD,05EA012_1,CMC_HRDPA_WATERSHED-006-0700cutoff_SFC_0_ps2.5km_2026070418_000_05.dbf
0.88197261663286,0.104561967808165,2590.88335366,360.639148567,05EA002,STURGEON RIVER AT ST. ALBERT,05EA002_1,CMC_HRDPA_WATERSHED-006-0700cutoff_SFC_0_ps2.5km_2026070500_000_05.dbf
0.876684636118598,0.111560670944244,1889.49091781,318.236156123,05EA005,STURGEON RIVER NEAR VILLENEUVE,05EA005_1,CMC_HRDPA_WATERSHED-006-0700cutoff_SFC_0_ps2.5km_2026070500_000_05.dbf
0.86328125,0.64958080694531,121.243196585,50.3451448569,05EA010,STURGEON RIVER NEAR MAGNOLIA BRIDGE,05EA010_1,CMC_HRDPA_WATERSHED-006-0700cutoff_SFC_0_ps2.5km_2026070500_000_05.dbf
0.8818359375,0.004372285743427,97.0690958164,57.1534836129,05EA011,CARROT CREEK NEAR THE MOUTH,05EA011_1,CMC_HRDPA_WATERSHED-006-0700cutoff_SFC_0_ps2.5km_2026070500_000_05.dbf
0.899931066176471,0.022912684460416,287.073915676,89.9755621393,05EA012,ATIM CREEK AT CENTURY ROAD,05EA012_1,CMC_HRDPA_WATERSHED-006-0700cutoff_SFC_0_ps2.5km_2026070500_000_05.dbf
0.880887106997972,0.077457102680113,2590.88335366,360.639148567,05EA002,STURGEON RIVER AT ST. ALBERT,05EA002_1,CMC_HRDPA_WATERSHED-006-0700cutoff_SFC_0_ps2.5km_2026070506_000_05.dbf
0.876747809973046,0.085424887981431,1889.49091781,318.236156123,05EA005,STURGEON RIVER NEAR VILLENEUVE,05EA005_1,CMC_HRDPA_WATERSHED-006-0700cutoff_SFC_0_ps2.5km_2026070506_000_05.dbf
0.86328125,0.454745299436829,121.243196585,50.3451448569,05EA010,STURGEON RIVER NEAR MAGNOLIA BRIDGE,05EA010_1,CMC_HRDPA_WATERSHED-006-0700cutoff_SFC_0_ps2.5km_2026070506_000_05.dbf
0.875418526785714,0.02522573688092,97.0690958164,57.1534836129,05EA011,CARROT CREEK NEAR THE MOUTH,05EA011_1,CMC_HRDPA_WATERSHED-006-0700cutoff_SFC_0_ps2.5km_2026070506_000_05.dbf
0.899988511029412,0.048202259082313,287.073915676,89.9755621393,05EA012,ATIM CREEK AT CENTURY ROAD,05EA012_1,CMC_HRDPA_WATERSHED-006-0700cutoff_SFC_0_ps2.5km_2026070506_000_05.dbf
0.88075240872211,0.00118921738719,2590.88335366,360.639148567,05EA002,STURGEON RIVER AT ST. ALBERT,05EA002_1,CMC_HRDPA_WATERSHED-006-0700cutoff_SFC_0_ps2.5km_2026070512_000_05.dbf
0.87661093328841,0.00118921738719,1889.49091781,318.236156123,05EA005,STURGEON RIVER NEAR VILLENEUVE,05EA005_1,CMC_HRDPA_WATERSHED-006-0700cutoff_SFC_0_ps2.5km_2026070512_000_05.dbf
0.86328125,0.001092500024242,121.243196585,50.3451448569,05EA010,STURGEON RIVER NEAR MAGNOLIA BRIDGE,05EA010_1,CMC_HRDPA_WATERSHED-006-0700cutoff_SFC_0_ps2.5km_2026070512_000_05.dbf
0.875418526785714,0.0,97.0690958164,57.1534836129,05EA011,CARROT CREEK NEAR THE MOUTH,05EA011_1,CMC_HRDPA_WATERSHED-006-0700cutoff_SFC_0_ps2.5km_2026070512_000_05.dbf
0.899873621323529,0.0,287.073915676,89.9755621393,05EA012,ATIM CREEK AT CENTURY ROAD,05EA012_1,CMC_HRDPA_WATERSHED-006-0700cutoff_SFC_0_ps2.5km_2026070512_000_05.dbf
0.882257860040568,1.195699907884636,2590.88335366,360.639148567,05EA002,STURGEON RIVER AT ST. ALBERT,05EA002_1,CMC_HRDPA_WATERSHED-006-0700cutoff_SFC_0_ps2.5km_2026070518_000_05.dbf
0.876863628706199,1.298492169123133,1889.49091781,318.236156123,05EA005,STURGEON RIVER NEAR VILLENEUVE,05EA005_1,CMC_HRDPA_WATERSHED-006-0700cutoff_SFC_0_ps2.5km_2026070518_000_05.dbf
0.86328125,0.343899059476274,121.243196585,50.3451448569,05EA010,STURGEON RIVER NEAR MAGNOLIA BRIDGE,05EA010_1,CMC_HRDPA_WATERSHED-006-0700cutoff_SFC_0_ps2.5km_2026070518_000_05.dbf
0.881975446428571,1.315223370279585,97.0690958164,57.1534836129,05EA011,CARROT CREEK NEAR THE MOUTH,05EA011_1,CMC_HRDPA_WATERSHED-006-0700cutoff_SFC_0_ps2.5km_2026070518_000_05.dbf
0.900045955882353,0.608165205839802,287.073915676,89.9755621393,05EA012,ATIM CREEK AT CENTURY ROAD,05EA012_1,CMC_HRDPA_WATERSHED-006-0700cutoff_SFC_0_ps2.5km_2026070518_000_05.dbf
0.882170702332657,0.751237730756856,2590.88335366,360.639148567,05EA002,STURGEON RIVER AT ST. ALBERT,05EA002_1,CMC_HRDPA_WATERSHED-006-0700cutoff_SFC_0_ps2.5km_2026070600_000_05.dbf
0.876884686657682,0.86315374784272,1889.49091781,318.236156123,05EA005,STURGEON RIVER NEAR VILLENEUVE,05EA005_1,CMC_HRDPA_WATERSHED-006-0700cutoff_SFC_0_ps2.5km_2026070600_000_05.dbf
0.86328125,1.081390795382586,121.243196585,50.3451448569,05EA010,STURGEON RIVER NEAR MAGNOLIA BRIDGE,05EA010_1,CMC_HRDPA_WATERSHED-006-0700cutoff_SFC_0_ps2.5km_2026070600_000_05.dbf
0.881975446428571,0.349792298895341,97.0690958164,57.1534836129,05EA011,CARROT CREEK NEAR THE MOUTH,05EA011_1,CMC_HRDPA_WATERSHED-006-0700cutoff_SFC_0_ps2.5km_2026070600_000_05.dbf
0.900045955882353,0.529864913619616,287.073915676,89.9755621393,05EA012,ATIM CREEK AT CENTURY ROAD,05EA012_1,CMC_HRDPA_WATERSHED-006-0700cutoff_SFC_0_ps2.5km_2026070600_000_05.dbf
0.882630261156187,0.011159349595827,2590.88335366,360.639148567,05EA002,STURGEON RIVER AT ST. ALBERT,05EA002_1,CMC_HRDPA_WATERSHED-006-0700cutoff_SFC_0_ps2.5km_2026070606_000_05.dbf
0.877316374663073,0.012292625426336,1889.49091781,318.236156123,05EA005,STURGEON RIVER NEAR VILLENEUVE,05EA005_1,CMC_HRDPA_WATERSHED-006-0700cutoff_SFC_0_ps2.5km_2026070606_000_05.dbf
0.86328125,0.003221121218027,121.243196585,50.3451448569,05EA010,STURGEON RIVER NEAR MAGNOLIA BRIDGE,05EA010_1,CMC_HRDPA_WATERSHED-006-0700cutoff_SFC_0_ps2.5km_2026070606_000_05.dbf
0.882114955357143,0.001708320000907,97.0690958164,57.1534836129,05EA011,CARROT CREEK NEAR THE MOUTH,05EA011_1,CMC_HRDPA_WATERSHED-006-0700cutoff_SFC_0_ps2.5km_2026070606_000_05.dbf
0.900850183823529,0.000820600001801,287.073915676,89.9755621393,05EA012,ATIM CREEK AT CENTURY ROAD,05EA012_1,CMC_HRDPA_WATERSHED-006-0700cutoff_SFC_0_ps2.5km_2026070606_000_05.dbf
0.882503486308316,0.0,2590.88335366,360.639148567,05EA002,STURGEON RIVER AT ST. ALBERT,05EA002_1,CMC_HRDPA_WATERSHED-006-0700cutoff_SFC_0_ps2.5km_2026070612_000_05.dbf
0.877168969002695,0.0,1889.49091781,318.236156123,05EA005,STURGEON RIVER NEAR VILLENEUVE,05EA005_1,CMC_HRDPA_WATERSHED-006-0700cutoff_SFC_0_ps2.5km_2026070612_000_05.dbf
0.86328125,0.0,121.243196585,50.3451448569,05EA010,STURGEON RIVER NEAR MAGNOLIA BRIDGE,05EA010_1,CMC_HRDPA_WATERSHED-006-0700cutoff_SFC_0_ps2.5km_2026070612_000_05.dbf
0.882114955357143,0.0,97.0690958164,57.1534836129,05EA011,CARROT CREEK NEAR THE MOUTH,05EA011_1,CMC_HRDPA_WATERSHED-006-0700cutoff_SFC_0_ps2.5km_2026070612_000_05.dbf
0.900792738970588,0.0,287.073915676,89.9755621393,05EA012,ATIM CREEK AT CENTURY ROAD,05EA012_1,CMC_HRDPA_WATERSHED-006-0700cutoff_SFC_0_ps2.5km_2026070612_000_05.dbf
0.882416328600406,0.0,2590.88335366,360.639148567,05EA002,STURGEON RIVER AT ST. ALBERT,05EA002_1,CMC_HRDPA_WATERSHED-006-0700cutoff_SFC_0_ps2.5km_2026070618_000_05.dbf
0.877147911051213,0.0,1889.49091781,318.236156123,05EA005,STURGEON RIVER NEAR VILLENEUVE,05EA005_1,CMC_HRDPA_WATERSHED-006-0700cutoff_SFC_0_ps2.5km_2026070618_000_05.dbf
0.86328125,0.0,121.243196585,50.3451448569,05EA010,STURGEON RIVER NEAR MAGNOLIA BRIDGE,05EA010_1,CMC_HRDPA_WATERSHED-006-0700cutoff_SFC_0_ps2.5km_2026070618_000_05.dbf
0.8818359375,0.0,97.0690958164,57.1534836129,05EA011,CARROT CREEK NEAR THE MOUTH,05EA011_1,CMC_HRDPA_WATERSHED-006-0700cutoff_SFC_0_ps2.5km_2026070618_000_05.dbf
0.900505514705882,0.0,287.073915676,89.9755621393,05EA012,ATIM CREEK AT CENTURY ROAD,05EA012_1,CMC_HRDPA_WATERSHED-006-0700cutoff_SFC_0_ps2.5km_2026070618_000_05.dbf
0.882638184584179,1.2395348719e-05,2590.88335366,360.639148567,05EA002,STURGEON RIVER AT ST. ALBERT,05EA002_1,CMC_HRDPA_WATERSHED-006-0700cutoff_SFC_0_ps2.5km_2026070700_000_05.dbf
0.877263729784367,1.2395348719e-05,1889.49091781,318.236156123,05EA005,STURGEON RIVER NEAR VILLENEUVE,05EA005_1,CMC_HRDPA_WATERSHED-006-0700cutoff_SFC_0_ps2.5km_2026070700_000_05.dbf
0.86328125,0.0,121.243196585,50.3451448569,05EA010,STURGEON RIVER NEAR MAGNOLIA BRIDGE,05EA010_1,CMC_HRDPA_WATERSHED-006-0700cutoff_SFC_0_ps2.5km_2026070700_000_05.dbf
0.882114955357143,0.0,97.0690958164,57.1534836129,05EA011,CARROT CREEK NEAR THE MOUTH,05EA011_1,CMC_HRDPA_WATERSHED-006-0700cutoff_SFC_0_ps2.5km_2026070700_000_05.dbf
0.901137408088235,0.0,287.073915676,89.9755621393,05EA012,ATIM CREEK AT CENTURY ROAD,05EA012_1,CMC_HRDPA_WATERSHED-006-0700cutoff_SFC_0_ps2.5km_2026070700_000_05.dbf
0.883200747971602,0.0,2590.88335366,360.639148567,05EA002,STURGEON RIVER AT ST. ALBERT,05EA002_1,CMC_HRDPA_WATERSHED-006-0700cutoff_SFC_0_ps2.5km_2026070706_000_05.dbf
0.877863881401617,0.0,1889.49091781,318.236156123,05EA005,STURGEON RIVER NEAR VILLENEUVE,05EA005_1,CMC_HRDPA_WATERSHED-006-0700cutoff_SFC_0_ps2.5km_2026070706_000_05.dbf
0.86328125,0.0,121.243196585,50.3451448569,05EA010,STURGEON RIVER NEAR MAGNOLIA BRIDGE,05EA010_1,CMC_HRDPA_WATERSHED-006-0700cutoff_SFC_0_ps2.5km_2026070706_000_05.dbf
0.882533482142857,0.0,97.0690958164,57.1534836129,05EA011,CARROT CREEK NEAR THE MOUTH,05EA011_1,CMC_HRDPA_WATERSHED-006-0700cutoff_SFC_0_ps2.5km_2026070706_000_05.dbf
0.901711856617647,0.0,287.073915676,89.9755621393,05EA012,ATIM CREEK AT CENTURY ROAD,05EA012_1,CMC_HRDPA_WATERSHED-006-0700cutoff_SFC_0_ps2.5km_2026070706_000_05.dbf
0.883264135395537,0.0,2590.88335366,360.639148567,05EA002,STURGEON RIVER AT ST. ALBERT,05EA002_1,CMC_HRDPA_WATERSHED-006-0700cutoff_SFC_0_ps2.5km_2026070712_000_05.dbf
0.877937584231806,0.0,1889.49091781,318.236156123,05EA005,STURGEON RIVER NEAR VILLENEUVE,05EA005_1,CMC_HRDPA_WATERSHED-006-0700cutoff_SFC_0_ps2.5km_2026070712_000_05.dbf
0.86328125,0.0,121.243196585,50.3451448569,05EA010,STURGEON RIVER NEAR MAGNOLIA BRIDGE,05EA010_1,CMC_HRDPA_WATERSHED-006-0700cutoff_SFC_0_ps2.5km_2026070712_000_05.dbf
0.882533482142857,0.0,97.0690958164,57.1534836129,05EA011,CARROT CREEK NEAR THE MOUTH,05EA011_1,CMC_HRDPA_WATERSHED-006-0700cutoff_SFC_0_ps2.5km_2026070712_000_05.dbf
0.901826746323529,0.0,287.073915676,89.9755621393,05EA012,ATIM CREEK AT CENTURY ROAD,05EA012_1,CMC_HRDPA_WATERSHED-006-0700cutoff_SFC_0_ps2.5km_2026070712_000_05.dbf
0.883319599391481,0.0,2590.88335366,360.639148567,05EA002,STURGEON RIVER AT ST. ALBERT,05EA002_1,CMC_HRDPA_WATERSHED-006-0700cutoff_SFC_0_ps2.5km_2026070718_000_05.dbf
0.878000758086253,0.0,1889.49091781,318.236156123,05EA005,STURGEON RIVER NEAR VILLENEUVE,05EA005_1,CMC_HRDPA_WATERSHED-006-0700cutoff_SFC_0_ps2.5km_2026070718_000_05.dbf
0.86328125,0.0,121.243196585,50.3451448569,05EA010,STURGEON RIVER NEAR MAGNOLIA BRIDGE,05EA010_1,CMC_HRDPA_WATERSHED-006-0700cutoff_SFC_0_ps2.5km_2026070718_000_05.dbf
0.882672991071429,0.0,97.0690958164,57.1534836129,05EA011,CARROT CREEK NEAR THE MOUTH,05EA011_1,CMC_HRDPA_WATERSHED-006-0700cutoff_SFC_0_ps2.5km_2026070718_000_05.dbf
0.901769301470588,0.0,287.073915676,89.9755621393,05EA012,ATIM CREEK AT CENTURY ROAD,05EA012_1,CMC_HRDPA_WATERSHED-006-0700cutoff_SFC_0_ps2.5km_2026070718_000_05.dbf
0.882622337728195,0.0,2590.88335366,360.639148567,05EA002,STURGEON RIVER AT ST. ALBERT,05EA002_1,CMC_HRDPA_WATERSHED-006-0700cutoff_SFC_0_ps2.5km_2026070800_000_05.dbf
0.877221613881402,0.0,1889.49091781,318.236156123,05EA005,STURGEON RIVER NEAR VILLENEUVE,05EA005_1,CMC_HRDPA_WATERSHED-006-0700cutoff_SFC_0_ps2.5km_2026070800_000_05.dbf
0.86328125,0.0,121.243196585,50.3451448569,05EA010,STURGEON RIVER NEAR MAGNOLIA BRIDGE,05EA010_1,CMC_HRDPA_WATERSHED-006-0700cutoff_SFC_0_ps2.5km_2026070800_000_05.dbf
0.881975446428571,0.0,97.0690958164,57.1534836129,05EA011,CARROT CREEK NEAR THE MOUTH,05EA011_1,CMC_HRDPA_WATERSHED-006-0700cutoff_SFC_0_ps2.5km_2026070800_000_05.dbf
0.901252297794118,0.0,287.073915676,89.9755621393,05EA012,ATIM CREEK AT CENTURY ROAD,05EA012_1,CMC_HRDPA_WATERSHED-006-0700cutoff_SFC_0_ps2.5km_2026070800_000_05.dbf
0.882273706896552,0.000115088889899,2590.88335366,360.639148567,05EA002,STURGEON RIVER AT ST. ALBERT,05EA002_1,CMC_HRDPA_WATERSHED-006-0700cutoff_SFC_0_ps2.5km_2026070806_000_05.dbf
0.876926802560647,0.000267833335998,1889.49091781,318.236156123,05EA005,STURGEON RIVER NEAR VILLENEUVE,05EA005_1,CMC_HRDPA_WATERSHED-006-0700cutoff_SFC_0_ps2.5km_2026070806_000_05.dbf
0.86328125,0.0,121.243196585,50.3451448569,05EA010,STURGEON RIVER NEAR MAGNOLIA BRIDGE,05EA010_1,CMC_HRDPA_WATERSHED-006-0700cutoff_SFC_0_ps2.5km_2026070806_000_05.dbf
0.881975446428571,0.0,97.0690958164,57.1534836129,05EA011,CARROT CREEK NEAR THE MOUTH,05EA011_1,CMC_HRDPA_WATERSHED-006-0700cutoff_SFC_0_ps2.5km_2026070806_000_05.dbf
0.900735294117647,1.0363636275e-05,287.073915676,89.9755621393,05EA012,ATIM CREEK AT CENTURY ROAD,05EA012_1,CMC_HRDPA_WATERSHED-006-0700cutoff_SFC_0_ps2.5km_2026070806_000_05.dbf
0.881766607505071,0.001103237176536,2590.88335366,360.639148567,05EA002,STURGEON RIVER AT ST. ALBERT,05EA002_1,CMC_HRDPA_WATERSHED-006-0700cutoff_SFC_0_ps2.5km_2026070812_000_05.dbf
0.876484585579515,0.00143880752752,1889.49091781,318.236156123,05EA005,STURGEON RIVER NEAR VILLENEUVE,05EA005_1,CMC_HRDPA_WATERSHED-006-0700cutoff_SFC_0_ps2.5km_2026070812_000_05.dbf
0.86328125,0.0,121.243196585,50.3451448569,05EA010,STURGEON RIVER NEAR MAGNOLIA BRIDGE,05EA010_1,CMC_HRDPA_WATERSHED-006-0700cutoff_SFC_0_ps2.5km_2026070812_000_05.dbf
0.881277901785714,5.678571451e-06,97.0690958164,57.1534836129,05EA011,CARROT CREEK NEAR THE MOUTH,05EA011_1,CMC_HRDPA_WATERSHED-006-0700cutoff_SFC_0_ps2.5km_2026070812_000_05.dbf
0.900218290441177,2.928571421e-06,287.073915676,89.9755621393,05EA012,ATIM CREEK AT CENTURY ROAD,05EA012_1,CMC_HRDPA_WATERSHED-006-0700cutoff_SFC_0_ps2.5km_2026070812_000_05.dbf
0.881695296653144,0.005948343924922,2590.88335366,360.639148567,05EA002,STURGEON RIVER AT ST. ALBERT,05EA002_1,CMC_HRDPA_WATERSHED-006-0700cutoff_SFC_0_ps2.5km_2026070818_000_05.dbf
0.876410882749326,0.006378088507131,1889.49091781,318.236156123,05EA005,STURGEON RIVER NEAR VILLENEUVE,05EA005_1,CMC_HRDPA_WATERSHED-006-0700cutoff_SFC_0_ps2.5km_2026070818_000_05.dbf
0.86328125,0.006772545448533,121.243196585,50.3451448569,05EA010,STURGEON RIVER NEAR MAGNOLIA BRIDGE,05EA010_1,CMC_HRDPA_WATERSHED-006-0700cutoff_SFC_0_ps2.5km_2026070818_000_05.dbf
0.881138392857143,0.001242666658072,97.0690958164,57.1534836129,05EA011,CARROT CREEK NEAR THE MOUTH,05EA011_1,CMC_HRDPA_WATERSHED-006-0700cutoff_SFC_0_ps2.5km_2026070818_000_05.dbf
0.900218290441177,0.003615666677666,287.073915676,89.9755621393,05EA012,ATIM CREEK AT CENTURY ROAD,05EA012_1,CMC_HRDPA_WATERSHED-006-0700cutoff_SFC_0_ps2.5km_2026070818_000_05.dbf
0.881671526369168,0.029374930892732,2590.88335366,360.639148567,05EA002,STURGEON RIVER AT ST. ALBERT,05EA002_1,CMC_HRDPA_WATERSHED-006-0700cutoff_SFC_0_ps2.5km_2026070900_000_05.dbf
0.876389824797844,0.032771597200396,1889.49091781,318.236156123,05EA005,STURGEON RIVER NEAR VILLENEUVE,05EA005_1,CMC_HRDPA_WATERSHED-006-0700cutoff_SFC_0_ps2.5km_2026070900_000_05.dbf
0.86328125,0.005181178614813,121.243196585,50.3451448569,05EA010,STURGEON RIVER NEAR MAGNOLIA BRIDGE,05EA010_1,CMC_HRDPA_WATERSHED-006-0700cutoff_SFC_0_ps2.5km_2026070900_000_05.dbf
0.881138392857143,0.034596464447012,97.0690958164,57.1534836129,05EA011,CARROT CREEK NEAR THE MOUTH,05EA011_1,CMC_HRDPA_WATERSHED-006-0700cutoff_SFC_0_ps2.5km_2026070900_000_05.dbf
0.900218290441177,0.019691089068406,287.073915676,89.9755621393,05EA012,ATIM CREEK AT CENTURY ROAD,05EA012_1,CMC_HRDPA_WATERSHED-006-0700cutoff_SFC_0_ps2.5km_2026070900_000_05.dbf
0.881647756085193,0.002154504225923,2590.88335366,360.639148567,05EA002,STURGEON RIVER AT ST. ALBERT,05EA002_1,CMC_HRDPA_WATERSHED-006-0700cutoff_SFC_0_ps2.5km_2026070906_000_05.dbf
0.876368766846361,0.00219869522875,1889.49091781,318.236156123,05EA005,STURGEON RIVER NEAR VILLENEUVE,05EA005_1,CMC_HRDPA_WATERSHED-006-0700cutoff_SFC_0_ps2.5km_2026070906_000_05.dbf
0.86328125,0.008919545371706,121.243196585,50.3451448569,05EA010,STURGEON RIVER NEAR MAGNOLIA BRIDGE,05EA010_1,CMC_HRDPA_WATERSHED-006-0700cutoff_SFC_0_ps2.5km_2026070906_000_05.dbf
0.881138392857143,0.000135411765501,97.0690958164,57.1534836129,05EA011,CARROT CREEK NEAR THE MOUTH,05EA011_1,CMC_HRDPA_WATERSHED-006-0700cutoff_SFC_0_ps2.5km_2026070906_000_05.dbf
0.900218290441177,0.002568470548688,287.073915676,89.9755621393,05EA012,ATIM CREEK AT CENTURY ROAD,05EA012_1,CMC_HRDPA_WATERSHED-006-0700cutoff_SFC_0_ps2.5km_2026070906_000_05.dbf
0.88197261663286,0.067647958477671,2590.88335366,360.639148567,05EA002,STURGEON RIVER AT ST. ALBERT,05EA002_1,CMC_HRDPA_WATERSHED-006-0700cutoff_SFC_0_ps2.5km_2026070912_000_05.dbf
0.876768867924528,0.073680123002188,1889.49091781,318.236156123,05EA005,STURGEON RIVER NEAR VILLENEUVE,05EA005_1,CMC_HRDPA_WATERSHED-006-0700cutoff_SFC_0_ps2.5km_2026070912_000_05.dbf
0.86328125,0.34914521466602,121.243196585,50.3451448569,05EA010,STURGEON RIVER NEAR MAGNOLIA BRIDGE,05EA010_1,CMC_HRDPA_WATERSHED-006-0700cutoff_SFC_0_ps2.5km_2026070912_000_05.dbf
0.881417410714286,0.009528259299394,97.0690958164,57.1534836129,05EA011,CARROT CREEK NEAR THE MOUTH,05EA011_1,CMC_HRDPA_WATERSHED-006-0700cutoff_SFC_0_ps2.5km_2026070912_000_05.dbf
0.900103400735294,0.017105500002951,287.073915676,89.9755621393,05EA012,ATIM CREEK AT CENTURY ROAD,05EA012_1,CMC_HRDPA_WATERSHED-006-0700cutoff_SFC_0_ps2.5km_2026070912_000_05.dbf
0.881948846348884,0.931353523873896,2590.88335366,360.639148567,05EA002,STURGEON RIVER AT ST. ALBERT,05EA002_1,CMC_HRDPA_WATERSHED-006-0700cutoff_SFC_0_ps2.5km_2026070918_000_05.dbf
0.876747809973046,1.105463919854871,1889.49091781,318.236156123,05EA005,STURGEON RIVER NEAR VILLENEUVE,05EA005_1,CMC_HRDPA_WATERSHED-006-0700cutoff_SFC_0_ps2.5km_2026070918_000_05.dbf
0.86328125,1.590284475774476,121.243196585,50.3451448569,05EA010,STURGEON RIVER NEAR MAGNOLIA BRIDGE,05EA010_1,CMC_HRDPA_WATERSHED-006-0700cutoff_SFC_0_ps2.5km_2026070918_000_05.dbf
0.881417410714286,0.796330569045884,97.0690958164,57.1534836129,05EA011,CARROT CREEK NEAR THE MOUTH,05EA011_1,CMC_HRDPA_WATERSHED-006-0700cutoff_SFC_0_ps2.5km_2026070918_000_05.dbf
0.899988511029412,0.364903881707612,287.073915676,89.9755621393,05EA012,ATIM CREEK AT CENTURY ROAD,05EA012_1,CMC_HRDPA_WATERSHED-006-0700cutoff_SFC_0_ps2.5km_2026070918_000_05.dbf
0.882693648580122,0.000976312492163,2590.88335366,360.639148567,05EA002,STURGEON RIVER AT ST. ALBERT,05EA002_1,CMC_HRDPA_WATERSHED-006-0700cutoff_SFC_0_ps2.5km_2026071000_000_05.dbf
0.877526954177898,0.001840749984694,1889.49091781,318.236156123,05EA005,STURGEON RIVER NEAR VILLENEUVE,05EA005_1,CMC_HRDPA_WATERSHED-006-0700cutoff_SFC_0_ps2.5km_2026071000_000_05.dbf
0.86328125,0.001840749984694,121.243196585,50.3451448569,05EA010,STURGEON RIVER NEAR MAGNOLIA BRIDGE,05EA010_1,CMC_HRDPA_WATERSHED-006-0700cutoff_SFC_0_ps2.5km_2026071000_000_05.dbf
0.882114955357143,0.0,97.0690958164,57.1534836129,05EA011,CARROT CREEK NEAR THE MOUTH,05EA011_1,CMC_HRDPA_WATERSHED-006-0700cutoff_SFC_0_ps2.5km_2026071000_000_05.dbf
0.900448069852941,0.0,287.073915676,89.9755621393,05EA012,ATIM CREEK AT CENTURY ROAD,05EA012_1,CMC_HRDPA_WATERSHED-006-0700cutoff_SFC_0_ps2.5km_2026071000_000_05.dbf
0.884048554766734,0.342015090496234,2590.88335366,360.639148567,05EA002,STURGEON RIVER AT ST. ALBERT,05EA002_1,CMC_HRDPA_WATERSHED-006-0700cutoff_SFC_0_ps2.5km_2026071006_000_05.dbf
0.879032597708895,0.39874267279307,1889.49091781,318.236156123,05EA005,STURGEON RIVER NEAR VILLENEUVE,05EA005_1,CMC_HRDPA_WATERSHED-006-0700cutoff_SFC_0_ps2.5km_2026071006_000_05.dbf
0.8671875,0.357526762015892,121.243196585,50.3451448569,05EA010,STURGEON RIVER NEAR MAGNOLIA BRIDGE,05EA010_1,CMC_HRDPA_WATERSHED-006-0700cutoff_SFC_0_ps2.5km_2026071006_000_05.dbf
0.8828125,0.013860142936686,97.0690958164,57.1534836129,05EA011,CARROT CREEK NEAR THE MOUTH,05EA011_1,CMC_HRDPA_WATERSHED-006-0700cutoff_SFC_0_ps2.5km_2026071006_000_05.dbf
0.901252297794118,0.03399182013869,287.073915676,89.9755621393,05EA012,ATIM CREEK AT CENTURY ROAD,05EA012_1,CMC_HRDPA_WATERSHED-006-0700cutoff_SFC_0_ps2.5km_2026071006_000_05.dbf
0.884056478194726,0.407204556263184,2590.88335366,360.639148567,05EA002,STURGEON RIVER AT ST. ALBERT,05EA002_1,CMC_HRDPA_WATERSHED-006-0700cutoff_SFC_0_ps2.5km_2026071012_000_05.dbf
0.87907471361186,0.532813642444798,1889.49091781,318.236156123,05EA005,STURGEON RIVER NEAR VILLENEUVE,05EA005_1,CMC_HRDPA_WATERSHED-006-0700cutoff_SFC_0_ps2.5km_2026071012_000_05.dbf
0.8671875,0.003358708327748,121.243196585,50.3451448569,05EA010,STURGEON RIVER NEAR MAGNOLIA BRIDGE,05EA010_1,CMC_HRDPA_WATERSHED-006-0700cutoff_SFC_0_ps2.5km_2026071012_000_05.dbf
0.882952008928571,0.00991585709077,97.0690958164,57.1534836129,05EA011,CARROT CREEK NEAR THE MOUTH,05EA011_1,CMC_HRDPA_WATERSHED-006-0700cutoff_SFC_0_ps2.5km_2026071012_000_05.dbf
0.901079963235294,0.026383711925858,287.073915676,89.9755621393,05EA012,ATIM CREEK AT CENTURY ROAD,05EA012_1,CMC_HRDPA_WATERSHED-006-0700cutoff_SFC_0_ps2.5km_2026071012_000_05.dbf
0.883795005070994,0.499438197867225,2590.88335366,360.639148567,05EA002,STURGEON RIVER AT ST. ALBERT,05EA002_1,CMC_HRDPA_WATERSHED-006-0700cutoff_SFC_0_ps2.5km_2026071018_000_05.dbf
0.878706199460916,0.251238564652676,1889.49091781,318.236156123,05EA005,STURGEON RIVER NEAR VILLENEUVE,05EA005_1,CMC_HRDPA_WATERSHED-006-0700cutoff_SFC_0_ps2.5km_2026071018_000_05.dbf
0.8671875,0.009473363581382,121.243196585,50.3451448569,05EA010,STURGEON RIVER NEAR MAGNOLIA BRIDGE,05EA010_1,CMC_HRDPA_WATERSHED-006-0700cutoff_SFC_0_ps2.5km_2026071018_000_05.dbf
0.882672991071429,1.412200082625662,97.0690958164,57.1534836129,05EA011,CARROT CREEK NEAR THE MOUTH,05EA011_1,CMC_HRDPA_WATERSHED-006-0700cutoff_SFC_0_ps2.5km_2026071018_000_05.dbf
0.900735294117647,0.106713149102349,287.073915676,89.9755621393,05EA012,ATIM CREEK AT CENTURY ROAD,05EA012_1,CMC_HRDPA_WATERSHED-006-0700cutoff_SFC_0_ps2.5km_2026071018_000_05.dbf
0.883660306795132,0.962785390686157,2590.88335366,360.639148567,05EA002,STURGEON RIVER AT ST. ALBERT,05EA002_1,CMC_HRDPA_WATERSHED-006-0700cutoff_SFC_0_ps2.5km_2026071100_000_05.dbf
0.878664083557951,1.064883352779416,1889.49091781,318.236156123,05EA005,STURGEON RIVER NEAR VILLENEUVE,05EA005_1,CMC_HRDPA_WATERSHED-006-0700cutoff_SFC_0_ps2.5km_2026071100_000_05.dbf
0.866950757575758,9.496818766449437,121.243196585,50.3451448569,05EA010,STURGEON RIVER NEAR MAGNOLIA BRIDGE,05EA010_1,CMC_HRDPA_WATERSHED-006-0700cutoff_SFC_0_ps2.5km_2026071100_000_05.dbf
0.882672991071429,0.023123318166241,97.0690958164,57.1534836129,05EA011,CARROT CREEK NEAR THE MOUTH,05EA011_1,CMC_HRDPA_WATERSHED-006-0700cutoff_SFC_0_ps2.5km_2026071100_000_05.dbf
0.900735294117647,0.00853756248398,287.073915676,89.9755621393,05EA012,ATIM CREEK AT CENTURY ROAD,05EA012_1,CMC_HRDPA_WATERSHED-006-0700cutoff_SFC_0_ps2.5km_2026071100_000_05.dbf
0.884056478194726,7.261744946600307,2590.88335366,360.639148567,05EA002,STURGEON RIVER AT ST. ALBERT,05EA002_1,CMC_HRDPA_WATERSHED-006-0700cutoff_SFC_0_ps2.5km_2026071106_000_05.dbf
0.878864134097035,5.590428688048794,1889.49091781,318.236156123,05EA005,STURGEON RIVER NEAR VILLENEUVE,05EA005_1,CMC_HRDPA_WATERSHED-006-0700cutoff_SFC_0_ps2.5km_2026071106_000_05.dbf
0.866003787878788,0.473624564086397,121.243196585,50.3451448569,05EA010,STURGEON RIVER NEAR MAGNOLIA BRIDGE,05EA010_1,CMC_HRDPA_WATERSHED-006-0700cutoff_SFC_0_ps2.5km_2026071106_000_05.dbf
0.882952008928571,10.626925723893303,97.0690958164,57.1534836129,05EA011,CARROT CREEK NEAR THE MOUTH,05EA011_1,CMC_HRDPA_WATERSHED-006-0700cutoff_SFC_0_ps2.5km_2026071106_000_05.dbf
0.902056525735294,8.794178784770125,287.073915676,89.9755621393,05EA012,ATIM CREEK AT CENTURY ROAD,05EA012_1,CMC_HRDPA_WATERSHED-006-0700cutoff_SFC_0_ps2.5km_2026071106_000_05.dbf
0.884056478194726,4.081577737012814,2590.88335366,360.639148567,05EA002,STURGEON RIVER AT ST. ALBERT,05EA002_1,CMC_HRDPA_WATERSHED-006-0700cutoff_SFC_0_ps2.5km_2026071112_000_05.dbf
0.878632496630728,4.109692684081044,1889.49091781,318.236156123,05EA005,STURGEON RIVER NEAR VILLENEUVE,05EA005_1,CMC_HRDPA_WATERSHED-006-0700cutoff_SFC_0_ps2.5km_2026071112_000_05.dbf
0.866950757575758,4.402751236250906,121.243196585,50.3451448569,05EA010,STURGEON RIVER NEAR MAGNOLIA BRIDGE,05EA010_1,CMC_HRDPA_WATERSHED-006-0700cutoff_SFC_0_ps2.5km_2026071112_000_05.dbf
0.883649553571429,5.195806877953665,97.0690958164,57.1534836129,05EA011,CARROT CREEK NEAR THE MOUTH,05EA011_1,CMC_HRDPA_WATERSHED-006-0700cutoff_SFC_0_ps2.5km_2026071112_000_05.dbf
0.902228860294118,2.552375921541277,287.073915676,89.9755621393,05EA012,ATIM CREEK AT CENTURY ROAD,05EA012_1,CMC_HRDPA_WATERSHED-006-0700cutoff_SFC_0_ps2.5km_2026071112_000_05.dbf
0.884381338742394,5.469560145848179,2590.88335366,360.639148567,05EA002,STURGEON RIVER AT ST. ALBERT,05EA002_1,CMC_HRDPA_WATERSHED-006-0700cutoff_SFC_0_ps2.5km_2026071118_000_05.dbf
0.879190532345013,6.007083190097963,1889.49091781,318.236156123,05EA005,STURGEON RIVER NEAR VILLENEUVE,05EA005_1,CMC_HRDPA_WATERSHED-006-0700cutoff_SFC_0_ps2.5km_2026071118_000_05.dbf
0.8671875,3.633042366215677,121.243196585,50.3451448569,05EA010,STURGEON RIVER NEAR MAGNOLIA BRIDGE,05EA010_1,CMC_HRDPA_WATERSHED-006-0700cutoff_SFC_0_ps2.5km_2026071118_000_05.dbf
0.883510044642857,7.529786365372794,97.0690958164,57.1534836129,05EA011,CARROT CREEK NEAR THE MOUTH,05EA011_1,CMC_HRDPA_WATERSHED-006-0700cutoff_SFC_0_ps2.5km_2026071118_000_05.dbf
0.90234375,4.0954808697981,287.073915676,89.9755621393,05EA012,ATIM CREEK AT CENTURY ROAD,05EA012_1,CMC_HRDPA_WATERSHED-006-0700cutoff_SFC_0_ps2.5km_2026071118_000_05.dbf
0.884777510141988,9.500100574918983,2590.88335366,360.639148567,05EA002,STURGEON RIVER AT ST. ALBERT,05EA002_1,CMC_HRDPA_WATERSHED-006-0700cutoff_SFC_0_ps2.5km_2026071200_000_05.dbf
0.879590633423181,9.619040627363878,1889.49091781,318.236156123,05EA005,STURGEON RIVER NEAR VILLENEUVE,05EA005_1,CMC_HRDPA_WATERSHED-006-0700cutoff_SFC_0_ps2.5km_2026071200_000_05.dbf
0.8671875,12.07261292139689,121.243196585,50.3451448569,05EA010,STURGEON RIVER NEAR MAGNOLIA BRIDGE,05EA010_1,CMC_HRDPA_WATERSHED-006-0700cutoff_SFC_0_ps2.5km_2026071200_000_05.dbf
0.883928571428571,13.66313191822597,97.0690958164,57.1534836129,05EA011,CARROT CREEK NEAR THE MOUTH,05EA011_1,CMC_HRDPA_WATERSHED-006-0700cutoff_SFC_0_ps2.5km_2026071200_000_05.dbf
0.902573529411765,6.312884649809669,287.073915676,89.9755621393,05EA012,ATIM CREEK AT CENTURY ROAD,05EA012_1,CMC_HRDPA_WATERSHED-006-0700cutoff_SFC_0_ps2.5km_2026071200_000_05.dbf
0.884999366125761,0.002056551584708,2590.88335366,360.639148567,05EA002,STURGEON RIVER AT ST. ALBERT,05EA002_1,CMC_HRDPA_WATERSHED-006-0700cutoff_SFC_0_ps2.5km_2026071206_000_05.dbf
0.8799275606469,0.002812239284608,1889.49091781,318.236156123,05EA005,STURGEON RIVER NEAR VILLENEUVE,05EA005_1,CMC_HRDPA_WATERSHED-006-0700cutoff_SFC_0_ps2.5km_2026071206_000_05.dbf
0.8671875,0.00310671430738,121.243196585,50.3451448569,05EA010,STURGEON RIVER NEAR MAGNOLIA BRIDGE,05EA010_1,CMC_HRDPA_WATERSHED-006-0700cutoff_SFC_0_ps2.5km_2026071206_000_05.dbf
0.884347098214286,1.928571432e-06,97.0690958164,57.1534836129,05EA011,CARROT CREEK NEAR THE MOUTH,05EA011_1,CMC_HRDPA_WATERSHED-006-0700cutoff_SFC_0_ps2.5km_2026071206_000_05.dbf
0.902286305147059,6.249999899e-06,287.073915676,89.9755621393,05EA012,ATIM CREEK AT CENTURY ROAD,05EA012_1,CMC_HRDPA_WATERSHED-006-0700cutoff_SFC_0_ps2.5km_2026071206_000_05.dbf
0.885213298681542,0.000345920637041,2590.88335366,360.639148567,05EA002,STURGEON RIVER AT ST. ALBERT,05EA002_1,CMC_HRDPA_WATERSHED-006-0700cutoff_SFC_0_ps2.5km_2026071212_000_05.dbf
0.880148669137466,0.000441999989562,1889.49091781,318.236156123,05EA005,STURGEON RIVER NEAR VILLENEUVE,05EA005_1,CMC_HRDPA_WATERSHED-006-0700cutoff_SFC_0_ps2.5km_2026071212_000_05.dbf
0.8671875,0.000441999989562,121.243196585,50.3451448569,05EA010,STURGEON RIVER NEAR MAGNOLIA BRIDGE,05EA010_1,CMC_HRDPA_WATERSHED-006-0700cutoff_SFC_0_ps2.5km_2026071212_000_05.dbf
0.884347098214286,0.000102999998489,97.0690958164,57.1534836129,05EA011,CARROT CREEK NEAR THE MOUTH,05EA011_1,CMC_HRDPA_WATERSHED-006-0700cutoff_SFC_0_ps2.5km_2026071212_000_05.dbf
0.902401194852941,0.000263749997917,287.073915676,89.9755621393,05EA012,ATIM CREEK AT CENTURY ROAD,05EA012_1,CMC_HRDPA_WATERSHED-006-0700cutoff_SFC_0_ps2.5km_2026071212_000_05.dbf
0.884405109026369,8.751470574e-05,2590.88335366,360.639148567,05EA002,STURGEON RIVER AT ST. ALBERT,05EA002_1,CMC_HRDPA_WATERSHED-006-0700cutoff_SFC_0_ps2.5km_2026071218_000_05.dbf
0.879422169811321,0.0,1889.49091781,318.236156123,05EA005,STURGEON RIVER NEAR VILLENEUVE,05EA005_1,CMC_HRDPA_WATERSHED-006-0700cutoff_SFC_0_ps2.5km_2026071218_000_05.dbf
0.8671875,0.0,121.243196585,50.3451448569,05EA010,STURGEON RIVER NEAR MAGNOLIA BRIDGE,05EA010_1,CMC_HRDPA_WATERSHED-006-0700cutoff_SFC_0_ps2.5km_2026071218_000_05.dbf
0.8828125,2.7000000046e-05,97.0690958164,57.1534836129,05EA011,CARROT CREEK NEAR THE MOUTH,05EA011_1,CMC_HRDPA_WATERSHED-006-0700cutoff_SFC_0_ps2.5km_2026071218_000_05.dbf
0.901539522058823,7.9906249141e-05,287.073915676,89.9755621393,05EA012,ATIM CREEK AT CENTURY ROAD,05EA012_1,CMC_HRDPA_WATERSHED-006-0700cutoff_SFC_0_ps2.5km_2026071218_000_05.dbf
0.884349645030426,0.012163814695682,2590.88335366,360.639148567,05EA002,STURGEON RIVER AT ST. ALBERT,05EA002_1,CMC_HRDPA_WATERSHED-006-0700cutoff_SFC_0_ps2.5km_2026071300_000_05.dbf
0.879358995956873,0.011491651594594,1889.49091781,318.236156123,05EA005,STURGEON RIVER NEAR VILLENEUVE,05EA005_1,CMC_HRDPA_WATERSHED-006-0700cutoff_SFC_0_ps2.5km_2026071300_000_05.dbf
0.8671875,0.007646424251355,121.243196585,50.3451448569,05EA010,STURGEON RIVER NEAR MAGNOLIA BRIDGE,05EA010_1,CMC_HRDPA_WATERSHED-006-0700cutoff_SFC_0_ps2.5km_2026071300_000_05.dbf
0.8828125,0.025677407522582,97.0690958164,57.1534836129,05EA011,CARROT CREEK NEAR THE MOUTH,05EA011_1,CMC_HRDPA_WATERSHED-006-0700cutoff_SFC_0_ps2.5km_2026071300_000_05.dbf
0.901424632352941,0.014540555358205,287.073915676,89.9755621393,05EA012,ATIM CREEK AT CENTURY ROAD,05EA012_1,CMC_HRDPA_WATERSHED-006-0700cutoff_SFC_0_ps2.5km_2026071300_000_05.dbf
0.883533531947262,0.059720441794088,2590.88335366,360.639148567,05EA002,STURGEON RIVER AT ST. ALBERT,05EA002_1,CMC_HRDPA_WATERSHED-006-0700cutoff_SFC_0_ps2.5km_2026071306_000_05.dbf
0.878432446091644,0.002970887227592,1889.49091781,318.236156123,05EA005,STURGEON RIVER NEAR VILLENEUVE,05EA005_1,CMC_HRDPA_WATERSHED-006-0700cutoff_SFC_0_ps2.5km_2026071306_000_05.dbf
0.865530303030303,0.0,121.243196585,50.3451448569,05EA010,STURGEON RIVER NEAR MAGNOLIA BRIDGE,05EA010_1,CMC_HRDPA_WATERSHED-006-0700cutoff_SFC_0_ps2.5km_2026071306_000_05.dbf
0.882254464285714,0.042761071136088,97.0690958164,57.1534836129,05EA011,CARROT CREEK NEAR THE MOUTH,05EA011_1,CMC_HRDPA_WATERSHED-006-0700cutoff_SFC_0_ps2.5km_2026071306_000_05.dbf
0.900562959558823,0.001953891889571,287.073915676,89.9755621393,05EA012,ATIM CREEK AT CENTURY ROAD,05EA012_1,CMC_HRDPA_WATERSHED-006-0700cutoff_SFC_0_ps2.5km_2026071306_000_05.dbf
0.883802928498986,0.0,2590.88335366,360.639148567,05EA002,STURGEON RIVER AT ST. ALBERT,05EA002_1,CMC_HRDPA_WATERSHED-006-0700cutoff_SFC_0_ps2.5km_2026071312_000_05.dbf
0.878769373315364,0.0,1889.49091781,318.236156123,05EA005,STURGEON RIVER NEAR VILLENEUVE,05EA005_1,CMC_HRDPA_WATERSHED-006-0700cutoff_SFC_0_ps2.5km_2026071312_000_05.dbf
0.8671875,0.0,121.243196585,50.3451448569,05EA010,STURGEON RIVER NEAR MAGNOLIA BRIDGE,05EA010_1,CMC_HRDPA_WATERSHED-006-0700cutoff_SFC_0_ps2.5km_2026071312_000_05.dbf
0.882533482142857,0.0,97.0690958164,57.1534836129,05EA011,CARROT CREEK NEAR THE MOUTH,05EA011_1,CMC_HRDPA_WATERSHED-006-0700cutoff_SFC_0_ps2.5km_2026071312_000_05.dbf
0.900965073529412,0.0,287.073915676,89.9755621393,05EA012,ATIM CREEK AT CENTURY ROAD,05EA012_1,CMC_HRDPA_WATERSHED-006-0700cutoff_SFC_0_ps2.5km_2026071312_000_05.dbf
0.88381877535497,0.0,2590.88335366,360.639148567,05EA002,STURGEON RIVER AT ST. ALBERT,05EA002_1,CMC_HRDPA_WATERSHED-006-0700cutoff_SFC_0_ps2.5km_2026071318_000_05.dbf
0.878790431266846,0.0,1889.49091781,318.236156123,05EA005,STURGEON RIVER NEAR VILLENEUVE,05EA005_1,CMC_HRDPA_WATERSHED-006-0700cutoff_SFC_0_ps2.5km_2026071318_000_05.dbf
0.8671875,0.0,121.243196585,50.3451448569,05EA010,STURGEON RIVER NEAR MAGNOLIA BRIDGE,05EA010_1,CMC_HRDPA_WATERSHED-006-0700cutoff_SFC_0_ps2.5km_2026071318_000_05.dbf
0.882533482142857,0.0,97.0690958164,57.1534836129,05EA011,CARROT CREEK NEAR THE MOUTH,05EA011_1,CMC_HRDPA_WATERSHED-006-0700cutoff_SFC_0_ps2.5km_2026071318_000_05.dbf
0.900965073529412,0.0,287.073915676,89.9755621393,05EA012,ATIM CREEK AT CENTURY ROAD,05EA012_1,CMC_HRDPA_WATERSHED-006-0700cutoff_SFC_0_ps2.5km_2026071318_000_05.dbf
0.884175329614604,0.005447943656304,2590.88335366,360.639148567,05EA002,STURGEON RIVER AT ST. ALBERT,05EA002_1,CMC_HRDPA_WATERSHED-006-0700cutoff_SFC_0_ps2.5km_2026071400_000_05.dbf
0.879137887466307,0.005692767072419,1889.49091781,318.236156123,05EA005,STURGEON RIVER NEAR VILLENEUVE,05EA005_1,CMC_HRDPA_WATERSHED-006-0700cutoff_SFC_0_ps2.5km_2026071400_000_05.dbf
0.8671875,0.012437666639347,121.243196585,50.3451448569,05EA010,STURGEON RIVER NEAR MAGNOLIA BRIDGE,05EA010_1,CMC_HRDPA_WATERSHED-006-0700cutoff_SFC_0_ps2.5km_2026071400_000_05.dbf
0.8828125,0.000276000006124,97.0690958164,57.1534836129,05EA011,CARROT CREEK NEAR THE MOUTH,05EA011_1,CMC_HRDPA_WATERSHED-006-0700cutoff_SFC_0_ps2.5km_2026071400_000_05.dbf
0.901424632352941,0.003565370422654,287.073915676,89.9755621393,05EA012,ATIM CREEK AT CENTURY ROAD,05EA012_1,CMC_HRDPA_WATERSHED-006-0700cutoff_SFC_0_ps2.5km_2026071400_000_05.dbf
0.885149911257606,0.003163722843062,2590.88335366,360.639148567,05EA002,STURGEON RIVER AT ST. ALBERT,05EA002_1,CMC_HRDPA_WATERSHED-006-0700cutoff_SFC_0_ps2.5km_2026071406_000_05.dbf
0.880117082210243,0.003230977007988,1889.49091781,318.236156123,05EA005,STURGEON RIVER NEAR VILLENEUVE,05EA005_1,CMC_HRDPA_WATERSHED-006-0700cutoff_SFC_0_ps2.5km_2026071406_000_05.dbf
0.8671875,0.001560888903946,121.243196585,50.3451448569,05EA010,STURGEON RIVER NEAR MAGNOLIA BRIDGE,05EA010_1,CMC_HRDPA_WATERSHED-006-0700cutoff_SFC_0_ps2.5km_2026071406_000_05.dbf
0.884347098214286,0.000267083334772,97.0690958164,57.1534836129,05EA011,CARROT CREEK NEAR THE MOUTH,05EA011_1,CMC_HRDPA_WATERSHED-006-0700cutoff_SFC_0_ps2.5km_2026071406_000_05.dbf
0.902228860294118,0.0,287.073915676,89.9755621393,05EA012,ATIM CREEK AT CENTURY ROAD,05EA012_1,CMC_HRDPA_WATERSHED-006-0700cutoff_SFC_0_ps2.5km_2026071406_000_05.dbf
0.885252915821501,0.000257145729566,2590.88335366,360.639148567,05EA002,STURGEON RIVER AT ST. ALBERT,05EA002_1,CMC_HRDPA_WATERSHED-006-0700cutoff_SFC_0_ps2.5km_2026071412_000_05.dbf
0.880222371967655,0.000250923077331,1889.49091781,318.236156123,05EA005,STURGEON RIVER NEAR VILLENEUVE,05EA005_1,CMC_HRDPA_WATERSHED-006-0700cutoff_SFC_0_ps2.5km_2026071412_000_05.dbf
0.8671875,0.0,121.243196585,50.3451448569,05EA010,STURGEON RIVER NEAR MAGNOLIA BRIDGE,05EA010_1,CMC_HRDPA_WATERSHED-006-0700cutoff_SFC_0_ps2.5km_2026071412_000_05.dbf
0.884626116071429,0.0,97.0690958164,57.1534836129,05EA011,CARROT CREEK NEAR THE MOUTH,05EA011_1,CMC_HRDPA_WATERSHED-006-0700cutoff_SFC_0_ps2.5km_2026071412_000_05.dbf
0.902286305147059,0.000414857156492,287.073915676,89.9755621393,05EA012,ATIM CREEK AT CENTURY ROAD,05EA012_1,CMC_HRDPA_WATERSHED-006-0700cutoff_SFC_0_ps2.5km_2026071412_000_05.dbf
0.885530235801217,0.000255810272065,2590.88335366,360.639148567,05EA002,STURGEON RIVER AT ST. ALBERT,05EA002_1,CMC_HRDPA_WATERSHED-006-0700cutoff_SFC_0_ps2.5km_2026071418_000_05.dbf
0.880464538409704,7.7719827565e-05,1889.49091781,318.236156123,05EA005,STURGEON RIVER NEAR VILLENEUVE,05EA005_1,CMC_HRDPA_WATERSHED-006-0700cutoff_SFC_0_ps2.5km_2026071418_000_05.dbf
0.8671875,1.2208333355e-05,121.243196585,50.3451448569,05EA010,STURGEON RIVER NEAR MAGNOLIA BRIDGE,05EA010_1,CMC_HRDPA_WATERSHED-006-0700cutoff_SFC_0_ps2.5km_2026071418_000_05.dbf
0.885323660714286,0.0,97.0690958164,57.1534836129,05EA011,CARROT CREEK NEAR THE MOUTH,05EA011_1,CMC_HRDPA_WATERSHED-006-0700cutoff_SFC_0_ps2.5km_2026071418_000_05.dbf
0.902401194852941,4.0999998964e-05,287.073915676,89.9755621393,05EA012,ATIM CREEK AT CENTURY ROAD,05EA012_1,CMC_HRDPA_WATERSHED-006-0700cutoff_SFC_0_ps2.5km_2026071418_000_05.dbf
0.886330502028398,1.583333332e-06,2590.88335366,360.639148567,05EA002,STURGEON RIVER AT ST. ALBERT,05EA002_1,CMC_HRDPA_WATERSHED-006-0700cutoff_SFC_0_ps2.5km_2026071500_000_05.dbf
0.881275269541779,1.673469386e-06,1889.49091781,318.236156123,05EA005,STURGEON RIVER NEAR VILLENEUVE,05EA005_1,CMC_HRDPA_WATERSHED-006-0700cutoff_SFC_0_ps2.5km_2026071500_000_05.dbf
0.8671875,0.0,121.243196585,50.3451448569,05EA010,STURGEON RIVER NEAR MAGNOLIA BRIDGE,05EA010_1,CMC_HRDPA_WATERSHED-006-0700cutoff_SFC_0_ps2.5km_2026071500_000_05.dbf
0.8857421875,1.964285717e-06,97.0690958164,57.1534836129,05EA011,CARROT CREEK NEAR THE MOUTH,05EA011_1,CMC_HRDPA_WATERSHED-006-0700cutoff_SFC_0_ps2.5km_2026071500_000_05.dbf
0.903550091911765,0.0,287.073915676,89.9755621393,05EA012,ATIM CREEK AT CENTURY ROAD,05EA012_1,CMC_HRDPA_WATERSHED-006-0700cutoff_SFC_0_ps2.5km_2026071500_000_05.dbf
0.886647439148073,1.078986504900302,2590.88335366,360.639148567,05EA002,STURGEON RIVER AT ST. ALBERT,05EA002_1,CMC_HRDPA_WATERSHED-006-0700cutoff_SFC_0_ps2.5km_2026071506_000_05.dbf
0.881517435983827,1.315301202102742,1889.49091781,318.236156123,05EA005,STURGEON RIVER NEAR VILLENEUVE,05EA005_1,CMC_HRDPA_WATERSHED-006-0700cutoff_SFC_0_ps2.5km_2026071506_000_05.dbf
0.8671875,3.262250474005035,121.243196585,50.3451448569,05EA010,STURGEON RIVER NEAR MAGNOLIA BRIDGE,05EA010_1,CMC_HRDPA_WATERSHED-006-0700cutoff_SFC_0_ps2.5km_2026071506_000_05.dbf
0.885881696428571,0.094641280174255,97.0690958164,57.1534836129,05EA011,CARROT CREEK NEAR THE MOUTH,05EA011_1,CMC_HRDPA_WATERSHED-006-0700cutoff_SFC_0_ps2.5km_2026071506_000_05.dbf
0.904239430147059,0.697627449736876,287.073915676,89.9755621393,05EA012,ATIM CREEK AT CENTURY ROAD,05EA012_1,CMC_HRDPA_WATERSHED-006-0700cutoff_SFC_0_ps2.5km_2026071506_000_05.dbf
0.88697229969574,11.960254577062193,2590.88335366,360.639148567,05EA002,STURGEON RIVER AT ST. ALBERT,05EA002_1,CMC_HRDPA_WATERSHED-006-0700cutoff_SFC_0_ps2.5km_2026071512_000_05.dbf
0.881759602425876,12.090646532025298,1889.49091781,318.236156123,05EA005,STURGEON RIVER NEAR VILLENEUVE,05EA005_1,CMC_HRDPA_WATERSHED-006-0700cutoff_SFC_0_ps2.5km_2026071512_000_05.dbf
0.868016098484849,5.802821625362743,121.243196585,50.3451448569,05EA010,STURGEON RIVER NEAR MAGNOLIA BRIDGE,05EA010_1,CMC_HRDPA_WATERSHED-006-0700cutoff_SFC_0_ps2.5km_2026071512_000_05.dbf
0.885881696428571,20.08773286002023,97.0690958164,57.1534836129,05EA011,CARROT CREEK NEAR THE MOUTH,05EA011_1,CMC_HRDPA_WATERSHED-006-0700cutoff_SFC_0_ps2.5km_2026071512_000_05.dbf
0.904354319852941,5.333940888152403,287.073915676,89.9755621393,05EA012,ATIM CREEK AT CENTURY ROAD,05EA012_1,CMC_HRDPA_WATERSHED-006-0700cutoff_SFC_0_ps2.5km_2026071512_000_05.dbf
0.886908912271805,0.010800773240667,2590.88335366,360.639148567,05EA002,STURGEON RIVER AT ST. ALBERT,05EA002_1,CMC_HRDPA_WATERSHED-006-0700cutoff_SFC_0_ps2.5km_2026071518_000_05.dbf
0.881938595013477,0.01111919684215,1889.49091781,318.236156123,05EA005,STURGEON RIVER NEAR VILLENEUVE,05EA005_1,CMC_HRDPA_WATERSHED-006-0700cutoff_SFC_0_ps2.5km_2026071518_000_05.dbf
0.86813446969697,0.0,121.243196585,50.3451448569,05EA010,STURGEON RIVER NEAR MAGNOLIA BRIDGE,05EA010_1,CMC_HRDPA_WATERSHED-006-0700cutoff_SFC_0_ps2.5km_2026071518_000_05.dbf
0.886021205357143,0.010875142811398,97.0690958164,57.1534836129,05EA011,CARROT CREEK NEAR THE MOUTH,05EA011_1,CMC_HRDPA_WATERSHED-006-0700cutoff_SFC_0_ps2.5km_2026071518_000_05.dbf
0.903722426470588,0.005004031739234,287.073915676,89.9755621393,05EA012,ATIM CREEK AT CENTURY ROAD,05EA012_1,CMC_HRDPA_WATERSHED-006-0700cutoff_SFC_0_ps2.5km_2026071518_000_05.dbf
0.886607822008114,0.00078149502365,2590.88335366,360.639148567,05EA002,STURGEON RIVER AT ST. ALBERT,05EA002_1,CMC_HRDPA_WATERSHED-006-0700cutoff_SFC_0_ps2.5km_2026071600_000_05.dbf
0.881591138814016,0.000858577464355,1889.49091781,318.236156123,05EA005,STURGEON RIVER NEAR VILLENEUVE,05EA005_1,CMC_HRDPA_WATERSHED-006-0700cutoff_SFC_0_ps2.5km_2026071600_000_05.dbf
0.8671875,0.001923484844156,121.243196585,50.3451448569,05EA010,STURGEON RIVER NEAR MAGNOLIA BRIDGE,05EA010_1,CMC_HRDPA_WATERSHED-006-0700cutoff_SFC_0_ps2.5km_2026071600_000_05.dbf
0.886160714285714,1.69565218e-06,97.0690958164,57.1534836129,05EA011,CARROT CREEK NEAR THE MOUTH,05EA011_1,CMC_HRDPA_WATERSHED-006-0700cutoff_SFC_0_ps2.5km_2026071600_000_05.dbf
0.903550091911765,0.00022394117097,287.073915676,89.9755621393,05EA012,ATIM CREEK AT CENTURY ROAD,05EA012_1,CMC_HRDPA_WATERSHED-006-0700cutoff_SFC_0_ps2.5km_2026071600_000_05.dbf
0.886694979716024,1.048942070729222,2590.88335366,360.639148567,05EA002,STURGEON RIVER AT ST. ALBERT,05EA002_1,CMC_HRDPA_WATERSHED-006-0700cutoff_SFC_0_ps2.5km_2026071606_000_05.dbf
0.88170695754717,1.303008916027181,1889.49091781,318.236156123,05EA005,STURGEON RIVER NEAR VILLENEUVE,05EA005_1,CMC_HRDPA_WATERSHED-006-0700cutoff_SFC_0_ps2.5km_2026071606_000_05.dbf
0.8671875,2.257449012814146,121.243196585,50.3451448569,05EA010,STURGEON RIVER NEAR MAGNOLIA BRIDGE,05EA010_1,CMC_HRDPA_WATERSHED-006-0700cutoff_SFC_0_ps2.5km_2026071606_000_05.dbf
0.886160714285714,0.072951929161458,97.0690958164,57.1534836129,05EA011,CARROT CREEK NEAR THE MOUTH,05EA011_1,CMC_HRDPA_WATERSHED-006-0700cutoff_SFC_0_ps2.5km_2026071606_000_05.dbf
0.903550091911765,0.464943501166999,287.073915676,89.9755621393,05EA012,ATIM CREEK AT CENTURY ROAD,05EA012_1,CMC_HRDPA_WATERSHED-006-0700cutoff_SFC_0_ps2.5km_2026071606_000_05.dbf
0.886702903144016,0.106011793149831,2590.88335366,360.639148567,05EA002,STURGEON RIVER AT ST. ALBERT,05EA002_1,CMC_HRDPA_WATERSHED-006-0700cutoff_SFC_0_ps2.5km_2026071612_000_05.dbf
0.881570080862534,0.123413555864194,1889.49091781,318.236156123,05EA005,STURGEON RIVER NEAR VILLENEUVE,05EA005_1,CMC_HRDPA_WATERSHED-006-0700cutoff_SFC_0_ps2.5km_2026071612_000_05.dbf
0.8671875,0.370580851128607,121.243196585,50.3451448569,05EA010,STURGEON RIVER NEAR MAGNOLIA BRIDGE,05EA010_1,CMC_HRDPA_WATERSHED-006-0700cutoff_SFC_0_ps2.5km_2026071612_000_05.dbf
0.886160714285714,0.050203749427705,97.0690958164,57.1534836129,05EA011,CARROT CREEK NEAR THE MOUTH,05EA011_1,CMC_HRDPA_WATERSHED-006-0700cutoff_SFC_0_ps2.5km_2026071612_000_05.dbf
0.903607536764706,0.061708734185231,287.073915676,89.9755621393,05EA012,ATIM CREEK AT CENTURY ROAD,05EA012_1,CMC_HRDPA_WATERSHED-006-0700cutoff_SFC_0_ps2.5km_2026071612_000_05.dbf
0.886488970588235,4.0795367073e-05,2590.88335366,360.639148567,05EA002,STURGEON RIVER AT ST. ALBERT,05EA002_1,CMC_HRDPA_WATERSHED-006-0700cutoff_SFC_0_ps2.5km_2026071618_000_05.dbf
0.881433204177898,4.1182692549e-05,1889.49091781,318.236156123,05EA005,STURGEON RIVER NEAR VILLENEUVE,05EA005_1,CMC_HRDPA_WATERSHED-006-0700cutoff_SFC_0_ps2.5km_2026071618_000_05.dbf
0.8671875,0.0,121.243196585,50.3451448569,05EA010,STURGEON RIVER NEAR MAGNOLIA BRIDGE,05EA010_1,CMC_HRDPA_WATERSHED-006-0700cutoff_SFC_0_ps2.5km_2026071618_000_05.dbf
0.8857421875,0.0,97.0690958164,57.1534836129,05EA011,CARROT CREEK NEAR THE MOUTH,05EA011_1,CMC_HRDPA_WATERSHED-006-0700cutoff_SFC_0_ps2.5km_2026071618_000_05.dbf
0.903664981617647,3.9620000298e-05,287.073915676,89.9755621393,05EA012,ATIM CREEK AT CENTURY ROAD,05EA012_1,CMC_HRDPA_WATERSHED-006-0700cutoff_SFC_0_ps2.5km_2026071618_000_05.dbf
0.886275038032454,0.000362025977144,2590.88335366,360.639148567,05EA002,STURGEON RIVER AT ST. ALBERT,05EA002_1,CMC_HRDPA_WATERSHED-006-0700cutoff_SFC_0_ps2.5km_2026071700_000_05.dbf
0.881180508760108,0.000505978728776,1889.49091781,318.236156123,05EA005,STURGEON RIVER NEAR VILLENEUVE,05EA005_1,CMC_HRDPA_WATERSHED-006-0700cutoff_SFC_0_ps2.5km_2026071700_000_05.dbf
0.8671875,0.0,121.243196585,50.3451448569,05EA010,STURGEON RIVER NEAR MAGNOLIA BRIDGE,05EA010_1,CMC_HRDPA_WATERSHED-006-0700cutoff_SFC_0_ps2.5km_2026071700_000_05.dbf
0.886021205357143,0.0,97.0690958164,57.1534836129,05EA011,CARROT CREEK NEAR THE MOUTH,05EA011_1,CMC_HRDPA_WATERSHED-006-0700cutoff_SFC_0_ps2.5km_2026071700_000_05.dbf
0.903492647058823,0.000305264712832,287.073915676,89.9755621393,05EA012,ATIM CREEK AT CENTURY ROAD,05EA012_1,CMC_HRDPA_WATERSHED-006-0700cutoff_SFC_0_ps2.5km_2026071700_000_05.dbf
0.887954804766734,8.895348743e-06,2590.88335366,360.639148567,05EA002,STURGEON RIVER AT ST. ALBERT,05EA002_1,CMC_HRDPA_WATERSHED-006-0700cutoff_SFC_0_ps2.5km_2026071706_000_05.dbf
0.88306519541779,8.430894255e-06,1889.49091781,318.236156123,05EA005,STURGEON RIVER NEAR VILLENEUVE,05EA005_1,CMC_HRDPA_WATERSHED-006-0700cutoff_SFC_0_ps2.5km_2026071706_000_05.dbf
0.87109375,0.0,121.243196585,50.3451448569,05EA010,STURGEON RIVER NEAR MAGNOLIA BRIDGE,05EA010_1,CMC_HRDPA_WATERSHED-006-0700cutoff_SFC_0_ps2.5km_2026071706_000_05.dbf
0.886997767857143,1.6857142425e-05,97.0690958164,57.1534836129,05EA011,CARROT CREEK NEAR THE MOUTH,05EA011_1,CMC_HRDPA_WATERSHED-006-0700cutoff_SFC_0_ps2.5km_2026071706_000_05.dbf
0.904354319852941,3.000000061e-06,287.073915676,89.9755621393,05EA012,ATIM CREEK AT CENTURY ROAD,05EA012_1,CMC_HRDPA_WATERSHED-006-0700cutoff_SFC_0_ps2.5km_2026071706_000_05.dbf
0.888176660750507,6.4809701628e-05,2590.88335366,360.639148567,05EA002,STURGEON RIVER AT ST. ALBERT,05EA002_1,CMC_HRDPA_WATERSHED-006-0700cutoff_SFC_0_ps2.5km_2026071712_000_05.dbf
0.883286303908356,6.3614173379e-05,1889.49091781,318.236156123,05EA005,STURGEON RIVER NEAR VILLENEUVE,05EA005_1,CMC_HRDPA_WATERSHED-006-0700cutoff_SFC_0_ps2.5km_2026071712_000_05.dbf
0.87109375,0.0,121.243196585,50.3451448569,05EA010,STURGEON RIVER NEAR MAGNOLIA BRIDGE,05EA010_1,CMC_HRDPA_WATERSHED-006-0700cutoff_SFC_0_ps2.5km_2026071712_000_05.dbf
0.887137276785714,9.3227272972e-05,97.0690958164,57.1534836129,05EA011,CARROT CREEK NEAR THE MOUTH,05EA011_1,CMC_HRDPA_WATERSHED-006-0700cutoff_SFC_0_ps2.5km_2026071712_000_05.dbf
0.904641544117647,2.4333333689e-05,287.073915676,89.9755621393,05EA012,ATIM CREEK AT CENTURY ROAD,05EA012_1,CMC_HRDPA_WATERSHED-006-0700cutoff_SFC_0_ps2.5km_2026071712_000_05.dbf
0.886813831135903,0.00025172726958,2590.88335366,360.639148567,05EA002,STURGEON RIVER AT ST. ALBERT,05EA002_1,CMC_HRDPA_WATERSHED-006-0700cutoff_SFC_0_ps2.5km_2026071718_000_05.dbf
0.883002021563342,0.00025172726958,1889.49091781,318.236156123,05EA005,STURGEON RIVER NEAR VILLENEUVE,05EA005_1,CMC_HRDPA_WATERSHED-006-0700cutoff_SFC_0_ps2.5km_2026071718_000_05.dbf
0.87109375,0.0,121.243196585,50.3451448569,05EA010,STURGEON RIVER NEAR MAGNOLIA BRIDGE,05EA010_1,CMC_HRDPA_WATERSHED-006-0700cutoff_SFC_0_ps2.5km_2026071718_000_05.dbf
0.880440848214286,0.0,97.0690958164,57.1534836129,05EA011,CARROT CREEK NEAR THE MOUTH,05EA011_1,CMC_HRDPA_WATERSHED-006-0700cutoff_SFC_0_ps2.5km_2026071718_000_05.dbf
0.904469209558823,0.0,287.073915676,89.9755621393,05EA012,ATIM CREEK AT CENTURY ROAD,05EA012_1,CMC_HRDPA_WATERSHED-006-0700cutoff_SFC_0_ps2.5km_2026071718_000_05.dbf
0.888049885902637,0.001348991217862,2590.88335366,360.639148567,05EA002,STURGEON RIVER AT ST. ALBERT,05EA002_1,CMC_HRDPA_WATERSHED-006-0700cutoff_SFC_0_ps2.5km_2026071800_000_05.dbf
0.883191543126685,0.001358318573726,1889.49091781,318.236156123,05EA005,STURGEON RIVER NEAR VILLENEUVE,05EA005_1,CMC_HRDPA_WATERSHED-006-0700cutoff_SFC_0_ps2.5km_2026071800_000_05.dbf
0.87109375,0.003508533257142,121.243196585,50.3451448569,05EA010,STURGEON RIVER NEAR MAGNOLIA BRIDGE,05EA010_1,CMC_HRDPA_WATERSHED-006-0700cutoff_SFC_0_ps2.5km_2026071800_000_05.dbf
0.886997767857143,0.0,97.0690958164,57.1534836129,05EA011,CARROT CREEK NEAR THE MOUTH,05EA011_1,CMC_HRDPA_WATERSHED-006-0700cutoff_SFC_0_ps2.5km_2026071800_000_05.dbf
0.904354319852941,0.0,287.073915676,89.9755621393,05EA012,ATIM CREEK AT CENTURY ROAD,05EA012_1,CMC_HRDPA_WATERSHED-006-0700cutoff_SFC_0_ps2.5km_2026071800_000_05.dbf
0.888493597870183,4.0191303964e-05,2590.88335366,360.639148567,05EA002,STURGEON RIVER AT ST. ALBERT,05EA002_1,CMC_HRDPA_WATERSHED-006-0700cutoff_SFC_0_ps2.5km_2026071806_000_05.dbf
0.883644289083558,8.7624999033e-05,1889.49091781,318.236156123,05EA005,STURGEON RIVER NEAR VILLENEUVE,05EA005_1,CMC_HRDPA_WATERSHED-006-0700cutoff_SFC_0_ps2.5km_2026071806_000_05.dbf
0.87109375,0.000697599987143,121.243196585,50.3451448569,05EA010,STURGEON RIVER NEAR MAGNOLIA BRIDGE,05EA010_1,CMC_HRDPA_WATERSHED-006-0700cutoff_SFC_0_ps2.5km_2026071806_000_05.dbf
0.887834821428571,3.142857232e-06,97.0690958164,57.1534836129,05EA011,CARROT CREEK NEAR THE MOUTH,05EA011_1,CMC_HRDPA_WATERSHED-006-0700cutoff_SFC_0_ps2.5km_2026071806_000_05.dbf
0.904641544117647,8.375000036e-06,287.073915676,89.9755621393,05EA012,ATIM CREEK AT CENTURY ROAD,05EA012_1,CMC_HRDPA_WATERSHED-006-0700cutoff_SFC_0_ps2.5km_2026071806_000_05.dbf
0.888335129310345,0.004247743019496,2590.88335366,360.639148567,05EA002,STURGEON RIVER AT ST. ALBERT,05EA002_1,CMC_HRDPA_WATERSHED-006-0700cutoff_SFC_0_ps2.5km_2026071812_000_05.dbf
0.883454767520216,0.004433114372413,1889.49091781,318.236156123,05EA005,STURGEON RIVER NEAR VILLENEUVE,05EA005_1,CMC_HRDPA_WATERSHED-006-0700cutoff_SFC_0_ps2.5km_2026071812_000_05.dbf
0.87109375,0.012013939406836,121.243196585,50.3451448569,05EA010,STURGEON RIVER NEAR MAGNOLIA BRIDGE,05EA010_1,CMC_HRDPA_WATERSHED-006-0700cutoff_SFC_0_ps2.5km_2026071812_000_05.dbf
0.887555803571429,0.000162750000698,97.0690958164,57.1534836129,05EA011,CARROT CREEK NEAR THE MOUTH,05EA011_1,CMC_HRDPA_WATERSHED-006-0700cutoff_SFC_0_ps2.5km_2026071812_000_05.dbf
0.904641544117647,0.00079509523788,287.073915676,89.9755621393,05EA012,ATIM CREEK AT CENTURY ROAD,05EA012_1,CMC_HRDPA_WATERSHED-006-0700cutoff_SFC_0_ps2.5km_2026071812_000_05.dbf
0.888129120182556,0.000936065039646,2590.88335366,360.639148567,05EA002,STURGEON RIVER AT ST. ALBERT,05EA002_1,CMC_HRDPA_WATERSHED-006-0700cutoff_SFC_0_ps2.5km_2026071818_000_05.dbf
0.883296832884097,0.001025462961926,1889.49091781,318.236156123,05EA005,STURGEON RIVER NEAR VILLENEUVE,05EA005_1,CMC_HRDPA_WATERSHED-006-0700cutoff_SFC_0_ps2.5km_2026071818_000_05.dbf
0.87109375,8.2739129895e-05,121.243196585,50.3451448569,05EA010,STURGEON RIVER NEAR MAGNOLIA BRIDGE,05EA010_1,CMC_HRDPA_WATERSHED-006-0700cutoff_SFC_0_ps2.5km_2026071818_000_05.dbf
0.887276785714286,0.0,97.0690958164,57.1534836129,05EA011,CARROT CREEK NEAR THE MOUTH,05EA011_1,CMC_HRDPA_WATERSHED-006-0700cutoff_SFC_0_ps2.5km_2026071818_000_05.dbf
0.904296875,0.000427827588753,287.073915676,89.9755621393,05EA012,ATIM CREEK AT CENTURY ROAD,05EA012_1,CMC_HRDPA_WATERSHED-006-0700cutoff_SFC_0_ps2.5km_2026071818_000_05.dbf
0.88865206643002,0.010695448621002,2590.88335366,360.639148567,05EA002,STURGEON RIVER AT ST. ALBERT,05EA002_1,CMC_HRDPA_WATERSHED-006-0700cutoff_SFC_0_ps2.5km_2026071900_000_05.dbf
0.883949629380054,0.011363623257593,1889.49091781,318.236156123,05EA005,STURGEON RIVER NEAR VILLENEUVE,05EA005_1,CMC_HRDPA_WATERSHED-006-0700cutoff_SFC_0_ps2.5km_2026071900_000_05.dbf
0.87109375,0.01525493946886,121.243196585,50.3451448569,05EA010,STURGEON RIVER NEAR MAGNOLIA BRIDGE,05EA010_1,CMC_HRDPA_WATERSHED-006-0700cutoff_SFC_0_ps2.5km_2026071900_000_05.dbf
0.888532366071429,5.7150000771e-05,97.0690958164,57.1534836129,05EA011,CARROT CREEK NEAR THE MOUTH,05EA011_1,CMC_HRDPA_WATERSHED-006-0700cutoff_SFC_0_ps2.5km_2026071900_000_05.dbf
0.904067095588235,0.009160740796856,287.073915676,89.9755621393,05EA012,ATIM CREEK AT CENTURY ROAD,05EA012_1,CMC_HRDPA_WATERSHED-006-0700cutoff_SFC_0_ps2.5km_2026071900_000_05.dbf
0.890125824036511,17.149625766591658,2590.88335366,360.639148567,05EA002,STURGEON RIVER AT ST. ALBERT,05EA002_1,CMC_HRDPA_WATERSHED-006-0700cutoff_SFC_0_ps2.5km_2026071906_000_05.dbf
0.885244693396226,14.95529731071863,1889.49091781,318.236156123,05EA005,STURGEON RIVER NEAR VILLENEUVE,05EA005_1,CMC_HRDPA_WATERSHED-006-0700cutoff_SFC_0_ps2.5km_2026071906_000_05.dbf
0.873342803030303,19.373428286928117,121.243196585,50.3451448569,05EA010,STURGEON RIVER NEAR MAGNOLIA BRIDGE,05EA010_1,CMC_HRDPA_WATERSHED-006-0700cutoff_SFC_0_ps2.5km_2026071906_000_05.dbf
0.889927455357143,18.947885070528304,97.0690958164,57.1534836129,05EA011,CARROT CREEK NEAR THE MOUTH,05EA011_1,CMC_HRDPA_WATERSHED-006-0700cutoff_SFC_0_ps2.5km_2026071906_000_05.dbf
0.906135110294118,27.23699207866893,287.073915676,89.9755621393,05EA012,ATIM CREEK AT CENTURY ROAD,05EA012_1,CMC_HRDPA_WATERSHED-006-0700cutoff_SFC_0_ps2.5km_2026071906_000_05.dbf
0.889436485801217,6.996766727787969,2590.88335366,360.639148567,05EA002,STURGEON RIVER AT ST. ALBERT,05EA002_1,CMC_HRDPA_WATERSHED-006-0700cutoff_SFC_0_ps2.5km_2026071912_000_05.dbf
0.884486607142857,7.458114306560423,1889.49091781,318.236156123,05EA005,STURGEON RIVER NEAR VILLENEUVE,05EA005_1,CMC_HRDPA_WATERSHED-006-0700cutoff_SFC_0_ps2.5km_2026071912_000_05.dbf
0.87109375,9.325168725216027,121.243196585,50.3451448569,05EA010,STURGEON RIVER NEAR MAGNOLIA BRIDGE,05EA010_1,CMC_HRDPA_WATERSHED-006-0700cutoff_SFC_0_ps2.5km_2026071912_000_05.dbf
0.8896484375,4.68691885471344,97.0690958164,57.1534836129,05EA011,CARROT CREEK NEAR THE MOUTH,05EA011_1,CMC_HRDPA_WATERSHED-006-0700cutoff_SFC_0_ps2.5km_2026071912_000_05.dbf
0.905560661764706,6.460664468653062,287.073915676,89.9755621393,05EA012,ATIM CREEK AT CENTURY ROAD,05EA012_1,CMC_HRDPA_WATERSHED-006-0700cutoff_SFC_0_ps2.5km_2026071912_000_05.dbf
0.888802611561866,0.734501798355264,2590.88335366,360.639148567,05EA002,STURGEON RIVER AT ST. ALBERT,05EA002_1,CMC_HRDPA_WATERSHED-006-0700cutoff_SFC_0_ps2.5km_2026071918_000_05.dbf
0.88408650606469,0.451810040282126,1889.49091781,318.236156123,05EA005,STURGEON RIVER NEAR VILLENEUVE,05EA005_1,CMC_HRDPA_WATERSHED-006-0700cutoff_SFC_0_ps2.5km_2026071918_000_05.dbf
0.87109375,0.134193362442381,121.243196585,50.3451448569,05EA010,STURGEON RIVER NEAR MAGNOLIA BRIDGE,05EA010_1,CMC_HRDPA_WATERSHED-006-0700cutoff_SFC_0_ps2.5km_2026071918_000_05.dbf
0.888950892857143,3.537465419088091,97.0690958164,57.1534836129,05EA011,CARROT CREEK NEAR THE MOUTH,05EA011_1,CMC_HRDPA_WATERSHED-006-0700cutoff_SFC_0_ps2.5km_2026071918_000_05.dbf
0.903607536764706,0.40874069052584,287.073915676,89.9755621393,05EA012,ATIM CREEK AT CENTURY ROAD,05EA012_1,CMC_HRDPA_WATERSHED-006-0700cutoff_SFC_0_ps2.5km_2026071918_000_05.dbf
0.888446057302231,0.004371873127028,2590.88335366,360.639148567,05EA002,STURGEON RIVER AT ST. ALBERT,05EA002_1,CMC_HRDPA_WATERSHED-006-0700cutoff_SFC_0_ps2.5km_2026072000_000_05.dbf
0.883875926549865,0.004401066665733,1889.49091781,318.236156123,05EA005,STURGEON RIVER NEAR VILLENEUVE,05EA005_1,CMC_HRDPA_WATERSHED-006-0700cutoff_SFC_0_ps2.5km_2026072000_000_05.dbf
0.87109375,0.002543060643471,121.243196585,50.3451448569,05EA010,STURGEON RIVER NEAR MAGNOLIA BRIDGE,05EA010_1,CMC_HRDPA_WATERSHED-006-0700cutoff_SFC_0_ps2.5km_2026072000_000_05.dbf
0.887974330357143,0.0,97.0690958164,57.1534836129,05EA011,CARROT CREEK NEAR THE MOUTH,05EA011_1,CMC_HRDPA_WATERSHED-006-0700cutoff_SFC_0_ps2.5km_2026072000_000_05.dbf
0.903492647058823,0.005344515098841,287.073915676,89.9755621393,05EA012,ATIM CREEK AT CENTURY ROAD,05EA012_1,CMC_HRDPA_WATERSHED-006-0700cutoff_SFC_0_ps2.5km_2026072000_000_05.dbf
0.888731300709939,0.774428848945133,2590.88335366,360.639148567,05EA002,STURGEON RIVER AT ST. ALBERT,05EA002_1,CMC_HRDPA_WATERSHED-006-0700cutoff_SFC_0_ps2.5km_2026072006_000_05.dbf
0.884012803234501,0.898638584323772,1889.49091781,318.236156123,05EA005,STURGEON RIVER NEAR VILLENEUVE,05EA005_1,CMC_HRDPA_WATERSHED-006-0700cutoff_SFC_0_ps2.5km_2026072006_000_05.dbf
0.87109375,0.002193272741737,121.243196585,50.3451448569,05EA010,STURGEON RIVER NEAR MAGNOLIA BRIDGE,05EA010_1,CMC_HRDPA_WATERSHED-006-0700cutoff_SFC_0_ps2.5km_2026072006_000_05.dbf
0.888671875,1.133260984505926,97.0690958164,57.1534836129,05EA011,CARROT CREEK NEAR THE MOUTH,05EA011_1,CMC_HRDPA_WATERSHED-006-0700cutoff_SFC_0_ps2.5km_2026072006_000_05.dbf
0.903550091911765,0.048413388080957,287.073915676,89.9755621393,05EA012,ATIM CREEK AT CENTURY ROAD,05EA012_1,CMC_HRDPA_WATERSHED-006-0700cutoff_SFC_0_ps2.5km_2026072006_000_05.dbf
0.888802611561866,1.865637322744207,2590.88335366,360.639148567,05EA002,STURGEON RIVER AT ST. ALBERT,05EA002_1,CMC_HRDPA_WATERSHED-006-0700cutoff_SFC_0_ps2.5km_2026072012_000_05.dbf
0.884223382749326,1.967933762637833,1889.49091781,318.236156123,05EA005,STURGEON RIVER NEAR VILLENEUVE,05EA005_1,CMC_HRDPA_WATERSHED-006-0700cutoff_SFC_0_ps2.5km_2026072012_000_05.dbf
0.87109375,4.566728097019774,121.243196585,50.3451448569,05EA010,STURGEON RIVER NEAR MAGNOLIA BRIDGE,05EA010_1,CMC_HRDPA_WATERSHED-006-0700cutoff_SFC_0_ps2.5km_2026072012_000_05.dbf
0.888532366071429,2.944158175161907,97.0690958164,57.1534836129,05EA011,CARROT CREEK NEAR THE MOUTH,05EA011_1,CMC_HRDPA_WATERSHED-006-0700cutoff_SFC_0_ps2.5km_2026072012_000_05.dbf
0.903722426470588,0.861355139709571,287.073915676,89.9755621393,05EA012,ATIM CREEK AT CENTURY ROAD,05EA012_1,CMC_HRDPA_WATERSHED-006-0700cutoff_SFC_0_ps2.5km_2026072012_000_05.dbf
0.889095778397566,4.865073272471012,2590.88335366,360.639148567,05EA002,STURGEON RIVER AT ST. ALBERT,05EA002_1,CMC_HRDPA_WATERSHED-006-0700cutoff_SFC_0_ps2.5km_2026072018_000_05.dbf
0.884318143530997,4.789619601640418,1889.49091781,318.236156123,05EA005,STURGEON RIVER NEAR VILLENEUVE,05EA005_1,CMC_HRDPA_WATERSHED-006-0700cutoff_SFC_0_ps2.5km_2026072018_000_05.dbf
0.87109375,2.355831778410709,121.243196585,50.3451448569,05EA010,STURGEON RIVER NEAR MAGNOLIA BRIDGE,05EA010_1,CMC_HRDPA_WATERSHED-006-0700cutoff_SFC_0_ps2.5km_2026072018_000_05.dbf
0.888671875,6.829776644706726,97.0690958164,57.1534836129,05EA011,CARROT CREEK NEAR THE MOUTH,05EA011_1,CMC_HRDPA_WATERSHED-006-0700cutoff_SFC_0_ps2.5km_2026072018_000_05.dbf
0.9052734375,4.011820042834563,287.073915676,89.9755621393,05EA012,ATIM CREEK AT CENTURY ROAD,05EA012_1,CMC_HRDPA_WATERSHED-006-0700cutoff_SFC_0_ps2.5km_2026072018_000_05.dbf
0.888747147565923,0.008265381621485,2590.88335366,360.639148567,05EA002,STURGEON RIVER AT ST. ALBERT,05EA002_1,CMC_HRDPA_WATERSHED-006-0700cutoff_SFC_0_ps2.5km_2026072100_000_05.dbf
0.884191795822102,0.009030145817405,1889.49091781,318.236156123,05EA005,STURGEON RIVER NEAR VILLENEUVE,05EA005_1,CMC_HRDPA_WATERSHED-006-0700cutoff_SFC_0_ps2.5km_2026072100_000_05.dbf
0.87109375,0.00440480010584,121.243196585,50.3451448569,05EA010,STURGEON RIVER NEAR MAGNOLIA BRIDGE,05EA010_1,CMC_HRDPA_WATERSHED-006-0700cutoff_SFC_0_ps2.5km_2026072100_000_05.dbf
0.888253348214286,0.008403947325268,97.0690958164,57.1534836129,05EA011,CARROT CREEK NEAR THE MOUTH,05EA011_1,CMC_HRDPA_WATERSHED-006-0700cutoff_SFC_0_ps2.5km_2026072100_000_05.dbf
0.903664981617647,0.006521499922118,287.073915676,89.9755621393,05EA012,ATIM CREEK AT CENTURY ROAD,05EA012_1,CMC_HRDPA_WATERSHED-006-0700cutoff_SFC_0_ps2.5km_2026072100_000_05.dbf
0.888588679006085,0.008412234958624,2590.88335366,360.639148567,05EA002,STURGEON RIVER AT ST. ALBERT,05EA002_1,CMC_HRDPA_WATERSHED-006-0700cutoff_SFC_0_ps2.5km_2026072106_000_05.dbf
0.884023332210243,0.005883069876798,1889.49091781,318.236156123,05EA005,STURGEON RIVER NEAR VILLENEUVE,05EA005_1,CMC_HRDPA_WATERSHED-006-0700cutoff_SFC_0_ps2.5km_2026072106_000_05.dbf
0.87109375,0.000875999976415,121.243196585,50.3451448569,05EA010,STURGEON RIVER NEAR MAGNOLIA BRIDGE,05EA010_1,CMC_HRDPA_WATERSHED-006-0700cutoff_SFC_0_ps2.5km_2026072106_000_05.dbf
0.888253348214286,0.010137809645606,97.0690958164,57.1534836129,05EA011,CARROT CREEK NEAR THE MOUTH,05EA011_1,CMC_HRDPA_WATERSHED-006-0700cutoff_SFC_0_ps2.5km_2026072106_000_05.dbf
0.903550091911765,0.008689450969755,287.073915676,89.9755621393,05EA012,ATIM CREEK AT CENTURY ROAD,05EA012_1,CMC_HRDPA_WATERSHED-006-0700cutoff_SFC_0_ps2.5km_2026072106_000_05.dbf
0.888707530425964,3.1180254441873,2590.88335366,360.639148567,05EA002,STURGEON RIVER AT ST. ALBERT,05EA002_1,CMC_HRDPA_WATERSHED-006-0700cutoff_SFC_0_ps2.5km_2026072112_000_05.dbf
0.883970687331536,1.407714216651099,1889.49091781,318.236156123,05EA005,STURGEON RIVER NEAR VILLENEUVE,05EA005_1,CMC_HRDPA_WATERSHED-006-0700cutoff_SFC_0_ps2.5km_2026072112_000_05.dbf
0.87109375,0.211744334097161,121.243196585,50.3451448569,05EA010,STURGEON RIVER NEAR MAGNOLIA BRIDGE,05EA010_1,CMC_HRDPA_WATERSHED-006-0700cutoff_SFC_0_ps2.5km_2026072112_000_05.dbf
0.888671875,6.391296080180576,97.0690958164,57.1534836129,05EA011,CARROT CREEK NEAR THE MOUTH,05EA011_1,CMC_HRDPA_WATERSHED-006-0700cutoff_SFC_0_ps2.5km_2026072112_000_05.dbf
0.903607536764706,4.974583054290099,287.073915676,89.9755621393,05EA012,ATIM CREEK AT CENTURY ROAD,05EA012_1,CMC_HRDPA_WATERSHED-006-0700cutoff_SFC_0_ps2.5km_2026072112_000_05.dbf
0.888762994421907,0.80044849996374,2590.88335366,360.639148567,05EA002,STURGEON RIVER AT ST. ALBERT,05EA002_1,CMC_HRDPA_WATERSHED-006-0700cutoff_SFC_0_ps2.5km_2026072118_000_05.dbf
0.883939100404313,0.341702403464227,1889.49091781,318.236156123,05EA005,STURGEON RIVER NEAR VILLENEUVE,05EA005_1,CMC_HRDPA_WATERSHED-006-0700cutoff_SFC_0_ps2.5km_2026072118_000_05.dbf
0.87109375,0.000640749995455,121.243196585,50.3451448569,05EA010,STURGEON RIVER NEAR MAGNOLIA BRIDGE,05EA010_1,CMC_HRDPA_WATERSHED-006-0700cutoff_SFC_0_ps2.5km_2026072118_000_05.dbf
0.889090401785714,2.515099549932139,97.0690958164,57.1534836129,05EA011,CARROT CREEK NEAR THE MOUTH,05EA011_1,CMC_HRDPA_WATERSHED-006-0700cutoff_SFC_0_ps2.5km_2026072118_000_05.dbf
0.903952205882353,0.662638775292127,287.073915676,89.9755621393,05EA012,ATIM CREEK AT CENTURY ROAD,05EA012_1,CMC_HRDPA_WATERSHED-006-0700cutoff_SFC_0_ps2.5km_2026072118_000_05.dbf
0.891623351926978,0.029374232697535,2590.88335366,360.639148567,05EA002,STURGEON RIVER AT ST. ALBERT,05EA002_1,CMC_HRDPA_WATERSHED-006-0700cutoff_SFC_0_ps2.5km_2026072200_000_05.dbf
0.887203082884097,0.008114859808806,1889.49091781,318.236156123,05EA005,STURGEON RIVER NEAR VILLENEUVE,05EA005_1,CMC_HRDPA_WATERSHED-006-0700cutoff_SFC_0_ps2.5km_2026072200_000_05.dbf
0.875,0.001637999899685,121.243196585,50.3451448569,05EA010,STURGEON RIVER NEAR MAGNOLIA BRIDGE,05EA010_1,CMC_HRDPA_WATERSHED-006-0700cutoff_SFC_0_ps2.5km_2026072200_000_05.dbf
0.890764508928571,0.014983299863525,97.0690958164,57.1534836129,05EA011,CARROT CREEK NEAR THE MOUTH,05EA011_1,CMC_HRDPA_WATERSHED-006-0700cutoff_SFC_0_ps2.5km_2026072200_000_05.dbf
0.906020220588235,0.067434138768947,287.073915676,89.9755621393,05EA012,ATIM CREEK AT CENTURY ROAD,05EA012_1,CMC_HRDPA_WATERSHED-006-0700cutoff_SFC_0_ps2.5km_2026072200_000_05.dbf
0.892043293610548,0.000753081335602,2590.88335366,360.639148567,05EA002,STURGEON RIVER AT ST. ALBERT,05EA002_1,CMC_HRDPA_WATERSHED-006-0700cutoff_SFC_0_ps2.5km_2026072206_000_05.dbf
0.887687415768194,0.001335652166372,1889.49091781,318.236156123,05EA005,STURGEON RIVER NEAR VILLENEUVE,05EA005_1,CMC_HRDPA_WATERSHED-006-0700cutoff_SFC_0_ps2.5km_2026072206_000_05.dbf
0.875,0.0,121.243196585,50.3451448569,05EA010,STURGEON RIVER NEAR MAGNOLIA BRIDGE,05EA010_1,CMC_HRDPA_WATERSHED-006-0700cutoff_SFC_0_ps2.5km_2026072206_000_05.dbf
0.890764508928571,2.2500000171e-05,97.0690958164,57.1534836129,05EA011,CARROT CREEK NEAR THE MOUTH,05EA011_1,CMC_HRDPA_WATERSHED-006-0700cutoff_SFC_0_ps2.5km_2026072206_000_05.dbf
0.906364889705882,2.5948275922e-05,287.073915676,89.9755621393,05EA012,ATIM CREEK AT CENTURY ROAD,05EA012_1,CMC_HRDPA_WATERSHED-006-0700cutoff_SFC_0_ps2.5km_2026072206_000_05.dbf
0.892700938133874,1.8671586739e-05,2590.88335366,360.639148567,05EA002,STURGEON RIVER AT ST. ALBERT,05EA002_1,CMC_HRDPA_WATERSHED-006-0700cutoff_SFC_0_ps2.5km_2026072212_000_05.dbf
0.888382328167116,1.9194285699e-05,1889.49091781,318.236156123,05EA005,STURGEON RIVER NEAR VILLENEUVE,05EA005_1,CMC_HRDPA_WATERSHED-006-0700cutoff_SFC_0_ps2.5km_2026072212_000_05.dbf
0.877485795454545,0.0,121.243196585,50.3451448569,05EA010,STURGEON RIVER NEAR MAGNOLIA BRIDGE,05EA010_1,CMC_HRDPA_WATERSHED-006-0700cutoff_SFC_0_ps2.5km_2026072212_000_05.dbf
0.891741071428571,2.5888889232e-05,97.0690958164,57.1534836129,05EA011,CARROT CREEK NEAR THE MOUTH,05EA011_1,CMC_HRDPA_WATERSHED-006-0700cutoff_SFC_0_ps2.5km_2026072212_000_05.dbf
0.906709558823529,8.560975497e-06,287.073915676,89.9755621393,05EA012,ATIM CREEK AT CENTURY ROAD,05EA012_1,CMC_HRDPA_WATERSHED-006-0700cutoff_SFC_0_ps2.5km_2026072212_000_05.dbf
0.893342735801217,0.001947581808451,2590.88335366,360.639148567,05EA002,STURGEON RIVER AT ST. ALBERT,05EA002_1,CMC_HRDPA_WATERSHED-006-0700cutoff_SFC_0_ps2.5km_2026072218_000_05.dbf
0.889056182614555,0.002052730758945,1889.49091781,318.236156123,05EA005,STURGEON RIVER NEAR VILLENEUVE,05EA005_1,CMC_HRDPA_WATERSHED-006-0700cutoff_SFC_0_ps2.5km_2026072218_000_05.dbf
0.87890625,0.0,121.243196585,50.3451448569,05EA010,STURGEON RIVER NEAR MAGNOLIA BRIDGE,05EA010_1,CMC_HRDPA_WATERSHED-006-0700cutoff_SFC_0_ps2.5km_2026072218_000_05.dbf
0.892020089285714,0.000730750009097,97.0690958164,57.1534836129,05EA011,CARROT CREEK NEAR THE MOUTH,05EA011_1,CMC_HRDPA_WATERSHED-006-0700cutoff_SFC_0_ps2.5km_2026072218_000_05.dbf
0.907284007352941,0.0,287.073915676,89.9755621393,05EA012,ATIM CREEK AT CENTURY ROAD,05EA012_1,CMC_HRDPA_WATERSHED-006-0700cutoff_SFC_0_ps2.5km_2026072218_000_05.dbf
0.892780172413793,0.00012302185829,2590.88335366,360.639148567,05EA002,STURGEON RIVER AT ST. ALBERT,05EA002_1,CMC_HRDPA_WATERSHED-006-0700cutoff_SFC_0_ps2.5km_2026072300_000_05.dbf
0.888466559973046,0.000258690477009,1889.49091781,318.236156123,05EA005,STURGEON RIVER NEAR VILLENEUVE,05EA005_1,CMC_HRDPA_WATERSHED-006-0700cutoff_SFC_0_ps2.5km_2026072300_000_05.dbf
0.878432765151515,0.0,121.243196585,50.3451448569,05EA010,STURGEON RIVER NEAR MAGNOLIA BRIDGE,05EA010_1,CMC_HRDPA_WATERSHED-006-0700cutoff_SFC_0_ps2.5km_2026072300_000_05.dbf
0.891043526785714,7.952380889e-06,97.0690958164,57.1534836129,05EA011,CARROT CREEK NEAR THE MOUTH,05EA011_1,CMC_HRDPA_WATERSHED-006-0700cutoff_SFC_0_ps2.5km_2026072300_000_05.dbf
0.906824448529412,4.902438998e-06,287.073915676,89.9755621393,05EA012,ATIM CREEK AT CENTURY ROAD,05EA012_1,CMC_HRDPA_WATERSHED-006-0700cutoff_SFC_0_ps2.5km_2026072300_000_05.dbf
0.892122527890467,0.0,2590.88335366,360.639148567,05EA002,STURGEON RIVER AT ST. ALBERT,05EA002_1,CMC_HRDPA_WATERSHED-006-0700cutoff_SFC_0_ps2.5km_2026072306_000_05.dbf
0.887750589622642,0.0,1889.49091781,318.236156123,05EA005,STURGEON RIVER NEAR VILLENEUVE,05EA005_1,CMC_HRDPA_WATERSHED-006-0700cutoff_SFC_0_ps2.5km_2026072306_000_05.dbf
0.875118371212121,0.0,121.243196585,50.3451448569,05EA010,STURGEON RIVER NEAR MAGNOLIA BRIDGE,05EA010_1,CMC_HRDPA_WATERSHED-006-0700cutoff_SFC_0_ps2.5km_2026072306_000_05.dbf
0.890764508928571,0.0,97.0690958164,57.1534836129,05EA011,CARROT CREEK NEAR THE MOUTH,05EA011_1,CMC_HRDPA_WATERSHED-006-0700cutoff_SFC_0_ps2.5km_2026072306_000_05.dbf
0.906422334558823,0.0,287.073915676,89.9755621393,05EA012,ATIM CREEK AT CENTURY ROAD,05EA012_1,CMC_HRDPA_WATERSHED-006-0700cutoff_SFC_0_ps2.5km_2026072306_000_05.dbf
0.89213837474645,0.0,2590.88335366,360.639148567,05EA002,STURGEON RIVER AT ST. ALBERT,05EA002_1,CMC_HRDPA_WATERSHED-006-0700cutoff_SFC_0_ps2.5km_2026072312_000_05.dbf
0.887855879380054,0.0,1889.49091781,318.236156123,05EA005,STURGEON RIVER NEAR VILLENEUVE,05EA005_1,CMC_HRDPA_WATERSHED-006-0700cutoff_SFC_0_ps2.5km_2026072312_000_05.dbf
0.87594696969697,0.0,121.243196585,50.3451448569,05EA010,STURGEON RIVER NEAR MAGNOLIA BRIDGE,05EA010_1,CMC_HRDPA_WATERSHED-006-0700cutoff_SFC_0_ps2.5km_2026072312_000_05.dbf
0.890625,0.0,97.0690958164,57.1534836129,05EA011,CARROT CREEK NEAR THE MOUTH,05EA011_1,CMC_HRDPA_WATERSHED-006-0700cutoff_SFC_0_ps2.5km_2026072312_000_05.dbf
0.906135110294118,0.0,287.073915676,89.9755621393,05EA012,ATIM CREEK AT CENTURY ROAD,05EA012_1,CMC_HRDPA_WATERSHED-006-0700cutoff_SFC_0_ps2.5km_2026072312_000_05.dbf
0.891480730223124,0.0,2590.88335366,360.639148567,05EA002,STURGEON RIVER AT ST. ALBERT,05EA002_1,CMC_HRDPA_WATERSHED-006-0700cutoff_SFC_0_ps2.5km_2026072318_000_05.dbf
0.887108322102426,0.0,1889.49091781,318.236156123,05EA005,STURGEON RIVER NEAR VILLENEUVE,05EA005_1,CMC_HRDPA_WATERSHED-006-0700cutoff_SFC_0_ps2.5km_2026072318_000_05.dbf
0.875,0.0,121.243196585,50.3451448569,05EA010,STURGEON RIVER NEAR MAGNOLIA BRIDGE,05EA010_1,CMC_HRDPA_WATERSHED-006-0700cutoff_SFC_0_ps2.5km_2026072318_000_05.dbf
0.890206473214286,0.0,97.0690958164,57.1534836129,05EA011,CARROT CREEK NEAR THE MOUTH,05EA011_1,CMC_HRDPA_WATERSHED-006-0700cutoff_SFC_0_ps2.5km_2026072318_000_05.dbf
0.905732996323529,0.0,287.073915676,89.9755621393,05EA012,ATIM CREEK AT CENTURY ROAD,05EA012_1,CMC_HRDPA_WATERSHED-006-0700cutoff_SFC_0_ps2.5km_2026072318_000_05.dbf
0.890997401115619,3.866336633e-06,2590.88335366,360.639148567,05EA002,STURGEON RIVER AT ST. ALBERT,05EA002_1,CMC_HRDPA_WATERSHED-006-0700cutoff_SFC_0_ps2.5km_2026072400_000_05.dbf
0.886613460242588,3.715277774e-06,1889.49091781,318.236156123,05EA005,STURGEON RIVER NEAR VILLENEUVE,05EA005_1,CMC_HRDPA_WATERSHED-006-0700cutoff_SFC_0_ps2.5km_2026072400_000_05.dbf
0.875,0.0,121.243196585,50.3451448569,05EA010,STURGEON RIVER NEAR MAGNOLIA BRIDGE,05EA010_1,CMC_HRDPA_WATERSHED-006-0700cutoff_SFC_0_ps2.5km_2026072400_000_05.dbf
0.8896484375,4.749999968e-06,97.0690958164,57.1534836129,05EA011,CARROT CREEK NEAR THE MOUTH,05EA011_1,CMC_HRDPA_WATERSHED-006-0700cutoff_SFC_0_ps2.5km_2026072400_000_05.dbf
0.905503216911765,2.800000016e-06,287.073915676,89.9755621393,05EA012,ATIM CREEK AT CENTURY ROAD,05EA012_1,CMC_HRDPA_WATERSHED-006-0700cutoff_SFC_0_ps2.5km_2026072400_000_05.dbf
0.89079139198783,0.034867344003396,2590.88335366,360.639148567,05EA002,STURGEON RIVER AT ST. ALBERT,05EA002_1,CMC_HRDPA_WATERSHED-006-0700cutoff_SFC_0_ps2.5km_2026072406_000_05.dbf
0.886413409703504,0.090342500276691,1889.49091781,318.236156123,05EA005,STURGEON RIVER NEAR VILLENEUVE,05EA005_1,CMC_HRDPA_WATERSHED-006-0700cutoff_SFC_0_ps2.5km_2026072406_000_05.dbf
0.875,0.227891579646642,121.243196585,50.3451448569,05EA010,STURGEON RIVER NEAR MAGNOLIA BRIDGE,05EA010_1,CMC_HRDPA_WATERSHED-006-0700cutoff_SFC_0_ps2.5km_2026072406_000_05.dbf
0.889369419642857,0.00046700000712,97.0690958164,57.1534836129,05EA011,CARROT CREEK NEAR THE MOUTH,05EA011_1,CMC_HRDPA_WATERSHED-006-0700cutoff_SFC_0_ps2.5km_2026072406_000_05.dbf
0.905330882352941,0.016023923005937,287.073915676,89.9755621393,05EA012,ATIM CREEK AT CENTURY ROAD,05EA012_1,CMC_HRDPA_WATERSHED-006-0700cutoff_SFC_0_ps2.5km_2026072406_000_05.dbf
0.890656693711968,0.0,2590.88335366,360.639148567,05EA002,STURGEON RIVER AT ST. ALBERT,05EA002_1,CMC_HRDPA_WATERSHED-006-0700cutoff_SFC_0_ps2.5km_2026072412_000_05.dbf
0.88629759097035,0.0,1889.49091781,318.236156123,05EA005,STURGEON RIVER NEAR VILLENEUVE,05EA005_1,CMC_HRDPA_WATERSHED-006-0700cutoff_SFC_0_ps2.5km_2026072412_000_05.dbf
0.875,0.0,121.243196585,50.3451448569,05EA010,STURGEON RIVER NEAR MAGNOLIA BRIDGE,05EA010_1,CMC_HRDPA_WATERSHED-006-0700cutoff_SFC_0_ps2.5km_2026072412_000_05.dbf
0.889090401785714,0.0,97.0690958164,57.1534836129,05EA011,CARROT CREEK NEAR THE MOUTH,05EA011_1,CMC_HRDPA_WATERSHED-006-0700cutoff_SFC_0_ps2.5km_2026072412_000_05.dbf
0.905101102941177,0.0,287.073915676,89.9755621393,05EA012,ATIM CREEK AT CENTURY ROAD,05EA012_1,CMC_HRDPA_WATERSHED-006-0700cutoff_SFC_0_ps2.5km_2026072412_000_05.dbf
0.890910243407708,1.33333333e-06,2590.88335366,360.639148567,05EA002,STURGEON RIVER AT ST. ALBERT,05EA002_1,CMC_HRDPA_WATERSHED-006-0700cutoff_SFC_0_ps2.5km_2026072418_000_05.dbf
0.886571344339623,0.0,1889.49091781,318.236156123,05EA005,STURGEON RIVER NEAR VILLENEUVE,05EA005_1,CMC_HRDPA_WATERSHED-006-0700cutoff_SFC_0_ps2.5km_2026072418_000_05.dbf
0.875,0.0,121.243196585,50.3451448569,05EA010,STURGEON RIVER NEAR MAGNOLIA BRIDGE,05EA010_1,CMC_HRDPA_WATERSHED-006-0700cutoff_SFC_0_ps2.5km_2026072418_000_05.dbf
0.889369419642857,9.99999997e-07,97.0690958164,57.1534836129,05EA011,CARROT CREEK NEAR THE MOUTH,05EA011_1,CMC_HRDPA_WATERSHED-006-0700cutoff_SFC_0_ps2.5km_2026072418_000_05.dbf
0.9052734375,1.071428569e-06,287.073915676,89.9755621393,05EA012,ATIM CREEK AT CENTURY ROAD,05EA012_1,CMC_HRDPA_WATERSHED-006-0700cutoff_SFC_0_ps2.5km_2026072418_000_05.dbf
0.891512423935091,0.005904342150292,2590.88335366,360.639148567,05EA002,STURGEON RIVER AT ST. ALBERT,05EA002_1,CMC_HRDPA_WATERSHED-006-0700cutoff_SFC_0_ps2.5km_2026072500_000_05.dbf
0.88713990902965,0.009045128300269,1889.49091781,318.236156123,05EA005,STURGEON RIVER NEAR VILLENEUVE,05EA005_1,CMC_HRDPA_WATERSHED-006-0700cutoff_SFC_0_ps2.5km_2026072500_000_05.dbf
0.875,0.013931043648525,121.243196585,50.3451448569,05EA010,STURGEON RIVER NEAR MAGNOLIA BRIDGE,05EA010_1,CMC_HRDPA_WATERSHED-006-0700cutoff_SFC_0_ps2.5km_2026072500_000_05.dbf
0.890066964285714,5.7625000046e-05,97.0690958164,57.1534836129,05EA011,CARROT CREEK NEAR THE MOUTH,05EA011_1,CMC_HRDPA_WATERSHED-006-0700cutoff_SFC_0_ps2.5km_2026072500_000_05.dbf
0.905790441176471,0.003712379299565,287.073915676,89.9755621393,05EA012,ATIM CREEK AT CENTURY ROAD,05EA012_1,CMC_HRDPA_WATERSHED-006-0700cutoff_SFC_0_ps2.5km_2026072500_000_05.dbf
0.891544117647059,0.000192215686228,2590.88335366,360.639148567,05EA002,STURGEON RIVER AT ST. ALBERT,05EA002_1,CMC_HRDPA_WATERSHED-006-0700cutoff_SFC_0_ps2.5km_2026072506_000_05.dbf
0.887182024932615,7.7313432817e-05,1889.49091781,318.236156123,05EA005,STURGEON RIVER NEAR VILLENEUVE,05EA005_1,CMC_HRDPA_WATERSHED-006-0700cutoff_SFC_0_ps2.5km_2026072506_000_05.dbf
0.875,0.0,121.243196585,50.3451448569,05EA010,STURGEON RIVER NEAR MAGNOLIA BRIDGE,05EA010_1,CMC_HRDPA_WATERSHED-006-0700cutoff_SFC_0_ps2.5km_2026072506_000_05.dbf
0.890066964285714,8.9434782398e-05,97.0690958164,57.1534836129,05EA011,CARROT CREEK NEAR THE MOUTH,05EA011_1,CMC_HRDPA_WATERSHED-006-0700cutoff_SFC_0_ps2.5km_2026072506_000_05.dbf
0.905790441176471,0.000635285713846,287.073915676,89.9755621393,05EA012,ATIM CREEK AT CENTURY ROAD,05EA012_1,CMC_HRDPA_WATERSHED-006-0700cutoff_SFC_0_ps2.5km_2026072506_000_05.dbf
0.891639198782961,1.007999997e-06,2590.88335366,360.639148567,05EA002,STURGEON RIVER AT ST. ALBERT,05EA002_1,CMC_HRDPA_WATERSHED-006-0700cutoff_SFC_0_ps2.5km_2026072512_000_05.dbf
0.887245198787062,9.99999997e-07,1889.49091781,318.236156123,05EA005,STURGEON RIVER NEAR VILLENEUVE,05EA005_1,CMC_HRDPA_WATERSHED-006-0700cutoff_SFC_0_ps2.5km_2026072512_000_05.dbf
0.875,0.0,121.243196585,50.3451448569,05EA010,STURGEON RIVER NEAR MAGNOLIA BRIDGE,05EA010_1,CMC_HRDPA_WATERSHED-006-0700cutoff_SFC_0_ps2.5km_2026072512_000_05.dbf
0.890066964285714,9.99999997e-07,97.0690958164,57.1534836129,05EA011,CARROT CREEK NEAR THE MOUTH,05EA011_1,CMC_HRDPA_WATERSHED-006-0700cutoff_SFC_0_ps2.5km_2026072512_000_05.dbf
0.906135110294118,9.99999997e-07,287.073915676,89.9755621393,05EA012,ATIM CREEK AT CENTURY ROAD,05EA012_1,CMC_HRDPA_WATERSHED-006-0700cutoff_SFC_0_ps2.5km_2026072512_000_05.dbf
0.891282644523327,1.825870652e-06,2590.88335366,360.639148567,05EA002,STURGEON RIVER AT ST. ALBERT,05EA002_1,CMC_HRDPA_WATERSHED-006-0700cutoff_SFC_0_ps2.5km_2026072518_000_05.dbf
0.886855626684636,1.765517242e-06,1889.49091781,318.236156123,05EA005,STURGEON RIVER NEAR VILLENEUVE,05EA005_1,CMC_HRDPA_WATERSHED-006-0700cutoff_SFC_0_ps2.5km_2026072518_000_05.dbf
0.875,0.0,121.243196585,50.3451448569,05EA010,STURGEON RIVER NEAR MAGNOLIA BRIDGE,05EA010_1,CMC_HRDPA_WATERSHED-006-0700cutoff_SFC_0_ps2.5km_2026072518_000_05.dbf
0.889927455357143,2.142857154e-06,97.0690958164,57.1534836129,05EA011,CARROT CREEK NEAR THE MOUTH,05EA011_1,CMC_HRDPA_WATERSHED-006-0700cutoff_SFC_0_ps2.5km_2026072518_000_05.dbf
0.905675551470588,1.400000008e-06,287.073915676,89.9755621393,05EA012,ATIM CREEK AT CENTURY ROAD,05EA012_1,CMC_HRDPA_WATERSHED-006-0700cutoff_SFC_0_ps2.5km_2026072518_000_05.dbf
0.891147946247465,0.007867774622278,2590.88335366,360.639148567,05EA002,STURGEON RIVER AT ST. ALBERT,05EA002_1,CMC_HRDPA_WATERSHED-006-0700cutoff_SFC_0_ps2.5km_2026072600_000_05.dbf
0.886708221024259,0.005527206899628,1889.49091781,318.236156123,05EA005,STURGEON RIVER NEAR VILLENEUVE,05EA005_1,CMC_HRDPA_WATERSHED-006-0700cutoff_SFC_0_ps2.5km_2026072600_000_05.dbf
0.875,0.006700800016794,121.243196585,50.3451448569,05EA010,STURGEON RIVER NEAR MAGNOLIA BRIDGE,05EA010_1,CMC_HRDPA_WATERSHED-006-0700cutoff_SFC_0_ps2.5km_2026072600_000_05.dbf
0.889787946428571,0.0,97.0690958164,57.1534836129,05EA011,CARROT CREEK NEAR THE MOUTH,05EA011_1,CMC_HRDPA_WATERSHED-006-0700cutoff_SFC_0_ps2.5km_2026072600_000_05.dbf
0.905675551470588,0.011673466613138,287.073915676,89.9755621393,05EA012,ATIM CREEK AT CENTURY ROAD,05EA012_1,CMC_HRDPA_WATERSHED-006-0700cutoff_SFC_0_ps2.5km_2026072600_000_05.dbf
0.891013247971602,14.411059073212181,2590.88335366,360.639148567,05EA002,STURGEON RIVER AT ST. ALBERT,05EA002_1,CMC_HRDPA_WATERSHED-006-0700cutoff_SFC_0_ps2.5km_2026072606_000_05.dbf
0.886508170485175,15.04444184650308,1889.49091781,318.236156123,05EA005,STURGEON RIVER NEAR VILLENEUVE,05EA005_1,CMC_HRDPA_WATERSHED-006-0700cutoff_SFC_0_ps2.5km_2026072606_000_05.dbf
0.875,12.650503635406494,121.243196585,50.3451448569,05EA010,STURGEON RIVER NEAR MAGNOLIA BRIDGE,05EA010_1,CMC_HRDPA_WATERSHED-006-0700cutoff_SFC_0_ps2.5km_2026072606_000_05.dbf
0.889508928571429,20.14861215863909,97.0690958164,57.1534836129,05EA011,CARROT CREEK NEAR THE MOUTH,05EA011_1,CMC_HRDPA_WATERSHED-006-0700cutoff_SFC_0_ps2.5km_2026072606_000_05.dbf
0.905675551470588,8.728317122249042,287.073915676,89.9755621393,05EA012,ATIM CREEK AT CENTURY ROAD,05EA012_1,CMC_HRDPA_WATERSHED-006-0700cutoff_SFC_0_ps2.5km_2026072606_000_05.dbf
0.890926090263692,0.0107156141933,2590.88335366,360.639148567,05EA002,STURGEON RIVER AT ST. ALBERT,05EA002_1,CMC_HRDPA_WATERSHED-006-0700cutoff_SFC_0_ps2.5km_2026072612_000_05.dbf
0.886497641509434,0.010951060965853,1889.49091781,318.236156123,05EA005,STURGEON RIVER NEAR VILLENEUVE,05EA005_1,CMC_HRDPA_WATERSHED-006-0700cutoff_SFC_0_ps2.5km_2026072612_000_05.dbf
0.875,0.003905272679262,121.243196585,50.3451448569,05EA010,STURGEON RIVER NEAR MAGNOLIA BRIDGE,05EA010_1,CMC_HRDPA_WATERSHED-006-0700cutoff_SFC_0_ps2.5km_2026072612_000_05.dbf
0.889508928571429,0.00180106664011,97.0690958164,57.1534836129,05EA011,CARROT CREEK NEAR THE MOUTH,05EA011_1,CMC_HRDPA_WATERSHED-006-0700cutoff_SFC_0_ps2.5km_2026072612_000_05.dbf
0.905618106617647,0.019346703531213,287.073915676,89.9755621393,05EA012,ATIM CREEK AT CENTURY ROAD,05EA012_1,CMC_HRDPA_WATERSHED-006-0700cutoff_SFC_0_ps2.5km_2026072612_000_05.dbf
0.890973630831643,9.253164557e-06,2590.88335366,360.639148567,05EA002,STURGEON RIVER AT ST. ALBERT,05EA002_1,CMC_HRDPA_WATERSHED-006-0700cutoff_SFC_0_ps2.5km_2026072618_000_05.dbf
0.886518699460916,6.116363604e-06,1889.49091781,318.236156123,05EA005,STURGEON RIVER NEAR VILLENEUVE,05EA005_1,CMC_HRDPA_WATERSHED-006-0700cutoff_SFC_0_ps2.5km_2026072618_000_05.dbf
0.875,0.0,121.243196585,50.3451448569,05EA010,STURGEON RIVER NEAR MAGNOLIA BRIDGE,05EA010_1,CMC_HRDPA_WATERSHED-006-0700cutoff_SFC_0_ps2.5km_2026072618_000_05.dbf
0.889787946428571,2.4142857261e-05,97.0690958164,57.1534836129,05EA011,CARROT CREEK NEAR THE MOUTH,05EA011_1,CMC_HRDPA_WATERSHED-006-0700cutoff_SFC_0_ps2.5km_2026072618_000_05.dbf
0.905675551470588,9.119402923e-06,287.073915676,89.9755621393,05EA012,ATIM CREEK AT CENTURY ROAD,05EA012_1,CMC_HRDPA_WATERSHED-006-0700cutoff_SFC_0_ps2.5km_2026072618_000_05.dbf
0.891274721095335,4.5539999678e-05,2590.88335366,360.639148567,05EA002,STURGEON RIVER AT ST. ALBERT,05EA002_1,CMC_HRDPA_WATERSHED-006-0700cutoff_SFC_0_ps2.5km_2026072700_000_05.dbf
0.886771394878706,4.8637680609e-05,1889.49091781,318.236156123,05EA005,STURGEON RIVER NEAR VILLENEUVE,05EA005_1,CMC_HRDPA_WATERSHED-006-0700cutoff_SFC_0_ps2.5km_2026072700_000_05.dbf
0.875,0.0,121.243196585,50.3451448569,05EA010,STURGEON RIVER NEAR MAGNOLIA BRIDGE,05EA010_1,CMC_HRDPA_WATERSHED-006-0700cutoff_SFC_0_ps2.5km_2026072700_000_05.dbf
0.890206473214286,4.0500000393e-05,97.0690958164,57.1534836129,05EA011,CARROT CREEK NEAR THE MOUTH,05EA011_1,CMC_HRDPA_WATERSHED-006-0700cutoff_SFC_0_ps2.5km_2026072700_000_05.dbf
0.906192555147059,2.1545454801e-05,287.073915676,89.9755621393,05EA012,ATIM CREEK AT CENTURY ROAD,05EA012_1,CMC_HRDPA_WATERSHED-006-0700cutoff_SFC_0_ps2.5km_2026072700_000_05.dbf
0.891853131338742,0.838954587156908,2590.88335366,360.639148567,05EA002,STURGEON RIVER AT ST. ALBERT,05EA002_1,CMC_HRDPA_WATERSHED-006-0700cutoff_SFC_0_ps2.5km_2026072706_000_05.dbf
0.887445249326146,0.979720442775267,1889.49091781,318.236156123,05EA005,STURGEON RIVER NEAR VILLENEUVE,05EA005_1,CMC_HRDPA_WATERSHED-006-0700cutoff_SFC_0_ps2.5km_2026072706_000_05.dbf
0.875,2.358080260681383,121.243196585,50.3451448569,05EA010,STURGEON RIVER NEAR MAGNOLIA BRIDGE,05EA010_1,CMC_HRDPA_WATERSHED-006-0700cutoff_SFC_0_ps2.5km_2026072706_000_05.dbf
0.890345982142857,0.07157293826458,97.0690958164,57.1534836129,05EA011,CARROT CREEK NEAR THE MOUTH,05EA011_1,CMC_HRDPA_WATERSHED-006-0700cutoff_SFC_0_ps2.5km_2026072706_000_05.dbf
0.906422334558823,0.063451721183374,287.073915676,89.9755621393,05EA012,ATIM CREEK AT CENTURY ROAD,05EA012_1,CMC_HRDPA_WATERSHED-006-0700cutoff_SFC_0_ps2.5km_2026072706_000_05.dbf
0.891647122210953,0.646328367238088,2590.88335366,360.639148567,05EA002,STURGEON RIVER AT ST. ALBERT,05EA002_1,CMC_HRDPA_WATERSHED-006-0700cutoff_SFC_0_ps2.5km_2026072712_000_05.dbf
0.88722414083558,0.678253657978241,1889.49091781,318.236156123,05EA005,STURGEON RIVER NEAR VILLENEUVE,05EA005_1,CMC_HRDPA_WATERSHED-006-0700cutoff_SFC_0_ps2.5km_2026072712_000_05.dbf
0.875,0.004420636359348,121.243196585,50.3451448569,05EA010,STURGEON RIVER NEAR MAGNOLIA BRIDGE,05EA010_1,CMC_HRDPA_WATERSHED-006-0700cutoff_SFC_0_ps2.5km_2026072712_000_05.dbf
0.890345982142857,0.220910739754681,97.0690958164,57.1534836129,05EA011,CARROT CREEK NEAR THE MOUTH,05EA011_1,CMC_HRDPA_WATERSHED-006-0700cutoff_SFC_0_ps2.5km_2026072712_000_05.dbf
0.906192555147059,0.145262637323785,287.073915676,89.9755621393,05EA012,ATIM CREEK AT CENTURY ROAD,05EA012_1,CMC_HRDPA_WATERSHED-006-0700cutoff_SFC_0_ps2.5km_2026072712_000_05.dbf
0.892027446754564,0.281731452900561,2590.88335366,360.639148567,05EA002,STURGEON RIVER AT ST. ALBERT,05EA002_1,CMC_HRDPA_WATERSHED-006-0700cutoff_SFC_0_ps2.5km_2026072718_000_05.dbf
0.887645299865229,0.338036685305926,1889.49091781,318.236156123,05EA005,STURGEON RIVER NEAR VILLENEUVE,05EA005_1,CMC_HRDPA_WATERSHED-006-0700cutoff_SFC_0_ps2.5km_2026072718_000_05.dbf
0.875,0.638312638709039,121.243196585,50.3451448569,05EA010,STURGEON RIVER NEAR MAGNOLIA BRIDGE,05EA010_1,CMC_HRDPA_WATERSHED-006-0700cutoff_SFC_0_ps2.5km_2026072718_000_05.dbf
0.890485491071429,0.1045751073564,97.0690958164,57.1534836129,05EA011,CARROT CREEK NEAR THE MOUTH,05EA011_1,CMC_HRDPA_WATERSHED-006-0700cutoff_SFC_0_ps2.5km_2026072718_000_05.dbf
0.906422334558823,0.079635720967096,287.073915676,89.9755621393,05EA012,ATIM CREEK AT CENTURY ROAD,05EA012_1,CMC_HRDPA_WATERSHED-006-0700cutoff_SFC_0_ps2.5km_2026072718_000_05.dbf
0.892415694726166,6.12029861705661,2590.88335366,360.639148567,05EA002,STURGEON RIVER AT ST. ALBERT,05EA002_1,CMC_HRDPA_WATERSHED-006-0700cutoff_SFC_0_ps2.5km_2026072800_000_05.dbf
0.887887466307278,4.202036423864712,1889.49091781,318.236156123,05EA005,STURGEON RIVER NEAR VILLENEUVE,05EA005_1,CMC_HRDPA_WATERSHED-006-0700cutoff_SFC_0_ps2.5km_2026072800_000_05.dbf
0.87594696969697,0.668909657633666,121.243196585,50.3451448569,05EA010,STURGEON RIVER NEAR MAGNOLIA BRIDGE,05EA010_1,CMC_HRDPA_WATERSHED-006-0700cutoff_SFC_0_ps2.5km_2026072800_000_05.dbf
0.890904017857143,9.386637227875847,97.0690958164,57.1534836129,05EA011,CARROT CREEK NEAR THE MOUTH,05EA011_1,CMC_HRDPA_WATERSHED-006-0700cutoff_SFC_0_ps2.5km_2026072800_000_05.dbf
0.906939338235294,9.534208853455151,287.073915676,89.9755621393,05EA012,ATIM CREEK AT CENTURY ROAD,05EA012_1,CMC_HRDPA_WATERSHED-006-0700cutoff_SFC_0_ps2.5km_2026072800_000_05.dbf
0.893659672920893,0.000176216494188,2590.88335366,360.639148567,05EA002,STURGEON RIVER AT ST. ALBERT,05EA002_1,CMC_HRDPA_WATERSHED-006-0700cutoff_SFC_0_ps2.5km_2026072806_000_05.dbf
0.889614218328841,0.000243428570514,1889.49091781,318.236156123,05EA005,STURGEON RIVER NEAR VILLENEUVE,05EA005_1,CMC_HRDPA_WATERSHED-006-0700cutoff_SFC_0_ps2.5km_2026072806_000_05.dbf
0.87890625,0.000708391301961,121.243196585,50.3451448569,05EA010,STURGEON RIVER NEAR MAGNOLIA BRIDGE,05EA010_1,CMC_HRDPA_WATERSHED-006-0700cutoff_SFC_0_ps2.5km_2026072806_000_05.dbf
0.892159598214286,3.200000037e-06,97.0690958164,57.1534836129,05EA011,CARROT CREEK NEAR THE MOUTH,05EA011_1,CMC_HRDPA_WATERSHED-006-0700cutoff_SFC_0_ps2.5km_2026072806_000_05.dbf
0.906479779411765,0.0,287.073915676,89.9755621393,05EA012,ATIM CREEK AT CENTURY ROAD,05EA012_1,CMC_HRDPA_WATERSHED-006-0700cutoff_SFC_0_ps2.5km_2026072806_000_05.dbf
0.895585065922921,0.0,2590.88335366,360.639148567,05EA002,STURGEON RIVER AT ST. ALBERT,05EA002_1,CMC_HRDPA_WATERSHED-006-0700cutoff_SFC_0_ps2.5km_2026072812_000_05.dbf
0.891762129380054,0.0,1889.49091781,318.236156123,05EA005,STURGEON RIVER NEAR VILLENEUVE,05EA005_1,CMC_HRDPA_WATERSHED-006-0700cutoff_SFC_0_ps2.5km_2026072812_000_05.dbf
0.8828125,0.0,121.243196585,50.3451448569,05EA010,STURGEON RIVER NEAR MAGNOLIA BRIDGE,05EA010_1,CMC_HRDPA_WATERSHED-006-0700cutoff_SFC_0_ps2.5km_2026072812_000_05.dbf
0.893694196428571,0.0,97.0690958164,57.1534836129,05EA011,CARROT CREEK NEAR THE MOUTH,05EA011_1,CMC_HRDPA_WATERSHED-006-0700cutoff_SFC_0_ps2.5km_2026072812_000_05.dbf
0.907628676470588,0.0,287.073915676,89.9755621393,05EA012,ATIM CREEK AT CENTURY ROAD,05EA012_1,CMC_HRDPA_WATERSHED-006-0700cutoff_SFC_0_ps2.5km_2026072812_000_05.dbf
0.896314021298174,0.0,2590.88335366,360.639148567,05EA002,STURGEON RIVER AT ST. ALBERT,05EA002_1,CMC_HRDPA_WATERSHED-006-0700cutoff_SFC_0_ps2.5km_2026072818_000_05.dbf
0.892530744609164,0.0,1889.49091781,318.236156123,05EA005,STURGEON RIVER NEAR VILLENEUVE,05EA005_1,CMC_HRDPA_WATERSHED-006-0700cutoff_SFC_0_ps2.5km_2026072818_000_05.dbf
0.8828125,0.0,121.243196585,50.3451448569,05EA010,STURGEON RIVER NEAR MAGNOLIA BRIDGE,05EA010_1,CMC_HRDPA_WATERSHED-006-0700cutoff_SFC_0_ps2.5km_2026072818_000_05.dbf
0.894391741071429,0.0,97.0690958164,57.1534836129,05EA011,CARROT CREEK NEAR THE MOUTH,05EA011_1,CMC_HRDPA_WATERSHED-006-0700cutoff_SFC_0_ps2.5km_2026072818_000_05.dbf
0.908088235294118,0.0,287.073915676,89.9755621393,05EA012,ATIM CREEK AT CENTURY ROAD,05EA012_1,CMC_HRDPA_WATERSHED-006-0700cutoff_SFC_0_ps2.5km_2026072818_000_05.dbf
